Time Stamp,ID,Extended,Dir,Bus,LEN,D1,D2,D3,D4,D5,D6,D7,D8
568000,0000060D,false,Rx,0,8,0D,10,82,B6,09,20,70,00,
579000,00000054,false,Rx,0,8,00,00,FE,FF,FE,FF,00,00,
580000,00000055,false,Rx,0,8,10,27,00,00,00,00,00,00,
0,00000056,false,Rx,0,8,10,27,00,00,00,00,00,00,
0,00000057,false,Rx,0,8,00,00,FE,FF,FE,FF,00,00,
630000,00000065,false,Rx,0,8,47,02,01,00,00,00,00,00,
669000,0000060D,false,Rx,0,8,0D,10,82,B6,09,20,70,00,
770000,0000060D,false,Rx,0,8,0D,10,82,B6,09,20,70,00,
0,00000054,false,Rx,0,8,00,00,FE,FF,FE,FF,00,00,
0,00000055,false,Rx,0,8,10,27,00,00,00,00,00,00,
780000,00000056,false,Rx,0,8,10,27,00,00,00,00,00,00,
780000,00000057,false,Rx,0,8,00,00,FE,FF,FE,FF,00,00,
780000,00000065,false,Rx,0,8,47,02,01,00,00,00,00,00,
869000,0000060D,false,Rx,0,8,0D,10,82,B6,09,20,70,00,
929000,00000065,false,Rx,0,8,47,02,01,00,00,00,00,00,
969000,0000060D,false,Rx,0,8,0D,10,82,B6,09,20,70,00,
0,00000054,false,Rx,0,8,00,00,FE,FF,FE,FF,00,00,
0,00000055,false,Rx,0,8,10,27,00,00,00,00,00,00,
0,00000056,false,Rx,0,8,10,27,00,00,00,00,00,00,
979000,00000057,false,Rx,0,8,00,00,FE,FF,FE,FF,00,00,
69000,0000060D,false,Rx,0,8,0D,10,82,B6,09,20,70,00,
79000,00000065,false,Rx,0,8,47,02,01,00,00,00,00,00,
169000,0000060D,false,Rx,0,8,0D,10,82,B6,09,20,70,00,
179000,00000054,false,Rx,0,8,00,00,FE,FF,FE,FF,00,00,
179000,00000055,false,Rx,0,8,10,27,00,00,00,00,00,00,
179000,00000056,false,Rx,0,8,10,27,00,00,00,00,00,00,
179000,00000057,false,Rx,0,8,00,00,FE,FF,FE,FF,00,00,
269000,0000060D,false,Rx,0,8,0D,10,82,B6,09,20,70,00,
370000,0000060D,false,Rx,0,8,0D,10,82,B6,09,20,70,00,
0,00000054,false,Rx,0,8,00,00,FE,FF,FE,FF,00,00,
0,00000055,false,Rx,0,8,10,27,00,00,00,00,00,00,
379000,00000056,false,Rx,0,8,10,27,00,00,00,00,00,00,
379000,00000057,false,Rx,0,8,00,00,FE,FF,FE,FF,00,00,
470000,0000060D,false,Rx,0,8,0D,10,82,B6,09,20,70,00,
569000,0000060D,false,Rx,0,8,0D,10,82,B6,09,20,70,00,
579000,00000054,false,Rx,0,8,00,00,FE,FF,FE,FF,00,00,
579000,00000055,false,Rx,0,8,10,27,00,00,00,00,00,00,
579000,00000056,false,Rx,0,8,10,27,00,00,00,00,00,00,
580000,00000057,false,Rx,0,8,00,00,FE,FF,FE,FF,00,00,
669000,0000060D,false,Rx,0,8,0D,10,82,B6,09,20,70,00,
768000,0000060D,false,Rx,0,8,0D,10,82,B6,09,20,70,00,
778000,00000054,false,Rx,0,8,00,00,FE,FF,FE,FF,00,00,
778000,00000055,false,Rx,0,8,10,27,00,00,00,00,00,00,
778000,00000056,false,Rx,0,8,10,27,00,00,00,00,00,00,
779000,00000057,false,Rx,0,8,00,00,FE,FF,FE,FF,00,00,
869000,0000060D,false,Rx,0,8,0D,10,82,B6,09,20,70,00,
969000,0000060D,false,Rx,0,8,0D,10,82,B6,09,20,70,00,
0,00000054,false,Rx,0,8,00,00,FE,FF,FE,FF,00,00,
0,00000055,false,Rx,0,8,10,27,00,00,00,00,00,00,
0,00000056,false,Rx,0,8,10,27,00,00,00,00,00,00,
980000,00000057,false,Rx,0,8,00,00,FE,FF,FE,FF,00,00,
69000,0000060D,false,Rx,0,8,0D,10,82,B6,09,20,70,00,
169000,0000060D,false,Rx,0,8,0D,10,82,B6,09,20,70,00,
0,00000054,false,Rx,0,8,00,00,FE,FF,FE,FF,00,00,
0,00000055,false,Rx,0,8,10,27,00,00,00,00,00,00,
0,00000056,false,Rx,0,8,10,27,00,00,00,00,00,00,
0,00000057,false,Rx,0,8,00,00,FE,FF,FE,FF,00,00,
269000,0000060D,false,Rx,0,8,0D,10,82,B6,09,20,70,00,
369000,0000060D,false,Rx,0,8,0D,10,82,B6,09,20,70,00,
379000,00000054,false,Rx,0,8,00,00,FE,FF,FE,FF,00,00,
379000,00000055,false,Rx,0,8,10,27,00,00,00,00,00,00,
379000,00000056,false,Rx,0,8,10,27,00,00,00,00,00,00,
379000,00000057,false,Rx,0,8,00,00,FE,FF,FE,FF,00,00,
470000,0000060D,false,Rx,0,8,0D,10,82,B6,09,20,70,00,
0,00000066,false,Rx,0,8,00,00,00,00,00,00,00,00,
0,0000010A,false,Rx,0,6,10,00,00,27,10,01,00,00,
518000,0000005C,false,Rx,0,8,1E,00,1E,00,00,00,00,00,
519000,0000005D,false,Rx,0,8,00,00,00,00,00,00,FE,FF,
0,0000005E,false,Rx,0,8,00,00,00,00,00,00,00,00,
0,0000005F,false,Rx,0,8,1E,00,1E,00,00,00,00,00,
519000,00000060,false,Rx,0,8,00,00,00,00,00,00,FE,FF,
0,00000061,false,Rx,0,8,00,00,00,00,00,00,00,00,
0,00000062,false,Rx,0,8,12,00,00,00,00,00,00,F1,
0,00000063,false,Rx,0,8,32,01,00,00,00,00,00,00,
0,00000064,false,Rx,0,8,3C,00,05,00,C8,00,FF,03,
521000,00000067,false,Rx,0,8,BE,3E,27,00,01,1E,00,00,
521000,00000068,false,Rx,0,8,BE,3E,27,00,01,1E,00,00,
521000,00000069,false,Rx,0,8,BE,3E,27,00,01,1E,00,00,
522000,0000006A,false,Rx,0,8,BE,3E,27,00,01,1E,00,00,
522000,0000006B,false,Rx,0,8,BE,3E,27,00,01,1E,00,00,
522000,0000006C,false,Rx,0,8,BE,3E,27,00,01,1E,00,00,
522000,0000006D,false,Rx,0,8,12,00,00,00,00,00,00,F0,
523000,0000010A,false,Rx,0,6,10,00,01,20,10,01,00,00,
569000,0000060D,false,Rx,0,8,0D,10,82,B6,09,20,70,00,
579000,00000054,false,Rx,0,8,00,00,FE,FF,FE,FF,00,00,
579000,00000055,false,Rx,0,8,10,27,00,00,00,00,00,00,
579000,00000056,false,Rx,0,8,10,27,00,00,00,00,00,00,
579000,00000057,false,Rx,0,8,00,00,FE,FF,FE,FF,00,00,
658000,00000066,false,Rx,0,8,00,00,00,00,00,00,00,00,
0,0000005C,false,Rx,0,8,1E,00,1E,00,00,00,00,00,
0,0000005D,false,Rx,0,8,00,00,00,00,00,00,FE,FF,
669000,0000005E,false,Rx,0,8,00,00,00,00,00,00,00,00,
0,0000005F,false,Rx,0,8,1E,00,1E,00,00,00,00,00,
0,00000060,false,Rx,0,8,00,00,00,00,00,00,FE,FF,
0,00000061,false,Rx,0,8,00,00,00,00,00,00,00,00,
670000,00000062,false,Rx,0,8,12,00,00,00,00,00,00,F1,
670000,00000063,false,Rx,0,8,32,01,00,00,00,00,00,00,
670000,00000064,false,Rx,0,8,3C,00,05,00,C8,00,FF,03,
671000,00000067,false,Rx,0,8,BE,3E,27,00,01,1E,00,00,
671000,00000068,false,Rx,0,8,BE,3E,27,00,01,1E,00,00,
671000,00000069,false,Rx,0,8,BE,3E,27,00,01,1E,00,00,
672000,0000006A,false,Rx,0,8,BE,3E,27,00,01,1E,00,00,
672000,0000006B,false,Rx,0,8,BE,3E,27,00,01,1E,00,00,
672000,0000006C,false,Rx,0,8,BE,3E,27,00,01,1E,00,00,
672000,0000006D,false,Rx,0,8,12,00,00,00,00,00,00,F0,
673000,0000010A,false,Rx,0,6,10,00,01,20,10,01,00,00,
673000,0000060D,false,Rx,0,8,0D,10,82,B6,09,20,70,00,
768000,0000060D,false,Rx,0,8,0D,10,82,B6,09,20,70,00,
778000,00000054,false,Rx,0,8,00,00,FE,FF,FE,FF,00,00,
779000,00000055,false,Rx,0,8,10,27,00,00,00,00,00,00,
779000,00000056,false,Rx,0,8,10,27,00,00,00,00,00,00,
779000,00000057,false,Rx,0,8,00,00,FE,FF,FE,FF,00,00,
809000,00000066,false,Rx,0,8,00,00,00,00,00,00,00,00,
818000,0000005C,false,Rx,0,8,1E,00,1E,00,00,00,00,00,
818000,0000005D,false,Rx,0,8,00,00,00,00,00,00,FE,FF,
819000,0000005E,false,Rx,0,8,00,00,00,00,00,00,00,00,
819000,0000005F,false,Rx,0,8,1E,00,1E,00,00,00,00,00,
819000,00000060,false,Rx,0,8,00,00,00,00,00,00,FE,FF,
820000,00000061,false,Rx,0,8,00,00,00,00,00,00,00,00,
820000,00000062,false,Rx,0,8,12,00,00,00,00,00,00,F1,
820000,00000063,false,Rx,0,8,32,01,00,00,00,00,00,00,
820000,00000064,false,Rx,0,8,3C,00,05,00,C8,00,FF,03,
821000,00000067,false,Rx,0,8,BE,3E,27,00,01,1E,00,00,
821000,00000068,false,Rx,0,8,BE,3E,27,00,01,1E,00,00,
0,00000069,false,Rx,0,8,BE,3E,27,00,01,1E,00,00,
0,0000006A,false,Rx,0,8,BE,3E,27,00,01,1E,00,00,
0,0000006B,false,Rx,0,8,BE,3E,27,00,01,1E,00,00,
0,0000006C,false,Rx,0,8,BE,3E,27,00,01,1E,00,00,
822000,0000006D,false,Rx,0,8,12,00,00,00,00,00,00,F0,
823000,0000010A,false,Rx,0,6,10,00,01,20,10,01,00,00,
869000,0000060D,false,Rx,0,8,0D,10,82,B6,09,20,70,00,
959000,00000066,false,Rx,0,8,00,00,00,00,00,00,00,00,
0,0000005C,false,Rx,0,8,1E,00,1E,00,00,00,00,00,
0,0000005D,false,Rx,0,8,00,00,00,00,00,00,FE,FF,
970000,0000005E,false,Rx,0,8,00,00,00,00,00,00,00,00,
970000,0000005F,false,Rx,0,8,1E,00,1E,00,00,00,00,00,
970000,00000060,false,Rx,0,8,00,00,00,00,00,00,FE,FF,
971000,00000061,false,Rx,0,8,00,00,00,00,00,00,00,00,
971000,00000062,false,Rx,0,8,12,00,00,00,00,00,00,F1,
971000,00000063,false,Rx,0,8,32,01,00,00,00,00,00,00,
971000,00000064,false,Rx,0,8,3C,00,05,00,C8,00,FF,03,
972000,00000067,false,Rx,0,8,BE,3E,27,00,01,1E,00,00,
972000,00000068,false,Rx,0,8,BE,3E,27,00,01,1E,00,00,
972000,00000069,false,Rx,0,8,BE,3E,27,00,01,1E,00,00,
973000,0000006A,false,Rx,0,8,BE,3E,27,00,01,1E,00,00,
973000,0000006B,false,Rx,0,8,BE,3E,27,00,01,1E,00,00,
973000,0000006C,false,Rx,0,8,BE,3E,27,00,01,1E,00,00,
973000,0000006D,false,Rx,0,8,12,00,00,00,00,00,00,F0,
974000,0000010A,false,Rx,0,6,10,00,01,20,10,01,00,00,
974000,0000060D,false,Rx,0,8,0D,10,82,B6,09,20,70,00,
0,00000054,false,Rx,0,8,00,00,FE,FF,FE,FF,00,00,
0,00000055,false,Rx,0,8,10,27,00,00,00,00,00,00,
980000,00000056,false,Rx,0,8,10,27,00,00,00,00,00,00,
980000,00000057,false,Rx,0,8,00,00,FE,FF,FE,FF,00,00,
69000,0000060D,false,Rx,0,8,0D,10,82,B6,09,20,70,00,
169000,0000060D,false,Rx,0,8,0D,10,82,B6,09,20,70,00,
0,00000054,false,Rx,0,8,00,00,FE,FF,FE,FF,00,00,
0,00000055,false,Rx,0,8,10,27,00,00,00,00,00,00,
179000,00000056,false,Rx,0,8,10,27,00,00,00,00,00,00,
179000,00000057,false,Rx,0,8,00,00,FE,FF,FE,FF,00,00,
269000,0000060D,false,Rx,0,8,0D,10,82,B6,09,20,70,00,
369000,0000060D,false,Rx,0,8,0D,10,82,B6,09,20,70,00,
379000,00000054,false,Rx,0,8,00,00,FE,FF,FE,FF,00,00,
379000,00000055,false,Rx,0,8,10,27,00,00,00,00,00,00,
379000,00000056,false,Rx,0,8,10,27,00,00,00,00,00,00,
380000,00000057,false,Rx,0,8,00,00,FE,FF,FE,FF,00,00,
469000,0000060D,false,Rx,0,8,0D,10,82,B6,09,20,70,00,
569000,0000060D,false,Rx,0,8,0D,10,82,B6,09,20,70,00,
579000,00000054,false,Rx,0,8,00,00,FE,FF,FE,FF,00,00,
579000,00000055,false,Rx,0,8,10,27,00,00,00,00,00,00,
579000,00000056,false,Rx,0,8,10,27,00,00,00,00,00,00,
580000,00000057,false,Rx,0,8,00,00,FE,FF,FE,FF,00,00,
669000,0000060D,false,Rx,0,8,0D,10,82,B6,09,20,70,00,
769000,0000060D,false,Rx,0,8,0D,10,82,B6,09,20,70,00,
779000,00000054,false,Rx,0,8,00,00,FE,FF,FE,FF,00,00,
779000,00000055,false,Rx,0,8,10,27,00,00,00,00,00,00,
0,00000056,false,Rx,0,8,10,27,00,00,00,00,00,00,
0,00000057,false,Rx,0,8,00,00,FE,FF,FE,FF,00,00,
870000,0000060D,false,Rx,0,8,0D,10,82,B6,09,20,70,00,
969000,0000060D,false,Rx,0,8,0D,10,82,B6,09,20,70,00,
979000,00000054,false,Rx,0,8,00,00,FE,FF,FE,FF,00,00,
979000,00000055,false,Rx,0,8,10,27,00,00,00,00,00,00,
979000,00000056,false,Rx,0,8,10,27,00,00,00,00,00,00,
979000,00000057,false,Rx,0,8,00,00,FE,FF,FE,FF,00,00,
69000,0000060D,false,Rx,0,8,0D,10,82,B6,09,20,70,00,
168000,0000060D,false,Rx,0,8,0D,10,82,B6,09,20,70,00,
179000,00000054,false,Rx,0,8,00,00,FE,FF,FE,FF,00,00,
179000,00000055,false,Rx,0,8,10,27,00,00,00,00,00,00,
179000,00000056,false,Rx,0,8,10,27,00,00,00,00,00,00,
179000,00000057,false,Rx,0,8,00,00,FE,FF,FE,FF,00,00,
269000,0000060D,false,Rx,0,8,0D,10,82,B6,09,20,70,00,
369000,0000060D,false,Rx,0,8,0D,10,82,B6,09,20,70,00,
0,00000054,false,Rx,0,8,00,00,FE,FF,FE,FF,00,00,
0,00000055,false,Rx,0,8,10,27,00,00,00,00,00,00,
379000,00000056,false,Rx,0,8,10,27,00,00,00,00,00,00,
380000,00000057,false,Rx,0,8,00,00,FE,FF,FE,FF,00,00,
469000,0000060D,false,Rx,0,8,0D,10,82,B6,09,20,70,00,
568000,0000060D,false,Rx,0,8,0D,10,82,B6,09,20,70,00,
578000,00000054,false,Rx,0,8,00,00,FE,FF,FE,FF,00,00,
578000,00000055,false,Rx,0,8,10,27,00,00,00,00,00,00,
579000,00000056,false,Rx,0,8,10,27,00,00,00,00,00,00,
579000,00000057,false,Rx,0,8,00,00,FE,FF,FE,FF,00,00,
579000,0000060D,false,Rx,0,8,0D,11,82,B6,09,20,70,00,
679000,0000060D,false,Rx,0,8,0D,11,82,B6,09,20,70,00,
0,00000054,false,Rx,0,8,00,00,FE,FF,FE,FF,00,00,
0,00000055,false,Rx,0,8,10,27,00,00,00,00,00,00,
780000,00000056,false,Rx,0,8,10,27,00,00,00,00,00,00,
780000,00000057,false,Rx,0,8,00,00,FE,FF,FE,FF,00,00,
780000,0000060D,false,Rx,0,8,0D,11,82,B6,09,20,70,00,
878000,0000060D,false,Rx,0,8,0D,11,82,B6,09,20,70,00,
978000,00000054,false,Rx,0,8,00,00,FE,FF,FE,FF,00,00,
978000,00000055,false,Rx,0,8,10,27,00,00,00,00,00,00,
978000,00000056,false,Rx,0,8,10,27,00,00,00,00,00,00,
979000,00000057,false,Rx,0,8,00,00,FE,FF,FE,FF,00,00,
979000,0000060D,false,Rx,0,8,0D,11,82,B6,09,20,70,00,
79000,0000060D,false,Rx,0,8,0D,11,82,B6,09,20,70,00,
178000,00000054,false,Rx,0,8,00,00,FE,FF,FE,FF,00,00,
178000,00000055,false,Rx,0,8,10,27,00,00,00,00,00,00,
178000,00000056,false,Rx,0,8,10,27,00,00,00,00,00,00,
179000,00000057,false,Rx,0,8,00,00,FE,FF,FE,FF,00,00,
179000,0000060D,false,Rx,0,8,0D,11,82,B6,09,20,70,00,
279000,0000060D,false,Rx,0,8,0D,11,82,B6,09,20,70,00,
379000,00000054,false,Rx,0,8,00,00,FE,FF,FE,FF,00,00,
379000,00000055,false,Rx,0,8,10,27,00,00,00,00,00,00,
379000,00000056,false,Rx,0,8,10,27,00,00,00,00,00,00,
380000,00000057,false,Rx,0,8,00,00,FE,FF,FE,FF,00,00,
380000,0000060D,false,Rx,0,8,0D,11,82,B6,09,20,70,00,
479000,0000060D,false,Rx,0,8,0D,11,82,B6,09,20,70,00,
578000,00000054,false,Rx,0,8,00,00,FE,FF,FE,FF,00,00,
579000,00000055,false,Rx,0,8,10,27,00,00,00,00,00,00,
0,00000056,false,Rx,0,8,10,27,00,00,00,00,00,00,
0,00000057,false,Rx,0,8,00,00,FE,FF,FE,FF,00,00,
580000,0000060D,false,Rx,0,8,0D,11,82,B6,09,20,70,00,
679000,0000060D,false,Rx,0,8,0D,11,82,B6,09,20,70,00,
779000,00000054,false,Rx,0,8,00,00,FE,FF,FE,FF,00,00,
779000,00000055,false,Rx,0,8,10,27,00,00,00,00,00,00,
779000,00000056,false,Rx,0,8,10,27,00,00,00,00,00,00,
780000,00000057,false,Rx,0,8,00,00,FE,FF,FE,FF,00,00,
780000,0000060D,false,Rx,0,8,0D,11,82,B6,09,20,70,00,
879000,0000060D,false,Rx,0,8,0D,11,82,B6,09,20,70,00,
0,00000054,false,Rx,0,8,00,00,FE,FF,FE,FF,00,00,
0,00000055,false,Rx,0,8,10,27,00,00,00,00,00,00,
0,00000056,false,Rx,0,8,10,27,00,00,00,00,00,00,
980000,00000057,false,Rx,0,8,00,00,FE,FF,FE,FF,00,00,
980000,0000060D,false,Rx,0,8,0D,11,82,B6,09,20,70,00,
79000,0000060D,false,Rx,0,8,0D,11,82,B6,09,20,70,00,
178000,00000054,false,Rx,0,8,00,00,FE,FF,FE,FF,00,00,
179000,00000055,false,Rx,0,8,10,27,00,00,00,00,00,00,
179000,00000056,false,Rx,0,8,10,27,00,00,00,00,00,00,
0,00000057,false,Rx,0,8,00,00,FE,FF,FE,FF,00,00,
0,0000060D,false,Rx,0,8,0D,11,82,B6,09,20,70,00,
279000,0000060D,false,Rx,0,8,0D,11,82,B6,09,20,70,00,
378000,00000054,false,Rx,0,8,00,00,FE,FF,FE,FF,00,00,
379000,00000055,false,Rx,0,8,10,27,00,00,00,00,00,00,
379000,00000056,false,Rx,0,8,10,27,00,00,00,00,00,00,
379000,00000057,false,Rx,0,8,00,00,FE,FF,FE,FF,00,00,
379000,0000060D,false,Rx,0,8,0D,11,82,B6,09,20,70,00,
479000,0000060D,false,Rx,0,8,0D,11,82,B6,09,20,70,00,
578000,00000054,false,Rx,0,8,00,00,FE,FF,FE,FF,00,00,
578000,00000055,false,Rx,0,8,10,27,00,00,00,00,00,00,
579000,00000056,false,Rx,0,8,10,27,00,00,00,00,00,00,
579000,00000057,false,Rx,0,8,00,00,FE,FF,FE,FF,00,00,
579000,0000060D,false,Rx,0,8,0D,11,82,B6,09,20,70,00,
679000,0000060D,false,Rx,0,8,0D,11,82,B6,09,20,70,00,
779000,00000054,false,Rx,0,8,00,00,FE,FF,FE,FF,00,00,
779000,00000055,false,Rx,0,8,10,27,00,00,00,00,00,00,
779000,00000056,false,Rx,0,8,10,27,00,00,00,00,00,00,
780000,00000057,false,Rx,0,8,00,00,FE,FF,FE,FF,00,00,
780000,0000060D,false,Rx,0,8,0D,11,82,B6,09,20,70,00,
879000,0000060D,false,Rx,0,8,0D,11,82,B6,09,20,70,00,
979000,00000054,false,Rx,0,8,00,00,FE,FF,FE,FF,00,00,
979000,00000055,false,Rx,0,8,10,27,00,00,00,00,00,00,
979000,00000056,false,Rx,0,8,10,27,00,00,00,00,00,00,
979000,00000057,false,Rx,0,8,00,00,FE,FF,FE,FF,00,00,
980000,0000060D,false,Rx,0,8,0D,11,82,B6,09,20,70,00,
79000,0000060D,false,Rx,0,8,0D,11,82,B6,09,20,70,00,
0,00000054,false,Rx,0,8,00,00,FE,FF,FE,FF,00,00,
0,00000055,false,Rx,0,8,10,27,00,00,00,00,00,00,
180000,00000056,false,Rx,0,8,10,27,00,00,00,00,00,00,
180000,00000057,false,Rx,0,8,00,00,FE,FF,FE,FF,00,00,
180000,0000060D,false,Rx,0,8,0D,11,82,B6,09,20,70,00,
279000,0000060D,false,Rx,0,8,0D,11,82,B6,09,20,70,00,
379000,00000054,false,Rx,0,8,00,00,FE,FF,FE,FF,00,00,
379000,00000055,false,Rx,0,8,10,27,00,00,00,00,00,00,
379000,00000056,false,Rx,0,8,10,27,00,00,00,00,00,00,
380000,00000057,false,Rx,0,8,00,00,FE,FF,FE,FF,00,00,
380000,0000060D,false,Rx,0,8,0D,11,82,B6,09,20,70,00,
479000,0000060D,false,Rx,0,8,0D,11,82,B6,09,20,70,00,
579000,00000054,false,Rx,0,8,00,00,FE,FF,FE,FF,00,00,
579000,00000055,false,Rx,0,8,10,27,00,00,00,00,00,00,
0,00000056,false,Rx,0,8,10,27,00,00,00,00,00,00,
0,00000057,false,Rx,0,8,00,00,FE,FF,FE,FF,00,00,
0,0000060D,false,Rx,0,8,0D,11,82,B6,09,20,70,00,
679000,0000060D,false,Rx,0,8,0D,11,82,B6,09,20,70,00,
778000,00000054,false,Rx,0,8,00,00,FE,FF,FE,FF,00,00,
778000,00000055,false,Rx,0,8,10,27,00,00,00,00,00,00,
778000,00000056,false,Rx,0,8,10,27,00,00,00,00,00,00,
0,00000057,false,Rx,0,8,00,00,FE,FF,FE,FF,00,00,
0,0000060D,false,Rx,0,8,0D,11,82,B6,09,20,70,00,
879000,0000060D,false,Rx,0,8,0D,11,82,B6,09,20,70,00,
0,00000054,false,Rx,0,8,00,00,FE,FF,FE,FF,00,00,
0,00000055,false,Rx,0,8,10,27,00,00,00,00,00,00,
979000,00000056,false,Rx,0,8,10,27,00,00,00,00,00,00,
979000,00000057,false,Rx,0,8,00,00,FE,FF,FE,FF,00,00,
980000,0000060D,false,Rx,0,8,0D,11,82,B6,09,20,70,00,
79000,0000060D,false,Rx,0,8,0D,11,82,B6,09,20,70,00,
179000,00000054,false,Rx,0,8,00,00,FE,FF,FE,FF,00,00,
179000,00000055,false,Rx,0,8,10,27,00,00,00,00,00,00,
180000,00000056,false,Rx,0,8,10,27,00,00,00,00,00,00,
180000,00000057,false,Rx,0,8,00,00,FE,FF,FE,FF,00,00,
180000,0000060D,false,Rx,0,8,0D,11,82,B6,09,20,70,00,
279000,0000060D,false,Rx,0,8,0D,11,82,B6,09,20,70,00,
379000,00000054,false,Rx,0,8,00,00,FE,FF,FE,FF,00,00,
379000,00000055,false,Rx,0,8,10,27,00,00,00,00,00,00,
0,00000056,false,Rx,0,8,10,27,00,00,00,00,00,00,
0,00000057,false,Rx,0,8,00,00,FE,FF,FE,FF,00,00,
0,0000060D,false,Rx,0,8,0D,11,82,B6,09,20,70,00,
479000,0000060D,false,Rx,0,8,0D,11,82,B6,09,20,70,00,
578000,00000054,false,Rx,0,8,00,00,FE,FF,FE,FF,00,00,
578000,00000055,false,Rx,0,8,10,27,00,00,00,00,00,00,
579000,00000056,false,Rx,0,8,10,27,00,00,00,00,00,00,
579000,00000057,false,Rx,0,8,00,00,FE,FF,FE,FF,00,00,
579000,0000060D,false,Rx,0,8,0D,10,82,B6,09,20,70,00,
588000,0000060D,false,Rx,0,8,0D,11,82,B6,09,20,70,00,
689000,0000060D,false,Rx,0,8,0D,11,82,B6,09,20,70,00,
778000,00000054,false,Rx,0,8,00,00,FE,FF,FE,FF,00,00,
0,00000055,false,Rx,0,8,10,27,00,00,00,00,00,00,
0,00000056,false,Rx,0,8,10,27,00,00,00,00,00,00,
779000,00000057,false,Rx,0,8,00,00,FE,FF,FE,FF,00,00,
789000,0000060D,false,Rx,0,8,0D,11,82,B6,09,20,70,00,
889000,0000060D,false,Rx,0,8,0D,11,82,B6,09,20,70,00,
978000,00000054,false,Rx,0,8,00,00,FE,FF,FE,FF,00,00,
978000,00000055,false,Rx,0,8,10,27,00,00,00,00,00,00,
979000,00000056,false,Rx,0,8,10,27,00,00,00,00,00,00,
979000,00000057,false,Rx,0,8,00,00,FE,FF,FE,FF,00,00,
989000,0000060D,false,Rx,0,8,0D,11,82,B6,09,20,70,00,
89000,0000060D,false,Rx,0,8,0D,11,82,B6,09,20,70,00,
0,00000054,false,Rx,0,8,00,00,FE,FF,FE,FF,00,00,
0,00000055,false,Rx,0,8,10,27,00,00,00,00,00,00,
179000,00000056,false,Rx,0,8,10,27,00,00,00,00,00,00,
179000,00000057,false,Rx,0,8,00,00,FE,FF,FE,FF,00,00,
189000,0000060D,false,Rx,0,8,0D,11,82,B6,09,20,70,00,
288000,0000060D,false,Rx,0,8,0D,11,82,B6,09,20,70,00,
0,00000054,false,Rx,0,8,00,00,FE,FF,FE,FF,00,00,
0,00000055,false,Rx,0,8,10,27,00,00,00,00,00,00,
0,00000056,false,Rx,0,8,10,27,00,00,00,00,00,00,
379000,00000057,false,Rx,0,8,00,00,FE,FF,FE,FF,00,00,
389000,0000060D,false,Rx,0,8,0D,11,82,B6,09,20,70,00,
489000,0000060D,false,Rx,0,8,0D,11,82,B6,09,20,70,00,
578000,00000054,false,Rx,0,8,00,00,FE,FF,FE,FF,00,00,
578000,00000055,false,Rx,0,8,10,27,00,00,00,00,00,00,
579000,00000056,false,Rx,0,8,10,27,00,00,00,00,00,00,
579000,00000057,false,Rx,0,8,00,00,FE,FF,FE,FF,00,00,
589000,0000060D,false,Rx,0,8,0D,11,82,B6,09,20,70,00,
689000,0000060D,false,Rx,0,8,0D,11,82,B6,09,20,70,00,
779000,00000054,false,Rx,0,8,00,00,FE,FF,FE,FF,00,00,
779000,00000055,false,Rx,0,8,10,27,00,00,00,00,00,00,
779000,00000056,false,Rx,0,8,10,27,00,00,00,00,00,00,
780000,00000057,false,Rx,0,8,00,00,FE,FF,FE,FF,00,00,
789000,0000060D,false,Rx,0,8,0D,11,82,B6,09,20,70,00,
889000,0000060D,false,Rx,0,8,0D,11,82,B6,09,20,70,00,
978000,00000054,false,Rx,0,8,00,00,FE,FF,FE,FF,00,00,
979000,00000055,false,Rx,0,8,10,27,00,00,00,00,00,00,
979000,00000056,false,Rx,0,8,10,27,00,00,00,00,00,00,
979000,00000057,false,Rx,0,8,00,00,FE,FF,FE,FF,00,00,
988000,0000060D,false,Rx,0,8,0D,11,82,B6,09,20,70,00,
89000,0000060D,false,Rx,0,8,0D,11,82,B6,09,20,70,00,
179000,00000054,false,Rx,0,8,00,00,FE,FF,FE,FF,00,00,
179000,00000055,false,Rx,0,8,10,27,00,00,00,00,00,00,
179000,00000056,false,Rx,0,8,10,27,00,00,00,00,00,00,
180000,00000057,false,Rx,0,8,00,00,FE,FF,FE,FF,00,00,
190000,0000060D,false,Rx,0,8,0D,11,82,B6,09,20,70,00,
289000,0000060D,false,Rx,0,8,0D,11,82,B6,09,20,70,00,
0,00000054,false,Rx,0,8,00,00,FE,FF,FE,FF,00,00,
0,00000055,false,Rx,0,8,10,27,00,00,00,00,00,00,
379000,00000056,false,Rx,0,8,10,27,00,00,00,00,00,00,
379000,00000057,false,Rx,0,8,00,00,FE,FF,FE,FF,00,00,
389000,0000060D,false,Rx,0,8,0D,11,82,B6,09,20,70,00,
488000,0000060D,false,Rx,0,8,0D,11,82,B6,09,20,70,00,
579000,00000054,false,Rx,0,8,00,00,FE,FF,FE,FF,00,00,
579000,00000055,false,Rx,0,8,10,27,00,00,00,00,00,00,
579000,00000056,false,Rx,0,8,10,27,00,00,00,00,00,00,
579000,00000057,false,Rx,0,8,00,00,FE,FF,FE,FF,00,00,
589000,0000060D,false,Rx,0,8,0D,11,82,B6,09,20,70,00,
689000,0000060D,false,Rx,0,8,0D,11,82,B6,09,20,70,00,
779000,00000054,false,Rx,0,8,00,00,FE,FF,FE,FF,00,00,
779000,00000055,false,Rx,0,8,10,27,00,00,00,00,00,00,
780000,00000056,false,Rx,0,8,10,27,00,00,00,00,00,00,
780000,00000057,false,Rx,0,8,00,00,FE,FF,FE,FF,00,00,
788000,0000060D,false,Rx,0,8,0D,11,82,B6,09,20,70,00,
889000,0000060D,false,Rx,0,8,0D,11,82,B6,09,20,70,00,
0,00000054,false,Rx,0,8,00,00,FE,FF,FE,FF,00,00,
0,00000055,false,Rx,0,8,10,27,00,00,00,00,00,00,
0,00000056,false,Rx,0,8,10,27,00,00,00,00,00,00,
980000,00000057,false,Rx,0,8,00,00,FE,FF,FE,FF,00,00,
989000,0000060D,false,Rx,0,8,0D,11,82,B6,09,20,70,00,
89000,0000060D,false,Rx,0,8,0D,11,82,B6,09,20,70,00,
178000,00000054,false,Rx,0,8,00,00,FE,FF,FE,FF,00,00,
178000,00000055,false,Rx,0,8,10,27,00,00,00,00,00,00,
179000,00000056,false,Rx,0,8,10,27,00,00,00,00,00,00,
179000,00000057,false,Rx,0,8,00,00,FE,FF,FE,FF,00,00,
189000,0000060D,false,Rx,0,8,0D,11,82,B6,09,20,70,00,
289000,0000060D,false,Rx,0,8,0D,11,82,B6,09,20,70,00,
0,00000054,false,Rx,0,8,00,00,FE,FF,FE,FF,00,00,
0,00000055,false,Rx,0,8,10,27,00,00,00,00,00,00,
0,00000056,false,Rx,0,8,10,27,00,00,00,00,00,00,
0,00000057,false,Rx,0,8,00,00,FE,FF,FE,FF,00,00,
389000,0000060D,false,Rx,0,8,0D,11,82,B6,09,20,70,00,
489000,0000060D,false,Rx,0,8,0D,11,82,B6,09,20,70,00,
579000,00000054,false,Rx,0,8,00,00,FE,FF,FE,FF,00,00,
579000,00000055,false,Rx,0,8,10,27,00,00,00,00,00,00,
580000,00000056,false,Rx,0,8,10,27,00,00,00,00,00,00,
580000,00000057,false,Rx,0,8,00,00,FE,FF,FE,FF,00,00,
589000,0000060D,false,Rx,0,8,0D,11,82,B6,09,20,70,00,
689000,0000060D,false,Rx,0,8,0D,11,82,B6,09,20,70,00,
778000,00000054,false,Rx,0,8,00,00,FE,FF,FE,FF,00,00,
779000,00000055,false,Rx,0,8,10,27,00,00,00,00,00,00,
779000,00000056,false,Rx,0,8,10,27,00,00,00,00,00,00,
779000,00000057,false,Rx,0,8,00,00,FE,FF,FE,FF,00,00,
789000,0000060D,false,Rx,0,8,0D,11,82,B6,09,20,70,00,
889000,0000060D,false,Rx,0,8,0D,11,82,B6,09,20,70,00,
0,00000054,false,Rx,0,8,00,00,FE,FF,FE,FF,00,00,
0,00000055,false,Rx,0,8,10,27,00,00,00,00,00,00,
979000,00000056,false,Rx,0,8,10,27,00,00,00,00,00,00,
979000,00000057,false,Rx,0,8,00,00,FE,FF,FE,FF,00,00,
988000,0000060D,false,Rx,0,8,0D,11,82,B6,09,20,70,00,
89000,0000060D,false,Rx,0,8,0D,11,82,B6,09,20,70,00,
179000,00000054,false,Rx,0,8,00,00,FE,FF,FE,FF,00,00,
179000,00000055,false,Rx,0,8,10,27,00,00,00,00,00,00,
179000,00000056,false,Rx,0,8,10,27,00,00,00,00,00,00,
179000,00000057,false,Rx,0,8,00,00,FE,FF,FE,FF,00,00,
189000,0000060D,false,Rx,0,8,0D,11,82,B6,09,20,70,00,
289000,0000060D,false,Rx,0,8,0D,11,82,B6,09,20,70,00,
0,00000054,false,Rx,0,8,00,00,FE,FF,FE,FF,00,00,
0,00000055,false,Rx,0,8,10,27,00,00,00,00,00,00,
379000,00000056,false,Rx,0,8,10,27,00,00,00,00,00,00,
379000,00000057,false,Rx,0,8,00,00,FE,FF,FE,FF,00,00,
389000,0000060D,false,Rx,0,8,0D,11,82,B6,09,20,70,00,
489000,0000060D,false,Rx,0,8,0D,11,82,B6,09,20,70,00,
579000,00000054,false,Rx,0,8,00,00,FE,FF,FE,FF,00,00,
579000,00000055,false,Rx,0,8,10,27,00,00,00,00,00,00,
579000,00000056,false,Rx,0,8,10,27,00,00,00,00,00,00,
580000,00000057,false,Rx,0,8,00,00,FE,FF,FE,FF,00,00,
779000,00000054,false,Rx,0,8,00,00,FE,FF,FE,FF,00,00,
779000,00000055,false,Rx,0,8,10,27,00,00,00,00,00,00,
0,00000056,false,Rx,0,8,10,27,00,00,00,00,00,00,
0,00000057,false,Rx,0,8,00,00,FE,FF,FE,FF,00,00,
0,00000054,false,Rx,0,8,00,00,FE,FF,FE,FF,00,00,
0,00000055,false,Rx,0,8,10,27,00,00,00,00,00,00,
0,00000056,false,Rx,0,8,10,27,00,00,00,00,00,00,
0,00000057,false,Rx,0,8,00,00,FE,FF,FE,FF,00,00,
178000,00000054,false,Rx,0,8,00,00,FE,FF,FE,FF,00,00,
179000,00000055,false,Rx,0,8,10,27,00,00,00,00,00,00,
179000,00000056,false,Rx,0,8,10,27,00,00,00,00,00,00,
179000,00000057,false,Rx,0,8,00,00,FE,FF,FE,FF,00,00,
0,00000054,false,Rx,0,8,00,00,FE,FF,FE,FF,00,00,
0,00000055,false,Rx,0,8,10,27,00,00,00,00,00,00,
380000,00000056,false,Rx,0,8,10,27,00,00,00,00,00,00,
380000,00000057,false,Rx,0,8,00,00,FE,FF,FE,FF,00,00,
689000,0000060D,false,Rx,0,8,0D,10,82,B6,09,20,70,00,
699000,00000054,false,Rx,0,8,00,00,FE,FF,FE,FF,00,00,
699000,00000055,false,Rx,0,8,10,27,00,00,00,00,00,00,
699000,00000056,false,Rx,0,8,10,27,00,00,00,00,00,00,
0,00000057,false,Rx,0,8,00,00,FE,FF,FE,FF,00,00,
0,00000066,false,Rx,0,8,01,10,00,00,00,00,00,00,
789000,0000060D,false,Rx,0,8,0D,10,82,B6,09,20,70,00,
848000,00000066,false,Rx,0,8,01,10,00,00,00,00,00,00,
889000,0000060D,false,Rx,0,8,0D,10,82,B6,09,20,70,00,
899000,00000054,false,Rx,0,8,00,00,FE,FF,FE,FF,00,00,
899000,00000055,false,Rx,0,8,10,27,00,00,00,00,00,00,
900000,00000056,false,Rx,0,8,10,27,00,00,00,00,00,00,
900000,00000057,false,Rx,0,8,00,00,FE,FF,FE,FF,00,00,
989000,0000060D,false,Rx,0,8,0D,10,82,B6,09,20,70,00,
999000,00000066,false,Rx,0,8,01,10,00,00,00,00,00,00,
89000,0000060D,false,Rx,0,8,0D,10,82,B6,09,20,70,00,
99000,00000054,false,Rx,0,8,00,00,FE,FF,FE,FF,00,00,
99000,00000055,false,Rx,0,8,10,27,00,00,00,00,00,00,
99000,00000056,false,Rx,0,8,10,27,00,00,00,00,00,00,
99000,00000057,false,Rx,0,8,00,00,FE,FF,FE,FF,00,00,
149000,00000066,false,Rx,0,8,01,10,00,00,00,00,00,00,
189000,0000060D,false,Rx,0,8,0D,10,82,B6,09,20,70,00,
289000,0000060D,false,Rx,0,8,0D,10,82,B6,09,20,70,00,
299000,00000054,false,Rx,0,8,00,00,FE,FF,FE,FF,00,00,
299000,00000055,false,Rx,0,8,10,27,00,00,00,00,00,00,
299000,00000056,false,Rx,0,8,10,27,00,00,00,00,00,00,
299000,00000057,false,Rx,0,8,00,00,FE,FF,FE,FF,00,00,
389000,0000060D,false,Rx,0,8,0D,10,82,B6,09,20,70,00,
489000,0000060D,false,Rx,0,8,0D,10,82,B6,09,20,70,00,
498000,00000054,false,Rx,0,8,00,00,FE,FF,FE,FF,00,00,
498000,00000055,false,Rx,0,8,10,27,00,00,00,00,00,00,
498000,00000056,false,Rx,0,8,10,27,00,00,00,00,00,00,
499000,00000057,false,Rx,0,8,00,00,FE,FF,FE,FF,00,00,
589000,0000060D,false,Rx,0,8,0D,10,82,B6,09,20,70,00,
599000,00000066,false,Rx,0,8,02,10,00,00,00,00,00,00,
689000,0000060D,false,Rx,0,8,0D,10,82,B6,09,20,70,00,
699000,00000054,false,Rx,0,8,00,00,FE,FF,FE,FF,00,00,
699000,00000055,false,Rx,0,8,10,27,00,00,00,00,00,00,
699000,00000056,false,Rx,0,8,10,27,00,00,00,00,00,00,
699000,00000057,false,Rx,0,8,00,00,FE,FF,FE,FF,00,00,
749000,00000066,false,Rx,0,8,02,10,00,00,00,00,00,00,
789000,0000060D,false,Rx,0,8,0D,10,82,B6,09,20,70,00,
889000,0000060D,false,Rx,0,8,0D,10,82,B6,09,20,70,00,
0,00000054,false,Rx,0,8,00,00,FE,FF,FE,FF,00,00,
0,00000055,false,Rx,0,8,10,27,00,00,00,00,00,00,
0,00000056,false,Rx,0,8,10,27,00,00,00,00,00,00,
0,00000057,false,Rx,0,8,00,00,FE,FF,FE,FF,00,00,
0,00000066,false,Rx,0,8,02,10,00,00,00,00,00,00,
989000,0000060D,false,Rx,0,8,0D,10,82,B6,09,20,70,00,
49000,00000066,false,Rx,0,8,02,10,00,00,00,00,00,00,
89000,0000060D,false,Rx,0,8,0D,10,82,B6,09,20,70,00,
99000,00000054,false,Rx,0,8,00,00,FE,FF,FE,FF,00,00,
99000,00000055,false,Rx,0,8,10,27,00,00,00,00,00,00,
99000,00000056,false,Rx,0,8,10,27,00,00,00,00,00,00,
99000,00000057,false,Rx,0,8,00,00,FE,FF,FE,FF,00,00,
189000,0000060D,false,Rx,0,8,0D,10,82,B6,09,20,70,00,
289000,0000060D,false,Rx,0,8,0D,10,82,B6,09,20,70,00,
0,00000054,false,Rx,0,8,00,00,FE,FF,FE,FF,00,00,
0,00000055,false,Rx,0,8,10,27,00,00,00,00,00,00,
0,00000056,false,Rx,0,8,10,27,00,00,00,00,00,00,
0,00000057,false,Rx,0,8,00,00,FE,FF,FE,FF,00,00,
388000,0000060D,false,Rx,0,8,0D,10,82,B6,09,20,70,00,
489000,0000060D,false,Rx,0,8,0D,10,82,B6,09,20,70,00,
499000,00000054,false,Rx,0,8,00,00,FE,FF,FE,FF,00,00,
499000,00000055,false,Rx,0,8,10,27,00,00,00,00,00,00,
499000,00000056,false,Rx,0,8,10,27,00,00,00,00,00,00,
0,00000057,false,Rx,0,8,00,00,FE,FF,FE,FF,00,00,
0,00000066,false,Rx,0,8,03,10,00,00,00,00,00,00,
589000,0000060D,false,Rx,0,8,0D,10,82,B6,09,20,70,00,
649000,00000066,false,Rx,0,8,03,10,00,00,00,00,00,00,
689000,0000060D,false,Rx,0,8,0D,10,82,B6,09,20,70,00,
698000,00000054,false,Rx,0,8,00,00,FE,FF,FE,FF,00,00,
698000,00000055,false,Rx,0,8,10,27,00,00,00,00,00,00,
699000,00000056,false,Rx,0,8,10,27,00,00,00,00,00,00,
699000,00000057,false,Rx,0,8,00,00,FE,FF,FE,FF,00,00,
789000,0000060D,false,Rx,0,8,0D,10,82,B6,09,20,70,00,
799000,00000066,false,Rx,0,8,03,10,00,00,00,00,00,00,
889000,0000060D,false,Rx,0,8,0D,10,82,B6,09,20,70,00,
0,00000054,false,Rx,0,8,00,00,FE,FF,FE,FF,00,00,
0,00000055,false,Rx,0,8,10,27,00,00,00,00,00,00,
0,00000056,false,Rx,0,8,10,27,00,00,00,00,00,00,
899000,00000057,false,Rx,0,8,00,00,FE,FF,FE,FF,00,00,
949000,00000066,false,Rx,0,8,03,10,00,00,00,00,00,00,
989000,0000060D,false,Rx,0,8,0D,10,82,B6,09,20,70,00,
88000,0000060D,false,Rx,0,8,0D,10,82,B6,09,20,70,00,
99000,00000054,false,Rx,0,8,00,00,FE,FF,FE,FF,00,00,
99000,00000055,false,Rx,0,8,10,27,00,00,00,00,00,00,
0,00000056,false,Rx,0,8,10,27,00,00,00,00,00,00,
0,00000057,false,Rx,0,8,00,00,FE,FF,FE,FF,00,00,
189000,0000060D,false,Rx,0,8,0D,10,82,B6,09,20,70,00,
288000,0000060D,false,Rx,0,8,0D,10,82,B6,09,20,70,00,
299000,00000054,false,Rx,0,8,00,00,FE,FF,FE,FF,00,00,
299000,00000055,false,Rx,0,8,10,27,00,00,00,00,00,00,
299000,00000056,false,Rx,0,8,10,27,00,00,00,00,00,00,
300000,00000057,false,Rx,0,8,00,00,FE,FF,FE,FF,00,00,
390000,0000060D,false,Rx,0,8,0D,10,82,B6,09,20,70,00,
399000,00000066,false,Rx,0,8,01,10,00,00,00,00,00,00,
488000,0000060D,false,Rx,0,8,0D,10,82,B6,09,20,70,00,
498000,00000054,false,Rx,0,8,00,00,FE,FF,FE,FF,00,00,
498000,00000055,false,Rx,0,8,10,27,00,00,00,00,00,00,
500000,00000056,false,Rx,0,8,10,27,00,00,00,00,00,00,
500000,00000057,false,Rx,0,8,00,00,FE,FF,FE,FF,00,00,
548000,00000066,false,Rx,0,8,01,10,00,00,00,00,00,00,
589000,0000060D,false,Rx,0,8,0D,10,82,B6,09,20,70,00,
689000,0000060D,false,Rx,0,8,0D,10,82,B6,09,20,70,00,
0,00000054,false,Rx,0,8,00,00,FE,FF,FE,FF,00,00,
0,00000055,false,Rx,0,8,10,27,00,00,00,00,00,00,
699000,00000056,false,Rx,0,8,10,27,00,00,00,00,00,00,
699000,00000057,false,Rx,0,8,00,00,FE,FF,FE,FF,00,00,
700000,00000066,false,Rx,0,8,01,10,00,00,00,00,00,00,
788000,0000060D,false,Rx,0,8,0D,10,82,B6,09,20,70,00,
849000,00000066,false,Rx,0,8,01,10,00,00,00,00,00,00,
889000,0000060D,false,Rx,0,8,0D,10,82,B6,09,20,70,00,
899000,00000054,false,Rx,0,8,00,00,FE,FF,FE,FF,00,00,
899000,00000055,false,Rx,0,8,10,27,00,00,00,00,00,00,
899000,00000056,false,Rx,0,8,10,27,00,00,00,00,00,00,
900000,00000057,false,Rx,0,8,00,00,FE,FF,FE,FF,00,00,
989000,0000060D,false,Rx,0,8,0D,10,82,B6,09,20,70,00,
89000,0000060D,false,Rx,0,8,0D,10,82,B6,09,20,70,00,
0,00000054,false,Rx,0,8,00,00,FE,FF,FE,FF,00,00,
0,00000055,false,Rx,0,8,10,27,00,00,00,00,00,00,
0,00000056,false,Rx,0,8,10,27,00,00,00,00,00,00,
0,00000057,false,Rx,0,8,00,00,FE,FF,FE,FF,00,00,
189000,0000060D,false,Rx,0,8,0D,10,82,B6,09,20,70,00,
289000,0000060D,false,Rx,0,8,0D,10,82,B6,09,20,70,00,
298000,00000054,false,Rx,0,8,00,00,FE,FF,FE,FF,00,00,
298000,00000055,false,Rx,0,8,10,27,00,00,00,00,00,00,
299000,00000056,false,Rx,0,8,10,27,00,00,00,00,00,00,
299000,00000057,false,Rx,0,8,00,00,FE,FF,FE,FF,00,00,
299000,00000066,false,Rx,0,8,02,10,00,00,00,00,00,00,
389000,0000060D,false,Rx,0,8,0D,10,82,B6,09,20,70,00,
449000,00000066,false,Rx,0,8,02,10,00,00,00,00,00,00,
490000,0000060D,false,Rx,0,8,0D,10,82,B6,09,20,70,00,
0,00000054,false,Rx,0,8,00,00,FE,FF,FE,FF,00,00,
0,00000055,false,Rx,0,8,10,27,00,00,00,00,00,00,
0,00000056,false,Rx,0,8,10,27,00,00,00,00,00,00,
500000,00000057,false,Rx,0,8,00,00,FE,FF,FE,FF,00,00,
588000,0000060D,false,Rx,0,8,0D,10,82,B6,09,20,70,00,
599000,00000066,false,Rx,0,8,02,10,00,00,00,00,00,00,
689000,0000060D,false,Rx,0,8,0D,10,82,B6,09,20,70,00,
0,00000054,false,Rx,0,8,00,00,FE,FF,FE,FF,00,00,
0,00000055,false,Rx,0,8,10,27,00,00,00,00,00,00,
0,00000056,false,Rx,0,8,10,27,00,00,00,00,00,00,
700000,00000057,false,Rx,0,8,00,00,FE,FF,FE,FF,00,00,
749000,00000066,false,Rx,0,8,02,10,00,00,00,00,00,00,
789000,0000060D,false,Rx,0,8,0D,10,82,B6,09,20,70,00,
889000,0000060D,false,Rx,0,8,0D,10,82,B6,09,20,70,00,
0,00000054,false,Rx,0,8,00,00,FE,FF,FE,FF,00,00,
0,00000055,false,Rx,0,8,10,27,00,00,00,00,00,00,
899000,00000056,false,Rx,0,8,10,27,00,00,00,00,00,00,
899000,00000057,false,Rx,0,8,00,00,FE,FF,FE,FF,00,00,
989000,0000060D,false,Rx,0,8,0D,10,82,B6,09,20,70,00,
88000,0000060D,false,Rx,0,8,0D,10,82,B6,09,20,70,00,
99000,00000054,false,Rx,0,8,00,00,FE,FF,FE,FF,00,00,
99000,00000055,false,Rx,0,8,10,27,00,00,00,00,00,00,
0,00000056,false,Rx,0,8,10,27,00,00,00,00,00,00,
0,00000057,false,Rx,0,8,00,00,FE,FF,FE,FF,00,00,
189000,0000060D,false,Rx,0,8,0D,10,82,B6,09,20,70,00,
200000,00000066,false,Rx,0,8,02,10,00,00,00,00,00,00,
209000,00000066,false,Rx,0,8,03,10,00,00,00,00,00,00,
289000,0000060D,false,Rx,0,8,0D,10,82,B6,09,20,70,00,
299000,00000054,false,Rx,0,8,00,00,FE,FF,FE,FF,00,00,
299000,00000055,false,Rx,0,8,10,27,00,00,00,00,00,00,
299000,00000056,false,Rx,0,8,10,27,00,00,00,00,00,00,
299000,00000057,false,Rx,0,8,00,00,FE,FF,FE,FF,00,00,
359000,00000066,false,Rx,0,8,03,10,00,00,00,00,00,00,
389000,0000060D,false,Rx,0,8,0D,10,82,B6,09,20,70,00,
489000,0000060D,false,Rx,0,8,0D,10,82,B6,09,20,70,00,
498000,00000054,false,Rx,0,8,00,00,FE,FF,FE,FF,00,00,
498000,00000055,false,Rx,0,8,10,27,00,00,00,00,00,00,
498000,00000056,false,Rx,0,8,10,27,00,00,00,00,00,00,
499000,00000057,false,Rx,0,8,00,00,FE,FF,FE,FF,00,00,
508000,00000066,false,Rx,0,8,03,10,00,00,00,00,00,00,
588000,0000060D,false,Rx,0,8,0D,10,82,B6,09,20,70,00,
658000,00000066,false,Rx,0,8,03,10,00,00,00,00,00,00,
688000,0000060D,false,Rx,0,8,0D,10,82,B6,09,20,70,00,
698000,00000054,false,Rx,0,8,00,00,FE,FF,FE,FF,00,00,
698000,00000055,false,Rx,0,8,10,27,00,00,00,00,00,00,
699000,00000056,false,Rx,0,8,10,27,00,00,00,00,00,00,
699000,00000057,false,Rx,0,8,00,00,FE,FF,FE,FF,00,00,
789000,0000060D,false,Rx,0,8,0D,10,82,B6,09,20,70,00,
889000,0000060D,false,Rx,0,8,0D,10,82,B6,09,20,70,00,
0,00000054,false,Rx,0,8,00,00,FE,FF,FE,FF,00,00,
0,00000055,false,Rx,0,8,10,27,00,00,00,00,00,00,
898000,00000056,false,Rx,0,8,10,27,00,00,00,00,00,00,
900000,00000057,false,Rx,0,8,00,00,FE,FF,FE,FF,00,00,
990000,0000060D,false,Rx,0,8,0D,10,82,B6,09,20,70,00,
89000,0000060D,false,Rx,0,8,0D,10,82,B6,09,20,70,00,
98000,00000054,false,Rx,0,8,00,00,FE,FF,FE,FF,00,00,
99000,00000055,false,Rx,0,8,10,27,00,00,00,00,00,00,
99000,00000056,false,Rx,0,8,10,27,00,00,00,00,00,00,
99000,00000057,false,Rx,0,8,00,00,FE,FF,FE,FF,00,00,
109000,00000066,false,Rx,0,8,01,10,00,00,00,00,00,00,
189000,0000060D,false,Rx,0,8,0D,10,82,B6,09,20,70,00,
259000,00000066,false,Rx,0,8,01,10,00,00,00,00,00,00,
289000,0000060D,false,Rx,0,8,0D,10,82,B6,09,20,70,00,
299000,00000054,false,Rx,0,8,00,00,FE,FF,FE,FF,00,00,
299000,00000055,false,Rx,0,8,10,27,00,00,00,00,00,00,
299000,00000056,false,Rx,0,8,10,27,00,00,00,00,00,00,
299000,00000057,false,Rx,0,8,00,00,FE,FF,FE,FF,00,00,
389000,0000060D,false,Rx,0,8,0D,10,82,B6,09,20,70,00,
408000,00000066,false,Rx,0,8,01,10,00,00,00,00,00,00,
489000,0000060D,false,Rx,0,8,0D,10,82,B6,09,20,70,00,
499000,00000054,false,Rx,0,8,00,00,FE,FF,FE,FF,00,00,
499000,00000055,false,Rx,0,8,10,27,00,00,00,00,00,00,
499000,00000056,false,Rx,0,8,10,27,00,00,00,00,00,00,
500000,00000057,false,Rx,0,8,00,00,FE,FF,FE,FF,00,00,
559000,00000066,false,Rx,0,8,01,10,00,00,00,00,00,00,
589000,0000060D,false,Rx,0,8,0D,10,82,B6,09,20,70,00,
690000,0000060D,false,Rx,0,8,0D,10,82,B6,09,20,70,00,
0,00000054,false,Rx,0,8,00,00,FE,FF,FE,FF,00,00,
0,00000055,false,Rx,0,8,10,27,00,00,00,00,00,00,
699000,00000056,false,Rx,0,8,10,27,00,00,00,00,00,00,
699000,00000057,false,Rx,0,8,00,00,FE,FF,FE,FF,00,00,
788000,0000060D,false,Rx,0,8,0D,10,82,B6,09,20,70,00,
889000,0000060D,false,Rx,0,8,0D,10,82,B6,09,20,70,00,
0,00000054,false,Rx,0,8,00,00,FE,FF,FE,FF,00,00,
0,00000055,false,Rx,0,8,10,27,00,00,00,00,00,00,
899000,00000056,false,Rx,0,8,10,27,00,00,00,00,00,00,
900000,00000057,false,Rx,0,8,00,00,FE,FF,FE,FF,00,00,
989000,0000060D,false,Rx,0,8,0D,10,82,B6,09,20,70,00,
9000,00000066,false,Rx,0,8,02,10,00,00,00,00,00,00,
89000,0000060D,false,Rx,0,8,0D,10,82,B6,09,20,70,00,
98000,00000054,false,Rx,0,8,00,00,FE,FF,FE,FF,00,00,
98000,00000055,false,Rx,0,8,10,27,00,00,00,00,00,00,
0,00000056,false,Rx,0,8,10,27,00,00,00,00,00,00,
0,00000057,false,Rx,0,8,00,00,FE,FF,FE,FF,00,00,
159000,00000066,false,Rx,0,8,02,10,00,00,00,00,00,00,
189000,0000060D,false,Rx,0,8,0D,10,82,B6,09,20,70,00,
288000,0000060D,false,Rx,0,8,0D,10,82,B6,09,20,70,00,
298000,00000054,false,Rx,0,8,00,00,FE,FF,FE,FF,00,00,
298000,00000055,false,Rx,0,8,10,27,00,00,00,00,00,00,
0,00000056,false,Rx,0,8,10,27,00,00,00,00,00,00,
0,00000057,false,Rx,0,8,00,00,FE,FF,FE,FF,00,00,
309000,00000066,false,Rx,0,8,02,10,00,00,00,00,00,00,
390000,0000060D,false,Rx,0,8,0D,10,82,B6,09,20,70,00,
458000,00000066,false,Rx,0,8,02,10,00,00,00,00,00,00,
489000,0000060D,false,Rx,0,8,0D,10,82,B6,09,20,70,00,
499000,00000054,false,Rx,0,8,00,00,FE,FF,FE,FF,00,00,
499000,00000055,false,Rx,0,8,10,27,00,00,00,00,00,00,
499000,00000056,false,Rx,0,8,10,27,00,00,00,00,00,00,
500000,00000057,false,Rx,0,8,00,00,FE,FF,FE,FF,00,00,
589000,0000060D,false,Rx,0,8,0D,10,82,B6,09,20,70,00,
689000,0000060D,false,Rx,0,8,0D,10,82,B6,09,20,70,00,
0,00000054,false,Rx,0,8,00,00,FE,FF,FE,FF,00,00,
0,00000055,false,Rx,0,8,10,27,00,00,00,00,00,00,
699000,00000056,false,Rx,0,8,10,27,00,00,00,00,00,00,
699000,00000057,false,Rx,0,8,00,00,FE,FF,FE,FF,00,00,
789000,0000060D,false,Rx,0,8,0D,10,82,B6,09,20,70,00,
889000,0000060D,false,Rx,0,8,0D,10,82,B6,09,20,70,00,
0,00000054,false,Rx,0,8,00,00,FE,FF,FE,FF,00,00,
0,00000055,false,Rx,0,8,10,27,00,00,00,00,00,00,
0,00000056,false,Rx,0,8,10,27,00,00,00,00,00,00,
0,00000057,false,Rx,0,8,00,00,FE,FF,FE,FF,00,00,
909000,00000066,false,Rx,0,8,03,10,00,00,00,00,00,00,
989000,0000060D,false,Rx,0,8,0D,10,82,B6,09,20,70,00,
58000,00000066,false,Rx,0,8,03,10,00,00,00,00,00,00,
89000,0000060D,false,Rx,0,8,0D,10,82,B6,09,20,70,00,
98000,00000054,false,Rx,0,8,00,00,FE,FF,FE,FF,00,00,
98000,00000055,false,Rx,0,8,10,27,00,00,00,00,00,00,
99000,00000056,false,Rx,0,8,10,27,00,00,00,00,00,00,
99000,00000057,false,Rx,0,8,00,00,FE,FF,FE,FF,00,00,
189000,0000060D,false,Rx,0,8,0D,10,82,B6,09,20,70,00,
209000,00000066,false,Rx,0,8,03,10,00,00,00,00,00,00,
289000,0000060D,false,Rx,0,8,0D,10,82,B6,09,20,70,00,
299000,00000054,false,Rx,0,8,00,00,FE,FF,FE,FF,00,00,
299000,00000055,false,Rx,0,8,10,27,00,00,00,00,00,00,
299000,00000056,false,Rx,0,8,10,27,00,00,00,00,00,00,
300000,00000057,false,Rx,0,8,00,00,FE,FF,FE,FF,00,00,
359000,00000066,false,Rx,0,8,03,10,00,00,00,00,00,00,
389000,0000060D,false,Rx,0,8,0D,10,82,B6,09,20,70,00,
489000,0000060D,false,Rx,0,8,0D,10,82,B6,09,20,70,00,
499000,00000054,false,Rx,0,8,00,00,FE,FF,FE,FF,00,00,
499000,00000055,false,Rx,0,8,10,27,00,00,00,00,00,00,
499000,00000056,false,Rx,0,8,10,27,00,00,00,00,00,00,
500000,00000057,false,Rx,0,8,00,00,FE,FF,FE,FF,00,00,
588000,0000060D,false,Rx,0,8,0D,10,82,B6,09,20,70,00,
689000,0000060D,false,Rx,0,8,0D,10,82,B6,09,20,70,00,
0,00000054,false,Rx,0,8,00,00,FE,FF,FE,FF,00,00,
0,00000055,false,Rx,0,8,10,27,00,00,00,00,00,00,
700000,00000056,false,Rx,0,8,10,27,00,00,00,00,00,00,
700000,00000057,false,Rx,0,8,00,00,FE,FF,FE,FF,00,00,
788000,0000060D,false,Rx,0,8,0D,10,82,B6,09,20,70,00,
809000,00000066,false,Rx,0,8,01,10,00,00,00,00,00,00,
889000,0000060D,false,Rx,0,8,0D,10,82,B6,09,20,70,00,
0,00000054,false,Rx,0,8,00,00,FE,FF,FE,FF,00,00,
0,00000055,false,Rx,0,8,10,27,00,00,00,00,00,00,
0,00000056,false,Rx,0,8,10,27,00,00,00,00,00,00,
899000,00000057,false,Rx,0,8,00,00,FE,FF,FE,FF,00,00,
959000,00000066,false,Rx,0,8,01,10,00,00,00,00,00,00,
989000,0000060D,false,Rx,0,8,0D,10,82,B6,09,20,70,00,
90000,0000060D,false,Rx,0,8,0D,10,82,B6,09,20,70,00,
0,00000054,false,Rx,0,8,00,00,FE,FF,FE,FF,00,00,
0,00000055,false,Rx,0,8,10,27,00,00,00,00,00,00,
99000,00000056,false,Rx,0,8,10,27,00,00,00,00,00,00,
99000,00000057,false,Rx,0,8,00,00,FE,FF,FE,FF,00,00,
109000,00000066,false,Rx,0,8,01,10,00,00,00,00,00,00,
188000,0000060D,false,Rx,0,8,0D,10,82,B6,09,20,70,00,
259000,00000066,false,Rx,0,8,01,10,00,00,00,00,00,00,
289000,0000060D,false,Rx,0,8,0D,10,82,B6,09,20,70,00,
299000,00000054,false,Rx,0,8,00,00,FE,FF,FE,FF,00,00,
299000,00000055,false,Rx,0,8,10,27,00,00,00,00,00,00,
299000,00000056,false,Rx,0,8,10,27,00,00,00,00,00,00,
299000,00000057,false,Rx,0,8,00,00,FE,FF,FE,FF,00,00,
389000,0000060D,false,Rx,0,8,0D,10,82,B6,09,20,70,00,
488000,0000060D,false,Rx,0,8,0D,10,82,B6,09,20,70,00,
498000,00000054,false,Rx,0,8,00,00,FE,FF,FE,FF,00,00,
498000,00000055,false,Rx,0,8,10,27,00,00,00,00,00,00,
498000,00000056,false,Rx,0,8,10,27,00,00,00,00,00,00,
499000,00000057,false,Rx,0,8,00,00,FE,FF,FE,FF,00,00,
589000,0000060D,false,Rx,0,8,0D,10,82,B6,09,20,70,00,
689000,0000060D,false,Rx,0,8,0D,10,82,B6,09,20,70,00,
0,00000054,false,Rx,0,8,00,00,FE,FF,FE,FF,00,00,
0,00000055,false,Rx,0,8,10,27,00,00,00,00,00,00,
0,00000056,false,Rx,0,8,10,27,00,00,00,00,00,00,
700000,00000057,false,Rx,0,8,00,00,FE,FF,FE,FF,00,00,
709000,00000066,false,Rx,0,8,02,10,00,00,00,00,00,00,
789000,0000060D,false,Rx,0,8,0D,10,82,B6,09,20,70,00,
859000,00000066,false,Rx,0,8,02,10,00,00,00,00,00,00,
889000,0000060D,false,Rx,0,8,0D,10,82,B6,09,20,70,00,
0,00000054,false,Rx,0,8,00,00,FE,FF,FE,FF,00,00,
0,00000055,false,Rx,0,8,10,27,00,00,00,00,00,00,
0,00000056,false,Rx,0,8,10,27,00,00,00,00,00,00,
0,00000057,false,Rx,0,8,00,00,FE,FF,FE,FF,00,00,
989000,0000060D,false,Rx,0,8,0D,10,82,B6,09,20,70,00,
9000,00000066,false,Rx,0,8,02,10,00,00,00,00,00,00,
89000,0000060D,false,Rx,0,8,0D,10,82,B6,09,20,70,00,
0,00000054,false,Rx,0,8,00,00,FE,FF,FE,FF,00,00,
0,00000055,false,Rx,0,8,10,27,00,00,00,00,00,00,
100000,00000056,false,Rx,0,8,10,27,00,00,00,00,00,00,
100000,00000057,false,Rx,0,8,00,00,FE,FF,FE,FF,00,00,
159000,00000066,false,Rx,0,8,02,10,00,00,00,00,00,00,
189000,0000060D,false,Rx,0,8,0D,10,82,B6,09,20,70,00,
289000,0000060D,false,Rx,0,8,0D,10,82,B6,09,20,70,00,
299000,00000054,false,Rx,0,8,00,00,FE,FF,FE,FF,00,00,
299000,00000055,false,Rx,0,8,10,27,00,00,00,00,00,00,
299000,00000056,false,Rx,0,8,10,27,00,00,00,00,00,00,
299000,00000057,false,Rx,0,8,00,00,FE,FF,FE,FF,00,00,
389000,0000060D,false,Rx,0,8,0D,10,82,B6,09,20,70,00,
489000,0000060D,false,Rx,0,8,0D,10,82,B6,09,20,70,00,
499000,00000054,false,Rx,0,8,00,00,FE,FF,FE,FF,00,00,
499000,00000055,false,Rx,0,8,10,27,00,00,00,00,00,00,
499000,00000056,false,Rx,0,8,10,27,00,00,00,00,00,00,
500000,00000057,false,Rx,0,8,00,00,FE,FF,FE,FF,00,00,
589000,0000060D,false,Rx,0,8,0D,10,82,B6,09,20,70,00,
619000,00000066,false,Rx,0,8,03,10,00,00,00,00,00,00,
690000,0000060D,false,Rx,0,8,0D,10,82,B6,09,20,70,00,
0,00000054,false,Rx,0,8,00,00,FE,FF,FE,FF,00,00,
0,00000055,false,Rx,0,8,10,27,00,00,00,00,00,00,
0,00000056,false,Rx,0,8,10,27,00,00,00,00,00,00,
0,00000057,false,Rx,0,8,00,00,FE,FF,FE,FF,00,00,
768000,00000066,false,Rx,0,8,03,10,00,00,00,00,00,00,
788000,0000060D,false,Rx,0,8,0D,10,82,B6,09,20,70,00,
889000,0000060D,false,Rx,0,8,0D,10,82,B6,09,20,70,00,
899000,00000054,false,Rx,0,8,00,00,FE,FF,FE,FF,00,00,
899000,00000055,false,Rx,0,8,10,27,00,00,00,00,00,00,
899000,00000056,false,Rx,0,8,10,27,00,00,00,00,00,00,
899000,00000057,false,Rx,0,8,00,00,FE,FF,FE,FF,00,00,
918000,00000066,false,Rx,0,8,03,10,00,00,00,00,00,00,
990000,0000060D,false,Rx,0,8,0D,10,82,B6,09,20,70,00,
68000,00000066,false,Rx,0,8,03,10,00,00,00,00,00,00,
89000,0000060D,false,Rx,0,8,0D,10,82,B6,09,20,70,00,
99000,00000054,false,Rx,0,8,00,00,FE,FF,FE,FF,00,00,
99000,00000055,false,Rx,0,8,10,27,00,00,00,00,00,00,
99000,00000056,false,Rx,0,8,10,27,00,00,00,00,00,00,
99000,00000057,false,Rx,0,8,00,00,FE,FF,FE,FF,00,00,
189000,0000060D,false,Rx,0,8,0D,10,82,B6,09,20,70,00,
288000,0000060D,false,Rx,0,8,0D,10,82,B6,09,20,70,00,
298000,00000054,false,Rx,0,8,00,00,FE,FF,FE,FF,00,00,
298000,00000055,false,Rx,0,8,10,27,00,00,00,00,00,00,
299000,00000056,false,Rx,0,8,10,27,00,00,00,00,00,00,
299000,00000057,false,Rx,0,8,00,00,FE,FF,FE,FF,00,00,
389000,0000060D,false,Rx,0,8,0D,10,82,B6,09,20,70,00,
488000,0000060D,false,Rx,0,8,0D,10,82,B6,09,20,70,00,
499000,00000054,false,Rx,0,8,00,00,FE,FF,FE,FF,00,00,
499000,00000055,false,Rx,0,8,10,27,00,00,00,00,00,00,
499000,00000056,false,Rx,0,8,10,27,00,00,00,00,00,00,
499000,00000057,false,Rx,0,8,00,00,FE,FF,FE,FF,00,00,
518000,00000066,false,Rx,0,8,01,10,00,00,00,00,00,00,
589000,0000060D,false,Rx,0,8,0D,10,82,B6,09,20,70,00,
668000,00000066,false,Rx,0,8,01,10,00,00,00,00,00,00,
690000,0000060D,false,Rx,0,8,0D,10,82,B6,09,20,70,00,
0,00000054,false,Rx,0,8,00,00,FE,FF,FE,FF,00,00,
0,00000055,false,Rx,0,8,10,27,00,00,00,00,00,00,
699000,00000056,false,Rx,0,8,10,27,00,00,00,00,00,00,
700000,00000057,false,Rx,0,8,00,00,FE,FF,FE,FF,00,00,
788000,0000060D,false,Rx,0,8,0D,10,82,B6,09,20,70,00,
819000,00000066,false,Rx,0,8,01,10,00,00,00,00,00,00,
889000,0000060D,false,Rx,0,8,0D,10,82,B6,09,20,70,00,
0,00000054,false,Rx,0,8,00,00,FE,FF,FE,FF,00,00,
0,00000055,false,Rx,0,8,10,27,00,00,00,00,00,00,
899000,00000056,false,Rx,0,8,10,27,00,00,00,00,00,00,
900000,00000057,false,Rx,0,8,00,00,FE,FF,FE,FF,00,00,
969000,00000066,false,Rx,0,8,01,10,00,00,00,00,00,00,
989000,0000060D,false,Rx,0,8,0D,10,82,B6,09,20,70,00,
89000,0000060D,false,Rx,0,8,0D,10,82,B6,09,20,70,00,
0,00000054,false,Rx,0,8,00,00,FE,FF,FE,FF,00,00,
0,00000055,false,Rx,0,8,10,27,00,00,00,00,00,00,
99000,00000056,false,Rx,0,8,10,27,00,00,00,00,00,00,
99000,00000057,false,Rx,0,8,00,00,FE,FF,FE,FF,00,00,
189000,0000060D,false,Rx,0,8,0D,10,82,B6,09,20,70,00,
288000,0000060D,false,Rx,0,8,0D,10,82,B6,09,20,70,00,
299000,00000054,false,Rx,0,8,00,00,FE,FF,FE,FF,00,00,
299000,00000055,false,Rx,0,8,10,27,00,00,00,00,00,00,
299000,00000056,false,Rx,0,8,10,27,00,00,00,00,00,00,
299000,00000057,false,Rx,0,8,00,00,FE,FF,FE,FF,00,00,
389000,0000060D,false,Rx,0,8,0D,10,82,B6,09,20,70,00,
419000,00000066,false,Rx,0,8,02,10,00,00,00,00,00,00,
489000,0000060D,false,Rx,0,8,0D,10,82,B6,09,20,70,00,
499000,00000054,false,Rx,0,8,00,00,FE,FF,FE,FF,00,00,
499000,00000055,false,Rx,0,8,10,27,00,00,00,00,00,00,
499000,00000056,false,Rx,0,8,10,27,00,00,00,00,00,00,
500000,00000057,false,Rx,0,8,00,00,FE,FF,FE,FF,00,00,
569000,00000066,false,Rx,0,8,02,10,00,00,00,00,00,00,
589000,0000060D,false,Rx,0,8,0D,10,82,B6,09,20,70,00,
688000,0000060D,false,Rx,0,8,0D,10,82,B6,09,20,70,00,
0,00000054,false,Rx,0,8,00,00,FE,FF,FE,FF,00,00,
0,00000055,false,Rx,0,8,10,27,00,00,00,00,00,00,
700000,00000056,false,Rx,0,8,10,27,00,00,00,00,00,00,
700000,00000057,false,Rx,0,8,00,00,FE,FF,FE,FF,00,00,
719000,00000066,false,Rx,0,8,02,10,00,00,00,00,00,00,
789000,0000060D,false,Rx,0,8,0D,10,82,B6,09,20,70,00,
869000,00000066,false,Rx,0,8,02,10,00,00,00,00,00,00,
889000,0000060D,false,Rx,0,8,0D,10,82,B6,09,20,70,00,
898000,00000054,false,Rx,0,8,00,00,FE,FF,FE,FF,00,00,
898000,00000055,false,Rx,0,8,10,27,00,00,00,00,00,00,
899000,00000056,false,Rx,0,8,10,27,00,00,00,00,00,00,
899000,00000057,false,Rx,0,8,00,00,FE,FF,FE,FF,00,00,
989000,0000060D,false,Rx,0,8,0D,10,82,B6,09,20,70,00,
89000,0000060D,false,Rx,0,8,0D,10,82,B6,09,20,70,00,
0,00000054,false,Rx,0,8,00,00,FE,FF,FE,FF,00,00,
0,00000055,false,Rx,0,8,10,27,00,00,00,00,00,00,
0,00000056,false,Rx,0,8,10,27,00,00,00,00,00,00,
0,00000057,false,Rx,0,8,00,00,FE,FF,FE,FF,00,00,
189000,0000060D,false,Rx,0,8,0D,10,82,B6,09,20,70,00,
288000,0000060D,false,Rx,0,8,0D,10,82,B6,09,20,70,00,
299000,00000054,false,Rx,0,8,00,00,FE,FF,FE,FF,00,00,
0,00000055,false,Rx,0,8,10,27,00,00,00,00,00,00,
0,00000056,false,Rx,0,8,10,27,00,00,00,00,00,00,
300000,00000057,false,Rx,0,8,00,00,FE,FF,FE,FF,00,00,
320000,00000066,false,Rx,0,8,03,10,00,00,00,00,00,00,
389000,0000060D,false,Rx,0,8,0D,10,82,B6,09,20,70,00,
469000,00000066,false,Rx,0,8,03,10,00,00,00,00,00,00,
489000,0000060D,false,Rx,0,8,0D,10,82,B6,09,20,70,00,
499000,00000054,false,Rx,0,8,00,00,FE,FF,FE,FF,00,00,
0,00000055,false,Rx,0,8,10,27,00,00,00,00,00,00,
0,00000056,false,Rx,0,8,10,27,00,00,00,00,00,00,
500000,00000057,false,Rx,0,8,00,00,FE,FF,FE,FF,00,00,
589000,0000060D,false,Rx,0,8,0D,10,82,B6,09,20,70,00,
619000,00000066,false,Rx,0,8,03,10,00,00,00,00,00,00,
689000,0000060D,false,Rx,0,8,0D,10,82,B6,09,20,70,00,
0,00000054,false,Rx,0,8,00,00,FE,FF,FE,FF,00,00,
0,00000055,false,Rx,0,8,10,27,00,00,00,00,00,00,
0,00000056,false,Rx,0,8,10,27,00,00,00,00,00,00,
700000,00000057,false,Rx,0,8,00,00,FE,FF,FE,FF,00,00,
768000,00000066,false,Rx,0,8,03,10,00,00,00,00,00,00,
789000,0000060D,false,Rx,0,8,0D,10,82,B6,09,20,70,00,
889000,0000060D,false,Rx,0,8,0D,10,82,B6,09,20,70,00,
0,00000054,false,Rx,0,8,00,00,FE,FF,FE,FF,00,00,
0,00000055,false,Rx,0,8,10,27,00,00,00,00,00,00,
899000,00000056,false,Rx,0,8,10,27,00,00,00,00,00,00,
899000,00000057,false,Rx,0,8,00,00,FE,FF,FE,FF,00,00,
988000,0000060D,false,Rx,0,8,0D,10,82,B6,09,20,70,00,
89000,0000060D,false,Rx,0,8,0D,10,82,B6,09,20,70,00,
0,00000054,false,Rx,0,8,00,00,FE,FF,FE,FF,00,00,
0,00000055,false,Rx,0,8,10,27,00,00,00,00,00,00,
99000,00000056,false,Rx,0,8,10,27,00,00,00,00,00,00,
99000,00000057,false,Rx,0,8,00,00,FE,FF,FE,FF,00,00,
189000,0000060D,false,Rx,0,8,0D,10,82,B6,09,20,70,00,
220000,00000066,false,Rx,0,8,01,10,00,00,00,00,00,00,
289000,0000060D,false,Rx,0,8,0D,10,82,B6,09,20,70,00,
299000,00000054,false,Rx,0,8,00,00,FE,FF,FE,FF,00,00,
299000,00000055,false,Rx,0,8,10,27,00,00,00,00,00,00,
299000,00000056,false,Rx,0,8,10,27,00,00,00,00,00,00,
299000,00000057,false,Rx,0,8,00,00,FE,FF,FE,FF,00,00,
369000,00000066,false,Rx,0,8,01,10,00,00,00,00,00,00,
389000,0000060D,false,Rx,0,8,0D,10,82,B6,09,20,70,00,
489000,0000060D,false,Rx,0,8,0D,10,82,B6,09,20,70,00,
498000,00000054,false,Rx,0,8,00,00,FE,FF,FE,FF,00,00,
499000,00000055,false,Rx,0,8,10,27,00,00,00,00,00,00,
499000,00000056,false,Rx,0,8,10,27,00,00,00,00,00,00,
499000,00000057,false,Rx,0,8,00,00,FE,FF,FE,FF,00,00,
519000,00000066,false,Rx,0,8,01,10,00,00,00,00,00,00,
589000,0000060D,false,Rx,0,8,0D,10,82,B6,09,20,70,00,
669000,00000066,false,Rx,0,8,01,10,00,00,00,00,00,00,
689000,0000060D,false,Rx,0,8,0D,10,82,B6,09,20,70,00,
698000,00000054,false,Rx,0,8,00,00,FE,FF,FE,FF,00,00,
699000,00000055,false,Rx,0,8,10,27,00,00,00,00,00,00,
699000,00000056,false,Rx,0,8,10,27,00,00,00,00,00,00,
699000,00000057,false,Rx,0,8,00,00,FE,FF,FE,FF,00,00,
788000,0000060D,false,Rx,0,8,0D,10,82,B6,09,20,70,00,
889000,0000060D,false,Rx,0,8,0D,10,82,B6,09,20,70,00,
898000,00000054,false,Rx,0,8,00,00,FE,FF,FE,FF,00,00,
898000,00000055,false,Rx,0,8,10,27,00,00,00,00,00,00,
900000,00000056,false,Rx,0,8,10,27,00,00,00,00,00,00,
900000,00000057,false,Rx,0,8,00,00,FE,FF,FE,FF,00,00,
990000,0000060D,false,Rx,0,8,0D,10,82,B6,09,20,70,00,
89000,0000060D,false,Rx,0,8,0D,10,82,B6,09,20,70,00,
98000,00000054,false,Rx,0,8,00,00,FE,FF,FE,FF,00,00,
98000,00000055,false,Rx,0,8,10,27,00,00,00,00,00,00,
99000,00000056,false,Rx,0,8,10,27,00,00,00,00,00,00,
99000,00000057,false,Rx,0,8,00,00,FE,FF,FE,FF,00,00,
120000,00000066,false,Rx,0,8,01,10,00,00,00,00,00,00,
129000,00000066,false,Rx,0,8,02,10,00,00,00,00,00,00,
189000,0000060D,false,Rx,0,8,0D,10,82,B6,09,20,70,00,
278000,00000066,false,Rx,0,8,02,10,00,00,00,00,00,00,
289000,0000060D,false,Rx,0,8,0D,10,82,B6,09,20,70,00,
298000,00000054,false,Rx,0,8,00,00,FE,FF,FE,FF,00,00,
298000,00000055,false,Rx,0,8,10,27,00,00,00,00,00,00,
299000,00000056,false,Rx,0,8,10,27,00,00,00,00,00,00,
299000,00000057,false,Rx,0,8,00,00,FE,FF,FE,FF,00,00,
389000,0000060D,false,Rx,0,8,0D,10,82,B6,09,20,70,00,
429000,00000066,false,Rx,0,8,02,10,00,00,00,00,00,00,
489000,0000060D,false,Rx,0,8,0D,10,82,B6,09,20,70,00,
0,00000054,false,Rx,0,8,00,00,FE,FF,FE,FF,00,00,
0,00000055,false,Rx,0,8,10,27,00,00,00,00,00,00,
0,00000056,false,Rx,0,8,10,27,00,00,00,00,00,00,
0,00000057,false,Rx,0,8,00,00,FE,FF,FE,FF,00,00,
579000,00000066,false,Rx,0,8,02,10,00,00,00,00,00,00,
589000,0000060D,false,Rx,0,8,0D,10,82,B6,09,20,70,00,
689000,0000060D,false,Rx,0,8,0D,10,82,B6,09,20,70,00,
0,00000054,false,Rx,0,8,00,00,FE,FF,FE,FF,00,00,
0,00000055,false,Rx,0,8,10,27,00,00,00,00,00,00,
699000,00000056,false,Rx,0,8,10,27,00,00,00,00,00,00,
699000,00000057,false,Rx,0,8,00,00,FE,FF,FE,FF,00,00,
789000,0000060D,false,Rx,0,8,0D,10,82,B6,09,20,70,00,
889000,0000060D,false,Rx,0,8,0D,10,82,B6,09,20,70,00,
0,00000054,false,Rx,0,8,00,00,FE,FF,FE,FF,00,00,
0,00000055,false,Rx,0,8,10,27,00,00,00,00,00,00,
899000,00000056,false,Rx,0,8,10,27,00,00,00,00,00,00,
900000,00000057,false,Rx,0,8,00,00,FE,FF,FE,FF,00,00,
989000,0000060D,false,Rx,0,8,0D,10,82,B6,09,20,70,00,
29000,00000066,false,Rx,0,8,03,10,00,00,00,00,00,00,
89000,0000060D,false,Rx,0,8,0D,10,82,B6,09,20,70,00,
0,00000054,false,Rx,0,8,00,00,FE,FF,FE,FF,00,00,
0,00000055,false,Rx,0,8,10,27,00,00,00,00,00,00,
0,00000056,false,Rx,0,8,10,27,00,00,00,00,00,00,
99000,00000057,false,Rx,0,8,00,00,FE,FF,FE,FF,00,00,
179000,00000066,false,Rx,0,8,03,10,00,00,00,00,00,00,
189000,0000060D,false,Rx,0,8,0D,10,82,B6,09,20,70,00,
289000,0000060D,false,Rx,0,8,0D,10,82,B6,09,20,70,00,
0,00000054,false,Rx,0,8,00,00,FE,FF,FE,FF,00,00,
0,00000055,false,Rx,0,8,10,27,00,00,00,00,00,00,
299000,00000056,false,Rx,0,8,10,27,00,00,00,00,00,00,
300000,00000057,false,Rx,0,8,00,00,FE,FF,FE,FF,00,00,
329000,00000066,false,Rx,0,8,03,10,00,00,00,00,00,00,
389000,0000060D,false,Rx,0,8,0D,10,82,B6,09,20,70,00,
478000,00000066,false,Rx,0,8,03,10,00,00,00,00,00,00,
489000,0000060D,false,Rx,0,8,0D,10,82,B6,09,20,70,00,
498000,00000054,false,Rx,0,8,00,00,FE,FF,FE,FF,00,00,
499000,00000055,false,Rx,0,8,10,27,00,00,00,00,00,00,
0,00000056,false,Rx,0,8,10,27,00,00,00,00,00,00,
0,00000057,false,Rx,0,8,00,00,FE,FF,FE,FF,00,00,
589000,0000060D,false,Rx,0,8,0D,10,82,B6,09,20,70,00,
689000,0000060D,false,Rx,0,8,0D,10,82,B6,09,20,70,00,
698000,00000054,false,Rx,0,8,00,00,FE,FF,FE,FF,00,00,
699000,00000055,false,Rx,0,8,10,27,00,00,00,00,00,00,
699000,00000056,false,Rx,0,8,10,27,00,00,00,00,00,00,
699000,00000057,false,Rx,0,8,00,00,FE,FF,FE,FF,00,00,
789000,0000060D,false,Rx,0,8,0D,10,82,B6,09,20,70,00,
889000,0000060D,false,Rx,0,8,0D,10,82,B6,09,20,70,00,
0,00000054,false,Rx,0,8,00,00,FE,FF,FE,FF,00,00,
0,00000055,false,Rx,0,8,10,27,00,00,00,00,00,00,
899000,00000056,false,Rx,0,8,10,27,00,00,00,00,00,00,
900000,00000057,false,Rx,0,8,00,00,FE,FF,FE,FF,00,00,
929000,00000066,false,Rx,0,8,01,10,00,00,00,00,00,00,
989000,0000060D,false,Rx,0,8,0D,10,82,B6,09,20,70,00,
79000,00000066,false,Rx,0,8,01,10,00,00,00,00,00,00,
89000,0000060D,false,Rx,0,8,0D,10,82,B6,09,20,70,00,
99000,00000054,false,Rx,0,8,00,00,FE,FF,FE,FF,00,00,
99000,00000055,false,Rx,0,8,10,27,00,00,00,00,00,00,
99000,00000056,false,Rx,0,8,10,27,00,00,00,00,00,00,
99000,00000057,false,Rx,0,8,00,00,FE,FF,FE,FF,00,00,
189000,0000060D,false,Rx,0,8,0D,10,82,B6,09,20,70,00,
228000,00000066,false,Rx,0,8,01,10,00,00,00,00,00,00,
289000,0000060D,false,Rx,0,8,0D,10,82,B6,09,20,70,00,
298000,00000054,false,Rx,0,8,00,00,FE,FF,FE,FF,00,00,
299000,00000055,false,Rx,0,8,10,27,00,00,00,00,00,00,
299000,00000056,false,Rx,0,8,10,27,00,00,00,00,00,00,
299000,00000057,false,Rx,0,8,00,00,FE,FF,FE,FF,00,00,
379000,00000066,false,Rx,0,8,01,10,00,00,00,00,00,00,
389000,0000060D,false,Rx,0,8,0D,10,82,B6,09,20,70,00,
489000,0000060D,false,Rx,0,8,0D,10,82,B6,09,20,70,00,
499000,00000054,false,Rx,0,8,00,00,FE,FF,FE,FF,00,00,
499000,00000055,false,Rx,0,8,10,27,00,00,00,00,00,00,
499000,00000056,false,Rx,0,8,10,27,00,00,00,00,00,00,
499000,00000057,false,Rx,0,8,00,00,FE,FF,FE,FF,00,00,
589000,0000060D,false,Rx,0,8,0D,10,82,B6,09,20,70,00,
689000,0000060D,false,Rx,0,8,0D,10,82,B6,09,20,70,00,
0,00000054,false,Rx,0,8,00,00,FE,FF,FE,FF,00,00,
0,00000055,false,Rx,0,8,10,27,00,00,00,00,00,00,
700000,00000056,false,Rx,0,8,10,27,00,00,00,00,00,00,
700000,00000057,false,Rx,0,8,00,00,FE,FF,FE,FF,00,00,
788000,0000060D,false,Rx,0,8,0D,10,82,B6,09,20,70,00,
829000,00000066,false,Rx,0,8,02,10,00,00,00,00,00,00,
889000,0000060D,false,Rx,0,8,0D,10,82,B6,09,20,70,00,
0,00000054,false,Rx,0,8,00,00,FE,FF,FE,FF,00,00,
0,00000055,false,Rx,0,8,10,27,00,00,00,00,00,00,
900000,00000056,false,Rx,0,8,10,27,00,00,00,00,00,00,
900000,00000057,false,Rx,0,8,00,00,FE,FF,FE,FF,00,00,
979000,00000066,false,Rx,0,8,02,10,00,00,00,00,00,00,
989000,0000060D,false,Rx,0,8,0D,10,82,B6,09,20,70,00,
89000,0000060D,false,Rx,0,8,0D,10,82,B6,09,20,70,00,
0,00000054,false,Rx,0,8,00,00,FE,FF,FE,FF,00,00,
0,00000055,false,Rx,0,8,10,27,00,00,00,00,00,00,
99000,00000056,false,Rx,0,8,10,27,00,00,00,00,00,00,
100000,00000057,false,Rx,0,8,00,00,FE,FF,FE,FF,00,00,
129000,00000066,false,Rx,0,8,02,10,00,00,00,00,00,00,
189000,0000060D,false,Rx,0,8,0D,10,82,B6,09,20,70,00,
278000,00000066,false,Rx,0,8,02,10,00,00,00,00,00,00,
289000,0000060D,false,Rx,0,8,0D,10,82,B6,09,20,70,00,
299000,00000054,false,Rx,0,8,00,00,FE,FF,FE,FF,00,00,
299000,00000055,false,Rx,0,8,10,27,00,00,00,00,00,00,
299000,00000056,false,Rx,0,8,10,27,00,00,00,00,00,00,
299000,00000057,false,Rx,0,8,00,00,FE,FF,FE,FF,00,00,
389000,0000060D,false,Rx,0,8,0D,10,82,B6,09,20,70,00,
489000,0000060D,false,Rx,0,8,0D,10,82,B6,09,20,70,00,
0,00000054,false,Rx,0,8,00,00,FE,FF,FE,FF,00,00,
0,00000055,false,Rx,0,8,10,27,00,00,00,00,00,00,
499000,00000056,false,Rx,0,8,10,27,00,00,00,00,00,00,
499000,00000057,false,Rx,0,8,00,00,FE,FF,FE,FF,00,00,
589000,0000060D,false,Rx,0,8,0D,10,82,B6,09,20,70,00,
690000,0000060D,false,Rx,0,8,0D,10,82,B6,09,20,70,00,
0,00000054,false,Rx,0,8,00,00,FE,FF,FE,FF,00,00,
0,00000055,false,Rx,0,8,10,27,00,00,00,00,00,00,
699000,00000056,false,Rx,0,8,10,27,00,00,00,00,00,00,
699000,00000057,false,Rx,0,8,00,00,FE,FF,FE,FF,00,00,
731000,00000066,false,Rx,0,8,03,10,00,00,00,00,00,00,
789000,0000060D,false,Rx,0,8,0D,10,82,B6,09,20,70,00,
879000,00000066,false,Rx,0,8,03,10,00,00,00,00,00,00,
889000,0000060D,false,Rx,0,8,0D,10,82,B6,09,20,70,00,
0,00000054,false,Rx,0,8,00,00,FE,FF,FE,FF,00,00,
0,00000055,false,Rx,0,8,10,27,00,00,00,00,00,00,
899000,00000056,false,Rx,0,8,10,27,00,00,00,00,00,00,
899000,00000057,false,Rx,0,8,00,00,FE,FF,FE,FF,00,00,
989000,0000060D,false,Rx,0,8,0D,10,82,B6,09,20,70,00,
29000,00000066,false,Rx,0,8,03,10,00,00,00,00,00,00,
88000,0000060D,false,Rx,0,8,0D,10,82,B6,09,20,70,00,
99000,00000054,false,Rx,0,8,00,00,FE,FF,FE,FF,00,00,
99000,00000055,false,Rx,0,8,10,27,00,00,00,00,00,00,
99000,00000056,false,Rx,0,8,10,27,00,00,00,00,00,00,
99000,00000057,false,Rx,0,8,00,00,FE,FF,FE,FF,00,00,
179000,00000066,false,Rx,0,8,03,10,00,00,00,00,00,00,
189000,0000060D,false,Rx,0,8,0D,10,82,B6,09,20,70,00,
289000,0000060D,false,Rx,0,8,0D,10,82,B6,09,20,70,00,
299000,00000054,false,Rx,0,8,00,00,FE,FF,FE,FF,00,00,
299000,00000055,false,Rx,0,8,10,27,00,00,00,00,00,00,
299000,00000056,false,Rx,0,8,10,27,00,00,00,00,00,00,
299000,00000057,false,Rx,0,8,00,00,FE,FF,FE,FF,00,00,
389000,0000060D,false,Rx,0,8,0D,10,82,B6,09,20,70,00,
489000,0000060D,false,Rx,0,8,0D,10,82,B6,09,20,70,00,
499000,00000054,false,Rx,0,8,00,00,FE,FF,FE,FF,00,00,
499000,00000055,false,Rx,0,8,10,27,00,00,00,00,00,00,
499000,00000056,false,Rx,0,8,10,27,00,00,00,00,00,00,
499000,00000057,false,Rx,0,8,00,00,FE,FF,FE,FF,00,00,
589000,0000060D,false,Rx,0,8,0D,10,82,B6,09,20,70,00,
630000,00000066,false,Rx,0,8,03,10,00,00,00,00,00,00,
639000,00000066,false,Rx,0,8,01,10,00,00,00,00,00,00,
689000,0000060D,false,Rx,0,8,0D,10,82,B6,09,20,70,00,
0,00000054,false,Rx,0,8,00,00,FE,FF,FE,FF,00,00,
0,00000055,false,Rx,0,8,10,27,00,00,00,00,00,00,
699000,00000056,false,Rx,0,8,10,27,00,00,00,00,00,00,
699000,00000057,false,Rx,0,8,00,00,FE,FF,FE,FF,00,00,
788000,00000066,false,Rx,0,8,01,10,00,00,00,00,00,00,
789000,0000060D,false,Rx,0,8,0D,10,82,B6,09,20,70,00,
889000,0000060D,false,Rx,0,8,0D,10,82,B6,09,20,70,00,
0,00000054,false,Rx,0,8,00,00,FE,FF,FE,FF,00,00,
0,00000055,false,Rx,0,8,10,27,00,00,00,00,00,00,
900000,00000056,false,Rx,0,8,10,27,00,00,00,00,00,00,
900000,00000057,false,Rx,0,8,00,00,FE,FF,FE,FF,00,00,
939000,00000066,false,Rx,0,8,01,10,00,00,00,00,00,00,
988000,0000060D,false,Rx,0,8,0D,10,82,B6,09,20,70,00,
0,00000066,false,Rx,0,8,01,10,00,00,00,00,00,00,
0,0000060D,false,Rx,0,8,0D,10,82,B6,09,20,70,00,
0,00000054,false,Rx,0,8,00,00,FE,FF,FE,FF,00,00,
0,00000055,false,Rx,0,8,10,27,00,00,00,00,00,00,
0,00000056,false,Rx,0,8,10,27,00,00,00,00,00,00,
99000,00000057,false,Rx,0,8,00,00,FE,FF,FE,FF,00,00,
189000,0000060D,false,Rx,0,8,0D,10,82,B6,09,20,70,00,
289000,0000060D,false,Rx,0,8,0D,10,82,B6,09,20,70,00,
299000,00000054,false,Rx,0,8,00,00,FE,FF,FE,FF,00,00,
299000,00000055,false,Rx,0,8,10,27,00,00,00,00,00,00,
299000,00000056,false,Rx,0,8,10,27,00,00,00,00,00,00,
299000,00000057,false,Rx,0,8,00,00,FE,FF,FE,FF,00,00,
388000,0000060D,false,Rx,0,8,0D,10,82,B6,09,20,70,00,
489000,0000060D,false,Rx,0,8,0D,10,82,B6,09,20,70,00,
499000,00000054,false,Rx,0,8,00,00,FE,FF,FE,FF,00,00,
499000,00000055,false,Rx,0,8,10,27,00,00,00,00,00,00,
499000,00000056,false,Rx,0,8,10,27,00,00,00,00,00,00,
500000,00000057,false,Rx,0,8,00,00,FE,FF,FE,FF,00,00,
539000,00000066,false,Rx,0,8,01,10,00,00,00,00,00,00,
559000,00000066,false,Rx,0,8,02,10,00,00,00,00,00,00,
589000,0000060D,false,Rx,0,8,0D,10,82,B6,09,20,70,00,
688000,0000060D,false,Rx,0,8,0D,10,82,B6,09,20,70,00,
0,00000054,false,Rx,0,8,00,00,FE,FF,FE,FF,00,00,
0,00000055,false,Rx,0,8,10,27,00,00,00,00,00,00,
0,00000056,false,Rx,0,8,10,27,00,00,00,00,00,00,
700000,00000057,false,Rx,0,8,00,00,FE,FF,FE,FF,00,00,
709000,00000066,false,Rx,0,8,02,10,00,00,00,00,00,00,
789000,0000060D,false,Rx,0,8,0D,10,82,B6,09,20,70,00,
859000,00000066,false,Rx,0,8,02,10,00,00,00,00,00,00,
889000,0000060D,false,Rx,0,8,0D,10,82,B6,09,20,70,00,
0,00000054,false,Rx,0,8,00,00,FE,FF,FE,FF,00,00,
0,00000055,false,Rx,0,8,10,27,00,00,00,00,00,00,
899000,00000056,false,Rx,0,8,10,27,00,00,00,00,00,00,
900000,00000057,false,Rx,0,8,00,00,FE,FF,FE,FF,00,00,
989000,0000060D,false,Rx,0,8,0D,10,82,B6,09,20,70,00,
9000,00000066,false,Rx,0,8,02,10,00,00,00,00,00,00,
89000,0000060D,false,Rx,0,8,0D,10,82,B6,09,20,70,00,
99000,00000054,false,Rx,0,8,00,00,FE,FF,FE,FF,00,00,
99000,00000055,false,Rx,0,8,10,27,00,00,00,00,00,00,
0,00000056,false,Rx,0,8,10,27,00,00,00,00,00,00,
0,00000057,false,Rx,0,8,00,00,FE,FF,FE,FF,00,00,
189000,0000060D,false,Rx,0,8,0D,10,82,B6,09,20,70,00,
289000,0000060D,false,Rx,0,8,0D,10,82,B6,09,20,70,00,
0,00000054,false,Rx,0,8,00,00,FE,FF,FE,FF,00,00,
0,00000055,false,Rx,0,8,10,27,00,00,00,00,00,00,
0,00000056,false,Rx,0,8,10,27,00,00,00,00,00,00,
0,00000057,false,Rx,0,8,00,00,FE,FF,FE,FF,00,00,
389000,0000060D,false,Rx,0,8,0D,10,82,B6,09,20,70,00,
459000,00000066,false,Rx,0,8,03,10,00,00,00,00,00,00,
489000,0000060D,false,Rx,0,8,0D,10,82,B6,09,20,70,00,
498000,00000054,false,Rx,0,8,00,00,FE,FF,FE,FF,00,00,
498000,00000055,false,Rx,0,8,10,27,00,00,00,00,00,00,
0,00000056,false,Rx,0,8,10,27,00,00,00,00,00,00,
0,00000057,false,Rx,0,8,00,00,FE,FF,FE,FF,00,00,
589000,0000060D,false,Rx,0,8,0D,10,82,B6,09,20,70,00,
609000,00000066,false,Rx,0,8,03,10,00,00,00,00,00,00,
690000,0000060D,false,Rx,0,8,0D,10,82,B6,09,20,70,00,
0,00000054,false,Rx,0,8,00,00,FE,FF,FE,FF,00,00,
0,00000055,false,Rx,0,8,10,27,00,00,00,00,00,00,
699000,00000056,false,Rx,0,8,10,27,00,00,00,00,00,00,
699000,00000057,false,Rx,0,8,00,00,FE,FF,FE,FF,00,00,
759000,00000066,false,Rx,0,8,03,10,00,00,00,00,00,00,
789000,0000060D,false,Rx,0,8,0D,10,82,B6,09,20,70,00,
889000,0000060D,false,Rx,0,8,0D,10,82,B6,09,20,70,00,
898000,00000054,false,Rx,0,8,00,00,FE,FF,FE,FF,00,00,
898000,00000055,false,Rx,0,8,10,27,00,00,00,00,00,00,
900000,00000056,false,Rx,0,8,10,27,00,00,00,00,00,00,
900000,00000057,false,Rx,0,8,00,00,FE,FF,FE,FF,00,00,
909000,00000066,false,Rx,0,8,03,10,00,00,00,00,00,00,
989000,0000060D,false,Rx,0,8,0D,10,82,B6,09,20,70,00,
89000,0000060D,false,Rx,0,8,0D,10,82,B6,09,20,70,00,
99000,00000054,false,Rx,0,8,00,00,FE,FF,FE,FF,00,00,
99000,00000055,false,Rx,0,8,10,27,00,00,00,00,00,00,
99000,00000056,false,Rx,0,8,10,27,00,00,00,00,00,00,
100000,00000057,false,Rx,0,8,00,00,FE,FF,FE,FF,00,00,
189000,0000060D,false,Rx,0,8,0D,10,82,B6,09,20,70,00,
289000,0000060D,false,Rx,0,8,0D,10,82,B6,09,20,70,00,
299000,00000054,false,Rx,0,8,00,00,FE,FF,FE,FF,00,00,
299000,00000055,false,Rx,0,8,10,27,00,00,00,00,00,00,
299000,00000056,false,Rx,0,8,10,27,00,00,00,00,00,00,
299000,00000057,false,Rx,0,8,00,00,FE,FF,FE,FF,00,00,
389000,00000066,false,Rx,0,8,01,10,00,00,00,00,00,00,
389000,0000060D,false,Rx,0,8,0D,10,82,B6,09,20,70,00,
489000,0000060D,false,Rx,0,8,0D,10,82,B6,09,20,70,00,
498000,00000054,false,Rx,0,8,00,00,FE,FF,FE,FF,00,00,
498000,00000055,false,Rx,0,8,10,27,00,00,00,00,00,00,
499000,00000056,false,Rx,0,8,10,27,00,00,00,00,00,00,
499000,00000057,false,Rx,0,8,00,00,FE,FF,FE,FF,00,00,
539000,00000066,false,Rx,0,8,01,10,00,00,00,00,00,00,
589000,0000060D,false,Rx,0,8,0D,10,82,B6,09,20,70,00,
0,00000066,false,Rx,0,8,01,10,00,00,00,00,00,00,
0,0000060D,false,Rx,0,8,0D,10,82,B6,09,20,70,00,
0,00000054,false,Rx,0,8,00,00,FE,FF,FE,FF,00,00,
0,00000055,false,Rx,0,8,10,27,00,00,00,00,00,00,
700000,00000056,false,Rx,0,8,10,27,00,00,00,00,00,00,
700000,00000057,false,Rx,0,8,00,00,FE,FF,FE,FF,00,00,
789000,0000060D,false,Rx,0,8,0D,10,82,B6,09,20,70,00,
838000,00000066,false,Rx,0,8,01,10,00,00,00,00,00,00,
888000,0000060D,false,Rx,0,8,0D,10,82,B6,09,20,70,00,
899000,00000054,false,Rx,0,8,00,00,FE,FF,FE,FF,00,00,
899000,00000055,false,Rx,0,8,10,27,00,00,00,00,00,00,
899000,00000056,false,Rx,0,8,10,27,00,00,00,00,00,00,
900000,00000057,false,Rx,0,8,00,00,FE,FF,FE,FF,00,00,
989000,0000060D,false,Rx,0,8,0D,10,82,B6,09,20,70,00,
89000,0000060D,false,Rx,0,8,0D,10,82,B6,09,20,70,00,
0,00000054,false,Rx,0,8,00,00,FE,FF,FE,FF,00,00,
0,00000055,false,Rx,0,8,10,27,00,00,00,00,00,00,
99000,00000056,false,Rx,0,8,10,27,00,00,00,00,00,00,
99000,00000057,false,Rx,0,8,00,00,FE,FF,FE,FF,00,00,
189000,0000060D,false,Rx,0,8,0D,10,82,B6,09,20,70,00,
289000,0000060D,false,Rx,0,8,0D,10,82,B6,09,20,70,00,
299000,00000054,false,Rx,0,8,00,00,FE,FF,FE,FF,00,00,
299000,00000055,false,Rx,0,8,10,27,00,00,00,00,00,00,
0,00000056,false,Rx,0,8,10,27,00,00,00,00,00,00,
0,00000057,false,Rx,0,8,00,00,FE,FF,FE,FF,00,00,
299000,00000066,false,Rx,0,8,02,10,00,00,00,00,00,00,
390000,0000060D,false,Rx,0,8,0D,10,82,B6,09,20,70,00,
449000,00000066,false,Rx,0,8,02,10,00,00,00,00,00,00,
489000,0000060D,false,Rx,0,8,0D,10,82,B6,09,20,70,00,
499000,00000054,false,Rx,0,8,00,00,FE,FF,FE,FF,00,00,
499000,00000055,false,Rx,0,8,10,27,00,00,00,00,00,00,
499000,00000056,false,Rx,0,8,10,27,00,00,00,00,00,00,
500000,00000057,false,Rx,0,8,00,00,FE,FF,FE,FF,00,00,
589000,0000060D,false,Rx,0,8,0D,10,82,B6,09,20,70,00,
599000,00000066,false,Rx,0,8,02,10,00,00,00,00,00,00,
689000,0000060D,false,Rx,0,8,0D,10,82,B6,09,20,70,00,
0,00000054,false,Rx,0,8,00,00,FE,FF,FE,FF,00,00,
0,00000055,false,Rx,0,8,10,27,00,00,00,00,00,00,
0,00000056,false,Rx,0,8,10,27,00,00,00,00,00,00,
700000,00000057,false,Rx,0,8,00,00,FE,FF,FE,FF,00,00,
749000,00000066,false,Rx,0,8,02,10,00,00,00,00,00,00,
789000,0000060D,false,Rx,0,8,0D,10,82,B6,09,20,70,00,
890000,0000060D,false,Rx,0,8,0D,10,82,B6,09,20,70,00,
0,00000054,false,Rx,0,8,00,00,FE,FF,FE,FF,00,00,
0,00000055,false,Rx,0,8,10,27,00,00,00,00,00,00,
899000,00000056,false,Rx,0,8,10,27,00,00,00,00,00,00,
899000,00000057,false,Rx,0,8,00,00,FE,FF,FE,FF,00,00,
989000,0000060D,false,Rx,0,8,0D,10,82,B6,09,20,70,00,
88000,0000060D,false,Rx,0,8,0D,10,82,B6,09,20,70,00,
98000,00000054,false,Rx,0,8,00,00,FE,FF,FE,FF,00,00,
99000,00000055,false,Rx,0,8,10,27,00,00,00,00,00,00,
99000,00000056,false,Rx,0,8,10,27,00,00,00,00,00,00,
99000,00000057,false,Rx,0,8,00,00,FE,FF,FE,FF,00,00,
189000,0000060D,false,Rx,0,8,0D,10,82,B6,09,20,70,00,
199000,00000066,false,Rx,0,8,03,10,00,00,00,00,00,00,
289000,0000060D,false,Rx,0,8,0D,10,82,B6,09,20,70,00,
298000,00000054,false,Rx,0,8,00,00,FE,FF,FE,FF,00,00,
298000,00000055,false,Rx,0,8,10,27,00,00,00,00,00,00,
299000,00000056,false,Rx,0,8,10,27,00,00,00,00,00,00,
299000,00000057,false,Rx,0,8,00,00,FE,FF,FE,FF,00,00,
348000,00000066,false,Rx,0,8,03,10,00,00,00,00,00,00,
388000,0000060D,false,Rx,0,8,0D,10,82,B6,09,20,70,00,
489000,0000060D,false,Rx,0,8,0D,10,82,B6,09,20,70,00,
499000,00000054,false,Rx,0,8,00,00,FE,FF,FE,FF,00,00,
499000,00000055,false,Rx,0,8,10,27,00,00,00,00,00,00,
499000,00000056,false,Rx,0,8,10,27,00,00,00,00,00,00,
499000,00000057,false,Rx,0,8,00,00,FE,FF,FE,FF,00,00,
500000,00000066,false,Rx,0,8,03,10,00,00,00,00,00,00,
588000,0000060D,false,Rx,0,8,0D,10,82,B6,09,20,70,00,
649000,00000066,false,Rx,0,8,03,10,00,00,00,00,00,00,
689000,0000060D,false,Rx,0,8,0D,10,82,B6,09,20,70,00,
0,00000054,false,Rx,0,8,00,00,FE,FF,FE,FF,00,00,
0,00000055,false,Rx,0,8,10,27,00,00,00,00,00,00,
699000,00000056,false,Rx,0,8,10,27,00,00,00,00,00,00,
700000,00000057,false,Rx,0,8,00,00,FE,FF,FE,FF,00,00,
788000,0000060D,false,Rx,0,8,0D,10,82,B6,09,20,70,00,
889000,0000060D,false,Rx,0,8,0D,10,82,B6,09,20,70,00,
899000,00000054,false,Rx,0,8,00,00,FE,FF,FE,FF,00,00,
899000,00000055,false,Rx,0,8,10,27,00,00,00,00,00,00,
899000,00000056,false,Rx,0,8,10,27,00,00,00,00,00,00,
899000,00000057,false,Rx,0,8,00,00,FE,FF,FE,FF,00,00,
989000,0000060D,false,Rx,0,8,0D,10,82,B6,09,20,70,00,
89000,0000060D,false,Rx,0,8,0D,10,82,B6,09,20,70,00,
98000,00000054,false,Rx,0,8,00,00,FE,FF,FE,FF,00,00,
98000,00000055,false,Rx,0,8,10,27,00,00,00,00,00,00,
98000,00000056,false,Rx,0,8,10,27,00,00,00,00,00,00,
100000,00000057,false,Rx,0,8,00,00,FE,FF,FE,FF,00,00,
100000,00000066,false,Rx,0,8,01,10,00,00,00,00,00,00,
189000,0000060D,false,Rx,0,8,0D,10,82,B6,09,20,70,00,
249000,00000066,false,Rx,0,8,01,10,00,00,00,00,00,00,
288000,0000060D,false,Rx,0,8,0D,10,82,B6,09,20,70,00,
0,00000054,false,Rx,0,8,00,00,FE,FF,FE,FF,00,00,
0,00000055,false,Rx,0,8,10,27,00,00,00,00,00,00,
0,00000056,false,Rx,0,8,10,27,00,00,00,00,00,00,
0,00000057,false,Rx,0,8,00,00,FE,FF,FE,FF,00,00,
389000,0000060D,false,Rx,0,8,0D,10,82,B6,09,20,70,00,
399000,00000066,false,Rx,0,8,01,10,00,00,00,00,00,00,
489000,0000060D,false,Rx,0,8,0D,10,82,B6,09,20,70,00,
498000,00000054,false,Rx,0,8,00,00,FE,FF,FE,FF,00,00,
498000,00000055,false,Rx,0,8,10,27,00,00,00,00,00,00,
0,00000056,false,Rx,0,8,10,27,00,00,00,00,00,00,
0,00000057,false,Rx,0,8,00,00,FE,FF,FE,FF,00,00,
549000,00000066,false,Rx,0,8,01,10,00,00,00,00,00,00,
589000,0000060D,false,Rx,0,8,0D,10,82,B6,09,20,70,00,
689000,0000060D,false,Rx,0,8,0D,10,82,B6,09,20,70,00,
699000,00000054,false,Rx,0,8,00,00,FE,FF,FE,FF,00,00,
699000,00000055,false,Rx,0,8,10,27,00,00,00,00,00,00,
699000,00000056,false,Rx,0,8,10,27,00,00,00,00,00,00,
699000,00000057,false,Rx,0,8,00,00,FE,FF,FE,FF,00,00,
788000,0000060D,false,Rx,0,8,0D,10,82,B6,09,20,70,00,
890000,0000060D,false,Rx,0,8,0D,10,82,B6,09,20,70,00,
0,00000054,false,Rx,0,8,00,00,FE,FF,FE,FF,00,00,
0,00000055,false,Rx,0,8,10,27,00,00,00,00,00,00,
900000,00000056,false,Rx,0,8,10,27,00,00,00,00,00,00,
900000,00000057,false,Rx,0,8,00,00,FE,FF,FE,FF,00,00,
989000,0000060D,false,Rx,0,8,0D,10,82,B6,09,20,70,00,
999000,00000066,false,Rx,0,8,02,10,00,00,00,00,00,00,
89000,0000060D,false,Rx,0,8,0D,10,82,B6,09,20,70,00,
99000,00000054,false,Rx,0,8,00,00,FE,FF,FE,FF,00,00,
99000,00000055,false,Rx,0,8,10,27,00,00,00,00,00,00,
100000,00000056,false,Rx,0,8,10,27,00,00,00,00,00,00,
100000,00000057,false,Rx,0,8,00,00,FE,FF,FE,FF,00,00,
149000,00000066,false,Rx,0,8,02,10,00,00,00,00,00,00,
188000,0000060D,false,Rx,0,8,0D,10,82,B6,09,20,70,00,
289000,0000060D,false,Rx,0,8,0D,10,82,B6,09,20,70,00,
298000,00000054,false,Rx,0,8,00,00,FE,FF,FE,FF,00,00,
299000,00000055,false,Rx,0,8,10,27,00,00,00,00,00,00,
299000,00000056,false,Rx,0,8,10,27,00,00,00,00,00,00,
299000,00000057,false,Rx,0,8,00,00,FE,FF,FE,FF,00,00,
299000,00000066,false,Rx,0,8,02,10,00,00,00,00,00,00,
389000,0000060D,false,Rx,0,8,0D,10,82,B6,09,20,70,00,
448000,00000066,false,Rx,0,8,02,10,00,00,00,00,00,00,
489000,0000060D,false,Rx,0,8,0D,10,82,B6,09,20,70,00,
499000,00000054,false,Rx,0,8,00,00,FE,FF,FE,FF,00,00,
0,00000055,false,Rx,0,8,10,27,00,00,00,00,00,00,
0,00000056,false,Rx,0,8,10,27,00,00,00,00,00,00,
500000,00000057,false,Rx,0,8,00,00,FE,FF,FE,FF,00,00,
589000,0000060D,false,Rx,0,8,0D,10,82,B6,09,20,70,00,
689000,0000060D,false,Rx,0,8,0D,10,82,B6,09,20,70,00,
0,00000054,false,Rx,0,8,00,00,FE,FF,FE,FF,00,00,
0,00000055,false,Rx,0,8,10,27,00,00,00,00,00,00,
700000,00000056,false,Rx,0,8,10,27,00,00,00,00,00,00,
700000,00000057,false,Rx,0,8,00,00,FE,FF,FE,FF,00,00,
788000,0000060D,false,Rx,0,8,0D,10,82,B6,09,20,70,00,
889000,0000060D,false,Rx,0,8,0D,10,82,B6,09,20,70,00,
0,00000054,false,Rx,0,8,00,00,FE,FF,FE,FF,00,00,
0,00000055,false,Rx,0,8,10,27,00,00,00,00,00,00,
900000,00000056,false,Rx,0,8,10,27,00,00,00,00,00,00,
900000,00000057,false,Rx,0,8,00,00,FE,FF,FE,FF,00,00,
909000,00000066,false,Rx,0,8,03,10,00,00,00,00,00,00,
989000,0000060D,false,Rx,0,8,0D,10,82,B6,09,20,70,00,
59000,00000066,false,Rx,0,8,03,10,00,00,00,00,00,00,
89000,0000060D,false,Rx,0,8,0D,10,82,B6,09,20,70,00,
99000,00000054,false,Rx,0,8,00,00,FE,FF,FE,FF,00,00,
99000,00000055,false,Rx,0,8,10,27,00,00,00,00,00,00,
99000,00000056,false,Rx,0,8,10,27,00,00,00,00,00,00,
100000,00000057,false,Rx,0,8,00,00,FE,FF,FE,FF,00,00,
189000,0000060D,false,Rx,0,8,0D,10,82,B6,09,20,70,00,
210000,00000066,false,Rx,0,8,03,10,00,00,00,00,00,00,
289000,0000060D,false,Rx,0,8,0D,10,82,B6,09,20,70,00,
0,00000054,false,Rx,0,8,00,00,FE,FF,FE,FF,00,00,
0,00000055,false,Rx,0,8,10,27,00,00,00,00,00,00,
299000,00000056,false,Rx,0,8,10,27,00,00,00,00,00,00,
300000,00000057,false,Rx,0,8,00,00,FE,FF,FE,FF,00,00,
359000,00000066,false,Rx,0,8,03,10,00,00,00,00,00,00,
389000,0000060D,false,Rx,0,8,0D,10,82,B6,09,20,70,00,
489000,0000060D,false,Rx,0,8,0D,10,82,B6,09,20,70,00,
0,00000054,false,Rx,0,8,00,00,FE,FF,FE,FF,00,00,
0,00000055,false,Rx,0,8,10,27,00,00,00,00,00,00,
0,00000056,false,Rx,0,8,10,27,00,00,00,00,00,00,
500000,00000057,false,Rx,0,8,00,00,FE,FF,FE,FF,00,00,
589000,0000060D,false,Rx,0,8,0D,10,82,B6,09,20,70,00,
689000,0000060D,false,Rx,0,8,0D,10,82,B6,09,20,70,00,
699000,00000054,false,Rx,0,8,00,00,FE,FF,FE,FF,00,00,
699000,00000055,false,Rx,0,8,10,27,00,00,00,00,00,00,
699000,00000056,false,Rx,0,8,10,27,00,00,00,00,00,00,
700000,00000057,false,Rx,0,8,00,00,FE,FF,FE,FF,00,00,
789000,0000060D,false,Rx,0,8,0D,10,82,B6,09,20,70,00,
808000,00000066,false,Rx,0,8,01,10,00,00,00,00,00,00,
889000,0000060D,false,Rx,0,8,0D,10,82,B6,09,20,70,00,
899000,00000054,false,Rx,0,8,00,00,FE,FF,FE,FF,00,00,
0,00000055,false,Rx,0,8,10,27,00,00,00,00,00,00,
0,00000056,false,Rx,0,8,10,27,00,00,00,00,00,00,
900000,00000057,false,Rx,0,8,00,00,FE,FF,FE,FF,00,00,
959000,00000066,false,Rx,0,8,01,10,00,00,00,00,00,00,
989000,0000060D,false,Rx,0,8,0D,10,82,B6,09,20,70,00,
89000,0000060D,false,Rx,0,8,0D,10,82,B6,09,20,70,00,
0,00000054,false,Rx,0,8,00,00,FE,FF,FE,FF,00,00,
0,00000055,false,Rx,0,8,10,27,00,00,00,00,00,00,
99000,00000056,false,Rx,0,8,10,27,00,00,00,00,00,00,
99000,00000057,false,Rx,0,8,00,00,FE,FF,FE,FF,00,00,
109000,00000066,false,Rx,0,8,01,10,00,00,00,00,00,00,
189000,0000060D,false,Rx,0,8,0D,10,82,B6,09,20,70,00,
259000,00000066,false,Rx,0,8,01,10,00,00,00,00,00,00,
289000,0000060D,false,Rx,0,8,0D,10,82,B6,09,20,70,00,
299000,00000054,false,Rx,0,8,00,00,FE,FF,FE,FF,00,00,
299000,00000055,false,Rx,0,8,10,27,00,00,00,00,00,00,
299000,00000056,false,Rx,0,8,10,27,00,00,00,00,00,00,
299000,00000057,false,Rx,0,8,00,00,FE,FF,FE,FF,00,00,
389000,0000060D,false,Rx,0,8,0D,10,82,B6,09,20,70,00,
489000,0000060D,false,Rx,0,8,0D,10,82,B6,09,20,70,00,
498000,00000054,false,Rx,0,8,00,00,FE,FF,FE,FF,00,00,
0,00000055,false,Rx,0,8,10,27,00,00,00,00,00,00,
0,00000056,false,Rx,0,8,10,27,00,00,00,00,00,00,
499000,00000057,false,Rx,0,8,00,00,FE,FF,FE,FF,00,00,
588000,0000060D,false,Rx,0,8,0D,10,82,B6,09,20,70,00,
689000,0000060D,false,Rx,0,8,0D,10,82,B6,09,20,70,00,
698000,00000054,false,Rx,0,8,00,00,FE,FF,FE,FF,00,00,
699000,00000055,false,Rx,0,8,10,27,00,00,00,00,00,00,
699000,00000056,false,Rx,0,8,10,27,00,00,00,00,00,00,
699000,00000057,false,Rx,0,8,00,00,FE,FF,FE,FF,00,00,
709000,00000066,false,Rx,0,8,02,10,00,00,00,00,00,00,
788000,0000060D,false,Rx,0,8,0D,10,82,B6,09,20,70,00,
859000,00000066,false,Rx,0,8,02,10,00,00,00,00,00,00,
889000,0000060D,false,Rx,0,8,0D,10,82,B6,09,20,70,00,
899000,00000054,false,Rx,0,8,00,00,FE,FF,FE,FF,00,00,
899000,00000055,false,Rx,0,8,10,27,00,00,00,00,00,00,
899000,00000056,false,Rx,0,8,10,27,00,00,00,00,00,00,
900000,00000057,false,Rx,0,8,00,00,FE,FF,FE,FF,00,00,
989000,0000060D,false,Rx,0,8,0D,10,82,B6,09,20,70,00,
8000,00000066,false,Rx,0,8,02,10,00,00,00,00,00,00,
89000,0000060D,false,Rx,0,8,0D,10,82,B6,09,20,70,00,
99000,00000054,false,Rx,0,8,00,00,FE,FF,FE,FF,00,00,
99000,00000055,false,Rx,0,8,10,27,00,00,00,00,00,00,
99000,00000056,false,Rx,0,8,10,27,00,00,00,00,00,00,
100000,00000057,false,Rx,0,8,00,00,FE,FF,FE,FF,00,00,
159000,00000066,false,Rx,0,8,02,10,00,00,00,00,00,00,
188000,0000060D,false,Rx,0,8,0D,10,82,B6,09,20,70,00,
289000,0000060D,false,Rx,0,8,0D,10,82,B6,09,20,70,00,
299000,00000054,false,Rx,0,8,00,00,FE,FF,FE,FF,00,00,
299000,00000055,false,Rx,0,8,10,27,00,00,00,00,00,00,
299000,00000056,false,Rx,0,8,10,27,00,00,00,00,00,00,
299000,00000057,false,Rx,0,8,00,00,FE,FF,FE,FF,00,00,
389000,0000060D,false,Rx,0,8,0D,10,82,B6,09,20,70,00,
488000,0000060D,false,Rx,0,8,0D,10,82,B6,09,20,70,00,
498000,00000054,false,Rx,0,8,00,00,FE,FF,FE,FF,00,00,
498000,00000055,false,Rx,0,8,10,27,00,00,00,00,00,00,
499000,00000056,false,Rx,0,8,10,27,00,00,00,00,00,00,
499000,00000057,false,Rx,0,8,00,00,FE,FF,FE,FF,00,00,
589000,0000060D,false,Rx,0,8,0D,10,82,B6,09,20,70,00,
610000,00000066,false,Rx,0,8,03,10,00,00,00,00,00,00,
689000,0000060D,false,Rx,0,8,0D,10,82,B6,09,20,70,00,
0,00000054,false,Rx,0,8,00,00,FE,FF,FE,FF,00,00,
0,00000055,false,Rx,0,8,10,27,00,00,00,00,00,00,
699000,00000056,false,Rx,0,8,10,27,00,00,00,00,00,00,
699000,00000057,false,Rx,0,8,00,00,FE,FF,FE,FF,00,00,
759000,00000066,false,Rx,0,8,03,10,00,00,00,00,00,00,
789000,0000060D,false,Rx,0,8,0D,10,82,B6,09,20,70,00,
890000,0000060D,false,Rx,0,8,0D,10,82,B6,09,20,70,00,
899000,00000054,false,Rx,0,8,00,00,FE,FF,FE,FF,00,00,
899000,00000055,false,Rx,0,8,10,27,00,00,00,00,00,00,
899000,00000056,false,Rx,0,8,10,27,00,00,00,00,00,00,
899000,00000057,false,Rx,0,8,00,00,FE,FF,FE,FF,00,00,
909000,00000066,false,Rx,0,8,03,10,00,00,00,00,00,00,
989000,0000060D,false,Rx,0,8,0D,10,82,B6,09,20,70,00,
58000,00000066,false,Rx,0,8,03,10,00,00,00,00,00,00,
89000,0000060D,false,Rx,0,8,0D,10,82,B6,09,20,70,00,
0,00000054,false,Rx,0,8,00,00,FE,FF,FE,FF,00,00,
0,00000055,false,Rx,0,8,10,27,00,00,00,00,00,00,
99000,00000056,false,Rx,0,8,10,27,00,00,00,00,00,00,
99000,00000057,false,Rx,0,8,00,00,FE,FF,FE,FF,00,00,
189000,0000060D,false,Rx,0,8,0D,10,82,B6,09,20,70,00,
289000,0000060D,false,Rx,0,8,0D,10,82,B6,09,20,70,00,
299000,00000054,false,Rx,0,8,00,00,FE,FF,FE,FF,00,00,
299000,00000055,false,Rx,0,8,10,27,00,00,00,00,00,00,
299000,00000056,false,Rx,0,8,10,27,00,00,00,00,00,00,
299000,00000057,false,Rx,0,8,00,00,FE,FF,FE,FF,00,00,
389000,0000060D,false,Rx,0,8,0D,10,82,B6,09,20,70,00,
488000,0000060D,false,Rx,0,8,0D,10,82,B6,09,20,70,00,
498000,00000054,false,Rx,0,8,00,00,FE,FF,FE,FF,00,00,
498000,00000055,false,Rx,0,8,10,27,00,00,00,00,00,00,
499000,00000056,false,Rx,0,8,10,27,00,00,00,00,00,00,
499000,00000057,false,Rx,0,8,00,00,FE,FF,FE,FF,00,00,
508000,00000066,false,Rx,0,8,01,10,00,00,00,00,00,00,
589000,0000060D,false,Rx,0,8,0D,10,82,B6,09,20,70,00,
659000,00000066,false,Rx,0,8,01,10,00,00,00,00,00,00,
689000,0000060D,false,Rx,0,8,0D,10,82,B6,09,20,70,00,
0,00000054,false,Rx,0,8,00,00,FE,FF,FE,FF,00,00,
0,00000055,false,Rx,0,8,10,27,00,00,00,00,00,00,
0,00000056,false,Rx,0,8,10,27,00,00,00,00,00,00,
699000,00000057,false,Rx,0,8,00,00,FE,FF,FE,FF,00,00,
788000,0000060D,false,Rx,0,8,0D,10,82,B6,09,20,70,00,
809000,00000066,false,Rx,0,8,01,10,00,00,00,00,00,00,
889000,0000060D,false,Rx,0,8,0D,10,82,B6,09,20,70,00,
899000,00000054,false,Rx,0,8,00,00,FE,FF,FE,FF,00,00,
899000,00000055,false,Rx,0,8,10,27,00,00,00,00,00,00,
0,00000056,false,Rx,0,8,10,27,00,00,00,00,00,00,
0,00000057,false,Rx,0,8,00,00,FE,FF,FE,FF,00,00,
959000,00000066,false,Rx,0,8,01,10,00,00,00,00,00,00,
989000,0000060D,false,Rx,0,8,0D,10,82,B6,09,20,70,00,
89000,0000060D,false,Rx,0,8,0D,10,82,B6,09,20,70,00,
0,00000054,false,Rx,0,8,00,00,FE,FF,FE,FF,00,00,
0,00000055,false,Rx,0,8,10,27,00,00,00,00,00,00,
99000,00000056,false,Rx,0,8,10,27,00,00,00,00,00,00,
99000,00000057,false,Rx,0,8,00,00,FE,FF,FE,FF,00,00,
189000,0000060D,false,Rx,0,8,0D,10,82,B6,09,20,70,00,
289000,0000060D,false,Rx,0,8,0D,10,82,B6,09,20,70,00,
299000,00000054,false,Rx,0,8,00,00,FE,FF,FE,FF,00,00,
0,00000055,false,Rx,0,8,10,27,00,00,00,00,00,00,
0,00000056,false,Rx,0,8,10,27,00,00,00,00,00,00,
300000,00000057,false,Rx,0,8,00,00,FE,FF,FE,FF,00,00,
389000,0000060D,false,Rx,0,8,0D,10,82,B6,09,20,70,00,
409000,00000066,false,Rx,0,8,02,10,00,00,00,00,00,00,
489000,0000060D,false,Rx,0,8,0D,10,82,B6,09,20,70,00,
498000,00000054,false,Rx,0,8,00,00,FE,FF,FE,FF,00,00,
499000,00000055,false,Rx,0,8,10,27,00,00,00,00,00,00,
0,00000056,false,Rx,0,8,10,27,00,00,00,00,00,00,
0,00000057,false,Rx,0,8,00,00,FE,FF,FE,FF,00,00,
559000,00000066,false,Rx,0,8,02,10,00,00,00,00,00,00,
589000,0000060D,false,Rx,0,8,0D,10,82,B6,09,20,70,00,
689000,0000060D,false,Rx,0,8,0D,10,82,B6,09,20,70,00,
699000,00000054,false,Rx,0,8,00,00,FE,FF,FE,FF,00,00,
699000,00000055,false,Rx,0,8,10,27,00,00,00,00,00,00,
699000,00000056,false,Rx,0,8,10,27,00,00,00,00,00,00,
699000,00000057,false,Rx,0,8,00,00,FE,FF,FE,FF,00,00,
709000,00000066,false,Rx,0,8,02,10,00,00,00,00,00,00,
789000,0000060D,false,Rx,0,8,0D,10,82,B6,09,20,70,00,
859000,00000066,false,Rx,0,8,02,10,00,00,00,00,00,00,
889000,0000060D,false,Rx,0,8,0D,10,82,B6,09,20,70,00,
898000,00000054,false,Rx,0,8,00,00,FE,FF,FE,FF,00,00,
898000,00000055,false,Rx,0,8,10,27,00,00,00,00,00,00,
899000,00000056,false,Rx,0,8,10,27,00,00,00,00,00,00,
899000,00000057,false,Rx,0,8,00,00,FE,FF,FE,FF,00,00,
990000,0000060D,false,Rx,0,8,0D,10,82,B6,09,20,70,00,
89000,0000060D,false,Rx,0,8,0D,10,82,B6,09,20,70,00,
99000,00000054,false,Rx,0,8,00,00,FE,FF,FE,FF,00,00,
99000,00000055,false,Rx,0,8,10,27,00,00,00,00,00,00,
99000,00000056,false,Rx,0,8,10,27,00,00,00,00,00,00,
99000,00000057,false,Rx,0,8,00,00,FE,FF,FE,FF,00,00,
189000,0000060D,false,Rx,0,8,0D,10,82,B6,09,20,70,00,
289000,0000060D,false,Rx,0,8,0D,10,82,B6,09,20,70,00,
298000,00000054,false,Rx,0,8,00,00,FE,FF,FE,FF,00,00,
298000,00000055,false,Rx,0,8,10,27,00,00,00,00,00,00,
299000,00000056,false,Rx,0,8,10,27,00,00,00,00,00,00,
299000,00000057,false,Rx,0,8,00,00,FE,FF,FE,FF,00,00,
319000,00000066,false,Rx,0,8,03,10,00,00,00,00,00,00,
389000,0000060D,false,Rx,0,8,0D,10,82,B6,09,20,70,00,
469000,00000066,false,Rx,0,8,03,10,00,00,00,00,00,00,
488000,0000060D,false,Rx,0,8,0D,10,82,B6,09,20,70,00,
498000,00000054,false,Rx,0,8,00,00,FE,FF,FE,FF,00,00,
498000,00000055,false,Rx,0,8,10,27,00,00,00,00,00,00,
499000,00000056,false,Rx,0,8,10,27,00,00,00,00,00,00,
499000,00000057,false,Rx,0,8,00,00,FE,FF,FE,FF,00,00,
589000,0000060D,false,Rx,0,8,0D,10,82,B6,09,20,70,00,
619000,00000066,false,Rx,0,8,03,10,00,00,00,00,00,00,
689000,0000060D,false,Rx,0,8,0D,10,82,B6,09,20,70,00,
0,00000054,false,Rx,0,8,00,00,FE,FF,FE,FF,00,00,
0,00000055,false,Rx,0,8,10,27,00,00,00,00,00,00,
700000,00000056,false,Rx,0,8,10,27,00,00,00,00,00,00,
700000,00000057,false,Rx,0,8,00,00,FE,FF,FE,FF,00,00,
768000,00000066,false,Rx,0,8,03,10,00,00,00,00,00,00,
789000,0000060D,false,Rx,0,8,0D,10,82,B6,09,20,70,00,
889000,0000060D,false,Rx,0,8,0D,10,82,B6,09,20,70,00,
0,00000054,false,Rx,0,8,00,00,FE,FF,FE,FF,00,00,
0,00000055,false,Rx,0,8,10,27,00,00,00,00,00,00,
899000,00000056,false,Rx,0,8,10,27,00,00,00,00,00,00,
900000,00000057,false,Rx,0,8,00,00,FE,FF,FE,FF,00,00,
989000,0000060D,false,Rx,0,8,0D,10,82,B6,09,20,70,00,
89000,0000060D,false,Rx,0,8,0D,10,82,B6,09,20,70,00,
99000,00000054,false,Rx,0,8,00,00,FE,FF,FE,FF,00,00,
99000,00000055,false,Rx,0,8,10,27,00,00,00,00,00,00,
99000,00000056,false,Rx,0,8,10,27,00,00,00,00,00,00,
100000,00000057,false,Rx,0,8,00,00,FE,FF,FE,FF,00,00,
189000,0000060D,false,Rx,0,8,0D,10,82,B6,09,20,70,00,
219000,00000066,false,Rx,0,8,01,10,00,00,00,00,00,00,
289000,0000060D,false,Rx,0,8,0D,10,82,B6,09,20,70,00,
299000,00000054,false,Rx,0,8,00,00,FE,FF,FE,FF,00,00,
299000,00000055,false,Rx,0,8,10,27,00,00,00,00,00,00,
299000,00000056,false,Rx,0,8,10,27,00,00,00,00,00,00,
300000,00000057,false,Rx,0,8,00,00,FE,FF,FE,FF,00,00,
369000,00000066,false,Rx,0,8,01,10,00,00,00,00,00,00,
389000,0000060D,false,Rx,0,8,0D,10,82,B6,09,20,70,00,
489000,0000060D,false,Rx,0,8,0D,10,82,B6,09,20,70,00,
498000,00000054,false,Rx,0,8,00,00,FE,FF,FE,FF,00,00,
498000,00000055,false,Rx,0,8,10,27,00,00,00,00,00,00,
499000,00000056,false,Rx,0,8,10,27,00,00,00,00,00,00,
499000,00000057,false,Rx,0,8,00,00,FE,FF,FE,FF,00,00,
519000,00000066,false,Rx,0,8,01,10,00,00,00,00,00,00,
589000,0000060D,false,Rx,0,8,0D,10,82,B6,09,20,70,00,
669000,00000066,false,Rx,0,8,01,10,00,00,00,00,00,00,
689000,0000060D,false,Rx,0,8,0D,10,82,B6,09,20,70,00,
0,00000054,false,Rx,0,8,00,00,FE,FF,FE,FF,00,00,
0,00000055,false,Rx,0,8,10,27,00,00,00,00,00,00,
699000,00000056,false,Rx,0,8,10,27,00,00,00,00,00,00,
699000,00000057,false,Rx,0,8,00,00,FE,FF,FE,FF,00,00,
789000,0000060D,false,Rx,0,8,0D,10,82,B6,09,20,70,00,
889000,0000060D,false,Rx,0,8,0D,10,82,B6,09,20,70,00,
899000,00000054,false,Rx,0,8,00,00,FE,FF,FE,FF,00,00,
899000,00000055,false,Rx,0,8,10,27,00,00,00,00,00,00,
899000,00000056,false,Rx,0,8,10,27,00,00,00,00,00,00,
900000,00000057,false,Rx,0,8,00,00,FE,FF,FE,FF,00,00,
989000,0000060D,false,Rx,0,8,0D,10,82,B6,09,20,70,00,
89000,0000060D,false,Rx,0,8,0D,10,82,B6,09,20,70,00,
0,00000054,false,Rx,0,8,00,00,FE,FF,FE,FF,00,00,
0,00000055,false,Rx,0,8,10,27,00,00,00,00,00,00,
99000,00000056,false,Rx,0,8,10,27,00,00,00,00,00,00,
99000,00000057,false,Rx,0,8,00,00,FE,FF,FE,FF,00,00,
119000,00000066,false,Rx,0,8,02,10,00,00,00,00,00,00,
189000,0000060D,false,Rx,0,8,0D,10,82,B6,09,20,70,00,
269000,00000066,false,Rx,0,8,02,10,00,00,00,00,00,00,
289000,0000060D,false,Rx,0,8,0D,10,82,B6,09,20,70,00,
298000,00000054,false,Rx,0,8,00,00,FE,FF,FE,FF,00,00,
299000,00000055,false,Rx,0,8,10,27,00,00,00,00,00,00,
299000,00000056,false,Rx,0,8,10,27,00,00,00,00,00,00,
299000,00000057,false,Rx,0,8,00,00,FE,FF,FE,FF,00,00,
389000,0000060D,false,Rx,0,8,0D,10,82,B6,09,20,70,00,
419000,00000066,false,Rx,0,8,02,10,00,00,00,00,00,00,
490000,0000060D,false,Rx,0,8,0D,10,82,B6,09,20,70,00,
499000,00000054,false,Rx,0,8,00,00,FE,FF,FE,FF,00,00,
499000,00000055,false,Rx,0,8,10,27,00,00,00,00,00,00,
499000,00000056,false,Rx,0,8,10,27,00,00,00,00,00,00,
500000,00000057,false,Rx,0,8,00,00,FE,FF,FE,FF,00,00,
569000,00000066,false,Rx,0,8,02,10,00,00,00,00,00,00,
589000,0000060D,false,Rx,0,8,0D,10,82,B6,09,20,70,00,
689000,0000060D,false,Rx,0,8,0D,10,82,B6,09,20,70,00,
0,00000054,false,Rx,0,8,00,00,FE,FF,FE,FF,00,00,
0,00000055,false,Rx,0,8,10,27,00,00,00,00,00,00,
699000,00000056,false,Rx,0,8,10,27,00,00,00,00,00,00,
699000,00000057,false,Rx,0,8,00,00,FE,FF,FE,FF,00,00,
789000,0000060D,false,Rx,0,8,0D,10,82,B6,09,20,70,00,
889000,0000060D,false,Rx,0,8,0D,10,82,B6,09,20,70,00,
898000,00000054,false,Rx,0,8,00,00,FE,FF,FE,FF,00,00,
899000,00000055,false,Rx,0,8,10,27,00,00,00,00,00,00,
899000,00000056,false,Rx,0,8,10,27,00,00,00,00,00,00,
899000,00000057,false,Rx,0,8,00,00,FE,FF,FE,FF,00,00,
989000,0000060D,false,Rx,0,8,0D,10,82,B6,09,20,70,00,
28000,00000066,false,Rx,0,8,03,10,00,00,00,00,00,00,
89000,0000060D,false,Rx,0,8,0D,10,82,B6,09,20,70,00,
98000,00000054,false,Rx,0,8,00,00,FE,FF,FE,FF,00,00,
99000,00000055,false,Rx,0,8,10,27,00,00,00,00,00,00,
99000,00000056,false,Rx,0,8,10,27,00,00,00,00,00,00,
99000,00000057,false,Rx,0,8,00,00,FE,FF,FE,FF,00,00,
179000,00000066,false,Rx,0,8,03,10,00,00,00,00,00,00,
189000,0000060D,false,Rx,0,8,0D,10,82,B6,09,20,70,00,
289000,0000060D,false,Rx,0,8,0D,10,82,B6,09,20,70,00,
298000,00000054,false,Rx,0,8,00,00,FE,FF,FE,FF,00,00,
298000,00000055,false,Rx,0,8,10,27,00,00,00,00,00,00,
299000,00000056,false,Rx,0,8,10,27,00,00,00,00,00,00,
299000,00000057,false,Rx,0,8,00,00,FE,FF,FE,FF,00,00,
329000,00000066,false,Rx,0,8,03,10,00,00,00,00,00,00,
389000,0000060D,false,Rx,0,8,0D,10,82,B6,09,20,70,00,
480000,00000066,false,Rx,0,8,03,10,00,00,00,00,00,00,
490000,0000060D,false,Rx,0,8,0D,10,82,B6,09,20,70,00,
499000,00000054,false,Rx,0,8,00,00,FE,FF,FE,FF,00,00,
499000,00000055,false,Rx,0,8,10,27,00,00,00,00,00,00,
500000,00000056,false,Rx,0,8,10,27,00,00,00,00,00,00,
501000,00000057,false,Rx,0,8,00,00,FE,FF,FE,FF,00,00,
589000,0000060D,false,Rx,0,8,0D,10,82,B6,09,20,70,00,
689000,0000060D,false,Rx,0,8,0D,10,82,B6,09,20,70,00,
699000,00000054,false,Rx,0,8,00,00,FE,FF,FE,FF,00,00,
699000,00000055,false,Rx,0,8,10,27,00,00,00,00,00,00,
699000,00000056,false,Rx,0,8,10,27,00,00,00,00,00,00,
699000,00000057,false,Rx,0,8,00,00,FE,FF,FE,FF,00,00,
788000,0000060D,false,Rx,0,8,0D,10,82,B6,09,20,70,00,
889000,0000060D,false,Rx,0,8,0D,10,82,B6,09,20,70,00,
0,00000054,false,Rx,0,8,00,00,FE,FF,FE,FF,00,00,
0,00000055,false,Rx,0,8,10,27,00,00,00,00,00,00,
899000,00000056,false,Rx,0,8,10,27,00,00,00,00,00,00,
899000,00000057,false,Rx,0,8,00,00,FE,FF,FE,FF,00,00,
929000,00000066,false,Rx,0,8,01,10,00,00,00,00,00,00,
989000,0000060D,false,Rx,0,8,0D,10,82,B6,09,20,70,00,
79000,00000066,false,Rx,0,8,01,10,00,00,00,00,00,00,
88000,0000060D,false,Rx,0,8,0D,10,82,B6,09,20,70,00,
98000,00000054,false,Rx,0,8,00,00,FE,FF,FE,FF,00,00,
98000,00000055,false,Rx,0,8,10,27,00,00,00,00,00,00,
99000,00000056,false,Rx,0,8,10,27,00,00,00,00,00,00,
99000,00000057,false,Rx,0,8,00,00,FE,FF,FE,FF,00,00,
189000,0000060D,false,Rx,0,8,0D,10,82,B6,09,20,70,00,
230000,00000066,false,Rx,0,8,01,10,00,00,00,00,00,00,
289000,0000060D,false,Rx,0,8,0D,10,82,B6,09,20,70,00,
0,00000054,false,Rx,0,8,00,00,FE,FF,FE,FF,00,00,
0,00000055,false,Rx,0,8,10,27,00,00,00,00,00,00,
299000,00000056,false,Rx,0,8,10,27,00,00,00,00,00,00,
300000,00000057,false,Rx,0,8,00,00,FE,FF,FE,FF,00,00,
379000,00000066,false,Rx,0,8,01,10,00,00,00,00,00,00,
390000,0000060D,false,Rx,0,8,0D,10,82,B6,09,20,70,00,
489000,0000060D,false,Rx,0,8,0D,10,82,B6,09,20,70,00,
499000,00000054,false,Rx,0,8,00,00,FE,FF,FE,FF,00,00,
499000,00000055,false,Rx,0,8,10,27,00,00,00,00,00,00,
499000,00000056,false,Rx,0,8,10,27,00,00,00,00,00,00,
500000,00000057,false,Rx,0,8,00,00,FE,FF,FE,FF,00,00,
589000,0000060D,false,Rx,0,8,0D,10,82,B6,09,20,70,00,
689000,0000060D,false,Rx,0,8,0D,10,82,B6,09,20,70,00,
0,00000054,false,Rx,0,8,00,00,FE,FF,FE,FF,00,00,
0,00000055,false,Rx,0,8,10,27,00,00,00,00,00,00,
0,00000056,false,Rx,0,8,10,27,00,00,00,00,00,00,
0,00000057,false,Rx,0,8,00,00,FE,FF,FE,FF,00,00,
789000,0000060D,false,Rx,0,8,0D,10,82,B6,09,20,70,00,
830000,00000066,false,Rx,0,8,02,10,00,00,00,00,00,00,
889000,0000060D,false,Rx,0,8,0D,10,82,B6,09,20,70,00,
0,00000054,false,Rx,0,8,00,00,FE,FF,FE,FF,00,00,
0,00000055,false,Rx,0,8,10,27,00,00,00,00,00,00,
899000,00000056,false,Rx,0,8,10,27,00,00,00,00,00,00,
899000,00000057,false,Rx,0,8,00,00,FE,FF,FE,FF,00,00,
979000,00000066,false,Rx,0,8,02,10,00,00,00,00,00,00,
989000,0000060D,false,Rx,0,8,0D,10,82,B6,09,20,70,00,
89000,0000060D,false,Rx,0,8,0D,10,82,B6,09,20,70,00,
99000,00000054,false,Rx,0,8,00,00,FE,FF,FE,FF,00,00,
99000,00000055,false,Rx,0,8,10,27,00,00,00,00,00,00,
100000,00000056,false,Rx,0,8,10,27,00,00,00,00,00,00,
100000,00000057,false,Rx,0,8,00,00,FE,FF,FE,FF,00,00,
129000,00000066,false,Rx,0,8,02,10,00,00,00,00,00,00,
190000,0000060D,false,Rx,0,8,0D,10,82,B6,09,20,70,00,
278000,00000066,false,Rx,0,8,02,10,00,00,00,00,00,00,
288000,0000060D,false,Rx,0,8,0D,10,82,B6,09,20,70,00,
299000,00000054,false,Rx,0,8,00,00,FE,FF,FE,FF,00,00,
299000,00000055,false,Rx,0,8,10,27,00,00,00,00,00,00,
0,00000056,false,Rx,0,8,10,27,00,00,00,00,00,00,
0,00000057,false,Rx,0,8,00,00,FE,FF,FE,FF,00,00,
389000,0000060D,false,Rx,0,8,0D,10,82,B6,09,20,70,00,
488000,0000060D,false,Rx,0,8,0D,10,82,B6,09,20,70,00,
498000,00000054,false,Rx,0,8,00,00,FE,FF,FE,FF,00,00,
498000,00000055,false,Rx,0,8,10,27,00,00,00,00,00,00,
499000,00000056,false,Rx,0,8,10,27,00,00,00,00,00,00,
499000,00000057,false,Rx,0,8,00,00,FE,FF,FE,FF,00,00,
589000,0000060D,false,Rx,0,8,0D,10,82,B6,09,20,70,00,
689000,0000060D,false,Rx,0,8,0D,10,82,B6,09,20,70,00,
0,00000054,false,Rx,0,8,00,00,FE,FF,FE,FF,00,00,
0,00000055,false,Rx,0,8,10,27,00,00,00,00,00,00,
0,00000056,false,Rx,0,8,10,27,00,00,00,00,00,00,
0,00000057,false,Rx,0,8,00,00,FE,FF,FE,FF,00,00,
730000,00000066,false,Rx,0,8,02,10,00,00,00,00,00,00,
739000,00000066,false,Rx,0,8,03,10,00,00,00,00,00,00,
789000,0000060D,false,Rx,0,8,0D,10,82,B6,09,20,70,00,
0,00000066,false,Rx,0,8,03,10,00,00,00,00,00,00,
0,0000060D,false,Rx,0,8,0D,10,82,B6,09,20,70,00,
899000,00000054,false,Rx,0,8,00,00,FE,FF,FE,FF,00,00,
899000,00000055,false,Rx,0,8,10,27,00,00,00,00,00,00,
899000,00000056,false,Rx,0,8,10,27,00,00,00,00,00,00,
900000,00000057,false,Rx,0,8,00,00,FE,FF,FE,FF,00,00,
989000,0000060D,false,Rx,0,8,0D,10,82,B6,09,20,70,00,
39000,00000066,false,Rx,0,8,03,10,00,00,00,00,00,00,
89000,0000060D,false,Rx,0,8,0D,10,82,B6,09,20,70,00,
98000,00000054,false,Rx,0,8,00,00,FE,FF,FE,FF,00,00,
98000,00000055,false,Rx,0,8,10,27,00,00,00,00,00,00,
99000,00000056,false,Rx,0,8,10,27,00,00,00,00,00,00,
99000,00000057,false,Rx,0,8,00,00,FE,FF,FE,FF,00,00,
0,00000066,false,Rx,0,8,03,10,00,00,00,00,00,00,
0,0000060D,false,Rx,0,8,0D,10,82,B6,09,20,70,00,
288000,0000060D,false,Rx,0,8,0D,10,82,B6,09,20,70,00,
299000,00000054,false,Rx,0,8,00,00,FE,FF,FE,FF,00,00,
299000,00000055,false,Rx,0,8,10,27,00,00,00,00,00,00,
299000,00000056,false,Rx,0,8,10,27,00,00,00,00,00,00,
299000,00000057,false,Rx,0,8,00,00,FE,FF,FE,FF,00,00,
388000,0000060D,false,Rx,0,8,0D,10,82,B6,09,20,70,00,
489000,0000060D,false,Rx,0,8,0D,10,82,B6,09,20,70,00,
499000,00000054,false,Rx,0,8,00,00,FE,FF,FE,FF,00,00,
0,00000055,false,Rx,0,8,10,27,00,00,00,00,00,00,
0,00000056,false,Rx,0,8,10,27,00,00,00,00,00,00,
500000,00000057,false,Rx,0,8,00,00,FE,FF,FE,FF,00,00,
589000,0000060D,false,Rx,0,8,0D,10,82,B6,09,20,70,00,
640000,00000066,false,Rx,0,8,03,10,00,00,00,00,00,00,
659000,00000066,false,Rx,0,8,01,10,00,00,00,00,00,00,
689000,0000060D,false,Rx,0,8,0D,10,82,B6,09,20,70,00,
698000,00000054,false,Rx,0,8,00,00,FE,FF,FE,FF,00,00,
699000,00000055,false,Rx,0,8,10,27,00,00,00,00,00,00,
699000,00000056,false,Rx,0,8,10,27,00,00,00,00,00,00,
699000,00000057,false,Rx,0,8,00,00,FE,FF,FE,FF,00,00,
789000,0000060D,false,Rx,0,8,0D,10,82,B6,09,20,70,00,
809000,00000066,false,Rx,0,8,01,10,00,00,00,00,00,00,
890000,0000060D,false,Rx,0,8,0D,10,82,B6,09,20,70,00,
899000,00000054,false,Rx,0,8,00,00,FE,FF,FE,FF,00,00,
899000,00000055,false,Rx,0,8,10,27,00,00,00,00,00,00,
899000,00000056,false,Rx,0,8,10,27,00,00,00,00,00,00,
899000,00000057,false,Rx,0,8,00,00,FE,FF,FE,FF,00,00,
959000,00000066,false,Rx,0,8,01,10,00,00,00,00,00,00,
988000,0000060D,false,Rx,0,8,0D,10,82,B6,09,20,70,00,
89000,0000060D,false,Rx,0,8,0D,10,82,B6,09,20,70,00,
99000,00000054,false,Rx,0,8,00,00,FE,FF,FE,FF,00,00,
99000,00000055,false,Rx,0,8,10,27,00,00,00,00,00,00,
99000,00000056,false,Rx,0,8,10,27,00,00,00,00,00,00,
99000,00000057,false,Rx,0,8,00,00,FE,FF,FE,FF,00,00,
108000,00000066,false,Rx,0,8,01,10,00,00,00,00,00,00,
189000,0000060D,false,Rx,0,8,0D,10,82,B6,09,20,70,00,
289000,0000060D,false,Rx,0,8,0D,10,82,B6,09,20,70,00,
0,00000054,false,Rx,0,8,00,00,FE,FF,FE,FF,00,00,
0,00000055,false,Rx,0,8,10,27,00,00,00,00,00,00,
299000,00000056,false,Rx,0,8,10,27,00,00,00,00,00,00,
300000,00000057,false,Rx,0,8,00,00,FE,FF,FE,FF,00,00,
390000,0000060D,false,Rx,0,8,0D,10,82,B6,09,20,70,00,
489000,0000060D,false,Rx,0,8,0D,10,82,B6,09,20,70,00,
0,00000054,false,Rx,0,8,00,00,FE,FF,FE,FF,00,00,
0,00000055,false,Rx,0,8,10,27,00,00,00,00,00,00,
499000,00000056,false,Rx,0,8,10,27,00,00,00,00,00,00,
499000,00000057,false,Rx,0,8,00,00,FE,FF,FE,FF,00,00,
559000,00000066,false,Rx,0,8,02,10,00,00,00,00,00,00,
589000,0000060D,false,Rx,0,8,0D,10,82,B6,09,20,70,00,
689000,0000060D,false,Rx,0,8,0D,10,82,B6,09,20,70,00,
699000,00000054,false,Rx,0,8,00,00,FE,FF,FE,FF,00,00,
699000,00000055,false,Rx,0,8,10,27,00,00,00,00,00,00,
699000,00000056,false,Rx,0,8,10,27,00,00,00,00,00,00,
699000,00000057,false,Rx,0,8,00,00,FE,FF,FE,FF,00,00,
709000,00000066,false,Rx,0,8,02,10,00,00,00,00,00,00,
789000,0000060D,false,Rx,0,8,0D,10,82,B6,09,20,70,00,
859000,00000066,false,Rx,0,8,02,10,00,00,00,00,00,00,
889000,0000060D,false,Rx,0,8,0D,10,82,B6,09,20,70,00,
0,00000054,false,Rx,0,8,00,00,FE,FF,FE,FF,00,00,
0,00000055,false,Rx,0,8,10,27,00,00,00,00,00,00,
899000,00000056,false,Rx,0,8,10,27,00,00,00,00,00,00,
900000,00000057,false,Rx,0,8,00,00,FE,FF,FE,FF,00,00,
989000,0000060D,false,Rx,0,8,0D,10,82,B6,09,20,70,00,
9000,00000066,false,Rx,0,8,02,10,00,00,00,00,00,00,
89000,0000060D,false,Rx,0,8,0D,10,82,B6,09,20,70,00,
99000,00000054,false,Rx,0,8,00,00,FE,FF,FE,FF,00,00,
99000,00000055,false,Rx,0,8,10,27,00,00,00,00,00,00,
99000,00000056,false,Rx,0,8,10,27,00,00,00,00,00,00,
99000,00000057,false,Rx,0,8,00,00,FE,FF,FE,FF,00,00,
188000,0000060D,false,Rx,0,8,0D,10,82,B6,09,20,70,00,
289000,0000060D,false,Rx,0,8,0D,10,82,B6,09,20,70,00,
299000,00000054,false,Rx,0,8,00,00,FE,FF,FE,FF,00,00,
299000,00000055,false,Rx,0,8,10,27,00,00,00,00,00,00,
299000,00000056,false,Rx,0,8,10,27,00,00,00,00,00,00,
299000,00000057,false,Rx,0,8,00,00,FE,FF,FE,FF,00,00,
389000,0000060D,false,Rx,0,8,0D,10,82,B6,09,20,70,00,
469000,00000066,false,Rx,0,8,03,10,00,00,00,00,00,00,
489000,0000060D,false,Rx,0,8,0D,10,82,B6,09,20,70,00,
499000,00000054,false,Rx,0,8,00,00,FE,FF,FE,FF,00,00,
0,00000055,false,Rx,0,8,10,27,00,00,00,00,00,00,
0,00000056,false,Rx,0,8,10,27,00,00,00,00,00,00,
499000,00000057,false,Rx,0,8,00,00,FE,FF,FE,FF,00,00,
589000,0000060D,false,Rx,0,8,0D,10,82,B6,09,20,70,00,
619000,00000066,false,Rx,0,8,03,10,00,00,00,00,00,00,
689000,0000060D,false,Rx,0,8,0D,10,82,B6,09,20,70,00,
0,00000054,false,Rx,0,8,00,00,FE,FF,FE,FF,00,00,
0,00000055,false,Rx,0,8,10,27,00,00,00,00,00,00,
0,00000056,false,Rx,0,8,10,27,00,00,00,00,00,00,
700000,00000057,false,Rx,0,8,00,00,FE,FF,FE,FF,00,00,
769000,00000066,false,Rx,0,8,03,10,00,00,00,00,00,00,
789000,0000060D,false,Rx,0,8,0D,10,82,B6,09,20,70,00,
889000,0000060D,false,Rx,0,8,0D,10,82,B6,09,20,70,00,
0,00000054,false,Rx,0,8,00,00,FE,FF,FE,FF,00,00,
0,00000055,false,Rx,0,8,10,27,00,00,00,00,00,00,
0,00000056,false,Rx,0,8,10,27,00,00,00,00,00,00,
900000,00000057,false,Rx,0,8,00,00,FE,FF,FE,FF,00,00,
918000,00000066,false,Rx,0,8,03,10,00,00,00,00,00,00,
989000,0000060D,false,Rx,0,8,0D,10,82,B6,09,20,70,00,
89000,0000060D,false,Rx,0,8,0D,10,82,B6,09,20,70,00,
98000,00000054,false,Rx,0,8,00,00,FE,FF,FE,FF,00,00,
98000,00000055,false,Rx,0,8,10,27,00,00,00,00,00,00,
99000,00000056,false,Rx,0,8,10,27,00,00,00,00,00,00,
99000,00000057,false,Rx,0,8,00,00,FE,FF,FE,FF,00,00,
189000,0000060D,false,Rx,0,8,0D,10,82,B6,09,20,70,00,
288000,0000060D,false,Rx,0,8,0D,10,82,B6,09,20,70,00,
299000,00000054,false,Rx,0,8,00,00,FE,FF,FE,FF,00,00,
0,00000055,false,Rx,0,8,10,27,00,00,00,00,00,00,
0,00000056,false,Rx,0,8,10,27,00,00,00,00,00,00,
299000,00000057,false,Rx,0,8,00,00,FE,FF,FE,FF,00,00,
371000,00000066,false,Rx,0,8,01,10,00,00,00,00,00,00,
389000,0000060D,false,Rx,0,8,0D,10,82,B6,09,20,70,00,
489000,0000060D,false,Rx,0,8,0D,10,82,B6,09,20,70,00,
499000,00000054,false,Rx,0,8,00,00,FE,FF,FE,FF,00,00,
499000,00000055,false,Rx,0,8,10,27,00,00,00,00,00,00,
499000,00000056,false,Rx,0,8,10,27,00,00,00,00,00,00,
500000,00000057,false,Rx,0,8,00,00,FE,FF,FE,FF,00,00,
519000,00000066,false,Rx,0,8,01,10,00,00,00,00,00,00,
589000,0000060D,false,Rx,0,8,0D,10,82,B6,09,20,70,00,
669000,00000066,false,Rx,0,8,01,10,00,00,00,00,00,00,
689000,0000060D,false,Rx,0,8,0D,10,82,B6,09,20,70,00,
0,00000054,false,Rx,0,8,00,00,FE,FF,FE,FF,00,00,
0,00000055,false,Rx,0,8,10,27,00,00,00,00,00,00,
699000,00000056,false,Rx,0,8,10,27,00,00,00,00,00,00,
699000,00000057,false,Rx,0,8,00,00,FE,FF,FE,FF,00,00,
789000,0000060D,false,Rx,0,8,0D,10,82,B6,09,20,70,00,
819000,00000066,false,Rx,0,8,01,10,00,00,00,00,00,00,
889000,0000060D,false,Rx,0,8,0D,10,82,B6,09,20,70,00,
0,00000054,false,Rx,0,8,00,00,FE,FF,FE,FF,00,00,
0,00000055,false,Rx,0,8,10,27,00,00,00,00,00,00,
0,00000056,false,Rx,0,8,10,27,00,00,00,00,00,00,
899000,00000057,false,Rx,0,8,00,00,FE,FF,FE,FF,00,00,
989000,0000060D,false,Rx,0,8,0D,10,82,B6,09,20,70,00,
89000,0000060D,false,Rx,0,8,0D,10,82,B6,09,20,70,00,
0,00000054,false,Rx,0,8,00,00,FE,FF,FE,FF,00,00,
0,00000055,false,Rx,0,8,10,27,00,00,00,00,00,00,
99000,00000056,false,Rx,0,8,10,27,00,00,00,00,00,00,
99000,00000057,false,Rx,0,8,00,00,FE,FF,FE,FF,00,00,
189000,0000060D,false,Rx,0,8,0D,10,82,B6,09,20,70,00,
289000,00000066,false,Rx,0,8,02,10,00,00,00,00,00,00,
289000,0000060D,false,Rx,0,8,0D,10,82,B6,09,20,70,00,
298000,00000054,false,Rx,0,8,00,00,FE,FF,FE,FF,00,00,
298000,00000055,false,Rx,0,8,10,27,00,00,00,00,00,00,
299000,00000056,false,Rx,0,8,10,27,00,00,00,00,00,00,
299000,00000057,false,Rx,0,8,00,00,FE,FF,FE,FF,00,00,
389000,0000060D,false,Rx,0,8,0D,10,82,B6,09,20,70,00,
439000,00000066,false,Rx,0,8,02,10,00,00,00,00,00,00,
490000,0000060D,false,Rx,0,8,0D,10,82,B6,09,20,70,00,
499000,00000054,false,Rx,0,8,00,00,FE,FF,FE,FF,00,00,
499000,00000055,false,Rx,0,8,10,27,00,00,00,00,00,00,
500000,00000056,false,Rx,0,8,10,27,00,00,00,00,00,00,
500000,00000057,false,Rx,0,8,00,00,FE,FF,FE,FF,00,00,
589000,00000066,false,Rx,0,8,02,10,00,00,00,00,00,00,
589000,0000060D,false,Rx,0,8,0D,10,82,B6,09,20,70,00,
689000,0000060D,false,Rx,0,8,0D,10,82,B6,09,20,70,00,
0,00000054,false,Rx,0,8,00,00,FE,FF,FE,FF,00,00,
0,00000055,false,Rx,0,8,10,27,00,00,00,00,00,00,
699000,00000056,false,Rx,0,8,10,27,00,00,00,00,00,00,
700000,00000057,false,Rx,0,8,00,00,FE,FF,FE,FF,00,00,
739000,00000066,false,Rx,0,8,02,10,00,00,00,00,00,00,
788000,0000060D,false,Rx,0,8,0D,10,82,B6,09,20,70,00,
889000,0000060D,false,Rx,0,8,0D,10,82,B6,09,20,70,00,
0,00000054,false,Rx,0,8,00,00,FE,FF,FE,FF,00,00,
0,00000055,false,Rx,0,8,10,27,00,00,00,00,00,00,
0,00000056,false,Rx,0,8,10,27,00,00,00,00,00,00,
899000,00000057,false,Rx,0,8,00,00,FE,FF,FE,FF,00,00,
989000,0000060D,false,Rx,0,8,0D,10,82,B6,09,20,70,00,
89000,0000060D,false,Rx,0,8,0D,10,82,B6,09,20,70,00,
0,00000054,false,Rx,0,8,00,00,FE,FF,FE,FF,00,00,
0,00000055,false,Rx,0,8,10,27,00,00,00,00,00,00,
99000,00000056,false,Rx,0,8,10,27,00,00,00,00,00,00,
99000,00000057,false,Rx,0,8,00,00,FE,FF,FE,FF,00,00,
0,00000066,false,Rx,0,8,02,10,00,00,00,00,00,00,
0,0000060D,false,Rx,0,8,0D,10,82,B6,09,20,70,00,
199000,00000066,false,Rx,0,8,03,10,00,00,00,00,00,00,
289000,0000060D,false,Rx,0,8,0D,10,82,B6,09,20,70,00,
299000,00000054,false,Rx,0,8,00,00,FE,FF,FE,FF,00,00,
299000,00000055,false,Rx,0,8,10,27,00,00,00,00,00,00,
299000,00000056,false,Rx,0,8,10,27,00,00,00,00,00,00,
299000,00000057,false,Rx,0,8,00,00,FE,FF,FE,FF,00,00,
350000,00000066,false,Rx,0,8,03,10,00,00,00,00,00,00,
389000,0000060D,false,Rx,0,8,0D,10,82,B6,09,20,70,00,
489000,0000060D,false,Rx,0,8,0D,10,82,B6,09,20,70,00,
0,00000054,false,Rx,0,8,00,00,FE,FF,FE,FF,00,00,
0,00000055,false,Rx,0,8,10,27,00,00,00,00,00,00,
499000,00000056,false,Rx,0,8,10,27,00,00,00,00,00,00,
499000,00000057,false,Rx,0,8,00,00,FE,FF,FE,FF,00,00,
500000,00000066,false,Rx,0,8,03,10,00,00,00,00,00,00,
589000,0000060D,false,Rx,0,8,0D,10,82,B6,09,20,70,00,
649000,00000066,false,Rx,0,8,03,10,00,00,00,00,00,00,
689000,0000060D,false,Rx,0,8,0D,10,82,B6,09,20,70,00,
0,00000054,false,Rx,0,8,00,00,FE,FF,FE,FF,00,00,
0,00000055,false,Rx,0,8,10,27,00,00,00,00,00,00,
700000,00000056,false,Rx,0,8,10,27,00,00,00,00,00,00,
700000,00000057,false,Rx,0,8,00,00,FE,FF,FE,FF,00,00,
788000,0000060D,false,Rx,0,8,0D,10,82,B6,09,20,70,00,
890000,0000060D,false,Rx,0,8,0D,10,82,B6,09,20,70,00,
0,00000054,false,Rx,0,8,00,00,FE,FF,FE,FF,00,00,
0,00000055,false,Rx,0,8,10,27,00,00,00,00,00,00,
900000,00000056,false,Rx,0,8,10,27,00,00,00,00,00,00,
900000,00000057,false,Rx,0,8,00,00,FE,FF,FE,FF,00,00,
989000,0000060D,false,Rx,0,8,0D,10,82,B6,09,20,70,00,
89000,0000060D,false,Rx,0,8,0D,10,82,B6,09,20,70,00,
0,00000054,false,Rx,0,8,00,00,FE,FF,FE,FF,00,00,
0,00000055,false,Rx,0,8,10,27,00,00,00,00,00,00,
0,00000056,false,Rx,0,8,10,27,00,00,00,00,00,00,
99000,00000057,false,Rx,0,8,00,00,FE,FF,FE,FF,00,00,
99000,00000066,false,Rx,0,8,01,10,00,00,00,00,00,00,
189000,0000060D,false,Rx,0,8,0D,10,82,B6,09,20,70,00,
249000,00000066,false,Rx,0,8,01,10,00,00,00,00,00,00,
289000,0000060D,false,Rx,0,8,0D,10,82,B6,09,20,70,00,
0,00000054,false,Rx,0,8,00,00,FE,FF,FE,FF,00,00,
0,00000055,false,Rx,0,8,10,27,00,00,00,00,00,00,
300000,00000056,false,Rx,0,8,10,27,00,00,00,00,00,00,
300000,00000057,false,Rx,0,8,00,00,FE,FF,FE,FF,00,00,
389000,0000060D,false,Rx,0,8,0D,10,82,B6,09,20,70,00,
399000,00000066,false,Rx,0,8,01,10,00,00,00,00,00,00,
489000,0000060D,false,Rx,0,8,0D,10,82,B6,09,20,70,00,
0,00000054,false,Rx,0,8,00,00,FE,FF,FE,FF,00,00,
0,00000055,false,Rx,0,8,10,27,00,00,00,00,00,00,
0,00000056,false,Rx,0,8,10,27,00,00,00,00,00,00,
0,00000057,false,Rx,0,8,00,00,FE,FF,FE,FF,00,00,
549000,00000066,false,Rx,0,8,01,10,00,00,00,00,00,00,
589000,0000060D,false,Rx,0,8,0D,10,82,B6,09,20,70,00,
689000,0000060D,false,Rx,0,8,0D,10,82,B6,09,20,70,00,
0,00000054,false,Rx,0,8,00,00,FE,FF,FE,FF,00,00,
0,00000055,false,Rx,0,8,10,27,00,00,00,00,00,00,
700000,00000056,false,Rx,0,8,10,27,00,00,00,00,00,00,
700000,00000057,false,Rx,0,8,00,00,FE,FF,FE,FF,00,00,
789000,0000060D,false,Rx,0,8,0D,10,82,B6,09,20,70,00,
889000,0000060D,false,Rx,0,8,0D,10,82,B6,09,20,70,00,
0,00000054,false,Rx,0,8,00,00,FE,FF,FE,FF,00,00,
0,00000055,false,Rx,0,8,10,27,00,00,00,00,00,00,
899000,00000056,false,Rx,0,8,10,27,00,00,00,00,00,00,
899000,00000057,false,Rx,0,8,00,00,FE,FF,FE,FF,00,00,
989000,0000060D,false,Rx,0,8,0D,10,82,B6,09,20,70,00,
999000,00000066,false,Rx,0,8,02,10,00,00,00,00,00,00,
89000,0000060D,false,Rx,0,8,0D,10,82,B6,09,20,70,00,
0,00000054,false,Rx,0,8,00,00,FE,FF,FE,FF,00,00,
0,00000055,false,Rx,0,8,10,27,00,00,00,00,00,00,
99000,00000056,false,Rx,0,8,10,27,00,00,00,00,00,00,
99000,00000057,false,Rx,0,8,00,00,FE,FF,FE,FF,00,00,
150000,00000066,false,Rx,0,8,02,10,00,00,00,00,00,00,
189000,0000060D,false,Rx,0,8,0D,10,82,B6,09,20,70,00,
288000,0000060D,false,Rx,0,8,0D,10,82,B6,09,20,70,00,
299000,00000054,false,Rx,0,8,00,00,FE,FF,FE,FF,00,00,
299000,00000055,false,Rx,0,8,10,27,00,00,00,00,00,00,
299000,00000056,false,Rx,0,8,10,27,00,00,00,00,00,00,
299000,00000057,false,Rx,0,8,00,00,FE,FF,FE,FF,00,00,
299000,00000066,false,Rx,0,8,02,10,00,00,00,00,00,00,
389000,0000060D,false,Rx,0,8,0D,10,82,B6,09,20,70,00,
450000,00000066,false,Rx,0,8,02,10,00,00,00,00,00,00,
489000,0000060D,false,Rx,0,8,0D,10,82,B6,09,20,70,00,
0,00000054,false,Rx,0,8,00,00,FE,FF,FE,FF,00,00,
0,00000055,false,Rx,0,8,10,27,00,00,00,00,00,00,
499000,00000056,false,Rx,0,8,10,27,00,00,00,00,00,00,
500000,00000057,false,Rx,0,8,00,00,FE,FF,FE,FF,00,00,
589000,0000060D,false,Rx,0,8,0D,10,82,B6,09,20,70,00,
689000,0000060D,false,Rx,0,8,0D,10,82,B6,09,20,70,00,
0,00000054,false,Rx,0,8,00,00,FE,FF,FE,FF,00,00,
0,00000055,false,Rx,0,8,10,27,00,00,00,00,00,00,
699000,00000056,false,Rx,0,8,10,27,00,00,00,00,00,00,
699000,00000057,false,Rx,0,8,00,00,FE,FF,FE,FF,00,00,
789000,0000060D,false,Rx,0,8,0D,10,82,B6,09,20,70,00,
889000,0000060D,false,Rx,0,8,0D,10,82,B6,09,20,70,00,
898000,00000054,false,Rx,0,8,00,00,FE,FF,FE,FF,00,00,
899000,00000055,false,Rx,0,8,10,27,00,00,00,00,00,00,
899000,00000056,false,Rx,0,8,10,27,00,00,00,00,00,00,
899000,00000057,false,Rx,0,8,00,00,FE,FF,FE,FF,00,00,
899000,00000066,false,Rx,0,8,03,10,00,00,00,00,00,00,
989000,0000060D,false,Rx,0,8,0D,10,82,B6,09,20,70,00,
50000,00000066,false,Rx,0,8,03,10,00,00,00,00,00,00,
90000,0000060D,false,Rx,0,8,0D,10,82,B6,09,20,70,00,
0,00000054,false,Rx,0,8,00,00,FE,FF,FE,FF,00,00,
0,00000055,false,Rx,0,8,10,27,00,00,00,00,00,00,
0,00000056,false,Rx,0,8,10,27,00,00,00,00,00,00,
99000,00000057,false,Rx,0,8,00,00,FE,FF,FE,FF,00,00,
189000,0000060D,false,Rx,0,8,0D,10,82,B6,09,20,70,00,
199000,00000066,false,Rx,0,8,03,10,00,00,00,00,00,00,
288000,0000060D,false,Rx,0,8,0D,10,82,B6,09,20,70,00,
298000,00000054,false,Rx,0,8,00,00,FE,FF,FE,FF,00,00,
298000,00000055,false,Rx,0,8,10,27,00,00,00,00,00,00,
299000,00000056,false,Rx,0,8,10,27,00,00,00,00,00,00,
299000,00000057,false,Rx,0,8,00,00,FE,FF,FE,FF,00,00,
349000,00000066,false,Rx,0,8,03,10,00,00,00,00,00,00,
389000,0000060D,false,Rx,0,8,0D,10,82,B6,09,20,70,00,
489000,0000060D,false,Rx,0,8,0D,10,82,B6,09,20,70,00,
0,00000054,false,Rx,0,8,00,00,FE,FF,FE,FF,00,00,
0,00000055,false,Rx,0,8,10,27,00,00,00,00,00,00,
0,00000056,false,Rx,0,8,10,27,00,00,00,00,00,00,
0,00000057,false,Rx,0,8,00,00,FE,FF,FE,FF,00,00,
590000,0000060D,false,Rx,0,8,0D,10,82,B6,09,20,70,00,
689000,0000060D,false,Rx,0,8,0D,10,82,B6,09,20,70,00,
0,00000054,false,Rx,0,8,00,00,FE,FF,FE,FF,00,00,
0,00000055,false,Rx,0,8,10,27,00,00,00,00,00,00,
699000,00000056,false,Rx,0,8,10,27,00,00,00,00,00,00,
700000,00000057,false,Rx,0,8,00,00,FE,FF,FE,FF,00,00,
789000,0000060D,false,Rx,0,8,0D,10,82,B6,09,20,70,00,
889000,0000060D,false,Rx,0,8,0D,10,82,B6,09,20,70,00,
899000,00000054,false,Rx,0,8,00,00,FE,FF,FE,FF,00,00,
899000,00000055,false,Rx,0,8,10,27,00,00,00,00,00,00,
899000,00000056,false,Rx,0,8,10,27,00,00,00,00,00,00,
900000,00000057,false,Rx,0,8,00,00,FE,FF,FE,FF,00,00,
989000,0000060D,false,Rx,0,8,0D,10,82,B6,09,20,70,00,
90000,0000060D,false,Rx,0,8,0D,10,82,B6,09,20,70,00,
0,00000054,false,Rx,0,8,00,00,FE,FF,FE,FF,00,00,
0,00000055,false,Rx,0,8,10,27,00,00,00,00,00,00,
0,00000056,false,Rx,0,8,10,27,00,00,00,00,00,00,
100000,00000057,false,Rx,0,8,00,00,FE,FF,FE,FF,00,00,
189000,0000060D,false,Rx,0,8,0D,10,82,B6,09,20,70,00,
289000,0000060D,false,Rx,0,8,0D,10,82,B6,09,20,70,00,
299000,00000054,false,Rx,0,8,00,00,FE,FF,FE,FF,00,00,
299000,00000055,false,Rx,0,8,10,27,00,00,00,00,00,00,
299000,00000056,false,Rx,0,8,10,27,00,00,00,00,00,00,
300000,00000057,false,Rx,0,8,00,00,FE,FF,FE,FF,00,00,
389000,0000060D,false,Rx,0,8,0D,10,82,B6,09,20,70,00,
489000,0000060D,false,Rx,0,8,0D,10,82,B6,09,20,70,00,
0,00000054,false,Rx,0,8,00,00,FE,FF,FE,FF,00,00,
0,00000055,false,Rx,0,8,10,27,00,00,00,00,00,00,
0,00000056,false,Rx,0,8,10,27,00,00,00,00,00,00,
499000,00000057,false,Rx,0,8,00,00,FE,FF,FE,FF,00,00,
589000,0000060D,false,Rx,0,8,0D,10,82,B6,09,20,70,00,
689000,0000060D,false,Rx,0,8,0D,10,82,B6,09,20,70,00,
0,00000054,false,Rx,0,8,00,00,FE,FF,FE,FF,00,00,
0,00000055,false,Rx,0,8,10,27,00,00,00,00,00,00,
0,00000056,false,Rx,0,8,10,27,00,00,00,00,00,00,
699000,00000057,false,Rx,0,8,00,00,FE,FF,FE,FF,00,00,
789000,0000060D,false,Rx,0,8,0D,10,82,B6,09,20,70,00,
890000,0000060D,false,Rx,0,8,0D,10,82,B6,09,20,70,00,
0,00000054,false,Rx,0,8,00,00,FE,FF,FE,FF,00,00,
0,00000055,false,Rx,0,8,10,27,00,00,00,00,00,00,
899000,00000056,false,Rx,0,8,10,27,00,00,00,00,00,00,
899000,00000057,false,Rx,0,8,00,00,FE,FF,FE,FF,00,00,
989000,0000060D,false,Rx,0,8,0D,10,82,B6,09,20,70,00,
89000,0000060D,false,Rx,0,8,0D,10,82,B6,09,20,70,00,
98000,00000054,false,Rx,0,8,00,00,FE,FF,FE,FF,00,00,
99000,00000055,false,Rx,0,8,10,27,00,00,00,00,00,00,
99000,00000056,false,Rx,0,8,10,27,00,00,00,00,00,00,
100000,00000057,false,Rx,0,8,00,00,FE,FF,FE,FF,00,00,
190000,0000060D,false,Rx,0,8,0D,10,82,B6,09,20,70,00,
288000,0000060D,false,Rx,0,8,0D,10,82,B6,09,20,70,00,
298000,00000054,false,Rx,0,8,00,00,FE,FF,FE,FF,00,00,
298000,00000055,false,Rx,0,8,10,27,00,00,00,00,00,00,
299000,00000056,false,Rx,0,8,10,27,00,00,00,00,00,00,
299000,00000057,false,Rx,0,8,00,00,FE,FF,FE,FF,00,00,
389000,0000060D,false,Rx,0,8,0D,10,82,B6,09,20,70,00,
489000,0000060D,false,Rx,0,8,0D,10,82,B6,09,20,70,00,
0,00000054,false,Rx,0,8,00,00,FE,FF,FE,FF,00,00,
0,00000055,false,Rx,0,8,10,27,00,00,00,00,00,00,
499000,00000056,false,Rx,0,8,10,27,00,00,00,00,00,00,
499000,00000057,false,Rx,0,8,00,00,FE,FF,FE,FF,00,00,
589000,0000060D,false,Rx,0,8,0D,10,82,B6,09,20,70,00,
689000,0000060D,false,Rx,0,8,0D,10,82,B6,09,20,70,00,
0,00000054,false,Rx,0,8,00,00,FE,FF,FE,FF,00,00,
0,00000055,false,Rx,0,8,10,27,00,00,00,00,00,00,
699000,00000056,false,Rx,0,8,10,27,00,00,00,00,00,00,
699000,00000057,false,Rx,0,8,00,00,FE,FF,FE,FF,00,00,
789000,0000060D,false,Rx,0,8,0D,10,82,B6,09,20,70,00,
889000,0000060D,false,Rx,0,8,0D,10,82,B6,09,20,70,00,
0,00000054,false,Rx,0,8,00,00,FE,FF,FE,FF,00,00,
0,00000055,false,Rx,0,8,10,27,00,00,00,00,00,00,
900000,00000056,false,Rx,0,8,10,27,00,00,00,00,00,00,
900000,00000057,false,Rx,0,8,00,00,FE,FF,FE,FF,00,00,
989000,0000060D,false,Rx,0,8,0D,10,82,B6,09,20,70,00,
88000,0000060D,false,Rx,0,8,0D,10,82,B6,09,20,70,00,
98000,00000054,false,Rx,0,8,00,00,FE,FF,FE,FF,00,00,
98000,00000055,false,Rx,0,8,10,27,00,00,00,00,00,00,
99000,00000056,false,Rx,0,8,10,27,00,00,00,00,00,00,
99000,00000057,false,Rx,0,8,00,00,FE,FF,FE,FF,00,00,
190000,0000060D,false,Rx,0,8,0D,10,82,B6,09,20,70,00,
288000,0000060D,false,Rx,0,8,0D,10,82,B6,09,20,70,00,
0,00000054,false,Rx,0,8,00,00,FE,FF,FE,FF,00,00,
0,00000055,false,Rx,0,8,10,27,00,00,00,00,00,00,
299000,00000056,false,Rx,0,8,10,27,00,00,00,00,00,00,
300000,00000057,false,Rx,0,8,00,00,FE,FF,FE,FF,00,00,
388000,0000060D,false,Rx,0,8,0D,10,82,B6,09,20,70,00,
489000,0000060D,false,Rx,0,8,0D,10,82,B6,09,20,70,00,
499000,00000054,false,Rx,0,8,00,00,FE,FF,FE,FF,00,00,
499000,00000055,false,Rx,0,8,10,27,00,00,00,00,00,00,
500000,00000056,false,Rx,0,8,10,27,00,00,00,00,00,00,
500000,00000057,false,Rx,0,8,00,00,FE,FF,FE,FF,00,00,
590000,0000060D,false,Rx,0,8,0D,10,82,B6,09,20,70,00,
689000,0000060D,false,Rx,0,8,0D,10,82,B6,09,20,70,00,
0,00000054,false,Rx,0,8,00,00,FE,FF,FE,FF,00,00,
0,00000055,false,Rx,0,8,10,27,00,00,00,00,00,00,
0,00000056,false,Rx,0,8,10,27,00,00,00,00,00,00,
700000,00000057,false,Rx,0,8,00,00,FE,FF,FE,FF,00,00,
789000,0000060D,false,Rx,0,8,0D,10,82,B6,09,20,70,00,
890000,0000060D,false,Rx,0,8,0D,10,82,B6,09,20,70,00,
0,00000054,false,Rx,0,8,00,00,FE,FF,FE,FF,00,00,
0,00000055,false,Rx,0,8,10,27,00,00,00,00,00,00,
899000,00000056,false,Rx,0,8,10,27,00,00,00,00,00,00,
900000,00000057,false,Rx,0,8,00,00,FE,FF,FE,FF,00,00,
99000,00000054,false,Rx,0,8,00,00,FE,FF,FE,FF,00,00,
99000,00000055,false,Rx,0,8,10,27,00,00,00,00,00,00,
99000,00000056,false,Rx,0,8,10,27,00,00,00,00,00,00,
99000,00000057,false,Rx,0,8,00,00,FE,FF,FE,FF,00,00,
299000,00000054,false,Rx,0,8,00,00,FE,FF,FE,FF,00,00,
299000,00000055,false,Rx,0,8,10,27,00,00,00,00,00,00,
299000,00000056,false,Rx,0,8,10,27,00,00,00,00,00,00,
299000,00000057,false,Rx,0,8,00,00,FE,FF,FE,FF,00,00,
498000,00000054,false,Rx,0,8,00,00,FE,FF,FE,FF,00,00,
498000,00000055,false,Rx,0,8,10,27,00,00,00,00,00,00,
499000,00000056,false,Rx,0,8,10,27,00,00,00,00,00,00,
499000,00000057,false,Rx,0,8,00,00,FE,FF,FE,FF,00,00,
699000,00000054,false,Rx,0,8,00,00,FE,FF,FE,FF,00,00,
699000,00000055,false,Rx,0,8,10,27,00,00,00,00,00,00,
699000,00000056,false,Rx,0,8,10,27,00,00,00,00,00,00,
700000,00000057,false,Rx,0,8,00,00,FE,FF,FE,FF,00,00,
0,00000054,false,Rx,0,8,00,00,FE,FF,FE,FF,00,00,
0,00000055,false,Rx,0,8,10,27,00,00,00,00,00,00,
