Time Stamp,ID,Extended,Dir,Bus,LEN,D1,D2,D3,D4,D5,D6,D7,D8
292000,0000060D,false,Rx,0,8,0D,10,82,B6,09,20,70,00,
0,00000054,false,Rx,0,8,00,00,FE,FF,FE,FF,00,00,
0,00000055,false,Rx,0,8,10,27,00,00,00,00,00,00,
0,00000056,false,Rx,0,8,10,27,00,00,00,00,00,00,
303000,00000057,false,Rx,0,8,00,00,FE,FF,FE,FF,00,00,
363000,00000065,false,Rx,0,8,77,02,01,00,00,00,00,00,
393000,0000060D,false,Rx,0,8,0D,10,82,B6,09,20,70,00,
493000,0000060D,false,Rx,0,8,0D,10,82,B6,09,20,70,00,
502000,00000054,false,Rx,0,8,00,00,FE,FF,FE,FF,00,00,
502000,00000055,false,Rx,0,8,10,27,00,00,00,00,00,00,
502000,00000056,false,Rx,0,8,10,27,00,00,00,00,00,00,
502000,00000057,false,Rx,0,8,00,00,FE,FF,FE,FF,00,00,
513000,00000065,false,Rx,0,8,77,02,01,00,00,00,00,00,
530000,00000625,false,Rx,0,8,25,00,58,86,01,54,5C,06,
539000,000002C4,false,Rx,0,8,02,00,00,00,51,02,00,00,
539000,000002C5,false,Rx,0,8,00,00,00,00,00,00,00,00,
541000,000002C6,false,Rx,0,8,32,00,7C,01,00,00,00,00,
592000,0000060D,false,Rx,0,8,0D,10,82,B6,09,20,70,00,
629000,00000625,false,Rx,0,8,25,00,58,86,01,54,5C,06,
662000,00000065,false,Rx,0,8,77,02,01,00,00,00,00,00,
692000,0000060D,false,Rx,0,8,0D,10,82,B6,09,20,70,00,
702000,00000054,false,Rx,0,8,00,00,FE,FF,77,02,00,00,
702000,00000055,false,Rx,0,8,10,27,00,00,00,00,00,00,
703000,00000056,false,Rx,0,8,10,27,00,00,00,00,00,00,
703000,00000057,false,Rx,0,8,00,00,FE,FF,FE,FF,00,00,
729000,00000625,false,Rx,0,8,25,00,59,86,01,54,5C,06,
760000,000002C4,false,Rx,0,8,02,00,00,00,52,02,00,00,
760000,000002C5,false,Rx,0,8,00,00,00,00,00,00,00,00,
760000,000002C6,false,Rx,0,8,32,00,7C,01,00,00,00,00,
792000,0000060D,false,Rx,0,8,0D,10,82,B6,09,20,70,00,
811000,00000065,false,Rx,0,8,77,02,01,00,00,00,00,00,
829000,00000625,false,Rx,0,8,25,00,59,86,01,54,5C,06,
892000,0000060D,false,Rx,0,8,0D,10,82,B6,09,20,70,00,
902000,00000054,false,Rx,0,8,00,00,FE,FF,77,02,00,00,
902000,00000055,false,Rx,0,8,10,27,00,00,00,00,00,00,
903000,00000056,false,Rx,0,8,10,27,00,00,00,00,00,00,
903000,00000057,false,Rx,0,8,00,00,FE,FF,FE,FF,00,00,
929000,00000625,false,Rx,0,8,25,00,59,86,01,54,5C,06,
980000,000002C4,false,Rx,0,8,02,00,00,00,52,02,00,00,
980000,000002C5,false,Rx,0,8,00,00,00,00,00,00,00,00,
981000,000002C6,false,Rx,0,8,32,00,7C,01,00,00,00,00,
992000,0000060D,false,Rx,0,8,0D,10,82,B6,09,20,70,00,
28000,00000625,false,Rx,0,8,25,00,59,86,01,54,5C,06,
92000,0000060D,false,Rx,0,8,0D,10,82,B6,09,20,70,00,
102000,00000054,false,Rx,0,8,00,00,FE,FF,77,02,00,00,
102000,00000055,false,Rx,0,8,10,27,00,00,00,00,00,00,
102000,00000056,false,Rx,0,8,10,27,00,00,00,00,00,00,
102000,00000057,false,Rx,0,8,00,00,FE,FF,FE,FF,00,00,
129000,00000625,false,Rx,0,8,25,00,59,86,01,54,5C,06,
192000,0000060D,false,Rx,0,8,0D,10,82,B6,09,20,70,00,
201000,000002C4,false,Rx,0,8,02,00,00,00,52,02,00,00,
201000,000002C5,false,Rx,0,8,00,00,00,00,00,00,00,00,
201000,000002C6,false,Rx,0,8,32,00,7C,01,00,00,00,00,
230000,00000625,false,Rx,0,8,25,00,59,86,01,54,5C,06,
292000,0000060D,false,Rx,0,8,0D,10,82,B6,09,20,70,00,
301000,00000054,false,Rx,0,8,00,00,FE,FF,77,02,00,00,
302000,00000055,false,Rx,0,8,10,27,00,00,00,00,00,00,
0,00000056,false,Rx,0,8,10,27,00,00,00,00,00,00,
0,00000057,false,Rx,0,8,00,00,FE,FF,FE,FF,00,00,
329000,00000625,false,Rx,0,8,25,00,59,86,01,54,5C,06,
392000,0000060D,false,Rx,0,8,0D,10,82,B6,09,20,70,00,
419000,000002C4,false,Rx,0,8,03,00,00,00,52,02,00,00,
421000,000002C5,false,Rx,0,8,00,00,00,00,00,00,00,00,
421000,000002C6,false,Rx,0,8,32,00,7C,01,00,00,00,00,
429000,00000625,false,Rx,0,8,25,00,59,86,01,54,5C,06,
492000,0000060D,false,Rx,0,8,0D,10,82,B6,09,20,70,00,
0,00000054,false,Rx,0,8,00,00,FE,FF,77,02,00,00,
0,00000055,false,Rx,0,8,10,27,00,00,00,00,00,00,
0,00000056,false,Rx,0,8,10,27,00,00,00,00,00,00,
0,00000057,false,Rx,0,8,00,00,FE,FF,FE,FF,00,00,
529000,00000625,false,Rx,0,8,25,00,59,86,01,54,5C,06,
592000,0000060D,false,Rx,0,8,0D,10,82,B6,09,20,70,00,
629000,00000625,false,Rx,0,8,25,00,59,86,01,54,5C,06,
641000,000002C4,false,Rx,0,8,03,00,00,00,53,02,00,00,
641000,000002C5,false,Rx,0,8,00,00,00,00,00,00,00,00,
641000,000002C6,false,Rx,0,8,32,00,7C,01,00,00,00,00,
692000,0000060D,false,Rx,0,8,0D,10,82,B6,09,20,70,00,
701000,00000054,false,Rx,0,8,00,00,FE,FF,77,02,00,00,
702000,00000055,false,Rx,0,8,10,27,00,00,00,00,00,00,
702000,00000056,false,Rx,0,8,10,27,00,00,00,00,00,00,
702000,00000057,false,Rx,0,8,00,00,FE,FF,FE,FF,00,00,
728000,00000625,false,Rx,0,8,25,00,59,86,01,54,5C,06,
792000,0000060D,false,Rx,0,8,0D,10,82,B6,09,20,70,00,
829000,00000625,false,Rx,0,8,25,00,59,86,01,54,5C,06,
0,000002C4,false,Rx,0,8,03,00,00,00,54,02,00,00,
0,000002C5,false,Rx,0,8,00,00,00,00,00,00,00,00,
861000,000002C6,false,Rx,0,8,32,00,7C,01,00,00,00,00,
892000,0000060D,false,Rx,0,8,0D,10,82,B6,09,20,70,00,
0,00000054,false,Rx,0,8,00,00,FE,FF,77,02,00,00,
0,00000055,false,Rx,0,8,10,27,00,00,00,00,00,00,
0,00000056,false,Rx,0,8,10,27,00,00,00,00,00,00,
903000,00000057,false,Rx,0,8,00,00,FE,FF,FE,FF,00,00,
929000,00000625,false,Rx,0,8,25,00,59,86,01,54,5C,06,
992000,0000060D,false,Rx,0,8,0D,10,82,B6,09,20,70,00,
29000,00000625,false,Rx,0,8,25,00,59,86,01,54,5C,06,
80000,000002C4,false,Rx,0,8,03,00,00,00,54,02,00,00,
81000,000002C5,false,Rx,0,8,00,00,00,00,00,00,00,00,
81000,000002C6,false,Rx,0,8,32,00,7C,01,00,00,00,00,
92000,0000060D,false,Rx,0,8,0D,10,82,B6,09,20,70,00,
102000,00000054,false,Rx,0,8,00,00,FE,FF,77,02,00,00,
102000,00000055,false,Rx,0,8,10,27,00,00,00,00,00,00,
103000,00000056,false,Rx,0,8,10,27,00,00,00,00,00,00,
103000,00000057,false,Rx,0,8,00,00,FE,FF,FE,FF,00,00,
129000,00000625,false,Rx,0,8,25,00,59,86,01,54,5C,06,
193000,0000060D,false,Rx,0,8,0D,10,82,B6,09,20,70,00,
229000,00000625,false,Rx,0,8,25,00,59,86,01,54,5C,06,
242000,00000062,false,Rx,0,8,12,00,00,00,00,00,00,F1,
242000,00000066,false,Rx,0,8,00,00,00,00,00,00,00,00,
243000,0000006D,false,Rx,0,8,12,00,00,00,00,00,00,F0,
243000,0000010A,false,Rx,0,6,10,00,01,20,10,01,00,00,
0,0000005C,false,Rx,0,8,1E,00,1E,00,00,00,00,00,
0,0000005D,false,Rx,0,8,00,00,00,00,00,00,FE,FF,
253000,0000005E,false,Rx,0,8,00,00,00,00,00,00,00,00,
0,0000005F,false,Rx,0,8,1E,00,1E,00,00,00,00,00,
0,00000060,false,Rx,0,8,00,00,00,00,00,00,FE,FF,
0,00000061,false,Rx,0,8,00,00,00,00,00,00,00,00,
0,00000063,false,Rx,0,8,32,01,01,00,00,00,00,00,
254000,00000064,false,Rx,0,8,3C,00,05,00,C8,00,FF,03,
254000,00000067,false,Rx,0,8,BE,3E,27,00,01,1E,00,00,
0,00000068,false,Rx,0,8,BE,3E,27,00,01,1E,00,00,
0,00000069,false,Rx,0,8,BE,3E,27,00,01,1E,00,00,
0,0000006A,false,Rx,0,8,BE,3E,27,00,01,1E,00,00,
256000,0000006B,false,Rx,0,8,BE,3E,27,00,01,1E,00,00,
256000,0000006C,false,Rx,0,8,BE,3E,27,00,01,1E,00,00,
292000,0000060D,false,Rx,0,8,0D,10,82,B6,09,20,70,00,
300000,000002C4,false,Rx,0,8,03,00,00,00,54,02,00,00,
300000,000002C5,false,Rx,0,8,00,00,00,00,00,00,00,00,
300000,000002C6,false,Rx,0,8,32,00,7C,01,00,00,00,00,
301000,00000054,false,Rx,0,8,00,00,FE,FF,77,02,00,00,
302000,00000055,false,Rx,0,8,10,27,00,00,00,00,00,00,
0,00000056,false,Rx,0,8,10,27,00,00,00,00,00,00,
0,00000057,false,Rx,0,8,00,00,FE,FF,FE,FF,00,00,
329000,00000625,false,Rx,0,8,25,00,59,86,01,54,5C,06,
392000,00000062,false,Rx,0,8,12,00,00,00,00,00,00,F1,
392000,00000066,false,Rx,0,8,00,00,00,00,00,00,00,00,
393000,0000006D,false,Rx,0,8,12,00,00,00,00,00,00,F0,
393000,0000010A,false,Rx,0,6,10,00,01,20,10,01,00,00,
393000,0000060D,false,Rx,0,8,0D,10,82,B6,09,20,70,00,
0,0000005C,false,Rx,0,8,1E,00,1E,00,00,00,00,00,
0,0000005D,false,Rx,0,8,00,00,00,00,00,00,FE,FF,
0,0000005E,false,Rx,0,8,00,00,00,00,00,00,00,00,
403000,0000005F,false,Rx,0,8,1E,00,1E,00,00,00,00,00,
403000,00000060,false,Rx,0,8,00,00,00,00,00,00,FE,FF,
403000,00000061,false,Rx,0,8,00,00,00,00,00,00,00,00,
0,00000063,false,Rx,0,8,32,01,01,00,00,00,00,00,
0,00000064,false,Rx,0,8,3C,00,05,00,C8,00,FF,03,
0,00000067,false,Rx,0,8,BE,3E,27,00,01,1E,00,00,
405000,00000068,false,Rx,0,8,BE,3E,27,00,01,1E,00,00,
405000,00000069,false,Rx,0,8,BE,3E,27,00,01,1E,00,00,
405000,0000006A,false,Rx,0,8,BE,3E,27,00,01,1E,00,00,
405000,0000006B,false,Rx,0,8,BE,3E,27,00,01,1E,00,00,
406000,0000006C,false,Rx,0,8,BE,3E,27,00,01,1E,00,00,
429000,00000625,false,Rx,0,8,25,00,59,86,01,54,5C,06,
492000,0000060D,false,Rx,0,8,0D,10,82,B6,09,20,70,00,
0,00000054,false,Rx,0,8,00,00,FE,FF,77,02,00,00,
0,00000055,false,Rx,0,8,10,27,00,00,00,00,00,00,
0,00000056,false,Rx,0,8,10,27,00,00,00,00,00,00,
0,00000057,false,Rx,0,8,00,00,FE,FF,FE,FF,00,00,
520000,000002C4,false,Rx,0,8,03,00,00,00,54,02,00,00,
520000,000002C5,false,Rx,0,8,00,00,00,00,00,00,00,00,
521000,000002C6,false,Rx,0,8,32,00,7C,01,00,00,00,00,
529000,00000625,false,Rx,0,8,25,00,59,86,01,54,5C,06,
542000,00000062,false,Rx,0,8,12,00,00,00,00,00,00,F1,
542000,00000066,false,Rx,0,8,00,00,00,00,00,00,00,00,
543000,0000006D,false,Rx,0,8,12,00,00,00,00,00,00,F0,
543000,0000010A,false,Rx,0,6,10,00,01,20,10,01,00,00,
551000,0000005C,false,Rx,0,8,1E,00,1E,00,00,00,00,00,
552000,0000005D,false,Rx,0,8,00,00,00,00,00,00,FE,FF,
552000,0000005E,false,Rx,0,8,00,00,00,00,00,00,00,00,
552000,0000005F,false,Rx,0,8,1E,00,1E,00,00,00,00,00,
553000,00000060,false,Rx,0,8,00,00,00,00,00,00,FE,FF,
553000,00000061,false,Rx,0,8,00,00,00,00,00,00,00,00,
553000,00000063,false,Rx,0,8,32,01,01,00,00,00,00,00,
553000,00000064,false,Rx,0,8,3C,00,05,00,C8,00,FF,03,
554000,00000067,false,Rx,0,8,BE,3E,27,00,01,1E,00,00,
554000,00000068,false,Rx,0,8,BE,3E,27,00,01,1E,00,00,
0,00000069,false,Rx,0,8,BE,3E,27,00,01,1E,00,00,
0,0000006A,false,Rx,0,8,BE,3E,27,00,01,1E,00,00,
555000,0000006B,false,Rx,0,8,BE,3E,27,00,01,1E,00,00,
556000,0000006C,false,Rx,0,8,BE,3E,27,00,01,1E,00,00,
592000,0000060D,false,Rx,0,8,0D,10,82,B6,09,20,70,00,
628000,00000625,false,Rx,0,8,25,00,59,86,01,54,5C,06,
692000,00000062,false,Rx,0,8,12,00,00,00,00,00,00,F1,
692000,00000066,false,Rx,0,8,00,00,00,00,00,00,00,00,
692000,0000006D,false,Rx,0,8,12,00,00,00,00,00,00,F0,
693000,0000010A,false,Rx,0,6,10,00,01,20,10,01,00,00,
693000,0000060D,false,Rx,0,8,0D,10,82,B6,09,20,70,00,
702000,00000054,false,Rx,0,8,00,00,FE,FF,77,02,00,00,
702000,00000055,false,Rx,0,8,10,27,00,00,00,00,00,00,
0,00000056,false,Rx,0,8,10,27,00,00,00,00,00,00,
0,00000057,false,Rx,0,8,00,00,FE,FF,FE,FF,00,00,
703000,0000005C,false,Rx,0,8,1E,00,1E,00,00,00,00,00,
0,0000005D,false,Rx,0,8,00,00,00,00,00,00,FE,FF,
0,0000005E,false,Rx,0,8,00,00,00,00,00,00,00,00,
0,0000005F,false,Rx,0,8,1E,00,1E,00,00,00,00,00,
0,00000060,false,Rx,0,8,00,00,00,00,00,00,FE,FF,
0,00000061,false,Rx,0,8,00,00,00,00,00,00,00,00,
0,00000063,false,Rx,0,8,32,01,01,00,00,00,00,00,
0,00000064,false,Rx,0,8,3C,00,05,00,C8,00,FF,03,
705000,00000067,false,Rx,0,8,BE,3E,27,00,01,1E,00,00,
705000,00000068,false,Rx,0,8,BE,3E,27,00,01,1E,00,00,
706000,00000069,false,Rx,0,8,BE,3E,27,00,01,1E,00,00,
706000,0000006A,false,Rx,0,8,BE,3E,27,00,01,1E,00,00,
706000,0000006B,false,Rx,0,8,BE,3E,27,00,01,1E,00,00,
706000,0000006C,false,Rx,0,8,BE,3E,27,00,01,1E,00,00,
729000,00000625,false,Rx,0,8,25,00,59,86,01,54,5C,06,
739000,000002C4,false,Rx,0,8,03,00,00,00,54,02,00,00,
741000,000002C5,false,Rx,0,8,00,00,00,00,00,00,00,00,
741000,000002C6,false,Rx,0,8,32,00,7C,01,00,00,00,00,
792000,0000060D,false,Rx,0,8,0D,10,82,B6,09,20,70,00,
829000,00000625,false,Rx,0,8,25,00,59,86,01,54,5C,06,
892000,0000060D,false,Rx,0,8,0D,10,82,B6,09,20,70,00,
902000,00000054,false,Rx,0,8,00,00,FE,FF,77,02,00,00,
902000,00000055,false,Rx,0,8,10,27,00,00,00,00,00,00,
902000,00000056,false,Rx,0,8,10,27,00,00,00,00,00,00,
903000,00000057,false,Rx,0,8,00,00,FE,FF,FE,FF,00,00,
929000,00000625,false,Rx,0,8,25,00,59,86,01,54,5C,06,
959000,000002C4,false,Rx,0,8,03,00,00,00,54,02,00,00,
959000,000002C5,false,Rx,0,8,00,00,00,00,00,00,00,00,
961000,000002C6,false,Rx,0,8,32,00,7C,01,00,00,00,00,
992000,0000060D,false,Rx,0,8,0D,10,82,B6,09,20,70,00,
29000,00000625,false,Rx,0,8,25,00,59,86,01,54,5C,06,
92000,0000060D,false,Rx,0,8,0D,10,82,B6,09,20,70,00,
0,00000054,false,Rx,0,8,00,00,FE,FF,77,02,00,00,
0,00000055,false,Rx,0,8,10,27,00,00,00,00,00,00,
102000,00000056,false,Rx,0,8,10,27,00,00,00,00,00,00,
103000,00000057,false,Rx,0,8,00,00,FE,FF,FE,FF,00,00,
129000,00000625,false,Rx,0,8,25,00,59,86,01,54,5C,06,
0,000002C4,false,Rx,0,8,03,00,00,00,54,02,00,00,
0,000002C5,false,Rx,0,8,00,00,00,00,00,00,00,00,
0,000002C6,false,Rx,0,8,32,00,7C,01,00,00,00,00,
192000,0000060D,false,Rx,0,8,0D,10,82,B6,09,20,70,00,
230000,00000625,false,Rx,0,8,25,00,59,86,01,54,5C,06,
292000,0000060D,false,Rx,0,8,0D,10,82,B6,09,20,70,00,
302000,00000054,false,Rx,0,8,00,00,FE,FF,77,02,00,00,
302000,00000055,false,Rx,0,8,10,27,00,00,00,00,00,00,
302000,00000056,false,Rx,0,8,10,27,00,00,00,00,00,00,
303000,00000057,false,Rx,0,8,00,00,FE,FF,FE,FF,00,00,
329000,00000625,false,Rx,0,8,25,00,59,86,01,54,5C,06,
392000,0000060D,false,Rx,0,8,0D,10,82,B6,09,20,70,00,
400000,000002C4,false,Rx,0,8,03,00,00,00,54,02,00,00,
400000,000002C5,false,Rx,0,8,00,00,00,00,00,00,00,00,
400000,000002C6,false,Rx,0,8,32,00,7C,01,00,00,00,00,
429000,00000625,false,Rx,0,8,25,00,59,86,01,54,5C,06,
492000,0000060D,false,Rx,0,8,0D,10,82,B6,09,20,70,00,
501000,00000054,false,Rx,0,8,00,00,FE,FF,77,02,00,00,
0,00000055,false,Rx,0,8,10,27,00,00,00,00,00,00,
0,00000056,false,Rx,0,8,10,27,00,00,00,00,00,00,
502000,00000057,false,Rx,0,8,00,00,FE,FF,FE,FF,00,00,
529000,00000625,false,Rx,0,8,25,00,59,86,01,54,5C,06,
592000,0000060D,false,Rx,0,8,0D,10,82,B6,09,20,70,00,
619000,000002C4,false,Rx,0,8,03,00,00,00,54,02,00,00,
619000,000002C5,false,Rx,0,8,00,00,00,00,00,00,00,00,
621000,000002C6,false,Rx,0,8,32,00,7C,01,00,00,00,00,
629000,00000625,false,Rx,0,8,25,00,59,86,01,54,5C,06,
692000,0000060D,false,Rx,0,8,0D,10,82,B6,09,20,70,00,
702000,00000054,false,Rx,0,8,00,00,FE,FF,77,02,00,00,
702000,00000055,false,Rx,0,8,10,27,00,00,00,00,00,00,
0,00000056,false,Rx,0,8,10,27,00,00,00,00,00,00,
0,00000057,false,Rx,0,8,00,00,FE,FF,FE,FF,00,00,
729000,00000625,false,Rx,0,8,25,00,59,86,01,54,5C,06,
792000,0000060D,false,Rx,0,8,0D,10,82,B6,09,20,70,00,
829000,00000625,false,Rx,0,8,25,00,59,86,01,54,5C,06,
840000,000002C4,false,Rx,0,8,03,00,00,00,55,02,00,00,
840000,000002C5,false,Rx,0,8,00,00,00,00,00,00,00,00,
840000,000002C6,false,Rx,0,8,32,00,7C,01,00,00,00,00,
892000,0000060D,false,Rx,0,8,0D,10,82,B6,09,20,70,00,
0,00000054,false,Rx,0,8,00,00,FE,FF,77,02,00,00,
0,00000055,false,Rx,0,8,10,27,00,00,00,00,00,00,
0,00000056,false,Rx,0,8,10,27,00,00,00,00,00,00,
903000,00000057,false,Rx,0,8,00,00,FE,FF,FE,FF,00,00,
929000,00000625,false,Rx,0,8,25,00,59,86,01,54,5C,06,
991000,0000060D,false,Rx,0,8,0D,10,82,B6,09,20,70,00,
28000,00000625,false,Rx,0,8,25,00,59,86,01,54,5C,06,
60000,000002C4,false,Rx,0,8,03,00,00,00,55,02,00,00,
60000,000002C5,false,Rx,0,8,00,00,00,00,00,00,00,00,
60000,000002C6,false,Rx,0,8,32,00,7C,01,00,00,00,00,
92000,0000060D,false,Rx,0,8,0D,10,82,B6,09,20,70,00,
102000,00000054,false,Rx,0,8,00,00,FE,FF,77,02,00,00,
102000,00000055,false,Rx,0,8,10,27,00,00,00,00,00,00,
102000,00000056,false,Rx,0,8,10,27,00,00,00,00,00,00,
102000,00000057,false,Rx,0,8,00,00,FE,FF,FE,FF,00,00,
129000,00000625,false,Rx,0,8,25,00,59,86,01,54,5C,06,
192000,0000060D,false,Rx,0,8,0D,10,82,B6,09,20,70,00,
229000,00000625,false,Rx,0,8,25,00,59,86,01,54,5C,06,
279000,000002C4,false,Rx,0,8,03,00,00,00,55,02,00,00,
279000,000002C5,false,Rx,0,8,00,00,00,00,00,00,00,00,
281000,000002C6,false,Rx,0,8,32,00,7C,01,00,00,00,00,
292000,0000060D,false,Rx,0,8,0D,10,82,B6,09,20,70,00,
301000,00000054,false,Rx,0,8,00,00,FE,FF,77,02,00,00,
302000,00000055,false,Rx,0,8,10,27,00,00,00,00,00,00,
302000,00000056,false,Rx,0,8,10,27,00,00,00,00,00,00,
302000,00000057,false,Rx,0,8,00,00,FE,FF,FE,FF,00,00,
303000,0000060D,false,Rx,0,8,0D,11,82,B6,09,20,70,00,
329000,00000625,false,Rx,0,8,25,00,59,86,01,54,5C,06,
402000,0000060D,false,Rx,0,8,0D,11,82,B6,09,20,70,00,
499000,000002C4,false,Rx,0,8,03,00,00,00,55,02,00,00,
499000,000002C5,false,Rx,0,8,00,00,00,00,00,00,00,00,
499000,000002C6,false,Rx,0,8,32,00,7C,01,00,00,00,00,
502000,00000054,false,Rx,0,8,00,00,FE,FF,77,02,00,00,
502000,00000055,false,Rx,0,8,10,27,00,00,00,00,00,00,
0,00000056,false,Rx,0,8,10,27,00,00,00,00,00,00,
0,00000057,false,Rx,0,8,00,00,FE,FF,FE,FF,00,00,
503000,0000060D,false,Rx,0,8,0D,11,82,B6,09,20,70,00,
545000,00000625,false,Rx,0,8,25,00,59,86,01,54,5C,06,
602000,0000060D,false,Rx,0,8,0D,11,82,B6,09,20,70,00,
645000,00000625,false,Rx,0,8,25,00,59,86,01,54,5C,06,
702000,00000054,false,Rx,0,8,00,00,FE,FF,77,02,00,00,
702000,00000055,false,Rx,0,8,10,27,00,00,00,00,00,00,
703000,00000056,false,Rx,0,8,10,27,00,00,00,00,00,00,
703000,00000057,false,Rx,0,8,00,00,FE,FF,FE,FF,00,00,
703000,0000060D,false,Rx,0,8,0D,11,82,B6,09,20,70,00,
719000,000002C4,false,Rx,0,8,03,00,00,00,55,02,00,00,
719000,000002C5,false,Rx,0,8,00,00,00,00,00,00,00,00,
719000,000002C6,false,Rx,0,8,32,00,7C,01,00,00,00,00,
745000,00000625,false,Rx,0,8,25,00,59,86,01,54,5C,06,
802000,0000060D,false,Rx,0,8,0D,11,82,B6,09,20,70,00,
845000,00000625,false,Rx,0,8,25,00,59,86,01,54,5C,06,
0,00000054,false,Rx,0,8,00,00,FE,FF,77,02,00,00,
0,00000055,false,Rx,0,8,10,27,00,00,00,00,00,00,
902000,00000056,false,Rx,0,8,10,27,00,00,00,00,00,00,
902000,00000057,false,Rx,0,8,00,00,FE,FF,FE,FF,00,00,
903000,0000060D,false,Rx,0,8,0D,11,82,B6,09,20,70,00,
0,000002C4,false,Rx,0,8,03,00,00,00,55,02,00,00,
0,000002C5,false,Rx,0,8,00,00,00,00,00,00,00,00,
0,000002C6,false,Rx,0,8,32,00,7C,01,00,00,00,00,
945000,00000625,false,Rx,0,8,25,00,59,86,01,54,5C,06,
2000,0000060D,false,Rx,0,8,0D,11,82,B6,09,20,70,00,
45000,00000625,false,Rx,0,8,25,00,59,86,01,54,5C,06,
0,00000054,false,Rx,0,8,00,00,FE,FF,77,02,00,00,
0,00000055,false,Rx,0,8,10,27,00,00,00,00,00,00,
103000,00000056,false,Rx,0,8,10,27,00,00,00,00,00,00,
103000,00000057,false,Rx,0,8,00,00,FE,FF,FE,FF,00,00,
103000,0000060D,false,Rx,0,8,0D,11,82,B6,09,20,70,00,
145000,00000625,false,Rx,0,8,25,00,59,86,01,54,5C,06,
159000,000002C4,false,Rx,0,8,03,00,00,00,55,02,00,00,
159000,000002C5,false,Rx,0,8,00,00,00,00,00,00,00,00,
161000,000002C6,false,Rx,0,8,32,00,7C,01,00,00,00,00,
203000,0000060D,false,Rx,0,8,0D,11,82,B6,09,20,70,00,
244000,00000625,false,Rx,0,8,25,00,59,86,01,54,5C,06,
302000,00000054,false,Rx,0,8,00,00,FE,FF,77,02,00,00,
302000,00000055,false,Rx,0,8,10,27,00,00,00,00,00,00,
303000,00000056,false,Rx,0,8,10,27,00,00,00,00,00,00,
303000,00000057,false,Rx,0,8,00,00,FE,FF,FE,FF,00,00,
303000,0000060D,false,Rx,0,8,0D,11,82,B6,09,20,70,00,
345000,00000625,false,Rx,0,8,25,00,59,86,01,54,5C,06,
379000,000002C4,false,Rx,0,8,03,00,00,00,55,02,00,00,
381000,000002C5,false,Rx,0,8,00,00,00,00,00,00,00,00,
381000,000002C6,false,Rx,0,8,32,00,7C,01,00,00,00,00,
402000,0000060D,false,Rx,0,8,0D,11,82,B6,09,20,70,00,
445000,00000625,false,Rx,0,8,25,00,59,86,01,54,5C,06,
502000,00000054,false,Rx,0,8,00,00,FE,FF,77,02,00,00,
502000,00000055,false,Rx,0,8,10,27,00,00,00,00,00,00,
502000,00000056,false,Rx,0,8,10,27,00,00,00,00,00,00,
503000,00000057,false,Rx,0,8,00,00,FE,FF,FE,FF,00,00,
503000,0000060D,false,Rx,0,8,0D,11,82,B6,09,20,70,00,
545000,00000625,false,Rx,0,8,25,00,59,86,01,54,5C,06,
0,000002C4,false,Rx,0,8,03,00,00,00,55,02,00,00,
0,000002C5,false,Rx,0,8,00,00,00,00,00,00,00,00,
601000,000002C6,false,Rx,0,8,32,00,7C,01,00,00,00,00,
602000,0000060D,false,Rx,0,8,0D,11,82,B6,09,20,70,00,
645000,00000625,false,Rx,0,8,25,00,59,86,01,54,5C,06,
702000,00000054,false,Rx,0,8,00,00,FE,FF,77,02,00,00,
0,00000055,false,Rx,0,8,10,27,00,00,00,00,00,00,
0,00000056,false,Rx,0,8,10,27,00,00,00,00,00,00,
0,00000057,false,Rx,0,8,00,00,FE,FF,FE,FF,00,00,
0,0000060D,false,Rx,0,8,0D,11,82,B6,09,20,70,00,
744000,00000625,false,Rx,0,8,25,00,59,86,01,54,5C,06,
802000,0000060D,false,Rx,0,8,0D,11,82,B6,09,20,70,00,
820000,000002C4,false,Rx,0,8,03,00,00,00,55,02,00,00,
0,000002C5,false,Rx,0,8,00,00,00,00,00,00,00,00,
0,000002C6,false,Rx,0,8,32,00,7C,01,00,00,00,00,
845000,00000625,false,Rx,0,8,25,00,59,86,01,54,5C,06,
902000,00000054,false,Rx,0,8,00,00,FE,FF,77,02,00,00,
902000,00000055,false,Rx,0,8,10,27,00,00,00,00,00,00,
902000,00000056,false,Rx,0,8,10,27,00,00,00,00,00,00,
902000,00000057,false,Rx,0,8,00,00,FE,FF,FE,FF,00,00,
903000,0000060D,false,Rx,0,8,0D,11,82,B6,09,20,70,00,
945000,00000625,false,Rx,0,8,25,00,59,86,01,54,5C,06,
2000,0000060D,false,Rx,0,8,0D,11,82,B6,09,20,70,00,
39000,000002C4,false,Rx,0,8,03,00,00,00,55,02,00,00,
41000,000002C5,false,Rx,0,8,00,00,00,00,00,00,00,00,
41000,000002C6,false,Rx,0,8,32,00,7C,01,00,00,00,00,
45000,00000625,false,Rx,0,8,25,00,59,86,01,54,5C,06,
0,00000054,false,Rx,0,8,00,00,FE,FF,77,02,00,00,
0,00000055,false,Rx,0,8,10,27,00,00,00,00,00,00,
0,00000056,false,Rx,0,8,10,27,00,00,00,00,00,00,
0,00000057,false,Rx,0,8,00,00,FE,FF,FE,FF,00,00,
103000,0000060D,false,Rx,0,8,0D,11,82,B6,09,20,70,00,
145000,00000625,false,Rx,0,8,25,00,59,86,01,54,5C,06,
202000,0000060D,false,Rx,0,8,0D,11,82,B6,09,20,70,00,
245000,00000625,false,Rx,0,8,25,00,59,86,01,54,5C,06,
260000,000002C4,false,Rx,0,8,03,00,00,00,55,02,00,00,
260000,000002C5,false,Rx,0,8,00,00,00,00,00,00,00,00,
261000,000002C6,false,Rx,0,8,32,00,7C,01,00,00,00,00,
301000,00000054,false,Rx,0,8,00,00,FE,FF,77,02,00,00,
301000,00000055,false,Rx,0,8,10,27,00,00,00,00,00,00,
302000,00000056,false,Rx,0,8,10,27,00,00,00,00,00,00,
302000,00000057,false,Rx,0,8,00,00,FE,FF,FE,FF,00,00,
302000,0000060D,false,Rx,0,8,0D,11,82,B6,09,20,70,00,
345000,00000625,false,Rx,0,8,25,00,59,86,01,54,5C,06,
402000,0000060D,false,Rx,0,8,0D,11,82,B6,09,20,70,00,
446000,00000625,false,Rx,0,8,25,00,59,86,01,54,5C,06,
0,000002C4,false,Rx,0,8,03,00,00,00,56,02,00,00,
0,000002C5,false,Rx,0,8,00,00,00,00,00,00,00,00,
0,000002C6,false,Rx,0,8,32,00,7C,01,00,00,00,00,
502000,00000054,false,Rx,0,8,00,00,FE,FF,77,02,00,00,
502000,00000055,false,Rx,0,8,10,27,00,00,00,00,00,00,
503000,00000056,false,Rx,0,8,10,27,00,00,00,00,00,00,
503000,00000057,false,Rx,0,8,00,00,FE,FF,FE,FF,00,00,
503000,0000060D,false,Rx,0,8,0D,11,82,B6,09,20,70,00,
545000,00000625,false,Rx,0,8,25,00,59,86,01,54,5C,06,
602000,0000060D,false,Rx,0,8,0D,11,82,B6,09,20,70,00,
646000,00000625,false,Rx,0,8,25,00,59,86,01,54,5C,06,
699000,000002C4,false,Rx,0,8,03,00,00,00,56,02,00,00,
699000,000002C5,false,Rx,0,8,00,00,00,00,00,00,00,00,
701000,000002C6,false,Rx,0,8,32,00,7C,01,00,00,00,00,
702000,00000054,false,Rx,0,8,00,00,FE,FF,77,02,00,00,
702000,00000055,false,Rx,0,8,10,27,00,00,00,00,00,00,
703000,00000056,false,Rx,0,8,10,27,00,00,00,00,00,00,
703000,00000057,false,Rx,0,8,00,00,FE,FF,FE,FF,00,00,
703000,0000060D,false,Rx,0,8,0D,11,82,B6,09,20,70,00,
745000,00000625,false,Rx,0,8,25,00,59,86,01,54,5C,06,
802000,0000060D,false,Rx,0,8,0D,11,82,B6,09,20,70,00,
845000,00000625,false,Rx,0,8,25,00,59,86,01,54,5C,06,
902000,00000054,false,Rx,0,8,00,00,FE,FF,77,02,00,00,
902000,00000055,false,Rx,0,8,10,27,00,00,00,00,00,00,
903000,00000056,false,Rx,0,8,10,27,00,00,00,00,00,00,
0,00000057,false,Rx,0,8,00,00,FE,FF,FE,FF,00,00,
0,0000060D,false,Rx,0,8,0D,11,82,B6,09,20,70,00,
921000,000002C4,false,Rx,0,8,03,00,00,00,56,02,00,00,
921000,000002C5,false,Rx,0,8,00,00,00,00,00,00,00,00,
921000,000002C6,false,Rx,0,8,32,00,7C,01,00,00,00,00,
945000,00000625,false,Rx,0,8,25,00,59,86,01,54,5C,06,
2000,0000060D,false,Rx,0,8,0D,11,82,B6,09,20,70,00,
45000,00000625,false,Rx,0,8,25,00,59,86,01,54,5C,06,
0,00000054,false,Rx,0,8,00,00,FE,FF,77,02,00,00,
0,00000055,false,Rx,0,8,10,27,00,00,00,00,00,00,
102000,00000056,false,Rx,0,8,10,27,00,00,00,00,00,00,
103000,00000057,false,Rx,0,8,00,00,FE,FF,FE,FF,00,00,
103000,0000060D,false,Rx,0,8,0D,11,82,B6,09,20,70,00,
0,000002C4,false,Rx,0,8,03,00,00,00,56,02,00,00,
0,000002C5,false,Rx,0,8,00,00,00,00,00,00,00,00,
141000,000002C6,false,Rx,0,8,32,00,7C,01,00,00,00,00,
145000,00000625,false,Rx,0,8,25,00,59,86,01,54,5C,06,
202000,0000060D,false,Rx,0,8,0D,11,82,B6,09,20,70,00,
245000,00000625,false,Rx,0,8,25,00,59,86,01,54,5C,06,
302000,00000054,false,Rx,0,8,00,00,FE,FF,77,02,00,00,
302000,00000055,false,Rx,0,8,10,27,00,00,00,00,00,00,
303000,00000056,false,Rx,0,8,10,27,00,00,00,00,00,00,
303000,00000057,false,Rx,0,8,00,00,FE,FF,FE,FF,00,00,
303000,0000060D,false,Rx,0,8,0D,11,82,B6,09,20,70,00,
345000,00000625,false,Rx,0,8,25,00,59,86,01,54,5C,06,
359000,000002C4,false,Rx,0,8,03,00,00,00,56,02,00,00,
359000,000002C5,false,Rx,0,8,00,00,00,00,00,00,00,00,
361000,000002C6,false,Rx,0,8,32,00,7C,01,00,00,00,00,
403000,0000060D,false,Rx,0,8,0D,11,82,B6,09,20,70,00,
445000,00000625,false,Rx,0,8,25,00,59,86,01,54,5C,06,
0,00000054,false,Rx,0,8,00,00,FE,FF,77,02,00,00,
0,00000055,false,Rx,0,8,10,27,00,00,00,00,00,00,
503000,00000056,false,Rx,0,8,10,27,00,00,00,00,00,00,
503000,00000057,false,Rx,0,8,00,00,FE,FF,FE,FF,00,00,
503000,0000060D,false,Rx,0,8,0D,11,82,B6,09,20,70,00,
545000,00000625,false,Rx,0,8,25,00,59,86,01,54,5C,06,
0,000002C4,false,Rx,0,8,03,00,00,00,56,02,00,00,
0,000002C5,false,Rx,0,8,00,00,00,00,00,00,00,00,
581000,000002C6,false,Rx,0,8,32,00,7C,01,00,00,00,00,
602000,0000060D,false,Rx,0,8,0D,11,82,B6,09,20,70,00,
645000,00000625,false,Rx,0,8,25,00,59,86,01,54,5C,06,
702000,00000054,false,Rx,0,8,00,00,FE,FF,77,02,00,00,
702000,00000055,false,Rx,0,8,10,27,00,00,00,00,00,00,
702000,00000056,false,Rx,0,8,10,27,00,00,00,00,00,00,
703000,00000057,false,Rx,0,8,00,00,FE,FF,FE,FF,00,00,
703000,0000060D,false,Rx,0,8,0D,11,82,B6,09,20,70,00,
745000,00000625,false,Rx,0,8,25,00,59,86,01,54,5C,06,
801000,000002C4,false,Rx,0,8,03,00,00,00,56,02,00,00,
801000,000002C5,false,Rx,0,8,00,00,00,00,00,00,00,00,
801000,000002C6,false,Rx,0,8,32,00,7C,01,00,00,00,00,
802000,0000060D,false,Rx,0,8,0D,11,82,B6,09,20,70,00,
845000,00000625,false,Rx,0,8,25,00,59,86,01,54,5C,06,
0,00000054,false,Rx,0,8,00,00,FE,FF,77,02,00,00,
0,00000055,false,Rx,0,8,10,27,00,00,00,00,00,00,
0,00000056,false,Rx,0,8,10,27,00,00,00,00,00,00,
0,00000057,false,Rx,0,8,00,00,FE,FF,FE,FF,00,00,
903000,0000060D,false,Rx,0,8,0D,11,82,B6,09,20,70,00,
946000,00000625,false,Rx,0,8,25,00,59,86,01,54,5C,06,
2000,0000060D,false,Rx,0,8,0D,11,82,B6,09,20,70,00,
19000,000002C4,false,Rx,0,8,03,00,00,00,56,02,00,00,
21000,000002C5,false,Rx,0,8,00,00,00,00,00,00,00,00,
21000,000002C6,false,Rx,0,8,32,00,7C,01,00,00,00,00,
45000,00000625,false,Rx,0,8,25,00,59,86,01,54,5C,06,
0,00000054,false,Rx,0,8,00,00,FE,FF,77,02,00,00,
0,00000055,false,Rx,0,8,10,27,00,00,00,00,00,00,
0,00000056,false,Rx,0,8,10,27,00,00,00,00,00,00,
102000,00000057,false,Rx,0,8,00,00,FE,FF,FE,FF,00,00,
103000,0000060D,false,Rx,0,8,0D,11,82,B6,09,20,70,00,
145000,00000625,false,Rx,0,8,25,00,59,86,01,54,5C,06,
203000,0000060D,false,Rx,0,8,0D,11,82,B6,09,20,70,00,
0,000002C4,false,Rx,0,8,03,00,00,00,56,02,00,00,
0,000002C5,false,Rx,0,8,00,00,00,00,00,00,00,00,
241000,000002C6,false,Rx,0,8,32,00,7C,01,00,00,00,00,
245000,00000625,false,Rx,0,8,25,00,59,86,01,54,5C,06,
302000,00000054,false,Rx,0,8,00,00,FE,FF,77,02,00,00,
302000,00000055,false,Rx,0,8,10,27,00,00,00,00,00,00,
303000,00000056,false,Rx,0,8,10,27,00,00,00,00,00,00,
303000,00000057,false,Rx,0,8,00,00,FE,FF,FE,FF,00,00,
303000,0000060D,false,Rx,0,8,0D,10,82,B6,09,20,70,00,
312000,0000060D,false,Rx,0,8,0D,11,82,B6,09,20,70,00,
345000,00000625,false,Rx,0,8,25,00,59,86,01,54,5C,06,
413000,0000060D,false,Rx,0,8,0D,11,82,B6,09,20,70,00,
460000,000002C4,false,Rx,0,8,03,00,00,00,56,02,00,00,
460000,000002C5,false,Rx,0,8,00,00,00,00,00,00,00,00,
461000,000002C6,false,Rx,0,8,32,00,7C,01,00,00,00,00,
502000,00000054,false,Rx,0,8,00,00,FE,FF,77,02,00,00,
502000,00000055,false,Rx,0,8,10,27,00,00,00,00,00,00,
502000,00000056,false,Rx,0,8,10,27,00,00,00,00,00,00,
502000,00000057,false,Rx,0,8,00,00,FE,FF,FE,FF,00,00,
512000,0000060D,false,Rx,0,8,0D,11,82,B6,09,20,70,00,
555000,00000625,false,Rx,0,8,25,00,59,86,01,54,5C,06,
612000,0000060D,false,Rx,0,8,0D,11,82,B6,09,20,70,00,
655000,00000625,false,Rx,0,8,25,00,59,86,01,54,5C,06,
0,000002C4,false,Rx,0,8,03,00,00,00,56,02,00,00,
0,000002C5,false,Rx,0,8,00,00,00,00,00,00,00,00,
681000,000002C6,false,Rx,0,8,32,00,7C,01,00,00,00,00,
702000,00000054,false,Rx,0,8,00,00,FE,FF,77,02,00,00,
702000,00000055,false,Rx,0,8,10,27,00,00,00,00,00,00,
702000,00000056,false,Rx,0,8,10,27,00,00,00,00,00,00,
703000,00000057,false,Rx,0,8,00,00,FE,FF,FE,FF,00,00,
712000,0000060D,false,Rx,0,8,0D,11,82,B6,09,20,70,00,
755000,00000625,false,Rx,0,8,25,00,59,86,01,54,5C,06,
813000,0000060D,false,Rx,0,8,0D,11,82,B6,09,20,70,00,
855000,00000625,false,Rx,0,8,25,00,59,86,01,54,5C,06,
0,000002C4,false,Rx,0,8,03,00,00,00,57,02,00,00,
0,000002C5,false,Rx,0,8,00,00,00,00,00,00,00,00,
0,000002C6,false,Rx,0,8,32,00,7C,01,00,00,00,00,
0,00000054,false,Rx,0,8,00,00,FE,FF,77,02,00,00,
0,00000055,false,Rx,0,8,10,27,00,00,00,00,00,00,
902000,00000056,false,Rx,0,8,10,27,00,00,00,00,00,00,
903000,00000057,false,Rx,0,8,00,00,FE,FF,FE,FF,00,00,
912000,0000060D,false,Rx,0,8,0D,11,82,B6,09,20,70,00,
955000,00000625,false,Rx,0,8,25,00,59,86,01,54,5C,06,
12000,0000060D,false,Rx,0,8,0D,11,82,B6,09,20,70,00,
56000,00000625,false,Rx,0,8,25,00,59,86,01,54,5C,06,
102000,00000054,false,Rx,0,8,00,00,FE,FF,77,02,00,00,
102000,00000055,false,Rx,0,8,10,27,00,00,00,00,00,00,
0,00000056,false,Rx,0,8,10,27,00,00,00,00,00,00,
0,00000057,false,Rx,0,8,00,00,FE,FF,FE,FF,00,00,
112000,0000060D,false,Rx,0,8,0D,11,82,B6,09,20,70,00,
0,000002C4,false,Rx,0,8,03,00,00,00,57,02,00,00,
0,000002C5,false,Rx,0,8,00,00,00,00,00,00,00,00,
0,000002C6,false,Rx,0,8,32,00,7C,01,00,00,00,00,
154000,00000625,false,Rx,0,8,25,00,59,86,01,54,5C,06,
212000,0000060D,false,Rx,0,8,0D,11,82,B6,09,20,70,00,
255000,00000625,false,Rx,0,8,25,00,59,86,01,54,5C,06,
302000,00000054,false,Rx,0,8,00,00,FE,FF,77,02,00,00,
302000,00000055,false,Rx,0,8,10,27,00,00,00,00,00,00,
302000,00000056,false,Rx,0,8,10,27,00,00,00,00,00,00,
303000,00000057,false,Rx,0,8,00,00,FE,FF,FE,FF,00,00,
312000,0000060D,false,Rx,0,8,0D,11,82,B6,09,20,70,00,
340000,000002C4,false,Rx,0,8,03,00,00,00,57,02,00,00,
340000,000002C5,false,Rx,0,8,00,00,00,00,00,00,00,00,
341000,000002C6,false,Rx,0,8,32,00,7C,01,00,00,00,00,
355000,00000625,false,Rx,0,8,25,00,59,86,01,54,5C,06,
412000,0000060D,false,Rx,0,8,0D,11,82,B6,09,20,70,00,
455000,00000625,false,Rx,0,8,25,00,59,86,01,54,5C,06,
501000,00000054,false,Rx,0,8,00,00,FE,FF,77,02,00,00,
501000,00000055,false,Rx,0,8,10,27,00,00,00,00,00,00,
502000,00000056,false,Rx,0,8,10,27,00,00,00,00,00,00,
502000,00000057,false,Rx,0,8,00,00,FE,FF,FE,FF,00,00,
512000,0000060D,false,Rx,0,8,0D,11,82,B6,09,20,70,00,
555000,00000625,false,Rx,0,8,25,00,59,86,01,54,5C,06,
559000,000002C4,false,Rx,0,8,03,00,00,00,57,02,00,00,
559000,000002C5,false,Rx,0,8,00,00,00,00,00,00,00,00,
561000,000002C6,false,Rx,0,8,32,00,7C,01,00,00,00,00,
612000,0000060D,false,Rx,0,8,0D,11,82,B6,09,20,70,00,
655000,00000625,false,Rx,0,8,25,00,59,86,01,54,5C,06,
702000,00000054,false,Rx,0,8,00,00,FE,FF,77,02,00,00,
702000,00000055,false,Rx,0,8,10,27,00,00,00,00,00,00,
703000,00000056,false,Rx,0,8,10,27,00,00,00,00,00,00,
703000,00000057,false,Rx,0,8,00,00,FE,FF,FE,FF,00,00,
712000,0000060D,false,Rx,0,8,0D,11,82,B6,09,20,70,00,
755000,00000625,false,Rx,0,8,25,00,59,86,01,54,5C,06,
780000,000002C4,false,Rx,0,8,03,00,00,00,57,02,00,00,
781000,000002C5,false,Rx,0,8,00,00,00,00,00,00,00,00,
781000,000002C6,false,Rx,0,8,32,00,7C,01,00,00,00,00,
812000,0000060D,false,Rx,0,8,0D,11,82,B6,09,20,70,00,
855000,00000625,false,Rx,0,8,25,00,59,86,01,54,5C,06,
902000,00000054,false,Rx,0,8,00,00,FE,FF,77,02,00,00,
902000,00000055,false,Rx,0,8,10,27,00,00,00,00,00,00,
0,00000056,false,Rx,0,8,10,27,00,00,00,00,00,00,
0,00000057,false,Rx,0,8,00,00,FE,FF,FE,FF,00,00,
912000,0000060D,false,Rx,0,8,0D,11,82,B6,09,20,70,00,
955000,00000625,false,Rx,0,8,25,00,59,86,01,54,5C,06,
999000,000002C4,false,Rx,0,8,03,00,00,00,57,02,00,00,
999000,000002C5,false,Rx,0,8,00,00,00,00,00,00,00,00,
1000,000002C6,false,Rx,0,8,32,00,7C,01,00,00,00,00,
12000,0000060D,false,Rx,0,8,0D,11,82,B6,09,20,70,00,
56000,00000625,false,Rx,0,8,25,00,59,86,01,54,5C,06,
0,00000054,false,Rx,0,8,00,00,FE,FF,77,02,00,00,
0,00000055,false,Rx,0,8,10,27,00,00,00,00,00,00,
102000,00000056,false,Rx,0,8,10,27,00,00,00,00,00,00,
103000,00000057,false,Rx,0,8,00,00,FE,FF,FE,FF,00,00,
112000,0000060D,false,Rx,0,8,0D,11,82,B6,09,20,70,00,
155000,00000625,false,Rx,0,8,25,00,59,86,01,54,5C,06,
212000,0000060D,false,Rx,0,8,0D,11,82,B6,09,20,70,00,
219000,000002C4,false,Rx,0,8,03,00,00,00,57,02,00,00,
219000,000002C5,false,Rx,0,8,00,00,00,00,00,00,00,00,
221000,000002C6,false,Rx,0,8,32,00,7C,01,00,00,00,00,
255000,00000625,false,Rx,0,8,25,00,59,86,01,54,5C,06,
0,00000054,false,Rx,0,8,00,00,FE,FF,77,02,00,00,
0,00000055,false,Rx,0,8,10,27,00,00,00,00,00,00,
0,00000056,false,Rx,0,8,10,27,00,00,00,00,00,00,
0,00000057,false,Rx,0,8,00,00,FE,FF,FE,FF,00,00,
313000,0000060D,false,Rx,0,8,0D,11,82,B6,09,20,70,00,
355000,00000625,false,Rx,0,8,25,00,59,86,01,54,5C,06,
413000,0000060D,false,Rx,0,8,0D,11,83,B6,09,20,70,00,
440000,000002C4,false,Rx,0,8,03,00,00,00,57,02,00,00,
440000,000002C5,false,Rx,0,8,00,00,00,00,00,00,00,00,
441000,000002C6,false,Rx,0,8,32,00,7C,01,00,00,00,00,
454000,00000625,false,Rx,0,8,25,00,59,86,01,54,5C,06,
501000,00000054,false,Rx,0,8,00,00,FE,FF,77,02,00,00,
502000,00000055,false,Rx,0,8,10,27,00,00,00,00,00,00,
0,00000056,false,Rx,0,8,10,27,00,00,00,00,00,00,
0,00000057,false,Rx,0,8,00,00,FE,FF,FE,FF,00,00,
512000,0000060D,false,Rx,0,8,0D,11,83,B6,09,20,70,00,
556000,00000625,false,Rx,0,8,25,00,59,86,01,54,5C,06,
612000,0000060D,false,Rx,0,8,0D,11,83,B6,09,20,70,00,
655000,00000625,false,Rx,0,8,25,00,59,86,01,54,5C,06,
0,000002C4,false,Rx,0,8,03,00,00,00,57,02,00,00,
0,000002C5,false,Rx,0,8,00,00,00,00,00,00,00,00,
661000,000002C6,false,Rx,0,8,32,00,7C,01,00,00,00,00,
0,00000054,false,Rx,0,8,00,00,FE,FF,77,02,00,00,
0,00000055,false,Rx,0,8,10,27,00,00,00,00,00,00,
703000,00000056,false,Rx,0,8,10,27,00,00,00,00,00,00,
703000,00000057,false,Rx,0,8,00,00,FE,FF,FE,FF,00,00,
712000,0000060D,false,Rx,0,8,0D,11,83,B6,09,20,70,00,
755000,00000625,false,Rx,0,8,25,00,59,86,01,54,5C,06,
812000,0000060D,false,Rx,0,8,0D,11,83,B6,09,20,70,00,
855000,00000625,false,Rx,0,8,25,00,59,86,01,54,5C,06,
880000,000002C4,false,Rx,0,8,03,00,00,00,57,02,00,00,
881000,000002C5,false,Rx,0,8,00,00,00,00,00,00,00,00,
881000,000002C6,false,Rx,0,8,32,00,7C,01,00,00,00,00,
0,00000054,false,Rx,0,8,00,00,FE,FF,77,02,00,00,
0,00000055,false,Rx,0,8,10,27,00,00,00,00,00,00,
0,00000056,false,Rx,0,8,10,27,00,00,00,00,00,00,
0,00000057,false,Rx,0,8,00,00,FE,FF,FE,FF,00,00,
913000,0000060D,false,Rx,0,8,0D,11,83,B6,09,20,70,00,
955000,00000625,false,Rx,0,8,25,00,59,86,01,54,5C,06,
12000,0000060D,false,Rx,0,8,0D,11,83,B6,09,20,70,00,
55000,00000625,false,Rx,0,8,25,00,59,86,01,54,5C,06,
100000,000002C4,false,Rx,0,8,03,00,00,00,57,02,00,00,
100000,000002C5,false,Rx,0,8,00,00,00,00,00,00,00,00,
101000,000002C6,false,Rx,0,8,32,00,7C,01,00,00,00,00,
0,00000054,false,Rx,0,8,00,00,FE,FF,77,02,00,00,
0,00000055,false,Rx,0,8,10,27,00,00,00,00,00,00,
103000,00000056,false,Rx,0,8,10,27,00,00,00,00,00,00,
103000,00000057,false,Rx,0,8,00,00,FE,FF,FE,FF,00,00,
112000,0000060D,false,Rx,0,8,0D,11,83,B6,09,20,70,00,
155000,00000625,false,Rx,0,8,25,00,59,86,01,54,5C,06,
212000,0000060D,false,Rx,0,8,0D,11,83,B6,09,20,70,00,
255000,00000625,false,Rx,0,8,25,00,59,86,01,54,5C,06,
0,00000054,false,Rx,0,8,00,00,FE,FF,77,02,00,00,
0,00000055,false,Rx,0,8,10,27,00,00,00,00,00,00,
302000,00000056,false,Rx,0,8,10,27,00,00,00,00,00,00,
303000,00000057,false,Rx,0,8,00,00,FE,FF,FE,FF,00,00,
312000,0000060D,false,Rx,0,8,0D,11,83,B6,09,20,70,00,
0,000002C4,false,Rx,0,8,03,00,00,00,57,02,00,00,
0,000002C5,false,Rx,0,8,00,00,00,00,00,00,00,00,
321000,000002C6,false,Rx,0,8,32,00,7C,01,00,00,00,00,
355000,00000625,false,Rx,0,8,25,00,59,86,01,54,5C,06,
412000,0000060D,false,Rx,0,8,0D,11,83,B6,09,20,70,00,
455000,00000625,false,Rx,0,8,25,00,59,86,01,54,5C,06,
0,00000054,false,Rx,0,8,00,00,FE,FF,77,02,00,00,
0,00000055,false,Rx,0,8,10,27,00,00,00,00,00,00,
503000,00000056,false,Rx,0,8,10,27,00,00,00,00,00,00,
503000,00000057,false,Rx,0,8,00,00,FE,FF,FE,FF,00,00,
512000,0000060D,false,Rx,0,8,0D,11,83,B6,09,20,70,00,
539000,000002C4,false,Rx,0,8,03,00,00,00,57,02,00,00,
539000,000002C5,false,Rx,0,8,00,00,00,00,00,00,00,00,
541000,000002C6,false,Rx,0,8,32,00,7C,01,00,00,00,00,
555000,00000625,false,Rx,0,8,25,00,59,86,01,54,5C,06,
612000,0000060D,false,Rx,0,8,0D,11,83,B6,09,20,70,00,
655000,00000625,false,Rx,0,8,25,00,59,86,01,54,5C,06,
0,00000054,false,Rx,0,8,00,00,FE,FF,77,02,00,00,
0,00000055,false,Rx,0,8,10,27,00,00,00,00,00,00,
702000,00000056,false,Rx,0,8,10,27,00,00,00,00,00,00,
702000,00000057,false,Rx,0,8,00,00,FE,FF,FE,FF,00,00,
713000,0000060D,false,Rx,0,8,0D,11,83,B6,09,20,70,00,
754000,00000625,false,Rx,0,8,25,00,59,86,01,54,5C,06,
759000,000002C4,false,Rx,0,8,03,00,00,00,58,02,00,00,
759000,000002C5,false,Rx,0,8,00,00,00,00,00,00,00,00,
761000,000002C6,false,Rx,0,8,32,00,7C,01,00,00,00,00,
812000,0000060D,false,Rx,0,8,0D,11,83,B6,09,20,70,00,
855000,00000625,false,Rx,0,8,25,00,59,86,01,54,5C,06,
901000,00000054,false,Rx,0,8,00,00,FE,FF,77,02,00,00,
902000,00000055,false,Rx,0,8,10,27,00,00,00,00,00,00,
902000,00000056,false,Rx,0,8,10,27,00,00,00,00,00,00,
902000,00000057,false,Rx,0,8,00,00,FE,FF,FE,FF,00,00,
912000,0000060D,false,Rx,0,8,0D,11,83,B6,09,20,70,00,
955000,00000625,false,Rx,0,8,25,00,59,86,01,54,5C,06,
980000,000002C4,false,Rx,0,8,03,00,00,00,58,02,00,00,
980000,000002C5,false,Rx,0,8,00,00,00,00,00,00,00,00,
981000,000002C6,false,Rx,0,8,32,00,7C,01,00,00,00,00,
12000,0000060D,false,Rx,0,8,0D,11,83,B6,09,20,70,00,
56000,00000625,false,Rx,0,8,25,00,59,86,01,54,5C,06,
0,00000054,false,Rx,0,8,00,00,FE,FF,77,02,00,00,
0,00000055,false,Rx,0,8,10,27,00,00,00,00,00,00,
102000,00000056,false,Rx,0,8,10,27,00,00,00,00,00,00,
102000,00000057,false,Rx,0,8,00,00,FE,FF,FE,FF,00,00,
112000,0000060D,false,Rx,0,8,0D,11,83,B6,09,20,70,00,
156000,00000625,false,Rx,0,8,25,00,59,86,01,54,5C,06,
200000,000002C4,false,Rx,0,8,03,00,00,00,58,02,00,00,
200000,000002C5,false,Rx,0,8,00,00,00,00,00,00,00,00,
201000,000002C6,false,Rx,0,8,32,00,7C,01,00,00,00,00,
214000,0000060D,false,Rx,0,8,0D,11,83,B6,09,20,70,00,
255000,00000625,false,Rx,0,8,25,00,59,86,01,54,5C,06,
0,00000054,false,Rx,0,8,00,00,FE,FF,77,02,00,00,
0,00000055,false,Rx,0,8,10,27,00,00,00,00,00,00,
0,00000056,false,Rx,0,8,10,27,00,00,00,00,00,00,
304000,00000057,false,Rx,0,8,00,00,FE,FF,FE,FF,00,00,
355000,00000625,false,Rx,0,8,25,00,59,86,01,54,5C,06,
420000,000002C4,false,Rx,0,8,03,00,00,00,58,02,00,00,
420000,000002C5,false,Rx,0,8,00,00,00,00,00,00,00,00,
421000,000002C6,false,Rx,0,8,32,00,7C,01,00,00,00,00,
454000,00000625,false,Rx,0,8,25,00,59,86,01,54,5C,06,
0,00000054,false,Rx,0,8,00,00,FE,FF,77,02,00,00,
0,00000055,false,Rx,0,8,10,27,00,00,00,00,00,00,
0,00000056,false,Rx,0,8,10,27,00,00,00,00,00,00,
0,00000057,false,Rx,0,8,00,00,FE,FF,FE,FF,00,00,
556000,00000625,false,Rx,0,8,25,00,59,86,01,54,5C,06,
641000,000002C4,false,Rx,0,8,03,00,00,00,58,02,00,00,
641000,000002C5,false,Rx,0,8,00,00,00,00,00,00,00,00,
641000,000002C6,false,Rx,0,8,32,00,7C,01,00,00,00,00,
655000,00000625,false,Rx,0,8,25,00,59,86,01,54,5C,06,
701000,00000054,false,Rx,0,8,00,00,FE,FF,77,02,00,00,
702000,00000055,false,Rx,0,8,10,27,00,00,00,00,00,00,
0,00000056,false,Rx,0,8,10,27,00,00,00,00,00,00,
0,00000057,false,Rx,0,8,00,00,FE,FF,FE,FF,00,00,
755000,00000625,false,Rx,0,8,25,00,59,86,01,54,5C,06,
855000,00000625,false,Rx,0,8,25,00,59,86,01,54,5C,06,
859000,000002C4,false,Rx,0,8,03,00,00,00,58,02,00,00,
859000,000002C5,false,Rx,0,8,00,00,00,00,00,00,00,00,
861000,000002C6,false,Rx,0,8,32,00,7C,01,00,00,00,00,
902000,00000054,false,Rx,0,8,00,00,FE,FF,77,02,00,00,
902000,00000055,false,Rx,0,8,10,27,00,00,00,00,00,00,
903000,00000056,false,Rx,0,8,10,27,00,00,00,00,00,00,
903000,00000057,false,Rx,0,8,00,00,FE,FF,FE,FF,00,00,
954000,00000625,false,Rx,0,8,25,00,59,86,01,54,5C,06,
56000,00000625,false,Rx,0,8,25,00,59,86,01,54,5C,06,
80000,000002C4,false,Rx,0,8,03,00,00,00,58,02,00,00,
81000,000002C5,false,Rx,0,8,00,00,00,00,00,00,00,00,
81000,000002C6,false,Rx,0,8,32,00,7C,01,00,00,00,00,
102000,00000054,false,Rx,0,8,00,00,FE,FF,77,02,00,00,
102000,00000055,false,Rx,0,8,10,27,00,00,00,00,00,00,
102000,00000056,false,Rx,0,8,10,27,00,00,00,00,00,00,
103000,00000057,false,Rx,0,8,00,00,FE,FF,FE,FF,00,00,
155000,00000625,false,Rx,0,8,25,00,59,86,01,54,5C,06,
256000,00000625,false,Rx,0,8,25,00,59,86,01,54,5C,06,
301000,000002C4,false,Rx,0,8,03,00,00,00,58,02,00,00,
301000,000002C5,false,Rx,0,8,00,00,00,00,00,00,00,00,
301000,000002C6,false,Rx,0,8,32,00,7C,01,00,00,00,00,
0,00000054,false,Rx,0,8,00,00,FE,FF,77,02,00,00,
0,00000055,false,Rx,0,8,10,27,00,00,00,00,00,00,
0,00000056,false,Rx,0,8,10,27,00,00,00,00,00,00,
303000,00000057,false,Rx,0,8,00,00,FE,FF,FE,FF,00,00,
355000,00000625,false,Rx,0,8,25,00,59,86,01,54,5C,06,
454000,00000625,false,Rx,0,8,25,00,59,86,01,54,5C,06,
502000,00000054,false,Rx,0,8,00,00,FE,FF,77,02,00,00,
502000,00000055,false,Rx,0,8,10,27,00,00,00,00,00,00,
502000,00000056,false,Rx,0,8,10,27,00,00,00,00,00,00,
502000,00000057,false,Rx,0,8,00,00,FE,FF,FE,FF,00,00,
521000,000002C4,false,Rx,0,8,03,00,00,00,58,02,00,00,
521000,000002C5,false,Rx,0,8,00,00,00,00,00,00,00,00,
521000,000002C6,false,Rx,0,8,32,00,7C,01,00,00,00,00,
555000,00000625,false,Rx,0,8,25,00,59,86,01,54,5C,06,
655000,00000625,false,Rx,0,8,25,00,59,86,01,54,5C,06,
702000,00000054,false,Rx,0,8,00,00,FE,FF,77,02,00,00,
702000,00000055,false,Rx,0,8,10,27,00,00,00,00,00,00,
702000,00000056,false,Rx,0,8,10,27,00,00,00,00,00,00,
703000,00000057,false,Rx,0,8,00,00,FE,FF,FE,FF,00,00,
0,000002C4,false,Rx,0,8,03,00,00,00,58,02,00,00,
0,000002C5,false,Rx,0,8,00,00,00,00,00,00,00,00,
741000,000002C6,false,Rx,0,8,32,00,7C,01,00,00,00,00,
755000,00000625,false,Rx,0,8,25,00,59,86,01,54,5C,06,
855000,00000625,false,Rx,0,8,25,00,59,86,01,54,5C,06,
902000,00000054,false,Rx,0,8,00,00,FE,FF,77,02,00,00,
902000,00000055,false,Rx,0,8,10,27,00,00,00,00,00,00,
902000,00000056,false,Rx,0,8,10,27,00,00,00,00,00,00,
903000,00000057,false,Rx,0,8,00,00,FE,FF,FE,FF,00,00,
955000,00000625,false,Rx,0,8,25,00,59,86,01,54,5C,06,
959000,000002C4,false,Rx,0,8,03,00,00,00,58,02,00,00,
959000,000002C5,false,Rx,0,8,00,00,00,00,00,00,00,00,
961000,000002C6,false,Rx,0,8,32,00,7C,01,00,00,00,00,
55000,00000625,false,Rx,0,8,25,00,59,86,01,54,5C,06,
0,00000054,false,Rx,0,8,00,00,FE,FF,77,02,00,00,
0,00000055,false,Rx,0,8,10,27,00,00,00,00,00,00,
102000,00000056,false,Rx,0,8,10,27,00,00,00,00,00,00,
103000,00000057,false,Rx,0,8,00,00,FE,FF,FE,FF,00,00,
155000,00000625,false,Rx,0,8,25,00,59,86,01,54,5C,06,
179000,000002C4,false,Rx,0,8,03,00,00,00,58,02,00,00,
0,000002C5,false,Rx,0,8,00,00,00,00,00,00,00,00,
0,000002C6,false,Rx,0,8,32,00,7C,01,00,00,00,00,
255000,00000625,false,Rx,0,8,25,00,59,86,01,54,5C,06,
302000,00000054,false,Rx,0,8,00,00,FE,FF,77,02,00,00,
302000,00000055,false,Rx,0,8,10,27,00,00,00,00,00,00,
0,00000056,false,Rx,0,8,10,27,00,00,00,00,00,00,
0,00000057,false,Rx,0,8,00,00,FE,FF,FE,FF,00,00,
355000,00000625,false,Rx,0,8,25,00,59,86,01,54,5C,06,
399000,000002C4,false,Rx,0,8,03,00,00,00,58,02,00,00,
399000,000002C5,false,Rx,0,8,00,00,00,00,00,00,00,00,
401000,000002C6,false,Rx,0,8,32,00,7C,01,00,00,00,00,
455000,00000625,false,Rx,0,8,25,00,59,86,01,54,5C,06,
502000,00000054,false,Rx,0,8,00,00,FE,FF,77,02,00,00,
502000,00000055,false,Rx,0,8,10,27,00,00,00,00,00,00,
502000,00000056,false,Rx,0,8,10,27,00,00,00,00,00,00,
503000,00000057,false,Rx,0,8,00,00,FE,FF,FE,FF,00,00,
555000,00000625,false,Rx,0,8,25,00,59,86,01,54,5C,06,
0,000002C4,false,Rx,0,8,03,00,00,00,58,02,00,00,
0,000002C5,false,Rx,0,8,00,00,00,00,00,00,00,00,
621000,000002C6,false,Rx,0,8,32,00,7C,01,00,00,00,00,
655000,00000625,false,Rx,0,8,25,00,59,86,01,54,5C,06,
702000,00000054,false,Rx,0,8,00,00,FE,FF,77,02,00,00,
702000,00000055,false,Rx,0,8,10,27,00,00,00,00,00,00,
702000,00000056,false,Rx,0,8,10,27,00,00,00,00,00,00,
703000,00000057,false,Rx,0,8,00,00,FE,FF,FE,FF,00,00,
755000,00000625,false,Rx,0,8,25,00,59,86,01,54,5C,06,
841000,000002C4,false,Rx,0,8,03,00,00,00,59,02,00,00,
841000,000002C5,false,Rx,0,8,00,00,00,00,00,00,00,00,
841000,000002C6,false,Rx,0,8,32,00,7C,01,00,00,00,00,
855000,00000625,false,Rx,0,8,25,00,59,86,01,54,5C,06,
902000,00000054,false,Rx,0,8,00,00,FE,FF,77,02,00,00,
902000,00000055,false,Rx,0,8,10,27,00,00,00,00,00,00,
902000,00000056,false,Rx,0,8,10,27,00,00,00,00,00,00,
903000,00000057,false,Rx,0,8,00,00,FE,FF,FE,FF,00,00,
954000,00000625,false,Rx,0,8,25,00,59,86,01,54,5C,06,
55000,00000625,false,Rx,0,8,25,00,59,86,01,54,5C,06,
59000,000002C4,false,Rx,0,8,03,00,00,00,58,02,00,00,
61000,000002C5,false,Rx,0,8,00,00,00,00,00,00,00,00,
61000,000002C6,false,Rx,0,8,32,00,7C,01,00,00,00,00,
0,00000054,false,Rx,0,8,00,00,FE,FF,77,02,00,00,
0,00000055,false,Rx,0,8,10,27,00,00,00,00,00,00,
102000,00000056,false,Rx,0,8,10,27,00,00,00,00,00,00,
103000,00000057,false,Rx,0,8,00,00,FE,FF,FE,FF,00,00,
156000,00000625,false,Rx,0,8,25,00,59,86,01,54,5C,06,
255000,00000625,false,Rx,0,8,25,00,59,86,01,54,5C,06,
279000,000002C4,false,Rx,0,8,03,00,00,00,59,02,00,00,
281000,000002C5,false,Rx,0,8,00,00,00,00,00,00,00,00,
281000,000002C6,false,Rx,0,8,32,00,7C,01,00,00,00,00,
302000,00000054,false,Rx,0,8,00,00,FE,FF,77,02,00,00,
302000,00000055,false,Rx,0,8,10,27,00,00,00,00,00,00,
0,00000056,false,Rx,0,8,10,27,00,00,00,00,00,00,
0,00000057,false,Rx,0,8,00,00,FE,FF,FE,FF,00,00,
356000,00000625,false,Rx,0,8,25,00,59,86,01,54,5C,06,
455000,00000625,false,Rx,0,8,25,00,59,86,01,54,5C,06,
499000,000002C4,false,Rx,0,8,03,00,00,00,59,02,00,00,
499000,000002C5,false,Rx,0,8,00,00,00,00,00,00,00,00,
501000,000002C6,false,Rx,0,8,32,00,7C,01,00,00,00,00,
502000,00000054,false,Rx,0,8,00,00,FE,FF,77,02,00,00,
502000,00000055,false,Rx,0,8,10,27,00,00,00,00,00,00,
0,00000056,false,Rx,0,8,10,27,00,00,00,00,00,00,
0,00000057,false,Rx,0,8,00,00,FE,FF,FE,FF,00,00,
555000,00000625,false,Rx,0,8,25,00,59,86,01,54,5C,06,
655000,00000625,false,Rx,0,8,25,00,59,86,01,54,5C,06,
701000,00000054,false,Rx,0,8,00,00,FE,FF,77,02,00,00,
701000,00000055,false,Rx,0,8,10,27,00,00,00,00,00,00,
703000,00000056,false,Rx,0,8,10,27,00,00,00,00,00,00,
703000,00000057,false,Rx,0,8,00,00,FE,FF,FE,FF,00,00,
719000,000002C4,false,Rx,0,8,03,00,00,00,59,02,00,00,
721000,000002C5,false,Rx,0,8,00,00,00,00,00,00,00,00,
721000,000002C6,false,Rx,0,8,32,00,7C,01,00,00,00,00,
756000,00000625,false,Rx,0,8,25,00,59,86,01,54,5C,06,
855000,00000625,false,Rx,0,8,25,00,59,86,01,54,5C,06,
902000,00000054,false,Rx,0,8,00,00,FE,FF,77,02,00,00,
902000,00000055,false,Rx,0,8,10,27,00,00,00,00,00,00,
902000,00000056,false,Rx,0,8,10,27,00,00,00,00,00,00,
902000,00000057,false,Rx,0,8,00,00,FE,FF,FE,FF,00,00,
940000,000002C4,false,Rx,0,8,03,00,00,00,59,02,00,00,
940000,000002C5,false,Rx,0,8,00,00,00,00,00,00,00,00,
941000,000002C6,false,Rx,0,8,32,00,7C,01,00,00,00,00,
955000,00000625,false,Rx,0,8,25,00,59,86,01,54,5C,06,
55000,00000625,false,Rx,0,8,25,00,59,86,01,54,5C,06,
0,00000054,false,Rx,0,8,00,00,FE,FF,77,02,00,00,
0,00000055,false,Rx,0,8,10,27,00,00,00,00,00,00,
102000,00000056,false,Rx,0,8,10,27,00,00,00,00,00,00,
102000,00000057,false,Rx,0,8,00,00,FE,FF,FE,FF,00,00,
155000,00000625,false,Rx,0,8,25,00,59,86,01,54,5C,06,
160000,000002C4,false,Rx,0,8,03,00,00,00,59,02,00,00,
0,000002C5,false,Rx,0,8,00,00,00,00,00,00,00,00,
0,000002C6,false,Rx,0,8,32,00,7C,01,00,00,00,00,
255000,00000625,false,Rx,0,8,25,00,59,86,01,54,5C,06,
0,00000054,false,Rx,0,8,00,00,FE,FF,77,02,00,00,
0,00000055,false,Rx,0,8,10,27,00,00,00,00,00,00,
302000,00000056,false,Rx,0,8,10,27,00,00,00,00,00,00,
302000,00000057,false,Rx,0,8,00,00,FE,FF,FE,FF,00,00,
355000,00000625,false,Rx,0,8,25,00,59,86,01,54,5C,06,
380000,000002C4,false,Rx,0,8,03,00,00,00,59,02,00,00,
380000,000002C5,false,Rx,0,8,00,00,00,00,00,00,00,00,
380000,000002C6,false,Rx,0,8,32,00,7C,01,00,00,00,00,
455000,00000625,false,Rx,0,8,25,00,59,86,01,54,5C,06,
502000,00000054,false,Rx,0,8,00,00,FE,FF,77,02,00,00,
502000,00000055,false,Rx,0,8,10,27,00,00,00,00,00,00,
502000,00000056,false,Rx,0,8,10,27,00,00,00,00,00,00,
503000,00000057,false,Rx,0,8,00,00,FE,FF,FE,FF,00,00,
555000,00000625,false,Rx,0,8,25,00,59,86,01,54,5C,06,
0,000002C4,false,Rx,0,8,03,00,00,00,59,02,00,00,
0,000002C5,false,Rx,0,8,00,00,00,00,00,00,00,00,
0,000002C6,false,Rx,0,8,32,00,7C,01,00,00,00,00,
655000,00000625,false,Rx,0,8,25,00,59,86,01,54,5C,06,
702000,00000054,false,Rx,0,8,00,00,FE,FF,77,02,00,00,
702000,00000055,false,Rx,0,8,10,27,00,00,00,00,00,00,
702000,00000056,false,Rx,0,8,10,27,00,00,00,00,00,00,
703000,00000057,false,Rx,0,8,00,00,FE,FF,FE,FF,00,00,
821000,000002C4,false,Rx,0,8,03,00,00,00,59,02,00,00,
821000,000002C5,false,Rx,0,8,00,00,00,00,00,00,00,00,
821000,000002C6,false,Rx,0,8,32,00,7C,01,00,00,00,00,
902000,00000054,false,Rx,0,8,00,00,FE,FF,77,02,00,00,
902000,00000055,false,Rx,0,8,10,27,00,00,00,00,00,00,
903000,00000056,false,Rx,0,8,10,27,00,00,00,00,00,00,
903000,00000057,false,Rx,0,8,00,00,FE,FF,FE,FF,00,00,
40000,000002C4,false,Rx,0,8,03,00,00,00,59,02,00,00,
41000,000002C5,false,Rx,0,8,00,00,00,00,00,00,00,00,
41000,000002C6,false,Rx,0,8,32,00,7C,01,00,00,00,00,
102000,00000054,false,Rx,0,8,00,00,FE,FF,77,02,00,00,
102000,00000055,false,Rx,0,8,10,27,00,00,00,00,00,00,
102000,00000056,false,Rx,0,8,10,27,00,00,00,00,00,00,
102000,00000057,false,Rx,0,8,00,00,FE,FF,FE,FF,00,00,
260000,000002C4,false,Rx,0,8,03,00,00,00,59,02,00,00,
261000,000002C5,false,Rx,0,8,00,00,00,00,00,00,00,00,
261000,000002C6,false,Rx,0,8,32,00,7C,01,00,00,00,00,
302000,00000054,false,Rx,0,8,00,00,FE,FF,77,02,00,00,
0,00000055,false,Rx,0,8,10,27,00,00,00,00,00,00,
0,00000056,false,Rx,0,8,10,27,00,00,00,00,00,00,
302000,00000057,false,Rx,0,8,00,00,FE,FF,FE,FF,00,00,
0,000002C4,false,Rx,0,8,03,00,00,00,59,02,00,00,
0,000002C5,false,Rx,0,8,00,00,00,00,00,00,00,00,
0,000002C6,false,Rx,0,8,32,00,7C,01,00,00,00,00,
0,00000054,false,Rx,0,8,00,00,FE,FF,77,02,00,00,
0,00000055,false,Rx,0,8,10,27,00,00,00,00,00,00,
0,00000056,false,Rx,0,8,10,27,00,00,00,00,00,00,
503000,00000057,false,Rx,0,8,00,00,FE,FF,FE,FF,00,00,
502000,0000060D,false,Rx,0,8,0D,10,83,B6,09,20,70,00,
0,00000054,false,Rx,0,8,00,00,FE,FF,7D,02,00,00,
0,00000055,false,Rx,0,8,10,27,00,00,00,00,00,00,
0,00000056,false,Rx,0,8,10,27,00,00,00,00,00,00,
514000,00000057,false,Rx,0,8,00,00,FE,FF,FE,FF,00,00,
522000,00000065,false,Rx,0,8,7D,02,02,00,00,00,00,00,
602000,0000060D,false,Rx,0,8,0D,10,83,B6,09,20,70,00,
672000,00000065,false,Rx,0,8,7D,02,02,00,00,00,00,00,
703000,0000060D,false,Rx,0,8,0D,10,83,B6,09,20,70,00,
0,00000054,false,Rx,0,8,00,00,FE,FF,7D,02,00,00,
0,00000055,false,Rx,0,8,10,27,00,00,00,00,00,00,
0,00000056,false,Rx,0,8,10,27,00,00,00,00,00,00,
0,00000057,false,Rx,0,8,00,00,FE,FF,FE,FF,00,00,
739000,00000625,false,Rx,0,8,25,00,58,86,01,54,5C,06,
750000,000002C4,false,Rx,0,8,02,00,00,00,5B,02,00,00,
750000,000002C5,false,Rx,0,8,00,00,00,00,00,00,00,00,
751000,000002C6,false,Rx,0,8,32,00,7C,01,00,00,00,00,
802000,0000060D,false,Rx,0,8,0D,10,83,B6,09,20,70,00,
822000,00000065,false,Rx,0,8,7D,02,02,00,00,00,00,00,
839000,00000625,false,Rx,0,8,25,00,58,86,01,54,5C,06,
903000,0000060D,false,Rx,0,8,0D,10,83,B6,09,20,70,00,
912000,00000054,false,Rx,0,8,00,00,FE,FF,7D,02,00,00,
912000,00000055,false,Rx,0,8,10,27,00,00,00,00,00,00,
913000,00000056,false,Rx,0,8,10,27,00,00,00,00,00,00,
913000,00000057,false,Rx,0,8,00,00,FE,FF,FE,FF,00,00,
939000,00000625,false,Rx,0,8,25,00,59,86,01,54,5C,06,
970000,000002C4,false,Rx,0,8,02,00,00,00,5C,02,00,00,
971000,000002C5,false,Rx,0,8,00,00,00,00,00,00,00,00,
971000,000002C6,false,Rx,0,8,32,00,7C,01,00,00,00,00,
972000,00000065,false,Rx,0,8,7D,02,02,00,00,00,00,00,
2000,0000060D,false,Rx,0,8,0D,10,83,B6,09,20,70,00,
39000,00000625,false,Rx,0,8,25,00,59,86,01,54,5C,06,
102000,0000060D,false,Rx,0,8,0D,10,83,B6,09,20,70,00,
0,00000054,false,Rx,0,8,00,00,FE,FF,7D,02,00,00,
0,00000055,false,Rx,0,8,10,27,00,00,00,00,00,00,
113000,00000056,false,Rx,0,8,10,27,00,00,00,00,00,00,
113000,00000057,false,Rx,0,8,00,00,FE,FF,FE,FF,00,00,
139000,00000625,false,Rx,0,8,25,00,59,86,01,54,5C,06,
0,000002C4,false,Rx,0,8,02,00,00,00,5C,02,00,00,
0,000002C5,false,Rx,0,8,00,00,00,00,00,00,00,00,
191000,000002C6,false,Rx,0,8,32,00,7C,01,00,00,00,00,
202000,0000060D,false,Rx,0,8,0D,10,83,B6,09,20,70,00,
239000,00000625,false,Rx,0,8,25,00,59,86,01,54,5C,06,
302000,0000060D,false,Rx,0,8,0D,10,83,B6,09,20,70,00,
312000,00000054,false,Rx,0,8,00,00,FE,FF,7D,02,00,00,
312000,00000055,false,Rx,0,8,10,27,00,00,00,00,00,00,
312000,00000056,false,Rx,0,8,10,27,00,00,00,00,00,00,
313000,00000057,false,Rx,0,8,00,00,FE,FF,FE,FF,00,00,
339000,00000625,false,Rx,0,8,25,00,59,86,01,54,5C,06,
403000,0000060D,false,Rx,0,8,0D,10,83,B6,09,20,70,00,
0,000002C4,false,Rx,0,8,02,00,00,00,5C,02,00,00,
0,000002C5,false,Rx,0,8,00,00,00,00,00,00,00,00,
411000,000002C6,false,Rx,0,8,32,00,7C,01,00,00,00,00,
439000,00000625,false,Rx,0,8,25,00,59,86,01,54,5C,06,
503000,0000060D,false,Rx,0,8,0D,10,83,B6,09,20,70,00,
0,00000054,false,Rx,0,8,00,00,FE,FF,7D,02,00,00,
0,00000055,false,Rx,0,8,10,27,00,00,00,00,00,00,
512000,00000056,false,Rx,0,8,10,27,00,00,00,00,00,00,
513000,00000057,false,Rx,0,8,00,00,FE,FF,FE,FF,00,00,
540000,00000625,false,Rx,0,8,25,00,59,86,01,54,5C,06,
602000,0000060D,false,Rx,0,8,0D,10,83,B6,09,20,70,00,
0,000002C4,false,Rx,0,8,03,00,00,00,5C,02,00,00,
0,000002C5,false,Rx,0,8,00,00,00,00,00,00,00,00,
0,000002C6,false,Rx,0,8,32,00,7C,01,00,00,00,00,
640000,00000625,false,Rx,0,8,25,00,59,86,01,54,5C,06,
702000,0000060D,false,Rx,0,8,0D,10,83,B6,09,20,70,00,
713000,00000054,false,Rx,0,8,00,00,FE,FF,7D,02,00,00,
713000,00000055,false,Rx,0,8,10,27,00,00,00,00,00,00,
713000,00000056,false,Rx,0,8,10,27,00,00,00,00,00,00,
714000,00000057,false,Rx,0,8,00,00,FE,FF,FE,FF,00,00,
739000,00000625,false,Rx,0,8,25,00,59,86,01,54,5C,06,
802000,0000060D,false,Rx,0,8,0D,10,83,B6,09,20,70,00,
839000,00000625,false,Rx,0,8,25,00,59,86,01,54,5C,06,
0,000002C4,false,Rx,0,8,03,00,00,00,5C,02,00,00,
0,000002C5,false,Rx,0,8,00,00,00,00,00,00,00,00,
851000,000002C6,false,Rx,0,8,32,00,7C,01,00,00,00,00,
903000,0000060D,false,Rx,0,8,0D,10,83,B6,09,20,70,00,
912000,00000054,false,Rx,0,8,00,00,FE,FF,7D,02,00,00,
912000,00000055,false,Rx,0,8,10,27,00,00,00,00,00,00,
912000,00000056,false,Rx,0,8,10,27,00,00,00,00,00,00,
912000,00000057,false,Rx,0,8,00,00,FE,FF,FE,FF,00,00,
939000,00000625,false,Rx,0,8,25,00,59,86,01,54,5C,06,
2000,0000060D,false,Rx,0,8,0D,10,83,B6,09,20,70,00,
40000,00000625,false,Rx,0,8,25,00,59,86,01,54,5C,06,
0,000002C4,false,Rx,0,8,03,00,00,00,5C,02,00,00,
0,000002C5,false,Rx,0,8,00,00,00,00,00,00,00,00,
71000,000002C6,false,Rx,0,8,32,00,7C,01,00,00,00,00,
102000,0000060D,false,Rx,0,8,0D,10,83,B6,09,20,70,00,
112000,00000054,false,Rx,0,8,00,00,FE,FF,7D,02,00,00,
112000,00000055,false,Rx,0,8,10,27,00,00,00,00,00,00,
0,00000056,false,Rx,0,8,10,27,00,00,00,00,00,00,
0,00000057,false,Rx,0,8,00,00,FE,FF,FE,FF,00,00,
139000,00000625,false,Rx,0,8,25,00,59,86,01,54,5C,06,
202000,0000060D,false,Rx,0,8,0D,10,83,B6,09,20,70,00,
239000,00000625,false,Rx,0,8,25,00,59,86,01,54,5C,06,
291000,000002C4,false,Rx,0,8,03,00,00,00,5C,02,00,00,
291000,000002C5,false,Rx,0,8,00,00,00,00,00,00,00,00,
291000,000002C6,false,Rx,0,8,32,00,7C,01,00,00,00,00,
302000,0000060D,false,Rx,0,8,0D,10,83,B6,09,20,70,00,
311000,00000054,false,Rx,0,8,00,00,FE,FF,7D,02,00,00,
311000,00000055,false,Rx,0,8,10,27,00,00,00,00,00,00,
312000,00000056,false,Rx,0,8,10,27,00,00,00,00,00,00,
312000,00000057,false,Rx,0,8,00,00,FE,FF,FE,FF,00,00,
339000,00000625,false,Rx,0,8,25,00,59,86,01,54,5C,06,
402000,0000060D,false,Rx,0,8,0D,10,83,B6,09,20,70,00,
439000,00000625,false,Rx,0,8,25,00,59,86,01,54,5C,06,
502000,0000060D,false,Rx,0,8,0D,10,83,B6,09,20,70,00,
510000,000002C4,false,Rx,0,8,03,00,00,00,5D,02,00,00,
511000,000002C5,false,Rx,0,8,00,00,00,00,00,00,00,00,
511000,000002C6,false,Rx,0,8,32,00,7C,01,00,00,00,00,
0,00000054,false,Rx,0,8,00,00,FE,FF,7D,02,00,00,
0,00000055,false,Rx,0,8,10,27,00,00,00,00,00,00,
512000,00000056,false,Rx,0,8,10,27,00,00,00,00,00,00,
513000,00000057,false,Rx,0,8,00,00,FE,FF,FE,FF,00,00,
539000,00000625,false,Rx,0,8,25,00,59,86,01,54,5C,06,
602000,0000060D,false,Rx,0,8,0D,10,83,B6,09,20,70,00,
639000,00000625,false,Rx,0,8,25,00,59,86,01,54,5C,06,
702000,0000060D,false,Rx,0,8,0D,10,83,B6,09,20,70,00,
0,00000054,false,Rx,0,8,00,00,FE,FF,7D,02,00,00,
0,00000055,false,Rx,0,8,10,27,00,00,00,00,00,00,
713000,00000056,false,Rx,0,8,10,27,00,00,00,00,00,00,
713000,00000057,false,Rx,0,8,00,00,FE,FF,FE,FF,00,00,
731000,000002C4,false,Rx,0,8,03,00,00,00,5D,02,00,00,
731000,000002C5,false,Rx,0,8,00,00,00,00,00,00,00,00,
731000,000002C6,false,Rx,0,8,32,00,7C,01,00,00,00,00,
739000,00000625,false,Rx,0,8,25,00,59,86,01,54,5C,06,
802000,0000060D,false,Rx,0,8,0D,10,83,B6,09,20,70,00,
839000,00000625,false,Rx,0,8,25,00,59,86,01,54,5C,06,
902000,0000060D,false,Rx,0,8,0D,10,83,B6,09,20,70,00,
912000,00000054,false,Rx,0,8,00,00,FE,FF,7D,02,00,00,
912000,00000055,false,Rx,0,8,10,27,00,00,00,00,00,00,
0,00000056,false,Rx,0,8,10,27,00,00,00,00,00,00,
0,00000057,false,Rx,0,8,00,00,FE,FF,FE,FF,00,00,
939000,00000625,false,Rx,0,8,25,00,59,86,01,54,5C,06,
950000,000002C4,false,Rx,0,8,03,00,00,00,5D,02,00,00,
0,000002C5,false,Rx,0,8,00,00,00,00,00,00,00,00,
0,000002C6,false,Rx,0,8,32,00,7C,01,00,00,00,00,
2000,0000060D,false,Rx,0,8,0D,10,83,B6,09,20,70,00,
39000,00000625,false,Rx,0,8,25,00,59,86,01,54,5C,06,
102000,0000060D,false,Rx,0,8,0D,10,83,B6,09,20,70,00,
112000,00000054,false,Rx,0,8,00,00,FE,FF,7D,02,00,00,
112000,00000055,false,Rx,0,8,10,27,00,00,00,00,00,00,
112000,00000056,false,Rx,0,8,10,27,00,00,00,00,00,00,
113000,00000057,false,Rx,0,8,00,00,FE,FF,FE,FF,00,00,
139000,00000625,false,Rx,0,8,25,00,59,86,01,54,5C,06,
169000,000002C4,false,Rx,0,8,03,00,00,00,5D,02,00,00,
171000,000002C5,false,Rx,0,8,00,00,00,00,00,00,00,00,
171000,000002C6,false,Rx,0,8,32,00,7C,01,00,00,00,00,
202000,0000060D,false,Rx,0,8,0D,10,83,B6,09,20,70,00,
239000,00000625,false,Rx,0,8,25,00,59,86,01,54,5C,06,
302000,0000060D,false,Rx,0,8,0D,10,83,B6,09,20,70,00,
312000,00000054,false,Rx,0,8,00,00,FE,FF,7D,02,00,00,
313000,00000055,false,Rx,0,8,10,27,00,00,00,00,00,00,
313000,00000056,false,Rx,0,8,10,27,00,00,00,00,00,00,
313000,00000057,false,Rx,0,8,00,00,FE,FF,FE,FF,00,00,
339000,00000625,false,Rx,0,8,25,00,59,86,01,54,5C,06,
390000,000002C4,false,Rx,0,8,03,00,00,00,5D,02,00,00,
391000,000002C5,false,Rx,0,8,00,00,00,00,00,00,00,00,
391000,000002C6,false,Rx,0,8,32,00,7C,01,00,00,00,00,
403000,0000060D,false,Rx,0,8,0D,10,83,B6,09,20,70,00,
439000,00000625,false,Rx,0,8,25,00,59,86,01,54,5C,06,
502000,0000060D,false,Rx,0,8,0D,10,83,B6,09,20,70,00,
0,00000054,false,Rx,0,8,00,00,FE,FF,7D,02,00,00,
0,00000055,false,Rx,0,8,10,27,00,00,00,00,00,00,
512000,00000056,false,Rx,0,8,10,27,00,00,00,00,00,00,
513000,00000057,false,Rx,0,8,00,00,FE,FF,FE,FF,00,00,
539000,00000625,false,Rx,0,8,25,00,59,86,01,54,5C,06,
602000,0000060D,false,Rx,0,8,0D,10,83,B6,09,20,70,00,
609000,000002C4,false,Rx,0,8,03,00,00,00,5D,02,00,00,
611000,000002C5,false,Rx,0,8,00,00,00,00,00,00,00,00,
611000,000002C6,false,Rx,0,8,32,00,7C,01,00,00,00,00,
639000,00000625,false,Rx,0,8,25,00,59,86,01,54,5C,06,
702000,0000060D,false,Rx,0,8,0D,10,83,B6,09,20,70,00,
0,00000054,false,Rx,0,8,00,00,FE,FF,7D,02,00,00,
0,00000055,false,Rx,0,8,10,27,00,00,00,00,00,00,
0,00000056,false,Rx,0,8,10,27,00,00,00,00,00,00,
0,00000057,false,Rx,0,8,00,00,FE,FF,FE,FF,00,00,
739000,00000625,false,Rx,0,8,25,00,59,86,01,54,5C,06,
802000,0000060D,false,Rx,0,8,0D,10,83,B6,09,20,70,00,
0,000002C4,false,Rx,0,8,03,00,00,00,5D,02,00,00,
0,000002C5,false,Rx,0,8,00,00,00,00,00,00,00,00,
831000,000002C6,false,Rx,0,8,32,00,7C,01,00,00,00,00,
839000,00000625,false,Rx,0,8,25,00,59,86,01,54,5C,06,
903000,0000060D,false,Rx,0,8,0D,10,83,B6,09,20,70,00,
0,00000054,false,Rx,0,8,00,00,FE,FF,7D,02,00,00,
0,00000055,false,Rx,0,8,10,27,00,00,00,00,00,00,
0,00000056,false,Rx,0,8,10,27,00,00,00,00,00,00,
913000,00000057,false,Rx,0,8,00,00,FE,FF,FE,FF,00,00,
939000,00000625,false,Rx,0,8,25,00,59,86,01,54,5C,06,
2000,0000060D,false,Rx,0,8,0D,10,83,B6,09,20,70,00,
39000,00000625,false,Rx,0,8,25,00,59,86,01,54,5C,06,
51000,000002C4,false,Rx,0,8,03,00,00,00,5D,02,00,00,
51000,000002C5,false,Rx,0,8,00,00,00,00,00,00,00,00,
51000,000002C6,false,Rx,0,8,32,00,7C,01,00,00,00,00,
102000,0000060D,false,Rx,0,8,0D,10,83,B6,09,20,70,00,
112000,00000054,false,Rx,0,8,00,00,FE,FF,7D,02,00,00,
112000,00000055,false,Rx,0,8,10,27,00,00,00,00,00,00,
0,00000056,false,Rx,0,8,10,27,00,00,00,00,00,00,
0,00000057,false,Rx,0,8,00,00,FE,FF,FE,FF,00,00,
139000,00000625,false,Rx,0,8,25,00,59,86,01,54,5C,06,
202000,0000060D,false,Rx,0,8,0D,10,83,B6,09,20,70,00,
239000,00000625,false,Rx,0,8,25,00,59,86,01,54,5C,06,
0,000002C4,false,Rx,0,8,03,00,00,00,5D,02,00,00,
0,000002C5,false,Rx,0,8,00,00,00,00,00,00,00,00,
271000,000002C6,false,Rx,0,8,32,00,7C,01,00,00,00,00,
302000,0000060D,false,Rx,0,8,0D,10,83,B6,09,20,70,00,
311000,00000054,false,Rx,0,8,00,00,FE,FF,7D,02,00,00,
312000,00000055,false,Rx,0,8,10,27,00,00,00,00,00,00,
312000,00000056,false,Rx,0,8,10,27,00,00,00,00,00,00,
312000,00000057,false,Rx,0,8,00,00,FE,FF,FE,FF,00,00,
339000,00000625,false,Rx,0,8,25,00,59,86,01,54,5C,06,
403000,0000060D,false,Rx,0,8,0D,10,83,B6,09,20,70,00,
439000,00000625,false,Rx,0,8,25,00,59,86,01,54,5C,06,
489000,000002C4,false,Rx,0,8,03,00,00,00,5D,02,00,00,
491000,000002C5,false,Rx,0,8,00,00,00,00,00,00,00,00,
491000,000002C6,false,Rx,0,8,32,00,7C,01,00,00,00,00,
502000,0000060D,false,Rx,0,8,0D,10,83,B6,09,20,70,00,
0,00000054,false,Rx,0,8,00,00,FE,FF,7D,02,00,00,
0,00000055,false,Rx,0,8,10,27,00,00,00,00,00,00,
513000,00000056,false,Rx,0,8,10,27,00,00,00,00,00,00,
513000,00000057,false,Rx,0,8,00,00,FE,FF,FE,FF,00,00,
539000,00000625,false,Rx,0,8,25,00,59,86,01,54,5C,06,
640000,00000625,false,Rx,0,8,25,00,59,86,01,54,5C,06,
709000,000002C4,false,Rx,0,8,03,00,00,00,5E,02,00,00,
711000,000002C5,false,Rx,0,8,00,00,00,00,00,00,00,00,
711000,000002C6,false,Rx,0,8,32,00,7C,01,00,00,00,00,
0,00000054,false,Rx,0,8,00,00,FE,FF,7D,02,00,00,
0,00000055,false,Rx,0,8,10,27,00,00,00,00,00,00,
0,00000056,false,Rx,0,8,10,27,00,00,00,00,00,00,
0,00000057,false,Rx,0,8,00,00,FE,FF,FE,FF,00,00,
739000,00000625,false,Rx,0,8,25,00,59,86,01,54,5C,06,
839000,00000625,false,Rx,0,8,25,00,59,86,01,54,5C,06,
913000,00000054,false,Rx,0,8,00,00,FE,FF,7D,02,00,00,
0,00000055,false,Rx,0,8,10,27,00,00,00,00,00,00,
0,00000056,false,Rx,0,8,10,27,00,00,00,00,00,00,
913000,00000057,false,Rx,0,8,00,00,FE,FF,FE,FF,00,00,
0,000002C4,false,Rx,0,8,03,00,00,00,5E,02,00,00,
0,000002C5,false,Rx,0,8,00,00,00,00,00,00,00,00,
932000,000002C6,false,Rx,0,8,32,00,7C,01,00,00,00,00,
939000,00000625,false,Rx,0,8,25,00,59,86,01,54,5C,06,
39000,00000625,false,Rx,0,8,25,00,59,86,01,54,5C,06,
112000,00000054,false,Rx,0,8,00,00,FE,FF,7D,02,00,00,
112000,00000055,false,Rx,0,8,10,27,00,00,00,00,00,00,
112000,00000056,false,Rx,0,8,10,27,00,00,00,00,00,00,
113000,00000057,false,Rx,0,8,00,00,FE,FF,FE,FF,00,00,
140000,00000625,false,Rx,0,8,25,00,59,86,01,54,5C,06,
149000,000002C4,false,Rx,0,8,03,00,00,00,5E,02,00,00,
151000,000002C5,false,Rx,0,8,00,00,00,00,00,00,00,00,
151000,000002C6,false,Rx,0,8,32,00,7C,01,00,00,00,00,
239000,00000625,false,Rx,0,8,25,00,59,86,01,54,5C,06,
0,00000054,false,Rx,0,8,00,00,FE,FF,7D,02,00,00,
0,00000055,false,Rx,0,8,10,27,00,00,00,00,00,00,
312000,00000056,false,Rx,0,8,10,27,00,00,00,00,00,00,
313000,00000057,false,Rx,0,8,00,00,FE,FF,FE,FF,00,00,
339000,00000625,false,Rx,0,8,25,00,59,86,01,54,5C,06,
0,000002C4,false,Rx,0,8,03,00,00,00,5E,02,00,00,
0,000002C5,false,Rx,0,8,00,00,00,00,00,00,00,00,
371000,000002C6,false,Rx,0,8,32,00,7C,01,00,00,00,00,
439000,00000625,false,Rx,0,8,25,00,59,86,01,54,5C,06,
0,00000054,false,Rx,0,8,00,00,FE,FF,7D,02,00,00,
0,00000055,false,Rx,0,8,10,27,00,00,00,00,00,00,
0,00000056,false,Rx,0,8,10,27,00,00,00,00,00,00,
0,00000057,false,Rx,0,8,00,00,FE,FF,FE,FF,00,00,
539000,00000625,false,Rx,0,8,25,00,59,86,01,54,5C,06,
0,000002C4,false,Rx,0,8,03,00,00,00,5E,02,00,00,
0,000002C5,false,Rx,0,8,00,00,00,00,00,00,00,00,
591000,000002C6,false,Rx,0,8,32,00,7C,01,00,00,00,00,
639000,00000625,false,Rx,0,8,25,00,59,86,01,54,5C,06,
0,00000054,false,Rx,0,8,00,00,FE,FF,7D,02,00,00,
0,00000055,false,Rx,0,8,10,27,00,00,00,00,00,00,
0,00000056,false,Rx,0,8,10,27,00,00,00,00,00,00,
0,00000057,false,Rx,0,8,00,00,FE,FF,FE,FF,00,00,
738000,00000625,false,Rx,0,8,25,00,59,86,01,54,5C,06,
0,000002C4,false,Rx,0,8,03,00,00,00,5E,02,00,00,
0,000002C5,false,Rx,0,8,00,00,00,00,00,00,00,00,
811000,000002C6,false,Rx,0,8,32,00,7C,01,00,00,00,00,
839000,00000625,false,Rx,0,8,25,00,59,86,01,54,5C,06,
912000,00000054,false,Rx,0,8,00,00,FE,FF,7D,02,00,00,
912000,00000055,false,Rx,0,8,10,27,00,00,00,00,00,00,
0,00000056,false,Rx,0,8,10,27,00,00,00,00,00,00,
0,00000057,false,Rx,0,8,00,00,FE,FF,FE,FF,00,00,
939000,00000625,false,Rx,0,8,25,00,59,86,01,54,5C,06,
29000,000002C4,false,Rx,0,8,03,00,00,00,5E,02,00,00,
31000,000002C5,false,Rx,0,8,00,00,00,00,00,00,00,00,
31000,000002C6,false,Rx,0,8,32,00,7C,01,00,00,00,00,
39000,00000625,false,Rx,0,8,25,00,59,86,01,54,5C,06,
112000,00000054,false,Rx,0,8,00,00,FE,FF,7D,02,00,00,
112000,00000055,false,Rx,0,8,10,27,00,00,00,00,00,00,
113000,00000056,false,Rx,0,8,10,27,00,00,00,00,00,00,
113000,00000057,false,Rx,0,8,00,00,FE,FF,FE,FF,00,00,
139000,00000625,false,Rx,0,8,25,00,59,86,01,54,5C,06,
239000,00000625,false,Rx,0,8,25,00,59,86,01,54,5C,06,
250000,000002C4,false,Rx,0,8,03,00,00,00,5E,02,00,00,
250000,000002C5,false,Rx,0,8,00,00,00,00,00,00,00,00,
252000,000002C6,false,Rx,0,8,32,00,7C,01,00,00,00,00,
312000,00000054,false,Rx,0,8,00,00,FE,FF,7D,02,00,00,
312000,00000055,false,Rx,0,8,10,27,00,00,00,00,00,00,
313000,00000056,false,Rx,0,8,10,27,00,00,00,00,00,00,
313000,00000057,false,Rx,0,8,00,00,FE,FF,FE,FF,00,00,
340000,00000625,false,Rx,0,8,25,00,59,86,01,54,5C,06,
440000,00000625,false,Rx,0,8,25,00,59,86,01,54,5C,06,
470000,000002C4,false,Rx,0,8,03,00,00,00,5E,02,00,00,
471000,000002C5,false,Rx,0,8,00,00,00,00,00,00,00,00,
471000,000002C6,false,Rx,0,8,32,00,7C,01,00,00,00,00,
0,00000054,false,Rx,0,8,00,00,FE,FF,7D,02,00,00,
0,00000055,false,Rx,0,8,10,27,00,00,00,00,00,00,
513000,00000056,false,Rx,0,8,10,27,00,00,00,00,00,00,
513000,00000057,false,Rx,0,8,00,00,FE,FF,FE,FF,00,00,
540000,00000625,false,Rx,0,8,25,00,59,86,01,54,5C,06,
639000,00000625,false,Rx,0,8,25,00,59,86,01,54,5C,06,
691000,000002C4,false,Rx,0,8,03,00,00,00,5E,02,00,00,
691000,000002C5,false,Rx,0,8,00,00,00,00,00,00,00,00,
691000,000002C6,false,Rx,0,8,32,00,7C,01,00,00,00,00,
0,00000054,false,Rx,0,8,00,00,FE,FF,7D,02,00,00,
0,00000055,false,Rx,0,8,10,27,00,00,00,00,00,00,
712000,00000056,false,Rx,0,8,10,27,00,00,00,00,00,00,
714000,00000057,false,Rx,0,8,00,00,FE,FF,FE,FF,00,00,
739000,00000625,false,Rx,0,8,25,00,59,86,01,54,5C,06,
840000,00000625,false,Rx,0,8,25,00,59,86,01,54,5C,06,
0,000002C4,false,Rx,0,8,03,00,00,00,5E,02,00,00,
0,000002C5,false,Rx,0,8,00,00,00,00,00,00,00,00,
0,000002C6,false,Rx,0,8,32,00,7C,01,00,00,00,00,
912000,00000054,false,Rx,0,8,00,00,FE,FF,7D,02,00,00,
912000,00000055,false,Rx,0,8,10,27,00,00,00,00,00,00,
912000,00000056,false,Rx,0,8,10,27,00,00,00,00,00,00,
912000,00000057,false,Rx,0,8,00,00,FE,FF,FE,FF,00,00,
940000,00000625,false,Rx,0,8,25,00,59,86,01,54,5C,06,
39000,00000625,false,Rx,0,8,25,00,59,86,01,54,5C,06,
112000,00000054,false,Rx,0,8,00,00,FE,FF,7D,02,00,00,
112000,00000055,false,Rx,0,8,10,27,00,00,00,00,00,00,
112000,00000056,false,Rx,0,8,10,27,00,00,00,00,00,00,
113000,00000057,false,Rx,0,8,00,00,FE,FF,FE,FF,00,00,
131000,000002C4,false,Rx,0,8,03,00,00,00,5F,02,00,00,
131000,000002C5,false,Rx,0,8,00,00,00,00,00,00,00,00,
131000,000002C6,false,Rx,0,8,32,00,7C,01,00,00,00,00,
139000,00000625,false,Rx,0,8,25,00,59,86,01,54,5C,06,
239000,00000625,false,Rx,0,8,25,00,59,86,01,54,5C,06,
312000,00000054,false,Rx,0,8,00,00,FE,FF,7D,02,00,00,
312000,00000055,false,Rx,0,8,10,27,00,00,00,00,00,00,
312000,00000056,false,Rx,0,8,10,27,00,00,00,00,00,00,
312000,00000057,false,Rx,0,8,00,00,FE,FF,FE,FF,00,00,
339000,00000625,false,Rx,0,8,25,00,59,86,01,54,5C,06,
0,000002C4,false,Rx,0,8,03,00,00,00,5F,02,00,00,
0,000002C5,false,Rx,0,8,00,00,00,00,00,00,00,00,
351000,000002C6,false,Rx,0,8,32,00,7C,01,00,00,00,00,
440000,00000625,false,Rx,0,8,25,00,59,86,01,54,5C,06,
0,00000054,false,Rx,0,8,00,00,FE,FF,7D,02,00,00,
0,00000055,false,Rx,0,8,10,27,00,00,00,00,00,00,
513000,00000056,false,Rx,0,8,10,27,00,00,00,00,00,00,
513000,00000057,false,Rx,0,8,00,00,FE,FF,FE,FF,00,00,
539000,00000625,false,Rx,0,8,25,00,59,86,01,54,5C,06,
0,000002C4,false,Rx,0,8,03,00,00,00,5F,02,00,00,
0,000002C5,false,Rx,0,8,00,00,00,00,00,00,00,00,
571000,000002C6,false,Rx,0,8,32,00,7C,01,00,00,00,00,
639000,00000625,false,Rx,0,8,25,00,59,86,01,54,5C,06,
0,00000054,false,Rx,0,8,00,00,FE,FF,7D,02,00,00,
0,00000055,false,Rx,0,8,10,27,00,00,00,00,00,00,
0,00000056,false,Rx,0,8,10,27,00,00,00,00,00,00,
713000,00000057,false,Rx,0,8,00,00,FE,FF,FE,FF,00,00,
739000,00000625,false,Rx,0,8,25,00,59,86,01,54,5C,06,
0,000002C4,false,Rx,0,8,03,00,00,00,5F,02,00,00,
0,000002C5,false,Rx,0,8,00,00,00,00,00,00,00,00,
791000,000002C6,false,Rx,0,8,32,00,7C,01,00,00,00,00,
839000,00000625,false,Rx,0,8,25,00,59,86,01,54,5C,06,
0,00000054,false,Rx,0,8,00,00,FE,FF,7D,02,00,00,
0,00000055,false,Rx,0,8,10,27,00,00,00,00,00,00,
0,00000056,false,Rx,0,8,10,27,00,00,00,00,00,00,
913000,00000057,false,Rx,0,8,00,00,FE,FF,FE,FF,00,00,
939000,00000625,false,Rx,0,8,25,00,59,86,01,54,5C,06,
10000,000002C4,false,Rx,0,8,03,00,00,00,5F,02,00,00,
10000,000002C5,false,Rx,0,8,00,00,00,00,00,00,00,00,
11000,000002C6,false,Rx,0,8,32,00,7C,01,00,00,00,00,
40000,00000625,false,Rx,0,8,25,00,59,86,01,54,5C,06,
0,00000054,false,Rx,0,8,00,00,FE,FF,7D,02,00,00,
0,00000055,false,Rx,0,8,10,27,00,00,00,00,00,00,
112000,00000056,false,Rx,0,8,10,27,00,00,00,00,00,00,
113000,00000057,false,Rx,0,8,00,00,FE,FF,FE,FF,00,00,
140000,00000625,false,Rx,0,8,25,00,59,86,01,54,5C,06,
230000,000002C4,false,Rx,0,8,03,00,00,00,5F,02,00,00,
231000,000002C5,false,Rx,0,8,00,00,00,00,00,00,00,00,
231000,000002C6,false,Rx,0,8,32,00,7C,01,00,00,00,00,
239000,00000625,false,Rx,0,8,25,00,59,86,01,54,5C,06,
312000,00000054,false,Rx,0,8,00,00,FE,FF,7D,02,00,00,
312000,00000055,false,Rx,0,8,10,27,00,00,00,00,00,00,
313000,00000056,false,Rx,0,8,10,27,00,00,00,00,00,00,
313000,00000057,false,Rx,0,8,00,00,FE,FF,FE,FF,00,00,
339000,00000625,false,Rx,0,8,25,00,59,86,01,54,5C,06,
439000,00000625,false,Rx,0,8,25,00,59,86,01,54,5C,06,
451000,000002C4,false,Rx,0,8,03,00,00,00,5F,02,00,00,
451000,000002C5,false,Rx,0,8,00,00,00,00,00,00,00,00,
451000,000002C6,false,Rx,0,8,32,00,7C,01,00,00,00,00,
0,00000054,false,Rx,0,8,00,00,FE,FF,7D,02,00,00,
0,00000055,false,Rx,0,8,10,27,00,00,00,00,00,00,
0,00000056,false,Rx,0,8,10,27,00,00,00,00,00,00,
0,00000057,false,Rx,0,8,00,00,FE,FF,FE,FF,00,00,
540000,00000625,false,Rx,0,8,25,00,59,86,01,54,5C,06,
639000,00000625,false,Rx,0,8,25,00,59,86,01,54,5C,06,
669000,000002C4,false,Rx,0,8,03,00,00,00,5F,02,00,00,
671000,000002C5,false,Rx,0,8,00,00,00,00,00,00,00,00,
671000,000002C6,false,Rx,0,8,32,00,7C,01,00,00,00,00,
712000,00000054,false,Rx,0,8,00,00,FE,FF,7D,02,00,00,
712000,00000055,false,Rx,0,8,10,27,00,00,00,00,00,00,
0,00000056,false,Rx,0,8,10,27,00,00,00,00,00,00,
0,00000057,false,Rx,0,8,00,00,FE,FF,FE,FF,00,00,
739000,00000625,false,Rx,0,8,25,00,59,86,01,54,5C,06,
839000,00000625,false,Rx,0,8,25,00,59,86,01,54,5C,06,
891000,000002C4,false,Rx,0,8,03,00,00,00,5F,02,00,00,
891000,000002C5,false,Rx,0,8,00,00,00,00,00,00,00,00,
891000,000002C6,false,Rx,0,8,32,00,7C,01,00,00,00,00,
0,00000054,false,Rx,0,8,00,00,FE,FF,7D,02,00,00,
0,00000055,false,Rx,0,8,10,27,00,00,00,00,00,00,
913000,00000056,false,Rx,0,8,10,27,00,00,00,00,00,00,
913000,00000057,false,Rx,0,8,00,00,FE,FF,FE,FF,00,00,
940000,00000625,false,Rx,0,8,25,00,59,86,01,54,5C,06,
111000,000002C4,false,Rx,0,8,03,00,00,00,5F,02,00,00,
111000,000002C5,false,Rx,0,8,00,00,00,00,00,00,00,00,
111000,000002C6,false,Rx,0,8,32,00,7C,01,00,00,00,00,
0,00000054,false,Rx,0,8,00,00,FE,FF,7D,02,00,00,
0,00000055,false,Rx,0,8,10,27,00,00,00,00,00,00,
112000,00000056,false,Rx,0,8,10,27,00,00,00,00,00,00,
113000,00000057,false,Rx,0,8,00,00,FE,FF,FE,FF,00,00,
312000,00000054,false,Rx,0,8,00,00,FE,FF,7D,02,00,00,
312000,00000055,false,Rx,0,8,10,27,00,00,00,00,00,00,
313000,00000056,false,Rx,0,8,10,27,00,00,00,00,00,00,
313000,00000057,false,Rx,0,8,00,00,FE,FF,FE,FF,00,00,
331000,000002C4,false,Rx,0,8,03,00,00,00,5F,02,00,00,
331000,000002C5,false,Rx,0,8,00,00,00,00,00,00,00,00,
331000,000002C6,false,Rx,0,8,32,00,7C,01,00,00,00,00,
0,00000054,false,Rx,0,8,00,00,FE,FF,7D,02,00,00,
0,00000055,false,Rx,0,8,10,27,00,00,00,00,00,00,
0,00000056,false,Rx,0,8,10,27,00,00,00,00,00,00,
512000,00000057,false,Rx,0,8,00,00,FE,FF,FE,FF,00,00,
551000,000002C4,false,Rx,0,8,03,00,00,00,5F,02,00,00,
551000,000002C5,false,Rx,0,8,00,00,00,00,00,00,00,00,
551000,000002C6,false,Rx,0,8,32,00,7C,01,00,00,00,00,
0,00000054,false,Rx,0,8,00,00,FE,FF,7D,02,00,00,
0,00000055,false,Rx,0,8,10,27,00,00,00,00,00,00,
0,00000056,false,Rx,0,8,10,27,00,00,00,00,00,00,
713000,00000057,false,Rx,0,8,00,00,FE,FF,FE,FF,00,00,
0,000002C4,false,Rx,0,8,03,00,00,00,5F,02,00,00,
0,000002C5,false,Rx,0,8,00,00,00,00,00,00,00,00,
771000,000002C6,false,Rx,0,8,32,00,7C,01,00,00,00,00,
0,00000054,false,Rx,0,8,00,00,FE,FF,7D,02,00,00,
0,00000055,false,Rx,0,8,10,27,00,00,00,00,00,00,
912000,00000056,false,Rx,0,8,10,27,00,00,00,00,00,00,
912000,00000057,false,Rx,0,8,00,00,FE,FF,FE,FF,00,00,
763000,0000060D,false,Rx,0,8,0D,10,83,B6,09,20,70,00,
773000,00000054,false,Rx,0,8,00,00,FE,FF,7D,02,00,00,
773000,00000055,false,Rx,0,8,10,27,00,00,00,00,00,00,
773000,00000056,false,Rx,0,8,10,27,00,00,00,00,00,00,
773000,00000057,false,Rx,0,8,00,00,FE,FF,FE,FF,00,00,
863000,0000060D,false,Rx,0,8,0D,10,83,B6,09,20,70,00,
963000,0000060D,false,Rx,0,8,0D,10,83,B6,09,20,70,00,
972000,00000054,false,Rx,0,8,00,00,FE,FF,7D,02,00,00,
972000,00000055,false,Rx,0,8,10,27,00,00,00,00,00,00,
973000,00000056,false,Rx,0,8,10,27,00,00,00,00,00,00,
973000,00000057,false,Rx,0,8,00,00,FE,FF,FE,FF,00,00,
1000,00000625,false,Rx,0,8,25,00,58,86,01,54,5C,06,
10000,000002C4,false,Rx,0,8,02,00,00,00,61,02,00,00,
10000,000002C5,false,Rx,0,8,00,00,00,00,00,00,00,00,
11000,000002C6,false,Rx,0,8,32,00,7C,01,00,00,00,00,
63000,0000060D,false,Rx,0,8,0D,10,83,B6,09,20,70,00,
100000,00000625,false,Rx,0,8,25,00,58,86,01,54,5C,06,
163000,0000060D,false,Rx,0,8,0D,10,83,B6,09,20,70,00,
172000,00000054,false,Rx,0,8,01,05,00,01,7D,02,00,00,
172000,00000055,false,Rx,0,8,10,27,00,00,00,00,00,00,
173000,00000056,false,Rx,0,8,10,27,00,00,00,00,00,00,
173000,00000057,false,Rx,0,8,00,00,FE,FF,FE,FF,00,00,
199000,00000625,false,Rx,0,8,25,00,59,86,01,54,5C,06,
231000,000002C4,false,Rx,0,8,02,00,00,00,61,02,00,00,
231000,000002C5,false,Rx,0,8,00,00,00,00,00,00,00,00,
231000,000002C6,false,Rx,0,8,32,00,7C,01,00,00,00,00,
262000,0000060D,false,Rx,0,8,0D,10,83,B6,09,20,70,00,
300000,00000625,false,Rx,0,8,25,00,59,86,01,54,5C,06,
362000,0000060D,false,Rx,0,8,0D,10,83,B6,09,20,70,00,
0,00000054,false,Rx,0,8,01,05,00,01,7D,02,00,00,
0,00000055,false,Rx,0,8,10,27,00,00,00,00,00,00,
0,00000056,false,Rx,0,8,10,27,00,00,00,00,00,00,
0,00000057,false,Rx,0,8,00,00,FE,FF,FE,FF,00,00,
400000,00000625,false,Rx,0,8,25,00,59,86,01,54,5C,06,
0,000002C4,false,Rx,0,8,08,00,00,00,7D,02,00,00,
0,000002C5,false,Rx,0,8,00,00,00,00,00,00,00,00,
451000,000002C6,false,Rx,0,8,32,00,7C,01,00,00,00,00,
463000,0000060D,false,Rx,0,8,0D,10,83,B6,09,20,70,00,
500000,00000625,false,Rx,0,8,25,00,59,86,01,54,5C,06,
563000,0000060D,false,Rx,0,8,0D,10,83,B6,09,20,70,00,
0,00000054,false,Rx,0,8,01,05,00,01,7D,02,00,00,
0,00000055,false,Rx,0,8,10,27,00,00,00,00,00,00,
573000,00000056,false,Rx,0,8,10,27,00,00,00,00,00,00,
573000,00000057,false,Rx,0,8,00,00,FE,FF,FE,FF,00,00,
599000,00000625,false,Rx,0,8,25,00,59,86,01,54,5C,06,
663000,0000060D,false,Rx,0,8,0D,10,83,B6,09,20,70,00,
671000,000002C4,false,Rx,0,8,08,00,00,00,7D,02,00,00,
671000,000002C5,false,Rx,0,8,00,00,00,00,00,00,00,00,
671000,000002C6,false,Rx,0,8,32,00,7C,01,00,00,00,00,
699000,00000625,false,Rx,0,8,25,00,59,86,01,54,5C,06,
762000,0000060D,false,Rx,0,8,0D,10,83,B6,09,20,70,00,
772000,00000054,false,Rx,0,8,01,05,00,01,7D,02,00,00,
772000,00000055,false,Rx,0,8,10,27,00,00,00,00,00,00,
773000,00000056,false,Rx,0,8,10,27,00,00,00,00,00,00,
773000,00000057,false,Rx,0,8,00,00,FE,FF,FE,FF,00,00,
799000,00000625,false,Rx,0,8,25,00,59,86,01,54,5C,06,
863000,0000060D,false,Rx,0,8,0D,10,83,B6,09,20,70,00,
891000,000002C4,false,Rx,0,8,09,00,00,00,7D,02,00,00,
891000,000002C5,false,Rx,0,8,00,00,00,00,00,00,00,00,
891000,000002C6,false,Rx,0,8,32,00,7C,01,00,00,00,00,
899000,00000625,false,Rx,0,8,25,00,59,86,01,54,5C,06,
962000,0000060D,false,Rx,0,8,0D,10,83,B6,09,20,70,00,
972000,00000054,false,Rx,0,8,01,05,00,01,7D,02,00,00,
973000,00000055,false,Rx,0,8,10,27,00,00,00,00,00,00,
973000,00000056,false,Rx,0,8,10,27,00,00,00,00,00,00,
973000,00000057,false,Rx,0,8,00,00,FE,FF,FE,FF,00,00,
0,00000625,false,Rx,0,8,25,00,59,86,01,54,5C,06,
63000,0000060D,false,Rx,0,8,0D,10,83,B6,09,20,70,00,
99000,00000625,false,Rx,0,8,25,00,59,86,01,54,5C,06,
111000,000002C4,false,Rx,0,8,09,00,00,00,7D,02,00,00,
111000,000002C5,false,Rx,0,8,00,00,00,00,00,00,00,00,
111000,000002C6,false,Rx,0,8,32,00,7C,01,00,00,00,00,
162000,0000060D,false,Rx,0,8,0D,10,83,B6,09,20,70,00,
0,00000054,false,Rx,0,8,01,05,00,01,7D,02,00,00,
0,00000055,false,Rx,0,8,10,27,00,00,00,00,00,00,
0,00000056,false,Rx,0,8,10,27,00,00,00,00,00,00,
173000,00000057,false,Rx,0,8,00,00,FE,FF,FE,FF,00,00,
201000,00000625,false,Rx,0,8,25,00,59,86,01,54,5C,06,
263000,0000060D,false,Rx,0,8,0D,10,83,B6,09,20,70,00,
299000,00000625,false,Rx,0,8,25,00,59,86,01,54,5C,06,
331000,000002C4,false,Rx,0,8,09,00,00,00,7D,02,00,00,
331000,000002C5,false,Rx,0,8,00,00,00,00,00,00,00,00,
331000,000002C6,false,Rx,0,8,32,00,7C,01,00,00,00,00,
363000,0000060D,false,Rx,0,8,0D,10,83,B6,09,20,70,00,
372000,00000054,false,Rx,0,8,01,05,00,01,7D,02,00,00,
373000,00000055,false,Rx,0,8,10,27,00,00,00,00,00,00,
373000,00000056,false,Rx,0,8,10,27,00,00,00,00,00,00,
373000,00000057,false,Rx,0,8,00,00,FE,FF,FE,FF,00,00,
399000,00000625,false,Rx,0,8,25,00,59,86,01,54,5C,06,
463000,0000060D,false,Rx,0,8,0D,10,83,B6,09,20,70,00,
499000,00000625,false,Rx,0,8,25,00,59,86,01,54,5C,06,
551000,000002C4,false,Rx,0,8,09,00,00,00,7D,02,00,00,
551000,000002C5,false,Rx,0,8,00,00,00,00,00,00,00,00,
552000,000002C6,false,Rx,0,8,32,00,7C,01,00,00,00,00,
562000,0000060D,false,Rx,0,8,0D,10,83,B6,09,20,70,00,
0,00000054,false,Rx,0,8,01,05,00,01,7D,02,00,00,
0,00000055,false,Rx,0,8,10,27,00,00,00,00,00,00,
573000,00000056,false,Rx,0,8,10,27,00,00,00,00,00,00,
573000,00000057,false,Rx,0,8,00,00,FE,FF,FE,FF,00,00,
599000,00000625,false,Rx,0,8,25,00,59,86,01,54,5C,06,
663000,0000060D,false,Rx,0,8,0D,10,83,B6,09,20,70,00,
699000,00000625,false,Rx,0,8,25,00,59,86,01,54,5C,06,
763000,0000060D,false,Rx,0,8,0D,10,83,B6,09,20,70,00,
771000,000002C4,false,Rx,0,8,09,00,00,00,7D,02,00,00,
771000,000002C5,false,Rx,0,8,00,00,00,00,00,00,00,00,
771000,000002C6,false,Rx,0,8,32,00,7C,01,00,00,00,00,
0,00000054,false,Rx,0,8,01,05,00,01,7D,02,00,00,
0,00000055,false,Rx,0,8,10,27,00,00,00,00,00,00,
773000,00000056,false,Rx,0,8,10,27,00,00,00,00,00,00,
773000,00000057,false,Rx,0,8,00,00,FE,FF,FE,FF,00,00,
800000,00000625,false,Rx,0,8,25,00,59,86,01,54,5C,06,
864000,0000060D,false,Rx,0,8,0D,10,83,B6,09,20,70,00,
900000,00000625,false,Rx,0,8,25,00,59,86,01,54,5C,06,
963000,0000060D,false,Rx,0,8,0D,10,83,B6,09,20,70,00,
972000,00000054,false,Rx,0,8,01,05,00,01,7D,02,00,00,
0,00000055,false,Rx,0,8,10,27,00,00,00,00,00,00,
0,00000056,false,Rx,0,8,10,27,00,00,00,00,00,00,
973000,00000057,false,Rx,0,8,00,00,FE,FF,FE,FF,00,00,
991000,000002C4,false,Rx,0,8,09,00,00,00,7D,02,00,00,
991000,000002C5,false,Rx,0,8,00,00,00,00,00,00,00,00,
991000,000002C6,false,Rx,0,8,32,00,7C,01,00,00,00,00,
0,00000625,false,Rx,0,8,25,00,59,86,01,54,5C,06,
62000,0000060D,false,Rx,0,8,0D,10,83,B6,09,20,70,00,
100000,00000625,false,Rx,0,8,25,00,59,86,01,54,5C,06,
163000,0000060D,false,Rx,0,8,0D,10,83,B6,09,20,70,00,
0,00000054,false,Rx,0,8,01,05,00,01,7D,02,00,00,
0,00000055,false,Rx,0,8,10,27,00,00,00,00,00,00,
172000,00000056,false,Rx,0,8,10,27,00,00,00,00,00,00,
172000,00000057,false,Rx,0,8,00,00,FE,FF,FE,FF,00,00,
201000,00000625,false,Rx,0,8,25,00,59,86,01,54,5C,06,
0,000002C4,false,Rx,0,8,09,00,00,00,7D,02,00,00,
0,000002C5,false,Rx,0,8,00,00,00,00,00,00,00,00,
211000,000002C6,false,Rx,0,8,32,00,7C,01,00,00,00,00,
263000,0000060D,false,Rx,0,8,0D,10,83,B6,09,20,70,00,
299000,00000625,false,Rx,0,8,25,00,59,86,01,54,5C,06,
363000,0000060D,false,Rx,0,8,0D,10,83,B6,09,20,70,00,
0,00000054,false,Rx,0,8,01,05,00,01,7D,02,00,00,
0,00000055,false,Rx,0,8,10,27,00,00,00,00,00,00,
372000,00000056,false,Rx,0,8,10,27,00,00,00,00,00,00,
373000,00000057,false,Rx,0,8,00,00,FE,FF,FE,FF,00,00,
400000,00000625,false,Rx,0,8,25,00,59,86,01,54,5C,06,
0,000002C4,false,Rx,0,8,09,00,00,00,7D,02,00,00,
0,000002C5,false,Rx,0,8,00,00,00,00,00,00,00,00,
432000,000002C6,false,Rx,0,8,32,00,7C,01,00,00,00,00,
463000,0000060D,false,Rx,0,8,0D,10,83,B6,09,20,70,00,
500000,00000625,false,Rx,0,8,25,00,59,86,01,54,5C,06,
563000,0000060D,false,Rx,0,8,0D,10,83,B6,09,20,70,00,
572000,00000054,false,Rx,0,8,01,05,00,01,7D,02,00,00,
572000,00000055,false,Rx,0,8,10,27,00,00,00,00,00,00,
572000,00000056,false,Rx,0,8,10,27,00,00,00,00,00,00,
573000,00000057,false,Rx,0,8,00,00,FE,FF,FE,FF,00,00,
600000,00000625,false,Rx,0,8,25,00,59,86,01,54,5C,06,
651000,000002C4,false,Rx,0,8,09,00,00,00,7D,02,00,00,
651000,000002C5,false,Rx,0,8,00,00,00,00,00,00,00,00,
651000,000002C6,false,Rx,0,8,32,00,7C,01,00,00,00,00,
663000,0000060D,false,Rx,0,8,0D,10,83,B6,09,20,70,00,
699000,00000625,false,Rx,0,8,25,00,59,86,01,54,5C,06,
763000,0000060D,false,Rx,0,8,0D,10,83,B6,09,20,70,00,
771000,00000054,false,Rx,0,8,01,05,00,01,7D,02,00,00,
772000,00000055,false,Rx,0,8,10,27,00,00,00,00,00,00,
772000,00000056,false,Rx,0,8,10,27,00,00,00,00,00,00,
772000,00000057,false,Rx,0,8,00,00,FE,FF,FE,FF,00,00,
799000,00000625,false,Rx,0,8,25,00,59,86,01,54,5C,06,
863000,0000060D,false,Rx,0,8,0D,10,83,B6,09,20,70,00,
0,000002C4,false,Rx,0,8,09,00,00,00,7D,02,00,00,
0,000002C5,false,Rx,0,8,00,00,00,00,00,00,00,00,
0,000002C6,false,Rx,0,8,32,00,7C,01,00,00,00,00,
901000,00000625,false,Rx,0,8,25,00,59,86,01,54,5C,06,
963000,0000060D,false,Rx,0,8,0D,10,83,B6,09,20,70,00,
0,00000054,false,Rx,0,8,01,05,00,01,7D,02,00,00,
0,00000055,false,Rx,0,8,10,27,00,00,00,00,00,00,
973000,00000056,false,Rx,0,8,10,27,00,00,00,00,00,00,
973000,00000057,false,Rx,0,8,00,00,FE,FF,FE,FF,00,00,
999000,00000625,false,Rx,0,8,25,00,59,86,01,54,5C,06,
63000,0000060D,false,Rx,0,8,0D,10,83,B6,09,20,70,00,
90000,000002C4,false,Rx,0,8,09,00,00,00,7D,02,00,00,
90000,000002C5,false,Rx,0,8,00,00,00,00,00,00,00,00,
90000,000002C6,false,Rx,0,8,32,00,7C,01,00,00,00,00,
100000,00000625,false,Rx,0,8,25,00,59,86,01,54,5C,06,
163000,0000060D,false,Rx,0,8,0D,10,83,B6,09,20,70,00,
172000,00000054,false,Rx,0,8,01,05,00,01,7D,02,00,00,
172000,00000055,false,Rx,0,8,10,27,00,00,00,00,00,00,
172000,00000056,false,Rx,0,8,10,27,00,00,00,00,00,00,
173000,00000057,false,Rx,0,8,00,00,FE,FF,FE,FF,00,00,
200000,00000625,false,Rx,0,8,25,00,59,86,01,54,5C,06,
263000,0000060D,false,Rx,0,8,0D,10,83,B6,09,20,70,00,
300000,00000625,false,Rx,0,8,25,00,59,86,01,54,5C,06,
311000,000002C4,false,Rx,0,8,09,00,00,00,7D,02,00,00,
311000,000002C5,false,Rx,0,8,00,00,00,00,00,00,00,00,
311000,000002C6,false,Rx,0,8,32,00,7C,01,00,00,00,00,
362000,0000060D,false,Rx,0,8,0D,10,83,B6,09,20,70,00,
0,00000054,false,Rx,0,8,01,05,00,01,7D,02,00,00,
0,00000055,false,Rx,0,8,10,27,00,00,00,00,00,00,
373000,00000056,false,Rx,0,8,10,27,00,00,00,00,00,00,
373000,00000057,false,Rx,0,8,00,00,FE,FF,FE,FF,00,00,
400000,00000625,false,Rx,0,8,25,00,59,86,01,54,5C,06,
462000,0000060D,false,Rx,0,8,0D,10,83,B6,09,20,70,00,
499000,00000625,false,Rx,0,8,25,00,59,86,01,54,5C,06,
531000,000002C4,false,Rx,0,8,09,00,00,00,7D,02,00,00,
531000,000002C5,false,Rx,0,8,00,00,00,00,00,00,00,00,
531000,000002C6,false,Rx,0,8,32,00,7C,01,00,00,00,00,
563000,0000060D,false,Rx,0,8,0D,10,83,B6,09,20,70,00,
0,00000054,false,Rx,0,8,01,05,00,01,7D,02,00,00,
0,00000055,false,Rx,0,8,10,27,00,00,00,00,00,00,
0,00000056,false,Rx,0,8,10,27,00,00,00,00,00,00,
573000,00000057,false,Rx,0,8,00,00,FE,FF,FE,FF,00,00,
599000,00000625,false,Rx,0,8,25,00,59,86,01,54,5C,06,
663000,0000060D,false,Rx,0,8,0D,10,83,B6,09,20,70,00,
699000,00000625,false,Rx,0,8,25,00,59,86,01,54,5C,06,
751000,000002C4,false,Rx,0,8,09,00,00,00,7D,02,00,00,
751000,000002C5,false,Rx,0,8,00,00,00,00,00,00,00,00,
751000,000002C6,false,Rx,0,8,32,00,7C,01,00,00,00,00,
762000,0000060D,false,Rx,0,8,0D,10,83,B6,09,20,70,00,
772000,00000054,false,Rx,0,8,01,05,00,01,7D,02,00,00,
772000,00000055,false,Rx,0,8,10,27,00,00,00,00,00,00,
773000,00000056,false,Rx,0,8,10,27,00,00,00,00,00,00,
773000,00000057,false,Rx,0,8,00,00,FE,FF,FE,FF,00,00,
799000,00000625,false,Rx,0,8,25,00,59,86,01,54,5C,06,
862000,0000060D,false,Rx,0,8,0D,10,83,B6,09,20,70,00,
899000,00000625,false,Rx,0,8,25,00,59,86,01,54,5C,06,
963000,0000060D,false,Rx,0,8,0D,10,83,B6,09,20,70,00,
971000,000002C4,false,Rx,0,8,09,00,00,00,7D,02,00,00,
971000,000002C5,false,Rx,0,8,00,00,00,00,00,00,00,00,
971000,000002C6,false,Rx,0,8,32,00,7C,01,00,00,00,00,
972000,00000054,false,Rx,0,8,01,05,00,01,7D,02,00,00,
972000,00000055,false,Rx,0,8,10,27,00,00,00,00,00,00,
973000,00000056,false,Rx,0,8,10,27,00,00,00,00,00,00,
973000,00000057,false,Rx,0,8,00,00,FE,FF,FE,FF,00,00,
999000,00000625,false,Rx,0,8,25,00,59,86,01,54,5C,06,
63000,0000060D,false,Rx,0,8,0D,10,83,B6,09,20,70,00,
100000,00000625,false,Rx,0,8,25,00,59,86,01,54,5C,06,
162000,0000060D,false,Rx,0,8,0D,10,83,B6,09,20,70,00,
172000,00000054,false,Rx,0,8,01,05,00,01,7D,02,00,00,
173000,00000055,false,Rx,0,8,10,27,00,00,00,00,00,00,
0,00000056,false,Rx,0,8,10,27,00,00,00,00,00,00,
0,00000057,false,Rx,0,8,00,00,FE,FF,FE,FF,00,00,
191000,000002C4,false,Rx,0,8,09,00,00,00,7D,02,00,00,
191000,000002C5,false,Rx,0,8,00,00,00,00,00,00,00,00,
191000,000002C6,false,Rx,0,8,32,00,7C,01,00,00,00,00,
200000,00000625,false,Rx,0,8,25,00,59,86,01,54,5C,06,
263000,0000060D,false,Rx,0,8,0D,10,83,B6,09,20,70,00,
300000,00000625,false,Rx,0,8,25,00,59,86,01,54,5C,06,
363000,0000060D,false,Rx,0,8,0D,10,83,B6,09,20,70,00,
0,00000054,false,Rx,0,8,01,05,00,01,7D,02,00,00,
0,00000055,false,Rx,0,8,10,27,00,00,00,00,00,00,
373000,00000056,false,Rx,0,8,10,27,00,00,00,00,00,00,
373000,00000057,false,Rx,0,8,00,00,FE,FF,FE,FF,00,00,
401000,00000625,false,Rx,0,8,25,00,59,86,01,54,5C,06,
411000,000002C4,false,Rx,0,8,09,00,00,00,7D,02,00,00,
411000,000002C5,false,Rx,0,8,00,00,00,00,00,00,00,00,
412000,000002C6,false,Rx,0,8,32,00,7C,01,00,00,00,00,
463000,0000060D,false,Rx,0,8,0D,10,83,B6,09,20,70,00,
499000,00000625,false,Rx,0,8,25,00,59,86,01,54,5C,06,
563000,0000060D,false,Rx,0,8,0D,10,83,B6,09,20,70,00,
572000,00000054,false,Rx,0,8,01,05,00,01,7D,02,00,00,
572000,00000055,false,Rx,0,8,10,27,00,00,00,00,00,00,
572000,00000056,false,Rx,0,8,10,27,00,00,00,00,00,00,
572000,00000057,false,Rx,0,8,00,00,FE,FF,FE,FF,00,00,
599000,00000625,false,Rx,0,8,25,00,59,86,01,54,5C,06,
631000,000002C4,false,Rx,0,8,09,00,00,00,7D,02,00,00,
631000,000002C5,false,Rx,0,8,00,00,00,00,00,00,00,00,
631000,000002C6,false,Rx,0,8,32,00,7C,01,00,00,00,00,
663000,0000060D,false,Rx,0,8,0D,10,83,B6,09,20,70,00,
699000,00000625,false,Rx,0,8,25,00,59,86,01,54,5C,06,
763000,0000060D,false,Rx,0,8,0D,10,83,B6,09,20,70,00,
772000,00000054,false,Rx,0,8,01,05,00,01,7D,02,00,00,
772000,00000055,false,Rx,0,8,10,27,00,00,00,00,00,00,
773000,00000056,false,Rx,0,8,10,27,00,00,00,00,00,00,
773000,00000057,false,Rx,0,8,00,00,FE,FF,FE,FF,00,00,
800000,00000625,false,Rx,0,8,25,00,59,86,01,54,5C,06,
0,000002C4,false,Rx,0,8,09,00,00,00,7D,02,00,00,
0,000002C5,false,Rx,0,8,00,00,00,00,00,00,00,00,
0,000002C6,false,Rx,0,8,32,00,7C,01,00,00,00,00,
862000,0000060D,false,Rx,0,8,0D,10,83,B6,09,20,70,00,
900000,00000625,false,Rx,0,8,25,00,59,86,01,54,5C,06,
962000,0000060D,false,Rx,0,8,0D,10,83,B6,09,20,70,00,
0,00000054,false,Rx,0,8,01,05,00,01,7D,02,00,00,
0,00000055,false,Rx,0,8,10,27,00,00,00,00,00,00,
0,00000056,false,Rx,0,8,10,27,00,00,00,00,00,00,
0,00000057,false,Rx,0,8,00,00,FE,FF,FE,FF,00,00,
0,00000625,false,Rx,0,8,25,00,59,86,01,54,5C,06,
63000,0000060D,false,Rx,0,8,0D,10,83,B6,09,20,70,00,
0,000002C4,false,Rx,0,8,09,00,00,00,7D,02,00,00,
0,000002C5,false,Rx,0,8,00,00,00,00,00,00,00,00,
72000,000002C6,false,Rx,0,8,32,00,7C,01,00,00,00,00,
100000,00000625,false,Rx,0,8,25,00,59,86,01,54,5C,06,
163000,0000060D,false,Rx,0,8,0D,10,83,B6,09,20,70,00,
0,00000054,false,Rx,0,8,01,05,00,01,7D,02,00,00,
0,00000055,false,Rx,0,8,10,27,00,00,00,00,00,00,
0,00000056,false,Rx,0,8,10,27,00,00,00,00,00,00,
172000,00000057,false,Rx,0,8,00,00,FE,FF,FE,FF,00,00,
200000,00000625,false,Rx,0,8,25,00,59,86,01,54,5C,06,
263000,0000060D,false,Rx,0,8,0D,10,83,B6,09,20,70,00,
0,000002C4,false,Rx,0,8,09,00,00,00,7D,02,00,00,
0,000002C5,false,Rx,0,8,00,00,00,00,00,00,00,00,
292000,000002C6,false,Rx,0,8,32,00,7C,01,00,00,00,00,
299000,00000625,false,Rx,0,8,25,00,59,86,01,54,5C,06,
363000,0000060D,false,Rx,0,8,0D,10,83,B6,09,20,70,00,
0,00000054,false,Rx,0,8,01,05,00,01,7D,02,00,00,
0,00000055,false,Rx,0,8,10,27,00,00,00,00,00,00,
0,00000056,false,Rx,0,8,10,27,00,00,00,00,00,00,
0,00000057,false,Rx,0,8,00,00,FE,FF,FE,FF,00,00,
399000,00000625,false,Rx,0,8,25,00,59,86,01,54,5C,06,
463000,0000060D,false,Rx,0,8,0D,10,83,B6,09,20,70,00,
499000,00000625,false,Rx,0,8,25,00,59,86,01,54,5C,06,
0,000002C4,false,Rx,0,8,09,00,00,00,7D,02,00,00,
0,000002C5,false,Rx,0,8,00,00,00,00,00,00,00,00,
512000,000002C6,false,Rx,0,8,32,00,7C,01,00,00,00,00,
563000,0000060D,false,Rx,0,8,0D,10,83,B6,09,20,70,00,
0,00000054,false,Rx,0,8,01,05,00,01,7D,02,00,00,
0,00000055,false,Rx,0,8,10,27,00,00,00,00,00,00,
0,00000056,false,Rx,0,8,10,27,00,00,00,00,00,00,
574000,00000057,false,Rx,0,8,00,00,FE,FF,FE,FF,00,00,
600000,00000625,false,Rx,0,8,25,00,59,86,01,54,5C,06,
663000,0000060D,false,Rx,0,8,0D,10,83,B6,09,20,70,00,
701000,00000625,false,Rx,0,8,25,00,59,86,01,54,5C,06,
0,000002C4,false,Rx,0,8,09,00,00,00,7D,02,00,00,
0,000002C5,false,Rx,0,8,00,00,00,00,00,00,00,00,
731000,000002C6,false,Rx,0,8,32,00,7C,01,00,00,00,00,
763000,0000060D,false,Rx,0,8,0D,10,83,B6,09,20,70,00,
772000,00000054,false,Rx,0,8,01,05,00,01,7D,02,00,00,
772000,00000055,false,Rx,0,8,10,27,00,00,00,00,00,00,
773000,00000056,false,Rx,0,8,10,27,00,00,00,00,00,00,
773000,00000057,false,Rx,0,8,00,00,FE,FF,FE,FF,00,00,
800000,00000625,false,Rx,0,8,25,00,59,86,01,54,5C,06,
863000,0000060D,false,Rx,0,8,0D,10,83,B6,09,20,70,00,
900000,00000625,false,Rx,0,8,25,00,59,86,01,54,5C,06,
951000,000002C4,false,Rx,0,8,09,00,00,00,7D,02,00,00,
951000,000002C5,false,Rx,0,8,00,00,00,00,00,00,00,00,
951000,000002C6,false,Rx,0,8,32,00,7C,01,00,00,00,00,
962000,0000060D,false,Rx,0,8,0D,10,83,B6,09,20,70,00,
0,00000054,false,Rx,0,8,01,05,00,01,7D,02,00,00,
0,00000055,false,Rx,0,8,10,27,00,00,00,00,00,00,
973000,00000056,false,Rx,0,8,10,27,00,00,00,00,00,00,
974000,00000057,false,Rx,0,8,00,00,FE,FF,FE,FF,00,00,
999000,00000625,false,Rx,0,8,25,00,59,86,01,54,5C,06,
62000,0000060D,false,Rx,0,8,0D,10,83,B6,09,20,70,00,
100000,00000625,false,Rx,0,8,25,00,59,86,01,54,5C,06,
163000,0000060D,false,Rx,0,8,0D,10,83,B6,09,20,70,00,
171000,000002C4,false,Rx,0,8,09,00,00,00,7D,02,00,00,
172000,000002C5,false,Rx,0,8,00,00,00,00,00,00,00,00,
172000,000002C6,false,Rx,0,8,32,00,7C,01,00,00,00,00,
172000,00000054,false,Rx,0,8,01,05,00,01,7D,02,00,00,
173000,00000055,false,Rx,0,8,10,27,00,00,00,00,00,00,
173000,00000056,false,Rx,0,8,10,27,00,00,00,00,00,00,
173000,00000057,false,Rx,0,8,00,00,FE,FF,FE,FF,00,00,
199000,00000625,false,Rx,0,8,25,00,59,86,01,54,5C,06,
263000,0000060D,false,Rx,0,8,0D,10,83,B6,09,20,70,00,
300000,00000625,false,Rx,0,8,25,00,59,86,01,54,5C,06,
363000,0000060D,false,Rx,0,8,0D,10,83,B6,09,20,70,00,
371000,00000054,false,Rx,0,8,01,05,00,01,7D,02,00,00,
0,00000055,false,Rx,0,8,10,27,00,00,00,00,00,00,
0,00000056,false,Rx,0,8,10,27,00,00,00,00,00,00,
372000,00000057,false,Rx,0,8,00,00,FE,FF,FE,FF,00,00,
0,000002C4,false,Rx,0,8,09,00,00,00,7D,02,00,00,
0,000002C5,false,Rx,0,8,00,00,00,00,00,00,00,00,
392000,000002C6,false,Rx,0,8,32,00,7C,01,00,00,00,00,
400000,00000625,false,Rx,0,8,25,00,59,86,01,54,5C,06,
463000,0000060D,false,Rx,0,8,0D,10,83,B6,09,20,70,00,
499000,00000625,false,Rx,0,8,25,00,59,86,01,54,5C,06,
563000,0000060D,false,Rx,0,8,0D,10,83,B6,09,20,70,00,
0,00000054,false,Rx,0,8,01,05,00,01,7D,02,00,00,
0,00000055,false,Rx,0,8,10,27,00,00,00,00,00,00,
0,00000056,false,Rx,0,8,10,27,00,00,00,00,00,00,
573000,00000057,false,Rx,0,8,00,00,FE,FF,FE,FF,00,00,
599000,00000625,false,Rx,0,8,25,00,59,86,01,54,5C,06,
611000,000002C4,false,Rx,0,8,09,00,00,00,7D,02,00,00,
611000,000002C5,false,Rx,0,8,00,00,00,00,00,00,00,00,
612000,000002C6,false,Rx,0,8,32,00,7C,01,00,00,00,00,
663000,0000060D,false,Rx,0,8,0D,10,83,B6,09,20,70,00,
700000,00000625,false,Rx,0,8,25,00,59,86,01,54,5C,06,
763000,0000060D,false,Rx,0,8,0D,10,83,B6,09,20,70,00,
771000,00000054,false,Rx,0,8,01,05,00,01,7D,02,00,00,
772000,00000055,false,Rx,0,8,10,27,00,00,00,00,00,00,
772000,00000056,false,Rx,0,8,10,27,00,00,00,00,00,00,
772000,00000057,false,Rx,0,8,00,00,FE,FF,FE,FF,00,00,
799000,00000625,false,Rx,0,8,25,00,59,86,01,54,5C,06,
830000,000002C4,false,Rx,0,8,09,00,00,00,7D,02,00,00,
831000,000002C5,false,Rx,0,8,00,00,00,00,00,00,00,00,
831000,000002C6,false,Rx,0,8,32,00,7C,01,00,00,00,00,
862000,0000060D,false,Rx,0,8,0D,10,83,B6,09,20,70,00,
899000,00000625,false,Rx,0,8,25,00,59,86,01,54,5C,06,
963000,0000060D,false,Rx,0,8,0D,10,83,B6,09,20,70,00,
0,00000054,false,Rx,0,8,01,05,00,01,7D,02,00,00,
0,00000055,false,Rx,0,8,10,27,00,00,00,00,00,00,
0,00000056,false,Rx,0,8,10,27,00,00,00,00,00,00,
0,00000057,false,Rx,0,8,00,00,FE,FF,FE,FF,00,00,
999000,00000625,false,Rx,0,8,25,00,59,86,01,54,5C,06,
52000,000002C4,false,Rx,0,8,09,00,00,00,7D,02,00,00,
52000,000002C5,false,Rx,0,8,00,00,00,00,00,00,00,00,
52000,000002C6,false,Rx,0,8,32,00,7C,01,00,00,00,00,
63000,0000060D,false,Rx,0,8,0D,10,83,B6,09,20,70,00,
99000,00000625,false,Rx,0,8,25,00,59,86,01,54,5C,06,
163000,0000060D,false,Rx,0,8,0D,10,83,B6,09,20,70,00,
0,00000054,false,Rx,0,8,01,05,00,01,7D,02,00,00,
0,00000055,false,Rx,0,8,10,27,00,00,00,00,00,00,
0,00000056,false,Rx,0,8,10,27,00,00,00,00,00,00,
173000,00000057,false,Rx,0,8,00,00,FE,FF,FE,FF,00,00,
200000,00000625,false,Rx,0,8,25,00,59,86,01,54,5C,06,
263000,0000060D,false,Rx,0,8,0D,10,83,B6,09,20,70,00,
270000,000002C4,false,Rx,0,8,09,00,00,00,7D,02,00,00,
271000,000002C5,false,Rx,0,8,00,00,00,00,00,00,00,00,
271000,000002C6,false,Rx,0,8,32,00,7C,01,00,00,00,00,
300000,00000625,false,Rx,0,8,25,00,59,86,01,54,5C,06,
363000,0000060D,false,Rx,0,8,0D,10,83,B6,09,20,70,00,
0,00000054,false,Rx,0,8,01,05,00,01,7D,02,00,00,
0,00000055,false,Rx,0,8,10,27,00,00,00,00,00,00,
0,00000056,false,Rx,0,8,10,27,00,00,00,00,00,00,
373000,00000057,false,Rx,0,8,00,00,FE,FF,FE,FF,00,00,
399000,00000625,false,Rx,0,8,25,00,59,86,01,54,5C,06,
463000,0000060D,false,Rx,0,8,0D,10,83,B6,09,20,70,00,
491000,000002C4,false,Rx,0,8,09,00,00,00,7D,02,00,00,
492000,000002C5,false,Rx,0,8,00,00,00,00,00,00,00,00,
492000,000002C6,false,Rx,0,8,32,00,7C,01,00,00,00,00,
499000,00000625,false,Rx,0,8,25,00,59,86,01,54,5C,06,
563000,0000060D,false,Rx,0,8,0D,10,83,B6,09,20,70,00,
572000,00000054,false,Rx,0,8,01,05,00,01,7D,02,00,00,
573000,00000055,false,Rx,0,8,10,27,00,00,00,00,00,00,
573000,00000056,false,Rx,0,8,10,27,00,00,00,00,00,00,
573000,00000057,false,Rx,0,8,00,00,FE,FF,FE,FF,00,00,
599000,00000625,false,Rx,0,8,25,00,59,86,01,54,5C,06,
663000,0000060D,false,Rx,0,8,0D,10,83,B6,09,20,70,00,
700000,00000625,false,Rx,0,8,25,00,59,86,01,54,5C,06,
0,000002C4,false,Rx,0,8,09,00,00,00,7D,02,00,00,
0,000002C5,false,Rx,0,8,00,00,00,00,00,00,00,00,
0,000002C6,false,Rx,0,8,32,00,7C,01,00,00,00,00,
763000,0000060D,false,Rx,0,8,0D,10,83,B6,09,20,70,00,
0,00000054,false,Rx,0,8,01,05,00,01,7D,02,00,00,
0,00000055,false,Rx,0,8,10,27,00,00,00,00,00,00,
773000,00000056,false,Rx,0,8,10,27,00,00,00,00,00,00,
773000,00000057,false,Rx,0,8,00,00,FE,FF,FE,FF,00,00,
800000,00000625,false,Rx,0,8,25,00,59,86,01,54,5C,06,
863000,0000060D,false,Rx,0,8,0D,10,83,B6,09,20,70,00,
899000,00000625,false,Rx,0,8,25,00,59,86,01,54,5C,06,
0,000002C4,false,Rx,0,8,09,00,00,00,7D,02,00,00,
0,000002C5,false,Rx,0,8,00,00,00,00,00,00,00,00,
931000,000002C6,false,Rx,0,8,32,00,7C,01,00,00,00,00,
963000,0000060D,false,Rx,0,8,0D,10,83,B6,09,20,70,00,
972000,00000054,false,Rx,0,8,01,05,00,01,7D,02,00,00,
972000,00000055,false,Rx,0,8,10,27,00,00,00,00,00,00,
972000,00000056,false,Rx,0,8,10,27,00,00,00,00,00,00,
973000,00000057,false,Rx,0,8,00,00,FE,FF,FE,FF,00,00,
999000,00000625,false,Rx,0,8,25,00,59,86,01,54,5C,06,
63000,0000060D,false,Rx,0,8,0D,10,83,B6,09,20,70,00,
100000,00000625,false,Rx,0,8,25,00,59,86,01,54,5C,06,
0,000002C4,false,Rx,0,8,09,00,00,00,7D,02,00,00,
0,000002C5,false,Rx,0,8,00,00,00,00,00,00,00,00,
0,000002C6,false,Rx,0,8,32,00,7C,01,00,00,00,00,
163000,0000060D,false,Rx,0,8,0D,10,83,B6,09,20,70,00,
0,00000054,false,Rx,0,8,01,05,00,01,7D,02,00,00,
0,00000055,false,Rx,0,8,10,27,00,00,00,00,00,00,
173000,00000056,false,Rx,0,8,10,27,00,00,00,00,00,00,
173000,00000057,false,Rx,0,8,00,00,FE,FF,FE,FF,00,00,
201000,00000625,false,Rx,0,8,25,00,59,86,01,54,5C,06,
263000,0000060D,false,Rx,0,8,0D,10,83,B6,09,20,70,00,
300000,00000625,false,Rx,0,8,25,00,59,86,01,54,5C,06,
363000,0000060D,false,Rx,0,8,0D,10,83,B6,09,20,70,00,
371000,000002C4,false,Rx,0,8,09,00,00,00,7D,02,00,00,
371000,000002C5,false,Rx,0,8,00,00,00,00,00,00,00,00,
371000,000002C6,false,Rx,0,8,32,00,7C,01,00,00,00,00,
372000,00000054,false,Rx,0,8,01,05,00,01,7D,02,00,00,
372000,00000055,false,Rx,0,8,10,27,00,00,00,00,00,00,
372000,00000056,false,Rx,0,8,10,27,00,00,00,00,00,00,
372000,00000057,false,Rx,0,8,00,00,FE,FF,FE,FF,00,00,
400000,00000625,false,Rx,0,8,25,00,59,86,01,54,5C,06,
463000,0000060D,false,Rx,0,8,0D,10,83,B6,09,20,70,00,
500000,00000625,false,Rx,0,8,25,00,59,86,01,54,5C,06,
563000,0000060D,false,Rx,0,8,0D,10,83,B6,09,20,70,00,
0,00000054,false,Rx,0,8,01,05,00,01,7D,02,00,00,
0,00000055,false,Rx,0,8,10,27,00,00,00,00,00,00,
0,00000056,false,Rx,0,8,10,27,00,00,00,00,00,00,
0,00000057,false,Rx,0,8,00,00,FE,FF,FE,FF,00,00,
0,000002C4,false,Rx,0,8,09,00,00,00,7D,02,00,00,
0,000002C5,false,Rx,0,8,00,00,00,00,00,00,00,00,
592000,000002C6,false,Rx,0,8,32,00,7C,01,00,00,00,00,
599000,00000625,false,Rx,0,8,25,00,59,86,01,54,5C,06,
663000,0000060D,false,Rx,0,8,0D,10,83,B6,09,20,70,00,
700000,00000625,false,Rx,0,8,25,00,59,86,01,54,5C,06,
763000,0000060D,false,Rx,0,8,0D,10,83,B6,09,20,70,00,
772000,00000054,false,Rx,0,8,01,05,00,01,7D,02,00,00,
772000,00000055,false,Rx,0,8,10,27,00,00,00,00,00,00,
772000,00000056,false,Rx,0,8,10,27,00,00,00,00,00,00,
773000,00000057,false,Rx,0,8,00,00,FE,FF,FE,FF,00,00,
800000,00000625,false,Rx,0,8,25,00,59,86,01,54,5C,06,
811000,000002C4,false,Rx,0,8,09,00,00,00,7D,02,00,00,
811000,000002C5,false,Rx,0,8,00,00,00,00,00,00,00,00,
811000,000002C6,false,Rx,0,8,32,00,7C,01,00,00,00,00,
863000,0000060D,false,Rx,0,8,0D,10,83,B6,09,20,70,00,
899000,00000625,false,Rx,0,8,25,00,59,86,01,54,5C,06,
963000,0000060D,false,Rx,0,8,0D,10,83,B6,09,20,70,00,
0,00000054,false,Rx,0,8,01,05,00,01,7D,02,00,00,
0,00000055,false,Rx,0,8,10,27,00,00,00,00,00,00,
972000,00000056,false,Rx,0,8,10,27,00,00,00,00,00,00,
973000,00000057,false,Rx,0,8,00,00,FE,FF,FE,FF,00,00,
1000,00000625,false,Rx,0,8,25,00,59,86,01,54,5C,06,
31000,000002C4,false,Rx,0,8,09,00,00,00,7D,02,00,00,
31000,000002C5,false,Rx,0,8,00,00,00,00,00,00,00,00,
31000,000002C6,false,Rx,0,8,32,00,7C,01,00,00,00,00,
62000,0000060D,false,Rx,0,8,0D,10,83,B6,09,20,70,00,
100000,00000625,false,Rx,0,8,25,00,59,86,01,54,5C,06,
163000,0000060D,false,Rx,0,8,0D,10,83,B6,09,20,70,00,
171000,00000054,false,Rx,0,8,01,05,00,01,7D,02,00,00,
172000,00000055,false,Rx,0,8,10,27,00,00,00,00,00,00,
172000,00000056,false,Rx,0,8,10,27,00,00,00,00,00,00,
172000,00000057,false,Rx,0,8,00,00,FE,FF,FE,FF,00,00,
200000,00000625,false,Rx,0,8,25,00,59,86,01,54,5C,06,
251000,000002C4,false,Rx,0,8,09,00,00,00,7D,02,00,00,
251000,000002C5,false,Rx,0,8,00,00,00,00,00,00,00,00,
251000,000002C6,false,Rx,0,8,32,00,7C,01,00,00,00,00,
262000,0000060D,false,Rx,0,8,0D,10,83,B6,09,20,70,00,
299000,00000625,false,Rx,0,8,25,00,59,86,01,54,5C,06,
362000,0000060D,false,Rx,0,8,0D,10,83,B6,09,20,70,00,
371000,00000054,false,Rx,0,8,01,05,00,01,7D,02,00,00,
372000,00000055,false,Rx,0,8,10,27,00,00,00,00,00,00,
372000,00000056,false,Rx,0,8,10,27,00,00,00,00,00,00,
372000,00000057,false,Rx,0,8,00,00,FE,FF,FE,FF,00,00,
401000,00000625,false,Rx,0,8,25,00,59,86,01,54,5C,06,
464000,0000060D,false,Rx,0,8,0D,10,83,B6,09,20,70,00,
471000,000002C4,false,Rx,0,8,09,00,00,00,7D,02,00,00,
0,000002C5,false,Rx,0,8,00,00,00,00,00,00,00,00,
0,000002C6,false,Rx,0,8,32,00,7C,01,00,00,00,00,
500000,00000625,false,Rx,0,8,25,00,59,86,01,54,5C,06,
563000,0000060D,false,Rx,0,8,0D,10,83,B6,09,20,70,00,
0,00000054,false,Rx,0,8,01,05,00,01,7D,02,00,00,
0,00000055,false,Rx,0,8,10,27,00,00,00,00,00,00,
572000,00000056,false,Rx,0,8,10,27,00,00,00,00,00,00,
572000,00000057,false,Rx,0,8,00,00,FE,FF,FE,FF,00,00,
600000,00000625,false,Rx,0,8,25,00,59,86,01,54,5C,06,
664000,0000060D,false,Rx,0,8,0D,10,83,B6,09,20,70,00,
691000,000002C4,false,Rx,0,8,09,00,00,00,7D,02,00,00,
691000,000002C5,false,Rx,0,8,00,00,00,00,00,00,00,00,
692000,000002C6,false,Rx,0,8,32,00,7C,01,00,00,00,00,
700000,00000625,false,Rx,0,8,25,00,59,86,01,54,5C,06,
763000,0000060D,false,Rx,0,8,0D,10,83,B6,09,20,70,00,
0,00000054,false,Rx,0,8,01,05,00,01,7D,02,00,00,
0,00000055,false,Rx,0,8,10,27,00,00,00,00,00,00,
773000,00000056,false,Rx,0,8,10,27,00,00,00,00,00,00,
773000,00000057,false,Rx,0,8,00,00,FE,FF,FE,FF,00,00,
800000,00000625,false,Rx,0,8,25,00,59,86,01,54,5C,06,
863000,0000060D,false,Rx,0,8,0D,10,83,B6,09,20,70,00,
899000,00000625,false,Rx,0,8,25,00,59,86,01,54,5C,06,
910000,000002C4,false,Rx,0,8,09,00,00,00,7D,02,00,00,
910000,000002C5,false,Rx,0,8,00,00,00,00,00,00,00,00,
913000,000002C6,false,Rx,0,8,32,00,7C,01,00,00,00,00,
965000,0000060D,false,Rx,0,8,0D,10,83,B6,09,20,70,00,
0,00000054,false,Rx,0,8,01,05,00,01,7D,02,00,00,
0,00000055,false,Rx,0,8,10,27,00,00,00,00,00,00,
972000,00000056,false,Rx,0,8,10,27,00,00,00,00,00,00,
973000,00000057,false,Rx,0,8,00,00,FE,FF,FE,FF,00,00,
999000,00000625,false,Rx,0,8,25,00,59,86,01,54,5C,06,
63000,0000060D,false,Rx,0,8,0D,10,83,B6,09,20,70,00,
100000,00000625,false,Rx,0,8,25,00,59,86,01,54,5C,06,
0,000002C4,false,Rx,0,8,09,00,00,00,7D,02,00,00,
0,000002C5,false,Rx,0,8,00,00,00,00,00,00,00,00,
0,000002C6,false,Rx,0,8,32,00,7C,01,00,00,00,00,
162000,0000060D,false,Rx,0,8,0D,10,83,B6,09,20,70,00,
172000,00000054,false,Rx,0,8,01,05,00,01,7D,02,00,00,
172000,00000055,false,Rx,0,8,10,27,00,00,00,00,00,00,
172000,00000056,false,Rx,0,8,10,27,00,00,00,00,00,00,
173000,00000057,false,Rx,0,8,00,00,FE,FF,FE,FF,00,00,
200000,00000625,false,Rx,0,8,25,00,59,86,01,54,5C,06,
264000,0000060D,false,Rx,0,8,0D,10,83,B6,09,20,70,00,
301000,00000625,false,Rx,0,8,25,00,59,86,01,54,5C,06,
351000,000002C4,false,Rx,0,8,09,00,00,00,7D,02,00,00,
0,000002C5,false,Rx,0,8,00,00,00,00,00,00,00,00,
0,000002C6,false,Rx,0,8,32,00,7C,01,00,00,00,00,
363000,0000060D,false,Rx,0,8,0D,10,83,B6,09,20,70,00,
372000,00000054,false,Rx,0,8,01,05,00,01,7D,02,00,00,
373000,00000055,false,Rx,0,8,10,27,00,00,00,00,00,00,
373000,00000056,false,Rx,0,8,10,27,00,00,00,00,00,00,
373000,00000057,false,Rx,0,8,00,00,FE,FF,FE,FF,00,00,
400000,00000625,false,Rx,0,8,25,00,59,86,01,54,5C,06,
463000,0000060D,false,Rx,0,8,0D,10,83,B6,09,20,70,00,
500000,00000625,false,Rx,0,8,25,00,59,86,01,54,5C,06,
562000,0000060D,false,Rx,0,8,0D,10,83,B6,09,20,70,00,
571000,000002C4,false,Rx,0,8,09,00,00,00,7D,02,00,00,
571000,000002C5,false,Rx,0,8,00,00,00,00,00,00,00,00,
572000,000002C6,false,Rx,0,8,32,00,7C,01,00,00,00,00,
0,00000054,false,Rx,0,8,01,05,00,01,7D,02,00,00,
0,00000055,false,Rx,0,8,10,27,00,00,00,00,00,00,
573000,00000056,false,Rx,0,8,10,27,00,00,00,00,00,00,
573000,00000057,false,Rx,0,8,00,00,FE,FF,FE,FF,00,00,
600000,00000625,false,Rx,0,8,25,00,59,86,01,54,5C,06,
663000,0000060D,false,Rx,0,8,0D,10,83,B6,09,20,70,00,
700000,00000625,false,Rx,0,8,25,00,59,86,01,54,5C,06,
762000,0000060D,false,Rx,0,8,0D,10,83,B6,09,20,70,00,
772000,00000054,false,Rx,0,8,01,05,00,01,7D,02,00,00,
772000,00000055,false,Rx,0,8,10,27,00,00,00,00,00,00,
773000,00000056,false,Rx,0,8,10,27,00,00,00,00,00,00,
773000,00000057,false,Rx,0,8,00,00,FE,FF,FE,FF,00,00,
791000,000002C4,false,Rx,0,8,09,00,00,00,7D,02,00,00,
791000,000002C5,false,Rx,0,8,00,00,00,00,00,00,00,00,
792000,000002C6,false,Rx,0,8,32,00,7C,01,00,00,00,00,
800000,00000625,false,Rx,0,8,25,00,59,86,01,54,5C,06,
863000,0000060D,false,Rx,0,8,0D,10,83,B6,09,20,70,00,
899000,00000625,false,Rx,0,8,25,00,59,86,01,54,5C,06,
963000,0000060D,false,Rx,0,8,0D,10,83,B6,09,20,70,00,
0,00000054,false,Rx,0,8,01,05,00,01,7D,02,00,00,
0,00000055,false,Rx,0,8,10,27,00,00,00,00,00,00,
972000,00000056,false,Rx,0,8,10,27,00,00,00,00,00,00,
972000,00000057,false,Rx,0,8,00,00,FE,FF,FE,FF,00,00,
999000,00000625,false,Rx,0,8,25,00,59,86,01,54,5C,06,
10000,000002C4,false,Rx,0,8,09,00,00,00,7D,02,00,00,
12000,000002C5,false,Rx,0,8,00,00,00,00,00,00,00,00,
12000,000002C6,false,Rx,0,8,32,00,7C,01,00,00,00,00,
63000,0000060D,false,Rx,0,8,0D,10,83,B6,09,20,70,00,
101000,00000625,false,Rx,0,8,25,00,59,86,01,54,5C,06,
163000,0000060D,false,Rx,0,8,0D,10,83,B6,09,20,70,00,
0,00000054,false,Rx,0,8,01,05,00,01,7D,02,00,00,
0,00000055,false,Rx,0,8,10,27,00,00,00,00,00,00,
172000,00000056,false,Rx,0,8,10,27,00,00,00,00,00,00,
172000,00000057,false,Rx,0,8,00,00,FE,FF,FE,FF,00,00,
200000,00000625,false,Rx,0,8,25,00,59,86,01,54,5C,06,
0,000002C4,false,Rx,0,8,09,00,00,00,7D,02,00,00,
0,000002C5,false,Rx,0,8,00,00,00,00,00,00,00,00,
0,000002C6,false,Rx,0,8,32,00,7C,01,00,00,00,00,
262000,0000060D,false,Rx,0,8,0D,10,83,B6,09,20,70,00,
299000,00000625,false,Rx,0,8,25,00,59,86,01,54,5C,06,
362000,0000060D,false,Rx,0,8,0D,10,83,B6,09,20,70,00,
372000,00000054,false,Rx,0,8,01,05,00,01,7D,02,00,00,
372000,00000055,false,Rx,0,8,10,27,00,00,00,00,00,00,
373000,00000056,false,Rx,0,8,10,27,00,00,00,00,00,00,
373000,00000057,false,Rx,0,8,00,00,FE,FF,FE,FF,00,00,
399000,00000625,false,Rx,0,8,25,00,59,86,01,54,5C,06,
0,000002C4,false,Rx,0,8,09,00,00,00,7D,02,00,00,
0,000002C5,false,Rx,0,8,00,00,00,00,00,00,00,00,
451000,000002C6,false,Rx,0,8,32,00,7C,01,00,00,00,00,
463000,0000060D,false,Rx,0,8,0D,10,83,B6,09,20,70,00,
499000,00000625,false,Rx,0,8,25,00,59,86,01,54,5C,06,
563000,0000060D,false,Rx,0,8,0D,10,83,B6,09,20,70,00,
572000,00000054,false,Rx,0,8,01,05,00,01,7D,02,00,00,
0,00000055,false,Rx,0,8,10,27,00,00,00,00,00,00,
0,00000056,false,Rx,0,8,10,27,00,00,00,00,00,00,
573000,00000057,false,Rx,0,8,00,00,FE,FF,FE,FF,00,00,
599000,00000625,false,Rx,0,8,25,00,59,86,01,54,5C,06,
663000,0000060D,false,Rx,0,8,0D,10,83,B6,09,20,70,00,
670000,000002C4,false,Rx,0,8,09,00,00,00,7D,02,00,00,
672000,000002C5,false,Rx,0,8,00,00,00,00,00,00,00,00,
672000,000002C6,false,Rx,0,8,32,00,7C,01,00,00,00,00,
700000,00000625,false,Rx,0,8,25,00,59,86,01,54,5C,06,
763000,0000060D,false,Rx,0,8,0D,10,83,B6,09,20,70,00,
772000,00000054,false,Rx,0,8,01,05,00,01,7D,02,00,00,
773000,00000055,false,Rx,0,8,10,27,00,00,00,00,00,00,
0,00000056,false,Rx,0,8,10,27,00,00,00,00,00,00,
0,00000057,false,Rx,0,8,00,00,FE,FF,FE,FF,00,00,
800000,00000625,false,Rx,0,8,25,00,59,86,01,54,5C,06,
863000,0000060D,false,Rx,0,8,0D,10,83,B6,09,20,70,00,
0,000002C4,false,Rx,0,8,09,00,00,00,7D,02,00,00,
0,000002C5,false,Rx,0,8,00,00,00,00,00,00,00,00,
892000,000002C6,false,Rx,0,8,32,00,7C,01,00,00,00,00,
900000,00000625,false,Rx,0,8,25,00,59,86,01,54,5C,06,
963000,0000060D,false,Rx,0,8,0D,10,83,B6,09,20,70,00,
0,00000054,false,Rx,0,8,01,05,00,01,7D,02,00,00,
0,00000055,false,Rx,0,8,10,27,00,00,00,00,00,00,
972000,00000056,false,Rx,0,8,10,27,00,00,00,00,00,00,
972000,00000057,false,Rx,0,8,00,00,FE,FF,FE,FF,00,00,
999000,00000625,false,Rx,0,8,25,00,59,86,01,54,5C,06,
63000,0000060D,false,Rx,0,8,0D,10,83,B6,09,20,70,00,
100000,00000625,false,Rx,0,8,25,00,59,86,01,54,5C,06,
111000,000002C4,false,Rx,0,8,09,00,00,00,7D,02,00,00,
111000,000002C5,false,Rx,0,8,00,00,00,00,00,00,00,00,
112000,000002C6,false,Rx,0,8,32,00,7C,01,00,00,00,00,
163000,0000060D,false,Rx,0,8,0D,10,83,B6,09,20,70,00,
171000,00000054,false,Rx,0,8,01,05,00,01,7D,02,00,00,
172000,00000055,false,Rx,0,8,10,27,00,00,00,00,00,00,
172000,00000056,false,Rx,0,8,10,27,00,00,00,00,00,00,
172000,00000057,false,Rx,0,8,00,00,FE,FF,FE,FF,00,00,
200000,00000625,false,Rx,0,8,25,00,59,86,01,54,5C,06,
263000,0000060D,false,Rx,0,8,0D,10,83,B6,09,20,70,00,
300000,00000625,false,Rx,0,8,25,00,59,86,01,54,5C,06,
331000,000002C4,false,Rx,0,8,09,00,00,00,7D,02,00,00,
332000,000002C5,false,Rx,0,8,00,00,00,00,00,00,00,00,
332000,000002C6,false,Rx,0,8,32,00,7C,01,00,00,00,00,
363000,0000060D,false,Rx,0,8,0D,10,83,B6,09,20,70,00,
372000,00000054,false,Rx,0,8,01,05,00,01,7D,02,00,00,
0,00000055,false,Rx,0,8,10,27,00,00,00,00,00,00,
0,00000056,false,Rx,0,8,10,27,00,00,00,00,00,00,
373000,00000057,false,Rx,0,8,00,00,FE,FF,FE,FF,00,00,
399000,00000625,false,Rx,0,8,25,00,59,86,01,54,5C,06,
463000,0000060D,false,Rx,0,8,0D,10,83,B6,09,20,70,00,
499000,00000625,false,Rx,0,8,25,00,59,86,01,54,5C,06,
551000,000002C4,false,Rx,0,8,09,00,00,00,7D,02,00,00,
551000,000002C5,false,Rx,0,8,00,00,00,00,00,00,00,00,
552000,000002C6,false,Rx,0,8,32,00,7C,01,00,00,00,00,
563000,0000060D,false,Rx,0,8,0D,10,83,B6,09,20,70,00,
572000,00000054,false,Rx,0,8,01,05,00,01,7D,02,00,00,
572000,00000055,false,Rx,0,8,10,27,00,00,00,00,00,00,
573000,00000056,false,Rx,0,8,10,27,00,00,00,00,00,00,
573000,00000057,false,Rx,0,8,00,00,FE,FF,FE,FF,00,00,
599000,00000625,false,Rx,0,8,25,00,59,86,01,54,5C,06,
662000,0000060D,false,Rx,0,8,0D,10,83,B6,09,20,70,00,
700000,00000625,false,Rx,0,8,25,00,59,86,01,54,5C,06,
763000,0000060D,false,Rx,0,8,0D,10,83,B6,09,20,70,00,
0,000002C4,false,Rx,0,8,09,00,00,00,7D,02,00,00,
0,000002C5,false,Rx,0,8,00,00,00,00,00,00,00,00,
0,000002C6,false,Rx,0,8,32,00,7C,01,00,00,00,00,
0,00000054,false,Rx,0,8,01,05,00,01,7D,02,00,00,
0,00000055,false,Rx,0,8,10,27,00,00,00,00,00,00,
0,00000056,false,Rx,0,8,10,27,00,00,00,00,00,00,
773000,00000057,false,Rx,0,8,00,00,FE,FF,FE,FF,00,00,
799000,00000625,false,Rx,0,8,25,00,59,86,01,54,5C,06,
862000,0000060D,false,Rx,0,8,0D,10,83,B6,09,20,70,00,
900000,00000625,false,Rx,0,8,25,00,59,86,01,54,5C,06,
963000,0000060D,false,Rx,0,8,0D,10,83,B6,09,20,70,00,
0,00000054,false,Rx,0,8,01,05,00,01,7D,02,00,00,
0,00000055,false,Rx,0,8,10,27,00,00,00,00,00,00,
973000,00000056,false,Rx,0,8,10,27,00,00,00,00,00,00,
973000,00000057,false,Rx,0,8,00,00,FE,FF,FE,FF,00,00,
991000,000002C4,false,Rx,0,8,09,00,00,00,7D,02,00,00,
991000,000002C5,false,Rx,0,8,00,00,00,00,00,00,00,00,
992000,000002C6,false,Rx,0,8,32,00,7C,01,00,00,00,00,
999000,00000625,false,Rx,0,8,25,00,59,86,01,54,5C,06,
63000,0000060D,false,Rx,0,8,0D,10,83,B6,09,20,70,00,
99000,00000625,false,Rx,0,8,25,00,59,86,01,54,5C,06,
163000,0000060D,false,Rx,0,8,0D,10,83,B6,09,20,70,00,
0,00000054,false,Rx,0,8,01,05,00,01,7D,02,00,00,
0,00000055,false,Rx,0,8,10,27,00,00,00,00,00,00,
173000,00000056,false,Rx,0,8,10,27,00,00,00,00,00,00,
173000,00000057,false,Rx,0,8,00,00,FE,FF,FE,FF,00,00,
199000,00000625,false,Rx,0,8,25,00,59,86,01,54,5C,06,
0,000002C4,false,Rx,0,8,09,00,00,00,7D,02,00,00,
0,000002C5,false,Rx,0,8,00,00,00,00,00,00,00,00,
0,000002C6,false,Rx,0,8,32,00,7C,01,00,00,00,00,
263000,0000060D,false,Rx,0,8,0D,10,83,B6,09,20,70,00,
300000,00000625,false,Rx,0,8,25,00,59,86,01,54,5C,06,
363000,0000060D,false,Rx,0,8,0D,10,83,B6,09,20,70,00,
371000,00000054,false,Rx,0,8,01,05,00,01,7D,02,00,00,
372000,00000055,false,Rx,0,8,10,27,00,00,00,00,00,00,
372000,00000056,false,Rx,0,8,10,27,00,00,00,00,00,00,
372000,00000057,false,Rx,0,8,00,00,FE,FF,FE,FF,00,00,
399000,00000625,false,Rx,0,8,25,00,59,86,01,54,5C,06,
431000,000002C4,false,Rx,0,8,09,00,00,00,7D,02,00,00,
432000,000002C5,false,Rx,0,8,00,00,00,00,00,00,00,00,
432000,000002C6,false,Rx,0,8,32,00,7C,01,00,00,00,00,
463000,0000060D,false,Rx,0,8,0D,10,83,B6,09,20,70,00,
499000,00000625,false,Rx,0,8,25,00,59,86,01,54,5C,06,
563000,0000060D,false,Rx,0,8,0D,10,83,B6,09,20,70,00,
571000,00000054,false,Rx,0,8,01,05,00,01,7D,02,00,00,
571000,00000055,false,Rx,0,8,10,27,00,00,00,00,00,00,
0,00000056,false,Rx,0,8,10,27,00,00,00,00,00,00,
0,00000057,false,Rx,0,8,00,00,FE,FF,FE,FF,00,00,
599000,00000625,false,Rx,0,8,25,00,59,86,01,54,5C,06,
0,000002C4,false,Rx,0,8,09,00,00,00,7D,02,00,00,
0,000002C5,false,Rx,0,8,00,00,00,00,00,00,00,00,
0,000002C6,false,Rx,0,8,32,00,7C,01,00,00,00,00,
663000,0000060D,false,Rx,0,8,0D,10,83,B6,09,20,70,00,
700000,00000625,false,Rx,0,8,25,00,59,86,01,54,5C,06,
763000,0000060D,false,Rx,0,8,0D,10,83,B6,09,20,70,00,
0,00000054,false,Rx,0,8,01,05,00,01,7D,02,00,00,
0,00000055,false,Rx,0,8,10,27,00,00,00,00,00,00,
772000,00000056,false,Rx,0,8,10,27,00,00,00,00,00,00,
772000,00000057,false,Rx,0,8,00,00,FE,FF,FE,FF,00,00,
799000,00000625,false,Rx,0,8,25,00,59,86,01,54,5C,06,
862000,0000060D,false,Rx,0,8,0D,10,83,B6,09,20,70,00,
871000,000002C4,false,Rx,0,8,09,00,00,00,7D,02,00,00,
871000,000002C5,false,Rx,0,8,00,00,00,00,00,00,00,00,
871000,000002C6,false,Rx,0,8,32,00,7C,01,00,00,00,00,
901000,00000625,false,Rx,0,8,25,00,59,86,01,54,5C,06,
963000,0000060D,false,Rx,0,8,0D,10,83,B6,09,20,70,00,
972000,00000054,false,Rx,0,8,01,05,00,01,7D,02,00,00,
973000,00000055,false,Rx,0,8,10,27,00,00,00,00,00,00,
973000,00000056,false,Rx,0,8,10,27,00,00,00,00,00,00,
973000,00000057,false,Rx,0,8,00,00,FE,FF,FE,FF,00,00,
999000,00000625,false,Rx,0,8,25,00,59,86,01,54,5C,06,
63000,0000060D,false,Rx,0,8,0D,10,83,B6,09,20,70,00,
91000,000002C4,false,Rx,0,8,09,00,00,00,7D,02,00,00,
91000,000002C5,false,Rx,0,8,00,00,00,00,00,00,00,00,
92000,000002C6,false,Rx,0,8,32,00,7C,01,00,00,00,00,
100000,00000625,false,Rx,0,8,25,00,59,86,01,54,5C,06,
163000,0000060D,false,Rx,0,8,0D,10,83,B6,09,20,70,00,
172000,00000054,false,Rx,0,8,01,05,00,01,7D,02,00,00,
172000,00000055,false,Rx,0,8,10,27,00,00,00,00,00,00,
173000,00000056,false,Rx,0,8,10,27,00,00,00,00,00,00,
173000,00000057,false,Rx,0,8,00,00,FE,FF,FE,FF,00,00,
199000,00000625,false,Rx,0,8,25,00,59,86,01,54,5C,06,
262000,0000060D,false,Rx,0,8,0D,10,83,B6,09,20,70,00,
299000,00000625,false,Rx,0,8,25,00,59,86,01,54,5C,06,
311000,000002C4,false,Rx,0,8,09,00,00,00,7D,02,00,00,
311000,000002C5,false,Rx,0,8,00,00,00,00,00,00,00,00,
312000,000002C6,false,Rx,0,8,32,00,7C,01,00,00,00,00,
364000,0000060D,false,Rx,0,8,0D,10,83,B6,09,20,70,00,
0,00000054,false,Rx,0,8,01,05,00,01,7D,02,00,00,
0,00000055,false,Rx,0,8,10,27,00,00,00,00,00,00,
373000,00000056,false,Rx,0,8,10,27,00,00,00,00,00,00,
373000,00000057,false,Rx,0,8,00,00,FE,FF,FE,FF,00,00,
399000,00000625,false,Rx,0,8,25,00,59,86,01,54,5C,06,
463000,0000060D,false,Rx,0,8,0D,10,83,B6,09,20,70,00,
500000,00000625,false,Rx,0,8,25,00,59,86,01,54,5C,06,
0,000002C4,false,Rx,0,8,09,00,00,00,7D,02,00,00,
0,000002C5,false,Rx,0,8,00,00,00,00,00,00,00,00,
532000,000002C6,false,Rx,0,8,32,00,7C,01,00,00,00,00,
563000,0000060D,false,Rx,0,8,0D,10,83,B6,09,20,70,00,
0,00000054,false,Rx,0,8,01,05,00,01,7D,02,00,00,
0,00000055,false,Rx,0,8,10,27,00,00,00,00,00,00,
0,00000056,false,Rx,0,8,10,27,00,00,00,00,00,00,
574000,00000057,false,Rx,0,8,00,00,FE,FF,FE,FF,00,00,
599000,00000625,false,Rx,0,8,25,00,59,86,01,54,5C,06,
663000,0000060D,false,Rx,0,8,0D,10,83,B6,09,20,70,00,
700000,00000625,false,Rx,0,8,25,00,59,86,01,54,5C,06,
750000,000002C4,false,Rx,0,8,09,00,00,00,7D,02,00,00,
751000,000002C5,false,Rx,0,8,00,00,00,00,00,00,00,00,
751000,000002C6,false,Rx,0,8,32,00,7C,01,00,00,00,00,
763000,0000060D,false,Rx,0,8,0D,10,83,B6,09,20,70,00,
772000,00000054,false,Rx,0,8,01,05,00,01,7D,02,00,00,
772000,00000055,false,Rx,0,8,10,27,00,00,00,00,00,00,
0,00000056,false,Rx,0,8,10,27,00,00,00,00,00,00,
0,00000057,false,Rx,0,8,00,00,FE,FF,FE,FF,00,00,
800000,00000625,false,Rx,0,8,25,00,59,86,01,54,5C,06,
863000,0000060D,false,Rx,0,8,0D,10,83,B6,09,20,70,00,
900000,00000625,false,Rx,0,8,25,00,59,86,01,54,5C,06,
963000,0000060D,false,Rx,0,8,0D,10,83,B6,09,20,70,00,
970000,000002C4,false,Rx,0,8,09,00,00,00,7D,02,00,00,
0,000002C5,false,Rx,0,8,00,00,00,00,00,00,00,00,
0,000002C6,false,Rx,0,8,32,00,7C,01,00,00,00,00,
0,00000054,false,Rx,0,8,01,05,00,01,7D,02,00,00,
0,00000055,false,Rx,0,8,10,27,00,00,00,00,00,00,
972000,00000056,false,Rx,0,8,10,27,00,00,00,00,00,00,
973000,00000057,false,Rx,0,8,00,00,FE,FF,FE,FF,00,00,
0,00000625,false,Rx,0,8,25,00,59,86,01,54,5C,06,
62000,0000060D,false,Rx,0,8,0D,10,83,B6,09,20,70,00,
99000,00000625,false,Rx,0,8,25,00,59,86,01,54,5C,06,
163000,0000060D,false,Rx,0,8,0D,10,83,B6,09,20,70,00,
0,00000054,false,Rx,0,8,01,05,00,01,7D,02,00,00,
0,00000055,false,Rx,0,8,10,27,00,00,00,00,00,00,
0,00000056,false,Rx,0,8,10,27,00,00,00,00,00,00,
173000,00000057,false,Rx,0,8,00,00,FE,FF,FE,FF,00,00,
191000,000002C4,false,Rx,0,8,09,00,00,00,7D,02,00,00,
192000,000002C5,false,Rx,0,8,00,00,00,00,00,00,00,00,
192000,000002C6,false,Rx,0,8,32,00,7C,01,00,00,00,00,
200000,00000625,false,Rx,0,8,25,00,59,86,01,54,5C,06,
263000,0000060D,false,Rx,0,8,0D,10,83,B6,09,20,70,00,
300000,00000625,false,Rx,0,8,25,00,59,86,01,54,5C,06,
362000,0000060D,false,Rx,0,8,0D,10,83,B6,09,20,70,00,
372000,00000054,false,Rx,0,8,01,05,00,01,7D,02,00,00,
372000,00000055,false,Rx,0,8,10,27,00,00,00,00,00,00,
372000,00000056,false,Rx,0,8,10,27,00,00,00,00,00,00,
372000,00000057,false,Rx,0,8,00,00,FE,FF,FE,FF,00,00,
400000,00000625,false,Rx,0,8,25,00,59,86,01,54,5C,06,
410000,000002C4,false,Rx,0,8,09,00,00,00,7D,02,00,00,
411000,000002C5,false,Rx,0,8,00,00,00,00,00,00,00,00,
411000,000002C6,false,Rx,0,8,32,00,7C,01,00,00,00,00,
463000,0000060D,false,Rx,0,8,0D,10,83,B6,09,20,70,00,
500000,00000625,false,Rx,0,8,25,00,59,86,01,54,5C,06,
563000,0000060D,false,Rx,0,8,0D,10,83,B6,09,20,70,00,
0,00000054,false,Rx,0,8,01,05,00,01,7D,02,00,00,
0,00000055,false,Rx,0,8,10,27,00,00,00,00,00,00,
573000,00000056,false,Rx,0,8,10,27,00,00,00,00,00,00,
574000,00000057,false,Rx,0,8,00,00,FE,FF,FE,FF,00,00,
599000,00000625,false,Rx,0,8,25,00,59,86,01,54,5C,06,
631000,000002C4,false,Rx,0,8,09,00,00,00,7D,02,00,00,
631000,000002C5,false,Rx,0,8,00,00,00,00,00,00,00,00,
632000,000002C6,false,Rx,0,8,32,00,7C,01,00,00,00,00,
662000,0000060D,false,Rx,0,8,0D,10,83,B6,09,20,70,00,
700000,00000625,false,Rx,0,8,25,00,59,86,01,54,5C,06,
763000,0000060D,false,Rx,0,8,0D,10,83,B6,09,20,70,00,
772000,00000054,false,Rx,0,8,01,05,00,01,7D,02,00,00,
772000,00000055,false,Rx,0,8,10,27,00,00,00,00,00,00,
773000,00000056,false,Rx,0,8,10,27,00,00,00,00,00,00,
773000,00000057,false,Rx,0,8,00,00,FE,FF,FE,FF,00,00,
799000,00000625,false,Rx,0,8,25,00,59,86,01,54,5C,06,
0,000002C4,false,Rx,0,8,09,00,00,00,7D,02,00,00,
0,000002C5,false,Rx,0,8,00,00,00,00,00,00,00,00,
852000,000002C6,false,Rx,0,8,32,00,7C,01,00,00,00,00,
863000,0000060D,false,Rx,0,8,0D,10,83,B6,09,20,70,00,
900000,00000625,false,Rx,0,8,25,00,59,86,01,54,5C,06,
963000,0000060D,false,Rx,0,8,0D,10,83,B6,09,20,70,00,
972000,00000054,false,Rx,0,8,01,05,00,01,7D,02,00,00,
972000,00000055,false,Rx,0,8,10,27,00,00,00,00,00,00,
972000,00000056,false,Rx,0,8,10,27,00,00,00,00,00,00,
972000,00000057,false,Rx,0,8,00,00,FE,FF,FE,FF,00,00,
999000,00000625,false,Rx,0,8,25,00,59,86,01,54,5C,06,
63000,0000060D,false,Rx,0,8,0D,10,83,B6,09,20,70,00,
0,000002C4,false,Rx,0,8,09,00,00,00,7D,02,00,00,
0,000002C5,false,Rx,0,8,00,00,00,00,00,00,00,00,
71000,000002C6,false,Rx,0,8,32,00,7C,01,00,00,00,00,
99000,00000625,false,Rx,0,8,25,00,59,86,01,54,5C,06,
163000,0000060D,false,Rx,0,8,0D,10,83,B6,09,20,70,00,
173000,00000054,false,Rx,0,8,01,05,00,01,7D,02,00,00,
173000,00000055,false,Rx,0,8,10,27,00,00,00,00,00,00,
173000,00000056,false,Rx,0,8,10,27,00,00,00,00,00,00,
173000,00000057,false,Rx,0,8,00,00,FE,FF,FE,FF,00,00,
201000,00000625,false,Rx,0,8,25,00,59,86,01,54,5C,06,
263000,0000060D,false,Rx,0,8,0D,10,83,B6,09,20,70,00,
0,000002C4,false,Rx,0,8,09,00,00,00,7D,02,00,00,
0,000002C5,false,Rx,0,8,00,00,00,00,00,00,00,00,
292000,000002C6,false,Rx,0,8,32,00,7C,01,00,00,00,00,
301000,00000625,false,Rx,0,8,25,00,59,86,01,54,5C,06,
363000,0000060D,false,Rx,0,8,0D,10,83,B6,09,20,70,00,
0,00000054,false,Rx,0,8,01,05,00,01,7D,02,00,00,
0,00000055,false,Rx,0,8,10,27,00,00,00,00,00,00,
0,00000056,false,Rx,0,8,10,27,00,00,00,00,00,00,
373000,00000057,false,Rx,0,8,00,00,FE,FF,FE,FF,00,00,
401000,00000625,false,Rx,0,8,25,00,59,86,01,54,5C,06,
463000,0000060D,false,Rx,0,8,0D,10,83,B6,09,20,70,00,
501000,00000625,false,Rx,0,8,25,00,59,86,01,54,5C,06,
0,000002C4,false,Rx,0,8,09,00,00,00,7D,02,00,00,
0,000002C5,false,Rx,0,8,00,00,00,00,00,00,00,00,
0,000002C6,false,Rx,0,8,32,00,7C,01,00,00,00,00,
563000,0000060D,false,Rx,0,8,0D,10,83,B6,09,20,70,00,
0,00000054,false,Rx,0,8,01,05,00,01,7D,02,00,00,
0,00000055,false,Rx,0,8,10,27,00,00,00,00,00,00,
573000,00000056,false,Rx,0,8,10,27,00,00,00,00,00,00,
573000,00000057,false,Rx,0,8,00,00,FE,FF,FE,FF,00,00,
600000,00000625,false,Rx,0,8,25,00,59,86,01,54,5C,06,
663000,0000060D,false,Rx,0,8,0D,10,83,B6,09,20,70,00,
699000,00000625,false,Rx,0,8,25,00,59,86,01,54,5C,06,
0,000002C4,false,Rx,0,8,09,00,00,00,7D,02,00,00,
0,000002C5,false,Rx,0,8,00,00,00,00,00,00,00,00,
732000,000002C6,false,Rx,0,8,32,00,7C,01,00,00,00,00,
762000,0000060D,false,Rx,0,8,0D,10,83,B6,09,20,70,00,
771000,00000054,false,Rx,0,8,01,05,00,01,7D,02,00,00,
772000,00000055,false,Rx,0,8,10,27,00,00,00,00,00,00,
772000,00000056,false,Rx,0,8,10,27,00,00,00,00,00,00,
772000,00000057,false,Rx,0,8,00,00,FE,FF,FE,FF,00,00,
800000,00000625,false,Rx,0,8,25,00,59,86,01,54,5C,06,
862000,0000060D,false,Rx,0,8,0D,10,83,B6,09,20,70,00,
899000,00000625,false,Rx,0,8,25,00,59,86,01,54,5C,06,
0,000002C4,false,Rx,0,8,09,00,00,00,7D,02,00,00,
0,000002C5,false,Rx,0,8,00,00,00,00,00,00,00,00,
951000,000002C6,false,Rx,0,8,32,00,7C,01,00,00,00,00,
962000,0000060D,false,Rx,0,8,0D,10,83,B6,09,20,70,00,
0,00000054,false,Rx,0,8,01,05,00,01,7D,02,00,00,
0,00000055,false,Rx,0,8,10,27,00,00,00,00,00,00,
973000,00000056,false,Rx,0,8,10,27,00,00,00,00,00,00,
973000,00000057,false,Rx,0,8,00,00,FE,FF,FE,FF,00,00,
0,00000625,false,Rx,0,8,25,00,59,86,01,54,5C,06,
62000,0000060D,false,Rx,0,8,0D,10,83,B6,09,20,70,00,
100000,00000625,false,Rx,0,8,25,00,59,86,01,54,5C,06,
163000,0000060D,false,Rx,0,8,0D,10,83,B6,09,20,70,00,
0,000002C4,false,Rx,0,8,09,00,00,00,7D,02,00,00,
0,000002C5,false,Rx,0,8,00,00,00,00,00,00,00,00,
172000,000002C6,false,Rx,0,8,32,00,7C,01,00,00,00,00,
0,00000054,false,Rx,0,8,01,05,00,01,7D,02,00,00,
0,00000055,false,Rx,0,8,10,27,00,00,00,00,00,00,
173000,00000056,false,Rx,0,8,10,27,00,00,00,00,00,00,
173000,00000057,false,Rx,0,8,00,00,FE,FF,FE,FF,00,00,
199000,00000625,false,Rx,0,8,25,00,59,86,01,54,5C,06,
262000,0000060D,false,Rx,0,8,0D,10,83,B6,09,20,70,00,
299000,00000625,false,Rx,0,8,25,00,59,86,01,54,5C,06,
362000,0000060D,false,Rx,0,8,0D,10,83,B6,09,20,70,00,
372000,00000054,false,Rx,0,8,01,05,00,01,7D,02,00,00,
372000,00000055,false,Rx,0,8,10,27,00,00,00,00,00,00,
373000,00000056,false,Rx,0,8,10,27,00,00,00,00,00,00,
373000,00000057,false,Rx,0,8,00,00,FE,FF,FE,FF,00,00,
391000,000002C4,false,Rx,0,8,09,00,00,00,7D,02,00,00,
391000,000002C5,false,Rx,0,8,00,00,00,00,00,00,00,00,
392000,000002C6,false,Rx,0,8,32,00,7C,01,00,00,00,00,
400000,00000625,false,Rx,0,8,25,00,59,86,01,54,5C,06,
462000,0000060D,false,Rx,0,8,0D,10,83,B6,09,20,70,00,
499000,00000625,false,Rx,0,8,25,00,59,86,01,54,5C,06,
562000,0000060D,false,Rx,0,8,0D,10,83,B6,09,20,70,00,
0,00000054,false,Rx,0,8,01,05,00,01,7D,02,00,00,
0,00000055,false,Rx,0,8,10,27,00,00,00,00,00,00,
0,00000056,false,Rx,0,8,10,27,00,00,00,00,00,00,
0,00000057,false,Rx,0,8,00,00,FE,FF,FE,FF,00,00,
599000,00000625,false,Rx,0,8,25,00,59,86,01,54,5C,06,
611000,000002C4,false,Rx,0,8,09,00,00,00,7D,02,00,00,
611000,000002C5,false,Rx,0,8,00,00,00,00,00,00,00,00,
611000,000002C6,false,Rx,0,8,32,00,7C,01,00,00,00,00,
662000,0000060D,false,Rx,0,8,0D,10,83,B6,09,20,70,00,
700000,00000625,false,Rx,0,8,25,00,59,86,01,54,5C,06,
762000,0000060D,false,Rx,0,8,0D,10,83,B6,09,20,70,00,
772000,00000054,false,Rx,0,8,01,05,00,01,7D,02,00,00,
773000,00000055,false,Rx,0,8,10,27,00,00,00,00,00,00,
0,00000056,false,Rx,0,8,10,27,00,00,00,00,00,00,
0,00000057,false,Rx,0,8,00,00,FE,FF,FE,FF,00,00,
799000,00000625,false,Rx,0,8,25,00,59,86,01,54,5C,06,
831000,000002C4,false,Rx,0,8,09,00,00,00,7D,02,00,00,
831000,000002C5,false,Rx,0,8,00,00,00,00,00,00,00,00,
831000,000002C6,false,Rx,0,8,32,00,7C,01,00,00,00,00,
863000,0000060D,false,Rx,0,8,0D,10,83,B6,09,20,70,00,
900000,00000625,false,Rx,0,8,25,00,59,86,01,54,5C,06,
962000,0000060D,false,Rx,0,8,0D,10,83,B6,09,20,70,00,
0,00000054,false,Rx,0,8,01,05,00,01,7D,02,00,00,
0,00000055,false,Rx,0,8,10,27,00,00,00,00,00,00,
973000,00000056,false,Rx,0,8,10,27,00,00,00,00,00,00,
973000,00000057,false,Rx,0,8,00,00,FE,FF,FE,FF,00,00,
999000,00000625,false,Rx,0,8,25,00,59,86,01,54,5C,06,
51000,000002C4,false,Rx,0,8,09,00,00,00,7D,02,00,00,
51000,000002C5,false,Rx,0,8,00,00,00,00,00,00,00,00,
51000,000002C6,false,Rx,0,8,32,00,7C,01,00,00,00,00,
62000,0000060D,false,Rx,0,8,0D,10,83,B6,09,20,70,00,
99000,00000625,false,Rx,0,8,25,00,59,86,01,54,5C,06,
162000,0000060D,false,Rx,0,8,0D,10,83,B6,09,20,70,00,
172000,00000054,false,Rx,0,8,01,05,00,01,7D,02,00,00,
172000,00000055,false,Rx,0,8,10,27,00,00,00,00,00,00,
173000,00000056,false,Rx,0,8,10,27,00,00,00,00,00,00,
173000,00000057,false,Rx,0,8,00,00,FE,FF,FE,FF,00,00,
200000,00000625,false,Rx,0,8,25,00,59,86,01,54,5C,06,
262000,0000060D,false,Rx,0,8,0D,10,83,B6,09,20,70,00,
271000,000002C4,false,Rx,0,8,09,00,00,00,7D,02,00,00,
272000,000002C5,false,Rx,0,8,00,00,00,00,00,00,00,00,
272000,000002C6,false,Rx,0,8,32,00,7C,01,00,00,00,00,
299000,00000625,false,Rx,0,8,25,00,59,86,01,54,5C,06,
362000,0000060D,false,Rx,0,8,0D,10,83,B6,09,20,70,00,
372000,00000054,false,Rx,0,8,01,05,00,01,7D,02,00,00,
372000,00000055,false,Rx,0,8,10,27,00,00,00,00,00,00,
373000,00000056,false,Rx,0,8,10,27,00,00,00,00,00,00,
373000,00000057,false,Rx,0,8,00,00,FE,FF,FE,FF,00,00,
400000,00000625,false,Rx,0,8,25,00,59,86,01,54,5C,06,
463000,0000060D,false,Rx,0,8,0D,10,83,B6,09,20,70,00,
491000,000002C4,false,Rx,0,8,09,00,00,00,7D,02,00,00,
491000,000002C5,false,Rx,0,8,00,00,00,00,00,00,00,00,
491000,000002C6,false,Rx,0,8,32,00,7C,01,00,00,00,00,
501000,00000625,false,Rx,0,8,25,00,59,86,01,54,5C,06,
562000,0000060D,false,Rx,0,8,0D,10,83,B6,09,20,70,00,
0,00000054,false,Rx,0,8,01,05,00,01,7D,02,00,00,
0,00000055,false,Rx,0,8,10,27,00,00,00,00,00,00,
572000,00000056,false,Rx,0,8,10,27,00,00,00,00,00,00,
572000,00000057,false,Rx,0,8,00,00,FE,FF,FE,FF,00,00,
601000,00000625,false,Rx,0,8,25,00,59,86,01,54,5C,06,
663000,0000060D,false,Rx,0,8,0D,10,83,B6,09,20,70,00,
699000,00000625,false,Rx,0,8,25,00,59,86,01,54,5C,06,
0,000002C4,false,Rx,0,8,09,00,00,00,7D,02,00,00,
0,000002C5,false,Rx,0,8,00,00,00,00,00,00,00,00,
712000,000002C6,false,Rx,0,8,32,00,7C,01,00,00,00,00,
763000,0000060D,false,Rx,0,8,0D,10,83,B6,09,20,70,00,
772000,00000054,false,Rx,0,8,01,05,00,01,7D,02,00,00,
772000,00000055,false,Rx,0,8,10,27,00,00,00,00,00,00,
0,00000056,false,Rx,0,8,10,27,00,00,00,00,00,00,
0,00000057,false,Rx,0,8,00,00,FE,FF,FE,FF,00,00,
799000,00000625,false,Rx,0,8,25,00,59,86,01,54,5C,06,
863000,0000060D,false,Rx,0,8,0D,10,83,B6,09,20,70,00,
899000,00000625,false,Rx,0,8,25,00,59,86,01,54,5C,06,
0,000002C4,false,Rx,0,8,09,00,00,00,7D,02,00,00,
0,000002C5,false,Rx,0,8,00,00,00,00,00,00,00,00,
0,000002C6,false,Rx,0,8,32,00,7C,01,00,00,00,00,
964000,0000060D,false,Rx,0,8,0D,10,83,B6,09,20,70,00,
0,00000054,false,Rx,0,8,01,05,00,01,7D,02,00,00,
0,00000055,false,Rx,0,8,10,27,00,00,00,00,00,00,
0,00000056,false,Rx,0,8,10,27,00,00,00,00,00,00,
0,00000057,false,Rx,0,8,00,00,FE,FF,FE,FF,00,00,
999000,00000625,false,Rx,0,8,25,00,59,86,01,54,5C,06,
63000,0000060D,false,Rx,0,8,0D,10,83,B6,09,20,70,00,
99000,00000625,false,Rx,0,8,25,00,59,86,01,54,5C,06,
0,000002C4,false,Rx,0,8,09,00,00,00,7D,02,00,00,
0,000002C5,false,Rx,0,8,00,00,00,00,00,00,00,00,
151000,000002C6,false,Rx,0,8,32,00,7C,01,00,00,00,00,
163000,0000060D,false,Rx,0,8,0D,10,83,B6,09,20,70,00,
171000,00000054,false,Rx,0,8,01,05,00,01,7D,02,00,00,
172000,00000055,false,Rx,0,8,10,27,00,00,00,00,00,00,
172000,00000056,false,Rx,0,8,10,27,00,00,00,00,00,00,
172000,00000057,false,Rx,0,8,00,00,FE,FF,FE,FF,00,00,
199000,00000625,false,Rx,0,8,25,00,59,86,01,54,5C,06,
263000,0000060D,false,Rx,0,8,0D,10,83,B6,09,20,70,00,
300000,00000625,false,Rx,0,8,25,00,59,86,01,54,5C,06,
363000,0000060D,false,Rx,0,8,0D,10,83,B6,09,20,70,00,
371000,000002C4,false,Rx,0,8,09,00,00,00,7D,02,00,00,
371000,000002C5,false,Rx,0,8,00,00,00,00,00,00,00,00,
371000,000002C6,false,Rx,0,8,32,00,7C,01,00,00,00,00,
372000,00000054,false,Rx,0,8,01,05,00,01,7D,02,00,00,
372000,00000055,false,Rx,0,8,10,27,00,00,00,00,00,00,
372000,00000056,false,Rx,0,8,10,27,00,00,00,00,00,00,
372000,00000057,false,Rx,0,8,00,00,FE,FF,FE,FF,00,00,
401000,00000625,false,Rx,0,8,25,00,59,86,01,54,5C,06,
463000,0000060D,false,Rx,0,8,0D,10,83,B6,09,20,70,00,
500000,00000625,false,Rx,0,8,25,00,59,86,01,54,5C,06,
562000,0000060D,false,Rx,0,8,0D,10,83,B6,09,20,70,00,
0,00000054,false,Rx,0,8,01,05,00,01,7D,02,00,00,
0,00000055,false,Rx,0,8,10,27,00,00,00,00,00,00,
572000,00000056,false,Rx,0,8,10,27,00,00,00,00,00,00,
572000,00000057,false,Rx,0,8,00,00,FE,FF,FE,FF,00,00,
590000,000002C4,false,Rx,0,8,09,00,00,00,7D,02,00,00,
591000,000002C5,false,Rx,0,8,00,00,00,00,00,00,00,00,
591000,000002C6,false,Rx,0,8,32,00,7C,01,00,00,00,00,
600000,00000625,false,Rx,0,8,25,00,59,86,01,54,5C,06,
663000,0000060D,false,Rx,0,8,0D,10,83,B6,09,20,70,00,
701000,00000625,false,Rx,0,8,25,00,59,86,01,54,5C,06,
762000,0000060D,false,Rx,0,8,0D,10,83,B6,09,20,70,00,
0,00000054,false,Rx,0,8,01,05,00,01,7D,02,00,00,
0,00000055,false,Rx,0,8,10,27,00,00,00,00,00,00,
0,00000056,false,Rx,0,8,10,27,00,00,00,00,00,00,
0,00000057,false,Rx,0,8,00,00,FE,FF,FE,FF,00,00,
799000,00000625,false,Rx,0,8,25,00,59,86,01,54,5C,06,
811000,000002C4,false,Rx,0,8,09,00,00,00,7D,02,00,00,
811000,000002C5,false,Rx,0,8,00,00,00,00,00,00,00,00,
811000,000002C6,false,Rx,0,8,32,00,7C,01,00,00,00,00,
863000,0000060D,false,Rx,0,8,0D,10,83,B6,09,20,70,00,
900000,00000625,false,Rx,0,8,25,00,59,86,01,54,5C,06,
963000,0000060D,false,Rx,0,8,0D,10,83,B6,09,20,70,00,
972000,00000054,false,Rx,0,8,01,05,00,01,7D,02,00,00,
972000,00000055,false,Rx,0,8,10,27,00,00,00,00,00,00,
0,00000056,false,Rx,0,8,10,27,00,00,00,00,00,00,
0,00000057,false,Rx,0,8,00,00,FE,FF,FE,FF,00,00,
999000,00000625,false,Rx,0,8,25,00,59,86,01,54,5C,06,
30000,000002C4,false,Rx,0,8,09,00,00,00,7D,02,00,00,
31000,000002C5,false,Rx,0,8,00,00,00,00,00,00,00,00,
31000,000002C6,false,Rx,0,8,32,00,7C,01,00,00,00,00,
62000,0000060D,false,Rx,0,8,0D,10,83,B6,09,20,70,00,
99000,00000625,false,Rx,0,8,25,00,59,86,01,54,5C,06,
163000,0000060D,false,Rx,0,8,0D,10,83,B6,09,20,70,00,
171000,00000054,false,Rx,0,8,01,05,00,01,7D,02,00,00,
172000,00000055,false,Rx,0,8,10,27,00,00,00,00,00,00,
172000,00000056,false,Rx,0,8,10,27,00,00,00,00,00,00,
172000,00000057,false,Rx,0,8,00,00,FE,FF,FE,FF,00,00,
199000,00000625,false,Rx,0,8,25,00,59,86,01,54,5C,06,
251000,000002C4,false,Rx,0,8,09,00,00,00,7D,02,00,00,
252000,000002C5,false,Rx,0,8,00,00,00,00,00,00,00,00,
252000,000002C6,false,Rx,0,8,32,00,7C,01,00,00,00,00,
263000,0000060D,false,Rx,0,8,0D,10,83,B6,09,20,70,00,
301000,00000625,false,Rx,0,8,25,00,59,86,01,54,5C,06,
363000,0000060D,false,Rx,0,8,0D,10,83,B6,09,20,70,00,
372000,00000054,false,Rx,0,8,01,05,00,01,7D,02,00,00,
373000,00000055,false,Rx,0,8,10,27,00,00,00,00,00,00,
373000,00000056,false,Rx,0,8,10,27,00,00,00,00,00,00,
373000,00000057,false,Rx,0,8,00,00,FE,FF,FE,FF,00,00,
400000,00000625,false,Rx,0,8,25,00,59,86,01,54,5C,06,
463000,0000060D,false,Rx,0,8,0D,10,83,B6,09,20,70,00,
471000,000002C4,false,Rx,0,8,09,00,00,00,7D,02,00,00,
472000,000002C5,false,Rx,0,8,00,00,00,00,00,00,00,00,
472000,000002C6,false,Rx,0,8,32,00,7C,01,00,00,00,00,
500000,00000625,false,Rx,0,8,25,00,59,86,01,54,5C,06,
562000,0000060D,false,Rx,0,8,0D,10,83,B6,09,20,70,00,
0,00000054,false,Rx,0,8,01,05,00,01,7D,02,00,00,
0,00000055,false,Rx,0,8,10,27,00,00,00,00,00,00,
0,00000056,false,Rx,0,8,10,27,00,00,00,00,00,00,
0,00000057,false,Rx,0,8,00,00,FE,FF,FE,FF,00,00,
600000,00000625,false,Rx,0,8,25,00,59,86,01,54,5C,06,
664000,0000060D,false,Rx,0,8,0D,10,83,B6,09,20,70,00,
691000,000002C4,false,Rx,0,8,09,00,00,00,7D,02,00,00,
691000,000002C5,false,Rx,0,8,00,00,00,00,00,00,00,00,
692000,000002C6,false,Rx,0,8,32,00,7C,01,00,00,00,00,
699000,00000625,false,Rx,0,8,25,00,59,86,01,54,5C,06,
763000,0000060D,false,Rx,0,8,0D,10,83,B6,09,20,70,00,
772000,00000054,false,Rx,0,8,01,05,00,01,7D,02,00,00,
773000,00000055,false,Rx,0,8,10,27,00,00,00,00,00,00,
0,00000056,false,Rx,0,8,10,27,00,00,00,00,00,00,
0,00000057,false,Rx,0,8,00,00,FE,FF,FE,FF,00,00,
800000,00000625,false,Rx,0,8,25,00,59,86,01,54,5C,06,
863000,0000060D,false,Rx,0,8,0D,10,83,B6,09,20,70,00,
900000,00000625,false,Rx,0,8,25,00,59,86,01,54,5C,06,
911000,000002C4,false,Rx,0,8,09,00,00,00,7D,02,00,00,
911000,000002C5,false,Rx,0,8,00,00,00,00,00,00,00,00,
912000,000002C6,false,Rx,0,8,32,00,7C,01,00,00,00,00,
963000,0000060D,false,Rx,0,8,0D,10,83,B6,09,20,70,00,
972000,00000054,false,Rx,0,8,01,05,00,01,7D,02,00,00,
0,00000055,false,Rx,0,8,10,27,00,00,00,00,00,00,
0,00000056,false,Rx,0,8,10,27,00,00,00,00,00,00,
974000,00000057,false,Rx,0,8,00,00,FE,FF,FE,FF,00,00,
0,00000625,false,Rx,0,8,25,00,59,86,01,54,5C,06,
63000,0000060D,false,Rx,0,8,0D,10,83,B6,09,20,70,00,
101000,00000625,false,Rx,0,8,25,00,59,86,01,54,5C,06,
130000,000002C4,false,Rx,0,8,09,00,00,00,7D,02,00,00,
132000,000002C5,false,Rx,0,8,00,00,00,00,00,00,00,00,
132000,000002C6,false,Rx,0,8,32,00,7C,01,00,00,00,00,
163000,0000060D,false,Rx,0,8,0D,10,83,B6,09,20,70,00,
172000,00000054,false,Rx,0,8,01,05,00,01,7D,02,00,00,
172000,00000055,false,Rx,0,8,10,27,00,00,00,00,00,00,
172000,00000056,false,Rx,0,8,10,27,00,00,00,00,00,00,
173000,00000057,false,Rx,0,8,00,00,FE,FF,FE,FF,00,00,
200000,00000625,false,Rx,0,8,25,00,59,86,01,54,5C,06,
263000,0000060D,false,Rx,0,8,0D,10,83,B6,09,20,70,00,
300000,00000625,false,Rx,0,8,25,00,59,86,01,54,5C,06,
0,000002C4,false,Rx,0,8,09,00,00,00,7D,02,00,00,
0,000002C5,false,Rx,0,8,00,00,00,00,00,00,00,00,
352000,000002C6,false,Rx,0,8,32,00,7C,01,00,00,00,00,
363000,0000060D,false,Rx,0,8,0D,10,83,B6,09,20,70,00,
372000,00000054,false,Rx,0,8,01,05,00,01,7D,02,00,00,
372000,00000055,false,Rx,0,8,10,27,00,00,00,00,00,00,
373000,00000056,false,Rx,0,8,10,27,00,00,00,00,00,00,
373000,00000057,false,Rx,0,8,00,00,FE,FF,FE,FF,00,00,
401000,00000625,false,Rx,0,8,25,00,59,86,01,54,5C,06,
464000,0000060D,false,Rx,0,8,0D,10,83,B6,09,20,70,00,
499000,00000625,false,Rx,0,8,25,00,59,86,01,54,5C,06,
563000,0000060D,false,Rx,0,8,0D,10,83,B6,09,20,70,00,
0,000002C4,false,Rx,0,8,09,00,00,00,7D,02,00,00,
0,000002C5,false,Rx,0,8,00,00,00,00,00,00,00,00,
572000,000002C6,false,Rx,0,8,32,00,7C,01,00,00,00,00,
0,00000054,false,Rx,0,8,01,05,00,01,7D,02,00,00,
0,00000055,false,Rx,0,8,10,27,00,00,00,00,00,00,
0,00000056,false,Rx,0,8,10,27,00,00,00,00,00,00,
0,00000057,false,Rx,0,8,00,00,FE,FF,FE,FF,00,00,
600000,00000625,false,Rx,0,8,25,00,59,86,01,54,5C,06,
663000,0000060D,false,Rx,0,8,0D,10,83,B6,09,20,70,00,
700000,00000625,false,Rx,0,8,25,00,59,86,01,54,5C,06,
763000,0000060D,false,Rx,0,8,0D,10,83,B6,09,20,70,00,
772000,00000054,false,Rx,0,8,01,05,00,01,7D,02,00,00,
772000,00000055,false,Rx,0,8,10,27,00,00,00,00,00,00,
0,00000056,false,Rx,0,8,10,27,00,00,00,00,00,00,
0,00000057,false,Rx,0,8,00,00,FE,FF,FE,FF,00,00,
0,000002C4,false,Rx,0,8,09,00,00,00,7D,02,00,00,
0,000002C5,false,Rx,0,8,00,00,00,00,00,00,00,00,
792000,000002C6,false,Rx,0,8,32,00,7C,01,00,00,00,00,
800000,00000625,false,Rx,0,8,25,00,59,86,01,54,5C,06,
863000,0000060D,false,Rx,0,8,0D,10,83,B6,09,20,70,00,
900000,00000625,false,Rx,0,8,25,00,59,86,01,54,5C,06,
963000,0000060D,false,Rx,0,8,0D,10,83,B6,09,20,70,00,
0,00000054,false,Rx,0,8,01,05,00,01,7D,02,00,00,
0,00000055,false,Rx,0,8,10,27,00,00,00,00,00,00,
973000,00000056,false,Rx,0,8,10,27,00,00,00,00,00,00,
974000,00000057,false,Rx,0,8,00,00,FE,FF,FE,FF,00,00,
1000,00000625,false,Rx,0,8,25,00,59,86,01,54,5C,06,
0,000002C4,false,Rx,0,8,09,00,00,00,7D,02,00,00,
0,000002C5,false,Rx,0,8,00,00,00,00,00,00,00,00,
12000,000002C6,false,Rx,0,8,32,00,7C,01,00,00,00,00,
62000,0000060D,false,Rx,0,8,0D,10,83,B6,09,20,70,00,
100000,00000625,false,Rx,0,8,25,00,59,86,01,54,5C,06,
163000,0000060D,false,Rx,0,8,0D,10,83,B6,09,20,70,00,
0,00000054,false,Rx,0,8,01,05,00,01,7D,02,00,00,
0,00000055,false,Rx,0,8,10,27,00,00,00,00,00,00,
173000,00000056,false,Rx,0,8,10,27,00,00,00,00,00,00,
173000,00000057,false,Rx,0,8,00,00,FE,FF,FE,FF,00,00,
201000,00000625,false,Rx,0,8,25,00,59,86,01,54,5C,06,
231000,000002C4,false,Rx,0,8,09,00,00,00,7D,02,00,00,
231000,000002C5,false,Rx,0,8,00,00,00,00,00,00,00,00,
231000,000002C6,false,Rx,0,8,32,00,7C,01,00,00,00,00,
263000,0000060D,false,Rx,0,8,0D,10,83,B6,09,20,70,00,
300000,00000625,false,Rx,0,8,25,00,59,86,01,54,5C,06,
363000,0000060D,false,Rx,0,8,0D,10,83,B6,09,20,70,00,
0,00000054,false,Rx,0,8,01,05,00,01,7D,02,00,00,
0,00000055,false,Rx,0,8,10,27,00,00,00,00,00,00,
0,00000056,false,Rx,0,8,10,27,00,00,00,00,00,00,
0,00000057,false,Rx,0,8,00,00,FE,FF,FE,FF,00,00,
400000,00000625,false,Rx,0,8,25,00,59,86,01,54,5C,06,
451000,000002C4,false,Rx,0,8,09,00,00,00,7D,02,00,00,
451000,000002C5,false,Rx,0,8,00,00,00,00,00,00,00,00,
451000,000002C6,false,Rx,0,8,32,00,7C,01,00,00,00,00,
463000,0000060D,false,Rx,0,8,0D,10,83,B6,09,20,70,00,
500000,00000625,false,Rx,0,8,25,00,59,86,01,54,5C,06,
563000,0000060D,false,Rx,0,8,0D,10,83,B6,09,20,70,00,
0,00000054,false,Rx,0,8,01,05,00,01,7D,02,00,00,
0,00000055,false,Rx,0,8,10,27,00,00,00,00,00,00,
573000,00000056,false,Rx,0,8,10,27,00,00,00,00,00,00,
573000,00000057,false,Rx,0,8,00,00,FE,FF,FE,FF,00,00,
599000,00000625,false,Rx,0,8,25,00,59,86,01,54,5C,06,
663000,0000060D,false,Rx,0,8,0D,10,83,B6,09,20,70,00,
0,000002C4,false,Rx,0,8,09,00,00,00,7D,02,00,00,
0,000002C5,false,Rx,0,8,00,00,00,00,00,00,00,00,
672000,000002C6,false,Rx,0,8,32,00,7C,01,00,00,00,00,
700000,00000625,false,Rx,0,8,25,00,59,86,01,54,5C,06,
762000,0000060D,false,Rx,0,8,0D,10,83,B6,09,20,70,00,
772000,00000054,false,Rx,0,8,01,05,00,01,7D,02,00,00,
772000,00000055,false,Rx,0,8,10,27,00,00,00,00,00,00,
772000,00000056,false,Rx,0,8,10,27,00,00,00,00,00,00,
773000,00000057,false,Rx,0,8,00,00,FE,FF,FE,FF,00,00,
799000,00000625,false,Rx,0,8,25,00,59,86,01,54,5C,06,
863000,0000060D,false,Rx,0,8,0D,10,83,B6,09,20,70,00,
890000,000002C4,false,Rx,0,8,09,00,00,00,7D,02,00,00,
892000,000002C5,false,Rx,0,8,00,00,00,00,00,00,00,00,
892000,000002C6,false,Rx,0,8,32,00,7C,01,00,00,00,00,
900000,00000625,false,Rx,0,8,25,00,59,86,01,54,5C,06,
963000,0000060D,false,Rx,0,8,0D,10,83,B6,09,20,70,00,
971000,00000054,false,Rx,0,8,01,05,00,01,7D,02,00,00,
972000,00000055,false,Rx,0,8,10,27,00,00,00,00,00,00,
972000,00000056,false,Rx,0,8,10,27,00,00,00,00,00,00,
972000,00000057,false,Rx,0,8,00,00,FE,FF,FE,FF,00,00,
999000,00000625,false,Rx,0,8,25,00,59,86,01,54,5C,06,
63000,0000060D,false,Rx,0,8,0D,10,83,B6,09,20,70,00,
100000,00000625,false,Rx,0,8,25,00,59,86,01,54,5C,06,
0,000002C4,false,Rx,0,8,09,00,00,00,7D,02,00,00,
0,000002C5,false,Rx,0,8,00,00,00,00,00,00,00,00,
112000,000002C6,false,Rx,0,8,32,00,7C,01,00,00,00,00,
163000,0000060D,false,Rx,0,8,0D,10,83,B6,09,20,70,00,
172000,00000054,false,Rx,0,8,01,05,00,01,7D,02,00,00,
172000,00000055,false,Rx,0,8,10,27,00,00,00,00,00,00,
173000,00000056,false,Rx,0,8,10,27,00,00,00,00,00,00,
173000,00000057,false,Rx,0,8,00,00,FE,FF,FE,FF,00,00,
200000,00000625,false,Rx,0,8,25,00,59,86,01,54,5C,06,
262000,0000060D,false,Rx,0,8,0D,10,83,B6,09,20,70,00,
300000,00000625,false,Rx,0,8,25,00,59,86,01,54,5C,06,
331000,000002C4,false,Rx,0,8,09,00,00,00,7D,02,00,00,
332000,000002C5,false,Rx,0,8,00,00,00,00,00,00,00,00,
332000,000002C6,false,Rx,0,8,32,00,7C,01,00,00,00,00,
363000,0000060D,false,Rx,0,8,0D,10,83,B6,09,20,70,00,
372000,00000054,false,Rx,0,8,01,05,00,01,7D,02,00,00,
372000,00000055,false,Rx,0,8,10,27,00,00,00,00,00,00,
373000,00000056,false,Rx,0,8,10,27,00,00,00,00,00,00,
373000,00000057,false,Rx,0,8,00,00,FE,FF,FE,FF,00,00,
399000,00000625,false,Rx,0,8,25,00,59,86,01,54,5C,06,
463000,0000060D,false,Rx,0,8,0D,10,83,B6,09,20,70,00,
499000,00000625,false,Rx,0,8,25,00,59,86,01,54,5C,06,
0,000002C4,false,Rx,0,8,09,00,00,00,7D,02,00,00,
0,000002C5,false,Rx,0,8,00,00,00,00,00,00,00,00,
552000,000002C6,false,Rx,0,8,32,00,7C,01,00,00,00,00,
562000,0000060D,false,Rx,0,8,0D,10,83,B6,09,20,70,00,
572000,00000054,false,Rx,0,8,01,05,00,01,7D,02,00,00,
572000,00000055,false,Rx,0,8,10,27,00,00,00,00,00,00,
572000,00000056,false,Rx,0,8,10,27,00,00,00,00,00,00,
573000,00000057,false,Rx,0,8,00,00,FE,FF,FE,FF,00,00,
599000,00000625,false,Rx,0,8,25,00,59,86,01,54,5C,06,
663000,0000060D,false,Rx,0,8,0D,10,83,B6,09,20,70,00,
699000,00000625,false,Rx,0,8,25,00,59,86,01,54,5C,06,
763000,0000060D,false,Rx,0,8,0D,10,83,B6,09,20,70,00,
0,000002C4,false,Rx,0,8,09,00,00,00,7D,02,00,00,
0,000002C5,false,Rx,0,8,00,00,00,00,00,00,00,00,
771000,000002C6,false,Rx,0,8,32,00,7C,01,00,00,00,00,
0,00000054,false,Rx,0,8,01,05,00,01,7D,02,00,00,
0,00000055,false,Rx,0,8,10,27,00,00,00,00,00,00,
772000,00000056,false,Rx,0,8,10,27,00,00,00,00,00,00,
773000,00000057,false,Rx,0,8,00,00,FE,FF,FE,FF,00,00,
799000,00000625,false,Rx,0,8,25,00,59,86,01,54,5C,06,
863000,0000060D,false,Rx,0,8,0D,10,83,B6,09,20,70,00,
900000,00000625,false,Rx,0,8,25,00,59,86,01,54,5C,06,
962000,0000060D,false,Rx,0,8,0D,10,83,B6,09,20,70,00,
972000,00000054,false,Rx,0,8,01,05,00,01,7D,02,00,00,
972000,00000055,false,Rx,0,8,10,27,00,00,00,00,00,00,
973000,00000056,false,Rx,0,8,10,27,00,00,00,00,00,00,
973000,00000057,false,Rx,0,8,00,00,FE,FF,FE,FF,00,00,
0,000002C4,false,Rx,0,8,09,00,00,00,7D,02,00,00,
0,000002C5,false,Rx,0,8,00,00,00,00,00,00,00,00,
991000,000002C6,false,Rx,0,8,32,00,7C,01,00,00,00,00,
999000,00000625,false,Rx,0,8,25,00,59,86,01,54,5C,06,
63000,0000060D,false,Rx,0,8,0D,10,83,B6,09,20,70,00,
100000,00000625,false,Rx,0,8,25,00,59,86,01,54,5C,06,
163000,0000060D,false,Rx,0,8,0D,10,83,B6,09,20,70,00,
172000,00000054,false,Rx,0,8,01,05,00,01,7D,02,00,00,
173000,00000055,false,Rx,0,8,10,27,00,00,00,00,00,00,
173000,00000056,false,Rx,0,8,10,27,00,00,00,00,00,00,
173000,00000057,false,Rx,0,8,00,00,FE,FF,FE,FF,00,00,
199000,00000625,false,Rx,0,8,25,00,59,86,01,54,5C,06,
0,000002C4,false,Rx,0,8,09,00,00,00,7D,02,00,00,
0,000002C5,false,Rx,0,8,00,00,00,00,00,00,00,00,
211000,000002C6,false,Rx,0,8,32,00,7C,01,00,00,00,00,
263000,0000060D,false,Rx,0,8,0D,10,83,B6,09,20,70,00,
300000,00000625,false,Rx,0,8,25,00,59,86,01,54,5C,06,
363000,0000060D,false,Rx,0,8,0D,10,83,B6,09,20,70,00,
371000,00000054,false,Rx,0,8,01,05,00,01,7D,02,00,00,
372000,00000055,false,Rx,0,8,10,27,00,00,00,00,00,00,
372000,00000056,false,Rx,0,8,10,27,00,00,00,00,00,00,
372000,00000057,false,Rx,0,8,00,00,FE,FF,FE,FF,00,00,
400000,00000625,false,Rx,0,8,25,00,59,86,01,54,5C,06,
0,000002C4,false,Rx,0,8,09,00,00,00,7D,02,00,00,
0,000002C5,false,Rx,0,8,00,00,00,00,00,00,00,00,
431000,000002C6,false,Rx,0,8,32,00,7C,01,00,00,00,00,
463000,0000060D,false,Rx,0,8,0D,10,83,B6,09,20,70,00,
500000,00000625,false,Rx,0,8,25,00,59,86,01,54,5C,06,
563000,0000060D,false,Rx,0,8,0D,10,83,B6,09,20,70,00,
572000,00000054,false,Rx,0,8,01,05,00,01,7D,02,00,00,
572000,00000055,false,Rx,0,8,10,27,00,00,00,00,00,00,
573000,00000056,false,Rx,0,8,10,27,00,00,00,00,00,00,
573000,00000057,false,Rx,0,8,00,00,FE,FF,FE,FF,00,00,
599000,00000625,false,Rx,0,8,25,00,59,86,01,54,5C,06,
651000,000002C4,false,Rx,0,8,09,00,00,00,7D,02,00,00,
652000,000002C5,false,Rx,0,8,00,00,00,00,00,00,00,00,
652000,000002C6,false,Rx,0,8,32,00,7C,01,00,00,00,00,
663000,0000060D,false,Rx,0,8,0D,10,83,B6,09,20,70,00,
700000,00000625,false,Rx,0,8,25,00,59,86,01,54,5C,06,
762000,0000060D,false,Rx,0,8,0D,10,83,B6,09,20,70,00,
0,00000054,false,Rx,0,8,01,05,00,01,7D,02,00,00,
0,00000055,false,Rx,0,8,10,27,00,00,00,00,00,00,
773000,00000056,false,Rx,0,8,10,27,00,00,00,00,00,00,
774000,00000057,false,Rx,0,8,00,00,FE,FF,FE,FF,00,00,
800000,00000625,false,Rx,0,8,25,00,59,86,01,54,5C,06,
863000,0000060D,false,Rx,0,8,0D,10,83,B6,09,20,70,00,
871000,000002C4,false,Rx,0,8,09,00,00,00,7D,02,00,00,
872000,000002C5,false,Rx,0,8,00,00,00,00,00,00,00,00,
872000,000002C6,false,Rx,0,8,32,00,7C,01,00,00,00,00,
900000,00000625,false,Rx,0,8,25,00,59,86,01,54,5C,06,
963000,0000060D,false,Rx,0,8,0D,10,83,B6,09,20,70,00,
972000,00000054,false,Rx,0,8,01,05,00,01,7D,02,00,00,
972000,00000055,false,Rx,0,8,10,27,00,00,00,00,00,00,
973000,00000056,false,Rx,0,8,10,27,00,00,00,00,00,00,
973000,00000057,false,Rx,0,8,00,00,FE,FF,FE,FF,00,00,
0,00000625,false,Rx,0,8,25,00,59,86,01,54,5C,06,
62000,0000060D,false,Rx,0,8,0D,10,83,B6,09,20,70,00,
90000,000002C4,false,Rx,0,8,09,00,00,00,7D,02,00,00,
90000,000002C5,false,Rx,0,8,00,00,00,00,00,00,00,00,
92000,000002C6,false,Rx,0,8,32,00,7C,01,00,00,00,00,
100000,00000625,false,Rx,0,8,25,00,59,86,01,54,5C,06,
163000,0000060D,false,Rx,0,8,0D,10,83,B6,09,20,70,00,
172000,00000054,false,Rx,0,8,01,05,00,01,7D,02,00,00,
173000,00000055,false,Rx,0,8,10,27,00,00,00,00,00,00,
173000,00000056,false,Rx,0,8,10,27,00,00,00,00,00,00,
173000,00000057,false,Rx,0,8,00,00,FE,FF,FE,FF,00,00,
200000,00000625,false,Rx,0,8,25,00,59,86,01,54,5C,06,
262000,0000060D,false,Rx,0,8,0D,10,83,B6,09,20,70,00,
299000,00000625,false,Rx,0,8,25,00,59,86,01,54,5C,06,
310000,000002C4,false,Rx,0,8,09,00,00,00,7D,02,00,00,
312000,000002C5,false,Rx,0,8,00,00,00,00,00,00,00,00,
312000,000002C6,false,Rx,0,8,32,00,7C,01,00,00,00,00,
363000,0000060D,false,Rx,0,8,0D,10,83,B6,09,20,70,00,
0,00000054,false,Rx,0,8,01,05,00,01,7D,02,00,00,
0,00000055,false,Rx,0,8,10,27,00,00,00,00,00,00,
0,00000056,false,Rx,0,8,10,27,00,00,00,00,00,00,
374000,00000057,false,Rx,0,8,00,00,FE,FF,FE,FF,00,00,
399000,00000625,false,Rx,0,8,25,00,59,86,01,54,5C,06,
463000,0000060D,false,Rx,0,8,0D,10,83,B6,09,20,70,00,
500000,00000625,false,Rx,0,8,25,00,59,86,01,54,5C,06,
0,000002C4,false,Rx,0,8,09,00,00,00,7D,02,00,00,
0,000002C5,false,Rx,0,8,00,00,00,00,00,00,00,00,
0,000002C6,false,Rx,0,8,32,00,7C,01,00,00,00,00,
563000,0000060D,false,Rx,0,8,0D,10,83,B6,09,20,70,00,
0,00000054,false,Rx,0,8,01,05,00,01,7D,02,00,00,
0,00000055,false,Rx,0,8,10,27,00,00,00,00,00,00,
573000,00000056,false,Rx,0,8,10,27,00,00,00,00,00,00,
573000,00000057,false,Rx,0,8,00,00,FE,FF,FE,FF,00,00,
600000,00000625,false,Rx,0,8,25,00,59,86,01,54,5C,06,
663000,0000060D,false,Rx,0,8,0D,10,83,B6,09,20,70,00,
699000,00000625,false,Rx,0,8,25,00,59,86,01,54,5C,06,
751000,000002C4,false,Rx,0,8,09,00,00,00,7D,02,00,00,
751000,000002C5,false,Rx,0,8,00,00,00,00,00,00,00,00,
752000,000002C6,false,Rx,0,8,32,00,7C,01,00,00,00,00,
763000,0000060D,false,Rx,0,8,0D,10,83,B6,09,20,70,00,
772000,00000054,false,Rx,0,8,01,05,00,01,7D,02,00,00,
772000,00000055,false,Rx,0,8,10,27,00,00,00,00,00,00,
773000,00000056,false,Rx,0,8,10,27,00,00,00,00,00,00,
773000,00000057,false,Rx,0,8,00,00,FE,FF,FE,FF,00,00,
800000,00000625,false,Rx,0,8,25,00,59,86,01,54,5C,06,
862000,0000060D,false,Rx,0,8,0D,10,83,B6,09,20,70,00,
900000,00000625,false,Rx,0,8,25,00,59,86,01,54,5C,06,
963000,0000060D,false,Rx,0,8,0D,10,83,B6,09,20,70,00,
0,000002C4,false,Rx,0,8,09,00,00,00,7D,02,00,00,
0,000002C5,false,Rx,0,8,00,00,00,00,00,00,00,00,
972000,000002C6,false,Rx,0,8,32,00,7C,01,00,00,00,00,
972000,00000054,false,Rx,0,8,01,05,00,01,7D,02,00,00,
973000,00000055,false,Rx,0,8,10,27,00,00,00,00,00,00,
973000,00000056,false,Rx,0,8,10,27,00,00,00,00,00,00,
973000,00000057,false,Rx,0,8,00,00,FE,FF,FE,FF,00,00,
0,00000625,false,Rx,0,8,25,00,59,86,01,54,5C,06,
63000,0000060D,false,Rx,0,8,0D,10,83,B6,09,20,70,00,
100000,00000625,false,Rx,0,8,25,00,59,86,01,54,5C,06,
163000,0000060D,false,Rx,0,8,0D,10,83,B6,09,20,70,00,
0,00000054,false,Rx,0,8,01,05,00,01,7D,02,00,00,
0,00000055,false,Rx,0,8,10,27,00,00,00,00,00,00,
173000,00000056,false,Rx,0,8,10,27,00,00,00,00,00,00,
173000,00000057,false,Rx,0,8,00,00,FE,FF,FE,FF,00,00,
0,000002C4,false,Rx,0,8,09,00,00,00,7D,02,00,00,
0,000002C5,false,Rx,0,8,00,00,00,00,00,00,00,00,
191000,000002C6,false,Rx,0,8,32,00,7C,01,00,00,00,00,
200000,00000625,false,Rx,0,8,25,00,59,86,01,54,5C,06,
262000,0000060D,false,Rx,0,8,0D,10,83,B6,09,20,70,00,
300000,00000625,false,Rx,0,8,25,00,59,86,01,54,5C,06,
363000,0000060D,false,Rx,0,8,0D,10,83,B6,09,20,70,00,
372000,00000054,false,Rx,0,8,01,05,00,01,7D,02,00,00,
373000,00000055,false,Rx,0,8,10,27,00,00,00,00,00,00,
0,00000056,false,Rx,0,8,10,27,00,00,00,00,00,00,
0,00000057,false,Rx,0,8,00,00,FE,FF,FE,FF,00,00,
399000,00000625,false,Rx,0,8,25,00,59,86,01,54,5C,06,
411000,000002C4,false,Rx,0,8,09,00,00,00,7D,02,00,00,
411000,000002C5,false,Rx,0,8,00,00,00,00,00,00,00,00,
412000,000002C6,false,Rx,0,8,32,00,7C,01,00,00,00,00,
463000,0000060D,false,Rx,0,8,0D,10,83,B6,09,20,70,00,
499000,00000625,false,Rx,0,8,25,00,59,86,01,54,5C,06,
563000,0000060D,false,Rx,0,8,0D,10,83,B6,09,20,70,00,
0,00000054,false,Rx,0,8,01,05,00,01,7D,02,00,00,
0,00000055,false,Rx,0,8,10,27,00,00,00,00,00,00,
572000,00000056,false,Rx,0,8,10,27,00,00,00,00,00,00,
574000,00000057,false,Rx,0,8,00,00,FE,FF,FE,FF,00,00,
599000,00000625,false,Rx,0,8,25,00,59,86,01,54,5C,06,
0,000002C4,false,Rx,0,8,09,00,00,00,7D,02,00,00,
0,000002C5,false,Rx,0,8,00,00,00,00,00,00,00,00,
0,000002C6,false,Rx,0,8,32,00,7C,01,00,00,00,00,
662000,0000060D,false,Rx,0,8,0D,10,83,B6,09,20,70,00,
700000,00000625,false,Rx,0,8,25,00,59,86,01,54,5C,06,
763000,0000060D,false,Rx,0,8,0D,10,83,B6,09,20,70,00,
0,00000054,false,Rx,0,8,01,05,00,01,7D,02,00,00,
0,00000055,false,Rx,0,8,10,27,00,00,00,00,00,00,
0,00000056,false,Rx,0,8,10,27,00,00,00,00,00,00,
0,00000057,false,Rx,0,8,00,00,FE,FF,FE,FF,00,00,
800000,00000625,false,Rx,0,8,25,00,59,86,01,54,5C,06,
851000,000002C4,false,Rx,0,8,09,00,00,00,7D,02,00,00,
851000,000002C5,false,Rx,0,8,00,00,00,00,00,00,00,00,
851000,000002C6,false,Rx,0,8,32,00,7C,01,00,00,00,00,
863000,0000060D,false,Rx,0,8,0D,10,83,B6,09,20,70,00,
901000,00000625,false,Rx,0,8,25,00,59,86,01,54,5C,06,
962000,0000060D,false,Rx,0,8,0D,10,83,B6,09,20,70,00,
972000,00000054,false,Rx,0,8,01,05,00,01,7D,02,00,00,
972000,00000055,false,Rx,0,8,10,27,00,00,00,00,00,00,
972000,00000056,false,Rx,0,8,10,27,00,00,00,00,00,00,
972000,00000057,false,Rx,0,8,00,00,FE,FF,FE,FF,00,00,
0,00000625,false,Rx,0,8,25,00,59,86,01,54,5C,06,
64000,0000060D,false,Rx,0,8,0D,10,83,B6,09,20,70,00,
0,000002C4,false,Rx,0,8,09,00,00,00,7D,02,00,00,
0,000002C5,false,Rx,0,8,00,00,00,00,00,00,00,00,
71000,000002C6,false,Rx,0,8,32,00,7C,01,00,00,00,00,
99000,00000625,false,Rx,0,8,25,00,59,86,01,54,5C,06,
163000,0000060D,false,Rx,0,8,0D,10,83,B6,09,20,70,00,
0,00000054,false,Rx,0,8,01,05,00,01,7D,02,00,00,
0,00000055,false,Rx,0,8,10,27,00,00,00,00,00,00,
173000,00000056,false,Rx,0,8,10,27,00,00,00,00,00,00,
173000,00000057,false,Rx,0,8,00,00,FE,FF,FE,FF,00,00,
200000,00000625,false,Rx,0,8,25,00,59,86,01,54,5C,06,
263000,0000060D,false,Rx,0,8,0D,10,83,B6,09,20,70,00,
291000,000002C4,false,Rx,0,8,09,00,00,00,7D,02,00,00,
291000,000002C5,false,Rx,0,8,00,00,00,00,00,00,00,00,
291000,000002C6,false,Rx,0,8,32,00,7C,01,00,00,00,00,
300000,00000625,false,Rx,0,8,25,00,59,86,01,54,5C,06,
363000,0000060D,false,Rx,0,8,0D,10,83,B6,09,20,70,00,
0,00000054,false,Rx,0,8,01,05,00,01,7D,02,00,00,
0,00000055,false,Rx,0,8,10,27,00,00,00,00,00,00,
0,00000056,false,Rx,0,8,10,27,00,00,00,00,00,00,
373000,00000057,false,Rx,0,8,00,00,FE,FF,FE,FF,00,00,
400000,00000625,false,Rx,0,8,25,00,59,86,01,54,5C,06,
463000,0000060D,false,Rx,0,8,0D,10,83,B6,09,20,70,00,
499000,00000625,false,Rx,0,8,25,00,59,86,01,54,5C,06,
0,000002C4,false,Rx,0,8,09,00,00,00,7D,02,00,00,
0,000002C5,false,Rx,0,8,00,00,00,00,00,00,00,00,
512000,000002C6,false,Rx,0,8,32,00,7C,01,00,00,00,00,
563000,0000060D,false,Rx,0,8,0D,10,83,B6,09,20,70,00,
572000,00000054,false,Rx,0,8,01,05,00,01,7D,02,00,00,
572000,00000055,false,Rx,0,8,10,27,00,00,00,00,00,00,
0,00000056,false,Rx,0,8,10,27,00,00,00,00,00,00,
0,00000057,false,Rx,0,8,00,00,FE,FF,FE,FF,00,00,
600000,00000625,false,Rx,0,8,25,00,59,86,01,54,5C,06,
662000,0000060D,false,Rx,0,8,0D,10,83,B6,09,20,70,00,
700000,00000625,false,Rx,0,8,25,00,59,86,01,54,5C,06,
0,000002C4,false,Rx,0,8,09,00,00,00,7D,02,00,00,
0,000002C5,false,Rx,0,8,00,00,00,00,00,00,00,00,
732000,000002C6,false,Rx,0,8,32,00,7C,01,00,00,00,00,
762000,0000060D,false,Rx,0,8,0D,10,83,B6,09,20,70,00,
0,00000054,false,Rx,0,8,01,05,00,01,7D,02,00,00,
0,00000055,false,Rx,0,8,10,27,00,00,00,00,00,00,
773000,00000056,false,Rx,0,8,10,27,00,00,00,00,00,00,
773000,00000057,false,Rx,0,8,00,00,FE,FF,FE,FF,00,00,
800000,00000625,false,Rx,0,8,25,00,59,86,01,54,5C,06,
863000,0000060D,false,Rx,0,8,0D,10,83,B6,09,20,70,00,
901000,00000625,false,Rx,0,8,25,00,59,86,01,54,5C,06,
951000,000002C4,false,Rx,0,8,09,00,00,00,7D,02,00,00,
951000,000002C5,false,Rx,0,8,00,00,00,00,00,00,00,00,
951000,000002C6,false,Rx,0,8,32,00,7C,01,00,00,00,00,
963000,0000060D,false,Rx,0,8,0D,10,83,B6,09,20,70,00,
0,00000054,false,Rx,0,8,01,05,00,01,7D,02,00,00,
0,00000055,false,Rx,0,8,10,27,00,00,00,00,00,00,
0,00000056,false,Rx,0,8,10,27,00,00,00,00,00,00,
0,00000057,false,Rx,0,8,00,00,FE,FF,FE,FF,00,00,
0,00000625,false,Rx,0,8,25,00,59,86,01,54,5C,06,
62000,0000060D,false,Rx,0,8,0D,10,83,B6,09,20,70,00,
100000,00000625,false,Rx,0,8,25,00,59,86,01,54,5C,06,
163000,0000060D,false,Rx,0,8,0D,10,83,B6,09,20,70,00,
171000,000002C4,false,Rx,0,8,09,00,00,00,7D,02,00,00,
171000,000002C5,false,Rx,0,8,00,00,00,00,00,00,00,00,
171000,000002C6,false,Rx,0,8,32,00,7C,01,00,00,00,00,
171000,00000054,false,Rx,0,8,01,05,00,01,7D,02,00,00,
171000,00000055,false,Rx,0,8,10,27,00,00,00,00,00,00,
173000,00000056,false,Rx,0,8,10,27,00,00,00,00,00,00,
173000,00000057,false,Rx,0,8,00,00,FE,FF,FE,FF,00,00,
199000,00000625,false,Rx,0,8,25,00,59,86,01,54,5C,06,
263000,0000060D,false,Rx,0,8,0D,10,83,B6,09,20,70,00,
299000,00000625,false,Rx,0,8,25,00,59,86,01,54,5C,06,
362000,0000060D,false,Rx,0,8,0D,10,83,B6,09,20,70,00,
372000,00000054,false,Rx,0,8,01,05,00,01,7D,02,00,00,
372000,00000055,false,Rx,0,8,10,27,00,00,00,00,00,00,
372000,00000056,false,Rx,0,8,10,27,00,00,00,00,00,00,
372000,00000057,false,Rx,0,8,00,00,FE,FF,FE,FF,00,00,
391000,000002C4,false,Rx,0,8,09,00,00,00,7D,02,00,00,
392000,000002C5,false,Rx,0,8,00,00,00,00,00,00,00,00,
392000,000002C6,false,Rx,0,8,32,00,7C,01,00,00,00,00,
401000,00000625,false,Rx,0,8,25,00,59,86,01,54,5C,06,
462000,0000060D,false,Rx,0,8,0D,10,83,B6,09,20,70,00,
499000,00000625,false,Rx,0,8,25,00,59,86,01,54,5C,06,
563000,0000060D,false,Rx,0,8,0D,10,83,B6,09,20,70,00,
572000,00000054,false,Rx,0,8,01,05,00,01,7D,02,00,00,
572000,00000055,false,Rx,0,8,10,27,00,00,00,00,00,00,
0,00000056,false,Rx,0,8,10,27,00,00,00,00,00,00,
0,00000057,false,Rx,0,8,00,00,FE,FF,FE,FF,00,00,
601000,00000625,false,Rx,0,8,25,00,59,86,01,54,5C,06,
0,000002C4,false,Rx,0,8,09,00,00,00,7D,02,00,00,
0,000002C5,false,Rx,0,8,00,00,00,00,00,00,00,00,
0,000002C6,false,Rx,0,8,32,00,7C,01,00,00,00,00,
663000,0000060D,false,Rx,0,8,0D,10,83,B6,09,20,70,00,
699000,00000625,false,Rx,0,8,25,00,59,86,01,54,5C,06,
763000,0000060D,false,Rx,0,8,0D,10,83,B6,09,20,70,00,
0,00000054,false,Rx,0,8,01,05,00,01,7D,02,00,00,
0,00000055,false,Rx,0,8,10,27,00,00,00,00,00,00,
0,00000056,false,Rx,0,8,10,27,00,00,00,00,00,00,
0,00000057,false,Rx,0,8,00,00,FE,FF,FE,FF,00,00,
799000,00000625,false,Rx,0,8,25,00,59,86,01,54,5C,06,
832000,000002C4,false,Rx,0,8,09,00,00,00,7D,02,00,00,
832000,000002C5,false,Rx,0,8,00,00,00,00,00,00,00,00,
832000,000002C6,false,Rx,0,8,32,00,7C,01,00,00,00,00,
863000,0000060D,false,Rx,0,8,0D,10,83,B6,09,20,70,00,
900000,00000625,false,Rx,0,8,25,00,59,86,01,54,5C,06,
962000,0000060D,false,Rx,0,8,0D,10,83,B6,09,20,70,00,
0,00000054,false,Rx,0,8,01,05,00,01,7D,02,00,00,
0,00000055,false,Rx,0,8,10,27,00,00,00,00,00,00,
973000,00000056,false,Rx,0,8,10,27,00,00,00,00,00,00,
973000,00000057,false,Rx,0,8,00,00,FE,FF,FE,FF,00,00,
0,00000625,false,Rx,0,8,25,00,59,86,01,54,5C,06,
0,000002C4,false,Rx,0,8,09,00,00,00,7D,02,00,00,
0,000002C5,false,Rx,0,8,00,00,00,00,00,00,00,00,
0,000002C6,false,Rx,0,8,32,00,7C,01,00,00,00,00,
63000,0000060D,false,Rx,0,8,0D,10,83,B6,09,20,70,00,
99000,00000625,false,Rx,0,8,25,00,59,86,01,54,5C,06,
163000,0000060D,false,Rx,0,8,0D,10,83,B6,09,20,70,00,
0,00000054,false,Rx,0,8,01,05,00,01,7D,02,00,00,
0,00000055,false,Rx,0,8,10,27,00,00,00,00,00,00,
172000,00000056,false,Rx,0,8,10,27,00,00,00,00,00,00,
173000,00000057,false,Rx,0,8,00,00,FE,FF,FE,FF,00,00,
200000,00000625,false,Rx,0,8,25,00,59,86,01,54,5C,06,
263000,0000060D,false,Rx,0,8,0D,10,83,B6,09,20,70,00,
272000,000002C4,false,Rx,0,8,09,00,00,00,7D,02,00,00,
272000,000002C5,false,Rx,0,8,00,00,00,00,00,00,00,00,
272000,000002C6,false,Rx,0,8,32,00,7C,01,00,00,00,00,
299000,00000625,false,Rx,0,8,25,00,59,86,01,54,5C,06,
363000,0000060D,false,Rx,0,8,0D,10,83,B6,09,20,70,00,
0,00000054,false,Rx,0,8,01,05,00,01,7D,02,00,00,
0,00000055,false,Rx,0,8,10,27,00,00,00,00,00,00,
372000,00000056,false,Rx,0,8,10,27,00,00,00,00,00,00,
372000,00000057,false,Rx,0,8,00,00,FE,FF,FE,FF,00,00,
400000,00000625,false,Rx,0,8,25,00,59,86,01,54,5C,06,
464000,0000060D,false,Rx,0,8,0D,10,83,B6,09,20,70,00,
0,000002C4,false,Rx,0,8,09,00,00,00,7D,02,00,00,
0,000002C5,false,Rx,0,8,00,00,00,00,00,00,00,00,
491000,000002C6,false,Rx,0,8,32,00,7C,01,00,00,00,00,
500000,00000625,false,Rx,0,8,25,00,59,86,01,54,5C,06,
563000,0000060D,false,Rx,0,8,0D,10,83,B6,09,20,70,00,
0,00000054,false,Rx,0,8,01,05,00,01,7D,02,00,00,
0,00000055,false,Rx,0,8,10,27,00,00,00,00,00,00,
573000,00000056,false,Rx,0,8,10,27,00,00,00,00,00,00,
574000,00000057,false,Rx,0,8,00,00,FE,FF,FE,FF,00,00,
600000,00000625,false,Rx,0,8,25,00,59,86,01,54,5C,06,
663000,0000060D,false,Rx,0,8,0D,10,83,B6,09,20,70,00,
700000,00000625,false,Rx,0,8,25,00,59,86,01,54,5C,06,
0,000002C4,false,Rx,0,8,09,00,00,00,7D,02,00,00,
0,000002C5,false,Rx,0,8,00,00,00,00,00,00,00,00,
711000,000002C6,false,Rx,0,8,32,00,7C,01,00,00,00,00,
763000,0000060D,false,Rx,0,8,0D,10,83,B6,09,20,70,00,
772000,00000054,false,Rx,0,8,01,05,00,01,7D,02,00,00,
0,00000055,false,Rx,0,8,10,27,00,00,00,00,00,00,
0,00000056,false,Rx,0,8,10,27,00,00,00,00,00,00,
772000,00000057,false,Rx,0,8,00,00,FE,FF,FE,FF,00,00,
799000,00000625,false,Rx,0,8,25,00,59,86,01,54,5C,06,
862000,0000060D,false,Rx,0,8,0D,10,83,B6,09,20,70,00,
900000,00000625,false,Rx,0,8,25,00,59,86,01,54,5C,06,
0,000002C4,false,Rx,0,8,09,00,00,00,7D,02,00,00,
0,000002C5,false,Rx,0,8,00,00,00,00,00,00,00,00,
932000,000002C6,false,Rx,0,8,32,00,7C,01,00,00,00,00,
963000,0000060D,false,Rx,0,8,0D,10,83,B6,09,20,70,00,
0,00000054,false,Rx,0,8,01,05,00,01,7D,02,00,00,
0,00000055,false,Rx,0,8,10,27,00,00,00,00,00,00,
0,00000056,false,Rx,0,8,10,27,00,00,00,00,00,00,
0,00000057,false,Rx,0,8,00,00,FE,FF,FE,FF,00,00,
0,00000625,false,Rx,0,8,25,00,59,86,01,54,5C,06,
63000,0000060D,false,Rx,0,8,0D,10,83,B6,09,20,70,00,
99000,00000625,false,Rx,0,8,25,00,59,86,01,54,5C,06,
0,000002C4,false,Rx,0,8,09,00,00,00,7D,02,00,00,
0,000002C5,false,Rx,0,8,00,00,00,00,00,00,00,00,
151000,000002C6,false,Rx,0,8,32,00,7C,01,00,00,00,00,
163000,0000060D,false,Rx,0,8,0D,10,83,B6,09,20,70,00,
0,00000054,false,Rx,0,8,01,05,00,01,7D,02,00,00,
0,00000055,false,Rx,0,8,10,27,00,00,00,00,00,00,
172000,00000056,false,Rx,0,8,10,27,00,00,00,00,00,00,
172000,00000057,false,Rx,0,8,00,00,FE,FF,FE,FF,00,00,
200000,00000625,false,Rx,0,8,25,00,59,86,01,54,5C,06,
262000,0000060D,false,Rx,0,8,0D,10,83,B6,09,20,70,00,
299000,00000625,false,Rx,0,8,25,00,59,86,01,54,5C,06,
362000,0000060D,false,Rx,0,8,0D,10,83,B6,09,20,70,00,
0,000002C4,false,Rx,0,8,09,00,00,00,7D,02,00,00,
0,000002C5,false,Rx,0,8,00,00,00,00,00,00,00,00,
0,000002C6,false,Rx,0,8,32,00,7C,01,00,00,00,00,
0,00000054,false,Rx,0,8,01,05,00,01,7D,02,00,00,
373000,00000055,false,Rx,0,8,10,27,00,00,00,00,00,00,
373000,00000056,false,Rx,0,8,10,27,00,00,00,00,00,00,
374000,00000057,false,Rx,0,8,00,00,FE,FF,FE,FF,00,00,
400000,00000625,false,Rx,0,8,25,00,59,86,01,54,5C,06,
463000,0000060D,false,Rx,0,8,0D,10,83,B6,09,20,70,00,
500000,00000625,false,Rx,0,8,25,00,59,86,01,54,5C,06,
563000,0000060D,false,Rx,0,8,0D,10,83,B6,09,20,70,00,
0,00000054,false,Rx,0,8,01,05,00,01,7D,02,00,00,
0,00000055,false,Rx,0,8,10,27,00,00,00,00,00,00,
572000,00000056,false,Rx,0,8,10,27,00,00,00,00,00,00,
572000,00000057,false,Rx,0,8,00,00,FE,FF,FE,FF,00,00,
0,000002C4,false,Rx,0,8,09,00,00,00,7D,02,00,00,
0,000002C5,false,Rx,0,8,00,00,00,00,00,00,00,00,
592000,000002C6,false,Rx,0,8,32,00,7C,01,00,00,00,00,
601000,00000625,false,Rx,0,8,25,00,59,86,01,54,5C,06,
663000,0000060D,false,Rx,0,8,0D,10,83,B6,09,20,70,00,
700000,00000625,false,Rx,0,8,25,00,59,86,01,54,5C,06,
764000,0000060D,false,Rx,0,8,0D,10,83,B6,09,20,70,00,
0,00000054,false,Rx,0,8,01,05,00,01,7D,02,00,00,
0,00000055,false,Rx,0,8,10,27,00,00,00,00,00,00,
773000,00000056,false,Rx,0,8,10,27,00,00,00,00,00,00,
774000,00000057,false,Rx,0,8,00,00,FE,FF,FE,FF,00,00,
800000,00000625,false,Rx,0,8,25,00,59,86,01,54,5C,06,
0,000002C4,false,Rx,0,8,09,00,00,00,7D,02,00,00,
0,000002C5,false,Rx,0,8,00,00,00,00,00,00,00,00,
812000,000002C6,false,Rx,0,8,32,00,7C,01,00,00,00,00,
862000,0000060D,false,Rx,0,8,0D,10,83,B6,09,20,70,00,
901000,00000625,false,Rx,0,8,25,00,59,86,01,54,5C,06,
963000,0000060D,false,Rx,0,8,0D,10,83,B6,09,20,70,00,
0,00000054,false,Rx,0,8,01,05,00,01,7D,02,00,00,
0,00000055,false,Rx,0,8,10,27,00,00,00,00,00,00,
0,00000056,false,Rx,0,8,10,27,00,00,00,00,00,00,
973000,00000057,false,Rx,0,8,00,00,FE,FF,FE,FF,00,00,
0,00000625,false,Rx,0,8,25,00,59,86,01,54,5C,06,
0,000002C4,false,Rx,0,8,09,00,00,00,7D,02,00,00,
0,000002C5,false,Rx,0,8,00,00,00,00,00,00,00,00,
32000,000002C6,false,Rx,0,8,32,00,7C,01,00,00,00,00,
63000,0000060D,false,Rx,0,8,0D,10,83,B6,09,20,70,00,
100000,00000625,false,Rx,0,8,25,00,59,86,01,54,5C,06,
162000,0000060D,false,Rx,0,8,0D,10,83,B6,09,20,70,00,
173000,00000054,false,Rx,0,8,01,05,00,01,7D,02,00,00,
173000,00000055,false,Rx,0,8,10,27,00,00,00,00,00,00,
173000,00000056,false,Rx,0,8,10,27,00,00,00,00,00,00,
173000,00000057,false,Rx,0,8,00,00,FE,FF,FE,FF,00,00,
199000,00000625,false,Rx,0,8,25,00,59,86,01,54,5C,06,
251000,000002C4,false,Rx,0,8,09,00,00,00,7D,02,00,00,
251000,000002C5,false,Rx,0,8,00,00,00,00,00,00,00,00,
252000,000002C6,false,Rx,0,8,32,00,7C,01,00,00,00,00,
263000,0000060D,false,Rx,0,8,0D,10,83,B6,09,20,70,00,
300000,00000625,false,Rx,0,8,25,00,59,86,01,54,5C,06,
363000,0000060D,false,Rx,0,8,0D,10,83,B6,09,20,70,00,
372000,00000054,false,Rx,0,8,01,05,00,01,7D,02,00,00,
372000,00000055,false,Rx,0,8,10,27,00,00,00,00,00,00,
0,00000056,false,Rx,0,8,10,27,00,00,00,00,00,00,
0,00000057,false,Rx,0,8,00,00,FE,FF,FE,FF,00,00,
400000,00000625,false,Rx,0,8,25,00,59,86,01,54,5C,06,
463000,0000060D,false,Rx,0,8,0D,10,83,B6,09,20,70,00,
0,000002C4,false,Rx,0,8,09,00,00,00,7D,02,00,00,
0,000002C5,false,Rx,0,8,00,00,00,00,00,00,00,00,
472000,000002C6,false,Rx,0,8,32,00,7C,01,00,00,00,00,
500000,00000625,false,Rx,0,8,25,00,59,86,01,54,5C,06,
563000,0000060D,false,Rx,0,8,0D,10,83,B6,09,20,70,00,
0,00000054,false,Rx,0,8,01,05,00,01,7D,02,00,00,
0,00000055,false,Rx,0,8,10,27,00,00,00,00,00,00,
0,00000056,false,Rx,0,8,10,27,00,00,00,00,00,00,
0,00000057,false,Rx,0,8,00,00,FE,FF,FE,FF,00,00,
601000,00000625,false,Rx,0,8,25,00,59,86,01,54,5C,06,
663000,0000060D,false,Rx,0,8,0D,10,83,B6,09,20,70,00,
691000,000002C4,false,Rx,0,8,09,00,00,00,7D,02,00,00,
691000,000002C5,false,Rx,0,8,00,00,00,00,00,00,00,00,
691000,000002C6,false,Rx,0,8,32,00,7C,01,00,00,00,00,
700000,00000625,false,Rx,0,8,25,00,59,86,01,54,5C,06,
763000,0000060D,false,Rx,0,8,0D,10,83,B6,09,20,70,00,
0,00000054,false,Rx,0,8,01,05,00,01,7D,02,00,00,
0,00000055,false,Rx,0,8,10,27,00,00,00,00,00,00,
772000,00000056,false,Rx,0,8,10,27,00,00,00,00,00,00,
773000,00000057,false,Rx,0,8,00,00,FE,FF,FE,FF,00,00,
800000,00000625,false,Rx,0,8,25,00,59,86,01,54,5C,06,
863000,0000060D,false,Rx,0,8,0D,10,83,B6,09,20,70,00,
900000,00000625,false,Rx,0,8,25,00,59,86,01,54,5C,06,
911000,000002C4,false,Rx,0,8,09,00,00,00,7D,02,00,00,
911000,000002C5,false,Rx,0,8,00,00,00,00,00,00,00,00,
911000,000002C6,false,Rx,0,8,32,00,7C,01,00,00,00,00,
962000,0000060D,false,Rx,0,8,0D,10,83,B6,09,20,70,00,
972000,00000054,false,Rx,0,8,01,05,00,01,7D,02,00,00,
973000,00000055,false,Rx,0,8,10,27,00,00,00,00,00,00,
973000,00000056,false,Rx,0,8,10,27,00,00,00,00,00,00,
973000,00000057,false,Rx,0,8,00,00,FE,FF,FE,FF,00,00,
0,00000625,false,Rx,0,8,25,00,59,86,01,54,5C,06,
63000,0000060D,false,Rx,0,8,0D,10,83,B6,09,20,70,00,
101000,00000625,false,Rx,0,8,25,00,59,86,01,54,5C,06,
0,000002C4,false,Rx,0,8,09,00,00,00,7D,02,00,00,
0,000002C5,false,Rx,0,8,00,00,00,00,00,00,00,00,
131000,000002C6,false,Rx,0,8,32,00,7C,01,00,00,00,00,
163000,0000060D,false,Rx,0,8,0D,10,83,B6,09,20,70,00,
172000,00000054,false,Rx,0,8,01,05,00,01,7D,02,00,00,
173000,00000055,false,Rx,0,8,10,27,00,00,00,00,00,00,
173000,00000056,false,Rx,0,8,10,27,00,00,00,00,00,00,
173000,00000057,false,Rx,0,8,00,00,FE,FF,FE,FF,00,00,
200000,00000625,false,Rx,0,8,25,00,59,86,01,54,5C,06,
262000,0000060D,false,Rx,0,8,0D,10,83,B6,09,20,70,00,
301000,00000625,false,Rx,0,8,25,00,59,86,01,54,5C,06,
351000,000002C4,false,Rx,0,8,09,00,00,00,7D,02,00,00,
0,000002C5,false,Rx,0,8,00,00,00,00,00,00,00,00,
0,000002C6,false,Rx,0,8,32,00,7C,01,00,00,00,00,
362000,0000060D,false,Rx,0,8,0D,10,83,B6,09,20,70,00,
0,00000054,false,Rx,0,8,01,05,00,01,7D,02,00,00,
0,00000055,false,Rx,0,8,10,27,00,00,00,00,00,00,
0,00000056,false,Rx,0,8,10,27,00,00,00,00,00,00,
0,00000057,false,Rx,0,8,00,00,FE,FF,FE,FF,00,00,
400000,00000625,false,Rx,0,8,25,00,59,86,01,54,5C,06,
462000,0000060D,false,Rx,0,8,0D,10,83,B6,09,20,70,00,
500000,00000625,false,Rx,0,8,25,00,59,86,01,54,5C,06,
563000,0000060D,false,Rx,0,8,0D,10,83,B6,09,20,70,00,
0,000002C4,false,Rx,0,8,09,00,00,00,7D,02,00,00,
0,000002C5,false,Rx,0,8,00,00,00,00,00,00,00,00,
572000,000002C6,false,Rx,0,8,32,00,7C,01,00,00,00,00,
0,00000054,false,Rx,0,8,01,05,00,01,7D,02,00,00,
0,00000055,false,Rx,0,8,10,27,00,00,00,00,00,00,
0,00000056,false,Rx,0,8,10,27,00,00,00,00,00,00,
0,00000057,false,Rx,0,8,00,00,FE,FF,FE,FF,00,00,
600000,00000625,false,Rx,0,8,25,00,59,86,01,54,5C,06,
663000,0000060D,false,Rx,0,8,0D,10,83,B6,09,20,70,00,
700000,00000625,false,Rx,0,8,25,00,59,86,01,54,5C,06,
762000,0000060D,false,Rx,0,8,0D,10,83,B6,09,20,70,00,
772000,00000054,false,Rx,0,8,01,05,00,01,7D,02,00,00,
0,00000055,false,Rx,0,8,10,27,00,00,00,00,00,00,
0,00000056,false,Rx,0,8,10,27,00,00,00,00,00,00,
773000,00000057,false,Rx,0,8,00,00,FE,FF,FE,FF,00,00,
790000,000002C4,false,Rx,0,8,09,00,00,00,7D,02,00,00,
792000,000002C5,false,Rx,0,8,00,00,00,00,00,00,00,00,
792000,000002C6,false,Rx,0,8,32,00,7C,01,00,00,00,00,
800000,00000625,false,Rx,0,8,25,00,59,86,01,54,5C,06,
864000,0000060D,false,Rx,0,8,0D,10,83,B6,09,20,70,00,
899000,00000625,false,Rx,0,8,25,00,59,86,01,54,5C,06,
963000,0000060D,false,Rx,0,8,0D,10,83,B6,09,20,70,00,
972000,00000054,false,Rx,0,8,01,05,00,01,7D,02,00,00,
972000,00000055,false,Rx,0,8,10,27,00,00,00,00,00,00,
972000,00000056,false,Rx,0,8,10,27,00,00,00,00,00,00,
973000,00000057,false,Rx,0,8,00,00,FE,FF,FE,FF,00,00,
0,00000625,false,Rx,0,8,25,00,59,86,01,54,5C,06,
0,000002C4,false,Rx,0,8,09,00,00,00,7D,02,00,00,
0,000002C5,false,Rx,0,8,00,00,00,00,00,00,00,00,
11000,000002C6,false,Rx,0,8,32,00,7C,01,00,00,00,00,
63000,0000060D,false,Rx,0,8,0D,10,83,B6,09,20,70,00,
100000,00000625,false,Rx,0,8,25,00,59,86,01,54,5C,06,
162000,0000060D,false,Rx,0,8,0D,10,83,B6,09,20,70,00,
172000,00000054,false,Rx,0,8,01,05,00,01,7D,02,00,00,
172000,00000055,false,Rx,0,8,10,27,00,00,00,00,00,00,
173000,00000056,false,Rx,0,8,10,27,00,00,00,00,00,00,
173000,00000057,false,Rx,0,8,00,00,FE,FF,FE,FF,00,00,
199000,00000625,false,Rx,0,8,25,00,59,86,01,54,5C,06,
232000,000002C4,false,Rx,0,8,09,00,00,00,7D,02,00,00,
232000,000002C5,false,Rx,0,8,00,00,00,00,00,00,00,00,
232000,000002C6,false,Rx,0,8,32,00,7C,01,00,00,00,00,
263000,0000060D,false,Rx,0,8,0D,10,83,B6,09,20,70,00,
300000,00000625,false,Rx,0,8,25,00,59,86,01,54,5C,06,
364000,0000060D,false,Rx,0,8,0D,10,83,B6,09,20,70,00,
0,00000054,false,Rx,0,8,01,05,00,01,7D,02,00,00,
0,00000055,false,Rx,0,8,10,27,00,00,00,00,00,00,
0,00000056,false,Rx,0,8,10,27,00,00,00,00,00,00,
373000,00000057,false,Rx,0,8,00,00,FE,FF,FE,FF,00,00,
401000,00000625,false,Rx,0,8,25,00,59,86,01,54,5C,06,
451000,000002C4,false,Rx,0,8,09,00,00,00,7D,02,00,00,
451000,000002C5,false,Rx,0,8,00,00,00,00,00,00,00,00,
451000,000002C6,false,Rx,0,8,32,00,7C,01,00,00,00,00,
463000,0000060D,false,Rx,0,8,0D,10,83,B6,09,20,70,00,
500000,00000625,false,Rx,0,8,25,00,59,86,01,54,5C,06,
562000,0000060D,false,Rx,0,8,0D,10,83,B6,09,20,70,00,
573000,00000054,false,Rx,0,8,01,05,00,01,7D,02,00,00,
573000,00000055,false,Rx,0,8,10,27,00,00,00,00,00,00,
573000,00000056,false,Rx,0,8,10,27,00,00,00,00,00,00,
573000,00000057,false,Rx,0,8,00,00,FE,FF,FE,FF,00,00,
601000,00000625,false,Rx,0,8,25,00,59,86,01,54,5C,06,
663000,0000060D,false,Rx,0,8,0D,10,83,B6,09,20,70,00,
0,000002C4,false,Rx,0,8,09,00,00,00,7D,02,00,00,
0,000002C5,false,Rx,0,8,00,00,00,00,00,00,00,00,
672000,000002C6,false,Rx,0,8,32,00,7C,01,00,00,00,00,
700000,00000625,false,Rx,0,8,25,00,59,86,01,54,5C,06,
763000,0000060D,false,Rx,0,8,0D,10,83,B6,09,20,70,00,
772000,00000054,false,Rx,0,8,01,05,00,01,7D,02,00,00,
772000,00000055,false,Rx,0,8,10,27,00,00,00,00,00,00,
772000,00000056,false,Rx,0,8,10,27,00,00,00,00,00,00,
773000,00000057,false,Rx,0,8,00,00,FE,FF,FE,FF,00,00,
799000,00000625,false,Rx,0,8,25,00,59,86,01,54,5C,06,
863000,0000060D,false,Rx,0,8,0D,10,83,B6,09,20,70,00,
0,000002C4,false,Rx,0,8,09,00,00,00,7D,02,00,00,
0,000002C5,false,Rx,0,8,00,00,00,00,00,00,00,00,
892000,000002C6,false,Rx,0,8,32,00,7C,01,00,00,00,00,
900000,00000625,false,Rx,0,8,25,00,59,86,01,54,5C,06,
963000,0000060D,false,Rx,0,8,0D,10,83,B6,09,20,70,00,
0,00000054,false,Rx,0,8,01,05,00,01,7D,02,00,00,
0,00000055,false,Rx,0,8,10,27,00,00,00,00,00,00,
972000,00000056,false,Rx,0,8,10,27,00,00,00,00,00,00,
972000,00000057,false,Rx,0,8,00,00,FE,FF,FE,FF,00,00,
0,00000625,false,Rx,0,8,25,00,59,86,01,54,5C,06,
63000,0000060D,false,Rx,0,8,0D,10,83,B6,09,20,70,00,
100000,00000625,false,Rx,0,8,25,00,59,86,01,54,5C,06,
111000,000002C4,false,Rx,0,8,09,00,00,00,7D,02,00,00,
111000,000002C5,false,Rx,0,8,00,00,00,00,00,00,00,00,
111000,000002C6,false,Rx,0,8,32,00,7C,01,00,00,00,00,
163000,0000060D,false,Rx,0,8,0D,10,83,B6,09,20,70,00,
172000,00000054,false,Rx,0,8,01,05,00,01,7D,02,00,00,
172000,00000055,false,Rx,0,8,10,27,00,00,00,00,00,00,
173000,00000056,false,Rx,0,8,10,27,00,00,00,00,00,00,
173000,00000057,false,Rx,0,8,00,00,FE,FF,FE,FF,00,00,
200000,00000625,false,Rx,0,8,25,00,59,86,01,54,5C,06,
263000,0000060D,false,Rx,0,8,0D,10,83,B6,09,20,70,00,
300000,00000625,false,Rx,0,8,25,00,59,86,01,54,5C,06,
331000,000002C4,false,Rx,0,8,09,00,00,00,7D,02,00,00,
331000,000002C5,false,Rx,0,8,00,00,00,00,00,00,00,00,
331000,000002C6,false,Rx,0,8,32,00,7C,01,00,00,00,00,
363000,0000060D,false,Rx,0,8,0D,10,83,B6,09,20,70,00,
372000,00000054,false,Rx,0,8,01,05,00,01,7D,02,00,00,
372000,00000055,false,Rx,0,8,10,27,00,00,00,00,00,00,
0,00000056,false,Rx,0,8,10,27,00,00,00,00,00,00,
0,00000057,false,Rx,0,8,00,00,FE,FF,FE,FF,00,00,
401000,00000625,false,Rx,0,8,25,00,59,86,01,54,5C,06,
462000,0000060D,false,Rx,0,8,0D,10,83,B6,09,20,70,00,
500000,00000625,false,Rx,0,8,25,00,59,86,01,54,5C,06,
551000,000002C4,false,Rx,0,8,09,00,00,00,7D,02,00,00,
552000,000002C5,false,Rx,0,8,00,00,00,00,00,00,00,00,
552000,000002C6,false,Rx,0,8,32,00,7C,01,00,00,00,00,
562000,0000060D,false,Rx,0,8,0D,10,83,B6,09,20,70,00,
572000,00000054,false,Rx,0,8,01,05,00,01,7D,02,00,00,
573000,00000055,false,Rx,0,8,10,27,00,00,00,00,00,00,
0,00000056,false,Rx,0,8,10,27,00,00,00,00,00,00,
0,00000057,false,Rx,0,8,00,00,FE,FF,FE,FF,00,00,
599000,00000625,false,Rx,0,8,25,00,59,86,01,54,5C,06,
663000,0000060D,false,Rx,0,8,0D,10,83,B6,09,20,70,00,
701000,00000625,false,Rx,0,8,25,00,59,86,01,54,5C,06,
763000,0000060D,false,Rx,0,8,0D,10,83,B6,09,20,70,00,
0,000002C4,false,Rx,0,8,09,00,00,00,7D,02,00,00,
0,000002C5,false,Rx,0,8,00,00,00,00,00,00,00,00,
772000,000002C6,false,Rx,0,8,32,00,7C,01,00,00,00,00,
0,00000054,false,Rx,0,8,01,05,00,01,7D,02,00,00,
0,00000055,false,Rx,0,8,10,27,00,00,00,00,00,00,
0,00000056,false,Rx,0,8,10,27,00,00,00,00,00,00,
773000,00000057,false,Rx,0,8,00,00,FE,FF,FE,FF,00,00,
801000,00000625,false,Rx,0,8,25,00,59,86,01,54,5C,06,
863000,0000060D,false,Rx,0,8,0D,10,83,B6,09,20,70,00,
900000,00000625,false,Rx,0,8,25,00,59,86,01,54,5C,06,
963000,0000060D,false,Rx,0,8,0D,10,83,B6,09,20,70,00,
972000,00000054,false,Rx,0,8,01,05,00,01,7D,02,00,00,
973000,00000055,false,Rx,0,8,10,27,00,00,00,00,00,00,
973000,00000056,false,Rx,0,8,10,27,00,00,00,00,00,00,
974000,00000057,false,Rx,0,8,00,00,FE,FF,FE,FF,00,00,
992000,000002C4,false,Rx,0,8,09,00,00,00,7D,02,00,00,
992000,000002C5,false,Rx,0,8,00,00,00,00,00,00,00,00,
993000,000002C6,false,Rx,0,8,32,00,7C,01,00,00,00,00,
0,00000625,false,Rx,0,8,25,00,59,86,01,54,5C,06,
63000,0000060D,false,Rx,0,8,0D,10,83,B6,09,20,70,00,
100000,00000625,false,Rx,0,8,25,00,59,86,01,54,5C,06,
162000,0000060D,false,Rx,0,8,0D,10,83,B6,09,20,70,00,
171000,00000054,false,Rx,0,8,01,05,00,01,7D,02,00,00,
173000,00000055,false,Rx,0,8,10,27,00,00,00,00,00,00,
173000,00000056,false,Rx,0,8,10,27,00,00,00,00,00,00,
173000,00000057,false,Rx,0,8,00,00,FE,FF,FE,FF,00,00,
200000,00000625,false,Rx,0,8,25,00,59,86,01,54,5C,06,
0,000002C4,false,Rx,0,8,09,00,00,00,7D,02,00,00,
0,000002C5,false,Rx,0,8,00,00,00,00,00,00,00,00,
212000,000002C6,false,Rx,0,8,32,00,7C,01,00,00,00,00,
263000,0000060D,false,Rx,0,8,0D,10,83,B6,09,20,70,00,
300000,00000625,false,Rx,0,8,25,00,59,86,01,54,5C,06,
363000,0000060D,false,Rx,0,8,0D,10,83,B6,09,20,70,00,
372000,00000054,false,Rx,0,8,01,05,00,01,7D,02,00,00,
372000,00000055,false,Rx,0,8,10,27,00,00,00,00,00,00,
373000,00000056,false,Rx,0,8,10,27,00,00,00,00,00,00,
373000,00000057,false,Rx,0,8,00,00,FE,FF,FE,FF,00,00,
401000,00000625,false,Rx,0,8,25,00,59,86,01,54,5C,06,
431000,000002C4,false,Rx,0,8,09,00,00,00,7D,02,00,00,
431000,000002C5,false,Rx,0,8,00,00,00,00,00,00,00,00,
432000,000002C6,false,Rx,0,8,32,00,7C,01,00,00,00,00,
464000,0000060D,false,Rx,0,8,0D,10,83,B6,09,20,70,00,
500000,00000625,false,Rx,0,8,25,00,59,86,01,54,5C,06,
563000,0000060D,false,Rx,0,8,0D,10,83,B6,09,20,70,00,
0,00000054,false,Rx,0,8,01,05,00,01,7D,02,00,00,
0,00000055,false,Rx,0,8,10,27,00,00,00,00,00,00,
0,00000056,false,Rx,0,8,10,27,00,00,00,00,00,00,
0,00000057,false,Rx,0,8,00,00,FE,FF,FE,FF,00,00,
600000,00000625,false,Rx,0,8,25,00,59,86,01,54,5C,06,
0,000002C4,false,Rx,0,8,09,00,00,00,7D,02,00,00,
0,000002C5,false,Rx,0,8,00,00,00,00,00,00,00,00,
652000,000002C6,false,Rx,0,8,32,00,7C,01,00,00,00,00,
663000,0000060D,false,Rx,0,8,0D,10,83,B6,09,20,70,00,
700000,00000625,false,Rx,0,8,25,00,59,86,01,54,5C,06,
763000,0000060D,false,Rx,0,8,0D,10,83,B6,09,20,70,00,
773000,00000054,false,Rx,0,8,01,05,00,01,7D,02,00,00,
0,00000055,false,Rx,0,8,10,27,00,00,00,00,00,00,
0,00000056,false,Rx,0,8,10,27,00,00,00,00,00,00,
773000,00000057,false,Rx,0,8,00,00,FE,FF,FE,FF,00,00,
800000,00000625,false,Rx,0,8,25,00,59,86,01,54,5C,06,
863000,0000060D,false,Rx,0,8,0D,10,83,B6,09,20,70,00,
871000,000002C4,false,Rx,0,8,09,00,00,00,7D,02,00,00,
871000,000002C5,false,Rx,0,8,00,00,00,00,00,00,00,00,
871000,000002C6,false,Rx,0,8,32,00,7C,01,00,00,00,00,
900000,00000625,false,Rx,0,8,25,00,59,86,01,54,5C,06,
964000,0000060D,false,Rx,0,8,0D,10,83,B6,09,20,70,00,
972000,00000054,false,Rx,0,8,01,05,00,01,7D,02,00,00,
972000,00000055,false,Rx,0,8,10,27,00,00,00,00,00,00,
972000,00000056,false,Rx,0,8,10,27,00,00,00,00,00,00,
972000,00000057,false,Rx,0,8,00,00,FE,FF,FE,FF,00,00,
0,00000625,false,Rx,0,8,25,00,59,86,01,54,5C,06,
64000,0000060D,false,Rx,0,8,0D,10,83,B6,09,20,70,00,
92000,000002C4,false,Rx,0,8,09,00,00,00,7D,02,00,00,
92000,000002C5,false,Rx,0,8,00,00,00,00,00,00,00,00,
92000,000002C6,false,Rx,0,8,32,00,7C,01,00,00,00,00,
101000,00000625,false,Rx,0,8,25,00,59,86,01,54,5C,06,
163000,0000060D,false,Rx,0,8,0D,10,83,B6,09,20,70,00,
172000,00000054,false,Rx,0,8,01,05,00,01,7D,02,00,00,
172000,00000055,false,Rx,0,8,10,27,00,00,00,00,00,00,
173000,00000056,false,Rx,0,8,10,27,00,00,00,00,00,00,
173000,00000057,false,Rx,0,8,00,00,FE,FF,FE,FF,00,00,
199000,00000625,false,Rx,0,8,25,00,59,86,01,54,5C,06,
263000,0000060D,false,Rx,0,8,0D,10,83,B6,09,20,70,00,
300000,00000625,false,Rx,0,8,25,00,59,86,01,54,5C,06,
312000,000002C4,false,Rx,0,8,09,00,00,00,7D,02,00,00,
312000,000002C5,false,Rx,0,8,00,00,00,00,00,00,00,00,
312000,000002C6,false,Rx,0,8,32,00,7C,01,00,00,00,00,
363000,0000060D,false,Rx,0,8,0D,10,83,B6,09,20,70,00,
372000,00000054,false,Rx,0,8,01,05,00,01,7D,02,00,00,
373000,00000055,false,Rx,0,8,10,27,00,00,00,00,00,00,
0,00000056,false,Rx,0,8,10,27,00,00,00,00,00,00,
0,00000057,false,Rx,0,8,00,00,FE,FF,FE,FF,00,00,
400000,00000625,false,Rx,0,8,25,00,59,86,01,54,5C,06,
462000,0000060D,false,Rx,0,8,0D,10,83,B6,09,20,70,00,
499000,00000625,false,Rx,0,8,25,00,59,86,01,54,5C,06,
531000,000002C4,false,Rx,0,8,09,00,00,00,7D,02,00,00,
531000,000002C5,false,Rx,0,8,00,00,00,00,00,00,00,00,
532000,000002C6,false,Rx,0,8,32,00,7C,01,00,00,00,00,
563000,0000060D,false,Rx,0,8,0D,10,83,B6,09,20,70,00,
572000,00000054,false,Rx,0,8,01,05,00,01,7D,02,00,00,
572000,00000055,false,Rx,0,8,10,27,00,00,00,00,00,00,
572000,00000056,false,Rx,0,8,10,27,00,00,00,00,00,00,
573000,00000057,false,Rx,0,8,00,00,FE,FF,FE,FF,00,00,
599000,00000625,false,Rx,0,8,25,00,59,86,01,54,5C,06,
663000,0000060D,false,Rx,0,8,0D,10,83,B6,09,20,70,00,
700000,00000625,false,Rx,0,8,25,00,59,86,01,54,5C,06,
751000,000002C4,false,Rx,0,8,09,00,00,00,7D,02,00,00,
751000,000002C5,false,Rx,0,8,00,00,00,00,00,00,00,00,
752000,000002C6,false,Rx,0,8,32,00,7C,01,00,00,00,00,
763000,0000060D,false,Rx,0,8,0D,10,83,B6,09,20,70,00,
772000,00000054,false,Rx,0,8,01,05,00,01,7D,02,00,00,
773000,00000055,false,Rx,0,8,10,27,00,00,00,00,00,00,
773000,00000056,false,Rx,0,8,10,27,00,00,00,00,00,00,
773000,00000057,false,Rx,0,8,00,00,FE,FF,FE,FF,00,00,
799000,00000625,false,Rx,0,8,25,00,59,86,01,54,5C,06,
863000,0000060D,false,Rx,0,8,0D,10,83,B6,09,20,70,00,
900000,00000625,false,Rx,0,8,25,00,59,86,01,54,5C,06,
963000,0000060D,false,Rx,0,8,0D,10,83,B6,09,20,70,00,
971000,000002C4,false,Rx,0,8,09,00,00,00,7D,02,00,00,
972000,000002C5,false,Rx,0,8,00,00,00,00,00,00,00,00,
972000,000002C6,false,Rx,0,8,32,00,7C,01,00,00,00,00,
973000,00000054,false,Rx,0,8,01,05,00,01,7D,02,00,00,
0,00000055,false,Rx,0,8,10,27,00,00,00,00,00,00,
0,00000056,false,Rx,0,8,10,27,00,00,00,00,00,00,
974000,00000057,false,Rx,0,8,00,00,FE,FF,FE,FF,00,00,
0,00000625,false,Rx,0,8,25,00,59,86,01,54,5C,06,
63000,0000060D,false,Rx,0,8,0D,10,83,B6,09,20,70,00,
100000,00000625,false,Rx,0,8,25,00,59,86,01,54,5C,06,
163000,0000060D,false,Rx,0,8,0D,10,83,B6,09,20,70,00,
173000,00000054,false,Rx,0,8,01,05,00,01,7D,02,00,00,
173000,00000055,false,Rx,0,8,10,27,00,00,00,00,00,00,
173000,00000056,false,Rx,0,8,10,27,00,00,00,00,00,00,
173000,00000057,false,Rx,0,8,00,00,FE,FF,FE,FF,00,00,
191000,000002C4,false,Rx,0,8,09,00,00,00,7D,02,00,00,
192000,000002C5,false,Rx,0,8,00,00,00,00,00,00,00,00,
192000,000002C6,false,Rx,0,8,32,00,7C,01,00,00,00,00,
200000,00000625,false,Rx,0,8,25,00,59,86,01,54,5C,06,
263000,0000060D,false,Rx,0,8,0D,10,83,B6,09,20,70,00,
300000,00000625,false,Rx,0,8,25,00,59,86,01,54,5C,06,
363000,0000060D,false,Rx,0,8,0D,10,83,B6,09,20,70,00,
372000,00000054,false,Rx,0,8,01,05,00,01,7D,02,00,00,
372000,00000055,false,Rx,0,8,10,27,00,00,00,00,00,00,
373000,00000056,false,Rx,0,8,10,27,00,00,00,00,00,00,
373000,00000057,false,Rx,0,8,00,00,FE,FF,FE,FF,00,00,
400000,00000625,false,Rx,0,8,25,00,59,86,01,54,5C,06,
0,000002C4,false,Rx,0,8,09,00,00,00,7D,02,00,00,
0,000002C5,false,Rx,0,8,00,00,00,00,00,00,00,00,
412000,000002C6,false,Rx,0,8,32,00,7C,01,00,00,00,00,
463000,0000060D,false,Rx,0,8,0D,10,83,B6,09,20,70,00,
500000,00000625,false,Rx,0,8,25,00,59,86,01,54,5C,06,
562000,0000060D,false,Rx,0,8,0D,10,83,B6,09,20,70,00,
572000,00000054,false,Rx,0,8,01,05,00,01,7D,02,00,00,
572000,00000055,false,Rx,0,8,10,27,00,00,00,00,00,00,
572000,00000056,false,Rx,0,8,10,27,00,00,00,00,00,00,
572000,00000057,false,Rx,0,8,00,00,FE,FF,FE,FF,00,00,
600000,00000625,false,Rx,0,8,25,00,59,86,01,54,5C,06,
631000,000002C4,false,Rx,0,8,09,00,00,00,7D,02,00,00,
631000,000002C5,false,Rx,0,8,00,00,00,00,00,00,00,00,
631000,000002C6,false,Rx,0,8,32,00,7C,01,00,00,00,00,
663000,0000060D,false,Rx,0,8,0D,10,83,B6,09,20,70,00,
700000,00000625,false,Rx,0,8,25,00,59,86,01,54,5C,06,
763000,0000060D,false,Rx,0,8,0D,10,83,B6,09,20,70,00,
772000,00000054,false,Rx,0,8,01,05,00,01,7D,02,00,00,
772000,00000055,false,Rx,0,8,10,27,00,00,00,00,00,00,
772000,00000056,false,Rx,0,8,10,27,00,00,00,00,00,00,
773000,00000057,false,Rx,0,8,00,00,FE,FF,FE,FF,00,00,
800000,00000625,false,Rx,0,8,25,00,59,86,01,54,5C,06,
851000,000002C4,false,Rx,0,8,09,00,00,00,7D,02,00,00,
851000,000002C5,false,Rx,0,8,00,00,00,00,00,00,00,00,
852000,000002C6,false,Rx,0,8,32,00,7C,01,00,00,00,00,
862000,0000060D,false,Rx,0,8,0D,10,83,B6,09,20,70,00,
900000,00000625,false,Rx,0,8,25,00,59,86,01,54,5C,06,
962000,0000060D,false,Rx,0,8,0D,10,83,B6,09,20,70,00,
972000,00000054,false,Rx,0,8,01,05,00,01,7D,02,00,00,
973000,00000055,false,Rx,0,8,10,27,00,00,00,00,00,00,
973000,00000056,false,Rx,0,8,10,27,00,00,00,00,00,00,
973000,00000057,false,Rx,0,8,00,00,FE,FF,FE,FF,00,00,
0,00000625,false,Rx,0,8,25,00,59,86,01,54,5C,06,
62000,0000060D,false,Rx,0,8,0D,10,83,B6,09,20,70,00,
0,000002C4,false,Rx,0,8,09,00,00,00,7D,02,00,00,
0,000002C5,false,Rx,0,8,00,00,00,00,00,00,00,00,
72000,000002C6,false,Rx,0,8,32,00,7C,01,00,00,00,00,
100000,00000625,false,Rx,0,8,25,00,59,86,01,54,5C,06,
162000,0000060D,false,Rx,0,8,0D,10,83,B6,09,20,70,00,
172000,00000054,false,Rx,0,8,01,05,00,01,7D,02,00,00,
173000,00000055,false,Rx,0,8,10,27,00,00,00,00,00,00,
173000,00000056,false,Rx,0,8,10,27,00,00,00,00,00,00,
173000,00000057,false,Rx,0,8,00,00,FE,FF,FE,FF,00,00,
200000,00000625,false,Rx,0,8,25,00,59,86,01,54,5C,06,
262000,0000060D,false,Rx,0,8,0D,10,83,B6,09,20,70,00,
291000,000002C4,false,Rx,0,8,09,00,00,00,7D,02,00,00,
292000,000002C5,false,Rx,0,8,00,00,00,00,00,00,00,00,
292000,000002C6,false,Rx,0,8,32,00,7C,01,00,00,00,00,
300000,00000625,false,Rx,0,8,25,00,59,86,01,54,5C,06,
363000,0000060D,false,Rx,0,8,0D,10,83,B6,09,20,70,00,
373000,00000054,false,Rx,0,8,01,05,00,01,7D,02,00,00,
373000,00000055,false,Rx,0,8,10,27,00,00,00,00,00,00,
373000,00000056,false,Rx,0,8,10,27,00,00,00,00,00,00,
373000,00000057,false,Rx,0,8,00,00,FE,FF,FE,FF,00,00,
399000,00000625,false,Rx,0,8,25,00,59,86,01,54,5C,06,
463000,0000060D,false,Rx,0,8,0D,10,83,B6,09,20,70,00,
500000,00000625,false,Rx,0,8,25,00,59,86,01,54,5C,06,
0,000002C4,false,Rx,0,8,09,00,00,00,7D,02,00,00,
0,000002C5,false,Rx,0,8,00,00,00,00,00,00,00,00,
0,000002C6,false,Rx,0,8,32,00,7C,01,00,00,00,00,
563000,0000060D,false,Rx,0,8,0D,10,83,B6,09,20,70,00,
572000,00000054,false,Rx,0,8,01,05,00,01,7D,02,00,00,
573000,00000055,false,Rx,0,8,10,27,00,00,00,00,00,00,
573000,00000056,false,Rx,0,8,10,27,00,00,00,00,00,00,
573000,00000057,false,Rx,0,8,00,00,FE,FF,FE,FF,00,00,
600000,00000625,false,Rx,0,8,25,00,59,86,01,54,5C,06,
662000,0000060D,false,Rx,0,8,0D,10,83,B6,09,20,70,00,
701000,00000625,false,Rx,0,8,25,00,59,86,01,54,5C,06,
0,000002C4,false,Rx,0,8,09,00,00,00,7D,02,00,00,
0,000002C5,false,Rx,0,8,00,00,00,00,00,00,00,00,
732000,000002C6,false,Rx,0,8,32,00,7C,01,00,00,00,00,
763000,0000060D,false,Rx,0,8,0D,10,83,B6,09,20,70,00,
772000,00000054,false,Rx,0,8,01,05,00,01,7D,02,00,00,
773000,00000055,false,Rx,0,8,10,27,00,00,00,00,00,00,
773000,00000056,false,Rx,0,8,10,27,00,00,00,00,00,00,
773000,00000057,false,Rx,0,8,00,00,FE,FF,FE,FF,00,00,
800000,00000625,false,Rx,0,8,25,00,59,86,01,54,5C,06,
863000,0000060D,false,Rx,0,8,0D,10,83,B6,09,20,70,00,
900000,00000625,false,Rx,0,8,25,00,59,86,01,54,5C,06,
0,000002C4,false,Rx,0,8,09,00,00,00,7D,02,00,00,
0,000002C5,false,Rx,0,8,00,00,00,00,00,00,00,00,
0,000002C6,false,Rx,0,8,32,00,7C,01,00,00,00,00,
963000,0000060D,false,Rx,0,8,0D,10,83,B6,09,20,70,00,
972000,00000054,false,Rx,0,8,01,05,00,01,7D,02,00,00,
972000,00000055,false,Rx,0,8,10,27,00,00,00,00,00,00,
972000,00000056,false,Rx,0,8,10,27,00,00,00,00,00,00,
972000,00000057,false,Rx,0,8,00,00,FE,FF,FE,FF,00,00,
0,00000625,false,Rx,0,8,25,00,59,86,01,54,5C,06,
63000,0000060D,false,Rx,0,8,0D,10,83,B6,09,20,70,00,
100000,00000625,false,Rx,0,8,25,00,59,86,01,54,5C,06,
162000,0000060D,false,Rx,0,8,0D,10,83,B6,09,20,70,00,
171000,000002C4,false,Rx,0,8,09,00,00,00,7D,02,00,00,
172000,000002C5,false,Rx,0,8,00,00,00,00,00,00,00,00,
172000,000002C6,false,Rx,0,8,32,00,7C,01,00,00,00,00,
173000,00000054,false,Rx,0,8,01,05,00,01,7D,02,00,00,
173000,00000055,false,Rx,0,8,10,27,00,00,00,00,00,00,
173000,00000056,false,Rx,0,8,10,27,00,00,00,00,00,00,
174000,00000057,false,Rx,0,8,00,00,FE,FF,FE,FF,00,00,
200000,00000625,false,Rx,0,8,25,00,59,86,01,54,5C,06,
263000,0000060D,false,Rx,0,8,0D,10,83,B6,09,20,70,00,
300000,00000625,false,Rx,0,8,25,00,59,86,01,54,5C,06,
362000,0000060D,false,Rx,0,8,0D,10,83,B6,09,20,70,00,
372000,00000054,false,Rx,0,8,01,05,00,01,7D,02,00,00,
372000,00000055,false,Rx,0,8,10,27,00,00,00,00,00,00,
373000,00000056,false,Rx,0,8,10,27,00,00,00,00,00,00,
373000,00000057,false,Rx,0,8,00,00,FE,FF,FE,FF,00,00,
391000,000002C4,false,Rx,0,8,09,00,00,00,7D,02,00,00,
391000,000002C5,false,Rx,0,8,00,00,00,00,00,00,00,00,
391000,000002C6,false,Rx,0,8,32,00,7C,01,00,00,00,00,
403000,00000625,false,Rx,0,8,25,00,59,86,01,54,5C,06,
463000,0000060D,false,Rx,0,8,0D,10,83,B6,09,20,70,00,
500000,00000625,false,Rx,0,8,25,00,59,86,01,54,5C,06,
564000,0000060D,false,Rx,0,8,0D,10,83,B6,09,20,70,00,
0,00000054,false,Rx,0,8,01,05,00,01,7D,02,00,00,
0,00000055,false,Rx,0,8,10,27,00,00,00,00,00,00,
0,00000056,false,Rx,0,8,10,27,00,00,00,00,00,00,
572000,00000057,false,Rx,0,8,00,00,FE,FF,FE,FF,00,00,
600000,00000625,false,Rx,0,8,25,00,59,86,01,54,5C,06,
612000,000002C4,false,Rx,0,8,09,00,00,00,7D,02,00,00,
612000,000002C5,false,Rx,0,8,00,00,00,00,00,00,00,00,
613000,000002C6,false,Rx,0,8,32,00,7C,01,00,00,00,00,
663000,0000060D,false,Rx,0,8,0D,10,83,B6,09,20,70,00,
700000,00000625,false,Rx,0,8,25,00,59,86,01,54,5C,06,
763000,0000060D,false,Rx,0,8,0D,10,83,B6,09,20,70,00,
0,00000054,false,Rx,0,8,01,05,00,01,7D,02,00,00,
0,00000055,false,Rx,0,8,10,27,00,00,00,00,00,00,
0,00000056,false,Rx,0,8,10,27,00,00,00,00,00,00,
773000,00000057,false,Rx,0,8,00,00,FE,FF,FE,FF,00,00,
800000,00000625,false,Rx,0,8,25,00,59,86,01,54,5C,06,
831000,000002C4,false,Rx,0,8,09,00,00,00,7D,02,00,00,
832000,000002C5,false,Rx,0,8,00,00,00,00,00,00,00,00,
832000,000002C6,false,Rx,0,8,32,00,7C,01,00,00,00,00,
863000,0000060D,false,Rx,0,8,0D,10,83,B6,09,20,70,00,
900000,00000625,false,Rx,0,8,25,00,59,86,01,54,5C,06,
963000,0000060D,false,Rx,0,8,0D,10,83,B6,09,20,70,00,
972000,00000054,false,Rx,0,8,01,05,00,01,7D,02,00,00,
973000,00000055,false,Rx,0,8,10,27,00,00,00,00,00,00,
973000,00000056,false,Rx,0,8,10,27,00,00,00,00,00,00,
973000,00000057,false,Rx,0,8,00,00,FE,FF,FE,FF,00,00,
1000,00000625,false,Rx,0,8,25,00,59,86,01,54,5C,06,
52000,000002C4,false,Rx,0,8,09,00,00,00,7D,02,00,00,
52000,000002C5,false,Rx,0,8,00,00,00,00,00,00,00,00,
52000,000002C6,false,Rx,0,8,32,00,7C,01,00,00,00,00,
63000,0000060D,false,Rx,0,8,0D,10,83,B6,09,20,70,00,
100000,00000625,false,Rx,0,8,25,00,59,86,01,54,5C,06,
163000,0000060D,false,Rx,0,8,0D,10,83,B6,09,20,70,00,
172000,00000054,false,Rx,0,8,01,05,00,01,7D,02,00,00,
172000,00000055,false,Rx,0,8,10,27,00,00,00,00,00,00,
172000,00000056,false,Rx,0,8,10,27,00,00,00,00,00,00,
173000,00000057,false,Rx,0,8,00,00,FE,FF,FE,FF,00,00,
200000,00000625,false,Rx,0,8,25,00,59,86,01,54,5C,06,
263000,0000060D,false,Rx,0,8,0D,10,83,B6,09,20,70,00,
271000,000002C4,false,Rx,0,8,09,00,00,00,7D,02,00,00,
271000,000002C5,false,Rx,0,8,00,00,00,00,00,00,00,00,
272000,000002C6,false,Rx,0,8,32,00,7C,01,00,00,00,00,
300000,00000625,false,Rx,0,8,25,00,59,86,01,54,5C,06,
363000,0000060D,false,Rx,0,8,0D,10,83,B6,09,20,70,00,
372000,00000054,false,Rx,0,8,01,05,00,01,7D,02,00,00,
373000,00000055,false,Rx,0,8,10,27,00,00,00,00,00,00,
373000,00000056,false,Rx,0,8,10,27,00,00,00,00,00,00,
373000,00000057,false,Rx,0,8,00,00,FE,FF,FE,FF,00,00,
400000,00000625,false,Rx,0,8,25,00,59,86,01,54,5C,06,
463000,0000060D,false,Rx,0,8,0D,10,83,B6,09,20,70,00,
492000,000002C4,false,Rx,0,8,09,00,00,00,7D,02,00,00,
492000,000002C5,false,Rx,0,8,00,00,00,00,00,00,00,00,
492000,000002C6,false,Rx,0,8,32,00,7C,01,00,00,00,00,
500000,00000625,false,Rx,0,8,25,00,59,86,01,54,5C,06,
563000,0000060D,false,Rx,0,8,0D,10,83,B6,09,20,70,00,
572000,00000054,false,Rx,0,8,01,05,00,01,7D,02,00,00,
572000,00000055,false,Rx,0,8,10,27,00,00,00,00,00,00,
0,00000056,false,Rx,0,8,10,27,00,00,00,00,00,00,
0,00000057,false,Rx,0,8,00,00,FE,FF,FE,FF,00,00,
600000,00000625,false,Rx,0,8,25,00,59,86,01,54,5C,06,
663000,0000060D,false,Rx,0,8,0D,10,83,B6,09,20,70,00,
701000,00000625,false,Rx,0,8,25,00,59,86,01,54,5C,06,
0,000002C4,false,Rx,0,8,09,00,00,00,7D,02,00,00,
0,000002C5,false,Rx,0,8,00,00,00,00,00,00,00,00,
712000,000002C6,false,Rx,0,8,32,00,7C,01,00,00,00,00,
763000,0000060D,false,Rx,0,8,0D,10,83,B6,09,20,70,00,
772000,00000054,false,Rx,0,8,01,05,00,01,7D,02,00,00,
772000,00000055,false,Rx,0,8,10,27,00,00,00,00,00,00,
772000,00000056,false,Rx,0,8,10,27,00,00,00,00,00,00,
773000,00000057,false,Rx,0,8,00,00,FE,FF,FE,FF,00,00,
800000,00000625,false,Rx,0,8,25,00,59,86,01,54,5C,06,
863000,0000060D,false,Rx,0,8,0D,10,83,B6,09,20,70,00,
900000,00000625,false,Rx,0,8,25,00,59,86,01,54,5C,06,
931000,000002C4,false,Rx,0,8,09,00,00,00,7D,02,00,00,
931000,000002C5,false,Rx,0,8,00,00,00,00,00,00,00,00,
931000,000002C6,false,Rx,0,8,32,00,7C,01,00,00,00,00,
964000,0000060D,false,Rx,0,8,0D,10,83,B6,09,20,70,00,
972000,00000054,false,Rx,0,8,01,05,00,01,7D,02,00,00,
972000,00000055,false,Rx,0,8,10,27,00,00,00,00,00,00,
972000,00000056,false,Rx,0,8,10,27,00,00,00,00,00,00,
973000,00000057,false,Rx,0,8,00,00,FE,FF,FE,FF,00,00,
0,00000625,false,Rx,0,8,25,00,59,86,01,54,5C,06,
63000,0000060D,false,Rx,0,8,0D,10,83,B6,09,20,70,00,
100000,00000625,false,Rx,0,8,25,00,59,86,01,54,5C,06,
0,000002C4,false,Rx,0,8,09,00,00,00,7D,02,00,00,
0,000002C5,false,Rx,0,8,00,00,00,00,00,00,00,00,
0,000002C6,false,Rx,0,8,32,00,7C,01,00,00,00,00,
163000,0000060D,false,Rx,0,8,0D,10,83,B6,09,20,70,00,
172000,00000054,false,Rx,0,8,01,05,00,01,7D,02,00,00,
172000,00000055,false,Rx,0,8,10,27,00,00,00,00,00,00,
173000,00000056,false,Rx,0,8,10,27,00,00,00,00,00,00,
173000,00000057,false,Rx,0,8,00,00,FE,FF,FE,FF,00,00,
200000,00000625,false,Rx,0,8,25,00,59,86,01,54,5C,06,
263000,0000060D,false,Rx,0,8,0D,10,83,B6,09,20,70,00,
300000,00000625,false,Rx,0,8,25,00,59,86,01,54,5C,06,
363000,0000060D,false,Rx,0,8,0D,10,83,B6,09,20,70,00,
0,000002C4,false,Rx,0,8,09,00,00,00,7D,02,00,00,
0,000002C5,false,Rx,0,8,00,00,00,00,00,00,00,00,
371000,000002C6,false,Rx,0,8,32,00,7C,01,00,00,00,00,
372000,00000054,false,Rx,0,8,01,05,00,01,7D,02,00,00,
372000,00000055,false,Rx,0,8,10,27,00,00,00,00,00,00,
372000,00000056,false,Rx,0,8,10,27,00,00,00,00,00,00,
373000,00000057,false,Rx,0,8,00,00,FE,FF,FE,FF,00,00,
401000,00000625,false,Rx,0,8,25,00,59,86,01,54,5C,06,
463000,0000060D,false,Rx,0,8,0D,10,83,B6,09,20,70,00,
500000,00000625,false,Rx,0,8,25,00,59,86,01,54,5C,06,
564000,0000060D,false,Rx,0,8,0D,10,83,B6,09,20,70,00,
0,00000054,false,Rx,0,8,01,05,00,01,7D,02,00,00,
0,00000055,false,Rx,0,8,10,27,00,00,00,00,00,00,
0,00000056,false,Rx,0,8,10,27,00,00,00,00,00,00,
0,00000057,false,Rx,0,8,00,00,FE,FF,FE,FF,00,00,
0,000002C4,false,Rx,0,8,09,00,00,00,7D,02,00,00,
0,000002C5,false,Rx,0,8,00,00,00,00,00,00,00,00,
592000,000002C6,false,Rx,0,8,32,00,7C,01,00,00,00,00,
599000,00000625,false,Rx,0,8,25,00,59,86,01,54,5C,06,
663000,0000060D,false,Rx,0,8,0D,10,83,B6,09,20,70,00,
700000,00000625,false,Rx,0,8,25,00,59,86,01,54,5C,06,
762000,0000060D,false,Rx,0,8,0D,10,83,B6,09,20,70,00,
771000,00000054,false,Rx,0,8,01,05,00,01,7D,02,00,00,
0,00000055,false,Rx,0,8,10,27,00,00,00,00,00,00,
0,00000056,false,Rx,0,8,10,27,00,00,00,00,00,00,
773000,00000057,false,Rx,0,8,00,00,FE,FF,FE,FF,00,00,
800000,00000625,false,Rx,0,8,25,00,59,86,01,54,5C,06,
811000,000002C4,false,Rx,0,8,09,00,00,00,7D,02,00,00,
811000,000002C5,false,Rx,0,8,00,00,00,00,00,00,00,00,
811000,000002C6,false,Rx,0,8,32,00,7C,01,00,00,00,00,
863000,0000060D,false,Rx,0,8,0D,10,83,B6,09,20,70,00,
901000,00000625,false,Rx,0,8,25,00,59,86,01,54,5C,06,
964000,0000060D,false,Rx,0,8,0D,10,83,B6,09,20,70,00,
972000,00000054,false,Rx,0,8,01,05,00,01,7D,02,00,00,
0,00000055,false,Rx,0,8,10,27,00,00,00,00,00,00,
0,00000056,false,Rx,0,8,10,27,00,00,00,00,00,00,
972000,00000057,false,Rx,0,8,00,00,FE,FF,FE,FF,00,00,
0,00000625,false,Rx,0,8,25,00,59,86,01,54,5C,06,
31000,000002C4,false,Rx,0,8,09,00,00,00,7D,02,00,00,
31000,000002C5,false,Rx,0,8,00,00,00,00,00,00,00,00,
32000,000002C6,false,Rx,0,8,32,00,7C,01,00,00,00,00,
63000,0000060D,false,Rx,0,8,0D,10,83,B6,09,20,70,00,
100000,00000625,false,Rx,0,8,25,00,59,86,01,54,5C,06,
163000,0000060D,false,Rx,0,8,0D,10,83,B6,09,20,70,00,
0,00000054,false,Rx,0,8,01,05,00,01,7D,02,00,00,
0,00000055,false,Rx,0,8,10,27,00,00,00,00,00,00,
173000,00000056,false,Rx,0,8,10,27,00,00,00,00,00,00,
173000,00000057,false,Rx,0,8,00,00,FE,FF,FE,FF,00,00,
200000,00000625,false,Rx,0,8,25,00,59,86,01,54,5C,06,
251000,000002C4,false,Rx,0,8,09,00,00,00,7D,02,00,00,
252000,000002C5,false,Rx,0,8,00,00,00,00,00,00,00,00,
252000,000002C6,false,Rx,0,8,32,00,7C,01,00,00,00,00,
262000,0000060D,false,Rx,0,8,0D,10,83,B6,09,20,70,00,
300000,00000625,false,Rx,0,8,25,00,59,86,01,54,5C,06,
363000,0000060D,false,Rx,0,8,0D,10,83,B6,09,20,70,00,
372000,00000054,false,Rx,0,8,01,05,00,01,7D,02,00,00,
372000,00000055,false,Rx,0,8,10,27,00,00,00,00,00,00,
372000,00000056,false,Rx,0,8,10,27,00,00,00,00,00,00,
372000,00000057,false,Rx,0,8,00,00,FE,FF,FE,FF,00,00,
399000,00000625,false,Rx,0,8,25,00,59,86,01,54,5C,06,
464000,0000060D,false,Rx,0,8,0D,10,83,B6,09,20,70,00,
471000,000002C4,false,Rx,0,8,09,00,00,00,7D,02,00,00,
471000,000002C5,false,Rx,0,8,00,00,00,00,00,00,00,00,
471000,000002C6,false,Rx,0,8,32,00,7C,01,00,00,00,00,
500000,00000625,false,Rx,0,8,25,00,59,86,01,54,5C,06,
563000,0000060D,false,Rx,0,8,0D,10,83,B6,09,20,70,00,
572000,00000054,false,Rx,0,8,01,05,00,01,7D,02,00,00,
572000,00000055,false,Rx,0,8,10,27,00,00,00,00,00,00,
572000,00000056,false,Rx,0,8,10,27,00,00,00,00,00,00,
573000,00000057,false,Rx,0,8,00,00,FE,FF,FE,FF,00,00,
600000,00000625,false,Rx,0,8,25,00,59,86,01,54,5C,06,
663000,0000060D,false,Rx,0,8,0D,10,83,B6,09,20,70,00,
692000,000002C4,false,Rx,0,8,09,00,00,00,7D,02,00,00,
692000,000002C5,false,Rx,0,8,00,00,00,00,00,00,00,00,
692000,000002C6,false,Rx,0,8,32,00,7C,01,00,00,00,00,
700000,00000625,false,Rx,0,8,25,00,59,86,01,54,5C,06,
763000,0000060D,false,Rx,0,8,0D,10,83,B6,09,20,70,00,
0,00000054,false,Rx,0,8,01,05,00,01,7D,02,00,00,
0,00000055,false,Rx,0,8,10,27,00,00,00,00,00,00,
772000,00000056,false,Rx,0,8,10,27,00,00,00,00,00,00,
772000,00000057,false,Rx,0,8,00,00,FE,FF,FE,FF,00,00,
800000,00000625,false,Rx,0,8,25,00,59,86,01,54,5C,06,
863000,0000060D,false,Rx,0,8,0D,10,83,B6,09,20,70,00,
900000,00000625,false,Rx,0,8,25,00,59,86,01,54,5C,06,
0,000002C4,false,Rx,0,8,09,00,00,00,7D,02,00,00,
0,000002C5,false,Rx,0,8,00,00,00,00,00,00,00,00,
911000,000002C6,false,Rx,0,8,32,00,7C,01,00,00,00,00,
962000,0000060D,false,Rx,0,8,0D,10,83,B6,09,20,70,00,
972000,00000054,false,Rx,0,8,01,05,00,01,7D,02,00,00,
973000,00000055,false,Rx,0,8,10,27,00,00,00,00,00,00,
0,00000056,false,Rx,0,8,10,27,00,00,00,00,00,00,
0,00000057,false,Rx,0,8,00,00,FE,FF,FE,FF,00,00,
0,00000625,false,Rx,0,8,25,00,59,86,01,54,5C,06,
62000,0000060D,false,Rx,0,8,0D,10,83,B6,09,20,70,00,
101000,00000625,false,Rx,0,8,25,00,59,86,01,54,5C,06,
0,000002C4,false,Rx,0,8,09,00,00,00,7D,02,00,00,
0,000002C5,false,Rx,0,8,00,00,00,00,00,00,00,00,
0,000002C6,false,Rx,0,8,32,00,7C,01,00,00,00,00,
162000,0000060D,false,Rx,0,8,0D,10,83,B6,09,20,70,00,
173000,00000054,false,Rx,0,8,01,05,00,01,7D,02,00,00,
173000,00000055,false,Rx,0,8,10,27,00,00,00,00,00,00,
173000,00000056,false,Rx,0,8,10,27,00,00,00,00,00,00,
173000,00000057,false,Rx,0,8,00,00,FE,FF,FE,FF,00,00,
200000,00000625,false,Rx,0,8,25,00,59,86,01,54,5C,06,
263000,0000060D,false,Rx,0,8,0D,10,83,B6,09,20,70,00,
300000,00000625,false,Rx,0,8,25,00,59,86,01,54,5C,06,
0,000002C4,false,Rx,0,8,09,00,00,00,7D,02,00,00,
0,000002C5,false,Rx,0,8,00,00,00,00,00,00,00,00,
0,000002C6,false,Rx,0,8,32,00,7C,01,00,00,00,00,
363000,0000060D,false,Rx,0,8,0D,10,83,B6,09,20,70,00,
372000,00000054,false,Rx,0,8,01,05,00,01,7D,02,00,00,
372000,00000055,false,Rx,0,8,10,27,00,00,00,00,00,00,
372000,00000056,false,Rx,0,8,10,27,00,00,00,00,00,00,
373000,00000057,false,Rx,0,8,00,00,FE,FF,FE,FF,00,00,
400000,00000625,false,Rx,0,8,25,00,59,86,01,54,5C,06,
463000,0000060D,false,Rx,0,8,0D,10,83,B6,09,20,70,00,
499000,00000625,false,Rx,0,8,25,00,59,86,01,54,5C,06,
564000,0000060D,false,Rx,0,8,0D,10,83,B6,09,20,70,00,
0,000002C4,false,Rx,0,8,09,00,00,00,7D,02,00,00,
0,000002C5,false,Rx,0,8,00,00,00,00,00,00,00,00,
0,000002C6,false,Rx,0,8,32,00,7C,01,00,00,00,00,
0,00000054,false,Rx,0,8,01,05,00,01,7D,02,00,00,
0,00000055,false,Rx,0,8,10,27,00,00,00,00,00,00,
0,00000056,false,Rx,0,8,10,27,00,00,00,00,00,00,
0,00000057,false,Rx,0,8,00,00,FE,FF,FE,FF,00,00,
600000,00000625,false,Rx,0,8,25,00,59,86,01,54,5C,06,
664000,0000060D,false,Rx,0,8,0D,10,83,B6,09,20,70,00,
700000,00000625,false,Rx,0,8,25,00,59,86,01,54,5C,06,
763000,0000060D,false,Rx,0,8,0D,10,83,B6,09,20,70,00,
0,00000054,false,Rx,0,8,01,05,00,01,7D,02,00,00,
0,00000055,false,Rx,0,8,10,27,00,00,00,00,00,00,
0,00000056,false,Rx,0,8,10,27,00,00,00,00,00,00,
0,00000057,false,Rx,0,8,00,00,FE,FF,FE,FF,00,00,
792000,000002C4,false,Rx,0,8,09,00,00,00,7D,02,00,00,
792000,000002C5,false,Rx,0,8,00,00,00,00,00,00,00,00,
792000,000002C6,false,Rx,0,8,32,00,7C,01,00,00,00,00,
799000,00000625,false,Rx,0,8,25,00,59,86,01,54,5C,06,
863000,0000060D,false,Rx,0,8,0D,10,83,B6,09,20,70,00,
901000,00000625,false,Rx,0,8,25,00,59,86,01,54,5C,06,
963000,0000060D,false,Rx,0,8,0D,10,83,B6,09,20,70,00,
972000,00000054,false,Rx,0,8,01,05,00,01,7D,02,00,00,
972000,00000055,false,Rx,0,8,10,27,00,00,00,00,00,00,
972000,00000056,false,Rx,0,8,10,27,00,00,00,00,00,00,
973000,00000057,false,Rx,0,8,00,00,FE,FF,FE,FF,00,00,
0,00000625,false,Rx,0,8,25,00,59,86,01,54,5C,06,
11000,000002C4,false,Rx,0,8,09,00,00,00,7D,02,00,00,
11000,000002C5,false,Rx,0,8,00,00,00,00,00,00,00,00,
11000,000002C6,false,Rx,0,8,32,00,7C,01,00,00,00,00,
63000,0000060D,false,Rx,0,8,0D,10,83,B6,09,20,70,00,
100000,00000625,false,Rx,0,8,25,00,59,86,01,54,5C,06,
162000,0000060D,false,Rx,0,8,0D,10,83,B6,09,20,70,00,
172000,00000054,false,Rx,0,8,01,05,00,01,7D,02,00,00,
172000,00000055,false,Rx,0,8,10,27,00,00,00,00,00,00,
173000,00000056,false,Rx,0,8,10,27,00,00,00,00,00,00,
173000,00000057,false,Rx,0,8,00,00,FE,FF,FE,FF,00,00,
200000,00000625,false,Rx,0,8,25,00,59,86,01,54,5C,06,
232000,000002C4,false,Rx,0,8,09,00,00,00,7D,02,00,00,
232000,000002C5,false,Rx,0,8,00,00,00,00,00,00,00,00,
233000,000002C6,false,Rx,0,8,32,00,7C,01,00,00,00,00,
262000,0000060D,false,Rx,0,8,0D,10,83,B6,09,20,70,00,
300000,00000625,false,Rx,0,8,25,00,59,86,01,54,5C,06,
363000,0000060D,false,Rx,0,8,0D,10,83,B6,09,20,70,00,
0,00000054,false,Rx,0,8,01,05,00,01,7D,02,00,00,
0,00000055,false,Rx,0,8,10,27,00,00,00,00,00,00,
0,00000056,false,Rx,0,8,10,27,00,00,00,00,00,00,
0,00000057,false,Rx,0,8,00,00,FE,FF,FE,FF,00,00,
399000,00000625,false,Rx,0,8,25,00,59,86,01,54,5C,06,
0,000002C4,false,Rx,0,8,09,00,00,00,7D,02,00,00,
0,000002C5,false,Rx,0,8,00,00,00,00,00,00,00,00,
0,000002C6,false,Rx,0,8,32,00,7C,01,00,00,00,00,
463000,0000060D,false,Rx,0,8,0D,10,83,B6,09,20,70,00,
500000,00000625,false,Rx,0,8,25,00,59,86,01,54,5C,06,
562000,0000060D,false,Rx,0,8,0D,10,83,B6,09,20,70,00,
572000,00000054,false,Rx,0,8,01,05,00,01,7D,02,00,00,
572000,00000055,false,Rx,0,8,10,27,00,00,00,00,00,00,
573000,00000056,false,Rx,0,8,10,27,00,00,00,00,00,00,
573000,00000057,false,Rx,0,8,00,00,FE,FF,FE,FF,00,00,
601000,00000625,false,Rx,0,8,25,00,59,86,01,54,5C,06,
663000,0000060D,false,Rx,0,8,0D,10,83,B6,09,20,70,00,
671000,000002C4,false,Rx,0,8,09,00,00,00,7D,02,00,00,
671000,000002C5,false,Rx,0,8,00,00,00,00,00,00,00,00,
672000,000002C6,false,Rx,0,8,32,00,7C,01,00,00,00,00,
700000,00000625,false,Rx,0,8,25,00,59,86,01,54,5C,06,
762000,0000060D,false,Rx,0,8,0D,10,83,B6,09,20,70,00,
772000,00000054,false,Rx,0,8,01,05,00,01,7D,02,00,00,
772000,00000055,false,Rx,0,8,10,27,00,00,00,00,00,00,
773000,00000056,false,Rx,0,8,10,27,00,00,00,00,00,00,
773000,00000057,false,Rx,0,8,00,00,FE,FF,FE,FF,00,00,
800000,00000625,false,Rx,0,8,25,00,59,86,01,54,5C,06,
863000,0000060D,false,Rx,0,8,0D,10,83,B6,09,20,70,00,
891000,000002C4,false,Rx,0,8,09,00,00,00,7D,02,00,00,
891000,000002C5,false,Rx,0,8,00,00,00,00,00,00,00,00,
891000,000002C6,false,Rx,0,8,32,00,7C,01,00,00,00,00,
900000,00000625,false,Rx,0,8,25,00,59,86,01,54,5C,06,
963000,0000060D,false,Rx,0,8,0D,10,83,B6,09,20,70,00,
972000,00000054,false,Rx,0,8,01,05,00,01,7D,02,00,00,
973000,00000055,false,Rx,0,8,10,27,00,00,00,00,00,00,
973000,00000056,false,Rx,0,8,10,27,00,00,00,00,00,00,
973000,00000057,false,Rx,0,8,00,00,FE,FF,FE,FF,00,00,
0,00000625,false,Rx,0,8,25,00,59,86,01,54,5C,06,
63000,0000060D,false,Rx,0,8,0D,10,83,B6,09,20,70,00,
101000,00000625,false,Rx,0,8,25,00,59,86,01,54,5C,06,
111000,000002C4,false,Rx,0,8,09,00,00,00,7D,02,00,00,
111000,000002C5,false,Rx,0,8,00,00,00,00,00,00,00,00,
111000,000002C6,false,Rx,0,8,32,00,7C,01,00,00,00,00,
163000,0000060D,false,Rx,0,8,0D,10,83,B6,09,20,70,00,
172000,00000054,false,Rx,0,8,01,05,00,01,7D,02,00,00,
173000,00000055,false,Rx,0,8,10,27,00,00,00,00,00,00,
173000,00000056,false,Rx,0,8,10,27,00,00,00,00,00,00,
173000,00000057,false,Rx,0,8,00,00,FE,FF,FE,FF,00,00,
200000,00000625,false,Rx,0,8,25,00,59,86,01,54,5C,06,
263000,0000060D,false,Rx,0,8,0D,10,83,B6,09,20,70,00,
301000,00000625,false,Rx,0,8,25,00,59,86,01,54,5C,06,
0,000002C4,false,Rx,0,8,09,20,00,00,7D,02,00,00,
0,000002C5,false,Rx,0,8,00,00,00,00,00,00,00,00,
332000,000002C6,false,Rx,0,8,32,00,7C,01,00,00,00,00,
363000,0000060D,false,Rx,0,8,0D,10,83,B6,09,20,70,00,
373000,00000054,false,Rx,0,8,01,05,00,01,7D,02,00,00,
373000,00000055,false,Rx,0,8,10,27,00,00,00,00,00,00,
373000,00000056,false,Rx,0,8,10,27,00,00,00,00,00,00,
374000,00000057,false,Rx,0,8,00,00,FE,FF,FE,FF,00,00,
400000,00000625,false,Rx,0,8,25,00,59,86,01,54,5C,06,
463000,0000060D,false,Rx,0,8,0D,10,83,B6,09,20,70,00,
499000,00000625,false,Rx,0,8,25,00,59,86,01,54,5C,06,
551000,000002C4,false,Rx,0,8,09,20,00,00,7D,02,00,00,
551000,000002C5,false,Rx,0,8,00,00,00,00,00,00,00,00,
551000,000002C6,false,Rx,0,8,32,00,7C,01,00,00,00,00,
562000,0000060D,false,Rx,0,8,0D,10,83,B6,09,20,70,00,
572000,00000054,false,Rx,0,8,01,05,00,01,7D,02,00,00,
573000,00000055,false,Rx,0,8,10,27,00,00,00,00,00,00,
573000,00000056,false,Rx,0,8,10,27,00,00,00,00,00,00,
573000,00000057,false,Rx,0,8,00,00,FE,FF,FE,FF,00,00,
600000,00000625,false,Rx,0,8,25,00,59,86,01,54,5C,06,
663000,0000060D,false,Rx,0,8,0D,10,83,B6,09,20,70,00,
701000,00000625,false,Rx,0,8,25,00,59,86,01,54,5C,06,
762000,0000060D,false,Rx,0,8,0D,10,83,B6,09,20,70,00,
0,000002C4,false,Rx,0,8,09,20,00,00,7D,02,00,00,
0,000002C5,false,Rx,0,8,00,00,00,00,00,00,00,00,
772000,000002C6,false,Rx,0,8,32,00,7C,01,00,00,00,00,
0,00000054,false,Rx,0,8,01,05,00,01,7D,02,00,00,
0,00000055,false,Rx,0,8,10,27,00,00,00,00,00,00,
773000,00000056,false,Rx,0,8,10,27,00,00,00,00,00,00,
773000,00000057,false,Rx,0,8,00,00,FE,FF,FE,FF,00,00,
800000,00000625,false,Rx,0,8,25,00,59,86,01,54,5C,06,
862000,0000060D,false,Rx,0,8,0D,10,83,B6,09,20,70,00,
900000,00000625,false,Rx,0,8,25,00,59,86,01,54,5C,06,
962000,0000060D,false,Rx,0,8,0D,10,83,B6,09,20,70,00,
972000,00000054,false,Rx,0,8,01,05,00,01,7D,02,00,00,
972000,00000055,false,Rx,0,8,10,27,00,00,00,00,00,00,
0,00000056,false,Rx,0,8,10,27,00,00,00,00,00,00,
0,00000057,false,Rx,0,8,00,00,FE,FF,FE,FF,00,00,
991000,000002C4,false,Rx,0,8,09,20,00,00,7D,02,00,00,
991000,000002C5,false,Rx,0,8,00,00,00,00,00,00,00,00,
991000,000002C6,false,Rx,0,8,32,00,7C,01,00,00,00,00,
0,00000625,false,Rx,0,8,25,00,59,86,01,54,5C,06,
63000,0000060D,false,Rx,0,8,0D,10,83,B6,09,20,70,00,
100000,00000625,false,Rx,0,8,25,00,59,86,01,54,5C,06,
162000,0000060D,false,Rx,0,8,0D,10,83,B6,09,20,70,00,
172000,00000054,false,Rx,0,8,01,05,00,01,7D,02,00,00,
173000,00000055,false,Rx,0,8,10,27,00,00,00,00,00,00,
173000,00000056,false,Rx,0,8,10,27,00,00,00,00,00,00,
173000,00000057,false,Rx,0,8,00,00,FE,FF,FE,FF,00,00,
201000,00000625,false,Rx,0,8,25,00,59,86,01,54,5C,06,
0,000002C4,false,Rx,0,8,09,20,00,00,7D,02,00,00,
0,000002C5,false,Rx,0,8,00,00,00,00,00,00,00,00,
213000,000002C6,false,Rx,0,8,32,00,7C,01,00,00,00,00,
262000,0000060D,false,Rx,0,8,0D,10,83,B6,09,20,70,00,
300000,00000625,false,Rx,0,8,25,00,59,86,01,54,5C,06,
362000,0000060D,false,Rx,0,8,0D,10,83,B6,09,20,70,00,
372000,00000054,false,Rx,0,8,01,05,00,01,7D,02,00,00,
372000,00000055,false,Rx,0,8,10,27,00,00,00,00,00,00,
373000,00000056,false,Rx,0,8,10,27,00,00,00,00,00,00,
373000,00000057,false,Rx,0,8,00,00,FE,FF,FE,FF,00,00,
401000,00000625,false,Rx,0,8,25,00,59,86,01,54,5C,06,
0,000002C4,false,Rx,0,8,09,20,00,00,7D,02,00,00,
0,000002C5,false,Rx,0,8,00,00,00,00,00,00,00,00,
432000,000002C6,false,Rx,0,8,32,00,7C,01,00,00,00,00,
463000,0000060D,false,Rx,0,8,0D,10,83,B6,09,20,70,00,
501000,00000625,false,Rx,0,8,25,00,59,86,01,54,5C,06,
563000,0000060D,false,Rx,0,8,0D,10,83,B6,09,20,70,00,
573000,00000054,false,Rx,0,8,01,05,00,01,7D,02,00,00,
573000,00000055,false,Rx,0,8,10,27,00,00,00,00,00,00,
573000,00000056,false,Rx,0,8,10,27,00,00,00,00,00,00,
573000,00000057,false,Rx,0,8,00,00,FE,FF,FE,FF,00,00,
600000,00000625,false,Rx,0,8,25,00,59,86,01,54,5C,06,
0,000002C4,false,Rx,0,8,09,20,00,00,7D,02,00,00,
0,000002C5,false,Rx,0,8,00,00,00,00,00,00,00,00,
0,000002C6,false,Rx,0,8,32,00,7C,01,00,00,00,00,
663000,0000060D,false,Rx,0,8,0D,10,83,B6,09,20,70,00,
701000,00000625,false,Rx,0,8,25,00,59,86,01,54,5C,06,
763000,0000060D,false,Rx,0,8,0D,10,83,B6,09,20,70,00,
0,00000054,false,Rx,0,8,01,05,00,01,7D,02,00,00,
0,00000055,false,Rx,0,8,10,27,00,00,00,00,00,00,
0,00000056,false,Rx,0,8,10,27,00,00,00,00,00,00,
0,00000057,false,Rx,0,8,00,00,FE,FF,FE,FF,00,00,
800000,00000625,false,Rx,0,8,25,00,59,86,01,54,5C,06,
862000,0000060D,false,Rx,0,8,0D,10,83,B6,09,20,70,00,
872000,000002C4,false,Rx,0,8,09,20,00,00,7D,02,00,00,
872000,000002C5,false,Rx,0,8,00,00,00,00,00,00,00,00,
872000,000002C6,false,Rx,0,8,32,00,7C,01,00,00,00,00,
901000,00000625,false,Rx,0,8,25,00,59,86,01,54,5C,06,
962000,0000060D,false,Rx,0,8,0D,10,83,B6,09,20,70,00,
972000,00000054,false,Rx,0,8,01,05,00,01,7D,02,00,00,
973000,00000055,false,Rx,0,8,10,27,00,00,00,00,00,00,
973000,00000056,false,Rx,0,8,10,27,00,00,00,00,00,00,
973000,00000057,false,Rx,0,8,00,00,FE,FF,FE,FF,00,00,
0,00000625,false,Rx,0,8,25,00,59,86,01,54,5C,06,
63000,0000060D,false,Rx,0,8,0D,10,83,B6,09,20,70,00,
92000,000002C4,false,Rx,0,8,09,20,00,00,7D,02,00,00,
92000,000002C5,false,Rx,0,8,00,00,00,00,00,00,00,00,
92000,000002C6,false,Rx,0,8,32,00,7C,01,00,00,00,00,
100000,00000625,false,Rx,0,8,25,00,59,86,01,54,5C,06,
163000,0000060D,false,Rx,0,8,0D,10,83,B6,09,20,70,00,
172000,00000054,false,Rx,0,8,01,05,00,01,7D,02,00,00,
173000,00000055,false,Rx,0,8,10,27,00,00,00,00,00,00,
173000,00000056,false,Rx,0,8,10,27,00,00,00,00,00,00,
173000,00000057,false,Rx,0,8,00,00,FE,FF,FE,FF,00,00,
200000,00000625,false,Rx,0,8,25,00,59,86,01,54,5C,06,
262000,0000060D,false,Rx,0,8,0D,10,83,B6,09,20,70,00,
300000,00000625,false,Rx,0,8,25,00,59,86,01,54,5C,06,
312000,000002C4,false,Rx,0,8,09,20,00,00,7D,02,00,00,
312000,000002C5,false,Rx,0,8,00,00,00,00,00,00,00,00,
312000,000002C6,false,Rx,0,8,32,00,7C,01,00,00,00,00,
362000,0000060D,false,Rx,0,8,0D,10,83,B6,09,20,70,00,
372000,00000054,false,Rx,0,8,01,05,00,01,7D,02,00,00,
373000,00000055,false,Rx,0,8,10,27,00,00,00,00,00,00,
373000,00000056,false,Rx,0,8,10,27,00,00,00,00,00,00,
373000,00000057,false,Rx,0,8,00,00,FE,FF,FE,FF,00,00,
400000,00000625,false,Rx,0,8,25,00,59,86,01,54,5C,06,
463000,0000060D,false,Rx,0,8,0D,10,83,B6,09,20,70,00,
500000,00000625,false,Rx,0,8,25,00,59,86,01,54,5C,06,
531000,000002C4,false,Rx,0,8,09,20,00,00,7D,02,00,00,
531000,000002C5,false,Rx,0,8,00,00,00,00,00,00,00,00,
531000,000002C6,false,Rx,0,8,32,00,7C,01,00,00,00,00,
563000,0000060D,false,Rx,0,8,0D,10,83,B6,09,20,70,00,
572000,00000054,false,Rx,0,8,01,05,00,01,7D,02,00,00,
572000,00000055,false,Rx,0,8,10,27,00,00,00,00,00,00,
572000,00000056,false,Rx,0,8,10,27,00,00,00,00,00,00,
573000,00000057,false,Rx,0,8,00,00,FE,FF,FE,FF,00,00,
601000,00000625,false,Rx,0,8,25,00,59,86,01,54,5C,06,
663000,0000060D,false,Rx,0,8,0D,10,83,B6,09,20,70,00,
700000,00000625,false,Rx,0,8,25,00,59,86,01,54,5C,06,
751000,000002C4,false,Rx,0,8,09,20,00,00,7D,02,00,00,
751000,000002C5,false,Rx,0,8,00,00,00,00,00,00,00,00,
752000,000002C6,false,Rx,0,8,32,00,7C,01,00,00,00,00,
763000,0000060D,false,Rx,0,8,0D,10,83,B6,09,20,70,00,
0,00000054,false,Rx,0,8,01,05,00,01,7D,02,00,00,
0,00000055,false,Rx,0,8,10,27,00,00,00,00,00,00,
772000,00000056,false,Rx,0,8,10,27,00,00,00,00,00,00,
772000,00000057,false,Rx,0,8,00,00,FE,FF,FE,FF,00,00,
801000,00000625,false,Rx,0,8,25,00,59,86,01,54,5C,06,
862000,0000060D,false,Rx,0,8,0D,10,83,B6,09,20,70,00,
900000,00000625,false,Rx,0,8,25,00,59,86,01,54,5C,06,
962000,0000060D,false,Rx,0,8,0D,10,83,B6,09,20,70,00,
972000,000002C4,false,Rx,0,8,09,20,00,00,7D,02,00,00,
972000,000002C5,false,Rx,0,8,00,00,00,00,00,00,00,00,
972000,000002C6,false,Rx,0,8,32,00,7C,01,00,00,00,00,
972000,00000054,false,Rx,0,8,01,05,00,01,7D,02,00,00,
973000,00000055,false,Rx,0,8,10,27,00,00,00,00,00,00,
973000,00000056,false,Rx,0,8,10,27,00,00,00,00,00,00,
973000,00000057,false,Rx,0,8,00,00,FE,FF,FE,FF,00,00,
0,00000625,false,Rx,0,8,25,00,59,86,01,54,5C,06,
63000,0000060D,false,Rx,0,8,0D,10,83,B6,09,20,70,00,
99000,00000625,false,Rx,0,8,25,00,59,86,01,54,5C,06,
163000,0000060D,false,Rx,0,8,0D,10,83,B6,09,20,70,00,
173000,00000054,false,Rx,0,8,01,05,00,01,7D,02,00,00,
173000,00000055,false,Rx,0,8,10,27,00,00,00,00,00,00,
173000,00000056,false,Rx,0,8,10,27,00,00,00,00,00,00,
173000,00000057,false,Rx,0,8,00,00,FE,FF,FE,FF,00,00,
191000,000002C4,false,Rx,0,8,09,20,00,00,7D,02,00,00,
191000,000002C5,false,Rx,0,8,00,00,00,00,00,00,00,00,
192000,000002C6,false,Rx,0,8,32,00,7C,01,00,00,00,00,
200000,00000625,false,Rx,0,8,25,00,59,86,01,54,5C,06,
263000,0000060D,false,Rx,0,8,0D,10,83,B6,09,20,70,00,
301000,00000625,false,Rx,0,8,25,00,59,86,01,54,5C,06,
363000,0000060D,false,Rx,0,8,0D,10,83,B6,09,20,70,00,
0,00000054,false,Rx,0,8,01,05,00,01,7D,02,00,00,
0,00000055,false,Rx,0,8,10,27,00,00,00,00,00,00,
373000,00000056,false,Rx,0,8,10,27,00,00,00,00,00,00,
373000,00000057,false,Rx,0,8,00,00,FE,FF,FE,FF,00,00,
400000,00000625,false,Rx,0,8,25,00,59,86,01,54,5C,06,
0,000002C4,false,Rx,0,8,09,20,00,00,7D,02,00,00,
0,000002C5,false,Rx,0,8,00,00,00,00,00,00,00,00,
412000,000002C6,false,Rx,0,8,32,00,7C,01,00,00,00,00,
463000,0000060D,false,Rx,0,8,0D,10,83,B6,09,20,70,00,
500000,00000625,false,Rx,0,8,25,00,59,86,01,54,5C,06,
563000,0000060D,false,Rx,0,8,0D,10,83,B6,09,20,70,00,
572000,00000054,false,Rx,0,8,01,05,00,01,7D,02,00,00,
572000,00000055,false,Rx,0,8,10,27,00,00,00,00,00,00,
572000,00000056,false,Rx,0,8,10,27,00,00,00,00,00,00,
572000,00000057,false,Rx,0,8,00,00,FE,FF,FE,FF,00,00,
600000,00000625,false,Rx,0,8,25,00,59,86,01,54,5C,06,
631000,000002C4,false,Rx,0,8,09,20,00,00,7D,02,00,00,
631000,000002C5,false,Rx,0,8,00,00,00,00,00,00,00,00,
631000,000002C6,false,Rx,0,8,32,00,7C,01,00,00,00,00,
663000,0000060D,false,Rx,0,8,0D,10,83,B6,09,20,70,00,
701000,00000625,false,Rx,0,8,25,00,59,86,01,54,5C,06,
763000,0000060D,false,Rx,0,8,0D,10,83,B6,09,20,70,00,
772000,00000054,false,Rx,0,8,01,05,00,01,7D,02,00,00,
772000,00000055,false,Rx,0,8,10,27,00,00,00,00,00,00,
772000,00000056,false,Rx,0,8,10,27,00,00,00,00,00,00,
773000,00000057,false,Rx,0,8,00,00,FE,FF,FE,FF,00,00,
800000,00000625,false,Rx,0,8,25,00,59,86,01,54,5C,06,
802000,00000065,false,Rx,0,8,79,02,03,00,00,00,00,00,
852000,000002C4,false,Rx,0,8,09,20,00,00,7D,02,00,00,
0,000002C5,false,Rx,0,8,00,00,00,00,00,00,00,00,
0,000002C6,false,Rx,0,8,32,00,7C,01,00,00,00,00,
863000,0000060D,false,Rx,0,8,0D,10,83,B6,09,20,70,00,
900000,00000625,false,Rx,0,8,25,00,59,86,01,54,5C,06,
953000,00000065,false,Rx,0,8,79,02,03,00,00,00,00,00,
962000,0000060D,false,Rx,0,8,0D,10,83,B6,09,20,70,00,
972000,00000054,false,Rx,0,8,01,05,00,01,79,02,00,00,
973000,00000055,false,Rx,0,8,10,27,00,00,00,00,00,00,
973000,00000056,false,Rx,0,8,10,27,00,00,00,00,00,00,
973000,00000057,false,Rx,0,8,00,00,FE,FF,FE,FF,00,00,
0,00000625,false,Rx,0,8,25,00,59,86,01,54,5C,06,
63000,0000060D,false,Rx,0,8,0D,10,83,B6,09,20,70,00,
0,000002C4,false,Rx,0,8,09,20,00,00,79,02,00,00,
0,000002C5,false,Rx,0,8,00,00,00,00,00,00,00,00,
0,000002C6,false,Rx,0,8,32,00,7C,01,00,00,00,00,
101000,00000625,false,Rx,0,8,25,00,59,86,01,54,5C,06,
103000,00000065,false,Rx,0,8,79,02,03,00,00,00,00,00,
162000,0000060D,false,Rx,0,8,0D,10,83,B6,09,20,70,00,
172000,00000054,false,Rx,0,8,01,05,00,01,79,02,00,00,
173000,00000055,false,Rx,0,8,10,27,00,00,00,00,00,00,
173000,00000056,false,Rx,0,8,10,27,00,00,00,00,00,00,
173000,00000057,false,Rx,0,8,00,00,FE,FF,FE,FF,00,00,
200000,00000625,false,Rx,0,8,25,00,59,86,01,54,5C,06,
253000,00000065,false,Rx,0,8,79,02,03,00,00,00,00,00,
262000,0000060D,false,Rx,0,8,0D,10,83,B6,09,20,70,00,
291000,000002C4,false,Rx,0,8,09,20,00,00,79,02,00,00,
291000,000002C5,false,Rx,0,8,00,00,00,00,00,00,00,00,
291000,000002C6,false,Rx,0,8,32,00,7C,01,00,00,00,00,
301000,00000625,false,Rx,0,8,25,00,59,86,01,54,5C,06,
363000,0000060D,false,Rx,0,8,0D,10,83,B6,09,20,70,00,
0,00000054,false,Rx,0,8,01,05,00,01,79,02,00,00,
0,00000055,false,Rx,0,8,10,27,00,00,00,00,00,00,
372000,00000056,false,Rx,0,8,10,27,00,00,00,00,00,00,
373000,00000057,false,Rx,0,8,00,00,FE,FF,FE,FF,00,00,
401000,00000625,false,Rx,0,8,25,00,59,86,01,54,5C,06,
463000,0000060D,false,Rx,0,8,0D,10,83,B6,09,20,70,00,
500000,00000625,false,Rx,0,8,25,00,59,86,01,54,5C,06,
0,000002C4,false,Rx,0,8,09,20,00,00,79,02,00,00,
0,000002C5,false,Rx,0,8,00,00,00,00,00,00,00,00,
0,000002C6,false,Rx,0,8,32,00,7C,01,00,00,00,00,
563000,0000060D,false,Rx,0,8,0D,10,83,B6,09,20,70,00,
0,00000054,false,Rx,0,8,01,05,00,01,79,02,00,00,
0,00000055,false,Rx,0,8,10,27,00,00,00,00,00,00,
0,00000056,false,Rx,0,8,10,27,00,00,00,00,00,00,
572000,00000057,false,Rx,0,8,00,00,FE,FF,FE,FF,00,00,
600000,00000625,false,Rx,0,8,25,00,59,86,01,54,5C,06,
663000,0000060D,false,Rx,0,8,0D,10,83,B6,09,20,70,00,
700000,00000625,false,Rx,0,8,25,00,59,86,01,54,5C,06,
0,000002C4,false,Rx,0,8,09,20,00,00,79,02,00,00,
0,000002C5,false,Rx,0,8,00,00,00,00,00,00,00,00,
732000,000002C6,false,Rx,0,8,32,00,7C,01,00,00,00,00,
763000,0000060D,false,Rx,0,8,0D,10,83,B6,09,20,70,00,
0,00000054,false,Rx,0,8,01,05,00,01,79,02,00,00,
0,00000055,false,Rx,0,8,10,27,00,00,00,00,00,00,
0,00000056,false,Rx,0,8,10,27,00,00,00,00,00,00,
773000,00000057,false,Rx,0,8,00,00,FE,FF,FE,FF,00,00,
801000,00000625,false,Rx,0,8,25,00,59,86,01,54,5C,06,
864000,0000060D,false,Rx,0,8,0D,10,83,B6,09,20,70,00,
900000,00000625,false,Rx,0,8,25,00,59,86,01,54,5C,06,
0,000002C4,false,Rx,0,8,09,20,00,00,79,02,00,00,
0,000002C5,false,Rx,0,8,00,00,00,00,00,00,00,00,
952000,000002C6,false,Rx,0,8,32,00,7C,01,00,00,00,00,
963000,0000060D,false,Rx,0,8,0D,10,83,B6,09,20,70,00,
0,00000054,false,Rx,0,8,01,05,00,01,79,02,00,00,
0,00000055,false,Rx,0,8,10,27,00,00,00,00,00,00,
0,00000056,false,Rx,0,8,10,27,00,00,00,00,00,00,
973000,00000057,false,Rx,0,8,00,00,FE,FF,FE,FF,00,00,
1000,00000625,false,Rx,0,8,25,00,59,86,01,54,5C,06,
62000,0000060D,false,Rx,0,8,0D,10,83,B6,09,20,70,00,
100000,00000625,false,Rx,0,8,25,00,59,86,01,54,5C,06,
163000,0000060D,false,Rx,0,8,0D,10,83,B6,09,20,70,00,
0,000002C4,false,Rx,0,8,09,20,00,00,79,02,00,00,
0,000002C5,false,Rx,0,8,00,00,00,00,00,00,00,00,
0,000002C6,false,Rx,0,8,32,00,7C,01,00,00,00,00,
172000,00000054,false,Rx,0,8,01,05,00,01,79,02,00,00,
172000,00000055,false,Rx,0,8,10,27,00,00,00,00,00,00,
0,00000056,false,Rx,0,8,10,27,00,00,00,00,00,00,
0,00000057,false,Rx,0,8,00,00,FE,FF,FE,FF,00,00,
201000,00000625,false,Rx,0,8,25,00,59,86,01,54,5C,06,
263000,0000060D,false,Rx,0,8,0D,10,83,B6,09,20,70,00,
301000,00000625,false,Rx,0,8,25,00,59,86,01,54,5C,06,
364000,0000060D,false,Rx,0,8,0D,10,83,B6,09,20,70,00,
0,00000054,false,Rx,0,8,01,05,00,01,79,02,00,00,
0,00000055,false,Rx,0,8,10,27,00,00,00,00,00,00,
0,00000056,false,Rx,0,8,10,27,00,00,00,00,00,00,
373000,00000057,false,Rx,0,8,00,00,FE,FF,FE,FF,00,00,
392000,000002C4,false,Rx,0,8,09,20,00,00,79,02,00,00,
392000,000002C5,false,Rx,0,8,00,00,00,00,00,00,00,00,
392000,000002C6,false,Rx,0,8,32,00,7C,01,00,00,00,00,
400000,00000625,false,Rx,0,8,25,00,59,86,01,54,5C,06,
463000,0000060D,false,Rx,0,8,0D,10,83,B6,09,20,70,00,
500000,00000625,false,Rx,0,8,25,00,59,86,01,54,5C,06,
563000,0000060D,false,Rx,0,8,0D,10,83,B6,09,20,70,00,
0,00000054,false,Rx,0,8,01,05,00,01,79,02,00,00,
0,00000055,false,Rx,0,8,10,27,00,00,00,00,00,00,
572000,00000056,false,Rx,0,8,10,27,00,00,00,00,00,00,
573000,00000057,false,Rx,0,8,00,00,FE,FF,FE,FF,00,00,
600000,00000625,false,Rx,0,8,25,00,59,86,01,54,5C,06,
611000,000002C4,false,Rx,0,8,09,20,00,00,79,02,00,00,
611000,000002C5,false,Rx,0,8,00,00,00,00,00,00,00,00,
611000,000002C6,false,Rx,0,8,32,00,7C,01,00,00,00,00,
662000,0000060D,false,Rx,0,8,0D,10,83,B6,09,20,70,00,
701000,00000625,false,Rx,0,8,25,00,59,86,01,54,5C,06,
763000,0000060D,false,Rx,0,8,0D,10,83,B6,09,20,70,00,
772000,00000054,false,Rx,0,8,01,05,00,01,79,02,00,00,
772000,00000055,false,Rx,0,8,10,27,00,00,00,00,00,00,
772000,00000056,false,Rx,0,8,10,27,00,00,00,00,00,00,
773000,00000057,false,Rx,0,8,00,00,FE,FF,FE,FF,00,00,
800000,00000625,false,Rx,0,8,25,00,59,86,01,54,5C,06,
831000,000002C4,false,Rx,0,8,09,20,00,00,79,02,00,00,
831000,000002C5,false,Rx,0,8,00,00,00,00,00,00,00,00,
831000,000002C6,false,Rx,0,8,32,00,7C,01,00,00,00,00,
863000,0000060D,false,Rx,0,8,0D,10,83,B6,09,20,70,00,
901000,00000625,false,Rx,0,8,25,00,59,86,01,54,5C,06,
964000,0000060D,false,Rx,0,8,0D,10,83,B6,09,20,70,00,
972000,00000054,false,Rx,0,8,01,05,00,01,79,02,00,00,
972000,00000055,false,Rx,0,8,10,27,00,00,00,00,00,00,
972000,00000056,false,Rx,0,8,10,27,00,00,00,00,00,00,
972000,00000057,false,Rx,0,8,00,00,FE,FF,FE,FF,00,00,
0,00000625,false,Rx,0,8,25,00,59,86,01,54,5C,06,
0,000002C4,false,Rx,0,8,09,20,00,00,79,02,00,00,
0,000002C5,false,Rx,0,8,00,00,00,00,00,00,00,00,
52000,000002C6,false,Rx,0,8,32,00,7C,01,00,00,00,00,
63000,0000060D,false,Rx,0,8,0D,10,83,B6,09,20,70,00,
101000,00000625,false,Rx,0,8,25,00,59,86,01,54,5C,06,
163000,0000060D,false,Rx,0,8,0D,10,83,B6,09,20,70,00,
173000,00000054,false,Rx,0,8,01,05,00,01,79,02,00,00,
173000,00000055,false,Rx,0,8,10,27,00,00,00,00,00,00,
173000,00000056,false,Rx,0,8,10,27,00,00,00,00,00,00,
173000,00000057,false,Rx,0,8,00,00,FE,FF,FE,FF,00,00,
200000,00000625,false,Rx,0,8,25,00,59,86,01,54,5C,06,
262000,0000060D,false,Rx,0,8,0D,10,83,B6,09,20,70,00,
0,000002C4,false,Rx,0,8,09,20,00,00,79,02,00,00,
0,000002C5,false,Rx,0,8,00,00,00,00,00,00,00,00,
272000,000002C6,false,Rx,0,8,32,00,7C,01,00,00,00,00,
300000,00000625,false,Rx,0,8,25,00,59,86,01,54,5C,06,
362000,0000060D,false,Rx,0,8,0D,10,83,B6,09,20,70,00,
0,00000054,false,Rx,0,8,01,05,00,01,79,02,00,00,
0,00000055,false,Rx,0,8,10,27,00,00,00,00,00,00,
0,00000056,false,Rx,0,8,10,27,00,00,00,00,00,00,
0,00000057,false,Rx,0,8,00,00,FE,FF,FE,FF,00,00,
400000,00000625,false,Rx,0,8,25,00,59,86,01,54,5C,06,
463000,0000060D,false,Rx,0,8,0D,10,83,B6,09,20,70,00,
0,000002C4,false,Rx,0,8,09,20,00,00,79,02,00,00,
0,000002C5,false,Rx,0,8,00,00,00,00,00,00,00,00,
492000,000002C6,false,Rx,0,8,32,00,7C,01,00,00,00,00,
501000,00000625,false,Rx,0,8,25,00,59,86,01,54,5C,06,
563000,0000060D,false,Rx,0,8,0D,10,83,B6,09,20,70,00,
572000,00000054,false,Rx,0,8,01,05,00,01,79,02,00,00,
573000,00000055,false,Rx,0,8,10,27,00,00,00,00,00,00,
0,00000056,false,Rx,0,8,10,27,00,00,00,00,00,00,
0,00000057,false,Rx,0,8,00,00,FE,FF,FE,FF,00,00,
600000,00000625,false,Rx,0,8,25,00,59,86,01,54,5C,06,
664000,0000060D,false,Rx,0,8,0D,10,83,B6,09,20,70,00,
701000,00000625,false,Rx,0,8,25,00,59,86,01,54,5C,06,
0,000002C4,false,Rx,0,8,09,20,00,00,79,02,00,00,
0,000002C5,false,Rx,0,8,00,00,00,00,00,00,00,00,
713000,000002C6,false,Rx,0,8,32,00,7C,01,00,00,00,00,
763000,0000060D,false,Rx,0,8,0D,10,83,B6,09,20,70,00,
772000,00000054,false,Rx,0,8,01,05,00,01,79,02,00,00,
772000,00000055,false,Rx,0,8,10,27,00,00,00,00,00,00,
0,00000056,false,Rx,0,8,10,27,00,00,00,00,00,00,
0,00000057,false,Rx,0,8,00,00,FE,FF,FE,FF,00,00,
801000,00000625,false,Rx,0,8,25,00,59,86,01,54,5C,06,
863000,0000060D,false,Rx,0,8,0D,10,83,B6,09,20,70,00,
900000,00000625,false,Rx,0,8,25,00,59,86,01,54,5C,06,
0,000002C4,false,Rx,0,8,09,20,00,00,79,02,00,00,
0,000002C5,false,Rx,0,8,00,00,00,00,00,00,00,00,
0,000002C6,false,Rx,0,8,32,00,7C,01,00,00,00,00,
963000,0000060D,false,Rx,0,8,0D,10,83,B6,09,20,70,00,
0,00000054,false,Rx,0,8,01,05,00,01,79,02,00,00,
0,00000055,false,Rx,0,8,10,27,00,00,00,00,00,00,
0,00000056,false,Rx,0,8,10,27,00,00,00,00,00,00,
974000,00000057,false,Rx,0,8,00,00,FE,FF,FE,FF,00,00,
0,00000625,false,Rx,0,8,25,00,59,86,01,54,5C,06,
62000,0000060D,false,Rx,0,8,0D,10,83,B6,09,20,70,00,
101000,00000625,false,Rx,0,8,25,00,59,86,01,54,5C,06,
152000,000002C4,false,Rx,0,8,09,20,00,00,79,02,00,00,
152000,000002C5,false,Rx,0,8,00,00,00,00,00,00,00,00,
152000,000002C6,false,Rx,0,8,32,00,7C,01,00,00,00,00,
162000,0000060D,false,Rx,0,8,0D,10,83,B6,09,20,70,00,
0,00000054,false,Rx,0,8,01,05,00,01,79,02,00,00,
0,00000055,false,Rx,0,8,10,27,00,00,00,00,00,00,
172000,00000056,false,Rx,0,8,10,27,00,00,00,00,00,00,
173000,00000057,false,Rx,0,8,00,00,FE,FF,FE,FF,00,00,
200000,00000625,false,Rx,0,8,25,00,59,86,01,54,5C,06,
262000,0000060D,false,Rx,0,8,0D,10,83,B6,09,20,70,00,
301000,00000625,false,Rx,0,8,25,00,59,86,01,54,5C,06,
363000,0000060D,false,Rx,0,8,0D,10,83,B6,09,20,70,00,
0,000002C4,false,Rx,0,8,09,20,00,00,79,02,00,00,
0,000002C5,false,Rx,0,8,00,00,00,00,00,00,00,00,
372000,000002C6,false,Rx,0,8,32,00,7C,01,00,00,00,00,
0,00000054,false,Rx,0,8,01,05,00,01,79,02,00,00,
0,00000055,false,Rx,0,8,10,27,00,00,00,00,00,00,
0,00000056,false,Rx,0,8,10,27,00,00,00,00,00,00,
373000,00000057,false,Rx,0,8,00,00,FE,FF,FE,FF,00,00,
400000,00000625,false,Rx,0,8,25,00,59,86,01,54,5C,06,
463000,0000060D,false,Rx,0,8,0D,10,83,B6,09,20,70,00,
501000,00000625,false,Rx,0,8,25,00,59,86,01,54,5C,06,
563000,0000060D,false,Rx,0,8,0D,10,83,B6,09,20,70,00,
0,00000054,false,Rx,0,8,01,05,00,01,79,02,00,00,
0,00000055,false,Rx,0,8,10,27,00,00,00,00,00,00,
0,00000056,false,Rx,0,8,10,27,00,00,00,00,00,00,
573000,00000057,false,Rx,0,8,00,00,FE,FF,FE,FF,00,00,
0,000002C4,false,Rx,0,8,09,20,00,00,79,02,00,00,
0,000002C5,false,Rx,0,8,00,00,00,00,00,00,00,00,
591000,000002C6,false,Rx,0,8,32,00,7C,01,00,00,00,00,
600000,00000625,false,Rx,0,8,25,00,59,86,01,54,5C,06,
662000,0000060D,false,Rx,0,8,0D,10,83,B6,09,20,70,00,
700000,00000625,false,Rx,0,8,25,00,59,86,01,54,5C,06,
762000,0000060D,false,Rx,0,8,0D,10,83,B6,09,20,70,00,
772000,00000054,false,Rx,0,8,01,05,00,01,79,02,00,00,
772000,00000055,false,Rx,0,8,10,27,00,00,00,00,00,00,
772000,00000056,false,Rx,0,8,10,27,00,00,00,00,00,00,
773000,00000057,false,Rx,0,8,00,00,FE,FF,FE,FF,00,00,
800000,00000625,false,Rx,0,8,25,00,59,86,01,54,5C,06,
0,000002C4,false,Rx,0,8,09,20,00,00,79,02,00,00,
0,000002C5,false,Rx,0,8,00,00,00,00,00,00,00,00,
812000,000002C6,false,Rx,0,8,32,00,7C,01,00,00,00,00,
862000,0000060D,false,Rx,0,8,0D,10,83,B6,09,20,70,00,
900000,00000625,false,Rx,0,8,25,00,59,86,01,54,5C,06,
963000,0000060D,false,Rx,0,8,0D,10,83,B6,09,20,70,00,
0,00000054,false,Rx,0,8,01,05,00,01,79,02,00,00,
0,00000055,false,Rx,0,8,10,27,00,00,00,00,00,00,
0,00000056,false,Rx,0,8,10,27,00,00,00,00,00,00,
0,00000057,false,Rx,0,8,00,00,FE,FF,FE,FF,00,00,
1000,00000625,false,Rx,0,8,25,00,59,86,01,54,5C,06,
32000,000002C4,false,Rx,0,8,09,20,00,00,79,02,00,00,
32000,000002C5,false,Rx,0,8,00,00,00,00,00,00,00,00,
32000,000002C6,false,Rx,0,8,32,00,7C,01,00,00,00,00,
63000,0000060D,false,Rx,0,8,0D,10,83,B6,09,20,70,00,
100000,00000625,false,Rx,0,8,25,00,59,86,01,54,5C,06,
163000,0000060D,false,Rx,0,8,0D,10,83,B6,09,20,70,00,
172000,00000054,false,Rx,0,8,01,05,00,01,79,02,00,00,
172000,00000055,false,Rx,0,8,10,27,00,00,00,00,00,00,
172000,00000056,false,Rx,0,8,10,27,00,00,00,00,00,00,
172000,00000057,false,Rx,0,8,00,00,FE,FF,FE,FF,00,00,
199000,00000625,false,Rx,0,8,25,00,59,86,01,54,5C,06,
251000,000002C4,false,Rx,0,8,09,20,00,00,79,02,00,00,
251000,000002C5,false,Rx,0,8,00,00,00,00,00,00,00,00,
251000,000002C6,false,Rx,0,8,32,00,7C,01,00,00,00,00,
262000,0000060D,false,Rx,0,8,0D,10,83,B6,09,20,70,00,
300000,00000625,false,Rx,0,8,25,00,59,86,01,54,5C,06,
363000,0000060D,false,Rx,0,8,0D,10,83,B6,09,20,70,00,
372000,00000054,false,Rx,0,8,01,05,00,01,79,02,00,00,
372000,00000055,false,Rx,0,8,10,27,00,00,00,00,00,00,
0,00000056,false,Rx,0,8,10,27,00,00,00,00,00,00,
0,00000057,false,Rx,0,8,00,00,FE,FF,FE,FF,00,00,
401000,00000625,false,Rx,0,8,25,00,59,86,01,54,5C,06,
463000,0000060D,false,Rx,0,8,0D,10,83,B6,09,20,70,00,
0,000002C4,false,Rx,0,8,09,20,00,00,79,02,00,00,
0,000002C5,false,Rx,0,8,00,00,00,00,00,00,00,00,
0,000002C6,false,Rx,0,8,32,00,7C,01,00,00,00,00,
501000,00000625,false,Rx,0,8,25,00,59,86,01,54,5C,06,
564000,0000060D,false,Rx,0,8,0D,10,83,B6,09,20,70,00,
0,00000054,false,Rx,0,8,01,05,00,01,79,02,00,00,
0,00000055,false,Rx,0,8,10,27,00,00,00,00,00,00,
572000,00000056,false,Rx,0,8,10,27,00,00,00,00,00,00,
573000,00000057,false,Rx,0,8,00,00,FE,FF,FE,FF,00,00,
601000,00000625,false,Rx,0,8,25,00,59,86,01,54,5C,06,
663000,0000060D,false,Rx,0,8,0D,10,83,B6,09,20,70,00,
0,000002C4,false,Rx,0,8,09,20,00,00,79,02,00,00,
0,000002C5,false,Rx,0,8,00,00,00,00,00,00,00,00,
692000,000002C6,false,Rx,0,8,32,00,7C,01,00,00,00,00,
701000,00000625,false,Rx,0,8,25,00,59,86,01,54,5C,06,
763000,0000060D,false,Rx,0,8,0D,10,83,B6,09,20,70,00,
0,00000054,false,Rx,0,8,01,05,00,01,79,02,00,00,
0,00000055,false,Rx,0,8,10,27,00,00,00,00,00,00,
773000,00000056,false,Rx,0,8,10,27,00,00,00,00,00,00,
774000,00000057,false,Rx,0,8,00,00,FE,FF,FE,FF,00,00,
801000,00000625,false,Rx,0,8,25,00,59,86,01,54,5C,06,
863000,0000060D,false,Rx,0,8,0D,10,83,B6,09,20,70,00,
900000,00000625,false,Rx,0,8,25,00,59,86,01,54,5C,06,
911000,000002C4,false,Rx,0,8,09,20,00,00,79,02,00,00,
911000,000002C5,false,Rx,0,8,00,00,00,00,00,00,00,00,
912000,000002C6,false,Rx,0,8,32,00,7C,01,00,00,00,00,
963000,0000060D,false,Rx,0,8,0D,10,83,B6,09,20,70,00,
972000,00000054,false,Rx,0,8,01,05,00,01,79,02,00,00,
972000,00000055,false,Rx,0,8,10,27,00,00,00,00,00,00,
973000,00000056,false,Rx,0,8,10,27,00,00,00,00,00,00,
973000,00000057,false,Rx,0,8,00,00,FE,FF,FE,FF,00,00,
999000,00000625,false,Rx,0,8,25,00,59,86,01,54,5C,06,
63000,0000060D,false,Rx,0,8,0D,10,83,B6,09,20,70,00,
101000,00000625,false,Rx,0,8,25,00,59,86,01,54,5C,06,
0,000002C4,false,Rx,0,8,09,20,00,00,79,02,00,00,
0,000002C5,false,Rx,0,8,00,00,00,00,00,00,00,00,
132000,000002C6,false,Rx,0,8,32,00,7C,01,00,00,00,00,
163000,0000060D,false,Rx,0,8,0D,10,83,B6,09,20,70,00,
172000,00000054,false,Rx,0,8,01,05,00,01,79,02,00,00,
172000,00000055,false,Rx,0,8,10,27,00,00,00,00,00,00,
172000,00000056,false,Rx,0,8,10,27,00,00,00,00,00,00,
173000,00000057,false,Rx,0,8,00,00,FE,FF,FE,FF,00,00,
199000,00000625,false,Rx,0,8,25,00,59,86,01,54,5C,06,
262000,0000060D,false,Rx,0,8,0D,10,83,B6,09,20,70,00,
300000,00000625,false,Rx,0,8,25,00,59,86,01,54,5C,06,
0,000002C4,false,Rx,0,8,09,20,00,00,79,02,00,00,
0,000002C5,false,Rx,0,8,00,00,00,00,00,00,00,00,
351000,000002C6,false,Rx,0,8,32,00,7C,01,00,00,00,00,
363000,0000060D,false,Rx,0,8,0D,10,83,B6,09,20,70,00,
372000,00000054,false,Rx,0,8,01,05,00,01,79,02,00,00,
373000,00000055,false,Rx,0,8,10,27,00,00,00,00,00,00,
373000,00000056,false,Rx,0,8,10,27,00,00,00,00,00,00,
373000,00000057,false,Rx,0,8,00,00,FE,FF,FE,FF,00,00,
400000,00000625,false,Rx,0,8,25,00,59,86,01,54,5C,06,
463000,0000060D,false,Rx,0,8,0D,10,83,B6,09,20,70,00,
501000,00000625,false,Rx,0,8,25,00,59,86,01,54,5C,06,
563000,0000060D,false,Rx,0,8,0D,10,83,B6,09,20,70,00,
0,000002C4,false,Rx,0,8,09,20,00,00,79,02,00,00,
0,000002C5,false,Rx,0,8,00,00,00,00,00,00,00,00,
572000,000002C6,false,Rx,0,8,32,00,7C,01,00,00,00,00,
0,00000054,false,Rx,0,8,01,05,00,01,79,02,00,00,
0,00000055,false,Rx,0,8,10,27,00,00,00,00,00,00,
0,00000056,false,Rx,0,8,10,27,00,00,00,00,00,00,
0,00000057,false,Rx,0,8,00,00,FE,FF,FE,FF,00,00,
599000,00000625,false,Rx,0,8,25,00,59,86,01,54,5C,06,
662000,0000060D,false,Rx,0,8,0D,10,83,B6,09,20,70,00,
700000,00000625,false,Rx,0,8,25,00,59,86,01,54,5C,06,
763000,0000060D,false,Rx,0,8,0D,10,83,B6,09,20,70,00,
773000,00000054,false,Rx,0,8,01,05,00,01,79,02,00,00,
0,00000055,false,Rx,0,8,10,27,00,00,00,00,00,00,
0,00000056,false,Rx,0,8,10,27,00,00,00,00,00,00,
773000,00000057,false,Rx,0,8,00,00,FE,FF,FE,FF,00,00,
792000,000002C4,false,Rx,0,8,09,20,00,00,79,02,00,00,
792000,000002C5,false,Rx,0,8,00,00,00,00,00,00,00,00,
792000,000002C6,false,Rx,0,8,32,00,7C,01,00,00,00,00,
800000,00000625,false,Rx,0,8,25,00,59,86,01,54,5C,06,
863000,0000060D,false,Rx,0,8,0D,10,83,B6,09,20,70,00,
900000,00000625,false,Rx,0,8,25,00,59,86,01,54,5C,06,
964000,0000060D,false,Rx,0,8,0D,10,83,B6,09,20,70,00,
972000,00000054,false,Rx,0,8,01,05,00,01,79,02,00,00,
972000,00000055,false,Rx,0,8,10,27,00,00,00,00,00,00,
972000,00000056,false,Rx,0,8,10,27,00,00,00,00,00,00,
973000,00000057,false,Rx,0,8,00,00,FE,FF,FE,FF,00,00,
0,00000625,false,Rx,0,8,25,00,59,86,01,54,5C,06,
12000,000002C4,false,Rx,0,8,09,20,00,00,79,02,00,00,
12000,000002C5,false,Rx,0,8,00,00,00,00,00,00,00,00,
12000,000002C6,false,Rx,0,8,32,00,7C,01,00,00,00,00,
63000,0000060D,false,Rx,0,8,0D,10,83,B6,09,20,70,00,
101000,00000625,false,Rx,0,8,25,00,59,86,01,54,5C,06,
163000,0000060D,false,Rx,0,8,0D,10,83,B6,09,20,70,00,
0,00000054,false,Rx,0,8,01,05,00,01,79,02,00,00,
0,00000055,false,Rx,0,8,10,27,00,00,00,00,00,00,
173000,00000056,false,Rx,0,8,10,27,00,00,00,00,00,00,
173000,00000057,false,Rx,0,8,00,00,FE,FF,FE,FF,00,00,
200000,00000625,false,Rx,0,8,25,00,59,86,01,54,5C,06,
0,000002C4,false,Rx,0,8,09,20,00,00,79,02,00,00,
0,000002C5,false,Rx,0,8,00,00,00,00,00,00,00,00,
232000,000002C6,false,Rx,0,8,32,00,7C,01,00,00,00,00,
263000,0000060D,false,Rx,0,8,0D,10,83,B6,09,20,70,00,
300000,00000625,false,Rx,0,8,25,00,59,86,01,54,5C,06,
363000,0000060D,false,Rx,0,8,0D,10,83,B6,09,20,70,00,
372000,00000054,false,Rx,0,8,01,05,00,01,79,02,00,00,
372000,00000055,false,Rx,0,8,10,27,00,00,00,00,00,00,
372000,00000056,false,Rx,0,8,10,27,00,00,00,00,00,00,
373000,00000057,false,Rx,0,8,00,00,FE,FF,FE,FF,00,00,
401000,00000625,false,Rx,0,8,25,00,59,86,01,54,5C,06,
0,000002C4,false,Rx,0,8,09,20,00,00,79,02,00,00,
0,000002C5,false,Rx,0,8,00,00,00,00,00,00,00,00,
452000,000002C6,false,Rx,0,8,32,00,7C,01,00,00,00,00,
463000,0000060D,false,Rx,0,8,0D,10,83,B6,09,20,70,00,
500000,00000625,false,Rx,0,8,25,00,59,86,01,54,5C,06,
564000,0000060D,false,Rx,0,8,0D,10,83,B6,09,20,70,00,
0,00000054,false,Rx,0,8,01,05,00,01,79,02,00,00,
0,00000055,false,Rx,0,8,10,27,00,00,00,00,00,00,
573000,00000056,false,Rx,0,8,10,27,00,00,00,00,00,00,
573000,00000057,false,Rx,0,8,00,00,FE,FF,FE,FF,00,00,
601000,00000625,false,Rx,0,8,25,00,59,86,01,54,5C,06,
663000,0000060D,false,Rx,0,8,0D,10,83,B6,09,20,70,00,
672000,000002C4,false,Rx,0,8,09,20,00,00,79,02,00,00,
672000,000002C5,false,Rx,0,8,00,00,00,00,00,00,00,00,
672000,000002C6,false,Rx,0,8,32,00,7C,01,00,00,00,00,
700000,00000625,false,Rx,0,8,25,00,59,86,01,54,5C,06,
762000,0000060D,false,Rx,0,8,0D,10,83,B6,09,20,70,00,
772000,00000054,false,Rx,0,8,01,05,00,01,79,02,00,00,
773000,00000055,false,Rx,0,8,10,27,00,00,00,00,00,00,
773000,00000056,false,Rx,0,8,10,27,00,00,00,00,00,00,
773000,00000057,false,Rx,0,8,00,00,FE,FF,FE,FF,00,00,
800000,00000625,false,Rx,0,8,25,00,59,86,01,54,5C,06,
864000,0000060D,false,Rx,0,8,0D,10,83,B6,09,20,70,00,
892000,000002C4,false,Rx,0,8,09,20,00,00,79,02,00,00,
892000,000002C5,false,Rx,0,8,00,00,00,00,00,00,00,00,
892000,000002C6,false,Rx,0,8,32,00,7C,01,00,00,00,00,
900000,00000625,false,Rx,0,8,25,00,59,86,01,54,5C,06,
963000,0000060D,false,Rx,0,8,0D,10,83,B6,09,20,70,00,
0,00000054,false,Rx,0,8,01,05,00,01,79,02,00,00,
0,00000055,false,Rx,0,8,10,27,00,00,00,00,00,00,
973000,00000056,false,Rx,0,8,10,27,00,00,00,00,00,00,
973000,00000057,false,Rx,0,8,00,00,FE,FF,FE,FF,00,00,
0,00000625,false,Rx,0,8,25,00,59,86,01,54,5C,06,
63000,0000060D,false,Rx,0,8,0D,10,83,B6,09,20,70,00,
101000,00000625,false,Rx,0,8,25,00,59,86,01,54,5C,06,
111000,000002C4,false,Rx,0,8,09,20,00,00,79,02,00,00,
111000,000002C5,false,Rx,0,8,00,00,00,00,00,00,00,00,
112000,000002C6,false,Rx,0,8,32,00,7C,01,00,00,00,00,
163000,0000060D,false,Rx,0,8,0D,10,83,B6,09,20,70,00,
172000,00000054,false,Rx,0,8,01,05,00,01,79,02,00,00,
172000,00000055,false,Rx,0,8,10,27,00,00,00,00,00,00,
172000,00000056,false,Rx,0,8,10,27,00,00,00,00,00,00,
172000,00000057,false,Rx,0,8,00,00,FE,FF,FE,FF,00,00,
201000,00000625,false,Rx,0,8,25,00,59,86,01,54,5C,06,
262000,0000060D,false,Rx,0,8,0D,10,83,B6,09,20,70,00,
301000,00000625,false,Rx,0,8,25,00,59,86,01,54,5C,06,
0,000002C4,false,Rx,0,8,09,20,00,00,79,02,00,00,
0,000002C5,false,Rx,0,8,00,00,00,00,00,00,00,00,
0,000002C6,false,Rx,0,8,32,00,7C,01,00,00,00,00,
362000,0000060D,false,Rx,0,8,0D,10,83,B6,09,20,70,00,
0,00000054,false,Rx,0,8,01,05,00,01,79,02,00,00,
0,00000055,false,Rx,0,8,10,27,00,00,00,00,00,00,
0,00000056,false,Rx,0,8,10,27,00,00,00,00,00,00,
373000,00000057,false,Rx,0,8,00,00,FE,FF,FE,FF,00,00,
401000,00000625,false,Rx,0,8,25,00,59,86,01,54,5C,06,
463000,0000060D,false,Rx,0,8,0D,10,83,B6,09,20,70,00,
499000,00000625,false,Rx,0,8,25,00,59,86,01,54,5C,06,
551000,000002C4,false,Rx,0,8,09,20,00,00,79,02,00,00,
551000,000002C5,false,Rx,0,8,00,00,00,00,00,00,00,00,
552000,000002C6,false,Rx,0,8,32,00,7C,01,00,00,00,00,
563000,0000060D,false,Rx,0,8,0D,10,83,B6,09,20,70,00,
572000,00000054,false,Rx,0,8,01,05,00,01,79,02,00,00,
572000,00000055,false,Rx,0,8,10,27,00,00,00,00,00,00,
0,00000056,false,Rx,0,8,10,27,00,00,00,00,00,00,
0,00000057,false,Rx,0,8,00,00,FE,FF,FE,FF,00,00,
600000,00000625,false,Rx,0,8,25,00,59,86,01,54,5C,06,
662000,0000060D,false,Rx,0,8,0D,10,83,B6,09,20,70,00,
701000,00000625,false,Rx,0,8,25,00,59,86,01,54,5C,06,
763000,0000060D,false,Rx,0,8,0D,10,83,B6,09,20,70,00,
0,000002C4,false,Rx,0,8,09,20,00,00,79,02,00,00,
0,000002C5,false,Rx,0,8,00,00,00,00,00,00,00,00,
772000,000002C6,false,Rx,0,8,32,00,7C,01,00,00,00,00,
0,00000054,false,Rx,0,8,01,05,00,01,79,02,00,00,
0,00000055,false,Rx,0,8,10,27,00,00,00,00,00,00,
773000,00000056,false,Rx,0,8,10,27,00,00,00,00,00,00,
774000,00000057,false,Rx,0,8,00,00,FE,FF,FE,FF,00,00,
801000,00000625,false,Rx,0,8,25,00,59,86,01,54,5C,06,
863000,0000060D,false,Rx,0,8,0D,10,83,B6,09,20,70,00,
901000,00000625,false,Rx,0,8,25,00,59,86,01,54,5C,06,
962000,0000060D,false,Rx,0,8,0D,10,83,B6,09,20,70,00,
972000,00000054,false,Rx,0,8,01,05,00,01,79,02,00,00,
973000,00000055,false,Rx,0,8,10,27,00,00,00,00,00,00,
0,00000056,false,Rx,0,8,10,27,00,00,00,00,00,00,
0,00000057,false,Rx,0,8,00,00,FE,FF,FE,FF,00,00,
992000,000002C4,false,Rx,0,8,09,20,00,00,79,02,00,00,
992000,000002C5,false,Rx,0,8,00,00,00,00,00,00,00,00,
992000,000002C6,false,Rx,0,8,32,00,7C,01,00,00,00,00,
1000,00000625,false,Rx,0,8,25,00,59,86,01,54,5C,06,
63000,0000060D,false,Rx,0,8,0D,10,83,B6,09,20,70,00,
101000,00000625,false,Rx,0,8,25,00,59,86,01,54,5C,06,
163000,0000060D,false,Rx,0,8,0D,10,83,B6,09,20,70,00,
0,00000054,false,Rx,0,8,01,05,00,01,79,02,00,00,
0,00000055,false,Rx,0,8,10,27,00,00,00,00,00,00,
0,00000056,false,Rx,0,8,10,27,00,00,00,00,00,00,
173000,00000057,false,Rx,0,8,00,00,FE,FF,FE,FF,00,00,
201000,00000625,false,Rx,0,8,25,00,59,86,01,54,5C,06,
211000,000002C4,false,Rx,0,8,09,20,00,00,79,02,00,00,
211000,000002C5,false,Rx,0,8,00,00,00,00,00,00,00,00,
212000,000002C6,false,Rx,0,8,32,00,7C,01,00,00,00,00,
262000,0000060D,false,Rx,0,8,0D,10,83,B6,09,20,70,00,
300000,00000625,false,Rx,0,8,25,00,59,86,01,54,5C,06,
362000,0000060D,false,Rx,0,8,0D,10,83,B6,09,20,70,00,
372000,00000054,false,Rx,0,8,01,05,00,01,79,02,00,00,
372000,00000055,false,Rx,0,8,10,27,00,00,00,00,00,00,
373000,00000056,false,Rx,0,8,10,27,00,00,00,00,00,00,
373000,00000057,false,Rx,0,8,00,00,FE,FF,FE,FF,00,00,
401000,00000625,false,Rx,0,8,25,00,59,86,01,54,5C,06,
0,000002C4,false,Rx,0,8,09,20,00,00,79,02,00,00,
0,000002C5,false,Rx,0,8,00,00,00,00,00,00,00,00,
0,000002C6,false,Rx,0,8,32,00,7C,01,00,00,00,00,
464000,0000060D,false,Rx,0,8,0D,10,83,B6,09,20,70,00,
500000,00000625,false,Rx,0,8,25,00,59,86,01,54,5C,06,
563000,0000060D,false,Rx,0,8,0D,10,83,B6,09,20,70,00,
0,00000054,false,Rx,0,8,01,05,00,01,79,02,00,00,
0,00000055,false,Rx,0,8,10,27,00,00,00,00,00,00,
572000,00000056,false,Rx,0,8,10,27,00,00,00,00,00,00,
573000,00000057,false,Rx,0,8,00,00,FE,FF,FE,FF,00,00,
601000,00000625,false,Rx,0,8,25,00,59,86,01,54,5C,06,
0,000002C4,false,Rx,0,8,09,20,00,00,79,02,00,00,
0,000002C5,false,Rx,0,8,00,00,00,00,00,00,00,00,
0,000002C6,false,Rx,0,8,32,00,7C,01,00,00,00,00,
663000,0000060D,false,Rx,0,8,0D,10,83,B6,09,20,70,00,
701000,00000625,false,Rx,0,8,25,00,59,86,01,54,5C,06,
763000,0000060D,false,Rx,0,8,0D,10,83,B6,09,20,70,00,
0,00000054,false,Rx,0,8,01,05,00,01,79,02,00,00,
0,00000055,false,Rx,0,8,10,27,00,00,00,00,00,00,
0,00000056,false,Rx,0,8,10,27,00,00,00,00,00,00,
773000,00000057,false,Rx,0,8,00,00,FE,FF,FE,FF,00,00,
800000,00000625,false,Rx,0,8,25,00,59,86,01,54,5C,06,
863000,0000060D,false,Rx,0,8,0D,10,83,B6,09,20,70,00,
0,000002C4,false,Rx,0,8,09,20,00,00,79,02,00,00,
0,000002C5,false,Rx,0,8,00,00,00,00,00,00,00,00,
872000,000002C6,false,Rx,0,8,32,00,7C,01,00,00,00,00,
900000,00000625,false,Rx,0,8,25,00,59,86,01,54,5C,06,
963000,0000060D,false,Rx,0,8,0D,10,83,B6,09,20,70,00,
972000,00000054,false,Rx,0,8,01,05,00,01,79,02,00,00,
972000,00000055,false,Rx,0,8,10,27,00,00,00,00,00,00,
973000,00000056,false,Rx,0,8,10,27,00,00,00,00,00,00,
973000,00000057,false,Rx,0,8,00,00,FE,FF,FE,FF,00,00,
1000,00000625,false,Rx,0,8,25,00,59,86,01,54,5C,06,
63000,0000060D,false,Rx,0,8,0D,10,83,B6,09,20,70,00,
92000,000002C4,false,Rx,0,8,09,20,00,00,79,02,00,00,
0,000002C5,false,Rx,0,8,00,00,00,00,00,00,00,00,
0,000002C6,false,Rx,0,8,32,00,7C,01,00,00,00,00,
100000,00000625,false,Rx,0,8,25,00,59,86,01,54,5C,06,
162000,0000060D,false,Rx,0,8,0D,10,83,B6,09,20,70,00,
172000,00000054,false,Rx,0,8,01,05,00,01,79,02,00,00,
172000,00000055,false,Rx,0,8,10,27,00,00,00,00,00,00,
172000,00000056,false,Rx,0,8,10,27,00,00,00,00,00,00,
172000,00000057,false,Rx,0,8,00,00,FE,FF,FE,FF,00,00,
201000,00000625,false,Rx,0,8,25,00,59,86,01,54,5C,06,
262000,0000060D,false,Rx,0,8,0D,10,83,B6,09,20,70,00,
300000,00000625,false,Rx,0,8,25,00,59,86,01,54,5C,06,
0,000002C4,false,Rx,0,8,09,20,00,00,79,02,00,00,
0,000002C5,false,Rx,0,8,00,00,00,00,00,00,00,00,
312000,000002C6,false,Rx,0,8,32,00,7C,01,00,00,00,00,
362000,0000060D,false,Rx,0,8,0D,10,83,B6,09,20,70,00,
373000,00000054,false,Rx,0,8,01,05,00,01,79,02,00,00,
373000,00000055,false,Rx,0,8,10,27,00,00,00,00,00,00,
373000,00000056,false,Rx,0,8,10,27,00,00,00,00,00,00,
373000,00000057,false,Rx,0,8,00,00,FE,FF,FE,FF,00,00,
401000,00000625,false,Rx,0,8,25,00,59,86,01,54,5C,06,
463000,0000060D,false,Rx,0,8,0D,10,83,B6,09,20,70,00,
501000,00000625,false,Rx,0,8,25,00,59,86,01,54,5C,06,
0,000002C4,false,Rx,0,8,09,20,00,00,79,02,00,00,
0,000002C5,false,Rx,0,8,00,00,00,00,00,00,00,00,
532000,000002C6,false,Rx,0,8,32,00,7C,01,00,00,00,00,
562000,0000060D,false,Rx,0,8,0D,10,83,B6,09,20,70,00,
573000,00000054,false,Rx,0,8,01,05,00,01,79,02,00,00,
573000,00000055,false,Rx,0,8,10,27,00,00,00,00,00,00,
0,00000056,false,Rx,0,8,10,27,00,00,00,00,00,00,
0,00000057,false,Rx,0,8,00,00,FE,FF,FE,FF,00,00,
601000,00000625,false,Rx,0,8,25,00,59,86,01,54,5C,06,
662000,0000060D,false,Rx,0,8,0D,10,83,B6,09,20,70,00,
701000,00000625,false,Rx,0,8,25,00,59,86,01,54,5C,06,
0,000002C4,false,Rx,0,8,09,20,00,00,79,02,00,00,
0,000002C5,false,Rx,0,8,00,00,00,00,00,00,00,00,
752000,000002C6,false,Rx,0,8,32,00,7C,01,00,00,00,00,
763000,0000060D,false,Rx,0,8,0D,10,83,B6,09,20,70,00,
772000,00000054,false,Rx,0,8,01,05,00,01,79,02,00,00,
772000,00000055,false,Rx,0,8,10,27,00,00,00,00,00,00,
772000,00000056,false,Rx,0,8,10,27,00,00,00,00,00,00,
773000,00000057,false,Rx,0,8,00,00,FE,FF,FE,FF,00,00,
801000,00000625,false,Rx,0,8,25,00,59,86,01,54,5C,06,
862000,0000060D,false,Rx,0,8,0D,10,83,B6,09,20,70,00,
900000,00000625,false,Rx,0,8,25,00,59,86,01,54,5C,06,
963000,0000060D,false,Rx,0,8,0D,10,83,B6,09,20,70,00,
0,000002C4,false,Rx,0,8,09,20,00,00,79,02,00,00,
0,000002C5,false,Rx,0,8,00,00,00,00,00,00,00,00,
972000,000002C6,false,Rx,0,8,32,00,7C,01,00,00,00,00,
972000,00000054,false,Rx,0,8,01,05,00,01,79,02,00,00,
972000,00000055,false,Rx,0,8,10,27,00,00,00,00,00,00,
972000,00000056,false,Rx,0,8,10,27,00,00,00,00,00,00,
973000,00000057,false,Rx,0,8,00,00,FE,FF,FE,FF,00,00,
0,00000625,false,Rx,0,8,25,00,59,86,01,54,5C,06,
63000,0000060D,false,Rx,0,8,0D,10,83,B6,09,20,70,00,
100000,00000625,false,Rx,0,8,25,00,59,86,01,54,5C,06,
163000,0000060D,false,Rx,0,8,0D,10,83,B6,09,20,70,00,
0,00000054,false,Rx,0,8,01,05,00,01,79,02,00,00,
0,00000055,false,Rx,0,8,10,27,00,00,00,00,00,00,
173000,00000056,false,Rx,0,8,10,27,00,00,00,00,00,00,
173000,00000057,false,Rx,0,8,00,00,FE,FF,FE,FF,00,00,
191000,000002C4,false,Rx,0,8,09,20,00,00,79,02,00,00,
191000,000002C5,false,Rx,0,8,00,00,00,00,00,00,00,00,
192000,000002C6,false,Rx,0,8,32,00,7C,01,00,00,00,00,
201000,00000625,false,Rx,0,8,25,00,59,86,01,54,5C,06,
263000,0000060D,false,Rx,0,8,0D,10,83,B6,09,20,70,00,
300000,00000625,false,Rx,0,8,25,00,59,86,01,54,5C,06,
363000,0000060D,false,Rx,0,8,0D,10,83,B6,09,20,70,00,
0,00000054,false,Rx,0,8,01,05,00,01,79,02,00,00,
0,00000055,false,Rx,0,8,10,27,00,00,00,00,00,00,
0,00000056,false,Rx,0,8,10,27,00,00,00,00,00,00,
373000,00000057,false,Rx,0,8,00,00,FE,FF,FE,FF,00,00,
401000,00000625,false,Rx,0,8,25,00,59,86,01,54,5C,06,
411000,000002C4,false,Rx,0,8,09,20,00,00,79,02,00,00,
411000,000002C5,false,Rx,0,8,00,00,00,00,00,00,00,00,
412000,000002C6,false,Rx,0,8,32,00,7C,01,00,00,00,00,
463000,0000060D,false,Rx,0,8,0D,10,83,B6,09,20,70,00,
501000,00000625,false,Rx,0,8,25,00,59,86,01,54,5C,06,
563000,0000060D,false,Rx,0,8,0D,10,83,B6,09,20,70,00,
0,00000054,false,Rx,0,8,01,05,00,01,79,02,00,00,
0,00000055,false,Rx,0,8,10,27,00,00,00,00,00,00,
574000,00000056,false,Rx,0,8,10,27,00,00,00,00,00,00,
574000,00000057,false,Rx,0,8,00,00,FE,FF,FE,FF,00,00,
601000,00000625,false,Rx,0,8,25,00,59,86,01,54,5C,06,
631000,000002C4,false,Rx,0,8,09,20,00,00,79,02,00,00,
632000,000002C5,false,Rx,0,8,00,00,00,00,00,00,00,00,
633000,000002C6,false,Rx,0,8,32,00,7C,01,00,00,00,00,
662000,0000060D,false,Rx,0,8,0D,10,83,B6,09,20,70,00,
700000,00000625,false,Rx,0,8,25,00,59,86,01,54,5C,06,
762000,0000060D,false,Rx,0,8,0D,10,83,B6,09,20,70,00,
0,00000054,false,Rx,0,8,01,05,00,01,79,02,00,00,
0,00000055,false,Rx,0,8,10,27,00,00,00,00,00,00,
773000,00000056,false,Rx,0,8,10,27,00,00,00,00,00,00,
773000,00000057,false,Rx,0,8,00,00,FE,FF,FE,FF,00,00,
801000,00000625,false,Rx,0,8,25,00,59,86,01,54,5C,06,
0,000002C4,false,Rx,0,8,09,20,00,00,79,02,00,00,
0,000002C5,false,Rx,0,8,00,00,00,00,00,00,00,00,
0,000002C6,false,Rx,0,8,32,00,7C,01,00,00,00,00,
864000,0000060D,false,Rx,0,8,0D,10,83,B6,09,20,70,00,
900000,00000625,false,Rx,0,8,25,00,59,86,01,54,5C,06,
962000,0000060D,false,Rx,0,8,0D,10,83,B6,09,20,70,00,
0,00000054,false,Rx,0,8,01,05,00,01,79,02,00,00,
0,00000055,false,Rx,0,8,10,27,00,00,00,00,00,00,
0,00000056,false,Rx,0,8,10,27,00,00,00,00,00,00,
0,00000057,false,Rx,0,8,00,00,FE,FF,FE,FF,00,00,
1000,00000625,false,Rx,0,8,25,00,59,86,01,54,5C,06,
64000,0000060D,false,Rx,0,8,0D,10,83,B6,09,20,70,00,
0,000002C4,false,Rx,0,8,09,20,00,00,79,02,00,00,
0,000002C5,false,Rx,0,8,00,00,00,00,00,00,00,00,
0,000002C6,false,Rx,0,8,32,00,7C,01,00,00,00,00,
101000,00000625,false,Rx,0,8,25,00,59,86,01,54,5C,06,
164000,0000060D,false,Rx,0,8,0D,10,83,B6,09,20,70,00,
172000,00000054,false,Rx,0,8,01,05,00,01,79,02,00,00,
173000,00000055,false,Rx,0,8,10,27,00,00,00,00,00,00,
173000,00000056,false,Rx,0,8,10,27,00,00,00,00,00,00,
174000,00000057,false,Rx,0,8,00,00,FE,FF,FE,FF,00,00,
200000,00000625,false,Rx,0,8,25,00,59,86,01,54,5C,06,
264000,0000060D,false,Rx,0,8,0D,10,83,B6,09,20,70,00,
0,000002C4,false,Rx,0,8,09,20,00,00,79,02,00,00,
0,000002C5,false,Rx,0,8,00,00,00,00,00,00,00,00,
0,000002C6,false,Rx,0,8,32,00,7C,01,00,00,00,00,
300000,00000625,false,Rx,0,8,25,00,59,86,01,54,5C,06,
363000,0000060D,false,Rx,0,8,0D,10,83,B6,09,20,70,00,
372000,00000054,false,Rx,0,8,01,05,00,01,79,02,00,00,
373000,00000055,false,Rx,0,8,10,27,00,00,00,00,00,00,
373000,00000056,false,Rx,0,8,10,27,00,00,00,00,00,00,
373000,00000057,false,Rx,0,8,00,00,FE,FF,FE,FF,00,00,
400000,00000625,false,Rx,0,8,25,00,59,86,01,54,5C,06,
463000,0000060D,false,Rx,0,8,0D,10,83,B6,09,20,70,00,
500000,00000625,false,Rx,0,8,25,00,59,86,01,54,5C,06,
0,000002C4,false,Rx,0,8,09,20,00,00,79,02,00,00,
0,000002C5,false,Rx,0,8,00,00,00,00,00,00,00,00,
512000,000002C6,false,Rx,0,8,32,00,7C,01,00,00,00,00,
563000,0000060D,false,Rx,0,8,0D,10,83,B6,09,20,70,00,
572000,00000054,false,Rx,0,8,01,05,00,01,79,02,00,00,
572000,00000055,false,Rx,0,8,10,27,00,00,00,00,00,00,
572000,00000056,false,Rx,0,8,10,27,00,00,00,00,00,00,
573000,00000057,false,Rx,0,8,00,00,FE,FF,FE,FF,00,00,
601000,00000625,false,Rx,0,8,25,00,59,86,01,54,5C,06,
664000,0000060D,false,Rx,0,8,0D,10,83,B6,09,20,70,00,
702000,00000625,false,Rx,0,8,25,00,59,86,01,54,5C,06,
0,000002C4,false,Rx,0,8,09,20,00,00,79,02,00,00,
0,000002C5,false,Rx,0,8,00,00,00,00,00,00,00,00,
732000,000002C6,false,Rx,0,8,32,00,7C,01,00,00,00,00,
763000,0000060D,false,Rx,0,8,0D,10,83,B6,09,20,70,00,
772000,00000054,false,Rx,0,8,01,05,00,01,79,02,00,00,
772000,00000055,false,Rx,0,8,10,27,00,00,00,00,00,00,
772000,00000056,false,Rx,0,8,10,27,00,00,00,00,00,00,
773000,00000057,false,Rx,0,8,00,00,FE,FF,FE,FF,00,00,
800000,00000625,false,Rx,0,8,25,00,59,86,01,54,5C,06,
863000,0000060D,false,Rx,0,8,0D,10,83,B6,09,20,70,00,
900000,00000625,false,Rx,0,8,25,00,59,86,01,54,5C,06,
951000,000002C4,false,Rx,0,8,09,20,00,00,79,02,00,00,
951000,000002C5,false,Rx,0,8,00,00,00,00,00,00,00,00,
952000,000002C6,false,Rx,0,8,32,00,7C,01,00,00,00,00,
963000,0000060D,false,Rx,0,8,0D,10,83,B6,09,20,70,00,
973000,00000054,false,Rx,0,8,01,05,00,01,79,02,00,00,
973000,00000055,false,Rx,0,8,10,27,00,00,00,00,00,00,
973000,00000056,false,Rx,0,8,10,27,00,00,00,00,00,00,
973000,00000057,false,Rx,0,8,00,00,FE,FF,FE,FF,00,00,
0,00000625,false,Rx,0,8,25,00,59,86,01,54,5C,06,
62000,0000060D,false,Rx,0,8,0D,10,83,B6,09,20,70,00,
100000,00000625,false,Rx,0,8,25,00,59,86,01,54,5C,06,
162000,0000060D,false,Rx,0,8,0D,10,83,B6,09,20,70,00,
0,000002C4,false,Rx,0,8,09,20,00,00,79,02,00,00,
0,000002C5,false,Rx,0,8,00,00,00,00,00,00,00,00,
172000,000002C6,false,Rx,0,8,32,00,7C,01,00,00,00,00,
173000,00000054,false,Rx,0,8,01,05,00,01,79,02,00,00,
173000,00000055,false,Rx,0,8,10,27,00,00,00,00,00,00,
173000,00000056,false,Rx,0,8,10,27,00,00,00,00,00,00,
174000,00000057,false,Rx,0,8,00,00,FE,FF,FE,FF,00,00,
201000,00000625,false,Rx,0,8,25,00,59,86,01,54,5C,06,
263000,0000060D,false,Rx,0,8,0D,10,83,B6,09,20,70,00,
301000,00000625,false,Rx,0,8,25,00,59,86,01,54,5C,06,
363000,0000060D,false,Rx,0,8,0D,10,83,B6,09,20,70,00,
372000,00000054,false,Rx,0,8,01,05,00,01,79,02,00,00,
372000,00000055,false,Rx,0,8,10,27,00,00,00,00,00,00,
372000,00000056,false,Rx,0,8,10,27,00,00,00,00,00,00,
372000,00000057,false,Rx,0,8,00,00,FE,FF,FE,FF,00,00,
0,000002C4,false,Rx,0,8,09,20,00,00,79,02,00,00,
0,000002C5,false,Rx,0,8,00,00,00,00,00,00,00,00,
392000,000002C6,false,Rx,0,8,32,00,7C,01,00,00,00,00,
401000,00000625,false,Rx,0,8,25,00,59,86,01,54,5C,06,
463000,0000060D,false,Rx,0,8,0D,10,83,B6,09,20,70,00,
502000,00000625,false,Rx,0,8,25,00,59,86,01,54,5C,06,
563000,0000060D,false,Rx,0,8,0D,10,83,B6,09,20,70,00,
573000,00000054,false,Rx,0,8,01,05,00,01,79,02,00,00,
573000,00000055,false,Rx,0,8,10,27,00,00,00,00,00,00,
573000,00000056,false,Rx,0,8,10,27,00,00,00,00,00,00,
574000,00000057,false,Rx,0,8,00,00,FE,FF,FE,FF,00,00,
600000,00000625,false,Rx,0,8,25,00,59,86,01,54,5C,06,
0,000002C4,false,Rx,0,8,09,20,00,00,79,02,00,00,
0,000002C5,false,Rx,0,8,00,00,00,00,00,00,00,00,
612000,000002C6,false,Rx,0,8,32,00,7C,01,00,00,00,00,
663000,0000060D,false,Rx,0,8,0D,10,83,B6,09,20,70,00,
700000,00000625,false,Rx,0,8,25,00,59,86,01,54,5C,06,
763000,0000060D,false,Rx,0,8,0D,10,83,B6,09,20,70,00,
772000,00000054,false,Rx,0,8,01,05,00,01,79,02,00,00,
0,00000055,false,Rx,0,8,10,27,00,00,00,00,00,00,
0,00000056,false,Rx,0,8,10,27,00,00,00,00,00,00,
773000,00000057,false,Rx,0,8,00,00,FE,FF,FE,FF,00,00,
800000,00000625,false,Rx,0,8,25,00,59,86,01,54,5C,06,
831000,000002C4,false,Rx,0,8,09,20,00,00,79,02,00,00,
831000,000002C5,false,Rx,0,8,00,00,00,00,00,00,00,00,
832000,000002C6,false,Rx,0,8,32,00,7C,01,00,00,00,00,
863000,0000060D,false,Rx,0,8,0D,10,83,B6,09,20,70,00,
900000,00000625,false,Rx,0,8,25,00,59,86,01,54,5C,06,
963000,0000060D,false,Rx,0,8,0D,10,83,B6,09,20,70,00,
972000,00000054,false,Rx,0,8,01,05,00,01,79,02,00,00,
972000,00000055,false,Rx,0,8,10,27,00,00,00,00,00,00,
972000,00000056,false,Rx,0,8,10,27,00,00,00,00,00,00,
973000,00000057,false,Rx,0,8,00,00,FE,FF,FE,FF,00,00,
1000,00000625,false,Rx,0,8,25,00,59,86,01,54,5C,06,
52000,000002C4,false,Rx,0,8,09,20,00,00,79,02,00,00,
52000,000002C5,false,Rx,0,8,00,00,00,00,00,00,00,00,
53000,000002C6,false,Rx,0,8,32,00,7C,01,00,00,00,00,
63000,0000060D,false,Rx,0,8,0D,10,83,B6,09,20,70,00,
100000,00000625,false,Rx,0,8,25,00,59,86,01,54,5C,06,
162000,0000060D,false,Rx,0,8,0D,10,83,B6,09,20,70,00,
172000,00000054,false,Rx,0,8,01,05,00,01,79,02,00,00,
172000,00000055,false,Rx,0,8,10,27,00,00,00,00,00,00,
172000,00000056,false,Rx,0,8,10,27,00,00,00,00,00,00,
173000,00000057,false,Rx,0,8,00,00,FE,FF,FE,FF,00,00,
200000,00000625,false,Rx,0,8,25,00,59,86,01,54,5C,06,
262000,0000060D,false,Rx,0,8,0D,10,83,B6,09,20,70,00,
272000,000002C4,false,Rx,0,8,09,20,00,00,79,02,00,00,
272000,000002C5,false,Rx,0,8,00,00,00,00,00,00,00,00,
272000,000002C6,false,Rx,0,8,32,00,7C,01,00,00,00,00,
301000,00000625,false,Rx,0,8,25,00,59,86,01,54,5C,06,
362000,0000060D,false,Rx,0,8,0D,10,83,B6,09,20,70,00,
372000,00000054,false,Rx,0,8,01,05,00,01,79,02,00,00,
372000,00000055,false,Rx,0,8,10,27,00,00,00,00,00,00,
372000,00000056,false,Rx,0,8,10,27,00,00,00,00,00,00,
372000,00000057,false,Rx,0,8,00,00,FE,FF,FE,FF,00,00,
400000,00000625,false,Rx,0,8,25,00,59,86,01,54,5C,06,
464000,0000060D,false,Rx,0,8,0D,10,83,B6,09,20,70,00,
492000,000002C4,false,Rx,0,8,09,20,00,00,79,02,00,00,
0,000002C5,false,Rx,0,8,00,00,00,00,00,00,00,00,
0,000002C6,false,Rx,0,8,32,00,7C,01,00,00,00,00,
500000,00000625,false,Rx,0,8,25,00,59,86,01,54,5C,06,
563000,0000060D,false,Rx,0,8,0D,10,83,B6,09,20,70,00,
572000,00000054,false,Rx,0,8,01,05,00,01,79,02,00,00,
0,00000055,false,Rx,0,8,10,27,00,00,00,00,00,00,
0,00000056,false,Rx,0,8,10,27,00,00,00,00,00,00,
573000,00000057,false,Rx,0,8,00,00,FE,FF,FE,FF,00,00,
600000,00000625,false,Rx,0,8,25,00,59,86,01,54,5C,06,
662000,0000060D,false,Rx,0,8,0D,10,83,B6,09,20,70,00,
700000,00000625,false,Rx,0,8,25,00,59,86,01,54,5C,06,
0,000002C4,false,Rx,0,8,09,20,00,00,79,02,00,00,
0,000002C5,false,Rx,0,8,00,00,00,00,00,00,00,00,
0,000002C6,false,Rx,0,8,32,00,7C,01,00,00,00,00,
763000,0000060D,false,Rx,0,8,0D,10,83,B6,09,20,70,00,
0,00000054,false,Rx,0,8,01,05,00,01,79,02,00,00,
0,00000055,false,Rx,0,8,10,27,00,00,00,00,00,00,
0,00000056,false,Rx,0,8,10,27,00,00,00,00,00,00,
0,00000057,false,Rx,0,8,00,00,FE,FF,FE,FF,00,00,
800000,00000625,false,Rx,0,8,25,00,59,86,01,54,5C,06,
863000,0000060D,false,Rx,0,8,0D,10,83,B6,09,20,70,00,
901000,00000625,false,Rx,0,8,25,00,59,86,01,54,5C,06,
0,000002C4,false,Rx,0,8,09,20,00,00,79,02,00,00,
0,000002C5,false,Rx,0,8,00,00,00,00,00,00,00,00,
0,000002C6,false,Rx,0,8,32,00,7C,01,00,00,00,00,
964000,0000060D,false,Rx,0,8,0D,10,83,B6,09,20,70,00,
0,00000054,false,Rx,0,8,01,05,00,01,79,02,00,00,
0,00000055,false,Rx,0,8,10,27,00,00,00,00,00,00,
973000,00000056,false,Rx,0,8,10,27,00,00,00,00,00,00,
973000,00000057,false,Rx,0,8,00,00,FE,FF,FE,FF,00,00,
1000,00000625,false,Rx,0,8,25,00,59,86,01,54,5C,06,
63000,0000060D,false,Rx,0,8,0D,10,83,B6,09,20,70,00,
101000,00000625,false,Rx,0,8,25,00,59,86,01,54,5C,06,
0,000002C4,false,Rx,0,8,09,20,00,00,79,02,00,00,
0,000002C5,false,Rx,0,8,00,00,00,00,00,00,00,00,
152000,000002C6,false,Rx,0,8,32,00,7C,01,00,00,00,00,
163000,0000060D,false,Rx,0,8,0D,10,83,B6,09,20,70,00,
173000,00000054,false,Rx,0,8,01,05,00,01,79,02,00,00,
173000,00000055,false,Rx,0,8,10,27,00,00,00,00,00,00,
173000,00000056,false,Rx,0,8,10,27,00,00,00,00,00,00,
173000,00000057,false,Rx,0,8,00,00,FE,FF,FE,FF,00,00,
201000,00000625,false,Rx,0,8,25,00,59,86,01,54,5C,06,
262000,0000060D,false,Rx,0,8,0D,10,83,B6,09,20,70,00,
300000,00000625,false,Rx,0,8,25,00,59,86,01,54,5C,06,
363000,0000060D,false,Rx,0,8,0D,10,83,B6,09,20,70,00,
372000,000002C4,false,Rx,0,8,09,20,00,00,79,02,00,00,
372000,000002C5,false,Rx,0,8,00,00,00,00,00,00,00,00,
372000,000002C6,false,Rx,0,8,32,00,7C,01,00,00,00,00,
373000,00000054,false,Rx,0,8,01,05,00,01,79,02,00,00,
373000,00000055,false,Rx,0,8,10,27,00,00,00,00,00,00,
373000,00000056,false,Rx,0,8,10,27,00,00,00,00,00,00,
373000,00000057,false,Rx,0,8,00,00,FE,FF,FE,FF,00,00,
401000,00000625,false,Rx,0,8,25,00,59,86,01,54,5C,06,
464000,0000060D,false,Rx,0,8,0D,10,83,B6,09,20,70,00,
500000,00000625,false,Rx,0,8,25,00,59,86,01,54,5C,06,
563000,0000060D,false,Rx,0,8,0D,10,83,B6,09,20,70,00,
572000,00000054,false,Rx,0,8,01,05,00,01,79,02,00,00,
572000,00000055,false,Rx,0,8,10,27,00,00,00,00,00,00,
573000,00000056,false,Rx,0,8,10,27,00,00,00,00,00,00,
573000,00000057,false,Rx,0,8,00,00,FE,FF,FE,FF,00,00,
591000,000002C4,false,Rx,0,8,09,20,00,00,79,02,00,00,
591000,000002C5,false,Rx,0,8,00,00,00,00,00,00,00,00,
592000,000002C6,false,Rx,0,8,32,00,7C,01,00,00,00,00,
601000,00000625,false,Rx,0,8,25,00,59,86,01,54,5C,06,
664000,0000060D,false,Rx,0,8,0D,10,83,B6,09,20,70,00,
701000,00000625,false,Rx,0,8,25,00,59,86,01,54,5C,06,
763000,0000060D,false,Rx,0,8,0D,10,83,B6,09,20,70,00,
0,00000054,false,Rx,0,8,01,05,00,01,79,02,00,00,
0,00000055,false,Rx,0,8,10,27,00,00,00,00,00,00,
772000,00000056,false,Rx,0,8,10,27,00,00,00,00,00,00,
773000,00000057,false,Rx,0,8,00,00,FE,FF,FE,FF,00,00,
800000,00000625,false,Rx,0,8,25,00,59,86,01,54,5C,06,
811000,000002C4,false,Rx,0,8,09,20,00,00,79,02,00,00,
811000,000002C5,false,Rx,0,8,00,00,00,00,00,00,00,00,
812000,000002C6,false,Rx,0,8,32,00,7C,01,00,00,00,00,
863000,0000060D,false,Rx,0,8,0D,10,83,B6,09,20,70,00,
901000,00000625,false,Rx,0,8,25,00,59,86,01,54,5C,06,
963000,0000060D,false,Rx,0,8,0D,10,83,B6,09,20,70,00,
972000,00000054,false,Rx,0,8,01,05,00,01,79,02,00,00,
973000,00000055,false,Rx,0,8,10,27,00,00,00,00,00,00,
0,00000056,false,Rx,0,8,10,27,00,00,00,00,00,00,
0,00000057,false,Rx,0,8,00,00,FE,FF,FE,FF,00,00,
0,00000625,false,Rx,0,8,25,00,59,86,01,54,5C,06,
32000,000002C4,false,Rx,0,8,09,20,00,00,79,02,00,00,
32000,000002C5,false,Rx,0,8,00,00,00,00,00,00,00,00,
32000,000002C6,false,Rx,0,8,32,00,7C,01,00,00,00,00,
62000,0000060D,false,Rx,0,8,0D,10,83,B6,09,20,70,00,
100000,00000625,false,Rx,0,8,25,00,59,86,01,54,5C,06,
162000,0000060D,false,Rx,0,8,0D,10,83,B6,09,20,70,00,
172000,00000054,false,Rx,0,8,01,05,00,01,79,02,00,00,
173000,00000055,false,Rx,0,8,10,27,00,00,00,00,00,00,
173000,00000056,false,Rx,0,8,10,27,00,00,00,00,00,00,
173000,00000057,false,Rx,0,8,00,00,FE,FF,FE,FF,00,00,
201000,00000625,false,Rx,0,8,25,00,59,86,01,54,5C,06,
0,000002C4,false,Rx,0,8,09,20,00,00,79,02,00,00,
0,000002C5,false,Rx,0,8,00,00,00,00,00,00,00,00,
252000,000002C6,false,Rx,0,8,32,00,7C,01,00,00,00,00,
262000,0000060D,false,Rx,0,8,0D,10,83,B6,09,20,70,00,
300000,00000625,false,Rx,0,8,25,00,59,86,01,54,5C,06,
362000,0000060D,false,Rx,0,8,0D,10,83,B6,09,20,70,00,
372000,00000054,false,Rx,0,8,01,05,00,01,79,02,00,00,
372000,00000055,false,Rx,0,8,10,27,00,00,00,00,00,00,
372000,00000056,false,Rx,0,8,10,27,00,00,00,00,00,00,
373000,00000057,false,Rx,0,8,00,00,FE,FF,FE,FF,00,00,
401000,00000625,false,Rx,0,8,25,00,59,86,01,54,5C,06,
463000,0000060D,false,Rx,0,8,0D,10,83,B6,09,20,70,00,
471000,000002C4,false,Rx,0,8,09,20,00,00,79,02,00,00,
471000,000002C5,false,Rx,0,8,00,00,00,00,00,00,00,00,
472000,000002C6,false,Rx,0,8,32,00,7C,01,00,00,00,00,
500000,00000625,false,Rx,0,8,25,00,59,86,01,54,5C,06,
563000,0000060D,false,Rx,0,8,0D,10,83,B6,09,20,70,00,
573000,00000054,false,Rx,0,8,01,05,00,01,79,02,00,00,
573000,00000055,false,Rx,0,8,10,27,00,00,00,00,00,00,
573000,00000056,false,Rx,0,8,10,27,00,00,00,00,00,00,
573000,00000057,false,Rx,0,8,00,00,FE,FF,FE,FF,00,00,
600000,00000625,false,Rx,0,8,25,00,59,86,01,54,5C,06,
663000,0000060D,false,Rx,0,8,0D,10,83,B6,09,20,70,00,
691000,000002C4,false,Rx,0,8,09,20,00,00,79,02,00,00,
691000,000002C5,false,Rx,0,8,00,00,00,00,00,00,00,00,
691000,000002C6,false,Rx,0,8,32,00,7C,01,00,00,00,00,
700000,00000625,false,Rx,0,8,25,00,59,86,01,54,5C,06,
763000,0000060D,false,Rx,0,8,0D,10,83,B6,09,20,70,00,
772000,00000054,false,Rx,0,8,01,05,00,01,79,02,00,00,
772000,00000055,false,Rx,0,8,10,27,00,00,00,00,00,00,
773000,00000056,false,Rx,0,8,10,27,00,00,00,00,00,00,
773000,00000057,false,Rx,0,8,00,00,FE,FF,FE,FF,00,00,
800000,00000625,false,Rx,0,8,25,00,59,86,01,54,5C,06,
863000,0000060D,false,Rx,0,8,0D,10,83,B6,09,20,70,00,
900000,00000625,false,Rx,0,8,25,00,59,86,01,54,5C,06,
911000,000002C4,false,Rx,0,8,09,20,00,00,79,02,00,00,
912000,000002C5,false,Rx,0,8,00,00,00,00,00,00,00,00,
912000,000002C6,false,Rx,0,8,32,00,7C,01,00,00,00,00,
963000,0000060D,false,Rx,0,8,0D,10,83,B6,09,20,70,00,
972000,00000054,false,Rx,0,8,01,05,00,01,79,02,00,00,
972000,00000055,false,Rx,0,8,10,27,00,00,00,00,00,00,
0,00000056,false,Rx,0,8,10,27,00,00,00,00,00,00,
0,00000057,false,Rx,0,8,00,00,FE,FF,FE,FF,00,00,
1000,00000625,false,Rx,0,8,25,00,59,86,01,54,5C,06,
63000,0000060D,false,Rx,0,8,0D,10,83,B6,09,20,70,00,
100000,00000625,false,Rx,0,8,25,00,59,86,01,54,5C,06,
131000,000002C4,false,Rx,0,8,09,20,00,00,79,02,00,00,
132000,000002C5,false,Rx,0,8,00,00,00,00,00,00,00,00,
133000,000002C6,false,Rx,0,8,32,00,7C,01,00,00,00,00,
163000,0000060D,false,Rx,0,8,0D,10,83,B6,09,20,70,00,
173000,00000054,false,Rx,0,8,01,05,00,01,79,02,00,00,
173000,00000055,false,Rx,0,8,10,27,00,00,00,00,00,00,
173000,00000056,false,Rx,0,8,10,27,00,00,00,00,00,00,
173000,00000057,false,Rx,0,8,00,00,FE,FF,FE,FF,00,00,
201000,00000625,false,Rx,0,8,25,00,59,86,01,54,5C,06,
262000,0000060D,false,Rx,0,8,0D,10,83,B6,09,20,70,00,
301000,00000625,false,Rx,0,8,25,00,59,86,01,54,5C,06,
352000,000002C4,false,Rx,0,8,09,20,00,00,79,02,00,00,
352000,000002C5,false,Rx,0,8,00,00,00,00,00,00,00,00,
353000,000002C6,false,Rx,0,8,32,00,7C,01,00,00,00,00,
363000,0000060D,false,Rx,0,8,0D,10,83,B6,09,20,70,00,
372000,00000054,false,Rx,0,8,01,05,00,01,79,02,00,00,
372000,00000055,false,Rx,0,8,10,27,00,00,00,00,00,00,
372000,00000056,false,Rx,0,8,10,27,00,00,00,00,00,00,
372000,00000057,false,Rx,0,8,00,00,FE,FF,FE,FF,00,00,
400000,00000625,false,Rx,0,8,25,00,59,86,01,54,5C,06,
463000,0000060D,false,Rx,0,8,0D,10,83,B6,09,20,70,00,
500000,00000625,false,Rx,0,8,25,00,59,86,01,54,5C,06,
563000,0000060D,false,Rx,0,8,0D,10,83,B6,09,20,70,00,
571000,000002C4,false,Rx,0,8,09,20,00,00,79,02,00,00,
571000,000002C5,false,Rx,0,8,00,00,00,00,00,00,00,00,
572000,000002C6,false,Rx,0,8,32,00,7C,01,00,00,00,00,
572000,00000054,false,Rx,0,8,01,05,00,01,79,02,00,00,
572000,00000055,false,Rx,0,8,10,27,00,00,00,00,00,00,
573000,00000056,false,Rx,0,8,10,27,00,00,00,00,00,00,
573000,00000057,false,Rx,0,8,00,00,FE,FF,FE,FF,00,00,
600000,00000625,false,Rx,0,8,25,00,59,86,01,54,5C,06,
663000,0000060D,false,Rx,0,8,0D,10,83,B6,09,20,70,00,
700000,00000625,false,Rx,0,8,25,00,59,86,01,54,5C,06,
764000,0000060D,false,Rx,0,8,0D,10,83,B6,09,20,70,00,
772000,00000054,false,Rx,0,8,01,05,00,01,79,02,00,00,
772000,00000055,false,Rx,0,8,10,27,00,00,00,00,00,00,
772000,00000056,false,Rx,0,8,10,27,00,00,00,00,00,00,
773000,00000057,false,Rx,0,8,00,00,FE,FF,FE,FF,00,00,
792000,000002C4,false,Rx,0,8,09,20,00,00,79,02,00,00,
792000,000002C5,false,Rx,0,8,00,00,00,00,00,00,00,00,
792000,000002C6,false,Rx,0,8,32,00,7C,01,00,00,00,00,
801000,00000625,false,Rx,0,8,25,00,59,86,01,54,5C,06,
864000,0000060D,false,Rx,0,8,0D,10,83,B6,09,20,70,00,
901000,00000625,false,Rx,0,8,25,00,59,86,01,54,5C,06,
964000,0000060D,false,Rx,0,8,0D,10,83,B6,09,20,70,00,
972000,00000054,false,Rx,0,8,01,05,00,01,79,02,00,00,
972000,00000055,false,Rx,0,8,10,27,00,00,00,00,00,00,
972000,00000056,false,Rx,0,8,10,27,00,00,00,00,00,00,
972000,00000057,false,Rx,0,8,00,00,FE,FF,FE,FF,00,00,
1000,00000625,false,Rx,0,8,25,00,59,86,01,54,5C,06,
11000,000002C4,false,Rx,0,8,09,20,00,00,79,02,00,00,
11000,000002C5,false,Rx,0,8,00,00,00,00,00,00,00,00,
12000,000002C6,false,Rx,0,8,32,00,7C,01,00,00,00,00,
63000,0000060D,false,Rx,0,8,0D,10,83,B6,09,20,70,00,
100000,00000625,false,Rx,0,8,25,00,59,86,01,54,5C,06,
163000,0000060D,false,Rx,0,8,0D,10,83,B6,09,20,70,00,
172000,00000054,false,Rx,0,8,01,05,00,01,79,02,00,00,
0,00000055,false,Rx,0,8,10,27,00,00,00,00,00,00,
0,00000056,false,Rx,0,8,10,27,00,00,00,00,00,00,
173000,00000057,false,Rx,0,8,00,00,FE,FF,FE,FF,00,00,
200000,00000625,false,Rx,0,8,25,00,59,86,01,54,5C,06,
232000,000002C4,false,Rx,0,8,09,20,00,00,79,02,00,00,
232000,000002C5,false,Rx,0,8,00,00,00,00,00,00,00,00,
232000,000002C6,false,Rx,0,8,32,00,7C,01,00,00,00,00,
262000,0000060D,false,Rx,0,8,0D,10,83,B6,09,20,70,00,
301000,00000625,false,Rx,0,8,25,00,59,86,01,54,5C,06,
363000,0000060D,false,Rx,0,8,0D,10,83,B6,09,20,70,00,
373000,00000054,false,Rx,0,8,01,05,00,01,79,02,00,00,
373000,00000055,false,Rx,0,8,10,27,00,00,00,00,00,00,
373000,00000056,false,Rx,0,8,10,27,00,00,00,00,00,00,
373000,00000057,false,Rx,0,8,00,00,FE,FF,FE,FF,00,00,
400000,00000625,false,Rx,0,8,25,00,59,86,01,54,5C,06,
451000,000002C4,false,Rx,0,8,09,20,00,00,79,02,00,00,
451000,000002C5,false,Rx,0,8,00,00,00,00,00,00,00,00,
452000,000002C6,false,Rx,0,8,32,00,7C,01,00,00,00,00,
463000,0000060D,false,Rx,0,8,0D,10,83,B6,09,20,70,00,
500000,00000625,false,Rx,0,8,25,00,59,86,01,54,5C,06,
563000,0000060D,false,Rx,0,8,0D,10,83,B6,09,20,70,00,
572000,00000054,false,Rx,0,8,01,05,00,01,79,02,00,00,
0,00000055,false,Rx,0,8,10,27,00,00,00,00,00,00,
0,00000056,false,Rx,0,8,10,27,00,00,00,00,00,00,
573000,00000057,false,Rx,0,8,00,00,FE,FF,FE,FF,00,00,
600000,00000625,false,Rx,0,8,25,00,59,86,01,54,5C,06,
663000,0000060D,false,Rx,0,8,0D,10,83,B6,09,20,70,00,
672000,000002C4,false,Rx,0,8,09,20,00,00,79,02,00,00,
672000,000002C5,false,Rx,0,8,00,00,00,00,00,00,00,00,
672000,000002C6,false,Rx,0,8,32,00,7C,01,00,00,00,00,
701000,00000625,false,Rx,0,8,25,00,59,86,01,54,5C,06,
762000,0000060D,false,Rx,0,8,0D,10,83,B6,09,20,70,00,
772000,00000054,false,Rx,0,8,01,05,00,01,79,02,00,00,
772000,00000055,false,Rx,0,8,10,27,00,00,00,00,00,00,
772000,00000056,false,Rx,0,8,10,27,00,00,00,00,00,00,
772000,00000057,false,Rx,0,8,00,00,FE,FF,FE,FF,00,00,
800000,00000625,false,Rx,0,8,25,00,59,86,01,54,5C,06,
863000,0000060D,false,Rx,0,8,0D,10,83,B6,09,20,70,00,
892000,000002C4,false,Rx,0,8,09,20,00,00,79,02,00,00,
892000,000002C5,false,Rx,0,8,00,00,00,00,00,00,00,00,
892000,000002C6,false,Rx,0,8,32,00,7C,01,00,00,00,00,
901000,00000625,false,Rx,0,8,25,00,59,86,01,54,5C,06,
962000,0000060D,false,Rx,0,8,0D,10,83,B6,09,20,70,00,
972000,00000054,false,Rx,0,8,01,05,00,01,79,02,00,00,
972000,00000055,false,Rx,0,8,10,27,00,00,00,00,00,00,
972000,00000056,false,Rx,0,8,10,27,00,00,00,00,00,00,
972000,00000057,false,Rx,0,8,00,00,FE,FF,FE,FF,00,00,
0,00000625,false,Rx,0,8,25,00,59,86,01,54,5C,06,
63000,0000060D,false,Rx,0,8,0D,10,83,B6,09,20,70,00,
101000,00000625,false,Rx,0,8,25,00,59,86,01,54,5C,06,
0,000002C4,false,Rx,0,8,09,20,00,00,79,02,00,00,
0,000002C5,false,Rx,0,8,00,00,00,00,00,00,00,00,
0,000002C6,false,Rx,0,8,32,00,7C,01,00,00,00,00,
163000,0000060D,false,Rx,0,8,0D,10,83,B6,09,20,70,00,
0,00000054,false,Rx,0,8,01,05,00,01,79,02,00,00,
0,00000055,false,Rx,0,8,10,27,00,00,00,00,00,00,
173000,00000056,false,Rx,0,8,10,27,00,00,00,00,00,00,
174000,00000057,false,Rx,0,8,00,00,FE,FF,FE,FF,00,00,
200000,00000625,false,Rx,0,8,25,00,59,86,01,54,5C,06,
263000,0000060D,false,Rx,0,8,0D,10,83,B6,09,20,70,00,
301000,00000625,false,Rx,0,8,25,00,59,86,01,54,5C,06,
0,000002C4,false,Rx,0,8,09,20,00,00,79,02,00,00,
0,000002C5,false,Rx,0,8,00,00,00,00,00,00,00,00,
332000,000002C6,false,Rx,0,8,32,00,7C,01,00,00,00,00,
363000,0000060D,false,Rx,0,8,0D,10,83,B6,09,20,70,00,
373000,00000054,false,Rx,0,8,01,05,00,01,79,02,00,00,
373000,00000055,false,Rx,0,8,10,27,00,00,00,00,00,00,
373000,00000056,false,Rx,0,8,10,27,00,00,00,00,00,00,
373000,00000057,false,Rx,0,8,00,00,FE,FF,FE,FF,00,00,
402000,00000625,false,Rx,0,8,25,00,59,86,01,54,5C,06,
464000,0000060D,false,Rx,0,8,0D,10,83,B6,09,20,70,00,
500000,00000625,false,Rx,0,8,25,00,59,86,01,54,5C,06,
551000,000002C4,false,Rx,0,8,09,20,00,00,79,02,00,00,
552000,000002C5,false,Rx,0,8,00,00,00,00,00,00,00,00,
552000,000002C6,false,Rx,0,8,32,00,7C,01,00,00,00,00,
563000,0000060D,false,Rx,0,8,0D,10,83,B6,09,20,70,00,
572000,00000054,false,Rx,0,8,01,05,00,01,79,02,00,00,
572000,00000055,false,Rx,0,8,10,27,00,00,00,00,00,00,
572000,00000056,false,Rx,0,8,10,27,00,00,00,00,00,00,
572000,00000057,false,Rx,0,8,00,00,FE,FF,FE,FF,00,00,
600000,00000625,false,Rx,0,8,25,00,59,86,01,54,5C,06,
663000,0000060D,false,Rx,0,8,0D,10,83,B6,09,20,70,00,
701000,00000625,false,Rx,0,8,25,00,59,86,01,54,5C,06,
763000,0000060D,false,Rx,0,8,0D,10,83,B6,09,20,70,00,
771000,000002C4,false,Rx,0,8,09,20,00,00,79,02,00,00,
771000,000002C5,false,Rx,0,8,00,00,00,00,00,00,00,00,
772000,000002C6,false,Rx,0,8,32,00,7C,01,00,00,00,00,
772000,00000054,false,Rx,0,8,01,05,00,01,79,02,00,00,
772000,00000055,false,Rx,0,8,10,27,00,00,00,00,00,00,
772000,00000056,false,Rx,0,8,10,27,00,00,00,00,00,00,
773000,00000057,false,Rx,0,8,00,00,FE,FF,FE,FF,00,00,
801000,00000625,false,Rx,0,8,25,00,59,86,01,54,5C,06,
863000,0000060D,false,Rx,0,8,0D,10,83,B6,09,20,70,00,
900000,00000625,false,Rx,0,8,25,00,59,86,01,54,5C,06,
963000,0000060D,false,Rx,0,8,0D,10,83,B6,09,20,70,00,
972000,00000054,false,Rx,0,8,01,05,00,01,79,02,00,00,
0,00000055,false,Rx,0,8,10,27,00,00,00,00,00,00,
0,00000056,false,Rx,0,8,10,27,00,00,00,00,00,00,
973000,00000057,false,Rx,0,8,00,00,FE,FF,FE,FF,00,00,
991000,000002C4,false,Rx,0,8,09,20,00,00,79,02,00,00,
0,000002C5,false,Rx,0,8,00,00,00,00,00,00,00,00,
0,000002C6,false,Rx,0,8,32,00,7C,01,00,00,00,00,
0,00000625,false,Rx,0,8,25,00,59,86,01,54,5C,06,
63000,0000060D,false,Rx,0,8,0D,10,83,B6,09,20,70,00,
101000,00000625,false,Rx,0,8,25,00,59,86,01,54,5C,06,
163000,0000060D,false,Rx,0,8,0D,10,83,B6,09,20,70,00,
172000,00000054,false,Rx,0,8,01,05,00,01,79,02,00,00,
173000,00000055,false,Rx,0,8,10,27,00,00,00,00,00,00,
173000,00000056,false,Rx,0,8,10,27,00,00,00,00,00,00,
173000,00000057,false,Rx,0,8,00,00,FE,FF,FE,FF,00,00,
201000,00000625,false,Rx,0,8,25,00,59,86,01,54,5C,06,
212000,000002C4,false,Rx,0,8,09,20,00,00,79,02,00,00,
212000,000002C5,false,Rx,0,8,00,00,00,00,00,00,00,00,
212000,000002C6,false,Rx,0,8,32,00,7C,01,00,00,00,00,
263000,0000060D,false,Rx,0,8,0D,10,83,B6,09,20,70,00,
301000,00000625,false,Rx,0,8,25,00,59,86,01,54,5C,06,
363000,0000060D,false,Rx,0,8,0D,10,83,B6,09,20,70,00,
372000,00000054,false,Rx,0,8,01,05,00,01,79,02,00,00,
372000,00000055,false,Rx,0,8,10,27,00,00,00,00,00,00,
372000,00000056,false,Rx,0,8,10,27,00,00,00,00,00,00,
373000,00000057,false,Rx,0,8,00,00,FE,FF,FE,FF,00,00,
400000,00000625,false,Rx,0,8,25,00,59,86,01,54,5C,06,
0,000002C4,false,Rx,0,8,09,20,00,00,79,02,00,00,
0,000002C5,false,Rx,0,8,00,00,00,00,00,00,00,00,
0,000002C6,false,Rx,0,8,32,00,7C,01,00,00,00,00,
464000,0000060D,false,Rx,0,8,0D,10,83,B6,09,20,70,00,
500000,00000625,false,Rx,0,8,25,00,59,86,01,54,5C,06,
562000,0000060D,false,Rx,0,8,0D,10,83,B6,09,20,70,00,
572000,00000054,false,Rx,0,8,01,05,00,01,79,02,00,00,
572000,00000055,false,Rx,0,8,10,27,00,00,00,00,00,00,
0,00000056,false,Rx,0,8,10,27,00,00,00,00,00,00,
0,00000057,false,Rx,0,8,00,00,FE,FF,FE,FF,00,00,
600000,00000625,false,Rx,0,8,25,00,59,86,01,54,5C,06,
0,000002C4,false,Rx,0,8,09,20,00,00,79,02,00,00,
0,000002C5,false,Rx,0,8,00,00,00,00,00,00,00,00,
652000,000002C6,false,Rx,0,8,32,00,7C,01,00,00,00,00,
662000,0000060D,false,Rx,0,8,0D,10,83,B6,09,20,70,00,
701000,00000625,false,Rx,0,8,25,00,59,86,01,54,5C,06,
763000,0000060D,false,Rx,0,8,0D,10,83,B6,09,20,70,00,
772000,00000054,false,Rx,0,8,01,05,00,01,79,02,00,00,
773000,00000055,false,Rx,0,8,10,27,00,00,00,00,00,00,
773000,00000056,false,Rx,0,8,10,27,00,00,00,00,00,00,
773000,00000057,false,Rx,0,8,00,00,FE,FF,FE,FF,00,00,
801000,00000625,false,Rx,0,8,25,00,59,86,01,54,5C,06,
863000,0000060D,false,Rx,0,8,0D,10,83,B6,09,20,70,00,
872000,000002C4,false,Rx,0,8,09,20,00,00,79,02,00,00,
872000,000002C5,false,Rx,0,8,00,00,00,00,00,00,00,00,
872000,000002C6,false,Rx,0,8,32,00,7C,01,00,00,00,00,
901000,00000625,false,Rx,0,8,25,00,59,86,01,54,5C,06,
963000,0000060D,false,Rx,0,8,0D,10,83,B6,09,20,70,00,
973000,00000054,false,Rx,0,8,01,05,00,01,79,02,00,00,
0,00000055,false,Rx,0,8,10,27,00,00,00,00,00,00,
0,00000056,false,Rx,0,8,10,27,00,00,00,00,00,00,
974000,00000057,false,Rx,0,8,00,00,FE,FF,FE,FF,00,00,
0,00000625,false,Rx,0,8,25,00,59,86,01,54,5C,06,
62000,0000060D,false,Rx,0,8,0D,10,83,B6,09,20,70,00,
92000,000002C4,false,Rx,0,8,09,20,00,00,79,02,00,00,
92000,000002C5,false,Rx,0,8,00,00,00,00,00,00,00,00,
92000,000002C6,false,Rx,0,8,32,00,7C,01,00,00,00,00,
100000,00000625,false,Rx,0,8,25,00,59,86,01,54,5C,06,
162000,0000060D,false,Rx,0,8,0D,10,83,B6,09,20,70,00,
172000,00000054,false,Rx,0,8,01,05,00,01,79,02,00,00,
172000,00000055,false,Rx,0,8,10,27,00,00,00,00,00,00,
172000,00000056,false,Rx,0,8,10,27,00,00,00,00,00,00,
172000,00000057,false,Rx,0,8,00,00,FE,FF,FE,FF,00,00,
200000,00000625,false,Rx,0,8,25,00,59,86,01,54,5C,06,
263000,0000060D,false,Rx,0,8,0D,10,83,B6,09,20,70,00,
300000,00000625,false,Rx,0,8,25,00,59,86,01,54,5C,06,
311000,000002C4,false,Rx,0,8,09,20,00,00,79,02,00,00,
311000,000002C5,false,Rx,0,8,00,00,00,00,00,00,00,00,
312000,000002C6,false,Rx,0,8,32,00,7C,01,00,00,00,00,
363000,0000060D,false,Rx,0,8,0D,10,83,B6,09,20,70,00,
0,00000054,false,Rx,0,8,01,05,00,01,79,02,00,00,
0,00000055,false,Rx,0,8,10,27,00,00,00,00,00,00,
0,00000056,false,Rx,0,8,10,27,00,00,00,00,00,00,
373000,00000057,false,Rx,0,8,00,00,FE,FF,FE,FF,00,00,
400000,00000625,false,Rx,0,8,25,00,59,86,01,54,5C,06,
464000,0000060D,false,Rx,0,8,0D,10,83,B6,09,20,70,00,
500000,00000625,false,Rx,0,8,25,00,59,86,01,54,5C,06,
532000,000002C4,false,Rx,0,8,09,20,00,00,79,02,00,00,
532000,000002C5,false,Rx,0,8,00,00,00,00,00,00,00,00,
532000,000002C6,false,Rx,0,8,32,00,7C,01,00,00,00,00,
563000,0000060D,false,Rx,0,8,0D,10,83,B6,09,20,70,00,
573000,00000054,false,Rx,0,8,01,05,00,01,79,02,00,00,
573000,00000055,false,Rx,0,8,10,27,00,00,00,00,00,00,
573000,00000056,false,Rx,0,8,10,27,00,00,00,00,00,00,
573000,00000057,false,Rx,0,8,00,00,FE,FF,FE,FF,00,00,
600000,00000625,false,Rx,0,8,25,00,59,86,01,54,5C,06,
662000,0000060D,false,Rx,0,8,0D,10,83,B6,09,20,70,00,
701000,00000625,false,Rx,0,8,25,00,59,86,01,54,5C,06,
751000,000002C4,false,Rx,0,8,09,20,00,00,79,02,00,00,
752000,000002C5,false,Rx,0,8,00,00,00,00,00,00,00,00,
752000,000002C6,false,Rx,0,8,32,00,7C,01,00,00,00,00,
763000,0000060D,false,Rx,0,8,0D,10,83,B6,09,20,70,00,
0,00000054,false,Rx,0,8,01,05,00,01,79,02,00,00,
0,00000055,false,Rx,0,8,10,27,00,00,00,00,00,00,
0,00000056,false,Rx,0,8,10,27,00,00,00,00,00,00,
0,00000057,false,Rx,0,8,00,00,FE,FF,FE,FF,00,00,
800000,00000625,false,Rx,0,8,25,00,59,86,01,54,5C,06,
862000,0000060D,false,Rx,0,8,0D,10,83,B6,09,20,70,00,
900000,00000625,false,Rx,0,8,25,00,59,86,01,54,5C,06,
963000,0000060D,false,Rx,0,8,0D,10,83,B6,09,20,70,00,
971000,000002C4,false,Rx,0,8,09,20,00,00,79,02,00,00,
0,000002C5,false,Rx,0,8,00,00,00,00,00,00,00,00,
0,000002C6,false,Rx,0,8,32,00,7C,01,00,00,00,00,
972000,00000054,false,Rx,0,8,01,05,00,01,79,02,00,00,
973000,00000055,false,Rx,0,8,10,27,00,00,00,00,00,00,
973000,00000056,false,Rx,0,8,10,27,00,00,00,00,00,00,
973000,00000057,false,Rx,0,8,00,00,FE,FF,FE,FF,00,00,
0,00000625,false,Rx,0,8,25,00,59,86,01,54,5C,06,
63000,0000060D,false,Rx,0,8,0D,10,83,B6,09,20,70,00,
101000,00000625,false,Rx,0,8,25,00,59,86,01,54,5C,06,
163000,0000060D,false,Rx,0,8,0D,10,83,B6,09,20,70,00,
0,00000054,false,Rx,0,8,01,05,00,01,79,02,00,00,
0,00000055,false,Rx,0,8,10,27,00,00,00,00,00,00,
173000,00000056,false,Rx,0,8,10,27,00,00,00,00,00,00,
173000,00000057,false,Rx,0,8,00,00,FE,FF,FE,FF,00,00,
192000,000002C4,false,Rx,0,8,09,20,00,00,79,02,00,00,
192000,000002C5,false,Rx,0,8,00,00,00,00,00,00,00,00,
193000,000002C6,false,Rx,0,8,32,00,7C,01,00,00,00,00,
200000,00000625,false,Rx,0,8,25,00,59,86,01,54,5C,06,
263000,0000060D,false,Rx,0,8,0D,10,83,B6,09,20,70,00,
300000,00000625,false,Rx,0,8,25,00,59,86,01,54,5C,06,
363000,0000060D,false,Rx,0,8,0D,10,83,B6,09,20,70,00,
372000,00000054,false,Rx,0,8,01,05,00,01,79,02,00,00,
373000,00000055,false,Rx,0,8,10,27,00,00,00,00,00,00,
373000,00000056,false,Rx,0,8,10,27,00,00,00,00,00,00,
373000,00000057,false,Rx,0,8,00,00,FE,FF,FE,FF,00,00,
400000,00000625,false,Rx,0,8,25,00,59,86,01,54,5C,06,
0,000002C4,false,Rx,0,8,09,20,00,00,79,02,00,00,
0,000002C5,false,Rx,0,8,00,00,00,00,00,00,00,00,
413000,000002C6,false,Rx,0,8,32,00,7C,01,00,00,00,00,
462000,0000060D,false,Rx,0,8,0D,10,83,B6,09,20,70,00,
500000,00000625,false,Rx,0,8,25,00,59,86,01,54,5C,06,
563000,0000060D,false,Rx,0,8,0D,10,83,B6,09,20,70,00,
573000,00000054,false,Rx,0,8,01,05,00,01,79,02,00,00,
573000,00000055,false,Rx,0,8,10,27,00,00,00,00,00,00,
573000,00000056,false,Rx,0,8,10,27,00,00,00,00,00,00,
573000,00000057,false,Rx,0,8,00,00,FE,FF,FE,FF,00,00,
600000,00000625,false,Rx,0,8,25,00,59,86,01,54,5C,06,
0,000002C4,false,Rx,0,8,09,20,00,00,79,02,00,00,
0,000002C5,false,Rx,0,8,00,00,00,00,00,00,00,00,
632000,000002C6,false,Rx,0,8,32,00,7C,01,00,00,00,00,
664000,0000060D,false,Rx,0,8,0D,10,83,B6,09,20,70,00,
700000,00000625,false,Rx,0,8,25,00,59,86,01,54,5C,06,
763000,0000060D,false,Rx,0,8,0D,10,83,B6,09,20,70,00,
0,00000054,false,Rx,0,8,01,05,00,01,79,02,00,00,
0,00000055,false,Rx,0,8,10,27,00,00,00,00,00,00,
0,00000056,false,Rx,0,8,10,27,00,00,00,00,00,00,
0,00000057,false,Rx,0,8,00,00,FE,FF,FE,FF,00,00,
801000,00000625,false,Rx,0,8,25,00,59,86,01,54,5C,06,
851000,000002C4,false,Rx,0,8,09,20,00,00,79,02,00,00,
851000,000002C5,false,Rx,0,8,00,00,00,00,00,00,00,00,
852000,000002C6,false,Rx,0,8,32,00,7C,01,00,00,00,00,
863000,0000060D,false,Rx,0,8,0D,10,83,B6,09,20,70,00,
900000,00000625,false,Rx,0,8,25,00,59,86,01,54,5C,06,
963000,0000060D,false,Rx,0,8,0D,10,83,B6,09,20,70,00,
972000,00000054,false,Rx,0,8,01,05,00,01,79,02,00,00,
973000,00000055,false,Rx,0,8,10,27,00,00,00,00,00,00,
0,00000056,false,Rx,0,8,10,27,00,00,00,00,00,00,
0,00000057,false,Rx,0,8,00,00,FE,FF,FE,FF,00,00,
1000,00000625,false,Rx,0,8,25,00,59,86,01,54,5C,06,
63000,0000060D,false,Rx,0,8,0D,10,83,B6,09,20,70,00,
0,000002C4,false,Rx,0,8,09,20,00,00,79,02,00,00,
0,000002C5,false,Rx,0,8,00,00,00,00,00,00,00,00,
73000,000002C6,false,Rx,0,8,32,00,7C,01,00,00,00,00,
100000,00000625,false,Rx,0,8,25,00,59,86,01,54,5C,06,
163000,0000060D,false,Rx,0,8,0D,10,83,B6,09,20,70,00,
0,00000054,false,Rx,0,8,01,05,00,01,79,02,00,00,
0,00000055,false,Rx,0,8,10,27,00,00,00,00,00,00,
0,00000056,false,Rx,0,8,10,27,00,00,00,00,00,00,
0,00000057,false,Rx,0,8,00,00,FE,FF,FE,FF,00,00,
200000,00000625,false,Rx,0,8,25,00,59,86,01,54,5C,06,
263000,0000060D,false,Rx,0,8,0D,10,83,B6,09,20,70,00,
292000,000002C4,false,Rx,0,8,09,20,00,00,79,02,00,00,
292000,000002C5,false,Rx,0,8,00,00,00,00,00,00,00,00,
292000,000002C6,false,Rx,0,8,32,00,7C,01,00,00,00,00,
301000,00000625,false,Rx,0,8,25,00,59,86,01,54,5C,06,
364000,0000060D,false,Rx,0,8,0D,10,83,B6,09,20,70,00,
372000,00000054,false,Rx,0,8,01,05,00,01,79,02,00,00,
372000,00000055,false,Rx,0,8,10,27,00,00,00,00,00,00,
372000,00000056,false,Rx,0,8,10,27,00,00,00,00,00,00,
373000,00000057,false,Rx,0,8,00,00,FE,FF,FE,FF,00,00,
400000,00000625,false,Rx,0,8,25,00,59,86,01,54,5C,06,
464000,0000060D,false,Rx,0,8,0D,10,83,B6,09,20,70,00,
501000,00000625,false,Rx,0,8,25,00,59,86,01,54,5C,06,
511000,000002C4,false,Rx,0,8,09,20,00,00,79,02,00,00,
512000,000002C5,false,Rx,0,8,00,00,00,00,00,00,00,00,
512000,000002C6,false,Rx,0,8,32,00,7C,01,00,00,00,00,
564000,0000060D,false,Rx,0,8,0D,10,83,B6,09,20,70,00,
573000,00000054,false,Rx,0,8,01,05,00,01,79,02,00,00,
573000,00000055,false,Rx,0,8,10,27,00,00,00,00,00,00,
573000,00000056,false,Rx,0,8,10,27,00,00,00,00,00,00,
573000,00000057,false,Rx,0,8,00,00,FE,FF,FE,FF,00,00,
601000,00000625,false,Rx,0,8,25,00,59,86,01,54,5C,06,
663000,0000060D,false,Rx,0,8,0D,10,83,B6,09,20,70,00,
701000,00000625,false,Rx,0,8,25,00,59,86,01,54,5C,06,
731000,000002C4,false,Rx,0,8,09,20,00,00,79,02,00,00,
732000,000002C5,false,Rx,0,8,00,00,00,00,00,00,00,00,
732000,000002C6,false,Rx,0,8,32,00,7C,01,00,00,00,00,
763000,0000060D,false,Rx,0,8,0D,10,83,B6,09,20,70,00,
772000,00000054,false,Rx,0,8,01,05,00,01,79,02,00,00,
772000,00000055,false,Rx,0,8,10,27,00,00,00,00,00,00,
773000,00000056,false,Rx,0,8,10,27,00,00,00,00,00,00,
773000,00000057,false,Rx,0,8,00,00,FE,FF,FE,FF,00,00,
801000,00000625,false,Rx,0,8,25,00,59,86,01,54,5C,06,
862000,0000060D,false,Rx,0,8,0D,10,83,B6,09,20,70,00,
901000,00000625,false,Rx,0,8,25,00,59,86,01,54,5C,06,
952000,000002C4,false,Rx,0,8,09,20,00,00,79,02,00,00,
952000,000002C5,false,Rx,0,8,00,00,00,00,00,00,00,00,
952000,000002C6,false,Rx,0,8,32,00,7C,01,00,00,00,00,
963000,0000060D,false,Rx,0,8,0D,10,83,B6,09,20,70,00,
972000,00000054,false,Rx,0,8,01,05,00,01,79,02,00,00,
972000,00000055,false,Rx,0,8,10,27,00,00,00,00,00,00,
972000,00000056,false,Rx,0,8,10,27,00,00,00,00,00,00,
973000,00000057,false,Rx,0,8,00,00,FE,FF,FE,FF,00,00,
1000,00000625,false,Rx,0,8,25,00,59,86,01,54,5C,06,
63000,0000060D,false,Rx,0,8,0D,10,83,B6,09,20,70,00,
101000,00000625,false,Rx,0,8,25,00,59,86,01,54,5C,06,
163000,0000060D,false,Rx,0,8,0D,10,83,B6,09,20,70,00,
0,000002C4,false,Rx,0,8,09,20,00,00,79,02,00,00,
0,000002C5,false,Rx,0,8,00,00,00,00,00,00,00,00,
172000,00000054,false,Rx,0,8,01,05,00,01,79,02,00,00,
172000,000002C6,false,Rx,0,8,32,00,7C,01,00,00,00,00,
0,00000055,false,Rx,0,8,10,27,00,00,00,00,00,00,
0,00000056,false,Rx,0,8,10,27,00,00,00,00,00,00,
173000,00000057,false,Rx,0,8,00,00,FE,FF,FE,FF,00,00,
201000,00000625,false,Rx,0,8,25,00,59,86,01,54,5C,06,
263000,0000060D,false,Rx,0,8,0D,10,83,B6,09,20,70,00,
301000,00000625,false,Rx,0,8,25,00,59,86,01,54,5C,06,
363000,0000060D,false,Rx,0,8,0D,10,83,B6,09,20,70,00,
0,00000054,false,Rx,0,8,01,05,00,01,79,02,00,00,
0,00000055,false,Rx,0,8,10,27,00,00,00,00,00,00,
372000,00000056,false,Rx,0,8,10,27,00,00,00,00,00,00,
373000,00000057,false,Rx,0,8,00,00,FE,FF,FE,FF,00,00,
0,000002C4,false,Rx,0,8,09,20,00,00,79,02,00,00,
0,000002C5,false,Rx,0,8,00,00,00,00,00,00,00,00,
393000,000002C6,false,Rx,0,8,32,00,7C,01,00,00,00,00,
401000,00000625,false,Rx,0,8,25,00,59,86,01,54,5C,06,
464000,0000060D,false,Rx,0,8,0D,10,83,B6,09,20,70,00,
501000,00000625,false,Rx,0,8,25,00,59,86,01,54,5C,06,
564000,0000060D,false,Rx,0,8,0D,10,83,B6,09,20,70,00,
0,00000054,false,Rx,0,8,01,05,00,01,79,02,00,00,
0,00000055,false,Rx,0,8,10,27,00,00,00,00,00,00,
573000,00000056,false,Rx,0,8,10,27,00,00,00,00,00,00,
573000,00000057,false,Rx,0,8,00,00,FE,FF,FE,FF,00,00,
601000,00000625,false,Rx,0,8,25,00,59,86,01,54,5C,06,
611000,000002C4,false,Rx,0,8,09,20,00,00,79,02,00,00,
611000,000002C5,false,Rx,0,8,00,00,00,00,00,00,00,00,
612000,000002C6,false,Rx,0,8,32,00,7C,01,00,00,00,00,
663000,0000060D,false,Rx,0,8,0D,10,83,B6,09,20,70,00,
700000,00000625,false,Rx,0,8,25,00,59,86,01,54,5C,06,
763000,0000060D,false,Rx,0,8,0D,10,83,B6,09,20,70,00,
772000,00000054,false,Rx,0,8,01,05,00,01,79,02,00,00,
773000,00000055,false,Rx,0,8,10,27,00,00,00,00,00,00,
773000,00000056,false,Rx,0,8,10,27,00,00,00,00,00,00,
773000,00000057,false,Rx,0,8,00,00,FE,FF,FE,FF,00,00,
801000,00000625,false,Rx,0,8,25,00,59,86,01,54,5C,06,
0,000002C4,false,Rx,0,8,09,20,00,00,79,02,00,00,
0,000002C5,false,Rx,0,8,00,00,00,00,00,00,00,00,
833000,000002C6,false,Rx,0,8,32,00,7C,01,00,00,00,00,
863000,0000060D,false,Rx,0,8,0D,10,83,B6,09,20,70,00,
902000,00000625,false,Rx,0,8,25,00,59,86,01,54,5C,06,
964000,0000060D,false,Rx,0,8,0D,10,83,B6,09,20,70,00,
972000,00000054,false,Rx,0,8,01,05,00,01,79,02,00,00,
972000,00000055,false,Rx,0,8,10,27,00,00,00,00,00,00,
972000,00000056,false,Rx,0,8,10,27,00,00,00,00,00,00,
973000,00000057,false,Rx,0,8,00,00,FE,FF,FE,FF,00,00,
0,00000625,false,Rx,0,8,25,00,59,86,01,54,5C,06,
51000,000002C4,false,Rx,0,8,09,20,00,00,79,02,00,00,
52000,000002C5,false,Rx,0,8,00,00,00,00,00,00,00,00,
52000,000002C6,false,Rx,0,8,32,00,7C,01,00,00,00,00,
62000,0000060D,false,Rx,0,8,0D,10,83,B6,09,20,70,00,
100000,00000625,false,Rx,0,8,25,00,59,86,01,54,5C,06,
163000,0000060D,false,Rx,0,8,0D,10,83,B6,09,20,70,00,
172000,00000054,false,Rx,0,8,01,05,00,01,79,02,00,00,
173000,00000055,false,Rx,0,8,10,27,00,00,00,00,00,00,
173000,00000056,false,Rx,0,8,10,27,00,00,00,00,00,00,
173000,00000057,false,Rx,0,8,00,00,FE,FF,FE,FF,00,00,
201000,00000625,false,Rx,0,8,25,00,59,86,01,54,5C,06,
263000,0000060D,false,Rx,0,8,0D,10,83,B6,09,20,70,00,
0,000002C4,false,Rx,0,8,09,20,00,00,79,02,00,00,
0,000002C5,false,Rx,0,8,00,00,00,00,00,00,00,00,
272000,000002C6,false,Rx,0,8,32,00,7C,01,00,00,00,00,
301000,00000625,false,Rx,0,8,25,00,59,86,01,54,5C,06,
363000,0000060D,false,Rx,0,8,0D,10,83,B6,09,20,70,00,
372000,00000054,false,Rx,0,8,01,05,00,01,79,02,00,00,
372000,00000055,false,Rx,0,8,10,27,00,00,00,00,00,00,
372000,00000056,false,Rx,0,8,10,27,00,00,00,00,00,00,
373000,00000057,false,Rx,0,8,00,00,FE,FF,FE,FF,00,00,
402000,00000625,false,Rx,0,8,25,00,59,86,01,54,5C,06,
463000,0000060D,false,Rx,0,8,0D,10,83,B6,09,20,70,00,
0,000002C4,false,Rx,0,8,09,20,00,00,79,02,00,00,
0,000002C5,false,Rx,0,8,00,00,00,00,00,00,00,00,
0,000002C6,false,Rx,0,8,32,00,7C,01,00,00,00,00,
500000,00000625,false,Rx,0,8,25,00,59,86,01,54,5C,06,
562000,0000060D,false,Rx,0,8,0D,10,83,B6,09,20,70,00,
572000,00000054,false,Rx,0,8,01,05,00,01,79,02,00,00,
572000,00000055,false,Rx,0,8,10,27,00,00,00,00,00,00,
572000,00000056,false,Rx,0,8,10,27,00,00,00,00,00,00,
573000,00000057,false,Rx,0,8,00,00,FE,FF,FE,FF,00,00,
601000,00000625,false,Rx,0,8,25,00,59,86,01,54,5C,06,
663000,0000060D,false,Rx,0,8,0D,10,83,B6,09,20,70,00,
701000,00000625,false,Rx,0,8,25,00,59,86,01,54,5C,06,
711000,000002C4,false,Rx,0,8,09,20,00,00,79,02,00,00,
712000,000002C5,false,Rx,0,8,00,00,00,00,00,00,00,00,
712000,000002C6,false,Rx,0,8,32,00,7C,01,00,00,00,00,
763000,0000060D,false,Rx,0,8,0D,10,83,B6,09,20,70,00,
0,00000054,false,Rx,0,8,01,05,00,01,79,02,00,00,
0,00000055,false,Rx,0,8,10,27,00,00,00,00,00,00,
772000,00000056,false,Rx,0,8,10,27,00,00,00,00,00,00,
773000,00000057,false,Rx,0,8,00,00,FE,FF,FE,FF,00,00,
800000,00000625,false,Rx,0,8,25,00,59,86,01,54,5C,06,
863000,0000060D,false,Rx,0,8,0D,10,83,B6,09,20,70,00,
900000,00000625,false,Rx,0,8,25,00,59,86,01,54,5C,06,
0,000002C4,false,Rx,0,8,09,20,00,00,79,02,00,00,
0,000002C5,false,Rx,0,8,00,00,00,00,00,00,00,00,
932000,000002C6,false,Rx,0,8,32,00,7C,01,00,00,00,00,
963000,0000060D,false,Rx,0,8,0D,10,83,B6,09,20,70,00,
972000,00000054,false,Rx,0,8,01,05,00,01,79,02,00,00,
0,00000055,false,Rx,0,8,10,27,00,00,00,00,00,00,
0,00000056,false,Rx,0,8,10,27,00,00,00,00,00,00,
973000,00000057,false,Rx,0,8,00,00,FE,FF,FE,FF,00,00,
1000,00000625,false,Rx,0,8,25,00,59,86,01,54,5C,06,
63000,0000060D,false,Rx,0,8,0D,10,83,B6,09,20,70,00,
100000,00000625,false,Rx,0,8,25,00,59,86,01,54,5C,06,
152000,000002C4,false,Rx,0,8,09,20,00,00,79,02,00,00,
152000,000002C5,false,Rx,0,8,00,00,00,00,00,00,00,00,
152000,000002C6,false,Rx,0,8,32,00,7C,01,00,00,00,00,
163000,0000060D,false,Rx,0,8,0D,10,83,B6,09,20,70,00,
0,00000054,false,Rx,0,8,01,05,00,01,79,02,00,00,
0,00000055,false,Rx,0,8,10,27,00,00,00,00,00,00,
173000,00000056,false,Rx,0,8,10,27,00,00,00,00,00,00,
174000,00000057,false,Rx,0,8,00,00,FE,FF,FE,FF,00,00,
201000,00000625,false,Rx,0,8,25,00,59,86,01,54,5C,06,
263000,0000060D,false,Rx,0,8,0D,10,83,B6,09,20,70,00,
300000,00000625,false,Rx,0,8,25,00,59,86,01,54,5C,06,
363000,0000060D,false,Rx,0,8,0D,10,83,B6,09,20,70,00,
371000,000002C4,false,Rx,0,8,09,20,00,00,79,02,00,00,
372000,000002C5,false,Rx,0,8,00,00,00,00,00,00,00,00,
372000,00000054,false,Rx,0,8,01,05,00,01,79,02,00,00,
372000,000002C6,false,Rx,0,8,32,00,7C,01,00,00,00,00,
372000,00000055,false,Rx,0,8,10,27,00,00,00,00,00,00,
373000,00000056,false,Rx,0,8,10,27,00,00,00,00,00,00,
373000,00000057,false,Rx,0,8,00,00,FE,FF,FE,FF,00,00,
401000,00000625,false,Rx,0,8,25,00,59,86,01,54,5C,06,
463000,0000060D,false,Rx,0,8,0D,10,83,B6,09,20,70,00,
500000,00000625,false,Rx,0,8,25,00,59,86,01,54,5C,06,
563000,0000060D,false,Rx,0,8,0D,10,83,B6,09,20,70,00,
572000,00000054,false,Rx,0,8,01,05,00,01,79,02,00,00,
572000,00000055,false,Rx,0,8,10,27,00,00,00,00,00,00,
573000,00000056,false,Rx,0,8,10,27,00,00,00,00,00,00,
573000,00000057,false,Rx,0,8,00,00,FE,FF,FE,FF,00,00,
0,000002C4,false,Rx,0,8,09,20,00,00,79,02,00,00,
0,000002C5,false,Rx,0,8,00,00,00,00,00,00,00,00,
593000,000002C6,false,Rx,0,8,32,00,7C,01,00,00,00,00,
601000,00000625,false,Rx,0,8,25,00,59,86,01,54,5C,06,
664000,0000060D,false,Rx,0,8,0D,10,83,B6,09,20,70,00,
700000,00000625,false,Rx,0,8,25,00,59,86,01,54,5C,06,
763000,0000060D,false,Rx,0,8,0D,10,83,B6,09,20,70,00,
0,00000054,false,Rx,0,8,01,05,00,01,79,02,00,00,
0,00000055,false,Rx,0,8,10,27,00,00,00,00,00,00,
773000,00000056,false,Rx,0,8,10,27,00,00,00,00,00,00,
774000,00000057,false,Rx,0,8,00,00,FE,FF,FE,FF,00,00,
800000,00000625,false,Rx,0,8,25,00,59,86,01,54,5C,06,
812000,000002C4,false,Rx,0,8,09,20,00,00,79,02,00,00,
812000,000002C5,false,Rx,0,8,00,00,00,00,00,00,00,00,
812000,000002C6,false,Rx,0,8,32,00,7C,01,00,00,00,00,
863000,0000060D,false,Rx,0,8,0D,10,83,B6,09,20,70,00,
901000,00000625,false,Rx,0,8,25,00,59,86,01,54,5C,06,
962000,0000060D,false,Rx,0,8,0D,10,83,B6,09,20,70,00,
971000,00000054,false,Rx,0,8,01,05,00,01,79,02,00,00,
0,00000055,false,Rx,0,8,10,27,00,00,00,00,00,00,
0,00000056,false,Rx,0,8,10,27,00,00,00,00,00,00,
973000,00000057,false,Rx,0,8,00,00,FE,FF,FE,FF,00,00,
1000,00000625,false,Rx,0,8,25,00,59,86,01,54,5C,06,
32000,000002C4,false,Rx,0,8,09,20,00,00,79,02,00,00,
32000,000002C5,false,Rx,0,8,00,00,00,00,00,00,00,00,
33000,000002C6,false,Rx,0,8,32,00,7C,01,00,00,00,00,
63000,0000060D,false,Rx,0,8,0D,10,83,B6,09,20,70,00,
101000,00000625,false,Rx,0,8,25,00,59,86,01,54,5C,06,
163000,0000060D,false,Rx,0,8,0D,10,83,B6,09,20,70,00,
172000,00000054,false,Rx,0,8,01,05,00,01,79,02,00,00,
173000,00000055,false,Rx,0,8,10,27,00,00,00,00,00,00,
173000,00000056,false,Rx,0,8,10,27,00,00,00,00,00,00,
173000,00000057,false,Rx,0,8,00,00,FE,FF,FE,FF,00,00,
200000,00000625,false,Rx,0,8,25,00,59,86,01,54,5C,06,
251000,000002C4,false,Rx,0,8,09,20,00,00,79,02,00,00,
252000,000002C5,false,Rx,0,8,00,00,00,00,00,00,00,00,
252000,000002C6,false,Rx,0,8,32,00,7C,01,00,00,00,00,
263000,0000060D,false,Rx,0,8,0D,10,83,B6,09,20,70,00,
300000,00000625,false,Rx,0,8,25,00,59,86,01,54,5C,06,
364000,0000060D,false,Rx,0,8,0D,10,83,B6,09,20,70,00,
373000,00000054,false,Rx,0,8,01,05,00,01,79,02,00,00,
373000,00000055,false,Rx,0,8,10,27,00,00,00,00,00,00,
373000,00000056,false,Rx,0,8,10,27,00,00,00,00,00,00,
373000,00000057,false,Rx,0,8,00,00,FE,FF,FE,FF,00,00,
400000,00000625,false,Rx,0,8,25,00,59,86,01,54,5C,06,
463000,0000060D,false,Rx,0,8,0D,10,83,B6,09,20,70,00,
471000,000002C4,false,Rx,0,8,09,20,00,00,79,02,00,00,
472000,000002C5,false,Rx,0,8,00,00,00,00,00,00,00,00,
472000,000002C6,false,Rx,0,8,32,00,7C,01,00,00,00,00,
501000,00000625,false,Rx,0,8,25,00,59,86,01,54,5C,06,
563000,0000060D,false,Rx,0,8,0D,10,83,B6,09,20,70,00,
0,00000054,false,Rx,0,8,01,05,00,01,79,02,00,00,
0,00000055,false,Rx,0,8,10,27,00,00,00,00,00,00,
572000,00000056,false,Rx,0,8,10,27,00,00,00,00,00,00,
573000,00000057,false,Rx,0,8,00,00,FE,FF,FE,FF,00,00,
601000,00000625,false,Rx,0,8,25,00,59,86,01,54,5C,06,
663000,0000060D,false,Rx,0,8,0D,10,83,B6,09,20,70,00,
692000,000002C4,false,Rx,0,8,09,20,00,00,79,02,00,00,
692000,000002C5,false,Rx,0,8,00,00,00,00,00,00,00,00,
692000,000002C6,false,Rx,0,8,32,00,7C,01,00,00,00,00,
700000,00000625,false,Rx,0,8,25,00,59,86,01,54,5C,06,
763000,0000060D,false,Rx,0,8,0D,10,83,B6,09,20,70,00,
0,00000054,false,Rx,0,8,01,05,00,01,79,02,00,00,
0,00000055,false,Rx,0,8,10,27,00,00,00,00,00,00,
773000,00000056,false,Rx,0,8,10,27,00,00,00,00,00,00,
773000,00000057,false,Rx,0,8,00,00,FE,FF,FE,FF,00,00,
800000,00000625,false,Rx,0,8,25,00,59,86,01,54,5C,06,
862000,0000060D,false,Rx,0,8,0D,10,83,B6,09,20,70,00,
901000,00000625,false,Rx,0,8,25,00,59,86,01,54,5C,06,
912000,000002C4,false,Rx,0,8,09,20,00,00,79,02,00,00,
912000,000002C5,false,Rx,0,8,00,00,00,00,00,00,00,00,
913000,000002C6,false,Rx,0,8,32,00,7C,01,00,00,00,00,
963000,0000060D,false,Rx,0,8,0D,10,83,B6,09,20,70,00,
972000,00000054,false,Rx,0,8,01,05,00,01,79,02,00,00,
972000,00000055,false,Rx,0,8,10,27,00,00,00,00,00,00,
972000,00000056,false,Rx,0,8,10,27,00,00,00,00,00,00,
973000,00000057,false,Rx,0,8,00,00,FE,FF,FE,FF,00,00,
0,00000625,false,Rx,0,8,25,00,59,86,01,54,5C,06,
62000,0000060D,false,Rx,0,8,0D,10,83,B6,09,20,70,00,
100000,00000625,false,Rx,0,8,25,00,59,86,01,54,5C,06,
132000,000002C4,false,Rx,0,8,09,20,00,00,79,02,00,00,
132000,000002C5,false,Rx,0,8,00,00,00,00,00,00,00,00,
133000,000002C6,false,Rx,0,8,32,00,7C,01,00,00,00,00,
162000,0000060D,false,Rx,0,8,0D,10,83,B6,09,20,70,00,
172000,00000054,false,Rx,0,8,01,05,00,01,79,02,00,00,
172000,00000055,false,Rx,0,8,10,27,00,00,00,00,00,00,
173000,00000056,false,Rx,0,8,10,27,00,00,00,00,00,00,
173000,00000057,false,Rx,0,8,00,00,FE,FF,FE,FF,00,00,
200000,00000625,false,Rx,0,8,25,00,59,86,01,54,5C,06,
262000,0000060D,false,Rx,0,8,0D,10,83,B6,09,20,70,00,
301000,00000625,false,Rx,0,8,25,00,59,86,01,54,5C,06,
0,000002C4,false,Rx,0,8,09,20,00,00,79,02,00,00,
0,000002C5,false,Rx,0,8,00,00,00,00,00,00,00,00,
353000,000002C6,false,Rx,0,8,32,00,7C,01,00,00,00,00,
362000,0000060D,false,Rx,0,8,0D,10,83,B6,09,20,70,00,
372000,00000054,false,Rx,0,8,01,05,00,01,79,02,00,00,
373000,00000055,false,Rx,0,8,10,27,00,00,00,00,00,00,
0,00000056,false,Rx,0,8,10,27,00,00,00,00,00,00,
0,00000057,false,Rx,0,8,00,00,FE,FF,FE,FF,00,00,
401000,00000625,false,Rx,0,8,25,00,59,86,01,54,5C,06,
462000,0000060D,false,Rx,0,8,0D,10,83,B6,09,20,70,00,
501000,00000625,false,Rx,0,8,25,00,59,86,01,54,5C,06,
563000,0000060D,false,Rx,0,8,0D,10,83,B6,09,20,70,00,
0,000002C4,false,Rx,0,8,09,20,00,00,79,02,00,00,
0,000002C5,false,Rx,0,8,00,00,00,00,00,00,00,00,
572000,00000054,false,Rx,0,8,01,05,00,01,79,02,00,00,
0,000002C6,false,Rx,0,8,32,00,7C,01,00,00,00,00,
0,00000055,false,Rx,0,8,10,27,00,00,00,00,00,00,
573000,00000056,false,Rx,0,8,10,27,00,00,00,00,00,00,
574000,00000057,false,Rx,0,8,00,00,FE,FF,FE,FF,00,00,
600000,00000625,false,Rx,0,8,25,00,59,86,01,54,5C,06,
663000,0000060D,false,Rx,0,8,0D,10,83,B6,09,20,70,00,
700000,00000625,false,Rx,0,8,25,00,59,86,01,54,5C,06,
762000,0000060D,false,Rx,0,8,0D,10,83,B6,09,20,70,00,
773000,00000054,false,Rx,0,8,01,05,00,01,79,02,00,00,
773000,00000055,false,Rx,0,8,10,27,00,00,00,00,00,00,
0,00000056,false,Rx,0,8,10,27,00,00,00,00,00,00,
0,00000057,false,Rx,0,8,00,00,FE,FF,FE,FF,00,00,
0,000002C4,false,Rx,0,8,09,20,00,00,79,02,00,00,
0,000002C5,false,Rx,0,8,00,00,00,00,00,00,00,00,
793000,000002C6,false,Rx,0,8,32,00,7C,01,00,00,00,00,
801000,00000625,false,Rx,0,8,25,00,59,86,01,54,5C,06,
864000,0000060D,false,Rx,0,8,0D,10,83,B6,09,20,70,00,
902000,00000625,false,Rx,0,8,25,00,59,86,01,54,5C,06,
963000,0000060D,false,Rx,0,8,0D,10,83,B6,09,20,70,00,
0,00000054,false,Rx,0,8,01,05,00,01,79,02,00,00,
0,00000055,false,Rx,0,8,10,27,00,00,00,00,00,00,
0,00000056,false,Rx,0,8,10,27,00,00,00,00,00,00,
0,00000057,false,Rx,0,8,00,00,FE,FF,FE,FF,00,00,
0,00000625,false,Rx,0,8,25,00,59,86,01,54,5C,06,
11000,000002C4,false,Rx,0,8,09,20,00,00,79,02,00,00,
12000,000002C5,false,Rx,0,8,00,00,00,00,00,00,00,00,
12000,000002C6,false,Rx,0,8,32,00,7C,01,00,00,00,00,
64000,0000060D,false,Rx,0,8,0D,10,83,B6,09,20,70,00,
102000,00000625,false,Rx,0,8,25,00,59,86,01,54,5C,06,
163000,0000060D,false,Rx,0,8,0D,10,83,B6,09,20,70,00,
173000,00000054,false,Rx,0,8,01,05,00,01,79,02,00,00,
173000,00000055,false,Rx,0,8,10,27,00,00,00,00,00,00,
173000,00000056,false,Rx,0,8,10,27,00,00,00,00,00,00,
173000,00000057,false,Rx,0,8,00,00,FE,FF,FE,FF,00,00,
201000,00000625,false,Rx,0,8,25,00,59,86,01,54,5C,06,
231000,000002C4,false,Rx,0,8,09,20,00,00,79,02,00,00,
232000,000002C5,false,Rx,0,8,00,00,00,00,00,00,00,00,
232000,000002C6,false,Rx,0,8,32,00,7C,01,00,00,00,00,
263000,0000060D,false,Rx,0,8,0D,10,83,B6,09,20,70,00,
301000,00000625,false,Rx,0,8,25,00,59,86,01,54,5C,06,
363000,0000060D,false,Rx,0,8,0D,10,83,B6,09,20,70,00,
372000,00000054,false,Rx,0,8,01,05,00,01,79,02,00,00,
373000,00000055,false,Rx,0,8,10,27,00,00,00,00,00,00,
373000,00000056,false,Rx,0,8,10,27,00,00,00,00,00,00,
373000,00000057,false,Rx,0,8,00,00,FE,FF,FE,FF,00,00,
400000,00000625,false,Rx,0,8,25,00,59,86,01,54,5C,06,
452000,000002C4,false,Rx,0,8,09,20,00,00,79,02,00,00,
452000,000002C5,false,Rx,0,8,00,00,00,00,00,00,00,00,
453000,000002C6,false,Rx,0,8,32,00,7C,01,00,00,00,00,
463000,0000060D,false,Rx,0,8,0D,10,83,B6,09,20,70,00,
501000,00000625,false,Rx,0,8,25,00,59,86,01,54,5C,06,
562000,0000060D,false,Rx,0,8,0D,10,83,B6,09,20,70,00,
572000,00000054,false,Rx,0,8,01,05,00,01,79,02,00,00,
572000,00000055,false,Rx,0,8,10,27,00,00,00,00,00,00,
572000,00000056,false,Rx,0,8,10,27,00,00,00,00,00,00,
573000,00000057,false,Rx,0,8,00,00,FE,FF,FE,FF,00,00,
600000,00000625,false,Rx,0,8,25,00,59,86,01,54,5C,06,
662000,0000060D,false,Rx,0,8,0D,10,83,B6,09,20,70,00,
0,000002C4,false,Rx,0,8,09,20,00,00,79,02,00,00,
0,000002C5,false,Rx,0,8,00,00,00,00,00,00,00,00,
673000,000002C6,false,Rx,0,8,32,00,7C,01,00,00,00,00,
701000,00000625,false,Rx,0,8,25,00,59,86,01,54,5C,06,
763000,0000060D,false,Rx,0,8,0D,10,83,B6,09,20,70,00,
773000,00000054,false,Rx,0,8,01,05,00,01,79,02,00,00,
773000,00000055,false,Rx,0,8,10,27,00,00,00,00,00,00,
0,00000056,false,Rx,0,8,10,27,00,00,00,00,00,00,
0,00000057,false,Rx,0,8,00,00,FE,FF,FE,FF,00,00,
800000,00000625,false,Rx,0,8,25,00,59,86,01,54,5C,06,
863000,0000060D,false,Rx,0,8,0D,10,83,B6,09,20,70,00,
892000,000002C4,false,Rx,0,8,09,20,00,00,79,02,00,00,
892000,000002C5,false,Rx,0,8,00,00,00,00,00,00,00,00,
893000,000002C6,false,Rx,0,8,32,00,7C,01,00,00,00,00,
901000,00000625,false,Rx,0,8,25,00,59,86,01,54,5C,06,
963000,0000060D,false,Rx,0,8,0D,10,83,B6,09,20,70,00,
972000,00000054,false,Rx,0,8,01,05,00,01,79,02,00,00,
972000,00000055,false,Rx,0,8,10,27,00,00,00,00,00,00,
972000,00000056,false,Rx,0,8,10,27,00,00,00,00,00,00,
972000,00000057,false,Rx,0,8,00,00,FE,FF,FE,FF,00,00,
0,00000625,false,Rx,0,8,25,00,59,86,01,54,5C,06,
64000,0000060D,false,Rx,0,8,0D,10,83,B6,09,20,70,00,
100000,00000625,false,Rx,0,8,25,00,59,86,01,54,5C,06,
112000,000002C4,false,Rx,0,8,09,20,00,00,79,02,00,00,
112000,000002C5,false,Rx,0,8,00,00,00,00,00,00,00,00,
113000,000002C6,false,Rx,0,8,32,00,7C,01,00,00,00,00,
163000,0000060D,false,Rx,0,8,0D,10,83,B6,09,20,70,00,
172000,00000054,false,Rx,0,8,01,05,00,01,79,02,00,00,
172000,00000055,false,Rx,0,8,10,27,00,00,00,00,00,00,
173000,00000056,false,Rx,0,8,10,27,00,00,00,00,00,00,
173000,00000057,false,Rx,0,8,00,00,FE,FF,FE,FF,00,00,
200000,00000625,false,Rx,0,8,25,00,59,86,01,54,5C,06,
262000,0000060D,false,Rx,0,8,0D,10,83,B6,09,20,70,00,
302000,00000625,false,Rx,0,8,25,00,59,86,01,54,5C,06,
332000,000002C4,false,Rx,0,8,09,20,00,00,79,02,00,00,
332000,000002C5,false,Rx,0,8,00,00,00,00,00,00,00,00,
332000,000002C6,false,Rx,0,8,32,00,7C,01,00,00,00,00,
363000,0000060D,false,Rx,0,8,0D,10,83,B6,09,20,70,00,
0,00000054,false,Rx,0,8,01,05,00,01,79,02,00,00,
0,00000055,false,Rx,0,8,10,27,00,00,00,00,00,00,
372000,00000056,false,Rx,0,8,10,27,00,00,00,00,00,00,
373000,00000057,false,Rx,0,8,00,00,FE,FF,FE,FF,00,00,
402000,00000625,false,Rx,0,8,25,00,59,86,01,54,5C,06,
463000,0000060D,false,Rx,0,8,0D,10,83,B6,09,20,70,00,
501000,00000625,false,Rx,0,8,25,00,59,86,01,54,5C,06,
551000,000002C4,false,Rx,0,8,09,20,00,00,79,02,00,00,
552000,000002C5,false,Rx,0,8,00,00,00,00,00,00,00,00,
552000,000002C6,false,Rx,0,8,32,00,7C,01,00,00,00,00,
563000,0000060D,false,Rx,0,8,0D,10,83,B6,09,20,70,00,
573000,00000054,false,Rx,0,8,01,05,00,01,79,02,00,00,
573000,00000055,false,Rx,0,8,10,27,00,00,00,00,00,00,
573000,00000056,false,Rx,0,8,10,27,00,00,00,00,00,00,
573000,00000057,false,Rx,0,8,00,00,FE,FF,FE,FF,00,00,
601000,00000625,false,Rx,0,8,25,00,59,86,01,54,5C,06,
662000,0000060D,false,Rx,0,8,0D,10,83,B6,09,20,70,00,
701000,00000625,false,Rx,0,8,25,00,59,86,01,54,5C,06,
763000,0000060D,false,Rx,0,8,0D,10,83,B6,09,20,70,00,
771000,000002C4,false,Rx,0,8,09,20,00,00,79,02,00,00,
771000,000002C5,false,Rx,0,8,00,00,00,00,00,00,00,00,
772000,00000054,false,Rx,0,8,01,05,00,01,79,02,00,00,
772000,000002C6,false,Rx,0,8,32,00,7C,01,00,00,00,00,
772000,00000055,false,Rx,0,8,10,27,00,00,00,00,00,00,
772000,00000056,false,Rx,0,8,10,27,00,00,00,00,00,00,
773000,00000057,false,Rx,0,8,00,00,FE,FF,FE,FF,00,00,
801000,00000625,false,Rx,0,8,25,00,59,86,01,54,5C,06,
863000,0000060D,false,Rx,0,8,0D,10,83,B6,09,20,70,00,
902000,00000625,false,Rx,0,8,25,00,59,86,01,54,5C,06,
963000,0000060D,false,Rx,0,8,0D,10,83,B6,09,20,70,00,
972000,00000054,false,Rx,0,8,01,05,00,01,79,02,00,00,
972000,00000055,false,Rx,0,8,10,27,00,00,00,00,00,00,
973000,00000056,false,Rx,0,8,10,27,00,00,00,00,00,00,
973000,00000057,false,Rx,0,8,00,00,FE,FF,FE,FF,00,00,
992000,000002C4,false,Rx,0,8,09,20,00,00,79,02,00,00,
992000,000002C5,false,Rx,0,8,00,00,00,00,00,00,00,00,
993000,000002C6,false,Rx,0,8,32,00,7C,01,00,00,00,00,
0,00000625,false,Rx,0,8,25,00,59,86,01,54,5C,06,
63000,0000060D,false,Rx,0,8,0D,10,83,B6,09,20,70,00,
101000,00000625,false,Rx,0,8,25,00,59,86,01,54,5C,06,
163000,0000060D,false,Rx,0,8,0D,10,83,B6,09,20,70,00,
0,00000054,false,Rx,0,8,01,05,00,01,79,02,00,00,
0,00000055,false,Rx,0,8,10,27,00,00,00,00,00,00,
172000,00000056,false,Rx,0,8,10,27,00,00,00,00,00,00,
173000,00000057,false,Rx,0,8,00,00,FE,FF,FE,FF,00,00,
201000,00000625,false,Rx,0,8,25,00,59,86,01,54,5C,06,
0,000002C4,false,Rx,0,8,09,20,00,00,79,02,00,00,
0,000002C5,false,Rx,0,8,00,00,00,00,00,00,00,00,
213000,000002C6,false,Rx,0,8,32,00,7C,01,00,00,00,00,
262000,0000060D,false,Rx,0,8,0D,10,83,B6,09,20,70,00,
301000,00000625,false,Rx,0,8,25,00,59,86,01,54,5C,06,
363000,0000060D,false,Rx,0,8,0D,10,83,B6,09,20,70,00,
373000,00000054,false,Rx,0,8,01,05,00,01,79,02,00,00,
373000,00000055,false,Rx,0,8,10,27,00,00,00,00,00,00,
373000,00000056,false,Rx,0,8,10,27,00,00,00,00,00,00,
373000,00000057,false,Rx,0,8,00,00,FE,FF,FE,FF,00,00,
400000,00000625,false,Rx,0,8,25,00,59,86,01,54,5C,06,
0,000002C4,false,Rx,0,8,09,20,00,00,79,02,00,00,
0,000002C5,false,Rx,0,8,00,00,00,00,00,00,00,00,
433000,000002C6,false,Rx,0,8,32,00,7C,01,00,00,00,00,
463000,0000060D,false,Rx,0,8,0D,10,83,B6,09,20,70,00,
501000,00000625,false,Rx,0,8,25,00,59,86,01,54,5C,06,
563000,0000060D,false,Rx,0,8,0D,10,83,B6,09,20,70,00,
0,00000054,false,Rx,0,8,01,05,00,01,79,02,00,00,
0,00000055,false,Rx,0,8,10,27,00,00,00,00,00,00,
573000,00000056,false,Rx,0,8,10,27,00,00,00,00,00,00,
573000,00000057,false,Rx,0,8,00,00,FE,FF,FE,FF,00,00,
601000,00000625,false,Rx,0,8,25,00,59,86,01,54,5C,06,
651000,000002C4,false,Rx,0,8,09,20,00,00,79,02,00,00,
652000,000002C5,false,Rx,0,8,00,00,00,00,00,00,00,00,
652000,000002C6,false,Rx,0,8,32,00,7C,01,00,00,00,00,
663000,0000060D,false,Rx,0,8,0D,10,83,B6,09,20,70,00,
700000,00000625,false,Rx,0,8,25,00,59,86,01,54,5C,06,
763000,0000060D,false,Rx,0,8,0D,10,83,B6,09,20,70,00,
772000,00000054,false,Rx,0,8,01,05,00,01,79,02,00,00,
772000,00000055,false,Rx,0,8,10,27,00,00,00,00,00,00,
772000,00000056,false,Rx,0,8,10,27,00,00,00,00,00,00,
773000,00000057,false,Rx,0,8,00,00,FE,FF,FE,FF,00,00,
801000,00000625,false,Rx,0,8,25,00,59,86,01,54,5C,06,
863000,0000060D,false,Rx,0,8,0D,10,83,B6,09,20,70,00,
0,000002C4,false,Rx,0,8,09,20,00,00,79,02,00,00,
0,000002C5,false,Rx,0,8,00,00,00,00,00,00,00,00,
872000,000002C6,false,Rx,0,8,32,00,7C,01,00,00,00,00,
901000,00000625,false,Rx,0,8,25,00,59,86,01,54,5C,06,
963000,0000060D,false,Rx,0,8,0D,10,83,B6,09,20,70,00,
972000,00000054,false,Rx,0,8,01,05,00,01,79,02,00,00,
972000,00000055,false,Rx,0,8,10,27,00,00,00,00,00,00,
972000,00000056,false,Rx,0,8,10,27,00,00,00,00,00,00,
973000,00000057,false,Rx,0,8,00,00,FE,FF,FE,FF,00,00,
0,00000625,false,Rx,0,8,25,00,59,86,01,54,5C,06,
62000,0000060D,false,Rx,0,8,0D,10,83,B6,09,20,70,00,
92000,000002C4,false,Rx,0,8,09,20,00,00,79,02,00,00,
92000,000002C5,false,Rx,0,8,00,00,00,00,00,00,00,00,
93000,000002C6,false,Rx,0,8,32,00,7C,01,00,00,00,00,
101000,00000625,false,Rx,0,8,25,00,59,86,01,54,5C,06,
163000,0000060D,false,Rx,0,8,0D,10,83,B6,09,20,70,00,
173000,00000054,false,Rx,0,8,01,05,00,01,79,02,00,00,
173000,00000055,false,Rx,0,8,10,27,00,00,00,00,00,00,
173000,00000056,false,Rx,0,8,10,27,00,00,00,00,00,00,
173000,00000057,false,Rx,0,8,00,00,FE,FF,FE,FF,00,00,
201000,00000625,false,Rx,0,8,25,00,59,86,01,54,5C,06,
263000,0000060D,false,Rx,0,8,0D,10,83,B6,09,20,70,00,
301000,00000625,false,Rx,0,8,25,00,59,86,01,54,5C,06,
312000,000002C4,false,Rx,0,8,09,20,00,00,79,02,00,00,
312000,000002C5,false,Rx,0,8,00,00,00,00,00,00,00,00,
313000,000002C6,false,Rx,0,8,32,00,7C,01,00,00,00,00,
364000,0000060D,false,Rx,0,8,0D,10,83,B6,09,20,70,00,
0,00000054,false,Rx,0,8,01,05,00,01,79,02,00,00,
0,00000055,false,Rx,0,8,10,27,00,00,00,00,00,00,
0,00000056,false,Rx,0,8,10,27,00,00,00,00,00,00,
0,00000057,false,Rx,0,8,00,00,FE,FF,FE,FF,00,00,
402000,00000625,false,Rx,0,8,25,00,59,86,01,54,5C,06,
463000,0000060D,false,Rx,0,8,0D,10,83,B6,09,20,70,00,
501000,00000625,false,Rx,0,8,25,00,59,86,01,54,5C,06,
531000,000002C4,false,Rx,0,8,09,20,00,00,79,02,00,00,
531000,000002C5,false,Rx,0,8,00,00,00,00,00,00,00,00,
531000,000002C6,false,Rx,0,8,32,00,7C,01,00,00,00,00,
563000,0000060D,false,Rx,0,8,0D,10,83,B6,09,20,70,00,
572000,00000054,false,Rx,0,8,01,05,00,01,79,02,00,00,
572000,00000055,false,Rx,0,8,10,27,00,00,00,00,00,00,
572000,00000056,false,Rx,0,8,10,27,00,00,00,00,00,00,
573000,00000057,false,Rx,0,8,00,00,FE,FF,FE,FF,00,00,
600000,00000625,false,Rx,0,8,25,00,59,86,01,54,5C,06,
664000,0000060D,false,Rx,0,8,0D,10,83,B6,09,20,70,00,
700000,00000625,false,Rx,0,8,25,00,59,86,01,54,5C,06,
752000,000002C4,false,Rx,0,8,09,20,00,00,79,02,00,00,
752000,000002C5,false,Rx,0,8,00,00,00,00,00,00,00,00,
753000,000002C6,false,Rx,0,8,32,00,7C,01,00,00,00,00,
763000,0000060D,false,Rx,0,8,0D,10,83,B6,09,20,70,00,
0,00000054,false,Rx,0,8,01,05,00,01,79,02,00,00,
0,00000055,false,Rx,0,8,10,27,00,00,00,00,00,00,
0,00000056,false,Rx,0,8,10,27,00,00,00,00,00,00,
0,00000057,false,Rx,0,8,00,00,FE,FF,FE,FF,00,00,
801000,00000625,false,Rx,0,8,25,00,59,86,01,54,5C,06,
864000,0000060D,false,Rx,0,8,0D,10,83,B6,09,20,70,00,
901000,00000625,false,Rx,0,8,25,00,59,86,01,54,5C,06,
963000,0000060D,false,Rx,0,8,0D,10,83,B6,09,20,70,00,
972000,000002C4,false,Rx,0,8,09,20,00,00,79,02,00,00,
972000,000002C5,false,Rx,0,8,00,00,00,00,00,00,00,00,
972000,00000054,false,Rx,0,8,01,05,00,01,79,02,00,00,
972000,000002C6,false,Rx,0,8,32,00,7C,01,00,00,00,00,
973000,00000055,false,Rx,0,8,10,27,00,00,00,00,00,00,
0,00000056,false,Rx,0,8,10,27,00,00,00,00,00,00,
0,00000057,false,Rx,0,8,00,00,FE,FF,FE,FF,00,00,
1000,00000625,false,Rx,0,8,25,00,59,86,01,54,5C,06,
63000,0000060D,false,Rx,0,8,0D,10,83,B6,09,20,70,00,
101000,00000625,false,Rx,0,8,25,00,59,86,01,54,5C,06,
162000,0000060D,false,Rx,0,8,0D,10,83,B6,09,20,70,00,
172000,00000054,false,Rx,0,8,01,05,00,01,79,02,00,00,
172000,00000055,false,Rx,0,8,10,27,00,00,00,00,00,00,
172000,00000056,false,Rx,0,8,10,27,00,00,00,00,00,00,
173000,00000057,false,Rx,0,8,00,00,FE,FF,FE,FF,00,00,
192000,000002C4,false,Rx,0,8,09,20,00,00,79,02,00,00,
192000,000002C5,false,Rx,0,8,00,00,00,00,00,00,00,00,
192000,000002C6,false,Rx,0,8,32,00,7C,01,00,00,00,00,
200000,00000625,false,Rx,0,8,25,00,59,86,01,54,5C,06,
264000,0000060D,false,Rx,0,8,0D,10,83,B6,09,20,70,00,
301000,00000625,false,Rx,0,8,25,00,59,86,01,54,5C,06,
363000,0000060D,false,Rx,0,8,0D,10,83,B6,09,20,70,00,
372000,00000054,false,Rx,0,8,01,05,00,01,79,02,00,00,
372000,00000055,false,Rx,0,8,10,27,00,00,00,00,00,00,
373000,00000056,false,Rx,0,8,10,27,00,00,00,00,00,00,
373000,00000057,false,Rx,0,8,00,00,FE,FF,FE,FF,00,00,
401000,00000625,false,Rx,0,8,25,00,59,86,01,54,5C,06,
412000,000002C4,false,Rx,0,8,09,20,00,00,79,02,00,00,
412000,000002C5,false,Rx,0,8,00,00,00,00,00,00,00,00,
413000,000002C6,false,Rx,0,8,32,00,7C,01,00,00,00,00,
463000,0000060D,false,Rx,0,8,0D,10,83,B6,09,20,70,00,
500000,00000625,false,Rx,0,8,25,00,59,86,01,54,5C,06,
563000,0000060D,false,Rx,0,8,0D,10,83,B6,09,20,70,00,
572000,00000054,false,Rx,0,8,01,05,00,01,79,02,00,00,
572000,00000055,false,Rx,0,8,10,27,00,00,00,00,00,00,
573000,00000056,false,Rx,0,8,10,27,00,00,00,00,00,00,
573000,00000057,false,Rx,0,8,00,00,FE,FF,FE,FF,00,00,
600000,00000625,false,Rx,0,8,25,00,59,86,01,54,5C,06,
632000,000002C4,false,Rx,0,8,09,20,00,00,79,02,00,00,
632000,000002C5,false,Rx,0,8,00,00,00,00,00,00,00,00,
632000,000002C6,false,Rx,0,8,32,00,7C,01,00,00,00,00,
664000,0000060D,false,Rx,0,8,0D,10,83,B6,09,20,70,00,
701000,00000625,false,Rx,0,8,25,00,59,86,01,54,5C,06,
763000,0000060D,false,Rx,0,8,0D,10,83,B6,09,20,70,00,
772000,00000054,false,Rx,0,8,01,05,00,01,79,02,00,00,
772000,00000055,false,Rx,0,8,10,27,00,00,00,00,00,00,
772000,00000056,false,Rx,0,8,10,27,00,00,00,00,00,00,
773000,00000057,false,Rx,0,8,00,00,FE,FF,FE,FF,00,00,
800000,00000625,false,Rx,0,8,25,00,59,86,01,54,5C,06,
852000,000002C4,false,Rx,0,8,09,20,00,00,79,02,00,00,
852000,000002C5,false,Rx,0,8,00,00,00,00,00,00,00,00,
853000,000002C6,false,Rx,0,8,32,00,7C,01,00,00,00,00,
863000,0000060D,false,Rx,0,8,0D,10,83,B6,09,20,70,00,
901000,00000625,false,Rx,0,8,25,00,59,86,01,54,5C,06,
963000,0000060D,false,Rx,0,8,0D,10,83,B6,09,20,70,00,
0,00000054,false,Rx,0,8,01,05,00,01,79,02,00,00,
0,00000055,false,Rx,0,8,10,27,00,00,00,00,00,00,
973000,00000056,false,Rx,0,8,10,27,00,00,00,00,00,00,
973000,00000057,false,Rx,0,8,00,00,FE,FF,FE,FF,00,00,
0,00000625,false,Rx,0,8,25,00,59,86,01,54,5C,06,
63000,0000060D,false,Rx,0,8,0D,10,83,B6,09,20,70,00,
72000,000002C4,false,Rx,0,8,09,20,00,00,79,02,00,00,
72000,000002C5,false,Rx,0,8,00,00,00,00,00,00,00,00,
72000,000002C6,false,Rx,0,8,32,00,7C,01,00,00,00,00,
101000,00000625,false,Rx,0,8,25,00,59,86,01,54,5C,06,
163000,0000060D,false,Rx,0,8,0D,10,83,B6,09,20,70,00,
173000,00000054,false,Rx,0,8,01,05,00,01,79,02,00,00,
173000,00000055,false,Rx,0,8,10,27,00,00,00,00,00,00,
0,00000056,false,Rx,0,8,10,27,00,00,00,00,00,00,
0,00000057,false,Rx,0,8,00,00,FE,FF,FE,FF,00,00,
201000,00000625,false,Rx,0,8,25,00,59,86,01,54,5C,06,
263000,0000060D,false,Rx,0,8,0D,10,83,B6,09,20,70,00,
292000,000002C4,false,Rx,0,8,09,20,00,00,79,02,00,00,
292000,000002C5,false,Rx,0,8,00,00,00,00,00,00,00,00,
293000,000002C6,false,Rx,0,8,32,00,7C,01,00,00,00,00,
300000,00000625,false,Rx,0,8,25,00,59,86,01,54,5C,06,
364000,0000060D,false,Rx,0,8,0D,10,83,B6,09,20,70,00,
0,00000054,false,Rx,0,8,01,05,00,01,79,02,00,00,
0,00000055,false,Rx,0,8,10,27,00,00,00,00,00,00,
373000,00000056,false,Rx,0,8,10,27,00,00,00,00,00,00,
373000,00000057,false,Rx,0,8,00,00,FE,FF,FE,FF,00,00,
401000,00000625,false,Rx,0,8,25,00,59,86,01,54,5C,06,
463000,0000060D,false,Rx,0,8,0D,10,83,B6,09,20,70,00,
500000,00000625,false,Rx,0,8,25,00,59,86,01,54,5C,06,
512000,000002C4,false,Rx,0,8,09,20,00,00,79,02,00,00,
512000,000002C5,false,Rx,0,8,00,00,00,00,00,00,00,00,
513000,000002C6,false,Rx,0,8,32,00,7C,01,00,00,00,00,
563000,0000060D,false,Rx,0,8,0D,10,83,B6,09,20,70,00,
572000,00000054,false,Rx,0,8,01,05,00,01,79,02,00,00,
572000,00000055,false,Rx,0,8,10,27,00,00,00,00,00,00,
572000,00000056,false,Rx,0,8,10,27,00,00,00,00,00,00,
573000,00000057,false,Rx,0,8,00,00,FE,FF,FE,FF,00,00,
600000,00000625,false,Rx,0,8,25,00,59,86,01,54,5C,06,
663000,0000060D,false,Rx,0,8,0D,10,83,B6,09,20,70,00,
700000,00000625,false,Rx,0,8,25,00,59,86,01,54,5C,06,
732000,000002C4,false,Rx,0,8,09,20,00,00,79,02,00,00,
732000,000002C5,false,Rx,0,8,00,00,00,00,00,00,00,00,
733000,000002C6,false,Rx,0,8,32,00,7C,01,00,00,00,00,
763000,0000060D,false,Rx,0,8,0D,10,83,B6,09,20,70,00,
0,00000054,false,Rx,0,8,01,05,00,01,79,02,00,00,
0,00000055,false,Rx,0,8,10,27,00,00,00,00,00,00,
772000,00000056,false,Rx,0,8,10,27,00,00,00,00,00,00,
773000,00000057,false,Rx,0,8,00,00,FE,FF,FE,FF,00,00,
800000,00000625,false,Rx,0,8,25,00,59,86,01,54,5C,06,
862000,0000060D,false,Rx,0,8,0D,10,83,B6,09,20,70,00,
901000,00000625,false,Rx,0,8,25,00,59,86,01,54,5C,06,
952000,000002C4,false,Rx,0,8,09,20,00,00,79,02,00,00,
952000,000002C5,false,Rx,0,8,00,00,00,00,00,00,00,00,
953000,000002C6,false,Rx,0,8,32,00,7C,01,00,00,00,00,
963000,0000060D,false,Rx,0,8,0D,10,83,B6,09,20,70,00,
972000,00000054,false,Rx,0,8,01,05,00,01,79,02,00,00,
0,00000055,false,Rx,0,8,10,27,00,00,00,00,00,00,
0,00000056,false,Rx,0,8,10,27,00,00,00,00,00,00,
973000,00000057,false,Rx,0,8,00,00,FE,FF,FE,FF,00,00,
1000,00000625,false,Rx,0,8,25,00,59,86,01,54,5C,06,
62000,0000060D,false,Rx,0,8,0D,10,83,B6,09,20,70,00,
101000,00000625,false,Rx,0,8,25,00,59,86,01,54,5C,06,
163000,0000060D,false,Rx,0,8,0D,10,83,B6,09,20,70,00,
0,000002C4,false,Rx,0,8,09,20,00,00,79,02,00,00,
0,000002C5,false,Rx,0,8,00,00,00,00,00,00,00,00,
172000,00000054,false,Rx,0,8,01,05,00,01,79,02,00,00,
0,000002C6,false,Rx,0,8,32,00,7C,01,00,00,00,00,
0,00000055,false,Rx,0,8,10,27,00,00,00,00,00,00,
173000,00000056,false,Rx,0,8,10,27,00,00,00,00,00,00,
173000,00000057,false,Rx,0,8,00,00,FE,FF,FE,FF,00,00,
200000,00000625,false,Rx,0,8,25,00,59,86,01,54,5C,06,
263000,0000060D,false,Rx,0,8,0D,10,83,B6,09,20,70,00,
301000,00000625,false,Rx,0,8,25,00,59,86,01,54,5C,06,
363000,0000060D,false,Rx,0,8,0D,10,83,B6,09,20,70,00,
0,00000054,false,Rx,0,8,01,05,00,01,79,02,00,00,
0,00000055,false,Rx,0,8,10,27,00,00,00,00,00,00,
0,00000056,false,Rx,0,8,10,27,00,00,00,00,00,00,
0,00000057,false,Rx,0,8,00,00,FE,FF,FE,FF,00,00,
392000,000002C4,false,Rx,0,8,09,20,00,00,79,02,00,00,
392000,000002C5,false,Rx,0,8,00,00,00,00,00,00,00,00,
392000,000002C6,false,Rx,0,8,32,00,7C,01,00,00,00,00,
401000,00000625,false,Rx,0,8,25,00,59,86,01,54,5C,06,
464000,0000060D,false,Rx,0,8,0D,10,83,B6,09,20,70,00,
500000,00000625,false,Rx,0,8,25,00,59,86,01,54,5C,06,
562000,0000060D,false,Rx,0,8,0D,10,83,B6,09,20,70,00,
0,00000054,false,Rx,0,8,01,05,00,01,79,02,00,00,
0,00000055,false,Rx,0,8,10,27,00,00,00,00,00,00,
0,00000056,false,Rx,0,8,10,27,00,00,00,00,00,00,
573000,00000057,false,Rx,0,8,00,00,FE,FF,FE,FF,00,00,
601000,00000625,false,Rx,0,8,25,00,59,86,01,54,5C,06,
612000,000002C4,false,Rx,0,8,09,20,00,00,79,02,00,00,
612000,000002C5,false,Rx,0,8,00,00,00,00,00,00,00,00,
612000,000002C6,false,Rx,0,8,32,00,7C,01,00,00,00,00,
663000,0000060D,false,Rx,0,8,0D,10,83,B6,09,20,70,00,
701000,00000625,false,Rx,0,8,25,00,59,86,01,54,5C,06,
762000,0000060D,false,Rx,0,8,0D,10,83,B6,09,20,70,00,
0,00000054,false,Rx,0,8,01,05,00,01,79,02,00,00,
0,00000055,false,Rx,0,8,10,27,00,00,00,00,00,00,
773000,00000056,false,Rx,0,8,10,27,00,00,00,00,00,00,
774000,00000057,false,Rx,0,8,00,00,FE,FF,FE,FF,00,00,
800000,00000625,false,Rx,0,8,25,00,59,86,01,54,5C,06,
832000,000002C4,false,Rx,0,8,09,20,00,00,79,02,00,00,
833000,000002C5,false,Rx,0,8,00,00,00,00,00,00,00,00,
833000,000002C6,false,Rx,0,8,32,00,7C,01,00,00,00,00,
863000,0000060D,false,Rx,0,8,0D,10,83,B6,09,20,70,00,
901000,00000625,false,Rx,0,8,25,00,59,86,01,54,5C,06,
963000,0000060D,false,Rx,0,8,0D,10,83,B6,09,20,70,00,
972000,00000054,false,Rx,0,8,01,05,00,01,79,02,00,00,
972000,00000055,false,Rx,0,8,10,27,00,00,00,00,00,00,
972000,00000056,false,Rx,0,8,10,27,00,00,00,00,00,00,
973000,00000057,false,Rx,0,8,00,00,FE,FF,FE,FF,00,00,
0,00000625,false,Rx,0,8,25,00,59,86,01,54,5C,06,
52000,000002C4,false,Rx,0,8,09,20,00,00,79,02,00,00,
52000,000002C5,false,Rx,0,8,00,00,00,00,00,00,00,00,
52000,000002C6,false,Rx,0,8,32,00,7C,01,00,00,00,00,
63000,0000060D,false,Rx,0,8,0D,10,83,B6,09,20,70,00,
100000,00000625,false,Rx,0,8,25,00,59,86,01,54,5C,06,
163000,0000060D,false,Rx,0,8,0D,10,83,B6,09,20,70,00,
172000,00000054,false,Rx,0,8,01,05,00,01,79,02,00,00,
173000,00000055,false,Rx,0,8,10,27,00,00,00,00,00,00,
173000,00000056,false,Rx,0,8,10,27,00,00,00,00,00,00,
173000,00000057,false,Rx,0,8,00,00,FE,FF,FE,FF,00,00,
201000,00000625,false,Rx,0,8,25,00,59,86,01,54,5C,06,
262000,0000060D,false,Rx,0,8,0D,10,83,B6,09,20,70,00,
0,000002C4,false,Rx,0,8,09,20,00,00,79,02,00,00,
0,000002C5,false,Rx,0,8,00,00,00,00,00,00,00,00,
0,000002C6,false,Rx,0,8,32,00,7C,01,00,00,00,00,
300000,00000625,false,Rx,0,8,25,00,59,86,01,54,5C,06,
363000,0000060D,false,Rx,0,8,0D,10,83,B6,09,20,70,00,
372000,00000054,false,Rx,0,8,01,05,00,01,79,02,00,00,
372000,00000055,false,Rx,0,8,10,27,00,00,00,00,00,00,
372000,00000056,false,Rx,0,8,10,27,00,00,00,00,00,00,
373000,00000057,false,Rx,0,8,00,00,FE,FF,FE,FF,00,00,
401000,00000625,false,Rx,0,8,25,00,59,86,01,54,5C,06,
463000,0000060D,false,Rx,0,8,0D,10,83,B6,09,20,70,00,
491000,000002C4,false,Rx,0,8,09,20,00,00,79,02,00,00,
491000,000002C5,false,Rx,0,8,00,00,00,00,00,00,00,00,
492000,000002C6,false,Rx,0,8,32,00,7C,01,00,00,00,00,
500000,00000625,false,Rx,0,8,25,00,59,86,01,54,5C,06,
562000,0000060D,false,Rx,0,8,0D,10,83,B6,09,20,70,00,
573000,00000054,false,Rx,0,8,01,05,00,01,79,02,00,00,
573000,00000055,false,Rx,0,8,10,27,00,00,00,00,00,00,
573000,00000056,false,Rx,0,8,10,27,00,00,00,00,00,00,
573000,00000057,false,Rx,0,8,00,00,FE,FF,FE,FF,00,00,
601000,00000625,false,Rx,0,8,25,00,59,86,01,54,5C,06,
663000,0000060D,false,Rx,0,8,0D,10,83,B6,09,20,70,00,
701000,00000625,false,Rx,0,8,25,00,59,86,01,54,5C,06,
0,000002C4,false,Rx,0,8,09,20,00,00,79,02,00,00,
0,000002C5,false,Rx,0,8,00,00,00,00,00,00,00,00,
712000,000002C6,false,Rx,0,8,32,00,7C,01,00,00,00,00,
762000,0000060D,false,Rx,0,8,0D,10,83,B6,09,20,70,00,
772000,00000054,false,Rx,0,8,01,05,00,01,79,02,00,00,
773000,00000055,false,Rx,0,8,10,27,00,00,00,00,00,00,
773000,00000056,false,Rx,0,8,10,27,00,00,00,00,00,00,
773000,00000057,false,Rx,0,8,00,00,FE,FF,FE,FF,00,00,
801000,00000625,false,Rx,0,8,25,00,59,86,01,54,5C,06,
863000,0000060D,false,Rx,0,8,0D,10,83,B6,09,20,70,00,
901000,00000625,false,Rx,0,8,25,00,59,86,01,54,5C,06,
932000,000002C4,false,Rx,0,8,09,20,00,00,79,02,00,00,
932000,000002C5,false,Rx,0,8,00,00,00,00,00,00,00,00,
932000,000002C6,false,Rx,0,8,32,00,7C,01,00,00,00,00,
963000,0000060D,false,Rx,0,8,0D,10,83,B6,09,20,70,00,
973000,00000054,false,Rx,0,8,01,05,00,01,79,02,00,00,
0,00000055,false,Rx,0,8,10,27,00,00,00,00,00,00,
0,00000056,false,Rx,0,8,10,27,00,00,00,00,00,00,
973000,00000057,false,Rx,0,8,00,00,FE,FF,FE,FF,00,00,
0,00000625,false,Rx,0,8,25,00,59,86,01,54,5C,06,
63000,0000060D,false,Rx,0,8,0D,10,83,B6,09,20,70,00,
101000,00000625,false,Rx,0,8,25,00,59,86,01,54,5C,06,
152000,000002C4,false,Rx,0,8,09,20,00,00,79,02,00,00,
152000,000002C5,false,Rx,0,8,00,00,00,00,00,00,00,00,
152000,000002C6,false,Rx,0,8,32,00,7C,01,00,00,00,00,
163000,0000060D,false,Rx,0,8,0D,10,83,B6,09,20,70,00,
172000,00000054,false,Rx,0,8,01,05,00,01,79,02,00,00,
0,00000055,false,Rx,0,8,10,27,00,00,00,00,00,00,
0,00000056,false,Rx,0,8,10,27,00,00,00,00,00,00,
172000,00000057,false,Rx,0,8,00,00,FE,FF,FE,FF,00,00,
201000,00000625,false,Rx,0,8,25,00,59,86,01,54,5C,06,
263000,0000060D,false,Rx,0,8,0D,10,83,B6,09,20,70,00,
300000,00000625,false,Rx,0,8,25,00,59,86,01,54,5C,06,
363000,0000060D,false,Rx,0,8,0D,10,83,B6,09,20,70,00,
372000,000002C4,false,Rx,0,8,09,20,00,00,79,02,00,00,
372000,000002C5,false,Rx,0,8,00,00,00,00,00,00,00,00,
373000,000002C6,false,Rx,0,8,32,00,7C,01,00,00,00,00,
373000,00000054,false,Rx,0,8,01,05,00,01,79,02,00,00,
373000,00000055,false,Rx,0,8,10,27,00,00,00,00,00,00,
374000,00000056,false,Rx,0,8,10,27,00,00,00,00,00,00,
374000,00000057,false,Rx,0,8,00,00,FE,FF,FE,FF,00,00,
402000,00000625,false,Rx,0,8,25,00,59,86,01,54,5C,06,
462000,0000060D,false,Rx,0,8,0D,10,83,B6,09,20,70,00,
500000,00000625,false,Rx,0,8,25,00,59,86,01,54,5C,06,
564000,0000060D,false,Rx,0,8,0D,10,83,B6,09,20,70,00,
572000,00000054,false,Rx,0,8,01,05,00,01,79,02,00,00,
572000,00000055,false,Rx,0,8,10,27,00,00,00,00,00,00,
572000,00000056,false,Rx,0,8,10,27,00,00,00,00,00,00,
573000,00000057,false,Rx,0,8,00,00,FE,FF,FE,FF,00,00,
592000,000002C4,false,Rx,0,8,09,20,00,00,79,02,00,00,
592000,000002C5,false,Rx,0,8,00,00,00,00,00,00,00,00,
593000,000002C6,false,Rx,0,8,32,00,7C,01,00,00,00,00,
600000,00000625,false,Rx,0,8,25,00,59,86,01,54,5C,06,
664000,0000060D,false,Rx,0,8,0D,10,83,B6,09,20,70,00,
701000,00000625,false,Rx,0,8,25,00,59,86,01,54,5C,06,
763000,0000060D,false,Rx,0,8,0D,10,83,B6,09,20,70,00,
773000,00000054,false,Rx,0,8,01,05,00,01,79,02,00,00,
773000,00000055,false,Rx,0,8,10,27,00,00,00,00,00,00,
773000,00000056,false,Rx,0,8,10,27,00,00,00,00,00,00,
773000,00000057,false,Rx,0,8,00,00,FE,FF,FE,FF,00,00,
800000,00000625,false,Rx,0,8,25,00,59,86,01,54,5C,06,
812000,000002C4,false,Rx,0,8,09,20,00,00,79,02,00,00,
812000,000002C5,false,Rx,0,8,00,00,00,00,00,00,00,00,
812000,000002C6,false,Rx,0,8,32,00,7C,01,00,00,00,00,
863000,0000060D,false,Rx,0,8,0D,10,83,B6,09,20,70,00,
900000,00000625,false,Rx,0,8,25,00,59,86,01,54,5C,06,
963000,0000060D,false,Rx,0,8,0D,10,83,B6,09,20,70,00,
972000,00000054,false,Rx,0,8,01,05,00,01,79,02,00,00,
972000,00000055,false,Rx,0,8,10,27,00,00,00,00,00,00,
0,00000056,false,Rx,0,8,10,27,00,00,00,00,00,00,
0,00000057,false,Rx,0,8,00,00,FE,FF,FE,FF,00,00,
1000,00000625,false,Rx,0,8,25,00,59,86,01,54,5C,06,
32000,000002C4,false,Rx,0,8,09,20,00,00,79,02,00,00,
32000,000002C5,false,Rx,0,8,00,00,00,00,00,00,00,00,
33000,000002C6,false,Rx,0,8,32,00,7C,01,00,00,00,00,
63000,0000060D,false,Rx,0,8,0D,10,83,B6,09,20,70,00,
101000,00000625,false,Rx,0,8,25,00,59,86,01,54,5C,06,
163000,0000060D,false,Rx,0,8,0D,10,83,B6,09,20,70,00,
172000,00000054,false,Rx,0,8,01,05,00,01,79,02,00,00,
172000,00000055,false,Rx,0,8,10,27,00,00,00,00,00,00,
172000,00000056,false,Rx,0,8,10,27,00,00,00,00,00,00,
173000,00000057,false,Rx,0,8,00,00,FE,FF,FE,FF,00,00,
201000,00000625,false,Rx,0,8,25,00,59,86,01,54,5C,06,
252000,000002C4,false,Rx,0,8,09,20,00,00,79,02,00,00,
252000,000002C5,false,Rx,0,8,00,00,00,00,00,00,00,00,
253000,000002C6,false,Rx,0,8,32,00,7C,01,00,00,00,00,
263000,0000060D,false,Rx,0,8,0D,10,83,B6,09,20,70,00,
301000,00000625,false,Rx,0,8,25,00,59,86,01,54,5C,06,
364000,0000060D,false,Rx,0,8,0D,10,83,B6,09,20,70,00,
0,00000054,false,Rx,0,8,01,05,00,01,79,02,00,00,
0,00000055,false,Rx,0,8,10,27,00,00,00,00,00,00,
0,00000056,false,Rx,0,8,10,27,00,00,00,00,00,00,
0,00000057,false,Rx,0,8,00,00,FE,FF,FE,FF,00,00,
402000,00000625,false,Rx,0,8,25,00,59,86,01,54,5C,06,
463000,0000060D,false,Rx,0,8,0D,10,83,B6,09,20,70,00,
472000,000002C4,false,Rx,0,8,09,20,00,00,79,02,00,00,
472000,000002C5,false,Rx,0,8,00,00,00,00,00,00,00,00,
472000,000002C6,false,Rx,0,8,32,00,7C,01,00,00,00,00,
500000,00000625,false,Rx,0,8,25,00,59,86,01,54,5C,06,
563000,0000060D,false,Rx,0,8,0D,10,83,B6,09,20,70,00,
573000,00000054,false,Rx,0,8,01,05,00,01,79,02,00,00,
0,00000055,false,Rx,0,8,10,27,00,00,00,00,00,00,
0,00000056,false,Rx,0,8,10,27,00,00,00,00,00,00,
574000,00000057,false,Rx,0,8,00,00,FE,FF,FE,FF,00,00,
601000,00000625,false,Rx,0,8,25,00,59,86,01,54,5C,06,
663000,0000060D,false,Rx,0,8,0D,10,83,B6,09,20,70,00,
693000,000002C4,false,Rx,0,8,09,20,00,00,79,02,00,00,
693000,000002C5,false,Rx,0,8,00,00,00,00,00,00,00,00,
693000,000002C6,false,Rx,0,8,32,00,7C,01,00,00,00,00,
701000,00000625,false,Rx,0,8,25,00,59,86,01,54,5C,06,
764000,0000060D,false,Rx,0,8,0D,10,83,B6,09,20,70,00,
773000,00000054,false,Rx,0,8,01,05,00,01,79,02,00,00,
773000,00000055,false,Rx,0,8,10,27,00,00,00,00,00,00,
773000,00000056,false,Rx,0,8,10,27,00,00,00,00,00,00,
773000,00000057,false,Rx,0,8,00,00,FE,FF,FE,FF,00,00,
801000,00000625,false,Rx,0,8,25,00,59,86,01,54,5C,06,
864000,0000060D,false,Rx,0,8,0D,10,83,B6,09,20,70,00,
902000,00000625,false,Rx,0,8,25,00,59,86,01,54,5C,06,
912000,000002C4,false,Rx,0,8,09,20,00,00,79,02,00,00,
912000,000002C5,false,Rx,0,8,00,00,00,00,00,00,00,00,
912000,000002C6,false,Rx,0,8,32,00,7C,01,00,00,00,00,
964000,0000060D,false,Rx,0,8,0D,10,83,B6,09,20,70,00,
972000,00000054,false,Rx,0,8,01,05,00,01,79,02,00,00,
972000,00000055,false,Rx,0,8,10,27,00,00,00,00,00,00,
972000,00000056,false,Rx,0,8,10,27,00,00,00,00,00,00,
973000,00000057,false,Rx,0,8,00,00,FE,FF,FE,FF,00,00,
0,00000625,false,Rx,0,8,25,00,59,86,01,54,5C,06,
63000,0000060D,false,Rx,0,8,0D,10,83,B6,09,20,70,00,
101000,00000625,false,Rx,0,8,25,00,59,86,01,54,5C,06,
132000,000002C4,false,Rx,0,8,09,20,00,00,79,02,00,00,
133000,000002C5,false,Rx,0,8,00,00,00,00,00,00,00,00,
133000,000002C6,false,Rx,0,8,32,00,7C,01,00,00,00,00,
162000,0000060D,false,Rx,0,8,0D,10,83,B6,09,20,70,00,
173000,00000054,false,Rx,0,8,01,05,00,01,79,02,00,00,
173000,00000055,false,Rx,0,8,10,27,00,00,00,00,00,00,
173000,00000056,false,Rx,0,8,10,27,00,00,00,00,00,00,
173000,00000057,false,Rx,0,8,00,00,FE,FF,FE,FF,00,00,
201000,00000625,false,Rx,0,8,25,00,59,86,01,54,5C,06,
263000,0000060D,false,Rx,0,8,0D,10,83,B6,09,20,70,00,
300000,00000625,false,Rx,0,8,25,00,59,86,01,54,5C,06,
0,000002C4,false,Rx,0,8,09,20,00,00,79,02,00,00,
0,000002C5,false,Rx,0,8,00,00,00,00,00,00,00,00,
353000,000002C6,false,Rx,0,8,32,00,7C,01,00,00,00,00,
363000,0000060D,false,Rx,0,8,0D,10,83,B6,09,20,70,00,
0,00000054,false,Rx,0,8,01,05,00,01,79,02,00,00,
0,00000055,false,Rx,0,8,10,27,00,00,00,00,00,00,
0,00000056,false,Rx,0,8,10,27,00,00,00,00,00,00,
0,00000057,false,Rx,0,8,00,00,FE,FF,FE,FF,00,00,
401000,00000625,false,Rx,0,8,25,00,59,86,01,54,5C,06,
464000,0000060D,false,Rx,0,8,0D,10,83,B6,09,20,70,00,
500000,00000625,false,Rx,0,8,25,00,59,86,01,54,5C,06,
562000,0000060D,false,Rx,0,8,0D,10,83,B6,09,20,70,00,
572000,000002C4,false,Rx,0,8,09,20,00,00,79,02,00,00,
572000,000002C5,false,Rx,0,8,00,00,00,00,00,00,00,00,
572000,00000054,false,Rx,0,8,01,05,00,01,79,02,00,00,
573000,000002C6,false,Rx,0,8,32,00,7C,01,00,00,00,00,
573000,00000055,false,Rx,0,8,10,27,00,00,00,00,00,00,
573000,00000056,false,Rx,0,8,10,27,00,00,00,00,00,00,
573000,00000057,false,Rx,0,8,00,00,FE,FF,FE,FF,00,00,
601000,00000625,false,Rx,0,8,25,00,59,86,01,54,5C,06,
622000,00000065,false,Rx,0,8,7C,02,01,00,00,00,00,00,
663000,0000060D,false,Rx,0,8,0D,10,83,B6,09,20,70,00,
701000,00000625,false,Rx,0,8,25,00,59,86,01,54,5C,06,
764000,0000060D,false,Rx,0,8,0D,10,83,B6,09,20,70,00,
772000,00000054,false,Rx,0,8,01,05,00,01,7C,02,00,00,
772000,00000055,false,Rx,0,8,10,27,00,00,00,00,00,00,
772000,00000056,false,Rx,0,8,10,27,00,00,00,00,00,00,
772000,00000057,false,Rx,0,8,00,00,FE,FF,FE,FF,00,00,
773000,00000065,false,Rx,0,8,7C,02,01,00,00,00,00,00,
0,000002C4,false,Rx,0,8,09,20,00,00,79,02,00,00,
0,000002C5,false,Rx,0,8,00,00,00,00,00,00,00,00,
0,000002C6,false,Rx,0,8,32,00,7C,01,00,00,00,00,
801000,00000625,false,Rx,0,8,25,00,59,86,01,54,5C,06,
864000,0000060D,false,Rx,0,8,0D,10,83,B6,09,20,70,00,
902000,00000625,false,Rx,0,8,25,00,59,86,01,54,5C,06,
922000,00000065,false,Rx,0,8,7C,02,01,00,00,00,00,00,
963000,0000060D,false,Rx,0,8,0D,10,83,B6,09,20,70,00,
0,00000054,false,Rx,0,8,01,05,00,01,7C,02,00,00,
0,00000055,false,Rx,0,8,10,27,00,00,00,00,00,00,
973000,00000056,false,Rx,0,8,10,27,00,00,00,00,00,00,
973000,00000057,false,Rx,0,8,00,00,FE,FF,FE,FF,00,00,
1000,00000625,false,Rx,0,8,25,00,59,86,01,54,5C,06,
12000,000002C4,false,Rx,0,8,09,20,00,00,7C,02,00,00,
12000,000002C5,false,Rx,0,8,00,00,00,00,00,00,00,00,
12000,000002C6,false,Rx,0,8,32,00,7C,01,00,00,00,00,
63000,0000060D,false,Rx,0,8,0D,10,83,B6,09,20,70,00,
72000,00000065,false,Rx,0,8,7C,02,01,00,00,00,00,00,
100000,00000625,false,Rx,0,8,25,00,59,86,01,54,5C,06,
163000,0000060D,false,Rx,0,8,0D,10,83,B6,09,20,70,00,
0,00000054,false,Rx,0,8,01,05,00,01,7C,02,00,00,
0,00000055,false,Rx,0,8,10,27,00,00,00,00,00,00,
173000,00000056,false,Rx,0,8,10,27,00,00,00,00,00,00,
173000,00000057,false,Rx,0,8,00,00,FE,FF,FE,FF,00,00,
201000,00000625,false,Rx,0,8,25,00,59,86,01,54,5C,06,
231000,000002C4,false,Rx,0,8,09,20,00,00,7C,02,00,00,
232000,000002C5,false,Rx,0,8,00,00,00,00,00,00,00,00,
232000,000002C6,false,Rx,0,8,32,00,7C,01,00,00,00,00,
263000,0000060D,false,Rx,0,8,0D,10,83,B6,09,20,70,00,
302000,00000625,false,Rx,0,8,25,00,59,86,01,54,5C,06,
364000,0000060D,false,Rx,0,8,0D,10,83,B6,09,20,70,00,
0,00000054,false,Rx,0,8,01,05,00,01,7C,02,00,00,
0,00000055,false,Rx,0,8,10,27,00,00,00,00,00,00,
0,00000056,false,Rx,0,8,10,27,00,00,00,00,00,00,
0,00000057,false,Rx,0,8,00,00,FE,FF,FE,FF,00,00,
402000,00000625,false,Rx,0,8,25,00,59,86,01,54,5C,06,
452000,000002C4,false,Rx,0,8,09,20,00,00,7C,02,00,00,
452000,000002C5,false,Rx,0,8,00,00,00,00,00,00,00,00,
452000,000002C6,false,Rx,0,8,32,00,7C,01,00,00,00,00,
462000,0000060D,false,Rx,0,8,0D,10,83,B6,09,20,70,00,
501000,00000625,false,Rx,0,8,25,00,59,86,01,54,5C,06,
562000,0000060D,false,Rx,0,8,0D,10,83,B6,09,20,70,00,
573000,00000054,false,Rx,0,8,01,05,00,01,7C,02,00,00,
573000,00000055,false,Rx,0,8,10,27,00,00,00,00,00,00,
573000,00000056,false,Rx,0,8,10,27,00,00,00,00,00,00,
574000,00000057,false,Rx,0,8,00,00,FE,FF,FE,FF,00,00,
601000,00000625,false,Rx,0,8,25,00,59,86,01,54,5C,06,
664000,0000060D,false,Rx,0,8,0D,10,83,B6,09,20,70,00,
672000,000002C4,false,Rx,0,8,09,20,00,00,7C,02,00,00,
672000,000002C5,false,Rx,0,8,00,00,00,00,00,00,00,00,
673000,000002C6,false,Rx,0,8,32,00,7C,01,00,00,00,00,
701000,00000625,false,Rx,0,8,25,00,59,86,01,54,5C,06,
762000,0000060D,false,Rx,0,8,0D,10,83,B6,09,20,70,00,
0,00000054,false,Rx,0,8,01,05,00,01,7C,02,00,00,
0,00000055,false,Rx,0,8,10,27,00,00,00,00,00,00,
773000,00000056,false,Rx,0,8,10,27,00,00,00,00,00,00,
773000,00000057,false,Rx,0,8,00,00,FE,FF,FE,FF,00,00,
801000,00000625,false,Rx,0,8,25,00,59,86,01,54,5C,06,
863000,0000060D,false,Rx,0,8,0D,10,83,B6,09,20,70,00,
0,000002C4,false,Rx,0,8,09,20,00,00,7C,02,00,00,
0,000002C5,false,Rx,0,8,00,00,00,00,00,00,00,00,
893000,000002C6,false,Rx,0,8,32,00,7C,01,00,00,00,00,
900000,00000625,false,Rx,0,8,25,00,59,86,01,54,5C,06,
963000,0000060D,false,Rx,0,8,0D,10,83,B6,09,20,70,00,
972000,00000054,false,Rx,0,8,01,05,00,01,7C,02,00,00,
972000,00000055,false,Rx,0,8,10,27,00,00,00,00,00,00,
972000,00000056,false,Rx,0,8,10,27,00,00,00,00,00,00,
973000,00000057,false,Rx,0,8,00,00,FE,FF,FE,FF,00,00,
1000,00000625,false,Rx,0,8,25,00,59,86,01,54,5C,06,
63000,0000060D,false,Rx,0,8,0D,10,83,B6,09,20,70,00,
101000,00000625,false,Rx,0,8,25,00,59,86,01,54,5C,06,
111000,000002C4,false,Rx,0,8,09,20,00,00,7C,02,00,00,
112000,000002C5,false,Rx,0,8,00,00,00,00,00,00,00,00,
112000,000002C6,false,Rx,0,8,32,00,7C,01,00,00,00,00,
163000,0000060D,false,Rx,0,8,0D,10,83,B6,09,20,70,00,
172000,00000054,false,Rx,0,8,01,05,00,01,7C,02,00,00,
172000,00000055,false,Rx,0,8,10,27,00,00,00,00,00,00,
172000,00000056,false,Rx,0,8,10,27,00,00,00,00,00,00,
173000,00000057,false,Rx,0,8,00,00,FE,FF,FE,FF,00,00,
201000,00000625,false,Rx,0,8,25,00,59,86,01,54,5C,06,
262000,0000060D,false,Rx,0,8,0D,10,83,B6,09,20,70,00,
300000,00000625,false,Rx,0,8,25,00,59,86,01,54,5C,06,
331000,000002C4,false,Rx,0,8,09,20,00,00,7C,02,00,00,
332000,000002C5,false,Rx,0,8,00,00,00,00,00,00,00,00,
332000,000002C6,false,Rx,0,8,32,00,7C,01,00,00,00,00,
363000,0000060D,false,Rx,0,8,0D,10,83,B6,09,20,70,00,
372000,00000054,false,Rx,0,8,01,05,00,01,7C,02,00,00,
372000,00000055,false,Rx,0,8,10,27,00,00,00,00,00,00,
372000,00000056,false,Rx,0,8,10,27,00,00,00,00,00,00,
373000,00000057,false,Rx,0,8,00,00,FE,FF,FE,FF,00,00,
401000,00000625,false,Rx,0,8,25,00,59,86,01,54,5C,06,
463000,0000060D,false,Rx,0,8,0D,10,83,B6,09,20,70,00,
500000,00000625,false,Rx,0,8,25,00,59,86,01,54,5C,06,
552000,000002C4,false,Rx,0,8,09,20,00,00,7C,02,00,00,
552000,000002C5,false,Rx,0,8,00,00,00,00,00,00,00,00,
553000,000002C6,false,Rx,0,8,32,00,7C,01,00,00,00,00,
562000,0000060D,false,Rx,0,8,0D,10,83,B6,09,20,70,00,
0,00000054,false,Rx,0,8,01,05,00,01,7C,02,00,00,
0,00000055,false,Rx,0,8,10,27,00,00,00,00,00,00,
0,00000056,false,Rx,0,8,10,27,00,00,00,00,00,00,
573000,00000057,false,Rx,0,8,00,00,FE,FF,FE,FF,00,00,
601000,00000625,false,Rx,0,8,25,00,59,86,01,54,5C,06,
663000,0000060D,false,Rx,0,8,0D,10,83,B6,09,20,70,00,
701000,00000625,false,Rx,0,8,25,00,59,86,01,54,5C,06,
763000,0000060D,false,Rx,0,8,0D,10,83,B6,09,20,70,00,
772000,000002C4,false,Rx,0,8,09,20,00,00,7C,02,00,00,
772000,000002C5,false,Rx,0,8,00,00,00,00,00,00,00,00,
0,000002C6,false,Rx,0,8,32,00,7C,01,00,00,00,00,
0,00000054,false,Rx,0,8,01,05,00,01,7C,02,00,00,
0,00000055,false,Rx,0,8,10,27,00,00,00,00,00,00,
0,00000056,false,Rx,0,8,10,27,00,00,00,00,00,00,
774000,00000057,false,Rx,0,8,00,00,FE,FF,FE,FF,00,00,
801000,00000625,false,Rx,0,8,25,00,59,86,01,54,5C,06,
863000,0000060D,false,Rx,0,8,0D,10,83,B6,09,20,70,00,
901000,00000625,false,Rx,0,8,25,00,59,86,01,54,5C,06,
963000,0000060D,false,Rx,0,8,0D,10,83,B6,09,20,70,00,
972000,00000054,false,Rx,0,8,01,05,00,01,7C,02,00,00,
972000,00000055,false,Rx,0,8,10,27,00,00,00,00,00,00,
973000,00000056,false,Rx,0,8,10,27,00,00,00,00,00,00,
973000,00000057,false,Rx,0,8,00,00,FE,FF,FE,FF,00,00,
992000,000002C4,false,Rx,0,8,09,20,00,00,7C,02,00,00,
992000,000002C5,false,Rx,0,8,00,00,00,00,00,00,00,00,
994000,000002C6,false,Rx,0,8,32,00,7C,01,00,00,00,00,
0,00000625,false,Rx,0,8,25,00,59,86,01,54,5C,06,
64000,0000060D,false,Rx,0,8,0D,10,83,B6,09,20,70,00,
100000,00000625,false,Rx,0,8,25,00,59,86,01,54,5C,06,
164000,0000060D,false,Rx,0,8,0D,10,83,B6,09,20,70,00,
173000,00000054,false,Rx,0,8,01,05,00,01,7C,02,00,00,
173000,00000055,false,Rx,0,8,10,27,00,00,00,00,00,00,
173000,00000056,false,Rx,0,8,10,27,00,00,00,00,00,00,
173000,00000057,false,Rx,0,8,00,00,FE,FF,FE,FF,00,00,
200000,00000625,false,Rx,0,8,25,00,59,86,01,54,5C,06,
0,000002C4,false,Rx,0,8,09,20,00,00,7C,02,00,00,
0,000002C5,false,Rx,0,8,00,00,00,00,00,00,00,00,
212000,000002C6,false,Rx,0,8,32,00,7C,01,00,00,00,00,
262000,0000060D,false,Rx,0,8,0D,10,83,B6,09,20,70,00,
300000,00000625,false,Rx,0,8,25,00,59,86,01,54,5C,06,
363000,0000060D,false,Rx,0,8,0D,10,83,B6,09,20,70,00,
372000,00000054,false,Rx,0,8,01,05,00,01,7C,02,00,00,
372000,00000055,false,Rx,0,8,10,27,00,00,00,00,00,00,
373000,00000056,false,Rx,0,8,10,27,00,00,00,00,00,00,
373000,00000057,false,Rx,0,8,00,00,FE,FF,FE,FF,00,00,
401000,00000625,false,Rx,0,8,25,00,59,86,01,54,5C,06,
432000,000002C4,false,Rx,0,8,09,20,00,00,7C,02,00,00,
432000,000002C5,false,Rx,0,8,00,00,00,00,00,00,00,00,
432000,000002C6,false,Rx,0,8,32,00,7C,01,00,00,00,00,
464000,0000060D,false,Rx,0,8,0D,10,83,B6,09,20,70,00,
501000,00000625,false,Rx,0,8,25,00,59,86,01,54,5C,06,
563000,0000060D,false,Rx,0,8,0D,10,83,B6,09,20,70,00,
572000,00000054,false,Rx,0,8,01,05,00,01,7C,02,00,00,
572000,00000055,false,Rx,0,8,10,27,00,00,00,00,00,00,
572000,00000056,false,Rx,0,8,10,27,00,00,00,00,00,00,
573000,00000057,false,Rx,0,8,00,00,FE,FF,FE,FF,00,00,
601000,00000625,false,Rx,0,8,25,00,59,86,01,54,5C,06,
652000,000002C4,false,Rx,0,8,09,20,00,00,7C,02,00,00,
652000,000002C5,false,Rx,0,8,00,00,00,00,00,00,00,00,
652000,000002C6,false,Rx,0,8,32,00,7C,01,00,00,00,00,
664000,0000060D,false,Rx,0,8,0D,10,83,B6,09,20,70,00,
701000,00000625,false,Rx,0,8,25,00,59,86,01,54,5C,06,
763000,0000060D,false,Rx,0,8,0D,10,83,B6,09,20,70,00,
773000,00000054,false,Rx,0,8,01,05,00,01,7C,02,00,00,
773000,00000055,false,Rx,0,8,10,27,00,00,00,00,00,00,
773000,00000056,false,Rx,0,8,10,27,00,00,00,00,00,00,
773000,00000057,false,Rx,0,8,00,00,FE,FF,FE,FF,00,00,
801000,00000625,false,Rx,0,8,25,00,59,86,01,54,5C,06,
863000,0000060D,false,Rx,0,8,0D,10,83,B6,09,20,70,00,
871000,000002C4,false,Rx,0,8,09,20,00,00,7C,02,00,00,
872000,000002C5,false,Rx,0,8,00,00,00,00,00,00,00,00,
872000,000002C6,false,Rx,0,8,32,00,7C,01,00,00,00,00,
901000,00000625,false,Rx,0,8,25,00,59,86,01,54,5C,06,
963000,0000060D,false,Rx,0,8,0D,10,83,B6,09,20,70,00,
972000,00000054,false,Rx,0,8,01,05,00,01,7C,02,00,00,
972000,00000055,false,Rx,0,8,10,27,00,00,00,00,00,00,
972000,00000056,false,Rx,0,8,10,27,00,00,00,00,00,00,
973000,00000057,false,Rx,0,8,00,00,FE,FF,FE,FF,00,00,
1000,00000625,false,Rx,0,8,25,00,59,86,01,54,5C,06,
62000,0000060D,false,Rx,0,8,0D,10,83,B6,09,20,70,00,
92000,000002C4,false,Rx,0,8,09,20,00,00,7C,02,00,00,
92000,000002C5,false,Rx,0,8,00,00,00,00,00,00,00,00,
92000,000002C6,false,Rx,0,8,32,00,7C,01,00,00,00,00,
102000,00000625,false,Rx,0,8,25,00,59,86,01,54,5C,06,
163000,0000060D,false,Rx,0,8,0D,10,83,B6,09,20,70,00,
173000,00000054,false,Rx,0,8,01,05,00,01,7C,02,00,00,
173000,00000055,false,Rx,0,8,10,27,00,00,00,00,00,00,
173000,00000056,false,Rx,0,8,10,27,00,00,00,00,00,00,
173000,00000057,false,Rx,0,8,00,00,FE,FF,FE,FF,00,00,
200000,00000625,false,Rx,0,8,25,00,59,86,01,54,5C,06,
263000,0000060D,false,Rx,0,8,0D,10,83,B6,09,20,70,00,
302000,00000625,false,Rx,0,8,25,00,59,86,01,54,5C,06,
311000,000002C4,false,Rx,0,8,09,20,00,00,7C,02,00,00,
312000,000002C5,false,Rx,0,8,00,00,00,00,00,00,00,00,
312000,000002C6,false,Rx,0,8,32,00,7C,01,00,00,00,00,
363000,0000060D,false,Rx,0,8,0D,10,83,B6,09,20,70,00,
372000,00000054,false,Rx,0,8,01,05,00,01,7C,02,00,00,
372000,00000055,false,Rx,0,8,10,27,00,00,00,00,00,00,
373000,00000056,false,Rx,0,8,10,27,00,00,00,00,00,00,
373000,00000057,false,Rx,0,8,00,00,FE,FF,FE,FF,00,00,
402000,00000625,false,Rx,0,8,25,00,59,86,01,54,5C,06,
463000,0000060D,false,Rx,0,8,0D,10,83,B6,09,20,70,00,
501000,00000625,false,Rx,0,8,25,00,59,86,01,54,5C,06,
532000,000002C4,false,Rx,0,8,09,20,00,00,7C,02,00,00,
532000,000002C5,false,Rx,0,8,00,00,00,00,00,00,00,00,
532000,000002C6,false,Rx,0,8,32,00,7C,01,00,00,00,00,
563000,0000060D,false,Rx,0,8,0D,10,83,B6,09,20,70,00,
0,00000054,false,Rx,0,8,01,05,00,01,7C,02,00,00,
0,00000055,false,Rx,0,8,10,27,00,00,00,00,00,00,
0,00000056,false,Rx,0,8,10,27,00,00,00,00,00,00,
573000,00000057,false,Rx,0,8,00,00,FE,FF,FE,FF,00,00,
601000,00000625,false,Rx,0,8,25,00,59,86,01,54,5C,06,
664000,0000060D,false,Rx,0,8,0D,10,83,B6,09,20,70,00,
702000,00000625,false,Rx,0,8,25,00,59,86,01,54,5C,06,
752000,000002C4,false,Rx,0,8,09,20,00,00,7C,02,00,00,
752000,000002C5,false,Rx,0,8,00,00,00,00,00,00,00,00,
753000,000002C6,false,Rx,0,8,32,00,7C,01,00,00,00,00,
763000,0000060D,false,Rx,0,8,0D,10,83,B6,09,20,70,00,
0,00000054,false,Rx,0,8,01,05,00,01,7C,02,00,00,
0,00000055,false,Rx,0,8,10,27,00,00,00,00,00,00,
773000,00000056,false,Rx,0,8,10,27,00,00,00,00,00,00,
773000,00000057,false,Rx,0,8,00,00,FE,FF,FE,FF,00,00,
800000,00000625,false,Rx,0,8,25,00,59,86,01,54,5C,06,
863000,0000060D,false,Rx,0,8,0D,10,83,B6,09,20,70,00,
900000,00000625,false,Rx,0,8,25,00,59,86,01,54,5C,06,
963000,0000060D,false,Rx,0,8,0D,10,83,B6,09,20,70,00,
972000,000002C4,false,Rx,0,8,09,20,00,00,7C,02,00,00,
972000,000002C5,false,Rx,0,8,00,00,00,00,00,00,00,00,
972000,00000054,false,Rx,0,8,01,05,00,01,7C,02,00,00,
972000,000002C6,false,Rx,0,8,32,00,7C,01,00,00,00,00,
972000,00000055,false,Rx,0,8,10,27,00,00,00,00,00,00,
973000,00000056,false,Rx,0,8,10,27,00,00,00,00,00,00,
973000,00000057,false,Rx,0,8,00,00,FE,FF,FE,FF,00,00,
1000,00000625,false,Rx,0,8,25,00,59,86,01,54,5C,06,
63000,0000060D,false,Rx,0,8,0D,10,83,B6,09,20,70,00,
100000,00000625,false,Rx,0,8,25,00,59,86,01,54,5C,06,
163000,0000060D,false,Rx,0,8,0D,10,83,B6,09,20,70,00,
173000,00000054,false,Rx,0,8,01,05,00,01,7C,02,00,00,
173000,00000055,false,Rx,0,8,10,27,00,00,00,00,00,00,
173000,00000056,false,Rx,0,8,10,27,00,00,00,00,00,00,
173000,00000057,false,Rx,0,8,00,00,FE,FF,FE,FF,00,00,
192000,000002C4,false,Rx,0,8,09,20,00,00,7C,02,00,00,
192000,000002C5,false,Rx,0,8,00,00,00,00,00,00,00,00,
193000,000002C6,false,Rx,0,8,32,00,7C,01,00,00,00,00,
200000,00000625,false,Rx,0,8,25,00,59,86,01,54,5C,06,
263000,0000060D,false,Rx,0,8,0D,10,83,B6,09,20,70,00,
300000,00000625,false,Rx,0,8,25,00,59,86,01,54,5C,06,
363000,0000060D,false,Rx,0,8,0D,10,83,B6,09,20,70,00,
0,00000054,false,Rx,0,8,01,05,00,01,7C,02,00,00,
0,00000055,false,Rx,0,8,10,27,00,00,00,00,00,00,
0,00000056,false,Rx,0,8,10,27,00,00,00,00,00,00,
373000,00000057,false,Rx,0,8,00,00,FE,FF,FE,FF,00,00,
402000,00000625,false,Rx,0,8,25,00,59,86,01,54,5C,06,
0,000002C4,false,Rx,0,8,09,20,00,00,7C,02,00,00,
0,000002C5,false,Rx,0,8,00,00,00,00,00,00,00,00,
0,000002C6,false,Rx,0,8,32,00,7C,01,00,00,00,00,
462000,0000060D,false,Rx,0,8,0D,10,83,B6,09,20,70,00,
501000,00000625,false,Rx,0,8,25,00,59,86,01,54,5C,06,
563000,0000060D,false,Rx,0,8,0D,10,83,B6,09,20,70,00,
572000,00000054,false,Rx,0,8,01,05,00,01,7C,02,00,00,
572000,00000055,false,Rx,0,8,10,27,00,00,00,00,00,00,
573000,00000056,false,Rx,0,8,10,27,00,00,00,00,00,00,
573000,00000057,false,Rx,0,8,00,00,FE,FF,FE,FF,00,00,
601000,00000625,false,Rx,0,8,25,00,59,86,01,54,5C,06,
631000,000002C4,false,Rx,0,8,09,20,00,00,7C,02,00,00,
632000,000002C5,false,Rx,0,8,00,00,00,00,00,00,00,00,
632000,000002C6,false,Rx,0,8,32,00,7C,01,00,00,00,00,
663000,0000060D,false,Rx,0,8,0D,10,83,B6,09,20,70,00,
701000,00000625,false,Rx,0,8,25,00,59,86,01,54,5C,06,
763000,0000060D,false,Rx,0,8,0D,10,83,B6,09,20,70,00,
772000,00000054,false,Rx,0,8,01,05,00,01,7C,02,00,00,
772000,00000055,false,Rx,0,8,10,27,00,00,00,00,00,00,
772000,00000056,false,Rx,0,8,10,27,00,00,00,00,00,00,
773000,00000057,false,Rx,0,8,00,00,FE,FF,FE,FF,00,00,
801000,00000625,false,Rx,0,8,25,00,59,86,01,54,5C,06,
0,000002C4,false,Rx,0,8,09,20,00,00,7C,02,00,00,
0,000002C5,false,Rx,0,8,00,00,00,00,00,00,00,00,
852000,000002C6,false,Rx,0,8,32,00,7C,01,00,00,00,00,
863000,0000060D,false,Rx,0,8,0D,10,83,B6,09,20,70,00,
901000,00000625,false,Rx,0,8,25,00,59,86,01,54,5C,06,
963000,0000060D,false,Rx,0,8,0D,10,83,B6,09,20,70,00,
972000,00000054,false,Rx,0,8,01,05,00,01,7C,02,00,00,
0,00000055,false,Rx,0,8,10,27,00,00,00,00,00,00,
0,00000056,false,Rx,0,8,10,27,00,00,00,00,00,00,
973000,00000057,false,Rx,0,8,00,00,FE,FF,FE,FF,00,00,
0,00000625,false,Rx,0,8,25,00,59,86,01,54,5C,06,
63000,0000060D,false,Rx,0,8,0D,10,83,B6,09,20,70,00,
72000,000002C4,false,Rx,0,8,09,20,00,00,7C,02,00,00,
0,000002C5,false,Rx,0,8,00,00,00,00,00,00,00,00,
0,000002C6,false,Rx,0,8,32,00,7C,01,00,00,00,00,
101000,00000625,false,Rx,0,8,25,00,59,86,01,54,5C,06,
163000,0000060D,false,Rx,0,8,0D,10,83,B6,09,20,70,00,
173000,00000054,false,Rx,0,8,01,05,00,01,7C,02,00,00,
173000,00000055,false,Rx,0,8,10,27,00,00,00,00,00,00,
173000,00000056,false,Rx,0,8,10,27,00,00,00,00,00,00,
174000,00000057,false,Rx,0,8,00,00,FE,FF,FE,FF,00,00,
201000,00000625,false,Rx,0,8,25,00,59,86,01,54,5C,06,
262000,0000060D,false,Rx,0,8,0D,10,83,B6,09,20,70,00,
292000,000002C4,false,Rx,0,8,09,20,00,00,7C,02,00,00,
292000,000002C5,false,Rx,0,8,00,00,00,00,00,00,00,00,
293000,000002C6,false,Rx,0,8,32,00,7C,01,00,00,00,00,
300000,00000625,false,Rx,0,8,25,00,59,86,01,54,5C,06,
363000,0000060D,false,Rx,0,8,0D,10,83,B6,09,20,70,00,
372000,00000054,false,Rx,0,8,01,05,00,01,7C,02,00,00,
372000,00000055,false,Rx,0,8,10,27,00,00,00,00,00,00,
373000,00000056,false,Rx,0,8,10,27,00,00,00,00,00,00,
373000,00000057,false,Rx,0,8,00,00,FE,FF,FE,FF,00,00,
401000,00000625,false,Rx,0,8,25,00,59,86,01,54,5C,06,
463000,0000060D,false,Rx,0,8,0D,10,83,B6,09,20,70,00,
501000,00000625,false,Rx,0,8,25,00,59,86,01,54,5C,06,
512000,000002C4,false,Rx,0,8,09,20,00,00,7C,02,00,00,
512000,000002C5,false,Rx,0,8,00,00,00,00,00,00,00,00,
512000,000002C6,false,Rx,0,8,32,00,7C,01,00,00,00,00,
563000,0000060D,false,Rx,0,8,0D,10,83,B6,09,20,70,00,
572000,00000054,false,Rx,0,8,01,05,00,01,7C,02,00,00,
572000,00000055,false,Rx,0,8,10,27,00,00,00,00,00,00,
572000,00000056,false,Rx,0,8,10,27,00,00,00,00,00,00,
573000,00000057,false,Rx,0,8,00,00,FE,FF,FE,FF,00,00,
602000,00000625,false,Rx,0,8,25,00,59,86,01,54,5C,06,
663000,0000060D,false,Rx,0,8,0D,10,83,B6,09,20,70,00,
701000,00000625,false,Rx,0,8,25,00,59,86,01,54,5C,06,
731000,000002C4,false,Rx,0,8,09,20,00,00,7C,02,00,00,
0,000002C5,false,Rx,0,8,00,00,00,00,00,00,00,00,
0,000002C6,false,Rx,0,8,32,00,7C,01,00,00,00,00,
762000,0000060D,false,Rx,0,8,0D,10,83,B6,09,20,70,00,
0,00000054,false,Rx,0,8,01,05,00,01,7C,02,00,00,
0,00000055,false,Rx,0,8,10,27,00,00,00,00,00,00,
0,00000056,false,Rx,0,8,10,27,00,00,00,00,00,00,
774000,00000057,false,Rx,0,8,00,00,FE,FF,FE,FF,00,00,
801000,00000625,false,Rx,0,8,25,00,59,86,01,54,5C,06,
863000,0000060D,false,Rx,0,8,0D,10,83,B6,09,20,70,00,
901000,00000625,false,Rx,0,8,25,00,59,86,01,54,5C,06,
953000,000002C4,false,Rx,0,8,09,20,00,00,7C,02,00,00,
953000,000002C5,false,Rx,0,8,00,00,00,00,00,00,00,00,
953000,000002C6,false,Rx,0,8,32,00,7C,01,00,00,00,00,
963000,0000060D,false,Rx,0,8,0D,10,83,B6,09,20,70,00,
0,00000054,false,Rx,0,8,01,05,00,01,7C,02,00,00,
0,00000055,false,Rx,0,8,10,27,00,00,00,00,00,00,
973000,00000056,false,Rx,0,8,10,27,00,00,00,00,00,00,
973000,00000057,false,Rx,0,8,00,00,FE,FF,FE,FF,00,00,
1000,00000625,false,Rx,0,8,25,00,59,86,01,54,5C,06,
62000,0000060D,false,Rx,0,8,0D,10,83,B6,09,20,70,00,
101000,00000625,false,Rx,0,8,25,00,59,86,01,54,5C,06,
163000,0000060D,false,Rx,0,8,0D,10,83,B6,09,20,70,00,
173000,000002C4,false,Rx,0,8,09,20,00,00,7C,02,00,00,
173000,00000054,false,Rx,0,8,01,05,00,01,7C,02,00,00,
173000,000002C5,false,Rx,0,8,00,00,00,00,00,00,00,00,
173000,00000055,false,Rx,0,8,10,27,00,00,00,00,00,00,
0,000002C6,false,Rx,0,8,32,00,7C,01,00,00,00,00,
0,00000056,false,Rx,0,8,10,27,00,00,00,00,00,00,
174000,00000057,false,Rx,0,8,00,00,FE,FF,FE,FF,00,00,
200000,00000625,false,Rx,0,8,25,00,59,86,01,54,5C,06,
262000,0000060D,false,Rx,0,8,0D,10,83,B6,09,20,70,00,
300000,00000625,false,Rx,0,8,25,00,59,86,01,54,5C,06,
363000,0000060D,false,Rx,0,8,0D,10,83,B6,09,20,70,00,
372000,00000054,false,Rx,0,8,01,05,00,01,7C,02,00,00,
372000,00000055,false,Rx,0,8,10,27,00,00,00,00,00,00,
372000,00000056,false,Rx,0,8,10,27,00,00,00,00,00,00,
372000,00000057,false,Rx,0,8,00,00,FE,FF,FE,FF,00,00,
392000,000002C4,false,Rx,0,8,09,20,00,00,7C,02,00,00,
392000,000002C5,false,Rx,0,8,00,00,00,00,00,00,00,00,
393000,000002C6,false,Rx,0,8,32,00,7C,01,00,00,00,00,
401000,00000625,false,Rx,0,8,25,00,59,86,01,54,5C,06,
464000,0000060D,false,Rx,0,8,0D,10,83,B6,09,20,70,00,
501000,00000625,false,Rx,0,8,25,00,59,86,01,54,5C,06,
563000,0000060D,false,Rx,0,8,0D,10,83,B6,09,20,70,00,
573000,00000054,false,Rx,0,8,01,05,00,01,7C,02,00,00,
573000,00000055,false,Rx,0,8,10,27,00,00,00,00,00,00,
0,00000056,false,Rx,0,8,10,27,00,00,00,00,00,00,
0,00000057,false,Rx,0,8,00,00,FE,FF,FE,FF,00,00,
601000,00000625,false,Rx,0,8,25,00,59,86,01,54,5C,06,
612000,000002C4,false,Rx,0,8,09,20,00,00,7C,02,00,00,
613000,000002C5,false,Rx,0,8,00,00,00,00,00,00,00,00,
613000,000002C6,false,Rx,0,8,32,00,7C,01,00,00,00,00,
663000,0000060D,false,Rx,0,8,0D,10,83,B6,09,20,70,00,
701000,00000625,false,Rx,0,8,25,00,59,86,01,54,5C,06,
763000,0000060D,false,Rx,0,8,0D,10,83,B6,09,20,70,00,
773000,00000054,false,Rx,0,8,01,05,00,01,7C,02,00,00,
773000,00000055,false,Rx,0,8,10,27,00,00,00,00,00,00,
0,00000056,false,Rx,0,8,10,27,00,00,00,00,00,00,
0,00000057,false,Rx,0,8,00,00,FE,FF,FE,FF,00,00,
800000,00000625,false,Rx,0,8,25,00,59,86,01,54,5C,06,
831000,000002C4,false,Rx,0,8,09,20,00,00,7C,02,00,00,
832000,000002C5,false,Rx,0,8,00,00,00,00,00,00,00,00,
832000,000002C6,false,Rx,0,8,32,00,7C,01,00,00,00,00,
863000,0000060D,false,Rx,0,8,0D,10,83,B6,09,20,70,00,
900000,00000625,false,Rx,0,8,25,00,59,86,01,54,5C,06,
963000,0000060D,false,Rx,0,8,0D,10,83,B6,09,20,70,00,
972000,00000054,false,Rx,0,8,01,05,00,01,7C,02,00,00,
972000,00000055,false,Rx,0,8,10,27,00,00,00,00,00,00,
972000,00000056,false,Rx,0,8,10,27,00,00,00,00,00,00,
973000,00000057,false,Rx,0,8,00,00,FE,FF,FE,FF,00,00,
0,00000625,false,Rx,0,8,25,00,59,86,01,54,5C,06,
0,000002C4,false,Rx,0,8,09,20,00,00,7C,02,00,00,
0,000002C5,false,Rx,0,8,00,00,00,00,00,00,00,00,
53000,000002C6,false,Rx,0,8,32,00,7C,01,00,00,00,00,
63000,0000060D,false,Rx,0,8,0D,10,83,B6,09,20,70,00,
101000,00000625,false,Rx,0,8,25,00,59,86,01,54,5C,06,
163000,0000060D,false,Rx,0,8,0D,10,83,B6,09,20,70,00,
173000,00000054,false,Rx,0,8,01,05,00,01,7C,02,00,00,
173000,00000055,false,Rx,0,8,10,27,00,00,00,00,00,00,
173000,00000056,false,Rx,0,8,10,27,00,00,00,00,00,00,
173000,00000057,false,Rx,0,8,00,00,FE,FF,FE,FF,00,00,
202000,00000625,false,Rx,0,8,25,00,59,86,01,54,5C,06,
262000,0000060D,false,Rx,0,8,0D,10,83,B6,09,20,70,00,
272000,000002C4,false,Rx,0,8,09,20,00,00,7C,02,00,00,
272000,000002C5,false,Rx,0,8,00,00,00,00,00,00,00,00,
273000,000002C6,false,Rx,0,8,32,00,7C,01,00,00,00,00,
301000,00000625,false,Rx,0,8,25,00,59,86,01,54,5C,06,
364000,0000060D,false,Rx,0,8,0D,10,83,B6,09,20,70,00,
372000,00000054,false,Rx,0,8,01,05,00,01,7C,02,00,00,
372000,00000055,false,Rx,0,8,10,27,00,00,00,00,00,00,
373000,00000056,false,Rx,0,8,10,27,00,00,00,00,00,00,
373000,00000057,false,Rx,0,8,00,00,FE,FF,FE,FF,00,00,
400000,00000625,false,Rx,0,8,25,00,59,86,01,54,5C,06,
463000,0000060D,false,Rx,0,8,0D,10,83,B6,09,20,70,00,
493000,000002C4,false,Rx,0,8,09,20,00,00,7C,02,00,00,
493000,000002C5,false,Rx,0,8,00,00,00,00,00,00,00,00,
493000,000002C6,false,Rx,0,8,32,00,7C,01,00,00,00,00,
501000,00000625,false,Rx,0,8,25,00,59,86,01,54,5C,06,
564000,0000060D,false,Rx,0,8,0D,10,83,B6,09,20,70,00,
573000,00000054,false,Rx,0,8,01,05,00,01,7C,02,00,00,
573000,00000055,false,Rx,0,8,10,27,00,00,00,00,00,00,
573000,00000056,false,Rx,0,8,10,27,00,00,00,00,00,00,
573000,00000057,false,Rx,0,8,00,00,FE,FF,FE,FF,00,00,
601000,00000625,false,Rx,0,8,25,00,59,86,01,54,5C,06,
663000,0000060D,false,Rx,0,8,0D,10,83,B6,09,20,70,00,
701000,00000625,false,Rx,0,8,25,00,59,86,01,54,5C,06,
0,000002C4,false,Rx,0,8,09,20,00,00,7C,02,00,00,
0,000002C5,false,Rx,0,8,00,00,00,00,00,00,00,00,
0,000002C6,false,Rx,0,8,32,00,7C,01,00,00,00,00,
763000,0000060D,false,Rx,0,8,0D,10,83,B6,09,20,70,00,
772000,00000054,false,Rx,0,8,01,05,00,01,7C,02,00,00,
773000,00000055,false,Rx,0,8,10,27,00,00,00,00,00,00,
773000,00000056,false,Rx,0,8,10,27,00,00,00,00,00,00,
773000,00000057,false,Rx,0,8,00,00,FE,FF,FE,FF,00,00,
800000,00000625,false,Rx,0,8,25,00,59,86,01,54,5C,06,
862000,0000060D,false,Rx,0,8,0D,10,83,B6,09,20,70,00,
902000,00000625,false,Rx,0,8,25,00,59,86,01,54,5C,06,
932000,000002C4,false,Rx,0,8,09,20,00,00,7C,02,00,00,
932000,000002C5,false,Rx,0,8,00,00,00,00,00,00,00,00,
932000,000002C6,false,Rx,0,8,32,00,7C,01,00,00,00,00,
963000,0000060D,false,Rx,0,8,0D,10,83,B6,09,20,70,00,
972000,00000054,false,Rx,0,8,01,05,00,01,7C,02,00,00,
973000,00000055,false,Rx,0,8,10,27,00,00,00,00,00,00,
973000,00000056,false,Rx,0,8,10,27,00,00,00,00,00,00,
973000,00000057,false,Rx,0,8,00,00,FE,FF,FE,FF,00,00,
1000,00000625,false,Rx,0,8,25,00,59,86,01,54,5C,06,
63000,0000060D,false,Rx,0,8,0D,10,83,B6,09,20,70,00,
102000,00000625,false,Rx,0,8,25,00,59,86,01,54,5C,06,
0,000002C4,false,Rx,0,8,09,20,00,00,7C,02,00,00,
0,000002C5,false,Rx,0,8,00,00,00,00,00,00,00,00,
153000,000002C6,false,Rx,0,8,32,00,7C,01,00,00,00,00,
164000,0000060D,false,Rx,0,8,0D,10,83,B6,09,20,70,00,
172000,00000054,false,Rx,0,8,01,05,00,01,7C,02,00,00,
172000,00000055,false,Rx,0,8,10,27,00,00,00,00,00,00,
173000,00000056,false,Rx,0,8,10,27,00,00,00,00,00,00,
174000,00000057,false,Rx,0,8,00,00,FE,FF,FE,FF,00,00,
201000,00000625,false,Rx,0,8,25,00,59,86,01,54,5C,06,
262000,0000060D,false,Rx,0,8,0D,10,83,B6,09,20,70,00,
301000,00000625,false,Rx,0,8,25,00,59,86,01,54,5C,06,
363000,0000060D,false,Rx,0,8,0D,10,83,B6,09,20,70,00,
0,000002C4,false,Rx,0,8,09,20,00,00,7C,02,00,00,
0,000002C5,false,Rx,0,8,00,00,00,00,00,00,00,00,
373000,00000054,false,Rx,0,8,01,05,00,01,7C,02,00,00,
373000,000002C6,false,Rx,0,8,32,00,7C,01,00,00,00,00,
373000,00000055,false,Rx,0,8,10,27,00,00,00,00,00,00,
374000,00000056,false,Rx,0,8,10,27,00,00,00,00,00,00,
374000,00000057,false,Rx,0,8,00,00,FE,FF,FE,FF,00,00,
401000,00000625,false,Rx,0,8,25,00,59,86,01,54,5C,06,
463000,0000060D,false,Rx,0,8,0D,10,83,B6,09,20,70,00,
500000,00000625,false,Rx,0,8,25,00,59,86,01,54,5C,06,
563000,0000060D,false,Rx,0,8,0D,10,83,B6,09,20,70,00,
572000,00000054,false,Rx,0,8,01,05,00,01,7C,02,00,00,
572000,00000055,false,Rx,0,8,10,27,00,00,00,00,00,00,
573000,00000056,false,Rx,0,8,10,27,00,00,00,00,00,00,
573000,00000057,false,Rx,0,8,00,00,FE,FF,FE,FF,00,00,
591000,000002C4,false,Rx,0,8,09,20,00,00,7C,02,00,00,
592000,000002C5,false,Rx,0,8,00,00,00,00,00,00,00,00,
592000,000002C6,false,Rx,0,8,32,00,7C,01,00,00,00,00,
601000,00000625,false,Rx,0,8,25,00,59,86,01,54,5C,06,
664000,0000060D,false,Rx,0,8,0D,10,83,B6,09,20,70,00,
700000,00000625,false,Rx,0,8,25,00,59,86,01,54,5C,06,
763000,0000060D,false,Rx,0,8,0D,10,83,B6,09,20,70,00,
772000,00000054,false,Rx,0,8,01,05,00,01,7C,02,00,00,
772000,00000055,false,Rx,0,8,10,27,00,00,00,00,00,00,
773000,00000056,false,Rx,0,8,10,27,00,00,00,00,00,00,
773000,00000057,false,Rx,0,8,00,00,FE,FF,FE,FF,00,00,
800000,00000625,false,Rx,0,8,25,00,59,86,01,54,5C,06,
812000,000002C4,false,Rx,0,8,09,20,00,00,7C,02,00,00,
812000,000002C5,false,Rx,0,8,00,00,00,00,00,00,00,00,
812000,000002C6,false,Rx,0,8,32,00,7C,01,00,00,00,00,
863000,0000060D,false,Rx,0,8,0D,10,83,B6,09,20,70,00,
901000,00000625,false,Rx,0,8,25,00,59,86,01,54,5C,06,
963000,0000060D,false,Rx,0,8,0D,10,83,B6,09,20,70,00,
0,00000054,false,Rx,0,8,01,05,00,01,7C,02,00,00,
0,00000055,false,Rx,0,8,10,27,00,00,00,00,00,00,
0,00000056,false,Rx,0,8,10,27,00,00,00,00,00,00,
0,00000057,false,Rx,0,8,00,00,FE,FF,FE,FF,00,00,
1000,00000625,false,Rx,0,8,25,00,59,86,01,54,5C,06,
31000,000002C4,false,Rx,0,8,09,20,00,00,7C,02,00,00,
32000,000002C5,false,Rx,0,8,00,00,00,00,00,00,00,00,
32000,000002C6,false,Rx,0,8,32,00,7C,01,00,00,00,00,
63000,0000060D,false,Rx,0,8,0D,10,83,B6,09,20,70,00,
101000,00000625,false,Rx,0,8,25,00,59,86,01,54,5C,06,
162000,0000060D,false,Rx,0,8,0D,10,83,B6,09,20,70,00,
0,00000054,false,Rx,0,8,01,05,00,01,7C,02,00,00,
0,00000055,false,Rx,0,8,10,27,00,00,00,00,00,00,
173000,00000056,false,Rx,0,8,10,27,00,00,00,00,00,00,
173000,00000057,false,Rx,0,8,00,00,FE,FF,FE,FF,00,00,
201000,00000625,false,Rx,0,8,25,00,59,86,01,54,5C,06,
0,000002C4,false,Rx,0,8,09,20,00,00,7C,02,00,00,
0,000002C5,false,Rx,0,8,00,00,00,00,00,00,00,00,
252000,000002C6,false,Rx,0,8,32,00,7C,01,00,00,00,00,
263000,0000060D,false,Rx,0,8,0D,10,83,B6,09,20,70,00,
300000,00000625,false,Rx,0,8,25,00,59,86,01,54,5C,06,
363000,0000060D,false,Rx,0,8,0D,10,83,B6,09,20,70,00,
0,00000054,false,Rx,0,8,01,05,00,01,7C,02,00,00,
0,00000055,false,Rx,0,8,10,27,00,00,00,00,00,00,
373000,00000056,false,Rx,0,8,10,27,00,00,00,00,00,00,
373000,00000057,false,Rx,0,8,00,00,FE,FF,FE,FF,00,00,
401000,00000625,false,Rx,0,8,25,00,59,86,01,54,5C,06,
464000,0000060D,false,Rx,0,8,0D,10,83,B6,09,20,70,00,
0,000002C4,false,Rx,0,8,09,20,00,00,7C,02,00,00,
0,000002C5,false,Rx,0,8,00,00,00,00,00,00,00,00,
472000,000002C6,false,Rx,0,8,32,00,7C,01,00,00,00,00,
500000,00000625,false,Rx,0,8,25,00,59,86,01,54,5C,06,
563000,0000060D,false,Rx,0,8,0D,10,83,B6,09,20,70,00,
573000,00000054,false,Rx,0,8,01,05,00,01,7C,02,00,00,
573000,00000055,false,Rx,0,8,10,27,00,00,00,00,00,00,
0,00000056,false,Rx,0,8,10,27,00,00,00,00,00,00,
0,00000057,false,Rx,0,8,00,00,FE,FF,FE,FF,00,00,
600000,00000625,false,Rx,0,8,25,00,59,86,01,54,5C,06,
662000,0000060D,false,Rx,0,8,0D,10,83,B6,09,20,70,00,
692000,000002C4,false,Rx,0,8,09,20,00,00,7C,02,00,00,
692000,000002C5,false,Rx,0,8,00,00,00,00,00,00,00,00,
692000,000002C6,false,Rx,0,8,32,00,7C,01,00,00,00,00,
701000,00000625,false,Rx,0,8,25,00,59,86,01,54,5C,06,
762000,0000060D,false,Rx,0,8,0D,10,83,B6,09,20,70,00,
0,00000054,false,Rx,0,8,01,05,00,01,7C,02,00,00,
0,00000055,false,Rx,0,8,10,27,00,00,00,00,00,00,
0,00000056,false,Rx,0,8,10,27,00,00,00,00,00,00,
0,00000057,false,Rx,0,8,00,00,FE,FF,FE,FF,00,00,
800000,00000625,false,Rx,0,8,25,00,59,86,01,54,5C,06,
863000,0000060D,false,Rx,0,8,0D,10,83,B6,09,20,70,00,
901000,00000625,false,Rx,0,8,25,00,59,86,01,54,5C,06,
912000,000002C4,false,Rx,0,8,09,20,00,00,7C,02,00,00,
0,000002C5,false,Rx,0,8,00,00,00,00,00,00,00,00,
0,000002C6,false,Rx,0,8,32,00,7C,01,00,00,00,00,
963000,0000060D,false,Rx,0,8,0D,10,83,B6,09,20,70,00,
0,00000054,false,Rx,0,8,01,05,00,01,7C,02,00,00,
0,00000055,false,Rx,0,8,10,27,00,00,00,00,00,00,
0,00000056,false,Rx,0,8,10,27,00,00,00,00,00,00,
0,00000057,false,Rx,0,8,00,00,FE,FF,FE,FF,00,00,
1000,00000625,false,Rx,0,8,25,00,59,86,01,54,5C,06,
63000,0000060D,false,Rx,0,8,0D,10,83,B6,09,20,70,00,
101000,00000625,false,Rx,0,8,25,00,59,86,01,54,5C,06,
0,000002C4,false,Rx,0,8,09,20,00,00,7C,02,00,00,
0,000002C5,false,Rx,0,8,00,00,00,00,00,00,00,00,
132000,000002C6,false,Rx,0,8,32,00,7C,01,00,00,00,00,
163000,0000060D,false,Rx,0,8,0D,10,83,B6,09,20,70,00,
0,00000054,false,Rx,0,8,01,05,00,01,7C,02,00,00,
0,00000055,false,Rx,0,8,10,27,00,00,00,00,00,00,
173000,00000056,false,Rx,0,8,10,27,00,00,00,00,00,00,
173000,00000057,false,Rx,0,8,00,00,FE,FF,FE,FF,00,00,
201000,00000625,false,Rx,0,8,25,00,59,86,01,54,5C,06,
263000,0000060D,false,Rx,0,8,0D,10,83,B6,09,20,70,00,
301000,00000625,false,Rx,0,8,25,00,59,86,01,54,5C,06,
353000,000002C4,false,Rx,0,8,09,20,00,00,7C,02,00,00,
0,000002C5,false,Rx,0,8,00,00,00,00,00,00,00,00,
0,000002C6,false,Rx,0,8,32,00,7C,01,00,00,00,00,
364000,0000060D,false,Rx,0,8,0D,10,83,B6,09,20,70,00,
372000,00000054,false,Rx,0,8,01,05,00,01,7C,02,00,00,
373000,00000055,false,Rx,0,8,10,27,00,00,00,00,00,00,
373000,00000056,false,Rx,0,8,10,27,00,00,00,00,00,00,
373000,00000057,false,Rx,0,8,00,00,FE,FF,FE,FF,00,00,
402000,00000625,false,Rx,0,8,25,00,59,86,01,54,5C,06,
462000,0000060D,false,Rx,0,8,0D,10,83,B6,09,20,70,00,
501000,00000625,false,Rx,0,8,25,00,59,86,01,54,5C,06,
563000,0000060D,false,Rx,0,8,0D,10,83,B6,09,20,70,00,
572000,000002C4,false,Rx,0,8,09,20,00,00,7C,02,00,00,
572000,000002C5,false,Rx,0,8,00,00,00,00,00,00,00,00,
572000,00000054,false,Rx,0,8,01,05,00,01,7C,02,00,00,
572000,000002C6,false,Rx,0,8,32,00,7C,01,00,00,00,00,
572000,00000055,false,Rx,0,8,10,27,00,00,00,00,00,00,
573000,00000056,false,Rx,0,8,10,27,00,00,00,00,00,00,
573000,00000057,false,Rx,0,8,00,00,FE,FF,FE,FF,00,00,
601000,00000625,false,Rx,0,8,25,00,59,86,01,54,5C,06,
663000,0000060D,false,Rx,0,8,0D,10,83,B6,09,20,70,00,
701000,00000625,false,Rx,0,8,25,00,59,86,01,54,5C,06,
762000,0000060D,false,Rx,0,8,0D,10,83,B6,09,20,70,00,
772000,00000054,false,Rx,0,8,01,05,00,01,7C,02,00,00,
772000,00000055,false,Rx,0,8,10,27,00,00,00,00,00,00,
773000,00000056,false,Rx,0,8,10,27,00,00,00,00,00,00,
774000,00000057,false,Rx,0,8,00,00,FE,FF,FE,FF,00,00,
792000,000002C4,false,Rx,0,8,09,20,00,00,7C,02,00,00,
792000,000002C5,false,Rx,0,8,00,00,00,00,00,00,00,00,
792000,000002C6,false,Rx,0,8,32,00,7C,01,00,00,00,00,
800000,00000625,false,Rx,0,8,25,00,59,86,01,54,5C,06,
864000,0000060D,false,Rx,0,8,0D,10,83,B6,09,20,70,00,
901000,00000625,false,Rx,0,8,25,00,59,86,01,54,5C,06,
963000,0000060D,false,Rx,0,8,0D,10,83,B6,09,20,70,00,
972000,00000054,false,Rx,0,8,01,05,00,01,7C,02,00,00,
972000,00000055,false,Rx,0,8,10,27,00,00,00,00,00,00,
972000,00000056,false,Rx,0,8,10,27,00,00,00,00,00,00,
973000,00000057,false,Rx,0,8,00,00,FE,FF,FE,FF,00,00,
1000,00000625,false,Rx,0,8,25,00,59,86,01,54,5C,06,
12000,000002C4,false,Rx,0,8,09,20,00,00,7C,02,00,00,
12000,000002C5,false,Rx,0,8,00,00,00,00,00,00,00,00,
12000,000002C6,false,Rx,0,8,32,00,7C,01,00,00,00,00,
63000,0000060D,false,Rx,0,8,0D,10,83,B6,09,20,70,00,
101000,00000625,false,Rx,0,8,25,00,59,86,01,54,5C,06,
163000,0000060D,false,Rx,0,8,0D,10,83,B6,09,20,70,00,
0,00000054,false,Rx,0,8,01,05,00,01,7C,02,00,00,
0,00000055,false,Rx,0,8,10,27,00,00,00,00,00,00,
173000,00000056,false,Rx,0,8,10,27,00,00,00,00,00,00,
174000,00000057,false,Rx,0,8,00,00,FE,FF,FE,FF,00,00,
200000,00000625,false,Rx,0,8,25,00,59,86,01,54,5C,06,
0,000002C4,false,Rx,0,8,09,20,00,00,7C,02,00,00,
0,000002C5,false,Rx,0,8,00,00,00,00,00,00,00,00,
232000,000002C6,false,Rx,0,8,32,00,7C,01,00,00,00,00,
263000,0000060D,false,Rx,0,8,0D,10,83,B6,09,20,70,00,
301000,00000625,false,Rx,0,8,25,00,59,86,01,54,5C,06,
363000,0000060D,false,Rx,0,8,0D,10,83,B6,09,20,70,00,
373000,00000054,false,Rx,0,8,01,05,00,01,7C,02,00,00,
373000,00000055,false,Rx,0,8,10,27,00,00,00,00,00,00,
0,00000056,false,Rx,0,8,10,27,00,00,00,00,00,00,
0,00000057,false,Rx,0,8,00,00,FE,FF,FE,FF,00,00,
401000,00000625,false,Rx,0,8,25,00,59,86,01,54,5C,06,
0,000002C4,false,Rx,0,8,09,20,00,00,7C,02,00,00,
0,000002C5,false,Rx,0,8,00,00,00,00,00,00,00,00,
453000,000002C6,false,Rx,0,8,32,00,7C,01,00,00,00,00,
463000,0000060D,false,Rx,0,8,0D,10,83,B6,09,20,70,00,
501000,00000625,false,Rx,0,8,25,00,59,86,01,54,5C,06,
563000,0000060D,false,Rx,0,8,0D,10,83,B6,09,20,70,00,
573000,00000054,false,Rx,0,8,01,05,00,01,7C,02,00,00,
573000,00000055,false,Rx,0,8,10,27,00,00,00,00,00,00,
573000,00000056,false,Rx,0,8,10,27,00,00,00,00,00,00,
573000,00000057,false,Rx,0,8,00,00,FE,FF,FE,FF,00,00,
600000,00000625,false,Rx,0,8,25,00,59,86,01,54,5C,06,
663000,0000060D,false,Rx,0,8,0D,10,83,B6,09,20,70,00,
0,000002C4,false,Rx,0,8,09,20,00,00,7C,02,00,00,
0,000002C5,false,Rx,0,8,00,00,00,00,00,00,00,00,
673000,000002C6,false,Rx,0,8,32,00,7C,01,00,00,00,00,
701000,00000625,false,Rx,0,8,25,00,59,86,01,54,5C,06,
762000,0000060D,false,Rx,0,8,0D,10,83,B6,09,20,70,00,
772000,00000054,false,Rx,0,8,01,05,00,01,7C,02,00,00,
773000,00000055,false,Rx,0,8,10,27,00,00,00,00,00,00,
0,00000056,false,Rx,0,8,10,27,00,00,00,00,00,00,
0,00000057,false,Rx,0,8,00,00,FE,FF,FE,FF,00,00,
800000,00000625,false,Rx,0,8,25,00,59,86,01,54,5C,06,
864000,0000060D,false,Rx,0,8,0D,10,83,B6,09,20,70,00,
0,000002C4,false,Rx,0,8,09,20,00,00,7C,02,00,00,
0,000002C5,false,Rx,0,8,00,00,00,00,00,00,00,00,
892000,000002C6,false,Rx,0,8,32,00,7C,01,00,00,00,00,
901000,00000625,false,Rx,0,8,25,00,59,86,01,54,5C,06,
964000,0000060D,false,Rx,0,8,0D,10,83,B6,09,20,70,00,
972000,00000054,false,Rx,0,8,01,05,00,01,7C,02,00,00,
972000,00000055,false,Rx,0,8,10,27,00,00,00,00,00,00,
972000,00000056,false,Rx,0,8,10,27,00,00,00,00,00,00,
973000,00000057,false,Rx,0,8,00,00,FE,FF,FE,FF,00,00,
1000,00000625,false,Rx,0,8,25,00,59,86,01,54,5C,06,
64000,0000060D,false,Rx,0,8,0D,10,83,B6,09,20,70,00,
100000,00000625,false,Rx,0,8,25,00,59,86,01,54,5C,06,
0,000002C4,false,Rx,0,8,09,20,00,00,7C,02,00,00,
0,000002C5,false,Rx,0,8,00,00,00,00,00,00,00,00,
113000,000002C6,false,Rx,0,8,32,00,7C,01,00,00,00,00,
163000,0000060D,false,Rx,0,8,0D,10,83,B6,09,20,70,00,
0,00000054,false,Rx,0,8,01,05,00,01,7C,02,00,00,
0,00000055,false,Rx,0,8,10,27,00,00,00,00,00,00,
0,00000056,false,Rx,0,8,10,27,00,00,00,00,00,00,
173000,00000057,false,Rx,0,8,00,00,FE,FF,FE,FF,00,00,
201000,00000625,false,Rx,0,8,25,00,59,86,01,54,5C,06,
263000,0000060D,false,Rx,0,8,0D,10,83,B6,09,20,70,00,
301000,00000625,false,Rx,0,8,25,00,59,86,01,54,5C,06,
332000,000002C4,false,Rx,0,8,09,20,00,00,7C,02,00,00,
332000,000002C5,false,Rx,0,8,00,00,00,00,00,00,00,00,
332000,000002C6,false,Rx,0,8,32,00,7C,01,00,00,00,00,
363000,0000060D,false,Rx,0,8,0D,10,83,B6,09,20,70,00,
372000,00000054,false,Rx,0,8,01,05,00,01,7C,02,00,00,
372000,00000055,false,Rx,0,8,10,27,00,00,00,00,00,00,
373000,00000056,false,Rx,0,8,10,27,00,00,00,00,00,00,
373000,00000057,false,Rx,0,8,00,00,FE,FF,FE,FF,00,00,
401000,00000625,false,Rx,0,8,25,00,59,86,01,54,5C,06,
463000,0000060D,false,Rx,0,8,0D,10,83,B6,09,20,70,00,
500000,00000625,false,Rx,0,8,25,00,59,86,01,54,5C,06,
551000,000002C4,false,Rx,0,8,09,20,00,00,7C,02,00,00,
553000,000002C5,false,Rx,0,8,00,00,00,00,00,00,00,00,
553000,000002C6,false,Rx,0,8,32,00,7C,01,00,00,00,00,
564000,0000060D,false,Rx,0,8,0D,10,83,B6,09,20,70,00,
0,00000054,false,Rx,0,8,01,05,00,01,7C,02,00,00,
0,00000055,false,Rx,0,8,10,27,00,00,00,00,00,00,
0,00000056,false,Rx,0,8,10,27,00,00,00,00,00,00,
0,00000057,false,Rx,0,8,00,00,FE,FF,FE,FF,00,00,
602000,00000625,false,Rx,0,8,25,00,59,86,01,54,5C,06,
663000,0000060D,false,Rx,0,8,0D,10,83,B6,09,20,70,00,
700000,00000625,false,Rx,0,8,25,00,59,86,01,54,5C,06,
762000,0000060D,false,Rx,0,8,0D,10,83,B6,09,20,70,00,
772000,000002C4,false,Rx,0,8,09,20,00,00,7C,02,00,00,
773000,00000054,false,Rx,0,8,01,05,00,01,7C,02,00,00,
0,000002C5,false,Rx,0,8,00,00,00,00,00,00,00,00,
0,00000055,false,Rx,0,8,10,27,00,00,00,00,00,00,
773000,000002C6,false,Rx,0,8,32,00,7C,01,00,00,00,00,
0,00000056,false,Rx,0,8,10,27,00,00,00,00,00,00,
0,00000057,false,Rx,0,8,00,00,FE,FF,FE,FF,00,00,
800000,00000625,false,Rx,0,8,25,00,59,86,01,54,5C,06,
862000,0000060D,false,Rx,0,8,0D,10,83,B6,09,20,70,00,
901000,00000625,false,Rx,0,8,25,00,59,86,01,54,5C,06,
963000,0000060D,false,Rx,0,8,0D,10,83,B6,09,20,70,00,
972000,00000054,false,Rx,0,8,01,05,00,01,7C,02,00,00,
972000,00000055,false,Rx,0,8,10,27,00,00,00,00,00,00,
972000,00000056,false,Rx,0,8,10,27,00,00,00,00,00,00,
973000,00000057,false,Rx,0,8,00,00,FE,FF,FE,FF,00,00,
992000,000002C4,false,Rx,0,8,09,20,00,00,7C,02,00,00,
992000,000002C5,false,Rx,0,8,00,00,00,00,00,00,00,00,
992000,000002C6,false,Rx,0,8,32,00,7C,01,00,00,00,00,
0,00000625,false,Rx,0,8,25,00,59,86,01,54,5C,06,
63000,0000060D,false,Rx,0,8,0D,10,83,B6,09,20,70,00,
101000,00000625,false,Rx,0,8,25,00,59,86,01,54,5C,06,
163000,0000060D,false,Rx,0,8,0D,10,83,B6,09,20,70,00,
0,00000054,false,Rx,0,8,01,05,00,01,7C,02,00,00,
0,00000055,false,Rx,0,8,10,27,00,00,00,00,00,00,
173000,00000056,false,Rx,0,8,10,27,00,00,00,00,00,00,
173000,00000057,false,Rx,0,8,00,00,FE,FF,FE,FF,00,00,
201000,00000625,false,Rx,0,8,25,00,59,86,01,54,5C,06,
0,000002C4,false,Rx,0,8,09,20,00,00,7C,02,00,00,
0,000002C5,false,Rx,0,8,00,00,00,00,00,00,00,00,
213000,000002C6,false,Rx,0,8,32,00,7C,01,00,00,00,00,
262000,0000060D,false,Rx,0,8,0D,10,83,B6,09,20,70,00,
300000,00000625,false,Rx,0,8,25,00,59,86,01,54,5C,06,
363000,0000060D,false,Rx,0,8,0D,10,83,B6,09,20,70,00,
372000,00000054,false,Rx,0,8,01,05,00,01,7C,02,00,00,
372000,00000055,false,Rx,0,8,10,27,00,00,00,00,00,00,
372000,00000056,false,Rx,0,8,10,27,00,00,00,00,00,00,
373000,00000057,false,Rx,0,8,00,00,FE,FF,FE,FF,00,00,
401000,00000625,false,Rx,0,8,25,00,59,86,01,54,5C,06,
0,000002C4,false,Rx,0,8,09,20,00,00,7C,02,00,00,
0,000002C5,false,Rx,0,8,00,00,00,00,00,00,00,00,
0,000002C6,false,Rx,0,8,32,00,7C,01,00,00,00,00,
463000,0000060D,false,Rx,0,8,0D,10,83,B6,09,20,70,00,
500000,00000625,false,Rx,0,8,25,00,59,86,01,54,5C,06,
563000,0000060D,false,Rx,0,8,0D,10,83,B6,09,20,70,00,
573000,00000054,false,Rx,0,8,01,05,00,01,7C,02,00,00,
573000,00000055,false,Rx,0,8,10,27,00,00,00,00,00,00,
573000,00000056,false,Rx,0,8,10,27,00,00,00,00,00,00,
574000,00000057,false,Rx,0,8,00,00,FE,FF,FE,FF,00,00,
602000,00000625,false,Rx,0,8,25,00,59,86,01,54,5C,06,
0,000002C4,false,Rx,0,8,09,20,00,00,7C,02,00,00,
0,000002C5,false,Rx,0,8,00,00,00,00,00,00,00,00,
0,000002C6,false,Rx,0,8,32,00,7C,01,00,00,00,00,
664000,0000060D,false,Rx,0,8,0D,10,83,B6,09,20,70,00,
701000,00000625,false,Rx,0,8,25,00,59,86,01,54,5C,06,
763000,0000060D,false,Rx,0,8,0D,10,83,B6,09,20,70,00,
0,00000054,false,Rx,0,8,01,05,00,01,7C,02,00,00,
0,00000055,false,Rx,0,8,10,27,00,00,00,00,00,00,
772000,00000056,false,Rx,0,8,10,27,00,00,00,00,00,00,
773000,00000057,false,Rx,0,8,00,00,FE,FF,FE,FF,00,00,
801000,00000625,false,Rx,0,8,25,00,59,86,01,54,5C,06,
864000,0000060D,false,Rx,0,8,0D,10,83,B6,09,20,70,00,
872000,000002C4,false,Rx,0,8,09,20,00,00,7C,02,00,00,
872000,000002C5,false,Rx,0,8,00,00,00,00,00,00,00,00,
872000,000002C6,false,Rx,0,8,32,00,7C,01,00,00,00,00,
901000,00000625,false,Rx,0,8,25,00,59,86,01,54,5C,06,
963000,0000060D,false,Rx,0,8,0D,10,83,B6,09,20,70,00,
0,00000054,false,Rx,0,8,01,05,00,01,7C,02,00,00,
0,00000055,false,Rx,0,8,10,27,00,00,00,00,00,00,
973000,00000056,false,Rx,0,8,10,27,00,00,00,00,00,00,
973000,00000057,false,Rx,0,8,00,00,FE,FF,FE,FF,00,00,
0,00000625,false,Rx,0,8,25,00,59,86,01,54,5C,06,
63000,0000060D,false,Rx,0,8,0D,10,83,B6,09,20,70,00,
92000,000002C4,false,Rx,0,8,09,20,00,00,7C,02,00,00,
93000,000002C5,false,Rx,0,8,00,00,00,00,00,00,00,00,
93000,000002C6,false,Rx,0,8,32,00,7C,01,00,00,00,00,
102000,00000625,false,Rx,0,8,25,00,59,86,01,54,5C,06,
163000,0000060D,false,Rx,0,8,0D,10,83,B6,09,20,70,00,
0,00000054,false,Rx,0,8,01,05,00,01,7C,02,00,00,
0,00000055,false,Rx,0,8,10,27,00,00,00,00,00,00,
0,00000056,false,Rx,0,8,10,27,00,00,00,00,00,00,
0,00000057,false,Rx,0,8,00,00,FE,FF,FE,FF,00,00,
200000,00000625,false,Rx,0,8,25,00,59,86,01,54,5C,06,
263000,0000060D,false,Rx,0,8,0D,10,83,B6,09,20,70,00,
301000,00000625,false,Rx,0,8,25,00,59,86,01,54,5C,06,
313000,000002C4,false,Rx,0,8,09,20,00,00,7C,02,00,00,
313000,000002C5,false,Rx,0,8,00,00,00,00,00,00,00,00,
313000,000002C6,false,Rx,0,8,32,00,7C,01,00,00,00,00,
364000,0000060D,false,Rx,0,8,0D,10,83,B6,09,20,70,00,
372000,00000054,false,Rx,0,8,01,05,00,01,7C,02,00,00,
372000,00000055,false,Rx,0,8,10,27,00,00,00,00,00,00,
372000,00000056,false,Rx,0,8,10,27,00,00,00,00,00,00,
373000,00000057,false,Rx,0,8,00,00,FE,FF,FE,FF,00,00,
400000,00000625,false,Rx,0,8,25,00,59,86,01,54,5C,06,
463000,0000060D,false,Rx,0,8,0D,10,83,B6,09,20,70,00,
500000,00000625,false,Rx,0,8,25,00,59,86,01,54,5C,06,
532000,000002C4,false,Rx,0,8,09,20,00,00,7C,02,00,00,
532000,000002C5,false,Rx,0,8,00,00,00,00,00,00,00,00,
532000,000002C6,false,Rx,0,8,32,00,7C,01,00,00,00,00,
563000,0000060D,false,Rx,0,8,0D,10,83,B6,09,20,70,00,
573000,00000054,false,Rx,0,8,01,05,00,01,7C,02,00,00,
573000,00000055,false,Rx,0,8,10,27,00,00,00,00,00,00,
573000,00000056,false,Rx,0,8,10,27,00,00,00,00,00,00,
573000,00000057,false,Rx,0,8,00,00,FE,FF,FE,FF,00,00,
602000,00000625,false,Rx,0,8,25,00,59,86,01,54,5C,06,
663000,0000060D,false,Rx,0,8,0D,10,83,B6,09,20,70,00,
701000,00000625,false,Rx,0,8,25,00,59,86,01,54,5C,06,
752000,000002C4,false,Rx,0,8,09,20,00,00,7C,02,00,00,
753000,000002C5,false,Rx,0,8,00,00,00,00,00,00,00,00,
753000,000002C6,false,Rx,0,8,32,00,7C,01,00,00,00,00,
764000,0000060D,false,Rx,0,8,0D,10,83,B6,09,20,70,00,
773000,00000054,false,Rx,0,8,01,05,00,01,7C,02,00,00,
773000,00000055,false,Rx,0,8,10,27,00,00,00,00,00,00,
773000,00000056,false,Rx,0,8,10,27,00,00,00,00,00,00,
773000,00000057,false,Rx,0,8,00,00,FE,FF,FE,FF,00,00,
801000,00000625,false,Rx,0,8,25,00,59,86,01,54,5C,06,
863000,0000060D,false,Rx,0,8,0D,10,83,B6,09,20,70,00,
901000,00000625,false,Rx,0,8,25,00,59,86,01,54,5C,06,
963000,0000060D,false,Rx,0,8,0D,10,83,B6,09,20,70,00,
972000,000002C4,false,Rx,0,8,09,20,00,00,7C,02,00,00,
973000,000002C5,false,Rx,0,8,00,00,00,00,00,00,00,00,
0,00000054,false,Rx,0,8,01,05,00,01,7C,02,00,00,
0,000002C6,false,Rx,0,8,32,00,7C,01,00,00,00,00,
0,00000055,false,Rx,0,8,10,27,00,00,00,00,00,00,
974000,00000056,false,Rx,0,8,10,27,00,00,00,00,00,00,
974000,00000057,false,Rx,0,8,00,00,FE,FF,FE,FF,00,00,
1000,00000625,false,Rx,0,8,25,00,59,86,01,54,5C,06,
63000,0000060D,false,Rx,0,8,0D,10,83,B6,09,20,70,00,
102000,00000625,false,Rx,0,8,25,00,59,86,01,54,5C,06,
163000,0000060D,false,Rx,0,8,0D,10,83,B6,09,20,70,00,
0,00000054,false,Rx,0,8,01,05,00,01,7C,02,00,00,
0,00000055,false,Rx,0,8,10,27,00,00,00,00,00,00,
0,00000056,false,Rx,0,8,10,27,00,00,00,00,00,00,
173000,00000057,false,Rx,0,8,00,00,FE,FF,FE,FF,00,00,
0,000002C4,false,Rx,0,8,09,20,00,00,7C,02,00,00,
0,000002C5,false,Rx,0,8,00,00,00,00,00,00,00,00,
193000,000002C6,false,Rx,0,8,32,00,7C,01,00,00,00,00,
200000,00000625,false,Rx,0,8,25,00,59,86,01,54,5C,06,
264000,0000060D,false,Rx,0,8,0D,10,83,B6,09,20,70,00,
301000,00000625,false,Rx,0,8,25,00,59,86,01,54,5C,06,
364000,0000060D,false,Rx,0,8,0D,10,83,B6,09,20,70,00,
372000,00000054,false,Rx,0,8,01,05,00,01,7C,02,00,00,
372000,00000055,false,Rx,0,8,10,27,00,00,00,00,00,00,
373000,00000056,false,Rx,0,8,10,27,00,00,00,00,00,00,
373000,00000057,false,Rx,0,8,00,00,FE,FF,FE,FF,00,00,
401000,00000625,false,Rx,0,8,25,00,59,86,01,54,5C,06,
0,000002C4,false,Rx,0,8,09,20,00,00,7C,02,00,00,
0,000002C5,false,Rx,0,8,00,00,00,00,00,00,00,00,
0,000002C6,false,Rx,0,8,32,00,7C,01,00,00,00,00,
463000,0000060D,false,Rx,0,8,0D,10,83,B6,09,20,70,00,
501000,00000625,false,Rx,0,8,25,00,59,86,01,54,5C,06,
563000,0000060D,false,Rx,0,8,0D,10,83,B6,09,20,70,00,
573000,00000054,false,Rx,0,8,01,05,00,01,7C,02,00,00,
573000,00000055,false,Rx,0,8,10,27,00,00,00,00,00,00,
573000,00000056,false,Rx,0,8,10,27,00,00,00,00,00,00,
574000,00000057,false,Rx,0,8,00,00,FE,FF,FE,FF,00,00,
600000,00000625,false,Rx,0,8,25,00,59,86,01,54,5C,06,
632000,000002C4,false,Rx,0,8,09,20,00,00,7C,02,00,00,
0,000002C5,false,Rx,0,8,00,00,00,00,00,00,00,00,
0,000002C6,false,Rx,0,8,32,00,7C,01,00,00,00,00,
663000,0000060D,false,Rx,0,8,0D,10,83,B6,09,20,70,00,
700000,00000625,false,Rx,0,8,25,00,59,86,01,54,5C,06,
763000,0000060D,false,Rx,0,8,0D,10,83,B6,09,20,70,00,
773000,00000054,false,Rx,0,8,01,05,00,01,7C,02,00,00,
773000,00000055,false,Rx,0,8,10,27,00,00,00,00,00,00,
773000,00000056,false,Rx,0,8,10,27,00,00,00,00,00,00,
774000,00000057,false,Rx,0,8,00,00,FE,FF,FE,FF,00,00,
801000,00000625,false,Rx,0,8,25,00,59,86,01,54,5C,06,
853000,000002C4,false,Rx,0,8,09,20,00,00,7C,02,00,00,
853000,000002C5,false,Rx,0,8,00,00,00,00,00,00,00,00,
853000,000002C6,false,Rx,0,8,32,00,7C,01,00,00,00,00,
863000,0000060D,false,Rx,0,8,0D,10,83,B6,09,20,70,00,
901000,00000625,false,Rx,0,8,25,00,59,86,01,54,5C,06,
964000,0000060D,false,Rx,0,8,0D,10,83,B6,09,20,70,00,
973000,00000054,false,Rx,0,8,01,05,00,01,7C,02,00,00,
973000,00000055,false,Rx,0,8,10,27,00,00,00,00,00,00,
0,00000056,false,Rx,0,8,10,27,00,00,00,00,00,00,
0,00000057,false,Rx,0,8,00,00,FE,FF,FE,FF,00,00,
2000,00000625,false,Rx,0,8,25,00,59,86,01,54,5C,06,
63000,0000060D,false,Rx,0,8,0D,10,83,B6,09,20,70,00,
72000,000002C4,false,Rx,0,8,09,20,00,00,7C,02,00,00,
72000,000002C5,false,Rx,0,8,00,00,00,00,00,00,00,00,
72000,000002C6,false,Rx,0,8,32,00,7C,01,00,00,00,00,
101000,00000625,false,Rx,0,8,25,00,59,86,01,54,5C,06,
163000,0000060D,false,Rx,0,8,0D,10,83,B6,09,20,70,00,
0,00000054,false,Rx,0,8,01,05,00,01,7C,02,00,00,
0,00000055,false,Rx,0,8,10,27,00,00,00,00,00,00,
173000,00000056,false,Rx,0,8,10,27,00,00,00,00,00,00,
174000,00000057,false,Rx,0,8,00,00,FE,FF,FE,FF,00,00,
201000,00000625,false,Rx,0,8,25,00,59,86,01,54,5C,06,
263000,0000060D,false,Rx,0,8,0D,10,83,B6,09,20,70,00,
292000,000002C4,false,Rx,0,8,09,20,00,00,7C,02,00,00,
292000,000002C5,false,Rx,0,8,00,00,00,00,00,00,00,00,
293000,000002C6,false,Rx,0,8,32,00,7C,01,00,00,00,00,
301000,00000625,false,Rx,0,8,25,00,59,86,01,54,5C,06,
364000,0000060D,false,Rx,0,8,0D,10,83,B6,09,20,70,00,
0,00000054,false,Rx,0,8,01,05,00,01,7C,02,00,00,
0,00000055,false,Rx,0,8,10,27,00,00,00,00,00,00,
373000,00000056,false,Rx,0,8,10,27,00,00,00,00,00,00,
374000,00000057,false,Rx,0,8,00,00,FE,FF,FE,FF,00,00,
401000,00000625,false,Rx,0,8,25,00,59,86,01,54,5C,06,
463000,0000060D,false,Rx,0,8,0D,10,83,B6,09,20,70,00,
501000,00000625,false,Rx,0,8,25,00,59,86,01,54,5C,06,
513000,000002C4,false,Rx,0,8,09,20,00,00,7C,02,00,00,
513000,000002C5,false,Rx,0,8,00,00,00,00,00,00,00,00,
513000,000002C6,false,Rx,0,8,32,00,7C,01,00,00,00,00,
563000,0000060D,false,Rx,0,8,0D,10,83,B6,09,20,70,00,
572000,00000054,false,Rx,0,8,01,05,00,01,7C,02,00,00,
572000,00000055,false,Rx,0,8,10,27,00,00,00,00,00,00,
573000,00000056,false,Rx,0,8,10,27,00,00,00,00,00,00,
573000,00000057,false,Rx,0,8,00,00,FE,FF,FE,FF,00,00,
601000,00000625,false,Rx,0,8,25,00,59,86,01,54,5C,06,
663000,0000060D,false,Rx,0,8,0D,10,83,B6,09,20,70,00,
701000,00000625,false,Rx,0,8,25,00,59,86,01,54,5C,06,
732000,000002C4,false,Rx,0,8,09,20,00,00,7C,02,00,00,
732000,000002C5,false,Rx,0,8,00,00,00,00,00,00,00,00,
732000,000002C6,false,Rx,0,8,32,00,7C,01,00,00,00,00,
763000,0000060D,false,Rx,0,8,0D,10,83,B6,09,20,70,00,
772000,00000054,false,Rx,0,8,01,05,00,01,7C,02,00,00,
772000,00000055,false,Rx,0,8,10,27,00,00,00,00,00,00,
772000,00000056,false,Rx,0,8,10,27,00,00,00,00,00,00,
773000,00000057,false,Rx,0,8,00,00,FE,FF,FE,FF,00,00,
801000,00000625,false,Rx,0,8,25,00,59,86,01,54,5C,06,
863000,0000060D,false,Rx,0,8,0D,10,83,B6,09,20,70,00,
901000,00000625,false,Rx,0,8,25,00,59,86,01,54,5C,06,
0,000002C4,false,Rx,0,8,09,20,00,00,7C,02,00,00,
0,000002C5,false,Rx,0,8,00,00,00,00,00,00,00,00,
953000,000002C6,false,Rx,0,8,32,00,7C,01,00,00,00,00,
963000,0000060D,false,Rx,0,8,0D,10,83,B6,09,20,70,00,
972000,00000054,false,Rx,0,8,01,05,00,01,7C,02,00,00,
972000,00000055,false,Rx,0,8,10,27,00,00,00,00,00,00,
973000,00000056,false,Rx,0,8,10,27,00,00,00,00,00,00,
973000,00000057,false,Rx,0,8,00,00,FE,FF,FE,FF,00,00,
1000,00000625,false,Rx,0,8,25,00,59,86,01,54,5C,06,
63000,0000060D,false,Rx,0,8,0D,10,83,B6,09,20,70,00,
100000,00000625,false,Rx,0,8,25,00,59,86,01,54,5C,06,
163000,0000060D,false,Rx,0,8,0D,10,83,B6,09,20,70,00,
0,000002C4,false,Rx,0,8,09,20,00,00,7C,02,00,00,
0,00000054,false,Rx,0,8,01,05,00,01,7C,02,00,00,
0,000002C5,false,Rx,0,8,00,00,00,00,00,00,00,00,
173000,00000055,false,Rx,0,8,10,27,00,00,00,00,00,00,
173000,000002C6,false,Rx,0,8,32,00,7C,01,00,00,00,00,
173000,00000056,false,Rx,0,8,10,27,00,00,00,00,00,00,
173000,00000057,false,Rx,0,8,00,00,FE,FF,FE,FF,00,00,
201000,00000625,false,Rx,0,8,25,00,59,86,01,54,5C,06,
263000,0000060D,false,Rx,0,8,0D,10,83,B6,09,20,70,00,
300000,00000625,false,Rx,0,8,25,00,59,86,01,54,5C,06,
364000,0000060D,false,Rx,0,8,0D,10,83,B6,09,20,70,00,
372000,00000054,false,Rx,0,8,01,05,00,01,7C,02,00,00,
372000,00000055,false,Rx,0,8,10,27,00,00,00,00,00,00,
373000,00000056,false,Rx,0,8,10,27,00,00,00,00,00,00,
373000,00000057,false,Rx,0,8,00,00,FE,FF,FE,FF,00,00,
0,000002C4,false,Rx,0,8,09,20,00,00,7C,02,00,00,
0,000002C5,false,Rx,0,8,00,00,00,00,00,00,00,00,
393000,000002C6,false,Rx,0,8,32,00,7C,01,00,00,00,00,
402000,00000625,false,Rx,0,8,25,00,59,86,01,54,5C,06,
464000,0000060D,false,Rx,0,8,0D,10,83,B6,09,20,70,00,
500000,00000625,false,Rx,0,8,25,00,59,86,01,54,5C,06,
564000,0000060D,false,Rx,0,8,0D,10,83,B6,09,20,70,00,
573000,00000054,false,Rx,0,8,01,05,00,01,7C,02,00,00,
573000,00000055,false,Rx,0,8,10,27,00,00,00,00,00,00,
573000,00000056,false,Rx,0,8,10,27,00,00,00,00,00,00,
573000,00000057,false,Rx,0,8,00,00,FE,FF,FE,FF,00,00,
601000,00000625,false,Rx,0,8,25,00,59,86,01,54,5C,06,
613000,000002C4,false,Rx,0,8,09,20,00,00,7C,02,00,00,
613000,000002C5,false,Rx,0,8,00,00,00,00,00,00,00,00,
613000,000002C6,false,Rx,0,8,32,00,7C,01,00,00,00,00,
663000,0000060D,false,Rx,0,8,0D,10,83,B6,09,20,70,00,
701000,00000625,false,Rx,0,8,25,00,59,86,01,54,5C,06,
762000,0000060D,false,Rx,0,8,0D,10,83,B6,09,20,70,00,
772000,00000054,false,Rx,0,8,01,05,00,01,7C,02,00,00,
773000,00000055,false,Rx,0,8,10,27,00,00,00,00,00,00,
773000,00000056,false,Rx,0,8,10,27,00,00,00,00,00,00,
774000,00000057,false,Rx,0,8,00,00,FE,FF,FE,FF,00,00,
801000,00000625,false,Rx,0,8,25,00,59,86,01,54,5C,06,
833000,000002C4,false,Rx,0,8,09,20,00,00,7C,02,00,00,
833000,000002C5,false,Rx,0,8,00,00,00,00,00,00,00,00,
833000,000002C6,false,Rx,0,8,32,00,7C,01,00,00,00,00,
863000,0000060D,false,Rx,0,8,0D,10,83,B6,09,20,70,00,
901000,00000625,false,Rx,0,8,25,00,59,86,01,54,5C,06,
964000,0000060D,false,Rx,0,8,0D,10,83,B6,09,20,70,00,
0,00000054,false,Rx,0,8,01,05,00,01,7C,02,00,00,
0,00000055,false,Rx,0,8,10,27,00,00,00,00,00,00,
0,00000056,false,Rx,0,8,10,27,00,00,00,00,00,00,
0,00000057,false,Rx,0,8,00,00,FE,FF,FE,FF,00,00,
1000,00000625,false,Rx,0,8,25,00,59,86,01,54,5C,06,
52000,000002C4,false,Rx,0,8,09,20,00,00,7C,02,00,00,
52000,000002C5,false,Rx,0,8,00,00,00,00,00,00,00,00,
52000,000002C6,false,Rx,0,8,32,00,7C,01,00,00,00,00,
63000,0000060D,false,Rx,0,8,0D,10,83,B6,09,20,70,00,
102000,00000625,false,Rx,0,8,25,00,59,86,01,54,5C,06,
163000,0000060D,false,Rx,0,8,0D,10,83,B6,09,20,70,00,
173000,00000054,false,Rx,0,8,01,05,00,01,7C,02,00,00,
173000,00000055,false,Rx,0,8,10,27,00,00,00,00,00,00,
173000,00000056,false,Rx,0,8,10,27,00,00,00,00,00,00,
174000,00000057,false,Rx,0,8,00,00,FE,FF,FE,FF,00,00,
201000,00000625,false,Rx,0,8,25,00,59,86,01,54,5C,06,
263000,0000060D,false,Rx,0,8,0D,10,83,B6,09,20,70,00,
272000,000002C4,false,Rx,0,8,09,20,00,00,7C,02,00,00,
272000,000002C5,false,Rx,0,8,00,00,00,00,00,00,00,00,
273000,000002C6,false,Rx,0,8,32,00,7C,01,00,00,00,00,
300000,00000625,false,Rx,0,8,25,00,59,86,01,54,5C,06,
363000,0000060D,false,Rx,0,8,0D,10,83,B6,09,20,70,00,
372000,00000054,false,Rx,0,8,01,05,00,01,7C,02,00,00,
372000,00000055,false,Rx,0,8,10,27,00,00,00,00,00,00,
373000,00000056,false,Rx,0,8,10,27,00,00,00,00,00,00,
373000,00000057,false,Rx,0,8,00,00,FE,FF,FE,FF,00,00,
401000,00000625,false,Rx,0,8,25,00,59,86,01,54,5C,06,
463000,0000060D,false,Rx,0,8,0D,10,83,B6,09,20,70,00,
0,000002C4,false,Rx,0,8,09,20,00,00,7C,02,00,00,
0,000002C5,false,Rx,0,8,00,00,00,00,00,00,00,00,
493000,000002C6,false,Rx,0,8,32,00,7C,01,00,00,00,00,
501000,00000625,false,Rx,0,8,25,00,59,86,01,54,5C,06,
563000,0000060D,false,Rx,0,8,0D,10,83,B6,09,20,70,00,
572000,00000054,false,Rx,0,8,01,05,00,01,7C,02,00,00,
573000,00000055,false,Rx,0,8,10,27,00,00,00,00,00,00,
573000,00000056,false,Rx,0,8,10,27,00,00,00,00,00,00,
573000,00000057,false,Rx,0,8,00,00,FE,FF,FE,FF,00,00,
601000,00000625,false,Rx,0,8,25,00,59,86,01,54,5C,06,
664000,0000060D,false,Rx,0,8,0D,10,83,B6,09,20,70,00,
701000,00000625,false,Rx,0,8,25,00,59,86,01,54,5C,06,
0,000002C4,false,Rx,0,8,09,20,00,00,7C,02,00,00,
0,000002C5,false,Rx,0,8,00,00,00,00,00,00,00,00,
0,000002C6,false,Rx,0,8,32,00,7C,01,00,00,00,00,
763000,0000060D,false,Rx,0,8,0D,10,83,B6,09,20,70,00,
772000,00000054,false,Rx,0,8,01,05,00,01,7C,02,00,00,
772000,00000055,false,Rx,0,8,10,27,00,00,00,00,00,00,
0,00000056,false,Rx,0,8,10,27,00,00,00,00,00,00,
0,00000057,false,Rx,0,8,00,00,FE,FF,FE,FF,00,00,
801000,00000625,false,Rx,0,8,25,00,59,86,01,54,5C,06,
863000,0000060D,false,Rx,0,8,0D,10,83,B6,09,20,70,00,
901000,00000625,false,Rx,0,8,25,00,59,86,01,54,5C,06,
932000,000002C4,false,Rx,0,8,09,20,00,00,7C,02,00,00,
932000,000002C5,false,Rx,0,8,00,00,00,00,00,00,00,00,
932000,000002C6,false,Rx,0,8,32,00,7C,01,00,00,00,00,
963000,0000060D,false,Rx,0,8,0D,10,83,B6,09,20,70,00,
973000,00000054,false,Rx,0,8,01,05,00,01,7C,02,00,00,
973000,00000055,false,Rx,0,8,10,27,00,00,00,00,00,00,
973000,00000056,false,Rx,0,8,10,27,00,00,00,00,00,00,
973000,00000057,false,Rx,0,8,00,00,FE,FF,FE,FF,00,00,
1000,00000625,false,Rx,0,8,25,00,59,86,01,54,5C,06,
63000,0000060D,false,Rx,0,8,0D,10,83,B6,09,20,70,00,
102000,00000625,false,Rx,0,8,25,00,59,86,01,54,5C,06,
0,000002C4,false,Rx,0,8,09,20,00,00,7C,02,00,00,
0,000002C5,false,Rx,0,8,00,00,00,00,00,00,00,00,
0,000002C6,false,Rx,0,8,32,00,7C,01,00,00,00,00,
164000,0000060D,false,Rx,0,8,0D,10,83,B6,09,20,70,00,
0,00000054,false,Rx,0,8,01,05,00,01,7C,02,00,00,
0,00000055,false,Rx,0,8,10,27,00,00,00,00,00,00,
0,00000056,false,Rx,0,8,10,27,00,00,00,00,00,00,
174000,00000057,false,Rx,0,8,00,00,FE,FF,FE,FF,00,00,
202000,00000625,false,Rx,0,8,25,00,59,86,01,54,5C,06,
262000,0000060D,false,Rx,0,8,0D,10,83,B6,09,20,70,00,
301000,00000625,false,Rx,0,8,25,00,59,86,01,54,5C,06,
363000,0000060D,false,Rx,0,8,0D,10,83,B6,09,20,70,00,
372000,000002C4,false,Rx,0,8,09,20,00,00,7C,02,00,00,
372000,00000054,false,Rx,0,8,01,05,00,01,7C,02,00,00,
372000,000002C5,false,Rx,0,8,00,00,00,00,00,00,00,00,
373000,00000055,false,Rx,0,8,10,27,00,00,00,00,00,00,
0,000002C6,false,Rx,0,8,32,00,7C,01,00,00,00,00,
0,00000056,false,Rx,0,8,10,27,00,00,00,00,00,00,
373000,00000057,false,Rx,0,8,00,00,FE,FF,FE,FF,00,00,
401000,00000625,false,Rx,0,8,25,00,59,86,01,54,5C,06,
463000,0000060D,false,Rx,0,8,0D,10,83,B6,09,20,70,00,
501000,00000625,false,Rx,0,8,25,00,59,86,01,54,5C,06,
563000,0000060D,false,Rx,0,8,0D,10,83,B6,09,20,70,00,
573000,00000054,false,Rx,0,8,01,05,00,01,7C,02,00,00,
573000,00000055,false,Rx,0,8,10,27,00,00,00,00,00,00,
573000,00000056,false,Rx,0,8,10,27,00,00,00,00,00,00,
573000,00000057,false,Rx,0,8,00,00,FE,FF,FE,FF,00,00,
592000,000002C4,false,Rx,0,8,09,20,00,00,7C,02,00,00,
592000,000002C5,false,Rx,0,8,00,00,00,00,00,00,00,00,
592000,000002C6,false,Rx,0,8,32,00,7C,01,00,00,00,00,
602000,00000625,false,Rx,0,8,25,00,59,86,01,54,5C,06,
664000,0000060D,false,Rx,0,8,0D,10,83,B6,09,20,70,00,
701000,00000625,false,Rx,0,8,25,00,59,86,01,54,5C,06,
762000,0000060D,false,Rx,0,8,0D,10,83,B6,09,20,70,00,
0,00000054,false,Rx,0,8,01,05,00,01,7C,02,00,00,
0,00000055,false,Rx,0,8,10,27,00,00,00,00,00,00,
0,00000056,false,Rx,0,8,10,27,00,00,00,00,00,00,
0,00000057,false,Rx,0,8,00,00,FE,FF,FE,FF,00,00,
802000,00000625,false,Rx,0,8,25,00,59,86,01,54,5C,06,
813000,000002C4,false,Rx,0,8,09,20,00,00,7C,02,00,00,
813000,000002C5,false,Rx,0,8,00,00,00,00,00,00,00,00,
813000,000002C6,false,Rx,0,8,32,00,7C,01,00,00,00,00,
863000,0000060D,false,Rx,0,8,0D,10,83,B6,09,20,70,00,
900000,00000625,false,Rx,0,8,25,00,59,86,01,54,5C,06,
963000,0000060D,false,Rx,0,8,0D,10,83,B6,09,20,70,00,
0,00000054,false,Rx,0,8,01,05,00,01,7C,02,00,00,
0,00000055,false,Rx,0,8,10,27,00,00,00,00,00,00,
973000,00000056,false,Rx,0,8,10,27,00,00,00,00,00,00,
973000,00000057,false,Rx,0,8,00,00,FE,FF,FE,FF,00,00,
1000,00000625,false,Rx,0,8,25,00,59,86,01,54,5C,06,
33000,000002C4,false,Rx,0,8,09,20,00,00,7C,02,00,00,
33000,000002C5,false,Rx,0,8,00,00,00,00,00,00,00,00,
33000,000002C6,false,Rx,0,8,32,00,7C,01,00,00,00,00,
63000,0000060D,false,Rx,0,8,0D,10,83,B6,09,20,70,00,
102000,00000625,false,Rx,0,8,25,00,59,86,01,54,5C,06,
164000,0000060D,false,Rx,0,8,0D,10,83,B6,09,20,70,00,
0,00000054,false,Rx,0,8,01,05,00,01,7C,02,00,00,
0,00000055,false,Rx,0,8,10,27,00,00,00,00,00,00,
0,00000056,false,Rx,0,8,10,27,00,00,00,00,00,00,
174000,00000057,false,Rx,0,8,00,00,FE,FF,FE,FF,00,00,
201000,00000625,false,Rx,0,8,25,00,59,86,01,54,5C,06,
252000,000002C4,false,Rx,0,8,09,20,00,00,7C,02,00,00,
253000,000002C5,false,Rx,0,8,00,00,00,00,00,00,00,00,
253000,000002C6,false,Rx,0,8,32,00,7C,01,00,00,00,00,
262000,0000060D,false,Rx,0,8,0D,10,83,B6,09,20,70,00,
301000,00000625,false,Rx,0,8,25,00,59,86,01,54,5C,06,
363000,0000060D,false,Rx,0,8,0D,10,83,B6,09,20,70,00,
0,00000054,false,Rx,0,8,01,05,00,01,7C,02,00,00,
0,00000055,false,Rx,0,8,10,27,00,00,00,00,00,00,
0,00000056,false,Rx,0,8,10,27,00,00,00,00,00,00,
373000,00000057,false,Rx,0,8,00,00,FE,FF,FE,FF,00,00,
401000,00000625,false,Rx,0,8,25,00,59,86,01,54,5C,06,
463000,0000060D,false,Rx,0,8,0D,10,83,B6,09,20,70,00,
0,000002C4,false,Rx,0,8,09,20,00,00,7C,02,00,00,
0,000002C5,false,Rx,0,8,00,00,00,00,00,00,00,00,
473000,000002C6,false,Rx,0,8,32,00,7C,01,00,00,00,00,
501000,00000625,false,Rx,0,8,25,00,59,86,01,54,5C,06,
563000,0000060D,false,Rx,0,8,0D,10,83,B6,09,20,70,00,
573000,00000054,false,Rx,0,8,01,05,00,01,7C,02,00,00,
573000,00000055,false,Rx,0,8,10,27,00,00,00,00,00,00,
573000,00000056,false,Rx,0,8,10,27,00,00,00,00,00,00,
573000,00000057,false,Rx,0,8,00,00,FE,FF,FE,FF,00,00,
600000,00000625,false,Rx,0,8,25,00,59,86,01,54,5C,06,
663000,0000060D,false,Rx,0,8,0D,10,83,B6,09,20,70,00,
692000,000002C4,false,Rx,0,8,09,20,00,00,7C,02,00,00,
692000,000002C5,false,Rx,0,8,00,00,00,00,00,00,00,00,
692000,000002C6,false,Rx,0,8,32,00,7C,01,00,00,00,00,
701000,00000625,false,Rx,0,8,25,00,59,86,01,54,5C,06,
763000,0000060D,false,Rx,0,8,0D,10,83,B6,09,20,70,00,
772000,00000054,false,Rx,0,8,01,05,00,01,7C,02,00,00,
772000,00000055,false,Rx,0,8,10,27,00,00,00,00,00,00,
773000,00000056,false,Rx,0,8,10,27,00,00,00,00,00,00,
773000,00000057,false,Rx,0,8,00,00,FE,FF,FE,FF,00,00,
802000,00000625,false,Rx,0,8,25,00,59,86,01,54,5C,06,
863000,0000060D,false,Rx,0,8,0D,10,83,B6,09,20,70,00,
901000,00000625,false,Rx,0,8,25,00,59,86,01,54,5C,06,
912000,000002C4,false,Rx,0,8,09,20,00,00,7C,02,00,00,
912000,000002C5,false,Rx,0,8,00,00,00,00,00,00,00,00,
912000,000002C6,false,Rx,0,8,32,00,7C,01,00,00,00,00,
963000,0000060D,false,Rx,0,8,0D,10,83,B6,09,20,70,00,
972000,00000054,false,Rx,0,8,01,05,00,01,7C,02,00,00,
972000,00000055,false,Rx,0,8,10,27,00,00,00,00,00,00,
973000,00000056,false,Rx,0,8,10,27,00,00,00,00,00,00,
973000,00000057,false,Rx,0,8,00,00,FE,FF,FE,FF,00,00,
0,00000625,false,Rx,0,8,25,00,59,86,01,54,5C,06,
63000,0000060D,false,Rx,0,8,0D,10,83,B6,09,20,70,00,
101000,00000625,false,Rx,0,8,25,00,59,86,01,54,5C,06,
0,000002C4,false,Rx,0,8,09,20,00,00,7C,02,00,00,
0,000002C5,false,Rx,0,8,00,00,00,00,00,00,00,00,
133000,000002C6,false,Rx,0,8,32,00,7C,01,00,00,00,00,
163000,0000060D,false,Rx,0,8,0D,10,83,B6,09,20,70,00,
0,00000054,false,Rx,0,8,01,05,00,01,7C,02,00,00,
0,00000055,false,Rx,0,8,10,27,00,00,00,00,00,00,
173000,00000056,false,Rx,0,8,10,27,00,00,00,00,00,00,
173000,00000057,false,Rx,0,8,00,00,FE,FF,FE,FF,00,00,
201000,00000625,false,Rx,0,8,25,00,59,86,01,54,5C,06,
262000,0000060D,false,Rx,0,8,0D,10,83,B6,09,20,70,00,
301000,00000625,false,Rx,0,8,25,00,59,86,01,54,5C,06,
352000,000002C4,false,Rx,0,8,09,20,00,00,7C,02,00,00,
352000,000002C5,false,Rx,0,8,00,00,00,00,00,00,00,00,
352000,000002C6,false,Rx,0,8,32,00,7C,01,00,00,00,00,
363000,0000060D,false,Rx,0,8,0D,10,83,B6,09,20,70,00,
373000,00000054,false,Rx,0,8,01,05,00,01,7C,02,00,00,
373000,00000055,false,Rx,0,8,10,27,00,00,00,00,00,00,
373000,00000056,false,Rx,0,8,10,27,00,00,00,00,00,00,
373000,00000057,false,Rx,0,8,00,00,FE,FF,FE,FF,00,00,
401000,00000625,false,Rx,0,8,25,00,59,86,01,54,5C,06,
463000,0000060D,false,Rx,0,8,0D,10,83,B6,09,20,70,00,
501000,00000625,false,Rx,0,8,25,00,59,86,01,54,5C,06,
563000,0000060D,false,Rx,0,8,0D,10,83,B6,09,20,70,00,
572000,000002C4,false,Rx,0,8,09,20,00,00,7C,02,00,00,
572000,000002C5,false,Rx,0,8,00,00,00,00,00,00,00,00,
572000,00000054,false,Rx,0,8,01,05,00,01,7C,02,00,00,
572000,000002C6,false,Rx,0,8,32,00,7C,01,00,00,00,00,
573000,00000055,false,Rx,0,8,10,27,00,00,00,00,00,00,
0,00000056,false,Rx,0,8,10,27,00,00,00,00,00,00,
0,00000057,false,Rx,0,8,00,00,FE,FF,FE,FF,00,00,
600000,00000625,false,Rx,0,8,25,00,59,86,01,54,5C,06,
663000,0000060D,false,Rx,0,8,0D,10,83,B6,09,20,70,00,
701000,00000625,false,Rx,0,8,25,00,59,86,01,54,5C,06,
763000,0000060D,false,Rx,0,8,0D,10,83,B6,09,20,70,00,
772000,00000054,false,Rx,0,8,01,05,00,01,7C,02,00,00,
772000,00000055,false,Rx,0,8,10,27,00,00,00,00,00,00,
772000,00000056,false,Rx,0,8,10,27,00,00,00,00,00,00,
773000,00000057,false,Rx,0,8,00,00,FE,FF,FE,FF,00,00,
793000,000002C4,false,Rx,0,8,09,20,00,00,7C,02,00,00,
793000,000002C5,false,Rx,0,8,00,00,00,00,00,00,00,00,
793000,000002C6,false,Rx,0,8,32,00,7C,01,00,00,00,00,
801000,00000625,false,Rx,0,8,25,00,59,86,01,54,5C,06,
863000,0000060D,false,Rx,0,8,0D,10,83,B6,09,20,70,00,
901000,00000625,false,Rx,0,8,25,00,59,86,01,54,5C,06,
963000,0000060D,false,Rx,0,8,0D,10,83,B6,09,20,70,00,
972000,00000054,false,Rx,0,8,01,05,00,01,7C,02,00,00,
973000,00000055,false,Rx,0,8,10,27,00,00,00,00,00,00,
973000,00000056,false,Rx,0,8,10,27,00,00,00,00,00,00,
973000,00000057,false,Rx,0,8,00,00,FE,FF,FE,FF,00,00,
1000,00000625,false,Rx,0,8,25,00,59,86,01,54,5C,06,
13000,000002C4,false,Rx,0,8,09,20,00,00,7C,02,00,00,
13000,000002C5,false,Rx,0,8,00,00,00,00,00,00,00,00,
13000,000002C6,false,Rx,0,8,32,00,7C,01,00,00,00,00,
62000,0000060D,false,Rx,0,8,0D,10,83,B6,09,20,70,00,
102000,00000625,false,Rx,0,8,25,00,59,86,01,54,5C,06,
163000,0000060D,false,Rx,0,8,0D,10,83,B6,09,20,70,00,
172000,00000054,false,Rx,0,8,01,05,00,01,7C,02,00,00,
172000,00000055,false,Rx,0,8,10,27,00,00,00,00,00,00,
173000,00000056,false,Rx,0,8,10,27,00,00,00,00,00,00,
173000,00000057,false,Rx,0,8,00,00,FE,FF,FE,FF,00,00,
201000,00000625,false,Rx,0,8,25,00,59,86,01,54,5C,06,
0,000002C4,false,Rx,0,8,09,20,00,00,7C,02,00,00,
0,000002C5,false,Rx,0,8,00,00,00,00,00,00,00,00,
233000,000002C6,false,Rx,0,8,32,00,7C,01,00,00,00,00,
263000,0000060D,false,Rx,0,8,0D,10,83,B6,09,20,70,00,
301000,00000625,false,Rx,0,8,25,00,59,86,01,54,5C,06,
363000,0000060D,false,Rx,0,8,0D,10,83,B6,09,20,70,00,
0,00000054,false,Rx,0,8,01,05,00,01,7C,02,00,00,
0,00000055,false,Rx,0,8,10,27,00,00,00,00,00,00,
0,00000056,false,Rx,0,8,10,27,00,00,00,00,00,00,
373000,00000057,false,Rx,0,8,00,00,FE,FF,FE,FF,00,00,
401000,00000625,false,Rx,0,8,25,00,59,86,01,54,5C,06,
453000,000002C4,false,Rx,0,8,09,20,00,00,7C,02,00,00,
0,000002C5,false,Rx,0,8,00,00,00,00,00,00,00,00,
0,000002C6,false,Rx,0,8,32,00,7C,01,00,00,00,00,
462000,0000060D,false,Rx,0,8,0D,10,83,B6,09,20,70,00,
501000,00000625,false,Rx,0,8,25,00,59,86,01,54,5C,06,
563000,0000060D,false,Rx,0,8,0D,10,83,B6,09,20,70,00,
572000,00000054,false,Rx,0,8,01,05,00,01,7C,02,00,00,
573000,00000055,false,Rx,0,8,10,27,00,00,00,00,00,00,
573000,00000056,false,Rx,0,8,10,27,00,00,00,00,00,00,
573000,00000057,false,Rx,0,8,00,00,FE,FF,FE,FF,00,00,
601000,00000625,false,Rx,0,8,25,00,59,86,01,54,5C,06,
664000,0000060D,false,Rx,0,8,0D,10,83,B6,09,20,70,00,
672000,000002C4,false,Rx,0,8,09,20,00,00,7C,02,00,00,
672000,000002C5,false,Rx,0,8,00,00,00,00,00,00,00,00,
673000,000002C6,false,Rx,0,8,32,00,7C,01,00,00,00,00,
701000,00000625,false,Rx,0,8,25,00,59,86,01,54,5C,06,
764000,0000060D,false,Rx,0,8,0D,10,83,B6,09,20,70,00,
772000,00000054,false,Rx,0,8,01,05,00,01,7C,02,00,00,
772000,00000055,false,Rx,0,8,10,27,00,00,00,00,00,00,
773000,00000056,false,Rx,0,8,10,27,00,00,00,00,00,00,
773000,00000057,false,Rx,0,8,00,00,FE,FF,FE,FF,00,00,
801000,00000625,false,Rx,0,8,25,00,59,86,01,54,5C,06,
864000,0000060D,false,Rx,0,8,0D,10,83,B6,09,20,70,00,
892000,000002C4,false,Rx,0,8,09,20,00,00,7C,02,00,00,
892000,000002C5,false,Rx,0,8,00,00,00,00,00,00,00,00,
892000,000002C6,false,Rx,0,8,32,00,7C,01,00,00,00,00,
901000,00000625,false,Rx,0,8,25,00,59,86,01,54,5C,06,
963000,0000060D,false,Rx,0,8,0D,10,83,B6,09,20,70,00,
972000,00000054,false,Rx,0,8,01,05,00,01,7C,02,00,00,
972000,00000055,false,Rx,0,8,10,27,00,00,00,00,00,00,
972000,00000056,false,Rx,0,8,10,27,00,00,00,00,00,00,
973000,00000057,false,Rx,0,8,00,00,FE,FF,FE,FF,00,00,
1000,00000625,false,Rx,0,8,25,00,59,86,01,54,5C,06,
64000,0000060D,false,Rx,0,8,0D,10,83,B6,09,20,70,00,
101000,00000625,false,Rx,0,8,25,00,59,86,01,54,5C,06,
112000,000002C4,false,Rx,0,8,09,20,00,00,7C,02,00,00,
112000,000002C5,false,Rx,0,8,00,00,00,00,00,00,00,00,
113000,000002C6,false,Rx,0,8,32,00,7C,01,00,00,00,00,
164000,0000060D,false,Rx,0,8,0D,10,83,B6,09,20,70,00,
173000,00000054,false,Rx,0,8,01,05,00,01,7C,02,00,00,
173000,00000055,false,Rx,0,8,10,27,00,00,00,00,00,00,
173000,00000056,false,Rx,0,8,10,27,00,00,00,00,00,00,
173000,00000057,false,Rx,0,8,00,00,FE,FF,FE,FF,00,00,
201000,00000625,false,Rx,0,8,25,00,59,86,01,54,5C,06,
264000,0000060D,false,Rx,0,8,0D,10,83,B6,09,20,70,00,
301000,00000625,false,Rx,0,8,25,00,59,86,01,54,5C,06,
332000,000002C4,false,Rx,0,8,09,20,00,00,7C,02,00,00,
332000,000002C5,false,Rx,0,8,00,00,00,00,00,00,00,00,
333000,000002C6,false,Rx,0,8,32,00,7C,01,00,00,00,00,
364000,0000060D,false,Rx,0,8,0D,10,83,B6,09,20,70,00,
0,00000054,false,Rx,0,8,01,05,00,01,7C,02,00,00,
0,00000055,false,Rx,0,8,10,27,00,00,00,00,00,00,
0,00000056,false,Rx,0,8,10,27,00,00,00,00,00,00,
0,00000057,false,Rx,0,8,00,00,FE,FF,FE,FF,00,00,
402000,00000625,false,Rx,0,8,25,00,59,86,01,54,5C,06,
464000,0000060D,false,Rx,0,8,0D,10,83,B6,09,20,70,00,
501000,00000625,false,Rx,0,8,25,00,59,86,01,54,5C,06,
552000,000002C4,false,Rx,0,8,09,20,00,00,7C,02,00,00,
552000,000002C5,false,Rx,0,8,00,00,00,00,00,00,00,00,
553000,000002C6,false,Rx,0,8,32,00,7C,01,00,00,00,00,
563000,0000060D,false,Rx,0,8,0D,10,83,B6,09,20,70,00,
0,00000054,false,Rx,0,8,01,05,00,01,7C,02,00,00,
0,00000055,false,Rx,0,8,10,27,00,00,00,00,00,00,
0,00000056,false,Rx,0,8,10,27,00,00,00,00,00,00,
574000,00000057,false,Rx,0,8,00,00,FE,FF,FE,FF,00,00,
601000,00000625,false,Rx,0,8,25,00,59,86,01,54,5C,06,
664000,0000060D,false,Rx,0,8,0D,10,83,B6,09,20,70,00,
701000,00000625,false,Rx,0,8,25,00,59,86,01,54,5C,06,
763000,0000060D,false,Rx,0,8,0D,10,83,B6,09,20,70,00,
772000,000002C4,false,Rx,0,8,09,20,00,00,7C,02,00,00,
772000,00000054,false,Rx,0,8,01,05,00,01,7C,02,00,00,
773000,000002C5,false,Rx,0,8,00,00,00,00,00,00,00,00,
773000,00000055,false,Rx,0,8,10,27,00,00,00,00,00,00,
773000,000002C6,false,Rx,0,8,32,00,7C,01,00,00,00,00,
773000,00000056,false,Rx,0,8,10,27,00,00,00,00,00,00,
773000,00000057,false,Rx,0,8,00,00,FE,FF,FE,FF,00,00,
801000,00000625,false,Rx,0,8,25,00,59,86,01,54,5C,06,
863000,0000060D,false,Rx,0,8,0D,10,83,B6,09,20,70,00,
901000,00000625,false,Rx,0,8,25,00,59,86,01,54,5C,06,
963000,0000060D,false,Rx,0,8,0D,10,83,B6,09,20,70,00,
973000,00000054,false,Rx,0,8,01,05,00,01,7C,02,00,00,
0,00000055,false,Rx,0,8,10,27,00,00,00,00,00,00,
0,00000056,false,Rx,0,8,10,27,00,00,00,00,00,00,
974000,00000057,false,Rx,0,8,00,00,FE,FF,FE,FF,00,00,
993000,000002C4,false,Rx,0,8,09,20,00,00,7C,02,00,00,
993000,000002C5,false,Rx,0,8,00,00,00,00,00,00,00,00,
994000,000002C6,false,Rx,0,8,32,00,7C,01,00,00,00,00,
1000,00000625,false,Rx,0,8,25,00,59,86,01,54,5C,06,
64000,0000060D,false,Rx,0,8,0D,10,83,B6,09,20,70,00,
102000,00000625,false,Rx,0,8,25,00,59,86,01,54,5C,06,
164000,0000060D,false,Rx,0,8,0D,10,83,B6,09,20,70,00,
173000,00000054,false,Rx,0,8,01,05,00,01,7C,02,00,00,
173000,00000055,false,Rx,0,8,10,27,00,00,00,00,00,00,
173000,00000056,false,Rx,0,8,10,27,00,00,00,00,00,00,
174000,00000057,false,Rx,0,8,00,00,FE,FF,FE,FF,00,00,
201000,00000625,false,Rx,0,8,25,00,59,86,01,54,5C,06,
0,000002C4,false,Rx,0,8,09,20,00,00,7C,02,00,00,
0,000002C5,false,Rx,0,8,00,00,00,00,00,00,00,00,
212000,000002C6,false,Rx,0,8,32,00,7C,01,00,00,00,00,
263000,0000060D,false,Rx,0,8,0D,10,83,B6,09,20,70,00,
301000,00000625,false,Rx,0,8,25,00,59,86,01,54,5C,06,
364000,0000060D,false,Rx,0,8,0D,10,83,B6,09,20,70,00,
0,00000054,false,Rx,0,8,01,05,00,01,7C,02,00,00,
0,00000055,false,Rx,0,8,10,27,00,00,00,00,00,00,
373000,00000056,false,Rx,0,8,10,27,00,00,00,00,00,00,
373000,00000057,false,Rx,0,8,00,00,FE,FF,FE,FF,00,00,
402000,00000625,false,Rx,0,8,25,00,59,86,01,54,5C,06,
0,000002C4,false,Rx,0,8,09,20,00,00,7C,02,00,00,
0,000002C5,false,Rx,0,8,00,00,00,00,00,00,00,00,
433000,000002C6,false,Rx,0,8,32,00,7C,01,00,00,00,00,
463000,0000060D,false,Rx,0,8,0D,10,83,B6,09,20,70,00,
502000,00000625,false,Rx,0,8,25,00,59,86,01,54,5C,06,
564000,0000060D,false,Rx,0,8,0D,10,83,B6,09,20,70,00,
0,00000054,false,Rx,0,8,01,05,00,01,7C,02,00,00,
0,00000055,false,Rx,0,8,10,27,00,00,00,00,00,00,
0,00000056,false,Rx,0,8,10,27,00,00,00,00,00,00,
573000,00000057,false,Rx,0,8,00,00,FE,FF,FE,FF,00,00,
601000,00000625,false,Rx,0,8,25,00,59,86,01,54,5C,06,
0,000002C4,false,Rx,0,8,09,20,00,00,7C,02,00,00,
0,000002C5,false,Rx,0,8,00,00,00,00,00,00,00,00,
653000,000002C6,false,Rx,0,8,32,00,7C,01,00,00,00,00,
664000,0000060D,false,Rx,0,8,0D,10,83,B6,09,20,70,00,
701000,00000625,false,Rx,0,8,25,00,59,86,01,54,5C,06,
763000,0000060D,false,Rx,0,8,0D,10,83,B6,09,20,70,00,
772000,00000054,false,Rx,0,8,01,05,00,01,7C,02,00,00,
772000,00000055,false,Rx,0,8,10,27,00,00,00,00,00,00,
773000,00000056,false,Rx,0,8,10,27,00,00,00,00,00,00,
773000,00000057,false,Rx,0,8,00,00,FE,FF,FE,FF,00,00,
801000,00000625,false,Rx,0,8,25,00,59,86,01,54,5C,06,
862000,0000060D,false,Rx,0,8,0D,10,83,B6,09,20,70,00,
0,000002C4,false,Rx,0,8,09,20,00,00,7C,02,00,00,
0,000002C5,false,Rx,0,8,00,00,00,00,00,00,00,00,
873000,000002C6,false,Rx,0,8,32,00,7C,01,00,00,00,00,
902000,00000625,false,Rx,0,8,25,00,59,86,01,54,5C,06,
963000,0000060D,false,Rx,0,8,0D,10,83,B6,09,20,70,00,
0,00000054,false,Rx,0,8,01,05,00,01,7C,02,00,00,
0,00000055,false,Rx,0,8,10,27,00,00,00,00,00,00,
973000,00000056,false,Rx,0,8,10,27,00,00,00,00,00,00,
973000,00000057,false,Rx,0,8,00,00,FE,FF,FE,FF,00,00,
2000,00000625,false,Rx,0,8,25,00,59,86,01,54,5C,06,
63000,0000060D,false,Rx,0,8,0D,10,83,B6,09,20,70,00,
0,000002C4,false,Rx,0,8,09,20,00,00,7C,02,00,00,
0,000002C5,false,Rx,0,8,00,00,00,00,00,00,00,00,
0,000002C6,false,Rx,0,8,32,00,7C,01,00,00,00,00,
101000,00000625,false,Rx,0,8,25,00,59,86,01,54,5C,06,
163000,0000060D,false,Rx,0,8,0D,10,83,B6,09,20,70,00,
172000,00000054,false,Rx,0,8,01,05,00,01,7C,02,00,00,
172000,00000055,false,Rx,0,8,10,27,00,00,00,00,00,00,
173000,00000056,false,Rx,0,8,10,27,00,00,00,00,00,00,
173000,00000057,false,Rx,0,8,00,00,FE,FF,FE,FF,00,00,
201000,00000625,false,Rx,0,8,25,00,59,86,01,54,5C,06,
262000,0000060D,false,Rx,0,8,0D,10,83,B6,09,20,70,00,
301000,00000625,false,Rx,0,8,25,00,59,86,01,54,5C,06,
312000,000002C4,false,Rx,0,8,09,20,00,00,7C,02,00,00,
312000,000002C5,false,Rx,0,8,00,00,00,00,00,00,00,00,
313000,000002C6,false,Rx,0,8,32,00,7C,01,00,00,00,00,
363000,0000060D,false,Rx,0,8,0D,10,83,B6,09,20,70,00,
373000,00000054,false,Rx,0,8,01,05,00,01,7C,02,00,00,
373000,00000055,false,Rx,0,8,10,27,00,00,00,00,00,00,
373000,00000056,false,Rx,0,8,10,27,00,00,00,00,00,00,
374000,00000057,false,Rx,0,8,00,00,FE,FF,FE,FF,00,00,
400000,00000625,false,Rx,0,8,25,00,59,86,01,54,5C,06,
463000,0000060D,false,Rx,0,8,0D,10,83,B6,09,20,70,00,
501000,00000625,false,Rx,0,8,25,00,59,86,01,54,5C,06,
0,000002C4,false,Rx,0,8,09,20,00,00,7C,02,00,00,
0,000002C5,false,Rx,0,8,00,00,00,00,00,00,00,00,
0,000002C6,false,Rx,0,8,32,00,7C,01,00,00,00,00,
563000,0000060D,false,Rx,0,8,0D,10,83,B6,09,20,70,00,
0,00000054,false,Rx,0,8,01,05,00,01,7C,02,00,00,
0,00000055,false,Rx,0,8,10,27,00,00,00,00,00,00,
573000,00000056,false,Rx,0,8,10,27,00,00,00,00,00,00,
574000,00000057,false,Rx,0,8,00,00,FE,FF,FE,FF,00,00,
601000,00000625,false,Rx,0,8,25,00,59,86,01,54,5C,06,
663000,0000060D,false,Rx,0,8,0D,10,83,B6,09,20,70,00,
702000,00000625,false,Rx,0,8,25,00,59,86,01,54,5C,06,
0,000002C4,false,Rx,0,8,09,20,00,00,7C,02,00,00,
0,000002C5,false,Rx,0,8,00,00,00,00,00,00,00,00,
0,000002C6,false,Rx,0,8,32,00,7C,01,00,00,00,00,
763000,0000060D,false,Rx,0,8,0D,10,83,B6,09,20,70,00,
0,00000054,false,Rx,0,8,01,05,00,01,7C,02,00,00,
0,00000055,false,Rx,0,8,10,27,00,00,00,00,00,00,
773000,00000056,false,Rx,0,8,10,27,00,00,00,00,00,00,
774000,00000057,false,Rx,0,8,00,00,FE,FF,FE,FF,00,00,
801000,00000625,false,Rx,0,8,25,00,59,86,01,54,5C,06,
864000,0000060D,false,Rx,0,8,0D,10,83,B6,09,20,70,00,
903000,00000625,false,Rx,0,8,25,00,59,86,01,54,5C,06,
964000,0000060D,false,Rx,0,8,0D,10,83,B6,09,20,70,00,
972000,000002C4,false,Rx,0,8,09,20,00,00,7C,02,00,00,
0,00000054,false,Rx,0,8,01,05,00,01,7C,02,00,00,
0,000002C5,false,Rx,0,8,00,00,00,00,00,00,00,00,
973000,00000055,false,Rx,0,8,10,27,00,00,00,00,00,00,
973000,000002C6,false,Rx,0,8,32,00,7C,01,00,00,00,00,
974000,00000056,false,Rx,0,8,10,27,00,00,00,00,00,00,
974000,00000057,false,Rx,0,8,00,00,FE,FF,FE,FF,00,00,
1000,00000625,false,Rx,0,8,25,00,59,86,01,54,5C,06,
64000,0000060D,false,Rx,0,8,0D,10,83,B6,09,20,70,00,
101000,00000625,false,Rx,0,8,25,00,59,86,01,54,5C,06,
162000,0000060D,false,Rx,0,8,0D,10,83,B6,09,20,70,00,
173000,00000054,false,Rx,0,8,01,05,00,01,7C,02,00,00,
0,00000055,false,Rx,0,8,10,27,00,00,00,00,00,00,
0,00000056,false,Rx,0,8,10,27,00,00,00,00,00,00,
174000,00000057,false,Rx,0,8,00,00,FE,FF,FE,FF,00,00,
192000,000002C4,false,Rx,0,8,09,20,00,00,7C,02,00,00,
192000,000002C5,false,Rx,0,8,00,00,00,00,00,00,00,00,
193000,000002C6,false,Rx,0,8,32,00,7C,01,00,00,00,00,
202000,00000625,false,Rx,0,8,25,00,59,86,01,54,5C,06,
263000,0000060D,false,Rx,0,8,0D,10,83,B6,09,20,70,00,
301000,00000625,false,Rx,0,8,25,00,59,86,01,54,5C,06,
363000,0000060D,false,Rx,0,8,0D,10,83,B6,09,20,70,00,
0,00000054,false,Rx,0,8,01,05,00,01,7C,02,00,00,
0,00000055,false,Rx,0,8,10,27,00,00,00,00,00,00,
0,00000056,false,Rx,0,8,10,27,00,00,00,00,00,00,
373000,00000057,false,Rx,0,8,00,00,FE,FF,FE,FF,00,00,
401000,00000625,false,Rx,0,8,25,00,59,86,01,54,5C,06,
0,000002C4,false,Rx,0,8,09,20,00,00,7C,02,00,00,
0,000002C5,false,Rx,0,8,00,00,00,00,00,00,00,00,
412000,000002C6,false,Rx,0,8,32,00,7C,01,00,00,00,00,
463000,0000060D,false,Rx,0,8,0D,10,83,B6,09,20,70,00,
500000,00000625,false,Rx,0,8,25,00,59,86,01,54,5C,06,
563000,0000060D,false,Rx,0,8,0D,10,83,B6,09,20,70,00,
573000,00000054,false,Rx,0,8,01,05,00,01,7C,02,00,00,
573000,00000055,false,Rx,0,8,10,27,00,00,00,00,00,00,
573000,00000056,false,Rx,0,8,10,27,00,00,00,00,00,00,
574000,00000057,false,Rx,0,8,00,00,FE,FF,FE,FF,00,00,
601000,00000625,false,Rx,0,8,25,00,59,86,01,54,5C,06,
0,000002C4,false,Rx,0,8,09,20,00,00,7C,02,00,00,
0,000002C5,false,Rx,0,8,00,00,00,00,00,00,00,00,
633000,000002C6,false,Rx,0,8,32,00,7C,01,00,00,00,00,
663000,0000060D,false,Rx,0,8,0D,10,83,B6,09,20,70,00,
701000,00000625,false,Rx,0,8,25,00,59,86,01,54,5C,06,
763000,0000060D,false,Rx,0,8,0D,10,83,B6,09,20,70,00,
772000,00000054,false,Rx,0,8,01,05,00,01,7C,02,00,00,
772000,00000055,false,Rx,0,8,10,27,00,00,00,00,00,00,
772000,00000056,false,Rx,0,8,10,27,00,00,00,00,00,00,
773000,00000057,false,Rx,0,8,00,00,FE,FF,FE,FF,00,00,
801000,00000625,false,Rx,0,8,25,00,59,86,01,54,5C,06,
852000,000002C4,false,Rx,0,8,09,20,00,00,7C,02,00,00,
852000,000002C5,false,Rx,0,8,00,00,00,00,00,00,00,00,
853000,000002C6,false,Rx,0,8,32,00,7C,01,00,00,00,00,
862000,0000060D,false,Rx,0,8,0D,10,83,B6,09,20,70,00,
901000,00000625,false,Rx,0,8,25,00,59,86,01,54,5C,06,
963000,0000060D,false,Rx,0,8,0D,10,83,B6,09,20,70,00,
973000,00000054,false,Rx,0,8,01,05,00,01,7C,02,00,00,
973000,00000055,false,Rx,0,8,10,27,00,00,00,00,00,00,
0,00000056,false,Rx,0,8,10,27,00,00,00,00,00,00,
0,00000057,false,Rx,0,8,00,00,FE,FF,FE,FF,00,00,
1000,00000625,false,Rx,0,8,25,00,59,86,01,54,5C,06,
63000,0000060D,false,Rx,0,8,0D,10,83,B6,09,20,70,00,
72000,000002C4,false,Rx,0,8,09,20,00,00,7C,02,00,00,
72000,000002C5,false,Rx,0,8,00,00,00,00,00,00,00,00,
73000,000002C6,false,Rx,0,8,32,00,7C,01,00,00,00,00,
101000,00000625,false,Rx,0,8,25,00,59,86,01,54,5C,06,
163000,0000060D,false,Rx,0,8,0D,10,83,B6,09,20,70,00,
172000,00000054,false,Rx,0,8,01,05,00,01,7C,02,00,00,
173000,00000055,false,Rx,0,8,10,27,00,00,00,00,00,00,
173000,00000056,false,Rx,0,8,10,27,00,00,00,00,00,00,
173000,00000057,false,Rx,0,8,00,00,FE,FF,FE,FF,00,00,
201000,00000625,false,Rx,0,8,25,00,59,86,01,54,5C,06,
263000,0000060D,false,Rx,0,8,0D,10,83,B6,09,20,70,00,
292000,000002C4,false,Rx,0,8,09,20,00,00,7C,02,00,00,
292000,000002C5,false,Rx,0,8,00,00,00,00,00,00,00,00,
292000,000002C6,false,Rx,0,8,32,00,7C,01,00,00,00,00,
301000,00000625,false,Rx,0,8,25,00,59,86,01,54,5C,06,
363000,0000060D,false,Rx,0,8,0D,10,83,B6,09,20,70,00,
372000,00000054,false,Rx,0,8,01,05,00,01,7C,02,00,00,
373000,00000055,false,Rx,0,8,10,27,00,00,00,00,00,00,
373000,00000056,false,Rx,0,8,10,27,00,00,00,00,00,00,
373000,00000057,false,Rx,0,8,00,00,FE,FF,FE,FF,00,00,
401000,00000625,false,Rx,0,8,25,00,59,86,01,54,5C,06,
462000,0000060D,false,Rx,0,8,0D,10,83,B6,09,20,70,00,
501000,00000625,false,Rx,0,8,25,00,59,86,01,54,5C,06,
0,000002C4,false,Rx,0,8,09,20,00,00,7C,02,00,00,
0,000002C5,false,Rx,0,8,00,00,00,00,00,00,00,00,
0,000002C6,false,Rx,0,8,32,00,7C,01,00,00,00,00,
563000,0000060D,false,Rx,0,8,0D,10,83,B6,09,20,70,00,
572000,00000054,false,Rx,0,8,01,05,00,01,7C,02,00,00,
572000,00000055,false,Rx,0,8,10,27,00,00,00,00,00,00,
573000,00000056,false,Rx,0,8,10,27,00,00,00,00,00,00,
573000,00000057,false,Rx,0,8,00,00,FE,FF,FE,FF,00,00,
600000,00000625,false,Rx,0,8,25,00,59,86,01,54,5C,06,
663000,0000060D,false,Rx,0,8,0D,10,83,B6,09,20,70,00,
701000,00000625,false,Rx,0,8,25,00,59,86,01,54,5C,06,
0,000002C4,false,Rx,0,8,09,20,00,00,7C,02,00,00,
0,000002C5,false,Rx,0,8,00,00,00,00,00,00,00,00,
733000,000002C6,false,Rx,0,8,32,00,7C,01,00,00,00,00,
762000,0000060D,false,Rx,0,8,0D,10,83,B6,09,20,70,00,
772000,00000054,false,Rx,0,8,01,05,00,01,7C,02,00,00,
772000,00000055,false,Rx,0,8,10,27,00,00,00,00,00,00,
773000,00000056,false,Rx,0,8,10,27,00,00,00,00,00,00,
773000,00000057,false,Rx,0,8,00,00,FE,FF,FE,FF,00,00,
802000,00000625,false,Rx,0,8,25,00,59,86,01,54,5C,06,
863000,0000060D,false,Rx,0,8,0D,10,83,B6,09,20,70,00,
901000,00000625,false,Rx,0,8,25,00,59,86,01,54,5C,06,
952000,000002C4,false,Rx,0,8,09,20,00,00,7C,02,00,00,
953000,000002C5,false,Rx,0,8,00,00,00,00,00,00,00,00,
953000,000002C6,false,Rx,0,8,32,00,7C,01,00,00,00,00,
964000,0000060D,false,Rx,0,8,0D,10,83,B6,09,20,70,00,
972000,00000054,false,Rx,0,8,01,05,00,01,7C,02,00,00,
972000,00000055,false,Rx,0,8,10,27,00,00,00,00,00,00,
972000,00000056,false,Rx,0,8,10,27,00,00,00,00,00,00,
973000,00000057,false,Rx,0,8,00,00,FE,FF,FE,FF,00,00,
1000,00000625,false,Rx,0,8,25,00,59,86,01,54,5C,06,
63000,0000060D,false,Rx,0,8,0D,10,83,B6,09,20,70,00,
102000,00000625,false,Rx,0,8,25,00,59,86,01,54,5C,06,
164000,0000060D,false,Rx,0,8,0D,10,83,B6,09,20,70,00,
0,00000054,false,Rx,0,8,01,05,00,01,7C,02,00,00,
0,000002C4,false,Rx,0,8,09,20,00,00,7C,02,00,00,
173000,00000055,false,Rx,0,8,10,27,00,00,00,00,00,00,
0,000002C5,false,Rx,0,8,00,00,00,00,00,00,00,00,
0,00000056,false,Rx,0,8,10,27,00,00,00,00,00,00,
174000,000002C6,false,Rx,0,8,32,00,7C,01,00,00,00,00,
174000,00000057,false,Rx,0,8,00,00,FE,FF,FE,FF,00,00,
202000,00000625,false,Rx,0,8,25,00,59,86,01,54,5C,06,
263000,0000060D,false,Rx,0,8,0D,10,83,B6,09,20,70,00,
301000,00000625,false,Rx,0,8,25,00,59,86,01,54,5C,06,
363000,0000060D,false,Rx,0,8,0D,10,83,B6,09,20,70,00,
373000,00000054,false,Rx,0,8,01,05,00,01,7C,02,00,00,
373000,00000055,false,Rx,0,8,10,27,00,00,00,00,00,00,
373000,00000056,false,Rx,0,8,10,27,00,00,00,00,00,00,
373000,00000057,false,Rx,0,8,00,00,FE,FF,FE,FF,00,00,
393000,000002C4,false,Rx,0,8,09,20,00,00,7C,02,00,00,
393000,000002C5,false,Rx,0,8,00,00,00,00,00,00,00,00,
394000,000002C6,false,Rx,0,8,32,00,7C,01,00,00,00,00,
401000,00000625,false,Rx,0,8,25,00,59,86,01,54,5C,06,
464000,0000060D,false,Rx,0,8,0D,10,83,B6,09,20,70,00,
501000,00000625,false,Rx,0,8,25,00,59,86,01,54,5C,06,
563000,0000060D,false,Rx,0,8,0D,10,83,B6,09,20,70,00,
572000,00000054,false,Rx,0,8,01,05,00,01,7C,02,00,00,
572000,00000055,false,Rx,0,8,10,27,00,00,00,00,00,00,
573000,00000056,false,Rx,0,8,10,27,00,00,00,00,00,00,
573000,00000057,false,Rx,0,8,00,00,FE,FF,FE,FF,00,00,
601000,00000625,false,Rx,0,8,25,00,59,86,01,54,5C,06,
613000,000002C4,false,Rx,0,8,09,20,00,00,7C,02,00,00,
613000,000002C5,false,Rx,0,8,00,00,00,00,00,00,00,00,
613000,000002C6,false,Rx,0,8,32,00,7C,01,00,00,00,00,
663000,0000060D,false,Rx,0,8,0D,10,83,B6,09,20,70,00,
701000,00000625,false,Rx,0,8,25,00,59,86,01,54,5C,06,
763000,0000060D,false,Rx,0,8,0D,10,83,B6,09,20,70,00,
773000,00000054,false,Rx,0,8,01,05,00,01,7C,02,00,00,
773000,00000055,false,Rx,0,8,10,27,00,00,00,00,00,00,
0,00000056,false,Rx,0,8,10,27,00,00,00,00,00,00,
0,00000057,false,Rx,0,8,00,00,FE,FF,FE,FF,00,00,
800000,00000625,false,Rx,0,8,25,00,59,86,01,54,5C,06,
833000,000002C4,false,Rx,0,8,09,20,00,00,7C,02,00,00,
833000,000002C5,false,Rx,0,8,00,00,00,00,00,00,00,00,
833000,000002C6,false,Rx,0,8,32,00,7C,01,00,00,00,00,
863000,0000060D,false,Rx,0,8,0D,10,83,B6,09,20,70,00,
901000,00000625,false,Rx,0,8,25,00,59,86,01,54,5C,06,
962000,0000060D,false,Rx,0,8,0D,10,83,B6,09,20,70,00,
972000,00000054,false,Rx,0,8,01,05,00,01,7C,02,00,00,
972000,00000055,false,Rx,0,8,10,27,00,00,00,00,00,00,
972000,00000056,false,Rx,0,8,10,27,00,00,00,00,00,00,
973000,00000057,false,Rx,0,8,00,00,FE,FF,FE,FF,00,00,
1000,00000625,false,Rx,0,8,25,00,59,86,01,54,5C,06,
0,000002C4,false,Rx,0,8,09,20,00,00,7C,02,00,00,
0,000002C5,false,Rx,0,8,00,00,00,00,00,00,00,00,
52000,000002C6,false,Rx,0,8,32,00,7C,01,00,00,00,00,
63000,0000060D,false,Rx,0,8,0D,10,83,B6,09,20,70,00,
101000,00000625,false,Rx,0,8,25,00,59,86,01,54,5C,06,
163000,0000060D,false,Rx,0,8,0D,10,83,B6,09,20,70,00,
172000,00000054,false,Rx,0,8,01,05,00,01,7C,02,00,00,
172000,00000055,false,Rx,0,8,10,27,00,00,00,00,00,00,
173000,00000056,false,Rx,0,8,10,27,00,00,00,00,00,00,
173000,00000057,false,Rx,0,8,00,00,FE,FF,FE,FF,00,00,
201000,00000625,false,Rx,0,8,25,00,59,86,01,54,5C,06,
263000,0000060D,false,Rx,0,8,0D,10,83,B6,09,20,70,00,
272000,000002C4,false,Rx,0,8,09,20,00,00,7C,02,00,00,
273000,000002C5,false,Rx,0,8,00,00,00,00,00,00,00,00,
273000,000002C6,false,Rx,0,8,32,00,7C,01,00,00,00,00,
300000,00000625,false,Rx,0,8,25,00,59,86,01,54,5C,06,
363000,0000060D,false,Rx,0,8,0D,10,83,B6,09,20,70,00,
373000,00000054,false,Rx,0,8,01,05,00,01,7C,02,00,00,
373000,00000055,false,Rx,0,8,10,27,00,00,00,00,00,00,
373000,00000056,false,Rx,0,8,10,27,00,00,00,00,00,00,
373000,00000057,false,Rx,0,8,00,00,FE,FF,FE,FF,00,00,
401000,00000625,false,Rx,0,8,25,00,59,86,01,54,5C,06,
464000,0000060D,false,Rx,0,8,0D,10,83,B6,09,20,70,00,
0,000002C4,false,Rx,0,8,09,20,00,00,7C,02,00,00,
0,000002C5,false,Rx,0,8,00,00,00,00,00,00,00,00,
493000,000002C6,false,Rx,0,8,32,00,7C,01,00,00,00,00,
501000,00000625,false,Rx,0,8,25,00,59,86,01,54,5C,06,
563000,0000060D,false,Rx,0,8,0D,10,83,B6,09,20,70,00,
573000,00000054,false,Rx,0,8,01,05,00,01,7C,02,00,00,
573000,00000055,false,Rx,0,8,10,27,00,00,00,00,00,00,
573000,00000056,false,Rx,0,8,10,27,00,00,00,00,00,00,
573000,00000057,false,Rx,0,8,00,00,FE,FF,FE,FF,00,00,
601000,00000625,false,Rx,0,8,25,00,59,86,01,54,5C,06,
663000,0000060D,false,Rx,0,8,0D,10,83,B6,09,20,70,00,
701000,00000625,false,Rx,0,8,25,00,59,86,01,54,5C,06,
712000,000002C4,false,Rx,0,8,09,20,00,00,7C,02,00,00,
712000,000002C5,false,Rx,0,8,00,00,00,00,00,00,00,00,
712000,000002C6,false,Rx,0,8,32,00,7C,01,00,00,00,00,
763000,0000060D,false,Rx,0,8,0D,10,83,B6,09,20,70,00,
772000,00000054,false,Rx,0,8,01,05,00,01,7C,02,00,00,
772000,00000055,false,Rx,0,8,10,27,00,00,00,00,00,00,
773000,00000056,false,Rx,0,8,10,27,00,00,00,00,00,00,
773000,00000057,false,Rx,0,8,00,00,FE,FF,FE,FF,00,00,
801000,00000625,false,Rx,0,8,25,00,59,86,01,54,5C,06,
863000,0000060D,false,Rx,0,8,0D,10,83,B6,09,20,70,00,
901000,00000625,false,Rx,0,8,25,00,59,86,01,54,5C,06,
932000,000002C4,false,Rx,0,8,09,20,00,00,7C,02,00,00,
932000,000002C5,false,Rx,0,8,00,00,00,00,00,00,00,00,
933000,000002C6,false,Rx,0,8,32,00,7C,01,00,00,00,00,
963000,0000060D,false,Rx,0,8,0D,10,83,B6,09,20,70,00,
972000,00000054,false,Rx,0,8,01,05,00,01,7C,02,00,00,
973000,00000055,false,Rx,0,8,10,27,00,00,00,00,00,00,
973000,00000056,false,Rx,0,8,10,27,00,00,00,00,00,00,
973000,00000057,false,Rx,0,8,00,00,FE,FF,FE,FF,00,00,
1000,00000625,false,Rx,0,8,25,00,59,86,01,54,5C,06,
63000,0000060D,false,Rx,0,8,0D,10,83,B6,09,20,70,00,
101000,00000625,false,Rx,0,8,25,00,59,86,01,54,5C,06,
152000,000002C4,false,Rx,0,8,09,20,00,00,7C,02,00,00,
152000,000002C5,false,Rx,0,8,00,00,00,00,00,00,00,00,
153000,000002C6,false,Rx,0,8,32,00,7C,01,00,00,00,00,
163000,0000060D,false,Rx,0,8,0D,10,83,B6,09,20,70,00,
173000,00000054,false,Rx,0,8,01,05,00,01,7C,02,00,00,
173000,00000055,false,Rx,0,8,10,27,00,00,00,00,00,00,
0,00000056,false,Rx,0,8,10,27,00,00,00,00,00,00,
0,00000057,false,Rx,0,8,00,00,FE,FF,FE,FF,00,00,
201000,00000625,false,Rx,0,8,25,00,59,86,01,54,5C,06,
263000,0000060D,false,Rx,0,8,0D,10,83,B6,09,20,70,00,
301000,00000625,false,Rx,0,8,25,00,59,86,01,54,5C,06,
363000,0000060D,false,Rx,0,8,0D,10,83,B6,09,20,70,00,
372000,000002C4,false,Rx,0,8,09,20,00,00,7C,02,00,00,
372000,00000054,false,Rx,0,8,01,05,00,01,7C,02,00,00,
372000,000002C5,false,Rx,0,8,00,00,00,00,00,00,00,00,
373000,00000055,false,Rx,0,8,10,27,00,00,00,00,00,00,
373000,000002C6,false,Rx,0,8,32,00,7C,01,00,00,00,00,
373000,00000056,false,Rx,0,8,10,27,00,00,00,00,00,00,
373000,00000057,false,Rx,0,8,00,00,FE,FF,FE,FF,00,00,
401000,00000625,false,Rx,0,8,25,00,59,86,01,54,5C,06,
462000,0000060D,false,Rx,0,8,0D,10,83,B6,09,20,70,00,
501000,00000625,false,Rx,0,8,25,00,59,86,01,54,5C,06,
563000,0000060D,false,Rx,0,8,0D,10,83,B6,09,20,70,00,
572000,00000054,false,Rx,0,8,01,05,00,01,7C,02,00,00,
572000,00000055,false,Rx,0,8,10,27,00,00,00,00,00,00,
573000,00000056,false,Rx,0,8,10,27,00,00,00,00,00,00,
573000,00000057,false,Rx,0,8,00,00,FE,FF,FE,FF,00,00,
592000,000002C4,false,Rx,0,8,09,20,00,00,7C,02,00,00,
592000,000002C5,false,Rx,0,8,00,00,00,00,00,00,00,00,
592000,000002C6,false,Rx,0,8,32,00,7C,01,00,00,00,00,
601000,00000625,false,Rx,0,8,25,00,59,86,01,54,5C,06,
663000,0000060D,false,Rx,0,8,0D,10,83,B6,09,20,70,00,
701000,00000625,false,Rx,0,8,25,00,59,86,01,54,5C,06,
763000,0000060D,false,Rx,0,8,0D,10,83,B6,09,20,70,00,
772000,00000054,false,Rx,0,8,01,05,00,01,7C,02,00,00,
772000,00000055,false,Rx,0,8,10,27,00,00,00,00,00,00,
773000,00000056,false,Rx,0,8,10,27,00,00,00,00,00,00,
773000,00000057,false,Rx,0,8,00,00,FE,FF,FE,FF,00,00,
801000,00000625,false,Rx,0,8,25,00,59,86,01,54,5C,06,
812000,000002C4,false,Rx,0,8,09,20,00,00,7C,02,00,00,
812000,000002C5,false,Rx,0,8,00,00,00,00,00,00,00,00,
813000,000002C6,false,Rx,0,8,32,00,7C,01,00,00,00,00,
863000,0000060D,false,Rx,0,8,0D,10,83,B6,09,20,70,00,
901000,00000625,false,Rx,0,8,25,00,59,86,01,54,5C,06,
963000,0000060D,false,Rx,0,8,0D,10,83,B6,09,20,70,00,
0,00000054,false,Rx,0,8,01,05,00,01,7C,02,00,00,
0,00000055,false,Rx,0,8,10,27,00,00,00,00,00,00,
973000,00000056,false,Rx,0,8,10,27,00,00,00,00,00,00,
973000,00000057,false,Rx,0,8,00,00,FE,FF,FE,FF,00,00,
1000,00000625,false,Rx,0,8,25,00,59,86,01,54,5C,06,
32000,000002C4,false,Rx,0,8,09,20,00,00,7C,02,00,00,
32000,000002C5,false,Rx,0,8,00,00,00,00,00,00,00,00,
33000,000002C6,false,Rx,0,8,32,00,7C,01,00,00,00,00,
63000,0000060D,false,Rx,0,8,0D,10,83,B6,09,20,70,00,
101000,00000625,false,Rx,0,8,25,00,59,86,01,54,5C,06,
163000,0000060D,false,Rx,0,8,0D,10,83,B6,09,20,70,00,
0,00000054,false,Rx,0,8,01,05,00,01,7C,02,00,00,
0,00000055,false,Rx,0,8,10,27,00,00,00,00,00,00,
0,00000056,false,Rx,0,8,10,27,00,00,00,00,00,00,
0,00000057,false,Rx,0,8,00,00,FE,FF,FE,FF,00,00,
202000,00000625,false,Rx,0,8,25,00,59,86,01,54,5C,06,
0,000002C4,false,Rx,0,8,09,20,00,00,7C,02,00,00,
0,000002C5,false,Rx,0,8,00,00,00,00,00,00,00,00,
253000,000002C6,false,Rx,0,8,32,00,7C,01,00,00,00,00,
263000,0000060D,false,Rx,0,8,0D,10,83,B6,09,20,70,00,
301000,00000625,false,Rx,0,8,25,00,59,86,01,54,5C,06,
363000,0000060D,false,Rx,0,8,0D,10,83,B6,09,20,70,00,
373000,00000054,false,Rx,0,8,01,05,00,01,7C,02,00,00,
373000,00000055,false,Rx,0,8,10,27,00,00,00,00,00,00,
0,00000056,false,Rx,0,8,10,27,00,00,00,00,00,00,
0,00000057,false,Rx,0,8,00,00,FE,FF,FE,FF,00,00,
401000,00000625,false,Rx,0,8,25,00,59,86,01,54,5C,06,
463000,0000060D,false,Rx,0,8,0D,10,83,B6,09,20,70,00,
472000,000002C4,false,Rx,0,8,09,20,00,00,7C,02,00,00,
472000,000002C5,false,Rx,0,8,00,00,00,00,00,00,00,00,
473000,000002C6,false,Rx,0,8,32,00,7C,01,00,00,00,00,
503000,00000625,false,Rx,0,8,25,00,59,86,01,54,5C,06,
564000,0000060D,false,Rx,0,8,0D,10,83,B6,09,20,70,00,
572000,00000054,false,Rx,0,8,01,05,00,01,7C,02,00,00,
572000,00000055,false,Rx,0,8,10,27,00,00,00,00,00,00,
572000,00000056,false,Rx,0,8,10,27,00,00,00,00,00,00,
573000,00000057,false,Rx,0,8,00,00,FE,FF,FE,FF,00,00,
602000,00000625,false,Rx,0,8,25,00,59,86,01,54,5C,06,
663000,0000060D,false,Rx,0,8,0D,10,83,B6,09,20,70,00,
0,000002C4,false,Rx,0,8,09,20,00,00,7C,02,00,00,
0,000002C5,false,Rx,0,8,00,00,00,00,00,00,00,00,
694000,000002C6,false,Rx,0,8,32,00,7C,01,00,00,00,00,
701000,00000625,false,Rx,0,8,25,00,59,86,01,54,5C,06,
763000,0000060D,false,Rx,0,8,0D,10,83,B6,09,20,70,00,
773000,00000054,false,Rx,0,8,01,05,00,01,7C,02,00,00,
773000,00000055,false,Rx,0,8,10,27,00,00,00,00,00,00,
773000,00000056,false,Rx,0,8,10,27,00,00,00,00,00,00,
773000,00000057,false,Rx,0,8,00,00,FE,FF,FE,FF,00,00,
801000,00000625,false,Rx,0,8,25,00,59,86,01,54,5C,06,
863000,0000060D,false,Rx,0,8,0D,10,83,B6,09,20,70,00,
900000,00000625,false,Rx,0,8,25,00,59,86,01,54,5C,06,
912000,000002C4,false,Rx,0,8,09,20,00,00,7C,02,00,00,
912000,000002C5,false,Rx,0,8,00,00,00,00,00,00,00,00,
912000,000002C6,false,Rx,0,8,32,00,7C,01,00,00,00,00,
963000,0000060D,false,Rx,0,8,0D,10,83,B6,09,20,70,00,
972000,00000054,false,Rx,0,8,01,05,00,01,7C,02,00,00,
973000,00000055,false,Rx,0,8,10,27,00,00,00,00,00,00,
973000,00000056,false,Rx,0,8,10,27,00,00,00,00,00,00,
973000,00000057,false,Rx,0,8,00,00,FE,FF,FE,FF,00,00,
1000,00000625,false,Rx,0,8,25,00,59,86,01,54,5C,06,
64000,0000060D,false,Rx,0,8,0D,10,83,B6,09,20,70,00,
102000,00000625,false,Rx,0,8,25,00,59,86,01,54,5C,06,
0,000002C4,false,Rx,0,8,09,20,00,00,7C,02,00,00,
0,000002C5,false,Rx,0,8,00,00,00,00,00,00,00,00,
133000,000002C6,false,Rx,0,8,32,00,7C,01,00,00,00,00,
163000,0000060D,false,Rx,0,8,0D,10,83,B6,09,20,70,00,
172000,00000054,false,Rx,0,8,01,05,00,01,7C,02,00,00,
172000,00000055,false,Rx,0,8,10,27,00,00,00,00,00,00,
173000,00000056,false,Rx,0,8,10,27,00,00,00,00,00,00,
173000,00000057,false,Rx,0,8,00,00,FE,FF,FE,FF,00,00,
200000,00000625,false,Rx,0,8,25,00,59,86,01,54,5C,06,
263000,0000060D,false,Rx,0,8,0D,10,83,B6,09,20,70,00,
301000,00000625,false,Rx,0,8,25,00,59,86,01,54,5C,06,
352000,000002C4,false,Rx,0,8,09,20,00,00,7C,02,00,00,
352000,000002C5,false,Rx,0,8,00,00,00,00,00,00,00,00,
353000,000002C6,false,Rx,0,8,32,00,7C,01,00,00,00,00,
363000,0000060D,false,Rx,0,8,0D,10,83,B6,09,20,70,00,
372000,00000054,false,Rx,0,8,01,05,00,01,7C,02,00,00,
372000,00000055,false,Rx,0,8,10,27,00,00,00,00,00,00,
373000,00000056,false,Rx,0,8,10,27,00,00,00,00,00,00,
373000,00000057,false,Rx,0,8,00,00,FE,FF,FE,FF,00,00,
401000,00000625,false,Rx,0,8,25,00,59,86,01,54,5C,06,
463000,0000060D,false,Rx,0,8,0D,10,83,B6,09,20,70,00,
501000,00000625,false,Rx,0,8,25,00,59,86,01,54,5C,06,
563000,0000060D,false,Rx,0,8,0D,10,83,B6,09,20,70,00,
0,00000054,false,Rx,0,8,01,05,00,01,7C,02,00,00,
0,000002C4,false,Rx,0,8,09,20,00,00,7C,02,00,00,
572000,00000055,false,Rx,0,8,10,27,00,00,00,00,00,00,
0,000002C5,false,Rx,0,8,00,00,00,00,00,00,00,00,
0,00000056,false,Rx,0,8,10,27,00,00,00,00,00,00,
0,000002C6,false,Rx,0,8,32,00,7C,01,00,00,00,00,
0,00000057,false,Rx,0,8,00,00,FE,FF,FE,FF,00,00,
601000,00000625,false,Rx,0,8,25,00,59,86,01,54,5C,06,
662000,0000060D,false,Rx,0,8,0D,10,83,B6,09,20,70,00,
701000,00000625,false,Rx,0,8,25,00,59,86,01,54,5C,06,
762000,0000060D,false,Rx,0,8,0D,10,83,B6,09,20,70,00,
772000,00000054,false,Rx,0,8,01,05,00,01,7C,02,00,00,
772000,00000055,false,Rx,0,8,10,27,00,00,00,00,00,00,
773000,00000056,false,Rx,0,8,10,27,00,00,00,00,00,00,
773000,00000057,false,Rx,0,8,00,00,FE,FF,FE,FF,00,00,
792000,000002C4,false,Rx,0,8,09,20,00,00,7C,02,00,00,
792000,000002C5,false,Rx,0,8,00,00,00,00,00,00,00,00,
792000,000002C6,false,Rx,0,8,32,00,7C,01,00,00,00,00,
801000,00000625,false,Rx,0,8,25,00,59,86,01,54,5C,06,
864000,0000060D,false,Rx,0,8,0D,10,83,B6,09,20,70,00,
901000,00000625,false,Rx,0,8,25,00,59,86,01,54,5C,06,
964000,0000060D,false,Rx,0,8,0D,10,83,B6,09,20,70,00,
0,00000054,false,Rx,0,8,01,05,00,01,7C,02,00,00,
0,00000055,false,Rx,0,8,10,27,00,00,00,00,00,00,
973000,00000056,false,Rx,0,8,10,27,00,00,00,00,00,00,
973000,00000057,false,Rx,0,8,00,00,FE,FF,FE,FF,00,00,
1000,00000625,false,Rx,0,8,25,00,59,86,01,54,5C,06,
12000,000002C4,false,Rx,0,8,09,20,00,00,7C,02,00,00,
12000,000002C5,false,Rx,0,8,00,00,00,00,00,00,00,00,
13000,000002C6,false,Rx,0,8,32,00,7C,01,00,00,00,00,
63000,0000060D,false,Rx,0,8,0D,10,83,B6,09,20,70,00,
101000,00000625,false,Rx,0,8,25,00,59,86,01,54,5C,06,
163000,0000060D,false,Rx,0,8,0D,10,83,B6,09,20,70,00,
172000,00000054,false,Rx,0,8,01,05,00,01,7C,02,00,00,
172000,00000055,false,Rx,0,8,10,27,00,00,00,00,00,00,
173000,00000056,false,Rx,0,8,10,27,00,00,00,00,00,00,
173000,00000057,false,Rx,0,8,00,00,FE,FF,FE,FF,00,00,
201000,00000625,false,Rx,0,8,25,00,59,86,01,54,5C,06,
232000,000002C4,false,Rx,0,8,09,20,00,00,7C,02,00,00,
232000,000002C5,false,Rx,0,8,00,00,00,00,00,00,00,00,
232000,000002C6,false,Rx,0,8,32,00,7C,01,00,00,00,00,
263000,0000060D,false,Rx,0,8,0D,10,83,B6,09,20,70,00,
302000,00000625,false,Rx,0,8,25,00,59,86,01,54,5C,06,
363000,0000060D,false,Rx,0,8,0D,10,83,B6,09,20,70,00,
372000,00000054,false,Rx,0,8,01,05,00,01,7C,02,00,00,
372000,00000055,false,Rx,0,8,10,27,00,00,00,00,00,00,
372000,00000056,false,Rx,0,8,10,27,00,00,00,00,00,00,
373000,00000057,false,Rx,0,8,00,00,FE,FF,FE,FF,00,00,
401000,00000625,false,Rx,0,8,25,00,59,86,01,54,5C,06,
452000,000002C4,false,Rx,0,8,09,20,00,00,7C,02,00,00,
452000,000002C5,false,Rx,0,8,00,00,00,00,00,00,00,00,
452000,000002C6,false,Rx,0,8,32,00,7C,01,00,00,00,00,
463000,0000060D,false,Rx,0,8,0D,10,83,B6,09,20,70,00,
501000,00000625,false,Rx,0,8,25,00,59,86,01,54,5C,06,
563000,0000060D,false,Rx,0,8,0D,10,83,B6,09,20,70,00,
572000,00000054,false,Rx,0,8,01,05,00,01,7C,02,00,00,
572000,00000055,false,Rx,0,8,10,27,00,00,00,00,00,00,
573000,00000056,false,Rx,0,8,10,27,00,00,00,00,00,00,
573000,00000057,false,Rx,0,8,00,00,FE,FF,FE,FF,00,00,
600000,00000625,false,Rx,0,8,25,00,59,86,01,54,5C,06,
663000,0000060D,false,Rx,0,8,0D,10,83,B6,09,20,70,00,
672000,000002C4,false,Rx,0,8,09,20,00,00,7C,02,00,00,
672000,000002C5,false,Rx,0,8,00,00,00,00,00,00,00,00,
673000,000002C6,false,Rx,0,8,32,00,7C,01,00,00,00,00,
701000,00000625,false,Rx,0,8,25,00,59,86,01,54,5C,06,
763000,0000060D,false,Rx,0,8,0D,10,83,B6,09,20,70,00,
772000,00000054,false,Rx,0,8,01,05,00,01,7C,02,00,00,
772000,00000055,false,Rx,0,8,10,27,00,00,00,00,00,00,
773000,00000056,false,Rx,0,8,10,27,00,00,00,00,00,00,
773000,00000057,false,Rx,0,8,00,00,FE,FF,FE,FF,00,00,
801000,00000625,false,Rx,0,8,25,00,59,86,01,54,5C,06,
862000,0000060D,false,Rx,0,8,0D,10,83,B6,09,20,70,00,
892000,000002C4,false,Rx,0,8,09,20,00,00,7C,02,00,00,
893000,000002C5,false,Rx,0,8,00,00,00,00,00,00,00,00,
893000,000002C6,false,Rx,0,8,32,00,7C,01,00,00,00,00,
902000,00000625,false,Rx,0,8,25,00,59,86,01,54,5C,06,
965000,0000060D,false,Rx,0,8,0D,10,83,B6,09,20,70,00,
972000,00000054,false,Rx,0,8,01,05,00,01,7C,02,00,00,
973000,00000055,false,Rx,0,8,10,27,00,00,00,00,00,00,
0,00000056,false,Rx,0,8,10,27,00,00,00,00,00,00,
0,00000057,false,Rx,0,8,00,00,FE,FF,FE,FF,00,00,
1000,00000625,false,Rx,0,8,25,00,59,86,01,54,5C,06,
63000,0000060D,false,Rx,0,8,0D,10,83,B6,09,20,70,00,
101000,00000625,false,Rx,0,8,25,00,59,86,01,54,5C,06,
112000,000002C4,false,Rx,0,8,09,20,00,00,7C,02,00,00,
112000,000002C5,false,Rx,0,8,00,00,00,00,00,00,00,00,
113000,000002C6,false,Rx,0,8,32,00,7C,01,00,00,00,00,
163000,0000060D,false,Rx,0,8,0D,10,83,B6,09,20,70,00,
172000,00000054,false,Rx,0,8,01,05,00,01,7C,02,00,00,
172000,00000055,false,Rx,0,8,10,27,00,00,00,00,00,00,
173000,00000056,false,Rx,0,8,10,27,00,00,00,00,00,00,
173000,00000057,false,Rx,0,8,00,00,FE,FF,FE,FF,00,00,
201000,00000625,false,Rx,0,8,25,00,59,86,01,54,5C,06,
263000,0000060D,false,Rx,0,8,0D,10,83,B6,09,20,70,00,
302000,00000625,false,Rx,0,8,25,00,59,86,01,54,5C,06,
333000,000002C4,false,Rx,0,8,09,20,00,00,7C,02,00,00,
333000,000002C5,false,Rx,0,8,00,00,00,00,00,00,00,00,
333000,000002C6,false,Rx,0,8,32,00,7C,01,00,00,00,00,
363000,0000060D,false,Rx,0,8,0D,10,83,B6,09,20,70,00,
373000,00000054,false,Rx,0,8,01,05,00,01,7C,02,00,00,
373000,00000055,false,Rx,0,8,10,27,00,00,00,00,00,00,
373000,00000056,false,Rx,0,8,10,27,00,00,00,00,00,00,
373000,00000057,false,Rx,0,8,00,00,FE,FF,FE,FF,00,00,
401000,00000625,false,Rx,0,8,25,00,59,86,01,54,5C,06,
463000,0000060D,false,Rx,0,8,0D,10,83,B6,09,20,70,00,
502000,00000625,false,Rx,0,8,25,00,59,86,01,54,5C,06,
552000,000002C4,false,Rx,0,8,09,20,00,00,7C,02,00,00,
552000,000002C5,false,Rx,0,8,00,00,00,00,00,00,00,00,
553000,000002C6,false,Rx,0,8,32,00,7C,01,00,00,00,00,
563000,0000060D,false,Rx,0,8,0D,10,83,B6,09,20,70,00,
572000,00000054,false,Rx,0,8,01,05,00,01,7C,02,00,00,
572000,00000055,false,Rx,0,8,10,27,00,00,00,00,00,00,
573000,00000056,false,Rx,0,8,10,27,00,00,00,00,00,00,
573000,00000057,false,Rx,0,8,00,00,FE,FF,FE,FF,00,00,
601000,00000625,false,Rx,0,8,25,00,59,86,01,54,5C,06,
662000,0000060D,false,Rx,0,8,0D,10,83,B6,09,20,70,00,
701000,00000625,false,Rx,0,8,25,00,59,86,01,54,5C,06,
763000,0000060D,false,Rx,0,8,0D,10,83,B6,09,20,70,00,
772000,00000054,false,Rx,0,8,01,05,00,01,7C,02,00,00,
0,000002C4,false,Rx,0,8,09,20,00,00,7C,02,00,00,
0,00000055,false,Rx,0,8,10,27,00,00,00,00,00,00,
773000,000002C5,false,Rx,0,8,00,00,00,00,00,00,00,00,
773000,00000056,false,Rx,0,8,10,27,00,00,00,00,00,00,
0,000002C6,false,Rx,0,8,32,00,7C,01,00,00,00,00,
0,00000057,false,Rx,0,8,00,00,FE,FF,FE,FF,00,00,
801000,00000625,false,Rx,0,8,25,00,59,86,01,54,5C,06,
862000,0000060D,false,Rx,0,8,0D,10,83,B6,09,20,70,00,
901000,00000625,false,Rx,0,8,25,00,59,86,01,54,5C,06,
963000,0000060D,false,Rx,0,8,0D,10,83,B6,09,20,70,00,
972000,00000054,false,Rx,0,8,01,05,00,01,7C,02,00,00,
973000,00000055,false,Rx,0,8,10,27,00,00,00,00,00,00,
973000,00000056,false,Rx,0,8,10,27,00,00,00,00,00,00,
973000,00000057,false,Rx,0,8,00,00,FE,FF,FE,FF,00,00,
992000,000002C4,false,Rx,0,8,09,20,00,00,7C,02,00,00,
992000,000002C5,false,Rx,0,8,00,00,00,00,00,00,00,00,
993000,000002C6,false,Rx,0,8,32,00,7C,01,00,00,00,00,
2000,00000625,false,Rx,0,8,25,00,59,86,01,54,5C,06,
63000,0000060D,false,Rx,0,8,0D,10,83,B6,09,20,70,00,
101000,00000625,false,Rx,0,8,25,00,59,86,01,54,5C,06,
163000,0000060D,false,Rx,0,8,0D,10,83,B6,09,20,70,00,
0,00000054,false,Rx,0,8,01,05,00,01,7C,02,00,00,
0,00000055,false,Rx,0,8,10,27,00,00,00,00,00,00,
172000,00000056,false,Rx,0,8,10,27,00,00,00,00,00,00,
174000,00000057,false,Rx,0,8,00,00,FE,FF,FE,FF,00,00,
201000,00000625,false,Rx,0,8,25,00,59,86,01,54,5C,06,
0,000002C4,false,Rx,0,8,09,20,00,00,7C,02,00,00,
0,000002C5,false,Rx,0,8,00,00,00,00,00,00,00,00,
213000,000002C6,false,Rx,0,8,32,00,7C,01,00,00,00,00,
263000,0000060D,false,Rx,0,8,0D,10,83,B6,09,20,70,00,
301000,00000625,false,Rx,0,8,25,00,59,86,01,54,5C,06,
363000,0000060D,false,Rx,0,8,0D,10,83,B6,09,20,70,00,
0,00000054,false,Rx,0,8,01,05,00,01,7C,02,00,00,
0,00000055,false,Rx,0,8,10,27,00,00,00,00,00,00,
0,00000056,false,Rx,0,8,10,27,00,00,00,00,00,00,
0,00000057,false,Rx,0,8,00,00,FE,FF,FE,FF,00,00,
401000,00000625,false,Rx,0,8,25,00,59,86,01,54,5C,06,
433000,000002C4,false,Rx,0,8,09,20,00,00,7C,02,00,00,
433000,000002C5,false,Rx,0,8,00,00,00,00,00,00,00,00,
433000,000002C6,false,Rx,0,8,32,00,7C,01,00,00,00,00,
463000,0000060D,false,Rx,0,8,0D,10,83,B6,09,20,70,00,
501000,00000625,false,Rx,0,8,25,00,59,86,01,54,5C,06,
563000,0000060D,false,Rx,0,8,0D,10,83,B6,09,20,70,00,
572000,00000054,false,Rx,0,8,01,05,00,01,7C,02,00,00,
572000,00000055,false,Rx,0,8,10,27,00,00,00,00,00,00,
573000,00000056,false,Rx,0,8,10,27,00,00,00,00,00,00,
573000,00000057,false,Rx,0,8,00,00,FE,FF,FE,FF,00,00,
601000,00000625,false,Rx,0,8,25,00,59,86,01,54,5C,06,
652000,000002C4,false,Rx,0,8,09,20,00,00,7C,02,00,00,
652000,000002C5,false,Rx,0,8,00,00,00,00,00,00,00,00,
653000,000002C6,false,Rx,0,8,32,00,7C,01,00,00,00,00,
662000,0000060D,false,Rx,0,8,0D,10,83,B6,09,20,70,00,
701000,00000625,false,Rx,0,8,25,00,59,86,01,54,5C,06,
763000,0000060D,false,Rx,0,8,0D,10,83,B6,09,20,70,00,
772000,00000054,false,Rx,0,8,01,05,00,01,7C,02,00,00,
773000,00000055,false,Rx,0,8,10,27,00,00,00,00,00,00,
0,00000056,false,Rx,0,8,10,27,00,00,00,00,00,00,
0,00000057,false,Rx,0,8,00,00,FE,FF,FE,FF,00,00,
801000,00000625,false,Rx,0,8,25,00,59,86,01,54,5C,06,
862000,0000060D,false,Rx,0,8,0D,10,83,B6,09,20,70,00,
872000,000002C4,false,Rx,0,8,09,20,00,00,7C,02,00,00,
873000,000002C5,false,Rx,0,8,00,00,00,00,00,00,00,00,
873000,000002C6,false,Rx,0,8,32,00,7C,01,00,00,00,00,
901000,00000625,false,Rx,0,8,25,00,59,86,01,54,5C,06,
963000,0000060D,false,Rx,0,8,0D,10,83,B6,09,20,70,00,
0,00000054,false,Rx,0,8,01,05,00,01,7C,02,00,00,
0,00000055,false,Rx,0,8,10,27,00,00,00,00,00,00,
973000,00000056,false,Rx,0,8,10,27,00,00,00,00,00,00,
974000,00000057,false,Rx,0,8,00,00,FE,FF,FE,FF,00,00,
2000,00000625,false,Rx,0,8,25,00,59,86,01,54,5C,06,
63000,0000060D,false,Rx,0,8,0D,10,83,B6,09,20,70,00,
93000,000002C4,false,Rx,0,8,09,20,00,00,7C,02,00,00,
93000,000002C5,false,Rx,0,8,00,00,00,00,00,00,00,00,
93000,000002C6,false,Rx,0,8,32,00,7C,01,00,00,00,00,
101000,00000625,false,Rx,0,8,25,00,59,86,01,54,5C,06,
163000,0000060D,false,Rx,0,8,0D,10,83,B6,09,20,70,00,
172000,00000054,false,Rx,0,8,01,05,00,01,7C,02,00,00,
172000,00000055,false,Rx,0,8,10,27,00,00,00,00,00,00,
172000,00000056,false,Rx,0,8,10,27,00,00,00,00,00,00,
173000,00000057,false,Rx,0,8,00,00,FE,FF,FE,FF,00,00,
202000,00000625,false,Rx,0,8,25,00,59,86,01,54,5C,06,
263000,0000060D,false,Rx,0,8,0D,10,83,B6,09,20,70,00,
301000,00000625,false,Rx,0,8,25,00,59,86,01,54,5C,06,
312000,000002C4,false,Rx,0,8,09,20,00,00,7C,02,00,00,
312000,000002C5,false,Rx,0,8,00,00,00,00,00,00,00,00,
312000,000002C6,false,Rx,0,8,32,00,7C,01,00,00,00,00,
363000,0000060D,false,Rx,0,8,0D,10,83,B6,09,20,70,00,
372000,00000054,false,Rx,0,8,01,05,00,01,7C,02,00,00,
373000,00000055,false,Rx,0,8,10,27,00,00,00,00,00,00,
373000,00000056,false,Rx,0,8,10,27,00,00,00,00,00,00,
373000,00000057,false,Rx,0,8,00,00,FE,FF,FE,FF,00,00,
401000,00000625,false,Rx,0,8,25,00,59,86,01,54,5C,06,
464000,0000060D,false,Rx,0,8,0D,10,83,B6,09,20,70,00,
501000,00000625,false,Rx,0,8,25,00,59,86,01,54,5C,06,
532000,000002C4,false,Rx,0,8,09,20,00,00,7C,02,00,00,
532000,000002C5,false,Rx,0,8,00,00,00,00,00,00,00,00,
533000,000002C6,false,Rx,0,8,32,00,7C,01,00,00,00,00,
563000,0000060D,false,Rx,0,8,0D,10,83,B6,09,20,70,00,
0,00000054,false,Rx,0,8,01,05,00,01,7C,02,00,00,
0,00000055,false,Rx,0,8,10,27,00,00,00,00,00,00,
573000,00000056,false,Rx,0,8,10,27,00,00,00,00,00,00,
573000,00000057,false,Rx,0,8,00,00,FE,FF,FE,FF,00,00,
601000,00000625,false,Rx,0,8,25,00,59,86,01,54,5C,06,
663000,0000060D,false,Rx,0,8,0D,10,83,B6,09,20,70,00,
702000,00000625,false,Rx,0,8,25,00,59,86,01,54,5C,06,
752000,000002C4,false,Rx,0,8,09,20,00,00,7C,02,00,00,
753000,000002C5,false,Rx,0,8,00,00,00,00,00,00,00,00,
753000,000002C6,false,Rx,0,8,32,00,7C,01,00,00,00,00,
763000,0000060D,false,Rx,0,8,0D,10,83,B6,09,20,70,00,
772000,00000054,false,Rx,0,8,01,05,00,01,7C,02,00,00,
0,00000055,false,Rx,0,8,10,27,00,00,00,00,00,00,
0,00000056,false,Rx,0,8,10,27,00,00,00,00,00,00,
773000,00000057,false,Rx,0,8,00,00,FE,FF,FE,FF,00,00,
801000,00000625,false,Rx,0,8,25,00,59,86,01,54,5C,06,
862000,0000060D,false,Rx,0,8,0D,10,83,B6,09,20,70,00,
901000,00000625,false,Rx,0,8,25,00,59,86,01,54,5C,06,
964000,0000060D,false,Rx,0,8,0D,10,83,B6,09,20,70,00,
972000,000002C4,false,Rx,0,8,09,20,00,00,7C,02,00,00,
972000,00000054,false,Rx,0,8,01,05,00,01,7C,02,00,00,
972000,000002C5,false,Rx,0,8,00,00,00,00,00,00,00,00,
973000,00000055,false,Rx,0,8,10,27,00,00,00,00,00,00,
0,000002C6,false,Rx,0,8,32,00,7C,01,00,00,00,00,
0,00000056,false,Rx,0,8,10,27,00,00,00,00,00,00,
974000,00000057,false,Rx,0,8,00,00,FE,FF,FE,FF,00,00,
2000,00000625,false,Rx,0,8,25,00,59,86,01,54,5C,06,
63000,0000060D,false,Rx,0,8,0D,10,83,B6,09,20,70,00,
101000,00000625,false,Rx,0,8,25,00,59,86,01,54,5C,06,
163000,0000060D,false,Rx,0,8,0D,10,83,B6,09,20,70,00,
173000,00000054,false,Rx,0,8,01,05,00,01,7C,02,00,00,
173000,00000055,false,Rx,0,8,10,27,00,00,00,00,00,00,
173000,00000056,false,Rx,0,8,10,27,00,00,00,00,00,00,
173000,00000057,false,Rx,0,8,00,00,FE,FF,FE,FF,00,00,
192000,000002C4,false,Rx,0,8,09,20,00,00,7C,02,00,00,
192000,000002C5,false,Rx,0,8,00,00,00,00,00,00,00,00,
193000,000002C6,false,Rx,0,8,32,00,7C,01,00,00,00,00,
201000,00000625,false,Rx,0,8,25,00,59,86,01,54,5C,06,
263000,0000060D,false,Rx,0,8,0D,10,83,B6,09,20,70,00,
301000,00000625,false,Rx,0,8,25,00,59,86,01,54,5C,06,
363000,0000060D,false,Rx,0,8,0D,10,83,B6,09,20,70,00,
372000,00000054,false,Rx,0,8,01,05,00,01,7C,02,00,00,
372000,00000055,false,Rx,0,8,10,27,00,00,00,00,00,00,
373000,00000056,false,Rx,0,8,10,27,00,00,00,00,00,00,
373000,00000057,false,Rx,0,8,00,00,FE,FF,FE,FF,00,00,
401000,00000625,false,Rx,0,8,25,00,59,86,01,54,5C,06,
412000,000002C4,false,Rx,0,8,09,20,00,00,7C,02,00,00,
412000,000002C5,false,Rx,0,8,00,00,00,00,00,00,00,00,
413000,000002C6,false,Rx,0,8,32,00,7C,01,00,00,00,00,
463000,0000060D,false,Rx,0,8,0D,10,83,B6,09,20,70,00,
501000,00000625,false,Rx,0,8,25,00,59,86,01,54,5C,06,
563000,0000060D,false,Rx,0,8,0D,10,83,B6,09,20,70,00,
0,00000054,false,Rx,0,8,01,05,00,01,7C,02,00,00,
0,00000055,false,Rx,0,8,10,27,00,00,00,00,00,00,
573000,00000056,false,Rx,0,8,10,27,00,00,00,00,00,00,
574000,00000057,false,Rx,0,8,00,00,FE,FF,FE,FF,00,00,
601000,00000625,false,Rx,0,8,25,00,59,86,01,54,5C,06,
632000,000002C4,false,Rx,0,8,09,20,00,00,7C,02,00,00,
632000,000002C5,false,Rx,0,8,00,00,00,00,00,00,00,00,
633000,000002C6,false,Rx,0,8,32,00,7C,01,00,00,00,00,
663000,0000060D,false,Rx,0,8,0D,10,83,B6,09,20,70,00,
702000,00000625,false,Rx,0,8,25,00,59,86,01,54,5C,06,
763000,0000060D,false,Rx,0,8,0D,10,83,B6,09,20,70,00,
772000,00000054,false,Rx,0,8,01,05,00,01,7C,02,00,00,
772000,00000055,false,Rx,0,8,10,27,00,00,00,00,00,00,
0,00000056,false,Rx,0,8,10,27,00,00,00,00,00,00,
0,00000057,false,Rx,0,8,00,00,FE,FF,FE,FF,00,00,
802000,00000625,false,Rx,0,8,25,00,59,86,01,54,5C,06,
852000,000002C4,false,Rx,0,8,09,20,00,00,7C,02,00,00,
852000,000002C5,false,Rx,0,8,00,00,00,00,00,00,00,00,
853000,000002C6,false,Rx,0,8,32,00,7C,01,00,00,00,00,
863000,0000060D,false,Rx,0,8,0D,10,83,B6,09,20,70,00,
901000,00000625,false,Rx,0,8,25,00,59,86,01,54,5C,06,
964000,0000060D,false,Rx,0,8,0D,10,83,B6,09,20,70,00,
972000,00000054,false,Rx,0,8,01,05,00,01,7C,02,00,00,
972000,00000055,false,Rx,0,8,10,27,00,00,00,00,00,00,
972000,00000056,false,Rx,0,8,10,27,00,00,00,00,00,00,
973000,00000057,false,Rx,0,8,00,00,FE,FF,FE,FF,00,00,
1000,00000625,false,Rx,0,8,25,00,59,86,01,54,5C,06,
64000,0000060D,false,Rx,0,8,0D,10,83,B6,09,20,70,00,
73000,000002C4,false,Rx,0,8,09,20,00,00,7C,02,00,00,
73000,000002C5,false,Rx,0,8,00,00,00,00,00,00,00,00,
73000,000002C6,false,Rx,0,8,32,00,7C,01,00,00,00,00,
101000,00000625,false,Rx,0,8,25,00,59,86,01,54,5C,06,
164000,0000060D,false,Rx,0,8,0D,10,83,B6,09,20,70,00,
172000,00000054,false,Rx,0,8,01,05,00,01,7C,02,00,00,
172000,00000055,false,Rx,0,8,10,27,00,00,00,00,00,00,
172000,00000056,false,Rx,0,8,10,27,00,00,00,00,00,00,
173000,00000057,false,Rx,0,8,00,00,FE,FF,FE,FF,00,00,
201000,00000625,false,Rx,0,8,25,00,59,86,01,54,5C,06,
263000,0000060D,false,Rx,0,8,0D,10,83,B6,09,20,70,00,
292000,000002C4,false,Rx,0,8,09,20,00,00,7C,02,00,00,
292000,000002C5,false,Rx,0,8,00,00,00,00,00,00,00,00,
293000,000002C6,false,Rx,0,8,32,00,7C,01,00,00,00,00,
301000,00000625,false,Rx,0,8,25,00,59,86,01,54,5C,06,
363000,0000060D,false,Rx,0,8,0D,10,83,B6,09,20,70,00,
372000,00000054,false,Rx,0,8,01,05,00,01,7C,02,00,00,
372000,00000055,false,Rx,0,8,10,27,00,00,00,00,00,00,
0,00000056,false,Rx,0,8,10,27,00,00,00,00,00,00,
0,00000057,false,Rx,0,8,00,00,FE,FF,FE,FF,00,00,
402000,00000625,false,Rx,0,8,25,00,59,86,01,54,5C,06,
412000,00000065,false,Rx,0,8,7B,02,02,00,00,00,00,00,
464000,0000060D,false,Rx,0,8,0D,10,83,B6,09,20,70,00,
501000,00000625,false,Rx,0,8,25,00,59,86,01,54,5C,06,
0,000002C4,false,Rx,0,8,09,20,00,00,7C,02,00,00,
0,000002C5,false,Rx,0,8,00,00,00,00,00,00,00,00,
514000,000002C6,false,Rx,0,8,32,00,7C,01,00,00,00,00,
563000,00000065,false,Rx,0,8,7B,02,02,00,00,00,00,00,
563000,0000060D,false,Rx,0,8,0D,10,83,B6,09,20,70,00,
572000,00000054,false,Rx,0,8,01,05,00,01,7B,02,00,00,
572000,00000055,false,Rx,0,8,10,27,00,00,00,00,00,00,
573000,00000056,false,Rx,0,8,10,27,00,00,00,00,00,00,
573000,00000057,false,Rx,0,8,00,00,FE,FF,FE,FF,00,00,
601000,00000625,false,Rx,0,8,25,00,59,86,01,54,5C,06,
663000,0000060D,false,Rx,0,8,0D,10,83,B6,09,20,70,00,
701000,00000625,false,Rx,0,8,25,00,59,86,01,54,5C,06,
713000,00000065,false,Rx,0,8,7B,02,02,00,00,00,00,00,
733000,000002C4,false,Rx,0,8,09,20,00,00,7B,02,00,00,
733000,000002C5,false,Rx,0,8,00,00,00,00,00,00,00,00,
733000,000002C6,false,Rx,0,8,32,00,7C,01,00,00,00,00,
763000,0000060D,false,Rx,0,8,0D,10,83,B6,09,20,70,00,
772000,00000054,false,Rx,0,8,01,05,00,01,7B,02,00,00,
772000,00000055,false,Rx,0,8,10,27,00,00,00,00,00,00,
772000,00000056,false,Rx,0,8,10,27,00,00,00,00,00,00,
773000,00000057,false,Rx,0,8,00,00,FE,FF,FE,FF,00,00,
802000,00000625,false,Rx,0,8,25,00,59,86,01,54,5C,06,
0,00000065,false,Rx,0,8,7B,02,02,00,00,00,00,00,
0,0000060D,false,Rx,0,8,0D,10,83,B6,09,20,70,00,
901000,00000625,false,Rx,0,8,25,00,59,86,01,54,5C,06,
0,000002C4,false,Rx,0,8,09,20,00,00,7B,02,00,00,
0,000002C5,false,Rx,0,8,00,00,00,00,00,00,00,00,
953000,000002C6,false,Rx,0,8,32,00,7C,01,00,00,00,00,
963000,0000060D,false,Rx,0,8,0D,10,83,B6,09,20,70,00,
0,00000054,false,Rx,0,8,01,05,00,01,7B,02,00,00,
0,00000055,false,Rx,0,8,10,27,00,00,00,00,00,00,
973000,00000056,false,Rx,0,8,10,27,00,00,00,00,00,00,
973000,00000057,false,Rx,0,8,00,00,FE,FF,FE,FF,00,00,
1000,00000625,false,Rx,0,8,25,00,59,86,01,54,5C,06,
62000,0000060D,false,Rx,0,8,0D,10,83,B6,09,20,70,00,
101000,00000625,false,Rx,0,8,25,00,59,86,01,54,5C,06,
163000,0000060D,false,Rx,0,8,0D,10,83,B6,09,20,70,00,
172000,00000054,false,Rx,0,8,01,05,00,01,7B,02,00,00,
0,000002C4,false,Rx,0,8,09,20,00,00,7B,02,00,00,
0,00000055,false,Rx,0,8,10,27,00,00,00,00,00,00,
173000,000002C5,false,Rx,0,8,00,00,00,00,00,00,00,00,
174000,00000056,false,Rx,0,8,10,27,00,00,00,00,00,00,
174000,000002C6,false,Rx,0,8,32,00,7C,01,00,00,00,00,
174000,00000057,false,Rx,0,8,00,00,FE,FF,FE,FF,00,00,
201000,00000625,false,Rx,0,8,25,00,59,86,01,54,5C,06,
263000,0000060D,false,Rx,0,8,0D,10,83,B6,09,20,70,00,
301000,00000625,false,Rx,0,8,25,00,59,86,01,54,5C,06,
363000,0000060D,false,Rx,0,8,0D,10,83,B6,09,20,70,00,
373000,00000054,false,Rx,0,8,01,05,00,01,7B,02,00,00,
373000,00000055,false,Rx,0,8,10,27,00,00,00,00,00,00,
373000,00000056,false,Rx,0,8,10,27,00,00,00,00,00,00,
373000,00000057,false,Rx,0,8,00,00,FE,FF,FE,FF,00,00,
393000,000002C4,false,Rx,0,8,09,20,00,00,7B,02,00,00,
393000,000002C5,false,Rx,0,8,00,00,00,00,00,00,00,00,
393000,000002C6,false,Rx,0,8,32,00,7C,01,00,00,00,00,
401000,00000625,false,Rx,0,8,25,00,59,86,01,54,5C,06,
464000,0000060D,false,Rx,0,8,0D,10,83,B6,09,20,70,00,
501000,00000625,false,Rx,0,8,25,00,59,86,01,54,5C,06,
562000,0000060D,false,Rx,0,8,0D,10,83,B6,09,20,70,00,
572000,00000054,false,Rx,0,8,01,05,00,01,7B,02,00,00,
572000,00000055,false,Rx,0,8,10,27,00,00,00,00,00,00,
573000,00000056,false,Rx,0,8,10,27,00,00,00,00,00,00,
573000,00000057,false,Rx,0,8,00,00,FE,FF,FE,FF,00,00,
601000,00000625,false,Rx,0,8,25,00,59,86,01,54,5C,06,
612000,000002C4,false,Rx,0,8,09,20,00,00,7B,02,00,00,
612000,000002C5,false,Rx,0,8,00,00,00,00,00,00,00,00,
612000,000002C6,false,Rx,0,8,32,00,7C,01,00,00,00,00,
662000,0000060D,false,Rx,0,8,0D,10,83,B6,09,20,70,00,
701000,00000625,false,Rx,0,8,25,00,59,86,01,54,5C,06,
763000,0000060D,false,Rx,0,8,0D,10,83,B6,09,20,70,00,
773000,00000054,false,Rx,0,8,01,05,00,01,7B,02,00,00,
773000,00000055,false,Rx,0,8,10,27,00,00,00,00,00,00,
773000,00000056,false,Rx,0,8,10,27,00,00,00,00,00,00,
774000,00000057,false,Rx,0,8,00,00,FE,FF,FE,FF,00,00,
802000,00000625,false,Rx,0,8,25,00,59,86,01,54,5C,06,
832000,000002C4,false,Rx,0,8,09,20,00,00,7B,02,00,00,
832000,000002C5,false,Rx,0,8,00,00,00,00,00,00,00,00,
833000,000002C6,false,Rx,0,8,32,00,7C,01,00,00,00,00,
862000,0000060D,false,Rx,0,8,0D,10,83,B6,09,20,70,00,
902000,00000625,false,Rx,0,8,25,00,59,86,01,54,5C,06,
963000,0000060D,false,Rx,0,8,0D,10,83,B6,09,20,70,00,
973000,00000054,false,Rx,0,8,01,05,00,01,7B,02,00,00,
973000,00000055,false,Rx,0,8,10,27,00,00,00,00,00,00,
973000,00000056,false,Rx,0,8,10,27,00,00,00,00,00,00,
974000,00000057,false,Rx,0,8,00,00,FE,FF,FE,FF,00,00,
1000,00000625,false,Rx,0,8,25,00,59,86,01,54,5C,06,
52000,000002C4,false,Rx,0,8,09,20,00,00,7B,02,00,00,
52000,000002C5,false,Rx,0,8,00,00,00,00,00,00,00,00,
53000,000002C6,false,Rx,0,8,32,00,7C,01,00,00,00,00,
62000,0000060D,false,Rx,0,8,0D,10,83,B6,09,20,70,00,
101000,00000625,false,Rx,0,8,25,00,59,86,01,54,5C,06,
163000,0000060D,false,Rx,0,8,0D,10,83,B6,09,20,70,00,
173000,00000054,false,Rx,0,8,01,05,00,01,7B,02,00,00,
0,00000055,false,Rx,0,8,10,27,00,00,00,00,00,00,
0,00000056,false,Rx,0,8,10,27,00,00,00,00,00,00,
173000,00000057,false,Rx,0,8,00,00,FE,FF,FE,FF,00,00,
203000,00000625,false,Rx,0,8,25,00,59,86,01,54,5C,06,
262000,0000060D,false,Rx,0,8,0D,10,83,B6,09,20,70,00,
272000,000002C4,false,Rx,0,8,09,20,00,00,7B,02,00,00,
273000,000002C5,false,Rx,0,8,00,00,00,00,00,00,00,00,
273000,000002C6,false,Rx,0,8,32,00,7C,01,00,00,00,00,
302000,00000625,false,Rx,0,8,25,00,59,86,01,54,5C,06,
363000,0000060D,false,Rx,0,8,0D,10,83,B6,09,20,70,00,
0,00000054,false,Rx,0,8,01,05,00,01,7B,02,00,00,
0,00000055,false,Rx,0,8,10,27,00,00,00,00,00,00,
373000,00000056,false,Rx,0,8,10,27,00,00,00,00,00,00,
373000,00000057,false,Rx,0,8,00,00,FE,FF,FE,FF,00,00,
402000,00000625,false,Rx,0,8,25,00,59,86,01,54,5C,06,
463000,0000060D,false,Rx,0,8,0D,10,83,B6,09,20,70,00,
0,000002C4,false,Rx,0,8,09,20,00,00,7B,02,00,00,
0,000002C5,false,Rx,0,8,00,00,00,00,00,00,00,00,
0,000002C6,false,Rx,0,8,32,00,7C,01,00,00,00,00,
501000,00000625,false,Rx,0,8,25,00,59,86,01,54,5C,06,
563000,0000060D,false,Rx,0,8,0D,10,83,B6,09,20,70,00,
0,00000054,false,Rx,0,8,01,05,00,01,7B,02,00,00,
0,00000055,false,Rx,0,8,10,27,00,00,00,00,00,00,
0,00000056,false,Rx,0,8,10,27,00,00,00,00,00,00,
0,00000057,false,Rx,0,8,00,00,FE,FF,FE,FF,00,00,
601000,00000625,false,Rx,0,8,25,00,59,86,01,54,5C,06,
663000,0000060D,false,Rx,0,8,0D,10,83,B6,09,20,70,00,
702000,00000625,false,Rx,0,8,25,00,59,86,01,54,5C,06,
0,000002C4,false,Rx,0,8,09,20,00,00,7B,02,00,00,
0,000002C5,false,Rx,0,8,00,00,00,00,00,00,00,00,
0,000002C6,false,Rx,0,8,32,00,7C,01,00,00,00,00,
763000,0000060D,false,Rx,0,8,0D,10,83,B6,09,20,70,00,
0,00000054,false,Rx,0,8,01,05,00,01,7B,02,00,00,
0,00000055,false,Rx,0,8,10,27,00,00,00,00,00,00,
0,00000056,false,Rx,0,8,10,27,00,00,00,00,00,00,
0,00000057,false,Rx,0,8,00,00,FE,FF,FE,FF,00,00,
802000,00000625,false,Rx,0,8,25,00,59,86,01,54,5C,06,
862000,0000060D,false,Rx,0,8,0D,10,83,B6,09,20,70,00,
901000,00000625,false,Rx,0,8,25,00,59,86,01,54,5C,06,
0,000002C4,false,Rx,0,8,09,20,00,00,7B,02,00,00,
0,000002C5,false,Rx,0,8,00,00,00,00,00,00,00,00,
0,000002C6,false,Rx,0,8,32,00,7C,01,00,00,00,00,
964000,0000060D,false,Rx,0,8,0D,10,83,B6,09,20,70,00,
972000,00000054,false,Rx,0,8,01,05,00,01,7B,02,00,00,
972000,00000055,false,Rx,0,8,10,27,00,00,00,00,00,00,
973000,00000056,false,Rx,0,8,10,27,00,00,00,00,00,00,
973000,00000057,false,Rx,0,8,00,00,FE,FF,FE,FF,00,00,
1000,00000625,false,Rx,0,8,25,00,59,86,01,54,5C,06,
63000,0000060D,false,Rx,0,8,0D,10,83,B6,09,20,70,00,
102000,00000625,false,Rx,0,8,25,00,59,86,01,54,5C,06,
152000,000002C4,false,Rx,0,8,09,20,00,00,7B,02,00,00,
152000,000002C5,false,Rx,0,8,00,00,00,00,00,00,00,00,
153000,000002C6,false,Rx,0,8,32,00,7C,01,00,00,00,00,
163000,0000060D,false,Rx,0,8,0D,10,83,B6,09,20,70,00,
173000,00000054,false,Rx,0,8,01,05,00,01,7B,02,00,00,
173000,00000055,false,Rx,0,8,10,27,00,00,00,00,00,00,
173000,00000056,false,Rx,0,8,10,27,00,00,00,00,00,00,
173000,00000057,false,Rx,0,8,00,00,FE,FF,FE,FF,00,00,
201000,00000625,false,Rx,0,8,25,00,59,86,01,54,5C,06,
263000,0000060D,false,Rx,0,8,0D,10,83,B6,09,20,70,00,
301000,00000625,false,Rx,0,8,25,00,59,86,01,54,5C,06,
364000,0000060D,false,Rx,0,8,0D,10,83,B6,09,20,70,00,
372000,000002C4,false,Rx,0,8,09,20,00,00,7B,02,00,00,
372000,00000054,false,Rx,0,8,01,05,00,01,7B,02,00,00,
373000,000002C5,false,Rx,0,8,00,00,00,00,00,00,00,00,
373000,00000055,false,Rx,0,8,10,27,00,00,00,00,00,00,
373000,000002C6,false,Rx,0,8,32,00,7C,01,00,00,00,00,
373000,00000056,false,Rx,0,8,10,27,00,00,00,00,00,00,
374000,00000057,false,Rx,0,8,00,00,FE,FF,FE,FF,00,00,
401000,00000625,false,Rx,0,8,25,00,59,86,01,54,5C,06,
463000,0000060D,false,Rx,0,8,0D,10,83,B6,09,20,70,00,
501000,00000625,false,Rx,0,8,25,00,59,86,01,54,5C,06,
563000,0000060D,false,Rx,0,8,0D,10,83,B6,09,20,70,00,
572000,00000054,false,Rx,0,8,01,05,00,01,7B,02,00,00,
573000,00000055,false,Rx,0,8,10,27,00,00,00,00,00,00,
573000,00000056,false,Rx,0,8,10,27,00,00,00,00,00,00,
573000,00000057,false,Rx,0,8,00,00,FE,FF,FE,FF,00,00,
592000,000002C4,false,Rx,0,8,09,20,00,00,7B,02,00,00,
592000,000002C5,false,Rx,0,8,00,00,00,00,00,00,00,00,
592000,000002C6,false,Rx,0,8,32,00,7C,01,00,00,00,00,
601000,00000625,false,Rx,0,8,25,00,59,86,01,54,5C,06,
663000,0000060D,false,Rx,0,8,0D,10,83,B6,09,20,70,00,
701000,00000625,false,Rx,0,8,25,00,59,86,01,54,5C,06,
762000,0000060D,false,Rx,0,8,0D,10,83,B6,09,20,70,00,
0,00000054,false,Rx,0,8,01,05,00,01,7B,02,00,00,
0,00000055,false,Rx,0,8,10,27,00,00,00,00,00,00,
0,00000056,false,Rx,0,8,10,27,00,00,00,00,00,00,
773000,00000057,false,Rx,0,8,00,00,FE,FF,FE,FF,00,00,
801000,00000625,false,Rx,0,8,25,00,59,86,01,54,5C,06,
0,000002C4,false,Rx,0,8,09,20,00,00,7B,02,00,00,
0,000002C5,false,Rx,0,8,00,00,00,00,00,00,00,00,
813000,000002C6,false,Rx,0,8,32,00,7C,01,00,00,00,00,
863000,0000060D,false,Rx,0,8,0D,10,83,B6,09,20,70,00,
902000,00000625,false,Rx,0,8,25,00,59,86,01,54,5C,06,
963000,0000060D,false,Rx,0,8,0D,10,83,B6,09,20,70,00,
0,00000054,false,Rx,0,8,01,05,00,01,7B,02,00,00,
0,00000055,false,Rx,0,8,10,27,00,00,00,00,00,00,
973000,00000056,false,Rx,0,8,10,27,00,00,00,00,00,00,
973000,00000057,false,Rx,0,8,00,00,FE,FF,FE,FF,00,00,
0,00000625,false,Rx,0,8,25,00,59,86,01,54,5C,06,
33000,000002C4,false,Rx,0,8,09,20,00,00,7B,02,00,00,
33000,000002C5,false,Rx,0,8,00,00,00,00,00,00,00,00,
33000,000002C6,false,Rx,0,8,32,00,7C,01,00,00,00,00,
63000,0000060D,false,Rx,0,8,0D,10,83,B6,09,20,70,00,
101000,00000625,false,Rx,0,8,25,00,59,86,01,54,5C,06,
162000,0000060D,false,Rx,0,8,0D,10,83,B6,09,20,70,00,
172000,00000054,false,Rx,0,8,01,05,00,01,7B,02,00,00,
172000,00000055,false,Rx,0,8,10,27,00,00,00,00,00,00,
172000,00000056,false,Rx,0,8,10,27,00,00,00,00,00,00,
173000,00000057,false,Rx,0,8,00,00,FE,FF,FE,FF,00,00,
201000,00000625,false,Rx,0,8,25,00,59,86,01,54,5C,06,
252000,000002C4,false,Rx,0,8,09,20,00,00,7B,02,00,00,
252000,000002C5,false,Rx,0,8,00,00,00,00,00,00,00,00,
253000,000002C6,false,Rx,0,8,32,00,7C,01,00,00,00,00,
263000,0000060D,false,Rx,0,8,0D,10,83,B6,09,20,70,00,
302000,00000625,false,Rx,0,8,25,00,59,86,01,54,5C,06,
364000,0000060D,false,Rx,0,8,0D,10,83,B6,09,20,70,00,
372000,00000054,false,Rx,0,8,01,05,00,01,7B,02,00,00,
373000,00000055,false,Rx,0,8,10,27,00,00,00,00,00,00,
373000,00000056,false,Rx,0,8,10,27,00,00,00,00,00,00,
373000,00000057,false,Rx,0,8,00,00,FE,FF,FE,FF,00,00,
401000,00000625,false,Rx,0,8,25,00,59,86,01,54,5C,06,
462000,0000060D,false,Rx,0,8,0D,10,83,B6,09,20,70,00,
473000,000002C4,false,Rx,0,8,09,20,00,00,7B,02,00,00,
473000,000002C5,false,Rx,0,8,00,00,00,00,00,00,00,00,
473000,000002C6,false,Rx,0,8,32,00,7C,01,00,00,00,00,
501000,00000625,false,Rx,0,8,25,00,59,86,01,54,5C,06,
564000,0000060D,false,Rx,0,8,0D,10,83,B6,09,20,70,00,
572000,00000054,false,Rx,0,8,01,05,00,01,7B,02,00,00,
572000,00000055,false,Rx,0,8,10,27,00,00,00,00,00,00,
573000,00000056,false,Rx,0,8,10,27,00,00,00,00,00,00,
573000,00000057,false,Rx,0,8,00,00,FE,FF,FE,FF,00,00,
601000,00000625,false,Rx,0,8,25,00,59,86,01,54,5C,06,
663000,0000060D,false,Rx,0,8,0D,10,83,B6,09,20,70,00,
693000,000002C4,false,Rx,0,8,09,20,00,00,7B,02,00,00,
693000,000002C5,false,Rx,0,8,00,00,00,00,00,00,00,00,
693000,000002C6,false,Rx,0,8,32,00,7C,01,00,00,00,00,
701000,00000625,false,Rx,0,8,25,00,59,86,01,54,5C,06,
763000,0000060D,false,Rx,0,8,0D,10,83,B6,09,20,70,00,
0,00000054,false,Rx,0,8,01,05,00,01,7B,02,00,00,
0,00000055,false,Rx,0,8,10,27,00,00,00,00,00,00,
773000,00000056,false,Rx,0,8,10,27,00,00,00,00,00,00,
774000,00000057,false,Rx,0,8,00,00,FE,FF,FE,FF,00,00,
802000,00000625,false,Rx,0,8,25,00,59,86,01,54,5C,06,
863000,0000060D,false,Rx,0,8,0D,10,83,B6,09,20,70,00,
901000,00000625,false,Rx,0,8,25,00,59,86,01,54,5C,06,
912000,000002C4,false,Rx,0,8,09,20,00,00,7B,02,00,00,
913000,000002C5,false,Rx,0,8,00,00,00,00,00,00,00,00,
913000,000002C6,false,Rx,0,8,32,00,7C,01,00,00,00,00,
964000,0000060D,false,Rx,0,8,0D,10,83,B6,09,20,70,00,
0,00000054,false,Rx,0,8,01,05,00,01,7B,02,00,00,
0,00000055,false,Rx,0,8,10,27,00,00,00,00,00,00,
972000,00000056,false,Rx,0,8,10,27,00,00,00,00,00,00,
972000,00000057,false,Rx,0,8,00,00,FE,FF,FE,FF,00,00,
1000,00000625,false,Rx,0,8,25,00,59,86,01,54,5C,06,
64000,0000060D,false,Rx,0,8,0D,10,83,B6,09,20,70,00,
101000,00000625,false,Rx,0,8,25,00,59,86,01,54,5C,06,
0,000002C4,false,Rx,0,8,09,20,00,00,7B,02,00,00,
0,000002C5,false,Rx,0,8,00,00,00,00,00,00,00,00,
133000,000002C6,false,Rx,0,8,32,00,7C,01,00,00,00,00,
163000,0000060D,false,Rx,0,8,0D,10,83,B6,09,20,70,00,
172000,00000054,false,Rx,0,8,01,05,00,01,7B,02,00,00,
173000,00000055,false,Rx,0,8,10,27,00,00,00,00,00,00,
173000,00000056,false,Rx,0,8,10,27,00,00,00,00,00,00,
173000,00000057,false,Rx,0,8,00,00,FE,FF,FE,FF,00,00,
201000,00000625,false,Rx,0,8,25,00,59,86,01,54,5C,06,
264000,0000060D,false,Rx,0,8,0D,10,83,B6,09,20,70,00,
301000,00000625,false,Rx,0,8,25,00,59,86,01,54,5C,06,
0,000002C4,false,Rx,0,8,09,20,00,00,7B,02,00,00,
0,000002C5,false,Rx,0,8,00,00,00,00,00,00,00,00,
353000,000002C6,false,Rx,0,8,32,00,7C,01,00,00,00,00,
363000,0000060D,false,Rx,0,8,0D,10,83,B6,09,20,70,00,
372000,00000054,false,Rx,0,8,01,05,00,01,7B,02,00,00,
373000,00000055,false,Rx,0,8,10,27,00,00,00,00,00,00,
373000,00000056,false,Rx,0,8,10,27,00,00,00,00,00,00,
373000,00000057,false,Rx,0,8,00,00,FE,FF,FE,FF,00,00,
401000,00000625,false,Rx,0,8,25,00,59,86,01,54,5C,06,
463000,0000060D,false,Rx,0,8,0D,10,83,B6,09,20,70,00,
502000,00000625,false,Rx,0,8,25,00,59,86,01,54,5C,06,
563000,0000060D,false,Rx,0,8,0D,10,83,B6,09,20,70,00,
572000,00000054,false,Rx,0,8,01,05,00,01,7B,02,00,00,
573000,000002C4,false,Rx,0,8,09,20,00,00,7B,02,00,00,
573000,00000055,false,Rx,0,8,10,27,00,00,00,00,00,00,
573000,000002C5,false,Rx,0,8,00,00,00,00,00,00,00,00,
573000,00000056,false,Rx,0,8,10,27,00,00,00,00,00,00,
573000,000002C6,false,Rx,0,8,32,00,7C,01,00,00,00,00,
574000,00000057,false,Rx,0,8,00,00,FE,FF,FE,FF,00,00,
601000,00000625,false,Rx,0,8,25,00,59,86,01,54,5C,06,
663000,0000060D,false,Rx,0,8,0D,10,83,B6,09,20,70,00,
702000,00000625,false,Rx,0,8,25,00,59,86,01,54,5C,06,
763000,0000060D,false,Rx,0,8,0D,10,83,B6,09,20,70,00,
0,00000054,false,Rx,0,8,01,05,00,01,7B,02,00,00,
0,00000055,false,Rx,0,8,10,27,00,00,00,00,00,00,
0,00000056,false,Rx,0,8,10,27,00,00,00,00,00,00,
773000,00000057,false,Rx,0,8,00,00,FE,FF,FE,FF,00,00,
792000,000002C4,false,Rx,0,8,09,20,00,00,7B,02,00,00,
792000,000002C5,false,Rx,0,8,00,00,00,00,00,00,00,00,
792000,000002C6,false,Rx,0,8,32,00,7C,01,00,00,00,00,
801000,00000625,false,Rx,0,8,25,00,59,86,01,54,5C,06,
863000,0000060D,false,Rx,0,8,0D,10,83,B6,09,20,70,00,
902000,00000625,false,Rx,0,8,25,00,59,86,01,54,5C,06,
964000,0000060D,false,Rx,0,8,0D,10,83,B6,09,20,70,00,
972000,00000054,false,Rx,0,8,01,05,00,01,7B,02,00,00,
972000,00000055,false,Rx,0,8,10,27,00,00,00,00,00,00,
973000,00000056,false,Rx,0,8,10,27,00,00,00,00,00,00,
973000,00000057,false,Rx,0,8,00,00,FE,FF,FE,FF,00,00,
2000,00000625,false,Rx,0,8,25,00,59,86,01,54,5C,06,
12000,000002C4,false,Rx,0,8,09,20,00,00,7B,02,00,00,
12000,000002C5,false,Rx,0,8,00,00,00,00,00,00,00,00,
12000,000002C6,false,Rx,0,8,32,00,7C,01,00,00,00,00,
63000,0000060D,false,Rx,0,8,0D,10,83,B6,09,20,70,00,
102000,00000625,false,Rx,0,8,25,00,59,86,01,54,5C,06,
163000,0000060D,false,Rx,0,8,0D,10,83,B6,09,20,70,00,
172000,00000054,false,Rx,0,8,01,05,00,01,7B,02,00,00,
172000,00000055,false,Rx,0,8,10,27,00,00,00,00,00,00,
172000,00000056,false,Rx,0,8,10,27,00,00,00,00,00,00,
173000,00000057,false,Rx,0,8,00,00,FE,FF,FE,FF,00,00,
202000,00000625,false,Rx,0,8,25,00,59,86,01,54,5C,06,
232000,000002C4,false,Rx,0,8,09,20,00,00,7B,02,00,00,
232000,000002C5,false,Rx,0,8,00,00,00,00,00,00,00,00,
233000,000002C6,false,Rx,0,8,32,00,7C,01,00,00,00,00,
263000,0000060D,false,Rx,0,8,0D,10,83,B6,09,20,70,00,
301000,00000625,false,Rx,0,8,25,00,59,86,01,54,5C,06,
362000,0000060D,false,Rx,0,8,0D,10,83,B6,09,20,70,00,
0,00000054,false,Rx,0,8,01,05,00,01,7B,02,00,00,
0,00000055,false,Rx,0,8,10,27,00,00,00,00,00,00,
0,00000056,false,Rx,0,8,10,27,00,00,00,00,00,00,
0,00000057,false,Rx,0,8,00,00,FE,FF,FE,FF,00,00,
401000,00000625,false,Rx,0,8,25,00,59,86,01,54,5C,06,
0,000002C4,false,Rx,0,8,09,20,00,00,7B,02,00,00,
0,000002C5,false,Rx,0,8,00,00,00,00,00,00,00,00,
453000,000002C6,false,Rx,0,8,32,00,7C,01,00,00,00,00,
463000,0000060D,false,Rx,0,8,0D,10,83,B6,09,20,70,00,
502000,00000625,false,Rx,0,8,25,00,59,86,01,54,5C,06,
566000,0000060D,false,Rx,0,8,0D,10,83,B6,09,20,70,00,
0,00000054,false,Rx,0,8,01,05,00,01,7B,02,00,00,
0,00000055,false,Rx,0,8,10,27,00,00,00,00,00,00,
0,00000056,false,Rx,0,8,10,27,00,00,00,00,00,00,
573000,00000057,false,Rx,0,8,00,00,FE,FF,FE,FF,00,00,
601000,00000625,false,Rx,0,8,25,00,59,86,01,54,5C,06,
663000,0000060D,false,Rx,0,8,0D,10,83,B6,09,20,70,00,
673000,000002C4,false,Rx,0,8,09,20,00,00,7B,02,00,00,
673000,000002C5,false,Rx,0,8,00,00,00,00,00,00,00,00,
673000,000002C6,false,Rx,0,8,32,00,7C,01,00,00,00,00,
702000,00000625,false,Rx,0,8,25,00,59,86,01,54,5C,06,
763000,0000060D,false,Rx,0,8,0D,10,83,B6,09,20,70,00,
773000,00000054,false,Rx,0,8,01,05,00,01,7B,02,00,00,
773000,00000055,false,Rx,0,8,10,27,00,00,00,00,00,00,
773000,00000056,false,Rx,0,8,10,27,00,00,00,00,00,00,
774000,00000057,false,Rx,0,8,00,00,FE,FF,FE,FF,00,00,
802000,00000625,false,Rx,0,8,25,00,59,86,01,54,5C,06,
864000,0000060D,false,Rx,0,8,0D,10,83,B6,09,20,70,00,
893000,000002C4,false,Rx,0,8,09,20,00,00,7B,02,00,00,
893000,000002C5,false,Rx,0,8,00,00,00,00,00,00,00,00,
893000,000002C6,false,Rx,0,8,32,00,7C,01,00,00,00,00,
901000,00000625,false,Rx,0,8,25,00,59,86,01,54,5C,06,
963000,0000060D,false,Rx,0,8,0D,10,83,B6,09,20,70,00,
972000,00000054,false,Rx,0,8,01,05,00,01,7B,02,00,00,
973000,00000055,false,Rx,0,8,10,27,00,00,00,00,00,00,
0,00000056,false,Rx,0,8,10,27,00,00,00,00,00,00,
0,00000057,false,Rx,0,8,00,00,FE,FF,FE,FF,00,00,
1000,00000625,false,Rx,0,8,25,00,59,86,01,54,5C,06,
63000,0000060D,false,Rx,0,8,0D,10,83,B6,09,20,70,00,
101000,00000625,false,Rx,0,8,25,00,59,86,01,54,5C,06,
112000,000002C4,false,Rx,0,8,09,20,00,00,7B,02,00,00,
112000,000002C5,false,Rx,0,8,00,00,00,00,00,00,00,00,
112000,000002C6,false,Rx,0,8,32,00,7C,01,00,00,00,00,
163000,0000060D,false,Rx,0,8,0D,10,83,B6,09,20,70,00,
173000,00000054,false,Rx,0,8,01,05,00,01,7B,02,00,00,
174000,00000055,false,Rx,0,8,10,27,00,00,00,00,00,00,
174000,00000056,false,Rx,0,8,10,27,00,00,00,00,00,00,
174000,00000057,false,Rx,0,8,00,00,FE,FF,FE,FF,00,00,
201000,00000625,false,Rx,0,8,25,00,59,86,01,54,5C,06,
263000,0000060D,false,Rx,0,8,0D,10,83,B6,09,20,70,00,
301000,00000625,false,Rx,0,8,25,00,59,86,01,54,5C,06,
332000,000002C4,false,Rx,0,8,09,20,00,00,7B,02,00,00,
332000,000002C5,false,Rx,0,8,00,00,00,00,00,00,00,00,
333000,000002C6,false,Rx,0,8,32,00,7C,01,00,00,00,00,
363000,0000060D,false,Rx,0,8,0D,10,83,B6,09,20,70,00,
0,00000054,false,Rx,0,8,01,05,00,01,7B,02,00,00,
0,00000055,false,Rx,0,8,10,27,00,00,00,00,00,00,
0,00000056,false,Rx,0,8,10,27,00,00,00,00,00,00,
0,00000057,false,Rx,0,8,00,00,FE,FF,FE,FF,00,00,
401000,00000625,false,Rx,0,8,25,00,59,86,01,54,5C,06,
463000,0000060D,false,Rx,0,8,0D,10,83,B6,09,20,70,00,
501000,00000625,false,Rx,0,8,25,00,59,86,01,54,5C,06,
552000,000002C4,false,Rx,0,8,09,20,00,00,7B,02,00,00,
553000,000002C5,false,Rx,0,8,00,00,00,00,00,00,00,00,
553000,000002C6,false,Rx,0,8,32,00,7C,01,00,00,00,00,
563000,0000060D,false,Rx,0,8,0D,10,83,B6,09,20,70,00,
572000,00000054,false,Rx,0,8,01,05,00,01,7B,02,00,00,
572000,00000055,false,Rx,0,8,10,27,00,00,00,00,00,00,
573000,00000056,false,Rx,0,8,10,27,00,00,00,00,00,00,
573000,00000057,false,Rx,0,8,00,00,FE,FF,FE,FF,00,00,
602000,00000625,false,Rx,0,8,25,00,59,86,01,54,5C,06,
663000,0000060D,false,Rx,0,8,0D,10,83,B6,09,20,70,00,
701000,00000625,false,Rx,0,8,25,00,59,86,01,54,5C,06,
763000,0000060D,false,Rx,0,8,0D,10,83,B6,09,20,70,00,
772000,00000054,false,Rx,0,8,01,05,00,01,7B,02,00,00,
772000,000002C4,false,Rx,0,8,09,20,00,00,7B,02,00,00,
772000,00000055,false,Rx,0,8,10,27,00,00,00,00,00,00,
773000,000002C5,false,Rx,0,8,00,00,00,00,00,00,00,00,
773000,00000056,false,Rx,0,8,10,27,00,00,00,00,00,00,
0,000002C6,false,Rx,0,8,32,00,7C,01,00,00,00,00,
0,00000057,false,Rx,0,8,00,00,FE,FF,FE,FF,00,00,
801000,00000625,false,Rx,0,8,25,00,59,86,01,54,5C,06,
863000,0000060D,false,Rx,0,8,0D,10,83,B6,09,20,70,00,
901000,00000625,false,Rx,0,8,25,00,59,86,01,54,5C,06,
963000,0000060D,false,Rx,0,8,0D,10,83,B6,09,20,70,00,
0,00000054,false,Rx,0,8,01,05,00,01,7B,02,00,00,
0,00000055,false,Rx,0,8,10,27,00,00,00,00,00,00,
0,00000056,false,Rx,0,8,10,27,00,00,00,00,00,00,
0,00000057,false,Rx,0,8,00,00,FE,FF,FE,FF,00,00,
0,000002C4,false,Rx,0,8,09,20,00,00,7B,02,00,00,
0,000002C5,false,Rx,0,8,00,00,00,00,00,00,00,00,
994000,000002C6,false,Rx,0,8,32,00,7C,01,00,00,00,00,
0,00000625,false,Rx,0,8,25,00,59,86,01,54,5C,06,
63000,0000060D,false,Rx,0,8,0D,10,83,B6,09,20,70,00,
101000,00000625,false,Rx,0,8,25,00,59,86,01,54,5C,06,
163000,0000060D,false,Rx,0,8,0D,10,83,B6,09,20,70,00,
173000,00000054,false,Rx,0,8,01,05,00,01,7B,02,00,00,
173000,00000055,false,Rx,0,8,10,27,00,00,00,00,00,00,
173000,00000056,false,Rx,0,8,10,27,00,00,00,00,00,00,
173000,00000057,false,Rx,0,8,00,00,FE,FF,FE,FF,00,00,
201000,00000625,false,Rx,0,8,25,00,59,86,01,54,5C,06,
0,000002C4,false,Rx,0,8,09,20,00,00,7B,02,00,00,
0,000002C5,false,Rx,0,8,00,00,00,00,00,00,00,00,
213000,000002C6,false,Rx,0,8,32,00,7C,01,00,00,00,00,
262000,0000060D,false,Rx,0,8,0D,10,83,B6,09,20,70,00,
301000,00000625,false,Rx,0,8,25,00,59,86,01,54,5C,06,
364000,0000060D,false,Rx,0,8,0D,10,83,B6,09,20,70,00,
0,00000054,false,Rx,0,8,01,05,00,01,7B,02,00,00,
0,00000055,false,Rx,0,8,10,27,00,00,00,00,00,00,
0,00000056,false,Rx,0,8,10,27,00,00,00,00,00,00,
374000,00000057,false,Rx,0,8,00,00,FE,FF,FE,FF,00,00,
401000,00000625,false,Rx,0,8,25,00,59,86,01,54,5C,06,
0,000002C4,false,Rx,0,8,09,20,00,00,7B,02,00,00,
0,000002C5,false,Rx,0,8,00,00,00,00,00,00,00,00,
0,000002C6,false,Rx,0,8,32,00,7C,01,00,00,00,00,
463000,0000060D,false,Rx,0,8,0D,10,83,B6,09,20,70,00,
502000,00000625,false,Rx,0,8,25,00,59,86,01,54,5C,06,
563000,0000060D,false,Rx,0,8,0D,10,83,B6,09,20,70,00,
572000,00000054,false,Rx,0,8,01,05,00,01,7B,02,00,00,
572000,00000055,false,Rx,0,8,10,27,00,00,00,00,00,00,
572000,00000056,false,Rx,0,8,10,27,00,00,00,00,00,00,
573000,00000057,false,Rx,0,8,00,00,FE,FF,FE,FF,00,00,
601000,00000625,false,Rx,0,8,25,00,59,86,01,54,5C,06,
652000,000002C4,false,Rx,0,8,09,20,00,00,7B,02,00,00,
652000,000002C5,false,Rx,0,8,00,00,00,00,00,00,00,00,
653000,000002C6,false,Rx,0,8,32,00,7C,01,00,00,00,00,
663000,0000060D,false,Rx,0,8,0D,10,83,B6,09,20,70,00,
701000,00000625,false,Rx,0,8,25,00,59,86,01,54,5C,06,
763000,0000060D,false,Rx,0,8,0D,10,83,B6,09,20,70,00,
0,00000054,false,Rx,0,8,01,05,00,01,7B,02,00,00,
0,00000055,false,Rx,0,8,10,27,00,00,00,00,00,00,
0,00000056,false,Rx,0,8,10,27,00,00,00,00,00,00,
774000,00000057,false,Rx,0,8,00,00,FE,FF,FE,FF,00,00,
802000,00000625,false,Rx,0,8,25,00,59,86,01,54,5C,06,
864000,0000060D,false,Rx,0,8,0D,10,83,B6,09,20,70,00,
872000,000002C4,false,Rx,0,8,09,20,00,00,7B,02,00,00,
872000,000002C5,false,Rx,0,8,00,00,00,00,00,00,00,00,
873000,000002C6,false,Rx,0,8,32,00,7C,01,00,00,00,00,
901000,00000625,false,Rx,0,8,25,00,59,86,01,54,5C,06,
963000,0000060D,false,Rx,0,8,0D,10,83,B6,09,20,70,00,
972000,00000054,false,Rx,0,8,01,05,00,01,7B,02,00,00,
972000,00000055,false,Rx,0,8,10,27,00,00,00,00,00,00,
973000,00000056,false,Rx,0,8,10,27,00,00,00,00,00,00,
973000,00000057,false,Rx,0,8,00,00,FE,FF,FE,FF,00,00,
1000,00000625,false,Rx,0,8,25,00,59,86,01,54,5C,06,
63000,0000060D,false,Rx,0,8,0D,10,83,B6,09,20,70,00,
0,000002C4,false,Rx,0,8,09,20,00,00,7B,02,00,00,
0,000002C5,false,Rx,0,8,00,00,00,00,00,00,00,00,
0,000002C6,false,Rx,0,8,32,00,7C,01,00,00,00,00,
102000,00000625,false,Rx,0,8,25,00,59,86,01,54,5C,06,
163000,0000060D,false,Rx,0,8,0D,10,83,B6,09,20,70,00,
172000,00000054,false,Rx,0,8,01,05,00,01,7B,02,00,00,
173000,00000055,false,Rx,0,8,10,27,00,00,00,00,00,00,
0,00000056,false,Rx,0,8,10,27,00,00,00,00,00,00,
0,00000057,false,Rx,0,8,00,00,FE,FF,FE,FF,00,00,
201000,00000625,false,Rx,0,8,25,00,59,86,01,54,5C,06,
264000,0000060D,false,Rx,0,8,0D,10,83,B6,09,20,70,00,
301000,00000625,false,Rx,0,8,25,00,59,86,01,54,5C,06,
313000,000002C4,false,Rx,0,8,09,20,00,00,7B,02,00,00,
313000,000002C5,false,Rx,0,8,00,00,00,00,00,00,00,00,
313000,000002C6,false,Rx,0,8,32,00,7C,01,00,00,00,00,
363000,0000060D,false,Rx,0,8,0D,10,83,B6,09,20,70,00,
0,00000054,false,Rx,0,8,01,05,00,01,7B,02,00,00,
0,00000055,false,Rx,0,8,10,27,00,00,00,00,00,00,
0,00000056,false,Rx,0,8,10,27,00,00,00,00,00,00,
374000,00000057,false,Rx,0,8,00,00,FE,FF,FE,FF,00,00,
401000,00000625,false,Rx,0,8,25,00,59,86,01,54,5C,06,
463000,0000060D,false,Rx,0,8,0D,10,83,B6,09,20,70,00,
501000,00000625,false,Rx,0,8,25,00,59,86,01,54,5C,06,
532000,000002C4,false,Rx,0,8,09,20,00,00,7B,02,00,00,
533000,000002C5,false,Rx,0,8,00,00,00,00,00,00,00,00,
533000,000002C6,false,Rx,0,8,32,00,7C,01,00,00,00,00,
563000,0000060D,false,Rx,0,8,0D,10,83,B6,09,20,70,00,
572000,00000054,false,Rx,0,8,01,05,00,01,7B,02,00,00,
573000,00000055,false,Rx,0,8,10,27,00,00,00,00,00,00,
573000,00000056,false,Rx,0,8,10,27,00,00,00,00,00,00,
573000,00000057,false,Rx,0,8,00,00,FE,FF,FE,FF,00,00,
600000,00000625,false,Rx,0,8,25,00,59,86,01,54,5C,06,
663000,0000060D,false,Rx,0,8,0D,10,83,B6,09,20,70,00,
701000,00000625,false,Rx,0,8,25,00,59,86,01,54,5C,06,
752000,000002C4,false,Rx,0,8,09,20,00,00,7B,02,00,00,
753000,000002C5,false,Rx,0,8,00,00,00,00,00,00,00,00,
753000,000002C6,false,Rx,0,8,32,00,7C,01,00,00,00,00,
763000,0000060D,false,Rx,0,8,0D,10,83,B6,09,20,70,00,
772000,00000054,false,Rx,0,8,01,05,00,01,7B,02,00,00,
772000,00000055,false,Rx,0,8,10,27,00,00,00,00,00,00,
773000,00000056,false,Rx,0,8,10,27,00,00,00,00,00,00,
773000,00000057,false,Rx,0,8,00,00,FE,FF,FE,FF,00,00,
801000,00000625,false,Rx,0,8,25,00,59,86,01,54,5C,06,
863000,0000060D,false,Rx,0,8,0D,10,83,B6,09,20,70,00,
901000,00000625,false,Rx,0,8,25,00,59,86,01,54,5C,06,
963000,0000060D,false,Rx,0,8,0D,10,83,B6,09,20,70,00,
972000,00000054,false,Rx,0,8,01,05,00,01,7B,02,00,00,
973000,000002C4,false,Rx,0,8,09,20,00,00,7B,02,00,00,
973000,00000055,false,Rx,0,8,10,27,00,00,00,00,00,00,
973000,000002C5,false,Rx,0,8,00,00,00,00,00,00,00,00,
973000,00000056,false,Rx,0,8,10,27,00,00,00,00,00,00,
973000,000002C6,false,Rx,0,8,32,00,7C,01,00,00,00,00,
974000,00000057,false,Rx,0,8,00,00,FE,FF,FE,FF,00,00,
1000,00000625,false,Rx,0,8,25,00,59,86,01,54,5C,06,
63000,0000060D,false,Rx,0,8,0D,10,83,B6,09,20,70,00,
102000,00000625,false,Rx,0,8,25,00,59,86,01,54,5C,06,
163000,0000060D,false,Rx,0,8,0D,10,83,B6,09,20,70,00,
172000,00000054,false,Rx,0,8,01,05,00,01,7B,02,00,00,
172000,00000055,false,Rx,0,8,10,27,00,00,00,00,00,00,
173000,00000056,false,Rx,0,8,10,27,00,00,00,00,00,00,
173000,00000057,false,Rx,0,8,00,00,FE,FF,FE,FF,00,00,
192000,000002C4,false,Rx,0,8,09,20,00,00,7B,02,00,00,
193000,000002C5,false,Rx,0,8,00,00,00,00,00,00,00,00,
193000,000002C6,false,Rx,0,8,32,00,7C,01,00,00,00,00,
202000,00000625,false,Rx,0,8,25,00,59,86,01,54,5C,06,
263000,0000060D,false,Rx,0,8,0D,10,83,B6,09,20,70,00,
301000,00000625,false,Rx,0,8,25,00,59,86,01,54,5C,06,
363000,0000060D,false,Rx,0,8,0D,10,83,B6,09,20,70,00,
373000,00000054,false,Rx,0,8,01,05,00,01,7B,02,00,00,
373000,00000055,false,Rx,0,8,10,27,00,00,00,00,00,00,
373000,00000056,false,Rx,0,8,10,27,00,00,00,00,00,00,
373000,00000057,false,Rx,0,8,00,00,FE,FF,FE,FF,00,00,
401000,00000625,false,Rx,0,8,25,00,59,86,01,54,5C,06,
413000,000002C4,false,Rx,0,8,09,20,00,00,7B,02,00,00,
413000,000002C5,false,Rx,0,8,00,00,00,00,00,00,00,00,
413000,000002C6,false,Rx,0,8,32,00,7C,01,00,00,00,00,
463000,0000060D,false,Rx,0,8,0D,10,83,B6,09,20,70,00,
501000,00000625,false,Rx,0,8,25,00,59,86,01,54,5C,06,
563000,0000060D,false,Rx,0,8,0D,10,83,B6,09,20,70,00,
0,00000054,false,Rx,0,8,01,05,00,01,7B,02,00,00,
0,00000055,false,Rx,0,8,10,27,00,00,00,00,00,00,
573000,00000056,false,Rx,0,8,10,27,00,00,00,00,00,00,
574000,00000057,false,Rx,0,8,00,00,FE,FF,FE,FF,00,00,
601000,00000625,false,Rx,0,8,25,00,59,86,01,54,5C,06,
632000,000002C4,false,Rx,0,8,09,20,00,00,7B,02,00,00,
632000,000002C5,false,Rx,0,8,00,00,00,00,00,00,00,00,
633000,000002C6,false,Rx,0,8,32,00,7C,01,00,00,00,00,
663000,0000060D,false,Rx,0,8,0D,10,83,B6,09,20,70,00,
701000,00000625,false,Rx,0,8,25,00,59,86,01,54,5C,06,
763000,0000060D,false,Rx,0,8,0D,10,83,B6,09,20,70,00,
772000,00000054,false,Rx,0,8,01,05,00,01,7B,02,00,00,
772000,00000055,false,Rx,0,8,10,27,00,00,00,00,00,00,
773000,00000056,false,Rx,0,8,10,27,00,00,00,00,00,00,
773000,00000057,false,Rx,0,8,00,00,FE,FF,FE,FF,00,00,
801000,00000625,false,Rx,0,8,25,00,59,86,01,54,5C,06,
0,000002C4,false,Rx,0,8,09,20,00,00,7B,02,00,00,
0,000002C5,false,Rx,0,8,00,00,00,00,00,00,00,00,
853000,000002C6,false,Rx,0,8,32,00,7C,01,00,00,00,00,
863000,0000060D,false,Rx,0,8,0D,10,83,B6,09,20,70,00,
901000,00000625,false,Rx,0,8,25,00,59,86,01,54,5C,06,
964000,0000060D,false,Rx,0,8,0D,10,83,B6,09,20,70,00,
0,00000054,false,Rx,0,8,01,05,00,01,7B,02,00,00,
0,00000055,false,Rx,0,8,10,27,00,00,00,00,00,00,
0,00000056,false,Rx,0,8,10,27,00,00,00,00,00,00,
0,00000057,false,Rx,0,8,00,00,FE,FF,FE,FF,00,00,
1000,00000625,false,Rx,0,8,25,00,59,86,01,54,5C,06,
63000,0000060D,false,Rx,0,8,0D,10,83,B6,09,20,70,00,
73000,000002C4,false,Rx,0,8,09,20,00,00,7B,02,00,00,
73000,000002C5,false,Rx,0,8,00,00,00,00,00,00,00,00,
73000,000002C6,false,Rx,0,8,32,00,7C,01,00,00,00,00,
102000,00000625,false,Rx,0,8,25,00,59,86,01,54,5C,06,
163000,0000060D,false,Rx,0,8,0D,10,83,B6,09,20,70,00,
0,00000054,false,Rx,0,8,01,05,00,01,7B,02,00,00,
0,00000055,false,Rx,0,8,10,27,00,00,00,00,00,00,
173000,00000056,false,Rx,0,8,10,27,00,00,00,00,00,00,
173000,00000057,false,Rx,0,8,00,00,FE,FF,FE,FF,00,00,
201000,00000625,false,Rx,0,8,25,00,59,86,01,54,5C,06,
263000,0000060D,false,Rx,0,8,0D,10,83,B6,09,20,70,00,
293000,000002C4,false,Rx,0,8,09,20,00,00,7B,02,00,00,
293000,000002C5,false,Rx,0,8,00,00,00,00,00,00,00,00,
293000,000002C6,false,Rx,0,8,32,00,7C,01,00,00,00,00,
302000,00000625,false,Rx,0,8,25,00,59,86,01,54,5C,06,
363000,0000060D,false,Rx,0,8,0D,10,83,B6,09,20,70,00,
372000,00000054,false,Rx,0,8,01,05,00,01,7B,02,00,00,
373000,00000055,false,Rx,0,8,10,27,00,00,00,00,00,00,
373000,00000056,false,Rx,0,8,10,27,00,00,00,00,00,00,
373000,00000057,false,Rx,0,8,00,00,FE,FF,FE,FF,00,00,
401000,00000625,false,Rx,0,8,25,00,59,86,01,54,5C,06,
463000,0000060D,false,Rx,0,8,0D,10,83,B6,09,20,70,00,
501000,00000625,false,Rx,0,8,25,00,59,86,01,54,5C,06,
512000,000002C4,false,Rx,0,8,09,20,00,00,7B,02,00,00,
0,000002C5,false,Rx,0,8,00,00,00,00,00,00,00,00,
0,000002C6,false,Rx,0,8,32,00,7C,01,00,00,00,00,
563000,0000060D,false,Rx,0,8,0D,10,83,B6,09,20,70,00,
0,00000054,false,Rx,0,8,01,05,00,01,7B,02,00,00,
0,00000055,false,Rx,0,8,10,27,00,00,00,00,00,00,
573000,00000056,false,Rx,0,8,10,27,00,00,00,00,00,00,
573000,00000057,false,Rx,0,8,00,00,FE,FF,FE,FF,00,00,
602000,00000625,false,Rx,0,8,25,00,59,86,01,54,5C,06,
664000,0000060D,false,Rx,0,8,0D,10,83,B6,09,20,70,00,
701000,00000625,false,Rx,0,8,25,00,59,86,01,54,5C,06,
732000,000002C4,false,Rx,0,8,09,20,00,00,7B,02,00,00,
732000,000002C5,false,Rx,0,8,00,00,00,00,00,00,00,00,
733000,000002C6,false,Rx,0,8,32,00,7C,01,00,00,00,00,
763000,0000060D,false,Rx,0,8,0D,10,83,B6,09,20,70,00,
0,00000054,false,Rx,0,8,01,05,00,01,7B,02,00,00,
0,00000055,false,Rx,0,8,10,27,00,00,00,00,00,00,
0,00000056,false,Rx,0,8,10,27,00,00,00,00,00,00,
774000,00000057,false,Rx,0,8,00,00,FE,FF,FE,FF,00,00,
801000,00000625,false,Rx,0,8,25,00,59,86,01,54,5C,06,
863000,0000060D,false,Rx,0,8,0D,10,83,B6,09,20,70,00,
901000,00000625,false,Rx,0,8,25,00,59,86,01,54,5C,06,
952000,000002C4,false,Rx,0,8,09,20,00,00,7B,02,00,00,
953000,000002C5,false,Rx,0,8,00,00,00,00,00,00,00,00,
953000,000002C6,false,Rx,0,8,32,00,7C,01,00,00,00,00,
964000,0000060D,false,Rx,0,8,0D,10,83,B6,09,20,70,00,
972000,00000054,false,Rx,0,8,01,05,00,01,7B,02,00,00,
972000,00000055,false,Rx,0,8,10,27,00,00,00,00,00,00,
973000,00000056,false,Rx,0,8,10,27,00,00,00,00,00,00,
973000,00000057,false,Rx,0,8,00,00,FE,FF,FE,FF,00,00,
2000,00000625,false,Rx,0,8,25,00,59,86,01,54,5C,06,
63000,0000060D,false,Rx,0,8,0D,10,83,B6,09,20,70,00,
101000,00000625,false,Rx,0,8,25,00,59,86,01,54,5C,06,
163000,0000060D,false,Rx,0,8,0D,10,83,B6,09,20,70,00,
172000,00000054,false,Rx,0,8,01,05,00,01,7B,02,00,00,
172000,000002C4,false,Rx,0,8,09,20,00,00,7B,02,00,00,
173000,00000055,false,Rx,0,8,10,27,00,00,00,00,00,00,
173000,000002C5,false,Rx,0,8,00,00,00,00,00,00,00,00,
173000,00000056,false,Rx,0,8,10,27,00,00,00,00,00,00,
173000,000002C6,false,Rx,0,8,32,00,7C,01,00,00,00,00,
174000,00000057,false,Rx,0,8,00,00,FE,FF,FE,FF,00,00,
201000,00000625,false,Rx,0,8,25,00,59,86,01,54,5C,06,
263000,0000060D,false,Rx,0,8,0D,10,83,B6,09,20,70,00,
301000,00000625,false,Rx,0,8,25,00,59,86,01,54,5C,06,
363000,0000060D,false,Rx,0,8,0D,10,83,B6,09,20,70,00,
0,00000054,false,Rx,0,8,01,05,00,01,7B,02,00,00,
0,00000055,false,Rx,0,8,10,27,00,00,00,00,00,00,
372000,00000056,false,Rx,0,8,10,27,00,00,00,00,00,00,
373000,00000057,false,Rx,0,8,00,00,FE,FF,FE,FF,00,00,
0,000002C4,false,Rx,0,8,09,20,00,00,7B,02,00,00,
0,000002C5,false,Rx,0,8,00,00,00,00,00,00,00,00,
394000,000002C6,false,Rx,0,8,32,00,7C,01,00,00,00,00,
401000,00000625,false,Rx,0,8,25,00,59,86,01,54,5C,06,
463000,0000060D,false,Rx,0,8,0D,10,83,B6,09,20,70,00,
502000,00000625,false,Rx,0,8,25,00,59,86,01,54,5C,06,
562000,0000060D,false,Rx,0,8,0D,10,83,B6,09,20,70,00,
572000,00000054,false,Rx,0,8,01,05,00,01,7B,02,00,00,
572000,00000055,false,Rx,0,8,10,27,00,00,00,00,00,00,
573000,00000056,false,Rx,0,8,10,27,00,00,00,00,00,00,
573000,00000057,false,Rx,0,8,00,00,FE,FF,FE,FF,00,00,
602000,00000625,false,Rx,0,8,25,00,59,86,01,54,5C,06,
612000,000002C4,false,Rx,0,8,09,20,00,00,7B,02,00,00,
612000,000002C5,false,Rx,0,8,00,00,00,00,00,00,00,00,
613000,000002C6,false,Rx,0,8,32,00,7C,01,00,00,00,00,
662000,0000060D,false,Rx,0,8,0D,10,83,B6,09,20,70,00,
701000,00000625,false,Rx,0,8,25,00,59,86,01,54,5C,06,
763000,0000060D,false,Rx,0,8,0D,10,83,B6,09,20,70,00,
772000,00000054,false,Rx,0,8,01,05,00,01,7B,02,00,00,
773000,00000055,false,Rx,0,8,10,27,00,00,00,00,00,00,
773000,00000056,false,Rx,0,8,10,27,00,00,00,00,00,00,
773000,00000057,false,Rx,0,8,00,00,FE,FF,FE,FF,00,00,
801000,00000625,false,Rx,0,8,25,00,59,86,01,54,5C,06,
832000,000002C4,false,Rx,0,8,09,20,00,00,7B,02,00,00,
833000,000002C5,false,Rx,0,8,00,00,00,00,00,00,00,00,
833000,000002C6,false,Rx,0,8,32,00,7C,01,00,00,00,00,
863000,0000060D,false,Rx,0,8,0D,10,83,B6,09,20,70,00,
901000,00000625,false,Rx,0,8,25,00,59,86,01,54,5C,06,
963000,0000060D,false,Rx,0,8,0D,10,83,B6,09,20,70,00,
973000,00000054,false,Rx,0,8,01,05,00,01,7B,02,00,00,
973000,00000055,false,Rx,0,8,10,27,00,00,00,00,00,00,
973000,00000056,false,Rx,0,8,10,27,00,00,00,00,00,00,
974000,00000057,false,Rx,0,8,00,00,FE,FF,FE,FF,00,00,
1000,00000625,false,Rx,0,8,25,00,59,86,01,54,5C,06,
52000,000002C4,false,Rx,0,8,09,20,00,00,7B,02,00,00,
53000,000002C5,false,Rx,0,8,00,00,00,00,00,00,00,00,
53000,000002C6,false,Rx,0,8,32,00,7C,01,00,00,00,00,
63000,0000060D,false,Rx,0,8,0D,10,83,B6,09,20,70,00,
102000,00000625,false,Rx,0,8,25,00,59,86,01,54,5C,06,
163000,0000060D,false,Rx,0,8,0D,10,83,B6,09,20,70,00,
0,00000054,false,Rx,0,8,01,05,00,01,7B,02,00,00,
0,00000055,false,Rx,0,8,10,27,00,00,00,00,00,00,
0,00000056,false,Rx,0,8,10,27,00,00,00,00,00,00,
173000,00000057,false,Rx,0,8,00,00,FE,FF,FE,FF,00,00,
200000,00000625,false,Rx,0,8,25,00,59,86,01,54,5C,06,
264000,0000060D,false,Rx,0,8,0D,10,83,B6,09,20,70,00,
272000,000002C4,false,Rx,0,8,09,20,00,00,7B,02,00,00,
273000,000002C5,false,Rx,0,8,00,00,00,00,00,00,00,00,
273000,000002C6,false,Rx,0,8,32,00,7C,01,00,00,00,00,
301000,00000625,false,Rx,0,8,25,00,59,86,01,54,5C,06,
363000,0000060D,false,Rx,0,8,0D,10,83,B6,09,20,70,00,
0,00000054,false,Rx,0,8,01,05,00,01,7B,02,00,00,
0,00000055,false,Rx,0,8,10,27,00,00,00,00,00,00,
0,00000056,false,Rx,0,8,10,27,00,00,00,00,00,00,
0,00000057,false,Rx,0,8,00,00,FE,FF,FE,FF,00,00,
402000,00000625,false,Rx,0,8,25,00,59,86,01,54,5C,06,
463000,0000060D,false,Rx,0,8,0D,10,83,B6,09,20,70,00,
0,000002C4,false,Rx,0,8,09,20,00,00,7B,02,00,00,
0,000002C5,false,Rx,0,8,00,00,00,00,00,00,00,00,
493000,000002C6,false,Rx,0,8,32,00,7C,01,00,00,00,00,
500000,00000625,false,Rx,0,8,25,00,59,86,01,54,5C,06,
563000,0000060D,false,Rx,0,8,0D,10,83,B6,09,20,70,00,
573000,00000054,false,Rx,0,8,01,05,00,01,7B,02,00,00,
573000,00000055,false,Rx,0,8,10,27,00,00,00,00,00,00,
573000,00000056,false,Rx,0,8,10,27,00,00,00,00,00,00,
573000,00000057,false,Rx,0,8,00,00,FE,FF,FE,FF,00,00,
601000,00000625,false,Rx,0,8,25,00,59,86,01,54,5C,06,
664000,0000060D,false,Rx,0,8,0D,10,83,B6,09,20,70,00,
701000,00000625,false,Rx,0,8,25,00,59,86,01,54,5C,06,
712000,000002C4,false,Rx,0,8,09,20,00,00,7B,02,00,00,
713000,000002C5,false,Rx,0,8,00,00,00,00,00,00,00,00,
713000,000002C6,false,Rx,0,8,32,00,7C,01,00,00,00,00,
763000,0000060D,false,Rx,0,8,0D,10,83,B6,09,20,70,00,
772000,00000054,false,Rx,0,8,01,05,00,01,7B,02,00,00,
772000,00000055,false,Rx,0,8,10,27,00,00,00,00,00,00,
772000,00000056,false,Rx,0,8,10,27,00,00,00,00,00,00,
773000,00000057,false,Rx,0,8,00,00,FE,FF,FE,FF,00,00,
801000,00000625,false,Rx,0,8,25,00,59,86,01,54,5C,06,
863000,0000060D,false,Rx,0,8,0D,10,83,B6,09,20,70,00,
901000,00000625,false,Rx,0,8,25,00,59,86,01,54,5C,06,
0,000002C4,false,Rx,0,8,09,20,00,00,7B,02,00,00,
0,000002C5,false,Rx,0,8,00,00,00,00,00,00,00,00,
933000,000002C6,false,Rx,0,8,32,00,7C,01,00,00,00,00,
964000,0000060D,false,Rx,0,8,0D,10,83,B6,09,20,70,00,
973000,00000054,false,Rx,0,8,01,05,00,01,7B,02,00,00,
973000,00000055,false,Rx,0,8,10,27,00,00,00,00,00,00,
0,00000056,false,Rx,0,8,10,27,00,00,00,00,00,00,
0,00000057,false,Rx,0,8,00,00,FE,FF,FE,FF,00,00,
1000,00000625,false,Rx,0,8,25,00,59,86,01,54,5C,06,
64000,0000060D,false,Rx,0,8,0D,10,83,B6,09,20,70,00,
101000,00000625,false,Rx,0,8,25,00,59,86,01,54,5C,06,
153000,000002C4,false,Rx,0,8,09,20,00,00,7B,02,00,00,
153000,000002C5,false,Rx,0,8,00,00,00,00,00,00,00,00,
153000,000002C6,false,Rx,0,8,32,00,7C,01,00,00,00,00,
163000,0000060D,false,Rx,0,8,0D,10,83,B6,09,20,70,00,
173000,00000054,false,Rx,0,8,01,05,00,01,7B,02,00,00,
173000,00000055,false,Rx,0,8,10,27,00,00,00,00,00,00,
173000,00000056,false,Rx,0,8,10,27,00,00,00,00,00,00,
174000,00000057,false,Rx,0,8,00,00,FE,FF,FE,FF,00,00,
201000,00000625,false,Rx,0,8,25,00,59,86,01,54,5C,06,
263000,0000060D,false,Rx,0,8,0D,10,83,B6,09,20,70,00,
302000,00000625,false,Rx,0,8,25,00,59,86,01,54,5C,06,
363000,0000060D,false,Rx,0,8,0D,10,83,B6,09,20,70,00,
373000,00000054,false,Rx,0,8,01,05,00,01,7B,02,00,00,
373000,000002C4,false,Rx,0,8,09,20,00,00,7B,02,00,00,
373000,00000055,false,Rx,0,8,10,27,00,00,00,00,00,00,
373000,000002C5,false,Rx,0,8,00,00,00,00,00,00,00,00,
0,00000056,false,Rx,0,8,10,27,00,00,00,00,00,00,
0,000002C6,false,Rx,0,8,32,00,7C,01,00,00,00,00,
374000,00000057,false,Rx,0,8,00,00,FE,FF,FE,FF,00,00,
402000,00000625,false,Rx,0,8,25,00,59,86,01,54,5C,06,
463000,0000060D,false,Rx,0,8,0D,10,83,B6,09,20,70,00,
501000,00000625,false,Rx,0,8,25,00,59,86,01,54,5C,06,
563000,0000060D,false,Rx,0,8,0D,10,83,B6,09,20,70,00,
573000,00000054,false,Rx,0,8,01,05,00,01,7B,02,00,00,
573000,00000055,false,Rx,0,8,10,27,00,00,00,00,00,00,
573000,00000056,false,Rx,0,8,10,27,00,00,00,00,00,00,
573000,00000057,false,Rx,0,8,00,00,FE,FF,FE,FF,00,00,
593000,000002C4,false,Rx,0,8,09,20,00,00,7B,02,00,00,
593000,000002C5,false,Rx,0,8,00,00,00,00,00,00,00,00,
593000,000002C6,false,Rx,0,8,32,00,7C,01,00,00,00,00,
601000,00000625,false,Rx,0,8,25,00,59,86,01,54,5C,06,
663000,0000060D,false,Rx,0,8,0D,10,83,B6,09,20,70,00,
701000,00000625,false,Rx,0,8,25,00,59,86,01,54,5C,06,
764000,0000060D,false,Rx,0,8,0D,10,83,B6,09,20,70,00,
772000,00000054,false,Rx,0,8,01,05,00,01,7B,02,00,00,
773000,00000055,false,Rx,0,8,10,27,00,00,00,00,00,00,
0,00000056,false,Rx,0,8,10,27,00,00,00,00,00,00,
0,00000057,false,Rx,0,8,00,00,FE,FF,FE,FF,00,00,
801000,00000625,false,Rx,0,8,25,00,59,86,01,54,5C,06,
812000,000002C4,false,Rx,0,8,09,20,00,00,7B,02,00,00,
813000,000002C5,false,Rx,0,8,00,00,00,00,00,00,00,00,
813000,000002C6,false,Rx,0,8,32,00,7C,01,00,00,00,00,
863000,0000060D,false,Rx,0,8,0D,10,83,B6,09,20,70,00,
901000,00000625,false,Rx,0,8,25,00,59,86,01,54,5C,06,
963000,0000060D,false,Rx,0,8,0D,10,83,B6,09,20,70,00,
973000,00000054,false,Rx,0,8,01,05,00,01,7B,02,00,00,
973000,00000055,false,Rx,0,8,10,27,00,00,00,00,00,00,
0,00000056,false,Rx,0,8,10,27,00,00,00,00,00,00,
0,00000057,false,Rx,0,8,00,00,FE,FF,FE,FF,00,00,
1000,00000625,false,Rx,0,8,25,00,59,86,01,54,5C,06,
32000,000002C4,false,Rx,0,8,09,20,00,00,7B,02,00,00,
32000,000002C5,false,Rx,0,8,00,00,00,00,00,00,00,00,
33000,000002C6,false,Rx,0,8,32,00,7C,01,00,00,00,00,
63000,0000060D,false,Rx,0,8,0D,10,83,B6,09,20,70,00,
102000,00000625,false,Rx,0,8,25,00,59,86,01,54,5C,06,
164000,0000060D,false,Rx,0,8,0D,10,83,B6,09,20,70,00,
0,00000054,false,Rx,0,8,01,05,00,01,7B,02,00,00,
0,00000055,false,Rx,0,8,10,27,00,00,00,00,00,00,
173000,00000056,false,Rx,0,8,10,27,00,00,00,00,00,00,
173000,00000057,false,Rx,0,8,00,00,FE,FF,FE,FF,00,00,
201000,00000625,false,Rx,0,8,25,00,59,86,01,54,5C,06,
0,000002C4,false,Rx,0,8,09,20,00,00,7B,02,00,00,
0,000002C5,false,Rx,0,8,00,00,00,00,00,00,00,00,
253000,000002C6,false,Rx,0,8,32,00,7C,01,00,00,00,00,
263000,0000060D,false,Rx,0,8,0D,10,83,B6,09,20,70,00,
301000,00000625,false,Rx,0,8,25,00,59,86,01,54,5C,06,
364000,0000060D,false,Rx,0,8,0D,10,83,B6,09,20,70,00,
372000,00000054,false,Rx,0,8,01,05,00,01,7B,02,00,00,
372000,00000055,false,Rx,0,8,10,27,00,00,00,00,00,00,
373000,00000056,false,Rx,0,8,10,27,00,00,00,00,00,00,
373000,00000057,false,Rx,0,8,00,00,FE,FF,FE,FF,00,00,
401000,00000625,false,Rx,0,8,25,00,59,86,01,54,5C,06,
463000,0000060D,false,Rx,0,8,0D,10,83,B6,09,20,70,00,
0,000002C4,false,Rx,0,8,09,20,00,00,7B,02,00,00,
0,000002C5,false,Rx,0,8,00,00,00,00,00,00,00,00,
474000,000002C6,false,Rx,0,8,32,00,7C,01,00,00,00,00,
501000,00000625,false,Rx,0,8,25,00,59,86,01,54,5C,06,
563000,0000060D,false,Rx,0,8,0D,10,83,B6,09,20,70,00,
573000,00000054,false,Rx,0,8,01,05,00,01,7B,02,00,00,
573000,00000055,false,Rx,0,8,10,27,00,00,00,00,00,00,
573000,00000056,false,Rx,0,8,10,27,00,00,00,00,00,00,
574000,00000057,false,Rx,0,8,00,00,FE,FF,FE,FF,00,00,
601000,00000625,false,Rx,0,8,25,00,59,86,01,54,5C,06,
663000,0000060D,false,Rx,0,8,0D,10,83,B6,09,20,70,00,
692000,000002C4,false,Rx,0,8,09,20,00,00,7B,02,00,00,
692000,000002C5,false,Rx,0,8,00,00,00,00,00,00,00,00,
693000,000002C6,false,Rx,0,8,32,00,7C,01,00,00,00,00,
701000,00000625,false,Rx,0,8,25,00,59,86,01,54,5C,06,
763000,0000060D,false,Rx,0,8,0D,10,83,B6,09,20,70,00,
772000,00000054,false,Rx,0,8,01,05,00,01,7B,02,00,00,
772000,00000055,false,Rx,0,8,10,27,00,00,00,00,00,00,
774000,00000056,false,Rx,0,8,10,27,00,00,00,00,00,00,
774000,00000057,false,Rx,0,8,00,00,FE,FF,FE,FF,00,00,
801000,00000625,false,Rx,0,8,25,00,59,86,01,54,5C,06,
864000,0000060D,false,Rx,0,8,0D,10,83,B6,09,20,70,00,
901000,00000625,false,Rx,0,8,25,00,59,86,01,54,5C,06,
913000,000002C4,false,Rx,0,8,09,20,00,00,7B,02,00,00,
914000,000002C5,false,Rx,0,8,00,00,00,00,00,00,00,00,
914000,000002C6,false,Rx,0,8,32,00,7C,01,00,00,00,00,
964000,0000060D,false,Rx,0,8,0D,10,83,B6,09,20,70,00,
972000,00000054,false,Rx,0,8,01,05,00,01,7B,02,00,00,
0,00000055,false,Rx,0,8,10,27,00,00,00,00,00,00,
0,00000056,false,Rx,0,8,10,27,00,00,00,00,00,00,
973000,00000057,false,Rx,0,8,00,00,FE,FF,FE,FF,00,00,
2000,00000625,false,Rx,0,8,25,00,59,86,01,54,5C,06,
63000,0000060D,false,Rx,0,8,0D,10,83,B6,09,20,70,00,
101000,00000625,false,Rx,0,8,25,00,59,86,01,54,5C,06,
133000,000002C4,false,Rx,0,8,09,20,00,00,7B,02,00,00,
133000,000002C5,false,Rx,0,8,00,00,00,00,00,00,00,00,
133000,000002C6,false,Rx,0,8,32,00,7C,01,00,00,00,00,
163000,0000060D,false,Rx,0,8,0D,10,83,B6,09,20,70,00,
172000,00000054,false,Rx,0,8,01,05,00,01,7B,02,00,00,
172000,00000055,false,Rx,0,8,10,27,00,00,00,00,00,00,
0,00000056,false,Rx,0,8,10,27,00,00,00,00,00,00,
0,00000057,false,Rx,0,8,00,00,FE,FF,FE,FF,00,00,
201000,00000625,false,Rx,0,8,25,00,59,86,01,54,5C,06,
264000,0000060D,false,Rx,0,8,0D,10,83,B6,09,20,70,00,
301000,00000625,false,Rx,0,8,25,00,59,86,01,54,5C,06,
0,000002C4,false,Rx,0,8,09,20,00,00,7B,02,00,00,
0,000002C5,false,Rx,0,8,00,00,00,00,00,00,00,00,
0,000002C6,false,Rx,0,8,32,00,7C,01,00,00,00,00,
364000,0000060D,false,Rx,0,8,0D,10,83,B6,09,20,70,00,
0,00000054,false,Rx,0,8,01,05,00,01,7B,02,00,00,
0,00000055,false,Rx,0,8,10,27,00,00,00,00,00,00,
373000,00000056,false,Rx,0,8,10,27,00,00,00,00,00,00,
373000,00000057,false,Rx,0,8,00,00,FE,FF,FE,FF,00,00,
402000,00000625,false,Rx,0,8,25,00,59,86,01,54,5C,06,
463000,0000060D,false,Rx,0,8,0D,10,83,B6,09,20,70,00,
501000,00000625,false,Rx,0,8,25,00,59,86,01,54,5C,06,
563000,0000060D,false,Rx,0,8,0D,10,83,B6,09,20,70,00,
572000,00000054,false,Rx,0,8,01,05,00,01,7B,02,00,00,
572000,000002C4,false,Rx,0,8,09,20,00,00,7B,02,00,00,
573000,00000055,false,Rx,0,8,10,27,00,00,00,00,00,00,
573000,000002C5,false,Rx,0,8,00,00,00,00,00,00,00,00,
0,00000056,false,Rx,0,8,10,27,00,00,00,00,00,00,
0,000002C6,false,Rx,0,8,32,00,7C,01,00,00,00,00,
574000,00000057,false,Rx,0,8,00,00,FE,FF,FE,FF,00,00,
602000,00000625,false,Rx,0,8,25,00,59,86,01,54,5C,06,
663000,0000060D,false,Rx,0,8,0D,10,83,B6,09,20,70,00,
702000,00000625,false,Rx,0,8,25,00,59,86,01,54,5C,06,
763000,0000060D,false,Rx,0,8,0D,10,83,B6,09,20,70,00,
772000,00000054,false,Rx,0,8,01,05,00,01,7B,02,00,00,
772000,00000055,false,Rx,0,8,10,27,00,00,00,00,00,00,
773000,00000056,false,Rx,0,8,10,27,00,00,00,00,00,00,
773000,00000057,false,Rx,0,8,00,00,FE,FF,FE,FF,00,00,
792000,000002C4,false,Rx,0,8,09,20,00,00,7B,02,00,00,
0,000002C5,false,Rx,0,8,00,00,00,00,00,00,00,00,
0,000002C6,false,Rx,0,8,32,00,7C,01,00,00,00,00,
802000,00000625,false,Rx,0,8,25,00,59,86,01,54,5C,06,
863000,0000060D,false,Rx,0,8,0D,10,83,B6,09,20,70,00,
902000,00000625,false,Rx,0,8,25,00,59,86,01,54,5C,06,
963000,0000060D,false,Rx,0,8,0D,10,83,B6,09,20,70,00,
973000,00000054,false,Rx,0,8,01,05,00,01,7B,02,00,00,
973000,00000055,false,Rx,0,8,10,27,00,00,00,00,00,00,
973000,00000056,false,Rx,0,8,10,27,00,00,00,00,00,00,
974000,00000057,false,Rx,0,8,00,00,FE,FF,FE,FF,00,00,
1000,00000625,false,Rx,0,8,25,00,59,86,01,54,5C,06,
0,000002C4,false,Rx,0,8,09,20,00,00,7B,02,00,00,
0,000002C5,false,Rx,0,8,00,00,00,00,00,00,00,00,
13000,000002C6,false,Rx,0,8,32,00,7C,01,00,00,00,00,
63000,0000060D,false,Rx,0,8,0D,10,83,B6,09,20,70,00,
101000,00000625,false,Rx,0,8,25,00,59,86,01,54,5C,06,
163000,0000060D,false,Rx,0,8,0D,10,83,B6,09,20,70,00,
172000,00000054,false,Rx,0,8,01,05,00,01,7B,02,00,00,
172000,00000055,false,Rx,0,8,10,27,00,00,00,00,00,00,
172000,00000056,false,Rx,0,8,10,27,00,00,00,00,00,00,
173000,00000057,false,Rx,0,8,00,00,FE,FF,FE,FF,00,00,
202000,00000625,false,Rx,0,8,25,00,59,86,01,54,5C,06,
0,000002C4,false,Rx,0,8,09,20,00,00,7B,02,00,00,
0,000002C5,false,Rx,0,8,00,00,00,00,00,00,00,00,
233000,000002C6,false,Rx,0,8,32,00,7C,01,00,00,00,00,
263000,0000060D,false,Rx,0,8,0D,10,83,B6,09,20,70,00,
301000,00000625,false,Rx,0,8,25,00,59,86,01,54,5C,06,
363000,0000060D,false,Rx,0,8,0D,10,83,B6,09,20,70,00,
372000,00000054,false,Rx,0,8,01,05,00,01,7B,02,00,00,
372000,00000055,false,Rx,0,8,10,27,00,00,00,00,00,00,
373000,00000056,false,Rx,0,8,10,27,00,00,00,00,00,00,
373000,00000057,false,Rx,0,8,00,00,FE,FF,FE,FF,00,00,
401000,00000625,false,Rx,0,8,25,00,59,86,01,54,5C,06,
0,000002C4,false,Rx,0,8,09,20,00,00,7B,02,00,00,
0,000002C5,false,Rx,0,8,00,00,00,00,00,00,00,00,
453000,000002C6,false,Rx,0,8,32,00,7C,01,00,00,00,00,
464000,0000060D,false,Rx,0,8,0D,10,83,B6,09,20,70,00,
501000,00000625,false,Rx,0,8,25,00,59,86,01,54,5C,06,
562000,0000060D,false,Rx,0,8,0D,10,83,B6,09,20,70,00,
572000,00000054,false,Rx,0,8,01,05,00,01,7B,02,00,00,
573000,00000055,false,Rx,0,8,10,27,00,00,00,00,00,00,
0,00000056,false,Rx,0,8,10,27,00,00,00,00,00,00,
0,00000057,false,Rx,0,8,00,00,FE,FF,FE,FF,00,00,
601000,00000625,false,Rx,0,8,25,00,59,86,01,54,5C,06,
663000,0000060D,false,Rx,0,8,0D,10,83,B6,09,20,70,00,
673000,000002C4,false,Rx,0,8,09,20,00,00,7B,02,00,00,
673000,000002C5,false,Rx,0,8,00,00,00,00,00,00,00,00,
673000,000002C6,false,Rx,0,8,32,00,7C,01,00,00,00,00,
702000,00000625,false,Rx,0,8,25,00,59,86,01,54,5C,06,
763000,0000060D,false,Rx,0,8,0D,10,83,B6,09,20,70,00,
0,00000054,false,Rx,0,8,01,05,00,01,7B,02,00,00,
0,00000055,false,Rx,0,8,10,27,00,00,00,00,00,00,
773000,00000056,false,Rx,0,8,10,27,00,00,00,00,00,00,
774000,00000057,false,Rx,0,8,00,00,FE,FF,FE,FF,00,00,
801000,00000625,false,Rx,0,8,25,00,59,86,01,54,5C,06,
863000,0000060D,false,Rx,0,8,0D,10,83,B6,09,20,70,00,
892000,000002C4,false,Rx,0,8,09,20,00,00,7B,02,00,00,
892000,000002C5,false,Rx,0,8,00,00,00,00,00,00,00,00,
893000,000002C6,false,Rx,0,8,32,00,7C,01,00,00,00,00,
901000,00000625,false,Rx,0,8,25,00,59,86,01,54,5C,06,
963000,0000060D,false,Rx,0,8,0D,10,83,B6,09,20,70,00,
972000,00000054,false,Rx,0,8,01,05,00,01,7B,02,00,00,
0,00000055,false,Rx,0,8,10,27,00,00,00,00,00,00,
0,00000056,false,Rx,0,8,10,27,00,00,00,00,00,00,
974000,00000057,false,Rx,0,8,00,00,FE,FF,FE,FF,00,00,
1000,00000625,false,Rx,0,8,25,00,59,86,01,54,5C,06,
64000,0000060D,false,Rx,0,8,0D,10,83,B6,09,20,70,00,
102000,00000625,false,Rx,0,8,25,00,59,86,01,54,5C,06,
113000,000002C4,false,Rx,0,8,09,20,00,00,7B,02,00,00,
113000,000002C5,false,Rx,0,8,00,00,00,00,00,00,00,00,
113000,000002C6,false,Rx,0,8,32,00,7C,01,00,00,00,00,
163000,0000060D,false,Rx,0,8,0D,10,83,B6,09,20,70,00,
0,00000054,false,Rx,0,8,01,05,00,01,7B,02,00,00,
0,00000055,false,Rx,0,8,10,27,00,00,00,00,00,00,
173000,00000056,false,Rx,0,8,10,27,00,00,00,00,00,00,
174000,00000057,false,Rx,0,8,00,00,FE,FF,FE,FF,00,00,
201000,00000625,false,Rx,0,8,25,00,59,86,01,54,5C,06,
263000,0000060D,false,Rx,0,8,0D,10,83,B6,09,20,70,00,
301000,00000625,false,Rx,0,8,25,00,59,86,01,54,5C,06,
332000,000002C4,false,Rx,0,8,09,20,00,00,7B,02,00,00,
332000,000002C5,false,Rx,0,8,00,00,00,00,00,00,00,00,
333000,000002C6,false,Rx,0,8,32,00,7C,01,00,00,00,00,
363000,0000060D,false,Rx,0,8,0D,10,83,B6,09,20,70,00,
373000,00000054,false,Rx,0,8,01,05,00,01,7B,02,00,00,
373000,00000055,false,Rx,0,8,10,27,00,00,00,00,00,00,
373000,00000056,false,Rx,0,8,10,27,00,00,00,00,00,00,
373000,00000057,false,Rx,0,8,00,00,FE,FF,FE,FF,00,00,
401000,00000625,false,Rx,0,8,25,00,59,86,01,54,5C,06,
464000,0000060D,false,Rx,0,8,0D,10,83,B6,09,20,70,00,
501000,00000625,false,Rx,0,8,25,00,59,86,01,54,5C,06,
553000,000002C4,false,Rx,0,8,09,20,00,00,7B,02,00,00,
553000,000002C5,false,Rx,0,8,00,00,00,00,00,00,00,00,
553000,000002C6,false,Rx,0,8,32,00,7C,01,00,00,00,00,
562000,0000060D,false,Rx,0,8,0D,10,83,B6,09,20,70,00,
573000,00000054,false,Rx,0,8,01,05,00,01,7B,02,00,00,
573000,00000055,false,Rx,0,8,10,27,00,00,00,00,00,00,
573000,00000056,false,Rx,0,8,10,27,00,00,00,00,00,00,
574000,00000057,false,Rx,0,8,00,00,FE,FF,FE,FF,00,00,
602000,00000625,false,Rx,0,8,25,00,59,86,01,54,5C,06,
663000,0000060D,false,Rx,0,8,0D,10,83,B6,09,20,70,00,
701000,00000625,false,Rx,0,8,25,00,59,86,01,54,5C,06,
763000,0000060D,false,Rx,0,8,0D,10,83,B6,09,20,70,00,
772000,00000054,false,Rx,0,8,01,05,00,01,7B,02,00,00,
772000,000002C4,false,Rx,0,8,09,20,00,00,7B,02,00,00,
773000,00000055,false,Rx,0,8,10,27,00,00,00,00,00,00,
0,000002C5,false,Rx,0,8,00,00,00,00,00,00,00,00,
0,00000056,false,Rx,0,8,10,27,00,00,00,00,00,00,
773000,000002C6,false,Rx,0,8,32,00,7C,01,00,00,00,00,
774000,00000057,false,Rx,0,8,00,00,FE,FF,FE,FF,00,00,
801000,00000625,false,Rx,0,8,25,00,59,86,01,54,5C,06,
863000,0000060D,false,Rx,0,8,0D,10,83,B6,09,20,70,00,
901000,00000625,false,Rx,0,8,25,00,59,86,01,54,5C,06,
963000,0000060D,false,Rx,0,8,0D,10,83,B6,09,20,70,00,
972000,00000054,false,Rx,0,8,01,05,00,01,7B,02,00,00,
972000,00000055,false,Rx,0,8,10,27,00,00,00,00,00,00,
973000,00000056,false,Rx,0,8,10,27,00,00,00,00,00,00,
973000,00000057,false,Rx,0,8,00,00,FE,FF,FE,FF,00,00,
0,000002C4,false,Rx,0,8,09,20,00,00,7B,02,00,00,
0,000002C5,false,Rx,0,8,00,00,00,00,00,00,00,00,
993000,000002C6,false,Rx,0,8,32,00,7C,01,00,00,00,00,
2000,00000625,false,Rx,0,8,25,00,59,86,01,54,5C,06,
63000,0000060D,false,Rx,0,8,0D,10,83,B6,09,20,70,00,
101000,00000625,false,Rx,0,8,25,00,59,86,01,54,5C,06,
163000,0000060D,false,Rx,0,8,0D,10,83,B6,09,20,70,00,
172000,00000054,false,Rx,0,8,01,05,00,01,7B,02,00,00,
172000,00000055,false,Rx,0,8,10,27,00,00,00,00,00,00,
174000,00000056,false,Rx,0,8,10,27,00,00,00,00,00,00,
174000,00000057,false,Rx,0,8,00,00,FE,FF,FE,FF,00,00,
202000,00000625,false,Rx,0,8,25,00,59,86,01,54,5C,06,
0,000002C4,false,Rx,0,8,09,20,00,00,7B,02,00,00,
0,000002C5,false,Rx,0,8,00,00,00,00,00,00,00,00,
213000,000002C6,false,Rx,0,8,32,00,7C,01,00,00,00,00,
264000,0000060D,false,Rx,0,8,0D,10,83,B6,09,20,70,00,
302000,00000625,false,Rx,0,8,25,00,59,86,01,54,5C,06,
363000,0000060D,false,Rx,0,8,0D,10,83,B6,09,20,70,00,
373000,00000054,false,Rx,0,8,01,05,00,01,7B,02,00,00,
373000,00000055,false,Rx,0,8,10,27,00,00,00,00,00,00,
374000,00000056,false,Rx,0,8,10,27,00,00,00,00,00,00,
374000,00000057,false,Rx,0,8,00,00,FE,FF,FE,FF,00,00,
401000,00000625,false,Rx,0,8,25,00,59,86,01,54,5C,06,
0,000002C4,false,Rx,0,8,09,20,00,00,7B,02,00,00,
0,000002C5,false,Rx,0,8,00,00,00,00,00,00,00,00,
0,000002C6,false,Rx,0,8,32,00,7C,01,00,00,00,00,
464000,0000060D,false,Rx,0,8,0D,10,83,B6,09,20,70,00,
502000,00000625,false,Rx,0,8,25,00,59,86,01,54,5C,06,
564000,0000060D,false,Rx,0,8,0D,10,83,B6,09,20,70,00,
572000,00000054,false,Rx,0,8,01,05,00,01,7B,02,00,00,
572000,00000055,false,Rx,0,8,10,27,00,00,00,00,00,00,
572000,00000056,false,Rx,0,8,10,27,00,00,00,00,00,00,
573000,00000057,false,Rx,0,8,00,00,FE,FF,FE,FF,00,00,
601000,00000625,false,Rx,0,8,25,00,59,86,01,54,5C,06,
0,000002C4,false,Rx,0,8,09,20,00,00,7B,02,00,00,
0,000002C5,false,Rx,0,8,00,00,00,00,00,00,00,00,
0,000002C6,false,Rx,0,8,32,00,7C,01,00,00,00,00,
664000,0000060D,false,Rx,0,8,0D,10,83,B6,09,20,70,00,
702000,00000625,false,Rx,0,8,25,00,59,86,01,54,5C,06,
763000,0000060D,false,Rx,0,8,0D,10,83,B6,09,20,70,00,
772000,00000054,false,Rx,0,8,01,05,00,01,7B,02,00,00,
773000,00000055,false,Rx,0,8,10,27,00,00,00,00,00,00,
773000,00000056,false,Rx,0,8,10,27,00,00,00,00,00,00,
773000,00000057,false,Rx,0,8,00,00,FE,FF,FE,FF,00,00,
801000,00000625,false,Rx,0,8,25,00,59,86,01,54,5C,06,
864000,0000060D,false,Rx,0,8,0D,10,83,B6,09,20,70,00,
872000,000002C4,false,Rx,0,8,09,20,00,00,7B,02,00,00,
873000,000002C5,false,Rx,0,8,00,00,00,00,00,00,00,00,
873000,000002C6,false,Rx,0,8,32,00,7C,01,00,00,00,00,
901000,00000625,false,Rx,0,8,25,00,59,86,01,54,5C,06,
963000,0000060D,false,Rx,0,8,0D,10,83,B6,09,20,70,00,
972000,00000054,false,Rx,0,8,01,05,00,01,7B,02,00,00,
973000,00000055,false,Rx,0,8,10,27,00,00,00,00,00,00,
0,00000056,false,Rx,0,8,10,27,00,00,00,00,00,00,
0,00000057,false,Rx,0,8,00,00,FE,FF,FE,FF,00,00,
1000,00000625,false,Rx,0,8,25,00,59,86,01,54,5C,06,
64000,0000060D,false,Rx,0,8,0D,10,83,B6,09,20,70,00,
0,000002C4,false,Rx,0,8,09,20,00,00,7B,02,00,00,
0,000002C5,false,Rx,0,8,00,00,00,00,00,00,00,00,
0,000002C6,false,Rx,0,8,32,00,7C,01,00,00,00,00,
102000,00000625,false,Rx,0,8,25,00,59,86,01,54,5C,06,
163000,0000060D,false,Rx,0,8,0D,10,83,B6,09,20,70,00,
173000,00000054,false,Rx,0,8,01,05,00,01,7B,02,00,00,
173000,00000055,false,Rx,0,8,10,27,00,00,00,00,00,00,
0,00000056,false,Rx,0,8,10,27,00,00,00,00,00,00,
0,00000057,false,Rx,0,8,00,00,FE,FF,FE,FF,00,00,
201000,00000625,false,Rx,0,8,25,00,59,86,01,54,5C,06,
264000,0000060D,false,Rx,0,8,0D,10,83,B6,09,20,70,00,
301000,00000625,false,Rx,0,8,25,00,59,86,01,54,5C,06,
312000,000002C4,false,Rx,0,8,09,20,00,00,7B,02,00,00,
313000,000002C5,false,Rx,0,8,00,00,00,00,00,00,00,00,
313000,000002C6,false,Rx,0,8,32,00,7C,01,00,00,00,00,
363000,0000060D,false,Rx,0,8,0D,10,83,B6,09,20,70,00,
0,00000054,false,Rx,0,8,01,05,00,01,7B,02,00,00,
0,00000055,false,Rx,0,8,10,27,00,00,00,00,00,00,
0,00000056,false,Rx,0,8,10,27,00,00,00,00,00,00,
374000,00000057,false,Rx,0,8,00,00,FE,FF,FE,FF,00,00,
402000,00000625,false,Rx,0,8,25,00,59,86,01,54,5C,06,
462000,0000060D,false,Rx,0,8,0D,10,83,B6,09,20,70,00,
501000,00000625,false,Rx,0,8,25,00,59,86,01,54,5C,06,
533000,000002C4,false,Rx,0,8,09,20,00,00,7B,02,00,00,
533000,000002C5,false,Rx,0,8,00,00,00,00,00,00,00,00,
533000,000002C6,false,Rx,0,8,32,00,7C,01,00,00,00,00,
563000,0000060D,false,Rx,0,8,0D,10,83,B6,09,20,70,00,
572000,00000054,false,Rx,0,8,01,05,00,01,7B,02,00,00,
572000,00000055,false,Rx,0,8,10,27,00,00,00,00,00,00,
572000,00000056,false,Rx,0,8,10,27,00,00,00,00,00,00,
573000,00000057,false,Rx,0,8,00,00,FE,FF,FE,FF,00,00,
602000,00000625,false,Rx,0,8,25,00,59,86,01,54,5C,06,
663000,0000060D,false,Rx,0,8,0D,10,83,B6,09,20,70,00,
702000,00000625,false,Rx,0,8,25,00,59,86,01,54,5C,06,
753000,000002C4,false,Rx,0,8,09,20,00,00,7B,02,00,00,
753000,000002C5,false,Rx,0,8,00,00,00,00,00,00,00,00,
754000,000002C6,false,Rx,0,8,32,00,7C,01,00,00,00,00,
763000,0000060D,false,Rx,0,8,0D,10,83,B6,09,20,70,00,
0,00000054,false,Rx,0,8,01,05,00,01,7B,02,00,00,
0,00000055,false,Rx,0,8,10,27,00,00,00,00,00,00,
774000,00000056,false,Rx,0,8,10,27,00,00,00,00,00,00,
774000,00000057,false,Rx,0,8,00,00,FE,FF,FE,FF,00,00,
802000,00000625,false,Rx,0,8,25,00,59,86,01,54,5C,06,
863000,0000060D,false,Rx,0,8,0D,10,83,B6,09,20,70,00,
901000,00000625,false,Rx,0,8,25,00,59,86,01,54,5C,06,
963000,0000060D,false,Rx,0,8,0D,10,83,B6,09,20,70,00,
973000,00000054,false,Rx,0,8,01,05,00,01,7B,02,00,00,
0,00000055,false,Rx,0,8,10,27,00,00,00,00,00,00,
0,000002C4,false,Rx,0,8,09,20,00,00,7B,02,00,00,
973000,00000056,false,Rx,0,8,10,27,00,00,00,00,00,00,
0,000002C5,false,Rx,0,8,00,00,00,00,00,00,00,00,
0,00000057,false,Rx,0,8,00,00,FE,FF,FE,FF,00,00,
975000,000002C6,false,Rx,0,8,32,00,7C,01,00,00,00,00,
1000,00000625,false,Rx,0,8,25,00,59,86,01,54,5C,06,
63000,0000060D,false,Rx,0,8,0D,10,83,B6,09,20,70,00,
101000,00000625,false,Rx,0,8,25,00,59,86,01,54,5C,06,
163000,0000060D,false,Rx,0,8,0D,10,83,B6,09,20,70,00,
173000,00000054,false,Rx,0,8,01,05,00,01,7B,02,00,00,
173000,00000055,false,Rx,0,8,10,27,00,00,00,00,00,00,
0,00000056,false,Rx,0,8,10,27,00,00,00,00,00,00,
0,00000057,false,Rx,0,8,00,00,FE,FF,FE,FF,00,00,
192000,000002C4,false,Rx,0,8,09,20,00,00,7B,02,00,00,
193000,000002C5,false,Rx,0,8,00,00,00,00,00,00,00,00,
193000,000002C6,false,Rx,0,8,32,00,7C,01,00,00,00,00,
202000,00000625,false,Rx,0,8,25,00,59,86,01,54,5C,06,
263000,0000060D,false,Rx,0,8,0D,10,83,B6,09,20,70,00,
301000,00000625,false,Rx,0,8,25,00,59,86,01,54,5C,06,
363000,0000060D,false,Rx,0,8,0D,10,83,B6,09,20,70,00,
373000,00000054,false,Rx,0,8,01,05,00,01,7B,02,00,00,
373000,00000055,false,Rx,0,8,10,27,00,00,00,00,00,00,
373000,00000056,false,Rx,0,8,10,27,00,00,00,00,00,00,
373000,00000057,false,Rx,0,8,00,00,FE,FF,FE,FF,00,00,
401000,00000625,false,Rx,0,8,25,00,59,86,01,54,5C,06,
413000,000002C4,false,Rx,0,8,09,20,00,00,7B,02,00,00,
413000,000002C5,false,Rx,0,8,00,00,00,00,00,00,00,00,
414000,000002C6,false,Rx,0,8,32,00,7C,01,00,00,00,00,
463000,0000060D,false,Rx,0,8,0D,10,83,B6,09,20,70,00,
501000,00000625,false,Rx,0,8,25,00,59,86,01,54,5C,06,
563000,0000060D,false,Rx,0,8,0D,10,83,B6,09,20,70,00,
572000,00000054,false,Rx,0,8,01,05,00,01,7B,02,00,00,
572000,00000055,false,Rx,0,8,10,27,00,00,00,00,00,00,
573000,00000056,false,Rx,0,8,10,27,00,00,00,00,00,00,
573000,00000057,false,Rx,0,8,00,00,FE,FF,FE,FF,00,00,
602000,00000625,false,Rx,0,8,25,00,59,86,01,54,5C,06,
0,000002C4,false,Rx,0,8,09,20,00,00,7B,02,00,00,
0,000002C5,false,Rx,0,8,00,00,00,00,00,00,00,00,
0,000002C6,false,Rx,0,8,32,00,7C,01,00,00,00,00,
663000,0000060D,false,Rx,0,8,0D,10,83,B6,09,20,70,00,
701000,00000625,false,Rx,0,8,25,00,59,86,01,54,5C,06,
764000,0000060D,false,Rx,0,8,0D,10,83,B6,09,20,70,00,
772000,00000054,false,Rx,0,8,01,05,00,01,7B,02,00,00,
772000,00000055,false,Rx,0,8,10,27,00,00,00,00,00,00,
773000,00000056,false,Rx,0,8,10,27,00,00,00,00,00,00,
773000,00000057,false,Rx,0,8,00,00,FE,FF,FE,FF,00,00,
801000,00000625,false,Rx,0,8,25,00,59,86,01,54,5C,06,
853000,000002C4,false,Rx,0,8,09,20,00,00,7B,02,00,00,
853000,000002C5,false,Rx,0,8,00,00,00,00,00,00,00,00,
853000,000002C6,false,Rx,0,8,32,00,7C,01,00,00,00,00,
863000,0000060D,false,Rx,0,8,0D,10,83,B6,09,20,70,00,
902000,00000625,false,Rx,0,8,25,00,59,86,01,54,5C,06,
963000,0000060D,false,Rx,0,8,0D,10,83,B6,09,20,70,00,
0,00000054,false,Rx,0,8,01,05,00,01,7B,02,00,00,
0,00000055,false,Rx,0,8,10,27,00,00,00,00,00,00,
0,00000056,false,Rx,0,8,10,27,00,00,00,00,00,00,
0,00000057,false,Rx,0,8,00,00,FE,FF,FE,FF,00,00,
1000,00000625,false,Rx,0,8,25,00,59,86,01,54,5C,06,
63000,0000060D,false,Rx,0,8,0D,10,83,B6,09,20,70,00,
72000,000002C4,false,Rx,0,8,09,20,00,00,7B,02,00,00,
73000,000002C5,false,Rx,0,8,00,00,00,00,00,00,00,00,
73000,000002C6,false,Rx,0,8,32,00,7C,01,00,00,00,00,
101000,00000625,false,Rx,0,8,25,00,59,86,01,54,5C,06,
162000,0000060D,false,Rx,0,8,0D,10,83,B6,09,20,70,00,
173000,00000054,false,Rx,0,8,01,05,00,01,7B,02,00,00,
173000,00000055,false,Rx,0,8,10,27,00,00,00,00,00,00,
0,00000056,false,Rx,0,8,10,27,00,00,00,00,00,00,
0,00000057,false,Rx,0,8,00,00,FE,FF,FE,FF,00,00,
201000,00000625,false,Rx,0,8,25,00,59,86,01,54,5C,06,
263000,0000060D,false,Rx,0,8,0D,10,83,B6,09,20,70,00,
293000,000002C4,false,Rx,0,8,09,20,00,00,7B,02,00,00,
293000,000002C5,false,Rx,0,8,00,00,00,00,00,00,00,00,
293000,000002C6,false,Rx,0,8,32,00,7C,01,00,00,00,00,
302000,00000625,false,Rx,0,8,25,00,59,86,01,54,5C,06,
363000,0000060D,false,Rx,0,8,0D,10,83,B6,09,20,70,00,
373000,00000054,false,Rx,0,8,01,05,00,01,7B,02,00,00,
373000,00000055,false,Rx,0,8,10,27,00,00,00,00,00,00,
373000,00000056,false,Rx,0,8,10,27,00,00,00,00,00,00,
373000,00000057,false,Rx,0,8,00,00,FE,FF,FE,FF,00,00,
402000,00000625,false,Rx,0,8,25,00,59,86,01,54,5C,06,
463000,0000060D,false,Rx,0,8,0D,10,83,B6,09,20,70,00,
501000,00000625,false,Rx,0,8,25,00,59,86,01,54,5C,06,
513000,000002C4,false,Rx,0,8,09,20,00,00,7B,02,00,00,
513000,000002C5,false,Rx,0,8,00,00,00,00,00,00,00,00,
513000,000002C6,false,Rx,0,8,32,00,7C,01,00,00,00,00,
563000,0000060D,false,Rx,0,8,0D,10,83,B6,09,20,70,00,
572000,00000054,false,Rx,0,8,01,05,00,01,7B,02,00,00,
572000,00000055,false,Rx,0,8,10,27,00,00,00,00,00,00,
573000,00000056,false,Rx,0,8,10,27,00,00,00,00,00,00,
573000,00000057,false,Rx,0,8,00,00,FE,FF,FE,FF,00,00,
601000,00000625,false,Rx,0,8,25,00,59,86,01,54,5C,06,
663000,0000060D,false,Rx,0,8,0D,10,83,B6,09,20,70,00,
702000,00000625,false,Rx,0,8,25,00,59,86,01,54,5C,06,
0,000002C4,false,Rx,0,8,09,20,00,00,7B,02,00,00,
0,000002C5,false,Rx,0,8,00,00,00,00,00,00,00,00,
0,000002C6,false,Rx,0,8,32,00,7C,01,00,00,00,00,
763000,0000060D,false,Rx,0,8,0D,10,83,B6,09,20,70,00,
772000,00000054,false,Rx,0,8,01,05,00,01,7B,02,00,00,
772000,00000055,false,Rx,0,8,10,27,00,00,00,00,00,00,
0,00000056,false,Rx,0,8,10,27,00,00,00,00,00,00,
0,00000057,false,Rx,0,8,00,00,FE,FF,FE,FF,00,00,
801000,00000625,false,Rx,0,8,25,00,59,86,01,54,5C,06,
863000,0000060D,false,Rx,0,8,0D,10,83,B6,09,20,70,00,
901000,00000625,false,Rx,0,8,25,00,59,86,01,54,5C,06,
953000,000002C4,false,Rx,0,8,09,20,00,00,7B,02,00,00,
953000,000002C5,false,Rx,0,8,00,00,00,00,00,00,00,00,
953000,000002C6,false,Rx,0,8,32,00,7C,01,00,00,00,00,
963000,0000060D,false,Rx,0,8,0D,10,83,B6,09,20,70,00,
972000,00000054,false,Rx,0,8,01,05,00,01,7B,02,00,00,
972000,00000055,false,Rx,0,8,10,27,00,00,00,00,00,00,
973000,00000056,false,Rx,0,8,10,27,00,00,00,00,00,00,
973000,00000057,false,Rx,0,8,00,00,FE,FF,FE,FF,00,00,
2000,00000625,false,Rx,0,8,25,00,59,86,01,54,5C,06,
63000,0000060D,false,Rx,0,8,0D,10,83,B6,09,20,70,00,
102000,00000625,false,Rx,0,8,25,00,59,86,01,54,5C,06,
163000,0000060D,false,Rx,0,8,0D,10,83,B6,09,20,70,00,
173000,00000054,false,Rx,0,8,01,05,00,01,7B,02,00,00,
173000,00000055,false,Rx,0,8,10,27,00,00,00,00,00,00,
173000,000002C4,false,Rx,0,8,09,20,00,00,7B,02,00,00,
0,00000056,false,Rx,0,8,10,27,00,00,00,00,00,00,
0,000002C5,false,Rx,0,8,00,00,00,00,00,00,00,00,
0,00000057,false,Rx,0,8,00,00,FE,FF,FE,FF,00,00,
0,000002C6,false,Rx,0,8,32,00,7C,01,00,00,00,00,
201000,00000625,false,Rx,0,8,25,00,59,86,01,54,5C,06,
263000,0000060D,false,Rx,0,8,0D,10,83,B6,09,20,70,00,
302000,00000625,false,Rx,0,8,25,00,59,86,01,54,5C,06,
363000,0000060D,false,Rx,0,8,0D,10,83,B6,09,20,70,00,
372000,00000054,false,Rx,0,8,01,05,00,01,7B,02,00,00,
372000,00000055,false,Rx,0,8,10,27,00,00,00,00,00,00,
373000,00000056,false,Rx,0,8,10,27,00,00,00,00,00,00,
373000,00000057,false,Rx,0,8,00,00,FE,FF,FE,FF,00,00,
0,000002C4,false,Rx,0,8,09,20,00,00,7B,02,00,00,
0,000002C5,false,Rx,0,8,00,00,00,00,00,00,00,00,
393000,000002C6,false,Rx,0,8,32,00,7C,01,00,00,00,00,
401000,00000625,false,Rx,0,8,25,00,59,86,01,54,5C,06,
463000,0000060D,false,Rx,0,8,0D,10,83,B6,09,20,70,00,
503000,00000625,false,Rx,0,8,25,00,59,86,01,54,5C,06,
563000,0000060D,false,Rx,0,8,0D,10,83,B6,09,20,70,00,
0,00000054,false,Rx,0,8,01,05,00,01,7B,02,00,00,
0,00000055,false,Rx,0,8,10,27,00,00,00,00,00,00,
573000,00000056,false,Rx,0,8,10,27,00,00,00,00,00,00,
574000,00000057,false,Rx,0,8,00,00,FE,FF,FE,FF,00,00,
602000,00000625,false,Rx,0,8,25,00,59,86,01,54,5C,06,
613000,000002C4,false,Rx,0,8,09,20,00,00,7B,02,00,00,
0,000002C5,false,Rx,0,8,00,00,00,00,00,00,00,00,
0,000002C6,false,Rx,0,8,32,00,7C,01,00,00,00,00,
663000,0000060D,false,Rx,0,8,0D,10,83,B6,09,20,70,00,
703000,00000625,false,Rx,0,8,25,00,59,86,01,54,5C,06,
763000,0000060D,false,Rx,0,8,0D,10,83,B6,09,20,70,00,
0,00000054,false,Rx,0,8,01,05,00,01,7B,02,00,00,
0,00000055,false,Rx,0,8,10,27,00,00,00,00,00,00,
0,00000056,false,Rx,0,8,10,27,00,00,00,00,00,00,
773000,00000057,false,Rx,0,8,00,00,FE,FF,FE,FF,00,00,
801000,00000625,false,Rx,0,8,25,00,59,86,01,54,5C,06,
833000,000002C4,false,Rx,0,8,09,20,00,00,7B,02,00,00,
833000,000002C5,false,Rx,0,8,00,00,00,00,00,00,00,00,
834000,000002C6,false,Rx,0,8,32,00,7C,01,00,00,00,00,
863000,0000060D,false,Rx,0,8,0D,10,83,B6,09,20,70,00,
901000,00000625,false,Rx,0,8,25,00,59,86,01,54,5C,06,
964000,0000060D,false,Rx,0,8,0D,10,83,B6,09,20,70,00,
972000,00000054,false,Rx,0,8,01,05,00,01,7B,02,00,00,
972000,00000055,false,Rx,0,8,10,27,00,00,00,00,00,00,
0,00000056,false,Rx,0,8,10,27,00,00,00,00,00,00,
0,00000057,false,Rx,0,8,00,00,FE,FF,FE,FF,00,00,
1000,00000625,false,Rx,0,8,25,00,59,86,01,54,5C,06,
52000,000002C4,false,Rx,0,8,09,20,00,00,7B,02,00,00,
53000,000002C5,false,Rx,0,8,00,00,00,00,00,00,00,00,
53000,000002C6,false,Rx,0,8,32,00,7C,01,00,00,00,00,
63000,0000060D,false,Rx,0,8,0D,10,83,B6,09,20,70,00,
102000,00000625,false,Rx,0,8,25,00,59,86,01,54,5C,06,
163000,0000060D,false,Rx,0,8,0D,10,83,B6,09,20,70,00,
173000,00000054,false,Rx,0,8,01,05,00,01,7B,02,00,00,
173000,00000055,false,Rx,0,8,10,27,00,00,00,00,00,00,
173000,00000056,false,Rx,0,8,10,27,00,00,00,00,00,00,
173000,00000057,false,Rx,0,8,00,00,FE,FF,FE,FF,00,00,
202000,00000625,false,Rx,0,8,25,00,59,86,01,54,5C,06,
264000,0000060D,false,Rx,0,8,0D,10,83,B6,09,20,70,00,
273000,000002C4,false,Rx,0,8,09,20,00,00,7B,02,00,00,
273000,000002C5,false,Rx,0,8,00,00,00,00,00,00,00,00,
274000,000002C6,false,Rx,0,8,32,00,7C,01,00,00,00,00,
301000,00000625,false,Rx,0,8,25,00,59,86,01,54,5C,06,
364000,0000060D,false,Rx,0,8,0D,10,83,B6,09,20,70,00,
0,00000054,false,Rx,0,8,01,05,00,01,7B,02,00,00,
0,00000055,false,Rx,0,8,10,27,00,00,00,00,00,00,
0,00000056,false,Rx,0,8,10,27,00,00,00,00,00,00,
373000,00000057,false,Rx,0,8,00,00,FE,FF,FE,FF,00,00,
403000,00000625,false,Rx,0,8,25,00,59,86,01,54,5C,06,
464000,0000060D,false,Rx,0,8,0D,10,83,B6,09,20,70,00,
0,000002C4,false,Rx,0,8,09,20,00,00,7B,02,00,00,
0,000002C5,false,Rx,0,8,00,00,00,00,00,00,00,00,
494000,000002C6,false,Rx,0,8,32,00,7C,01,00,00,00,00,
502000,00000625,false,Rx,0,8,25,00,59,86,01,54,5C,06,
563000,0000060D,false,Rx,0,8,0D,10,83,B6,09,20,70,00,
572000,00000054,false,Rx,0,8,01,05,00,01,7B,02,00,00,
572000,00000055,false,Rx,0,8,10,27,00,00,00,00,00,00,
573000,00000056,false,Rx,0,8,10,27,00,00,00,00,00,00,
573000,00000057,false,Rx,0,8,00,00,FE,FF,FE,FF,00,00,
602000,00000625,false,Rx,0,8,25,00,59,86,01,54,5C,06,
664000,0000060D,false,Rx,0,8,0D,10,83,B6,09,20,70,00,
702000,00000625,false,Rx,0,8,25,00,59,86,01,54,5C,06,
0,000002C4,false,Rx,0,8,09,20,00,00,7B,02,00,00,
0,000002C5,false,Rx,0,8,00,00,00,00,00,00,00,00,
0,000002C6,false,Rx,0,8,32,00,7C,01,00,00,00,00,
763000,0000060D,false,Rx,0,8,0D,10,83,B6,09,20,70,00,
772000,00000054,false,Rx,0,8,01,05,00,01,7B,02,00,00,
772000,00000055,false,Rx,0,8,10,27,00,00,00,00,00,00,
773000,00000056,false,Rx,0,8,10,27,00,00,00,00,00,00,
773000,00000057,false,Rx,0,8,00,00,FE,FF,FE,FF,00,00,
801000,00000625,false,Rx,0,8,25,00,59,86,01,54,5C,06,
863000,0000060D,false,Rx,0,8,0D,10,83,B6,09,20,70,00,
901000,00000625,false,Rx,0,8,25,00,59,86,01,54,5C,06,
932000,000002C4,false,Rx,0,8,09,20,00,00,7B,02,00,00,
933000,000002C5,false,Rx,0,8,00,00,00,00,00,00,00,00,
933000,000002C6,false,Rx,0,8,32,00,7C,01,00,00,00,00,
963000,0000060D,false,Rx,0,8,0D,10,83,B6,09,20,70,00,
973000,00000054,false,Rx,0,8,01,05,00,01,7B,02,00,00,
973000,00000055,false,Rx,0,8,10,27,00,00,00,00,00,00,
973000,00000056,false,Rx,0,8,10,27,00,00,00,00,00,00,
974000,00000057,false,Rx,0,8,00,00,FE,FF,FE,FF,00,00,
1000,00000625,false,Rx,0,8,25,00,59,86,01,54,5C,06,
64000,0000060D,false,Rx,0,8,0D,10,83,B6,09,20,70,00,
101000,00000625,false,Rx,0,8,25,00,59,86,01,54,5C,06,
152000,000002C4,false,Rx,0,8,09,20,00,00,7B,02,00,00,
153000,000002C5,false,Rx,0,8,00,00,00,00,00,00,00,00,
153000,000002C6,false,Rx,0,8,32,00,7C,01,00,00,00,00,
164000,0000060D,false,Rx,0,8,0D,10,83,B6,09,20,70,00,
172000,00000054,false,Rx,0,8,01,05,00,01,7B,02,00,00,
172000,00000055,false,Rx,0,8,10,27,00,00,00,00,00,00,
173000,00000056,false,Rx,0,8,10,27,00,00,00,00,00,00,
173000,00000057,false,Rx,0,8,00,00,FE,FF,FE,FF,00,00,
202000,00000625,false,Rx,0,8,25,00,59,86,01,54,5C,06,
264000,0000060D,false,Rx,0,8,0D,10,83,B6,09,20,70,00,
301000,00000625,false,Rx,0,8,25,00,59,86,01,54,5C,06,
363000,0000060D,false,Rx,0,8,0D,10,83,B6,09,20,70,00,
372000,00000054,false,Rx,0,8,01,05,00,01,7B,02,00,00,
373000,00000055,false,Rx,0,8,10,27,00,00,00,00,00,00,
373000,000002C4,false,Rx,0,8,09,20,00,00,7B,02,00,00,
373000,00000056,false,Rx,0,8,10,27,00,00,00,00,00,00,
373000,000002C5,false,Rx,0,8,00,00,00,00,00,00,00,00,
0,00000057,false,Rx,0,8,00,00,FE,FF,FE,FF,00,00,
0,000002C6,false,Rx,0,8,32,00,7C,01,00,00,00,00,
402000,00000625,false,Rx,0,8,25,00,59,86,01,54,5C,06,
463000,0000060D,false,Rx,0,8,0D,10,83,B6,09,20,70,00,
502000,00000625,false,Rx,0,8,25,00,59,86,01,54,5C,06,
562000,0000060D,false,Rx,0,8,0D,10,83,B6,09,20,70,00,
572000,00000054,false,Rx,0,8,01,05,00,01,7B,02,00,00,
0,00000055,false,Rx,0,8,10,27,00,00,00,00,00,00,
0,00000056,false,Rx,0,8,10,27,00,00,00,00,00,00,
573000,00000057,false,Rx,0,8,00,00,FE,FF,FE,FF,00,00,
593000,000002C4,false,Rx,0,8,09,20,00,00,7B,02,00,00,
593000,000002C5,false,Rx,0,8,00,00,00,00,00,00,00,00,
593000,000002C6,false,Rx,0,8,32,00,7C,01,00,00,00,00,
602000,00000625,false,Rx,0,8,25,00,59,86,01,54,5C,06,
663000,0000060D,false,Rx,0,8,0D,10,83,B6,09,20,70,00,
702000,00000625,false,Rx,0,8,25,00,59,86,01,54,5C,06,
764000,0000060D,false,Rx,0,8,0D,10,83,B6,09,20,70,00,
773000,00000054,false,Rx,0,8,01,05,00,01,7B,02,00,00,
0,00000055,false,Rx,0,8,10,27,00,00,00,00,00,00,
0,00000056,false,Rx,0,8,10,27,00,00,00,00,00,00,
774000,00000057,false,Rx,0,8,00,00,FE,FF,FE,FF,00,00,
802000,00000625,false,Rx,0,8,25,00,59,86,01,54,5C,06,
0,000002C4,false,Rx,0,8,09,20,00,00,7B,02,00,00,
0,000002C5,false,Rx,0,8,00,00,00,00,00,00,00,00,
813000,000002C6,false,Rx,0,8,32,00,7C,01,00,00,00,00,
864000,0000060D,false,Rx,0,8,0D,10,83,B6,09,20,70,00,
902000,00000625,false,Rx,0,8,25,00,59,86,01,54,5C,06,
963000,0000060D,false,Rx,0,8,0D,10,83,B6,09,20,70,00,
972000,00000054,false,Rx,0,8,01,05,00,01,7B,02,00,00,
972000,00000055,false,Rx,0,8,10,27,00,00,00,00,00,00,
972000,00000056,false,Rx,0,8,10,27,00,00,00,00,00,00,
973000,00000057,false,Rx,0,8,00,00,FE,FF,FE,FF,00,00,
1000,00000625,false,Rx,0,8,25,00,59,86,01,54,5C,06,
33000,000002C4,false,Rx,0,8,09,20,00,00,7B,02,00,00,
33000,000002C5,false,Rx,0,8,00,00,00,00,00,00,00,00,
33000,000002C6,false,Rx,0,8,32,00,7C,01,00,00,00,00,
63000,0000060D,false,Rx,0,8,0D,10,83,B6,09,20,70,00,
102000,00000625,false,Rx,0,8,25,00,59,86,01,54,5C,06,
163000,0000060D,false,Rx,0,8,0D,10,83,B6,09,20,70,00,
172000,00000054,false,Rx,0,8,01,05,00,01,7B,02,00,00,
172000,00000055,false,Rx,0,8,10,27,00,00,00,00,00,00,
172000,00000056,false,Rx,0,8,10,27,00,00,00,00,00,00,
173000,00000057,false,Rx,0,8,00,00,FE,FF,FE,FF,00,00,
202000,00000625,false,Rx,0,8,25,00,59,86,01,54,5C,06,
252000,000002C4,false,Rx,0,8,09,20,00,00,7B,02,00,00,
253000,000002C5,false,Rx,0,8,00,00,00,00,00,00,00,00,
253000,000002C6,false,Rx,0,8,32,00,7C,01,00,00,00,00,
264000,0000060D,false,Rx,0,8,0D,10,83,B6,09,20,70,00,
302000,00000625,false,Rx,0,8,25,00,59,86,01,54,5C,06,
363000,0000060D,false,Rx,0,8,0D,10,83,B6,09,20,70,00,
373000,00000054,false,Rx,0,8,01,05,00,01,7B,02,00,00,
373000,00000055,false,Rx,0,8,10,27,00,00,00,00,00,00,
373000,00000056,false,Rx,0,8,10,27,00,00,00,00,00,00,
373000,00000057,false,Rx,0,8,00,00,FE,FF,FE,FF,00,00,
401000,00000625,false,Rx,0,8,25,00,59,86,01,54,5C,06,
463000,0000060D,false,Rx,0,8,0D,10,83,B6,09,20,70,00,
473000,000002C4,false,Rx,0,8,09,20,00,00,7B,02,00,00,
473000,000002C5,false,Rx,0,8,00,00,00,00,00,00,00,00,
473000,000002C6,false,Rx,0,8,32,00,7C,01,00,00,00,00,
501000,00000625,false,Rx,0,8,25,00,59,86,01,54,5C,06,
563000,0000060D,false,Rx,0,8,0D,10,83,B6,09,20,70,00,
573000,00000054,false,Rx,0,8,01,05,00,01,7B,02,00,00,
573000,00000055,false,Rx,0,8,10,27,00,00,00,00,00,00,
573000,00000056,false,Rx,0,8,10,27,00,00,00,00,00,00,
573000,00000057,false,Rx,0,8,00,00,FE,FF,FE,FF,00,00,
602000,00000625,false,Rx,0,8,25,00,59,86,01,54,5C,06,
664000,0000060D,false,Rx,0,8,0D,10,83,B6,09,20,70,00,
0,000002C4,false,Rx,0,8,09,20,00,00,7B,02,00,00,
0,000002C5,false,Rx,0,8,00,00,00,00,00,00,00,00,
694000,000002C6,false,Rx,0,8,32,00,7C,01,00,00,00,00,
701000,00000625,false,Rx,0,8,25,00,59,86,01,54,5C,06,
763000,0000060D,false,Rx,0,8,0D,10,83,B6,09,20,70,00,
773000,00000054,false,Rx,0,8,01,05,00,01,7B,02,00,00,
773000,00000055,false,Rx,0,8,10,27,00,00,00,00,00,00,
774000,00000056,false,Rx,0,8,10,27,00,00,00,00,00,00,
774000,00000057,false,Rx,0,8,00,00,FE,FF,FE,FF,00,00,
802000,00000625,false,Rx,0,8,25,00,59,86,01,54,5C,06,
864000,0000060D,false,Rx,0,8,0D,10,83,B6,09,20,70,00,
901000,00000625,false,Rx,0,8,25,00,59,86,01,54,5C,06,
913000,000002C4,false,Rx,0,8,09,20,00,00,7B,02,00,00,
913000,000002C5,false,Rx,0,8,00,00,00,00,00,00,00,00,
914000,000002C6,false,Rx,0,8,32,00,7C,01,00,00,00,00,
963000,0000060D,false,Rx,0,8,0D,10,83,B6,09,20,70,00,
972000,00000054,false,Rx,0,8,01,05,00,01,7B,02,00,00,
972000,00000055,false,Rx,0,8,10,27,00,00,00,00,00,00,
972000,00000056,false,Rx,0,8,10,27,00,00,00,00,00,00,
973000,00000057,false,Rx,0,8,00,00,FE,FF,FE,FF,00,00,
1000,00000625,false,Rx,0,8,25,00,59,86,01,54,5C,06,
64000,0000060D,false,Rx,0,8,0D,10,83,B6,09,20,70,00,
102000,00000625,false,Rx,0,8,25,00,59,86,01,54,5C,06,
0,000002C4,false,Rx,0,8,09,20,00,00,7B,02,00,00,
0,000002C5,false,Rx,0,8,00,00,00,00,00,00,00,00,
134000,000002C6,false,Rx,0,8,32,00,7C,01,00,00,00,00,
163000,0000060D,false,Rx,0,8,0D,10,83,B6,09,20,70,00,
172000,00000054,false,Rx,0,8,01,05,00,01,7B,02,00,00,
172000,00000055,false,Rx,0,8,10,27,00,00,00,00,00,00,
173000,00000056,false,Rx,0,8,10,27,00,00,00,00,00,00,
173000,00000057,false,Rx,0,8,00,00,FE,FF,FE,FF,00,00,
202000,00000625,false,Rx,0,8,25,00,59,86,01,54,5C,06,
264000,0000060D,false,Rx,0,8,0D,10,83,B6,09,20,70,00,
302000,00000625,false,Rx,0,8,25,00,59,86,01,54,5C,06,
353000,000002C4,false,Rx,0,8,09,20,00,00,7B,02,00,00,
353000,000002C5,false,Rx,0,8,00,00,00,00,00,00,00,00,
354000,000002C6,false,Rx,0,8,32,00,7C,01,00,00,00,00,
364000,0000060D,false,Rx,0,8,0D,10,83,B6,09,20,70,00,
372000,00000054,false,Rx,0,8,01,05,00,01,7B,02,00,00,
372000,00000055,false,Rx,0,8,10,27,00,00,00,00,00,00,
373000,00000056,false,Rx,0,8,10,27,00,00,00,00,00,00,
373000,00000057,false,Rx,0,8,00,00,FE,FF,FE,FF,00,00,
401000,00000625,false,Rx,0,8,25,00,59,86,01,54,5C,06,
464000,0000060D,false,Rx,0,8,0D,10,83,B6,09,20,70,00,
501000,00000625,false,Rx,0,8,25,00,59,86,01,54,5C,06,
563000,0000060D,false,Rx,0,8,0D,10,83,B6,09,20,70,00,
572000,00000054,false,Rx,0,8,01,05,00,01,7B,02,00,00,
572000,00000055,false,Rx,0,8,10,27,00,00,00,00,00,00,
0,000002C4,false,Rx,0,8,09,20,00,00,7B,02,00,00,
0,00000056,false,Rx,0,8,10,27,00,00,00,00,00,00,
573000,000002C5,false,Rx,0,8,00,00,00,00,00,00,00,00,
0,00000057,false,Rx,0,8,00,00,FE,FF,FE,FF,00,00,
0,000002C6,false,Rx,0,8,32,00,7C,01,00,00,00,00,
602000,00000625,false,Rx,0,8,25,00,59,86,01,54,5C,06,
663000,0000060D,false,Rx,0,8,0D,10,83,B6,09,20,70,00,
702000,00000625,false,Rx,0,8,25,00,59,86,01,54,5C,06,
763000,0000060D,false,Rx,0,8,0D,10,83,B6,09,20,70,00,
772000,00000054,false,Rx,0,8,01,05,00,01,7B,02,00,00,
0,00000055,false,Rx,0,8,10,27,00,00,00,00,00,00,
0,00000056,false,Rx,0,8,10,27,00,00,00,00,00,00,
773000,00000057,false,Rx,0,8,00,00,FE,FF,FE,FF,00,00,
792000,000002C4,false,Rx,0,8,09,20,00,00,7B,02,00,00,
793000,000002C5,false,Rx,0,8,00,00,00,00,00,00,00,00,
793000,000002C6,false,Rx,0,8,32,00,7C,01,00,00,00,00,
801000,00000625,false,Rx,0,8,25,00,59,86,01,54,5C,06,
864000,0000060D,false,Rx,0,8,0D,10,83,B6,09,20,70,00,
902000,00000625,false,Rx,0,8,25,00,59,86,01,54,5C,06,
963000,0000060D,false,Rx,0,8,0D,10,83,B6,09,20,70,00,
973000,00000054,false,Rx,0,8,01,05,00,01,7B,02,00,00,
973000,00000055,false,Rx,0,8,10,27,00,00,00,00,00,00,
973000,00000056,false,Rx,0,8,10,27,00,00,00,00,00,00,
974000,00000057,false,Rx,0,8,00,00,FE,FF,FE,FF,00,00,
1000,00000625,false,Rx,0,8,25,00,59,86,01,54,5C,06,
12000,000002C4,false,Rx,0,8,09,20,00,00,7B,02,00,00,
13000,000002C5,false,Rx,0,8,00,00,00,00,00,00,00,00,
13000,000002C6,false,Rx,0,8,32,00,7C,01,00,00,00,00,
63000,0000060D,false,Rx,0,8,0D,10,83,B6,09,20,70,00,
102000,00000625,false,Rx,0,8,25,00,59,86,01,54,5C,06,
164000,0000060D,false,Rx,0,8,0D,10,83,B6,09,20,70,00,
0,00000054,false,Rx,0,8,01,05,00,01,7B,02,00,00,
0,00000055,false,Rx,0,8,10,27,00,00,00,00,00,00,
0,00000056,false,Rx,0,8,10,27,00,00,00,00,00,00,
173000,00000057,false,Rx,0,8,00,00,FE,FF,FE,FF,00,00,
202000,00000625,false,Rx,0,8,25,00,59,86,01,54,5C,06,
0,000002C4,false,Rx,0,8,09,20,00,00,7B,02,00,00,
0,000002C5,false,Rx,0,8,00,00,00,00,00,00,00,00,
0,000002C6,false,Rx,0,8,32,00,7C,01,00,00,00,00,
264000,0000060D,false,Rx,0,8,0D,10,83,B6,09,20,70,00,
301000,00000625,false,Rx,0,8,25,00,59,86,01,54,5C,06,
363000,0000060D,false,Rx,0,8,0D,10,83,B6,09,20,70,00,
372000,00000054,false,Rx,0,8,01,05,00,01,7B,02,00,00,
372000,00000055,false,Rx,0,8,10,27,00,00,00,00,00,00,
373000,00000056,false,Rx,0,8,10,27,00,00,00,00,00,00,
373000,00000057,false,Rx,0,8,00,00,FE,FF,FE,FF,00,00,
401000,00000625,false,Rx,0,8,25,00,59,86,01,54,5C,06,
0,000002C4,false,Rx,0,8,09,20,00,00,7B,02,00,00,
0,000002C5,false,Rx,0,8,00,00,00,00,00,00,00,00,
453000,000002C6,false,Rx,0,8,32,00,7C,01,00,00,00,00,
464000,0000060D,false,Rx,0,8,0D,10,83,B6,09,20,70,00,
502000,00000625,false,Rx,0,8,25,00,59,86,01,54,5C,06,
563000,0000060D,false,Rx,0,8,0D,10,83,B6,09,20,70,00,
0,00000054,false,Rx,0,8,01,05,00,01,7B,02,00,00,
0,00000055,false,Rx,0,8,10,27,00,00,00,00,00,00,
573000,00000056,false,Rx,0,8,10,27,00,00,00,00,00,00,
573000,00000057,false,Rx,0,8,00,00,FE,FF,FE,FF,00,00,
601000,00000625,false,Rx,0,8,25,00,59,86,01,54,5C,06,
663000,0000060D,false,Rx,0,8,0D,10,83,B6,09,20,70,00,
673000,000002C4,false,Rx,0,8,09,20,00,00,7B,02,00,00,
673000,000002C5,false,Rx,0,8,00,00,00,00,00,00,00,00,
674000,000002C6,false,Rx,0,8,32,00,7C,01,00,00,00,00,
701000,00000625,false,Rx,0,8,25,00,59,86,01,54,5C,06,
763000,0000060D,false,Rx,0,8,0D,10,83,B6,09,20,70,00,
773000,00000054,false,Rx,0,8,01,05,00,01,7B,02,00,00,
0,00000055,false,Rx,0,8,10,27,00,00,00,00,00,00,
0,00000056,false,Rx,0,8,10,27,00,00,00,00,00,00,
0,00000057,false,Rx,0,8,00,00,FE,FF,FE,FF,00,00,
801000,00000625,false,Rx,0,8,25,00,59,86,01,54,5C,06,
863000,0000060D,false,Rx,0,8,0D,10,83,B6,09,20,70,00,
893000,000002C4,false,Rx,0,8,09,20,00,00,7B,02,00,00,
893000,000002C5,false,Rx,0,8,00,00,00,00,00,00,00,00,
893000,000002C6,false,Rx,0,8,32,00,7C,01,00,00,00,00,
901000,00000625,false,Rx,0,8,25,00,59,86,01,54,5C,06,
963000,0000060D,false,Rx,0,8,0D,10,83,B6,09,20,70,00,
972000,00000054,false,Rx,0,8,01,05,00,01,7B,02,00,00,
972000,00000055,false,Rx,0,8,10,27,00,00,00,00,00,00,
973000,00000056,false,Rx,0,8,10,27,00,00,00,00,00,00,
973000,00000057,false,Rx,0,8,00,00,FE,FF,FE,FF,00,00,
2000,00000625,false,Rx,0,8,25,00,59,86,01,54,5C,06,
63000,0000060D,false,Rx,0,8,0D,10,83,B6,09,20,70,00,
101000,00000625,false,Rx,0,8,25,00,59,86,01,54,5C,06,
0,000002C4,false,Rx,0,8,09,20,00,00,7B,02,00,00,
0,000002C5,false,Rx,0,8,00,00,00,00,00,00,00,00,
0,000002C6,false,Rx,0,8,32,00,7C,01,00,00,00,00,
163000,0000060D,false,Rx,0,8,0D,10,83,B6,09,20,70,00,
173000,00000054,false,Rx,0,8,01,05,00,01,7B,02,00,00,
173000,00000055,false,Rx,0,8,10,27,00,00,00,00,00,00,
173000,00000056,false,Rx,0,8,10,27,00,00,00,00,00,00,
173000,00000057,false,Rx,0,8,00,00,FE,FF,FE,FF,00,00,
202000,00000625,false,Rx,0,8,25,00,59,86,01,54,5C,06,
263000,0000060D,false,Rx,0,8,0D,10,83,B6,09,20,70,00,
302000,00000625,false,Rx,0,8,25,00,59,86,01,54,5C,06,
333000,000002C4,false,Rx,0,8,09,20,00,00,7B,02,00,00,
333000,000002C5,false,Rx,0,8,00,00,00,00,00,00,00,00,
333000,000002C6,false,Rx,0,8,32,00,7C,01,00,00,00,00,
364000,0000060D,false,Rx,0,8,0D,10,83,B6,09,20,70,00,
372000,00000054,false,Rx,0,8,01,05,00,01,7B,02,00,00,
372000,00000055,false,Rx,0,8,10,27,00,00,00,00,00,00,
373000,00000056,false,Rx,0,8,10,27,00,00,00,00,00,00,
373000,00000057,false,Rx,0,8,00,00,FE,FF,FE,FF,00,00,
402000,00000625,false,Rx,0,8,25,00,59,86,01,54,5C,06,
463000,0000060D,false,Rx,0,8,0D,10,83,B6,09,20,70,00,
502000,00000625,false,Rx,0,8,25,00,59,86,01,54,5C,06,
553000,000002C4,false,Rx,0,8,09,20,00,00,7B,02,00,00,
553000,000002C5,false,Rx,0,8,00,00,00,00,00,00,00,00,
553000,000002C6,false,Rx,0,8,32,00,7C,01,00,00,00,00,
563000,0000060D,false,Rx,0,8,0D,10,83,B6,09,20,70,00,
572000,00000054,false,Rx,0,8,01,05,00,01,7B,02,00,00,
572000,00000055,false,Rx,0,8,10,27,00,00,00,00,00,00,
573000,00000056,false,Rx,0,8,10,27,00,00,00,00,00,00,
573000,00000057,false,Rx,0,8,00,00,FE,FF,FE,FF,00,00,
601000,00000625,false,Rx,0,8,25,00,59,86,01,54,5C,06,
664000,0000060D,false,Rx,0,8,0D,10,83,B6,09,20,70,00,
702000,00000625,false,Rx,0,8,25,00,59,86,01,54,5C,06,
763000,0000060D,false,Rx,0,8,0D,10,83,B6,09,20,70,00,
773000,00000054,false,Rx,0,8,01,05,00,01,7B,02,00,00,
773000,00000055,false,Rx,0,8,10,27,00,00,00,00,00,00,
773000,000002C4,false,Rx,0,8,09,20,00,00,7B,02,00,00,
773000,00000056,false,Rx,0,8,10,27,00,00,00,00,00,00,
774000,000002C5,false,Rx,0,8,00,00,00,00,00,00,00,00,
774000,00000057,false,Rx,0,8,00,00,FE,FF,FE,FF,00,00,
775000,000002C6,false,Rx,0,8,32,00,7C,01,00,00,00,00,
801000,00000625,false,Rx,0,8,25,00,59,86,01,54,5C,06,
863000,0000060D,false,Rx,0,8,0D,10,83,B6,09,20,70,00,
902000,00000625,false,Rx,0,8,25,00,59,86,01,54,5C,06,
963000,0000060D,false,Rx,0,8,0D,10,83,B6,09,20,70,00,
972000,00000054,false,Rx,0,8,01,05,00,01,7B,02,00,00,
973000,00000055,false,Rx,0,8,10,27,00,00,00,00,00,00,
973000,00000056,false,Rx,0,8,10,27,00,00,00,00,00,00,
973000,00000057,false,Rx,0,8,00,00,FE,FF,FE,FF,00,00,
0,000002C4,false,Rx,0,8,09,20,00,00,7B,02,00,00,
0,000002C5,false,Rx,0,8,00,00,00,00,00,00,00,00,
994000,000002C6,false,Rx,0,8,32,00,7C,01,00,00,00,00,
1000,00000625,false,Rx,0,8,25,00,59,86,01,54,5C,06,
64000,0000060D,false,Rx,0,8,0D,10,83,B6,09,20,70,00,
102000,00000625,false,Rx,0,8,25,00,59,86,01,54,5C,06,
164000,0000060D,false,Rx,0,8,0D,10,83,B6,09,20,70,00,
173000,00000054,false,Rx,0,8,01,05,00,01,7B,02,00,00,
173000,00000055,false,Rx,0,8,10,27,00,00,00,00,00,00,
173000,00000056,false,Rx,0,8,10,27,00,00,00,00,00,00,
174000,00000057,false,Rx,0,8,00,00,FE,FF,FE,FF,00,00,
201000,00000625,false,Rx,0,8,25,00,59,86,01,54,5C,06,
0,000002C4,false,Rx,0,8,09,20,00,00,7B,02,00,00,
0,000002C5,false,Rx,0,8,00,00,00,00,00,00,00,00,
213000,000002C6,false,Rx,0,8,32,00,7C,01,00,00,00,00,
264000,0000060D,false,Rx,0,8,0D,10,83,B6,09,20,70,00,
301000,00000625,false,Rx,0,8,25,00,59,86,01,54,5C,06,
364000,0000060D,false,Rx,0,8,0D,10,83,B6,09,20,70,00,
372000,00000054,false,Rx,0,8,01,05,00,01,7B,02,00,00,
372000,00000055,false,Rx,0,8,10,27,00,00,00,00,00,00,
373000,00000056,false,Rx,0,8,10,27,00,00,00,00,00,00,
373000,00000057,false,Rx,0,8,00,00,FE,FF,FE,FF,00,00,
402000,00000625,false,Rx,0,8,25,00,59,86,01,54,5C,06,
433000,000002C4,false,Rx,0,8,09,20,00,00,7B,02,00,00,
433000,000002C5,false,Rx,0,8,00,00,00,00,00,00,00,00,
434000,000002C6,false,Rx,0,8,32,00,7C,01,00,00,00,00,
464000,0000060D,false,Rx,0,8,0D,10,83,B6,09,20,70,00,
501000,00000625,false,Rx,0,8,25,00,59,86,01,54,5C,06,
563000,0000060D,false,Rx,0,8,0D,10,83,B6,09,20,70,00,
573000,00000054,false,Rx,0,8,01,05,00,01,7B,02,00,00,
573000,00000055,false,Rx,0,8,10,27,00,00,00,00,00,00,
573000,00000056,false,Rx,0,8,10,27,00,00,00,00,00,00,
573000,00000057,false,Rx,0,8,00,00,FE,FF,FE,FF,00,00,
602000,00000625,false,Rx,0,8,25,00,59,86,01,54,5C,06,
0,000002C4,false,Rx,0,8,09,20,00,00,7B,02,00,00,
0,000002C5,false,Rx,0,8,00,00,00,00,00,00,00,00,
0,000002C6,false,Rx,0,8,32,00,7C,01,00,00,00,00,
664000,0000060D,false,Rx,0,8,0D,10,83,B6,09,20,70,00,
702000,00000625,false,Rx,0,8,25,00,59,86,01,54,5C,06,
762000,0000060D,false,Rx,0,8,0D,10,83,B6,09,20,70,00,
772000,00000054,false,Rx,0,8,01,05,00,01,7B,02,00,00,
773000,00000055,false,Rx,0,8,10,27,00,00,00,00,00,00,
0,00000056,false,Rx,0,8,10,27,00,00,00,00,00,00,
0,00000057,false,Rx,0,8,00,00,FE,FF,FE,FF,00,00,
801000,00000625,false,Rx,0,8,25,00,59,86,01,54,5C,06,
862000,0000060D,false,Rx,0,8,0D,10,83,B6,09,20,70,00,
873000,000002C4,false,Rx,0,8,09,20,00,00,7B,02,00,00,
873000,000002C5,false,Rx,0,8,00,00,00,00,00,00,00,00,
873000,000002C6,false,Rx,0,8,32,00,7C,01,00,00,00,00,
902000,00000625,false,Rx,0,8,25,00,59,86,01,54,5C,06,
964000,0000060D,false,Rx,0,8,0D,10,83,B6,09,20,70,00,
972000,00000054,false,Rx,0,8,01,05,00,01,7B,02,00,00,
972000,00000055,false,Rx,0,8,10,27,00,00,00,00,00,00,
972000,00000056,false,Rx,0,8,10,27,00,00,00,00,00,00,
974000,00000057,false,Rx,0,8,00,00,FE,FF,FE,FF,00,00,
2000,00000625,false,Rx,0,8,25,00,59,86,01,54,5C,06,
63000,0000060D,false,Rx,0,8,0D,10,83,B6,09,20,70,00,
92000,000002C4,false,Rx,0,8,09,20,00,00,7B,02,00,00,
93000,000002C5,false,Rx,0,8,00,00,00,00,00,00,00,00,
93000,000002C6,false,Rx,0,8,32,00,7C,01,00,00,00,00,
102000,00000625,false,Rx,0,8,25,00,59,86,01,54,5C,06,
162000,0000060D,false,Rx,0,8,0D,10,83,B6,09,20,70,00,
172000,00000054,false,Rx,0,8,01,05,00,01,7B,02,00,00,
172000,00000055,false,Rx,0,8,10,27,00,00,00,00,00,00,
173000,00000056,false,Rx,0,8,10,27,00,00,00,00,00,00,
173000,00000057,false,Rx,0,8,00,00,FE,FF,FE,FF,00,00,
201000,00000625,false,Rx,0,8,25,00,59,86,01,54,5C,06,
264000,0000060D,false,Rx,0,8,0D,10,83,B6,09,20,70,00,
301000,00000625,false,Rx,0,8,25,00,59,86,01,54,5C,06,
0,000002C4,false,Rx,0,8,09,20,00,00,7B,02,00,00,
0,000002C5,false,Rx,0,8,00,00,00,00,00,00,00,00,
312000,000002C6,false,Rx,0,8,32,00,7C,01,00,00,00,00,
363000,0000060D,false,Rx,0,8,0D,10,83,B6,09,20,70,00,
0,00000054,false,Rx,0,8,01,05,00,01,7B,02,00,00,
0,00000055,false,Rx,0,8,10,27,00,00,00,00,00,00,
373000,00000056,false,Rx,0,8,10,27,00,00,00,00,00,00,
373000,00000057,false,Rx,0,8,00,00,FE,FF,FE,FF,00,00,
403000,00000625,false,Rx,0,8,25,00,59,86,01,54,5C,06,
464000,0000060D,false,Rx,0,8,0D,10,83,B6,09,20,70,00,
501000,00000625,false,Rx,0,8,25,00,59,86,01,54,5C,06,
533000,000002C4,false,Rx,0,8,09,20,00,00,7B,02,00,00,
533000,000002C5,false,Rx,0,8,00,00,00,00,00,00,00,00,
533000,000002C6,false,Rx,0,8,32,00,7C,01,00,00,00,00,
564000,0000060D,false,Rx,0,8,0D,10,83,B6,09,20,70,00,
573000,00000054,false,Rx,0,8,01,05,00,01,7B,02,00,00,
573000,00000055,false,Rx,0,8,10,27,00,00,00,00,00,00,
0,00000056,false,Rx,0,8,10,27,00,00,00,00,00,00,
0,00000057,false,Rx,0,8,00,00,FE,FF,FE,FF,00,00,
602000,00000625,false,Rx,0,8,25,00,59,86,01,54,5C,06,
663000,0000060D,false,Rx,0,8,0D,10,83,B6,09,20,70,00,
701000,00000625,false,Rx,0,8,25,00,59,86,01,54,5C,06,
752000,000002C4,false,Rx,0,8,09,20,00,00,7B,02,00,00,
753000,000002C5,false,Rx,0,8,00,00,00,00,00,00,00,00,
753000,000002C6,false,Rx,0,8,32,00,7C,01,00,00,00,00,
763000,0000060D,false,Rx,0,8,0D,10,83,B6,09,20,70,00,
773000,00000054,false,Rx,0,8,01,05,00,01,7B,02,00,00,
773000,00000055,false,Rx,0,8,10,27,00,00,00,00,00,00,
773000,00000056,false,Rx,0,8,10,27,00,00,00,00,00,00,
774000,00000057,false,Rx,0,8,00,00,FE,FF,FE,FF,00,00,
801000,00000625,false,Rx,0,8,25,00,59,86,01,54,5C,06,
863000,0000060D,false,Rx,0,8,0D,10,83,B6,09,20,70,00,
903000,00000625,false,Rx,0,8,25,00,59,86,01,54,5C,06,
964000,0000060D,false,Rx,0,8,0D,10,83,B6,09,20,70,00,
0,00000054,false,Rx,0,8,01,05,00,01,7B,02,00,00,
0,00000055,false,Rx,0,8,10,27,00,00,00,00,00,00,
0,000002C4,false,Rx,0,8,09,20,00,00,7B,02,00,00,
0,00000056,false,Rx,0,8,10,27,00,00,00,00,00,00,
973000,000002C5,false,Rx,0,8,00,00,00,00,00,00,00,00,
973000,00000057,false,Rx,0,8,00,00,FE,FF,FE,FF,00,00,
973000,000002C6,false,Rx,0,8,32,00,7C,01,00,00,00,00,
1000,00000625,false,Rx,0,8,25,00,59,86,01,54,5C,06,
63000,0000060D,false,Rx,0,8,0D,10,83,B6,09,20,70,00,
101000,00000625,false,Rx,0,8,25,00,59,86,01,54,5C,06,
163000,0000060D,false,Rx,0,8,0D,10,83,B6,09,20,70,00,
172000,00000054,false,Rx,0,8,01,05,00,01,7B,02,00,00,
173000,00000055,false,Rx,0,8,10,27,00,00,00,00,00,00,
173000,00000056,false,Rx,0,8,10,27,00,00,00,00,00,00,
173000,00000057,false,Rx,0,8,00,00,FE,FF,FE,FF,00,00,
0,000002C4,false,Rx,0,8,09,20,00,00,7B,02,00,00,
0,000002C5,false,Rx,0,8,00,00,00,00,00,00,00,00,
194000,000002C6,false,Rx,0,8,32,00,7C,01,00,00,00,00,
203000,00000625,false,Rx,0,8,25,00,59,86,01,54,5C,06,
263000,0000060D,false,Rx,0,8,0D,10,83,B6,09,20,70,00,
302000,00000625,false,Rx,0,8,25,00,59,86,01,54,5C,06,
363000,0000060D,false,Rx,0,8,0D,10,83,B6,09,20,70,00,
0,00000054,false,Rx,0,8,01,05,00,01,7B,02,00,00,
0,00000055,false,Rx,0,8,10,27,00,00,00,00,00,00,
0,00000056,false,Rx,0,8,10,27,00,00,00,00,00,00,
0,00000057,false,Rx,0,8,00,00,FE,FF,FE,FF,00,00,
403000,00000625,false,Rx,0,8,25,00,59,86,01,54,5C,06,
0,000002C4,false,Rx,0,8,09,20,00,00,7B,02,00,00,
0,000002C5,false,Rx,0,8,00,00,00,00,00,00,00,00,
414000,000002C6,false,Rx,0,8,32,00,7C,01,00,00,00,00,
463000,0000060D,false,Rx,0,8,0D,10,83,B6,09,20,70,00,
501000,00000625,false,Rx,0,8,25,00,59,86,01,54,5C,06,
563000,0000060D,false,Rx,0,8,0D,10,83,B6,09,20,70,00,
573000,00000054,false,Rx,0,8,01,05,00,01,7B,02,00,00,
573000,00000055,false,Rx,0,8,10,27,00,00,00,00,00,00,
573000,00000056,false,Rx,0,8,10,27,00,00,00,00,00,00,
573000,00000057,false,Rx,0,8,00,00,FE,FF,FE,FF,00,00,
602000,00000625,false,Rx,0,8,25,00,59,86,01,54,5C,06,
633000,000002C4,false,Rx,0,8,09,20,00,00,7B,02,00,00,
633000,000002C5,false,Rx,0,8,00,00,00,00,00,00,00,00,
634000,000002C6,false,Rx,0,8,32,00,7C,01,00,00,00,00,
664000,0000060D,false,Rx,0,8,0D,10,83,B6,09,20,70,00,
702000,00000625,false,Rx,0,8,25,00,59,86,01,54,5C,06,
763000,0000060D,false,Rx,0,8,0D,10,83,B6,09,20,70,00,
0,00000054,false,Rx,0,8,01,05,00,01,7B,02,00,00,
0,00000055,false,Rx,0,8,10,27,00,00,00,00,00,00,
0,00000056,false,Rx,0,8,10,27,00,00,00,00,00,00,
773000,00000057,false,Rx,0,8,00,00,FE,FF,FE,FF,00,00,
801000,00000625,false,Rx,0,8,25,00,59,86,01,54,5C,06,
853000,000002C4,false,Rx,0,8,09,20,00,00,7B,02,00,00,
853000,000002C5,false,Rx,0,8,00,00,00,00,00,00,00,00,
853000,000002C6,false,Rx,0,8,32,00,7C,01,00,00,00,00,
863000,0000060D,false,Rx,0,8,0D,10,83,B6,09,20,70,00,
902000,00000625,false,Rx,0,8,25,00,59,86,01,54,5C,06,
963000,0000060D,false,Rx,0,8,0D,10,83,B6,09,20,70,00,
973000,00000054,false,Rx,0,8,01,05,00,01,7B,02,00,00,
973000,00000055,false,Rx,0,8,10,27,00,00,00,00,00,00,
973000,00000056,false,Rx,0,8,10,27,00,00,00,00,00,00,
973000,00000057,false,Rx,0,8,00,00,FE,FF,FE,FF,00,00,
2000,00000625,false,Rx,0,8,25,00,59,86,01,54,5C,06,
64000,0000060D,false,Rx,0,8,0D,10,83,B6,09,20,70,00,
72000,000002C4,false,Rx,0,8,09,20,00,00,7B,02,00,00,
73000,000002C5,false,Rx,0,8,00,00,00,00,00,00,00,00,
73000,000002C6,false,Rx,0,8,32,00,7C,01,00,00,00,00,
103000,00000625,false,Rx,0,8,25,00,59,86,01,54,5C,06,
163000,0000060D,false,Rx,0,8,0D,10,83,B6,09,20,70,00,
172000,00000054,false,Rx,0,8,01,05,00,01,7B,02,00,00,
173000,00000055,false,Rx,0,8,10,27,00,00,00,00,00,00,
173000,00000056,false,Rx,0,8,10,27,00,00,00,00,00,00,
173000,00000057,false,Rx,0,8,00,00,FE,FF,FE,FF,00,00,
202000,00000625,false,Rx,0,8,25,00,59,86,01,54,5C,06,
263000,0000060D,false,Rx,0,8,0D,10,83,B6,09,20,70,00,
293000,000002C4,false,Rx,0,8,09,20,00,00,7B,02,00,00,
293000,000002C5,false,Rx,0,8,00,00,00,00,00,00,00,00,
294000,000002C6,false,Rx,0,8,32,00,7C,01,00,00,00,00,
302000,00000625,false,Rx,0,8,25,00,59,86,01,54,5C,06,
363000,0000060D,false,Rx,0,8,0D,10,83,B6,09,20,70,00,
372000,00000054,false,Rx,0,8,01,05,00,01,7B,02,00,00,
372000,00000055,false,Rx,0,8,10,27,00,00,00,00,00,00,
373000,00000056,false,Rx,0,8,10,27,00,00,00,00,00,00,
373000,00000057,false,Rx,0,8,00,00,FE,FF,FE,FF,00,00,
402000,00000625,false,Rx,0,8,25,00,59,86,01,54,5C,06,
464000,0000060D,false,Rx,0,8,0D,10,83,B6,09,20,70,00,
502000,00000625,false,Rx,0,8,25,00,59,86,01,54,5C,06,
0,000002C4,false,Rx,0,8,09,20,00,00,7B,02,00,00,
0,000002C5,false,Rx,0,8,00,00,00,00,00,00,00,00,
513000,000002C6,false,Rx,0,8,32,00,7C,01,00,00,00,00,
564000,0000060D,false,Rx,0,8,0D,10,83,B6,09,20,70,00,
572000,00000054,false,Rx,0,8,01,05,00,01,7B,02,00,00,
572000,00000055,false,Rx,0,8,10,27,00,00,00,00,00,00,
573000,00000056,false,Rx,0,8,10,27,00,00,00,00,00,00,
573000,00000057,false,Rx,0,8,00,00,FE,FF,FE,FF,00,00,
602000,00000625,false,Rx,0,8,25,00,59,86,01,54,5C,06,
663000,0000060D,false,Rx,0,8,0D,10,83,B6,09,20,70,00,
702000,00000625,false,Rx,0,8,25,00,59,86,01,54,5C,06,
0,000002C4,false,Rx,0,8,09,20,00,00,7B,02,00,00,
0,000002C5,false,Rx,0,8,00,00,00,00,00,00,00,00,
733000,000002C6,false,Rx,0,8,32,00,7C,01,00,00,00,00,
764000,0000060D,false,Rx,0,8,0D,10,83,B6,09,20,70,00,
772000,00000054,false,Rx,0,8,01,05,00,01,7B,02,00,00,
772000,00000055,false,Rx,0,8,10,27,00,00,00,00,00,00,
772000,00000056,false,Rx,0,8,10,27,00,00,00,00,00,00,
774000,00000057,false,Rx,0,8,00,00,FE,FF,FE,FF,00,00,
801000,00000625,false,Rx,0,8,25,00,59,86,01,54,5C,06,
863000,0000060D,false,Rx,0,8,0D,10,83,B6,09,20,70,00,
902000,00000625,false,Rx,0,8,25,00,59,86,01,54,5C,06,
0,000002C4,false,Rx,0,8,09,20,00,00,7B,02,00,00,
0,000002C5,false,Rx,0,8,00,00,00,00,00,00,00,00,
953000,000002C6,false,Rx,0,8,32,00,7C,01,00,00,00,00,
963000,0000060D,false,Rx,0,8,0D,10,83,B6,09,20,70,00,
973000,00000054,false,Rx,0,8,01,05,00,01,7B,02,00,00,
973000,00000055,false,Rx,0,8,10,27,00,00,00,00,00,00,
973000,00000056,false,Rx,0,8,10,27,00,00,00,00,00,00,
973000,00000057,false,Rx,0,8,00,00,FE,FF,FE,FF,00,00,
1000,00000625,false,Rx,0,8,25,00,59,86,01,54,5C,06,
63000,0000060D,false,Rx,0,8,0D,10,83,B6,09,20,70,00,
102000,00000625,false,Rx,0,8,25,00,59,86,01,54,5C,06,
163000,0000060D,false,Rx,0,8,0D,10,83,B6,09,20,70,00,
172000,00000054,false,Rx,0,8,01,05,00,01,7B,02,00,00,
172000,00000055,false,Rx,0,8,10,27,00,00,00,00,00,00,
172000,000002C4,false,Rx,0,8,09,20,00,00,7B,02,00,00,
174000,00000056,false,Rx,0,8,10,27,00,00,00,00,00,00,
174000,000002C5,false,Rx,0,8,00,00,00,00,00,00,00,00,
174000,00000057,false,Rx,0,8,00,00,FE,FF,FE,FF,00,00,
174000,000002C6,false,Rx,0,8,32,00,7C,01,00,00,00,00,
202000,00000625,false,Rx,0,8,25,00,59,86,01,54,5C,06,
264000,0000060D,false,Rx,0,8,0D,10,83,B6,09,20,70,00,
302000,00000625,false,Rx,0,8,25,00,59,86,01,54,5C,06,
364000,0000060D,false,Rx,0,8,0D,10,83,B6,09,20,70,00,
372000,00000054,false,Rx,0,8,01,05,00,01,7B,02,00,00,
373000,00000055,false,Rx,0,8,10,27,00,00,00,00,00,00,
0,00000056,false,Rx,0,8,10,27,00,00,00,00,00,00,
0,00000057,false,Rx,0,8,00,00,FE,FF,FE,FF,00,00,
393000,000002C4,false,Rx,0,8,09,20,00,00,7B,02,00,00,
393000,000002C5,false,Rx,0,8,00,00,00,00,00,00,00,00,
393000,000002C6,false,Rx,0,8,32,00,7C,01,00,00,00,00,
402000,00000625,false,Rx,0,8,25,00,59,86,01,54,5C,06,
463000,0000060D,false,Rx,0,8,0D,10,83,B6,09,20,70,00,
502000,00000625,false,Rx,0,8,25,00,59,86,01,54,5C,06,
564000,0000060D,false,Rx,0,8,0D,10,83,B6,09,20,70,00,
572000,00000054,false,Rx,0,8,01,05,00,01,7B,02,00,00,
572000,00000055,false,Rx,0,8,10,27,00,00,00,00,00,00,
572000,00000056,false,Rx,0,8,10,27,00,00,00,00,00,00,
573000,00000057,false,Rx,0,8,00,00,FE,FF,FE,FF,00,00,
602000,00000625,false,Rx,0,8,25,00,59,86,01,54,5C,06,
0,000002C4,false,Rx,0,8,09,20,00,00,7B,02,00,00,
0,000002C5,false,Rx,0,8,00,00,00,00,00,00,00,00,
614000,000002C6,false,Rx,0,8,32,00,7C,01,00,00,00,00,
664000,0000060D,false,Rx,0,8,0D,10,83,B6,09,20,70,00,
702000,00000625,false,Rx,0,8,25,00,59,86,01,54,5C,06,
763000,0000060D,false,Rx,0,8,0D,10,83,B6,09,20,70,00,
772000,00000054,false,Rx,0,8,01,05,00,01,7B,02,00,00,
0,00000055,false,Rx,0,8,10,27,00,00,00,00,00,00,
0,00000056,false,Rx,0,8,10,27,00,00,00,00,00,00,
773000,00000057,false,Rx,0,8,00,00,FE,FF,FE,FF,00,00,
801000,00000625,false,Rx,0,8,25,00,59,86,01,54,5C,06,
833000,000002C4,false,Rx,0,8,09,20,00,00,7B,02,00,00,
833000,000002C5,false,Rx,0,8,00,00,00,00,00,00,00,00,
833000,000002C6,false,Rx,0,8,32,00,7C,01,00,00,00,00,
863000,0000060D,false,Rx,0,8,0D,10,83,B6,09,20,70,00,
901000,00000625,false,Rx,0,8,25,00,59,86,01,54,5C,06,
964000,0000060D,false,Rx,0,8,0D,10,83,B6,09,20,70,00,
0,00000054,false,Rx,0,8,01,05,00,01,7B,02,00,00,
0,00000055,false,Rx,0,8,10,27,00,00,00,00,00,00,
0,00000056,false,Rx,0,8,10,27,00,00,00,00,00,00,
973000,00000057,false,Rx,0,8,00,00,FE,FF,FE,FF,00,00,
2000,00000625,false,Rx,0,8,25,00,59,86,01,54,5C,06,
52000,000002C4,false,Rx,0,8,09,20,00,00,7B,02,00,00,
0,000002C5,false,Rx,0,8,00,00,00,00,00,00,00,00,
0,000002C6,false,Rx,0,8,32,00,7C,01,00,00,00,00,
64000,0000060D,false,Rx,0,8,0D,10,83,B6,09,20,70,00,
101000,00000625,false,Rx,0,8,25,00,59,86,01,54,5C,06,
164000,0000060D,false,Rx,0,8,0D,10,83,B6,09,20,70,00,
172000,00000054,false,Rx,0,8,01,05,00,01,7B,02,00,00,
172000,00000055,false,Rx,0,8,10,27,00,00,00,00,00,00,
173000,00000056,false,Rx,0,8,10,27,00,00,00,00,00,00,
173000,00000057,false,Rx,0,8,00,00,FE,FF,FE,FF,00,00,
201000,00000625,false,Rx,0,8,25,00,59,86,01,54,5C,06,
264000,0000060D,false,Rx,0,8,0D,10,83,B6,09,20,70,00,
273000,000002C4,false,Rx,0,8,09,20,00,00,7B,02,00,00,
273000,000002C5,false,Rx,0,8,00,00,00,00,00,00,00,00,
273000,000002C6,false,Rx,0,8,32,00,7C,01,00,00,00,00,
302000,00000625,false,Rx,0,8,25,00,59,86,01,54,5C,06,
364000,0000060D,false,Rx,0,8,0D,10,83,B6,09,20,70,00,
373000,00000054,false,Rx,0,8,01,05,00,01,7B,02,00,00,
373000,00000055,false,Rx,0,8,10,27,00,00,00,00,00,00,
373000,00000056,false,Rx,0,8,10,27,00,00,00,00,00,00,
374000,00000057,false,Rx,0,8,00,00,FE,FF,FE,FF,00,00,
401000,00000625,false,Rx,0,8,25,00,59,86,01,54,5C,06,
464000,0000060D,false,Rx,0,8,0D,10,83,B6,09,20,70,00,
493000,000002C4,false,Rx,0,8,09,20,00,00,7B,02,00,00,
493000,000002C5,false,Rx,0,8,00,00,00,00,00,00,00,00,
494000,000002C6,false,Rx,0,8,32,00,7C,01,00,00,00,00,
502000,00000625,false,Rx,0,8,25,00,59,86,01,54,5C,06,
563000,0000060D,false,Rx,0,8,0D,10,83,B6,09,20,70,00,
0,00000054,false,Rx,0,8,01,05,00,01,7B,02,00,00,
0,00000055,false,Rx,0,8,10,27,00,00,00,00,00,00,
573000,00000056,false,Rx,0,8,10,27,00,00,00,00,00,00,
573000,00000057,false,Rx,0,8,00,00,FE,FF,FE,FF,00,00,
602000,00000625,false,Rx,0,8,25,00,59,86,01,54,5C,06,
664000,0000060D,false,Rx,0,8,0D,10,83,B6,09,20,70,00,
702000,00000625,false,Rx,0,8,25,00,59,86,01,54,5C,06,
0,000002C4,false,Rx,0,8,09,20,00,00,7B,02,00,00,
0,000002C5,false,Rx,0,8,00,00,00,00,00,00,00,00,
0,000002C6,false,Rx,0,8,32,00,7C,01,00,00,00,00,
763000,0000060D,false,Rx,0,8,0D,10,83,B6,09,20,70,00,
772000,00000054,false,Rx,0,8,01,05,00,01,7B,02,00,00,
772000,00000055,false,Rx,0,8,10,27,00,00,00,00,00,00,
0,00000056,false,Rx,0,8,10,27,00,00,00,00,00,00,
0,00000057,false,Rx,0,8,00,00,FE,FF,FE,FF,00,00,
802000,00000625,false,Rx,0,8,25,00,59,86,01,54,5C,06,
863000,0000060D,false,Rx,0,8,0D,10,83,B6,09,20,70,00,
901000,00000625,false,Rx,0,8,25,00,59,86,01,54,5C,06,
933000,000002C4,false,Rx,0,8,09,20,00,00,7B,02,00,00,
934000,000002C5,false,Rx,0,8,00,00,00,00,00,00,00,00,
934000,000002C6,false,Rx,0,8,32,00,7C,01,00,00,00,00,
964000,0000060D,false,Rx,0,8,0D,10,83,B6,09,20,70,00,
972000,00000054,false,Rx,0,8,01,05,00,01,7B,02,00,00,
973000,00000055,false,Rx,0,8,10,27,00,00,00,00,00,00,
973000,00000056,false,Rx,0,8,10,27,00,00,00,00,00,00,
973000,00000057,false,Rx,0,8,00,00,FE,FF,FE,FF,00,00,
1000,00000625,false,Rx,0,8,25,00,59,86,01,54,5C,06,
64000,0000060D,false,Rx,0,8,0D,10,83,B6,09,20,70,00,
103000,00000625,false,Rx,0,8,25,00,59,86,01,54,5C,06,
0,000002C4,false,Rx,0,8,09,20,00,00,7B,02,00,00,
0,000002C5,false,Rx,0,8,00,00,00,00,00,00,00,00,
0,000002C6,false,Rx,0,8,32,00,7C,01,00,00,00,00,
163000,0000060D,false,Rx,0,8,0D,10,83,B6,09,20,70,00,
172000,00000054,false,Rx,0,8,01,05,00,01,7B,02,00,00,
172000,00000055,false,Rx,0,8,10,27,00,00,00,00,00,00,
173000,00000056,false,Rx,0,8,10,27,00,00,00,00,00,00,
173000,00000057,false,Rx,0,8,00,00,FE,FF,FE,FF,00,00,
202000,00000625,false,Rx,0,8,25,00,59,86,01,54,5C,06,
263000,0000060D,false,Rx,0,8,0D,10,83,B6,09,20,70,00,
302000,00000625,false,Rx,0,8,25,00,59,86,01,54,5C,06,
364000,0000060D,false,Rx,0,8,0D,10,83,B6,09,20,70,00,
373000,00000054,false,Rx,0,8,01,05,00,01,7B,02,00,00,
373000,00000055,false,Rx,0,8,10,27,00,00,00,00,00,00,
373000,000002C4,false,Rx,0,8,09,20,00,00,7B,02,00,00,
0,00000056,false,Rx,0,8,10,27,00,00,00,00,00,00,
0,000002C5,false,Rx,0,8,00,00,00,00,00,00,00,00,
0,00000057,false,Rx,0,8,00,00,FE,FF,FE,FF,00,00,
0,000002C6,false,Rx,0,8,32,00,7C,01,00,00,00,00,
402000,00000625,false,Rx,0,8,25,00,59,86,01,54,5C,06,
464000,0000060D,false,Rx,0,8,0D,10,83,B6,09,20,70,00,
501000,00000625,false,Rx,0,8,25,00,59,86,01,54,5C,06,
563000,0000060D,false,Rx,0,8,0D,10,83,B6,09,20,70,00,
572000,00000054,false,Rx,0,8,01,05,00,01,7B,02,00,00,
573000,00000055,false,Rx,0,8,10,27,00,00,00,00,00,00,
573000,00000056,false,Rx,0,8,10,27,00,00,00,00,00,00,
573000,00000057,false,Rx,0,8,00,00,FE,FF,FE,FF,00,00,
593000,000002C4,false,Rx,0,8,09,20,00,00,7B,02,00,00,
593000,000002C5,false,Rx,0,8,00,00,00,00,00,00,00,00,
594000,000002C6,false,Rx,0,8,32,00,7C,01,00,00,00,00,
601000,00000625,false,Rx,0,8,25,00,59,86,01,54,5C,06,
663000,0000060D,false,Rx,0,8,0D,10,83,B6,09,20,70,00,
702000,00000625,false,Rx,0,8,25,00,59,86,01,54,5C,06,
763000,0000060D,false,Rx,0,8,0D,10,83,B6,09,20,70,00,
0,00000054,false,Rx,0,8,01,05,00,01,7B,02,00,00,
0,00000055,false,Rx,0,8,10,27,00,00,00,00,00,00,
0,00000056,false,Rx,0,8,10,27,00,00,00,00,00,00,
0,00000057,false,Rx,0,8,00,00,FE,FF,FE,FF,00,00,
801000,00000625,false,Rx,0,8,25,00,59,86,01,54,5C,06,
813000,000002C4,false,Rx,0,8,09,20,00,00,7B,02,00,00,
813000,000002C5,false,Rx,0,8,00,00,00,00,00,00,00,00,
813000,000002C6,false,Rx,0,8,32,00,7C,01,00,00,00,00,
864000,0000060D,false,Rx,0,8,0D,10,83,B6,09,20,70,00,
902000,00000625,false,Rx,0,8,25,00,59,86,01,54,5C,06,
963000,0000060D,false,Rx,0,8,0D,10,83,B6,09,20,70,00,
0,00000054,false,Rx,0,8,01,05,00,01,7B,02,00,00,
0,00000055,false,Rx,0,8,10,27,00,00,00,00,00,00,
0,00000056,false,Rx,0,8,10,27,00,00,00,00,00,00,
0,00000057,false,Rx,0,8,00,00,FE,FF,FE,FF,00,00,
2000,00000625,false,Rx,0,8,25,00,59,86,01,54,5C,06,
0,000002C4,false,Rx,0,8,09,20,00,00,7B,02,00,00,
0,000002C5,false,Rx,0,8,00,00,00,00,00,00,00,00,
33000,000002C6,false,Rx,0,8,32,00,7C,01,00,00,00,00,
63000,0000060D,false,Rx,0,8,0D,10,83,B6,09,20,70,00,
102000,00000625,false,Rx,0,8,25,00,59,86,01,54,5C,06,
163000,0000060D,false,Rx,0,8,0D,10,83,B6,09,20,70,00,
0,00000054,false,Rx,0,8,01,05,00,01,7B,02,00,00,
0,00000055,false,Rx,0,8,10,27,00,00,00,00,00,00,
173000,00000056,false,Rx,0,8,10,27,00,00,00,00,00,00,
173000,00000057,false,Rx,0,8,00,00,FE,FF,FE,FF,00,00,
202000,00000625,false,Rx,0,8,25,00,59,86,01,54,5C,06,
0,000002C4,false,Rx,0,8,09,20,00,00,7B,02,00,00,
0,000002C5,false,Rx,0,8,00,00,00,00,00,00,00,00,
255000,000002C6,false,Rx,0,8,32,00,7C,01,00,00,00,00,
263000,0000060D,false,Rx,0,8,0D,10,83,B6,09,20,70,00,
302000,00000625,false,Rx,0,8,25,00,59,86,01,54,5C,06,
363000,0000060D,false,Rx,0,8,0D,10,83,B6,09,20,70,00,
372000,00000054,false,Rx,0,8,01,05,00,01,7B,02,00,00,
373000,00000055,false,Rx,0,8,10,27,00,00,00,00,00,00,
0,00000056,false,Rx,0,8,10,27,00,00,00,00,00,00,
0,00000057,false,Rx,0,8,00,00,FE,FF,FE,FF,00,00,
402000,00000625,false,Rx,0,8,25,00,59,86,01,54,5C,06,
464000,0000060D,false,Rx,0,8,0D,10,83,B6,09,20,70,00,
0,000002C4,false,Rx,0,8,09,20,00,00,7B,02,00,00,
0,000002C5,false,Rx,0,8,00,00,00,00,00,00,00,00,
474000,000002C6,false,Rx,0,8,32,00,7C,01,00,00,00,00,
502000,00000625,false,Rx,0,8,25,00,59,86,01,54,5C,06,
563000,0000060D,false,Rx,0,8,0D,10,83,B6,09,20,70,00,
573000,00000054,false,Rx,0,8,01,05,00,01,7B,02,00,00,
573000,00000055,false,Rx,0,8,10,27,00,00,00,00,00,00,
573000,00000056,false,Rx,0,8,10,27,00,00,00,00,00,00,
574000,00000057,false,Rx,0,8,00,00,FE,FF,FE,FF,00,00,
602000,00000625,false,Rx,0,8,25,00,59,86,01,54,5C,06,
663000,0000060D,false,Rx,0,8,0D,10,83,B6,09,20,70,00,
692000,000002C4,false,Rx,0,8,09,20,00,00,7B,02,00,00,
693000,000002C5,false,Rx,0,8,00,00,00,00,00,00,00,00,
693000,000002C6,false,Rx,0,8,32,00,7C,01,00,00,00,00,
702000,00000625,false,Rx,0,8,25,00,59,86,01,54,5C,06,
763000,0000060D,false,Rx,0,8,0D,10,83,B6,09,20,70,00,
773000,00000054,false,Rx,0,8,01,05,00,01,7B,02,00,00,
773000,00000055,false,Rx,0,8,10,27,00,00,00,00,00,00,
773000,00000056,false,Rx,0,8,10,27,00,00,00,00,00,00,
773000,00000057,false,Rx,0,8,00,00,FE,FF,FE,FF,00,00,
801000,00000625,false,Rx,0,8,25,00,59,86,01,54,5C,06,
863000,0000060D,false,Rx,0,8,0D,10,83,B6,09,20,70,00,
902000,00000625,false,Rx,0,8,25,00,59,86,01,54,5C,06,
913000,000002C4,false,Rx,0,8,09,20,00,00,7B,02,00,00,
913000,000002C5,false,Rx,0,8,00,00,00,00,00,00,00,00,
913000,000002C6,false,Rx,0,8,32,00,7C,01,00,00,00,00,
963000,0000060D,false,Rx,0,8,0D,10,83,B6,09,20,70,00,
973000,00000054,false,Rx,0,8,01,05,00,01,7B,02,00,00,
0,00000055,false,Rx,0,8,10,27,00,00,00,00,00,00,
0,00000056,false,Rx,0,8,10,27,00,00,00,00,00,00,
973000,00000057,false,Rx,0,8,00,00,FE,FF,FE,FF,00,00,
2000,00000625,false,Rx,0,8,25,00,59,86,01,54,5C,06,
63000,0000060D,false,Rx,0,8,0D,10,83,B6,09,20,70,00,
102000,00000625,false,Rx,0,8,25,00,59,86,01,54,5C,06,
133000,000002C4,false,Rx,0,8,09,20,00,00,7B,02,00,00,
133000,000002C5,false,Rx,0,8,00,00,00,00,00,00,00,00,
134000,000002C6,false,Rx,0,8,32,00,7C,01,00,00,00,00,
163000,0000060D,false,Rx,0,8,0D,10,83,B6,09,20,70,00,
0,00000054,false,Rx,0,8,01,05,00,01,7B,02,00,00,
0,00000055,false,Rx,0,8,10,27,00,00,00,00,00,00,
173000,00000056,false,Rx,0,8,10,27,00,00,00,00,00,00,
173000,00000057,false,Rx,0,8,00,00,FE,FF,FE,FF,00,00,
201000,00000625,false,Rx,0,8,25,00,59,86,01,54,5C,06,
264000,0000060D,false,Rx,0,8,0D,10,83,B6,09,20,70,00,
302000,00000625,false,Rx,0,8,25,00,59,86,01,54,5C,06,
0,000002C4,false,Rx,0,8,09,20,00,00,7B,02,00,00,
0,000002C5,false,Rx,0,8,00,00,00,00,00,00,00,00,
353000,000002C6,false,Rx,0,8,32,00,7C,01,00,00,00,00,
363000,0000060D,false,Rx,0,8,0D,10,83,B6,09,20,70,00,
373000,00000054,false,Rx,0,8,01,05,00,01,7B,02,00,00,
373000,00000055,false,Rx,0,8,10,27,00,00,00,00,00,00,
373000,00000056,false,Rx,0,8,10,27,00,00,00,00,00,00,
373000,00000057,false,Rx,0,8,00,00,FE,FF,FE,FF,00,00,
401000,00000625,false,Rx,0,8,25,00,59,86,01,54,5C,06,
464000,0000060D,false,Rx,0,8,0D,10,83,B6,09,20,70,00,
502000,00000625,false,Rx,0,8,25,00,59,86,01,54,5C,06,
563000,0000060D,false,Rx,0,8,0D,10,83,B6,09,20,70,00,
572000,00000054,false,Rx,0,8,01,05,00,01,7B,02,00,00,
572000,00000055,false,Rx,0,8,10,27,00,00,00,00,00,00,
0,000002C4,false,Rx,0,8,09,20,00,00,7B,02,00,00,
0,00000056,false,Rx,0,8,10,27,00,00,00,00,00,00,
0,000002C5,false,Rx,0,8,00,00,00,00,00,00,00,00,
0,00000057,false,Rx,0,8,00,00,FE,FF,FE,FF,00,00,
574000,000002C6,false,Rx,0,8,32,00,7C,01,00,00,00,00,
602000,00000625,false,Rx,0,8,25,00,59,86,01,54,5C,06,
664000,0000060D,false,Rx,0,8,0D,10,83,B6,09,20,70,00,
702000,00000625,false,Rx,0,8,25,00,59,86,01,54,5C,06,
763000,0000060D,false,Rx,0,8,0D,10,83,B6,09,20,70,00,
772000,00000054,false,Rx,0,8,01,05,00,01,7B,02,00,00,
772000,00000055,false,Rx,0,8,10,27,00,00,00,00,00,00,
773000,00000056,false,Rx,0,8,10,27,00,00,00,00,00,00,
773000,00000057,false,Rx,0,8,00,00,FE,FF,FE,FF,00,00,
793000,000002C4,false,Rx,0,8,09,20,00,00,7B,02,00,00,
793000,000002C5,false,Rx,0,8,00,00,00,00,00,00,00,00,
793000,000002C6,false,Rx,0,8,32,00,7C,01,00,00,00,00,
802000,00000625,false,Rx,0,8,25,00,59,86,01,54,5C,06,
863000,0000060D,false,Rx,0,8,0D,10,83,B6,09,20,70,00,
902000,00000625,false,Rx,0,8,25,00,59,86,01,54,5C,06,
963000,0000060D,false,Rx,0,8,0D,10,83,B6,09,20,70,00,
972000,00000054,false,Rx,0,8,01,05,00,01,7B,02,00,00,
972000,00000055,false,Rx,0,8,10,27,00,00,00,00,00,00,
972000,00000056,false,Rx,0,8,10,27,00,00,00,00,00,00,
973000,00000057,false,Rx,0,8,00,00,FE,FF,FE,FF,00,00,
2000,00000625,false,Rx,0,8,25,00,59,86,01,54,5C,06,
13000,000002C4,false,Rx,0,8,09,20,00,00,7B,02,00,00,
13000,000002C5,false,Rx,0,8,00,00,00,00,00,00,00,00,
13000,000002C6,false,Rx,0,8,32,00,7C,01,00,00,00,00,
63000,0000060D,false,Rx,0,8,0D,10,83,B6,09,20,70,00,
101000,00000625,false,Rx,0,8,25,00,59,86,01,54,5C,06,
164000,0000060D,false,Rx,0,8,0D,10,83,B6,09,20,70,00,
172000,00000054,false,Rx,0,8,01,05,00,01,7B,02,00,00,
172000,00000055,false,Rx,0,8,10,27,00,00,00,00,00,00,
173000,00000056,false,Rx,0,8,10,27,00,00,00,00,00,00,
173000,00000057,false,Rx,0,8,00,00,FE,FF,FE,FF,00,00,
182000,00000065,false,Rx,0,8,7D,02,03,00,00,00,00,00,
202000,00000625,false,Rx,0,8,25,00,59,86,01,54,5C,06,
0,000002C4,false,Rx,0,8,09,20,00,00,7B,02,00,00,
0,000002C5,false,Rx,0,8,00,00,00,00,00,00,00,00,
233000,000002C6,false,Rx,0,8,32,00,7C,01,00,00,00,00,
263000,0000060D,false,Rx,0,8,0D,10,83,B6,09,20,70,00,
302000,00000625,false,Rx,0,8,25,00,59,86,01,54,5C,06,
332000,00000065,false,Rx,0,8,7D,02,03,00,00,00,00,00,
363000,0000060D,false,Rx,0,8,0D,10,83,B6,09,20,70,00,
373000,00000054,false,Rx,0,8,01,05,00,01,7D,02,00,00,
374000,00000055,false,Rx,0,8,10,27,00,00,00,00,00,00,
374000,00000056,false,Rx,0,8,10,27,00,00,00,00,00,00,
374000,00000057,false,Rx,0,8,00,00,FE,FF,FE,FF,00,00,
402000,00000625,false,Rx,0,8,25,00,59,86,01,54,5C,06,
453000,000002C4,false,Rx,0,8,09,20,00,00,7B,02,00,00,
453000,000002C5,false,Rx,0,8,00,00,00,00,00,00,00,00,
454000,000002C6,false,Rx,0,8,32,00,7C,01,00,00,00,00,
463000,0000060D,false,Rx,0,8,0D,10,83,B6,09,20,70,00,
482000,00000065,false,Rx,0,8,7D,02,03,00,00,00,00,00,
501000,00000625,false,Rx,0,8,25,00,59,86,01,54,5C,06,
564000,0000060D,false,Rx,0,8,0D,10,83,B6,09,20,70,00,
573000,00000054,false,Rx,0,8,01,05,00,01,7D,02,00,00,
573000,00000055,false,Rx,0,8,10,27,00,00,00,00,00,00,
573000,00000056,false,Rx,0,8,10,27,00,00,00,00,00,00,
573000,00000057,false,Rx,0,8,00,00,FE,FF,FE,FF,00,00,
602000,00000625,false,Rx,0,8,25,00,59,86,01,54,5C,06,
633000,00000065,false,Rx,0,8,7D,02,03,00,00,00,00,00,
664000,0000060D,false,Rx,0,8,0D,10,83,B6,09,20,70,00,
673000,000002C4,false,Rx,0,8,09,20,00,00,7D,02,00,00,
674000,000002C5,false,Rx,0,8,00,00,00,00,00,00,00,00,
674000,000002C6,false,Rx,0,8,32,00,7C,01,00,00,00,00,
702000,00000625,false,Rx,0,8,25,00,59,86,01,54,5C,06,
765000,0000060D,false,Rx,0,8,0D,10,83,B6,09,20,70,00,
772000,00000054,false,Rx,0,8,01,05,00,01,7D,02,00,00,
772000,00000055,false,Rx,0,8,10,27,00,00,00,00,00,00,
0,00000056,false,Rx,0,8,10,27,00,00,00,00,00,00,
0,00000057,false,Rx,0,8,00,00,FE,FF,FE,FF,00,00,
802000,00000625,false,Rx,0,8,25,00,59,86,01,54,5C,06,
864000,0000060D,false,Rx,0,8,0D,10,83,B6,09,20,70,00,
0,000002C4,false,Rx,0,8,09,20,00,00,7D,02,00,00,
0,000002C5,false,Rx,0,8,00,00,00,00,00,00,00,00,
893000,000002C6,false,Rx,0,8,32,00,7C,01,00,00,00,00,
902000,00000625,false,Rx,0,8,25,00,59,86,01,54,5C,06,
964000,0000060D,false,Rx,0,8,0D,10,83,B6,09,20,70,00,
972000,00000054,false,Rx,0,8,01,05,00,01,7D,02,00,00,
972000,00000055,false,Rx,0,8,10,27,00,00,00,00,00,00,
973000,00000056,false,Rx,0,8,10,27,00,00,00,00,00,00,
973000,00000057,false,Rx,0,8,00,00,FE,FF,FE,FF,00,00,
2000,00000625,false,Rx,0,8,25,00,59,86,01,54,5C,06,
63000,0000060D,false,Rx,0,8,0D,10,83,B6,09,20,70,00,
102000,00000625,false,Rx,0,8,25,00,59,86,01,54,5C,06,
0,000002C4,false,Rx,0,8,09,20,00,00,7D,02,00,00,
0,000002C5,false,Rx,0,8,00,00,00,00,00,00,00,00,
0,000002C6,false,Rx,0,8,32,00,7C,01,00,00,00,00,
164000,0000060D,false,Rx,0,8,0D,10,83,B6,09,20,70,00,
0,00000054,false,Rx,0,8,01,05,00,01,7D,02,00,00,
0,00000055,false,Rx,0,8,10,27,00,00,00,00,00,00,
173000,00000056,false,Rx,0,8,10,27,00,00,00,00,00,00,
173000,00000057,false,Rx,0,8,00,00,FE,FF,FE,FF,00,00,
201000,00000625,false,Rx,0,8,25,00,59,86,01,54,5C,06,
263000,0000060D,false,Rx,0,8,0D,10,83,B6,09,20,70,00,
301000,00000625,false,Rx,0,8,25,00,59,86,01,54,5C,06,
333000,000002C4,false,Rx,0,8,09,20,00,00,7D,02,00,00,
333000,000002C5,false,Rx,0,8,00,00,00,00,00,00,00,00,
333000,000002C6,false,Rx,0,8,32,00,7C,01,00,00,00,00,
363000,0000060D,false,Rx,0,8,0D,10,83,B6,09,20,70,00,
373000,00000054,false,Rx,0,8,01,05,00,01,7D,02,00,00,
373000,00000055,false,Rx,0,8,10,27,00,00,00,00,00,00,
373000,00000056,false,Rx,0,8,10,27,00,00,00,00,00,00,
373000,00000057,false,Rx,0,8,00,00,FE,FF,FE,FF,00,00,
402000,00000625,false,Rx,0,8,25,00,59,86,01,54,5C,06,
463000,0000060D,false,Rx,0,8,0D,10,83,B6,09,20,70,00,
502000,00000625,false,Rx,0,8,25,00,59,86,01,54,5C,06,
0,000002C4,false,Rx,0,8,09,20,00,00,7D,02,00,00,
0,000002C5,false,Rx,0,8,00,00,00,00,00,00,00,00,
0,000002C6,false,Rx,0,8,32,00,7C,01,00,00,00,00,
563000,0000060D,false,Rx,0,8,0D,10,83,B6,09,20,70,00,
0,00000054,false,Rx,0,8,01,05,00,01,7D,02,00,00,
0,00000055,false,Rx,0,8,10,27,00,00,00,00,00,00,
0,00000056,false,Rx,0,8,10,27,00,00,00,00,00,00,
574000,00000057,false,Rx,0,8,00,00,FE,FF,FE,FF,00,00,
601000,00000625,false,Rx,0,8,25,00,59,86,01,54,5C,06,
663000,0000060D,false,Rx,0,8,0D,10,83,B6,09,20,70,00,
702000,00000625,false,Rx,0,8,25,00,59,86,01,54,5C,06,
763000,0000060D,false,Rx,0,8,0D,10,83,B6,09,20,70,00,
0,00000054,false,Rx,0,8,01,05,00,01,7D,02,00,00,
0,00000055,false,Rx,0,8,10,27,00,00,00,00,00,00,
773000,00000056,false,Rx,0,8,10,27,00,00,00,00,00,00,
0,000002C4,false,Rx,0,8,09,20,00,00,7D,02,00,00,
0,00000057,false,Rx,0,8,00,00,FE,FF,FE,FF,00,00,
0,000002C5,false,Rx,0,8,00,00,00,00,00,00,00,00,
775000,000002C6,false,Rx,0,8,32,00,7C,01,00,00,00,00,
801000,00000625,false,Rx,0,8,25,00,59,86,01,54,5C,06,
863000,0000060D,false,Rx,0,8,0D,10,83,B6,09,20,70,00,
901000,00000625,false,Rx,0,8,25,00,59,86,01,54,5C,06,
964000,0000060D,false,Rx,0,8,0D,10,83,B6,09,20,70,00,
0,00000054,false,Rx,0,8,01,05,00,01,7D,02,00,00,
0,00000055,false,Rx,0,8,10,27,00,00,00,00,00,00,
0,00000056,false,Rx,0,8,10,27,00,00,00,00,00,00,
973000,00000057,false,Rx,0,8,00,00,FE,FF,FE,FF,00,00,
993000,000002C4,false,Rx,0,8,09,20,00,00,7D,02,00,00,
993000,000002C5,false,Rx,0,8,00,00,00,00,00,00,00,00,
994000,000002C6,false,Rx,0,8,32,00,7C,01,00,00,00,00,
2000,00000625,false,Rx,0,8,25,00,59,86,01,54,5C,06,
63000,0000060D,false,Rx,0,8,0D,10,83,B6,09,20,70,00,
101000,00000625,false,Rx,0,8,25,00,59,86,01,54,5C,06,
163000,0000060D,false,Rx,0,8,0D,10,83,B6,09,20,70,00,
0,00000054,false,Rx,0,8,01,05,00,01,7D,02,00,00,
0,00000055,false,Rx,0,8,10,27,00,00,00,00,00,00,
173000,00000056,false,Rx,0,8,10,27,00,00,00,00,00,00,
174000,00000057,false,Rx,0,8,00,00,FE,FF,FE,FF,00,00,
202000,00000625,false,Rx,0,8,25,00,59,86,01,54,5C,06,
0,000002C4,false,Rx,0,8,09,20,00,00,7D,02,00,00,
0,000002C5,false,Rx,0,8,00,00,00,00,00,00,00,00,
213000,000002C6,false,Rx,0,8,32,00,7C,01,00,00,00,00,
264000,0000060D,false,Rx,0,8,0D,10,83,B6,09,20,70,00,
302000,00000625,false,Rx,0,8,25,00,59,86,01,54,5C,06,
363000,0000060D,false,Rx,0,8,0D,10,83,B6,09,20,70,00,
372000,00000054,false,Rx,0,8,01,05,00,01,7D,02,00,00,
372000,00000055,false,Rx,0,8,10,27,00,00,00,00,00,00,
373000,00000056,false,Rx,0,8,10,27,00,00,00,00,00,00,
373000,00000057,false,Rx,0,8,00,00,FE,FF,FE,FF,00,00,
402000,00000625,false,Rx,0,8,25,00,59,86,01,54,5C,06,
0,000002C4,false,Rx,0,8,09,20,00,00,7D,02,00,00,
0,000002C5,false,Rx,0,8,00,00,00,00,00,00,00,00,
434000,000002C6,false,Rx,0,8,32,00,7C,01,00,00,00,00,
463000,0000060D,false,Rx,0,8,0D,10,83,B6,09,20,70,00,
502000,00000625,false,Rx,0,8,25,00,59,86,01,54,5C,06,
563000,0000060D,false,Rx,0,8,0D,10,83,B6,09,20,70,00,
572000,00000054,false,Rx,0,8,01,05,00,01,7D,02,00,00,
572000,00000055,false,Rx,0,8,10,27,00,00,00,00,00,00,
572000,00000056,false,Rx,0,8,10,27,00,00,00,00,00,00,
573000,00000057,false,Rx,0,8,00,00,FE,FF,FE,FF,00,00,
602000,00000625,false,Rx,0,8,25,00,59,86,01,54,5C,06,
653000,000002C4,false,Rx,0,8,09,20,00,00,7D,02,00,00,
653000,000002C5,false,Rx,0,8,00,00,00,00,00,00,00,00,
653000,000002C6,false,Rx,0,8,32,00,7C,01,00,00,00,00,
663000,0000060D,false,Rx,0,8,0D,10,83,B6,09,20,70,00,
702000,00000625,false,Rx,0,8,25,00,59,86,01,54,5C,06,
764000,0000060D,false,Rx,0,8,0D,10,83,B6,09,20,70,00,
773000,00000054,false,Rx,0,8,01,05,00,01,7D,02,00,00,
773000,00000055,false,Rx,0,8,10,27,00,00,00,00,00,00,
774000,00000056,false,Rx,0,8,10,27,00,00,00,00,00,00,
774000,00000057,false,Rx,0,8,00,00,FE,FF,FE,FF,00,00,
802000,00000625,false,Rx,0,8,25,00,59,86,01,54,5C,06,
864000,0000060D,false,Rx,0,8,0D,10,83,B6,09,20,70,00,
0,000002C4,false,Rx,0,8,09,20,00,00,7D,02,00,00,
0,000002C5,false,Rx,0,8,00,00,00,00,00,00,00,00,
873000,000002C6,false,Rx,0,8,32,00,7C,01,00,00,00,00,
902000,00000625,false,Rx,0,8,25,00,59,86,01,54,5C,06,
963000,0000060D,false,Rx,0,8,0D,10,83,B6,09,20,70,00,
0,00000054,false,Rx,0,8,01,05,00,01,7D,02,00,00,
0,00000055,false,Rx,0,8,10,27,00,00,00,00,00,00,
0,00000056,false,Rx,0,8,10,27,00,00,00,00,00,00,
0,00000057,false,Rx,0,8,00,00,FE,FF,FE,FF,00,00,
2000,00000625,false,Rx,0,8,25,00,59,86,01,54,5C,06,
64000,0000060D,false,Rx,0,8,0D,10,83,B6,09,20,70,00,
0,000002C4,false,Rx,0,8,09,20,00,00,7D,02,00,00,
0,000002C5,false,Rx,0,8,00,00,00,00,00,00,00,00,
93000,000002C6,false,Rx,0,8,32,00,7C,01,00,00,00,00,
101000,00000625,false,Rx,0,8,25,00,59,86,01,54,5C,06,
164000,0000060D,false,Rx,0,8,0D,10,83,B6,09,20,70,00,
0,00000054,false,Rx,0,8,01,05,00,01,7D,02,00,00,
0,00000055,false,Rx,0,8,10,27,00,00,00,00,00,00,
173000,00000056,false,Rx,0,8,10,27,00,00,00,00,00,00,
174000,00000057,false,Rx,0,8,00,00,FE,FF,FE,FF,00,00,
201000,00000625,false,Rx,0,8,25,00,59,86,01,54,5C,06,
264000,0000060D,false,Rx,0,8,0D,10,83,B6,09,20,70,00,
301000,00000625,false,Rx,0,8,25,00,59,86,01,54,5C,06,
313000,000002C4,false,Rx,0,8,09,20,00,00,7D,02,00,00,
313000,000002C5,false,Rx,0,8,00,00,00,00,00,00,00,00,
313000,000002C6,false,Rx,0,8,32,00,7C,01,00,00,00,00,
364000,0000060D,false,Rx,0,8,0D,10,83,B6,09,20,70,00,
372000,00000054,false,Rx,0,8,01,05,00,01,7D,02,00,00,
372000,00000055,false,Rx,0,8,10,27,00,00,00,00,00,00,
372000,00000056,false,Rx,0,8,10,27,00,00,00,00,00,00,
374000,00000057,false,Rx,0,8,00,00,FE,FF,FE,FF,00,00,
402000,00000625,false,Rx,0,8,25,00,59,86,01,54,5C,06,
464000,0000060D,false,Rx,0,8,0D,10,83,B6,09,20,70,00,
502000,00000625,false,Rx,0,8,25,00,59,86,01,54,5C,06,
0,000002C4,false,Rx,0,8,09,20,00,00,7D,02,00,00,
0,000002C5,false,Rx,0,8,00,00,00,00,00,00,00,00,
0,000002C6,false,Rx,0,8,32,00,7C,01,00,00,00,00,
564000,0000060D,false,Rx,0,8,0D,10,83,B6,09,20,70,00,
572000,00000054,false,Rx,0,8,01,05,00,01,7D,02,00,00,
573000,00000055,false,Rx,0,8,10,27,00,00,00,00,00,00,
0,00000056,false,Rx,0,8,10,27,00,00,00,00,00,00,
0,00000057,false,Rx,0,8,00,00,FE,FF,FE,FF,00,00,
602000,00000625,false,Rx,0,8,25,00,59,86,01,54,5C,06,
663000,0000060D,false,Rx,0,8,0D,10,83,B6,09,20,70,00,
703000,00000625,false,Rx,0,8,25,00,59,86,01,54,5C,06,
753000,000002C4,false,Rx,0,8,09,20,00,00,7D,02,00,00,
754000,000002C5,false,Rx,0,8,00,00,00,00,00,00,00,00,
754000,000002C6,false,Rx,0,8,32,00,7C,01,00,00,00,00,
763000,0000060D,false,Rx,0,8,0D,10,83,B6,09,20,70,00,
773000,00000054,false,Rx,0,8,01,05,00,01,7D,02,00,00,
773000,00000055,false,Rx,0,8,10,27,00,00,00,00,00,00,
773000,00000056,false,Rx,0,8,10,27,00,00,00,00,00,00,
774000,00000057,false,Rx,0,8,00,00,FE,FF,FE,FF,00,00,
802000,00000625,false,Rx,0,8,25,00,59,86,01,54,5C,06,
863000,0000060D,false,Rx,0,8,0D,10,83,B6,09,20,70,00,
902000,00000625,false,Rx,0,8,25,00,59,86,01,54,5C,06,
963000,0000060D,false,Rx,0,8,0D,10,83,B6,09,20,70,00,
972000,00000054,false,Rx,0,8,01,05,00,01,7D,02,00,00,
973000,00000055,false,Rx,0,8,10,27,00,00,00,00,00,00,
973000,00000056,false,Rx,0,8,10,27,00,00,00,00,00,00,
0,000002C4,false,Rx,0,8,09,20,00,00,7D,02,00,00,
0,00000057,false,Rx,0,8,00,00,FE,FF,FE,FF,00,00,
974000,000002C5,false,Rx,0,8,00,00,00,00,00,00,00,00,
974000,000002C6,false,Rx,0,8,32,00,7C,01,00,00,00,00,
2000,00000625,false,Rx,0,8,25,00,59,86,01,54,5C,06,
63000,0000060D,false,Rx,0,8,0D,10,83,B6,09,20,70,00,
101000,00000625,false,Rx,0,8,25,00,59,86,01,54,5C,06,
164000,0000060D,false,Rx,0,8,0D,10,83,B6,09,20,70,00,
172000,00000054,false,Rx,0,8,01,05,00,01,7D,02,00,00,
172000,00000055,false,Rx,0,8,10,27,00,00,00,00,00,00,
173000,00000056,false,Rx,0,8,10,27,00,00,00,00,00,00,
173000,00000057,false,Rx,0,8,00,00,FE,FF,FE,FF,00,00,
193000,000002C4,false,Rx,0,8,09,20,00,00,7D,02,00,00,
193000,000002C5,false,Rx,0,8,00,00,00,00,00,00,00,00,
193000,000002C6,false,Rx,0,8,32,00,7C,01,00,00,00,00,
201000,00000625,false,Rx,0,8,25,00,59,86,01,54,5C,06,
263000,0000060D,false,Rx,0,8,0D,10,83,B6,09,20,70,00,
301000,00000625,false,Rx,0,8,25,00,59,86,01,54,5C,06,
364000,0000060D,false,Rx,0,8,0D,10,83,B6,09,20,70,00,
0,00000054,false,Rx,0,8,01,05,00,01,7D,02,00,00,
0,00000055,false,Rx,0,8,10,27,00,00,00,00,00,00,
373000,00000056,false,Rx,0,8,10,27,00,00,00,00,00,00,
373000,00000057,false,Rx,0,8,00,00,FE,FF,FE,FF,00,00,
403000,00000625,false,Rx,0,8,25,00,59,86,01,54,5C,06,
0,000002C4,false,Rx,0,8,09,20,00,00,7D,02,00,00,
0,000002C5,false,Rx,0,8,00,00,00,00,00,00,00,00,
414000,000002C6,false,Rx,0,8,32,00,7C,01,00,00,00,00,
464000,0000060D,false,Rx,0,8,0D,10,83,B6,09,20,70,00,
502000,00000625,false,Rx,0,8,25,00,59,86,01,54,5C,06,
564000,0000060D,false,Rx,0,8,0D,10,83,B6,09,20,70,00,
572000,00000054,false,Rx,0,8,01,05,00,01,7D,02,00,00,
0,00000055,false,Rx,0,8,10,27,00,00,00,00,00,00,
0,00000056,false,Rx,0,8,10,27,00,00,00,00,00,00,
573000,00000057,false,Rx,0,8,00,00,FE,FF,FE,FF,00,00,
602000,00000625,false,Rx,0,8,25,00,59,86,01,54,5C,06,
633000,000002C4,false,Rx,0,8,09,20,00,00,7D,02,00,00,
633000,000002C5,false,Rx,0,8,00,00,00,00,00,00,00,00,
634000,000002C6,false,Rx,0,8,32,00,7C,01,00,00,00,00,
664000,0000060D,false,Rx,0,8,0D,10,83,B6,09,20,70,00,
701000,00000625,false,Rx,0,8,25,00,59,86,01,54,5C,06,
763000,0000060D,false,Rx,0,8,0D,10,83,B6,09,20,70,00,
772000,00000054,false,Rx,0,8,01,05,00,01,7D,02,00,00,
773000,00000055,false,Rx,0,8,10,27,00,00,00,00,00,00,
0,00000056,false,Rx,0,8,10,27,00,00,00,00,00,00,
0,00000057,false,Rx,0,8,00,00,FE,FF,FE,FF,00,00,
802000,00000625,false,Rx,0,8,25,00,59,86,01,54,5C,06,
853000,000002C4,false,Rx,0,8,09,20,00,00,7D,02,00,00,
853000,000002C5,false,Rx,0,8,00,00,00,00,00,00,00,00,
853000,000002C6,false,Rx,0,8,32,00,7C,01,00,00,00,00,
864000,0000060D,false,Rx,0,8,0D,10,83,B6,09,20,70,00,
902000,00000625,false,Rx,0,8,25,00,59,86,01,54,5C,06,
964000,0000060D,false,Rx,0,8,0D,10,83,B6,09,20,70,00,
972000,00000054,false,Rx,0,8,01,05,00,01,7D,02,00,00,
973000,00000055,false,Rx,0,8,10,27,00,00,00,00,00,00,
973000,00000056,false,Rx,0,8,10,27,00,00,00,00,00,00,
973000,00000057,false,Rx,0,8,00,00,FE,FF,FE,FF,00,00,
1000,00000625,false,Rx,0,8,25,00,59,86,01,54,5C,06,
63000,0000060D,false,Rx,0,8,0D,10,83,B6,09,20,70,00,
73000,000002C4,false,Rx,0,8,09,20,00,00,7D,02,00,00,
73000,000002C5,false,Rx,0,8,00,00,00,00,00,00,00,00,
74000,000002C6,false,Rx,0,8,32,00,7C,01,00,00,00,00,
102000,00000625,false,Rx,0,8,25,00,59,86,01,54,5C,06,
164000,0000060D,false,Rx,0,8,0D,10,83,B6,09,20,70,00,
172000,00000054,false,Rx,0,8,01,05,00,01,7D,02,00,00,
172000,00000055,false,Rx,0,8,10,27,00,00,00,00,00,00,
173000,00000056,false,Rx,0,8,10,27,00,00,00,00,00,00,
173000,00000057,false,Rx,0,8,00,00,FE,FF,FE,FF,00,00,
203000,00000625,false,Rx,0,8,25,00,59,86,01,54,5C,06,
264000,0000060D,false,Rx,0,8,0D,10,83,B6,09,20,70,00,
0,000002C4,false,Rx,0,8,09,20,00,00,7D,02,00,00,
0,000002C5,false,Rx,0,8,00,00,00,00,00,00,00,00,
294000,000002C6,false,Rx,0,8,32,00,7C,01,00,00,00,00,
301000,00000625,false,Rx,0,8,25,00,59,86,01,54,5C,06,
363000,0000060D,false,Rx,0,8,0D,10,83,B6,09,20,70,00,
0,00000054,false,Rx,0,8,01,05,00,01,7D,02,00,00,
0,00000055,false,Rx,0,8,10,27,00,00,00,00,00,00,
373000,00000056,false,Rx,0,8,10,27,00,00,00,00,00,00,
374000,00000057,false,Rx,0,8,00,00,FE,FF,FE,FF,00,00,
402000,00000625,false,Rx,0,8,25,00,59,86,01,54,5C,06,
463000,0000060D,false,Rx,0,8,0D,10,83,B6,09,20,70,00,
501000,00000625,false,Rx,0,8,25,00,59,86,01,54,5C,06,
513000,000002C4,false,Rx,0,8,09,20,00,00,7D,02,00,00,
513000,000002C5,false,Rx,0,8,00,00,00,00,00,00,00,00,
513000,000002C6,false,Rx,0,8,32,00,7C,01,00,00,00,00,
563000,0000060D,false,Rx,0,8,0D,10,83,B6,09,20,70,00,
572000,00000054,false,Rx,0,8,01,05,00,01,7D,02,00,00,
573000,00000055,false,Rx,0,8,10,27,00,00,00,00,00,00,
573000,00000056,false,Rx,0,8,10,27,00,00,00,00,00,00,
573000,00000057,false,Rx,0,8,00,00,FE,FF,FE,FF,00,00,
602000,00000625,false,Rx,0,8,25,00,59,86,01,54,5C,06,
663000,0000060D,false,Rx,0,8,0D,10,83,B6,09,20,70,00,
702000,00000625,false,Rx,0,8,25,00,59,86,01,54,5C,06,
733000,000002C4,false,Rx,0,8,09,20,00,00,7D,02,00,00,
733000,000002C5,false,Rx,0,8,00,00,00,00,00,00,00,00,
733000,000002C6,false,Rx,0,8,32,00,7C,01,00,00,00,00,
763000,0000060D,false,Rx,0,8,0D,10,83,B6,09,20,70,00,
773000,00000054,false,Rx,0,8,01,05,00,01,7D,02,00,00,
0,00000055,false,Rx,0,8,10,27,00,00,00,00,00,00,
0,00000056,false,Rx,0,8,10,27,00,00,00,00,00,00,
0,00000057,false,Rx,0,8,00,00,FE,FF,FE,FF,00,00,
802000,00000625,false,Rx,0,8,25,00,59,86,01,54,5C,06,
