Time Stamp,ID,Extended,Dir,Bus,LEN,D1,D2,D3,D4,D5,D6,D7,D8
370000,0000060D,false,Rx,0,8,0D,10,83,B6,09,20,70,00,
381000,00000054,false,Rx,0,8,00,00,FE,FF,CB,02,00,00,
381000,00000055,false,Rx,0,8,10,27,00,00,00,00,00,00,
381000,00000056,false,Rx,0,8,10,27,00,00,00,00,00,00,
382000,00000057,false,Rx,0,8,00,00,FE,FF,FE,FF,00,00,
382000,00000065,false,Rx,0,8,CB,02,01,00,00,00,00,00,
471000,0000060D,false,Rx,0,8,0D,10,83,B6,09,20,70,00,
531000,00000065,false,Rx,0,8,CB,02,01,00,00,00,00,00,
571000,0000060D,false,Rx,0,8,0D,10,83,B6,09,20,70,00,
580000,00000054,false,Rx,0,8,00,00,FE,FF,CB,02,00,00,
581000,00000055,false,Rx,0,8,10,27,00,00,00,00,00,00,
581000,00000056,false,Rx,0,8,10,27,00,00,00,00,00,00,
581000,00000057,false,Rx,0,8,00,00,FE,FF,FE,FF,00,00,
608000,00000625,false,Rx,0,8,25,00,58,86,01,54,5C,06,
619000,000002C4,false,Rx,0,8,02,00,00,00,C5,02,00,00,
619000,000002C5,false,Rx,0,8,00,00,00,00,00,00,00,00,
619000,000002C6,false,Rx,0,8,32,00,7C,01,00,00,00,00,
670000,0000060D,false,Rx,0,8,0D,10,83,B6,09,20,70,00,
680000,00000065,false,Rx,0,8,CB,02,01,00,00,00,00,00,
708000,00000625,false,Rx,0,8,25,00,58,86,01,54,5C,06,
770000,0000060D,false,Rx,0,8,0D,10,83,B6,09,20,70,00,
779000,00000054,false,Rx,0,8,00,00,FE,FF,CB,02,00,00,
781000,00000055,false,Rx,0,8,10,27,00,00,00,00,00,00,
781000,00000056,false,Rx,0,8,10,27,00,00,00,00,00,00,
782000,00000057,false,Rx,0,8,00,00,FE,FF,FE,FF,00,00,
808000,00000625,false,Rx,0,8,25,00,59,86,01,54,5C,06,
830000,00000065,false,Rx,0,8,CB,02,01,00,00,00,00,00,
838000,000002C4,false,Rx,0,8,02,00,00,00,C5,02,00,00,
839000,000002C5,false,Rx,0,8,00,00,00,00,00,00,00,00,
839000,000002C6,false,Rx,0,8,32,00,7C,01,00,00,00,00,
870000,0000060D,false,Rx,0,8,0D,10,83,B6,09,20,70,00,
908000,00000625,false,Rx,0,8,25,00,59,86,01,54,5C,06,
970000,0000060D,false,Rx,0,8,0D,10,83,B6,09,20,70,00,
0,00000054,false,Rx,0,8,00,00,FE,FF,CB,02,00,00,
0,00000055,false,Rx,0,8,10,27,00,00,00,00,00,00,
981000,00000056,false,Rx,0,8,10,27,00,00,00,00,00,00,
981000,00000057,false,Rx,0,8,00,00,FE,FF,FE,FF,00,00,
8000,00000625,false,Rx,0,8,25,00,59,86,01,54,5C,06,
59000,000002C4,false,Rx,0,8,02,00,00,00,C5,02,00,00,
59000,000002C5,false,Rx,0,8,00,00,00,00,00,00,00,00,
59000,000002C6,false,Rx,0,8,32,00,7C,01,00,00,00,00,
70000,0000060D,false,Rx,0,8,0D,10,83,B6,09,20,70,00,
107000,00000625,false,Rx,0,8,25,00,59,86,01,54,5C,06,
170000,0000060D,false,Rx,0,8,0D,10,83,B6,09,20,70,00,
181000,00000054,false,Rx,0,8,00,00,FE,FF,CB,02,00,00,
181000,00000055,false,Rx,0,8,10,27,00,00,00,00,00,00,
181000,00000056,false,Rx,0,8,10,27,00,00,00,00,00,00,
181000,00000057,false,Rx,0,8,00,00,FE,FF,FE,FF,00,00,
207000,00000625,false,Rx,0,8,25,00,59,86,01,54,5C,06,
270000,0000060D,false,Rx,0,8,0D,10,83,B6,09,20,70,00,
279000,000002C4,false,Rx,0,8,02,00,00,00,C6,02,00,00,
279000,000002C5,false,Rx,0,8,00,00,00,00,00,00,00,00,
279000,000002C6,false,Rx,0,8,32,00,7C,01,00,00,00,00,
307000,00000625,false,Rx,0,8,25,00,59,86,01,54,5C,06,
370000,0000060D,false,Rx,0,8,0D,10,83,B6,09,20,70,00,
380000,00000054,false,Rx,0,8,00,00,FE,FF,CB,02,00,00,
380000,00000055,false,Rx,0,8,10,27,00,00,00,00,00,00,
381000,00000056,false,Rx,0,8,10,27,00,00,00,00,00,00,
381000,00000057,false,Rx,0,8,00,00,FE,FF,FE,FF,00,00,
408000,00000625,false,Rx,0,8,25,00,59,86,01,54,5C,06,
470000,0000060D,false,Rx,0,8,0D,10,83,B6,09,20,70,00,
499000,000002C4,false,Rx,0,8,03,00,00,00,C6,02,00,00,
0,000002C5,false,Rx,0,8,00,00,00,00,00,00,00,00,
0,000002C6,false,Rx,0,8,32,00,7C,01,00,00,00,00,
507000,00000625,false,Rx,0,8,25,00,59,86,01,54,5C,06,
570000,0000060D,false,Rx,0,8,0D,10,83,B6,09,20,70,00,
0,00000054,false,Rx,0,8,00,00,FE,FF,CB,02,00,00,
0,00000055,false,Rx,0,8,10,27,00,00,00,00,00,00,
0,00000056,false,Rx,0,8,10,27,00,00,00,00,00,00,
581000,00000057,false,Rx,0,8,00,00,FE,FF,FE,FF,00,00,
608000,00000625,false,Rx,0,8,25,00,59,86,01,54,5C,06,
670000,0000060D,false,Rx,0,8,0D,10,83,B6,09,20,70,00,
707000,00000625,false,Rx,0,8,25,00,59,86,01,54,5C,06,
0,000002C4,false,Rx,0,8,03,00,00,00,C6,02,00,00,
0,000002C5,false,Rx,0,8,00,00,00,00,00,00,00,00,
0,000002C6,false,Rx,0,8,32,00,7C,01,00,00,00,00,
770000,0000060D,false,Rx,0,8,0D,10,83,B6,09,20,70,00,
780000,00000054,false,Rx,0,8,00,00,FE,FF,CB,02,00,00,
780000,00000055,false,Rx,0,8,10,27,00,00,00,00,00,00,
0,00000056,false,Rx,0,8,10,27,00,00,00,00,00,00,
0,00000057,false,Rx,0,8,00,00,FE,FF,FE,FF,00,00,
807000,00000625,false,Rx,0,8,25,00,59,86,01,54,5C,06,
871000,0000060D,false,Rx,0,8,0D,10,83,B6,09,20,70,00,
908000,00000625,false,Rx,0,8,25,00,59,86,01,54,5C,06,
939000,000002C4,false,Rx,0,8,03,00,00,00,C6,02,00,00,
939000,000002C5,false,Rx,0,8,00,00,00,00,00,00,00,00,
939000,000002C6,false,Rx,0,8,32,00,7C,01,00,00,00,00,
970000,0000060D,false,Rx,0,8,0D,10,83,B6,09,20,70,00,
980000,00000054,false,Rx,0,8,00,00,FE,FF,CB,02,00,00,
980000,00000055,false,Rx,0,8,10,27,00,00,00,00,00,00,
981000,00000056,false,Rx,0,8,10,27,00,00,00,00,00,00,
981000,00000057,false,Rx,0,8,00,00,FE,FF,FE,FF,00,00,
7000,00000625,false,Rx,0,8,25,00,59,86,01,54,5C,06,
71000,0000060D,false,Rx,0,8,0D,10,83,B6,09,20,70,00,
107000,00000625,false,Rx,0,8,25,00,59,86,01,54,5C,06,
159000,000002C4,false,Rx,0,8,03,00,00,00,C6,02,00,00,
159000,000002C5,false,Rx,0,8,00,00,00,00,00,00,00,00,
159000,000002C6,false,Rx,0,8,32,00,7C,01,00,00,00,00,
170000,0000060D,false,Rx,0,8,0D,10,83,B6,09,20,70,00,
180000,00000054,false,Rx,0,8,00,00,FE,FF,CB,02,00,00,
180000,00000055,false,Rx,0,8,10,27,00,00,00,00,00,00,
181000,00000056,false,Rx,0,8,10,27,00,00,00,00,00,00,
181000,00000057,false,Rx,0,8,00,00,FE,FF,FE,FF,00,00,
208000,00000625,false,Rx,0,8,25,00,59,86,01,54,5C,06,
270000,0000060D,false,Rx,0,8,0D,10,83,B6,09,20,70,00,
307000,00000625,false,Rx,0,8,25,00,59,86,01,54,5C,06,
370000,0000060D,false,Rx,0,8,0D,10,83,B6,09,20,70,00,
379000,000002C4,false,Rx,0,8,03,00,00,00,C6,02,00,00,
379000,000002C5,false,Rx,0,8,00,00,00,00,00,00,00,00,
379000,000002C6,false,Rx,0,8,32,00,7C,01,00,00,00,00,
380000,00000054,false,Rx,0,8,00,00,FE,FF,CB,02,00,00,
380000,00000055,false,Rx,0,8,10,27,00,00,00,00,00,00,
381000,00000056,false,Rx,0,8,10,27,00,00,00,00,00,00,
381000,00000057,false,Rx,0,8,00,00,FE,FF,FE,FF,00,00,
408000,00000625,false,Rx,0,8,25,00,59,86,01,54,5C,06,
471000,0000060D,false,Rx,0,8,0D,10,83,B6,09,20,70,00,
507000,00000625,false,Rx,0,8,25,00,59,86,01,54,5C,06,
570000,0000060D,false,Rx,0,8,0D,10,83,B6,09,20,70,00,
580000,00000054,false,Rx,0,8,00,00,FE,FF,CB,02,00,00,
580000,00000055,false,Rx,0,8,10,27,00,00,00,00,00,00,
580000,00000056,false,Rx,0,8,10,27,00,00,00,00,00,00,
581000,00000057,false,Rx,0,8,00,00,FE,FF,FE,FF,00,00,
599000,000002C4,false,Rx,0,8,03,00,00,00,C6,02,00,00,
599000,000002C5,false,Rx,0,8,00,00,00,00,00,00,00,00,
599000,000002C6,false,Rx,0,8,32,00,7C,01,00,00,00,00,
608000,00000625,false,Rx,0,8,25,00,59,86,01,54,5C,06,
670000,0000060D,false,Rx,0,8,0D,10,83,B6,09,20,70,00,
707000,00000625,false,Rx,0,8,25,00,59,86,01,54,5C,06,
770000,0000060D,false,Rx,0,8,0D,10,83,B6,09,20,70,00,
0,00000054,false,Rx,0,8,00,00,FE,FF,CB,02,00,00,
0,00000055,false,Rx,0,8,10,27,00,00,00,00,00,00,
0,00000056,false,Rx,0,8,10,27,00,00,00,00,00,00,
781000,00000057,false,Rx,0,8,00,00,FE,FF,FE,FF,00,00,
807000,00000625,false,Rx,0,8,25,00,59,86,01,54,5C,06,
0,000002C4,false,Rx,0,8,03,00,00,00,C6,02,00,00,
0,000002C5,false,Rx,0,8,00,00,00,00,00,00,00,00,
819000,000002C6,false,Rx,0,8,32,00,7C,01,00,00,00,00,
870000,0000060D,false,Rx,0,8,0D,10,83,B6,09,20,70,00,
907000,00000625,false,Rx,0,8,25,00,59,86,01,54,5C,06,
970000,0000060D,false,Rx,0,8,0D,10,83,B6,09,20,70,00,
980000,00000054,false,Rx,0,8,00,00,FE,FF,CB,02,00,00,
981000,00000055,false,Rx,0,8,10,27,00,00,00,00,00,00,
0,00000056,false,Rx,0,8,10,27,00,00,00,00,00,00,
0,00000057,false,Rx,0,8,00,00,FE,FF,FE,FF,00,00,
8000,00000625,false,Rx,0,8,25,00,59,86,01,54,5C,06,
39000,000002C4,false,Rx,0,8,03,00,00,00,C6,02,00,00,
39000,000002C5,false,Rx,0,8,00,00,00,00,00,00,00,00,
39000,000002C6,false,Rx,0,8,32,00,7C,01,00,00,00,00,
70000,0000060D,false,Rx,0,8,0D,10,83,B6,09,20,70,00,
107000,00000625,false,Rx,0,8,25,00,59,86,01,54,5C,06,
170000,0000060D,false,Rx,0,8,0D,10,83,B6,09,20,70,00,
180000,00000054,false,Rx,0,8,00,00,FE,FF,CB,02,00,00,
180000,00000055,false,Rx,0,8,10,27,00,00,00,00,00,00,
181000,00000056,false,Rx,0,8,10,27,00,00,00,00,00,00,
181000,00000057,false,Rx,0,8,00,00,FE,FF,FE,FF,00,00,
208000,00000625,false,Rx,0,8,25,00,59,86,01,54,5C,06,
259000,000002C4,false,Rx,0,8,03,00,00,00,C6,02,00,00,
259000,000002C5,false,Rx,0,8,00,00,00,00,00,00,00,00,
259000,000002C6,false,Rx,0,8,32,00,7C,01,00,00,00,00,
270000,0000060D,false,Rx,0,8,0D,10,83,B6,09,20,70,00,
307000,00000625,false,Rx,0,8,25,00,59,86,01,54,5C,06,
370000,0000060D,false,Rx,0,8,0D,10,83,B6,09,20,70,00,
380000,00000054,false,Rx,0,8,00,00,FE,FF,CB,02,00,00,
380000,00000055,false,Rx,0,8,10,27,00,00,00,00,00,00,
380000,00000056,false,Rx,0,8,10,27,00,00,00,00,00,00,
381000,00000057,false,Rx,0,8,00,00,FE,FF,FE,FF,00,00,
407000,00000625,false,Rx,0,8,25,00,59,86,01,54,5C,06,
471000,0000060D,false,Rx,0,8,0D,10,83,B6,09,20,70,00,
0,000002C4,false,Rx,0,8,03,00,00,00,C7,02,00,00,
0,000002C5,false,Rx,0,8,00,00,00,00,00,00,00,00,
479000,000002C6,false,Rx,0,8,32,00,7C,01,00,00,00,00,
507000,00000625,false,Rx,0,8,25,00,59,86,01,54,5C,06,
570000,0000060D,false,Rx,0,8,0D,10,83,B6,09,20,70,00,
0,00000054,false,Rx,0,8,00,00,FE,FF,CB,02,00,00,
0,00000055,false,Rx,0,8,10,27,00,00,00,00,00,00,
581000,00000056,false,Rx,0,8,10,27,00,00,00,00,00,00,
581000,00000057,false,Rx,0,8,00,00,FE,FF,FE,FF,00,00,
607000,00000625,false,Rx,0,8,25,00,59,86,01,54,5C,06,
670000,0000060D,false,Rx,0,8,0D,10,83,B6,09,20,70,00,
699000,000002C4,false,Rx,0,8,03,00,00,00,C7,02,00,00,
699000,000002C5,false,Rx,0,8,00,00,00,00,00,00,00,00,
699000,000002C6,false,Rx,0,8,32,00,7C,01,00,00,00,00,
707000,00000625,false,Rx,0,8,25,00,59,86,01,54,5C,06,
770000,0000060D,false,Rx,0,8,0D,10,83,B6,09,20,70,00,
780000,00000054,false,Rx,0,8,00,00,FE,FF,CB,02,00,00,
780000,00000055,false,Rx,0,8,10,27,00,00,00,00,00,00,
780000,00000056,false,Rx,0,8,10,27,00,00,00,00,00,00,
781000,00000057,false,Rx,0,8,00,00,FE,FF,FE,FF,00,00,
807000,00000625,false,Rx,0,8,25,00,59,86,01,54,5C,06,
870000,0000060D,false,Rx,0,8,0D,10,83,B6,09,20,70,00,
908000,00000625,false,Rx,0,8,25,00,59,86,01,54,5C,06,
0,000002C4,false,Rx,0,8,03,00,00,00,C7,02,00,00,
0,000002C5,false,Rx,0,8,00,00,00,00,00,00,00,00,
919000,000002C6,false,Rx,0,8,32,00,7C,01,00,00,00,00,
971000,0000060D,false,Rx,0,8,0D,10,83,B6,09,20,70,00,
980000,00000054,false,Rx,0,8,00,00,FE,FF,CB,02,00,00,
980000,00000055,false,Rx,0,8,10,27,00,00,00,00,00,00,
981000,00000056,false,Rx,0,8,10,27,00,00,00,00,00,00,
981000,00000057,false,Rx,0,8,00,00,FE,FF,FE,FF,00,00,
8000,00000625,false,Rx,0,8,25,00,59,86,01,54,5C,06,
70000,0000060D,false,Rx,0,8,0D,10,83,B6,09,20,70,00,
108000,00000625,false,Rx,0,8,25,00,59,86,01,54,5C,06,
139000,000002C4,false,Rx,0,8,03,00,00,00,C7,02,00,00,
139000,000002C5,false,Rx,0,8,00,00,00,00,00,00,00,00,
139000,000002C6,false,Rx,0,8,32,00,7C,01,00,00,00,00,
170000,0000060D,false,Rx,0,8,0D,10,83,B6,09,20,70,00,
180000,00000054,false,Rx,0,8,00,00,FE,FF,CB,02,00,00,
180000,00000055,false,Rx,0,8,10,27,00,00,00,00,00,00,
181000,00000056,false,Rx,0,8,10,27,00,00,00,00,00,00,
181000,00000057,false,Rx,0,8,00,00,FE,FF,FE,FF,00,00,
208000,00000625,false,Rx,0,8,25,00,59,86,01,54,5C,06,
270000,0000060D,false,Rx,0,8,0D,10,83,B6,09,20,70,00,
308000,00000625,false,Rx,0,8,25,00,59,86,01,54,5C,06,
0,000002C4,false,Rx,0,8,03,00,00,00,C7,02,00,00,
0,000002C5,false,Rx,0,8,00,00,00,00,00,00,00,00,
360000,000002C6,false,Rx,0,8,32,00,7C,01,00,00,00,00,
370000,0000060D,false,Rx,0,8,0D,10,83,B6,09,20,70,00,
381000,00000054,false,Rx,0,8,00,00,FE,FF,CB,02,00,00,
381000,00000055,false,Rx,0,8,10,27,00,00,00,00,00,00,
381000,00000056,false,Rx,0,8,10,27,00,00,00,00,00,00,
381000,00000057,false,Rx,0,8,00,00,FE,FF,FE,FF,00,00,
408000,00000625,false,Rx,0,8,25,00,59,86,01,54,5C,06,
507000,00000625,false,Rx,0,8,25,00,59,86,01,54,5C,06,
0,000002C4,false,Rx,0,8,03,00,00,00,C7,02,00,00,
0,000002C5,false,Rx,0,8,00,00,00,00,00,00,00,00,
579000,000002C6,false,Rx,0,8,32,00,7C,01,00,00,00,00,
0,00000054,false,Rx,0,8,00,00,FE,FF,CB,02,00,00,
0,00000055,false,Rx,0,8,10,27,00,00,00,00,00,00,
0,00000056,false,Rx,0,8,10,27,00,00,00,00,00,00,
581000,00000057,false,Rx,0,8,00,00,FE,FF,FE,FF,00,00,
608000,00000625,false,Rx,0,8,25,00,59,86,01,54,5C,06,
708000,00000625,false,Rx,0,8,25,00,59,86,01,54,5C,06,
0,00000054,false,Rx,0,8,00,00,FE,FF,CB,02,00,00,
0,00000055,false,Rx,0,8,10,27,00,00,00,00,00,00,
0,00000056,false,Rx,0,8,10,27,00,00,00,00,00,00,
0,00000057,false,Rx,0,8,00,00,FE,FF,FE,FF,00,00,
799000,000002C4,false,Rx,0,8,03,00,00,00,C7,02,00,00,
799000,000002C5,false,Rx,0,8,00,00,00,00,00,00,00,00,
800000,000002C6,false,Rx,0,8,32,00,7C,01,00,00,00,00,
807000,00000625,false,Rx,0,8,25,00,59,86,01,54,5C,06,
907000,00000625,false,Rx,0,8,25,00,59,86,01,54,5C,06,
979000,00000054,false,Rx,0,8,00,00,FE,FF,CB,02,00,00,
980000,00000055,false,Rx,0,8,10,27,00,00,00,00,00,00,
980000,00000056,false,Rx,0,8,10,27,00,00,00,00,00,00,
980000,00000057,false,Rx,0,8,00,00,FE,FF,FE,FF,00,00,
7000,00000625,false,Rx,0,8,25,00,59,86,01,54,5C,06,
19000,000002C4,false,Rx,0,8,03,00,00,00,C7,02,00,00,
19000,000002C5,false,Rx,0,8,00,00,00,00,00,00,00,00,
19000,000002C6,false,Rx,0,8,32,00,7C,01,00,00,00,00,
107000,00000625,false,Rx,0,8,25,00,59,86,01,54,5C,06,
179000,00000054,false,Rx,0,8,00,00,FE,FF,CB,02,00,00,
180000,00000055,false,Rx,0,8,10,27,00,00,00,00,00,00,
180000,00000056,false,Rx,0,8,10,27,00,00,00,00,00,00,
180000,00000057,false,Rx,0,8,00,00,FE,FF,FE,FF,00,00,
207000,00000625,false,Rx,0,8,25,00,59,86,01,54,5C,06,
239000,000002C4,false,Rx,0,8,03,00,00,00,C7,02,00,00,
239000,000002C5,false,Rx,0,8,00,00,00,00,00,00,00,00,
240000,000002C6,false,Rx,0,8,32,00,7C,01,00,00,00,00,
308000,00000625,false,Rx,0,8,25,00,59,86,01,54,5C,06,
380000,00000054,false,Rx,0,8,00,00,FE,FF,CB,02,00,00,
380000,00000055,false,Rx,0,8,10,27,00,00,00,00,00,00,
381000,00000056,false,Rx,0,8,10,27,00,00,00,00,00,00,
381000,00000057,false,Rx,0,8,00,00,FE,FF,FE,FF,00,00,
408000,00000625,false,Rx,0,8,25,00,59,86,01,54,5C,06,
459000,000002C4,false,Rx,0,8,03,00,00,00,C7,02,00,00,
459000,000002C5,false,Rx,0,8,00,00,00,00,00,00,00,00,
459000,000002C6,false,Rx,0,8,32,00,7C,01,00,00,00,00,
507000,00000625,false,Rx,0,8,25,00,59,86,01,54,5C,06,
0,00000054,false,Rx,0,8,00,00,FE,FF,CB,02,00,00,
0,00000055,false,Rx,0,8,10,27,00,00,00,00,00,00,
580000,00000056,false,Rx,0,8,10,27,00,00,00,00,00,00,
581000,00000057,false,Rx,0,8,00,00,FE,FF,FE,FF,00,00,
608000,00000625,false,Rx,0,8,25,00,59,86,01,54,5C,06,
679000,000002C4,false,Rx,0,8,03,00,00,00,C7,02,00,00,
679000,000002C5,false,Rx,0,8,00,00,00,00,00,00,00,00,
679000,000002C6,false,Rx,0,8,32,00,7C,01,00,00,00,00,
708000,00000625,false,Rx,0,8,25,00,59,86,01,54,5C,06,
780000,00000054,false,Rx,0,8,00,00,FE,FF,CB,02,00,00,
780000,00000055,false,Rx,0,8,10,27,00,00,00,00,00,00,
780000,00000056,false,Rx,0,8,10,27,00,00,00,00,00,00,
780000,00000057,false,Rx,0,8,00,00,FE,FF,FE,FF,00,00,
807000,00000625,false,Rx,0,8,25,00,59,86,01,54,5C,06,
899000,000002C4,false,Rx,0,8,03,00,00,00,C7,02,00,00,
899000,000002C5,false,Rx,0,8,00,00,00,00,00,00,00,00,
899000,000002C6,false,Rx,0,8,32,00,7C,01,00,00,00,00,
908000,00000625,false,Rx,0,8,25,00,59,86,01,54,5C,06,
0,00000054,false,Rx,0,8,00,00,FE,FF,CB,02,00,00,
0,00000055,false,Rx,0,8,10,27,00,00,00,00,00,00,
981000,00000056,false,Rx,0,8,10,27,00,00,00,00,00,00,
981000,00000057,false,Rx,0,8,00,00,FE,FF,FE,FF,00,00,
7000,00000625,false,Rx,0,8,25,00,59,86,01,54,5C,06,
107000,00000625,false,Rx,0,8,25,00,59,86,01,54,5C,06,
119000,000002C4,false,Rx,0,8,03,00,00,00,C7,02,00,00,
119000,000002C5,false,Rx,0,8,00,00,00,00,00,00,00,00,
119000,000002C6,false,Rx,0,8,32,00,7C,01,00,00,00,00,
180000,00000054,false,Rx,0,8,00,00,FE,FF,CB,02,00,00,
180000,00000055,false,Rx,0,8,10,27,00,00,00,00,00,00,
180000,00000056,false,Rx,0,8,10,27,00,00,00,00,00,00,
181000,00000057,false,Rx,0,8,00,00,FE,FF,FE,FF,00,00,
208000,00000625,false,Rx,0,8,25,00,59,86,01,54,5C,06,
307000,00000625,false,Rx,0,8,25,00,59,86,01,54,5C,06,
0,000002C4,false,Rx,0,8,03,00,00,00,C8,02,00,00,
0,000002C5,false,Rx,0,8,00,00,00,00,00,00,00,00,
340000,000002C6,false,Rx,0,8,32,00,7C,01,00,00,00,00,
380000,00000054,false,Rx,0,8,00,00,FE,FF,CB,02,00,00,
380000,00000055,false,Rx,0,8,10,27,00,00,00,00,00,00,
380000,00000056,false,Rx,0,8,10,27,00,00,00,00,00,00,
381000,00000057,false,Rx,0,8,00,00,FE,FF,FE,FF,00,00,
409000,00000625,false,Rx,0,8,25,00,59,86,01,54,5C,06,
507000,00000625,false,Rx,0,8,25,00,59,86,01,54,5C,06,
559000,000002C4,false,Rx,0,8,03,00,00,00,C8,02,00,00,
559000,000002C5,false,Rx,0,8,00,00,00,00,00,00,00,00,
559000,000002C6,false,Rx,0,8,32,00,7C,01,00,00,00,00,
580000,00000054,false,Rx,0,8,00,00,FE,FF,CB,02,00,00,
580000,00000055,false,Rx,0,8,10,27,00,00,00,00,00,00,
581000,00000056,false,Rx,0,8,10,27,00,00,00,00,00,00,
581000,00000057,false,Rx,0,8,00,00,FE,FF,FE,FF,00,00,
608000,00000625,false,Rx,0,8,25,00,59,86,01,54,5C,06,
707000,00000625,false,Rx,0,8,25,00,59,86,01,54,5C,06,
779000,000002C4,false,Rx,0,8,03,00,00,00,C8,02,00,00,
779000,000002C5,false,Rx,0,8,00,00,00,00,00,00,00,00,
779000,000002C6,false,Rx,0,8,32,00,7C,01,00,00,00,00,
780000,00000054,false,Rx,0,8,00,00,FE,FF,CB,02,00,00,
780000,00000055,false,Rx,0,8,10,27,00,00,00,00,00,00,
781000,00000056,false,Rx,0,8,10,27,00,00,00,00,00,00,
781000,00000057,false,Rx,0,8,00,00,FE,FF,FE,FF,00,00,
808000,00000625,false,Rx,0,8,25,00,59,86,01,54,5C,06,
908000,00000625,false,Rx,0,8,25,00,59,86,01,54,5C,06,
980000,00000054,false,Rx,0,8,00,00,FE,FF,CB,02,00,00,
980000,00000055,false,Rx,0,8,10,27,00,00,00,00,00,00,
980000,00000056,false,Rx,0,8,10,27,00,00,00,00,00,00,
981000,00000057,false,Rx,0,8,00,00,FE,FF,FE,FF,00,00,
999000,000002C4,false,Rx,0,8,03,00,00,00,C8,02,00,00,
0,000002C5,false,Rx,0,8,00,00,00,00,00,00,00,00,
0,000002C6,false,Rx,0,8,32,00,7C,01,00,00,00,00,
7000,00000625,false,Rx,0,8,25,00,59,86,01,54,5C,06,
107000,00000625,false,Rx,0,8,25,00,59,86,01,54,5C,06,
180000,00000054,false,Rx,0,8,00,00,FE,FF,CB,02,00,00,
180000,00000055,false,Rx,0,8,10,27,00,00,00,00,00,00,
180000,00000056,false,Rx,0,8,10,27,00,00,00,00,00,00,
180000,00000057,false,Rx,0,8,00,00,FE,FF,FE,FF,00,00,
207000,00000625,false,Rx,0,8,25,00,59,86,01,54,5C,06,
219000,000002C4,false,Rx,0,8,03,00,00,00,C8,02,00,00,
219000,000002C5,false,Rx,0,8,00,00,00,00,00,00,00,00,
219000,000002C6,false,Rx,0,8,32,00,7C,01,00,00,00,00,
308000,00000625,false,Rx,0,8,25,00,59,86,01,54,5C,06,
380000,00000054,false,Rx,0,8,00,00,FE,FF,CB,02,00,00,
380000,00000055,false,Rx,0,8,10,27,00,00,00,00,00,00,
380000,00000056,false,Rx,0,8,10,27,00,00,00,00,00,00,
381000,00000057,false,Rx,0,8,00,00,FE,FF,FE,FF,00,00,
408000,00000625,false,Rx,0,8,25,00,59,86,01,54,5C,06,
439000,000002C4,false,Rx,0,8,03,00,00,00,C8,02,00,00,
439000,000002C5,false,Rx,0,8,00,00,00,00,00,00,00,00,
440000,000002C6,false,Rx,0,8,32,00,7C,01,00,00,00,00,
507000,00000625,false,Rx,0,8,25,00,59,86,01,54,5C,06,
0,00000054,false,Rx,0,8,00,00,FE,FF,CB,02,00,00,
0,00000055,false,Rx,0,8,10,27,00,00,00,00,00,00,
581000,00000056,false,Rx,0,8,10,27,00,00,00,00,00,00,
581000,00000057,false,Rx,0,8,00,00,FE,FF,FE,FF,00,00,
607000,00000625,false,Rx,0,8,25,00,59,86,01,54,5C,06,
659000,000002C4,false,Rx,0,8,03,00,00,00,C8,02,00,00,
659000,000002C5,false,Rx,0,8,00,00,00,00,00,00,00,00,
659000,000002C6,false,Rx,0,8,32,00,7C,01,00,00,00,00,
708000,00000625,false,Rx,0,8,25,00,59,86,01,54,5C,06,
780000,00000054,false,Rx,0,8,00,00,FE,FF,CB,02,00,00,
780000,00000055,false,Rx,0,8,10,27,00,00,00,00,00,00,
781000,00000056,false,Rx,0,8,10,27,00,00,00,00,00,00,
782000,00000057,false,Rx,0,8,00,00,FE,FF,FE,FF,00,00,
808000,00000625,false,Rx,0,8,25,00,59,86,01,54,5C,06,
0,000002C4,false,Rx,0,8,03,00,00,00,C8,02,00,00,
0,000002C5,false,Rx,0,8,00,00,00,00,00,00,00,00,
880000,000002C6,false,Rx,0,8,32,00,7C,01,00,00,00,00,
908000,00000625,false,Rx,0,8,25,00,59,86,01,54,5C,06,
980000,00000054,false,Rx,0,8,00,00,FE,FF,CB,02,00,00,
981000,00000055,false,Rx,0,8,10,27,00,00,00,00,00,00,
0,00000056,false,Rx,0,8,10,27,00,00,00,00,00,00,
0,00000057,false,Rx,0,8,00,00,FE,FF,FE,FF,00,00,
9000,00000625,false,Rx,0,8,25,00,59,86,01,54,5C,06,
99000,000002C4,false,Rx,0,8,03,00,00,00,C8,02,00,00,
99000,000002C5,false,Rx,0,8,00,00,00,00,00,00,00,00,
100000,000002C6,false,Rx,0,8,32,00,7C,01,00,00,00,00,
108000,00000625,false,Rx,0,8,25,00,59,86,01,54,5C,06,
180000,00000054,false,Rx,0,8,00,00,FE,FF,CB,02,00,00,
180000,00000055,false,Rx,0,8,10,27,00,00,00,00,00,00,
180000,00000056,false,Rx,0,8,10,27,00,00,00,00,00,00,
180000,00000057,false,Rx,0,8,00,00,FE,FF,FE,FF,00,00,
207000,00000625,false,Rx,0,8,25,00,59,86,01,54,5C,06,
307000,00000625,false,Rx,0,8,25,00,59,86,01,54,5C,06,
0,000002C4,false,Rx,0,8,03,00,00,00,C8,02,00,00,
0,000002C5,false,Rx,0,8,00,00,00,00,00,00,00,00,
320000,000002C6,false,Rx,0,8,32,00,7C,01,00,00,00,00,
380000,00000054,false,Rx,0,8,00,00,FE,FF,CB,02,00,00,
380000,00000055,false,Rx,0,8,10,27,00,00,00,00,00,00,
380000,00000056,false,Rx,0,8,10,27,00,00,00,00,00,00,
380000,00000057,false,Rx,0,8,00,00,FE,FF,FE,FF,00,00,
407000,00000625,false,Rx,0,8,25,00,59,86,01,54,5C,06,
507000,00000625,false,Rx,0,8,25,00,59,86,01,54,5C,06,
539000,000002C4,false,Rx,0,8,03,00,00,00,C8,02,00,00,
539000,000002C5,false,Rx,0,8,00,00,00,00,00,00,00,00,
539000,000002C6,false,Rx,0,8,32,00,7C,01,00,00,00,00,
0,00000054,false,Rx,0,8,00,00,FE,FF,CB,02,00,00,
0,00000055,false,Rx,0,8,10,27,00,00,00,00,00,00,
580000,00000056,false,Rx,0,8,10,27,00,00,00,00,00,00,
581000,00000057,false,Rx,0,8,00,00,FE,FF,FE,FF,00,00,
608000,00000625,false,Rx,0,8,25,00,59,86,01,54,5C,06,
708000,00000625,false,Rx,0,8,25,00,59,86,01,54,5C,06,
759000,000002C4,false,Rx,0,8,03,00,00,00,C8,02,00,00,
759000,000002C5,false,Rx,0,8,00,00,00,00,00,00,00,00,
759000,000002C6,false,Rx,0,8,32,00,7C,01,00,00,00,00,
779000,00000054,false,Rx,0,8,00,00,FE,FF,CB,02,00,00,
780000,00000055,false,Rx,0,8,10,27,00,00,00,00,00,00,
780000,00000056,false,Rx,0,8,10,27,00,00,00,00,00,00,
780000,00000057,false,Rx,0,8,00,00,FE,FF,FE,FF,00,00,
808000,00000625,false,Rx,0,8,25,00,59,86,01,54,5C,06,
0,000002C4,false,Rx,0,8,03,00,00,00,C9,02,00,00,
0,000002C5,false,Rx,0,8,00,00,00,00,00,00,00,00,
980000,000002C6,false,Rx,0,8,32,00,7C,01,00,00,00,00,
0,00000054,false,Rx,0,8,00,00,FE,FF,CB,02,00,00,
0,00000055,false,Rx,0,8,10,27,00,00,00,00,00,00,
981000,00000056,false,Rx,0,8,10,27,00,00,00,00,00,00,
981000,00000057,false,Rx,0,8,00,00,FE,FF,FE,FF,00,00,
180000,00000054,false,Rx,0,8,00,00,FE,FF,CB,02,00,00,
180000,00000055,false,Rx,0,8,10,27,00,00,00,00,00,00,
181000,00000056,false,Rx,0,8,10,27,00,00,00,00,00,00,
181000,00000057,false,Rx,0,8,00,00,FE,FF,FE,FF,00,00,
199000,000002C4,false,Rx,0,8,03,00,00,00,C9,02,00,00,
199000,000002C5,false,Rx,0,8,00,00,00,00,00,00,00,00,
199000,000002C6,false,Rx,0,8,32,00,7C,01,00,00,00,00,
380000,00000054,false,Rx,0,8,00,00,FE,FF,CB,02,00,00,
0,00000055,false,Rx,0,8,10,27,00,00,00,00,00,00,
0,00000056,false,Rx,0,8,10,27,00,00,00,00,00,00,
0,00000057,false,Rx,0,8,00,00,FE,FF,FE,FF,00,00,
419000,000002C4,false,Rx,0,8,03,00,00,00,C9,02,00,00,
419000,000002C5,false,Rx,0,8,00,00,00,00,00,00,00,00,
419000,000002C6,false,Rx,0,8,32,00,7C,01,00,00,00,00,
580000,00000054,false,Rx,0,8,00,00,FE,FF,CB,02,00,00,
580000,00000055,false,Rx,0,8,10,27,00,00,00,00,00,00,
580000,00000056,false,Rx,0,8,10,27,00,00,00,00,00,00,
580000,00000057,false,Rx,0,8,00,00,FE,FF,FE,FF,00,00,
639000,000002C4,false,Rx,0,8,03,00,00,00,C9,02,00,00,
639000,000002C5,false,Rx,0,8,00,00,00,00,00,00,00,00,
639000,000002C6,false,Rx,0,8,32,00,7C,01,00,00,00,00,
780000,00000054,false,Rx,0,8,00,00,FE,FF,CB,02,00,00,
780000,00000055,false,Rx,0,8,10,27,00,00,00,00,00,00,
781000,00000056,false,Rx,0,8,10,27,00,00,00,00,00,00,
781000,00000057,false,Rx,0,8,00,00,FE,FF,FE,FF,00,00,
991000,0000060D,false,Rx,0,8,0D,10,83,B6,09,20,70,00,
0,00000054,false,Rx,0,8,00,00,FE,FF,CB,02,00,00,
0,00000055,false,Rx,0,8,10,27,00,00,00,00,00,00,
0,00000056,false,Rx,0,8,10,27,00,00,00,00,00,00,
2000,00000057,false,Rx,0,8,00,00,FE,FF,FE,FF,00,00,
90000,0000060D,false,Rx,0,8,0D,10,83,B6,09,20,70,00,
190000,0000060D,false,Rx,0,8,0D,10,83,B6,09,20,70,00,
200000,00000054,false,Rx,0,8,00,00,FE,FF,CB,02,00,00,
200000,00000055,false,Rx,0,8,10,27,00,00,00,00,00,00,
200000,00000056,false,Rx,0,8,10,27,00,00,00,00,00,00,
201000,00000057,false,Rx,0,8,00,00,FE,FF,FE,FF,00,00,
227000,00000625,false,Rx,0,8,25,00,58,86,01,54,5C,06,
0,000002C4,false,Rx,0,8,02,00,00,00,C8,02,00,00,
0,000002C5,false,Rx,0,8,00,00,00,00,00,00,00,00,
0,000002C6,false,Rx,0,8,32,00,7C,01,00,00,00,00,
290000,0000060D,false,Rx,0,8,0D,10,83,B6,09,20,70,00,
327000,00000625,false,Rx,0,8,25,00,58,86,01,54,5C,06,
390000,0000060D,false,Rx,0,8,0D,10,83,B6,09,20,70,00,
400000,00000054,false,Rx,0,8,01,05,0B,01,CB,02,00,00,
400000,00000055,false,Rx,0,8,10,27,00,00,00,00,00,00,
401000,00000056,false,Rx,0,8,10,27,00,00,00,00,00,00,
401000,00000057,false,Rx,0,8,00,00,FE,FF,FE,FF,00,00,
428000,00000625,false,Rx,0,8,25,00,59,86,01,54,5C,06,
459000,000002C4,false,Rx,0,8,02,00,00,00,C9,02,00,00,
459000,000002C5,false,Rx,0,8,00,00,00,00,00,00,00,00,
459000,000002C6,false,Rx,0,8,32,00,7C,01,00,00,00,00,
491000,0000060D,false,Rx,0,8,0D,10,83,B6,09,20,70,00,
528000,00000625,false,Rx,0,8,25,00,59,86,01,54,5C,06,
591000,0000060D,false,Rx,0,8,0D,10,83,B6,09,20,70,00,
601000,00000054,false,Rx,0,8,01,05,0B,01,CB,02,00,00,
601000,00000055,false,Rx,0,8,10,27,00,00,00,00,00,00,
601000,00000056,false,Rx,0,8,10,27,00,00,00,00,00,00,
602000,00000057,false,Rx,0,8,00,00,FE,FF,FE,FF,00,00,
628000,00000625,false,Rx,0,8,25,00,59,86,01,54,5C,06,
679000,000002C4,false,Rx,0,8,08,00,00,00,CB,02,00,00,
679000,000002C5,false,Rx,0,8,00,00,00,00,00,00,00,00,
680000,000002C6,false,Rx,0,8,32,00,7C,01,00,00,00,00,
691000,0000060D,false,Rx,0,8,0D,10,83,B6,09,20,70,00,
728000,00000625,false,Rx,0,8,25,00,59,86,01,54,5C,06,
791000,0000060D,false,Rx,0,8,0D,10,83,B6,09,20,70,00,
800000,00000054,false,Rx,0,8,01,05,0B,01,CB,02,00,00,
800000,00000055,false,Rx,0,8,10,27,00,00,00,00,00,00,
801000,00000056,false,Rx,0,8,10,27,00,00,00,00,00,00,
801000,00000057,false,Rx,0,8,00,00,FE,FF,FE,FF,00,00,
828000,00000625,false,Rx,0,8,25,00,59,86,01,54,5C,06,
891000,0000060D,false,Rx,0,8,0D,10,83,B6,09,20,70,00,
0,000002C4,false,Rx,0,8,08,00,00,00,CB,02,00,00,
0,000002C5,false,Rx,0,8,00,00,00,00,00,00,00,00,
899000,000002C6,false,Rx,0,8,32,00,7C,01,00,00,00,00,
928000,00000625,false,Rx,0,8,25,00,59,86,01,54,5C,06,
990000,0000060D,false,Rx,0,8,0D,10,83,B6,09,20,70,00,
0,00000054,false,Rx,0,8,01,05,0B,01,CB,02,00,00,
0,00000055,false,Rx,0,8,10,27,00,00,00,00,00,00,
0,00000056,false,Rx,0,8,10,27,00,00,00,00,00,00,
1000,00000057,false,Rx,0,8,00,00,FE,FF,FE,FF,00,00,
27000,00000625,false,Rx,0,8,25,00,59,86,01,54,5C,06,
90000,0000060D,false,Rx,0,8,0D,10,83,B6,09,20,70,00,
119000,000002C4,false,Rx,0,8,09,00,00,00,CB,02,00,00,
119000,000002C5,false,Rx,0,8,00,00,00,00,00,00,00,00,
119000,000002C6,false,Rx,0,8,32,00,7C,01,00,00,00,00,
128000,00000625,false,Rx,0,8,25,00,59,86,01,54,5C,06,
191000,0000060D,false,Rx,0,8,0D,10,83,B6,09,20,70,00,
0,00000054,false,Rx,0,8,01,05,0B,01,CB,02,00,00,
0,00000055,false,Rx,0,8,10,27,00,00,00,00,00,00,
0,00000056,false,Rx,0,8,10,27,00,00,00,00,00,00,
201000,00000057,false,Rx,0,8,00,00,FE,FF,FE,FF,00,00,
228000,00000625,false,Rx,0,8,25,00,59,86,01,54,5C,06,
290000,0000060D,false,Rx,0,8,0D,10,83,B6,09,20,70,00,
328000,00000625,false,Rx,0,8,25,00,59,86,01,54,5C,06,
0,000002C4,false,Rx,0,8,09,00,00,00,CB,02,00,00,
0,000002C5,false,Rx,0,8,00,00,00,00,00,00,00,00,
339000,000002C6,false,Rx,0,8,32,00,7C,01,00,00,00,00,
391000,0000060D,false,Rx,0,8,0D,10,83,B6,09,20,70,00,
400000,00000054,false,Rx,0,8,01,05,0B,01,CB,02,00,00,
400000,00000055,false,Rx,0,8,10,27,00,00,00,00,00,00,
400000,00000056,false,Rx,0,8,10,27,00,00,00,00,00,00,
400000,00000057,false,Rx,0,8,00,00,FE,FF,FE,FF,00,00,
427000,00000625,false,Rx,0,8,25,00,59,86,01,54,5C,06,
491000,0000060D,false,Rx,0,8,0D,10,83,B6,09,20,70,00,
528000,00000625,false,Rx,0,8,25,00,59,86,01,54,5C,06,
559000,000002C4,false,Rx,0,8,09,00,00,00,CB,02,00,00,
559000,000002C5,false,Rx,0,8,00,00,00,00,00,00,00,00,
559000,000002C6,false,Rx,0,8,32,00,7C,01,00,00,00,00,
590000,0000060D,false,Rx,0,8,0D,10,83,B6,09,20,70,00,
601000,00000054,false,Rx,0,8,01,05,0B,01,CB,02,00,00,
601000,00000055,false,Rx,0,8,10,27,00,00,00,00,00,00,
601000,00000056,false,Rx,0,8,10,27,00,00,00,00,00,00,
601000,00000057,false,Rx,0,8,00,00,FE,FF,FE,FF,00,00,
628000,00000625,false,Rx,0,8,25,00,59,86,01,54,5C,06,
690000,0000060D,false,Rx,0,8,0D,10,83,B6,09,20,70,00,
728000,00000625,false,Rx,0,8,25,00,59,86,01,54,5C,06,
779000,000002C4,false,Rx,0,8,09,00,00,00,CB,02,00,00,
779000,000002C5,false,Rx,0,8,00,00,00,00,00,00,00,00,
780000,000002C6,false,Rx,0,8,32,00,7C,01,00,00,00,00,
790000,0000060D,false,Rx,0,8,0D,10,83,B6,09,20,70,00,
800000,00000054,false,Rx,0,8,01,05,0B,01,CB,02,00,00,
801000,00000055,false,Rx,0,8,10,27,00,00,00,00,00,00,
801000,00000056,false,Rx,0,8,10,27,00,00,00,00,00,00,
801000,00000057,false,Rx,0,8,00,00,FE,FF,FE,FF,00,00,
827000,00000625,false,Rx,0,8,25,00,59,86,01,54,5C,06,
890000,0000060D,false,Rx,0,8,0D,10,83,B6,09,20,70,00,
927000,00000625,false,Rx,0,8,25,00,59,86,01,54,5C,06,
991000,0000060D,false,Rx,0,8,0D,10,83,B6,09,20,70,00,
999000,000002C4,false,Rx,0,8,09,00,00,00,CB,02,00,00,
999000,000002C5,false,Rx,0,8,00,00,00,00,00,00,00,00,
999000,000002C6,false,Rx,0,8,32,00,7C,01,00,00,00,00,
0,00000054,false,Rx,0,8,01,05,0B,01,CB,02,00,00,
0,00000055,false,Rx,0,8,10,27,00,00,00,00,00,00,
1000,00000056,false,Rx,0,8,10,27,00,00,00,00,00,00,
1000,00000057,false,Rx,0,8,00,00,FE,FF,FE,FF,00,00,
27000,00000625,false,Rx,0,8,25,00,59,86,01,54,5C,06,
91000,0000060D,false,Rx,0,8,0D,10,83,B6,09,20,70,00,
127000,00000625,false,Rx,0,8,25,00,59,86,01,54,5C,06,
191000,0000060D,false,Rx,0,8,0D,10,83,B6,09,20,70,00,
200000,00000054,false,Rx,0,8,01,05,0B,01,CB,02,00,00,
200000,00000055,false,Rx,0,8,10,27,00,00,00,00,00,00,
201000,00000056,false,Rx,0,8,10,27,00,00,00,00,00,00,
201000,00000057,false,Rx,0,8,00,00,FE,FF,FE,FF,00,00,
219000,000002C4,false,Rx,0,8,09,00,00,00,CB,02,00,00,
219000,000002C5,false,Rx,0,8,00,00,00,00,00,00,00,00,
220000,000002C6,false,Rx,0,8,32,00,7C,01,00,00,00,00,
228000,00000625,false,Rx,0,8,25,00,59,86,01,54,5C,06,
290000,0000060D,false,Rx,0,8,0D,10,83,B6,09,20,70,00,
328000,00000625,false,Rx,0,8,25,00,59,86,01,54,5C,06,
391000,0000060D,false,Rx,0,8,0D,10,83,B6,09,20,70,00,
400000,00000054,false,Rx,0,8,01,05,0B,01,CB,02,00,00,
400000,00000055,false,Rx,0,8,10,27,00,00,00,00,00,00,
401000,00000056,false,Rx,0,8,10,27,00,00,00,00,00,00,
401000,00000057,false,Rx,0,8,00,00,FE,FF,FE,FF,00,00,
429000,00000625,false,Rx,0,8,25,00,59,86,01,54,5C,06,
0,000002C4,false,Rx,0,8,09,00,00,00,CB,02,00,00,
0,000002C5,false,Rx,0,8,00,00,00,00,00,00,00,00,
440000,000002C6,false,Rx,0,8,32,00,7C,01,00,00,00,00,
491000,0000060D,false,Rx,0,8,0D,10,83,B6,09,20,70,00,
527000,00000625,false,Rx,0,8,25,00,59,86,01,54,5C,06,
591000,0000060D,false,Rx,0,8,0D,10,83,B6,09,20,70,00,
600000,00000054,false,Rx,0,8,01,05,0B,01,CB,02,00,00,
600000,00000055,false,Rx,0,8,10,27,00,00,00,00,00,00,
601000,00000056,false,Rx,0,8,10,27,00,00,00,00,00,00,
601000,00000057,false,Rx,0,8,00,00,FE,FF,FE,FF,00,00,
628000,00000625,false,Rx,0,8,25,00,59,86,01,54,5C,06,
659000,000002C4,false,Rx,0,8,09,00,00,00,CB,02,00,00,
659000,000002C5,false,Rx,0,8,00,00,00,00,00,00,00,00,
659000,000002C6,false,Rx,0,8,32,00,7C,01,00,00,00,00,
690000,0000060D,false,Rx,0,8,0D,10,83,B6,09,20,70,00,
728000,00000625,false,Rx,0,8,25,00,59,86,01,54,5C,06,
790000,0000060D,false,Rx,0,8,0D,10,83,B6,09,20,70,00,
800000,00000054,false,Rx,0,8,01,05,0B,01,CB,02,00,00,
800000,00000055,false,Rx,0,8,10,27,00,00,00,00,00,00,
801000,00000056,false,Rx,0,8,10,27,00,00,00,00,00,00,
801000,00000057,false,Rx,0,8,00,00,FE,FF,FE,FF,00,00,
828000,00000625,false,Rx,0,8,25,00,59,86,01,54,5C,06,
879000,000002C4,false,Rx,0,8,09,00,00,00,CB,02,00,00,
879000,000002C5,false,Rx,0,8,00,00,00,00,00,00,00,00,
879000,000002C6,false,Rx,0,8,32,00,7C,01,00,00,00,00,
890000,0000060D,false,Rx,0,8,0D,10,83,B6,09,20,70,00,
927000,00000625,false,Rx,0,8,25,00,59,86,01,54,5C,06,
991000,0000060D,false,Rx,0,8,0D,10,83,B6,09,20,70,00,
0,00000054,false,Rx,0,8,01,05,0B,01,CB,02,00,00,
0,00000055,false,Rx,0,8,10,27,00,00,00,00,00,00,
0,00000056,false,Rx,0,8,10,27,00,00,00,00,00,00,
1000,00000057,false,Rx,0,8,00,00,FE,FF,FE,FF,00,00,
27000,00000625,false,Rx,0,8,25,00,59,86,01,54,5C,06,
90000,0000060D,false,Rx,0,8,0D,10,83,B6,09,20,70,00,
99000,000002C4,false,Rx,0,8,09,00,00,00,CB,02,00,00,
99000,000002C5,false,Rx,0,8,00,00,00,00,00,00,00,00,
99000,000002C6,false,Rx,0,8,32,00,7C,01,00,00,00,00,
127000,00000625,false,Rx,0,8,25,00,59,86,01,54,5C,06,
191000,0000060D,false,Rx,0,8,0D,10,83,B6,09,20,70,00,
201000,00000054,false,Rx,0,8,01,05,0B,01,CB,02,00,00,
201000,00000055,false,Rx,0,8,10,27,00,00,00,00,00,00,
201000,00000056,false,Rx,0,8,10,27,00,00,00,00,00,00,
201000,00000057,false,Rx,0,8,00,00,FE,FF,FE,FF,00,00,
228000,00000625,false,Rx,0,8,25,00,59,86,01,54,5C,06,
291000,0000060D,false,Rx,0,8,0D,10,83,B6,09,20,70,00,
319000,000002C4,false,Rx,0,8,09,00,00,00,CB,02,00,00,
319000,000002C5,false,Rx,0,8,00,00,00,00,00,00,00,00,
319000,000002C6,false,Rx,0,8,32,00,7C,01,00,00,00,00,
327000,00000625,false,Rx,0,8,25,00,59,86,01,54,5C,06,
391000,0000060D,false,Rx,0,8,0D,10,83,B6,09,20,70,00,
400000,00000054,false,Rx,0,8,01,05,0B,01,CB,02,00,00,
400000,00000055,false,Rx,0,8,10,27,00,00,00,00,00,00,
400000,00000056,false,Rx,0,8,10,27,00,00,00,00,00,00,
401000,00000057,false,Rx,0,8,00,00,FE,FF,FE,FF,00,00,
427000,00000625,false,Rx,0,8,25,00,59,86,01,54,5C,06,
491000,0000060D,false,Rx,0,8,0D,10,83,B6,09,20,70,00,
528000,00000625,false,Rx,0,8,25,00,59,86,01,54,5C,06,
539000,000002C4,false,Rx,0,8,09,00,00,00,CB,02,00,00,
539000,000002C5,false,Rx,0,8,00,00,00,00,00,00,00,00,
539000,000002C6,false,Rx,0,8,32,00,7C,01,00,00,00,00,
591000,0000060D,false,Rx,0,8,0D,10,83,B6,09,20,70,00,
600000,00000054,false,Rx,0,8,01,05,0B,01,CB,02,00,00,
601000,00000055,false,Rx,0,8,10,27,00,00,00,00,00,00,
601000,00000056,false,Rx,0,8,10,27,00,00,00,00,00,00,
601000,00000057,false,Rx,0,8,00,00,FE,FF,FE,FF,00,00,
627000,00000625,false,Rx,0,8,25,00,59,86,01,54,5C,06,
691000,0000060D,false,Rx,0,8,0D,10,83,B6,09,20,70,00,
727000,00000625,false,Rx,0,8,25,00,59,86,01,54,5C,06,
759000,000002C4,false,Rx,0,8,09,00,00,00,CB,02,00,00,
759000,000002C5,false,Rx,0,8,00,00,00,00,00,00,00,00,
760000,000002C6,false,Rx,0,8,32,00,7C,01,00,00,00,00,
791000,0000060D,false,Rx,0,8,0D,10,83,B6,09,20,70,00,
800000,00000054,false,Rx,0,8,01,05,0B,01,CB,02,00,00,
800000,00000055,false,Rx,0,8,10,27,00,00,00,00,00,00,
0,00000056,false,Rx,0,8,10,27,00,00,00,00,00,00,
0,00000057,false,Rx,0,8,00,00,FE,FF,FE,FF,00,00,
827000,00000625,false,Rx,0,8,25,00,59,86,01,54,5C,06,
891000,0000060D,false,Rx,0,8,0D,10,83,B6,09,20,70,00,
928000,00000625,false,Rx,0,8,25,00,59,86,01,54,5C,06,
979000,000002C4,false,Rx,0,8,09,00,00,00,CB,02,00,00,
979000,000002C5,false,Rx,0,8,00,00,00,00,00,00,00,00,
979000,000002C6,false,Rx,0,8,32,00,7C,01,00,00,00,00,
991000,0000060D,false,Rx,0,8,0D,10,83,B6,09,20,70,00,
0,00000054,false,Rx,0,8,01,05,0B,01,CB,02,00,00,
0,00000055,false,Rx,0,8,10,27,00,00,00,00,00,00,
1000,00000056,false,Rx,0,8,10,27,00,00,00,00,00,00,
1000,00000057,false,Rx,0,8,00,00,FE,FF,FE,FF,00,00,
27000,00000625,false,Rx,0,8,25,00,59,86,01,54,5C,06,
91000,0000060D,false,Rx,0,8,0D,10,83,B6,09,20,70,00,
127000,00000625,false,Rx,0,8,25,00,59,86,01,54,5C,06,
190000,0000060D,false,Rx,0,8,0D,10,83,B6,09,20,70,00,
199000,000002C4,false,Rx,0,8,09,00,00,00,CB,02,00,00,
199000,000002C5,false,Rx,0,8,00,00,00,00,00,00,00,00,
200000,000002C6,false,Rx,0,8,32,00,7C,01,00,00,00,00,
200000,00000054,false,Rx,0,8,01,05,0B,01,CB,02,00,00,
200000,00000055,false,Rx,0,8,10,27,00,00,00,00,00,00,
201000,00000056,false,Rx,0,8,10,27,00,00,00,00,00,00,
201000,00000057,false,Rx,0,8,00,00,FE,FF,FE,FF,00,00,
227000,00000625,false,Rx,0,8,25,00,59,86,01,54,5C,06,
290000,0000060D,false,Rx,0,8,0D,10,83,B6,09,20,70,00,
328000,00000625,false,Rx,0,8,25,00,59,86,01,54,5C,06,
391000,0000060D,false,Rx,0,8,0D,10,83,B6,09,20,70,00,
400000,00000054,false,Rx,0,8,01,05,0B,01,CB,02,00,00,
400000,00000055,false,Rx,0,8,10,27,00,00,00,00,00,00,
400000,00000056,false,Rx,0,8,10,27,00,00,00,00,00,00,
401000,00000057,false,Rx,0,8,00,00,FE,FF,FE,FF,00,00,
419000,000002C4,false,Rx,0,8,09,00,00,00,CB,02,00,00,
420000,000002C5,false,Rx,0,8,00,00,00,00,00,00,00,00,
420000,000002C6,false,Rx,0,8,32,00,7C,01,00,00,00,00,
427000,00000625,false,Rx,0,8,25,00,59,86,01,54,5C,06,
490000,0000060D,false,Rx,0,8,0D,10,83,B6,09,20,70,00,
528000,00000625,false,Rx,0,8,25,00,59,86,01,54,5C,06,
591000,0000060D,false,Rx,0,8,0D,10,83,B6,09,20,70,00,
600000,00000054,false,Rx,0,8,01,05,0B,01,CB,02,00,00,
600000,00000055,false,Rx,0,8,10,27,00,00,00,00,00,00,
600000,00000056,false,Rx,0,8,10,27,00,00,00,00,00,00,
600000,00000057,false,Rx,0,8,00,00,FE,FF,FE,FF,00,00,
628000,00000625,false,Rx,0,8,25,00,59,86,01,54,5C,06,
639000,000002C4,false,Rx,0,8,09,00,00,00,CB,02,00,00,
639000,000002C5,false,Rx,0,8,00,00,00,00,00,00,00,00,
639000,000002C6,false,Rx,0,8,32,00,7C,01,00,00,00,00,
690000,0000060D,false,Rx,0,8,0D,10,83,B6,09,20,70,00,
727000,00000625,false,Rx,0,8,25,00,59,86,01,54,5C,06,
790000,0000060D,false,Rx,0,8,0D,10,83,B6,09,20,70,00,
800000,00000054,false,Rx,0,8,01,05,0B,01,CB,02,00,00,
800000,00000055,false,Rx,0,8,10,27,00,00,00,00,00,00,
800000,00000056,false,Rx,0,8,10,27,00,00,00,00,00,00,
801000,00000057,false,Rx,0,8,00,00,FE,FF,FE,FF,00,00,
828000,00000625,false,Rx,0,8,25,00,59,86,01,54,5C,06,
0,000002C4,false,Rx,0,8,09,00,00,00,CB,02,00,00,
0,000002C5,false,Rx,0,8,00,00,00,00,00,00,00,00,
860000,000002C6,false,Rx,0,8,32,00,7C,01,00,00,00,00,
891000,0000060D,false,Rx,0,8,0D,10,83,B6,09,20,70,00,
928000,00000625,false,Rx,0,8,25,00,59,86,01,54,5C,06,
991000,0000060D,false,Rx,0,8,0D,10,83,B6,09,20,70,00,
0,00000054,false,Rx,0,8,01,05,0B,01,CB,02,00,00,
0,00000055,false,Rx,0,8,10,27,00,00,00,00,00,00,
0,00000056,false,Rx,0,8,10,27,00,00,00,00,00,00,
1000,00000057,false,Rx,0,8,00,00,FE,FF,FE,FF,00,00,
28000,00000625,false,Rx,0,8,25,00,59,86,01,54,5C,06,
79000,000002C4,false,Rx,0,8,09,00,00,00,CB,02,00,00,
0,000002C5,false,Rx,0,8,00,00,00,00,00,00,00,00,
0,000002C6,false,Rx,0,8,32,00,7C,01,00,00,00,00,
90000,0000060D,false,Rx,0,8,0D,10,83,B6,09,20,70,00,
128000,00000625,false,Rx,0,8,25,00,59,86,01,54,5C,06,
191000,0000060D,false,Rx,0,8,0D,10,83,B6,09,20,70,00,
0,00000054,false,Rx,0,8,01,05,0B,01,CB,02,00,00,
0,00000055,false,Rx,0,8,10,27,00,00,00,00,00,00,
201000,00000056,false,Rx,0,8,10,27,00,00,00,00,00,00,
201000,00000057,false,Rx,0,8,00,00,FE,FF,FE,FF,00,00,
228000,00000625,false,Rx,0,8,25,00,59,86,01,54,5C,06,
291000,0000060D,false,Rx,0,8,0D,10,83,B6,09,20,70,00,
0,000002C4,false,Rx,0,8,09,00,00,00,CB,02,00,00,
0,000002C5,false,Rx,0,8,00,00,00,00,00,00,00,00,
0,000002C6,false,Rx,0,8,32,00,7C,01,00,00,00,00,
328000,00000625,false,Rx,0,8,25,00,59,86,01,54,5C,06,
391000,0000060D,false,Rx,0,8,0D,10,83,B6,09,20,70,00,
400000,00000054,false,Rx,0,8,01,05,0B,01,CB,02,00,00,
401000,00000055,false,Rx,0,8,10,27,00,00,00,00,00,00,
401000,00000056,false,Rx,0,8,10,27,00,00,00,00,00,00,
401000,00000057,false,Rx,0,8,00,00,FE,FF,FE,FF,00,00,
428000,00000625,false,Rx,0,8,25,00,59,86,01,54,5C,06,
491000,0000060D,false,Rx,0,8,0D,10,83,B6,09,20,70,00,
519000,000002C4,false,Rx,0,8,09,00,00,00,CB,02,00,00,
519000,000002C5,false,Rx,0,8,00,00,00,00,00,00,00,00,
520000,000002C6,false,Rx,0,8,32,00,7C,01,00,00,00,00,
528000,00000625,false,Rx,0,8,25,00,59,86,01,54,5C,06,
591000,0000060D,false,Rx,0,8,0D,10,83,B6,09,20,70,00,
600000,00000054,false,Rx,0,8,01,05,0B,01,CB,02,00,00,
600000,00000055,false,Rx,0,8,10,27,00,00,00,00,00,00,
601000,00000056,false,Rx,0,8,10,27,00,00,00,00,00,00,
601000,00000057,false,Rx,0,8,00,00,FE,FF,FE,FF,00,00,
627000,00000625,false,Rx,0,8,25,00,59,86,01,54,5C,06,
691000,0000060D,false,Rx,0,8,0D,10,83,B6,09,20,70,00,
728000,00000625,false,Rx,0,8,25,00,59,86,01,54,5C,06,
739000,000002C4,false,Rx,0,8,09,00,00,00,CB,02,00,00,
739000,000002C5,false,Rx,0,8,00,00,00,00,00,00,00,00,
739000,000002C6,false,Rx,0,8,32,00,7C,01,00,00,00,00,
790000,0000060D,false,Rx,0,8,0D,10,83,B6,09,20,70,00,
799000,00000054,false,Rx,0,8,01,05,0B,01,CB,02,00,00,
800000,00000055,false,Rx,0,8,10,27,00,00,00,00,00,00,
800000,00000056,false,Rx,0,8,10,27,00,00,00,00,00,00,
800000,00000057,false,Rx,0,8,00,00,FE,FF,FE,FF,00,00,
828000,00000625,false,Rx,0,8,25,00,59,86,01,54,5C,06,
891000,0000060D,false,Rx,0,8,0D,10,83,B6,09,20,70,00,
928000,00000625,false,Rx,0,8,25,00,59,86,01,54,5C,06,
959000,000002C4,false,Rx,0,8,09,00,00,00,CB,02,00,00,
960000,000002C5,false,Rx,0,8,00,00,00,00,00,00,00,00,
960000,000002C6,false,Rx,0,8,32,00,7C,01,00,00,00,00,
991000,0000060D,false,Rx,0,8,0D,10,83,B6,09,20,70,00,
0,00000054,false,Rx,0,8,01,05,0B,01,CB,02,00,00,
0,00000055,false,Rx,0,8,10,27,00,00,00,00,00,00,
0,00000056,false,Rx,0,8,10,27,00,00,00,00,00,00,
0,00000057,false,Rx,0,8,00,00,FE,FF,FE,FF,00,00,
28000,00000625,false,Rx,0,8,25,00,59,86,01,54,5C,06,
91000,0000060D,false,Rx,0,8,0D,10,83,B6,09,20,70,00,
128000,00000625,false,Rx,0,8,25,00,59,86,01,54,5C,06,
179000,000002C4,false,Rx,0,8,09,00,00,00,CB,02,00,00,
179000,000002C5,false,Rx,0,8,00,00,00,00,00,00,00,00,
179000,000002C6,false,Rx,0,8,32,00,7C,01,00,00,00,00,
191000,0000060D,false,Rx,0,8,0D,10,83,B6,09,20,70,00,
0,00000054,false,Rx,0,8,01,05,0B,01,CB,02,00,00,
0,00000055,false,Rx,0,8,10,27,00,00,00,00,00,00,
0,00000056,false,Rx,0,8,10,27,00,00,00,00,00,00,
201000,00000057,false,Rx,0,8,00,00,FE,FF,FE,FF,00,00,
229000,00000625,false,Rx,0,8,25,00,59,86,01,54,5C,06,
290000,0000060D,false,Rx,0,8,0D,10,83,B6,09,20,70,00,
329000,00000625,false,Rx,0,8,25,00,59,86,01,54,5C,06,
390000,0000060D,false,Rx,0,8,0D,10,83,B6,09,20,70,00,
399000,000002C4,false,Rx,0,8,09,00,00,00,CB,02,00,00,
399000,000002C5,false,Rx,0,8,00,00,00,00,00,00,00,00,
400000,000002C6,false,Rx,0,8,32,00,7C,01,00,00,00,00,
400000,00000054,false,Rx,0,8,01,05,0B,01,CB,02,00,00,
401000,00000055,false,Rx,0,8,10,27,00,00,00,00,00,00,
401000,00000056,false,Rx,0,8,10,27,00,00,00,00,00,00,
401000,00000057,false,Rx,0,8,00,00,FE,FF,FE,FF,00,00,
427000,00000625,false,Rx,0,8,25,00,59,86,01,54,5C,06,
491000,0000060D,false,Rx,0,8,0D,10,83,B6,09,20,70,00,
527000,00000625,false,Rx,0,8,25,00,59,86,01,54,5C,06,
591000,0000060D,false,Rx,0,8,0D,10,83,B6,09,20,70,00,
600000,00000054,false,Rx,0,8,01,05,0B,01,CB,02,00,00,
600000,00000055,false,Rx,0,8,10,27,00,00,00,00,00,00,
601000,00000056,false,Rx,0,8,10,27,00,00,00,00,00,00,
601000,00000057,false,Rx,0,8,00,00,FE,FF,FE,FF,00,00,
619000,000002C4,false,Rx,0,8,09,00,00,00,CB,02,00,00,
0,000002C5,false,Rx,0,8,00,00,00,00,00,00,00,00,
0,000002C6,false,Rx,0,8,32,00,7C,01,00,00,00,00,
628000,00000625,false,Rx,0,8,25,00,59,86,01,54,5C,06,
691000,0000060D,false,Rx,0,8,0D,10,83,B6,09,20,70,00,
727000,00000625,false,Rx,0,8,25,00,59,86,01,54,5C,06,
791000,0000060D,false,Rx,0,8,0D,10,83,B6,09,20,70,00,
800000,00000054,false,Rx,0,8,01,05,0B,01,CB,02,00,00,
801000,00000055,false,Rx,0,8,10,27,00,00,00,00,00,00,
801000,00000056,false,Rx,0,8,10,27,00,00,00,00,00,00,
801000,00000057,false,Rx,0,8,00,00,FE,FF,FE,FF,00,00,
827000,00000625,false,Rx,0,8,25,00,59,86,01,54,5C,06,
839000,000002C4,false,Rx,0,8,09,00,00,00,CB,02,00,00,
839000,000002C5,false,Rx,0,8,00,00,00,00,00,00,00,00,
840000,000002C6,false,Rx,0,8,32,00,7C,01,00,00,00,00,
891000,0000060D,false,Rx,0,8,0D,10,83,B6,09,20,70,00,
928000,00000625,false,Rx,0,8,25,00,59,86,01,54,5C,06,
990000,0000060D,false,Rx,0,8,0D,10,83,B6,09,20,70,00,
0,00000054,false,Rx,0,8,01,05,0B,01,CB,02,00,00,
0,00000055,false,Rx,0,8,10,27,00,00,00,00,00,00,
0,00000056,false,Rx,0,8,10,27,00,00,00,00,00,00,
1000,00000057,false,Rx,0,8,00,00,FE,FF,FE,FF,00,00,
28000,00000625,false,Rx,0,8,25,00,59,86,01,54,5C,06,
59000,000002C4,false,Rx,0,8,09,00,00,00,CB,02,00,00,
59000,000002C5,false,Rx,0,8,00,00,00,00,00,00,00,00,
60000,000002C6,false,Rx,0,8,32,00,7C,01,00,00,00,00,
91000,0000060D,false,Rx,0,8,0D,10,83,B6,09,20,70,00,
127000,00000625,false,Rx,0,8,25,00,59,86,01,54,5C,06,
190000,0000060D,false,Rx,0,8,0D,10,83,B6,09,20,70,00,
0,00000054,false,Rx,0,8,01,05,0B,01,CB,02,00,00,
0,00000055,false,Rx,0,8,10,27,00,00,00,00,00,00,
201000,00000056,false,Rx,0,8,10,27,00,00,00,00,00,00,
201000,00000057,false,Rx,0,8,00,00,FE,FF,FE,FF,00,00,
228000,00000625,false,Rx,0,8,25,00,59,86,01,54,5C,06,
0,000002C4,false,Rx,0,8,09,00,00,00,CB,02,00,00,
0,000002C5,false,Rx,0,8,00,00,00,00,00,00,00,00,
279000,000002C6,false,Rx,0,8,32,00,7C,01,00,00,00,00,
290000,0000060D,false,Rx,0,8,0D,10,83,B6,09,20,70,00,
328000,00000625,false,Rx,0,8,25,00,59,86,01,54,5C,06,
391000,0000060D,false,Rx,0,8,0D,10,83,B6,09,20,70,00,
400000,00000054,false,Rx,0,8,01,05,0B,01,CB,02,00,00,
0,00000055,false,Rx,0,8,10,27,00,00,00,00,00,00,
0,00000056,false,Rx,0,8,10,27,00,00,00,00,00,00,
401000,00000057,false,Rx,0,8,00,00,FE,FF,FE,FF,00,00,
427000,00000625,false,Rx,0,8,25,00,59,86,01,54,5C,06,
490000,0000060D,false,Rx,0,8,0D,10,83,B6,09,20,70,00,
0,000002C4,false,Rx,0,8,09,00,00,00,CB,02,00,00,
0,000002C5,false,Rx,0,8,00,00,00,00,00,00,00,00,
0,000002C6,false,Rx,0,8,32,00,7C,01,00,00,00,00,
528000,00000625,false,Rx,0,8,25,00,59,86,01,54,5C,06,
591000,0000060D,false,Rx,0,8,0D,10,83,B6,09,20,70,00,
600000,00000054,false,Rx,0,8,01,05,0B,01,CB,02,00,00,
600000,00000055,false,Rx,0,8,10,27,00,00,00,00,00,00,
600000,00000056,false,Rx,0,8,10,27,00,00,00,00,00,00,
601000,00000057,false,Rx,0,8,00,00,FE,FF,FE,FF,00,00,
627000,00000625,false,Rx,0,8,25,00,59,86,01,54,5C,06,
690000,0000060D,false,Rx,0,8,0D,10,83,B6,09,20,70,00,
0,000002C4,false,Rx,0,8,09,00,00,00,CB,02,00,00,
0,000002C5,false,Rx,0,8,00,00,00,00,00,00,00,00,
0,000002C6,false,Rx,0,8,32,00,7C,01,00,00,00,00,
728000,00000625,false,Rx,0,8,25,00,59,86,01,54,5C,06,
791000,0000060D,false,Rx,0,8,0D,10,83,B6,09,20,70,00,
800000,00000054,false,Rx,0,8,01,05,0B,01,CB,02,00,00,
800000,00000055,false,Rx,0,8,10,27,00,00,00,00,00,00,
801000,00000056,false,Rx,0,8,10,27,00,00,00,00,00,00,
801000,00000057,false,Rx,0,8,00,00,FE,FF,FE,FF,00,00,
827000,00000625,false,Rx,0,8,25,00,59,86,01,54,5C,06,
891000,0000060D,false,Rx,0,8,0D,10,83,B6,09,20,70,00,
929000,00000625,false,Rx,0,8,25,00,59,86,01,54,5C,06,
0,000002C4,false,Rx,0,8,09,00,00,00,CB,02,00,00,
0,000002C5,false,Rx,0,8,00,00,00,00,00,00,00,00,
940000,000002C6,false,Rx,0,8,32,00,7C,01,00,00,00,00,
990000,0000060D,false,Rx,0,8,0D,10,83,B6,09,20,70,00,
0,00000054,false,Rx,0,8,01,05,0B,01,CB,02,00,00,
0,00000055,false,Rx,0,8,10,27,00,00,00,00,00,00,
0,00000056,false,Rx,0,8,10,27,00,00,00,00,00,00,
0,00000057,false,Rx,0,8,00,00,FE,FF,FE,FF,00,00,
28000,00000625,false,Rx,0,8,25,00,59,86,01,54,5C,06,
91000,0000060D,false,Rx,0,8,0D,10,83,B6,09,20,70,00,
128000,00000625,false,Rx,0,8,25,00,59,86,01,54,5C,06,
159000,000002C4,false,Rx,0,8,09,00,00,00,CB,02,00,00,
159000,000002C5,false,Rx,0,8,00,00,00,00,00,00,00,00,
159000,000002C6,false,Rx,0,8,32,00,7C,01,00,00,00,00,
191000,0000060D,false,Rx,0,8,0D,10,83,B6,09,20,70,00,
200000,00000054,false,Rx,0,8,01,05,0B,01,CB,02,00,00,
200000,00000055,false,Rx,0,8,10,27,00,00,00,00,00,00,
201000,00000056,false,Rx,0,8,10,27,00,00,00,00,00,00,
201000,00000057,false,Rx,0,8,00,00,FE,FF,FE,FF,00,00,
227000,00000625,false,Rx,0,8,25,00,59,86,01,54,5C,06,
290000,0000060D,false,Rx,0,8,0D,10,83,B6,09,20,70,00,
328000,00000625,false,Rx,0,8,25,00,59,86,01,54,5C,06,
379000,000002C4,false,Rx,0,8,09,00,00,00,CB,02,00,00,
379000,000002C5,false,Rx,0,8,00,00,00,00,00,00,00,00,
380000,000002C6,false,Rx,0,8,32,00,7C,01,00,00,00,00,
391000,0000060D,false,Rx,0,8,0D,10,83,B6,09,20,70,00,
400000,00000054,false,Rx,0,8,01,05,0B,01,CB,02,00,00,
400000,00000055,false,Rx,0,8,10,27,00,00,00,00,00,00,
400000,00000056,false,Rx,0,8,10,27,00,00,00,00,00,00,
401000,00000057,false,Rx,0,8,00,00,FE,FF,FE,FF,00,00,
428000,00000625,false,Rx,0,8,25,00,59,86,01,54,5C,06,
490000,0000060D,false,Rx,0,8,0D,10,83,B6,09,20,70,00,
528000,00000625,false,Rx,0,8,25,00,59,86,01,54,5C,06,
591000,0000060D,false,Rx,0,8,0D,10,83,B6,09,20,70,00,
599000,000002C4,false,Rx,0,8,09,00,00,00,CB,02,00,00,
599000,000002C5,false,Rx,0,8,00,00,00,00,00,00,00,00,
600000,000002C6,false,Rx,0,8,32,00,7C,01,00,00,00,00,
600000,00000054,false,Rx,0,8,01,05,0B,01,CB,02,00,00,
600000,00000055,false,Rx,0,8,10,27,00,00,00,00,00,00,
601000,00000056,false,Rx,0,8,10,27,00,00,00,00,00,00,
601000,00000057,false,Rx,0,8,00,00,FE,FF,FE,FF,00,00,
627000,00000625,false,Rx,0,8,25,00,59,86,01,54,5C,06,
690000,0000060D,false,Rx,0,8,0D,10,83,B6,09,20,70,00,
727000,00000625,false,Rx,0,8,25,00,59,86,01,54,5C,06,
791000,0000060D,false,Rx,0,8,0D,10,83,B6,09,20,70,00,
800000,00000054,false,Rx,0,8,01,05,0B,01,CB,02,00,00,
800000,00000055,false,Rx,0,8,10,27,00,00,00,00,00,00,
800000,00000056,false,Rx,0,8,10,27,00,00,00,00,00,00,
801000,00000057,false,Rx,0,8,00,00,FE,FF,FE,FF,00,00,
819000,000002C4,false,Rx,0,8,09,00,00,00,CB,02,00,00,
819000,000002C5,false,Rx,0,8,00,00,00,00,00,00,00,00,
820000,000002C6,false,Rx,0,8,32,00,7C,01,00,00,00,00,
827000,00000625,false,Rx,0,8,25,00,59,86,01,54,5C,06,
892000,0000060D,false,Rx,0,8,0D,10,83,B6,09,20,70,00,
927000,00000625,false,Rx,0,8,25,00,59,86,01,54,5C,06,
990000,0000060D,false,Rx,0,8,0D,10,83,B6,09,20,70,00,
0,00000054,false,Rx,0,8,01,05,0B,01,CB,02,00,00,
1000,00000055,false,Rx,0,8,10,27,00,00,00,00,00,00,
1000,00000056,false,Rx,0,8,10,27,00,00,00,00,00,00,
1000,00000057,false,Rx,0,8,00,00,FE,FF,FE,FF,00,00,
27000,00000625,false,Rx,0,8,25,00,59,86,01,54,5C,06,
39000,000002C4,false,Rx,0,8,09,00,00,00,CB,02,00,00,
40000,000002C5,false,Rx,0,8,00,00,00,00,00,00,00,00,
40000,000002C6,false,Rx,0,8,32,00,7C,01,00,00,00,00,
90000,0000060D,false,Rx,0,8,0D,10,83,B6,09,20,70,00,
127000,00000625,false,Rx,0,8,25,00,59,86,01,54,5C,06,
191000,0000060D,false,Rx,0,8,0D,10,83,B6,09,20,70,00,
200000,00000054,false,Rx,0,8,01,05,0B,01,CB,02,00,00,
200000,00000055,false,Rx,0,8,10,27,00,00,00,00,00,00,
201000,00000056,false,Rx,0,8,10,27,00,00,00,00,00,00,
201000,00000057,false,Rx,0,8,00,00,FE,FF,FE,FF,00,00,
227000,00000625,false,Rx,0,8,25,00,59,86,01,54,5C,06,
259000,000002C4,false,Rx,0,8,09,00,00,00,CB,02,00,00,
260000,000002C5,false,Rx,0,8,00,00,00,00,00,00,00,00,
260000,000002C6,false,Rx,0,8,32,00,7C,01,00,00,00,00,
290000,0000060D,false,Rx,0,8,0D,10,83,B6,09,20,70,00,
328000,00000625,false,Rx,0,8,25,00,59,86,01,54,5C,06,
391000,0000060D,false,Rx,0,8,0D,10,83,B6,09,20,70,00,
400000,00000054,false,Rx,0,8,01,05,0B,01,CB,02,00,00,
400000,00000055,false,Rx,0,8,10,27,00,00,00,00,00,00,
401000,00000056,false,Rx,0,8,10,27,00,00,00,00,00,00,
401000,00000057,false,Rx,0,8,00,00,FE,FF,FE,FF,00,00,
428000,00000625,false,Rx,0,8,25,00,59,86,01,54,5C,06,
479000,000002C4,false,Rx,0,8,09,00,00,00,CB,02,00,00,
479000,000002C5,false,Rx,0,8,00,00,00,00,00,00,00,00,
480000,000002C6,false,Rx,0,8,32,00,7C,01,00,00,00,00,
491000,0000060D,false,Rx,0,8,0D,10,83,B6,09,20,70,00,
528000,00000625,false,Rx,0,8,25,00,59,86,01,54,5C,06,
590000,0000060D,false,Rx,0,8,0D,10,83,B6,09,20,70,00,
600000,00000054,false,Rx,0,8,01,05,0B,01,CB,02,00,00,
601000,00000055,false,Rx,0,8,10,27,00,00,00,00,00,00,
0,00000056,false,Rx,0,8,10,27,00,00,00,00,00,00,
0,00000057,false,Rx,0,8,00,00,FE,FF,FE,FF,00,00,
628000,00000625,false,Rx,0,8,25,00,59,86,01,54,5C,06,
690000,00000065,false,Rx,0,8,D2,02,02,00,00,00,00,00,
690000,0000060D,false,Rx,0,8,0D,10,83,B6,09,20,70,00,
699000,000002C4,false,Rx,0,8,09,00,00,00,CB,02,00,00,
699000,000002C5,false,Rx,0,8,00,00,00,00,00,00,00,00,
700000,000002C6,false,Rx,0,8,32,00,7C,01,00,00,00,00,
728000,00000625,false,Rx,0,8,25,00,59,86,01,54,5C,06,
790000,0000060D,false,Rx,0,8,0D,10,83,B6,09,20,70,00,
800000,00000054,false,Rx,0,8,01,05,0B,01,D2,02,00,00,
0,00000055,false,Rx,0,8,10,27,00,00,00,00,00,00,
0,00000056,false,Rx,0,8,10,27,00,00,00,00,00,00,
801000,00000057,false,Rx,0,8,00,00,FE,FF,FE,FF,00,00,
828000,00000625,false,Rx,0,8,25,00,59,86,01,54,5C,06,
841000,00000065,false,Rx,0,8,D2,02,02,00,00,00,00,00,
891000,0000060D,false,Rx,0,8,0D,10,83,B6,09,20,70,00,
0,000002C4,false,Rx,0,8,09,00,00,00,D2,02,00,00,
0,000002C5,false,Rx,0,8,00,00,00,00,00,00,00,00,
920000,000002C6,false,Rx,0,8,32,00,7C,01,00,00,00,00,
929000,00000625,false,Rx,0,8,25,00,59,86,01,54,5C,06,
0,00000065,false,Rx,0,8,D2,02,02,00,00,00,00,00,
0,0000060D,false,Rx,0,8,0D,10,83,B6,09,20,70,00,
0,00000054,false,Rx,0,8,01,05,0B,01,D2,02,00,00,
0,00000055,false,Rx,0,8,10,27,00,00,00,00,00,00,
0,00000056,false,Rx,0,8,10,27,00,00,00,00,00,00,
1000,00000057,false,Rx,0,8,00,00,FE,FF,FE,FF,00,00,
28000,00000625,false,Rx,0,8,25,00,59,86,01,54,5C,06,
91000,0000060D,false,Rx,0,8,0D,10,83,B6,09,20,70,00,
128000,00000625,false,Rx,0,8,25,00,59,86,01,54,5C,06,
139000,000002C4,false,Rx,0,8,09,00,00,00,D2,02,00,00,
139000,000002C5,false,Rx,0,8,00,00,00,00,00,00,00,00,
139000,000002C6,false,Rx,0,8,32,00,7C,01,00,00,00,00,
140000,00000065,false,Rx,0,8,D2,02,02,00,00,00,00,00,
191000,0000060D,false,Rx,0,8,0D,10,83,B6,09,20,70,00,
200000,00000054,false,Rx,0,8,01,05,0B,01,D2,02,00,00,
201000,00000055,false,Rx,0,8,10,27,00,00,00,00,00,00,
201000,00000056,false,Rx,0,8,10,27,00,00,00,00,00,00,
201000,00000057,false,Rx,0,8,00,00,FE,FF,FE,FF,00,00,
229000,00000625,false,Rx,0,8,25,00,59,86,01,54,5C,06,
291000,0000060D,false,Rx,0,8,0D,10,83,B6,09,20,70,00,
328000,00000625,false,Rx,0,8,25,00,59,86,01,54,5C,06,
358000,000002C4,false,Rx,0,8,09,00,00,00,D2,02,00,00,
360000,000002C5,false,Rx,0,8,00,00,00,00,00,00,00,00,
360000,000002C6,false,Rx,0,8,32,00,7C,01,00,00,00,00,
390000,0000060D,false,Rx,0,8,0D,10,83,B6,09,20,70,00,
400000,00000054,false,Rx,0,8,01,05,0B,01,D2,02,00,00,
400000,00000055,false,Rx,0,8,10,27,00,00,00,00,00,00,
400000,00000056,false,Rx,0,8,10,27,00,00,00,00,00,00,
401000,00000057,false,Rx,0,8,00,00,FE,FF,FE,FF,00,00,
428000,00000625,false,Rx,0,8,25,00,59,86,01,54,5C,06,
491000,0000060D,false,Rx,0,8,0D,10,83,B6,09,20,70,00,
528000,00000625,false,Rx,0,8,25,00,59,86,01,54,5C,06,
0,000002C4,false,Rx,0,8,09,00,00,00,D2,02,00,00,
0,000002C5,false,Rx,0,8,00,00,00,00,00,00,00,00,
580000,000002C6,false,Rx,0,8,32,00,7C,01,00,00,00,00,
591000,0000060D,false,Rx,0,8,0D,10,83,B6,09,20,70,00,
600000,00000054,false,Rx,0,8,01,05,0B,01,D2,02,00,00,
601000,00000055,false,Rx,0,8,10,27,00,00,00,00,00,00,
601000,00000056,false,Rx,0,8,10,27,00,00,00,00,00,00,
601000,00000057,false,Rx,0,8,00,00,FE,FF,FE,FF,00,00,
628000,00000625,false,Rx,0,8,25,00,59,86,01,54,5C,06,
690000,0000060D,false,Rx,0,8,0D,10,83,B6,09,20,70,00,
728000,00000625,false,Rx,0,8,25,00,59,86,01,54,5C,06,
791000,0000060D,false,Rx,0,8,0D,10,83,B6,09,20,70,00,
799000,000002C4,false,Rx,0,8,09,00,00,00,D2,02,00,00,
799000,000002C5,false,Rx,0,8,00,00,00,00,00,00,00,00,
800000,000002C6,false,Rx,0,8,32,00,7C,01,00,00,00,00,
800000,00000054,false,Rx,0,8,01,05,0B,01,D2,02,00,00,
800000,00000055,false,Rx,0,8,10,27,00,00,00,00,00,00,
0,00000056,false,Rx,0,8,10,27,00,00,00,00,00,00,
0,00000057,false,Rx,0,8,00,00,FE,FF,FE,FF,00,00,
829000,00000625,false,Rx,0,8,25,00,59,86,01,54,5C,06,
891000,0000060D,false,Rx,0,8,0D,10,83,B6,09,20,70,00,
927000,00000625,false,Rx,0,8,25,00,59,86,01,54,5C,06,
991000,0000060D,false,Rx,0,8,0D,10,83,B6,09,20,70,00,
0,00000054,false,Rx,0,8,01,05,0B,01,D2,02,00,00,
0,00000055,false,Rx,0,8,10,27,00,00,00,00,00,00,
1000,00000056,false,Rx,0,8,10,27,00,00,00,00,00,00,
1000,00000057,false,Rx,0,8,00,00,FE,FF,FE,FF,00,00,
0,000002C4,false,Rx,0,8,09,00,00,00,D2,02,00,00,
0,000002C5,false,Rx,0,8,00,00,00,00,00,00,00,00,
20000,000002C6,false,Rx,0,8,32,00,7C,01,00,00,00,00,
27000,00000625,false,Rx,0,8,25,00,59,86,01,54,5C,06,
90000,0000060D,false,Rx,0,8,0D,10,83,B6,09,20,70,00,
129000,00000625,false,Rx,0,8,25,00,59,86,01,54,5C,06,
190000,0000060D,false,Rx,0,8,0D,10,83,B6,09,20,70,00,
200000,00000054,false,Rx,0,8,01,05,0B,01,D2,02,00,00,
200000,00000055,false,Rx,0,8,10,27,00,00,00,00,00,00,
200000,00000056,false,Rx,0,8,10,27,00,00,00,00,00,00,
201000,00000057,false,Rx,0,8,00,00,FE,FF,FE,FF,00,00,
228000,00000625,false,Rx,0,8,25,00,59,86,01,54,5C,06,
0,000002C4,false,Rx,0,8,09,00,00,00,D2,02,00,00,
0,000002C5,false,Rx,0,8,00,00,00,00,00,00,00,00,
240000,000002C6,false,Rx,0,8,32,00,7C,01,00,00,00,00,
291000,0000060D,false,Rx,0,8,0D,10,83,B6,09,20,70,00,
327000,00000625,false,Rx,0,8,25,00,59,86,01,54,5C,06,
392000,0000060D,false,Rx,0,8,0D,10,83,B6,09,20,70,00,
400000,00000054,false,Rx,0,8,01,05,0B,01,D2,02,00,00,
401000,00000055,false,Rx,0,8,10,27,00,00,00,00,00,00,
0,00000056,false,Rx,0,8,10,27,00,00,00,00,00,00,
0,00000057,false,Rx,0,8,00,00,FE,FF,FE,FF,00,00,
427000,00000625,false,Rx,0,8,25,00,59,86,01,54,5C,06,
459000,000002C4,false,Rx,0,8,09,00,00,00,D2,02,00,00,
459000,000002C5,false,Rx,0,8,00,00,00,00,00,00,00,00,
460000,000002C6,false,Rx,0,8,32,00,7C,01,00,00,00,00,
490000,0000060D,false,Rx,0,8,0D,10,83,B6,09,20,70,00,
527000,00000625,false,Rx,0,8,25,00,59,86,01,54,5C,06,
590000,0000060D,false,Rx,0,8,0D,10,83,B6,09,20,70,00,
600000,00000054,false,Rx,0,8,01,05,0B,01,D2,02,00,00,
601000,00000055,false,Rx,0,8,10,27,00,00,00,00,00,00,
601000,00000056,false,Rx,0,8,10,27,00,00,00,00,00,00,
601000,00000057,false,Rx,0,8,00,00,FE,FF,FE,FF,00,00,
629000,00000625,false,Rx,0,8,25,00,59,86,01,54,5C,06,
679000,000002C4,false,Rx,0,8,09,00,00,00,D2,02,00,00,
679000,000002C5,false,Rx,0,8,00,00,00,00,00,00,00,00,
680000,000002C6,false,Rx,0,8,32,00,7C,01,00,00,00,00,
691000,0000060D,false,Rx,0,8,0D,10,83,B6,09,20,70,00,
727000,00000625,false,Rx,0,8,25,00,59,86,01,54,5C,06,
790000,0000060D,false,Rx,0,8,0D,10,83,B6,09,20,70,00,
0,00000054,false,Rx,0,8,01,05,0B,01,D2,02,00,00,
0,00000055,false,Rx,0,8,10,27,00,00,00,00,00,00,
801000,00000056,false,Rx,0,8,10,27,00,00,00,00,00,00,
802000,00000057,false,Rx,0,8,00,00,FE,FF,FE,FF,00,00,
827000,00000625,false,Rx,0,8,25,00,59,86,01,54,5C,06,
891000,0000060D,false,Rx,0,8,0D,10,83,B6,09,20,70,00,
899000,000002C4,false,Rx,0,8,09,00,00,00,D2,02,00,00,
899000,000002C5,false,Rx,0,8,00,00,00,00,00,00,00,00,
900000,000002C6,false,Rx,0,8,32,00,7C,01,00,00,00,00,
927000,00000625,false,Rx,0,8,25,00,59,86,01,54,5C,06,
991000,0000060D,false,Rx,0,8,0D,10,83,B6,09,20,70,00,
0,00000054,false,Rx,0,8,01,05,0B,01,D2,02,00,00,
1000,00000055,false,Rx,0,8,10,27,00,00,00,00,00,00,
0,00000056,false,Rx,0,8,10,27,00,00,00,00,00,00,
0,00000057,false,Rx,0,8,00,00,FE,FF,FE,FF,00,00,
27000,00000625,false,Rx,0,8,25,00,59,86,01,54,5C,06,
91000,0000060D,false,Rx,0,8,0D,10,83,B6,09,20,70,00,
119000,000002C4,false,Rx,0,8,09,00,00,00,D2,02,00,00,
120000,000002C5,false,Rx,0,8,00,00,00,00,00,00,00,00,
120000,000002C6,false,Rx,0,8,32,00,7C,01,00,00,00,00,
128000,00000625,false,Rx,0,8,25,00,59,86,01,54,5C,06,
190000,0000060D,false,Rx,0,8,0D,10,83,B6,09,20,70,00,
200000,00000054,false,Rx,0,8,01,05,0B,01,D2,02,00,00,
201000,00000055,false,Rx,0,8,10,27,00,00,00,00,00,00,
0,00000056,false,Rx,0,8,10,27,00,00,00,00,00,00,
0,00000057,false,Rx,0,8,00,00,FE,FF,FE,FF,00,00,
227000,00000625,false,Rx,0,8,25,00,59,86,01,54,5C,06,
290000,0000060D,false,Rx,0,8,0D,10,83,B6,09,20,70,00,
328000,00000625,false,Rx,0,8,25,00,59,86,01,54,5C,06,
339000,000002C4,false,Rx,0,8,09,00,00,00,D2,02,00,00,
340000,000002C5,false,Rx,0,8,00,00,00,00,00,00,00,00,
340000,000002C6,false,Rx,0,8,32,00,7C,01,00,00,00,00,
391000,0000060D,false,Rx,0,8,0D,10,83,B6,09,20,70,00,
400000,00000054,false,Rx,0,8,01,05,0B,01,D2,02,00,00,
400000,00000055,false,Rx,0,8,10,27,00,00,00,00,00,00,
401000,00000056,false,Rx,0,8,10,27,00,00,00,00,00,00,
401000,00000057,false,Rx,0,8,00,00,FE,FF,FE,FF,00,00,
427000,00000625,false,Rx,0,8,25,00,59,86,01,54,5C,06,
490000,0000060D,false,Rx,0,8,0D,10,83,B6,09,20,70,00,
528000,00000625,false,Rx,0,8,25,00,59,86,01,54,5C,06,
559000,000002C4,false,Rx,0,8,09,00,00,00,D2,02,00,00,
559000,000002C5,false,Rx,0,8,00,00,00,00,00,00,00,00,
560000,000002C6,false,Rx,0,8,32,00,7C,01,00,00,00,00,
591000,0000060D,false,Rx,0,8,0D,10,83,B6,09,20,70,00,
600000,00000054,false,Rx,0,8,01,05,0B,01,D2,02,00,00,
600000,00000055,false,Rx,0,8,10,27,00,00,00,00,00,00,
601000,00000056,false,Rx,0,8,10,27,00,00,00,00,00,00,
601000,00000057,false,Rx,0,8,00,00,FE,FF,FE,FF,00,00,
628000,00000625,false,Rx,0,8,25,00,59,86,01,54,5C,06,
690000,0000060D,false,Rx,0,8,0D,10,83,B6,09,20,70,00,
727000,00000625,false,Rx,0,8,25,00,59,86,01,54,5C,06,
779000,000002C4,false,Rx,0,8,09,00,00,00,D2,02,00,00,
779000,000002C5,false,Rx,0,8,00,00,00,00,00,00,00,00,
779000,000002C6,false,Rx,0,8,32,00,7C,01,00,00,00,00,
790000,0000060D,false,Rx,0,8,0D,10,83,B6,09,20,70,00,
800000,00000054,false,Rx,0,8,01,05,0B,01,D2,02,00,00,
800000,00000055,false,Rx,0,8,10,27,00,00,00,00,00,00,
800000,00000056,false,Rx,0,8,10,27,00,00,00,00,00,00,
800000,00000057,false,Rx,0,8,00,00,FE,FF,FE,FF,00,00,
828000,00000625,false,Rx,0,8,25,00,59,86,01,54,5C,06,
891000,0000060D,false,Rx,0,8,0D,10,83,B6,09,20,70,00,
927000,00000625,false,Rx,0,8,25,00,59,86,01,54,5C,06,
990000,0000060D,false,Rx,0,8,0D,10,83,B6,09,20,70,00,
0,000002C4,false,Rx,0,8,09,00,00,00,D2,02,00,00,
0,000002C5,false,Rx,0,8,00,00,00,00,00,00,00,00,
0,000002C6,false,Rx,0,8,32,00,7C,01,00,00,00,00,
0,00000054,false,Rx,0,8,01,05,0B,01,D2,02,00,00,
0,00000055,false,Rx,0,8,10,27,00,00,00,00,00,00,
0,00000056,false,Rx,0,8,10,27,00,00,00,00,00,00,
0,00000057,false,Rx,0,8,00,00,FE,FF,FE,FF,00,00,
27000,00000625,false,Rx,0,8,25,00,59,86,01,54,5C,06,
90000,0000060D,false,Rx,0,8,0D,10,83,B6,09,20,70,00,
128000,00000625,false,Rx,0,8,25,00,59,86,01,54,5C,06,
190000,0000060D,false,Rx,0,8,0D,10,83,B6,09,20,70,00,
200000,00000054,false,Rx,0,8,01,05,0B,01,D2,02,00,00,
200000,00000055,false,Rx,0,8,10,27,00,00,00,00,00,00,
201000,00000056,false,Rx,0,8,10,27,00,00,00,00,00,00,
201000,00000057,false,Rx,0,8,00,00,FE,FF,FE,FF,00,00,
219000,000002C4,false,Rx,0,8,09,00,00,00,D2,02,00,00,
220000,000002C5,false,Rx,0,8,00,00,00,00,00,00,00,00,
220000,000002C6,false,Rx,0,8,32,00,7C,01,00,00,00,00,
227000,00000625,false,Rx,0,8,25,00,59,86,01,54,5C,06,
292000,0000060D,false,Rx,0,8,0D,10,83,B6,09,20,70,00,
329000,00000625,false,Rx,0,8,25,00,59,86,01,54,5C,06,
391000,0000060D,false,Rx,0,8,0D,10,83,B6,09,20,70,00,
400000,00000054,false,Rx,0,8,01,05,0B,01,D2,02,00,00,
400000,00000055,false,Rx,0,8,10,27,00,00,00,00,00,00,
400000,00000056,false,Rx,0,8,10,27,00,00,00,00,00,00,
400000,00000057,false,Rx,0,8,00,00,FE,FF,FE,FF,00,00,
427000,00000625,false,Rx,0,8,25,00,59,86,01,54,5C,06,
439000,000002C4,false,Rx,0,8,09,00,00,00,D2,02,00,00,
439000,000002C5,false,Rx,0,8,00,00,00,00,00,00,00,00,
440000,000002C6,false,Rx,0,8,32,00,7C,01,00,00,00,00,
491000,0000060D,false,Rx,0,8,0D,10,83,B6,09,20,70,00,
528000,00000625,false,Rx,0,8,25,00,59,86,01,54,5C,06,
590000,0000060D,false,Rx,0,8,0D,10,83,B6,09,20,70,00,
600000,00000054,false,Rx,0,8,01,05,0B,01,D2,02,00,00,
601000,00000055,false,Rx,0,8,10,27,00,00,00,00,00,00,
601000,00000056,false,Rx,0,8,10,27,00,00,00,00,00,00,
601000,00000057,false,Rx,0,8,00,00,FE,FF,FE,FF,00,00,
627000,00000625,false,Rx,0,8,25,00,59,86,01,54,5C,06,
0,000002C4,false,Rx,0,8,09,00,00,00,D2,02,00,00,
0,000002C5,false,Rx,0,8,00,00,00,00,00,00,00,00,
660000,000002C6,false,Rx,0,8,32,00,7C,01,00,00,00,00,
690000,0000060D,false,Rx,0,8,0D,10,83,B6,09,20,70,00,
728000,00000625,false,Rx,0,8,25,00,59,86,01,54,5C,06,
791000,0000060D,false,Rx,0,8,0D,10,83,B6,09,20,70,00,
800000,00000054,false,Rx,0,8,01,05,0B,01,D2,02,00,00,
800000,00000055,false,Rx,0,8,10,27,00,00,00,00,00,00,
800000,00000056,false,Rx,0,8,10,27,00,00,00,00,00,00,
801000,00000057,false,Rx,0,8,00,00,FE,FF,FE,FF,00,00,
828000,00000625,false,Rx,0,8,25,00,59,86,01,54,5C,06,
879000,000002C4,false,Rx,0,8,09,00,00,00,D2,02,00,00,
879000,000002C5,false,Rx,0,8,00,00,00,00,00,00,00,00,
880000,000002C6,false,Rx,0,8,32,00,7C,01,00,00,00,00,
891000,0000060D,false,Rx,0,8,0D,10,83,B6,09,20,70,00,
927000,00000625,false,Rx,0,8,25,00,59,86,01,54,5C,06,
990000,0000060D,false,Rx,0,8,0D,10,83,B6,09,20,70,00,
0,00000054,false,Rx,0,8,01,05,0B,01,D2,02,00,00,
0,00000055,false,Rx,0,8,10,27,00,00,00,00,00,00,
0,00000056,false,Rx,0,8,10,27,00,00,00,00,00,00,
0,00000057,false,Rx,0,8,00,00,FE,FF,FE,FF,00,00,
28000,00000625,false,Rx,0,8,25,00,59,86,01,54,5C,06,
91000,0000060D,false,Rx,0,8,0D,10,83,B6,09,20,70,00,
99000,000002C4,false,Rx,0,8,09,00,00,00,D2,02,00,00,
100000,000002C5,false,Rx,0,8,00,00,00,00,00,00,00,00,
100000,000002C6,false,Rx,0,8,32,00,7C,01,00,00,00,00,
128000,00000625,false,Rx,0,8,25,00,59,86,01,54,5C,06,
191000,0000060D,false,Rx,0,8,0D,10,83,B6,09,20,70,00,
200000,00000054,false,Rx,0,8,01,05,0B,01,D2,02,00,00,
201000,00000055,false,Rx,0,8,10,27,00,00,00,00,00,00,
201000,00000056,false,Rx,0,8,10,27,00,00,00,00,00,00,
201000,00000057,false,Rx,0,8,00,00,FE,FF,FE,FF,00,00,
227000,00000625,false,Rx,0,8,25,00,59,86,01,54,5C,06,
290000,0000060D,false,Rx,0,8,0D,10,83,B6,09,20,70,00,
0,000002C4,false,Rx,0,8,09,00,00,00,D2,02,00,00,
0,000002C5,false,Rx,0,8,00,00,00,00,00,00,00,00,
320000,000002C6,false,Rx,0,8,32,00,7C,01,00,00,00,00,
328000,00000625,false,Rx,0,8,25,00,59,86,01,54,5C,06,
391000,0000060D,false,Rx,0,8,0D,10,83,B6,09,20,70,00,
400000,00000054,false,Rx,0,8,01,05,0B,01,D2,02,00,00,
401000,00000055,false,Rx,0,8,10,27,00,00,00,00,00,00,
0,00000056,false,Rx,0,8,10,27,00,00,00,00,00,00,
0,00000057,false,Rx,0,8,00,00,FE,FF,FE,FF,00,00,
427000,00000625,false,Rx,0,8,25,00,59,86,01,54,5C,06,
491000,0000060D,false,Rx,0,8,0D,10,83,B6,09,20,70,00,
527000,00000625,false,Rx,0,8,25,00,59,86,01,54,5C,06,
539000,000002C4,false,Rx,0,8,09,00,00,00,D2,02,00,00,
539000,000002C5,false,Rx,0,8,00,00,00,00,00,00,00,00,
540000,000002C6,false,Rx,0,8,32,00,7C,01,00,00,00,00,
590000,0000060D,false,Rx,0,8,0D,10,83,B6,09,20,70,00,
600000,00000054,false,Rx,0,8,01,05,0B,01,D2,02,00,00,
601000,00000055,false,Rx,0,8,10,27,00,00,00,00,00,00,
601000,00000056,false,Rx,0,8,10,27,00,00,00,00,00,00,
601000,00000057,false,Rx,0,8,00,00,FE,FF,FE,FF,00,00,
628000,00000625,false,Rx,0,8,25,00,59,86,01,54,5C,06,
690000,0000060D,false,Rx,0,8,0D,10,83,B6,09,20,70,00,
728000,00000625,false,Rx,0,8,25,00,59,86,01,54,5C,06,
760000,000002C4,false,Rx,0,8,09,00,00,00,D2,02,00,00,
760000,000002C5,false,Rx,0,8,00,00,00,00,00,00,00,00,
760000,000002C6,false,Rx,0,8,32,00,7C,01,00,00,00,00,
790000,0000060D,false,Rx,0,8,0D,10,83,B6,09,20,70,00,
800000,00000054,false,Rx,0,8,01,05,0B,01,D2,02,00,00,
801000,00000055,false,Rx,0,8,10,27,00,00,00,00,00,00,
0,00000056,false,Rx,0,8,10,27,00,00,00,00,00,00,
0,00000057,false,Rx,0,8,00,00,FE,FF,FE,FF,00,00,
829000,00000625,false,Rx,0,8,25,00,59,86,01,54,5C,06,
891000,0000060D,false,Rx,0,8,0D,10,83,B6,09,20,70,00,
928000,00000625,false,Rx,0,8,25,00,59,86,01,54,5C,06,
980000,000002C4,false,Rx,0,8,09,00,00,00,D2,02,00,00,
980000,000002C5,false,Rx,0,8,00,00,00,00,00,00,00,00,
980000,000002C6,false,Rx,0,8,32,00,7C,01,00,00,00,00,
991000,0000060D,false,Rx,0,8,0D,10,83,B6,09,20,70,00,
0,00000054,false,Rx,0,8,01,05,0B,01,D2,02,00,00,
1000,00000055,false,Rx,0,8,10,27,00,00,00,00,00,00,
1000,00000056,false,Rx,0,8,10,27,00,00,00,00,00,00,
1000,00000057,false,Rx,0,8,00,00,FE,FF,FE,FF,00,00,
28000,00000625,false,Rx,0,8,25,00,59,86,01,54,5C,06,
91000,0000060D,false,Rx,0,8,0D,10,83,B6,09,20,70,00,
128000,00000625,false,Rx,0,8,25,00,59,86,01,54,5C,06,
191000,0000060D,false,Rx,0,8,0D,10,83,B6,09,20,70,00,
199000,000002C4,false,Rx,0,8,09,00,00,00,D2,02,00,00,
200000,000002C5,false,Rx,0,8,00,00,00,00,00,00,00,00,
200000,000002C6,false,Rx,0,8,32,00,7C,01,00,00,00,00,
200000,00000054,false,Rx,0,8,01,05,0B,01,D2,02,00,00,
201000,00000055,false,Rx,0,8,10,27,00,00,00,00,00,00,
201000,00000056,false,Rx,0,8,10,27,00,00,00,00,00,00,
201000,00000057,false,Rx,0,8,00,00,FE,FF,FE,FF,00,00,
228000,00000625,false,Rx,0,8,25,00,59,86,01,54,5C,06,
291000,0000060D,false,Rx,0,8,0D,10,83,B6,09,20,70,00,
328000,00000625,false,Rx,0,8,25,00,59,86,01,54,5C,06,
391000,0000060D,false,Rx,0,8,0D,10,83,B6,09,20,70,00,
400000,00000054,false,Rx,0,8,01,05,0B,01,D2,02,00,00,
401000,00000055,false,Rx,0,8,10,27,00,00,00,00,00,00,
401000,00000056,false,Rx,0,8,10,27,00,00,00,00,00,00,
401000,00000057,false,Rx,0,8,00,00,FE,FF,FE,FF,00,00,
419000,000002C4,false,Rx,0,8,09,00,00,00,D2,02,00,00,
420000,000002C5,false,Rx,0,8,00,00,00,00,00,00,00,00,
420000,000002C6,false,Rx,0,8,32,00,7C,01,00,00,00,00,
428000,00000625,false,Rx,0,8,25,00,59,86,01,54,5C,06,
491000,0000060D,false,Rx,0,8,0D,10,83,B6,09,20,70,00,
528000,00000625,false,Rx,0,8,25,00,59,86,01,54,5C,06,
591000,0000060D,false,Rx,0,8,0D,10,83,B6,09,20,70,00,
600000,00000054,false,Rx,0,8,01,05,0B,01,D2,02,00,00,
601000,00000055,false,Rx,0,8,10,27,00,00,00,00,00,00,
601000,00000056,false,Rx,0,8,10,27,00,00,00,00,00,00,
601000,00000057,false,Rx,0,8,00,00,FE,FF,FE,FF,00,00,
627000,00000625,false,Rx,0,8,25,00,59,86,01,54,5C,06,
639000,000002C4,false,Rx,0,8,09,00,00,00,D2,02,00,00,
639000,000002C5,false,Rx,0,8,00,00,00,00,00,00,00,00,
640000,000002C6,false,Rx,0,8,32,00,7C,01,00,00,00,00,
690000,0000060D,false,Rx,0,8,0D,10,83,B6,09,20,70,00,
728000,00000625,false,Rx,0,8,25,00,59,86,01,54,5C,06,
790000,0000060D,false,Rx,0,8,0D,10,83,B6,09,20,70,00,
800000,00000054,false,Rx,0,8,01,05,0B,01,D2,02,00,00,
800000,00000055,false,Rx,0,8,10,27,00,00,00,00,00,00,
801000,00000056,false,Rx,0,8,10,27,00,00,00,00,00,00,
801000,00000057,false,Rx,0,8,00,00,FE,FF,FE,FF,00,00,
828000,00000625,false,Rx,0,8,25,00,59,86,01,54,5C,06,
0,000002C4,false,Rx,0,8,09,00,00,00,D2,02,00,00,
0,000002C5,false,Rx,0,8,00,00,00,00,00,00,00,00,
860000,000002C6,false,Rx,0,8,32,00,7C,01,00,00,00,00,
891000,0000060D,false,Rx,0,8,0D,10,83,B6,09,20,70,00,
928000,00000625,false,Rx,0,8,25,00,59,86,01,54,5C,06,
990000,0000060D,false,Rx,0,8,0D,10,83,B6,09,20,70,00,
0,00000054,false,Rx,0,8,01,05,0B,01,D2,02,00,00,
0,00000055,false,Rx,0,8,10,27,00,00,00,00,00,00,
0,00000056,false,Rx,0,8,10,27,00,00,00,00,00,00,
1000,00000057,false,Rx,0,8,00,00,FE,FF,FE,FF,00,00,
29000,00000625,false,Rx,0,8,25,00,59,86,01,54,5C,06,
0,000002C4,false,Rx,0,8,09,00,00,00,D2,02,00,00,
0,000002C5,false,Rx,0,8,00,00,00,00,00,00,00,00,
80000,000002C6,false,Rx,0,8,32,00,7C,01,00,00,00,00,
90000,0000060D,false,Rx,0,8,0D,10,83,B6,09,20,70,00,
127000,00000625,false,Rx,0,8,25,00,59,86,01,54,5C,06,
191000,0000060D,false,Rx,0,8,0D,10,83,B6,09,20,70,00,
200000,00000054,false,Rx,0,8,01,05,0B,01,D2,02,00,00,
201000,00000055,false,Rx,0,8,10,27,00,00,00,00,00,00,
201000,00000056,false,Rx,0,8,10,27,00,00,00,00,00,00,
201000,00000057,false,Rx,0,8,00,00,FE,FF,FE,FF,00,00,
229000,00000625,false,Rx,0,8,25,00,59,86,01,54,5C,06,
291000,0000060D,false,Rx,0,8,0D,10,83,B6,09,20,70,00,
299000,000002C4,false,Rx,0,8,09,00,00,00,D2,02,00,00,
299000,000002C5,false,Rx,0,8,00,00,00,00,00,00,00,00,
300000,000002C6,false,Rx,0,8,32,00,7C,01,00,00,00,00,
329000,00000625,false,Rx,0,8,25,00,59,86,01,54,5C,06,
391000,0000060D,false,Rx,0,8,0D,10,83,B6,09,20,70,00,
400000,00000054,false,Rx,0,8,01,05,0B,01,D2,02,00,00,
400000,00000055,false,Rx,0,8,10,27,00,00,00,00,00,00,
400000,00000056,false,Rx,0,8,10,27,00,00,00,00,00,00,
401000,00000057,false,Rx,0,8,00,00,FE,FF,FE,FF,00,00,
427000,00000625,false,Rx,0,8,25,00,59,86,01,54,5C,06,
491000,0000060D,false,Rx,0,8,0D,10,83,B6,09,20,70,00,
519000,000002C4,false,Rx,0,8,09,00,00,00,D2,02,00,00,
519000,000002C5,false,Rx,0,8,00,00,00,00,00,00,00,00,
520000,000002C6,false,Rx,0,8,32,00,7C,01,00,00,00,00,
528000,00000625,false,Rx,0,8,25,00,59,86,01,54,5C,06,
591000,0000060D,false,Rx,0,8,0D,10,83,B6,09,20,70,00,
600000,00000054,false,Rx,0,8,01,05,0B,01,D2,02,00,00,
600000,00000055,false,Rx,0,8,10,27,00,00,00,00,00,00,
600000,00000056,false,Rx,0,8,10,27,00,00,00,00,00,00,
601000,00000057,false,Rx,0,8,00,00,FE,FF,FE,FF,00,00,
627000,00000625,false,Rx,0,8,25,00,59,86,01,54,5C,06,
691000,0000060D,false,Rx,0,8,0D,10,83,B6,09,20,70,00,
729000,00000625,false,Rx,0,8,25,00,59,86,01,54,5C,06,
0,000002C4,false,Rx,0,8,09,00,00,00,D2,02,00,00,
0,000002C5,false,Rx,0,8,00,00,00,00,00,00,00,00,
0,000002C6,false,Rx,0,8,32,00,7C,01,00,00,00,00,
790000,0000060D,false,Rx,0,8,0D,10,83,B6,09,20,70,00,
800000,00000054,false,Rx,0,8,01,05,0B,01,D2,02,00,00,
801000,00000055,false,Rx,0,8,10,27,00,00,00,00,00,00,
801000,00000056,false,Rx,0,8,10,27,00,00,00,00,00,00,
801000,00000057,false,Rx,0,8,00,00,FE,FF,FE,FF,00,00,
827000,00000625,false,Rx,0,8,25,00,59,86,01,54,5C,06,
891000,0000060D,false,Rx,0,8,0D,10,83,B6,09,20,70,00,
929000,00000625,false,Rx,0,8,25,00,59,86,01,54,5C,06,
0,000002C4,false,Rx,0,8,09,00,00,00,D2,02,00,00,
0,000002C5,false,Rx,0,8,00,00,00,00,00,00,00,00,
960000,000002C6,false,Rx,0,8,32,00,7C,01,00,00,00,00,
991000,0000060D,false,Rx,0,8,0D,10,83,B6,09,20,70,00,
0,00000054,false,Rx,0,8,01,05,0B,01,D2,02,00,00,
0,00000055,false,Rx,0,8,10,27,00,00,00,00,00,00,
0,00000056,false,Rx,0,8,10,27,00,00,00,00,00,00,
2000,00000057,false,Rx,0,8,00,00,FE,FF,FE,FF,00,00,
29000,00000625,false,Rx,0,8,25,00,59,86,01,54,5C,06,
91000,0000060D,false,Rx,0,8,0D,10,83,B6,09,20,70,00,
128000,00000625,false,Rx,0,8,25,00,59,86,01,54,5C,06,
179000,000002C4,false,Rx,0,8,09,00,00,00,D2,02,00,00,
179000,000002C5,false,Rx,0,8,00,00,00,00,00,00,00,00,
180000,000002C6,false,Rx,0,8,32,00,7C,01,00,00,00,00,
191000,0000060D,false,Rx,0,8,0D,10,83,B6,09,20,70,00,
201000,00000054,false,Rx,0,8,01,05,0B,01,D2,02,00,00,
201000,00000055,false,Rx,0,8,10,27,00,00,00,00,00,00,
201000,00000056,false,Rx,0,8,10,27,00,00,00,00,00,00,
201000,00000057,false,Rx,0,8,00,00,FE,FF,FE,FF,00,00,
228000,00000625,false,Rx,0,8,25,00,59,86,01,54,5C,06,
291000,0000060D,false,Rx,0,8,0D,10,83,B6,09,20,70,00,
329000,00000625,false,Rx,0,8,25,00,59,86,01,54,5C,06,
391000,0000060D,false,Rx,0,8,0D,10,83,B6,09,20,70,00,
0,000002C4,false,Rx,0,8,09,00,00,00,D2,02,00,00,
0,000002C5,false,Rx,0,8,00,00,00,00,00,00,00,00,
400000,000002C6,false,Rx,0,8,32,00,7C,01,00,00,00,00,
401000,00000054,false,Rx,0,8,01,05,0B,01,D2,02,00,00,
401000,00000055,false,Rx,0,8,10,27,00,00,00,00,00,00,
401000,00000056,false,Rx,0,8,10,27,00,00,00,00,00,00,
402000,00000057,false,Rx,0,8,00,00,FE,FF,FE,FF,00,00,
429000,00000625,false,Rx,0,8,25,00,59,86,01,54,5C,06,
490000,0000060D,false,Rx,0,8,0D,10,83,B6,09,20,70,00,
527000,00000625,false,Rx,0,8,25,00,59,86,01,54,5C,06,
590000,0000060D,false,Rx,0,8,0D,10,83,B6,09,20,70,00,
600000,00000054,false,Rx,0,8,01,05,0B,01,D2,02,00,00,
600000,00000055,false,Rx,0,8,10,27,00,00,00,00,00,00,
600000,00000056,false,Rx,0,8,10,27,00,00,00,00,00,00,
601000,00000057,false,Rx,0,8,00,00,FE,FF,FE,FF,00,00,
620000,000002C4,false,Rx,0,8,09,00,00,00,D2,02,00,00,
620000,000002C5,false,Rx,0,8,00,00,00,00,00,00,00,00,
620000,000002C6,false,Rx,0,8,32,00,7C,01,00,00,00,00,
628000,00000625,false,Rx,0,8,25,00,59,86,01,54,5C,06,
691000,0000060D,false,Rx,0,8,0D,10,83,B6,09,20,70,00,
730000,00000625,false,Rx,0,8,25,00,59,86,01,54,5C,06,
790000,0000060D,false,Rx,0,8,0D,10,83,B6,09,20,70,00,
0,00000054,false,Rx,0,8,01,05,0B,01,D2,02,00,00,
0,00000055,false,Rx,0,8,10,27,00,00,00,00,00,00,
0,00000056,false,Rx,0,8,10,27,00,00,00,00,00,00,
801000,00000057,false,Rx,0,8,00,00,FE,FF,FE,FF,00,00,
829000,00000625,false,Rx,0,8,25,00,59,86,01,54,5C,06,
839000,000002C4,false,Rx,0,8,09,00,00,00,D2,02,00,00,
839000,000002C5,false,Rx,0,8,00,00,00,00,00,00,00,00,
840000,000002C6,false,Rx,0,8,32,00,7C,01,00,00,00,00,
892000,0000060D,false,Rx,0,8,0D,10,83,B6,09,20,70,00,
927000,00000625,false,Rx,0,8,25,00,59,86,01,54,5C,06,
990000,0000060D,false,Rx,0,8,0D,10,83,B6,09,20,70,00,
1000,00000054,false,Rx,0,8,01,05,0B,01,D2,02,00,00,
1000,00000055,false,Rx,0,8,10,27,00,00,00,00,00,00,
1000,00000056,false,Rx,0,8,10,27,00,00,00,00,00,00,
1000,00000057,false,Rx,0,8,00,00,FE,FF,FE,FF,00,00,
28000,00000625,false,Rx,0,8,25,00,59,86,01,54,5C,06,
0,000002C4,false,Rx,0,8,09,00,00,00,D2,02,00,00,
0,000002C5,false,Rx,0,8,00,00,00,00,00,00,00,00,
60000,000002C6,false,Rx,0,8,32,00,7C,01,00,00,00,00,
90000,0000060D,false,Rx,0,8,0D,10,83,B6,09,20,70,00,
128000,00000625,false,Rx,0,8,25,00,59,86,01,54,5C,06,
191000,0000060D,false,Rx,0,8,0D,10,83,B6,09,20,70,00,
201000,00000054,false,Rx,0,8,01,05,0B,01,D2,02,00,00,
201000,00000055,false,Rx,0,8,10,27,00,00,00,00,00,00,
201000,00000056,false,Rx,0,8,10,27,00,00,00,00,00,00,
201000,00000057,false,Rx,0,8,00,00,FE,FF,FE,FF,00,00,
229000,00000625,false,Rx,0,8,25,00,59,86,01,54,5C,06,
280000,000002C4,false,Rx,0,8,09,00,00,00,D2,02,00,00,
280000,000002C5,false,Rx,0,8,00,00,00,00,00,00,00,00,
280000,000002C6,false,Rx,0,8,32,00,7C,01,00,00,00,00,
290000,0000060D,false,Rx,0,8,0D,10,83,B6,09,20,70,00,
327000,00000625,false,Rx,0,8,25,00,59,86,01,54,5C,06,
391000,0000060D,false,Rx,0,8,0D,10,83,B6,09,20,70,00,
0,00000054,false,Rx,0,8,01,05,0B,01,D2,02,00,00,
0,00000055,false,Rx,0,8,10,27,00,00,00,00,00,00,
401000,00000056,false,Rx,0,8,10,27,00,00,00,00,00,00,
401000,00000057,false,Rx,0,8,00,00,FE,FF,FE,FF,00,00,
429000,00000625,false,Rx,0,8,25,00,59,86,01,54,5C,06,
492000,0000060D,false,Rx,0,8,0D,10,83,B6,09,20,70,00,
0,000002C4,false,Rx,0,8,09,00,00,00,D2,02,00,00,
0,000002C5,false,Rx,0,8,00,00,00,00,00,00,00,00,
500000,000002C6,false,Rx,0,8,32,00,7C,01,00,00,00,00,
528000,00000625,false,Rx,0,8,25,00,59,86,01,54,5C,06,
591000,0000060D,false,Rx,0,8,0D,10,83,B6,09,20,70,00,
600000,00000054,false,Rx,0,8,01,05,0B,01,D2,02,00,00,
600000,00000055,false,Rx,0,8,10,27,00,00,00,00,00,00,
601000,00000056,false,Rx,0,8,10,27,00,00,00,00,00,00,
601000,00000057,false,Rx,0,8,00,00,FE,FF,FE,FF,00,00,
627000,00000625,false,Rx,0,8,25,00,59,86,01,54,5C,06,
691000,0000060D,false,Rx,0,8,0D,10,83,B6,09,20,70,00,
720000,000002C4,false,Rx,0,8,09,00,00,00,D2,02,00,00,
720000,000002C5,false,Rx,0,8,00,00,00,00,00,00,00,00,
720000,000002C6,false,Rx,0,8,32,00,7C,01,00,00,00,00,
728000,00000625,false,Rx,0,8,25,00,59,86,01,54,5C,06,
790000,0000060D,false,Rx,0,8,0D,10,83,B6,09,20,70,00,
800000,00000054,false,Rx,0,8,01,05,0B,01,D2,02,00,00,
800000,00000055,false,Rx,0,8,10,27,00,00,00,00,00,00,
801000,00000056,false,Rx,0,8,10,27,00,00,00,00,00,00,
801000,00000057,false,Rx,0,8,00,00,FE,FF,FE,FF,00,00,
827000,00000625,false,Rx,0,8,25,00,59,86,01,54,5C,06,
891000,0000060D,false,Rx,0,8,0D,10,83,B6,09,20,70,00,
929000,00000625,false,Rx,0,8,25,00,59,86,01,54,5C,06,
939000,000002C4,false,Rx,0,8,09,00,00,00,D2,02,00,00,
939000,000002C5,false,Rx,0,8,00,00,00,00,00,00,00,00,
940000,000002C6,false,Rx,0,8,32,00,7C,01,00,00,00,00,
991000,0000060D,false,Rx,0,8,0D,10,83,B6,09,20,70,00,
0,00000054,false,Rx,0,8,01,05,0B,01,D2,02,00,00,
0,00000055,false,Rx,0,8,10,27,00,00,00,00,00,00,
1000,00000056,false,Rx,0,8,10,27,00,00,00,00,00,00,
1000,00000057,false,Rx,0,8,00,00,FE,FF,FE,FF,00,00,
28000,00000625,false,Rx,0,8,25,00,59,86,01,54,5C,06,
90000,0000060D,false,Rx,0,8,0D,10,83,B6,09,20,70,00,
127000,00000625,false,Rx,0,8,25,00,59,86,01,54,5C,06,
160000,000002C4,false,Rx,0,8,09,00,00,00,D2,02,00,00,
160000,000002C5,false,Rx,0,8,00,00,00,00,00,00,00,00,
160000,000002C6,false,Rx,0,8,32,00,7C,01,00,00,00,00,
190000,0000060D,false,Rx,0,8,0D,10,83,B6,09,20,70,00,
201000,00000054,false,Rx,0,8,01,05,0B,01,D2,02,00,00,
201000,00000055,false,Rx,0,8,10,27,00,00,00,00,00,00,
201000,00000056,false,Rx,0,8,10,27,00,00,00,00,00,00,
201000,00000057,false,Rx,0,8,00,00,FE,FF,FE,FF,00,00,
228000,00000625,false,Rx,0,8,25,00,59,86,01,54,5C,06,
290000,0000060D,false,Rx,0,8,0D,10,83,B6,09,20,70,00,
329000,00000625,false,Rx,0,8,25,00,59,86,01,54,5C,06,
380000,000002C4,false,Rx,0,8,09,00,00,00,D2,02,00,00,
380000,000002C5,false,Rx,0,8,00,00,00,00,00,00,00,00,
380000,000002C6,false,Rx,0,8,32,00,7C,01,00,00,00,00,
391000,0000060D,false,Rx,0,8,0D,10,83,B6,09,20,70,00,
0,00000054,false,Rx,0,8,01,05,0B,01,D2,02,00,00,
0,00000055,false,Rx,0,8,10,27,00,00,00,00,00,00,
401000,00000056,false,Rx,0,8,10,27,00,00,00,00,00,00,
401000,00000057,false,Rx,0,8,00,00,FE,FF,FE,FF,00,00,
429000,00000625,false,Rx,0,8,25,00,59,86,01,54,5C,06,
490000,0000060D,false,Rx,0,8,0D,10,83,B6,09,20,70,00,
527000,00000625,false,Rx,0,8,25,00,59,86,01,54,5C,06,
591000,0000060D,false,Rx,0,8,0D,10,83,B6,09,20,70,00,
599000,000002C4,false,Rx,0,8,09,00,00,00,D2,02,00,00,
599000,000002C5,false,Rx,0,8,00,00,00,00,00,00,00,00,
600000,000002C6,false,Rx,0,8,32,00,7C,01,00,00,00,00,
601000,00000054,false,Rx,0,8,01,05,0B,01,D2,02,00,00,
601000,00000055,false,Rx,0,8,10,27,00,00,00,00,00,00,
601000,00000056,false,Rx,0,8,10,27,00,00,00,00,00,00,
601000,00000057,false,Rx,0,8,00,00,FE,FF,FE,FF,00,00,
628000,00000625,false,Rx,0,8,25,00,59,86,01,54,5C,06,
691000,0000060D,false,Rx,0,8,0D,10,83,B6,09,20,70,00,
728000,00000625,false,Rx,0,8,25,00,59,86,01,54,5C,06,
790000,0000060D,false,Rx,0,8,0D,10,83,B6,09,20,70,00,
800000,00000054,false,Rx,0,8,01,05,0B,01,D2,02,00,00,
800000,00000055,false,Rx,0,8,10,27,00,00,00,00,00,00,
801000,00000056,false,Rx,0,8,10,27,00,00,00,00,00,00,
801000,00000057,false,Rx,0,8,00,00,FE,FF,FE,FF,00,00,
0,000002C4,false,Rx,0,8,09,00,00,00,D2,02,00,00,
0,000002C5,false,Rx,0,8,00,00,00,00,00,00,00,00,
820000,000002C6,false,Rx,0,8,32,00,7C,01,00,00,00,00,
829000,00000625,false,Rx,0,8,25,00,59,86,01,54,5C,06,
891000,0000060D,false,Rx,0,8,0D,10,83,B6,09,20,70,00,
929000,00000625,false,Rx,0,8,25,00,59,86,01,54,5C,06,
992000,0000060D,false,Rx,0,8,0D,10,83,B6,09,20,70,00,
0,00000054,false,Rx,0,8,01,05,0B,01,D2,02,00,00,
0,00000055,false,Rx,0,8,10,27,00,00,00,00,00,00,
0,00000056,false,Rx,0,8,10,27,00,00,00,00,00,00,
1000,00000057,false,Rx,0,8,00,00,FE,FF,FE,FF,00,00,
27000,00000625,false,Rx,0,8,25,00,59,86,01,54,5C,06,
39000,000002C4,false,Rx,0,8,09,00,00,00,D2,02,00,00,
39000,000002C5,false,Rx,0,8,00,00,00,00,00,00,00,00,
39000,000002C6,false,Rx,0,8,32,00,7C,01,00,00,00,00,
91000,0000060D,false,Rx,0,8,0D,10,83,B6,09,20,70,00,
127000,00000625,false,Rx,0,8,25,00,59,86,01,54,5C,06,
191000,0000060D,false,Rx,0,8,0D,10,83,B6,09,20,70,00,
200000,00000054,false,Rx,0,8,01,05,0B,01,D2,02,00,00,
200000,00000055,false,Rx,0,8,10,27,00,00,00,00,00,00,
200000,00000056,false,Rx,0,8,10,27,00,00,00,00,00,00,
201000,00000057,false,Rx,0,8,00,00,FE,FF,FE,FF,00,00,
227000,00000625,false,Rx,0,8,25,00,59,86,01,54,5C,06,
259000,000002C4,false,Rx,0,8,09,00,00,00,D2,02,00,00,
259000,000002C5,false,Rx,0,8,00,00,00,00,00,00,00,00,
260000,000002C6,false,Rx,0,8,32,00,7C,01,00,00,00,00,
290000,0000060D,false,Rx,0,8,0D,10,83,B6,09,20,70,00,
329000,00000625,false,Rx,0,8,25,00,59,86,01,54,5C,06,
391000,0000060D,false,Rx,0,8,0D,10,83,B6,09,20,70,00,
401000,00000054,false,Rx,0,8,01,05,0B,01,D2,02,00,00,
401000,00000055,false,Rx,0,8,10,27,00,00,00,00,00,00,
401000,00000056,false,Rx,0,8,10,27,00,00,00,00,00,00,
401000,00000057,false,Rx,0,8,00,00,FE,FF,FE,FF,00,00,
428000,00000625,false,Rx,0,8,25,00,59,86,01,54,5C,06,
479000,000002C4,false,Rx,0,8,09,00,00,00,D2,02,00,00,
479000,000002C5,false,Rx,0,8,00,00,00,00,00,00,00,00,
480000,000002C6,false,Rx,0,8,32,00,7C,01,00,00,00,00,
491000,0000060D,false,Rx,0,8,0D,10,83,B6,09,20,70,00,
528000,00000625,false,Rx,0,8,25,00,59,86,01,54,5C,06,
591000,0000060D,false,Rx,0,8,0D,10,83,B6,09,20,70,00,
600000,00000054,false,Rx,0,8,01,05,0B,01,D2,02,00,00,
601000,00000055,false,Rx,0,8,10,27,00,00,00,00,00,00,
601000,00000056,false,Rx,0,8,10,27,00,00,00,00,00,00,
601000,00000057,false,Rx,0,8,00,00,FE,FF,FE,FF,00,00,
629000,00000625,false,Rx,0,8,25,00,59,86,01,54,5C,06,
691000,0000060D,false,Rx,0,8,0D,10,83,B6,09,20,70,00,
700000,000002C4,false,Rx,0,8,09,00,00,00,D2,02,00,00,
700000,000002C5,false,Rx,0,8,00,00,00,00,00,00,00,00,
700000,000002C6,false,Rx,0,8,32,00,7C,01,00,00,00,00,
728000,00000625,false,Rx,0,8,25,00,59,86,01,54,5C,06,
790000,0000060D,false,Rx,0,8,0D,10,83,B6,09,20,70,00,
800000,00000054,false,Rx,0,8,01,05,0B,01,D2,02,00,00,
800000,00000055,false,Rx,0,8,10,27,00,00,00,00,00,00,
801000,00000056,false,Rx,0,8,10,27,00,00,00,00,00,00,
801000,00000057,false,Rx,0,8,00,00,FE,FF,FE,FF,00,00,
828000,00000625,false,Rx,0,8,25,00,59,86,01,54,5C,06,
891000,0000060D,false,Rx,0,8,0D,10,83,B6,09,20,70,00,
919000,000002C4,false,Rx,0,8,09,00,00,00,D2,02,00,00,
919000,000002C5,false,Rx,0,8,00,00,00,00,00,00,00,00,
920000,000002C6,false,Rx,0,8,32,00,7C,01,00,00,00,00,
928000,00000625,false,Rx,0,8,25,00,59,86,01,54,5C,06,
991000,0000060D,false,Rx,0,8,0D,10,83,B6,09,20,70,00,
1000,00000054,false,Rx,0,8,01,05,0B,01,D2,02,00,00,
1000,00000055,false,Rx,0,8,10,27,00,00,00,00,00,00,
0,00000056,false,Rx,0,8,10,27,00,00,00,00,00,00,
0,00000057,false,Rx,0,8,00,00,FE,FF,FE,FF,00,00,
28000,00000625,false,Rx,0,8,25,00,59,86,01,54,5C,06,
91000,0000060D,false,Rx,0,8,0D,10,83,B6,09,20,70,00,
128000,00000625,false,Rx,0,8,25,00,59,86,01,54,5C,06,
0,000002C4,false,Rx,0,8,09,00,00,00,D2,02,00,00,
0,000002C5,false,Rx,0,8,00,00,00,00,00,00,00,00,
0,000002C6,false,Rx,0,8,32,00,7C,01,00,00,00,00,
191000,0000060D,false,Rx,0,8,0D,10,83,B6,09,20,70,00,
200000,00000054,false,Rx,0,8,01,05,0B,01,D2,02,00,00,
201000,00000055,false,Rx,0,8,10,27,00,00,00,00,00,00,
201000,00000056,false,Rx,0,8,10,27,00,00,00,00,00,00,
201000,00000057,false,Rx,0,8,00,00,FE,FF,FE,FF,00,00,
229000,00000625,false,Rx,0,8,25,00,59,86,01,54,5C,06,
291000,0000060D,false,Rx,0,8,0D,10,83,B6,09,20,70,00,
328000,00000625,false,Rx,0,8,25,00,59,86,01,54,5C,06,
0,000002C4,false,Rx,0,8,09,00,00,00,D2,02,00,00,
0,000002C5,false,Rx,0,8,00,00,00,00,00,00,00,00,
361000,000002C6,false,Rx,0,8,32,00,7C,01,00,00,00,00,
391000,0000060D,false,Rx,0,8,0D,10,83,B6,09,20,70,00,
400000,00000054,false,Rx,0,8,01,05,0B,01,D2,02,00,00,
401000,00000055,false,Rx,0,8,10,27,00,00,00,00,00,00,
401000,00000056,false,Rx,0,8,10,27,00,00,00,00,00,00,
401000,00000057,false,Rx,0,8,00,00,FE,FF,FE,FF,00,00,
428000,00000625,false,Rx,0,8,25,00,59,86,01,54,5C,06,
491000,0000060D,false,Rx,0,8,0D,10,83,B6,09,20,70,00,
528000,00000625,false,Rx,0,8,25,00,59,86,01,54,5C,06,
580000,000002C4,false,Rx,0,8,09,00,00,00,D2,02,00,00,
580000,000002C5,false,Rx,0,8,00,00,00,00,00,00,00,00,
580000,000002C6,false,Rx,0,8,32,00,7C,01,00,00,00,00,
591000,0000060D,false,Rx,0,8,0D,10,83,B6,09,20,70,00,
600000,00000054,false,Rx,0,8,01,05,0B,01,D2,02,00,00,
600000,00000055,false,Rx,0,8,10,27,00,00,00,00,00,00,
600000,00000056,false,Rx,0,8,10,27,00,00,00,00,00,00,
601000,00000057,false,Rx,0,8,00,00,FE,FF,FE,FF,00,00,
628000,00000625,false,Rx,0,8,25,00,59,86,01,54,5C,06,
690000,0000060D,false,Rx,0,8,0D,10,83,B6,09,20,70,00,
729000,00000625,false,Rx,0,8,25,00,59,86,01,54,5C,06,
791000,0000060D,false,Rx,0,8,0D,10,83,B6,09,20,70,00,
799000,000002C4,false,Rx,0,8,09,00,00,00,D2,02,00,00,
799000,000002C5,false,Rx,0,8,00,00,00,00,00,00,00,00,
799000,000002C6,false,Rx,0,8,32,00,7C,01,00,00,00,00,
800000,00000054,false,Rx,0,8,01,05,0B,01,D2,02,00,00,
800000,00000055,false,Rx,0,8,10,27,00,00,00,00,00,00,
800000,00000056,false,Rx,0,8,10,27,00,00,00,00,00,00,
801000,00000057,false,Rx,0,8,00,00,FE,FF,FE,FF,00,00,
828000,00000625,false,Rx,0,8,25,00,59,86,01,54,5C,06,
891000,0000060D,false,Rx,0,8,0D,10,83,B6,09,20,70,00,
927000,00000625,false,Rx,0,8,25,00,59,86,01,54,5C,06,
991000,0000060D,false,Rx,0,8,0D,10,83,B6,09,20,70,00,
0,00000054,false,Rx,0,8,01,05,0B,01,D2,02,00,00,
0,00000055,false,Rx,0,8,10,27,00,00,00,00,00,00,
0,00000056,false,Rx,0,8,10,27,00,00,00,00,00,00,
0,00000057,false,Rx,0,8,00,00,FE,FF,FE,FF,00,00,
19000,000002C4,false,Rx,0,8,09,00,00,00,D2,02,00,00,
19000,000002C5,false,Rx,0,8,00,00,00,00,00,00,00,00,
20000,000002C6,false,Rx,0,8,32,00,7C,01,00,00,00,00,
27000,00000625,false,Rx,0,8,25,00,59,86,01,54,5C,06,
90000,0000060D,false,Rx,0,8,0D,10,83,B6,09,20,70,00,
128000,00000625,false,Rx,0,8,25,00,59,86,01,54,5C,06,
192000,0000060D,false,Rx,0,8,0D,10,83,B6,09,20,70,00,
201000,00000054,false,Rx,0,8,01,05,0B,01,D2,02,00,00,
201000,00000055,false,Rx,0,8,10,27,00,00,00,00,00,00,
201000,00000056,false,Rx,0,8,10,27,00,00,00,00,00,00,
201000,00000057,false,Rx,0,8,00,00,FE,FF,FE,FF,00,00,
229000,00000625,false,Rx,0,8,25,00,59,86,01,54,5C,06,
239000,000002C4,false,Rx,0,8,09,00,00,00,D2,02,00,00,
240000,000002C5,false,Rx,0,8,00,00,00,00,00,00,00,00,
240000,000002C6,false,Rx,0,8,32,00,7C,01,00,00,00,00,
290000,0000060D,false,Rx,0,8,0D,10,83,B6,09,20,70,00,
329000,00000625,false,Rx,0,8,25,00,59,86,01,54,5C,06,
391000,0000060D,false,Rx,0,8,0D,10,83,B6,09,20,70,00,
401000,00000054,false,Rx,0,8,01,05,0B,01,D2,02,00,00,
401000,00000055,false,Rx,0,8,10,27,00,00,00,00,00,00,
401000,00000056,false,Rx,0,8,10,27,00,00,00,00,00,00,
401000,00000057,false,Rx,0,8,00,00,FE,FF,FE,FF,00,00,
427000,00000625,false,Rx,0,8,25,00,59,86,01,54,5C,06,
460000,000002C4,false,Rx,0,8,09,00,00,00,D2,02,00,00,
460000,000002C5,false,Rx,0,8,00,00,00,00,00,00,00,00,
460000,000002C6,false,Rx,0,8,32,00,7C,01,00,00,00,00,
491000,0000060D,false,Rx,0,8,0D,10,83,B6,09,20,70,00,
528000,00000625,false,Rx,0,8,25,00,59,86,01,54,5C,06,
591000,0000060D,false,Rx,0,8,0D,10,83,B6,09,20,70,00,
600000,00000054,false,Rx,0,8,01,05,0B,01,D2,02,00,00,
600000,00000055,false,Rx,0,8,10,27,00,00,00,00,00,00,
600000,00000056,false,Rx,0,8,10,27,00,00,00,00,00,00,
601000,00000057,false,Rx,0,8,00,00,FE,FF,FE,FF,00,00,
628000,00000625,false,Rx,0,8,25,00,59,86,01,54,5C,06,
679000,000002C4,false,Rx,0,8,09,00,00,00,D2,02,00,00,
679000,000002C5,false,Rx,0,8,00,00,00,00,00,00,00,00,
680000,000002C6,false,Rx,0,8,32,00,7C,01,00,00,00,00,
690000,0000060D,false,Rx,0,8,0D,10,83,B6,09,20,70,00,
728000,00000625,false,Rx,0,8,25,00,59,86,01,54,5C,06,
791000,0000060D,false,Rx,0,8,0D,10,83,B6,09,20,70,00,
800000,00000054,false,Rx,0,8,01,05,0B,01,D2,02,00,00,
800000,00000055,false,Rx,0,8,10,27,00,00,00,00,00,00,
800000,00000056,false,Rx,0,8,10,27,00,00,00,00,00,00,
801000,00000057,false,Rx,0,8,00,00,FE,FF,FE,FF,00,00,
829000,00000625,false,Rx,0,8,25,00,59,86,01,54,5C,06,
891000,0000060D,false,Rx,0,8,0D,10,83,B6,09,20,70,00,
899000,000002C4,false,Rx,0,8,09,00,00,00,D2,02,00,00,
900000,000002C5,false,Rx,0,8,00,00,00,00,00,00,00,00,
900000,000002C6,false,Rx,0,8,32,00,7C,01,00,00,00,00,
929000,00000625,false,Rx,0,8,25,00,59,86,01,54,5C,06,
991000,0000060D,false,Rx,0,8,0D,10,83,B6,09,20,70,00,
0,00000054,false,Rx,0,8,01,05,0B,01,D2,02,00,00,
0,00000055,false,Rx,0,8,10,27,00,00,00,00,00,00,
1000,00000056,false,Rx,0,8,10,27,00,00,00,00,00,00,
1000,00000057,false,Rx,0,8,00,00,FE,FF,FE,FF,00,00,
27000,00000625,false,Rx,0,8,25,00,59,86,01,54,5C,06,
91000,0000060D,false,Rx,0,8,0D,10,83,B6,09,20,70,00,
120000,000002C4,false,Rx,0,8,09,00,00,00,D2,02,00,00,
120000,000002C5,false,Rx,0,8,00,00,00,00,00,00,00,00,
120000,000002C6,false,Rx,0,8,32,00,7C,01,00,00,00,00,
128000,00000625,false,Rx,0,8,25,00,59,86,01,54,5C,06,
190000,0000060D,false,Rx,0,8,0D,10,83,B6,09,20,70,00,
0,00000054,false,Rx,0,8,01,05,0B,01,D2,02,00,00,
0,00000055,false,Rx,0,8,10,27,00,00,00,00,00,00,
0,00000056,false,Rx,0,8,10,27,00,00,00,00,00,00,
0,00000057,false,Rx,0,8,00,00,FE,FF,FE,FF,00,00,
229000,00000625,false,Rx,0,8,25,00,59,86,01,54,5C,06,
291000,0000060D,false,Rx,0,8,0D,10,83,B6,09,20,70,00,
328000,00000625,false,Rx,0,8,25,00,59,86,01,54,5C,06,
339000,000002C4,false,Rx,0,8,09,00,00,00,D2,02,00,00,
340000,000002C5,false,Rx,0,8,00,00,00,00,00,00,00,00,
340000,000002C6,false,Rx,0,8,32,00,7C,01,00,00,00,00,
390000,0000060D,false,Rx,0,8,0D,10,83,B6,09,20,70,00,
400000,00000054,false,Rx,0,8,01,05,0B,01,D2,02,00,00,
400000,00000055,false,Rx,0,8,10,27,00,00,00,00,00,00,
401000,00000056,false,Rx,0,8,10,27,00,00,00,00,00,00,
401000,00000057,false,Rx,0,8,00,00,FE,FF,FE,FF,00,00,
429000,00000625,false,Rx,0,8,25,00,59,86,01,54,5C,06,
491000,0000060D,false,Rx,0,8,0D,10,83,B6,09,20,70,00,
527000,00000625,false,Rx,0,8,25,00,59,86,01,54,5C,06,
559000,000002C4,false,Rx,0,8,09,00,00,00,D2,02,00,00,
560000,000002C5,false,Rx,0,8,00,00,00,00,00,00,00,00,
560000,000002C6,false,Rx,0,8,32,00,7C,01,00,00,00,00,
591000,0000060D,false,Rx,0,8,0D,10,83,B6,09,20,70,00,
601000,00000054,false,Rx,0,8,01,05,0B,01,D2,02,00,00,
601000,00000055,false,Rx,0,8,10,27,00,00,00,00,00,00,
601000,00000056,false,Rx,0,8,10,27,00,00,00,00,00,00,
602000,00000057,false,Rx,0,8,00,00,FE,FF,FE,FF,00,00,
628000,00000625,false,Rx,0,8,25,00,59,86,01,54,5C,06,
691000,0000060D,false,Rx,0,8,0D,10,83,B6,09,20,70,00,
727000,00000625,false,Rx,0,8,25,00,59,86,01,54,5C,06,
780000,000002C4,false,Rx,0,8,09,00,00,00,D2,02,00,00,
780000,000002C5,false,Rx,0,8,00,00,00,00,00,00,00,00,
780000,000002C6,false,Rx,0,8,32,00,7C,01,00,00,00,00,
791000,0000060D,false,Rx,0,8,0D,10,83,B6,09,20,70,00,
801000,00000054,false,Rx,0,8,01,05,0B,01,D2,02,00,00,
801000,00000055,false,Rx,0,8,10,27,00,00,00,00,00,00,
801000,00000056,false,Rx,0,8,10,27,00,00,00,00,00,00,
802000,00000057,false,Rx,0,8,00,00,FE,FF,FE,FF,00,00,
827000,00000625,false,Rx,0,8,25,00,59,86,01,54,5C,06,
891000,0000060D,false,Rx,0,8,0D,10,83,B6,09,20,70,00,
929000,00000625,false,Rx,0,8,25,00,59,86,01,54,5C,06,
991000,0000060D,false,Rx,0,8,0D,10,83,B6,09,20,70,00,
0,000002C4,false,Rx,0,8,09,00,00,00,D2,02,00,00,
0,000002C5,false,Rx,0,8,00,00,00,00,00,00,00,00,
0,000002C6,false,Rx,0,8,32,00,7C,01,00,00,00,00,
1000,00000054,false,Rx,0,8,01,05,0B,01,D2,02,00,00,
1000,00000055,false,Rx,0,8,10,27,00,00,00,00,00,00,
1000,00000056,false,Rx,0,8,10,27,00,00,00,00,00,00,
1000,00000057,false,Rx,0,8,00,00,FE,FF,FE,FF,00,00,
28000,00000625,false,Rx,0,8,25,00,59,86,01,54,5C,06,
91000,0000060D,false,Rx,0,8,0D,10,83,B6,09,20,70,00,
128000,00000625,false,Rx,0,8,25,00,59,86,01,54,5C,06,
191000,0000060D,false,Rx,0,8,0D,10,83,B6,09,20,70,00,
200000,00000054,false,Rx,0,8,01,05,0B,01,D2,02,00,00,
200000,00000055,false,Rx,0,8,10,27,00,00,00,00,00,00,
201000,00000056,false,Rx,0,8,10,27,00,00,00,00,00,00,
201000,00000057,false,Rx,0,8,00,00,FE,FF,FE,FF,00,00,
219000,000002C4,false,Rx,0,8,09,00,00,00,D2,02,00,00,
220000,000002C5,false,Rx,0,8,00,00,00,00,00,00,00,00,
220000,000002C6,false,Rx,0,8,32,00,7C,01,00,00,00,00,
227000,00000625,false,Rx,0,8,25,00,59,86,01,54,5C,06,
290000,0000060D,false,Rx,0,8,0D,10,83,B6,09,20,70,00,
329000,00000625,false,Rx,0,8,25,00,59,86,01,54,5C,06,
391000,0000060D,false,Rx,0,8,0D,10,83,B6,09,20,70,00,
401000,00000054,false,Rx,0,8,01,05,0B,01,D2,02,00,00,
401000,00000055,false,Rx,0,8,10,27,00,00,00,00,00,00,
401000,00000056,false,Rx,0,8,10,27,00,00,00,00,00,00,
401000,00000057,false,Rx,0,8,00,00,FE,FF,FE,FF,00,00,
429000,00000625,false,Rx,0,8,25,00,59,86,01,54,5C,06,
0,000002C4,false,Rx,0,8,09,00,00,00,D2,02,00,00,
0,000002C5,false,Rx,0,8,00,00,00,00,00,00,00,00,
0,000002C6,false,Rx,0,8,32,00,7C,01,00,00,00,00,
491000,0000060D,false,Rx,0,8,0D,10,83,B6,09,20,70,00,
527000,00000625,false,Rx,0,8,25,00,59,86,01,54,5C,06,
590000,0000060D,false,Rx,0,8,0D,10,83,B6,09,20,70,00,
600000,00000054,false,Rx,0,8,01,05,0B,01,D2,02,00,00,
601000,00000055,false,Rx,0,8,10,27,00,00,00,00,00,00,
601000,00000056,false,Rx,0,8,10,27,00,00,00,00,00,00,
601000,00000057,false,Rx,0,8,00,00,FE,FF,FE,FF,00,00,
627000,00000625,false,Rx,0,8,25,00,59,86,01,54,5C,06,
659000,000002C4,false,Rx,0,8,09,00,00,00,D2,02,00,00,
660000,000002C5,false,Rx,0,8,00,00,00,00,00,00,00,00,
660000,000002C6,false,Rx,0,8,32,00,7C,01,00,00,00,00,
691000,0000060D,false,Rx,0,8,0D,10,83,B6,09,20,70,00,
729000,00000625,false,Rx,0,8,25,00,59,86,01,54,5C,06,
790000,0000060D,false,Rx,0,8,0D,10,83,B6,09,20,70,00,
800000,00000054,false,Rx,0,8,01,05,0B,01,D2,02,00,00,
801000,00000055,false,Rx,0,8,10,27,00,00,00,00,00,00,
801000,00000056,false,Rx,0,8,10,27,00,00,00,00,00,00,
801000,00000057,false,Rx,0,8,00,00,FE,FF,FE,FF,00,00,
829000,00000625,false,Rx,0,8,25,00,59,86,01,54,5C,06,
879000,000002C4,false,Rx,0,8,09,00,00,00,D2,02,00,00,
879000,000002C5,false,Rx,0,8,00,00,00,00,00,00,00,00,
880000,000002C6,false,Rx,0,8,32,00,7C,01,00,00,00,00,
892000,0000060D,false,Rx,0,8,0D,10,83,B6,09,20,70,00,
929000,00000625,false,Rx,0,8,25,00,59,86,01,54,5C,06,
990000,0000060D,false,Rx,0,8,0D,10,83,B6,09,20,70,00,
0,00000054,false,Rx,0,8,01,05,0B,01,D2,02,00,00,
0,00000055,false,Rx,0,8,10,27,00,00,00,00,00,00,
1000,00000056,false,Rx,0,8,10,27,00,00,00,00,00,00,
1000,00000057,false,Rx,0,8,00,00,FE,FF,FE,FF,00,00,
28000,00000625,false,Rx,0,8,25,00,59,86,01,54,5C,06,
91000,0000060D,false,Rx,0,8,0D,10,83,B6,09,20,70,00,
100000,000002C4,false,Rx,0,8,09,00,00,00,D2,02,00,00,
100000,000002C5,false,Rx,0,8,00,00,00,00,00,00,00,00,
100000,000002C6,false,Rx,0,8,32,00,7C,01,00,00,00,00,
129000,00000625,false,Rx,0,8,25,00,59,86,01,54,5C,06,
190000,0000060D,false,Rx,0,8,0D,10,83,B6,09,20,70,00,
200000,00000054,false,Rx,0,8,01,05,0B,01,D2,02,00,00,
201000,00000055,false,Rx,0,8,10,27,00,00,00,00,00,00,
201000,00000056,false,Rx,0,8,10,27,00,00,00,00,00,00,
201000,00000057,false,Rx,0,8,00,00,FE,FF,FE,FF,00,00,
228000,00000625,false,Rx,0,8,25,00,59,86,01,54,5C,06,
290000,0000060D,false,Rx,0,8,0D,10,83,B6,09,20,70,00,
319000,000002C4,false,Rx,0,8,09,00,00,00,D2,02,00,00,
320000,000002C5,false,Rx,0,8,00,00,00,00,00,00,00,00,
320000,000002C6,false,Rx,0,8,32,00,7C,01,00,00,00,00,
328000,00000625,false,Rx,0,8,25,00,59,86,01,54,5C,06,
392000,0000060D,false,Rx,0,8,0D,10,83,B6,09,20,70,00,
400000,00000054,false,Rx,0,8,01,05,0B,01,D2,02,00,00,
400000,00000055,false,Rx,0,8,10,27,00,00,00,00,00,00,
400000,00000056,false,Rx,0,8,10,27,00,00,00,00,00,00,
401000,00000057,false,Rx,0,8,00,00,FE,FF,FE,FF,00,00,
427000,00000625,false,Rx,0,8,25,00,59,86,01,54,5C,06,
491000,0000060D,false,Rx,0,8,0D,10,83,B6,09,20,70,00,
528000,00000625,false,Rx,0,8,25,00,59,86,01,54,5C,06,
540000,000002C4,false,Rx,0,8,09,00,00,00,D2,02,00,00,
540000,000002C5,false,Rx,0,8,00,00,00,00,00,00,00,00,
540000,000002C6,false,Rx,0,8,32,00,7C,01,00,00,00,00,
591000,0000060D,false,Rx,0,8,0D,10,83,B6,09,20,70,00,
601000,00000054,false,Rx,0,8,01,05,0B,01,D2,02,00,00,
601000,00000055,false,Rx,0,8,10,27,00,00,00,00,00,00,
601000,00000056,false,Rx,0,8,10,27,00,00,00,00,00,00,
601000,00000057,false,Rx,0,8,00,00,FE,FF,FE,FF,00,00,
628000,00000625,false,Rx,0,8,25,00,59,86,01,54,5C,06,
691000,0000060D,false,Rx,0,8,0D,10,83,B6,09,20,70,00,
727000,00000625,false,Rx,0,8,25,00,59,86,01,54,5C,06,
759000,000002C4,false,Rx,0,8,09,00,00,00,D2,02,00,00,
760000,000002C5,false,Rx,0,8,00,00,00,00,00,00,00,00,
760000,000002C6,false,Rx,0,8,32,00,7C,01,00,00,00,00,
790000,0000060D,false,Rx,0,8,0D,10,83,B6,09,20,70,00,
800000,00000054,false,Rx,0,8,01,05,0B,01,D2,02,00,00,
801000,00000055,false,Rx,0,8,10,27,00,00,00,00,00,00,
801000,00000056,false,Rx,0,8,10,27,00,00,00,00,00,00,
801000,00000057,false,Rx,0,8,00,00,FE,FF,FE,FF,00,00,
829000,00000625,false,Rx,0,8,25,00,59,86,01,54,5C,06,
891000,0000060D,false,Rx,0,8,0D,10,83,B6,09,20,70,00,
928000,00000625,false,Rx,0,8,25,00,59,86,01,54,5C,06,
980000,000002C4,false,Rx,0,8,09,00,00,00,D2,02,00,00,
980000,000002C5,false,Rx,0,8,00,00,00,00,00,00,00,00,
980000,000002C6,false,Rx,0,8,32,00,7C,01,00,00,00,00,
991000,0000060D,false,Rx,0,8,0D,10,83,B6,09,20,70,00,
0,00000054,false,Rx,0,8,01,05,0B,01,D2,02,00,00,
0,00000055,false,Rx,0,8,10,27,00,00,00,00,00,00,
1000,00000056,false,Rx,0,8,10,27,00,00,00,00,00,00,
2000,00000057,false,Rx,0,8,00,00,FE,FF,FE,FF,00,00,
28000,00000625,false,Rx,0,8,25,00,59,86,01,54,5C,06,
91000,0000060D,false,Rx,0,8,0D,10,83,B6,09,20,70,00,
128000,00000625,false,Rx,0,8,25,00,59,86,01,54,5C,06,
191000,0000060D,false,Rx,0,8,0D,10,83,B6,09,20,70,00,
200000,000002C4,false,Rx,0,8,09,00,00,00,D2,02,00,00,
200000,000002C5,false,Rx,0,8,00,00,00,00,00,00,00,00,
200000,000002C6,false,Rx,0,8,32,00,7C,01,00,00,00,00,
201000,00000054,false,Rx,0,8,01,05,0B,01,D2,02,00,00,
201000,00000055,false,Rx,0,8,10,27,00,00,00,00,00,00,
201000,00000056,false,Rx,0,8,10,27,00,00,00,00,00,00,
201000,00000057,false,Rx,0,8,00,00,FE,FF,FE,FF,00,00,
228000,00000625,false,Rx,0,8,25,00,59,86,01,54,5C,06,
290000,0000060D,false,Rx,0,8,0D,10,83,B6,09,20,70,00,
327000,00000625,false,Rx,0,8,25,00,59,86,01,54,5C,06,
391000,0000060D,false,Rx,0,8,0D,10,83,B6,09,20,70,00,
401000,00000054,false,Rx,0,8,01,05,0B,01,D2,02,00,00,
401000,00000055,false,Rx,0,8,10,27,00,00,00,00,00,00,
401000,00000056,false,Rx,0,8,10,27,00,00,00,00,00,00,
401000,00000057,false,Rx,0,8,00,00,FE,FF,FE,FF,00,00,
0,000002C4,false,Rx,0,8,09,00,00,00,D2,02,00,00,
0,000002C5,false,Rx,0,8,00,00,00,00,00,00,00,00,
420000,000002C6,false,Rx,0,8,32,00,7C,01,00,00,00,00,
428000,00000625,false,Rx,0,8,25,00,59,86,01,54,5C,06,
491000,0000060D,false,Rx,0,8,0D,10,83,B6,09,20,70,00,
528000,00000625,false,Rx,0,8,25,00,59,86,01,54,5C,06,
591000,0000060D,false,Rx,0,8,0D,10,83,B6,09,20,70,00,
600000,00000054,false,Rx,0,8,01,05,0B,01,D2,02,00,00,
600000,00000055,false,Rx,0,8,10,27,00,00,00,00,00,00,
601000,00000056,false,Rx,0,8,10,27,00,00,00,00,00,00,
601000,00000057,false,Rx,0,8,00,00,FE,FF,FE,FF,00,00,
627000,00000625,false,Rx,0,8,25,00,59,86,01,54,5C,06,
0,000002C4,false,Rx,0,8,09,00,00,00,D2,02,00,00,
0,000002C5,false,Rx,0,8,00,00,00,00,00,00,00,00,
0,000002C6,false,Rx,0,8,32,00,7C,01,00,00,00,00,
691000,0000060D,false,Rx,0,8,0D,10,83,B6,09,20,70,00,
728000,00000625,false,Rx,0,8,25,00,59,86,01,54,5C,06,
790000,0000060D,false,Rx,0,8,0D,10,83,B6,09,20,70,00,
801000,00000054,false,Rx,0,8,01,05,0B,01,D2,02,00,00,
0,00000055,false,Rx,0,8,10,27,00,00,00,00,00,00,
0,00000056,false,Rx,0,8,10,27,00,00,00,00,00,00,
801000,00000057,false,Rx,0,8,00,00,FE,FF,FE,FF,00,00,
829000,00000625,false,Rx,0,8,25,00,59,86,01,54,5C,06,
0,000002C4,false,Rx,0,8,09,00,00,00,D2,02,00,00,
0,000002C5,false,Rx,0,8,00,00,00,00,00,00,00,00,
860000,000002C6,false,Rx,0,8,32,00,7C,01,00,00,00,00,
891000,0000060D,false,Rx,0,8,0D,10,83,B6,09,20,70,00,
929000,00000625,false,Rx,0,8,25,00,59,86,01,54,5C,06,
991000,0000060D,false,Rx,0,8,0D,10,83,B6,09,20,70,00,
0,00000054,false,Rx,0,8,01,05,0B,01,D2,02,00,00,
0,00000055,false,Rx,0,8,10,27,00,00,00,00,00,00,
0,00000056,false,Rx,0,8,10,27,00,00,00,00,00,00,
1000,00000057,false,Rx,0,8,00,00,FE,FF,FE,FF,00,00,
29000,00000625,false,Rx,0,8,25,00,59,86,01,54,5C,06,
0,000002C4,false,Rx,0,8,09,00,00,00,D2,02,00,00,
0,000002C5,false,Rx,0,8,00,00,00,00,00,00,00,00,
80000,000002C6,false,Rx,0,8,32,00,7C,01,00,00,00,00,
91000,0000060D,false,Rx,0,8,0D,10,83,B6,09,20,70,00,
128000,00000625,false,Rx,0,8,25,00,59,86,01,54,5C,06,
191000,0000060D,false,Rx,0,8,0D,10,83,B6,09,20,70,00,
0,00000054,false,Rx,0,8,01,05,0B,01,D2,02,00,00,
0,00000055,false,Rx,0,8,10,27,00,00,00,00,00,00,
0,00000056,false,Rx,0,8,10,27,00,00,00,00,00,00,
0,00000057,false,Rx,0,8,00,00,FE,FF,FE,FF,00,00,
228000,00000625,false,Rx,0,8,25,00,59,86,01,54,5C,06,
292000,0000060D,false,Rx,0,8,0D,10,83,B6,09,20,70,00,
300000,000002C4,false,Rx,0,8,09,00,00,00,D2,02,00,00,
300000,000002C5,false,Rx,0,8,00,00,00,00,00,00,00,00,
301000,000002C6,false,Rx,0,8,32,00,7C,01,00,00,00,00,
329000,00000625,false,Rx,0,8,25,00,59,86,01,54,5C,06,
391000,0000060D,false,Rx,0,8,0D,10,83,B6,09,20,70,00,
400000,00000054,false,Rx,0,8,01,05,0B,01,D2,02,00,00,
400000,00000055,false,Rx,0,8,10,27,00,00,00,00,00,00,
400000,00000056,false,Rx,0,8,10,27,00,00,00,00,00,00,
401000,00000057,false,Rx,0,8,00,00,FE,FF,FE,FF,00,00,
428000,00000625,false,Rx,0,8,25,00,59,86,01,54,5C,06,
491000,0000060D,false,Rx,0,8,0D,10,83,B6,09,20,70,00,
520000,000002C4,false,Rx,0,8,09,00,00,00,D2,02,00,00,
520000,000002C5,false,Rx,0,8,00,00,00,00,00,00,00,00,
520000,000002C6,false,Rx,0,8,32,00,7C,01,00,00,00,00,
528000,00000625,false,Rx,0,8,25,00,59,86,01,54,5C,06,
590000,0000060D,false,Rx,0,8,0D,10,83,B6,09,20,70,00,
0,00000054,false,Rx,0,8,01,05,0B,01,D2,02,00,00,
0,00000055,false,Rx,0,8,10,27,00,00,00,00,00,00,
0,00000056,false,Rx,0,8,10,27,00,00,00,00,00,00,
0,00000057,false,Rx,0,8,00,00,FE,FF,FE,FF,00,00,
629000,00000625,false,Rx,0,8,25,00,59,86,01,54,5C,06,
691000,0000060D,false,Rx,0,8,0D,10,83,B6,09,20,70,00,
729000,00000625,false,Rx,0,8,25,00,59,86,01,54,5C,06,
0,000002C4,false,Rx,0,8,09,00,00,00,D2,02,00,00,
0,000002C5,false,Rx,0,8,00,00,00,00,00,00,00,00,
0,000002C6,false,Rx,0,8,32,00,7C,01,00,00,00,00,
792000,0000060D,false,Rx,0,8,0D,10,83,B6,09,20,70,00,
0,00000054,false,Rx,0,8,01,05,0B,01,D2,02,00,00,
0,00000055,false,Rx,0,8,10,27,00,00,00,00,00,00,
0,00000056,false,Rx,0,8,10,27,00,00,00,00,00,00,
801000,00000057,false,Rx,0,8,00,00,FE,FF,FE,FF,00,00,
829000,00000625,false,Rx,0,8,25,00,59,86,01,54,5C,06,
893000,0000060D,false,Rx,0,8,0D,10,83,B6,09,20,70,00,
929000,00000625,false,Rx,0,8,25,00,59,86,01,54,5C,06,
0,000002C4,false,Rx,0,8,09,00,00,00,D2,02,00,00,
0,000002C5,false,Rx,0,8,00,00,00,00,00,00,00,00,
0,000002C6,false,Rx,0,8,32,00,7C,01,00,00,00,00,
991000,0000060D,false,Rx,0,8,0D,10,83,B6,09,20,70,00,
0,00000054,false,Rx,0,8,01,05,0B,01,D2,02,00,00,
0,00000055,false,Rx,0,8,10,27,00,00,00,00,00,00,
1000,00000056,false,Rx,0,8,10,27,00,00,00,00,00,00,
2000,00000057,false,Rx,0,8,00,00,FE,FF,FE,FF,00,00,
29000,00000625,false,Rx,0,8,25,00,59,86,01,54,5C,06,
92000,0000060D,false,Rx,0,8,0D,10,83,B6,09,20,70,00,
129000,00000625,false,Rx,0,8,25,00,59,86,01,54,5C,06,
180000,000002C4,false,Rx,0,8,09,00,00,00,D2,02,00,00,
180000,000002C5,false,Rx,0,8,00,00,00,00,00,00,00,00,
180000,000002C6,false,Rx,0,8,32,00,7C,01,00,00,00,00,
190000,0000060D,false,Rx,0,8,0D,10,83,B6,09,20,70,00,
0,00000054,false,Rx,0,8,01,05,0B,01,D2,02,00,00,
0,00000055,false,Rx,0,8,10,27,00,00,00,00,00,00,
0,00000056,false,Rx,0,8,10,27,00,00,00,00,00,00,
0,00000057,false,Rx,0,8,00,00,FE,FF,FE,FF,00,00,
227000,00000625,false,Rx,0,8,25,00,59,86,01,54,5C,06,
291000,0000060D,false,Rx,0,8,0D,10,83,B6,09,20,70,00,
328000,00000625,false,Rx,0,8,25,00,59,86,01,54,5C,06,
391000,0000060D,false,Rx,0,8,0D,10,83,B6,09,20,70,00,
399000,000002C4,false,Rx,0,8,09,00,00,00,D2,02,00,00,
399000,000002C5,false,Rx,0,8,00,00,00,00,00,00,00,00,
400000,000002C6,false,Rx,0,8,32,00,7C,01,00,00,00,00,
400000,00000054,false,Rx,0,8,01,05,0B,01,D2,02,00,00,
400000,00000055,false,Rx,0,8,10,27,00,00,00,00,00,00,
401000,00000056,false,Rx,0,8,10,27,00,00,00,00,00,00,
401000,00000057,false,Rx,0,8,00,00,FE,FF,FE,FF,00,00,
428000,00000625,false,Rx,0,8,25,00,59,86,01,54,5C,06,
491000,0000060D,false,Rx,0,8,0D,10,83,B6,09,20,70,00,
528000,00000625,false,Rx,0,8,25,00,59,86,01,54,5C,06,
591000,0000060D,false,Rx,0,8,0D,10,83,B6,09,20,70,00,
0,00000054,false,Rx,0,8,01,05,0B,01,D2,02,00,00,
0,00000055,false,Rx,0,8,10,27,00,00,00,00,00,00,
0,00000056,false,Rx,0,8,10,27,00,00,00,00,00,00,
0,00000057,false,Rx,0,8,00,00,FE,FF,FE,FF,00,00,
0,000002C4,false,Rx,0,8,09,00,00,00,D2,02,00,00,
0,000002C5,false,Rx,0,8,00,00,00,00,00,00,00,00,
620000,000002C6,false,Rx,0,8,32,00,7C,01,00,00,00,00,
628000,00000625,false,Rx,0,8,25,00,59,86,01,54,5C,06,
691000,0000060D,false,Rx,0,8,0D,10,83,B6,09,20,70,00,
728000,00000625,false,Rx,0,8,25,00,59,86,01,54,5C,06,
790000,0000060D,false,Rx,0,8,0D,10,83,B6,09,20,70,00,
800000,00000054,false,Rx,0,8,01,05,0B,01,D2,02,00,00,
801000,00000055,false,Rx,0,8,10,27,00,00,00,00,00,00,
801000,00000056,false,Rx,0,8,10,27,00,00,00,00,00,00,
801000,00000057,false,Rx,0,8,00,00,FE,FF,FE,FF,00,00,
828000,00000625,false,Rx,0,8,25,00,59,86,01,54,5C,06,
840000,000002C4,false,Rx,0,8,09,00,00,00,D2,02,00,00,
840000,000002C5,false,Rx,0,8,00,00,00,00,00,00,00,00,
840000,000002C6,false,Rx,0,8,32,00,7C,01,00,00,00,00,
891000,0000060D,false,Rx,0,8,0D,10,83,B6,09,20,70,00,
927000,00000625,false,Rx,0,8,25,00,59,86,01,54,5C,06,
990000,0000060D,false,Rx,0,8,0D,10,83,B6,09,20,70,00,
0,00000054,false,Rx,0,8,01,05,0B,01,D2,02,00,00,
0,00000055,false,Rx,0,8,10,27,00,00,00,00,00,00,
1000,00000056,false,Rx,0,8,10,27,00,00,00,00,00,00,
1000,00000057,false,Rx,0,8,00,00,FE,FF,FE,FF,00,00,
29000,00000625,false,Rx,0,8,25,00,59,86,01,54,5C,06,
0,000002C4,false,Rx,0,8,09,00,00,00,D2,02,00,00,
0,000002C5,false,Rx,0,8,00,00,00,00,00,00,00,00,
60000,000002C6,false,Rx,0,8,32,00,7C,01,00,00,00,00,
91000,0000060D,false,Rx,0,8,0D,10,83,B6,09,20,70,00,
128000,00000625,false,Rx,0,8,25,00,59,86,01,54,5C,06,
191000,0000060D,false,Rx,0,8,0D,10,83,B6,09,20,70,00,
0,00000054,false,Rx,0,8,01,05,0B,01,D2,02,00,00,
0,00000055,false,Rx,0,8,10,27,00,00,00,00,00,00,
0,00000056,false,Rx,0,8,10,27,00,00,00,00,00,00,
0,00000057,false,Rx,0,8,00,00,FE,FF,FE,FF,00,00,
227000,00000625,false,Rx,0,8,25,00,59,86,01,54,5C,06,
0,000002C4,false,Rx,0,8,09,00,00,00,D2,02,00,00,
0,000002C5,false,Rx,0,8,00,00,00,00,00,00,00,00,
0,000002C6,false,Rx,0,8,32,00,7C,01,00,00,00,00,
290000,0000060D,false,Rx,0,8,0D,10,83,B6,09,20,70,00,
328000,00000625,false,Rx,0,8,25,00,59,86,01,54,5C,06,
391000,0000060D,false,Rx,0,8,0D,10,83,B6,09,20,70,00,
400000,00000054,false,Rx,0,8,01,05,0B,01,D2,02,00,00,
401000,00000055,false,Rx,0,8,10,27,00,00,00,00,00,00,
401000,00000056,false,Rx,0,8,10,27,00,00,00,00,00,00,
401000,00000057,false,Rx,0,8,00,00,FE,FF,FE,FF,00,00,
428000,00000625,false,Rx,0,8,25,00,59,86,01,54,5C,06,
491000,0000060D,false,Rx,0,8,0D,10,83,B6,09,20,70,00,
500000,000002C4,false,Rx,0,8,09,00,00,00,D2,02,00,00,
500000,000002C5,false,Rx,0,8,00,00,00,00,00,00,00,00,
501000,000002C6,false,Rx,0,8,32,00,7C,01,00,00,00,00,
528000,00000625,false,Rx,0,8,25,00,59,86,01,54,5C,06,
591000,0000060D,false,Rx,0,8,0D,10,83,B6,09,20,70,00,
600000,00000054,false,Rx,0,8,01,05,0B,01,D2,02,00,00,
601000,00000055,false,Rx,0,8,10,27,00,00,00,00,00,00,
601000,00000056,false,Rx,0,8,10,27,00,00,00,00,00,00,
601000,00000057,false,Rx,0,8,00,00,FE,FF,FE,FF,00,00,
629000,00000625,false,Rx,0,8,25,00,59,86,01,54,5C,06,
691000,0000060D,false,Rx,0,8,0D,10,83,B6,09,20,70,00,
719000,000002C4,false,Rx,0,8,09,00,00,00,D2,02,00,00,
0,000002C5,false,Rx,0,8,00,00,00,00,00,00,00,00,
0,000002C6,false,Rx,0,8,32,00,7C,01,00,00,00,00,
728000,00000625,false,Rx,0,8,25,00,59,86,01,54,5C,06,
790000,0000060D,false,Rx,0,8,0D,10,83,B6,09,20,70,00,
0,00000054,false,Rx,0,8,01,05,0B,01,D2,02,00,00,
0,00000055,false,Rx,0,8,10,27,00,00,00,00,00,00,
0,00000056,false,Rx,0,8,10,27,00,00,00,00,00,00,
801000,00000057,false,Rx,0,8,00,00,FE,FF,FE,FF,00,00,
828000,00000625,false,Rx,0,8,25,00,59,86,01,54,5C,06,
891000,0000060D,false,Rx,0,8,0D,10,83,B6,09,20,70,00,
928000,00000625,false,Rx,0,8,25,00,59,86,01,54,5C,06,
939000,000002C4,false,Rx,0,8,09,00,00,00,D2,02,00,00,
940000,000002C5,false,Rx,0,8,00,00,00,00,00,00,00,00,
940000,000002C6,false,Rx,0,8,32,00,7C,01,00,00,00,00,
990000,0000060D,false,Rx,0,8,0D,10,83,B6,09,20,70,00,
0,00000054,false,Rx,0,8,01,05,0B,01,D2,02,00,00,
0,00000055,false,Rx,0,8,10,27,00,00,00,00,00,00,
1000,00000056,false,Rx,0,8,10,27,00,00,00,00,00,00,
2000,00000057,false,Rx,0,8,00,00,FE,FF,FE,FF,00,00,
29000,00000625,false,Rx,0,8,25,00,59,86,01,54,5C,06,
91000,0000060D,false,Rx,0,8,0D,10,83,B6,09,20,70,00,
128000,00000625,false,Rx,0,8,25,00,59,86,01,54,5C,06,
159000,000002C4,false,Rx,0,8,09,00,00,00,D2,02,00,00,
160000,000002C5,false,Rx,0,8,00,00,00,00,00,00,00,00,
160000,000002C6,false,Rx,0,8,32,00,7C,01,00,00,00,00,
190000,0000060D,false,Rx,0,8,0D,10,83,B6,09,20,70,00,
0,00000054,false,Rx,0,8,01,05,0B,01,D2,02,00,00,
0,00000055,false,Rx,0,8,10,27,00,00,00,00,00,00,
201000,00000056,false,Rx,0,8,10,27,00,00,00,00,00,00,
202000,00000057,false,Rx,0,8,00,00,FE,FF,FE,FF,00,00,
228000,00000625,false,Rx,0,8,25,00,59,86,01,54,5C,06,
290000,0000060D,false,Rx,0,8,0D,10,83,B6,09,20,70,00,
329000,00000625,false,Rx,0,8,25,00,59,86,01,54,5C,06,
380000,000002C4,false,Rx,0,8,09,00,00,00,D2,02,00,00,
380000,000002C5,false,Rx,0,8,00,00,00,00,00,00,00,00,
380000,000002C6,false,Rx,0,8,32,00,7C,01,00,00,00,00,
391000,0000060D,false,Rx,0,8,0D,10,83,B6,09,20,70,00,
400000,00000054,false,Rx,0,8,01,05,0B,01,D2,02,00,00,
401000,00000055,false,Rx,0,8,10,27,00,00,00,00,00,00,
401000,00000056,false,Rx,0,8,10,27,00,00,00,00,00,00,
401000,00000057,false,Rx,0,8,00,00,FE,FF,FE,FF,00,00,
428000,00000625,false,Rx,0,8,25,00,59,86,01,54,5C,06,
491000,0000060D,false,Rx,0,8,0D,10,83,B6,09,20,70,00,
529000,00000625,false,Rx,0,8,25,00,59,86,01,54,5C,06,
592000,0000060D,false,Rx,0,8,0D,10,83,B6,09,20,70,00,
600000,000002C4,false,Rx,0,8,09,00,00,00,D2,02,00,00,
600000,000002C5,false,Rx,0,8,00,00,00,00,00,00,00,00,
600000,000002C6,false,Rx,0,8,32,00,7C,01,00,00,00,00,
601000,00000054,false,Rx,0,8,01,05,0B,01,D2,02,00,00,
601000,00000055,false,Rx,0,8,10,27,00,00,00,00,00,00,
601000,00000056,false,Rx,0,8,10,27,00,00,00,00,00,00,
602000,00000057,false,Rx,0,8,00,00,FE,FF,FE,FF,00,00,
628000,00000625,false,Rx,0,8,25,00,59,86,01,54,5C,06,
690000,0000060D,false,Rx,0,8,0D,10,83,B6,09,20,70,00,
729000,00000625,false,Rx,0,8,25,00,59,86,01,54,5C,06,
790000,0000060D,false,Rx,0,8,0D,10,83,B6,09,20,70,00,
800000,00000054,false,Rx,0,8,01,05,0B,01,D2,02,00,00,
800000,00000055,false,Rx,0,8,10,27,00,00,00,00,00,00,
801000,00000056,false,Rx,0,8,10,27,00,00,00,00,00,00,
801000,00000057,false,Rx,0,8,00,00,FE,FF,FE,FF,00,00,
820000,000002C4,false,Rx,0,8,09,00,00,00,D2,02,00,00,
820000,000002C5,false,Rx,0,8,00,00,00,00,00,00,00,00,
820000,000002C6,false,Rx,0,8,32,00,7C,01,00,00,00,00,
829000,00000625,false,Rx,0,8,25,00,59,86,01,54,5C,06,
891000,0000060D,false,Rx,0,8,0D,10,83,B6,09,20,70,00,
929000,00000625,false,Rx,0,8,25,00,59,86,01,54,5C,06,
991000,0000060D,false,Rx,0,8,0D,10,83,B6,09,20,70,00,
0,00000054,false,Rx,0,8,01,05,0B,01,D2,02,00,00,
0,00000055,false,Rx,0,8,10,27,00,00,00,00,00,00,
1000,00000056,false,Rx,0,8,10,27,00,00,00,00,00,00,
1000,00000057,false,Rx,0,8,00,00,FE,FF,FE,FF,00,00,
27000,00000625,false,Rx,0,8,25,00,59,86,01,54,5C,06,
39000,000002C4,false,Rx,0,8,09,00,00,00,D2,02,00,00,
39000,000002C5,false,Rx,0,8,00,00,00,00,00,00,00,00,
39000,000002C6,false,Rx,0,8,32,00,7C,01,00,00,00,00,
91000,0000060D,false,Rx,0,8,0D,10,83,B6,09,20,70,00,
129000,00000625,false,Rx,0,8,25,00,59,86,01,54,5C,06,
191000,0000060D,false,Rx,0,8,0D,10,83,B6,09,20,70,00,
201000,00000054,false,Rx,0,8,01,05,0B,01,D2,02,00,00,
201000,00000055,false,Rx,0,8,10,27,00,00,00,00,00,00,
201000,00000056,false,Rx,0,8,10,27,00,00,00,00,00,00,
201000,00000057,false,Rx,0,8,00,00,FE,FF,FE,FF,00,00,
229000,00000625,false,Rx,0,8,25,00,59,86,01,54,5C,06,
260000,000002C4,false,Rx,0,8,09,00,00,00,D2,02,00,00,
260000,000002C5,false,Rx,0,8,00,00,00,00,00,00,00,00,
260000,000002C6,false,Rx,0,8,32,00,7C,01,00,00,00,00,
290000,0000060D,false,Rx,0,8,0D,10,83,B6,09,20,70,00,
329000,00000625,false,Rx,0,8,25,00,59,86,01,54,5C,06,
391000,0000060D,false,Rx,0,8,0D,10,83,B6,09,20,70,00,
400000,00000054,false,Rx,0,8,01,05,0B,01,D2,02,00,00,
401000,00000055,false,Rx,0,8,10,27,00,00,00,00,00,00,
401000,00000056,false,Rx,0,8,10,27,00,00,00,00,00,00,
401000,00000057,false,Rx,0,8,00,00,FE,FF,FE,FF,00,00,
428000,00000625,false,Rx,0,8,25,00,59,86,01,54,5C,06,
479000,000002C4,false,Rx,0,8,09,00,00,00,D2,02,00,00,
479000,000002C5,false,Rx,0,8,00,00,00,00,00,00,00,00,
479000,000002C6,false,Rx,0,8,32,00,7C,01,00,00,00,00,
490000,0000060D,false,Rx,0,8,0D,10,83,B6,09,20,70,00,
529000,00000625,false,Rx,0,8,25,00,59,86,01,54,5C,06,
590000,0000060D,false,Rx,0,8,0D,10,83,B6,09,20,70,00,
0,00000054,false,Rx,0,8,01,05,0B,01,D2,02,00,00,
0,00000055,false,Rx,0,8,10,27,00,00,00,00,00,00,
0,00000056,false,Rx,0,8,10,27,00,00,00,00,00,00,
0,00000057,false,Rx,0,8,00,00,FE,FF,FE,FF,00,00,
628000,00000625,false,Rx,0,8,25,00,59,86,01,54,5C,06,
690000,0000060D,false,Rx,0,8,0D,10,83,B6,09,20,70,00,
700000,000002C4,false,Rx,0,8,09,00,00,00,D2,02,00,00,
700000,000002C5,false,Rx,0,8,00,00,00,00,00,00,00,00,
700000,000002C6,false,Rx,0,8,32,00,7C,01,00,00,00,00,
727000,00000625,false,Rx,0,8,25,00,59,86,01,54,5C,06,
791000,0000060D,false,Rx,0,8,0D,10,83,B6,09,20,70,00,
0,00000054,false,Rx,0,8,01,05,0B,01,D2,02,00,00,
0,00000055,false,Rx,0,8,10,27,00,00,00,00,00,00,
800000,00000056,false,Rx,0,8,10,27,00,00,00,00,00,00,
801000,00000057,false,Rx,0,8,00,00,FE,FF,FE,FF,00,00,
829000,00000625,false,Rx,0,8,25,00,59,86,01,54,5C,06,
891000,0000060D,false,Rx,0,8,0D,10,83,B6,09,20,70,00,
920000,000002C4,false,Rx,0,8,09,00,00,00,D2,02,00,00,
920000,000002C5,false,Rx,0,8,00,00,00,00,00,00,00,00,
920000,000002C6,false,Rx,0,8,32,00,7C,01,00,00,00,00,
928000,00000625,false,Rx,0,8,25,00,59,86,01,54,5C,06,
991000,0000060D,false,Rx,0,8,0D,10,83,B6,09,20,70,00,
0,00000054,false,Rx,0,8,01,05,0B,01,D2,02,00,00,
1000,00000055,false,Rx,0,8,10,27,00,00,00,00,00,00,
1000,00000056,false,Rx,0,8,10,27,00,00,00,00,00,00,
1000,00000057,false,Rx,0,8,00,00,FE,FF,FE,FF,00,00,
28000,00000625,false,Rx,0,8,25,00,59,86,01,54,5C,06,
91000,0000060D,false,Rx,0,8,0D,10,83,B6,09,20,70,00,
128000,00000625,false,Rx,0,8,25,00,59,86,01,54,5C,06,
139000,000002C4,false,Rx,0,8,09,00,00,00,D2,02,00,00,
140000,000002C5,false,Rx,0,8,00,00,00,00,00,00,00,00,
140000,000002C6,false,Rx,0,8,32,00,7C,01,00,00,00,00,
190000,0000060D,false,Rx,0,8,0D,10,83,B6,09,20,70,00,
200000,00000054,false,Rx,0,8,01,05,0B,01,D2,02,00,00,
200000,00000055,false,Rx,0,8,10,27,00,00,00,00,00,00,
0,00000056,false,Rx,0,8,10,27,00,00,00,00,00,00,
0,00000057,false,Rx,0,8,00,00,FE,FF,FE,FF,00,00,
229000,00000625,false,Rx,0,8,25,00,59,86,01,54,5C,06,
291000,0000060D,false,Rx,0,8,0D,10,83,B6,09,20,70,00,
329000,00000625,false,Rx,0,8,25,00,59,86,01,54,5C,06,
360000,000002C4,false,Rx,0,8,09,00,00,00,D2,02,00,00,
360000,000002C5,false,Rx,0,8,00,00,00,00,00,00,00,00,
360000,000002C6,false,Rx,0,8,32,00,7C,01,00,00,00,00,
391000,0000060D,false,Rx,0,8,0D,10,83,B6,09,20,70,00,
0,00000054,false,Rx,0,8,01,05,0B,01,D2,02,00,00,
0,00000055,false,Rx,0,8,10,27,00,00,00,00,00,00,
401000,00000056,false,Rx,0,8,10,27,00,00,00,00,00,00,
401000,00000057,false,Rx,0,8,00,00,FE,FF,FE,FF,00,00,
429000,00000625,false,Rx,0,8,25,00,59,86,01,54,5C,06,
490000,0000060D,false,Rx,0,8,0D,10,83,B6,09,20,70,00,
528000,00000625,false,Rx,0,8,25,00,59,86,01,54,5C,06,
580000,000002C4,false,Rx,0,8,09,00,00,00,D2,02,00,00,
580000,000002C5,false,Rx,0,8,00,00,00,00,00,00,00,00,
580000,000002C6,false,Rx,0,8,32,00,7C,01,00,00,00,00,
590000,0000060D,false,Rx,0,8,0D,10,83,B6,09,20,70,00,
600000,00000054,false,Rx,0,8,01,05,0B,01,D2,02,00,00,
601000,00000055,false,Rx,0,8,10,27,00,00,00,00,00,00,
601000,00000056,false,Rx,0,8,10,27,00,00,00,00,00,00,
601000,00000057,false,Rx,0,8,00,00,FE,FF,FE,FF,00,00,
628000,00000625,false,Rx,0,8,25,00,59,86,01,54,5C,06,
690000,0000060D,false,Rx,0,8,0D,10,83,B6,09,20,70,00,
728000,00000625,false,Rx,0,8,25,00,59,86,01,54,5C,06,
791000,0000060D,false,Rx,0,8,0D,10,83,B6,09,20,70,00,
799000,000002C4,false,Rx,0,8,09,00,00,00,D2,02,00,00,
799000,000002C5,false,Rx,0,8,00,00,00,00,00,00,00,00,
799000,000002C6,false,Rx,0,8,32,00,7C,01,00,00,00,00,
800000,00000054,false,Rx,0,8,01,05,0B,01,D2,02,00,00,
800000,00000055,false,Rx,0,8,10,27,00,00,00,00,00,00,
800000,00000056,false,Rx,0,8,10,27,00,00,00,00,00,00,
801000,00000057,false,Rx,0,8,00,00,FE,FF,FE,FF,00,00,
829000,00000625,false,Rx,0,8,25,00,59,86,01,54,5C,06,
891000,0000060D,false,Rx,0,8,0D,10,83,B6,09,20,70,00,
929000,00000625,false,Rx,0,8,25,00,59,86,01,54,5C,06,
991000,0000060D,false,Rx,0,8,0D,10,83,B6,09,20,70,00,
0,00000054,false,Rx,0,8,01,05,0B,01,D2,02,00,00,
1000,00000055,false,Rx,0,8,10,27,00,00,00,00,00,00,
1000,00000056,false,Rx,0,8,10,27,00,00,00,00,00,00,
1000,00000057,false,Rx,0,8,00,00,FE,FF,FE,FF,00,00,
20000,000002C4,false,Rx,0,8,09,00,00,00,D2,02,00,00,
20000,000002C5,false,Rx,0,8,00,00,00,00,00,00,00,00,
20000,000002C6,false,Rx,0,8,32,00,7C,01,00,00,00,00,
28000,00000625,false,Rx,0,8,25,00,59,86,01,54,5C,06,
90000,0000060D,false,Rx,0,8,0D,10,83,B6,09,20,70,00,
128000,00000625,false,Rx,0,8,25,00,59,86,01,54,5C,06,
191000,0000060D,false,Rx,0,8,0D,10,83,B6,09,20,70,00,
200000,00000054,false,Rx,0,8,01,05,0B,01,D2,02,00,00,
201000,00000055,false,Rx,0,8,10,27,00,00,00,00,00,00,
201000,00000056,false,Rx,0,8,10,27,00,00,00,00,00,00,
201000,00000057,false,Rx,0,8,00,00,FE,FF,FE,FF,00,00,
228000,00000625,false,Rx,0,8,25,00,59,86,01,54,5C,06,
240000,000002C4,false,Rx,0,8,09,00,00,00,D2,02,00,00,
240000,000002C5,false,Rx,0,8,00,00,00,00,00,00,00,00,
240000,000002C6,false,Rx,0,8,32,00,7C,01,00,00,00,00,
290000,0000060D,false,Rx,0,8,0D,10,83,B6,09,20,70,00,
328000,00000625,false,Rx,0,8,25,00,59,86,01,54,5C,06,
391000,0000060D,false,Rx,0,8,0D,10,83,B6,09,20,70,00,
400000,00000054,false,Rx,0,8,01,05,0B,01,D2,02,00,00,
401000,00000055,false,Rx,0,8,10,27,00,00,00,00,00,00,
401000,00000056,false,Rx,0,8,10,27,00,00,00,00,00,00,
401000,00000057,false,Rx,0,8,00,00,FE,FF,FE,FF,00,00,
428000,00000625,false,Rx,0,8,25,00,59,86,01,54,5C,06,
459000,000002C4,false,Rx,0,8,09,00,00,00,D2,02,00,00,
460000,000002C5,false,Rx,0,8,00,00,00,00,00,00,00,00,
460000,000002C6,false,Rx,0,8,32,00,7C,01,00,00,00,00,
491000,0000060D,false,Rx,0,8,0D,10,83,B6,09,20,70,00,
527000,00000625,false,Rx,0,8,25,00,59,86,01,54,5C,06,
591000,0000060D,false,Rx,0,8,0D,10,83,B6,09,20,70,00,
600000,00000054,false,Rx,0,8,01,05,0B,01,D2,02,00,00,
601000,00000055,false,Rx,0,8,10,27,00,00,00,00,00,00,
601000,00000056,false,Rx,0,8,10,27,00,00,00,00,00,00,
601000,00000057,false,Rx,0,8,00,00,FE,FF,FE,FF,00,00,
627000,00000625,false,Rx,0,8,25,00,59,86,01,54,5C,06,
680000,000002C4,false,Rx,0,8,09,00,00,00,D2,02,00,00,
680000,000002C5,false,Rx,0,8,00,00,00,00,00,00,00,00,
680000,000002C6,false,Rx,0,8,32,00,7C,01,00,00,00,00,
690000,0000060D,false,Rx,0,8,0D,10,83,B6,09,20,70,00,
728000,00000625,false,Rx,0,8,25,00,59,86,01,54,5C,06,
791000,0000060D,false,Rx,0,8,0D,10,83,B6,09,20,70,00,
800000,00000054,false,Rx,0,8,01,05,0B,01,D2,02,00,00,
800000,00000055,false,Rx,0,8,10,27,00,00,00,00,00,00,
800000,00000056,false,Rx,0,8,10,27,00,00,00,00,00,00,
801000,00000057,false,Rx,0,8,00,00,FE,FF,FE,FF,00,00,
829000,00000625,false,Rx,0,8,25,00,59,86,01,54,5C,06,
891000,0000060D,false,Rx,0,8,0D,10,83,B6,09,20,70,00,
900000,000002C4,false,Rx,0,8,09,00,00,00,D2,02,00,00,
900000,000002C5,false,Rx,0,8,00,00,00,00,00,00,00,00,
900000,000002C6,false,Rx,0,8,32,00,7C,01,00,00,00,00,
929000,00000625,false,Rx,0,8,25,00,59,86,01,54,5C,06,
991000,0000060D,false,Rx,0,8,0D,10,83,B6,09,20,70,00,
0,00000054,false,Rx,0,8,01,05,0B,01,D2,02,00,00,
1000,00000055,false,Rx,0,8,10,27,00,00,00,00,00,00,
1000,00000056,false,Rx,0,8,10,27,00,00,00,00,00,00,
1000,00000057,false,Rx,0,8,00,00,FE,FF,FE,FF,00,00,
28000,00000625,false,Rx,0,8,25,00,59,86,01,54,5C,06,
91000,0000060D,false,Rx,0,8,0D,10,83,B6,09,20,70,00,
0,000002C4,false,Rx,0,8,09,00,00,00,D2,02,00,00,
0,000002C5,false,Rx,0,8,00,00,00,00,00,00,00,00,
119000,000002C6,false,Rx,0,8,32,00,7C,01,00,00,00,00,
128000,00000625,false,Rx,0,8,25,00,59,86,01,54,5C,06,
190000,0000060D,false,Rx,0,8,0D,10,83,B6,09,20,70,00,
201000,00000054,false,Rx,0,8,01,05,0B,01,D2,02,00,00,
201000,00000055,false,Rx,0,8,10,27,00,00,00,00,00,00,
201000,00000056,false,Rx,0,8,10,27,00,00,00,00,00,00,
201000,00000057,false,Rx,0,8,00,00,FE,FF,FE,FF,00,00,
228000,00000625,false,Rx,0,8,25,00,59,86,01,54,5C,06,
291000,0000060D,false,Rx,0,8,0D,10,83,B6,09,20,70,00,
329000,00000625,false,Rx,0,8,25,00,59,86,01,54,5C,06,
340000,000002C4,false,Rx,0,8,09,00,00,00,D2,02,00,00,
340000,000002C5,false,Rx,0,8,00,00,00,00,00,00,00,00,
340000,000002C6,false,Rx,0,8,32,00,7C,01,00,00,00,00,
391000,0000060D,false,Rx,0,8,0D,10,83,B6,09,20,70,00,
401000,00000054,false,Rx,0,8,01,05,0B,01,D2,02,00,00,
401000,00000055,false,Rx,0,8,10,27,00,00,00,00,00,00,
401000,00000056,false,Rx,0,8,10,27,00,00,00,00,00,00,
402000,00000057,false,Rx,0,8,00,00,FE,FF,FE,FF,00,00,
429000,00000625,false,Rx,0,8,25,00,59,86,01,54,5C,06,
491000,0000060D,false,Rx,0,8,0D,10,83,B6,09,20,70,00,
528000,00000625,false,Rx,0,8,25,00,59,86,01,54,5C,06,
559000,000002C4,false,Rx,0,8,09,00,00,00,D2,02,00,00,
559000,000002C5,false,Rx,0,8,00,00,00,00,00,00,00,00,
560000,000002C6,false,Rx,0,8,32,00,7C,01,00,00,00,00,
591000,0000060D,false,Rx,0,8,0D,10,83,B6,09,20,70,00,
600000,00000054,false,Rx,0,8,01,05,0B,01,D2,02,00,00,
600000,00000055,false,Rx,0,8,10,27,00,00,00,00,00,00,
600000,00000056,false,Rx,0,8,10,27,00,00,00,00,00,00,
601000,00000057,false,Rx,0,8,00,00,FE,FF,FE,FF,00,00,
629000,00000625,false,Rx,0,8,25,00,59,86,01,54,5C,06,
690000,0000060D,false,Rx,0,8,0D,10,83,B6,09,20,70,00,
728000,00000625,false,Rx,0,8,25,00,59,86,01,54,5C,06,
779000,000002C4,false,Rx,0,8,09,00,00,00,D2,02,00,00,
779000,000002C5,false,Rx,0,8,00,00,00,00,00,00,00,00,
780000,000002C6,false,Rx,0,8,32,00,7C,01,00,00,00,00,
791000,0000060D,false,Rx,0,8,0D,10,83,B6,09,20,70,00,
0,00000054,false,Rx,0,8,01,05,0B,01,D2,02,00,00,
0,00000055,false,Rx,0,8,10,27,00,00,00,00,00,00,
0,00000056,false,Rx,0,8,10,27,00,00,00,00,00,00,
0,00000057,false,Rx,0,8,00,00,FE,FF,FE,FF,00,00,
829000,00000625,false,Rx,0,8,25,00,59,86,01,54,5C,06,
891000,0000060D,false,Rx,0,8,0D,10,83,B6,09,20,70,00,
928000,00000625,false,Rx,0,8,25,00,59,86,01,54,5C,06,
992000,0000060D,false,Rx,0,8,0D,10,83,B6,09,20,70,00,
0,000002C4,false,Rx,0,8,09,00,00,00,D2,02,00,00,
0,000002C5,false,Rx,0,8,00,00,00,00,00,00,00,00,
0,000002C6,false,Rx,0,8,32,00,7C,01,00,00,00,00,
1000,00000054,false,Rx,0,8,01,05,0B,01,D2,02,00,00,
0,00000055,false,Rx,0,8,10,27,00,00,00,00,00,00,
0,00000056,false,Rx,0,8,10,27,00,00,00,00,00,00,
0,00000057,false,Rx,0,8,00,00,FE,FF,FE,FF,00,00,
29000,00000625,false,Rx,0,8,25,00,59,86,01,54,5C,06,
91000,0000060D,false,Rx,0,8,0D,10,83,B6,09,20,70,00,
129000,00000625,false,Rx,0,8,25,00,59,86,01,54,5C,06,
191000,0000060D,false,Rx,0,8,0D,10,83,B6,09,20,70,00,
200000,00000054,false,Rx,0,8,01,05,0B,01,D2,02,00,00,
201000,00000055,false,Rx,0,8,10,27,00,00,00,00,00,00,
201000,00000056,false,Rx,0,8,10,27,00,00,00,00,00,00,
201000,00000057,false,Rx,0,8,00,00,FE,FF,FE,FF,00,00,
220000,000002C4,false,Rx,0,8,09,00,00,00,D2,02,00,00,
220000,000002C5,false,Rx,0,8,00,00,00,00,00,00,00,00,
220000,000002C6,false,Rx,0,8,32,00,7C,01,00,00,00,00,
229000,00000625,false,Rx,0,8,25,00,59,86,01,54,5C,06,
291000,0000060D,false,Rx,0,8,0D,10,83,B6,09,20,70,00,
329000,00000625,false,Rx,0,8,25,00,59,86,01,54,5C,06,
391000,0000060D,false,Rx,0,8,0D,10,83,B6,09,20,70,00,
401000,00000054,false,Rx,0,8,01,05,0B,01,D2,02,00,00,
401000,00000055,false,Rx,0,8,10,27,00,00,00,00,00,00,
401000,00000056,false,Rx,0,8,10,27,00,00,00,00,00,00,
401000,00000057,false,Rx,0,8,00,00,FE,FF,FE,FF,00,00,
429000,00000625,false,Rx,0,8,25,00,59,86,01,54,5C,06,
0,000002C4,false,Rx,0,8,09,00,00,00,D2,02,00,00,
0,000002C5,false,Rx,0,8,00,00,00,00,00,00,00,00,
440000,000002C6,false,Rx,0,8,32,00,7C,01,00,00,00,00,
491000,0000060D,false,Rx,0,8,0D,10,83,B6,09,20,70,00,
528000,00000625,false,Rx,0,8,25,00,59,86,01,54,5C,06,
591000,0000060D,false,Rx,0,8,0D,10,83,B6,09,20,70,00,
601000,00000054,false,Rx,0,8,01,05,0B,01,D2,02,00,00,
601000,00000055,false,Rx,0,8,10,27,00,00,00,00,00,00,
601000,00000056,false,Rx,0,8,10,27,00,00,00,00,00,00,
602000,00000057,false,Rx,0,8,00,00,FE,FF,FE,FF,00,00,
628000,00000625,false,Rx,0,8,25,00,59,86,01,54,5C,06,
0,000002C4,false,Rx,0,8,09,00,00,00,D2,02,00,00,
0,000002C5,false,Rx,0,8,00,00,00,00,00,00,00,00,
660000,000002C6,false,Rx,0,8,32,00,7C,01,00,00,00,00,
691000,0000060D,false,Rx,0,8,0D,10,83,B6,09,20,70,00,
728000,00000625,false,Rx,0,8,25,00,59,86,01,54,5C,06,
790000,0000060D,false,Rx,0,8,0D,10,83,B6,09,20,70,00,
800000,00000054,false,Rx,0,8,01,05,0B,01,D2,02,00,00,
800000,00000055,false,Rx,0,8,10,27,00,00,00,00,00,00,
800000,00000056,false,Rx,0,8,10,27,00,00,00,00,00,00,
801000,00000057,false,Rx,0,8,00,00,FE,FF,FE,FF,00,00,
829000,00000625,false,Rx,0,8,25,00,59,86,01,54,5C,06,
880000,000002C4,false,Rx,0,8,09,00,00,00,D2,02,00,00,
880000,000002C5,false,Rx,0,8,00,00,00,00,00,00,00,00,
880000,000002C6,false,Rx,0,8,32,00,7C,01,00,00,00,00,
891000,0000060D,false,Rx,0,8,0D,10,83,B6,09,20,70,00,
927000,00000625,false,Rx,0,8,25,00,59,86,01,54,5C,06,
990000,0000060D,false,Rx,0,8,0D,10,83,B6,09,20,70,00,
0,00000054,false,Rx,0,8,01,05,0B,01,D2,02,00,00,
0,00000055,false,Rx,0,8,10,27,00,00,00,00,00,00,
0,00000056,false,Rx,0,8,10,27,00,00,00,00,00,00,
0,00000057,false,Rx,0,8,00,00,FE,FF,FE,FF,00,00,
28000,00000625,false,Rx,0,8,25,00,59,86,01,54,5C,06,
90000,0000060D,false,Rx,0,8,0D,10,83,B6,09,20,70,00,
100000,000002C4,false,Rx,0,8,09,00,00,00,D2,02,00,00,
100000,000002C5,false,Rx,0,8,00,00,00,00,00,00,00,00,
100000,000002C6,false,Rx,0,8,32,00,7C,01,00,00,00,00,
129000,00000625,false,Rx,0,8,25,00,59,86,01,54,5C,06,
190000,0000060D,false,Rx,0,8,0D,10,83,B6,09,20,70,00,
200000,00000054,false,Rx,0,8,01,05,0B,01,D2,02,00,00,
201000,00000055,false,Rx,0,8,10,27,00,00,00,00,00,00,
201000,00000056,false,Rx,0,8,10,27,00,00,00,00,00,00,
201000,00000057,false,Rx,0,8,00,00,FE,FF,FE,FF,00,00,
229000,00000625,false,Rx,0,8,25,00,59,86,01,54,5C,06,
291000,0000060D,false,Rx,0,8,0D,10,83,B6,09,20,70,00,
320000,000002C4,false,Rx,0,8,09,00,00,00,D2,02,00,00,
320000,000002C5,false,Rx,0,8,00,00,00,00,00,00,00,00,
321000,000002C6,false,Rx,0,8,32,00,7C,01,00,00,00,00,
329000,00000625,false,Rx,0,8,25,00,59,86,01,54,5C,06,
392000,0000060D,false,Rx,0,8,0D,10,83,B6,09,20,70,00,
400000,00000054,false,Rx,0,8,01,05,0B,01,D2,02,00,00,
401000,00000055,false,Rx,0,8,10,27,00,00,00,00,00,00,
401000,00000056,false,Rx,0,8,10,27,00,00,00,00,00,00,
401000,00000057,false,Rx,0,8,00,00,FE,FF,FE,FF,00,00,
428000,00000625,false,Rx,0,8,25,00,59,86,01,54,5C,06,
491000,0000060D,false,Rx,0,8,0D,10,83,B6,09,20,70,00,
529000,00000625,false,Rx,0,8,25,00,59,86,01,54,5C,06,
0,000002C4,false,Rx,0,8,09,00,00,00,D2,02,00,00,
0,000002C5,false,Rx,0,8,00,00,00,00,00,00,00,00,
540000,000002C6,false,Rx,0,8,32,00,7C,01,00,00,00,00,
590000,0000060D,false,Rx,0,8,0D,10,83,B6,09,20,70,00,
600000,00000054,false,Rx,0,8,01,05,0B,01,D2,02,00,00,
601000,00000055,false,Rx,0,8,10,27,00,00,00,00,00,00,
601000,00000056,false,Rx,0,8,10,27,00,00,00,00,00,00,
601000,00000057,false,Rx,0,8,00,00,FE,FF,FE,FF,00,00,
629000,00000625,false,Rx,0,8,25,00,59,86,01,54,5C,06,
690000,0000060D,false,Rx,0,8,0D,10,83,B6,09,20,70,00,
729000,00000625,false,Rx,0,8,25,00,59,86,01,54,5C,06,
760000,000002C4,false,Rx,0,8,09,00,00,00,D2,02,00,00,
760000,000002C5,false,Rx,0,8,00,00,00,00,00,00,00,00,
760000,000002C6,false,Rx,0,8,32,00,7C,01,00,00,00,00,
790000,0000060D,false,Rx,0,8,0D,10,83,B6,09,20,70,00,
800000,00000054,false,Rx,0,8,01,05,0B,01,D2,02,00,00,
800000,00000055,false,Rx,0,8,10,27,00,00,00,00,00,00,
800000,00000056,false,Rx,0,8,10,27,00,00,00,00,00,00,
801000,00000057,false,Rx,0,8,00,00,FE,FF,FE,FF,00,00,
828000,00000625,false,Rx,0,8,25,00,59,86,01,54,5C,06,
892000,0000060D,false,Rx,0,8,0D,10,83,B6,09,20,70,00,
929000,00000625,false,Rx,0,8,25,00,59,86,01,54,5C,06,
980000,000002C4,false,Rx,0,8,09,00,00,00,D2,02,00,00,
980000,000002C5,false,Rx,0,8,00,00,00,00,00,00,00,00,
980000,000002C6,false,Rx,0,8,32,00,7C,01,00,00,00,00,
991000,0000060D,false,Rx,0,8,0D,10,83,B6,09,20,70,00,
0,00000054,false,Rx,0,8,01,05,0B,01,D2,02,00,00,
0,00000055,false,Rx,0,8,10,27,00,00,00,00,00,00,
0,00000056,false,Rx,0,8,10,27,00,00,00,00,00,00,
0,00000057,false,Rx,0,8,00,00,FE,FF,FE,FF,00,00,
29000,00000625,false,Rx,0,8,25,00,59,86,01,54,5C,06,
90000,0000060D,false,Rx,0,8,0D,10,83,B6,09,20,70,00,
127000,00000625,false,Rx,0,8,25,00,59,86,01,54,5C,06,
190000,0000060D,false,Rx,0,8,0D,10,83,B6,09,20,70,00,
199000,000002C4,false,Rx,0,8,09,00,00,00,D2,02,00,00,
200000,000002C5,false,Rx,0,8,00,00,00,00,00,00,00,00,
200000,000002C6,false,Rx,0,8,32,00,7C,01,00,00,00,00,
200000,00000054,false,Rx,0,8,01,05,0B,01,D2,02,00,00,
200000,00000055,false,Rx,0,8,10,27,00,00,00,00,00,00,
201000,00000056,false,Rx,0,8,10,27,00,00,00,00,00,00,
201000,00000057,false,Rx,0,8,00,00,FE,FF,FE,FF,00,00,
229000,00000625,false,Rx,0,8,25,00,59,86,01,54,5C,06,
291000,0000060D,false,Rx,0,8,0D,10,83,B6,09,20,70,00,
329000,00000625,false,Rx,0,8,25,00,59,86,01,54,5C,06,
391000,0000060D,false,Rx,0,8,0D,10,83,B6,09,20,70,00,
0,00000054,false,Rx,0,8,01,05,0B,01,D2,02,00,00,
0,00000055,false,Rx,0,8,10,27,00,00,00,00,00,00,
401000,00000056,false,Rx,0,8,10,27,00,00,00,00,00,00,
401000,00000057,false,Rx,0,8,00,00,FE,FF,FE,FF,00,00,
0,000002C4,false,Rx,0,8,09,00,00,00,D2,02,00,00,
0,000002C5,false,Rx,0,8,00,00,00,00,00,00,00,00,
420000,000002C6,false,Rx,0,8,32,00,7C,01,00,00,00,00,
428000,00000625,false,Rx,0,8,25,00,59,86,01,54,5C,06,
491000,0000060D,false,Rx,0,8,0D,10,83,B6,09,20,70,00,
529000,00000625,false,Rx,0,8,25,00,59,86,01,54,5C,06,
590000,0000060D,false,Rx,0,8,0D,10,83,B6,09,20,70,00,
600000,00000054,false,Rx,0,8,01,05,0B,01,D2,02,00,00,
600000,00000055,false,Rx,0,8,10,27,00,00,00,00,00,00,
600000,00000056,false,Rx,0,8,10,27,00,00,00,00,00,00,
601000,00000057,false,Rx,0,8,00,00,FE,FF,FE,FF,00,00,
628000,00000625,false,Rx,0,8,25,00,59,86,01,54,5C,06,
640000,000002C4,false,Rx,0,8,09,00,00,00,D2,02,00,00,
640000,000002C5,false,Rx,0,8,00,00,00,00,00,00,00,00,
641000,000002C6,false,Rx,0,8,32,00,7C,01,00,00,00,00,
691000,0000060D,false,Rx,0,8,0D,10,83,B6,09,20,70,00,
729000,00000625,false,Rx,0,8,25,00,59,86,01,54,5C,06,
791000,0000060D,false,Rx,0,8,0D,10,83,B6,09,20,70,00,
800000,00000054,false,Rx,0,8,01,05,0B,01,D2,02,00,00,
800000,00000055,false,Rx,0,8,10,27,00,00,00,00,00,00,
800000,00000056,false,Rx,0,8,10,27,00,00,00,00,00,00,
801000,00000057,false,Rx,0,8,00,00,FE,FF,FE,FF,00,00,
829000,00000625,false,Rx,0,8,25,00,59,86,01,54,5C,06,
0,000002C4,false,Rx,0,8,09,00,00,00,D2,02,00,00,
0,000002C5,false,Rx,0,8,00,00,00,00,00,00,00,00,
860000,000002C6,false,Rx,0,8,32,00,7C,01,00,00,00,00,
891000,0000060D,false,Rx,0,8,0D,10,83,B6,09,20,70,00,
928000,00000625,false,Rx,0,8,25,00,59,86,01,54,5C,06,
990000,0000060D,false,Rx,0,8,0D,10,83,B6,09,20,70,00,
0,00000054,false,Rx,0,8,01,05,0B,01,D2,02,00,00,
0,00000055,false,Rx,0,8,10,27,00,00,00,00,00,00,
0,00000056,false,Rx,0,8,10,27,00,00,00,00,00,00,
1000,00000057,false,Rx,0,8,00,00,FE,FF,FE,FF,00,00,
29000,00000625,false,Rx,0,8,25,00,59,86,01,54,5C,06,
0,000002C4,false,Rx,0,8,09,00,00,00,D2,02,00,00,
0,000002C5,false,Rx,0,8,00,00,00,00,00,00,00,00,
80000,000002C6,false,Rx,0,8,32,00,7C,01,00,00,00,00,
90000,0000060D,false,Rx,0,8,0D,10,83,B6,09,20,70,00,
128000,00000625,false,Rx,0,8,25,00,59,86,01,54,5C,06,
190000,0000060D,false,Rx,0,8,0D,10,83,B6,09,20,70,00,
200000,00000054,false,Rx,0,8,01,05,0B,01,D2,02,00,00,
200000,00000055,false,Rx,0,8,10,27,00,00,00,00,00,00,
201000,00000056,false,Rx,0,8,10,27,00,00,00,00,00,00,
201000,00000057,false,Rx,0,8,00,00,FE,FF,FE,FF,00,00,
229000,00000625,false,Rx,0,8,25,00,59,86,01,54,5C,06,
292000,0000060D,false,Rx,0,8,0D,10,83,B6,09,20,70,00,
0,000002C4,false,Rx,0,8,09,00,00,00,D2,02,00,00,
0,000002C5,false,Rx,0,8,00,00,00,00,00,00,00,00,
0,000002C6,false,Rx,0,8,32,00,7C,01,00,00,00,00,
329000,00000625,false,Rx,0,8,25,00,59,86,01,54,5C,06,
391000,0000060D,false,Rx,0,8,0D,10,83,B6,09,20,70,00,
400000,00000054,false,Rx,0,8,01,05,0B,01,D2,02,00,00,
400000,00000055,false,Rx,0,8,10,27,00,00,00,00,00,00,
400000,00000056,false,Rx,0,8,10,27,00,00,00,00,00,00,
401000,00000057,false,Rx,0,8,00,00,FE,FF,FE,FF,00,00,
429000,00000625,false,Rx,0,8,25,00,59,86,01,54,5C,06,
491000,0000060D,false,Rx,0,8,0D,10,83,B6,09,20,70,00,
520000,000002C4,false,Rx,0,8,09,00,00,00,D2,02,00,00,
520000,000002C5,false,Rx,0,8,00,00,00,00,00,00,00,00,
520000,000002C6,false,Rx,0,8,32,00,7C,01,00,00,00,00,
528000,00000625,false,Rx,0,8,25,00,59,86,01,54,5C,06,
591000,0000060D,false,Rx,0,8,0D,10,83,B6,09,20,70,00,
600000,00000054,false,Rx,0,8,01,05,0B,01,D2,02,00,00,
601000,00000055,false,Rx,0,8,10,27,00,00,00,00,00,00,
601000,00000056,false,Rx,0,8,10,27,00,00,00,00,00,00,
601000,00000057,false,Rx,0,8,00,00,FE,FF,FE,FF,00,00,
629000,00000625,false,Rx,0,8,25,00,59,86,01,54,5C,06,
691000,0000060D,false,Rx,0,8,0D,10,83,B6,09,20,70,00,
729000,00000625,false,Rx,0,8,25,00,59,86,01,54,5C,06,
0,000002C4,false,Rx,0,8,09,00,00,00,D2,02,00,00,
0,000002C5,false,Rx,0,8,00,00,00,00,00,00,00,00,
740000,000002C6,false,Rx,0,8,32,00,7C,01,00,00,00,00,
790000,0000060D,false,Rx,0,8,0D,10,83,B6,09,20,70,00,
800000,00000054,false,Rx,0,8,01,05,0B,01,D2,02,00,00,
800000,00000055,false,Rx,0,8,10,27,00,00,00,00,00,00,
800000,00000056,false,Rx,0,8,10,27,00,00,00,00,00,00,
801000,00000057,false,Rx,0,8,00,00,FE,FF,FE,FF,00,00,
829000,00000625,false,Rx,0,8,25,00,59,86,01,54,5C,06,
891000,0000060D,false,Rx,0,8,0D,10,83,B6,09,20,70,00,
929000,00000625,false,Rx,0,8,25,00,59,86,01,54,5C,06,
960000,000002C4,false,Rx,0,8,09,00,00,00,D2,02,00,00,
960000,000002C5,false,Rx,0,8,00,00,00,00,00,00,00,00,
960000,000002C6,false,Rx,0,8,32,00,7C,01,00,00,00,00,
991000,0000060D,false,Rx,0,8,0D,10,83,B6,09,20,70,00,
0,00000054,false,Rx,0,8,01,05,0B,01,D2,02,00,00,
0,00000055,false,Rx,0,8,10,27,00,00,00,00,00,00,
1000,00000056,false,Rx,0,8,10,27,00,00,00,00,00,00,
1000,00000057,false,Rx,0,8,00,00,FE,FF,FE,FF,00,00,
28000,00000625,false,Rx,0,8,25,00,59,86,01,54,5C,06,
90000,0000060D,false,Rx,0,8,0D,10,83,B6,09,20,70,00,
129000,00000625,false,Rx,0,8,25,00,59,86,01,54,5C,06,
180000,000002C4,false,Rx,0,8,09,00,00,00,D2,02,00,00,
180000,000002C5,false,Rx,0,8,00,00,00,00,00,00,00,00,
180000,000002C6,false,Rx,0,8,32,00,7C,01,00,00,00,00,
191000,0000060D,false,Rx,0,8,0D,10,83,B6,09,20,70,00,
201000,00000054,false,Rx,0,8,01,05,0B,01,D2,02,00,00,
201000,00000055,false,Rx,0,8,10,27,00,00,00,00,00,00,
201000,00000056,false,Rx,0,8,10,27,00,00,00,00,00,00,
201000,00000057,false,Rx,0,8,00,00,FE,FF,FE,FF,00,00,
228000,00000625,false,Rx,0,8,25,00,59,86,01,54,5C,06,
290000,0000060D,false,Rx,0,8,0D,10,83,B6,09,20,70,00,
329000,00000625,false,Rx,0,8,25,00,59,86,01,54,5C,06,
392000,0000060D,false,Rx,0,8,0D,10,83,B6,09,20,70,00,
400000,000002C4,false,Rx,0,8,09,00,00,00,D2,02,00,00,
400000,000002C5,false,Rx,0,8,00,00,00,00,00,00,00,00,
400000,000002C6,false,Rx,0,8,32,00,7C,01,00,00,00,00,
401000,00000054,false,Rx,0,8,01,05,0B,01,D2,02,00,00,
401000,00000055,false,Rx,0,8,10,27,00,00,00,00,00,00,
402000,00000056,false,Rx,0,8,10,27,00,00,00,00,00,00,
402000,00000057,false,Rx,0,8,00,00,FE,FF,FE,FF,00,00,
428000,00000625,false,Rx,0,8,25,00,59,86,01,54,5C,06,
490000,0000060D,false,Rx,0,8,0D,10,83,B6,09,20,70,00,
529000,00000625,false,Rx,0,8,25,00,59,86,01,54,5C,06,
590000,0000060D,false,Rx,0,8,0D,10,83,B6,09,20,70,00,
601000,00000054,false,Rx,0,8,01,05,0B,01,D2,02,00,00,
601000,00000055,false,Rx,0,8,10,27,00,00,00,00,00,00,
601000,00000056,false,Rx,0,8,10,27,00,00,00,00,00,00,
602000,00000057,false,Rx,0,8,00,00,FE,FF,FE,FF,00,00,
620000,000002C4,false,Rx,0,8,09,00,00,00,D2,02,00,00,
620000,000002C5,false,Rx,0,8,00,00,00,00,00,00,00,00,
620000,000002C6,false,Rx,0,8,32,00,7C,01,00,00,00,00,
627000,00000625,false,Rx,0,8,25,00,59,86,01,54,5C,06,
691000,0000060D,false,Rx,0,8,0D,10,83,B6,09,20,70,00,
729000,00000625,false,Rx,0,8,25,00,59,86,01,54,5C,06,
790000,0000060D,false,Rx,0,8,0D,10,83,B6,09,20,70,00,
801000,00000054,false,Rx,0,8,01,05,0B,01,D2,02,00,00,
801000,00000055,false,Rx,0,8,10,27,00,00,00,00,00,00,
801000,00000056,false,Rx,0,8,10,27,00,00,00,00,00,00,
802000,00000057,false,Rx,0,8,00,00,FE,FF,FE,FF,00,00,
828000,00000625,false,Rx,0,8,25,00,59,86,01,54,5C,06,
840000,000002C4,false,Rx,0,8,09,00,00,00,D2,02,00,00,
840000,000002C5,false,Rx,0,8,00,00,00,00,00,00,00,00,
841000,000002C6,false,Rx,0,8,32,00,7C,01,00,00,00,00,
891000,0000060D,false,Rx,0,8,0D,10,83,B6,09,20,70,00,
929000,00000625,false,Rx,0,8,25,00,59,86,01,54,5C,06,
990000,0000060D,false,Rx,0,8,0D,10,83,B6,09,20,70,00,
0,00000054,false,Rx,0,8,01,05,0B,01,D2,02,00,00,
0,00000055,false,Rx,0,8,10,27,00,00,00,00,00,00,
0,00000056,false,Rx,0,8,10,27,00,00,00,00,00,00,
0,00000057,false,Rx,0,8,00,00,FE,FF,FE,FF,00,00,
29000,00000625,false,Rx,0,8,25,00,59,86,01,54,5C,06,
60000,000002C4,false,Rx,0,8,09,00,00,00,D2,02,00,00,
60000,000002C5,false,Rx,0,8,00,00,00,00,00,00,00,00,
60000,000002C6,false,Rx,0,8,32,00,7C,01,00,00,00,00,
90000,0000060D,false,Rx,0,8,0D,10,83,B6,09,20,70,00,
129000,00000625,false,Rx,0,8,25,00,59,86,01,54,5C,06,
191000,0000060D,false,Rx,0,8,0D,10,83,B6,09,20,70,00,
201000,00000054,false,Rx,0,8,01,05,0B,01,D2,02,00,00,
201000,00000055,false,Rx,0,8,10,27,00,00,00,00,00,00,
201000,00000056,false,Rx,0,8,10,27,00,00,00,00,00,00,
201000,00000057,false,Rx,0,8,00,00,FE,FF,FE,FF,00,00,
229000,00000625,false,Rx,0,8,25,00,59,86,01,54,5C,06,
280000,000002C4,false,Rx,0,8,09,00,00,00,D2,02,00,00,
280000,000002C5,false,Rx,0,8,00,00,00,00,00,00,00,00,
280000,000002C6,false,Rx,0,8,32,00,7C,01,00,00,00,00,
290000,0000060D,false,Rx,0,8,0D,10,83,B6,09,20,70,00,
329000,00000625,false,Rx,0,8,25,00,59,86,01,54,5C,06,
391000,0000060D,false,Rx,0,8,0D,10,83,B6,09,20,70,00,
400000,00000054,false,Rx,0,8,01,05,0B,01,D2,02,00,00,
401000,00000055,false,Rx,0,8,10,27,00,00,00,00,00,00,
401000,00000056,false,Rx,0,8,10,27,00,00,00,00,00,00,
401000,00000057,false,Rx,0,8,00,00,FE,FF,FE,FF,00,00,
428000,00000625,false,Rx,0,8,25,00,59,86,01,54,5C,06,
491000,0000060D,false,Rx,0,8,0D,10,83,B6,09,20,70,00,
0,000002C4,false,Rx,0,8,09,00,00,00,D2,02,00,00,
0,000002C5,false,Rx,0,8,00,00,00,00,00,00,00,00,
501000,000002C6,false,Rx,0,8,32,00,7C,01,00,00,00,00,
529000,00000625,false,Rx,0,8,25,00,59,86,01,54,5C,06,
591000,0000060D,false,Rx,0,8,0D,10,83,B6,09,20,70,00,
600000,00000054,false,Rx,0,8,01,05,0B,01,D2,02,00,00,
600000,00000055,false,Rx,0,8,10,27,00,00,00,00,00,00,
601000,00000056,false,Rx,0,8,10,27,00,00,00,00,00,00,
601000,00000057,false,Rx,0,8,00,00,FE,FF,FE,FF,00,00,
629000,00000625,false,Rx,0,8,25,00,59,86,01,54,5C,06,
691000,0000060D,false,Rx,0,8,0D,10,83,B6,09,20,70,00,
0,000002C4,false,Rx,0,8,09,00,00,00,D2,02,00,00,
0,000002C5,false,Rx,0,8,00,00,00,00,00,00,00,00,
0,000002C6,false,Rx,0,8,32,00,7C,01,00,00,00,00,
729000,00000625,false,Rx,0,8,25,00,59,86,01,54,5C,06,
791000,0000060D,false,Rx,0,8,0D,10,83,B6,09,20,70,00,
800000,00000054,false,Rx,0,8,01,05,0B,01,D2,02,00,00,
800000,00000055,false,Rx,0,8,10,27,00,00,00,00,00,00,
800000,00000056,false,Rx,0,8,10,27,00,00,00,00,00,00,
801000,00000057,false,Rx,0,8,00,00,FE,FF,FE,FF,00,00,
829000,00000625,false,Rx,0,8,25,00,59,86,01,54,5C,06,
891000,0000060D,false,Rx,0,8,0D,10,83,B6,09,20,70,00,
929000,00000625,false,Rx,0,8,25,00,59,86,01,54,5C,06,
940000,000002C4,false,Rx,0,8,09,00,00,00,D2,02,00,00,
940000,000002C5,false,Rx,0,8,00,00,00,00,00,00,00,00,
940000,000002C6,false,Rx,0,8,32,00,7C,01,00,00,00,00,
991000,0000060D,false,Rx,0,8,0D,10,83,B6,09,20,70,00,
0,00000054,false,Rx,0,8,01,05,0B,01,D2,02,00,00,
0,00000055,false,Rx,0,8,10,27,00,00,00,00,00,00,
0,00000056,false,Rx,0,8,10,27,00,00,00,00,00,00,
0,00000057,false,Rx,0,8,00,00,FE,FF,FE,FF,00,00,
28000,00000625,false,Rx,0,8,25,00,59,86,01,54,5C,06,
90000,0000060D,false,Rx,0,8,0D,10,83,B6,09,20,70,00,
129000,00000625,false,Rx,0,8,25,00,59,86,01,54,5C,06,
0,000002C4,false,Rx,0,8,09,00,00,00,D2,02,00,00,
0,000002C5,false,Rx,0,8,00,00,00,00,00,00,00,00,
161000,000002C6,false,Rx,0,8,32,00,7C,01,00,00,00,00,
190000,0000060D,false,Rx,0,8,0D,10,83,B6,09,20,70,00,
200000,00000054,false,Rx,0,8,01,05,0B,01,D2,02,00,00,
201000,00000055,false,Rx,0,8,10,27,00,00,00,00,00,00,
201000,00000056,false,Rx,0,8,10,27,00,00,00,00,00,00,
201000,00000057,false,Rx,0,8,00,00,FE,FF,FE,FF,00,00,
229000,00000625,false,Rx,0,8,25,00,59,86,01,54,5C,06,
291000,0000060D,false,Rx,0,8,0D,10,83,B6,09,20,70,00,
329000,00000625,false,Rx,0,8,25,00,59,86,01,54,5C,06,
380000,000002C4,false,Rx,0,8,09,00,00,00,D2,02,00,00,
380000,000002C5,false,Rx,0,8,00,00,00,00,00,00,00,00,
380000,000002C6,false,Rx,0,8,32,00,7C,01,00,00,00,00,
391000,0000060D,false,Rx,0,8,0D,10,83,B6,09,20,70,00,
400000,00000054,false,Rx,0,8,01,05,0B,01,D2,02,00,00,
400000,00000055,false,Rx,0,8,10,27,00,00,00,00,00,00,
400000,00000056,false,Rx,0,8,10,27,00,00,00,00,00,00,
401000,00000057,false,Rx,0,8,00,00,FE,FF,FE,FF,00,00,
428000,00000625,false,Rx,0,8,25,00,59,86,01,54,5C,06,
491000,0000060D,false,Rx,0,8,0D,10,83,B6,09,20,70,00,
529000,00000625,false,Rx,0,8,25,00,59,86,01,54,5C,06,
591000,0000060D,false,Rx,0,8,0D,10,83,B6,09,20,70,00,
600000,000002C4,false,Rx,0,8,09,00,00,00,D2,02,00,00,
600000,000002C5,false,Rx,0,8,00,00,00,00,00,00,00,00,
601000,000002C6,false,Rx,0,8,32,00,7C,01,00,00,00,00,
601000,00000054,false,Rx,0,8,01,05,0B,01,D2,02,00,00,
601000,00000055,false,Rx,0,8,10,27,00,00,00,00,00,00,
0,00000056,false,Rx,0,8,10,27,00,00,00,00,00,00,
0,00000057,false,Rx,0,8,00,00,FE,FF,FE,FF,00,00,
628000,00000625,false,Rx,0,8,25,00,59,86,01,54,5C,06,
691000,0000060D,false,Rx,0,8,0D,10,83,B6,09,20,70,00,
729000,00000625,false,Rx,0,8,25,00,59,86,01,54,5C,06,
791000,0000060D,false,Rx,0,8,0D,10,83,B6,09,20,70,00,
0,00000054,false,Rx,0,8,01,05,0B,01,D2,02,00,00,
0,00000055,false,Rx,0,8,10,27,00,00,00,00,00,00,
0,00000056,false,Rx,0,8,10,27,00,00,00,00,00,00,
801000,00000057,false,Rx,0,8,00,00,FE,FF,FE,FF,00,00,
819000,000002C4,false,Rx,0,8,09,00,00,00,D2,02,00,00,
819000,000002C5,false,Rx,0,8,00,00,00,00,00,00,00,00,
820000,000002C6,false,Rx,0,8,32,00,7C,01,00,00,00,00,
828000,00000625,false,Rx,0,8,25,00,59,86,01,54,5C,06,
891000,0000060D,false,Rx,0,8,0D,10,83,B6,09,20,70,00,
928000,00000625,false,Rx,0,8,25,00,59,86,01,54,5C,06,
991000,0000060D,false,Rx,0,8,0D,10,83,B6,09,20,70,00,
0,00000054,false,Rx,0,8,01,05,0B,01,D2,02,00,00,
0,00000055,false,Rx,0,8,10,27,00,00,00,00,00,00,
0,00000056,false,Rx,0,8,10,27,00,00,00,00,00,00,
1000,00000057,false,Rx,0,8,00,00,FE,FF,FE,FF,00,00,
29000,00000625,false,Rx,0,8,25,00,59,86,01,54,5C,06,
0,000002C4,false,Rx,0,8,09,00,00,00,D2,02,00,00,
0,000002C5,false,Rx,0,8,00,00,00,00,00,00,00,00,
40000,000002C6,false,Rx,0,8,32,00,7C,01,00,00,00,00,
91000,0000060D,false,Rx,0,8,0D,10,83,B6,09,20,70,00,
129000,00000625,false,Rx,0,8,25,00,59,86,01,54,5C,06,
191000,0000060D,false,Rx,0,8,0D,10,83,B6,09,20,70,00,
201000,00000054,false,Rx,0,8,01,05,0B,01,D2,02,00,00,
201000,00000055,false,Rx,0,8,10,27,00,00,00,00,00,00,
0,00000056,false,Rx,0,8,10,27,00,00,00,00,00,00,
0,00000057,false,Rx,0,8,00,00,FE,FF,FE,FF,00,00,
229000,00000625,false,Rx,0,8,25,00,59,86,01,54,5C,06,
259000,000002C4,false,Rx,0,8,09,00,00,00,D2,02,00,00,
259000,000002C5,false,Rx,0,8,00,00,00,00,00,00,00,00,
260000,000002C6,false,Rx,0,8,32,00,7C,01,00,00,00,00,
290000,0000060D,false,Rx,0,8,0D,10,83,B6,09,20,70,00,
329000,00000625,false,Rx,0,8,25,00,59,86,01,54,5C,06,
391000,0000060D,false,Rx,0,8,0D,10,83,B6,09,20,70,00,
401000,00000054,false,Rx,0,8,01,05,0B,01,D2,02,00,00,
401000,00000055,false,Rx,0,8,10,27,00,00,00,00,00,00,
401000,00000056,false,Rx,0,8,10,27,00,00,00,00,00,00,
401000,00000057,false,Rx,0,8,00,00,FE,FF,FE,FF,00,00,
428000,00000625,false,Rx,0,8,25,00,59,86,01,54,5C,06,
0,000002C4,false,Rx,0,8,09,00,00,00,D2,02,00,00,
0,000002C5,false,Rx,0,8,00,00,00,00,00,00,00,00,
480000,000002C6,false,Rx,0,8,32,00,7C,01,00,00,00,00,
491000,0000060D,false,Rx,0,8,0D,10,83,B6,09,20,70,00,
528000,00000625,false,Rx,0,8,25,00,59,86,01,54,5C,06,
591000,0000060D,false,Rx,0,8,0D,10,83,B6,09,20,70,00,
600000,00000054,false,Rx,0,8,01,05,0B,01,D2,02,00,00,
600000,00000055,false,Rx,0,8,10,27,00,00,00,00,00,00,
600000,00000056,false,Rx,0,8,10,27,00,00,00,00,00,00,
601000,00000057,false,Rx,0,8,00,00,FE,FF,FE,FF,00,00,
629000,00000625,false,Rx,0,8,25,00,59,86,01,54,5C,06,
691000,0000060D,false,Rx,0,8,0D,10,83,B6,09,20,70,00,
0,000002C4,false,Rx,0,8,09,00,00,00,D2,02,00,00,
0,000002C5,false,Rx,0,8,00,00,00,00,00,00,00,00,
700000,000002C6,false,Rx,0,8,32,00,7C,01,00,00,00,00,
729000,00000625,false,Rx,0,8,25,00,59,86,01,54,5C,06,
790000,0000060D,false,Rx,0,8,0D,10,83,B6,09,20,70,00,
801000,00000054,false,Rx,0,8,01,05,0B,01,D2,02,00,00,
801000,00000055,false,Rx,0,8,10,27,00,00,00,00,00,00,
801000,00000056,false,Rx,0,8,10,27,00,00,00,00,00,00,
801000,00000057,false,Rx,0,8,00,00,FE,FF,FE,FF,00,00,
828000,00000625,false,Rx,0,8,25,00,59,86,01,54,5C,06,
891000,0000060D,false,Rx,0,8,0D,10,83,B6,09,20,70,00,
920000,000002C4,false,Rx,0,8,09,00,00,00,D2,02,00,00,
920000,000002C5,false,Rx,0,8,00,00,00,00,00,00,00,00,
920000,000002C6,false,Rx,0,8,32,00,7C,01,00,00,00,00,
928000,00000625,false,Rx,0,8,25,00,59,86,01,54,5C,06,
991000,0000060D,false,Rx,0,8,0D,10,83,B6,09,20,70,00,
0,00000054,false,Rx,0,8,01,05,0B,01,D2,02,00,00,
0,00000055,false,Rx,0,8,10,27,00,00,00,00,00,00,
0,00000056,false,Rx,0,8,10,27,00,00,00,00,00,00,
1000,00000057,false,Rx,0,8,00,00,FE,FF,FE,FF,00,00,
29000,00000625,false,Rx,0,8,25,00,59,86,01,54,5C,06,
90000,0000060D,false,Rx,0,8,0D,10,83,B6,09,20,70,00,
129000,00000625,false,Rx,0,8,25,00,59,86,01,54,5C,06,
0,000002C4,false,Rx,0,8,09,00,00,00,D2,02,00,00,
0,000002C5,false,Rx,0,8,00,00,00,00,00,00,00,00,
140000,000002C6,false,Rx,0,8,32,00,7C,01,00,00,00,00,
191000,0000060D,false,Rx,0,8,0D,10,83,B6,09,20,70,00,
200000,00000054,false,Rx,0,8,01,05,0B,01,D2,02,00,00,
201000,00000055,false,Rx,0,8,10,27,00,00,00,00,00,00,
201000,00000056,false,Rx,0,8,10,27,00,00,00,00,00,00,
201000,00000057,false,Rx,0,8,00,00,FE,FF,FE,FF,00,00,
228000,00000625,false,Rx,0,8,25,00,59,86,01,54,5C,06,
290000,0000060D,false,Rx,0,8,0D,10,83,B6,09,20,70,00,
329000,00000625,false,Rx,0,8,25,00,59,86,01,54,5C,06,
0,000002C4,false,Rx,0,8,09,00,00,00,D2,02,00,00,
0,000002C5,false,Rx,0,8,00,00,00,00,00,00,00,00,
360000,000002C6,false,Rx,0,8,32,00,7C,01,00,00,00,00,
391000,0000060D,false,Rx,0,8,0D,10,83,B6,09,20,70,00,
0,00000054,false,Rx,0,8,01,05,0B,01,D2,02,00,00,
0,00000055,false,Rx,0,8,10,27,00,00,00,00,00,00,
401000,00000056,false,Rx,0,8,10,27,00,00,00,00,00,00,
401000,00000057,false,Rx,0,8,00,00,FE,FF,FE,FF,00,00,
429000,00000625,false,Rx,0,8,25,00,59,86,01,54,5C,06,
491000,0000060D,false,Rx,0,8,0D,10,83,B6,09,20,70,00,
528000,00000625,false,Rx,0,8,25,00,59,86,01,54,5C,06,
0,000002C4,false,Rx,0,8,09,00,00,00,D2,02,00,00,
0,000002C5,false,Rx,0,8,00,00,00,00,00,00,00,00,
580000,000002C6,false,Rx,0,8,32,00,7C,01,00,00,00,00,
591000,0000060D,false,Rx,0,8,0D,10,83,B6,09,20,70,00,
600000,00000054,false,Rx,0,8,01,05,0B,01,D2,02,00,00,
600000,00000055,false,Rx,0,8,10,27,00,00,00,00,00,00,
601000,00000056,false,Rx,0,8,10,27,00,00,00,00,00,00,
601000,00000057,false,Rx,0,8,00,00,FE,FF,FE,FF,00,00,
629000,00000625,false,Rx,0,8,25,00,59,86,01,54,5C,06,
691000,0000060D,false,Rx,0,8,0D,10,83,B6,09,20,70,00,
728000,00000625,false,Rx,0,8,25,00,59,86,01,54,5C,06,
791000,0000060D,false,Rx,0,8,0D,10,83,B6,09,20,70,00,
799000,000002C4,false,Rx,0,8,09,00,00,00,D2,02,00,00,
800000,000002C5,false,Rx,0,8,00,00,00,00,00,00,00,00,
800000,000002C6,false,Rx,0,8,32,00,7C,01,00,00,00,00,
800000,00000054,false,Rx,0,8,01,05,0B,01,D2,02,00,00,
800000,00000055,false,Rx,0,8,10,27,00,00,00,00,00,00,
801000,00000056,false,Rx,0,8,10,27,00,00,00,00,00,00,
801000,00000057,false,Rx,0,8,00,00,FE,FF,FE,FF,00,00,
829000,00000625,false,Rx,0,8,25,00,59,86,01,54,5C,06,
891000,0000060D,false,Rx,0,8,0D,10,83,B6,09,20,70,00,
928000,00000625,false,Rx,0,8,25,00,59,86,01,54,5C,06,
991000,0000060D,false,Rx,0,8,0D,10,83,B6,09,20,70,00,
0,00000054,false,Rx,0,8,01,05,0B,01,D2,02,00,00,
1000,00000055,false,Rx,0,8,10,27,00,00,00,00,00,00,
1000,00000056,false,Rx,0,8,10,27,00,00,00,00,00,00,
1000,00000057,false,Rx,0,8,00,00,FE,FF,FE,FF,00,00,
19000,000002C4,false,Rx,0,8,09,00,00,00,D2,02,00,00,
20000,000002C5,false,Rx,0,8,00,00,00,00,00,00,00,00,
20000,000002C6,false,Rx,0,8,32,00,7C,01,00,00,00,00,
29000,00000625,false,Rx,0,8,25,00,59,86,01,54,5C,06,
91000,0000060D,false,Rx,0,8,0D,10,83,B6,09,20,70,00,
128000,00000625,false,Rx,0,8,25,00,59,86,01,54,5C,06,
191000,0000060D,false,Rx,0,8,0D,10,83,B6,09,20,70,00,
0,00000054,false,Rx,0,8,01,05,0B,01,D2,02,00,00,
0,00000055,false,Rx,0,8,10,27,00,00,00,00,00,00,
201000,00000056,false,Rx,0,8,10,27,00,00,00,00,00,00,
201000,00000057,false,Rx,0,8,00,00,FE,FF,FE,FF,00,00,
229000,00000625,false,Rx,0,8,25,00,59,86,01,54,5C,06,
239000,000002C4,false,Rx,0,8,09,00,00,00,D2,02,00,00,
239000,000002C5,false,Rx,0,8,00,00,00,00,00,00,00,00,
240000,000002C6,false,Rx,0,8,32,00,7C,01,00,00,00,00,
290000,0000060D,false,Rx,0,8,0D,10,83,B6,09,20,70,00,
329000,00000625,false,Rx,0,8,25,00,59,86,01,54,5C,06,
391000,0000060D,false,Rx,0,8,0D,10,83,B6,09,20,70,00,
400000,00000054,false,Rx,0,8,01,05,0B,01,D2,02,00,00,
401000,00000055,false,Rx,0,8,10,27,00,00,00,00,00,00,
401000,00000056,false,Rx,0,8,10,27,00,00,00,00,00,00,
401000,00000057,false,Rx,0,8,00,00,FE,FF,FE,FF,00,00,
429000,00000625,false,Rx,0,8,25,00,59,86,01,54,5C,06,
459000,000002C4,false,Rx,0,8,09,00,00,00,D2,02,00,00,
459000,000002C5,false,Rx,0,8,00,00,00,00,00,00,00,00,
460000,000002C6,false,Rx,0,8,32,00,7C,01,00,00,00,00,
491000,0000060D,false,Rx,0,8,0D,10,83,B6,09,20,70,00,
528000,00000625,false,Rx,0,8,25,00,59,86,01,54,5C,06,
590000,0000060D,false,Rx,0,8,0D,10,83,B6,09,20,70,00,
600000,00000054,false,Rx,0,8,01,05,0B,01,D2,02,00,00,
601000,00000055,false,Rx,0,8,10,27,00,00,00,00,00,00,
601000,00000056,false,Rx,0,8,10,27,00,00,00,00,00,00,
601000,00000057,false,Rx,0,8,00,00,FE,FF,FE,FF,00,00,
629000,00000625,false,Rx,0,8,25,00,59,86,01,54,5C,06,
680000,000002C4,false,Rx,0,8,09,00,00,00,D2,02,00,00,
680000,000002C5,false,Rx,0,8,00,00,00,00,00,00,00,00,
680000,000002C6,false,Rx,0,8,32,00,7C,01,00,00,00,00,
691000,0000060D,false,Rx,0,8,0D,10,83,B6,09,20,70,00,
729000,00000625,false,Rx,0,8,25,00,59,86,01,54,5C,06,
790000,0000060D,false,Rx,0,8,0D,10,83,B6,09,20,70,00,
800000,00000054,false,Rx,0,8,01,05,0B,01,D2,02,00,00,
801000,00000055,false,Rx,0,8,10,27,00,00,00,00,00,00,
801000,00000056,false,Rx,0,8,10,27,00,00,00,00,00,00,
801000,00000057,false,Rx,0,8,00,00,FE,FF,FE,FF,00,00,
828000,00000625,false,Rx,0,8,25,00,59,86,01,54,5C,06,
891000,0000060D,false,Rx,0,8,0D,10,83,B6,09,20,70,00,
900000,000002C4,false,Rx,0,8,09,00,00,00,D2,02,00,00,
900000,000002C5,false,Rx,0,8,00,00,00,00,00,00,00,00,
901000,000002C6,false,Rx,0,8,32,00,7C,01,00,00,00,00,
929000,00000625,false,Rx,0,8,25,00,59,86,01,54,5C,06,
991000,0000060D,false,Rx,0,8,0D,10,83,B6,09,20,70,00,
1000,00000054,false,Rx,0,8,01,05,0B,01,D2,02,00,00,
1000,00000055,false,Rx,0,8,10,27,00,00,00,00,00,00,
0,00000056,false,Rx,0,8,10,27,00,00,00,00,00,00,
0,00000057,false,Rx,0,8,00,00,FE,FF,FE,FF,00,00,
29000,00000625,false,Rx,0,8,25,00,59,86,01,54,5C,06,
90000,0000060D,false,Rx,0,8,0D,10,83,B6,09,20,70,00,
120000,000002C4,false,Rx,0,8,09,00,00,00,D2,02,00,00,
120000,000002C5,false,Rx,0,8,00,00,00,00,00,00,00,00,
121000,000002C6,false,Rx,0,8,32,00,7C,01,00,00,00,00,
129000,00000625,false,Rx,0,8,25,00,59,86,01,54,5C,06,
191000,0000060D,false,Rx,0,8,0D,10,83,B6,09,20,70,00,
201000,00000054,false,Rx,0,8,01,05,0B,01,D2,02,00,00,
201000,00000055,false,Rx,0,8,10,27,00,00,00,00,00,00,
0,00000056,false,Rx,0,8,10,27,00,00,00,00,00,00,
0,00000057,false,Rx,0,8,00,00,FE,FF,FE,FF,00,00,
229000,00000625,false,Rx,0,8,25,00,59,86,01,54,5C,06,
290000,0000060D,false,Rx,0,8,0D,10,83,B6,09,20,70,00,
329000,00000625,false,Rx,0,8,25,00,59,86,01,54,5C,06,
340000,000002C4,false,Rx,0,8,09,20,00,00,D2,02,00,00,
340000,000002C5,false,Rx,0,8,00,00,00,00,00,00,00,00,
340000,000002C6,false,Rx,0,8,32,00,7C,01,00,00,00,00,
391000,0000060D,false,Rx,0,8,0D,10,83,B6,09,20,70,00,
400000,00000054,false,Rx,0,8,01,05,0B,01,D2,02,00,00,
401000,00000055,false,Rx,0,8,10,27,00,00,00,00,00,00,
401000,00000056,false,Rx,0,8,10,27,00,00,00,00,00,00,
401000,00000057,false,Rx,0,8,00,00,FE,FF,FE,FF,00,00,
429000,00000625,false,Rx,0,8,25,00,59,86,01,54,5C,06,
491000,0000060D,false,Rx,0,8,0D,10,83,B6,09,20,70,00,
529000,00000625,false,Rx,0,8,25,00,59,86,01,54,5C,06,
0,000002C4,false,Rx,0,8,09,20,00,00,D2,02,00,00,
0,000002C5,false,Rx,0,8,00,00,00,00,00,00,00,00,
560000,000002C6,false,Rx,0,8,32,00,7C,01,00,00,00,00,
591000,0000060D,false,Rx,0,8,0D,10,83,B6,09,20,70,00,
600000,00000054,false,Rx,0,8,01,05,0B,01,D2,02,00,00,
601000,00000055,false,Rx,0,8,10,27,00,00,00,00,00,00,
601000,00000056,false,Rx,0,8,10,27,00,00,00,00,00,00,
601000,00000057,false,Rx,0,8,00,00,FE,FF,FE,FF,00,00,
629000,00000625,false,Rx,0,8,25,00,59,86,01,54,5C,06,
691000,0000060D,false,Rx,0,8,0D,10,83,B6,09,20,70,00,
728000,00000625,false,Rx,0,8,25,00,59,86,01,54,5C,06,
779000,000002C4,false,Rx,0,8,09,20,00,00,D2,02,00,00,
779000,000002C5,false,Rx,0,8,00,00,00,00,00,00,00,00,
780000,000002C6,false,Rx,0,8,32,00,7C,01,00,00,00,00,
790000,0000060D,false,Rx,0,8,0D,10,83,B6,09,20,70,00,
801000,00000054,false,Rx,0,8,01,05,0B,01,D2,02,00,00,
801000,00000055,false,Rx,0,8,10,27,00,00,00,00,00,00,
801000,00000056,false,Rx,0,8,10,27,00,00,00,00,00,00,
801000,00000057,false,Rx,0,8,00,00,FE,FF,FE,FF,00,00,
829000,00000625,false,Rx,0,8,25,00,59,86,01,54,5C,06,
891000,0000060D,false,Rx,0,8,0D,10,83,B6,09,20,70,00,
930000,00000625,false,Rx,0,8,25,00,59,86,01,54,5C,06,
991000,0000060D,false,Rx,0,8,0D,10,83,B6,09,20,70,00,
0,000002C4,false,Rx,0,8,09,20,00,00,D2,02,00,00,
0,000002C5,false,Rx,0,8,00,00,00,00,00,00,00,00,
0,000002C6,false,Rx,0,8,32,00,7C,01,00,00,00,00,
0,00000054,false,Rx,0,8,01,05,0B,01,D2,02,00,00,
1000,00000055,false,Rx,0,8,10,27,00,00,00,00,00,00,
1000,00000056,false,Rx,0,8,10,27,00,00,00,00,00,00,
1000,00000057,false,Rx,0,8,00,00,FE,FF,FE,FF,00,00,
29000,00000625,false,Rx,0,8,25,00,59,86,01,54,5C,06,
91000,0000060D,false,Rx,0,8,0D,10,83,B6,09,20,70,00,
129000,00000625,false,Rx,0,8,25,00,59,86,01,54,5C,06,
191000,0000060D,false,Rx,0,8,0D,10,83,B6,09,20,70,00,
201000,00000054,false,Rx,0,8,01,05,0B,01,D2,02,00,00,
201000,00000055,false,Rx,0,8,10,27,00,00,00,00,00,00,
201000,00000056,false,Rx,0,8,10,27,00,00,00,00,00,00,
201000,00000057,false,Rx,0,8,00,00,FE,FF,FE,FF,00,00,
220000,000002C4,false,Rx,0,8,09,20,00,00,D2,02,00,00,
220000,000002C5,false,Rx,0,8,00,00,00,00,00,00,00,00,
220000,000002C6,false,Rx,0,8,32,00,7C,01,00,00,00,00,
228000,00000625,false,Rx,0,8,25,00,59,86,01,54,5C,06,
291000,0000060D,false,Rx,0,8,0D,10,83,B6,09,20,70,00,
330000,00000625,false,Rx,0,8,25,00,59,86,01,54,5C,06,
391000,0000060D,false,Rx,0,8,0D,10,83,B6,09,20,70,00,
400000,00000054,false,Rx,0,8,01,05,0B,01,D2,02,00,00,
401000,00000055,false,Rx,0,8,10,27,00,00,00,00,00,00,
401000,00000056,false,Rx,0,8,10,27,00,00,00,00,00,00,
401000,00000057,false,Rx,0,8,00,00,FE,FF,FE,FF,00,00,
429000,00000625,false,Rx,0,8,25,00,59,86,01,54,5C,06,
439000,000002C4,false,Rx,0,8,09,20,00,00,D2,02,00,00,
440000,000002C5,false,Rx,0,8,00,00,00,00,00,00,00,00,
440000,000002C6,false,Rx,0,8,32,00,7C,01,00,00,00,00,
490000,0000060D,false,Rx,0,8,0D,10,83,B6,09,20,70,00,
529000,00000625,false,Rx,0,8,25,00,59,86,01,54,5C,06,
591000,0000060D,false,Rx,0,8,0D,10,83,B6,09,20,70,00,
600000,00000054,false,Rx,0,8,01,05,0B,01,D2,02,00,00,
601000,00000055,false,Rx,0,8,10,27,00,00,00,00,00,00,
601000,00000056,false,Rx,0,8,10,27,00,00,00,00,00,00,
601000,00000057,false,Rx,0,8,00,00,FE,FF,FE,FF,00,00,
629000,00000625,false,Rx,0,8,25,00,59,86,01,54,5C,06,
660000,000002C4,false,Rx,0,8,09,20,00,00,D2,02,00,00,
660000,000002C5,false,Rx,0,8,00,00,00,00,00,00,00,00,
661000,000002C6,false,Rx,0,8,32,00,7C,01,00,00,00,00,
691000,0000060D,false,Rx,0,8,0D,10,83,B6,09,20,70,00,
728000,00000625,false,Rx,0,8,25,00,59,86,01,54,5C,06,
790000,0000060D,false,Rx,0,8,0D,10,83,B6,09,20,70,00,
801000,00000054,false,Rx,0,8,01,05,0B,01,D2,02,00,00,
0,00000055,false,Rx,0,8,10,27,00,00,00,00,00,00,
0,00000056,false,Rx,0,8,10,27,00,00,00,00,00,00,
802000,00000057,false,Rx,0,8,00,00,FE,FF,FE,FF,00,00,
829000,00000625,false,Rx,0,8,25,00,59,86,01,54,5C,06,
879000,000002C4,false,Rx,0,8,09,20,00,00,D2,02,00,00,
880000,000002C5,false,Rx,0,8,00,00,00,00,00,00,00,00,
880000,000002C6,false,Rx,0,8,32,00,7C,01,00,00,00,00,
891000,0000060D,false,Rx,0,8,0D,10,83,B6,09,20,70,00,
929000,00000625,false,Rx,0,8,25,00,59,86,01,54,5C,06,
991000,0000060D,false,Rx,0,8,0D,10,83,B6,09,20,70,00,
0,00000054,false,Rx,0,8,01,05,0B,01,D2,02,00,00,
0,00000055,false,Rx,0,8,10,27,00,00,00,00,00,00,
0,00000056,false,Rx,0,8,10,27,00,00,00,00,00,00,
0,00000057,false,Rx,0,8,00,00,FE,FF,FE,FF,00,00,
29000,00000625,false,Rx,0,8,25,00,59,86,01,54,5C,06,
91000,0000060D,false,Rx,0,8,0D,10,83,B6,09,20,70,00,
0,000002C4,false,Rx,0,8,09,20,00,00,D2,02,00,00,
0,000002C5,false,Rx,0,8,00,00,00,00,00,00,00,00,
100000,000002C6,false,Rx,0,8,32,00,7C,01,00,00,00,00,
129000,00000625,false,Rx,0,8,25,00,59,86,01,54,5C,06,
191000,0000060D,false,Rx,0,8,0D,10,83,B6,09,20,70,00,
200000,00000054,false,Rx,0,8,01,05,0B,01,D2,02,00,00,
201000,00000055,false,Rx,0,8,10,27,00,00,00,00,00,00,
201000,00000056,false,Rx,0,8,10,27,00,00,00,00,00,00,
201000,00000057,false,Rx,0,8,00,00,FE,FF,FE,FF,00,00,
228000,00000625,false,Rx,0,8,25,00,59,86,01,54,5C,06,
290000,0000060D,false,Rx,0,8,0D,10,83,B6,09,20,70,00,
319000,000002C4,false,Rx,0,8,09,20,00,00,D2,02,00,00,
319000,000002C5,false,Rx,0,8,00,00,00,00,00,00,00,00,
320000,000002C6,false,Rx,0,8,32,00,7C,01,00,00,00,00,
329000,00000625,false,Rx,0,8,25,00,59,86,01,54,5C,06,
391000,0000060D,false,Rx,0,8,0D,10,83,B6,09,20,70,00,
400000,00000054,false,Rx,0,8,01,05,0B,01,D2,02,00,00,
400000,00000055,false,Rx,0,8,10,27,00,00,00,00,00,00,
400000,00000056,false,Rx,0,8,10,27,00,00,00,00,00,00,
401000,00000057,false,Rx,0,8,00,00,FE,FF,FE,FF,00,00,
429000,00000625,false,Rx,0,8,25,00,59,86,01,54,5C,06,
491000,0000060D,false,Rx,0,8,0D,10,83,B6,09,20,70,00,
529000,00000625,false,Rx,0,8,25,00,59,86,01,54,5C,06,
540000,000002C4,false,Rx,0,8,09,20,00,00,D2,02,00,00,
540000,000002C5,false,Rx,0,8,00,00,00,00,00,00,00,00,
540000,000002C6,false,Rx,0,8,32,00,7C,01,00,00,00,00,
591000,0000060D,false,Rx,0,8,0D,10,83,B6,09,20,70,00,
601000,00000054,false,Rx,0,8,01,05,0B,01,D2,02,00,00,
601000,00000055,false,Rx,0,8,10,27,00,00,00,00,00,00,
601000,00000056,false,Rx,0,8,10,27,00,00,00,00,00,00,
601000,00000057,false,Rx,0,8,00,00,FE,FF,FE,FF,00,00,
629000,00000625,false,Rx,0,8,25,00,59,86,01,54,5C,06,
691000,0000060D,false,Rx,0,8,0D,10,83,B6,09,20,70,00,
728000,00000625,false,Rx,0,8,25,00,59,86,01,54,5C,06,
759000,000002C4,false,Rx,0,8,09,20,00,00,D2,02,00,00,
760000,000002C5,false,Rx,0,8,00,00,00,00,00,00,00,00,
760000,000002C6,false,Rx,0,8,32,00,7C,01,00,00,00,00,
790000,0000060D,false,Rx,0,8,0D,10,83,B6,09,20,70,00,
801000,00000054,false,Rx,0,8,01,05,0B,01,D2,02,00,00,
801000,00000055,false,Rx,0,8,10,27,00,00,00,00,00,00,
801000,00000056,false,Rx,0,8,10,27,00,00,00,00,00,00,
801000,00000057,false,Rx,0,8,00,00,FE,FF,FE,FF,00,00,
829000,00000625,false,Rx,0,8,25,00,59,86,01,54,5C,06,
891000,0000060D,false,Rx,0,8,0D,10,83,B6,09,20,70,00,
929000,00000625,false,Rx,0,8,25,00,59,86,01,54,5C,06,
980000,000002C4,false,Rx,0,8,09,20,00,00,D2,02,00,00,
980000,000002C5,false,Rx,0,8,00,00,00,00,00,00,00,00,
981000,000002C6,false,Rx,0,8,32,00,7C,01,00,00,00,00,
991000,0000060D,false,Rx,0,8,0D,10,83,B6,09,20,70,00,
1000,00000054,false,Rx,0,8,01,05,0B,01,D2,02,00,00,
1000,00000055,false,Rx,0,8,10,27,00,00,00,00,00,00,
1000,00000056,false,Rx,0,8,10,27,00,00,00,00,00,00,
1000,00000057,false,Rx,0,8,00,00,FE,FF,FE,FF,00,00,
28000,00000625,false,Rx,0,8,25,00,59,86,01,54,5C,06,
91000,0000060D,false,Rx,0,8,0D,10,83,B6,09,20,70,00,
129000,00000625,false,Rx,0,8,25,00,59,86,01,54,5C,06,
191000,0000060D,false,Rx,0,8,0D,10,83,B6,09,20,70,00,
200000,000002C4,false,Rx,0,8,09,20,00,00,D2,02,00,00,
200000,000002C5,false,Rx,0,8,00,00,00,00,00,00,00,00,
200000,000002C6,false,Rx,0,8,32,00,7C,01,00,00,00,00,
200000,00000054,false,Rx,0,8,01,05,0B,01,D2,02,00,00,
201000,00000055,false,Rx,0,8,10,27,00,00,00,00,00,00,
0,00000056,false,Rx,0,8,10,27,00,00,00,00,00,00,
0,00000057,false,Rx,0,8,00,00,FE,FF,FE,FF,00,00,
228000,00000625,false,Rx,0,8,25,00,59,86,01,54,5C,06,
290000,0000060D,false,Rx,0,8,0D,10,83,B6,09,20,70,00,
329000,00000625,false,Rx,0,8,25,00,59,86,01,54,5C,06,
391000,0000060D,false,Rx,0,8,0D,10,83,B6,09,20,70,00,
401000,00000054,false,Rx,0,8,01,05,0B,01,D2,02,00,00,
401000,00000055,false,Rx,0,8,10,27,00,00,00,00,00,00,
401000,00000056,false,Rx,0,8,10,27,00,00,00,00,00,00,
401000,00000057,false,Rx,0,8,00,00,FE,FF,FE,FF,00,00,
420000,000002C4,false,Rx,0,8,09,20,00,00,D2,02,00,00,
420000,000002C5,false,Rx,0,8,00,00,00,00,00,00,00,00,
420000,000002C6,false,Rx,0,8,32,00,7C,01,00,00,00,00,
428000,00000625,false,Rx,0,8,25,00,59,86,01,54,5C,06,
491000,0000060D,false,Rx,0,8,0D,10,83,B6,09,20,70,00,
528000,00000625,false,Rx,0,8,25,00,59,86,01,54,5C,06,
591000,0000060D,false,Rx,0,8,0D,10,83,B6,09,20,70,00,
601000,00000054,false,Rx,0,8,01,05,0B,01,D2,02,00,00,
601000,00000055,false,Rx,0,8,10,27,00,00,00,00,00,00,
601000,00000056,false,Rx,0,8,10,27,00,00,00,00,00,00,
601000,00000057,false,Rx,0,8,00,00,FE,FF,FE,FF,00,00,
629000,00000625,false,Rx,0,8,25,00,59,86,01,54,5C,06,
640000,000002C4,false,Rx,0,8,09,20,00,00,D2,02,00,00,
640000,000002C5,false,Rx,0,8,00,00,00,00,00,00,00,00,
640000,000002C6,false,Rx,0,8,32,00,7C,01,00,00,00,00,
691000,0000060D,false,Rx,0,8,0D,10,83,B6,09,20,70,00,
729000,00000625,false,Rx,0,8,25,00,59,86,01,54,5C,06,
790000,0000060D,false,Rx,0,8,0D,10,83,B6,09,20,70,00,
800000,00000054,false,Rx,0,8,01,05,0B,01,D2,02,00,00,
801000,00000055,false,Rx,0,8,10,27,00,00,00,00,00,00,
801000,00000056,false,Rx,0,8,10,27,00,00,00,00,00,00,
801000,00000057,false,Rx,0,8,00,00,FE,FF,FE,FF,00,00,
829000,00000625,false,Rx,0,8,25,00,59,86,01,54,5C,06,
0,000002C4,false,Rx,0,8,09,20,00,00,D2,02,00,00,
0,000002C5,false,Rx,0,8,00,00,00,00,00,00,00,00,
861000,000002C6,false,Rx,0,8,32,00,7C,01,00,00,00,00,
891000,0000060D,false,Rx,0,8,0D,10,83,B6,09,20,70,00,
929000,00000625,false,Rx,0,8,25,00,59,86,01,54,5C,06,
990000,0000060D,false,Rx,0,8,0D,10,83,B6,09,20,70,00,
0,00000054,false,Rx,0,8,01,05,0B,01,D2,02,00,00,
0,00000055,false,Rx,0,8,10,27,00,00,00,00,00,00,
1000,00000056,false,Rx,0,8,10,27,00,00,00,00,00,00,
2000,00000057,false,Rx,0,8,00,00,FE,FF,FE,FF,00,00,
29000,00000625,false,Rx,0,8,25,00,59,86,01,54,5C,06,
0,000002C4,false,Rx,0,8,09,20,00,00,D2,02,00,00,
0,000002C5,false,Rx,0,8,00,00,00,00,00,00,00,00,
0,000002C6,false,Rx,0,8,32,00,7C,01,00,00,00,00,
92000,0000060D,false,Rx,0,8,0D,10,83,B6,09,20,70,00,
129000,00000625,false,Rx,0,8,25,00,59,86,01,54,5C,06,
191000,0000060D,false,Rx,0,8,0D,10,83,B6,09,20,70,00,
200000,00000054,false,Rx,0,8,01,05,0B,01,D2,02,00,00,
201000,00000055,false,Rx,0,8,10,27,00,00,00,00,00,00,
201000,00000056,false,Rx,0,8,10,27,00,00,00,00,00,00,
201000,00000057,false,Rx,0,8,00,00,FE,FF,FE,FF,00,00,
228000,00000625,false,Rx,0,8,25,00,59,86,01,54,5C,06,
291000,0000060D,false,Rx,0,8,0D,10,83,B6,09,20,70,00,
0,000002C4,false,Rx,0,8,09,20,00,00,D2,02,00,00,
0,000002C5,false,Rx,0,8,00,00,00,00,00,00,00,00,
300000,000002C6,false,Rx,0,8,32,00,7C,01,00,00,00,00,
329000,00000625,false,Rx,0,8,25,00,59,86,01,54,5C,06,
391000,0000060D,false,Rx,0,8,0D,10,83,B6,09,20,70,00,
401000,00000054,false,Rx,0,8,01,05,0B,01,D2,02,00,00,
401000,00000055,false,Rx,0,8,10,27,00,00,00,00,00,00,
401000,00000056,false,Rx,0,8,10,27,00,00,00,00,00,00,
402000,00000057,false,Rx,0,8,00,00,FE,FF,FE,FF,00,00,
429000,00000625,false,Rx,0,8,25,00,59,86,01,54,5C,06,
491000,0000060D,false,Rx,0,8,0D,10,83,B6,09,20,70,00,
0,000002C4,false,Rx,0,8,09,20,00,00,D2,02,00,00,
0,000002C5,false,Rx,0,8,00,00,00,00,00,00,00,00,
520000,000002C6,false,Rx,0,8,32,00,7C,01,00,00,00,00,
529000,00000625,false,Rx,0,8,25,00,59,86,01,54,5C,06,
590000,0000060D,false,Rx,0,8,0D,10,83,B6,09,20,70,00,
600000,00000054,false,Rx,0,8,01,05,0B,01,D2,02,00,00,
601000,00000055,false,Rx,0,8,10,27,00,00,00,00,00,00,
0,00000056,false,Rx,0,8,10,27,00,00,00,00,00,00,
0,00000057,false,Rx,0,8,00,00,FE,FF,FE,FF,00,00,
628000,00000625,false,Rx,0,8,25,00,59,86,01,54,5C,06,
691000,0000060D,false,Rx,0,8,0D,10,83,B6,09,20,70,00,
728000,00000625,false,Rx,0,8,25,00,59,86,01,54,5C,06,
0,000002C4,false,Rx,0,8,09,20,00,00,D2,02,00,00,
0,000002C5,false,Rx,0,8,00,00,00,00,00,00,00,00,
741000,000002C6,false,Rx,0,8,32,00,7C,01,00,00,00,00,
791000,0000060D,false,Rx,0,8,0D,10,83,B6,09,20,70,00,
800000,00000054,false,Rx,0,8,01,05,0B,01,D2,02,00,00,
800000,00000055,false,Rx,0,8,10,27,00,00,00,00,00,00,
800000,00000056,false,Rx,0,8,10,27,00,00,00,00,00,00,
801000,00000057,false,Rx,0,8,00,00,FE,FF,FE,FF,00,00,
829000,00000625,false,Rx,0,8,25,00,59,86,01,54,5C,06,
892000,0000060D,false,Rx,0,8,0D,10,83,B6,09,20,70,00,
929000,00000625,false,Rx,0,8,25,00,59,86,01,54,5C,06,
960000,000002C4,false,Rx,0,8,09,20,00,00,D2,02,00,00,
960000,000002C5,false,Rx,0,8,00,00,00,00,00,00,00,00,
961000,000002C6,false,Rx,0,8,32,00,7C,01,00,00,00,00,
991000,0000060D,false,Rx,0,8,0D,10,83,B6,09,20,70,00,
0,00000054,false,Rx,0,8,01,05,0B,01,D2,02,00,00,
0,00000055,false,Rx,0,8,10,27,00,00,00,00,00,00,
0,00000056,false,Rx,0,8,10,27,00,00,00,00,00,00,
0,00000057,false,Rx,0,8,00,00,FE,FF,FE,FF,00,00,
29000,00000625,false,Rx,0,8,25,00,59,86,01,54,5C,06,
91000,0000060D,false,Rx,0,8,0D,10,83,B6,09,20,70,00,
129000,00000625,false,Rx,0,8,25,00,59,86,01,54,5C,06,
179000,000002C4,false,Rx,0,8,09,20,00,00,D2,02,00,00,
180000,000002C5,false,Rx,0,8,00,00,00,00,00,00,00,00,
180000,000002C6,false,Rx,0,8,32,00,7C,01,00,00,00,00,
190000,0000060D,false,Rx,0,8,0D,10,83,B6,09,20,70,00,
201000,00000054,false,Rx,0,8,01,05,0B,01,D2,02,00,00,
201000,00000055,false,Rx,0,8,10,27,00,00,00,00,00,00,
201000,00000056,false,Rx,0,8,10,27,00,00,00,00,00,00,
201000,00000057,false,Rx,0,8,00,00,FE,FF,FE,FF,00,00,
229000,00000625,false,Rx,0,8,25,00,59,86,01,54,5C,06,
290000,0000060D,false,Rx,0,8,0D,10,83,B6,09,20,70,00,
328000,00000625,false,Rx,0,8,25,00,59,86,01,54,5C,06,
391000,0000060D,false,Rx,0,8,0D,10,83,B6,09,20,70,00,
400000,000002C4,false,Rx,0,8,09,20,00,00,D2,02,00,00,
400000,000002C5,false,Rx,0,8,00,00,00,00,00,00,00,00,
400000,000002C6,false,Rx,0,8,32,00,7C,01,00,00,00,00,
401000,00000054,false,Rx,0,8,01,05,0B,01,CE,02,00,00,
401000,00000055,false,Rx,0,8,10,27,00,00,00,00,00,00,
401000,00000056,false,Rx,0,8,10,27,00,00,00,00,00,00,
401000,00000057,false,Rx,0,8,00,00,FE,FF,FE,FF,00,00,
402000,00000065,false,Rx,0,8,CE,02,03,00,00,00,00,00,
428000,00000625,false,Rx,0,8,25,00,59,86,01,54,5C,06,
491000,0000060D,false,Rx,0,8,0D,10,83,B6,09,20,70,00,
529000,00000625,false,Rx,0,8,25,00,59,86,01,54,5C,06,
552000,00000065,false,Rx,0,8,CE,02,03,00,00,00,00,00,
592000,0000060D,false,Rx,0,8,0D,10,83,B6,09,20,70,00,
600000,00000054,false,Rx,0,8,01,05,0B,01,CE,02,00,00,
600000,00000055,false,Rx,0,8,10,27,00,00,00,00,00,00,
600000,00000056,false,Rx,0,8,10,27,00,00,00,00,00,00,
601000,00000057,false,Rx,0,8,00,00,FE,FF,FE,FF,00,00,
619000,000002C4,false,Rx,0,8,09,20,00,00,CE,02,00,00,
619000,000002C5,false,Rx,0,8,00,00,00,00,00,00,00,00,
620000,000002C6,false,Rx,0,8,32,00,7C,01,00,00,00,00,
628000,00000625,false,Rx,0,8,25,00,59,86,01,54,5C,06,
691000,0000060D,false,Rx,0,8,0D,10,83,B6,09,20,70,00,
701000,00000065,false,Rx,0,8,CE,02,03,00,00,00,00,00,
728000,00000625,false,Rx,0,8,25,00,59,86,01,54,5C,06,
790000,0000060D,false,Rx,0,8,0D,10,83,B6,09,20,70,00,
801000,00000054,false,Rx,0,8,01,05,0B,01,CE,02,00,00,
801000,00000055,false,Rx,0,8,10,27,00,00,00,00,00,00,
801000,00000056,false,Rx,0,8,10,27,00,00,00,00,00,00,
801000,00000057,false,Rx,0,8,00,00,FE,FF,FE,FF,00,00,
830000,00000625,false,Rx,0,8,25,00,59,86,01,54,5C,06,
0,000002C4,false,Rx,0,8,09,20,00,00,CE,02,00,00,
0,000002C5,false,Rx,0,8,00,00,00,00,00,00,00,00,
0,000002C6,false,Rx,0,8,32,00,7C,01,00,00,00,00,
851000,00000065,false,Rx,0,8,CE,02,03,00,00,00,00,00,
892000,0000060D,false,Rx,0,8,0D,10,83,B6,09,20,70,00,
929000,00000625,false,Rx,0,8,25,00,59,86,01,54,5C,06,
991000,0000060D,false,Rx,0,8,0D,10,83,B6,09,20,70,00,
0,00000054,false,Rx,0,8,01,05,0B,01,CE,02,00,00,
1000,00000055,false,Rx,0,8,10,27,00,00,00,00,00,00,
1000,00000056,false,Rx,0,8,10,27,00,00,00,00,00,00,
1000,00000057,false,Rx,0,8,00,00,FE,FF,FE,FF,00,00,
28000,00000625,false,Rx,0,8,25,00,59,86,01,54,5C,06,
60000,000002C4,false,Rx,0,8,09,20,00,00,CE,02,00,00,
60000,000002C5,false,Rx,0,8,00,00,00,00,00,00,00,00,
60000,000002C6,false,Rx,0,8,32,00,7C,01,00,00,00,00,
91000,0000060D,false,Rx,0,8,0D,10,83,B6,09,20,70,00,
128000,00000625,false,Rx,0,8,25,00,59,86,01,54,5C,06,
191000,0000060D,false,Rx,0,8,0D,10,83,B6,09,20,70,00,
201000,00000054,false,Rx,0,8,01,05,0B,01,CE,02,00,00,
201000,00000055,false,Rx,0,8,10,27,00,00,00,00,00,00,
202000,00000056,false,Rx,0,8,10,27,00,00,00,00,00,00,
202000,00000057,false,Rx,0,8,00,00,FE,FF,FE,FF,00,00,
229000,00000625,false,Rx,0,8,25,00,59,86,01,54,5C,06,
279000,000002C4,false,Rx,0,8,09,20,00,00,CE,02,00,00,
279000,000002C5,false,Rx,0,8,00,00,00,00,00,00,00,00,
280000,000002C6,false,Rx,0,8,32,00,7C,01,00,00,00,00,
290000,0000060D,false,Rx,0,8,0D,10,83,B6,09,20,70,00,
328000,00000625,false,Rx,0,8,25,00,59,86,01,54,5C,06,
390000,0000060D,false,Rx,0,8,0D,10,83,B6,09,20,70,00,
400000,00000054,false,Rx,0,8,01,05,0B,01,CE,02,00,00,
401000,00000055,false,Rx,0,8,10,27,00,00,00,00,00,00,
401000,00000056,false,Rx,0,8,10,27,00,00,00,00,00,00,
401000,00000057,false,Rx,0,8,00,00,FE,FF,FE,FF,00,00,
429000,00000625,false,Rx,0,8,25,00,59,86,01,54,5C,06,
490000,0000060D,false,Rx,0,8,0D,10,83,B6,09,20,70,00,
0,000002C4,false,Rx,0,8,09,20,00,00,CE,02,00,00,
0,000002C5,false,Rx,0,8,00,00,00,00,00,00,00,00,
0,000002C6,false,Rx,0,8,32,00,7C,01,00,00,00,00,
529000,00000625,false,Rx,0,8,25,00,59,86,01,54,5C,06,
591000,0000060D,false,Rx,0,8,0D,10,83,B6,09,20,70,00,
600000,00000054,false,Rx,0,8,01,05,0B,01,CE,02,00,00,
600000,00000055,false,Rx,0,8,10,27,00,00,00,00,00,00,
601000,00000056,false,Rx,0,8,10,27,00,00,00,00,00,00,
601000,00000057,false,Rx,0,8,00,00,FE,FF,FE,FF,00,00,
629000,00000625,false,Rx,0,8,25,00,59,86,01,54,5C,06,
691000,0000060D,false,Rx,0,8,0D,10,83,B6,09,20,70,00,
0,000002C4,false,Rx,0,8,09,20,00,00,CE,02,00,00,
0,000002C5,false,Rx,0,8,00,00,00,00,00,00,00,00,
720000,000002C6,false,Rx,0,8,32,00,7C,01,00,00,00,00,
728000,00000625,false,Rx,0,8,25,00,59,86,01,54,5C,06,
790000,0000060D,false,Rx,0,8,0D,10,83,B6,09,20,70,00,
0,00000054,false,Rx,0,8,01,05,0B,01,CE,02,00,00,
0,00000055,false,Rx,0,8,10,27,00,00,00,00,00,00,
0,00000056,false,Rx,0,8,10,27,00,00,00,00,00,00,
0,00000057,false,Rx,0,8,00,00,FE,FF,FE,FF,00,00,
829000,00000625,false,Rx,0,8,25,00,59,86,01,54,5C,06,
891000,0000060D,false,Rx,0,8,0D,10,83,B6,09,20,70,00,
929000,00000625,false,Rx,0,8,25,00,59,86,01,54,5C,06,
0,000002C4,false,Rx,0,8,09,20,00,00,CE,02,00,00,
0,000002C5,false,Rx,0,8,00,00,00,00,00,00,00,00,
941000,000002C6,false,Rx,0,8,32,00,7C,01,00,00,00,00,
990000,0000060D,false,Rx,0,8,0D,10,83,B6,09,20,70,00,
0,00000054,false,Rx,0,8,01,05,0B,01,CE,02,00,00,
0,00000055,false,Rx,0,8,10,27,00,00,00,00,00,00,
1000,00000056,false,Rx,0,8,10,27,00,00,00,00,00,00,
1000,00000057,false,Rx,0,8,00,00,FE,FF,FE,FF,00,00,
29000,00000625,false,Rx,0,8,25,00,59,86,01,54,5C,06,
91000,0000060D,false,Rx,0,8,0D,10,83,B6,09,20,70,00,
129000,00000625,false,Rx,0,8,25,00,59,86,01,54,5C,06,
160000,000002C4,false,Rx,0,8,09,20,00,00,CE,02,00,00,
160000,000002C5,false,Rx,0,8,00,00,00,00,00,00,00,00,
161000,000002C6,false,Rx,0,8,32,00,7C,01,00,00,00,00,
191000,0000060D,false,Rx,0,8,0D,10,83,B6,09,20,70,00,
200000,00000054,false,Rx,0,8,01,05,0B,01,CE,02,00,00,
201000,00000055,false,Rx,0,8,10,27,00,00,00,00,00,00,
0,00000056,false,Rx,0,8,10,27,00,00,00,00,00,00,
0,00000057,false,Rx,0,8,00,00,FE,FF,FE,FF,00,00,
229000,00000625,false,Rx,0,8,25,00,59,86,01,54,5C,06,
290000,0000060D,false,Rx,0,8,0D,10,83,B6,09,20,70,00,
329000,00000625,false,Rx,0,8,25,00,59,86,01,54,5C,06,
380000,000002C4,false,Rx,0,8,09,20,00,00,CE,02,00,00,
380000,000002C5,false,Rx,0,8,00,00,00,00,00,00,00,00,
380000,000002C6,false,Rx,0,8,32,00,7C,01,00,00,00,00,
391000,0000060D,false,Rx,0,8,0D,10,83,B6,09,20,70,00,
401000,00000054,false,Rx,0,8,01,05,0B,01,CE,02,00,00,
401000,00000055,false,Rx,0,8,10,27,00,00,00,00,00,00,
401000,00000056,false,Rx,0,8,10,27,00,00,00,00,00,00,
401000,00000057,false,Rx,0,8,00,00,FE,FF,FE,FF,00,00,
429000,00000625,false,Rx,0,8,25,00,59,86,01,54,5C,06,
491000,0000060D,false,Rx,0,8,0D,10,83,B6,09,20,70,00,
529000,00000625,false,Rx,0,8,25,00,59,86,01,54,5C,06,
591000,0000060D,false,Rx,0,8,0D,10,83,B6,09,20,70,00,
600000,000002C4,false,Rx,0,8,09,20,00,00,CE,02,00,00,
600000,000002C5,false,Rx,0,8,00,00,00,00,00,00,00,00,
601000,000002C6,false,Rx,0,8,32,00,7C,01,00,00,00,00,
601000,00000054,false,Rx,0,8,01,05,0B,01,CE,02,00,00,
601000,00000055,false,Rx,0,8,10,27,00,00,00,00,00,00,
601000,00000056,false,Rx,0,8,10,27,00,00,00,00,00,00,
602000,00000057,false,Rx,0,8,00,00,FE,FF,FE,FF,00,00,
629000,00000625,false,Rx,0,8,25,00,59,86,01,54,5C,06,
691000,0000060D,false,Rx,0,8,0D,10,83,B6,09,20,70,00,
729000,00000625,false,Rx,0,8,25,00,59,86,01,54,5C,06,
790000,0000060D,false,Rx,0,8,0D,10,83,B6,09,20,70,00,
800000,00000054,false,Rx,0,8,01,05,0B,01,CE,02,00,00,
801000,00000055,false,Rx,0,8,10,27,00,00,00,00,00,00,
801000,00000056,false,Rx,0,8,10,27,00,00,00,00,00,00,
801000,00000057,false,Rx,0,8,00,00,FE,FF,FE,FF,00,00,
819000,000002C4,false,Rx,0,8,09,20,00,00,CE,02,00,00,
819000,000002C5,false,Rx,0,8,00,00,00,00,00,00,00,00,
820000,000002C6,false,Rx,0,8,32,00,7C,01,00,00,00,00,
828000,00000625,false,Rx,0,8,25,00,59,86,01,54,5C,06,
891000,0000060D,false,Rx,0,8,0D,10,83,B6,09,20,70,00,
929000,00000625,false,Rx,0,8,25,00,59,86,01,54,5C,06,
991000,0000060D,false,Rx,0,8,0D,10,83,B6,09,20,70,00,
0,00000054,false,Rx,0,8,01,05,0B,01,CE,02,00,00,
0,00000055,false,Rx,0,8,10,27,00,00,00,00,00,00,
0,00000056,false,Rx,0,8,10,27,00,00,00,00,00,00,
0,00000057,false,Rx,0,8,00,00,FE,FF,FE,FF,00,00,
28000,00000625,false,Rx,0,8,25,00,59,86,01,54,5C,06,
40000,000002C4,false,Rx,0,8,09,20,00,00,CE,02,00,00,
40000,000002C5,false,Rx,0,8,00,00,00,00,00,00,00,00,
40000,000002C6,false,Rx,0,8,32,00,7C,01,00,00,00,00,
91000,0000060D,false,Rx,0,8,0D,10,83,B6,09,20,70,00,
129000,00000625,false,Rx,0,8,25,00,59,86,01,54,5C,06,
191000,0000060D,false,Rx,0,8,0D,10,83,B6,09,20,70,00,
201000,00000054,false,Rx,0,8,01,05,0B,01,CE,02,00,00,
201000,00000055,false,Rx,0,8,10,27,00,00,00,00,00,00,
201000,00000056,false,Rx,0,8,10,27,00,00,00,00,00,00,
201000,00000057,false,Rx,0,8,00,00,FE,FF,FE,FF,00,00,
229000,00000625,false,Rx,0,8,25,00,59,86,01,54,5C,06,
260000,000002C4,false,Rx,0,8,09,20,00,00,CE,02,00,00,
260000,000002C5,false,Rx,0,8,00,00,00,00,00,00,00,00,
261000,000002C6,false,Rx,0,8,32,00,7C,01,00,00,00,00,
291000,0000060D,false,Rx,0,8,0D,10,83,B6,09,20,70,00,
329000,00000625,false,Rx,0,8,25,00,59,86,01,54,5C,06,
392000,0000060D,false,Rx,0,8,0D,10,83,B6,09,20,70,00,
0,00000054,false,Rx,0,8,01,05,0B,01,CE,02,00,00,
0,00000055,false,Rx,0,8,10,27,00,00,00,00,00,00,
402000,00000056,false,Rx,0,8,10,27,00,00,00,00,00,00,
402000,00000057,false,Rx,0,8,00,00,FE,FF,FE,FF,00,00,
429000,00000625,false,Rx,0,8,25,00,59,86,01,54,5C,06,
0,000002C4,false,Rx,0,8,09,20,00,00,CE,02,00,00,
0,000002C5,false,Rx,0,8,00,00,00,00,00,00,00,00,
481000,000002C6,false,Rx,0,8,32,00,7C,01,00,00,00,00,
491000,0000060D,false,Rx,0,8,0D,10,83,B6,09,20,70,00,
529000,00000625,false,Rx,0,8,25,00,59,86,01,54,5C,06,
590000,0000060D,false,Rx,0,8,0D,10,83,B6,09,20,70,00,
0,00000054,false,Rx,0,8,01,05,0B,01,CE,02,00,00,
0,00000055,false,Rx,0,8,10,27,00,00,00,00,00,00,
601000,00000056,false,Rx,0,8,10,27,00,00,00,00,00,00,
601000,00000057,false,Rx,0,8,00,00,FE,FF,FE,FF,00,00,
629000,00000625,false,Rx,0,8,25,00,59,86,01,54,5C,06,
690000,0000060D,false,Rx,0,8,0D,10,83,B6,09,20,70,00,
700000,000002C4,false,Rx,0,8,09,20,00,00,CE,02,00,00,
700000,000002C5,false,Rx,0,8,00,00,00,00,00,00,00,00,
700000,000002C6,false,Rx,0,8,32,00,7C,01,00,00,00,00,
728000,00000625,false,Rx,0,8,25,00,59,86,01,54,5C,06,
791000,0000060D,false,Rx,0,8,0D,10,83,B6,09,20,70,00,
801000,00000054,false,Rx,0,8,01,05,0B,01,CE,02,00,00,
801000,00000055,false,Rx,0,8,10,27,00,00,00,00,00,00,
801000,00000056,false,Rx,0,8,10,27,00,00,00,00,00,00,
802000,00000057,false,Rx,0,8,00,00,FE,FF,FE,FF,00,00,
829000,00000625,false,Rx,0,8,25,00,59,86,01,54,5C,06,
891000,0000060D,false,Rx,0,8,0D,10,83,B6,09,20,70,00,
920000,000002C4,false,Rx,0,8,09,20,00,00,CE,02,00,00,
920000,000002C5,false,Rx,0,8,00,00,00,00,00,00,00,00,
921000,000002C6,false,Rx,0,8,32,00,7C,01,00,00,00,00,
928000,00000625,false,Rx,0,8,25,00,59,86,01,54,5C,06,
991000,0000060D,false,Rx,0,8,0D,10,83,B6,09,20,70,00,
0,00000054,false,Rx,0,8,01,05,0B,01,CE,02,00,00,
0,00000055,false,Rx,0,8,10,27,00,00,00,00,00,00,
0,00000056,false,Rx,0,8,10,27,00,00,00,00,00,00,
0,00000057,false,Rx,0,8,00,00,FE,FF,FE,FF,00,00,
28000,00000625,false,Rx,0,8,25,00,59,86,01,54,5C,06,
91000,0000060D,false,Rx,0,8,0D,10,83,B6,09,20,70,00,
129000,00000625,false,Rx,0,8,25,00,59,86,01,54,5C,06,
140000,000002C4,false,Rx,0,8,09,20,00,00,CE,02,00,00,
0,000002C5,false,Rx,0,8,00,00,00,00,00,00,00,00,
0,000002C6,false,Rx,0,8,32,00,7C,01,00,00,00,00,
191000,0000060D,false,Rx,0,8,0D,10,83,B6,09,20,70,00,
201000,00000054,false,Rx,0,8,01,05,0B,01,CE,02,00,00,
201000,00000055,false,Rx,0,8,10,27,00,00,00,00,00,00,
201000,00000056,false,Rx,0,8,10,27,00,00,00,00,00,00,
201000,00000057,false,Rx,0,8,00,00,FE,FF,FE,FF,00,00,
229000,00000625,false,Rx,0,8,25,00,59,86,01,54,5C,06,
291000,0000060D,false,Rx,0,8,0D,10,83,B6,09,20,70,00,
330000,00000625,false,Rx,0,8,25,00,59,86,01,54,5C,06,
360000,000002C4,false,Rx,0,8,09,20,00,00,CE,02,00,00,
360000,000002C5,false,Rx,0,8,00,00,00,00,00,00,00,00,
361000,000002C6,false,Rx,0,8,32,00,7C,01,00,00,00,00,
390000,0000060D,false,Rx,0,8,0D,10,83,B6,09,20,70,00,
401000,00000054,false,Rx,0,8,01,05,0B,01,CE,02,00,00,
401000,00000055,false,Rx,0,8,10,27,00,00,00,00,00,00,
401000,00000056,false,Rx,0,8,10,27,00,00,00,00,00,00,
401000,00000057,false,Rx,0,8,00,00,FE,FF,FE,FF,00,00,
429000,00000625,false,Rx,0,8,25,00,59,86,01,54,5C,06,
491000,0000060D,false,Rx,0,8,0D,10,83,B6,09,20,70,00,
528000,00000625,false,Rx,0,8,25,00,59,86,01,54,5C,06,
0,000002C4,false,Rx,0,8,09,20,00,00,CE,02,00,00,
0,000002C5,false,Rx,0,8,00,00,00,00,00,00,00,00,
0,000002C6,false,Rx,0,8,32,00,7C,01,00,00,00,00,
591000,0000060D,false,Rx,0,8,0D,10,83,B6,09,20,70,00,
601000,00000054,false,Rx,0,8,01,05,0B,01,CE,02,00,00,
601000,00000055,false,Rx,0,8,10,27,00,00,00,00,00,00,
601000,00000056,false,Rx,0,8,10,27,00,00,00,00,00,00,
601000,00000057,false,Rx,0,8,00,00,FE,FF,FE,FF,00,00,
628000,00000625,false,Rx,0,8,25,00,59,86,01,54,5C,06,
691000,0000060D,false,Rx,0,8,0D,10,83,B6,09,20,70,00,
729000,00000625,false,Rx,0,8,25,00,59,86,01,54,5C,06,
791000,0000060D,false,Rx,0,8,0D,10,83,B6,09,20,70,00,
799000,000002C4,false,Rx,0,8,09,20,00,00,CE,02,00,00,
799000,000002C5,false,Rx,0,8,00,00,00,00,00,00,00,00,
0,000002C6,false,Rx,0,8,32,00,7C,01,00,00,00,00,
0,00000054,false,Rx,0,8,01,05,0B,01,CE,02,00,00,
800000,00000055,false,Rx,0,8,10,27,00,00,00,00,00,00,
0,00000056,false,Rx,0,8,10,27,00,00,00,00,00,00,
0,00000057,false,Rx,0,8,00,00,FE,FF,FE,FF,00,00,
828000,00000625,false,Rx,0,8,25,00,59,86,01,54,5C,06,
891000,0000060D,false,Rx,0,8,0D,10,83,B6,09,20,70,00,
929000,00000625,false,Rx,0,8,25,00,59,86,01,54,5C,06,
991000,0000060D,false,Rx,0,8,0D,10,83,B6,09,20,70,00,
0,00000054,false,Rx,0,8,01,05,0B,01,CE,02,00,00,
0,00000055,false,Rx,0,8,10,27,00,00,00,00,00,00,
1000,00000056,false,Rx,0,8,10,27,00,00,00,00,00,00,
1000,00000057,false,Rx,0,8,00,00,FE,FF,FE,FF,00,00,
0,000002C4,false,Rx,0,8,09,20,00,00,CE,02,00,00,
0,000002C5,false,Rx,0,8,00,00,00,00,00,00,00,00,
20000,000002C6,false,Rx,0,8,32,00,7C,01,00,00,00,00,
29000,00000625,false,Rx,0,8,25,00,59,86,01,54,5C,06,
91000,0000060D,false,Rx,0,8,0D,10,83,B6,09,20,70,00,
129000,00000625,false,Rx,0,8,25,00,59,86,01,54,5C,06,
191000,0000060D,false,Rx,0,8,0D,10,83,B6,09,20,70,00,
201000,00000054,false,Rx,0,8,01,05,0B,01,CE,02,00,00,
201000,00000055,false,Rx,0,8,10,27,00,00,00,00,00,00,
201000,00000056,false,Rx,0,8,10,27,00,00,00,00,00,00,
201000,00000057,false,Rx,0,8,00,00,FE,FF,FE,FF,00,00,
229000,00000625,false,Rx,0,8,25,00,59,86,01,54,5C,06,
240000,000002C4,false,Rx,0,8,09,20,00,00,CE,02,00,00,
240000,000002C5,false,Rx,0,8,00,00,00,00,00,00,00,00,
241000,000002C6,false,Rx,0,8,32,00,7C,01,00,00,00,00,
291000,0000060D,false,Rx,0,8,0D,10,83,B6,09,20,70,00,
329000,00000625,false,Rx,0,8,25,00,59,86,01,54,5C,06,
391000,0000060D,false,Rx,0,8,0D,10,83,B6,09,20,70,00,
401000,00000054,false,Rx,0,8,01,05,0B,01,CE,02,00,00,
401000,00000055,false,Rx,0,8,10,27,00,00,00,00,00,00,
401000,00000056,false,Rx,0,8,10,27,00,00,00,00,00,00,
401000,00000057,false,Rx,0,8,00,00,FE,FF,FE,FF,00,00,
428000,00000625,false,Rx,0,8,25,00,59,86,01,54,5C,06,
460000,000002C4,false,Rx,0,8,09,20,00,00,CE,02,00,00,
460000,000002C5,false,Rx,0,8,00,00,00,00,00,00,00,00,
460000,000002C6,false,Rx,0,8,32,00,7C,01,00,00,00,00,
491000,0000060D,false,Rx,0,8,0D,10,83,B6,09,20,70,00,
529000,00000625,false,Rx,0,8,25,00,59,86,01,54,5C,06,
592000,0000060D,false,Rx,0,8,0D,10,83,B6,09,20,70,00,
601000,00000054,false,Rx,0,8,01,05,0B,01,CE,02,00,00,
601000,00000055,false,Rx,0,8,10,27,00,00,00,00,00,00,
601000,00000056,false,Rx,0,8,10,27,00,00,00,00,00,00,
601000,00000057,false,Rx,0,8,00,00,FE,FF,FE,FF,00,00,
628000,00000625,false,Rx,0,8,25,00,59,86,01,54,5C,06,
680000,000002C4,false,Rx,0,8,09,20,00,00,CE,02,00,00,
680000,000002C5,false,Rx,0,8,00,00,00,00,00,00,00,00,
680000,000002C6,false,Rx,0,8,32,00,7C,01,00,00,00,00,
691000,0000060D,false,Rx,0,8,0D,10,83,B6,09,20,70,00,
730000,00000625,false,Rx,0,8,25,00,59,86,01,54,5C,06,
791000,0000060D,false,Rx,0,8,0D,10,83,B6,09,20,70,00,
800000,00000054,false,Rx,0,8,01,05,0B,01,CE,02,00,00,
801000,00000055,false,Rx,0,8,10,27,00,00,00,00,00,00,
801000,00000056,false,Rx,0,8,10,27,00,00,00,00,00,00,
801000,00000057,false,Rx,0,8,00,00,FE,FF,FE,FF,00,00,
829000,00000625,false,Rx,0,8,25,00,59,86,01,54,5C,06,
890000,0000060D,false,Rx,0,8,0D,10,83,B6,09,20,70,00,
900000,000002C4,false,Rx,0,8,09,20,00,00,CE,02,00,00,
900000,000002C5,false,Rx,0,8,00,00,00,00,00,00,00,00,
900000,000002C6,false,Rx,0,8,32,00,7C,01,00,00,00,00,
929000,00000625,false,Rx,0,8,25,00,59,86,01,54,5C,06,
991000,0000060D,false,Rx,0,8,0D,10,83,B6,09,20,70,00,
1000,00000054,false,Rx,0,8,01,05,0B,01,CE,02,00,00,
1000,00000055,false,Rx,0,8,10,27,00,00,00,00,00,00,
1000,00000056,false,Rx,0,8,10,27,00,00,00,00,00,00,
1000,00000057,false,Rx,0,8,00,00,FE,FF,FE,FF,00,00,
28000,00000625,false,Rx,0,8,25,00,59,86,01,54,5C,06,
91000,0000060D,false,Rx,0,8,0D,10,83,B6,09,20,70,00,
120000,000002C4,false,Rx,0,8,09,20,00,00,CE,02,00,00,
121000,000002C5,false,Rx,0,8,00,00,00,00,00,00,00,00,
121000,000002C6,false,Rx,0,8,32,00,7C,01,00,00,00,00,
129000,00000625,false,Rx,0,8,25,00,59,86,01,54,5C,06,
190000,0000060D,false,Rx,0,8,0D,10,83,B6,09,20,70,00,
201000,00000054,false,Rx,0,8,01,05,0B,01,CE,02,00,00,
201000,00000055,false,Rx,0,8,10,27,00,00,00,00,00,00,
201000,00000056,false,Rx,0,8,10,27,00,00,00,00,00,00,
201000,00000057,false,Rx,0,8,00,00,FE,FF,FE,FF,00,00,
228000,00000625,false,Rx,0,8,25,00,59,86,01,54,5C,06,
291000,0000060D,false,Rx,0,8,0D,10,83,B6,09,20,70,00,
329000,00000625,false,Rx,0,8,25,00,59,86,01,54,5C,06,
340000,000002C4,false,Rx,0,8,09,20,00,00,CE,02,00,00,
340000,000002C5,false,Rx,0,8,00,00,00,00,00,00,00,00,
340000,000002C6,false,Rx,0,8,32,00,7C,01,00,00,00,00,
390000,0000060D,false,Rx,0,8,0D,10,83,B6,09,20,70,00,
400000,00000054,false,Rx,0,8,01,05,0B,01,CE,02,00,00,
401000,00000055,false,Rx,0,8,10,27,00,00,00,00,00,00,
401000,00000056,false,Rx,0,8,10,27,00,00,00,00,00,00,
401000,00000057,false,Rx,0,8,00,00,FE,FF,FE,FF,00,00,
429000,00000625,false,Rx,0,8,25,00,59,86,01,54,5C,06,
491000,0000060D,false,Rx,0,8,0D,10,83,B6,09,20,70,00,
529000,00000625,false,Rx,0,8,25,00,59,86,01,54,5C,06,
560000,000002C4,false,Rx,0,8,09,20,00,00,CE,02,00,00,
560000,000002C5,false,Rx,0,8,00,00,00,00,00,00,00,00,
561000,000002C6,false,Rx,0,8,32,00,7C,01,00,00,00,00,
591000,0000060D,false,Rx,0,8,0D,10,83,B6,09,20,70,00,
601000,00000054,false,Rx,0,8,01,05,0B,01,CE,02,00,00,
601000,00000055,false,Rx,0,8,10,27,00,00,00,00,00,00,
601000,00000056,false,Rx,0,8,10,27,00,00,00,00,00,00,
602000,00000057,false,Rx,0,8,00,00,FE,FF,FE,FF,00,00,
629000,00000625,false,Rx,0,8,25,00,59,86,01,54,5C,06,
690000,0000060D,false,Rx,0,8,0D,10,83,B6,09,20,70,00,
729000,00000625,false,Rx,0,8,25,00,59,86,01,54,5C,06,
780000,000002C4,false,Rx,0,8,09,20,00,00,CE,02,00,00,
0,000002C5,false,Rx,0,8,00,00,00,00,00,00,00,00,
0,000002C6,false,Rx,0,8,32,00,7C,01,00,00,00,00,
791000,0000060D,false,Rx,0,8,0D,10,83,B6,09,20,70,00,
801000,00000054,false,Rx,0,8,01,05,0B,01,CE,02,00,00,
801000,00000055,false,Rx,0,8,10,27,00,00,00,00,00,00,
0,00000056,false,Rx,0,8,10,27,00,00,00,00,00,00,
0,00000057,false,Rx,0,8,00,00,FE,FF,FE,FF,00,00,
829000,00000625,false,Rx,0,8,25,00,59,86,01,54,5C,06,
890000,0000060D,false,Rx,0,8,0D,10,83,B6,09,20,70,00,
929000,00000625,false,Rx,0,8,25,00,59,86,01,54,5C,06,
991000,0000060D,false,Rx,0,8,0D,10,83,B6,09,20,70,00,
0,000002C4,false,Rx,0,8,09,20,00,00,CE,02,00,00,
0,000002C5,false,Rx,0,8,00,00,00,00,00,00,00,00,
0,000002C6,false,Rx,0,8,32,00,7C,01,00,00,00,00,
0,00000054,false,Rx,0,8,01,05,0B,01,CE,02,00,00,
1000,00000055,false,Rx,0,8,10,27,00,00,00,00,00,00,
0,00000056,false,Rx,0,8,10,27,00,00,00,00,00,00,
0,00000057,false,Rx,0,8,00,00,FE,FF,FE,FF,00,00,
29000,00000625,false,Rx,0,8,25,00,59,86,01,54,5C,06,
91000,0000060D,false,Rx,0,8,0D,10,83,B6,09,20,70,00,
129000,00000625,false,Rx,0,8,25,00,59,86,01,54,5C,06,
191000,0000060D,false,Rx,0,8,0D,10,83,B6,09,20,70,00,
200000,00000054,false,Rx,0,8,01,05,0B,01,CE,02,00,00,
200000,00000055,false,Rx,0,8,10,27,00,00,00,00,00,00,
201000,00000056,false,Rx,0,8,10,27,00,00,00,00,00,00,
201000,00000057,false,Rx,0,8,00,00,FE,FF,FE,FF,00,00,
219000,000002C4,false,Rx,0,8,09,20,00,00,CE,02,00,00,
220000,000002C5,false,Rx,0,8,00,00,00,00,00,00,00,00,
220000,000002C6,false,Rx,0,8,32,00,7C,01,00,00,00,00,
228000,00000625,false,Rx,0,8,25,00,59,86,01,54,5C,06,
291000,0000060D,false,Rx,0,8,0D,10,83,B6,09,20,70,00,
329000,00000625,false,Rx,0,8,25,00,59,86,01,54,5C,06,
391000,0000060D,false,Rx,0,8,0D,10,83,B6,09,20,70,00,
401000,00000054,false,Rx,0,8,01,05,0B,01,CE,02,00,00,
401000,00000055,false,Rx,0,8,10,27,00,00,00,00,00,00,
401000,00000056,false,Rx,0,8,10,27,00,00,00,00,00,00,
402000,00000057,false,Rx,0,8,00,00,FE,FF,FE,FF,00,00,
429000,00000625,false,Rx,0,8,25,00,59,86,01,54,5C,06,
440000,000002C4,false,Rx,0,8,09,20,00,00,CE,02,00,00,
440000,000002C5,false,Rx,0,8,00,00,00,00,00,00,00,00,
441000,000002C6,false,Rx,0,8,32,00,7C,01,00,00,00,00,
490000,0000060D,false,Rx,0,8,0D,10,83,B6,09,20,70,00,
529000,00000625,false,Rx,0,8,25,00,59,86,01,54,5C,06,
590000,0000060D,false,Rx,0,8,0D,10,83,B6,09,20,70,00,
600000,00000054,false,Rx,0,8,01,05,0B,01,CE,02,00,00,
600000,00000055,false,Rx,0,8,10,27,00,00,00,00,00,00,
600000,00000056,false,Rx,0,8,10,27,00,00,00,00,00,00,
601000,00000057,false,Rx,0,8,00,00,FE,FF,FE,FF,00,00,
628000,00000625,false,Rx,0,8,25,00,59,86,01,54,5C,06,
660000,000002C4,false,Rx,0,8,09,20,00,00,CE,02,00,00,
660000,000002C5,false,Rx,0,8,00,00,00,00,00,00,00,00,
661000,000002C6,false,Rx,0,8,32,00,7C,01,00,00,00,00,
690000,0000060D,false,Rx,0,8,0D,10,83,B6,09,20,70,00,
730000,00000625,false,Rx,0,8,25,00,59,86,01,54,5C,06,
791000,0000060D,false,Rx,0,8,0D,10,83,B6,09,20,70,00,
801000,00000054,false,Rx,0,8,01,05,0B,01,CE,02,00,00,
0,00000055,false,Rx,0,8,10,27,00,00,00,00,00,00,
0,00000056,false,Rx,0,8,10,27,00,00,00,00,00,00,
0,00000057,false,Rx,0,8,00,00,FE,FF,FE,FF,00,00,
829000,00000625,false,Rx,0,8,25,00,59,86,01,54,5C,06,
880000,000002C4,false,Rx,0,8,09,20,00,00,CE,02,00,00,
880000,000002C5,false,Rx,0,8,00,00,00,00,00,00,00,00,
880000,000002C6,false,Rx,0,8,32,00,7C,01,00,00,00,00,
891000,0000060D,false,Rx,0,8,0D,10,83,B6,09,20,70,00,
928000,00000625,false,Rx,0,8,25,00,59,86,01,54,5C,06,
991000,0000060D,false,Rx,0,8,0D,10,83,B6,09,20,70,00,
0,00000054,false,Rx,0,8,01,05,0B,01,CE,02,00,00,
0,00000055,false,Rx,0,8,10,27,00,00,00,00,00,00,
0,00000056,false,Rx,0,8,10,27,00,00,00,00,00,00,
0,00000057,false,Rx,0,8,00,00,FE,FF,FE,FF,00,00,
29000,00000625,false,Rx,0,8,25,00,59,86,01,54,5C,06,
91000,0000060D,false,Rx,0,8,0D,10,83,B6,09,20,70,00,
100000,000002C4,false,Rx,0,8,09,20,00,00,CE,02,00,00,
100000,000002C5,false,Rx,0,8,00,00,00,00,00,00,00,00,
101000,000002C6,false,Rx,0,8,32,00,7C,01,00,00,00,00,
129000,00000625,false,Rx,0,8,25,00,59,86,01,54,5C,06,
190000,0000060D,false,Rx,0,8,0D,10,83,B6,09,20,70,00,
201000,00000054,false,Rx,0,8,01,05,0B,01,CE,02,00,00,
0,00000055,false,Rx,0,8,10,27,00,00,00,00,00,00,
0,00000056,false,Rx,0,8,10,27,00,00,00,00,00,00,
202000,00000057,false,Rx,0,8,00,00,FE,FF,FE,FF,00,00,
229000,00000625,false,Rx,0,8,25,00,59,86,01,54,5C,06,
290000,0000060D,false,Rx,0,8,0D,10,83,B6,09,20,70,00,
0,000002C4,false,Rx,0,8,09,20,00,00,CE,02,00,00,
0,000002C5,false,Rx,0,8,00,00,00,00,00,00,00,00,
321000,000002C6,false,Rx,0,8,32,00,7C,01,00,00,00,00,
328000,00000625,false,Rx,0,8,25,00,59,86,01,54,5C,06,
391000,0000060D,false,Rx,0,8,0D,10,83,B6,09,20,70,00,
401000,00000054,false,Rx,0,8,01,05,0B,01,CE,02,00,00,
401000,00000055,false,Rx,0,8,10,27,00,00,00,00,00,00,
401000,00000056,false,Rx,0,8,10,27,00,00,00,00,00,00,
401000,00000057,false,Rx,0,8,00,00,FE,FF,FE,FF,00,00,
429000,00000625,false,Rx,0,8,25,00,59,86,01,54,5C,06,
491000,0000060D,false,Rx,0,8,0D,10,83,B6,09,20,70,00,
529000,00000625,false,Rx,0,8,25,00,59,86,01,54,5C,06,
540000,000002C4,false,Rx,0,8,09,20,00,00,CE,02,00,00,
540000,000002C5,false,Rx,0,8,00,00,00,00,00,00,00,00,
540000,000002C6,false,Rx,0,8,32,00,7C,01,00,00,00,00,
590000,0000060D,false,Rx,0,8,0D,10,83,B6,09,20,70,00,
601000,00000054,false,Rx,0,8,01,05,0B,01,CE,02,00,00,
0,00000055,false,Rx,0,8,10,27,00,00,00,00,00,00,
0,00000056,false,Rx,0,8,10,27,00,00,00,00,00,00,
0,00000057,false,Rx,0,8,00,00,FE,FF,FE,FF,00,00,
629000,00000625,false,Rx,0,8,25,00,59,86,01,54,5C,06,
690000,0000060D,false,Rx,0,8,0D,10,83,B6,09,20,70,00,
729000,00000625,false,Rx,0,8,25,00,59,86,01,54,5C,06,
759000,000002C4,false,Rx,0,8,09,20,00,00,CE,02,00,00,
760000,000002C5,false,Rx,0,8,00,00,00,00,00,00,00,00,
760000,000002C6,false,Rx,0,8,32,00,7C,01,00,00,00,00,
790000,0000060D,false,Rx,0,8,0D,10,83,B6,09,20,70,00,
801000,00000054,false,Rx,0,8,01,05,0B,01,CE,02,00,00,
801000,00000055,false,Rx,0,8,10,27,00,00,00,00,00,00,
801000,00000056,false,Rx,0,8,10,27,00,00,00,00,00,00,
801000,00000057,false,Rx,0,8,00,00,FE,FF,FE,FF,00,00,
828000,00000625,false,Rx,0,8,25,00,59,86,01,54,5C,06,
891000,0000060D,false,Rx,0,8,0D,10,83,B6,09,20,70,00,
929000,00000625,false,Rx,0,8,25,00,59,86,01,54,5C,06,
979000,000002C4,false,Rx,0,8,09,20,00,00,CE,02,00,00,
979000,000002C5,false,Rx,0,8,00,00,00,00,00,00,00,00,
981000,000002C6,false,Rx,0,8,32,00,7C,01,00,00,00,00,
990000,0000060D,false,Rx,0,8,0D,10,83,B6,09,20,70,00,
1000,00000054,false,Rx,0,8,01,05,0B,01,CE,02,00,00,
1000,00000055,false,Rx,0,8,10,27,00,00,00,00,00,00,
1000,00000056,false,Rx,0,8,10,27,00,00,00,00,00,00,
2000,00000057,false,Rx,0,8,00,00,FE,FF,FE,FF,00,00,
29000,00000625,false,Rx,0,8,25,00,59,86,01,54,5C,06,
90000,0000060D,false,Rx,0,8,0D,10,83,B6,09,20,70,00,
128000,00000625,false,Rx,0,8,25,00,59,86,01,54,5C,06,
191000,0000060D,false,Rx,0,8,0D,10,83,B6,09,20,70,00,
200000,000002C4,false,Rx,0,8,09,20,00,00,CE,02,00,00,
200000,000002C5,false,Rx,0,8,00,00,00,00,00,00,00,00,
201000,000002C6,false,Rx,0,8,32,00,7C,01,00,00,00,00,
201000,00000054,false,Rx,0,8,01,05,0B,01,CE,02,00,00,
201000,00000055,false,Rx,0,8,10,27,00,00,00,00,00,00,
201000,00000056,false,Rx,0,8,10,27,00,00,00,00,00,00,
201000,00000057,false,Rx,0,8,00,00,FE,FF,FE,FF,00,00,
228000,00000625,false,Rx,0,8,25,00,59,86,01,54,5C,06,
291000,0000060D,false,Rx,0,8,0D,10,83,B6,09,20,70,00,
328000,00000625,false,Rx,0,8,25,00,59,86,01,54,5C,06,
391000,0000060D,false,Rx,0,8,0D,10,83,B6,09,20,70,00,
401000,00000054,false,Rx,0,8,01,05,0B,01,CE,02,00,00,
0,00000055,false,Rx,0,8,10,27,00,00,00,00,00,00,
0,00000056,false,Rx,0,8,10,27,00,00,00,00,00,00,
0,00000057,false,Rx,0,8,00,00,FE,FF,FE,FF,00,00,
420000,000002C4,false,Rx,0,8,09,20,00,00,CE,02,00,00,
420000,000002C5,false,Rx,0,8,00,00,00,00,00,00,00,00,
420000,000002C6,false,Rx,0,8,32,00,7C,01,00,00,00,00,
428000,00000625,false,Rx,0,8,25,00,59,86,01,54,5C,06,
491000,0000060D,false,Rx,0,8,0D,10,83,B6,09,20,70,00,
528000,00000625,false,Rx,0,8,25,00,59,86,01,54,5C,06,
590000,0000060D,false,Rx,0,8,0D,10,83,B6,09,20,70,00,
601000,00000054,false,Rx,0,8,01,05,0B,01,CE,02,00,00,
601000,00000055,false,Rx,0,8,10,27,00,00,00,00,00,00,
601000,00000056,false,Rx,0,8,10,27,00,00,00,00,00,00,
601000,00000057,false,Rx,0,8,00,00,FE,FF,FE,FF,00,00,
629000,00000625,false,Rx,0,8,25,00,59,86,01,54,5C,06,
639000,000002C4,false,Rx,0,8,09,20,00,00,CE,02,00,00,
639000,000002C5,false,Rx,0,8,00,00,00,00,00,00,00,00,
641000,000002C6,false,Rx,0,8,32,00,7C,01,00,00,00,00,
690000,0000060D,false,Rx,0,8,0D,10,83,B6,09,20,70,00,
729000,00000625,false,Rx,0,8,25,00,59,86,01,54,5C,06,
791000,0000060D,false,Rx,0,8,0D,10,83,B6,09,20,70,00,
801000,00000054,false,Rx,0,8,01,05,0B,01,CE,02,00,00,
801000,00000055,false,Rx,0,8,10,27,00,00,00,00,00,00,
801000,00000056,false,Rx,0,8,10,27,00,00,00,00,00,00,
801000,00000057,false,Rx,0,8,00,00,FE,FF,FE,FF,00,00,
828000,00000625,false,Rx,0,8,25,00,59,86,01,54,5C,06,
0,000002C4,false,Rx,0,8,09,20,00,00,CE,02,00,00,
0,000002C5,false,Rx,0,8,00,00,00,00,00,00,00,00,
860000,000002C6,false,Rx,0,8,32,00,7C,01,00,00,00,00,
891000,0000060D,false,Rx,0,8,0D,10,83,B6,09,20,70,00,
928000,00000625,false,Rx,0,8,25,00,59,86,01,54,5C,06,
990000,0000060D,false,Rx,0,8,0D,10,83,B6,09,20,70,00,
0,00000054,false,Rx,0,8,01,05,0B,01,CE,02,00,00,
1000,00000055,false,Rx,0,8,10,27,00,00,00,00,00,00,
1000,00000056,false,Rx,0,8,10,27,00,00,00,00,00,00,
1000,00000057,false,Rx,0,8,00,00,FE,FF,FE,FF,00,00,
29000,00000625,false,Rx,0,8,25,00,59,86,01,54,5C,06,
0,000002C4,false,Rx,0,8,09,20,00,00,CE,02,00,00,
0,000002C5,false,Rx,0,8,00,00,00,00,00,00,00,00,
81000,000002C6,false,Rx,0,8,32,00,7C,01,00,00,00,00,
91000,0000060D,false,Rx,0,8,0D,10,83,B6,09,20,70,00,
129000,00000625,false,Rx,0,8,25,00,59,86,01,54,5C,06,
191000,0000060D,false,Rx,0,8,0D,10,83,B6,09,20,70,00,
201000,00000054,false,Rx,0,8,01,05,0B,01,CE,02,00,00,
201000,00000055,false,Rx,0,8,10,27,00,00,00,00,00,00,
201000,00000056,false,Rx,0,8,10,27,00,00,00,00,00,00,
202000,00000057,false,Rx,0,8,00,00,FE,FF,FE,FF,00,00,
229000,00000625,false,Rx,0,8,25,00,59,86,01,54,5C,06,
291000,0000060D,false,Rx,0,8,0D,10,83,B6,09,20,70,00,
300000,000002C4,false,Rx,0,8,09,20,00,00,CE,02,00,00,
300000,000002C5,false,Rx,0,8,00,00,00,00,00,00,00,00,
300000,000002C6,false,Rx,0,8,32,00,7C,01,00,00,00,00,
329000,00000625,false,Rx,0,8,25,00,59,86,01,54,5C,06,
391000,0000060D,false,Rx,0,8,0D,10,83,B6,09,20,70,00,
401000,00000054,false,Rx,0,8,01,05,0B,01,CE,02,00,00,
401000,00000055,false,Rx,0,8,10,27,00,00,00,00,00,00,
401000,00000056,false,Rx,0,8,10,27,00,00,00,00,00,00,
401000,00000057,false,Rx,0,8,00,00,FE,FF,FE,FF,00,00,
429000,00000625,false,Rx,0,8,25,00,59,86,01,54,5C,06,
491000,0000060D,false,Rx,0,8,0D,10,83,B6,09,20,70,00,
0,000002C4,false,Rx,0,8,09,20,00,00,CE,02,00,00,
0,000002C5,false,Rx,0,8,00,00,00,00,00,00,00,00,
521000,000002C6,false,Rx,0,8,32,00,7C,01,00,00,00,00,
529000,00000625,false,Rx,0,8,25,00,59,86,01,54,5C,06,
591000,0000060D,false,Rx,0,8,0D,10,83,B6,09,20,70,00,
601000,00000054,false,Rx,0,8,01,05,0B,01,CE,02,00,00,
601000,00000055,false,Rx,0,8,10,27,00,00,00,00,00,00,
601000,00000056,false,Rx,0,8,10,27,00,00,00,00,00,00,
602000,00000057,false,Rx,0,8,00,00,FE,FF,FE,FF,00,00,
629000,00000625,false,Rx,0,8,25,00,59,86,01,54,5C,06,
690000,0000060D,false,Rx,0,8,0D,10,83,B6,09,20,70,00,
728000,00000625,false,Rx,0,8,25,00,59,86,01,54,5C,06,
0,000002C4,false,Rx,0,8,09,20,00,00,CE,02,00,00,
0,000002C5,false,Rx,0,8,00,00,00,00,00,00,00,00,
740000,000002C6,false,Rx,0,8,32,00,7C,01,00,00,00,00,
791000,0000060D,false,Rx,0,8,0D,10,83,B6,09,20,70,00,
801000,00000054,false,Rx,0,8,01,05,0B,01,CE,02,00,00,
801000,00000055,false,Rx,0,8,10,27,00,00,00,00,00,00,
801000,00000056,false,Rx,0,8,10,27,00,00,00,00,00,00,
801000,00000057,false,Rx,0,8,00,00,FE,FF,FE,FF,00,00,
830000,00000625,false,Rx,0,8,25,00,59,86,01,54,5C,06,
891000,0000060D,false,Rx,0,8,0D,10,83,B6,09,20,70,00,
928000,00000625,false,Rx,0,8,25,00,59,86,01,54,5C,06,
960000,000002C4,false,Rx,0,8,09,20,00,00,CE,02,00,00,
961000,000002C5,false,Rx,0,8,00,00,00,00,00,00,00,00,
961000,000002C6,false,Rx,0,8,32,00,7C,01,00,00,00,00,
991000,0000060D,false,Rx,0,8,0D,10,83,B6,09,20,70,00,
1000,00000054,false,Rx,0,8,01,05,0B,01,CE,02,00,00,
1000,00000055,false,Rx,0,8,10,27,00,00,00,00,00,00,
1000,00000056,false,Rx,0,8,10,27,00,00,00,00,00,00,
2000,00000057,false,Rx,0,8,00,00,FE,FF,FE,FF,00,00,
28000,00000625,false,Rx,0,8,25,00,59,86,01,54,5C,06,
91000,0000060D,false,Rx,0,8,0D,10,83,B6,09,20,70,00,
129000,00000625,false,Rx,0,8,25,00,59,86,01,54,5C,06,
180000,000002C4,false,Rx,0,8,09,20,00,00,CE,02,00,00,
180000,000002C5,false,Rx,0,8,00,00,00,00,00,00,00,00,
180000,000002C6,false,Rx,0,8,32,00,7C,01,00,00,00,00,
190000,0000060D,false,Rx,0,8,0D,10,83,B6,09,20,70,00,
0,00000054,false,Rx,0,8,01,05,0B,01,CE,02,00,00,
0,00000055,false,Rx,0,8,10,27,00,00,00,00,00,00,
0,00000056,false,Rx,0,8,10,27,00,00,00,00,00,00,
0,00000057,false,Rx,0,8,00,00,FE,FF,FE,FF,00,00,
229000,00000625,false,Rx,0,8,25,00,59,86,01,54,5C,06,
291000,0000060D,false,Rx,0,8,0D,10,83,B6,09,20,70,00,
328000,00000625,false,Rx,0,8,25,00,59,86,01,54,5C,06,
391000,0000060D,false,Rx,0,8,0D,10,83,B6,09,20,70,00,
400000,000002C4,false,Rx,0,8,09,20,00,00,CE,02,00,00,
400000,000002C5,false,Rx,0,8,00,00,00,00,00,00,00,00,
401000,000002C6,false,Rx,0,8,32,00,7C,01,00,00,00,00,
401000,00000054,false,Rx,0,8,01,05,0B,01,CE,02,00,00,
401000,00000055,false,Rx,0,8,10,27,00,00,00,00,00,00,
401000,00000056,false,Rx,0,8,10,27,00,00,00,00,00,00,
402000,00000057,false,Rx,0,8,00,00,FE,FF,FE,FF,00,00,
429000,00000625,false,Rx,0,8,25,00,59,86,01,54,5C,06,
491000,0000060D,false,Rx,0,8,0D,10,83,B6,09,20,70,00,
528000,00000625,false,Rx,0,8,25,00,59,86,01,54,5C,06,
591000,0000060D,false,Rx,0,8,0D,10,83,B6,09,20,70,00,
600000,00000054,false,Rx,0,8,01,05,0B,01,CE,02,00,00,
601000,00000055,false,Rx,0,8,10,27,00,00,00,00,00,00,
601000,00000056,false,Rx,0,8,10,27,00,00,00,00,00,00,
601000,00000057,false,Rx,0,8,00,00,FE,FF,FE,FF,00,00,
0,000002C4,false,Rx,0,8,09,20,00,00,CE,02,00,00,
0,000002C5,false,Rx,0,8,00,00,00,00,00,00,00,00,
621000,000002C6,false,Rx,0,8,32,00,7C,01,00,00,00,00,
629000,00000625,false,Rx,0,8,25,00,59,86,01,54,5C,06,
691000,0000060D,false,Rx,0,8,0D,10,83,B6,09,20,70,00,
728000,00000625,false,Rx,0,8,25,00,59,86,01,54,5C,06,
790000,0000060D,false,Rx,0,8,0D,10,83,B6,09,20,70,00,
800000,00000054,false,Rx,0,8,01,05,0B,01,CE,02,00,00,
800000,00000055,false,Rx,0,8,10,27,00,00,00,00,00,00,
801000,00000056,false,Rx,0,8,10,27,00,00,00,00,00,00,
801000,00000057,false,Rx,0,8,00,00,FE,FF,FE,FF,00,00,
829000,00000625,false,Rx,0,8,25,00,59,86,01,54,5C,06,
0,000002C4,false,Rx,0,8,09,20,00,00,CE,02,00,00,
0,000002C5,false,Rx,0,8,00,00,00,00,00,00,00,00,
840000,000002C6,false,Rx,0,8,32,00,7C,01,00,00,00,00,
891000,0000060D,false,Rx,0,8,0D,10,83,B6,09,20,70,00,
929000,00000625,false,Rx,0,8,25,00,59,86,01,54,5C,06,
991000,0000060D,false,Rx,0,8,0D,10,83,B6,09,20,70,00,
0,00000054,false,Rx,0,8,01,05,0B,01,CE,02,00,00,
0,00000055,false,Rx,0,8,10,27,00,00,00,00,00,00,
0,00000056,false,Rx,0,8,10,27,00,00,00,00,00,00,
0,00000057,false,Rx,0,8,00,00,FE,FF,FE,FF,00,00,
29000,00000625,false,Rx,0,8,25,00,59,86,01,54,5C,06,
60000,000002C4,false,Rx,0,8,09,20,00,00,CE,02,00,00,
60000,000002C5,false,Rx,0,8,00,00,00,00,00,00,00,00,
60000,000002C6,false,Rx,0,8,32,00,7C,01,00,00,00,00,
91000,0000060D,false,Rx,0,8,0D,10,83,B6,09,20,70,00,
128000,00000625,false,Rx,0,8,25,00,59,86,01,54,5C,06,
191000,0000060D,false,Rx,0,8,0D,10,83,B6,09,20,70,00,
200000,00000054,false,Rx,0,8,01,05,0B,01,CE,02,00,00,
201000,00000055,false,Rx,0,8,10,27,00,00,00,00,00,00,
201000,00000056,false,Rx,0,8,10,27,00,00,00,00,00,00,
201000,00000057,false,Rx,0,8,00,00,FE,FF,FE,FF,00,00,
229000,00000625,false,Rx,0,8,25,00,59,86,01,54,5C,06,
280000,000002C4,false,Rx,0,8,09,20,00,00,CE,02,00,00,
280000,000002C5,false,Rx,0,8,00,00,00,00,00,00,00,00,
281000,000002C6,false,Rx,0,8,32,00,7C,01,00,00,00,00,
291000,0000060D,false,Rx,0,8,0D,10,83,B6,09,20,70,00,
329000,00000625,false,Rx,0,8,25,00,59,86,01,54,5C,06,
391000,0000060D,false,Rx,0,8,0D,10,83,B6,09,20,70,00,
400000,00000054,false,Rx,0,8,01,05,0B,01,CE,02,00,00,
401000,00000055,false,Rx,0,8,10,27,00,00,00,00,00,00,
401000,00000056,false,Rx,0,8,10,27,00,00,00,00,00,00,
401000,00000057,false,Rx,0,8,00,00,FE,FF,FE,FF,00,00,
429000,00000625,false,Rx,0,8,25,00,59,86,01,54,5C,06,
491000,0000060D,false,Rx,0,8,0D,10,83,B6,09,20,70,00,
0,000002C4,false,Rx,0,8,09,20,00,00,CE,02,00,00,
0,000002C5,false,Rx,0,8,00,00,00,00,00,00,00,00,
501000,000002C6,false,Rx,0,8,32,00,7C,01,00,00,00,00,
529000,00000625,false,Rx,0,8,25,00,59,86,01,54,5C,06,
590000,0000060D,false,Rx,0,8,0D,10,83,B6,09,20,70,00,
600000,00000054,false,Rx,0,8,01,05,0B,01,CE,02,00,00,
600000,00000055,false,Rx,0,8,10,27,00,00,00,00,00,00,
600000,00000056,false,Rx,0,8,10,27,00,00,00,00,00,00,
601000,00000057,false,Rx,0,8,00,00,FE,FF,FE,FF,00,00,
628000,00000625,false,Rx,0,8,25,00,59,86,01,54,5C,06,
691000,0000060D,false,Rx,0,8,0D,10,83,B6,09,20,70,00,
720000,000002C4,false,Rx,0,8,09,20,00,00,CE,02,00,00,
720000,000002C5,false,Rx,0,8,00,00,00,00,00,00,00,00,
722000,000002C6,false,Rx,0,8,32,00,7C,01,00,00,00,00,
729000,00000625,false,Rx,0,8,25,00,59,86,01,54,5C,06,
792000,0000060D,false,Rx,0,8,0D,10,83,B6,09,20,70,00,
0,00000054,false,Rx,0,8,01,05,0B,01,CE,02,00,00,
0,00000055,false,Rx,0,8,10,27,00,00,00,00,00,00,
0,00000056,false,Rx,0,8,10,27,00,00,00,00,00,00,
802000,00000057,false,Rx,0,8,00,00,FE,FF,FE,FF,00,00,
829000,00000625,false,Rx,0,8,25,00,59,86,01,54,5C,06,
890000,0000060D,false,Rx,0,8,0D,10,83,B6,09,20,70,00,
928000,00000625,false,Rx,0,8,25,00,59,86,01,54,5C,06,
940000,000002C4,false,Rx,0,8,09,20,00,00,CE,02,00,00,
940000,000002C5,false,Rx,0,8,00,00,00,00,00,00,00,00,
940000,000002C6,false,Rx,0,8,32,00,7C,01,00,00,00,00,
991000,0000060D,false,Rx,0,8,0D,10,83,B6,09,20,70,00,
1000,00000054,false,Rx,0,8,01,05,0B,01,CE,02,00,00,
1000,00000055,false,Rx,0,8,10,27,00,00,00,00,00,00,
1000,00000056,false,Rx,0,8,10,27,00,00,00,00,00,00,
1000,00000057,false,Rx,0,8,00,00,FE,FF,FE,FF,00,00,
29000,00000625,false,Rx,0,8,25,00,59,86,01,54,5C,06,
91000,0000060D,false,Rx,0,8,0D,10,83,B6,09,20,70,00,
129000,00000625,false,Rx,0,8,25,00,59,86,01,54,5C,06,
0,000002C4,false,Rx,0,8,09,20,00,00,CE,02,00,00,
0,000002C5,false,Rx,0,8,00,00,00,00,00,00,00,00,
161000,000002C6,false,Rx,0,8,32,00,7C,01,00,00,00,00,
190000,0000060D,false,Rx,0,8,0D,10,83,B6,09,20,70,00,
201000,00000054,false,Rx,0,8,01,05,0B,01,CE,02,00,00,
201000,00000055,false,Rx,0,8,10,27,00,00,00,00,00,00,
201000,00000056,false,Rx,0,8,10,27,00,00,00,00,00,00,
201000,00000057,false,Rx,0,8,00,00,FE,FF,FE,FF,00,00,
228000,00000625,false,Rx,0,8,25,00,59,86,01,54,5C,06,
291000,0000060D,false,Rx,0,8,0D,10,83,B6,09,20,70,00,
329000,00000625,false,Rx,0,8,25,00,59,86,01,54,5C,06,
380000,000002C4,false,Rx,0,8,09,20,00,00,CE,02,00,00,
380000,000002C5,false,Rx,0,8,00,00,00,00,00,00,00,00,
381000,000002C6,false,Rx,0,8,32,00,7C,01,00,00,00,00,
390000,0000060D,false,Rx,0,8,0D,10,83,B6,09,20,70,00,
401000,00000054,false,Rx,0,8,01,05,0B,01,CE,02,00,00,
401000,00000055,false,Rx,0,8,10,27,00,00,00,00,00,00,
401000,00000056,false,Rx,0,8,10,27,00,00,00,00,00,00,
402000,00000057,false,Rx,0,8,00,00,FE,FF,FE,FF,00,00,
429000,00000625,false,Rx,0,8,25,00,59,86,01,54,5C,06,
491000,0000060D,false,Rx,0,8,0D,10,83,B6,09,20,70,00,
528000,00000625,false,Rx,0,8,25,00,59,86,01,54,5C,06,
590000,0000060D,false,Rx,0,8,0D,10,83,B6,09,20,70,00,
600000,000002C4,false,Rx,0,8,09,20,00,00,CE,02,00,00,
600000,000002C5,false,Rx,0,8,00,00,00,00,00,00,00,00,
600000,000002C6,false,Rx,0,8,32,00,7C,01,00,00,00,00,
600000,00000054,false,Rx,0,8,01,05,0B,01,CE,02,00,00,
600000,00000055,false,Rx,0,8,10,27,00,00,00,00,00,00,
602000,00000056,false,Rx,0,8,10,27,00,00,00,00,00,00,
602000,00000057,false,Rx,0,8,00,00,FE,FF,FE,FF,00,00,
629000,00000625,false,Rx,0,8,25,00,59,86,01,54,5C,06,
691000,0000060D,false,Rx,0,8,0D,10,83,B6,09,20,70,00,
729000,00000625,false,Rx,0,8,25,00,59,86,01,54,5C,06,
791000,0000060D,false,Rx,0,8,0D,10,83,B6,09,20,70,00,
0,00000054,false,Rx,0,8,01,05,0B,01,CE,02,00,00,
0,00000055,false,Rx,0,8,10,27,00,00,00,00,00,00,
0,00000056,false,Rx,0,8,10,27,00,00,00,00,00,00,
0,00000057,false,Rx,0,8,00,00,FE,FF,FE,FF,00,00,
820000,000002C4,false,Rx,0,8,09,20,00,00,CE,02,00,00,
820000,000002C5,false,Rx,0,8,00,00,00,00,00,00,00,00,
820000,000002C6,false,Rx,0,8,32,00,7C,01,00,00,00,00,
828000,00000625,false,Rx,0,8,25,00,59,86,01,54,5C,06,
891000,0000060D,false,Rx,0,8,0D,10,83,B6,09,20,70,00,
928000,00000625,false,Rx,0,8,25,00,59,86,01,54,5C,06,
991000,0000060D,false,Rx,0,8,0D,10,83,B6,09,20,70,00,
0,00000054,false,Rx,0,8,01,05,0B,01,CE,02,00,00,
0,00000055,false,Rx,0,8,10,27,00,00,00,00,00,00,
1000,00000056,false,Rx,0,8,10,27,00,00,00,00,00,00,
1000,00000057,false,Rx,0,8,00,00,FE,FF,FE,FF,00,00,
30000,00000625,false,Rx,0,8,25,00,59,86,01,54,5C,06,
40000,000002C4,false,Rx,0,8,09,20,00,00,CE,02,00,00,
40000,000002C5,false,Rx,0,8,00,00,00,00,00,00,00,00,
40000,000002C6,false,Rx,0,8,32,00,7C,01,00,00,00,00,
91000,0000060D,false,Rx,0,8,0D,10,83,B6,09,20,70,00,
128000,00000625,false,Rx,0,8,25,00,59,86,01,54,5C,06,
191000,0000060D,false,Rx,0,8,0D,10,83,B6,09,20,70,00,
200000,00000054,false,Rx,0,8,01,05,0B,01,CE,02,00,00,
200000,00000055,false,Rx,0,8,10,27,00,00,00,00,00,00,
201000,00000056,false,Rx,0,8,10,27,00,00,00,00,00,00,
201000,00000057,false,Rx,0,8,00,00,FE,FF,FE,FF,00,00,
229000,00000625,false,Rx,0,8,25,00,59,86,01,54,5C,06,
260000,000002C4,false,Rx,0,8,09,20,00,00,CE,02,00,00,
260000,000002C5,false,Rx,0,8,00,00,00,00,00,00,00,00,
261000,000002C6,false,Rx,0,8,32,00,7C,01,00,00,00,00,
290000,0000060D,false,Rx,0,8,0D,10,83,B6,09,20,70,00,
329000,00000625,false,Rx,0,8,25,00,59,86,01,54,5C,06,
391000,0000060D,false,Rx,0,8,0D,10,83,B6,09,20,70,00,
401000,00000054,false,Rx,0,8,01,05,0B,01,CE,02,00,00,
401000,00000055,false,Rx,0,8,10,27,00,00,00,00,00,00,
401000,00000056,false,Rx,0,8,10,27,00,00,00,00,00,00,
401000,00000057,false,Rx,0,8,00,00,FE,FF,FE,FF,00,00,
429000,00000625,false,Rx,0,8,25,00,59,86,01,54,5C,06,
479000,000002C4,false,Rx,0,8,09,20,00,00,CE,02,00,00,
480000,000002C5,false,Rx,0,8,00,00,00,00,00,00,00,00,
480000,000002C6,false,Rx,0,8,32,00,7C,01,00,00,00,00,
490000,0000060D,false,Rx,0,8,0D,10,83,B6,09,20,70,00,
529000,00000625,false,Rx,0,8,25,00,59,86,01,54,5C,06,
591000,0000060D,false,Rx,0,8,0D,10,83,B6,09,20,70,00,
601000,00000054,false,Rx,0,8,01,05,0B,01,CE,02,00,00,
601000,00000055,false,Rx,0,8,10,27,00,00,00,00,00,00,
0,00000056,false,Rx,0,8,10,27,00,00,00,00,00,00,
0,00000057,false,Rx,0,8,00,00,FE,FF,FE,FF,00,00,
629000,00000625,false,Rx,0,8,25,00,59,86,01,54,5C,06,
691000,0000060D,false,Rx,0,8,0D,10,83,B6,09,20,70,00,
700000,000002C4,false,Rx,0,8,09,20,00,00,CE,02,00,00,
700000,000002C5,false,Rx,0,8,00,00,00,00,00,00,00,00,
701000,000002C6,false,Rx,0,8,32,00,7C,01,00,00,00,00,
728000,00000625,false,Rx,0,8,25,00,59,86,01,54,5C,06,
790000,0000060D,false,Rx,0,8,0D,10,83,B6,09,20,70,00,
800000,00000054,false,Rx,0,8,01,05,0B,01,CE,02,00,00,
801000,00000055,false,Rx,0,8,10,27,00,00,00,00,00,00,
801000,00000056,false,Rx,0,8,10,27,00,00,00,00,00,00,
801000,00000057,false,Rx,0,8,00,00,FE,FF,FE,FF,00,00,
829000,00000625,false,Rx,0,8,25,00,59,86,01,54,5C,06,
891000,0000060D,false,Rx,0,8,0D,10,83,B6,09,20,70,00,
920000,000002C4,false,Rx,0,8,09,20,00,00,CE,02,00,00,
920000,000002C5,false,Rx,0,8,00,00,00,00,00,00,00,00,
921000,000002C6,false,Rx,0,8,32,00,7C,01,00,00,00,00,
929000,00000625,false,Rx,0,8,25,00,59,86,01,54,5C,06,
991000,0000060D,false,Rx,0,8,0D,10,83,B6,09,20,70,00,
0,00000054,false,Rx,0,8,01,05,0B,01,CE,02,00,00,
0,00000055,false,Rx,0,8,10,27,00,00,00,00,00,00,
1000,00000056,false,Rx,0,8,10,27,00,00,00,00,00,00,
1000,00000057,false,Rx,0,8,00,00,FE,FF,FE,FF,00,00,
29000,00000625,false,Rx,0,8,25,00,59,86,01,54,5C,06,
91000,0000060D,false,Rx,0,8,0D,10,83,B6,09,20,70,00,
129000,00000625,false,Rx,0,8,25,00,59,86,01,54,5C,06,
0,000002C4,false,Rx,0,8,09,20,00,00,CE,02,00,00,
0,000002C5,false,Rx,0,8,00,00,00,00,00,00,00,00,
141000,000002C6,false,Rx,0,8,32,00,7C,01,00,00,00,00,
191000,0000060D,false,Rx,0,8,0D,10,83,B6,09,20,70,00,
200000,00000054,false,Rx,0,8,01,05,0B,01,CE,02,00,00,
201000,00000055,false,Rx,0,8,10,27,00,00,00,00,00,00,
201000,00000056,false,Rx,0,8,10,27,00,00,00,00,00,00,
201000,00000057,false,Rx,0,8,00,00,FE,FF,FE,FF,00,00,
229000,00000625,false,Rx,0,8,25,00,59,86,01,54,5C,06,
291000,0000060D,false,Rx,0,8,0D,10,83,B6,09,20,70,00,
328000,00000625,false,Rx,0,8,25,00,59,86,01,54,5C,06,
0,000002C4,false,Rx,0,8,09,20,00,00,CE,02,00,00,
0,000002C5,false,Rx,0,8,00,00,00,00,00,00,00,00,
360000,000002C6,false,Rx,0,8,32,00,7C,01,00,00,00,00,
391000,0000060D,false,Rx,0,8,0D,10,83,B6,09,20,70,00,
401000,00000054,false,Rx,0,8,01,05,0B,01,CE,02,00,00,
401000,00000055,false,Rx,0,8,10,27,00,00,00,00,00,00,
401000,00000056,false,Rx,0,8,10,27,00,00,00,00,00,00,
401000,00000057,false,Rx,0,8,00,00,FE,FF,FE,FF,00,00,
429000,00000625,false,Rx,0,8,25,00,59,86,01,54,5C,06,
491000,0000060D,false,Rx,0,8,0D,10,83,B6,09,20,70,00,
529000,00000625,false,Rx,0,8,25,00,59,86,01,54,5C,06,
0,000002C4,false,Rx,0,8,09,20,00,00,CE,02,00,00,
0,000002C5,false,Rx,0,8,00,00,00,00,00,00,00,00,
0,000002C6,false,Rx,0,8,32,00,7C,01,00,00,00,00,
592000,0000060D,false,Rx,0,8,0D,10,83,B6,09,20,70,00,
601000,00000054,false,Rx,0,8,01,05,0B,01,CE,02,00,00,
601000,00000055,false,Rx,0,8,10,27,00,00,00,00,00,00,
601000,00000056,false,Rx,0,8,10,27,00,00,00,00,00,00,
602000,00000057,false,Rx,0,8,00,00,FE,FF,FE,FF,00,00,
629000,00000625,false,Rx,0,8,25,00,59,86,01,54,5C,06,
691000,0000060D,false,Rx,0,8,0D,10,83,B6,09,20,70,00,
729000,00000625,false,Rx,0,8,25,00,59,86,01,54,5C,06,
791000,0000060D,false,Rx,0,8,0D,10,83,B6,09,20,70,00,
799000,000002C4,false,Rx,0,8,09,20,00,00,CE,02,00,00,
800000,000002C5,false,Rx,0,8,00,00,00,00,00,00,00,00,
800000,000002C6,false,Rx,0,8,32,00,7C,01,00,00,00,00,
800000,00000054,false,Rx,0,8,01,05,0B,01,CE,02,00,00,
801000,00000055,false,Rx,0,8,10,27,00,00,00,00,00,00,
0,00000056,false,Rx,0,8,10,27,00,00,00,00,00,00,
0,00000057,false,Rx,0,8,00,00,FE,FF,FE,FF,00,00,
828000,00000625,false,Rx,0,8,25,00,59,86,01,54,5C,06,
891000,0000060D,false,Rx,0,8,0D,10,83,B6,09,20,70,00,
929000,00000625,false,Rx,0,8,25,00,59,86,01,54,5C,06,
991000,0000060D,false,Rx,0,8,0D,10,83,B6,09,20,70,00,
0,00000054,false,Rx,0,8,01,05,0B,01,CE,02,00,00,
0,00000055,false,Rx,0,8,10,27,00,00,00,00,00,00,
1000,00000056,false,Rx,0,8,10,27,00,00,00,00,00,00,
1000,00000057,false,Rx,0,8,00,00,FE,FF,FE,FF,00,00,
20000,000002C4,false,Rx,0,8,09,20,00,00,CE,02,00,00,
20000,000002C5,false,Rx,0,8,00,00,00,00,00,00,00,00,
20000,000002C6,false,Rx,0,8,32,00,7C,01,00,00,00,00,
28000,00000625,false,Rx,0,8,25,00,59,86,01,54,5C,06,
90000,0000060D,false,Rx,0,8,0D,10,83,B6,09,20,70,00,
128000,00000625,false,Rx,0,8,25,00,59,86,01,54,5C,06,
190000,0000060D,false,Rx,0,8,0D,10,83,B6,09,20,70,00,
200000,00000054,false,Rx,0,8,01,05,0B,01,CE,02,00,00,
200000,00000055,false,Rx,0,8,10,27,00,00,00,00,00,00,
201000,00000056,false,Rx,0,8,10,27,00,00,00,00,00,00,
201000,00000057,false,Rx,0,8,00,00,FE,FF,FE,FF,00,00,
228000,00000625,false,Rx,0,8,25,00,59,86,01,54,5C,06,
239000,000002C4,false,Rx,0,8,09,20,00,00,CE,02,00,00,
240000,000002C5,false,Rx,0,8,00,00,00,00,00,00,00,00,
240000,000002C6,false,Rx,0,8,32,00,7C,01,00,00,00,00,
291000,0000060D,false,Rx,0,8,0D,10,83,B6,09,20,70,00,
329000,00000625,false,Rx,0,8,25,00,59,86,01,54,5C,06,
391000,0000060D,false,Rx,0,8,0D,10,83,B6,09,20,70,00,
400000,00000054,false,Rx,0,8,01,05,0B,01,CE,02,00,00,
400000,00000055,false,Rx,0,8,10,27,00,00,00,00,00,00,
401000,00000056,false,Rx,0,8,10,27,00,00,00,00,00,00,
401000,00000057,false,Rx,0,8,00,00,FE,FF,FE,FF,00,00,
429000,00000625,false,Rx,0,8,25,00,59,86,01,54,5C,06,
460000,000002C4,false,Rx,0,8,09,20,00,00,CE,02,00,00,
460000,000002C5,false,Rx,0,8,00,00,00,00,00,00,00,00,
460000,000002C6,false,Rx,0,8,32,00,7C,01,00,00,00,00,
491000,0000060D,false,Rx,0,8,0D,10,83,B6,09,20,70,00,
529000,00000625,false,Rx,0,8,25,00,59,86,01,54,5C,06,
590000,0000060D,false,Rx,0,8,0D,10,83,B6,09,20,70,00,
601000,00000054,false,Rx,0,8,01,05,0B,01,CE,02,00,00,
601000,00000055,false,Rx,0,8,10,27,00,00,00,00,00,00,
601000,00000056,false,Rx,0,8,10,27,00,00,00,00,00,00,
601000,00000057,false,Rx,0,8,00,00,FE,FF,FE,FF,00,00,
629000,00000625,false,Rx,0,8,25,00,59,86,01,54,5C,06,
679000,000002C4,false,Rx,0,8,09,20,00,00,CE,02,00,00,
680000,000002C5,false,Rx,0,8,00,00,00,00,00,00,00,00,
680000,000002C6,false,Rx,0,8,32,00,7C,01,00,00,00,00,
690000,0000060D,false,Rx,0,8,0D,10,83,B6,09,20,70,00,
729000,00000625,false,Rx,0,8,25,00,59,86,01,54,5C,06,
791000,0000060D,false,Rx,0,8,0D,10,83,B6,09,20,70,00,
800000,00000054,false,Rx,0,8,01,05,0B,01,CE,02,00,00,
801000,00000055,false,Rx,0,8,10,27,00,00,00,00,00,00,
801000,00000056,false,Rx,0,8,10,27,00,00,00,00,00,00,
801000,00000057,false,Rx,0,8,00,00,FE,FF,FE,FF,00,00,
829000,00000625,false,Rx,0,8,25,00,59,86,01,54,5C,06,
891000,0000060D,false,Rx,0,8,0D,10,83,B6,09,20,70,00,
900000,000002C4,false,Rx,0,8,09,20,00,00,CE,02,00,00,
900000,000002C5,false,Rx,0,8,00,00,00,00,00,00,00,00,
900000,000002C6,false,Rx,0,8,32,00,7C,01,00,00,00,00,
929000,00000625,false,Rx,0,8,25,00,59,86,01,54,5C,06,
990000,0000060D,false,Rx,0,8,0D,10,83,B6,09,20,70,00,
0,00000054,false,Rx,0,8,01,05,0B,01,CE,02,00,00,
0,00000055,false,Rx,0,8,10,27,00,00,00,00,00,00,
0,00000056,false,Rx,0,8,10,27,00,00,00,00,00,00,
0,00000057,false,Rx,0,8,00,00,FE,FF,FE,FF,00,00,
29000,00000625,false,Rx,0,8,25,00,59,86,01,54,5C,06,
90000,0000060D,false,Rx,0,8,0D,10,83,B6,09,20,70,00,
120000,000002C4,false,Rx,0,8,09,20,00,00,CE,02,00,00,
120000,000002C5,false,Rx,0,8,00,00,00,00,00,00,00,00,
121000,000002C6,false,Rx,0,8,32,00,7C,01,00,00,00,00,
128000,00000625,false,Rx,0,8,25,00,59,86,01,54,5C,06,
191000,0000060D,false,Rx,0,8,0D,10,83,B6,09,20,70,00,
200000,00000054,false,Rx,0,8,01,05,0B,01,CE,02,00,00,
201000,00000055,false,Rx,0,8,10,27,00,00,00,00,00,00,
201000,00000056,false,Rx,0,8,10,27,00,00,00,00,00,00,
201000,00000057,false,Rx,0,8,00,00,FE,FF,FE,FF,00,00,
229000,00000625,false,Rx,0,8,25,00,59,86,01,54,5C,06,
291000,0000060D,false,Rx,0,8,0D,10,83,B6,09,20,70,00,
329000,00000625,false,Rx,0,8,25,00,59,86,01,54,5C,06,
0,000002C4,false,Rx,0,8,09,20,00,00,CE,02,00,00,
0,000002C5,false,Rx,0,8,00,00,00,00,00,00,00,00,
341000,000002C6,false,Rx,0,8,32,00,7C,01,00,00,00,00,
392000,0000060D,false,Rx,0,8,0D,10,83,B6,09,20,70,00,
400000,00000054,false,Rx,0,8,01,05,0B,01,CE,02,00,00,
401000,00000055,false,Rx,0,8,10,27,00,00,00,00,00,00,
401000,00000056,false,Rx,0,8,10,27,00,00,00,00,00,00,
401000,00000057,false,Rx,0,8,00,00,FE,FF,FE,FF,00,00,
429000,00000625,false,Rx,0,8,25,00,59,86,01,54,5C,06,
490000,0000060D,false,Rx,0,8,0D,10,83,B6,09,20,70,00,
529000,00000625,false,Rx,0,8,25,00,59,86,01,54,5C,06,
560000,000002C4,false,Rx,0,8,09,20,00,00,CE,02,00,00,
560000,000002C5,false,Rx,0,8,00,00,00,00,00,00,00,00,
561000,000002C6,false,Rx,0,8,32,00,7C,01,00,00,00,00,
590000,0000060D,false,Rx,0,8,0D,10,83,B6,09,20,70,00,
600000,00000054,false,Rx,0,8,01,05,0B,01,CE,02,00,00,
600000,00000055,false,Rx,0,8,10,27,00,00,00,00,00,00,
601000,00000056,false,Rx,0,8,10,27,00,00,00,00,00,00,
601000,00000057,false,Rx,0,8,00,00,FE,FF,FE,FF,00,00,
629000,00000625,false,Rx,0,8,25,00,59,86,01,54,5C,06,
691000,0000060D,false,Rx,0,8,0D,10,83,B6,09,20,70,00,
729000,00000625,false,Rx,0,8,25,00,59,86,01,54,5C,06,
780000,000002C4,false,Rx,0,8,09,20,00,00,CE,02,00,00,
780000,000002C5,false,Rx,0,8,00,00,00,00,00,00,00,00,
781000,000002C6,false,Rx,0,8,32,00,7C,01,00,00,00,00,
792000,0000060D,false,Rx,0,8,0D,10,83,B6,09,20,70,00,
800000,00000054,false,Rx,0,8,01,05,0B,01,CE,02,00,00,
800000,00000055,false,Rx,0,8,10,27,00,00,00,00,00,00,
801000,00000056,false,Rx,0,8,10,27,00,00,00,00,00,00,
801000,00000057,false,Rx,0,8,00,00,FE,FF,FE,FF,00,00,
829000,00000625,false,Rx,0,8,25,00,59,86,01,54,5C,06,
891000,0000060D,false,Rx,0,8,0D,10,83,B6,09,20,70,00,
929000,00000625,false,Rx,0,8,25,00,59,86,01,54,5C,06,
991000,0000060D,false,Rx,0,8,0D,10,83,B6,09,20,70,00,
0,000002C4,false,Rx,0,8,09,20,00,00,CE,02,00,00,
0,000002C5,false,Rx,0,8,00,00,00,00,00,00,00,00,
1000,00000054,false,Rx,0,8,01,05,0B,01,CE,02,00,00,
1000,000002C6,false,Rx,0,8,32,00,7C,01,00,00,00,00,
1000,00000055,false,Rx,0,8,10,27,00,00,00,00,00,00,
2000,00000056,false,Rx,0,8,10,27,00,00,00,00,00,00,
2000,00000057,false,Rx,0,8,00,00,FE,FF,FE,FF,00,00,
28000,00000625,false,Rx,0,8,25,00,59,86,01,54,5C,06,
91000,0000060D,false,Rx,0,8,0D,10,83,B6,09,20,70,00,
129000,00000625,false,Rx,0,8,25,00,59,86,01,54,5C,06,
190000,0000060D,false,Rx,0,8,0D,10,83,B6,09,20,70,00,
200000,00000054,false,Rx,0,8,01,05,0B,01,CE,02,00,00,
201000,00000055,false,Rx,0,8,10,27,00,00,00,00,00,00,
201000,00000056,false,Rx,0,8,10,27,00,00,00,00,00,00,
201000,00000057,false,Rx,0,8,00,00,FE,FF,FE,FF,00,00,
219000,000002C4,false,Rx,0,8,09,20,00,00,CE,02,00,00,
220000,000002C5,false,Rx,0,8,00,00,00,00,00,00,00,00,
220000,000002C6,false,Rx,0,8,32,00,7C,01,00,00,00,00,
228000,00000625,false,Rx,0,8,25,00,59,86,01,54,5C,06,
291000,0000060D,false,Rx,0,8,0D,10,83,B6,09,20,70,00,
329000,00000625,false,Rx,0,8,25,00,59,86,01,54,5C,06,
391000,0000060D,false,Rx,0,8,0D,10,83,B6,09,20,70,00,
0,00000054,false,Rx,0,8,01,05,0B,01,CE,02,00,00,
0,00000055,false,Rx,0,8,10,27,00,00,00,00,00,00,
401000,00000056,false,Rx,0,8,10,27,00,00,00,00,00,00,
401000,00000057,false,Rx,0,8,00,00,FE,FF,FE,FF,00,00,
428000,00000625,false,Rx,0,8,25,00,59,86,01,54,5C,06,
440000,000002C4,false,Rx,0,8,09,20,00,00,CE,02,00,00,
440000,000002C5,false,Rx,0,8,00,00,00,00,00,00,00,00,
441000,000002C6,false,Rx,0,8,32,00,7C,01,00,00,00,00,
491000,0000060D,false,Rx,0,8,0D,10,83,B6,09,20,70,00,
529000,00000625,false,Rx,0,8,25,00,59,86,01,54,5C,06,
591000,0000060D,false,Rx,0,8,0D,10,83,B6,09,20,70,00,
600000,00000054,false,Rx,0,8,01,05,0B,01,CE,02,00,00,
600000,00000055,false,Rx,0,8,10,27,00,00,00,00,00,00,
0,00000056,false,Rx,0,8,10,27,00,00,00,00,00,00,
0,00000057,false,Rx,0,8,00,00,FE,FF,FE,FF,00,00,
629000,00000625,false,Rx,0,8,25,00,59,86,01,54,5C,06,
659000,000002C4,false,Rx,0,8,09,20,00,00,CE,02,00,00,
660000,000002C5,false,Rx,0,8,00,00,00,00,00,00,00,00,
660000,000002C6,false,Rx,0,8,32,00,7C,01,00,00,00,00,
691000,0000060D,false,Rx,0,8,0D,10,83,B6,09,20,70,00,
729000,00000625,false,Rx,0,8,25,00,59,86,01,54,5C,06,
791000,0000060D,false,Rx,0,8,0D,10,83,B6,09,20,70,00,
0,00000054,false,Rx,0,8,01,05,0B,01,CE,02,00,00,
0,00000055,false,Rx,0,8,10,27,00,00,00,00,00,00,
801000,00000056,false,Rx,0,8,10,27,00,00,00,00,00,00,
801000,00000057,false,Rx,0,8,00,00,FE,FF,FE,FF,00,00,
829000,00000625,false,Rx,0,8,25,00,59,86,01,54,5C,06,
880000,000002C4,false,Rx,0,8,09,20,00,00,CE,02,00,00,
880000,000002C5,false,Rx,0,8,00,00,00,00,00,00,00,00,
881000,000002C6,false,Rx,0,8,32,00,7C,01,00,00,00,00,
892000,0000060D,false,Rx,0,8,0D,10,83,B6,09,20,70,00,
928000,00000625,false,Rx,0,8,25,00,59,86,01,54,5C,06,
991000,0000060D,false,Rx,0,8,0D,10,83,B6,09,20,70,00,
0,00000054,false,Rx,0,8,01,05,0B,01,CE,02,00,00,
0,00000055,false,Rx,0,8,10,27,00,00,00,00,00,00,
0,00000056,false,Rx,0,8,10,27,00,00,00,00,00,00,
0,00000057,false,Rx,0,8,00,00,FE,FF,FE,FF,00,00,
29000,00000625,false,Rx,0,8,25,00,59,86,01,54,5C,06,
91000,0000060D,false,Rx,0,8,0D,10,83,B6,09,20,70,00,
100000,000002C4,false,Rx,0,8,09,20,00,00,CE,02,00,00,
101000,000002C5,false,Rx,0,8,00,00,00,00,00,00,00,00,
101000,000002C6,false,Rx,0,8,32,00,7C,01,00,00,00,00,
129000,00000625,false,Rx,0,8,25,00,59,86,01,54,5C,06,
192000,0000060D,false,Rx,0,8,0D,10,83,B6,09,20,70,00,
0,00000054,false,Rx,0,8,01,05,0B,01,CE,02,00,00,
0,00000055,false,Rx,0,8,10,27,00,00,00,00,00,00,
0,00000056,false,Rx,0,8,10,27,00,00,00,00,00,00,
202000,00000057,false,Rx,0,8,00,00,FE,FF,FE,FF,00,00,
228000,00000625,false,Rx,0,8,25,00,59,86,01,54,5C,06,
291000,0000060D,false,Rx,0,8,0D,10,83,B6,09,20,70,00,
320000,000002C4,false,Rx,0,8,09,20,00,00,CE,02,00,00,
320000,000002C5,false,Rx,0,8,00,00,00,00,00,00,00,00,
320000,000002C6,false,Rx,0,8,32,00,7C,01,00,00,00,00,
329000,00000625,false,Rx,0,8,25,00,59,86,01,54,5C,06,
391000,0000060D,false,Rx,0,8,0D,10,83,B6,09,20,70,00,
401000,00000054,false,Rx,0,8,01,05,0B,01,CE,02,00,00,
401000,00000055,false,Rx,0,8,10,27,00,00,00,00,00,00,
401000,00000056,false,Rx,0,8,10,27,00,00,00,00,00,00,
401000,00000057,false,Rx,0,8,00,00,FE,FF,FE,FF,00,00,
429000,00000625,false,Rx,0,8,25,00,59,86,01,54,5C,06,
491000,0000060D,false,Rx,0,8,0D,10,83,B6,09,20,70,00,
529000,00000625,false,Rx,0,8,25,00,59,86,01,54,5C,06,
540000,000002C4,false,Rx,0,8,09,20,00,00,CE,02,00,00,
540000,000002C5,false,Rx,0,8,00,00,00,00,00,00,00,00,
541000,000002C6,false,Rx,0,8,32,00,7C,01,00,00,00,00,
591000,0000060D,false,Rx,0,8,0D,10,83,B6,09,20,70,00,
601000,00000054,false,Rx,0,8,01,05,0B,01,CE,02,00,00,
601000,00000055,false,Rx,0,8,10,27,00,00,00,00,00,00,
601000,00000056,false,Rx,0,8,10,27,00,00,00,00,00,00,
602000,00000057,false,Rx,0,8,00,00,FE,FF,FE,FF,00,00,
629000,00000625,false,Rx,0,8,25,00,59,86,01,54,5C,06,
691000,0000060D,false,Rx,0,8,0D,10,83,B6,09,20,70,00,
729000,00000625,false,Rx,0,8,25,00,59,86,01,54,5C,06,
0,000002C4,false,Rx,0,8,09,20,00,00,CE,02,00,00,
0,000002C5,false,Rx,0,8,00,00,00,00,00,00,00,00,
760000,000002C6,false,Rx,0,8,32,00,7C,01,00,00,00,00,
791000,0000060D,false,Rx,0,8,0D,10,83,B6,09,20,70,00,
800000,00000054,false,Rx,0,8,01,05,0B,01,CE,02,00,00,
801000,00000055,false,Rx,0,8,10,27,00,00,00,00,00,00,
801000,00000056,false,Rx,0,8,10,27,00,00,00,00,00,00,
801000,00000057,false,Rx,0,8,00,00,FE,FF,FE,FF,00,00,
829000,00000625,false,Rx,0,8,25,00,59,86,01,54,5C,06,
892000,0000060D,false,Rx,0,8,0D,10,83,B6,09,20,70,00,
929000,00000625,false,Rx,0,8,25,00,59,86,01,54,5C,06,
981000,000002C4,false,Rx,0,8,09,20,00,00,CE,02,00,00,
981000,000002C5,false,Rx,0,8,00,00,00,00,00,00,00,00,
981000,000002C6,false,Rx,0,8,32,00,7C,01,00,00,00,00,
991000,0000060D,false,Rx,0,8,0D,10,83,B6,09,20,70,00,
1000,00000054,false,Rx,0,8,01,05,0B,01,CE,02,00,00,
1000,00000055,false,Rx,0,8,10,27,00,00,00,00,00,00,
1000,00000056,false,Rx,0,8,10,27,00,00,00,00,00,00,
2000,00000057,false,Rx,0,8,00,00,FE,FF,FE,FF,00,00,
29000,00000625,false,Rx,0,8,25,00,59,86,01,54,5C,06,
91000,0000060D,false,Rx,0,8,0D,10,83,B6,09,20,70,00,
128000,00000625,false,Rx,0,8,25,00,59,86,01,54,5C,06,
191000,0000060D,false,Rx,0,8,0D,10,83,B6,09,20,70,00,
0,000002C4,false,Rx,0,8,09,20,00,00,CE,02,00,00,
0,000002C5,false,Rx,0,8,00,00,00,00,00,00,00,00,
0,00000054,false,Rx,0,8,01,05,0B,01,CE,02,00,00,
0,000002C6,false,Rx,0,8,32,00,7C,01,00,00,00,00,
0,00000055,false,Rx,0,8,10,27,00,00,00,00,00,00,
202000,00000056,false,Rx,0,8,10,27,00,00,00,00,00,00,
202000,00000057,false,Rx,0,8,00,00,FE,FF,FE,FF,00,00,
229000,00000625,false,Rx,0,8,25,00,59,86,01,54,5C,06,
291000,0000060D,false,Rx,0,8,0D,10,83,B6,09,20,70,00,
329000,00000625,false,Rx,0,8,25,00,59,86,01,54,5C,06,
392000,0000060D,false,Rx,0,8,0D,10,83,B6,09,20,70,00,
400000,00000054,false,Rx,0,8,01,05,0B,01,CE,02,00,00,
400000,00000055,false,Rx,0,8,10,27,00,00,00,00,00,00,
402000,00000056,false,Rx,0,8,10,27,00,00,00,00,00,00,
402000,00000057,false,Rx,0,8,00,00,FE,FF,FE,FF,00,00,
420000,000002C4,false,Rx,0,8,09,20,00,00,CE,02,00,00,
421000,000002C5,false,Rx,0,8,00,00,00,00,00,00,00,00,
421000,000002C6,false,Rx,0,8,32,00,7C,01,00,00,00,00,
428000,00000625,false,Rx,0,8,25,00,59,86,01,54,5C,06,
491000,0000060D,false,Rx,0,8,0D,10,83,B6,09,20,70,00,
529000,00000625,false,Rx,0,8,25,00,59,86,01,54,5C,06,
591000,0000060D,false,Rx,0,8,0D,10,83,B6,09,20,70,00,
601000,00000054,false,Rx,0,8,01,05,0B,01,CE,02,00,00,
601000,00000055,false,Rx,0,8,10,27,00,00,00,00,00,00,
601000,00000056,false,Rx,0,8,10,27,00,00,00,00,00,00,
602000,00000057,false,Rx,0,8,00,00,FE,FF,FE,FF,00,00,
629000,00000625,false,Rx,0,8,25,00,59,86,01,54,5C,06,
640000,000002C4,false,Rx,0,8,09,20,00,00,CE,02,00,00,
640000,000002C5,false,Rx,0,8,00,00,00,00,00,00,00,00,
641000,000002C6,false,Rx,0,8,32,00,7C,01,00,00,00,00,
690000,0000060D,false,Rx,0,8,0D,10,83,B6,09,20,70,00,
730000,00000625,false,Rx,0,8,25,00,59,86,01,54,5C,06,
791000,0000060D,false,Rx,0,8,0D,10,83,B6,09,20,70,00,
801000,00000054,false,Rx,0,8,01,05,0B,01,CE,02,00,00,
801000,00000055,false,Rx,0,8,10,27,00,00,00,00,00,00,
802000,00000056,false,Rx,0,8,10,27,00,00,00,00,00,00,
802000,00000057,false,Rx,0,8,00,00,FE,FF,FE,FF,00,00,
829000,00000625,false,Rx,0,8,25,00,59,86,01,54,5C,06,
0,000002C4,false,Rx,0,8,09,20,00,00,CE,02,00,00,
0,000002C5,false,Rx,0,8,00,00,00,00,00,00,00,00,
861000,000002C6,false,Rx,0,8,32,00,7C,01,00,00,00,00,
892000,0000060D,false,Rx,0,8,0D,10,83,B6,09,20,70,00,
929000,00000625,false,Rx,0,8,25,00,59,86,01,54,5C,06,
991000,0000060D,false,Rx,0,8,0D,10,83,B6,09,20,70,00,
1000,00000054,false,Rx,0,8,01,05,0B,01,CE,02,00,00,
1000,00000055,false,Rx,0,8,10,27,00,00,00,00,00,00,
1000,00000056,false,Rx,0,8,10,27,00,00,00,00,00,00,
1000,00000057,false,Rx,0,8,00,00,FE,FF,FE,FF,00,00,
29000,00000625,false,Rx,0,8,25,00,59,86,01,54,5C,06,
80000,000002C4,false,Rx,0,8,09,20,00,00,CE,02,00,00,
80000,000002C5,false,Rx,0,8,00,00,00,00,00,00,00,00,
80000,000002C6,false,Rx,0,8,32,00,7C,01,00,00,00,00,
91000,0000060D,false,Rx,0,8,0D,10,83,B6,09,20,70,00,
128000,00000625,false,Rx,0,8,25,00,59,86,01,54,5C,06,
191000,0000060D,false,Rx,0,8,0D,10,83,B6,09,20,70,00,
201000,00000054,false,Rx,0,8,01,05,0B,01,CE,02,00,00,
201000,00000055,false,Rx,0,8,10,27,00,00,00,00,00,00,
201000,00000056,false,Rx,0,8,10,27,00,00,00,00,00,00,
202000,00000057,false,Rx,0,8,00,00,FE,FF,FE,FF,00,00,
229000,00000625,false,Rx,0,8,25,00,59,86,01,54,5C,06,
291000,0000060D,false,Rx,0,8,0D,10,83,B6,09,20,70,00,
299000,000002C4,false,Rx,0,8,09,20,00,00,CE,02,00,00,
300000,000002C5,false,Rx,0,8,00,00,00,00,00,00,00,00,
300000,000002C6,false,Rx,0,8,32,00,7C,01,00,00,00,00,
329000,00000625,false,Rx,0,8,25,00,59,86,01,54,5C,06,
391000,0000060D,false,Rx,0,8,0D,10,83,B6,09,20,70,00,
401000,00000054,false,Rx,0,8,01,05,0B,01,CE,02,00,00,
401000,00000055,false,Rx,0,8,10,27,00,00,00,00,00,00,
401000,00000056,false,Rx,0,8,10,27,00,00,00,00,00,00,
401000,00000057,false,Rx,0,8,00,00,FE,FF,FE,FF,00,00,
428000,00000625,false,Rx,0,8,25,00,59,86,01,54,5C,06,
490000,0000060D,false,Rx,0,8,0D,10,83,B6,09,20,70,00,
520000,000002C4,false,Rx,0,8,09,20,00,00,CE,02,00,00,
520000,000002C5,false,Rx,0,8,00,00,00,00,00,00,00,00,
521000,000002C6,false,Rx,0,8,32,00,7C,01,00,00,00,00,
528000,00000625,false,Rx,0,8,25,00,59,86,01,54,5C,06,
591000,0000060D,false,Rx,0,8,0D,10,83,B6,09,20,70,00,
601000,00000054,false,Rx,0,8,01,05,0B,01,CE,02,00,00,
601000,00000055,false,Rx,0,8,10,27,00,00,00,00,00,00,
601000,00000056,false,Rx,0,8,10,27,00,00,00,00,00,00,
602000,00000057,false,Rx,0,8,00,00,FE,FF,FE,FF,00,00,
629000,00000625,false,Rx,0,8,25,00,59,86,01,54,5C,06,
691000,0000060D,false,Rx,0,8,0D,10,83,B6,09,20,70,00,
729000,00000625,false,Rx,0,8,25,00,59,86,01,54,5C,06,
0,000002C4,false,Rx,0,8,09,20,00,00,CE,02,00,00,
0,000002C5,false,Rx,0,8,00,00,00,00,00,00,00,00,
741000,000002C6,false,Rx,0,8,32,00,7C,01,00,00,00,00,
790000,0000060D,false,Rx,0,8,0D,10,83,B6,09,20,70,00,
801000,00000054,false,Rx,0,8,01,05,0B,01,CE,02,00,00,
801000,00000055,false,Rx,0,8,10,27,00,00,00,00,00,00,
801000,00000056,false,Rx,0,8,10,27,00,00,00,00,00,00,
802000,00000057,false,Rx,0,8,00,00,FE,FF,FE,FF,00,00,
828000,00000625,false,Rx,0,8,25,00,59,86,01,54,5C,06,
891000,0000060D,false,Rx,0,8,0D,10,83,B6,09,20,70,00,
929000,00000625,false,Rx,0,8,25,00,59,86,01,54,5C,06,
0,000002C4,false,Rx,0,8,09,20,00,00,CE,02,00,00,
0,000002C5,false,Rx,0,8,00,00,00,00,00,00,00,00,
961000,000002C6,false,Rx,0,8,32,00,7C,01,00,00,00,00,
991000,0000060D,false,Rx,0,8,0D,10,83,B6,09,20,70,00,
1000,00000054,false,Rx,0,8,01,05,0B,01,CE,02,00,00,
1000,00000055,false,Rx,0,8,10,27,00,00,00,00,00,00,
1000,00000056,false,Rx,0,8,10,27,00,00,00,00,00,00,
1000,00000057,false,Rx,0,8,00,00,FE,FF,FE,FF,00,00,
28000,00000625,false,Rx,0,8,25,00,59,86,01,54,5C,06,
91000,0000060D,false,Rx,0,8,0D,10,83,B6,09,20,70,00,
129000,00000625,false,Rx,0,8,25,00,59,86,01,54,5C,06,
180000,000002C4,false,Rx,0,8,09,20,00,00,CE,02,00,00,
180000,000002C5,false,Rx,0,8,00,00,00,00,00,00,00,00,
181000,000002C6,false,Rx,0,8,32,00,7C,01,00,00,00,00,
191000,0000060D,false,Rx,0,8,0D,10,83,B6,09,20,70,00,
200000,00000054,false,Rx,0,8,01,05,0B,01,CE,02,00,00,
201000,00000055,false,Rx,0,8,10,27,00,00,00,00,00,00,
201000,00000056,false,Rx,0,8,10,27,00,00,00,00,00,00,
201000,00000057,false,Rx,0,8,00,00,FE,FF,FE,FF,00,00,
229000,00000625,false,Rx,0,8,25,00,59,86,01,54,5C,06,
290000,0000060D,false,Rx,0,8,0D,10,83,B6,09,20,70,00,
328000,00000625,false,Rx,0,8,25,00,59,86,01,54,5C,06,
392000,0000060D,false,Rx,0,8,0D,10,83,B6,09,20,70,00,
400000,000002C4,false,Rx,0,8,09,20,00,00,CE,02,00,00,
400000,000002C5,false,Rx,0,8,00,00,00,00,00,00,00,00,
400000,00000054,false,Rx,0,8,01,05,0B,01,CE,02,00,00,
400000,000002C6,false,Rx,0,8,32,00,7C,01,00,00,00,00,
401000,00000055,false,Rx,0,8,10,27,00,00,00,00,00,00,
401000,00000056,false,Rx,0,8,10,27,00,00,00,00,00,00,
401000,00000057,false,Rx,0,8,00,00,FE,FF,FE,FF,00,00,
428000,00000625,false,Rx,0,8,25,00,59,86,01,54,5C,06,
491000,0000060D,false,Rx,0,8,0D,10,83,B6,09,20,70,00,
529000,00000625,false,Rx,0,8,25,00,59,86,01,54,5C,06,
591000,0000060D,false,Rx,0,8,0D,10,83,B6,09,20,70,00,
600000,00000054,false,Rx,0,8,01,05,0B,01,CE,02,00,00,
601000,00000055,false,Rx,0,8,10,27,00,00,00,00,00,00,
601000,00000056,false,Rx,0,8,10,27,00,00,00,00,00,00,
601000,00000057,false,Rx,0,8,00,00,FE,FF,FE,FF,00,00,
620000,000002C4,false,Rx,0,8,09,20,00,00,CE,02,00,00,
620000,000002C5,false,Rx,0,8,00,00,00,00,00,00,00,00,
621000,000002C6,false,Rx,0,8,32,00,7C,01,00,00,00,00,
628000,00000625,false,Rx,0,8,25,00,59,86,01,54,5C,06,
690000,0000060D,false,Rx,0,8,0D,10,83,B6,09,20,70,00,
729000,00000625,false,Rx,0,8,25,00,59,86,01,54,5C,06,
791000,0000060D,false,Rx,0,8,0D,10,83,B6,09,20,70,00,
800000,00000054,false,Rx,0,8,01,05,0B,01,CE,02,00,00,
801000,00000055,false,Rx,0,8,10,27,00,00,00,00,00,00,
0,00000056,false,Rx,0,8,10,27,00,00,00,00,00,00,
0,00000057,false,Rx,0,8,00,00,FE,FF,FE,FF,00,00,
829000,00000625,false,Rx,0,8,25,00,59,86,01,54,5C,06,
840000,000002C4,false,Rx,0,8,09,20,00,00,CE,02,00,00,
841000,000002C5,false,Rx,0,8,00,00,00,00,00,00,00,00,
841000,000002C6,false,Rx,0,8,32,00,7C,01,00,00,00,00,
891000,0000060D,false,Rx,0,8,0D,10,83,B6,09,20,70,00,
929000,00000625,false,Rx,0,8,25,00,59,86,01,54,5C,06,
990000,0000060D,false,Rx,0,8,0D,10,83,B6,09,20,70,00,
0,00000054,false,Rx,0,8,01,05,0B,01,CE,02,00,00,
0,00000055,false,Rx,0,8,10,27,00,00,00,00,00,00,
0,00000056,false,Rx,0,8,10,27,00,00,00,00,00,00,
0,00000057,false,Rx,0,8,00,00,FE,FF,FE,FF,00,00,
29000,00000625,false,Rx,0,8,25,00,59,86,01,54,5C,06,
0,000002C4,false,Rx,0,8,09,20,00,00,CE,02,00,00,
0,000002C5,false,Rx,0,8,00,00,00,00,00,00,00,00,
0,000002C6,false,Rx,0,8,32,00,7C,01,00,00,00,00,
90000,0000060D,false,Rx,0,8,0D,10,83,B6,09,20,70,00,
129000,00000625,false,Rx,0,8,25,00,59,86,01,54,5C,06,
191000,0000060D,false,Rx,0,8,0D,10,83,B6,09,20,70,00,
201000,00000054,false,Rx,0,8,01,05,0B,01,CE,02,00,00,
201000,00000055,false,Rx,0,8,10,27,00,00,00,00,00,00,
201000,00000056,false,Rx,0,8,10,27,00,00,00,00,00,00,
201000,00000057,false,Rx,0,8,00,00,FE,FF,FE,FF,00,00,
229000,00000625,false,Rx,0,8,25,00,59,86,01,54,5C,06,
280000,000002C4,false,Rx,0,8,09,20,00,00,CE,02,00,00,
280000,000002C5,false,Rx,0,8,00,00,00,00,00,00,00,00,
280000,000002C6,false,Rx,0,8,32,00,7C,01,00,00,00,00,
291000,0000060D,false,Rx,0,8,0D,10,83,B6,09,20,70,00,
330000,00000625,false,Rx,0,8,25,00,59,86,01,54,5C,06,
391000,0000060D,false,Rx,0,8,0D,10,83,B6,09,20,70,00,
401000,00000054,false,Rx,0,8,01,05,0B,01,CE,02,00,00,
401000,00000055,false,Rx,0,8,10,27,00,00,00,00,00,00,
402000,00000056,false,Rx,0,8,10,27,00,00,00,00,00,00,
402000,00000057,false,Rx,0,8,00,00,FE,FF,FE,FF,00,00,
430000,00000625,false,Rx,0,8,25,00,59,86,01,54,5C,06,
491000,0000060D,false,Rx,0,8,0D,10,83,B6,09,20,70,00,
0,000002C4,false,Rx,0,8,09,20,00,00,CE,02,00,00,
0,000002C5,false,Rx,0,8,00,00,00,00,00,00,00,00,
0,000002C6,false,Rx,0,8,32,00,7C,01,00,00,00,00,
529000,00000625,false,Rx,0,8,25,00,59,86,01,54,5C,06,
590000,0000060D,false,Rx,0,8,0D,10,83,B6,09,20,70,00,
600000,00000054,false,Rx,0,8,01,05,0B,01,CE,02,00,00,
601000,00000055,false,Rx,0,8,10,27,00,00,00,00,00,00,
601000,00000056,false,Rx,0,8,10,27,00,00,00,00,00,00,
601000,00000057,false,Rx,0,8,00,00,FE,FF,FE,FF,00,00,
628000,00000625,false,Rx,0,8,25,00,59,86,01,54,5C,06,
690000,0000060D,false,Rx,0,8,0D,10,83,B6,09,20,70,00,
720000,000002C4,false,Rx,0,8,09,20,00,00,CE,02,00,00,
0,000002C5,false,Rx,0,8,00,00,00,00,00,00,00,00,
0,000002C6,false,Rx,0,8,32,00,7C,01,00,00,00,00,
729000,00000625,false,Rx,0,8,25,00,59,86,01,54,5C,06,
791000,0000060D,false,Rx,0,8,0D,10,83,B6,09,20,70,00,
800000,00000054,false,Rx,0,8,01,05,0B,01,CE,02,00,00,
800000,00000055,false,Rx,0,8,10,27,00,00,00,00,00,00,
801000,00000056,false,Rx,0,8,10,27,00,00,00,00,00,00,
801000,00000057,false,Rx,0,8,00,00,FE,FF,FE,FF,00,00,
829000,00000625,false,Rx,0,8,25,00,59,86,01,54,5C,06,
892000,0000060D,false,Rx,0,8,0D,10,83,B6,09,20,70,00,
929000,00000625,false,Rx,0,8,25,00,59,86,01,54,5C,06,
940000,000002C4,false,Rx,0,8,09,20,00,00,CE,02,00,00,
940000,000002C5,false,Rx,0,8,00,00,00,00,00,00,00,00,
941000,000002C6,false,Rx,0,8,32,00,7C,01,00,00,00,00,
990000,0000060D,false,Rx,0,8,0D,10,83,B6,09,20,70,00,
0,00000054,false,Rx,0,8,01,05,0B,01,CE,02,00,00,
0,00000055,false,Rx,0,8,10,27,00,00,00,00,00,00,
1000,00000056,false,Rx,0,8,10,27,00,00,00,00,00,00,
1000,00000057,false,Rx,0,8,00,00,FE,FF,FE,FF,00,00,
29000,00000625,false,Rx,0,8,25,00,59,86,01,54,5C,06,
91000,0000060D,false,Rx,0,8,0D,10,83,B6,09,20,70,00,
129000,00000625,false,Rx,0,8,25,00,59,86,01,54,5C,06,
160000,000002C4,false,Rx,0,8,09,20,00,00,CE,02,00,00,
160000,000002C5,false,Rx,0,8,00,00,00,00,00,00,00,00,
160000,000002C6,false,Rx,0,8,32,00,7C,01,00,00,00,00,
191000,0000060D,false,Rx,0,8,0D,10,83,B6,09,20,70,00,
201000,00000054,false,Rx,0,8,01,05,0B,01,CE,02,00,00,
0,00000055,false,Rx,0,8,10,27,00,00,00,00,00,00,
0,00000056,false,Rx,0,8,10,27,00,00,00,00,00,00,
202000,00000057,false,Rx,0,8,00,00,FE,FF,FE,FF,00,00,
228000,00000625,false,Rx,0,8,25,00,59,86,01,54,5C,06,
291000,0000060D,false,Rx,0,8,0D,10,83,B6,09,20,70,00,
329000,00000625,false,Rx,0,8,25,00,59,86,01,54,5C,06,
380000,000002C4,false,Rx,0,8,09,20,00,00,CE,02,00,00,
380000,000002C5,false,Rx,0,8,00,00,00,00,00,00,00,00,
381000,000002C6,false,Rx,0,8,32,00,7C,01,00,00,00,00,
391000,0000060D,false,Rx,0,8,0D,10,83,B6,09,20,70,00,
401000,00000054,false,Rx,0,8,01,05,0B,01,CE,02,00,00,
401000,00000055,false,Rx,0,8,10,27,00,00,00,00,00,00,
401000,00000056,false,Rx,0,8,10,27,00,00,00,00,00,00,
401000,00000057,false,Rx,0,8,00,00,FE,FF,FE,FF,00,00,
429000,00000625,false,Rx,0,8,25,00,59,86,01,54,5C,06,
491000,0000060D,false,Rx,0,8,0D,10,83,B6,09,20,70,00,
529000,00000625,false,Rx,0,8,25,00,59,86,01,54,5C,06,
591000,0000060D,false,Rx,0,8,0D,10,83,B6,09,20,70,00,
600000,000002C4,false,Rx,0,8,09,20,00,00,CE,02,00,00,
600000,000002C5,false,Rx,0,8,00,00,00,00,00,00,00,00,
600000,00000054,false,Rx,0,8,01,05,0B,01,CE,02,00,00,
0,000002C6,false,Rx,0,8,32,00,7C,01,00,00,00,00,
0,00000055,false,Rx,0,8,10,27,00,00,00,00,00,00,
602000,00000056,false,Rx,0,8,10,27,00,00,00,00,00,00,
602000,00000057,false,Rx,0,8,00,00,FE,FF,FE,FF,00,00,
628000,00000625,false,Rx,0,8,25,00,59,86,01,54,5C,06,
691000,0000060D,false,Rx,0,8,0D,10,83,B6,09,20,70,00,
729000,00000625,false,Rx,0,8,25,00,59,86,01,54,5C,06,
791000,0000060D,false,Rx,0,8,0D,10,83,B6,09,20,70,00,
801000,00000054,false,Rx,0,8,01,05,0B,01,CE,02,00,00,
801000,00000055,false,Rx,0,8,10,27,00,00,00,00,00,00,
801000,00000056,false,Rx,0,8,10,27,00,00,00,00,00,00,
801000,00000057,false,Rx,0,8,00,00,FE,FF,FE,FF,00,00,
820000,000002C4,false,Rx,0,8,09,20,00,00,CE,02,00,00,
820000,000002C5,false,Rx,0,8,00,00,00,00,00,00,00,00,
821000,000002C6,false,Rx,0,8,32,00,7C,01,00,00,00,00,
830000,00000625,false,Rx,0,8,25,00,59,86,01,54,5C,06,
892000,0000060D,false,Rx,0,8,0D,10,83,B6,09,20,70,00,
929000,00000625,false,Rx,0,8,25,00,59,86,01,54,5C,06,
991000,0000060D,false,Rx,0,8,0D,10,83,B6,09,20,70,00,
0,00000054,false,Rx,0,8,01,05,0B,01,CE,02,00,00,
0,00000055,false,Rx,0,8,10,27,00,00,00,00,00,00,
1000,00000056,false,Rx,0,8,10,27,00,00,00,00,00,00,
2000,00000057,false,Rx,0,8,00,00,FE,FF,FE,FF,00,00,
29000,00000625,false,Rx,0,8,25,00,59,86,01,54,5C,06,
40000,000002C4,false,Rx,0,8,09,20,00,00,CE,02,00,00,
40000,000002C5,false,Rx,0,8,00,00,00,00,00,00,00,00,
41000,000002C6,false,Rx,0,8,32,00,7C,01,00,00,00,00,
91000,0000060D,false,Rx,0,8,0D,10,83,B6,09,20,70,00,
130000,00000625,false,Rx,0,8,25,00,59,86,01,54,5C,06,
191000,0000060D,false,Rx,0,8,0D,10,83,B6,09,20,70,00,
201000,00000054,false,Rx,0,8,01,05,0B,01,CE,02,00,00,
201000,00000055,false,Rx,0,8,10,27,00,00,00,00,00,00,
201000,00000056,false,Rx,0,8,10,27,00,00,00,00,00,00,
201000,00000057,false,Rx,0,8,00,00,FE,FF,FE,FF,00,00,
229000,00000625,false,Rx,0,8,25,00,59,86,01,54,5C,06,
260000,000002C4,false,Rx,0,8,09,20,00,00,CE,02,00,00,
260000,000002C5,false,Rx,0,8,00,00,00,00,00,00,00,00,
261000,000002C6,false,Rx,0,8,32,00,7C,01,00,00,00,00,
291000,0000060D,false,Rx,0,8,0D,10,83,B6,09,20,70,00,
330000,00000625,false,Rx,0,8,25,00,59,86,01,54,5C,06,
391000,0000060D,false,Rx,0,8,0D,10,83,B6,09,20,70,00,
401000,00000054,false,Rx,0,8,01,05,0B,01,CE,02,00,00,
401000,00000055,false,Rx,0,8,10,27,00,00,00,00,00,00,
401000,00000056,false,Rx,0,8,10,27,00,00,00,00,00,00,
401000,00000057,false,Rx,0,8,00,00,FE,FF,FE,FF,00,00,
429000,00000625,false,Rx,0,8,25,00,59,86,01,54,5C,06,
480000,000002C4,false,Rx,0,8,09,20,00,00,CE,02,00,00,
480000,000002C5,false,Rx,0,8,00,00,00,00,00,00,00,00,
480000,000002C6,false,Rx,0,8,32,00,7C,01,00,00,00,00,
491000,0000060D,false,Rx,0,8,0D,10,83,B6,09,20,70,00,
529000,00000625,false,Rx,0,8,25,00,59,86,01,54,5C,06,
591000,0000060D,false,Rx,0,8,0D,10,83,B6,09,20,70,00,
601000,00000054,false,Rx,0,8,01,05,0B,01,CE,02,00,00,
602000,00000055,false,Rx,0,8,10,27,00,00,00,00,00,00,
602000,00000056,false,Rx,0,8,10,27,00,00,00,00,00,00,
602000,00000057,false,Rx,0,8,00,00,FE,FF,FE,FF,00,00,
628000,00000625,false,Rx,0,8,25,00,59,86,01,54,5C,06,
690000,0000060D,false,Rx,0,8,0D,10,83,B6,09,20,70,00,
700000,000002C4,false,Rx,0,8,09,20,00,00,CE,02,00,00,
700000,000002C5,false,Rx,0,8,00,00,00,00,00,00,00,00,
701000,000002C6,false,Rx,0,8,32,00,7C,01,00,00,00,00,
729000,00000625,false,Rx,0,8,25,00,59,86,01,54,5C,06,
791000,0000060D,false,Rx,0,8,0D,10,83,B6,09,20,70,00,
800000,00000054,false,Rx,0,8,01,05,0B,01,CE,02,00,00,
800000,00000055,false,Rx,0,8,10,27,00,00,00,00,00,00,
801000,00000056,false,Rx,0,8,10,27,00,00,00,00,00,00,
801000,00000057,false,Rx,0,8,00,00,FE,FF,FE,FF,00,00,
830000,00000625,false,Rx,0,8,25,00,59,86,01,54,5C,06,
891000,0000060D,false,Rx,0,8,0D,10,83,B6,09,20,70,00,
921000,000002C4,false,Rx,0,8,09,20,00,00,CE,02,00,00,
0,000002C5,false,Rx,0,8,00,00,00,00,00,00,00,00,
0,000002C6,false,Rx,0,8,32,00,7C,01,00,00,00,00,
928000,00000625,false,Rx,0,8,25,00,59,86,01,54,5C,06,
990000,0000060D,false,Rx,0,8,0D,10,83,B6,09,20,70,00,
0,00000054,false,Rx,0,8,01,05,0B,01,CE,02,00,00,
1000,00000055,false,Rx,0,8,10,27,00,00,00,00,00,00,
0,00000056,false,Rx,0,8,10,27,00,00,00,00,00,00,
0,00000057,false,Rx,0,8,00,00,FE,FF,FE,FF,00,00,
29000,00000625,false,Rx,0,8,25,00,59,86,01,54,5C,06,
91000,0000060D,false,Rx,0,8,0D,10,83,B6,09,20,70,00,
128000,00000625,false,Rx,0,8,25,00,59,86,01,54,5C,06,
0,000002C4,false,Rx,0,8,09,20,00,00,CE,02,00,00,
0,000002C5,false,Rx,0,8,00,00,00,00,00,00,00,00,
141000,000002C6,false,Rx,0,8,32,00,7C,01,00,00,00,00,
191000,0000060D,false,Rx,0,8,0D,10,83,B6,09,20,70,00,
201000,00000054,false,Rx,0,8,01,05,0B,01,CE,02,00,00,
0,00000055,false,Rx,0,8,10,27,00,00,00,00,00,00,
0,00000056,false,Rx,0,8,10,27,00,00,00,00,00,00,
202000,00000057,false,Rx,0,8,00,00,FE,FF,FE,FF,00,00,
229000,00000625,false,Rx,0,8,25,00,59,86,01,54,5C,06,
290000,0000060D,false,Rx,0,8,0D,10,83,B6,09,20,70,00,
329000,00000625,false,Rx,0,8,25,00,59,86,01,54,5C,06,
0,000002C4,false,Rx,0,8,09,20,00,00,CE,02,00,00,
0,000002C5,false,Rx,0,8,00,00,00,00,00,00,00,00,
361000,000002C6,false,Rx,0,8,32,00,7C,01,00,00,00,00,
391000,0000060D,false,Rx,0,8,0D,10,83,B6,09,20,70,00,
401000,00000054,false,Rx,0,8,01,05,0B,01,CE,02,00,00,
401000,00000055,false,Rx,0,8,10,27,00,00,00,00,00,00,
401000,00000056,false,Rx,0,8,10,27,00,00,00,00,00,00,
402000,00000057,false,Rx,0,8,00,00,FE,FF,FE,FF,00,00,
429000,00000625,false,Rx,0,8,25,00,59,86,01,54,5C,06,
491000,0000060D,false,Rx,0,8,0D,10,83,B6,09,20,70,00,
529000,00000625,false,Rx,0,8,25,00,59,86,01,54,5C,06,
0,000002C4,false,Rx,0,8,09,20,00,00,CE,02,00,00,
0,000002C5,false,Rx,0,8,00,00,00,00,00,00,00,00,
581000,000002C6,false,Rx,0,8,32,00,7C,01,00,00,00,00,
591000,0000060D,false,Rx,0,8,0D,10,83,B6,09,20,70,00,
0,00000054,false,Rx,0,8,01,05,0B,01,CE,02,00,00,
0,00000055,false,Rx,0,8,10,27,00,00,00,00,00,00,
601000,00000056,false,Rx,0,8,10,27,00,00,00,00,00,00,
601000,00000057,false,Rx,0,8,00,00,FE,FF,FE,FF,00,00,
628000,00000625,false,Rx,0,8,25,00,59,86,01,54,5C,06,
691000,0000060D,false,Rx,0,8,0D,10,83,B6,09,20,70,00,
729000,00000625,false,Rx,0,8,25,00,59,86,01,54,5C,06,
791000,0000060D,false,Rx,0,8,0D,10,83,B6,09,20,70,00,
800000,000002C4,false,Rx,0,8,09,20,00,00,CE,02,00,00,
800000,000002C5,false,Rx,0,8,00,00,00,00,00,00,00,00,
801000,00000054,false,Rx,0,8,01,05,0B,01,CE,02,00,00,
801000,000002C6,false,Rx,0,8,32,00,7C,01,00,00,00,00,
801000,00000055,false,Rx,0,8,10,27,00,00,00,00,00,00,
802000,00000056,false,Rx,0,8,10,27,00,00,00,00,00,00,
802000,00000057,false,Rx,0,8,00,00,FE,FF,FE,FF,00,00,
830000,00000625,false,Rx,0,8,25,00,59,86,01,54,5C,06,
891000,0000060D,false,Rx,0,8,0D,10,83,B6,09,20,70,00,
929000,00000625,false,Rx,0,8,25,00,59,86,01,54,5C,06,
991000,0000060D,false,Rx,0,8,0D,10,83,B6,09,20,70,00,
0,00000054,false,Rx,0,8,01,05,0B,01,CE,02,00,00,
0,00000055,false,Rx,0,8,10,27,00,00,00,00,00,00,
1000,00000056,false,Rx,0,8,10,27,00,00,00,00,00,00,
1000,00000057,false,Rx,0,8,00,00,FE,FF,FE,FF,00,00,
20000,000002C4,false,Rx,0,8,09,20,00,00,CE,02,00,00,
20000,000002C5,false,Rx,0,8,00,00,00,00,00,00,00,00,
20000,000002C6,false,Rx,0,8,32,00,7C,01,00,00,00,00,
29000,00000625,false,Rx,0,8,25,00,59,86,01,54,5C,06,
91000,0000060D,false,Rx,0,8,0D,10,83,B6,09,20,70,00,
129000,00000625,false,Rx,0,8,25,00,59,86,01,54,5C,06,
191000,0000060D,false,Rx,0,8,0D,10,83,B6,09,20,70,00,
201000,00000054,false,Rx,0,8,01,05,0B,01,CE,02,00,00,
201000,00000055,false,Rx,0,8,10,27,00,00,00,00,00,00,
201000,00000056,false,Rx,0,8,10,27,00,00,00,00,00,00,
202000,00000057,false,Rx,0,8,00,00,FE,FF,FE,FF,00,00,
229000,00000625,false,Rx,0,8,25,00,59,86,01,54,5C,06,
0,000002C4,false,Rx,0,8,09,20,00,00,CE,02,00,00,
0,000002C5,false,Rx,0,8,00,00,00,00,00,00,00,00,
240000,000002C6,false,Rx,0,8,32,00,7C,01,00,00,00,00,
290000,0000060D,false,Rx,0,8,0D,10,83,B6,09,20,70,00,
329000,00000625,false,Rx,0,8,25,00,59,86,01,54,5C,06,
391000,0000060D,false,Rx,0,8,0D,10,83,B6,09,20,70,00,
401000,00000054,false,Rx,0,8,01,05,0B,01,CE,02,00,00,
401000,00000055,false,Rx,0,8,10,27,00,00,00,00,00,00,
401000,00000056,false,Rx,0,8,10,27,00,00,00,00,00,00,
402000,00000057,false,Rx,0,8,00,00,FE,FF,FE,FF,00,00,
429000,00000625,false,Rx,0,8,25,00,59,86,01,54,5C,06,
460000,000002C4,false,Rx,0,8,09,20,00,00,CE,02,00,00,
461000,000002C5,false,Rx,0,8,00,00,00,00,00,00,00,00,
461000,000002C6,false,Rx,0,8,32,00,7C,01,00,00,00,00,
490000,0000060D,false,Rx,0,8,0D,10,83,B6,09,20,70,00,
529000,00000625,false,Rx,0,8,25,00,59,86,01,54,5C,06,
590000,0000060D,false,Rx,0,8,0D,10,83,B6,09,20,70,00,
601000,00000054,false,Rx,0,8,01,05,0B,01,CE,02,00,00,
601000,00000055,false,Rx,0,8,10,27,00,00,00,00,00,00,
601000,00000056,false,Rx,0,8,10,27,00,00,00,00,00,00,
601000,00000057,false,Rx,0,8,00,00,FE,FF,FE,FF,00,00,
629000,00000625,false,Rx,0,8,25,00,59,86,01,54,5C,06,
680000,000002C4,false,Rx,0,8,09,20,00,00,CE,02,00,00,
681000,000002C5,false,Rx,0,8,00,00,00,00,00,00,00,00,
681000,000002C6,false,Rx,0,8,32,00,7C,01,00,00,00,00,
691000,0000060D,false,Rx,0,8,0D,10,83,B6,09,20,70,00,
728000,00000625,false,Rx,0,8,25,00,59,86,01,54,5C,06,
790000,0000060D,false,Rx,0,8,0D,10,83,B6,09,20,70,00,
0,00000054,false,Rx,0,8,01,05,0B,01,CE,02,00,00,
0,00000055,false,Rx,0,8,10,27,00,00,00,00,00,00,
0,00000056,false,Rx,0,8,10,27,00,00,00,00,00,00,
802000,00000057,false,Rx,0,8,00,00,FE,FF,FE,FF,00,00,
829000,00000625,false,Rx,0,8,25,00,59,86,01,54,5C,06,
891000,0000060D,false,Rx,0,8,0D,10,83,B6,09,20,70,00,
900000,000002C4,false,Rx,0,8,09,20,00,00,CE,02,00,00,
901000,000002C5,false,Rx,0,8,00,00,00,00,00,00,00,00,
901000,000002C6,false,Rx,0,8,32,00,7C,01,00,00,00,00,
928000,00000625,false,Rx,0,8,25,00,59,86,01,54,5C,06,
991000,0000060D,false,Rx,0,8,0D,10,83,B6,09,20,70,00,
0,00000054,false,Rx,0,8,01,05,0B,01,CE,02,00,00,
0,00000055,false,Rx,0,8,10,27,00,00,00,00,00,00,
1000,00000056,false,Rx,0,8,10,27,00,00,00,00,00,00,
1000,00000057,false,Rx,0,8,00,00,FE,FF,FE,FF,00,00,
29000,00000625,false,Rx,0,8,25,00,59,86,01,54,5C,06,
91000,0000060D,false,Rx,0,8,0D,10,83,B6,09,20,70,00,
120000,000002C4,false,Rx,0,8,09,20,00,00,CE,02,00,00,
121000,000002C5,false,Rx,0,8,00,00,00,00,00,00,00,00,
121000,000002C6,false,Rx,0,8,32,00,7C,01,00,00,00,00,
129000,00000625,false,Rx,0,8,25,00,59,86,01,54,5C,06,
191000,0000060D,false,Rx,0,8,0D,10,83,B6,09,20,70,00,
201000,00000054,false,Rx,0,8,01,05,0B,01,CE,02,00,00,
201000,00000055,false,Rx,0,8,10,27,00,00,00,00,00,00,
0,00000056,false,Rx,0,8,10,27,00,00,00,00,00,00,
0,00000057,false,Rx,0,8,00,00,FE,FF,FE,FF,00,00,
230000,00000625,false,Rx,0,8,25,00,59,86,01,54,5C,06,
290000,0000060D,false,Rx,0,8,0D,10,83,B6,09,20,70,00,
329000,00000625,false,Rx,0,8,25,00,59,86,01,54,5C,06,
340000,000002C4,false,Rx,0,8,09,20,00,00,CE,02,00,00,
341000,000002C5,false,Rx,0,8,00,00,00,00,00,00,00,00,
341000,000002C6,false,Rx,0,8,32,00,7C,01,00,00,00,00,
392000,0000060D,false,Rx,0,8,0D,10,83,B6,09,20,70,00,
0,00000054,false,Rx,0,8,01,05,0B,01,CE,02,00,00,
0,00000055,false,Rx,0,8,10,27,00,00,00,00,00,00,
401000,00000056,false,Rx,0,8,10,27,00,00,00,00,00,00,
401000,00000057,false,Rx,0,8,00,00,FE,FF,FE,FF,00,00,
430000,00000625,false,Rx,0,8,25,00,59,86,01,54,5C,06,
491000,0000060D,false,Rx,0,8,0D,10,83,B6,09,20,70,00,
529000,00000625,false,Rx,0,8,25,00,59,86,01,54,5C,06,
560000,000002C4,false,Rx,0,8,09,20,00,00,CE,02,00,00,
560000,000002C5,false,Rx,0,8,00,00,00,00,00,00,00,00,
560000,000002C6,false,Rx,0,8,32,00,7C,01,00,00,00,00,
590000,0000060D,false,Rx,0,8,0D,10,83,B6,09,20,70,00,
600000,00000054,false,Rx,0,8,01,05,0B,01,CE,02,00,00,
600000,00000055,false,Rx,0,8,10,27,00,00,00,00,00,00,
600000,00000056,false,Rx,0,8,10,27,00,00,00,00,00,00,
601000,00000057,false,Rx,0,8,00,00,FE,FF,FE,FF,00,00,
630000,00000625,false,Rx,0,8,25,00,59,86,01,54,5C,06,
691000,0000060D,false,Rx,0,8,0D,10,83,B6,09,20,70,00,
728000,00000625,false,Rx,0,8,25,00,59,86,01,54,5C,06,
0,000002C4,false,Rx,0,8,09,20,00,00,CE,02,00,00,
0,000002C5,false,Rx,0,8,00,00,00,00,00,00,00,00,
780000,000002C6,false,Rx,0,8,32,00,7C,01,00,00,00,00,
791000,0000060D,false,Rx,0,8,0D,10,83,B6,09,20,70,00,
801000,00000054,false,Rx,0,8,01,05,0B,01,CE,02,00,00,
801000,00000055,false,Rx,0,8,10,27,00,00,00,00,00,00,
801000,00000056,false,Rx,0,8,10,27,00,00,00,00,00,00,
802000,00000057,false,Rx,0,8,00,00,FE,FF,FE,FF,00,00,
830000,00000625,false,Rx,0,8,25,00,59,86,01,54,5C,06,
891000,0000060D,false,Rx,0,8,0D,10,83,B6,09,20,70,00,
929000,00000625,false,Rx,0,8,25,00,59,86,01,54,5C,06,
990000,0000060D,false,Rx,0,8,0D,10,83,B6,09,20,70,00,
1000,000002C4,false,Rx,0,8,09,20,00,00,CE,02,00,00,
1000,000002C5,false,Rx,0,8,00,00,00,00,00,00,00,00,
0,00000054,false,Rx,0,8,01,05,0B,01,CE,02,00,00,
0,000002C6,false,Rx,0,8,32,00,7C,01,00,00,00,00,
1000,00000055,false,Rx,0,8,10,27,00,00,00,00,00,00,
1000,00000056,false,Rx,0,8,10,27,00,00,00,00,00,00,
1000,00000057,false,Rx,0,8,00,00,FE,FF,FE,FF,00,00,
28000,00000625,false,Rx,0,8,25,00,59,86,01,54,5C,06,
91000,0000060D,false,Rx,0,8,0D,10,83,B6,09,20,70,00,
129000,00000625,false,Rx,0,8,25,00,59,86,01,54,5C,06,
191000,0000060D,false,Rx,0,8,0D,10,83,B6,09,20,70,00,
201000,00000054,false,Rx,0,8,01,05,0B,01,CE,02,00,00,
201000,00000055,false,Rx,0,8,10,27,00,00,00,00,00,00,
201000,00000056,false,Rx,0,8,10,27,00,00,00,00,00,00,
202000,00000057,false,Rx,0,8,00,00,FE,FF,FE,FF,00,00,
221000,000002C4,false,Rx,0,8,09,20,00,00,CE,02,00,00,
221000,000002C5,false,Rx,0,8,00,00,00,00,00,00,00,00,
221000,000002C6,false,Rx,0,8,32,00,7C,01,00,00,00,00,
228000,00000625,false,Rx,0,8,25,00,59,86,01,54,5C,06,
291000,0000060D,false,Rx,0,8,0D,10,83,B6,09,20,70,00,
329000,00000625,false,Rx,0,8,25,00,59,86,01,54,5C,06,
391000,0000060D,false,Rx,0,8,0D,10,83,B6,09,20,70,00,
0,00000054,false,Rx,0,8,01,05,0B,01,CE,02,00,00,
0,00000055,false,Rx,0,8,10,27,00,00,00,00,00,00,
401000,00000056,false,Rx,0,8,10,27,00,00,00,00,00,00,
401000,00000057,false,Rx,0,8,00,00,FE,FF,FE,FF,00,00,
430000,00000625,false,Rx,0,8,25,00,59,86,01,54,5C,06,
0,000002C4,false,Rx,0,8,09,20,00,00,CE,02,00,00,
0,000002C5,false,Rx,0,8,00,00,00,00,00,00,00,00,
441000,000002C6,false,Rx,0,8,32,00,7C,01,00,00,00,00,
491000,0000060D,false,Rx,0,8,0D,10,83,B6,09,20,70,00,
529000,00000625,false,Rx,0,8,25,00,59,86,01,54,5C,06,
591000,0000060D,false,Rx,0,8,0D,10,83,B6,09,20,70,00,
601000,00000054,false,Rx,0,8,01,05,0B,01,CE,02,00,00,
601000,00000055,false,Rx,0,8,10,27,00,00,00,00,00,00,
601000,00000056,false,Rx,0,8,10,27,00,00,00,00,00,00,
602000,00000057,false,Rx,0,8,00,00,FE,FF,FE,FF,00,00,
628000,00000625,false,Rx,0,8,25,00,59,86,01,54,5C,06,
660000,000002C4,false,Rx,0,8,09,20,00,00,CE,02,00,00,
661000,000002C5,false,Rx,0,8,00,00,00,00,00,00,00,00,
661000,000002C6,false,Rx,0,8,32,00,7C,01,00,00,00,00,
691000,0000060D,false,Rx,0,8,0D,10,83,B6,09,20,70,00,
729000,00000625,false,Rx,0,8,25,00,59,86,01,54,5C,06,
790000,0000060D,false,Rx,0,8,0D,10,83,B6,09,20,70,00,
800000,00000054,false,Rx,0,8,01,05,0B,01,CE,02,00,00,
801000,00000055,false,Rx,0,8,10,27,00,00,00,00,00,00,
801000,00000056,false,Rx,0,8,10,27,00,00,00,00,00,00,
801000,00000057,false,Rx,0,8,00,00,FE,FF,FE,FF,00,00,
828000,00000625,false,Rx,0,8,25,00,59,86,01,54,5C,06,
880000,000002C4,false,Rx,0,8,09,20,00,00,CE,02,00,00,
880000,000002C5,false,Rx,0,8,00,00,00,00,00,00,00,00,
881000,000002C6,false,Rx,0,8,32,00,7C,01,00,00,00,00,
891000,0000060D,false,Rx,0,8,0D,10,83,B6,09,20,70,00,
929000,00000625,false,Rx,0,8,25,00,59,86,01,54,5C,06,
991000,0000060D,false,Rx,0,8,0D,10,83,B6,09,20,70,00,
0,00000054,false,Rx,0,8,01,05,0B,01,CE,02,00,00,
0,00000055,false,Rx,0,8,10,27,00,00,00,00,00,00,
1000,00000056,false,Rx,0,8,10,27,00,00,00,00,00,00,
2000,00000057,false,Rx,0,8,00,00,FE,FF,FE,FF,00,00,
29000,00000625,false,Rx,0,8,25,00,59,86,01,54,5C,06,
90000,0000060D,false,Rx,0,8,0D,10,83,B6,09,20,70,00,
100000,000002C4,false,Rx,0,8,09,20,00,00,CE,02,00,00,
100000,000002C5,false,Rx,0,8,00,00,00,00,00,00,00,00,
100000,000002C6,false,Rx,0,8,32,00,7C,01,00,00,00,00,
130000,00000625,false,Rx,0,8,25,00,59,86,01,54,5C,06,
191000,0000060D,false,Rx,0,8,0D,10,83,B6,09,20,70,00,
200000,00000054,false,Rx,0,8,01,05,0B,01,CE,02,00,00,
200000,00000055,false,Rx,0,8,10,27,00,00,00,00,00,00,
201000,00000056,false,Rx,0,8,10,27,00,00,00,00,00,00,
201000,00000057,false,Rx,0,8,00,00,FE,FF,FE,FF,00,00,
229000,00000625,false,Rx,0,8,25,00,59,86,01,54,5C,06,
291000,0000060D,false,Rx,0,8,0D,10,83,B6,09,20,70,00,
320000,000002C4,false,Rx,0,8,09,20,00,00,CE,02,00,00,
320000,000002C5,false,Rx,0,8,00,00,00,00,00,00,00,00,
321000,000002C6,false,Rx,0,8,32,00,7C,01,00,00,00,00,
329000,00000625,false,Rx,0,8,25,00,59,86,01,54,5C,06,
390000,0000060D,false,Rx,0,8,0D,10,83,B6,09,20,70,00,
401000,00000054,false,Rx,0,8,01,05,0B,01,CE,02,00,00,
401000,00000055,false,Rx,0,8,10,27,00,00,00,00,00,00,
401000,00000056,false,Rx,0,8,10,27,00,00,00,00,00,00,
402000,00000057,false,Rx,0,8,00,00,FE,FF,FE,FF,00,00,
429000,00000625,false,Rx,0,8,25,00,59,86,01,54,5C,06,
491000,0000060D,false,Rx,0,8,0D,10,83,B6,09,20,70,00,
528000,00000625,false,Rx,0,8,25,00,59,86,01,54,5C,06,
540000,000002C4,false,Rx,0,8,09,20,00,00,CE,02,00,00,
540000,000002C5,false,Rx,0,8,00,00,00,00,00,00,00,00,
540000,000002C6,false,Rx,0,8,32,00,7C,01,00,00,00,00,
591000,0000060D,false,Rx,0,8,0D,10,83,B6,09,20,70,00,
601000,00000054,false,Rx,0,8,01,05,0B,01,CE,02,00,00,
601000,00000055,false,Rx,0,8,10,27,00,00,00,00,00,00,
602000,00000056,false,Rx,0,8,10,27,00,00,00,00,00,00,
602000,00000057,false,Rx,0,8,00,00,FE,FF,FE,FF,00,00,
629000,00000625,false,Rx,0,8,25,00,59,86,01,54,5C,06,
691000,0000060D,false,Rx,0,8,0D,10,83,B6,09,20,70,00,
729000,00000625,false,Rx,0,8,25,00,59,86,01,54,5C,06,
0,000002C4,false,Rx,0,8,09,20,00,00,CE,02,00,00,
0,000002C5,false,Rx,0,8,00,00,00,00,00,00,00,00,
761000,000002C6,false,Rx,0,8,32,00,7C,01,00,00,00,00,
790000,0000060D,false,Rx,0,8,0D,10,83,B6,09,20,70,00,
800000,00000054,false,Rx,0,8,01,05,0B,01,CE,02,00,00,
801000,00000055,false,Rx,0,8,10,27,00,00,00,00,00,00,
801000,00000056,false,Rx,0,8,10,27,00,00,00,00,00,00,
801000,00000057,false,Rx,0,8,00,00,FE,FF,FE,FF,00,00,
828000,00000625,false,Rx,0,8,25,00,59,86,01,54,5C,06,
892000,0000060D,false,Rx,0,8,0D,10,83,B6,09,20,70,00,
929000,00000625,false,Rx,0,8,25,00,59,86,01,54,5C,06,
0,000002C4,false,Rx,0,8,09,20,00,00,CE,02,00,00,
0,000002C5,false,Rx,0,8,00,00,00,00,00,00,00,00,
981000,000002C6,false,Rx,0,8,32,00,7C,01,00,00,00,00,
990000,0000060D,false,Rx,0,8,0D,10,83,B6,09,20,70,00,
0,00000054,false,Rx,0,8,01,05,0B,01,CE,02,00,00,
0,00000055,false,Rx,0,8,10,27,00,00,00,00,00,00,
1000,00000056,false,Rx,0,8,10,27,00,00,00,00,00,00,
2000,00000057,false,Rx,0,8,00,00,FE,FF,FE,FF,00,00,
29000,00000625,false,Rx,0,8,25,00,59,86,01,54,5C,06,
91000,0000060D,false,Rx,0,8,0D,10,83,B6,09,20,70,00,
129000,00000625,false,Rx,0,8,25,00,59,86,01,54,5C,06,
191000,0000060D,false,Rx,0,8,0D,10,83,B6,09,20,70,00,
201000,000002C4,false,Rx,0,8,09,20,00,00,CE,02,00,00,
201000,000002C5,false,Rx,0,8,00,00,00,00,00,00,00,00,
201000,00000054,false,Rx,0,8,01,05,0B,01,CE,02,00,00,
201000,000002C6,false,Rx,0,8,32,00,7C,01,00,00,00,00,
201000,00000055,false,Rx,0,8,10,27,00,00,00,00,00,00,
202000,00000056,false,Rx,0,8,10,27,00,00,00,00,00,00,
202000,00000057,false,Rx,0,8,00,00,FE,FF,FE,FF,00,00,
229000,00000625,false,Rx,0,8,25,00,59,86,01,54,5C,06,
291000,0000060D,false,Rx,0,8,0D,10,83,B6,09,20,70,00,
330000,00000625,false,Rx,0,8,25,00,59,86,01,54,5C,06,
391000,0000060D,false,Rx,0,8,0D,10,83,B6,09,20,70,00,
401000,00000054,false,Rx,0,8,01,05,0B,01,CE,02,00,00,
401000,00000055,false,Rx,0,8,10,27,00,00,00,00,00,00,
401000,00000056,false,Rx,0,8,10,27,00,00,00,00,00,00,
401000,00000057,false,Rx,0,8,00,00,FE,FF,FE,FF,00,00,
420000,000002C4,false,Rx,0,8,09,20,00,00,CE,02,00,00,
421000,000002C5,false,Rx,0,8,00,00,00,00,00,00,00,00,
421000,000002C6,false,Rx,0,8,32,00,7C,01,00,00,00,00,
429000,00000625,false,Rx,0,8,25,00,59,86,01,54,5C,06,
490000,0000060D,false,Rx,0,8,0D,10,83,B6,09,20,70,00,
529000,00000625,false,Rx,0,8,25,00,59,86,01,54,5C,06,
591000,0000060D,false,Rx,0,8,0D,10,83,B6,09,20,70,00,
600000,00000054,false,Rx,0,8,01,05,0B,01,CE,02,00,00,
600000,00000055,false,Rx,0,8,10,27,00,00,00,00,00,00,
601000,00000056,false,Rx,0,8,10,27,00,00,00,00,00,00,
601000,00000057,false,Rx,0,8,00,00,FE,FF,FE,FF,00,00,
630000,00000625,false,Rx,0,8,25,00,59,86,01,54,5C,06,
0,000002C4,false,Rx,0,8,09,20,00,00,CE,02,00,00,
0,000002C5,false,Rx,0,8,00,00,00,00,00,00,00,00,
641000,000002C6,false,Rx,0,8,32,00,7C,01,00,00,00,00,
691000,0000060D,false,Rx,0,8,0D,10,83,B6,09,20,70,00,
729000,00000625,false,Rx,0,8,25,00,59,86,01,54,5C,06,
791000,0000060D,false,Rx,0,8,0D,10,83,B6,09,20,70,00,
801000,00000054,false,Rx,0,8,01,05,0B,01,CE,02,00,00,
0,00000055,false,Rx,0,8,10,27,00,00,00,00,00,00,
0,00000056,false,Rx,0,8,10,27,00,00,00,00,00,00,
801000,00000057,false,Rx,0,8,00,00,FE,FF,FE,FF,00,00,
829000,00000625,false,Rx,0,8,25,00,59,86,01,54,5C,06,
0,000002C4,false,Rx,0,8,09,20,00,00,CE,02,00,00,
0,000002C5,false,Rx,0,8,00,00,00,00,00,00,00,00,
0,000002C6,false,Rx,0,8,32,00,7C,01,00,00,00,00,
891000,0000060D,false,Rx,0,8,0D,10,83,B6,09,20,70,00,
929000,00000625,false,Rx,0,8,25,00,59,86,01,54,5C,06,
990000,0000060D,false,Rx,0,8,0D,10,83,B6,09,20,70,00,
0,00000054,false,Rx,0,8,01,05,0B,01,CE,02,00,00,
0,00000055,false,Rx,0,8,10,27,00,00,00,00,00,00,
0,00000056,false,Rx,0,8,10,27,00,00,00,00,00,00,
0,00000057,false,Rx,0,8,00,00,FE,FF,FE,FF,00,00,
29000,00000625,false,Rx,0,8,25,00,59,86,01,54,5C,06,
80000,000002C4,false,Rx,0,8,09,20,00,00,CE,02,00,00,
81000,000002C5,false,Rx,0,8,00,00,00,00,00,00,00,00,
81000,000002C6,false,Rx,0,8,32,00,7C,01,00,00,00,00,
91000,0000060D,false,Rx,0,8,0D,10,83,B6,09,20,70,00,
129000,00000625,false,Rx,0,8,25,00,59,86,01,54,5C,06,
191000,0000060D,false,Rx,0,8,0D,10,83,B6,09,20,70,00,
200000,00000054,false,Rx,0,8,01,05,0B,01,CE,02,00,00,
200000,00000055,false,Rx,0,8,10,27,00,00,00,00,00,00,
201000,00000056,false,Rx,0,8,10,27,00,00,00,00,00,00,
201000,00000057,false,Rx,0,8,00,00,FE,FF,FE,FF,00,00,
229000,00000625,false,Rx,0,8,25,00,59,86,01,54,5C,06,
291000,0000060D,false,Rx,0,8,0D,10,83,B6,09,20,70,00,
300000,000002C4,false,Rx,0,8,09,20,00,00,CE,02,00,00,
300000,000002C5,false,Rx,0,8,00,00,00,00,00,00,00,00,
300000,000002C6,false,Rx,0,8,32,00,7C,01,00,00,00,00,
329000,00000625,false,Rx,0,8,25,00,59,86,01,54,5C,06,
391000,0000060D,false,Rx,0,8,0D,10,83,B6,09,20,70,00,
400000,00000054,false,Rx,0,8,01,05,0B,01,CE,02,00,00,
400000,00000055,false,Rx,0,8,10,27,00,00,00,00,00,00,
401000,00000056,false,Rx,0,8,10,27,00,00,00,00,00,00,
401000,00000057,false,Rx,0,8,00,00,FE,FF,FE,FF,00,00,
429000,00000625,false,Rx,0,8,25,00,59,86,01,54,5C,06,
490000,0000060D,false,Rx,0,8,0D,10,83,B6,09,20,70,00,
521000,000002C4,false,Rx,0,8,09,20,00,00,CE,02,00,00,
521000,000002C5,false,Rx,0,8,00,00,00,00,00,00,00,00,
522000,000002C6,false,Rx,0,8,32,00,7C,01,00,00,00,00,
529000,00000625,false,Rx,0,8,25,00,59,86,01,54,5C,06,
591000,0000060D,false,Rx,0,8,0D,10,83,B6,09,20,70,00,
600000,00000054,false,Rx,0,8,01,05,0B,01,CE,02,00,00,
600000,00000055,false,Rx,0,8,10,27,00,00,00,00,00,00,
601000,00000056,false,Rx,0,8,10,27,00,00,00,00,00,00,
601000,00000057,false,Rx,0,8,00,00,FE,FF,FE,FF,00,00,
629000,00000625,false,Rx,0,8,25,00,59,86,01,54,5C,06,
691000,0000060D,false,Rx,0,8,0D,10,83,B6,09,20,70,00,
729000,00000625,false,Rx,0,8,25,00,59,86,01,54,5C,06,
740000,000002C4,false,Rx,0,8,09,20,00,00,CE,02,00,00,
0,000002C5,false,Rx,0,8,00,00,00,00,00,00,00,00,
0,000002C6,false,Rx,0,8,32,00,7C,01,00,00,00,00,
791000,0000060D,false,Rx,0,8,0D,10,83,B6,09,20,70,00,
801000,00000054,false,Rx,0,8,01,05,0B,01,CE,02,00,00,
0,00000055,false,Rx,0,8,10,27,00,00,00,00,00,00,
0,00000056,false,Rx,0,8,10,27,00,00,00,00,00,00,
802000,00000057,false,Rx,0,8,00,00,FE,FF,FE,FF,00,00,
830000,00000625,false,Rx,0,8,25,00,59,86,01,54,5C,06,
890000,0000060D,false,Rx,0,8,0D,10,83,B6,09,20,70,00,
930000,00000625,false,Rx,0,8,25,00,59,86,01,54,5C,06,
960000,000002C4,false,Rx,0,8,09,20,00,00,CE,02,00,00,
960000,000002C5,false,Rx,0,8,00,00,00,00,00,00,00,00,
960000,000002C6,false,Rx,0,8,32,00,7C,01,00,00,00,00,
991000,0000060D,false,Rx,0,8,0D,10,83,B6,09,20,70,00,
0,00000054,false,Rx,0,8,01,05,0B,01,CE,02,00,00,
0,00000055,false,Rx,0,8,10,27,00,00,00,00,00,00,
1000,00000056,false,Rx,0,8,10,27,00,00,00,00,00,00,
2000,00000057,false,Rx,0,8,00,00,FE,FF,FE,FF,00,00,
29000,00000625,false,Rx,0,8,25,00,59,86,01,54,5C,06,
90000,0000060D,false,Rx,0,8,0D,10,83,B6,09,20,70,00,
129000,00000625,false,Rx,0,8,25,00,59,86,01,54,5C,06,
180000,000002C4,false,Rx,0,8,09,20,00,00,CE,02,00,00,
181000,000002C5,false,Rx,0,8,00,00,00,00,00,00,00,00,
181000,000002C6,false,Rx,0,8,32,00,7C,01,00,00,00,00,
190000,0000060D,false,Rx,0,8,0D,10,83,B6,09,20,70,00,
201000,00000054,false,Rx,0,8,01,05,0B,01,CE,02,00,00,
201000,00000055,false,Rx,0,8,10,27,00,00,00,00,00,00,
201000,00000056,false,Rx,0,8,10,27,00,00,00,00,00,00,
201000,00000057,false,Rx,0,8,00,00,FE,FF,FE,FF,00,00,
229000,00000625,false,Rx,0,8,25,00,59,86,01,54,5C,06,
290000,0000060D,false,Rx,0,8,0D,10,83,B6,09,20,70,00,
329000,00000625,false,Rx,0,8,25,00,59,86,01,54,5C,06,
391000,0000060D,false,Rx,0,8,0D,10,83,B6,09,20,70,00,
400000,000002C4,false,Rx,0,8,09,20,00,00,CE,02,00,00,
401000,000002C5,false,Rx,0,8,00,00,00,00,00,00,00,00,
401000,00000054,false,Rx,0,8,01,05,0B,01,CE,02,00,00,
401000,000002C6,false,Rx,0,8,32,00,7C,01,00,00,00,00,
401000,00000055,false,Rx,0,8,10,27,00,00,00,00,00,00,
402000,00000056,false,Rx,0,8,10,27,00,00,00,00,00,00,
402000,00000057,false,Rx,0,8,00,00,FE,FF,FE,FF,00,00,
430000,00000625,false,Rx,0,8,25,00,59,86,01,54,5C,06,
491000,0000060D,false,Rx,0,8,0D,10,83,B6,09,20,70,00,
528000,00000625,false,Rx,0,8,25,00,59,86,01,54,5C,06,
591000,0000060D,false,Rx,0,8,0D,10,83,B6,09,20,70,00,
601000,00000054,false,Rx,0,8,01,05,0B,01,CE,02,00,00,
601000,00000055,false,Rx,0,8,10,27,00,00,00,00,00,00,
601000,00000056,false,Rx,0,8,10,27,00,00,00,00,00,00,
601000,00000057,false,Rx,0,8,00,00,FE,FF,FE,FF,00,00,
620000,000002C4,false,Rx,0,8,09,20,00,00,CE,02,00,00,
620000,000002C5,false,Rx,0,8,00,00,00,00,00,00,00,00,
620000,000002C6,false,Rx,0,8,32,00,7C,01,00,00,00,00,
628000,00000625,false,Rx,0,8,25,00,59,86,01,54,5C,06,
691000,0000060D,false,Rx,0,8,0D,10,83,B6,09,20,70,00,
728000,00000625,false,Rx,0,8,25,00,59,86,01,54,5C,06,
791000,0000060D,false,Rx,0,8,0D,10,83,B6,09,20,70,00,
0,00000054,false,Rx,0,8,01,05,0B,01,CE,02,00,00,
0,00000055,false,Rx,0,8,10,27,00,00,00,00,00,00,
801000,00000056,false,Rx,0,8,10,27,00,00,00,00,00,00,
801000,00000057,false,Rx,0,8,00,00,FE,FF,FE,FF,00,00,
828000,00000625,false,Rx,0,8,25,00,59,86,01,54,5C,06,
841000,000002C4,false,Rx,0,8,09,20,00,00,CE,02,00,00,
841000,000002C5,false,Rx,0,8,00,00,00,00,00,00,00,00,
841000,000002C6,false,Rx,0,8,32,00,7C,01,00,00,00,00,
891000,0000060D,false,Rx,0,8,0D,10,83,B6,09,20,70,00,
928000,00000625,false,Rx,0,8,25,00,59,86,01,54,5C,06,
991000,0000060D,false,Rx,0,8,0D,10,83,B6,09,20,70,00,
0,00000054,false,Rx,0,8,01,05,0B,01,CE,02,00,00,
0,00000055,false,Rx,0,8,10,27,00,00,00,00,00,00,
0,00000056,false,Rx,0,8,10,27,00,00,00,00,00,00,
2000,00000057,false,Rx,0,8,00,00,FE,FF,FE,FF,00,00,
29000,00000625,false,Rx,0,8,25,00,59,86,01,54,5C,06,
60000,000002C4,false,Rx,0,8,09,20,00,00,CE,02,00,00,
60000,000002C5,false,Rx,0,8,00,00,00,00,00,00,00,00,
61000,000002C6,false,Rx,0,8,32,00,7C,01,00,00,00,00,
91000,0000060D,false,Rx,0,8,0D,10,83,B6,09,20,70,00,
130000,00000625,false,Rx,0,8,25,00,59,86,01,54,5C,06,
191000,0000060D,false,Rx,0,8,0D,10,83,B6,09,20,70,00,
0,00000054,false,Rx,0,8,01,05,0B,01,CE,02,00,00,
0,00000055,false,Rx,0,8,10,27,00,00,00,00,00,00,
202000,00000056,false,Rx,0,8,10,27,00,00,00,00,00,00,
202000,00000057,false,Rx,0,8,00,00,FE,FF,FE,FF,00,00,
229000,00000625,false,Rx,0,8,25,00,59,86,01,54,5C,06,
280000,000002C4,false,Rx,0,8,09,20,00,00,CE,02,00,00,
281000,000002C5,false,Rx,0,8,00,00,00,00,00,00,00,00,
281000,000002C6,false,Rx,0,8,32,00,7C,01,00,00,00,00,
290000,0000060D,false,Rx,0,8,0D,10,83,B6,09,20,70,00,
329000,00000625,false,Rx,0,8,25,00,59,86,01,54,5C,06,
391000,0000060D,false,Rx,0,8,0D,10,83,B6,09,20,70,00,
0,00000054,false,Rx,0,8,01,05,0B,01,CE,02,00,00,
0,00000055,false,Rx,0,8,10,27,00,00,00,00,00,00,
401000,00000056,false,Rx,0,8,10,27,00,00,00,00,00,00,
401000,00000057,false,Rx,0,8,00,00,FE,FF,FE,FF,00,00,
430000,00000625,false,Rx,0,8,25,00,59,86,01,54,5C,06,
491000,0000060D,false,Rx,0,8,0D,10,83,B6,09,20,70,00,
0,000002C4,false,Rx,0,8,09,20,00,00,CE,02,00,00,
0,000002C5,false,Rx,0,8,00,00,00,00,00,00,00,00,
501000,000002C6,false,Rx,0,8,32,00,7C,01,00,00,00,00,
528000,00000625,false,Rx,0,8,25,00,59,86,01,54,5C,06,
591000,0000060D,false,Rx,0,8,0D,10,83,B6,09,20,70,00,
601000,00000054,false,Rx,0,8,01,05,0B,01,CE,02,00,00,
601000,00000055,false,Rx,0,8,10,27,00,00,00,00,00,00,
601000,00000056,false,Rx,0,8,10,27,00,00,00,00,00,00,
602000,00000057,false,Rx,0,8,00,00,FE,FF,FE,FF,00,00,
629000,00000625,false,Rx,0,8,25,00,59,86,01,54,5C,06,
691000,0000060D,false,Rx,0,8,0D,10,83,B6,09,20,70,00,
0,000002C4,false,Rx,0,8,09,20,00,00,CE,02,00,00,
0,000002C5,false,Rx,0,8,00,00,00,00,00,00,00,00,
721000,000002C6,false,Rx,0,8,32,00,7C,01,00,00,00,00,
730000,00000625,false,Rx,0,8,25,00,59,86,01,54,5C,06,
791000,0000060D,false,Rx,0,8,0D,10,83,B6,09,20,70,00,
0,00000054,false,Rx,0,8,01,05,0B,01,CE,02,00,00,
0,00000055,false,Rx,0,8,10,27,00,00,00,00,00,00,
0,00000056,false,Rx,0,8,10,27,00,00,00,00,00,00,
0,00000057,false,Rx,0,8,00,00,FE,FF,FE,FF,00,00,
830000,00000625,false,Rx,0,8,25,00,59,86,01,54,5C,06,
891000,0000060D,false,Rx,0,8,0D,10,83,B6,09,20,70,00,
930000,00000625,false,Rx,0,8,25,00,59,86,01,54,5C,06,
0,000002C4,false,Rx,0,8,09,20,00,00,CE,02,00,00,
0,000002C5,false,Rx,0,8,00,00,00,00,00,00,00,00,
941000,000002C6,false,Rx,0,8,32,00,7C,01,00,00,00,00,
991000,0000060D,false,Rx,0,8,0D,10,83,B6,09,20,70,00,
0,00000054,false,Rx,0,8,01,05,0B,01,CE,02,00,00,
0,00000055,false,Rx,0,8,10,27,00,00,00,00,00,00,
1000,00000056,false,Rx,0,8,10,27,00,00,00,00,00,00,
2000,00000057,false,Rx,0,8,00,00,FE,FF,FE,FF,00,00,
29000,00000625,false,Rx,0,8,25,00,59,86,01,54,5C,06,
91000,0000060D,false,Rx,0,8,0D,10,83,B6,09,20,70,00,
130000,00000625,false,Rx,0,8,25,00,59,86,01,54,5C,06,
0,000002C4,false,Rx,0,8,09,20,00,00,CE,02,00,00,
0,000002C5,false,Rx,0,8,00,00,00,00,00,00,00,00,
161000,000002C6,false,Rx,0,8,32,00,7C,01,00,00,00,00,
191000,0000060D,false,Rx,0,8,0D,10,83,B6,09,20,70,00,
200000,00000054,false,Rx,0,8,01,05,0B,01,CE,02,00,00,
201000,00000055,false,Rx,0,8,10,27,00,00,00,00,00,00,
201000,00000056,false,Rx,0,8,10,27,00,00,00,00,00,00,
202000,00000057,false,Rx,0,8,00,00,FE,FF,FE,FF,00,00,
230000,00000625,false,Rx,0,8,25,00,59,86,01,54,5C,06,
291000,0000060D,false,Rx,0,8,0D,10,83,B6,09,20,70,00,
330000,00000625,false,Rx,0,8,25,00,59,86,01,54,5C,06,
380000,000002C4,false,Rx,0,8,09,20,00,00,CE,02,00,00,
380000,000002C5,false,Rx,0,8,00,00,00,00,00,00,00,00,
380000,000002C6,false,Rx,0,8,32,00,7C,01,00,00,00,00,
391000,0000060D,false,Rx,0,8,0D,10,83,B6,09,20,70,00,
401000,00000054,false,Rx,0,8,01,05,0B,01,CE,02,00,00,
401000,00000055,false,Rx,0,8,10,27,00,00,00,00,00,00,
401000,00000056,false,Rx,0,8,10,27,00,00,00,00,00,00,
402000,00000057,false,Rx,0,8,00,00,FE,FF,FE,FF,00,00,
429000,00000625,false,Rx,0,8,25,00,59,86,01,54,5C,06,
491000,0000060D,false,Rx,0,8,0D,10,83,B6,09,20,70,00,
530000,00000625,false,Rx,0,8,25,00,59,86,01,54,5C,06,
592000,0000060D,false,Rx,0,8,0D,10,83,B6,09,20,70,00,
600000,000002C4,false,Rx,0,8,09,20,00,00,CE,02,00,00,
600000,000002C5,false,Rx,0,8,00,00,00,00,00,00,00,00,
600000,000002C6,false,Rx,0,8,32,00,7C,01,00,00,00,00,
601000,00000054,false,Rx,0,8,01,05,0B,01,CE,02,00,00,
601000,00000055,false,Rx,0,8,10,27,00,00,00,00,00,00,
601000,00000056,false,Rx,0,8,10,27,00,00,00,00,00,00,
601000,00000057,false,Rx,0,8,00,00,FE,FF,FE,FF,00,00,
630000,00000625,false,Rx,0,8,25,00,59,86,01,54,5C,06,
691000,0000060D,false,Rx,0,8,0D,10,83,B6,09,20,70,00,
730000,00000625,false,Rx,0,8,25,00,59,86,01,54,5C,06,
791000,0000060D,false,Rx,0,8,0D,10,83,B6,09,20,70,00,
0,00000054,false,Rx,0,8,01,05,0B,01,CE,02,00,00,
0,00000055,false,Rx,0,8,10,27,00,00,00,00,00,00,
801000,00000056,false,Rx,0,8,10,27,00,00,00,00,00,00,
801000,00000057,false,Rx,0,8,00,00,FE,FF,FE,FF,00,00,
820000,000002C4,false,Rx,0,8,09,20,00,00,CE,02,00,00,
821000,000002C5,false,Rx,0,8,00,00,00,00,00,00,00,00,
821000,000002C6,false,Rx,0,8,32,00,7C,01,00,00,00,00,
830000,00000625,false,Rx,0,8,25,00,59,86,01,54,5C,06,
891000,0000060D,false,Rx,0,8,0D,10,83,B6,09,20,70,00,
929000,00000625,false,Rx,0,8,25,00,59,86,01,54,5C,06,
991000,0000060D,false,Rx,0,8,0D,10,83,B6,09,20,70,00,
0,00000054,false,Rx,0,8,01,05,0B,01,CE,02,00,00,
0,00000055,false,Rx,0,8,10,27,00,00,00,00,00,00,
1000,00000056,false,Rx,0,8,10,27,00,00,00,00,00,00,
2000,00000057,false,Rx,0,8,00,00,FE,FF,FE,FF,00,00,
29000,00000625,false,Rx,0,8,25,00,59,86,01,54,5C,06,
40000,000002C4,false,Rx,0,8,09,20,00,00,CE,02,00,00,
41000,000002C5,false,Rx,0,8,00,00,00,00,00,00,00,00,
41000,000002C6,false,Rx,0,8,32,00,7C,01,00,00,00,00,
91000,0000060D,false,Rx,0,8,0D,10,83,B6,09,20,70,00,
129000,00000625,false,Rx,0,8,25,00,59,86,01,54,5C,06,
191000,0000060D,false,Rx,0,8,0D,10,83,B6,09,20,70,00,
201000,00000054,false,Rx,0,8,01,05,0B,01,CE,02,00,00,
201000,00000055,false,Rx,0,8,10,27,00,00,00,00,00,00,
201000,00000056,false,Rx,0,8,10,27,00,00,00,00,00,00,
202000,00000057,false,Rx,0,8,00,00,FE,FF,FE,FF,00,00,
229000,00000625,false,Rx,0,8,25,00,59,86,01,54,5C,06,
0,000002C4,false,Rx,0,8,09,20,00,00,CE,02,00,00,
0,000002C5,false,Rx,0,8,00,00,00,00,00,00,00,00,
0,000002C6,false,Rx,0,8,32,00,7C,01,00,00,00,00,
291000,0000060D,false,Rx,0,8,0D,10,83,B6,09,20,70,00,
330000,00000625,false,Rx,0,8,25,00,59,86,01,54,5C,06,
391000,0000060D,false,Rx,0,8,0D,10,83,B6,09,20,70,00,
0,00000054,false,Rx,0,8,01,05,0B,01,CE,02,00,00,
0,00000055,false,Rx,0,8,10,27,00,00,00,00,00,00,
402000,00000056,false,Rx,0,8,10,27,00,00,00,00,00,00,
402000,00000057,false,Rx,0,8,00,00,FE,FF,FE,FF,00,00,
429000,00000625,false,Rx,0,8,25,00,59,86,01,54,5C,06,
481000,000002C4,false,Rx,0,8,09,20,00,00,CE,02,00,00,
481000,000002C5,false,Rx,0,8,00,00,00,00,00,00,00,00,
481000,000002C6,false,Rx,0,8,32,00,7C,01,00,00,00,00,
490000,0000060D,false,Rx,0,8,0D,10,83,B6,09,20,70,00,
530000,00000625,false,Rx,0,8,25,00,59,86,01,54,5C,06,
591000,0000060D,false,Rx,0,8,0D,10,83,B6,09,20,70,00,
600000,00000054,false,Rx,0,8,01,05,0B,01,CE,02,00,00,
600000,00000055,false,Rx,0,8,10,27,00,00,00,00,00,00,
601000,00000056,false,Rx,0,8,10,27,00,00,00,00,00,00,
601000,00000057,false,Rx,0,8,00,00,FE,FF,FE,FF,00,00,
629000,00000625,false,Rx,0,8,25,00,59,86,01,54,5C,06,
690000,0000060D,false,Rx,0,8,0D,10,83,B6,09,20,70,00,
701000,000002C4,false,Rx,0,8,09,20,00,00,CE,02,00,00,
701000,000002C5,false,Rx,0,8,00,00,00,00,00,00,00,00,
702000,000002C6,false,Rx,0,8,32,00,7C,01,00,00,00,00,
729000,00000625,false,Rx,0,8,25,00,59,86,01,54,5C,06,
791000,0000060D,false,Rx,0,8,0D,10,83,B6,09,20,70,00,
801000,00000054,false,Rx,0,8,01,05,0B,01,CE,02,00,00,
801000,00000055,false,Rx,0,8,10,27,00,00,00,00,00,00,
801000,00000056,false,Rx,0,8,10,27,00,00,00,00,00,00,
801000,00000057,false,Rx,0,8,00,00,FE,FF,FE,FF,00,00,
830000,00000625,false,Rx,0,8,25,00,59,86,01,54,5C,06,
892000,0000060D,false,Rx,0,8,0D,10,83,B6,09,20,70,00,
921000,000002C4,false,Rx,0,8,09,20,00,00,CE,02,00,00,
921000,000002C5,false,Rx,0,8,00,00,00,00,00,00,00,00,
922000,000002C6,false,Rx,0,8,32,00,7C,01,00,00,00,00,
929000,00000625,false,Rx,0,8,25,00,59,86,01,54,5C,06,
992000,0000060D,false,Rx,0,8,0D,10,83,B6,09,20,70,00,
0,00000054,false,Rx,0,8,01,05,0B,01,CE,02,00,00,
0,00000055,false,Rx,0,8,10,27,00,00,00,00,00,00,
0,00000056,false,Rx,0,8,10,27,00,00,00,00,00,00,
2000,00000057,false,Rx,0,8,00,00,FE,FF,FE,FF,00,00,
29000,00000625,false,Rx,0,8,25,00,59,86,01,54,5C,06,
91000,0000060D,false,Rx,0,8,0D,10,83,B6,09,20,70,00,
129000,00000625,false,Rx,0,8,25,00,59,86,01,54,5C,06,
0,000002C4,false,Rx,0,8,09,20,00,00,CE,02,00,00,
0,000002C5,false,Rx,0,8,00,00,00,00,00,00,00,00,
142000,000002C6,false,Rx,0,8,32,00,7C,01,00,00,00,00,
191000,0000060D,false,Rx,0,8,0D,10,83,B6,09,20,70,00,
0,00000054,false,Rx,0,8,01,05,0B,01,CE,02,00,00,
0,00000055,false,Rx,0,8,10,27,00,00,00,00,00,00,
201000,00000056,false,Rx,0,8,10,27,00,00,00,00,00,00,
201000,00000057,false,Rx,0,8,00,00,FE,FF,FE,FF,00,00,
230000,00000625,false,Rx,0,8,25,00,59,86,01,54,5C,06,
291000,0000060D,false,Rx,0,8,0D,10,83,B6,09,20,70,00,
330000,00000625,false,Rx,0,8,25,00,59,86,01,54,5C,06,
0,000002C4,false,Rx,0,8,09,20,00,00,CE,02,00,00,
0,000002C5,false,Rx,0,8,00,00,00,00,00,00,00,00,
360000,000002C6,false,Rx,0,8,32,00,7C,01,00,00,00,00,
391000,0000060D,false,Rx,0,8,0D,10,83,B6,09,20,70,00,
400000,00000054,false,Rx,0,8,01,05,0B,01,CE,02,00,00,
401000,00000055,false,Rx,0,8,10,27,00,00,00,00,00,00,
0,00000056,false,Rx,0,8,10,27,00,00,00,00,00,00,
0,00000057,false,Rx,0,8,00,00,FE,FF,FE,FF,00,00,
429000,00000625,false,Rx,0,8,25,00,59,86,01,54,5C,06,
491000,0000060D,false,Rx,0,8,0D,10,83,B6,09,20,70,00,
529000,00000625,false,Rx,0,8,25,00,59,86,01,54,5C,06,
580000,000002C4,false,Rx,0,8,09,20,00,00,CE,02,00,00,
580000,000002C5,false,Rx,0,8,00,00,00,00,00,00,00,00,
581000,000002C6,false,Rx,0,8,32,00,7C,01,00,00,00,00,
590000,0000060D,false,Rx,0,8,0D,10,83,B6,09,20,70,00,
601000,00000054,false,Rx,0,8,01,05,0B,01,CE,02,00,00,
601000,00000055,false,Rx,0,8,10,27,00,00,00,00,00,00,
601000,00000056,false,Rx,0,8,10,27,00,00,00,00,00,00,
602000,00000057,false,Rx,0,8,00,00,FE,FF,FE,FF,00,00,
629000,00000625,false,Rx,0,8,25,00,59,86,01,54,5C,06,
691000,0000060D,false,Rx,0,8,0D,10,83,B6,09,20,70,00,
728000,00000625,false,Rx,0,8,25,00,59,86,01,54,5C,06,
790000,0000060D,false,Rx,0,8,0D,10,83,B6,09,20,70,00,
800000,000002C4,false,Rx,0,8,09,20,00,00,CE,02,00,00,
800000,000002C5,false,Rx,0,8,00,00,00,00,00,00,00,00,
800000,00000054,false,Rx,0,8,01,05,0B,01,CE,02,00,00,
801000,000002C6,false,Rx,0,8,32,00,7C,01,00,00,00,00,
801000,00000055,false,Rx,0,8,10,27,00,00,00,00,00,00,
801000,00000056,false,Rx,0,8,10,27,00,00,00,00,00,00,
801000,00000057,false,Rx,0,8,00,00,FE,FF,FE,FF,00,00,
829000,00000625,false,Rx,0,8,25,00,59,86,01,54,5C,06,
891000,0000060D,false,Rx,0,8,0D,10,83,B6,09,20,70,00,
930000,00000625,false,Rx,0,8,25,00,59,86,01,54,5C,06,
991000,0000060D,false,Rx,0,8,0D,10,83,B6,09,20,70,00,
0,00000054,false,Rx,0,8,01,05,0B,01,CE,02,00,00,
0,00000055,false,Rx,0,8,10,27,00,00,00,00,00,00,
0,00000056,false,Rx,0,8,10,27,00,00,00,00,00,00,
2000,00000057,false,Rx,0,8,00,00,FE,FF,FE,FF,00,00,
20000,000002C4,false,Rx,0,8,09,20,00,00,CE,02,00,00,
20000,000002C5,false,Rx,0,8,00,00,00,00,00,00,00,00,
21000,000002C6,false,Rx,0,8,32,00,7C,01,00,00,00,00,
28000,00000625,false,Rx,0,8,25,00,59,86,01,54,5C,06,
92000,0000060D,false,Rx,0,8,0D,10,83,B6,09,20,70,00,
130000,00000625,false,Rx,0,8,25,00,59,86,01,54,5C,06,
191000,0000060D,false,Rx,0,8,0D,10,83,B6,09,20,70,00,
200000,00000054,false,Rx,0,8,01,05,0B,01,CE,02,00,00,
200000,00000055,false,Rx,0,8,10,27,00,00,00,00,00,00,
201000,00000056,false,Rx,0,8,10,27,00,00,00,00,00,00,
201000,00000057,false,Rx,0,8,00,00,FE,FF,FE,FF,00,00,
229000,00000625,false,Rx,0,8,25,00,59,86,01,54,5C,06,
241000,000002C4,false,Rx,0,8,09,20,00,00,CE,02,00,00,
241000,000002C5,false,Rx,0,8,00,00,00,00,00,00,00,00,
241000,000002C6,false,Rx,0,8,32,00,7C,01,00,00,00,00,
290000,0000060D,false,Rx,0,8,0D,10,83,B6,09,20,70,00,
329000,00000625,false,Rx,0,8,25,00,59,86,01,54,5C,06,
391000,0000060D,false,Rx,0,8,0D,10,83,B6,09,20,70,00,
401000,00000054,false,Rx,0,8,01,05,0B,01,CE,02,00,00,
401000,00000055,false,Rx,0,8,10,27,00,00,00,00,00,00,
401000,00000056,false,Rx,0,8,10,27,00,00,00,00,00,00,
402000,00000057,false,Rx,0,8,00,00,FE,FF,FE,FF,00,00,
430000,00000625,false,Rx,0,8,25,00,59,86,01,54,5C,06,
461000,000002C4,false,Rx,0,8,09,20,00,00,CE,02,00,00,
461000,000002C5,false,Rx,0,8,00,00,00,00,00,00,00,00,
461000,000002C6,false,Rx,0,8,32,00,7C,01,00,00,00,00,
491000,0000060D,false,Rx,0,8,0D,10,83,B6,09,20,70,00,
528000,00000625,false,Rx,0,8,25,00,59,86,01,54,5C,06,
590000,0000060D,false,Rx,0,8,0D,10,83,B6,09,20,70,00,
601000,00000054,false,Rx,0,8,01,05,0B,01,CE,02,00,00,
601000,00000055,false,Rx,0,8,10,27,00,00,00,00,00,00,
601000,00000056,false,Rx,0,8,10,27,00,00,00,00,00,00,
601000,00000057,false,Rx,0,8,00,00,FE,FF,FE,FF,00,00,
629000,00000625,false,Rx,0,8,25,00,59,86,01,54,5C,06,
681000,000002C4,false,Rx,0,8,09,20,00,00,CE,02,00,00,
681000,000002C5,false,Rx,0,8,00,00,00,00,00,00,00,00,
681000,000002C6,false,Rx,0,8,32,00,7C,01,00,00,00,00,
691000,0000060D,false,Rx,0,8,0D,10,83,B6,09,20,70,00,
729000,00000625,false,Rx,0,8,25,00,59,86,01,54,5C,06,
791000,0000060D,false,Rx,0,8,0D,10,83,B6,09,20,70,00,
801000,00000054,false,Rx,0,8,01,05,0B,01,CE,02,00,00,
801000,00000055,false,Rx,0,8,10,27,00,00,00,00,00,00,
801000,00000056,false,Rx,0,8,10,27,00,00,00,00,00,00,
802000,00000057,false,Rx,0,8,00,00,FE,FF,FE,FF,00,00,
830000,00000625,false,Rx,0,8,25,00,59,86,01,54,5C,06,
891000,0000060D,false,Rx,0,8,0D,10,83,B6,09,20,70,00,
901000,000002C4,false,Rx,0,8,09,20,00,00,CE,02,00,00,
901000,000002C5,false,Rx,0,8,00,00,00,00,00,00,00,00,
901000,000002C6,false,Rx,0,8,32,00,7C,01,00,00,00,00,
929000,00000625,false,Rx,0,8,25,00,59,86,01,54,5C,06,
991000,0000060D,false,Rx,0,8,0D,10,83,B6,09,20,70,00,
0,00000054,false,Rx,0,8,01,05,0B,01,CE,02,00,00,
0,00000055,false,Rx,0,8,10,27,00,00,00,00,00,00,
0,00000056,false,Rx,0,8,10,27,00,00,00,00,00,00,
1000,00000057,false,Rx,0,8,00,00,FE,FF,FE,FF,00,00,
29000,00000625,false,Rx,0,8,25,00,59,86,01,54,5C,06,
91000,0000060D,false,Rx,0,8,0D,10,83,B6,09,20,70,00,
0,000002C4,false,Rx,0,8,09,20,00,00,CE,02,00,00,
0,000002C5,false,Rx,0,8,00,00,00,00,00,00,00,00,
121000,000002C6,false,Rx,0,8,32,00,7C,01,00,00,00,00,
129000,00000625,false,Rx,0,8,25,00,59,86,01,54,5C,06,
191000,0000060D,false,Rx,0,8,0D,10,83,B6,09,20,70,00,
201000,00000054,false,Rx,0,8,01,05,0B,01,CE,02,00,00,
201000,00000055,false,Rx,0,8,10,27,00,00,00,00,00,00,
201000,00000056,false,Rx,0,8,10,27,00,00,00,00,00,00,
202000,00000057,false,Rx,0,8,00,00,FE,FF,FE,FF,00,00,
229000,00000625,false,Rx,0,8,25,00,59,86,01,54,5C,06,
271000,00000065,false,Rx,0,8,CF,02,01,00,00,00,00,00,
292000,0000060D,false,Rx,0,8,0D,10,83,B6,09,20,70,00,
330000,00000625,false,Rx,0,8,25,00,59,86,01,54,5C,06,
0,000002C4,false,Rx,0,8,09,20,00,00,CE,02,00,00,
0,000002C5,false,Rx,0,8,00,00,00,00,00,00,00,00,
342000,000002C6,false,Rx,0,8,32,00,7C,01,00,00,00,00,
391000,0000060D,false,Rx,0,8,0D,10,83,B6,09,20,70,00,
0,00000054,false,Rx,0,8,01,05,0B,01,CF,02,00,00,
0,00000055,false,Rx,0,8,10,27,00,00,00,00,00,00,
401000,00000056,false,Rx,0,8,10,27,00,00,00,00,00,00,
402000,00000057,false,Rx,0,8,00,00,FE,FF,FE,FF,00,00,
421000,00000065,false,Rx,0,8,CF,02,01,00,00,00,00,00,
429000,00000625,false,Rx,0,8,25,00,59,86,01,54,5C,06,
491000,0000060D,false,Rx,0,8,0D,10,83,B6,09,20,70,00,
529000,00000625,false,Rx,0,8,25,00,59,86,01,54,5C,06,
561000,000002C4,false,Rx,0,8,09,20,00,00,CF,02,00,00,
561000,000002C5,false,Rx,0,8,00,00,00,00,00,00,00,00,
561000,000002C6,false,Rx,0,8,32,00,7C,01,00,00,00,00,
571000,00000065,false,Rx,0,8,CF,02,01,00,00,00,00,00,
591000,0000060D,false,Rx,0,8,0D,10,83,B6,09,20,70,00,
0,00000054,false,Rx,0,8,01,05,0B,01,CF,02,00,00,
0,00000055,false,Rx,0,8,10,27,00,00,00,00,00,00,
601000,00000056,false,Rx,0,8,10,27,00,00,00,00,00,00,
601000,00000057,false,Rx,0,8,00,00,FE,FF,FE,FF,00,00,
629000,00000625,false,Rx,0,8,25,00,59,86,01,54,5C,06,
691000,0000060D,false,Rx,0,8,0D,10,83,B6,09,20,70,00,
720000,00000065,false,Rx,0,8,CF,02,01,00,00,00,00,00,
729000,00000625,false,Rx,0,8,25,00,59,86,01,54,5C,06,
780000,000002C4,false,Rx,0,8,09,20,00,00,CF,02,00,00,
780000,000002C5,false,Rx,0,8,00,00,00,00,00,00,00,00,
781000,000002C6,false,Rx,0,8,32,00,7C,01,00,00,00,00,
791000,0000060D,false,Rx,0,8,0D,10,83,B6,09,20,70,00,
0,00000054,false,Rx,0,8,01,05,0B,01,CF,02,00,00,
0,00000055,false,Rx,0,8,10,27,00,00,00,00,00,00,
0,00000056,false,Rx,0,8,10,27,00,00,00,00,00,00,
801000,00000057,false,Rx,0,8,00,00,FE,FF,FE,FF,00,00,
829000,00000625,false,Rx,0,8,25,00,59,86,01,54,5C,06,
891000,0000060D,false,Rx,0,8,0D,10,83,B6,09,20,70,00,
929000,00000625,false,Rx,0,8,25,00,59,86,01,54,5C,06,
991000,0000060D,false,Rx,0,8,0D,10,83,B6,09,20,70,00,
0,000002C4,false,Rx,0,8,09,20,00,00,CF,02,00,00,
0,000002C5,false,Rx,0,8,00,00,00,00,00,00,00,00,
1000,00000054,false,Rx,0,8,01,05,0B,01,CF,02,00,00,
1000,000002C6,false,Rx,0,8,32,00,7C,01,00,00,00,00,
1000,00000055,false,Rx,0,8,10,27,00,00,00,00,00,00,
1000,00000056,false,Rx,0,8,10,27,00,00,00,00,00,00,
2000,00000057,false,Rx,0,8,00,00,FE,FF,FE,FF,00,00,
30000,00000625,false,Rx,0,8,25,00,59,86,01,54,5C,06,
91000,0000060D,false,Rx,0,8,0D,10,83,B6,09,20,70,00,
129000,00000625,false,Rx,0,8,25,00,59,86,01,54,5C,06,
191000,0000060D,false,Rx,0,8,0D,10,83,B6,09,20,70,00,
201000,00000054,false,Rx,0,8,01,05,0B,01,CF,02,00,00,
201000,00000055,false,Rx,0,8,10,27,00,00,00,00,00,00,
201000,00000056,false,Rx,0,8,10,27,00,00,00,00,00,00,
202000,00000057,false,Rx,0,8,00,00,FE,FF,FE,FF,00,00,
221000,000002C4,false,Rx,0,8,09,20,00,00,CF,02,00,00,
221000,000002C5,false,Rx,0,8,00,00,00,00,00,00,00,00,
222000,000002C6,false,Rx,0,8,32,00,7C,01,00,00,00,00,
229000,00000625,false,Rx,0,8,25,00,59,86,01,54,5C,06,
291000,0000060D,false,Rx,0,8,0D,10,83,B6,09,20,70,00,
329000,00000625,false,Rx,0,8,25,00,59,86,01,54,5C,06,
392000,0000060D,false,Rx,0,8,0D,10,83,B6,09,20,70,00,
0,00000054,false,Rx,0,8,01,05,0B,01,CF,02,00,00,
0,00000055,false,Rx,0,8,10,27,00,00,00,00,00,00,
402000,00000056,false,Rx,0,8,10,27,00,00,00,00,00,00,
402000,00000057,false,Rx,0,8,00,00,FE,FF,FE,FF,00,00,
430000,00000625,false,Rx,0,8,25,00,59,86,01,54,5C,06,
440000,000002C4,false,Rx,0,8,09,20,00,00,CF,02,00,00,
440000,000002C5,false,Rx,0,8,00,00,00,00,00,00,00,00,
440000,000002C6,false,Rx,0,8,32,00,7C,01,00,00,00,00,
491000,0000060D,false,Rx,0,8,0D,10,83,B6,09,20,70,00,
530000,00000625,false,Rx,0,8,25,00,59,86,01,54,5C,06,
592000,0000060D,false,Rx,0,8,0D,10,83,B6,09,20,70,00,
601000,00000054,false,Rx,0,8,01,05,0B,01,CF,02,00,00,
601000,00000055,false,Rx,0,8,10,27,00,00,00,00,00,00,
601000,00000056,false,Rx,0,8,10,27,00,00,00,00,00,00,
602000,00000057,false,Rx,0,8,00,00,FE,FF,FE,FF,00,00,
630000,00000625,false,Rx,0,8,25,00,59,86,01,54,5C,06,
660000,000002C4,false,Rx,0,8,09,20,00,00,CF,02,00,00,
660000,000002C5,false,Rx,0,8,00,00,00,00,00,00,00,00,
660000,000002C6,false,Rx,0,8,32,00,7C,01,00,00,00,00,
691000,0000060D,false,Rx,0,8,0D,10,83,B6,09,20,70,00,
729000,00000625,false,Rx,0,8,25,00,59,86,01,54,5C,06,
791000,0000060D,false,Rx,0,8,0D,10,83,B6,09,20,70,00,
800000,00000054,false,Rx,0,8,01,05,0B,01,CF,02,00,00,
800000,00000055,false,Rx,0,8,10,27,00,00,00,00,00,00,
801000,00000056,false,Rx,0,8,10,27,00,00,00,00,00,00,
801000,00000057,false,Rx,0,8,00,00,FE,FF,FE,FF,00,00,
830000,00000625,false,Rx,0,8,25,00,59,86,01,54,5C,06,
0,000002C4,false,Rx,0,8,09,20,00,00,CF,02,00,00,
0,000002C5,false,Rx,0,8,00,00,00,00,00,00,00,00,
881000,000002C6,false,Rx,0,8,32,00,7C,01,00,00,00,00,
891000,0000060D,false,Rx,0,8,0D,10,83,B6,09,20,70,00,
929000,00000625,false,Rx,0,8,25,00,59,86,01,54,5C,06,
991000,0000060D,false,Rx,0,8,0D,10,83,B6,09,20,70,00,
0,00000054,false,Rx,0,8,01,05,0B,01,CF,02,00,00,
0,00000055,false,Rx,0,8,10,27,00,00,00,00,00,00,
0,00000056,false,Rx,0,8,10,27,00,00,00,00,00,00,
0,00000057,false,Rx,0,8,00,00,FE,FF,FE,FF,00,00,
29000,00000625,false,Rx,0,8,25,00,59,86,01,54,5C,06,
91000,0000060D,false,Rx,0,8,0D,10,83,B6,09,20,70,00,
101000,000002C4,false,Rx,0,8,09,20,00,00,CF,02,00,00,
101000,000002C5,false,Rx,0,8,00,00,00,00,00,00,00,00,
101000,000002C6,false,Rx,0,8,32,00,7C,01,00,00,00,00,
130000,00000625,false,Rx,0,8,25,00,59,86,01,54,5C,06,
191000,0000060D,false,Rx,0,8,0D,10,83,B6,09,20,70,00,
201000,00000054,false,Rx,0,8,01,05,0B,01,CF,02,00,00,
201000,00000055,false,Rx,0,8,10,27,00,00,00,00,00,00,
201000,00000056,false,Rx,0,8,10,27,00,00,00,00,00,00,
202000,00000057,false,Rx,0,8,00,00,FE,FF,FE,FF,00,00,
229000,00000625,false,Rx,0,8,25,00,59,86,01,54,5C,06,
291000,0000060D,false,Rx,0,8,0D,10,83,B6,09,20,70,00,
320000,000002C4,false,Rx,0,8,09,20,00,00,CF,02,00,00,
320000,000002C5,false,Rx,0,8,00,00,00,00,00,00,00,00,
321000,000002C6,false,Rx,0,8,32,00,7C,01,00,00,00,00,
329000,00000625,false,Rx,0,8,25,00,59,86,01,54,5C,06,
391000,0000060D,false,Rx,0,8,0D,10,83,B6,09,20,70,00,
0,00000054,false,Rx,0,8,01,05,0B,01,CF,02,00,00,
0,00000055,false,Rx,0,8,10,27,00,00,00,00,00,00,
0,00000056,false,Rx,0,8,10,27,00,00,00,00,00,00,
402000,00000057,false,Rx,0,8,00,00,FE,FF,FE,FF,00,00,
429000,00000625,false,Rx,0,8,25,00,59,86,01,54,5C,06,
491000,0000060D,false,Rx,0,8,0D,10,83,B6,09,20,70,00,
528000,00000625,false,Rx,0,8,25,00,59,86,01,54,5C,06,
0,000002C4,false,Rx,0,8,09,20,00,00,CF,02,00,00,
0,000002C5,false,Rx,0,8,00,00,00,00,00,00,00,00,
541000,000002C6,false,Rx,0,8,32,00,7C,01,00,00,00,00,
591000,0000060D,false,Rx,0,8,0D,10,83,B6,09,20,70,00,
600000,00000054,false,Rx,0,8,01,05,0B,01,CF,02,00,00,
601000,00000055,false,Rx,0,8,10,27,00,00,00,00,00,00,
601000,00000056,false,Rx,0,8,10,27,00,00,00,00,00,00,
601000,00000057,false,Rx,0,8,00,00,FE,FF,FE,FF,00,00,
629000,00000625,false,Rx,0,8,25,00,59,86,01,54,5C,06,
691000,0000060D,false,Rx,0,8,0D,10,83,B6,09,20,70,00,
729000,00000625,false,Rx,0,8,25,00,59,86,01,54,5C,06,
760000,000002C4,false,Rx,0,8,09,20,00,00,CF,02,00,00,
760000,000002C5,false,Rx,0,8,00,00,00,00,00,00,00,00,
761000,000002C6,false,Rx,0,8,32,00,7C,01,00,00,00,00,
791000,0000060D,false,Rx,0,8,0D,10,83,B6,09,20,70,00,
0,00000054,false,Rx,0,8,01,05,0B,01,CF,02,00,00,
0,00000055,false,Rx,0,8,10,27,00,00,00,00,00,00,
801000,00000056,false,Rx,0,8,10,27,00,00,00,00,00,00,
802000,00000057,false,Rx,0,8,00,00,FE,FF,FE,FF,00,00,
829000,00000625,false,Rx,0,8,25,00,59,86,01,54,5C,06,
891000,0000060D,false,Rx,0,8,0D,10,83,B6,09,20,70,00,
929000,00000625,false,Rx,0,8,25,00,59,86,01,54,5C,06,
981000,000002C4,false,Rx,0,8,09,20,00,00,CF,02,00,00,
981000,000002C5,false,Rx,0,8,00,00,00,00,00,00,00,00,
981000,000002C6,false,Rx,0,8,32,00,7C,01,00,00,00,00,
991000,0000060D,false,Rx,0,8,0D,10,83,B6,09,20,70,00,
0,00000054,false,Rx,0,8,01,05,0B,01,CF,02,00,00,
0,00000055,false,Rx,0,8,10,27,00,00,00,00,00,00,
0,00000056,false,Rx,0,8,10,27,00,00,00,00,00,00,
0,00000057,false,Rx,0,8,00,00,FE,FF,FE,FF,00,00,
29000,00000625,false,Rx,0,8,25,00,59,86,01,54,5C,06,
91000,0000060D,false,Rx,0,8,0D,10,83,B6,09,20,70,00,
129000,00000625,false,Rx,0,8,25,00,59,86,01,54,5C,06,
191000,0000060D,false,Rx,0,8,0D,10,83,B6,09,20,70,00,
201000,000002C4,false,Rx,0,8,09,20,00,00,CF,02,00,00,
201000,000002C5,false,Rx,0,8,00,00,00,00,00,00,00,00,
201000,00000054,false,Rx,0,8,01,05,0B,01,CF,02,00,00,
201000,000002C6,false,Rx,0,8,32,00,7C,01,00,00,00,00,
201000,00000055,false,Rx,0,8,10,27,00,00,00,00,00,00,
202000,00000056,false,Rx,0,8,10,27,00,00,00,00,00,00,
202000,00000057,false,Rx,0,8,00,00,FE,FF,FE,FF,00,00,
230000,00000625,false,Rx,0,8,25,00,59,86,01,54,5C,06,
291000,0000060D,false,Rx,0,8,0D,10,83,B6,09,20,70,00,
329000,00000625,false,Rx,0,8,25,00,59,86,01,54,5C,06,
391000,0000060D,false,Rx,0,8,0D,10,83,B6,09,20,70,00,
0,00000054,false,Rx,0,8,01,05,0B,01,CF,02,00,00,
0,00000055,false,Rx,0,8,10,27,00,00,00,00,00,00,
401000,00000056,false,Rx,0,8,10,27,00,00,00,00,00,00,
402000,00000057,false,Rx,0,8,00,00,FE,FF,FE,FF,00,00,
421000,000002C4,false,Rx,0,8,09,20,00,00,CF,02,00,00,
0,000002C5,false,Rx,0,8,00,00,00,00,00,00,00,00,
0,000002C6,false,Rx,0,8,32,00,7C,01,00,00,00,00,
429000,00000625,false,Rx,0,8,25,00,59,86,01,54,5C,06,
491000,0000060D,false,Rx,0,8,0D,10,83,B6,09,20,70,00,
528000,00000625,false,Rx,0,8,25,00,59,86,01,54,5C,06,
590000,0000060D,false,Rx,0,8,0D,10,83,B6,09,20,70,00,
601000,00000054,false,Rx,0,8,01,05,0B,01,CF,02,00,00,
601000,00000055,false,Rx,0,8,10,27,00,00,00,00,00,00,
601000,00000056,false,Rx,0,8,10,27,00,00,00,00,00,00,
602000,00000057,false,Rx,0,8,00,00,FE,FF,FE,FF,00,00,
630000,00000625,false,Rx,0,8,25,00,59,86,01,54,5C,06,
0,000002C4,false,Rx,0,8,09,20,00,00,CF,02,00,00,
0,000002C5,false,Rx,0,8,00,00,00,00,00,00,00,00,
641000,000002C6,false,Rx,0,8,32,00,7C,01,00,00,00,00,
690000,0000060D,false,Rx,0,8,0D,10,83,B6,09,20,70,00,
729000,00000625,false,Rx,0,8,25,00,59,86,01,54,5C,06,
791000,0000060D,false,Rx,0,8,0D,10,83,B6,09,20,70,00,
800000,00000054,false,Rx,0,8,01,05,0B,01,CF,02,00,00,
800000,00000055,false,Rx,0,8,10,27,00,00,00,00,00,00,
801000,00000056,false,Rx,0,8,10,27,00,00,00,00,00,00,
801000,00000057,false,Rx,0,8,00,00,FE,FF,FE,FF,00,00,
829000,00000625,false,Rx,0,8,25,00,59,86,01,54,5C,06,
0,000002C4,false,Rx,0,8,09,20,00,00,CF,02,00,00,
0,000002C5,false,Rx,0,8,00,00,00,00,00,00,00,00,
861000,000002C6,false,Rx,0,8,32,00,7C,01,00,00,00,00,
891000,0000060D,false,Rx,0,8,0D,10,83,B6,09,20,70,00,
929000,00000625,false,Rx,0,8,25,00,59,86,01,54,5C,06,
991000,0000060D,false,Rx,0,8,0D,10,83,B6,09,20,70,00,
1000,00000054,false,Rx,0,8,01,05,0B,01,CF,02,00,00,
1000,00000055,false,Rx,0,8,10,27,00,00,00,00,00,00,
1000,00000056,false,Rx,0,8,10,27,00,00,00,00,00,00,
1000,00000057,false,Rx,0,8,00,00,FE,FF,FE,FF,00,00,
29000,00000625,false,Rx,0,8,25,00,59,86,01,54,5C,06,
80000,000002C4,false,Rx,0,8,09,20,00,00,CF,02,00,00,
80000,000002C5,false,Rx,0,8,00,00,00,00,00,00,00,00,
80000,000002C6,false,Rx,0,8,32,00,7C,01,00,00,00,00,
91000,0000060D,false,Rx,0,8,0D,10,83,B6,09,20,70,00,
130000,00000625,false,Rx,0,8,25,00,59,86,01,54,5C,06,
191000,0000060D,false,Rx,0,8,0D,10,83,B6,09,20,70,00,
200000,00000054,false,Rx,0,8,01,05,0B,01,CF,02,00,00,
201000,00000055,false,Rx,0,8,10,27,00,00,00,00,00,00,
201000,00000056,false,Rx,0,8,10,27,00,00,00,00,00,00,
202000,00000057,false,Rx,0,8,00,00,FE,FF,FE,FF,00,00,
230000,00000625,false,Rx,0,8,25,00,59,86,01,54,5C,06,
290000,0000060D,false,Rx,0,8,0D,10,83,B6,09,20,70,00,
301000,000002C4,false,Rx,0,8,09,20,00,00,CF,02,00,00,
301000,000002C5,false,Rx,0,8,00,00,00,00,00,00,00,00,
301000,000002C6,false,Rx,0,8,32,00,7C,01,00,00,00,00,
329000,00000625,false,Rx,0,8,25,00,59,86,01,54,5C,06,
391000,0000060D,false,Rx,0,8,0D,10,83,B6,09,20,70,00,
401000,00000054,false,Rx,0,8,01,05,0B,01,CF,02,00,00,
401000,00000055,false,Rx,0,8,10,27,00,00,00,00,00,00,
401000,00000056,false,Rx,0,8,10,27,00,00,00,00,00,00,
401000,00000057,false,Rx,0,8,00,00,FE,FF,FE,FF,00,00,
430000,00000625,false,Rx,0,8,25,00,59,86,01,54,5C,06,
491000,0000060D,false,Rx,0,8,0D,10,83,B6,09,20,70,00,
520000,000002C4,false,Rx,0,8,09,20,00,00,CF,02,00,00,
521000,000002C5,false,Rx,0,8,00,00,00,00,00,00,00,00,
521000,000002C6,false,Rx,0,8,32,00,7C,01,00,00,00,00,
529000,00000625,false,Rx,0,8,25,00,59,86,01,54,5C,06,
591000,0000060D,false,Rx,0,8,0D,10,83,B6,09,20,70,00,
601000,00000054,false,Rx,0,8,01,05,0B,01,CF,02,00,00,
601000,00000055,false,Rx,0,8,10,27,00,00,00,00,00,00,
601000,00000056,false,Rx,0,8,10,27,00,00,00,00,00,00,
602000,00000057,false,Rx,0,8,00,00,FE,FF,FE,FF,00,00,
629000,00000625,false,Rx,0,8,25,00,59,86,01,54,5C,06,
691000,0000060D,false,Rx,0,8,0D,10,83,B6,09,20,70,00,
729000,00000625,false,Rx,0,8,25,00,59,86,01,54,5C,06,
740000,000002C4,false,Rx,0,8,09,20,00,00,CF,02,00,00,
741000,000002C5,false,Rx,0,8,00,00,00,00,00,00,00,00,
741000,000002C6,false,Rx,0,8,32,00,7C,01,00,00,00,00,
791000,0000060D,false,Rx,0,8,0D,10,83,B6,09,20,70,00,
800000,00000054,false,Rx,0,8,01,05,0B,01,CF,02,00,00,
800000,00000055,false,Rx,0,8,10,27,00,00,00,00,00,00,
801000,00000056,false,Rx,0,8,10,27,00,00,00,00,00,00,
801000,00000057,false,Rx,0,8,00,00,FE,FF,FE,FF,00,00,
830000,00000625,false,Rx,0,8,25,00,59,86,01,54,5C,06,
891000,0000060D,false,Rx,0,8,0D,10,83,B6,09,20,70,00,
929000,00000625,false,Rx,0,8,25,00,59,86,01,54,5C,06,
960000,000002C4,false,Rx,0,8,09,20,00,00,CF,02,00,00,
960000,000002C5,false,Rx,0,8,00,00,00,00,00,00,00,00,
960000,000002C6,false,Rx,0,8,32,00,7C,01,00,00,00,00,
991000,0000060D,false,Rx,0,8,0D,10,83,B6,09,20,70,00,
0,00000054,false,Rx,0,8,01,05,0B,01,CF,02,00,00,
0,00000055,false,Rx,0,8,10,27,00,00,00,00,00,00,
1000,00000056,false,Rx,0,8,10,27,00,00,00,00,00,00,
1000,00000057,false,Rx,0,8,00,00,FE,FF,FE,FF,00,00,
30000,00000625,false,Rx,0,8,25,00,59,86,01,54,5C,06,
91000,0000060D,false,Rx,0,8,0D,10,83,B6,09,20,70,00,
130000,00000625,false,Rx,0,8,25,00,59,86,01,54,5C,06,
181000,000002C4,false,Rx,0,8,09,20,00,00,CF,02,00,00,
181000,000002C5,false,Rx,0,8,00,00,00,00,00,00,00,00,
181000,000002C6,false,Rx,0,8,32,00,7C,01,00,00,00,00,
191000,0000060D,false,Rx,0,8,0D,10,83,B6,09,20,70,00,
201000,00000054,false,Rx,0,8,01,05,0B,01,CF,02,00,00,
201000,00000055,false,Rx,0,8,10,27,00,00,00,00,00,00,
201000,00000056,false,Rx,0,8,10,27,00,00,00,00,00,00,
202000,00000057,false,Rx,0,8,00,00,FE,FF,FE,FF,00,00,
229000,00000625,false,Rx,0,8,25,00,59,86,01,54,5C,06,
291000,0000060D,false,Rx,0,8,0D,10,83,B6,09,20,70,00,
329000,00000625,false,Rx,0,8,25,00,59,86,01,54,5C,06,
391000,0000060D,false,Rx,0,8,0D,10,83,B6,09,20,70,00,
401000,000002C4,false,Rx,0,8,09,20,00,00,CF,02,00,00,
401000,000002C5,false,Rx,0,8,00,00,00,00,00,00,00,00,
401000,00000054,false,Rx,0,8,01,05,0B,01,CF,02,00,00,
401000,000002C6,false,Rx,0,8,32,00,7C,01,00,00,00,00,
402000,00000055,false,Rx,0,8,10,27,00,00,00,00,00,00,
402000,00000056,false,Rx,0,8,10,27,00,00,00,00,00,00,
402000,00000057,false,Rx,0,8,00,00,FE,FF,FE,FF,00,00,
430000,00000625,false,Rx,0,8,25,00,59,86,01,54,5C,06,
491000,0000060D,false,Rx,0,8,0D,10,83,B6,09,20,70,00,
528000,00000625,false,Rx,0,8,25,00,59,86,01,54,5C,06,
591000,0000060D,false,Rx,0,8,0D,10,83,B6,09,20,70,00,
600000,00000054,false,Rx,0,8,01,05,0B,01,CF,02,00,00,
600000,00000055,false,Rx,0,8,10,27,00,00,00,00,00,00,
601000,00000056,false,Rx,0,8,10,27,00,00,00,00,00,00,
601000,00000057,false,Rx,0,8,00,00,FE,FF,FE,FF,00,00,
621000,000002C4,false,Rx,0,8,09,20,00,00,CF,02,00,00,
621000,000002C5,false,Rx,0,8,00,00,00,00,00,00,00,00,
621000,000002C6,false,Rx,0,8,32,00,7C,01,00,00,00,00,
629000,00000625,false,Rx,0,8,25,00,59,86,01,54,5C,06,
691000,0000060D,false,Rx,0,8,0D,10,83,B6,09,20,70,00,
729000,00000625,false,Rx,0,8,25,00,59,86,01,54,5C,06,
791000,0000060D,false,Rx,0,8,0D,10,83,B6,09,20,70,00,
800000,00000054,false,Rx,0,8,01,05,0B,01,CF,02,00,00,
800000,00000055,false,Rx,0,8,10,27,00,00,00,00,00,00,
801000,00000056,false,Rx,0,8,10,27,00,00,00,00,00,00,
801000,00000057,false,Rx,0,8,00,00,FE,FF,FE,FF,00,00,
828000,00000625,false,Rx,0,8,25,00,59,86,01,54,5C,06,
841000,000002C4,false,Rx,0,8,09,20,00,00,CF,02,00,00,
841000,000002C5,false,Rx,0,8,00,00,00,00,00,00,00,00,
841000,000002C6,false,Rx,0,8,32,00,7C,01,00,00,00,00,
891000,0000060D,false,Rx,0,8,0D,10,83,B6,09,20,70,00,
929000,00000625,false,Rx,0,8,25,00,59,86,01,54,5C,06,
991000,0000060D,false,Rx,0,8,0D,10,83,B6,09,20,70,00,
0,00000054,false,Rx,0,8,01,05,0B,01,CF,02,00,00,
0,00000055,false,Rx,0,8,10,27,00,00,00,00,00,00,
0,00000056,false,Rx,0,8,10,27,00,00,00,00,00,00,
0,00000057,false,Rx,0,8,00,00,FE,FF,FE,FF,00,00,
29000,00000625,false,Rx,0,8,25,00,59,86,01,54,5C,06,
0,000002C4,false,Rx,0,8,09,20,00,00,CF,02,00,00,
0,000002C5,false,Rx,0,8,00,00,00,00,00,00,00,00,
62000,000002C6,false,Rx,0,8,32,00,7C,01,00,00,00,00,
91000,0000060D,false,Rx,0,8,0D,10,83,B6,09,20,70,00,
129000,00000625,false,Rx,0,8,25,00,59,86,01,54,5C,06,
192000,0000060D,false,Rx,0,8,0D,10,83,B6,09,20,70,00,
201000,00000054,false,Rx,0,8,01,05,0B,01,CF,02,00,00,
201000,00000055,false,Rx,0,8,10,27,00,00,00,00,00,00,
201000,00000056,false,Rx,0,8,10,27,00,00,00,00,00,00,
202000,00000057,false,Rx,0,8,00,00,FE,FF,FE,FF,00,00,
229000,00000625,false,Rx,0,8,25,00,59,86,01,54,5C,06,
0,000002C4,false,Rx,0,8,09,20,00,00,CF,02,00,00,
0,000002C5,false,Rx,0,8,00,00,00,00,00,00,00,00,
281000,000002C6,false,Rx,0,8,32,00,7C,01,00,00,00,00,
292000,0000060D,false,Rx,0,8,0D,10,83,B6,09,20,70,00,
330000,00000625,false,Rx,0,8,25,00,59,86,01,54,5C,06,
391000,0000060D,false,Rx,0,8,0D,10,83,B6,09,20,70,00,
400000,00000054,false,Rx,0,8,01,05,0B,01,CF,02,00,00,
401000,00000055,false,Rx,0,8,10,27,00,00,00,00,00,00,
401000,00000056,false,Rx,0,8,10,27,00,00,00,00,00,00,
401000,00000057,false,Rx,0,8,00,00,FE,FF,FE,FF,00,00,
429000,00000625,false,Rx,0,8,25,00,59,86,01,54,5C,06,
491000,0000060D,false,Rx,0,8,0D,10,83,B6,09,20,70,00,
0,000002C4,false,Rx,0,8,09,20,00,00,CF,02,00,00,
0,000002C5,false,Rx,0,8,00,00,00,00,00,00,00,00,
500000,000002C6,false,Rx,0,8,32,00,7C,01,00,00,00,00,
529000,00000625,false,Rx,0,8,25,00,59,86,01,54,5C,06,
592000,0000060D,false,Rx,0,8,0D,10,83,B6,09,20,70,00,
601000,00000054,false,Rx,0,8,01,05,0B,01,CF,02,00,00,
602000,00000055,false,Rx,0,8,10,27,00,00,00,00,00,00,
602000,00000056,false,Rx,0,8,10,27,00,00,00,00,00,00,
602000,00000057,false,Rx,0,8,00,00,FE,FF,FE,FF,00,00,
630000,00000625,false,Rx,0,8,25,00,59,86,01,54,5C,06,
691000,0000060D,false,Rx,0,8,0D,10,83,B6,09,20,70,00,
721000,000002C4,false,Rx,0,8,09,20,00,00,CF,02,00,00,
721000,000002C5,false,Rx,0,8,00,00,00,00,00,00,00,00,
721000,000002C6,false,Rx,0,8,32,00,7C,01,00,00,00,00,
730000,00000625,false,Rx,0,8,25,00,59,86,01,54,5C,06,
791000,0000060D,false,Rx,0,8,0D,10,83,B6,09,20,70,00,
801000,00000054,false,Rx,0,8,01,05,0B,01,CF,02,00,00,
801000,00000055,false,Rx,0,8,10,27,00,00,00,00,00,00,
801000,00000056,false,Rx,0,8,10,27,00,00,00,00,00,00,
802000,00000057,false,Rx,0,8,00,00,FE,FF,FE,FF,00,00,
830000,00000625,false,Rx,0,8,25,00,59,86,01,54,5C,06,
891000,0000060D,false,Rx,0,8,0D,10,83,B6,09,20,70,00,
929000,00000625,false,Rx,0,8,25,00,59,86,01,54,5C,06,
940000,000002C4,false,Rx,0,8,09,20,00,00,CF,02,00,00,
940000,000002C5,false,Rx,0,8,00,00,00,00,00,00,00,00,
941000,000002C6,false,Rx,0,8,32,00,7C,01,00,00,00,00,
991000,0000060D,false,Rx,0,8,0D,10,83,B6,09,20,70,00,
0,00000054,false,Rx,0,8,01,05,0B,01,CF,02,00,00,
0,00000055,false,Rx,0,8,10,27,00,00,00,00,00,00,
0,00000056,false,Rx,0,8,10,27,00,00,00,00,00,00,
0,00000057,false,Rx,0,8,00,00,FE,FF,FE,FF,00,00,
29000,00000625,false,Rx,0,8,25,00,59,86,01,54,5C,06,
91000,0000060D,false,Rx,0,8,0D,10,83,B6,09,20,70,00,
129000,00000625,false,Rx,0,8,25,00,59,86,01,54,5C,06,
0,000002C4,false,Rx,0,8,09,20,00,00,CF,02,00,00,
0,000002C5,false,Rx,0,8,00,00,00,00,00,00,00,00,
161000,000002C6,false,Rx,0,8,32,00,7C,01,00,00,00,00,
191000,0000060D,false,Rx,0,8,0D,10,83,B6,09,20,70,00,
201000,00000054,false,Rx,0,8,01,05,0B,01,CF,02,00,00,
201000,00000055,false,Rx,0,8,10,27,00,00,00,00,00,00,
201000,00000056,false,Rx,0,8,10,27,00,00,00,00,00,00,
201000,00000057,false,Rx,0,8,00,00,FE,FF,FE,FF,00,00,
229000,00000625,false,Rx,0,8,25,00,59,86,01,54,5C,06,
292000,0000060D,false,Rx,0,8,0D,10,83,B6,09,20,70,00,
330000,00000625,false,Rx,0,8,25,00,59,86,01,54,5C,06,
0,000002C4,false,Rx,0,8,09,20,00,00,CF,02,00,00,
0,000002C5,false,Rx,0,8,00,00,00,00,00,00,00,00,
381000,000002C6,false,Rx,0,8,32,00,7C,01,00,00,00,00,
391000,0000060D,false,Rx,0,8,0D,10,83,B6,09,20,70,00,
401000,00000054,false,Rx,0,8,01,05,0B,01,CF,02,00,00,
401000,00000055,false,Rx,0,8,10,27,00,00,00,00,00,00,
402000,00000056,false,Rx,0,8,10,27,00,00,00,00,00,00,
402000,00000057,false,Rx,0,8,00,00,FE,FF,FE,FF,00,00,
429000,00000625,false,Rx,0,8,25,00,59,86,01,54,5C,06,
490000,0000060D,false,Rx,0,8,0D,10,83,B6,09,20,70,00,
529000,00000625,false,Rx,0,8,25,00,59,86,01,54,5C,06,
591000,0000060D,false,Rx,0,8,0D,10,83,B6,09,20,70,00,
600000,000002C4,false,Rx,0,8,09,20,00,00,CF,02,00,00,
600000,00000054,false,Rx,0,8,01,05,0B,01,CF,02,00,00,
600000,000002C5,false,Rx,0,8,00,00,00,00,00,00,00,00,
0,00000055,false,Rx,0,8,10,27,00,00,00,00,00,00,
0,000002C6,false,Rx,0,8,32,00,7C,01,00,00,00,00,
601000,00000056,false,Rx,0,8,10,27,00,00,00,00,00,00,
601000,00000057,false,Rx,0,8,00,00,FE,FF,FE,FF,00,00,
630000,00000625,false,Rx,0,8,25,00,59,86,01,54,5C,06,
691000,0000060D,false,Rx,0,8,0D,10,83,B6,09,20,70,00,
729000,00000625,false,Rx,0,8,25,00,59,86,01,54,5C,06,
792000,0000060D,false,Rx,0,8,0D,10,83,B6,09,20,70,00,
801000,00000054,false,Rx,0,8,01,05,0B,01,CF,02,00,00,
801000,00000055,false,Rx,0,8,10,27,00,00,00,00,00,00,
801000,00000056,false,Rx,0,8,10,27,00,00,00,00,00,00,
802000,00000057,false,Rx,0,8,00,00,FE,FF,FE,FF,00,00,
820000,000002C4,false,Rx,0,8,09,20,00,00,CF,02,00,00,
821000,000002C5,false,Rx,0,8,00,00,00,00,00,00,00,00,
822000,000002C6,false,Rx,0,8,32,00,7C,01,00,00,00,00,
830000,00000625,false,Rx,0,8,25,00,59,86,01,54,5C,06,
891000,0000060D,false,Rx,0,8,0D,10,83,B6,09,20,70,00,
929000,00000625,false,Rx,0,8,25,00,59,86,01,54,5C,06,
991000,0000060D,false,Rx,0,8,0D,10,83,B6,09,20,70,00,
0,00000054,false,Rx,0,8,01,05,0B,01,CF,02,00,00,
1000,00000055,false,Rx,0,8,10,27,00,00,00,00,00,00,
1000,00000056,false,Rx,0,8,10,27,00,00,00,00,00,00,
1000,00000057,false,Rx,0,8,00,00,FE,FF,FE,FF,00,00,
29000,00000625,false,Rx,0,8,25,00,59,86,01,54,5C,06,
41000,000002C4,false,Rx,0,8,09,20,00,00,CF,02,00,00,
41000,000002C5,false,Rx,0,8,00,00,00,00,00,00,00,00,
41000,000002C6,false,Rx,0,8,32,00,7C,01,00,00,00,00,
91000,0000060D,false,Rx,0,8,0D,10,83,B6,09,20,70,00,
129000,00000625,false,Rx,0,8,25,00,59,86,01,54,5C,06,
191000,0000060D,false,Rx,0,8,0D,10,83,B6,09,20,70,00,
201000,00000054,false,Rx,0,8,01,05,0B,01,CF,02,00,00,
201000,00000055,false,Rx,0,8,10,27,00,00,00,00,00,00,
201000,00000056,false,Rx,0,8,10,27,00,00,00,00,00,00,
201000,00000057,false,Rx,0,8,00,00,FE,FF,FE,FF,00,00,
230000,00000625,false,Rx,0,8,25,00,59,86,01,54,5C,06,
260000,000002C4,false,Rx,0,8,09,20,00,00,CF,02,00,00,
260000,000002C5,false,Rx,0,8,00,00,00,00,00,00,00,00,
260000,000002C6,false,Rx,0,8,32,00,7C,01,00,00,00,00,
291000,0000060D,false,Rx,0,8,0D,10,83,B6,09,20,70,00,
329000,00000625,false,Rx,0,8,25,00,59,86,01,54,5C,06,
392000,0000060D,false,Rx,0,8,0D,10,83,B6,09,20,70,00,
401000,00000054,false,Rx,0,8,01,05,0B,01,CF,02,00,00,
401000,00000055,false,Rx,0,8,10,27,00,00,00,00,00,00,
401000,00000056,false,Rx,0,8,10,27,00,00,00,00,00,00,
401000,00000057,false,Rx,0,8,00,00,FE,FF,FE,FF,00,00,
429000,00000625,false,Rx,0,8,25,00,59,86,01,54,5C,06,
481000,000002C4,false,Rx,0,8,09,20,00,00,CF,02,00,00,
481000,000002C5,false,Rx,0,8,00,00,00,00,00,00,00,00,
481000,000002C6,false,Rx,0,8,32,00,7C,01,00,00,00,00,
491000,0000060D,false,Rx,0,8,0D,10,83,B6,09,20,70,00,
529000,00000625,false,Rx,0,8,25,00,59,86,01,54,5C,06,
591000,0000060D,false,Rx,0,8,0D,10,83,B6,09,20,70,00,
0,00000054,false,Rx,0,8,01,05,0B,01,CF,02,00,00,
0,00000055,false,Rx,0,8,10,27,00,00,00,00,00,00,
601000,00000056,false,Rx,0,8,10,27,00,00,00,00,00,00,
602000,00000057,false,Rx,0,8,00,00,FE,FF,FE,FF,00,00,
630000,00000625,false,Rx,0,8,25,00,59,86,01,54,5C,06,
692000,0000060D,false,Rx,0,8,0D,10,83,B6,09,20,70,00,
701000,000002C4,false,Rx,0,8,09,20,00,00,CF,02,00,00,
701000,000002C5,false,Rx,0,8,00,00,00,00,00,00,00,00,
701000,000002C6,false,Rx,0,8,32,00,7C,01,00,00,00,00,
730000,00000625,false,Rx,0,8,25,00,59,86,01,54,5C,06,
791000,0000060D,false,Rx,0,8,0D,10,83,B6,09,20,70,00,
800000,00000054,false,Rx,0,8,01,05,0B,01,CF,02,00,00,
800000,00000055,false,Rx,0,8,10,27,00,00,00,00,00,00,
801000,00000056,false,Rx,0,8,10,27,00,00,00,00,00,00,
801000,00000057,false,Rx,0,8,00,00,FE,FF,FE,FF,00,00,
829000,00000625,false,Rx,0,8,25,00,59,86,01,54,5C,06,
892000,0000060D,false,Rx,0,8,0D,10,83,B6,09,20,70,00,
921000,000002C4,false,Rx,0,8,09,20,00,00,CF,02,00,00,
921000,000002C5,false,Rx,0,8,00,00,00,00,00,00,00,00,
921000,000002C6,false,Rx,0,8,32,00,7C,01,00,00,00,00,
930000,00000625,false,Rx,0,8,25,00,59,86,01,54,5C,06,
991000,0000060D,false,Rx,0,8,0D,10,83,B6,09,20,70,00,
1000,00000054,false,Rx,0,8,01,05,0B,01,CF,02,00,00,
1000,00000055,false,Rx,0,8,10,27,00,00,00,00,00,00,
1000,00000056,false,Rx,0,8,10,27,00,00,00,00,00,00,
2000,00000057,false,Rx,0,8,00,00,FE,FF,FE,FF,00,00,
29000,00000625,false,Rx,0,8,25,00,59,86,01,54,5C,06,
91000,0000060D,false,Rx,0,8,0D,10,83,B6,09,20,70,00,
129000,00000625,false,Rx,0,8,25,00,59,86,01,54,5C,06,
0,000002C4,false,Rx,0,8,09,20,00,00,CF,02,00,00,
0,000002C5,false,Rx,0,8,00,00,00,00,00,00,00,00,
141000,000002C6,false,Rx,0,8,32,00,7C,01,00,00,00,00,
191000,0000060D,false,Rx,0,8,0D,10,83,B6,09,20,70,00,
0,00000054,false,Rx,0,8,01,05,0B,01,CF,02,00,00,
0,00000055,false,Rx,0,8,10,27,00,00,00,00,00,00,
201000,00000056,false,Rx,0,8,10,27,00,00,00,00,00,00,
202000,00000057,false,Rx,0,8,00,00,FE,FF,FE,FF,00,00,
230000,00000625,false,Rx,0,8,25,00,59,86,01,54,5C,06,
290000,0000060D,false,Rx,0,8,0D,10,83,B6,09,20,70,00,
329000,00000625,false,Rx,0,8,25,00,59,86,01,54,5C,06,
0,000002C4,false,Rx,0,8,09,20,00,00,CF,02,00,00,
0,000002C5,false,Rx,0,8,00,00,00,00,00,00,00,00,
0,000002C6,false,Rx,0,8,32,00,7C,01,00,00,00,00,
391000,0000060D,false,Rx,0,8,0D,10,83,B6,09,20,70,00,
401000,00000054,false,Rx,0,8,01,05,0B,01,CF,02,00,00,
401000,00000055,false,Rx,0,8,10,27,00,00,00,00,00,00,
401000,00000056,false,Rx,0,8,10,27,00,00,00,00,00,00,
402000,00000057,false,Rx,0,8,00,00,FE,FF,FE,FF,00,00,
429000,00000625,false,Rx,0,8,25,00,59,86,01,54,5C,06,
491000,0000060D,false,Rx,0,8,0D,10,83,B6,09,20,70,00,
529000,00000625,false,Rx,0,8,25,00,59,86,01,54,5C,06,
0,000002C4,false,Rx,0,8,09,20,00,00,CF,02,00,00,
0,000002C5,false,Rx,0,8,00,00,00,00,00,00,00,00,
581000,000002C6,false,Rx,0,8,32,00,7C,01,00,00,00,00,
590000,0000060D,false,Rx,0,8,0D,10,83,B6,09,20,70,00,
600000,00000054,false,Rx,0,8,01,05,0B,01,CF,02,00,00,
600000,00000055,false,Rx,0,8,10,27,00,00,00,00,00,00,
601000,00000056,false,Rx,0,8,10,27,00,00,00,00,00,00,
601000,00000057,false,Rx,0,8,00,00,FE,FF,FE,FF,00,00,
630000,00000625,false,Rx,0,8,25,00,59,86,01,54,5C,06,
691000,0000060D,false,Rx,0,8,0D,10,83,B6,09,20,70,00,
729000,00000625,false,Rx,0,8,25,00,59,86,01,54,5C,06,
791000,0000060D,false,Rx,0,8,0D,10,83,B6,09,20,70,00,
800000,000002C4,false,Rx,0,8,09,20,00,00,CF,02,00,00,
800000,00000054,false,Rx,0,8,01,05,0B,01,CF,02,00,00,
800000,000002C5,false,Rx,0,8,00,00,00,00,00,00,00,00,
801000,00000055,false,Rx,0,8,10,27,00,00,00,00,00,00,
801000,000002C6,false,Rx,0,8,32,00,7C,01,00,00,00,00,
801000,00000056,false,Rx,0,8,10,27,00,00,00,00,00,00,
801000,00000057,false,Rx,0,8,00,00,FE,FF,FE,FF,00,00,
830000,00000625,false,Rx,0,8,25,00,59,86,01,54,5C,06,
891000,0000060D,false,Rx,0,8,0D,10,83,B6,09,20,70,00,
929000,00000625,false,Rx,0,8,25,00,59,86,01,54,5C,06,
991000,0000060D,false,Rx,0,8,0D,10,83,B6,09,20,70,00,
0,00000054,false,Rx,0,8,01,05,0B,01,CF,02,00,00,
0,00000055,false,Rx,0,8,10,27,00,00,00,00,00,00,
1000,00000056,false,Rx,0,8,10,27,00,00,00,00,00,00,
1000,00000057,false,Rx,0,8,00,00,FE,FF,FE,FF,00,00,
0,000002C4,false,Rx,0,8,09,20,00,00,CF,02,00,00,
0,000002C5,false,Rx,0,8,00,00,00,00,00,00,00,00,
21000,000002C6,false,Rx,0,8,32,00,7C,01,00,00,00,00,
29000,00000625,false,Rx,0,8,25,00,59,86,01,54,5C,06,
91000,0000060D,false,Rx,0,8,0D,10,83,B6,09,20,70,00,
129000,00000625,false,Rx,0,8,25,00,59,86,01,54,5C,06,
191000,0000060D,false,Rx,0,8,0D,10,83,B6,09,20,70,00,
201000,00000054,false,Rx,0,8,01,05,0B,01,CF,02,00,00,
201000,00000055,false,Rx,0,8,10,27,00,00,00,00,00,00,
201000,00000056,false,Rx,0,8,10,27,00,00,00,00,00,00,
202000,00000057,false,Rx,0,8,00,00,FE,FF,FE,FF,00,00,
230000,00000625,false,Rx,0,8,25,00,59,86,01,54,5C,06,
240000,000002C4,false,Rx,0,8,09,20,00,00,CF,02,00,00,
240000,000002C5,false,Rx,0,8,00,00,00,00,00,00,00,00,
241000,000002C6,false,Rx,0,8,32,00,7C,01,00,00,00,00,
291000,0000060D,false,Rx,0,8,0D,10,83,B6,09,20,70,00,
330000,00000625,false,Rx,0,8,25,00,59,86,01,54,5C,06,
391000,0000060D,false,Rx,0,8,0D,10,83,B6,09,20,70,00,
401000,00000054,false,Rx,0,8,01,05,0B,01,CF,02,00,00,
401000,00000055,false,Rx,0,8,10,27,00,00,00,00,00,00,
401000,00000056,false,Rx,0,8,10,27,00,00,00,00,00,00,
402000,00000057,false,Rx,0,8,00,00,FE,FF,FE,FF,00,00,
430000,00000625,false,Rx,0,8,25,00,59,86,01,54,5C,06,
0,000002C4,false,Rx,0,8,09,20,00,00,CF,02,00,00,
0,000002C5,false,Rx,0,8,00,00,00,00,00,00,00,00,
0,000002C6,false,Rx,0,8,32,00,7C,01,00,00,00,00,
491000,0000060D,false,Rx,0,8,0D,10,83,B6,09,20,70,00,
530000,00000625,false,Rx,0,8,25,00,59,86,01,54,5C,06,
590000,0000060D,false,Rx,0,8,0D,10,83,B6,09,20,70,00,
601000,00000054,false,Rx,0,8,01,05,0B,01,CF,02,00,00,
601000,00000055,false,Rx,0,8,10,27,00,00,00,00,00,00,
601000,00000056,false,Rx,0,8,10,27,00,00,00,00,00,00,
601000,00000057,false,Rx,0,8,00,00,FE,FF,FE,FF,00,00,
629000,00000625,false,Rx,0,8,25,00,59,86,01,54,5C,06,
680000,000002C4,false,Rx,0,8,09,20,00,00,CF,02,00,00,
680000,000002C5,false,Rx,0,8,00,00,00,00,00,00,00,00,
681000,000002C6,false,Rx,0,8,32,00,7C,01,00,00,00,00,
691000,0000060D,false,Rx,0,8,0D,10,83,B6,09,20,70,00,
729000,00000625,false,Rx,0,8,25,00,59,86,01,54,5C,06,
791000,0000060D,false,Rx,0,8,0D,10,83,B6,09,20,70,00,
0,00000054,false,Rx,0,8,01,05,0B,01,CF,02,00,00,
0,00000055,false,Rx,0,8,10,27,00,00,00,00,00,00,
0,00000056,false,Rx,0,8,10,27,00,00,00,00,00,00,
0,00000057,false,Rx,0,8,00,00,FE,FF,FE,FF,00,00,
829000,00000625,false,Rx,0,8,25,00,59,86,01,54,5C,06,
891000,0000060D,false,Rx,0,8,0D,10,83,B6,09,20,70,00,
901000,000002C4,false,Rx,0,8,09,20,00,00,CF,02,00,00,
901000,000002C5,false,Rx,0,8,00,00,00,00,00,00,00,00,
902000,000002C6,false,Rx,0,8,32,00,7C,01,00,00,00,00,
929000,00000625,false,Rx,0,8,25,00,59,86,01,54,5C,06,
991000,0000060D,false,Rx,0,8,0D,10,83,B6,09,20,70,00,
1000,00000054,false,Rx,0,8,01,05,0B,01,CF,02,00,00,
1000,00000055,false,Rx,0,8,10,27,00,00,00,00,00,00,
1000,00000056,false,Rx,0,8,10,27,00,00,00,00,00,00,
1000,00000057,false,Rx,0,8,00,00,FE,FF,FE,FF,00,00,
29000,00000625,false,Rx,0,8,25,00,59,86,01,54,5C,06,
91000,0000060D,false,Rx,0,8,0D,10,83,B6,09,20,70,00,
120000,000002C4,false,Rx,0,8,09,20,00,00,CF,02,00,00,
121000,000002C5,false,Rx,0,8,00,00,00,00,00,00,00,00,
121000,000002C6,false,Rx,0,8,32,00,7C,01,00,00,00,00,
130000,00000625,false,Rx,0,8,25,00,59,86,01,54,5C,06,
191000,0000060D,false,Rx,0,8,0D,10,83,B6,09,20,70,00,
0,00000054,false,Rx,0,8,01,05,0B,01,CF,02,00,00,
0,00000055,false,Rx,0,8,10,27,00,00,00,00,00,00,
202000,00000056,false,Rx,0,8,10,27,00,00,00,00,00,00,
202000,00000057,false,Rx,0,8,00,00,FE,FF,FE,FF,00,00,
230000,00000625,false,Rx,0,8,25,00,59,86,01,54,5C,06,
291000,0000060D,false,Rx,0,8,0D,10,83,B6,09,20,70,00,
329000,00000625,false,Rx,0,8,25,00,59,86,01,54,5C,06,
341000,000002C4,false,Rx,0,8,09,20,00,00,CF,02,00,00,
341000,000002C5,false,Rx,0,8,00,00,00,00,00,00,00,00,
341000,000002C6,false,Rx,0,8,32,00,7C,01,00,00,00,00,
392000,0000060D,false,Rx,0,8,0D,10,83,B6,09,20,70,00,
400000,00000054,false,Rx,0,8,01,05,0B,01,CF,02,00,00,
401000,00000055,false,Rx,0,8,10,27,00,00,00,00,00,00,
401000,00000056,false,Rx,0,8,10,27,00,00,00,00,00,00,
401000,00000057,false,Rx,0,8,00,00,FE,FF,FE,FF,00,00,
430000,00000625,false,Rx,0,8,25,00,59,86,01,54,5C,06,
491000,0000060D,false,Rx,0,8,0D,10,83,B6,09,20,70,00,
529000,00000625,false,Rx,0,8,25,00,59,86,01,54,5C,06,
561000,000002C4,false,Rx,0,8,09,20,00,00,CF,02,00,00,
561000,000002C5,false,Rx,0,8,00,00,00,00,00,00,00,00,
562000,000002C6,false,Rx,0,8,32,00,7C,01,00,00,00,00,
592000,0000060D,false,Rx,0,8,0D,10,83,B6,09,20,70,00,
601000,00000054,false,Rx,0,8,01,05,0B,01,CF,02,00,00,
601000,00000055,false,Rx,0,8,10,27,00,00,00,00,00,00,
601000,00000056,false,Rx,0,8,10,27,00,00,00,00,00,00,
601000,00000057,false,Rx,0,8,00,00,FE,FF,FE,FF,00,00,
629000,00000625,false,Rx,0,8,25,00,59,86,01,54,5C,06,
690000,0000060D,false,Rx,0,8,0D,10,83,B6,09,20,70,00,
730000,00000625,false,Rx,0,8,25,00,59,86,01,54,5C,06,
781000,000002C4,false,Rx,0,8,09,20,00,00,CF,02,00,00,
781000,000002C5,false,Rx,0,8,00,00,00,00,00,00,00,00,
781000,000002C6,false,Rx,0,8,32,00,7C,01,00,00,00,00,
791000,0000060D,false,Rx,0,8,0D,10,83,B6,09,20,70,00,
800000,00000054,false,Rx,0,8,01,05,0B,01,CF,02,00,00,
800000,00000055,false,Rx,0,8,10,27,00,00,00,00,00,00,
801000,00000056,false,Rx,0,8,10,27,00,00,00,00,00,00,
801000,00000057,false,Rx,0,8,00,00,FE,FF,FE,FF,00,00,
829000,00000625,false,Rx,0,8,25,00,59,86,01,54,5C,06,
891000,0000060D,false,Rx,0,8,0D,10,83,B6,09,20,70,00,
929000,00000625,false,Rx,0,8,25,00,59,86,01,54,5C,06,
991000,0000060D,false,Rx,0,8,0D,10,83,B6,09,20,70,00,
1000,000002C4,false,Rx,0,8,09,20,00,00,CF,02,00,00,
1000,00000054,false,Rx,0,8,01,05,0B,01,CF,02,00,00,
1000,000002C5,false,Rx,0,8,00,00,00,00,00,00,00,00,
1000,00000055,false,Rx,0,8,10,27,00,00,00,00,00,00,
2000,000002C6,false,Rx,0,8,32,00,7C,01,00,00,00,00,
2000,00000056,false,Rx,0,8,10,27,00,00,00,00,00,00,
2000,00000057,false,Rx,0,8,00,00,FE,FF,FE,FF,00,00,
29000,00000625,false,Rx,0,8,25,00,59,86,01,54,5C,06,
91000,0000060D,false,Rx,0,8,0D,10,83,B6,09,20,70,00,
129000,00000625,false,Rx,0,8,25,00,59,86,01,54,5C,06,
191000,0000060D,false,Rx,0,8,0D,10,83,B6,09,20,70,00,
201000,00000054,false,Rx,0,8,01,05,0B,01,CF,02,00,00,
201000,00000055,false,Rx,0,8,10,27,00,00,00,00,00,00,
201000,00000056,false,Rx,0,8,10,27,00,00,00,00,00,00,
201000,00000057,false,Rx,0,8,00,00,FE,FF,FE,FF,00,00,
221000,000002C4,false,Rx,0,8,09,20,00,00,CF,02,00,00,
221000,000002C5,false,Rx,0,8,00,00,00,00,00,00,00,00,
221000,000002C6,false,Rx,0,8,32,00,7C,01,00,00,00,00,
229000,00000625,false,Rx,0,8,25,00,59,86,01,54,5C,06,
290000,0000060D,false,Rx,0,8,0D,10,83,B6,09,20,70,00,
330000,00000625,false,Rx,0,8,25,00,59,86,01,54,5C,06,
392000,0000060D,false,Rx,0,8,0D,10,83,B6,09,20,70,00,
0,00000054,false,Rx,0,8,01,05,0B,01,CF,02,00,00,
0,00000055,false,Rx,0,8,10,27,00,00,00,00,00,00,
402000,00000056,false,Rx,0,8,10,27,00,00,00,00,00,00,
402000,00000057,false,Rx,0,8,00,00,FE,FF,FE,FF,00,00,
430000,00000625,false,Rx,0,8,25,00,59,86,01,54,5C,06,
441000,000002C4,false,Rx,0,8,09,20,00,00,CF,02,00,00,
441000,000002C5,false,Rx,0,8,00,00,00,00,00,00,00,00,
442000,000002C6,false,Rx,0,8,32,00,7C,01,00,00,00,00,
491000,0000060D,false,Rx,0,8,0D,10,83,B6,09,20,70,00,
529000,00000625,false,Rx,0,8,25,00,59,86,01,54,5C,06,
591000,0000060D,false,Rx,0,8,0D,10,83,B6,09,20,70,00,
601000,00000054,false,Rx,0,8,01,05,0B,01,CF,02,00,00,
601000,00000055,false,Rx,0,8,10,27,00,00,00,00,00,00,
601000,00000056,false,Rx,0,8,10,27,00,00,00,00,00,00,
602000,00000057,false,Rx,0,8,00,00,FE,FF,FE,FF,00,00,
629000,00000625,false,Rx,0,8,25,00,59,86,01,54,5C,06,
661000,000002C4,false,Rx,0,8,09,20,00,00,CF,02,00,00,
661000,000002C5,false,Rx,0,8,00,00,00,00,00,00,00,00,
662000,000002C6,false,Rx,0,8,32,00,7C,01,00,00,00,00,
691000,0000060D,false,Rx,0,8,0D,10,83,B6,09,20,70,00,
730000,00000625,false,Rx,0,8,25,00,59,86,01,54,5C,06,
792000,0000060D,false,Rx,0,8,0D,10,83,B6,09,20,70,00,
800000,00000054,false,Rx,0,8,01,05,0B,01,CF,02,00,00,
801000,00000055,false,Rx,0,8,10,27,00,00,00,00,00,00,
801000,00000056,false,Rx,0,8,10,27,00,00,00,00,00,00,
801000,00000057,false,Rx,0,8,00,00,FE,FF,FE,FF,00,00,
830000,00000625,false,Rx,0,8,25,00,59,86,01,54,5C,06,
0,000002C4,false,Rx,0,8,09,20,00,00,CF,02,00,00,
0,000002C5,false,Rx,0,8,00,00,00,00,00,00,00,00,
881000,000002C6,false,Rx,0,8,32,00,7C,01,00,00,00,00,
891000,0000060D,false,Rx,0,8,0D,10,83,B6,09,20,70,00,
929000,00000625,false,Rx,0,8,25,00,59,86,01,54,5C,06,
991000,0000060D,false,Rx,0,8,0D,10,83,B6,09,20,70,00,
1000,00000054,false,Rx,0,8,01,05,0B,01,CF,02,00,00,
1000,00000055,false,Rx,0,8,10,27,00,00,00,00,00,00,
1000,00000056,false,Rx,0,8,10,27,00,00,00,00,00,00,
1000,00000057,false,Rx,0,8,00,00,FE,FF,FE,FF,00,00,
30000,00000625,false,Rx,0,8,25,00,59,86,01,54,5C,06,
91000,0000060D,false,Rx,0,8,0D,10,83,B6,09,20,70,00,
100000,000002C4,false,Rx,0,8,09,20,00,00,CF,02,00,00,
100000,000002C5,false,Rx,0,8,00,00,00,00,00,00,00,00,
102000,000002C6,false,Rx,0,8,32,00,7C,01,00,00,00,00,
129000,00000625,false,Rx,0,8,25,00,59,86,01,54,5C,06,
191000,0000060D,false,Rx,0,8,0D,10,83,B6,09,20,70,00,
201000,00000054,false,Rx,0,8,01,05,0B,01,CF,02,00,00,
201000,00000055,false,Rx,0,8,10,27,00,00,00,00,00,00,
201000,00000056,false,Rx,0,8,10,27,00,00,00,00,00,00,
202000,00000057,false,Rx,0,8,00,00,FE,FF,FE,FF,00,00,
228000,00000625,false,Rx,0,8,25,00,59,86,01,54,5C,06,
290000,0000060D,false,Rx,0,8,0D,10,83,B6,09,20,70,00,
320000,000002C4,false,Rx,0,8,09,20,00,00,CF,02,00,00,
320000,000002C5,false,Rx,0,8,00,00,00,00,00,00,00,00,
321000,000002C6,false,Rx,0,8,32,00,7C,01,00,00,00,00,
330000,00000625,false,Rx,0,8,25,00,59,86,01,54,5C,06,
391000,0000060D,false,Rx,0,8,0D,10,83,B6,09,20,70,00,
401000,00000054,false,Rx,0,8,01,05,0B,01,CF,02,00,00,
401000,00000055,false,Rx,0,8,10,27,00,00,00,00,00,00,
401000,00000056,false,Rx,0,8,10,27,00,00,00,00,00,00,
401000,00000057,false,Rx,0,8,00,00,FE,FF,FE,FF,00,00,
429000,00000625,false,Rx,0,8,25,00,59,86,01,54,5C,06,
491000,0000060D,false,Rx,0,8,0D,10,83,B6,09,20,70,00,
529000,00000625,false,Rx,0,8,25,00,59,86,01,54,5C,06,
541000,000002C4,false,Rx,0,8,09,20,00,00,CF,02,00,00,
541000,000002C5,false,Rx,0,8,00,00,00,00,00,00,00,00,
541000,000002C6,false,Rx,0,8,32,00,7C,01,00,00,00,00,
590000,0000060D,false,Rx,0,8,0D,10,83,B6,09,20,70,00,
601000,00000054,false,Rx,0,8,01,05,0B,01,CF,02,00,00,
601000,00000055,false,Rx,0,8,10,27,00,00,00,00,00,00,
601000,00000056,false,Rx,0,8,10,27,00,00,00,00,00,00,
602000,00000057,false,Rx,0,8,00,00,FE,FF,FE,FF,00,00,
629000,00000625,false,Rx,0,8,25,00,59,86,01,54,5C,06,
690000,0000060D,false,Rx,0,8,0D,10,83,B6,09,20,70,00,
730000,00000625,false,Rx,0,8,25,00,59,86,01,54,5C,06,
760000,000002C4,false,Rx,0,8,09,20,00,00,CF,02,00,00,
760000,000002C5,false,Rx,0,8,00,00,00,00,00,00,00,00,
761000,000002C6,false,Rx,0,8,32,00,7C,01,00,00,00,00,
791000,0000060D,false,Rx,0,8,0D,10,83,B6,09,20,70,00,
801000,00000054,false,Rx,0,8,01,05,0B,01,CF,02,00,00,
0,00000055,false,Rx,0,8,10,27,00,00,00,00,00,00,
0,00000056,false,Rx,0,8,10,27,00,00,00,00,00,00,
802000,00000057,false,Rx,0,8,00,00,FE,FF,FE,FF,00,00,
830000,00000625,false,Rx,0,8,25,00,59,86,01,54,5C,06,
891000,0000060D,false,Rx,0,8,0D,10,83,B6,09,20,70,00,
930000,00000625,false,Rx,0,8,25,00,59,86,01,54,5C,06,
981000,000002C4,false,Rx,0,8,09,20,00,00,CF,02,00,00,
981000,000002C5,false,Rx,0,8,00,00,00,00,00,00,00,00,
981000,000002C6,false,Rx,0,8,32,00,7C,01,00,00,00,00,
991000,0000060D,false,Rx,0,8,0D,10,83,B6,09,20,70,00,
0,00000054,false,Rx,0,8,01,05,0B,01,CF,02,00,00,
0,00000055,false,Rx,0,8,10,27,00,00,00,00,00,00,
1000,00000056,false,Rx,0,8,10,27,00,00,00,00,00,00,
1000,00000057,false,Rx,0,8,00,00,FE,FF,FE,FF,00,00,
30000,00000625,false,Rx,0,8,25,00,59,86,01,54,5C,06,
91000,0000060D,false,Rx,0,8,0D,10,83,B6,09,20,70,00,
130000,00000625,false,Rx,0,8,25,00,59,86,01,54,5C,06,
191000,0000060D,false,Rx,0,8,0D,10,83,B6,09,20,70,00,
201000,000002C4,false,Rx,0,8,09,20,00,00,CF,02,00,00,
201000,00000054,false,Rx,0,8,01,05,0B,01,CF,02,00,00,
201000,000002C5,false,Rx,0,8,00,00,00,00,00,00,00,00,
201000,00000055,false,Rx,0,8,10,27,00,00,00,00,00,00,
201000,000002C6,false,Rx,0,8,32,00,7C,01,00,00,00,00,
201000,00000056,false,Rx,0,8,10,27,00,00,00,00,00,00,
202000,00000057,false,Rx,0,8,00,00,FE,FF,FE,FF,00,00,
230000,00000625,false,Rx,0,8,25,00,59,86,01,54,5C,06,
290000,0000060D,false,Rx,0,8,0D,10,83,B6,09,20,70,00,
330000,00000625,false,Rx,0,8,25,00,59,86,01,54,5C,06,
391000,0000060D,false,Rx,0,8,0D,10,83,B6,09,20,70,00,
401000,00000054,false,Rx,0,8,01,05,0B,01,CF,02,00,00,
401000,00000055,false,Rx,0,8,10,27,00,00,00,00,00,00,
401000,00000056,false,Rx,0,8,10,27,00,00,00,00,00,00,
401000,00000057,false,Rx,0,8,00,00,FE,FF,FE,FF,00,00,
421000,000002C4,false,Rx,0,8,09,20,00,00,CF,02,00,00,
0,000002C5,false,Rx,0,8,00,00,00,00,00,00,00,00,
0,000002C6,false,Rx,0,8,32,00,7C,01,00,00,00,00,
429000,00000625,false,Rx,0,8,25,00,59,86,01,54,5C,06,
491000,0000060D,false,Rx,0,8,0D,10,83,B6,09,20,70,00,
529000,00000625,false,Rx,0,8,25,00,59,86,01,54,5C,06,
591000,0000060D,false,Rx,0,8,0D,10,83,B6,09,20,70,00,
600000,00000054,false,Rx,0,8,01,05,0B,01,CF,02,00,00,
600000,00000055,false,Rx,0,8,10,27,00,00,00,00,00,00,
601000,00000056,false,Rx,0,8,10,27,00,00,00,00,00,00,
601000,00000057,false,Rx,0,8,00,00,FE,FF,FE,FF,00,00,
630000,00000625,false,Rx,0,8,25,00,59,86,01,54,5C,06,
0,000002C4,false,Rx,0,8,09,20,00,00,CF,02,00,00,
0,000002C5,false,Rx,0,8,00,00,00,00,00,00,00,00,
642000,000002C6,false,Rx,0,8,32,00,7C,01,00,00,00,00,
691000,0000060D,false,Rx,0,8,0D,10,83,B6,09,20,70,00,
730000,00000625,false,Rx,0,8,25,00,59,86,01,54,5C,06,
791000,0000060D,false,Rx,0,8,0D,10,83,B6,09,20,70,00,
801000,00000054,false,Rx,0,8,01,05,0B,01,CF,02,00,00,
801000,00000055,false,Rx,0,8,10,27,00,00,00,00,00,00,
801000,00000056,false,Rx,0,8,10,27,00,00,00,00,00,00,
802000,00000057,false,Rx,0,8,00,00,FE,FF,FE,FF,00,00,
830000,00000625,false,Rx,0,8,25,00,59,86,01,54,5C,06,
0,000002C4,false,Rx,0,8,09,20,00,00,CF,02,00,00,
0,000002C5,false,Rx,0,8,00,00,00,00,00,00,00,00,
861000,000002C6,false,Rx,0,8,32,00,7C,01,00,00,00,00,
891000,0000060D,false,Rx,0,8,0D,10,83,B6,09,20,70,00,
930000,00000625,false,Rx,0,8,25,00,59,86,01,54,5C,06,
991000,0000060D,false,Rx,0,8,0D,10,83,B6,09,20,70,00,
0,00000054,false,Rx,0,8,01,05,0B,01,CF,02,00,00,
0,00000055,false,Rx,0,8,10,27,00,00,00,00,00,00,
1000,00000056,false,Rx,0,8,10,27,00,00,00,00,00,00,
2000,00000057,false,Rx,0,8,00,00,FE,FF,FE,FF,00,00,
30000,00000625,false,Rx,0,8,25,00,59,86,01,54,5C,06,
0,000002C4,false,Rx,0,8,09,20,00,00,CF,02,00,00,
0,000002C5,false,Rx,0,8,00,00,00,00,00,00,00,00,
81000,000002C6,false,Rx,0,8,32,00,7C,01,00,00,00,00,
91000,0000060D,false,Rx,0,8,0D,10,83,B6,09,20,70,00,
129000,00000625,false,Rx,0,8,25,00,59,86,01,54,5C,06,
192000,0000060D,false,Rx,0,8,0D,10,83,B6,09,20,70,00,
0,00000054,false,Rx,0,8,01,05,0B,01,CF,02,00,00,
0,00000055,false,Rx,0,8,10,27,00,00,00,00,00,00,
201000,00000056,false,Rx,0,8,10,27,00,00,00,00,00,00,
201000,00000057,false,Rx,0,8,00,00,FE,FF,FE,FF,00,00,
230000,00000625,false,Rx,0,8,25,00,59,86,01,54,5C,06,
291000,0000060D,false,Rx,0,8,0D,10,83,B6,09,20,70,00,
301000,000002C4,false,Rx,0,8,09,20,00,00,CF,02,00,00,
301000,000002C5,false,Rx,0,8,00,00,00,00,00,00,00,00,
301000,000002C6,false,Rx,0,8,32,00,7C,01,00,00,00,00,
330000,00000625,false,Rx,0,8,25,00,59,86,01,54,5C,06,
391000,0000060D,false,Rx,0,8,0D,10,83,B6,09,20,70,00,
401000,00000054,false,Rx,0,8,01,05,0B,01,CF,02,00,00,
401000,00000055,false,Rx,0,8,10,27,00,00,00,00,00,00,
401000,00000056,false,Rx,0,8,10,27,00,00,00,00,00,00,
402000,00000057,false,Rx,0,8,00,00,FE,FF,FE,FF,00,00,
430000,00000625,false,Rx,0,8,25,00,59,86,01,54,5C,06,
492000,0000060D,false,Rx,0,8,0D,10,83,B6,09,20,70,00,
521000,000002C4,false,Rx,0,8,09,20,00,00,CF,02,00,00,
521000,000002C5,false,Rx,0,8,00,00,00,00,00,00,00,00,
521000,000002C6,false,Rx,0,8,32,00,7C,01,00,00,00,00,
529000,00000625,false,Rx,0,8,25,00,59,86,01,54,5C,06,
591000,0000060D,false,Rx,0,8,0D,10,83,B6,09,20,70,00,
601000,00000054,false,Rx,0,8,01,05,0B,01,CF,02,00,00,
601000,00000055,false,Rx,0,8,10,27,00,00,00,00,00,00,
601000,00000056,false,Rx,0,8,10,27,00,00,00,00,00,00,
601000,00000057,false,Rx,0,8,00,00,FE,FF,FE,FF,00,00,
628000,00000625,false,Rx,0,8,25,00,59,86,01,54,5C,06,
691000,0000060D,false,Rx,0,8,0D,10,83,B6,09,20,70,00,
730000,00000625,false,Rx,0,8,25,00,59,86,01,54,5C,06,
740000,000002C4,false,Rx,0,8,09,20,00,00,CF,02,00,00,
740000,000002C5,false,Rx,0,8,00,00,00,00,00,00,00,00,
741000,000002C6,false,Rx,0,8,32,00,7C,01,00,00,00,00,
791000,0000060D,false,Rx,0,8,0D,10,83,B6,09,20,70,00,
801000,00000054,false,Rx,0,8,01,05,0B,01,CF,02,00,00,
801000,00000055,false,Rx,0,8,10,27,00,00,00,00,00,00,
801000,00000056,false,Rx,0,8,10,27,00,00,00,00,00,00,
802000,00000057,false,Rx,0,8,00,00,FE,FF,FE,FF,00,00,
830000,00000625,false,Rx,0,8,25,00,59,86,01,54,5C,06,
892000,0000060D,false,Rx,0,8,0D,10,83,B6,09,20,70,00,
930000,00000625,false,Rx,0,8,25,00,59,86,01,54,5C,06,
961000,000002C4,false,Rx,0,8,09,20,00,00,CF,02,00,00,
961000,000002C5,false,Rx,0,8,00,00,00,00,00,00,00,00,
961000,000002C6,false,Rx,0,8,32,00,7C,01,00,00,00,00,
991000,0000060D,false,Rx,0,8,0D,10,83,B6,09,20,70,00,
0,00000054,false,Rx,0,8,01,05,0B,01,CF,02,00,00,
1000,00000055,false,Rx,0,8,10,27,00,00,00,00,00,00,
1000,00000056,false,Rx,0,8,10,27,00,00,00,00,00,00,
2000,00000057,false,Rx,0,8,00,00,FE,FF,FE,FF,00,00,
30000,00000625,false,Rx,0,8,25,00,59,86,01,54,5C,06,
91000,0000060D,false,Rx,0,8,0D,10,83,B6,09,20,70,00,
129000,00000625,false,Rx,0,8,25,00,59,86,01,54,5C,06,
181000,000002C4,false,Rx,0,8,09,20,00,00,CF,02,00,00,
181000,000002C5,false,Rx,0,8,00,00,00,00,00,00,00,00,
181000,000002C6,false,Rx,0,8,32,00,7C,01,00,00,00,00,
190000,0000060D,false,Rx,0,8,0D,10,83,B6,09,20,70,00,
0,00000054,false,Rx,0,8,01,05,0B,01,CF,02,00,00,
0,00000055,false,Rx,0,8,10,27,00,00,00,00,00,00,
0,00000056,false,Rx,0,8,10,27,00,00,00,00,00,00,
0,00000057,false,Rx,0,8,00,00,FE,FF,FE,FF,00,00,
230000,00000625,false,Rx,0,8,25,00,59,86,01,54,5C,06,
291000,0000060D,false,Rx,0,8,0D,10,83,B6,09,20,70,00,
330000,00000625,false,Rx,0,8,25,00,59,86,01,54,5C,06,
391000,0000060D,false,Rx,0,8,0D,10,83,B6,09,20,70,00,
0,000002C4,false,Rx,0,8,09,20,00,00,CF,02,00,00,
0,00000054,false,Rx,0,8,01,05,0B,01,CF,02,00,00,
400000,000002C5,false,Rx,0,8,00,00,00,00,00,00,00,00,
402000,00000055,false,Rx,0,8,10,27,00,00,00,00,00,00,
402000,000002C6,false,Rx,0,8,32,00,7C,01,00,00,00,00,
402000,00000056,false,Rx,0,8,10,27,00,00,00,00,00,00,
403000,00000057,false,Rx,0,8,00,00,FE,FF,FE,FF,00,00,
429000,00000625,false,Rx,0,8,25,00,59,86,01,54,5C,06,
491000,0000060D,false,Rx,0,8,0D,10,83,B6,09,20,70,00,
530000,00000625,false,Rx,0,8,25,00,59,86,01,54,5C,06,
592000,0000060D,false,Rx,0,8,0D,10,83,B6,09,20,70,00,
601000,00000054,false,Rx,0,8,01,05,0B,01,CF,02,00,00,
601000,00000055,false,Rx,0,8,10,27,00,00,00,00,00,00,
0,00000056,false,Rx,0,8,10,27,00,00,00,00,00,00,
0,00000057,false,Rx,0,8,00,00,FE,FF,FE,FF,00,00,
621000,000002C4,false,Rx,0,8,09,20,00,00,CF,02,00,00,
621000,000002C5,false,Rx,0,8,00,00,00,00,00,00,00,00,
621000,000002C6,false,Rx,0,8,32,00,7C,01,00,00,00,00,
630000,00000625,false,Rx,0,8,25,00,59,86,01,54,5C,06,
691000,0000060D,false,Rx,0,8,0D,10,83,B6,09,20,70,00,
729000,00000625,false,Rx,0,8,25,00,59,86,01,54,5C,06,
791000,0000060D,false,Rx,0,8,0D,10,83,B6,09,20,70,00,
800000,00000054,false,Rx,0,8,01,05,0B,01,CF,02,00,00,
801000,00000055,false,Rx,0,8,10,27,00,00,00,00,00,00,
0,00000056,false,Rx,0,8,10,27,00,00,00,00,00,00,
0,00000057,false,Rx,0,8,00,00,FE,FF,FE,FF,00,00,
830000,00000625,false,Rx,0,8,25,00,59,86,01,54,5C,06,
841000,000002C4,false,Rx,0,8,09,20,00,00,CF,02,00,00,
841000,000002C5,false,Rx,0,8,00,00,00,00,00,00,00,00,
841000,000002C6,false,Rx,0,8,32,00,7C,01,00,00,00,00,
891000,0000060D,false,Rx,0,8,0D,10,83,B6,09,20,70,00,
929000,00000625,false,Rx,0,8,25,00,59,86,01,54,5C,06,
991000,0000060D,false,Rx,0,8,0D,10,83,B6,09,20,70,00,
0,00000054,false,Rx,0,8,01,05,0B,01,CF,02,00,00,
0,00000055,false,Rx,0,8,10,27,00,00,00,00,00,00,
0,00000056,false,Rx,0,8,10,27,00,00,00,00,00,00,
0,00000057,false,Rx,0,8,00,00,FE,FF,FE,FF,00,00,
29000,00000625,false,Rx,0,8,25,00,59,86,01,54,5C,06,
61000,000002C4,false,Rx,0,8,09,20,00,00,CF,02,00,00,
0,000002C5,false,Rx,0,8,00,00,00,00,00,00,00,00,
0,000002C6,false,Rx,0,8,32,00,7C,01,00,00,00,00,
91000,0000060D,false,Rx,0,8,0D,10,83,B6,09,20,70,00,
129000,00000625,false,Rx,0,8,25,00,59,86,01,54,5C,06,
191000,0000060D,false,Rx,0,8,0D,10,83,B6,09,20,70,00,
0,00000054,false,Rx,0,8,01,05,0B,01,CF,02,00,00,
0,00000055,false,Rx,0,8,10,27,00,00,00,00,00,00,
201000,00000056,false,Rx,0,8,10,27,00,00,00,00,00,00,
201000,00000057,false,Rx,0,8,00,00,FE,FF,FE,FF,00,00,
230000,00000625,false,Rx,0,8,25,00,59,86,01,54,5C,06,
0,000002C4,false,Rx,0,8,09,20,00,00,CF,02,00,00,
0,000002C5,false,Rx,0,8,00,00,00,00,00,00,00,00,
282000,000002C6,false,Rx,0,8,32,00,7C,01,00,00,00,00,
291000,0000060D,false,Rx,0,8,0D,10,83,B6,09,20,70,00,
330000,00000625,false,Rx,0,8,25,00,59,86,01,54,5C,06,
391000,0000060D,false,Rx,0,8,0D,10,83,B6,09,20,70,00,
0,00000054,false,Rx,0,8,01,05,0B,01,CF,02,00,00,
0,00000055,false,Rx,0,8,10,27,00,00,00,00,00,00,
0,00000056,false,Rx,0,8,10,27,00,00,00,00,00,00,
0,00000057,false,Rx,0,8,00,00,FE,FF,FE,FF,00,00,
430000,00000625,false,Rx,0,8,25,00,59,86,01,54,5C,06,
491000,0000060D,false,Rx,0,8,0D,10,83,B6,09,20,70,00,
0,000002C4,false,Rx,0,8,09,20,00,00,CF,02,00,00,
0,000002C5,false,Rx,0,8,00,00,00,00,00,00,00,00,
502000,000002C6,false,Rx,0,8,32,00,7C,01,00,00,00,00,
529000,00000625,false,Rx,0,8,25,00,59,86,01,54,5C,06,
591000,0000060D,false,Rx,0,8,0D,10,83,B6,09,20,70,00,
601000,00000054,false,Rx,0,8,01,05,0B,01,CF,02,00,00,
601000,00000055,false,Rx,0,8,10,27,00,00,00,00,00,00,
601000,00000056,false,Rx,0,8,10,27,00,00,00,00,00,00,
602000,00000057,false,Rx,0,8,00,00,FE,FF,FE,FF,00,00,
630000,00000625,false,Rx,0,8,25,00,59,86,01,54,5C,06,
691000,0000060D,false,Rx,0,8,0D,10,83,B6,09,20,70,00,
0,000002C4,false,Rx,0,8,09,20,00,00,CF,02,00,00,
0,000002C5,false,Rx,0,8,00,00,00,00,00,00,00,00,
721000,000002C6,false,Rx,0,8,32,00,7C,01,00,00,00,00,
730000,00000625,false,Rx,0,8,25,00,59,86,01,54,5C,06,
791000,0000060D,false,Rx,0,8,0D,10,83,B6,09,20,70,00,
801000,00000054,false,Rx,0,8,01,05,0B,01,CF,02,00,00,
0,00000055,false,Rx,0,8,10,27,00,00,00,00,00,00,
0,00000056,false,Rx,0,8,10,27,00,00,00,00,00,00,
801000,00000057,false,Rx,0,8,00,00,FE,FF,FE,FF,00,00,
830000,00000625,false,Rx,0,8,25,00,59,86,01,54,5C,06,
892000,0000060D,false,Rx,0,8,0D,10,83,B6,09,20,70,00,
930000,00000625,false,Rx,0,8,25,00,59,86,01,54,5C,06,
941000,000002C4,false,Rx,0,8,09,20,00,00,CF,02,00,00,
941000,000002C5,false,Rx,0,8,00,00,00,00,00,00,00,00,
941000,000002C6,false,Rx,0,8,32,00,7C,01,00,00,00,00,
991000,0000060D,false,Rx,0,8,0D,10,83,B6,09,20,70,00,
0,00000054,false,Rx,0,8,01,05,0B,01,CF,02,00,00,
0,00000055,false,Rx,0,8,10,27,00,00,00,00,00,00,
1000,00000056,false,Rx,0,8,10,27,00,00,00,00,00,00,
1000,00000057,false,Rx,0,8,00,00,FE,FF,FE,FF,00,00,
29000,00000625,false,Rx,0,8,25,00,59,86,01,54,5C,06,
90000,0000060D,false,Rx,0,8,0D,10,83,B6,09,20,70,00,
129000,00000625,false,Rx,0,8,25,00,59,86,01,54,5C,06,
161000,000002C4,false,Rx,0,8,09,20,00,00,CF,02,00,00,
161000,000002C5,false,Rx,0,8,00,00,00,00,00,00,00,00,
161000,000002C6,false,Rx,0,8,32,00,7C,01,00,00,00,00,
191000,0000060D,false,Rx,0,8,0D,10,83,B6,09,20,70,00,
201000,00000054,false,Rx,0,8,01,05,0B,01,CF,02,00,00,
201000,00000055,false,Rx,0,8,10,27,00,00,00,00,00,00,
201000,00000056,false,Rx,0,8,10,27,00,00,00,00,00,00,
202000,00000057,false,Rx,0,8,00,00,FE,FF,FE,FF,00,00,
230000,00000625,false,Rx,0,8,25,00,59,86,01,54,5C,06,
291000,0000060D,false,Rx,0,8,0D,10,83,B6,09,20,70,00,
329000,00000625,false,Rx,0,8,25,00,59,86,01,54,5C,06,
381000,000002C4,false,Rx,0,8,09,20,00,00,CF,02,00,00,
381000,000002C5,false,Rx,0,8,00,00,00,00,00,00,00,00,
381000,000002C6,false,Rx,0,8,32,00,7C,01,00,00,00,00,
391000,0000060D,false,Rx,0,8,0D,10,83,B6,09,20,70,00,
400000,00000054,false,Rx,0,8,01,05,0B,01,CF,02,00,00,
400000,00000055,false,Rx,0,8,10,27,00,00,00,00,00,00,
401000,00000056,false,Rx,0,8,10,27,00,00,00,00,00,00,
401000,00000057,false,Rx,0,8,00,00,FE,FF,FE,FF,00,00,
430000,00000625,false,Rx,0,8,25,00,59,86,01,54,5C,06,
491000,0000060D,false,Rx,0,8,0D,10,83,B6,09,20,70,00,
529000,00000625,false,Rx,0,8,25,00,59,86,01,54,5C,06,
591000,0000060D,false,Rx,0,8,0D,10,83,B6,09,20,70,00,
601000,000002C4,false,Rx,0,8,09,20,00,00,CF,02,00,00,
601000,00000054,false,Rx,0,8,01,05,0B,01,CF,02,00,00,
601000,000002C5,false,Rx,0,8,00,00,00,00,00,00,00,00,
601000,00000055,false,Rx,0,8,10,27,00,00,00,00,00,00,
602000,000002C6,false,Rx,0,8,32,00,7C,01,00,00,00,00,
602000,00000056,false,Rx,0,8,10,27,00,00,00,00,00,00,
602000,00000057,false,Rx,0,8,00,00,FE,FF,FE,FF,00,00,
629000,00000625,false,Rx,0,8,25,00,59,86,01,54,5C,06,
691000,0000060D,false,Rx,0,8,0D,10,83,B6,09,20,70,00,
730000,00000625,false,Rx,0,8,25,00,59,86,01,54,5C,06,
791000,0000060D,false,Rx,0,8,0D,10,83,B6,09,20,70,00,
800000,00000054,false,Rx,0,8,01,05,0B,01,CF,02,00,00,
800000,00000055,false,Rx,0,8,10,27,00,00,00,00,00,00,
801000,00000056,false,Rx,0,8,10,27,00,00,00,00,00,00,
801000,00000057,false,Rx,0,8,00,00,FE,FF,FE,FF,00,00,
820000,000002C4,false,Rx,0,8,09,20,00,00,CF,02,00,00,
820000,000002C5,false,Rx,0,8,00,00,00,00,00,00,00,00,
821000,000002C6,false,Rx,0,8,32,00,7C,01,00,00,00,00,
830000,00000625,false,Rx,0,8,25,00,59,86,01,54,5C,06,
891000,0000060D,false,Rx,0,8,0D,10,83,B6,09,20,70,00,
930000,00000625,false,Rx,0,8,25,00,59,86,01,54,5C,06,
991000,0000060D,false,Rx,0,8,0D,10,83,B6,09,20,70,00,
0,00000054,false,Rx,0,8,01,05,0B,01,CF,02,00,00,
0,00000055,false,Rx,0,8,10,27,00,00,00,00,00,00,
1000,00000056,false,Rx,0,8,10,27,00,00,00,00,00,00,
2000,00000057,false,Rx,0,8,00,00,FE,FF,FE,FF,00,00,
30000,00000625,false,Rx,0,8,25,00,59,86,01,54,5C,06,
40000,000002C4,false,Rx,0,8,09,20,00,00,CF,02,00,00,
41000,000002C5,false,Rx,0,8,00,00,00,00,00,00,00,00,
41000,000002C6,false,Rx,0,8,32,00,7C,01,00,00,00,00,
91000,0000060D,false,Rx,0,8,0D,10,83,B6,09,20,70,00,
130000,00000625,false,Rx,0,8,25,00,59,86,01,54,5C,06,
191000,0000060D,false,Rx,0,8,0D,10,83,B6,09,20,70,00,
0,00000054,false,Rx,0,8,01,05,0B,01,CF,02,00,00,
0,00000055,false,Rx,0,8,10,27,00,00,00,00,00,00,
201000,00000056,false,Rx,0,8,10,27,00,00,00,00,00,00,
202000,00000057,false,Rx,0,8,00,00,FE,FF,FE,FF,00,00,
230000,00000625,false,Rx,0,8,25,00,59,86,01,54,5C,06,
0,000002C4,false,Rx,0,8,09,20,00,00,CF,02,00,00,
0,000002C5,false,Rx,0,8,00,00,00,00,00,00,00,00,
0,000002C6,false,Rx,0,8,32,00,7C,01,00,00,00,00,
291000,0000060D,false,Rx,0,8,0D,10,83,B6,09,20,70,00,
329000,00000625,false,Rx,0,8,25,00,59,86,01,54,5C,06,
391000,0000060D,false,Rx,0,8,0D,10,83,B6,09,20,70,00,
401000,00000054,false,Rx,0,8,01,05,0B,01,CF,02,00,00,
401000,00000055,false,Rx,0,8,10,27,00,00,00,00,00,00,
0,00000056,false,Rx,0,8,10,27,00,00,00,00,00,00,
0,00000057,false,Rx,0,8,00,00,FE,FF,FE,FF,00,00,
429000,00000625,false,Rx,0,8,25,00,59,86,01,54,5C,06,
481000,000002C4,false,Rx,0,8,09,20,00,00,CF,02,00,00,
481000,000002C5,false,Rx,0,8,00,00,00,00,00,00,00,00,
481000,000002C6,false,Rx,0,8,32,00,7C,01,00,00,00,00,
491000,0000060D,false,Rx,0,8,0D,10,83,B6,09,20,70,00,
530000,00000625,false,Rx,0,8,25,00,59,86,01,54,5C,06,
591000,0000060D,false,Rx,0,8,0D,10,83,B6,09,20,70,00,
601000,00000054,false,Rx,0,8,01,05,0B,01,CF,02,00,00,
601000,00000055,false,Rx,0,8,10,27,00,00,00,00,00,00,
0,00000056,false,Rx,0,8,10,27,00,00,00,00,00,00,
0,00000057,false,Rx,0,8,00,00,FE,FF,FE,FF,00,00,
630000,00000625,false,Rx,0,8,25,00,59,86,01,54,5C,06,
691000,0000060D,false,Rx,0,8,0D,10,83,B6,09,20,70,00,
701000,000002C4,false,Rx,0,8,09,20,00,00,CF,02,00,00,
701000,000002C5,false,Rx,0,8,00,00,00,00,00,00,00,00,
701000,000002C6,false,Rx,0,8,32,00,7C,01,00,00,00,00,
729000,00000625,false,Rx,0,8,25,00,59,86,01,54,5C,06,
790000,0000060D,false,Rx,0,8,0D,10,83,B6,09,20,70,00,
800000,00000054,false,Rx,0,8,01,05,0B,01,CF,02,00,00,
801000,00000055,false,Rx,0,8,10,27,00,00,00,00,00,00,
801000,00000056,false,Rx,0,8,10,27,00,00,00,00,00,00,
801000,00000057,false,Rx,0,8,00,00,FE,FF,FE,FF,00,00,
828000,00000625,false,Rx,0,8,25,00,59,86,01,54,5C,06,
891000,0000060D,false,Rx,0,8,0D,10,83,B6,09,20,70,00,
921000,000002C4,false,Rx,0,8,09,20,00,00,CF,02,00,00,
921000,000002C5,false,Rx,0,8,00,00,00,00,00,00,00,00,
921000,000002C6,false,Rx,0,8,32,00,7C,01,00,00,00,00,
929000,00000625,false,Rx,0,8,25,00,59,86,01,54,5C,06,
992000,0000060D,false,Rx,0,8,0D,10,83,B6,09,20,70,00,
0,00000054,false,Rx,0,8,01,05,0B,01,CF,02,00,00,
0,00000055,false,Rx,0,8,10,27,00,00,00,00,00,00,
0,00000056,false,Rx,0,8,10,27,00,00,00,00,00,00,
0,00000057,false,Rx,0,8,00,00,FE,FF,FE,FF,00,00,
29000,00000625,false,Rx,0,8,25,00,59,86,01,54,5C,06,
91000,0000060D,false,Rx,0,8,0D,10,83,B6,09,20,70,00,
130000,00000625,false,Rx,0,8,25,00,59,86,01,54,5C,06,
0,000002C4,false,Rx,0,8,09,20,00,00,CF,02,00,00,
0,000002C5,false,Rx,0,8,00,00,00,00,00,00,00,00,
142000,000002C6,false,Rx,0,8,32,00,7C,01,00,00,00,00,
191000,0000060D,false,Rx,0,8,0D,10,83,B6,09,20,70,00,
0,00000054,false,Rx,0,8,01,05,0B,01,CF,02,00,00,
0,00000055,false,Rx,0,8,10,27,00,00,00,00,00,00,
201000,00000056,false,Rx,0,8,10,27,00,00,00,00,00,00,
201000,00000057,false,Rx,0,8,00,00,FE,FF,FE,FF,00,00,
229000,00000625,false,Rx,0,8,25,00,59,86,01,54,5C,06,
291000,0000060D,false,Rx,0,8,0D,10,83,B6,09,20,70,00,
329000,00000625,false,Rx,0,8,25,00,59,86,01,54,5C,06,
360000,000002C4,false,Rx,0,8,09,20,00,00,CF,02,00,00,
360000,000002C5,false,Rx,0,8,00,00,00,00,00,00,00,00,
361000,000002C6,false,Rx,0,8,32,00,7C,01,00,00,00,00,
391000,0000060D,false,Rx,0,8,0D,10,83,B6,09,20,70,00,
0,00000054,false,Rx,0,8,01,05,0B,01,CF,02,00,00,
0,00000055,false,Rx,0,8,10,27,00,00,00,00,00,00,
401000,00000056,false,Rx,0,8,10,27,00,00,00,00,00,00,
402000,00000057,false,Rx,0,8,00,00,FE,FF,FE,FF,00,00,
430000,00000625,false,Rx,0,8,25,00,59,86,01,54,5C,06,
491000,0000060D,false,Rx,0,8,0D,10,83,B6,09,20,70,00,
529000,00000625,false,Rx,0,8,25,00,59,86,01,54,5C,06,
0,000002C4,false,Rx,0,8,09,20,00,00,CF,02,00,00,
0,000002C5,false,Rx,0,8,00,00,00,00,00,00,00,00,
581000,000002C6,false,Rx,0,8,32,00,7C,01,00,00,00,00,
591000,0000060D,false,Rx,0,8,0D,10,83,B6,09,20,70,00,
601000,00000054,false,Rx,0,8,01,05,0B,01,CF,02,00,00,
601000,00000055,false,Rx,0,8,10,27,00,00,00,00,00,00,
601000,00000056,false,Rx,0,8,10,27,00,00,00,00,00,00,
601000,00000057,false,Rx,0,8,00,00,FE,FF,FE,FF,00,00,
630000,00000625,false,Rx,0,8,25,00,59,86,01,54,5C,06,
692000,0000060D,false,Rx,0,8,0D,10,83,B6,09,20,70,00,
729000,00000625,false,Rx,0,8,25,00,59,86,01,54,5C,06,
791000,0000060D,false,Rx,0,8,0D,10,83,B6,09,20,70,00,
800000,000002C4,false,Rx,0,8,09,20,00,00,CF,02,00,00,
800000,00000054,false,Rx,0,8,01,05,0B,01,CF,02,00,00,
801000,000002C5,false,Rx,0,8,00,00,00,00,00,00,00,00,
801000,00000055,false,Rx,0,8,10,27,00,00,00,00,00,00,
801000,000002C6,false,Rx,0,8,32,00,7C,01,00,00,00,00,
801000,00000056,false,Rx,0,8,10,27,00,00,00,00,00,00,
802000,00000057,false,Rx,0,8,00,00,FE,FF,FE,FF,00,00,
830000,00000625,false,Rx,0,8,25,00,59,86,01,54,5C,06,
891000,0000060D,false,Rx,0,8,0D,10,83,B6,09,20,70,00,
930000,00000625,false,Rx,0,8,25,00,59,86,01,54,5C,06,
991000,0000060D,false,Rx,0,8,0D,10,83,B6,09,20,70,00,
0,00000054,false,Rx,0,8,01,05,0B,01,CF,02,00,00,
0,00000055,false,Rx,0,8,10,27,00,00,00,00,00,00,
1000,00000056,false,Rx,0,8,10,27,00,00,00,00,00,00,
3000,00000057,false,Rx,0,8,00,00,FE,FF,FE,FF,00,00,
21000,000002C4,false,Rx,0,8,09,20,00,00,CF,02,00,00,
21000,000002C5,false,Rx,0,8,00,00,00,00,00,00,00,00,
21000,000002C6,false,Rx,0,8,32,00,7C,01,00,00,00,00,
29000,00000625,false,Rx,0,8,25,00,59,86,01,54,5C,06,
92000,0000060D,false,Rx,0,8,0D,10,83,B6,09,20,70,00,
129000,00000625,false,Rx,0,8,25,00,59,86,01,54,5C,06,
192000,0000060D,false,Rx,0,8,0D,10,83,B6,09,20,70,00,
201000,00000054,false,Rx,0,8,01,05,0B,01,CF,02,00,00,
201000,00000055,false,Rx,0,8,10,27,00,00,00,00,00,00,
201000,00000056,false,Rx,0,8,10,27,00,00,00,00,00,00,
202000,00000057,false,Rx,0,8,00,00,FE,FF,FE,FF,00,00,
230000,00000625,false,Rx,0,8,25,00,59,86,01,54,5C,06,
241000,000002C4,false,Rx,0,8,09,20,00,00,CF,02,00,00,
241000,000002C5,false,Rx,0,8,00,00,00,00,00,00,00,00,
241000,000002C6,false,Rx,0,8,32,00,7C,01,00,00,00,00,
291000,0000060D,false,Rx,0,8,0D,10,83,B6,09,20,70,00,
330000,00000625,false,Rx,0,8,25,00,59,86,01,54,5C,06,
390000,0000060D,false,Rx,0,8,0D,10,83,B6,09,20,70,00,
401000,00000054,false,Rx,0,8,01,05,0B,01,CF,02,00,00,
401000,00000055,false,Rx,0,8,10,27,00,00,00,00,00,00,
401000,00000056,false,Rx,0,8,10,27,00,00,00,00,00,00,
401000,00000057,false,Rx,0,8,00,00,FE,FF,FE,FF,00,00,
430000,00000625,false,Rx,0,8,25,00,59,86,01,54,5C,06,
461000,000002C4,false,Rx,0,8,09,20,00,00,CF,02,00,00,
461000,000002C5,false,Rx,0,8,00,00,00,00,00,00,00,00,
461000,000002C6,false,Rx,0,8,32,00,7C,01,00,00,00,00,
491000,0000060D,false,Rx,0,8,0D,10,83,B6,09,20,70,00,
530000,00000625,false,Rx,0,8,25,00,59,86,01,54,5C,06,
592000,0000060D,false,Rx,0,8,0D,10,83,B6,09,20,70,00,
0,00000054,false,Rx,0,8,01,05,0B,01,CF,02,00,00,
0,00000055,false,Rx,0,8,10,27,00,00,00,00,00,00,
601000,00000056,false,Rx,0,8,10,27,00,00,00,00,00,00,
602000,00000057,false,Rx,0,8,00,00,FE,FF,FE,FF,00,00,
630000,00000625,false,Rx,0,8,25,00,59,86,01,54,5C,06,
680000,000002C4,false,Rx,0,8,09,20,00,00,CF,02,00,00,
681000,000002C5,false,Rx,0,8,00,00,00,00,00,00,00,00,
681000,000002C6,false,Rx,0,8,32,00,7C,01,00,00,00,00,
691000,0000060D,false,Rx,0,8,0D,10,83,B6,09,20,70,00,
729000,00000625,false,Rx,0,8,25,00,59,86,01,54,5C,06,
791000,0000060D,false,Rx,0,8,0D,10,83,B6,09,20,70,00,
801000,00000054,false,Rx,0,8,01,05,0B,01,CF,02,00,00,
801000,00000055,false,Rx,0,8,10,27,00,00,00,00,00,00,
801000,00000056,false,Rx,0,8,10,27,00,00,00,00,00,00,
801000,00000057,false,Rx,0,8,00,00,FE,FF,FE,FF,00,00,
830000,00000625,false,Rx,0,8,25,00,59,86,01,54,5C,06,
892000,0000060D,false,Rx,0,8,0D,10,83,B6,09,20,70,00,
0,000002C4,false,Rx,0,8,09,20,00,00,CF,02,00,00,
0,000002C5,false,Rx,0,8,00,00,00,00,00,00,00,00,
901000,000002C6,false,Rx,0,8,32,00,7C,01,00,00,00,00,
930000,00000625,false,Rx,0,8,25,00,59,86,01,54,5C,06,
992000,0000060D,false,Rx,0,8,0D,10,83,B6,09,20,70,00,
0,00000054,false,Rx,0,8,01,05,0B,01,CF,02,00,00,
0,00000055,false,Rx,0,8,10,27,00,00,00,00,00,00,
0,00000056,false,Rx,0,8,10,27,00,00,00,00,00,00,
0,00000057,false,Rx,0,8,00,00,FE,FF,FE,FF,00,00,
30000,00000625,false,Rx,0,8,25,00,59,86,01,54,5C,06,
91000,0000060D,false,Rx,0,8,0D,10,83,B6,09,20,70,00,
121000,000002C4,false,Rx,0,8,09,20,00,00,CF,02,00,00,
121000,000002C5,false,Rx,0,8,00,00,00,00,00,00,00,00,
121000,000002C6,false,Rx,0,8,32,00,7C,01,00,00,00,00,
130000,00000625,false,Rx,0,8,25,00,59,86,01,54,5C,06,
191000,0000060D,false,Rx,0,8,0D,10,83,B6,09,20,70,00,
201000,00000054,false,Rx,0,8,01,05,0B,01,CF,02,00,00,
201000,00000055,false,Rx,0,8,10,27,00,00,00,00,00,00,
201000,00000056,false,Rx,0,8,10,27,00,00,00,00,00,00,
201000,00000057,false,Rx,0,8,00,00,FE,FF,FE,FF,00,00,
230000,00000625,false,Rx,0,8,25,00,59,86,01,54,5C,06,
291000,0000060D,false,Rx,0,8,0D,10,83,B6,09,20,70,00,
329000,00000625,false,Rx,0,8,25,00,59,86,01,54,5C,06,
341000,000002C4,false,Rx,0,8,09,20,00,00,CF,02,00,00,
341000,000002C5,false,Rx,0,8,00,00,00,00,00,00,00,00,
341000,000002C6,false,Rx,0,8,32,00,7C,01,00,00,00,00,
392000,0000060D,false,Rx,0,8,0D,10,83,B6,09,20,70,00,
0,00000054,false,Rx,0,8,01,05,0B,01,CF,02,00,00,
0,00000055,false,Rx,0,8,10,27,00,00,00,00,00,00,
401000,00000056,false,Rx,0,8,10,27,00,00,00,00,00,00,
402000,00000057,false,Rx,0,8,00,00,FE,FF,FE,FF,00,00,
430000,00000625,false,Rx,0,8,25,00,59,86,01,54,5C,06,
491000,0000060D,false,Rx,0,8,0D,10,83,B6,09,20,70,00,
530000,00000625,false,Rx,0,8,25,00,59,86,01,54,5C,06,
560000,000002C4,false,Rx,0,8,09,20,00,00,CF,02,00,00,
560000,000002C5,false,Rx,0,8,00,00,00,00,00,00,00,00,
561000,000002C6,false,Rx,0,8,32,00,7C,01,00,00,00,00,
590000,0000060D,false,Rx,0,8,0D,10,83,B6,09,20,70,00,
601000,00000054,false,Rx,0,8,01,05,0B,01,CF,02,00,00,
601000,00000055,false,Rx,0,8,10,27,00,00,00,00,00,00,
601000,00000056,false,Rx,0,8,10,27,00,00,00,00,00,00,
601000,00000057,false,Rx,0,8,00,00,FE,FF,FE,FF,00,00,
630000,00000625,false,Rx,0,8,25,00,59,86,01,54,5C,06,
691000,0000060D,false,Rx,0,8,0D,10,83,B6,09,20,70,00,
730000,00000625,false,Rx,0,8,25,00,59,86,01,54,5C,06,
780000,000002C4,false,Rx,0,8,09,20,00,00,CF,02,00,00,
780000,000002C5,false,Rx,0,8,00,00,00,00,00,00,00,00,
781000,000002C6,false,Rx,0,8,32,00,7C,01,00,00,00,00,
791000,0000060D,false,Rx,0,8,0D,10,83,B6,09,20,70,00,
801000,00000054,false,Rx,0,8,01,05,0B,01,CF,02,00,00,
801000,00000055,false,Rx,0,8,10,27,00,00,00,00,00,00,
802000,00000056,false,Rx,0,8,10,27,00,00,00,00,00,00,
802000,00000057,false,Rx,0,8,00,00,FE,FF,FE,FF,00,00,
830000,00000625,false,Rx,0,8,25,00,59,86,01,54,5C,06,
891000,0000060D,false,Rx,0,8,0D,10,83,B6,09,20,70,00,
929000,00000625,false,Rx,0,8,25,00,59,86,01,54,5C,06,
991000,0000060D,false,Rx,0,8,0D,10,83,B6,09,20,70,00,
0,000002C4,false,Rx,0,8,09,20,00,00,CF,02,00,00,
0,00000054,false,Rx,0,8,01,05,0B,01,CF,02,00,00,
0,000002C5,false,Rx,0,8,00,00,00,00,00,00,00,00,
0,00000055,false,Rx,0,8,10,27,00,00,00,00,00,00,
0,000002C6,false,Rx,0,8,32,00,7C,01,00,00,00,00,
1000,00000056,false,Rx,0,8,10,27,00,00,00,00,00,00,
2000,00000057,false,Rx,0,8,00,00,FE,FF,FE,FF,00,00,
29000,00000625,false,Rx,0,8,25,00,59,86,01,54,5C,06,
91000,0000060D,false,Rx,0,8,0D,10,83,B6,09,20,70,00,
129000,00000625,false,Rx,0,8,25,00,59,86,01,54,5C,06,
192000,0000060D,false,Rx,0,8,0D,10,83,B6,09,20,70,00,
0,00000054,false,Rx,0,8,01,05,0B,01,CF,02,00,00,
0,00000055,false,Rx,0,8,10,27,00,00,00,00,00,00,
202000,00000056,false,Rx,0,8,10,27,00,00,00,00,00,00,
202000,00000057,false,Rx,0,8,00,00,FE,FF,FE,FF,00,00,
0,000002C4,false,Rx,0,8,09,20,00,00,CF,02,00,00,
0,000002C5,false,Rx,0,8,00,00,00,00,00,00,00,00,
0,000002C6,false,Rx,0,8,32,00,7C,01,00,00,00,00,
229000,00000625,false,Rx,0,8,25,00,59,86,01,54,5C,06,
291000,0000060D,false,Rx,0,8,0D,10,83,B6,09,20,70,00,
329000,00000625,false,Rx,0,8,25,00,59,86,01,54,5C,06,
391000,0000060D,false,Rx,0,8,0D,10,83,B6,09,20,70,00,
401000,00000054,false,Rx,0,8,01,05,0B,01,CF,02,00,00,
401000,00000055,false,Rx,0,8,10,27,00,00,00,00,00,00,
401000,00000056,false,Rx,0,8,10,27,00,00,00,00,00,00,
402000,00000057,false,Rx,0,8,00,00,FE,FF,FE,FF,00,00,
430000,00000625,false,Rx,0,8,25,00,59,86,01,54,5C,06,
441000,000002C4,false,Rx,0,8,09,20,00,00,CF,02,00,00,
441000,000002C5,false,Rx,0,8,00,00,00,00,00,00,00,00,
442000,000002C6,false,Rx,0,8,32,00,7C,01,00,00,00,00,
491000,0000060D,false,Rx,0,8,0D,10,83,B6,09,20,70,00,
530000,00000625,false,Rx,0,8,25,00,59,86,01,54,5C,06,
591000,0000060D,false,Rx,0,8,0D,10,83,B6,09,20,70,00,
0,00000054,false,Rx,0,8,01,05,0B,01,CF,02,00,00,
0,00000055,false,Rx,0,8,10,27,00,00,00,00,00,00,
601000,00000056,false,Rx,0,8,10,27,00,00,00,00,00,00,
602000,00000057,false,Rx,0,8,00,00,FE,FF,FE,FF,00,00,
630000,00000625,false,Rx,0,8,25,00,59,86,01,54,5C,06,
660000,000002C4,false,Rx,0,8,09,20,00,00,CF,02,00,00,
660000,000002C5,false,Rx,0,8,00,00,00,00,00,00,00,00,
661000,000002C6,false,Rx,0,8,32,00,7C,01,00,00,00,00,
691000,0000060D,false,Rx,0,8,0D,10,83,B6,09,20,70,00,
730000,00000625,false,Rx,0,8,25,00,59,86,01,54,5C,06,
791000,0000060D,false,Rx,0,8,0D,10,83,B6,09,20,70,00,
801000,00000054,false,Rx,0,8,01,05,0B,01,CF,02,00,00,
801000,00000055,false,Rx,0,8,10,27,00,00,00,00,00,00,
0,00000056,false,Rx,0,8,10,27,00,00,00,00,00,00,
0,00000057,false,Rx,0,8,00,00,FE,FF,FE,FF,00,00,
830000,00000625,false,Rx,0,8,25,00,59,86,01,54,5C,06,
880000,000002C4,false,Rx,0,8,09,20,00,00,CF,02,00,00,
880000,000002C5,false,Rx,0,8,00,00,00,00,00,00,00,00,
881000,000002C6,false,Rx,0,8,32,00,7C,01,00,00,00,00,
891000,0000060D,false,Rx,0,8,0D,10,83,B6,09,20,70,00,
930000,00000625,false,Rx,0,8,25,00,59,86,01,54,5C,06,
991000,0000060D,false,Rx,0,8,0D,10,83,B6,09,20,70,00,
0,00000054,false,Rx,0,8,01,05,0B,01,CF,02,00,00,
0,00000055,false,Rx,0,8,10,27,00,00,00,00,00,00,
1000,00000056,false,Rx,0,8,10,27,00,00,00,00,00,00,
3000,00000057,false,Rx,0,8,00,00,FE,FF,FE,FF,00,00,
29000,00000625,false,Rx,0,8,25,00,59,86,01,54,5C,06,
91000,0000060D,false,Rx,0,8,0D,10,83,B6,09,20,70,00,
101000,000002C4,false,Rx,0,8,09,20,00,00,CF,02,00,00,
101000,000002C5,false,Rx,0,8,00,00,00,00,00,00,00,00,
101000,000002C6,false,Rx,0,8,32,00,7C,01,00,00,00,00,
129000,00000625,false,Rx,0,8,25,00,59,86,01,54,5C,06,
192000,0000060D,false,Rx,0,8,0D,10,83,B6,09,20,70,00,
201000,00000054,false,Rx,0,8,01,05,0B,01,CF,02,00,00,
201000,00000055,false,Rx,0,8,10,27,00,00,00,00,00,00,
0,00000056,false,Rx,0,8,10,27,00,00,00,00,00,00,
0,00000057,false,Rx,0,8,00,00,FE,FF,FE,FF,00,00,
230000,00000625,false,Rx,0,8,25,00,59,86,01,54,5C,06,
291000,0000060D,false,Rx,0,8,0D,10,83,B6,09,20,70,00,
321000,000002C4,false,Rx,0,8,09,20,00,00,CF,02,00,00,
321000,000002C5,false,Rx,0,8,00,00,00,00,00,00,00,00,
321000,000002C6,false,Rx,0,8,32,00,7C,01,00,00,00,00,
329000,00000625,false,Rx,0,8,25,00,59,86,01,54,5C,06,
392000,0000060D,false,Rx,0,8,0D,10,83,B6,09,20,70,00,
0,00000054,false,Rx,0,8,01,05,0B,01,CF,02,00,00,
0,00000055,false,Rx,0,8,10,27,00,00,00,00,00,00,
402000,00000056,false,Rx,0,8,10,27,00,00,00,00,00,00,
403000,00000057,false,Rx,0,8,00,00,FE,FF,FE,FF,00,00,
430000,00000625,false,Rx,0,8,25,00,59,86,01,54,5C,06,
491000,0000060D,false,Rx,0,8,0D,10,83,B6,09,20,70,00,
530000,00000625,false,Rx,0,8,25,00,59,86,01,54,5C,06,
540000,000002C4,false,Rx,0,8,09,20,00,00,CF,02,00,00,
541000,000002C5,false,Rx,0,8,00,00,00,00,00,00,00,00,
541000,000002C6,false,Rx,0,8,32,00,7C,01,00,00,00,00,
590000,0000060D,false,Rx,0,8,0D,10,83,B6,09,20,70,00,
601000,00000054,false,Rx,0,8,01,05,0B,01,CF,02,00,00,
601000,00000055,false,Rx,0,8,10,27,00,00,00,00,00,00,
601000,00000056,false,Rx,0,8,10,27,00,00,00,00,00,00,
602000,00000057,false,Rx,0,8,00,00,FE,FF,FE,FF,00,00,
629000,00000625,false,Rx,0,8,25,00,59,86,01,54,5C,06,
691000,0000060D,false,Rx,0,8,0D,10,83,B6,09,20,70,00,
729000,00000625,false,Rx,0,8,25,00,59,86,01,54,5C,06,
0,000002C4,false,Rx,0,8,09,20,00,00,CF,02,00,00,
0,000002C5,false,Rx,0,8,00,00,00,00,00,00,00,00,
761000,000002C6,false,Rx,0,8,32,00,7C,01,00,00,00,00,
791000,0000060D,false,Rx,0,8,0D,10,83,B6,09,20,70,00,
801000,00000054,false,Rx,0,8,01,05,0B,01,CF,02,00,00,
801000,00000055,false,Rx,0,8,10,27,00,00,00,00,00,00,
802000,00000056,false,Rx,0,8,10,27,00,00,00,00,00,00,
802000,00000057,false,Rx,0,8,00,00,FE,FF,FE,FF,00,00,
830000,00000625,false,Rx,0,8,25,00,59,86,01,54,5C,06,
891000,0000060D,false,Rx,0,8,0D,10,83,B6,09,20,70,00,
929000,00000625,false,Rx,0,8,25,00,59,86,01,54,5C,06,
981000,000002C4,false,Rx,0,8,09,20,00,00,CF,02,00,00,
981000,000002C5,false,Rx,0,8,00,00,00,00,00,00,00,00,
983000,000002C6,false,Rx,0,8,32,00,7C,01,00,00,00,00,
991000,0000060D,false,Rx,0,8,0D,10,83,B6,09,20,70,00,
1000,00000054,false,Rx,0,8,01,05,0B,01,CF,02,00,00,
1000,00000055,false,Rx,0,8,10,27,00,00,00,00,00,00,
2000,00000056,false,Rx,0,8,10,27,00,00,00,00,00,00,
2000,00000057,false,Rx,0,8,00,00,FE,FF,FE,FF,00,00,
30000,00000625,false,Rx,0,8,25,00,59,86,01,54,5C,06,
91000,0000060D,false,Rx,0,8,0D,10,83,B6,09,20,70,00,
129000,00000625,false,Rx,0,8,25,00,59,86,01,54,5C,06,
191000,0000060D,false,Rx,0,8,0D,10,83,B6,09,20,70,00,
201000,000002C4,false,Rx,0,8,09,20,00,00,CF,02,00,00,
201000,00000054,false,Rx,0,8,01,05,0B,01,CF,02,00,00,
201000,000002C5,false,Rx,0,8,00,00,00,00,00,00,00,00,
201000,00000055,false,Rx,0,8,10,27,00,00,00,00,00,00,
201000,000002C6,false,Rx,0,8,32,00,7C,01,00,00,00,00,
0,00000056,false,Rx,0,8,10,27,00,00,00,00,00,00,
0,00000057,false,Rx,0,8,00,00,FE,FF,FE,FF,00,00,
230000,00000625,false,Rx,0,8,25,00,59,86,01,54,5C,06,
290000,0000060D,false,Rx,0,8,0D,10,83,B6,09,20,70,00,
329000,00000625,false,Rx,0,8,25,00,59,86,01,54,5C,06,
392000,0000060D,false,Rx,0,8,0D,10,83,B6,09,20,70,00,
400000,00000054,false,Rx,0,8,01,05,0B,01,CF,02,00,00,
401000,00000055,false,Rx,0,8,10,27,00,00,00,00,00,00,
401000,00000056,false,Rx,0,8,10,27,00,00,00,00,00,00,
401000,00000057,false,Rx,0,8,00,00,FE,FF,FE,FF,00,00,
421000,000002C4,false,Rx,0,8,09,20,00,00,CF,02,00,00,
421000,000002C5,false,Rx,0,8,00,00,00,00,00,00,00,00,
422000,000002C6,false,Rx,0,8,32,00,7C,01,00,00,00,00,
430000,00000625,false,Rx,0,8,25,00,59,86,01,54,5C,06,
491000,0000060D,false,Rx,0,8,0D,10,83,B6,09,20,70,00,
530000,00000625,false,Rx,0,8,25,00,59,86,01,54,5C,06,
591000,0000060D,false,Rx,0,8,0D,10,83,B6,09,20,70,00,
601000,00000054,false,Rx,0,8,01,05,0B,01,CF,02,00,00,
601000,00000055,false,Rx,0,8,10,27,00,00,00,00,00,00,
601000,00000056,false,Rx,0,8,10,27,00,00,00,00,00,00,
602000,00000057,false,Rx,0,8,00,00,FE,FF,FE,FF,00,00,
629000,00000625,false,Rx,0,8,25,00,59,86,01,54,5C,06,
0,000002C4,false,Rx,0,8,09,20,00,00,CF,02,00,00,
0,000002C5,false,Rx,0,8,00,00,00,00,00,00,00,00,
641000,000002C6,false,Rx,0,8,32,00,7C,01,00,00,00,00,
691000,0000060D,false,Rx,0,8,0D,10,83,B6,09,20,70,00,
729000,00000625,false,Rx,0,8,25,00,59,86,01,54,5C,06,
791000,0000060D,false,Rx,0,8,0D,10,83,B6,09,20,70,00,
800000,00000054,false,Rx,0,8,01,05,0B,01,CF,02,00,00,
0,00000055,false,Rx,0,8,10,27,00,00,00,00,00,00,
0,00000056,false,Rx,0,8,10,27,00,00,00,00,00,00,
801000,00000057,false,Rx,0,8,00,00,FE,FF,FE,FF,00,00,
829000,00000625,false,Rx,0,8,25,00,59,86,01,54,5C,06,
860000,000002C4,false,Rx,0,8,09,20,00,00,CF,02,00,00,
861000,000002C5,false,Rx,0,8,00,00,00,00,00,00,00,00,
861000,000002C6,false,Rx,0,8,32,00,7C,01,00,00,00,00,
891000,0000060D,false,Rx,0,8,0D,10,83,B6,09,20,70,00,
930000,00000625,false,Rx,0,8,25,00,59,86,01,54,5C,06,
991000,0000060D,false,Rx,0,8,0D,10,83,B6,09,20,70,00,
0,00000054,false,Rx,0,8,01,05,0B,01,CF,02,00,00,
0,00000055,false,Rx,0,8,10,27,00,00,00,00,00,00,
2000,00000056,false,Rx,0,8,10,27,00,00,00,00,00,00,
2000,00000057,false,Rx,0,8,00,00,FE,FF,FE,FF,00,00,
30000,00000625,false,Rx,0,8,25,00,59,86,01,54,5C,06,
80000,000002C4,false,Rx,0,8,09,20,00,00,CF,02,00,00,
81000,000002C5,false,Rx,0,8,00,00,00,00,00,00,00,00,
81000,000002C6,false,Rx,0,8,32,00,7C,01,00,00,00,00,
91000,0000060D,false,Rx,0,8,0D,10,83,B6,09,20,70,00,
129000,00000625,false,Rx,0,8,25,00,59,86,01,54,5C,06,
191000,0000060D,false,Rx,0,8,0D,10,83,B6,09,20,70,00,
201000,00000054,false,Rx,0,8,01,05,0B,01,CF,02,00,00,
201000,00000055,false,Rx,0,8,10,27,00,00,00,00,00,00,
202000,00000056,false,Rx,0,8,10,27,00,00,00,00,00,00,
202000,00000057,false,Rx,0,8,00,00,FE,FF,FE,FF,00,00,
230000,00000625,false,Rx,0,8,25,00,59,86,01,54,5C,06,
291000,0000060D,false,Rx,0,8,0D,10,83,B6,09,20,70,00,
300000,000002C4,false,Rx,0,8,09,20,00,00,CF,02,00,00,
301000,000002C5,false,Rx,0,8,00,00,00,00,00,00,00,00,
301000,000002C6,false,Rx,0,8,32,00,7C,01,00,00,00,00,
330000,00000625,false,Rx,0,8,25,00,59,86,01,54,5C,06,
391000,0000060D,false,Rx,0,8,0D,10,83,B6,09,20,70,00,
401000,00000054,false,Rx,0,8,01,05,0B,01,CF,02,00,00,
401000,00000055,false,Rx,0,8,10,27,00,00,00,00,00,00,
401000,00000056,false,Rx,0,8,10,27,00,00,00,00,00,00,
401000,00000057,false,Rx,0,8,00,00,FE,FF,FE,FF,00,00,
429000,00000625,false,Rx,0,8,25,00,59,86,01,54,5C,06,
492000,0000060D,false,Rx,0,8,0D,10,83,B6,09,20,70,00,
520000,000002C4,false,Rx,0,8,09,20,00,00,CF,02,00,00,
521000,000002C5,false,Rx,0,8,00,00,00,00,00,00,00,00,
521000,000002C6,false,Rx,0,8,32,00,7C,01,00,00,00,00,
530000,00000625,false,Rx,0,8,25,00,59,86,01,54,5C,06,
592000,0000060D,false,Rx,0,8,0D,10,83,B6,09,20,70,00,
601000,00000054,false,Rx,0,8,01,05,0B,01,CF,02,00,00,
601000,00000055,false,Rx,0,8,10,27,00,00,00,00,00,00,
602000,00000056,false,Rx,0,8,10,27,00,00,00,00,00,00,
602000,00000057,false,Rx,0,8,00,00,FE,FF,FE,FF,00,00,
630000,00000625,false,Rx,0,8,25,00,59,86,01,54,5C,06,
691000,0000060D,false,Rx,0,8,0D,10,83,B6,09,20,70,00,
729000,00000625,false,Rx,0,8,25,00,59,86,01,54,5C,06,
741000,000002C4,false,Rx,0,8,09,20,00,00,CF,02,00,00,
741000,000002C5,false,Rx,0,8,00,00,00,00,00,00,00,00,
741000,000002C6,false,Rx,0,8,32,00,7C,01,00,00,00,00,
792000,0000060D,false,Rx,0,8,0D,10,83,B6,09,20,70,00,
800000,00000054,false,Rx,0,8,01,05,0B,01,CF,02,00,00,
800000,00000055,false,Rx,0,8,10,27,00,00,00,00,00,00,
802000,00000056,false,Rx,0,8,10,27,00,00,00,00,00,00,
802000,00000057,false,Rx,0,8,00,00,FE,FF,FE,FF,00,00,
829000,00000625,false,Rx,0,8,25,00,59,86,01,54,5C,06,
891000,0000060D,false,Rx,0,8,0D,10,83,B6,09,20,70,00,
929000,00000625,false,Rx,0,8,25,00,59,86,01,54,5C,06,
0,000002C4,false,Rx,0,8,09,20,00,00,CF,02,00,00,
0,000002C5,false,Rx,0,8,00,00,00,00,00,00,00,00,
961000,000002C6,false,Rx,0,8,32,00,7C,01,00,00,00,00,
991000,0000060D,false,Rx,0,8,0D,10,83,B6,09,20,70,00,
0,00000054,false,Rx,0,8,01,05,0B,01,CF,02,00,00,
0,00000055,false,Rx,0,8,10,27,00,00,00,00,00,00,
1000,00000056,false,Rx,0,8,10,27,00,00,00,00,00,00,
2000,00000057,false,Rx,0,8,00,00,FE,FF,FE,FF,00,00,
29000,00000625,false,Rx,0,8,25,00,59,86,01,54,5C,06,
90000,0000060D,false,Rx,0,8,0D,10,83,B6,09,20,70,00,
129000,00000625,false,Rx,0,8,25,00,59,86,01,54,5C,06,
0,000002C4,false,Rx,0,8,09,20,00,00,CF,02,00,00,
0,000002C5,false,Rx,0,8,00,00,00,00,00,00,00,00,
182000,000002C6,false,Rx,0,8,32,00,7C,01,00,00,00,00,
190000,0000060D,false,Rx,0,8,0D,10,83,B6,09,20,70,00,
200000,00000054,false,Rx,0,8,01,05,0B,01,CF,02,00,00,
201000,00000055,false,Rx,0,8,10,27,00,00,00,00,00,00,
201000,00000056,false,Rx,0,8,10,27,00,00,00,00,00,00,
201000,00000057,false,Rx,0,8,00,00,FE,FF,FE,FF,00,00,
229000,00000625,false,Rx,0,8,25,00,59,86,01,54,5C,06,
291000,0000060D,false,Rx,0,8,0D,10,83,B6,09,20,70,00,
330000,00000625,false,Rx,0,8,25,00,59,86,01,54,5C,06,
392000,0000060D,false,Rx,0,8,0D,10,83,B6,09,20,70,00,
0,000002C4,false,Rx,0,8,09,20,00,00,CF,02,00,00,
0,00000054,false,Rx,0,8,01,05,0B,01,CF,02,00,00,
401000,000002C5,false,Rx,0,8,00,00,00,00,00,00,00,00,
0,00000055,false,Rx,0,8,10,27,00,00,00,00,00,00,
0,000002C6,false,Rx,0,8,32,00,7C,01,00,00,00,00,
0,00000056,false,Rx,0,8,10,27,00,00,00,00,00,00,
0,00000057,false,Rx,0,8,00,00,FE,FF,FE,FF,00,00,
430000,00000625,false,Rx,0,8,25,00,59,86,01,54,5C,06,
491000,0000060D,false,Rx,0,8,0D,10,83,B6,09,20,70,00,
530000,00000625,false,Rx,0,8,25,00,59,86,01,54,5C,06,
591000,0000060D,false,Rx,0,8,0D,10,83,B6,09,20,70,00,
601000,00000054,false,Rx,0,8,01,05,0B,01,CF,02,00,00,
601000,00000055,false,Rx,0,8,10,27,00,00,00,00,00,00,
601000,00000056,false,Rx,0,8,10,27,00,00,00,00,00,00,
602000,00000057,false,Rx,0,8,00,00,FE,FF,FE,FF,00,00,
0,000002C4,false,Rx,0,8,09,20,00,00,CF,02,00,00,
0,000002C5,false,Rx,0,8,00,00,00,00,00,00,00,00,
622000,000002C6,false,Rx,0,8,32,00,7C,01,00,00,00,00,
629000,00000625,false,Rx,0,8,25,00,59,86,01,54,5C,06,
691000,0000060D,false,Rx,0,8,0D,10,83,B6,09,20,70,00,
730000,00000625,false,Rx,0,8,25,00,59,86,01,54,5C,06,
791000,0000060D,false,Rx,0,8,0D,10,83,B6,09,20,70,00,
0,00000054,false,Rx,0,8,01,05,0B,01,CF,02,00,00,
0,00000055,false,Rx,0,8,10,27,00,00,00,00,00,00,
802000,00000056,false,Rx,0,8,10,27,00,00,00,00,00,00,
803000,00000057,false,Rx,0,8,00,00,FE,FF,FE,FF,00,00,
830000,00000625,false,Rx,0,8,25,00,59,86,01,54,5C,06,
0,000002C4,false,Rx,0,8,09,20,00,00,CF,02,00,00,
0,000002C5,false,Rx,0,8,00,00,00,00,00,00,00,00,
841000,000002C6,false,Rx,0,8,32,00,7C,01,00,00,00,00,
891000,0000060D,false,Rx,0,8,0D,10,83,B6,09,20,70,00,
929000,00000625,false,Rx,0,8,25,00,59,86,01,54,5C,06,
991000,0000060D,false,Rx,0,8,0D,10,83,B6,09,20,70,00,
0,00000054,false,Rx,0,8,01,05,0B,01,CF,02,00,00,
0,00000055,false,Rx,0,8,10,27,00,00,00,00,00,00,
0,00000056,false,Rx,0,8,10,27,00,00,00,00,00,00,
0,00000057,false,Rx,0,8,00,00,FE,FF,FE,FF,00,00,
29000,00000625,false,Rx,0,8,25,00,59,86,01,54,5C,06,
60000,000002C4,false,Rx,0,8,09,20,00,00,CF,02,00,00,
60000,000002C5,false,Rx,0,8,00,00,00,00,00,00,00,00,
61000,000002C6,false,Rx,0,8,32,00,7C,01,00,00,00,00,
91000,0000060D,false,Rx,0,8,0D,10,83,B6,09,20,70,00,
130000,00000625,false,Rx,0,8,25,00,59,86,01,54,5C,06,
191000,0000060D,false,Rx,0,8,0D,10,83,B6,09,20,70,00,
0,00000054,false,Rx,0,8,01,05,0B,01,CF,02,00,00,
0,00000055,false,Rx,0,8,10,27,00,00,00,00,00,00,
202000,00000056,false,Rx,0,8,10,27,00,00,00,00,00,00,
202000,00000057,false,Rx,0,8,00,00,FE,FF,FE,FF,00,00,
230000,00000625,false,Rx,0,8,25,00,59,86,01,54,5C,06,
281000,000002C4,false,Rx,0,8,09,20,00,00,CF,02,00,00,
281000,000002C5,false,Rx,0,8,00,00,00,00,00,00,00,00,
282000,000002C6,false,Rx,0,8,32,00,7C,01,00,00,00,00,
291000,0000060D,false,Rx,0,8,0D,10,83,B6,09,20,70,00,
329000,00000625,false,Rx,0,8,25,00,59,86,01,54,5C,06,
392000,0000060D,false,Rx,0,8,0D,10,83,B6,09,20,70,00,
0,00000054,false,Rx,0,8,01,05,0B,01,CF,02,00,00,
0,00000055,false,Rx,0,8,10,27,00,00,00,00,00,00,
401000,00000056,false,Rx,0,8,10,27,00,00,00,00,00,00,
402000,00000057,false,Rx,0,8,00,00,FE,FF,FE,FF,00,00,
429000,00000625,false,Rx,0,8,25,00,59,86,01,54,5C,06,
491000,0000060D,false,Rx,0,8,0D,10,83,B6,09,20,70,00,
0,000002C4,false,Rx,0,8,09,20,00,00,CF,02,00,00,
0,000002C5,false,Rx,0,8,00,00,00,00,00,00,00,00,
501000,000002C6,false,Rx,0,8,32,00,7C,01,00,00,00,00,
530000,00000625,false,Rx,0,8,25,00,59,86,01,54,5C,06,
590000,0000060D,false,Rx,0,8,0D,10,83,B6,09,20,70,00,
601000,00000054,false,Rx,0,8,01,05,0B,01,CF,02,00,00,
601000,00000055,false,Rx,0,8,10,27,00,00,00,00,00,00,
601000,00000056,false,Rx,0,8,10,27,00,00,00,00,00,00,
602000,00000057,false,Rx,0,8,00,00,FE,FF,FE,FF,00,00,
630000,00000625,false,Rx,0,8,25,00,59,86,01,54,5C,06,
691000,0000060D,false,Rx,0,8,0D,10,83,B6,09,20,70,00,
721000,000002C4,false,Rx,0,8,09,20,00,00,CF,02,00,00,
721000,000002C5,false,Rx,0,8,00,00,00,00,00,00,00,00,
721000,000002C6,false,Rx,0,8,32,00,7C,01,00,00,00,00,
729000,00000625,false,Rx,0,8,25,00,59,86,01,54,5C,06,
790000,0000060D,false,Rx,0,8,0D,10,83,B6,09,20,70,00,
801000,00000054,false,Rx,0,8,01,05,0B,01,CF,02,00,00,
801000,00000055,false,Rx,0,8,10,27,00,00,00,00,00,00,
801000,00000056,false,Rx,0,8,10,27,00,00,00,00,00,00,
802000,00000057,false,Rx,0,8,00,00,FE,FF,FE,FF,00,00,
830000,00000625,false,Rx,0,8,25,00,59,86,01,54,5C,06,
891000,0000060D,false,Rx,0,8,0D,10,83,B6,09,20,70,00,
929000,00000625,false,Rx,0,8,25,00,59,86,01,54,5C,06,
940000,000002C4,false,Rx,0,8,09,20,00,00,CF,02,00,00,
940000,000002C5,false,Rx,0,8,00,00,00,00,00,00,00,00,
941000,000002C6,false,Rx,0,8,32,00,7C,01,00,00,00,00,
991000,0000060D,false,Rx,0,8,0D,10,83,B6,09,20,70,00,
1000,00000054,false,Rx,0,8,01,05,0B,01,CF,02,00,00,
1000,00000055,false,Rx,0,8,10,27,00,00,00,00,00,00,
2000,00000056,false,Rx,0,8,10,27,00,00,00,00,00,00,
2000,00000057,false,Rx,0,8,00,00,FE,FF,FE,FF,00,00,
30000,00000625,false,Rx,0,8,25,00,59,86,01,54,5C,06,
91000,0000060D,false,Rx,0,8,0D,10,83,B6,09,20,70,00,
129000,00000625,false,Rx,0,8,25,00,59,86,01,54,5C,06,
160000,000002C4,false,Rx,0,8,09,20,00,00,CF,02,00,00,
161000,000002C5,false,Rx,0,8,00,00,00,00,00,00,00,00,
161000,000002C6,false,Rx,0,8,32,00,7C,01,00,00,00,00,
191000,0000060D,false,Rx,0,8,0D,10,83,B6,09,20,70,00,
200000,00000054,false,Rx,0,8,01,05,0B,01,CF,02,00,00,
201000,00000055,false,Rx,0,8,10,27,00,00,00,00,00,00,
201000,00000056,false,Rx,0,8,10,27,00,00,00,00,00,00,
202000,00000057,false,Rx,0,8,00,00,FE,FF,FE,FF,00,00,
228000,00000625,false,Rx,0,8,25,00,59,86,01,54,5C,06,
291000,0000060D,false,Rx,0,8,0D,10,83,B6,09,20,70,00,
329000,00000625,false,Rx,0,8,25,00,59,86,01,54,5C,06,
381000,000002C4,false,Rx,0,8,09,20,00,00,CF,02,00,00,
381000,000002C5,false,Rx,0,8,00,00,00,00,00,00,00,00,
381000,000002C6,false,Rx,0,8,32,00,7C,01,00,00,00,00,
391000,0000060D,false,Rx,0,8,0D,10,83,B6,09,20,70,00,
0,00000054,false,Rx,0,8,01,05,0B,01,CF,02,00,00,
0,00000055,false,Rx,0,8,10,27,00,00,00,00,00,00,
401000,00000056,false,Rx,0,8,10,27,00,00,00,00,00,00,
402000,00000057,false,Rx,0,8,00,00,FE,FF,FE,FF,00,00,
430000,00000625,false,Rx,0,8,25,00,59,86,01,54,5C,06,
491000,0000060D,false,Rx,0,8,0D,10,83,B6,09,20,70,00,
530000,00000625,false,Rx,0,8,25,00,59,86,01,54,5C,06,
592000,0000060D,false,Rx,0,8,0D,10,83,B6,09,20,70,00,
601000,000002C4,false,Rx,0,8,09,20,00,00,CF,02,00,00,
601000,00000054,false,Rx,0,8,01,05,0B,01,CF,02,00,00,
601000,000002C5,false,Rx,0,8,00,00,00,00,00,00,00,00,
602000,00000055,false,Rx,0,8,10,27,00,00,00,00,00,00,
0,000002C6,false,Rx,0,8,32,00,7C,01,00,00,00,00,
0,00000056,false,Rx,0,8,10,27,00,00,00,00,00,00,
603000,00000057,false,Rx,0,8,00,00,FE,FF,FE,FF,00,00,
630000,00000625,false,Rx,0,8,25,00,59,86,01,54,5C,06,
691000,0000060D,false,Rx,0,8,0D,10,83,B6,09,20,70,00,
729000,00000625,false,Rx,0,8,25,00,59,86,01,54,5C,06,
791000,0000060D,false,Rx,0,8,0D,10,83,B6,09,20,70,00,
801000,00000054,false,Rx,0,8,01,05,0B,01,CF,02,00,00,
801000,00000055,false,Rx,0,8,10,27,00,00,00,00,00,00,
801000,00000056,false,Rx,0,8,10,27,00,00,00,00,00,00,
802000,00000057,false,Rx,0,8,00,00,FE,FF,FE,FF,00,00,
821000,000002C4,false,Rx,0,8,09,20,00,00,CF,02,00,00,
821000,000002C5,false,Rx,0,8,00,00,00,00,00,00,00,00,
822000,000002C6,false,Rx,0,8,32,00,7C,01,00,00,00,00,
830000,00000625,false,Rx,0,8,25,00,59,86,01,54,5C,06,
892000,0000060D,false,Rx,0,8,0D,10,83,B6,09,20,70,00,
929000,00000625,false,Rx,0,8,25,00,59,86,01,54,5C,06,
991000,0000060D,false,Rx,0,8,0D,10,83,B6,09,20,70,00,
1000,00000054,false,Rx,0,8,01,05,0B,01,CF,02,00,00,
1000,00000055,false,Rx,0,8,10,27,00,00,00,00,00,00,
1000,00000056,false,Rx,0,8,10,27,00,00,00,00,00,00,
1000,00000057,false,Rx,0,8,00,00,FE,FF,FE,FF,00,00,
30000,00000625,false,Rx,0,8,25,00,59,86,01,54,5C,06,
40000,000002C4,false,Rx,0,8,09,20,00,00,CF,02,00,00,
40000,000002C5,false,Rx,0,8,00,00,00,00,00,00,00,00,
41000,000002C6,false,Rx,0,8,32,00,7C,01,00,00,00,00,
91000,0000060D,false,Rx,0,8,0D,10,83,B6,09,20,70,00,
130000,00000625,false,Rx,0,8,25,00,59,86,01,54,5C,06,
191000,0000060D,false,Rx,0,8,0D,10,83,B6,09,20,70,00,
0,00000054,false,Rx,0,8,01,05,0B,01,CF,02,00,00,
0,00000055,false,Rx,0,8,10,27,00,00,00,00,00,00,
0,00000056,false,Rx,0,8,10,27,00,00,00,00,00,00,
0,00000057,false,Rx,0,8,00,00,FE,FF,FE,FF,00,00,
230000,00000625,false,Rx,0,8,25,00,59,86,01,54,5C,06,
260000,000002C4,false,Rx,0,8,09,20,00,00,CF,02,00,00,
261000,000002C5,false,Rx,0,8,00,00,00,00,00,00,00,00,
261000,000002C6,false,Rx,0,8,32,00,7C,01,00,00,00,00,
291000,0000060D,false,Rx,0,8,0D,10,83,B6,09,20,70,00,
330000,00000625,false,Rx,0,8,25,00,59,86,01,54,5C,06,
391000,0000060D,false,Rx,0,8,0D,10,83,B6,09,20,70,00,
401000,00000054,false,Rx,0,8,01,05,0B,01,CF,02,00,00,
401000,00000055,false,Rx,0,8,10,27,00,00,00,00,00,00,
402000,00000056,false,Rx,0,8,10,27,00,00,00,00,00,00,
402000,00000057,false,Rx,0,8,00,00,FE,FF,FE,FF,00,00,
429000,00000625,false,Rx,0,8,25,00,59,86,01,54,5C,06,
481000,000002C4,false,Rx,0,8,09,20,00,00,CF,02,00,00,
481000,000002C5,false,Rx,0,8,00,00,00,00,00,00,00,00,
482000,000002C6,false,Rx,0,8,32,00,7C,01,00,00,00,00,
491000,0000060D,false,Rx,0,8,0D,10,83,B6,09,20,70,00,
529000,00000625,false,Rx,0,8,25,00,59,86,01,54,5C,06,
591000,0000060D,false,Rx,0,8,0D,10,83,B6,09,20,70,00,
601000,00000054,false,Rx,0,8,01,05,0B,01,CF,02,00,00,
601000,00000055,false,Rx,0,8,10,27,00,00,00,00,00,00,
601000,00000056,false,Rx,0,8,10,27,00,00,00,00,00,00,
602000,00000057,false,Rx,0,8,00,00,FE,FF,FE,FF,00,00,
630000,00000625,false,Rx,0,8,25,00,59,86,01,54,5C,06,
690000,0000060D,false,Rx,0,8,0D,10,83,B6,09,20,70,00,
0,000002C4,false,Rx,0,8,09,20,00,00,CF,02,00,00,
0,000002C5,false,Rx,0,8,00,00,00,00,00,00,00,00,
702000,000002C6,false,Rx,0,8,32,00,7C,01,00,00,00,00,
730000,00000625,false,Rx,0,8,25,00,59,86,01,54,5C,06,
791000,0000060D,false,Rx,0,8,0D,10,83,B6,09,20,70,00,
0,00000054,false,Rx,0,8,01,05,0B,01,CF,02,00,00,
0,00000055,false,Rx,0,8,10,27,00,00,00,00,00,00,
0,00000056,false,Rx,0,8,10,27,00,00,00,00,00,00,
0,00000057,false,Rx,0,8,00,00,FE,FF,FE,FF,00,00,
829000,00000625,false,Rx,0,8,25,00,59,86,01,54,5C,06,
891000,0000060D,false,Rx,0,8,0D,10,83,B6,09,20,70,00,
0,000002C4,false,Rx,0,8,09,20,00,00,CF,02,00,00,
0,000002C5,false,Rx,0,8,00,00,00,00,00,00,00,00,
0,000002C6,false,Rx,0,8,32,00,7C,01,00,00,00,00,
929000,00000625,false,Rx,0,8,25,00,59,86,01,54,5C,06,
991000,0000060D,false,Rx,0,8,0D,10,83,B6,09,20,70,00,
0,00000054,false,Rx,0,8,01,05,0B,01,CF,02,00,00,
0,00000055,false,Rx,0,8,10,27,00,00,00,00,00,00,
1000,00000056,false,Rx,0,8,10,27,00,00,00,00,00,00,
2000,00000057,false,Rx,0,8,00,00,FE,FF,FE,FF,00,00,
30000,00000625,false,Rx,0,8,25,00,59,86,01,54,5C,06,
91000,0000060D,false,Rx,0,8,0D,10,83,B6,09,20,70,00,
130000,00000625,false,Rx,0,8,25,00,59,86,01,54,5C,06,
0,000002C4,false,Rx,0,8,09,20,00,00,CF,02,00,00,
0,000002C5,false,Rx,0,8,00,00,00,00,00,00,00,00,
141000,000002C6,false,Rx,0,8,32,00,7C,01,00,00,00,00,
191000,0000060D,false,Rx,0,8,0D,10,83,B6,09,20,70,00,
201000,00000054,false,Rx,0,8,01,05,0B,01,CF,02,00,00,
201000,00000055,false,Rx,0,8,10,27,00,00,00,00,00,00,
201000,00000056,false,Rx,0,8,10,27,00,00,00,00,00,00,
202000,00000057,false,Rx,0,8,00,00,FE,FF,FE,FF,00,00,
230000,00000625,false,Rx,0,8,25,00,59,86,01,54,5C,06,
291000,0000060D,false,Rx,0,8,0D,10,83,B6,09,20,70,00,
329000,00000625,false,Rx,0,8,25,00,59,86,01,54,5C,06,
0,000002C4,false,Rx,0,8,09,20,00,00,CF,02,00,00,
0,000002C5,false,Rx,0,8,00,00,00,00,00,00,00,00,
362000,000002C6,false,Rx,0,8,32,00,7C,01,00,00,00,00,
391000,0000060D,false,Rx,0,8,0D,10,83,B6,09,20,70,00,
401000,00000054,false,Rx,0,8,01,05,0B,01,CF,02,00,00,
401000,00000055,false,Rx,0,8,10,27,00,00,00,00,00,00,
402000,00000056,false,Rx,0,8,10,27,00,00,00,00,00,00,
402000,00000057,false,Rx,0,8,00,00,FE,FF,FE,FF,00,00,
430000,00000625,false,Rx,0,8,25,00,59,86,01,54,5C,06,
491000,0000060D,false,Rx,0,8,0D,10,83,B6,09,20,70,00,
529000,00000625,false,Rx,0,8,25,00,59,86,01,54,5C,06,
581000,000002C4,false,Rx,0,8,09,20,00,00,CF,02,00,00,
581000,000002C5,false,Rx,0,8,00,00,00,00,00,00,00,00,
582000,000002C6,false,Rx,0,8,32,00,7C,01,00,00,00,00,
592000,0000060D,false,Rx,0,8,0D,10,83,B6,09,20,70,00,
601000,00000054,false,Rx,0,8,01,05,0B,01,CF,02,00,00,
601000,00000055,false,Rx,0,8,10,27,00,00,00,00,00,00,
601000,00000056,false,Rx,0,8,10,27,00,00,00,00,00,00,
602000,00000057,false,Rx,0,8,00,00,FE,FF,FE,FF,00,00,
630000,00000625,false,Rx,0,8,25,00,59,86,01,54,5C,06,
691000,0000060D,false,Rx,0,8,0D,10,83,B6,09,20,70,00,
730000,00000625,false,Rx,0,8,25,00,59,86,01,54,5C,06,
791000,0000060D,false,Rx,0,8,0D,10,83,B6,09,20,70,00,
800000,000002C4,false,Rx,0,8,09,20,00,00,CF,02,00,00,
800000,00000054,false,Rx,0,8,01,05,0B,01,CF,02,00,00,
801000,000002C5,false,Rx,0,8,00,00,00,00,00,00,00,00,
801000,00000055,false,Rx,0,8,10,27,00,00,00,00,00,00,
801000,000002C6,false,Rx,0,8,32,00,7C,01,00,00,00,00,
801000,00000056,false,Rx,0,8,10,27,00,00,00,00,00,00,
802000,00000057,false,Rx,0,8,00,00,FE,FF,FE,FF,00,00,
830000,00000625,false,Rx,0,8,25,00,59,86,01,54,5C,06,
892000,0000060D,false,Rx,0,8,0D,10,83,B6,09,20,70,00,
930000,00000625,false,Rx,0,8,25,00,59,86,01,54,5C,06,
991000,0000060D,false,Rx,0,8,0D,10,83,B6,09,20,70,00,
1000,00000054,false,Rx,0,8,01,05,0B,01,CF,02,00,00,
1000,00000055,false,Rx,0,8,10,27,00,00,00,00,00,00,
1000,00000056,false,Rx,0,8,10,27,00,00,00,00,00,00,
1000,00000057,false,Rx,0,8,00,00,FE,FF,FE,FF,00,00,
21000,000002C4,false,Rx,0,8,09,20,00,00,CF,02,00,00,
21000,000002C5,false,Rx,0,8,00,00,00,00,00,00,00,00,
22000,000002C6,false,Rx,0,8,32,00,7C,01,00,00,00,00,
30000,00000625,false,Rx,0,8,25,00,59,86,01,54,5C,06,
92000,0000060D,false,Rx,0,8,0D,10,83,B6,09,20,70,00,
129000,00000625,false,Rx,0,8,25,00,59,86,01,54,5C,06,
190000,0000060D,false,Rx,0,8,0D,10,83,B6,09,20,70,00,
0,00000054,false,Rx,0,8,01,05,0B,01,CF,02,00,00,
0,00000055,false,Rx,0,8,10,27,00,00,00,00,00,00,
201000,00000056,false,Rx,0,8,10,27,00,00,00,00,00,00,
201000,00000057,false,Rx,0,8,00,00,FE,FF,FE,FF,00,00,
230000,00000625,false,Rx,0,8,25,00,59,86,01,54,5C,06,
0,000002C4,false,Rx,0,8,09,20,00,00,CF,02,00,00,
0,000002C5,false,Rx,0,8,00,00,00,00,00,00,00,00,
241000,000002C6,false,Rx,0,8,32,00,7C,01,00,00,00,00,
291000,0000060D,false,Rx,0,8,0D,10,83,B6,09,20,70,00,
330000,00000625,false,Rx,0,8,25,00,59,86,01,54,5C,06,
391000,0000060D,false,Rx,0,8,0D,10,83,B6,09,20,70,00,
0,00000054,false,Rx,0,8,01,05,0B,01,CF,02,00,00,
0,00000055,false,Rx,0,8,10,27,00,00,00,00,00,00,
401000,00000056,false,Rx,0,8,10,27,00,00,00,00,00,00,
402000,00000057,false,Rx,0,8,00,00,FE,FF,FE,FF,00,00,
429000,00000625,false,Rx,0,8,25,00,59,86,01,54,5C,06,
460000,000002C4,false,Rx,0,8,09,20,00,00,CF,02,00,00,
461000,000002C5,false,Rx,0,8,00,00,00,00,00,00,00,00,
461000,000002C6,false,Rx,0,8,32,00,7C,01,00,00,00,00,
491000,0000060D,false,Rx,0,8,0D,10,83,B6,09,20,70,00,
530000,00000625,false,Rx,0,8,25,00,59,86,01,54,5C,06,
591000,0000060D,false,Rx,0,8,0D,10,83,B6,09,20,70,00,
601000,00000054,false,Rx,0,8,01,05,0B,01,CF,02,00,00,
601000,00000055,false,Rx,0,8,10,27,00,00,00,00,00,00,
601000,00000056,false,Rx,0,8,10,27,00,00,00,00,00,00,
601000,00000057,false,Rx,0,8,00,00,FE,FF,FE,FF,00,00,
630000,00000625,false,Rx,0,8,25,00,59,86,01,54,5C,06,
681000,000002C4,false,Rx,0,8,09,20,00,00,CF,02,00,00,
681000,000002C5,false,Rx,0,8,00,00,00,00,00,00,00,00,
681000,000002C6,false,Rx,0,8,32,00,7C,01,00,00,00,00,
692000,0000060D,false,Rx,0,8,0D,10,83,B6,09,20,70,00,
730000,00000625,false,Rx,0,8,25,00,59,86,01,54,5C,06,
791000,0000060D,false,Rx,0,8,0D,10,83,B6,09,20,70,00,
801000,00000054,false,Rx,0,8,01,05,0B,01,CF,02,00,00,
801000,00000055,false,Rx,0,8,10,27,00,00,00,00,00,00,
801000,00000056,false,Rx,0,8,10,27,00,00,00,00,00,00,
802000,00000057,false,Rx,0,8,00,00,FE,FF,FE,FF,00,00,
830000,00000625,false,Rx,0,8,25,00,59,86,01,54,5C,06,
891000,0000060D,false,Rx,0,8,0D,10,83,B6,09,20,70,00,
0,000002C4,false,Rx,0,8,09,20,00,00,CF,02,00,00,
0,000002C5,false,Rx,0,8,00,00,00,00,00,00,00,00,
902000,000002C6,false,Rx,0,8,32,00,7C,01,00,00,00,00,
930000,00000625,false,Rx,0,8,25,00,59,86,01,54,5C,06,
991000,0000060D,false,Rx,0,8,0D,10,83,B6,09,20,70,00,
0,00000054,false,Rx,0,8,01,05,0B,01,CF,02,00,00,
0,00000055,false,Rx,0,8,10,27,00,00,00,00,00,00,
1000,00000056,false,Rx,0,8,10,27,00,00,00,00,00,00,
1000,00000057,false,Rx,0,8,00,00,FE,FF,FE,FF,00,00,
30000,00000625,false,Rx,0,8,25,00,59,86,01,54,5C,06,
92000,0000060D,false,Rx,0,8,0D,10,83,B6,09,20,70,00,
0,000002C4,false,Rx,0,8,09,20,00,00,CF,02,00,00,
0,000002C5,false,Rx,0,8,00,00,00,00,00,00,00,00,
122000,000002C6,false,Rx,0,8,32,00,7C,01,00,00,00,00,
129000,00000625,false,Rx,0,8,25,00,59,86,01,54,5C,06,
190000,0000060D,false,Rx,0,8,0D,10,83,B6,09,20,70,00,
200000,00000054,false,Rx,0,8,01,05,0B,01,CF,02,00,00,
201000,00000055,false,Rx,0,8,10,27,00,00,00,00,00,00,
201000,00000056,false,Rx,0,8,10,27,00,00,00,00,00,00,
201000,00000057,false,Rx,0,8,00,00,FE,FF,FE,FF,00,00,
230000,00000625,false,Rx,0,8,25,00,59,86,01,54,5C,06,
291000,0000060D,false,Rx,0,8,0D,10,83,B6,09,20,70,00,
329000,00000625,false,Rx,0,8,25,00,59,86,01,54,5C,06,
340000,000002C4,false,Rx,0,8,09,20,00,00,CF,02,00,00,
340000,000002C5,false,Rx,0,8,00,00,00,00,00,00,00,00,
341000,000002C6,false,Rx,0,8,32,00,7C,01,00,00,00,00,
391000,0000060D,false,Rx,0,8,0D,10,83,B6,09,20,70,00,
401000,00000054,false,Rx,0,8,01,05,0B,01,CF,02,00,00,
401000,00000055,false,Rx,0,8,10,27,00,00,00,00,00,00,
401000,00000056,false,Rx,0,8,10,27,00,00,00,00,00,00,
402000,00000057,false,Rx,0,8,00,00,FE,FF,FE,FF,00,00,
429000,00000625,false,Rx,0,8,25,00,59,86,01,54,5C,06,
491000,0000060D,false,Rx,0,8,0D,10,83,B6,09,20,70,00,
530000,00000625,false,Rx,0,8,25,00,59,86,01,54,5C,06,
561000,000002C4,false,Rx,0,8,09,20,00,00,CF,02,00,00,
561000,000002C5,false,Rx,0,8,00,00,00,00,00,00,00,00,
561000,000002C6,false,Rx,0,8,32,00,7C,01,00,00,00,00,
591000,0000060D,false,Rx,0,8,0D,10,83,B6,09,20,70,00,
601000,00000054,false,Rx,0,8,01,05,0B,01,CF,02,00,00,
602000,00000055,false,Rx,0,8,10,27,00,00,00,00,00,00,
602000,00000056,false,Rx,0,8,10,27,00,00,00,00,00,00,
602000,00000057,false,Rx,0,8,00,00,FE,FF,FE,FF,00,00,
630000,00000625,false,Rx,0,8,25,00,59,86,01,54,5C,06,
691000,0000060D,false,Rx,0,8,0D,10,83,B6,09,20,70,00,
729000,00000625,false,Rx,0,8,25,00,59,86,01,54,5C,06,
781000,000002C4,false,Rx,0,8,09,20,00,00,CF,02,00,00,
781000,000002C5,false,Rx,0,8,00,00,00,00,00,00,00,00,
782000,000002C6,false,Rx,0,8,32,00,7C,01,00,00,00,00,
791000,0000060D,false,Rx,0,8,0D,10,83,B6,09,20,70,00,
801000,00000054,false,Rx,0,8,01,05,0B,01,CF,02,00,00,
801000,00000055,false,Rx,0,8,10,27,00,00,00,00,00,00,
802000,00000056,false,Rx,0,8,10,27,00,00,00,00,00,00,
802000,00000057,false,Rx,0,8,00,00,FE,FF,FE,FF,00,00,
829000,00000625,false,Rx,0,8,25,00,59,86,01,54,5C,06,
892000,0000060D,false,Rx,0,8,0D,10,83,B6,09,20,70,00,
929000,00000625,false,Rx,0,8,25,00,59,86,01,54,5C,06,
992000,0000060D,false,Rx,0,8,0D,10,83,B6,09,20,70,00,
1000,00000054,false,Rx,0,8,01,05,0B,01,CF,02,00,00,
1000,000002C4,false,Rx,0,8,09,20,00,00,CF,02,00,00,
1000,00000055,false,Rx,0,8,10,27,00,00,00,00,00,00,
1000,000002C5,false,Rx,0,8,00,00,00,00,00,00,00,00,
2000,00000056,false,Rx,0,8,10,27,00,00,00,00,00,00,
2000,000002C6,false,Rx,0,8,32,00,7C,01,00,00,00,00,
2000,00000057,false,Rx,0,8,00,00,FE,FF,FE,FF,00,00,
29000,00000625,false,Rx,0,8,25,00,59,86,01,54,5C,06,
91000,0000060D,false,Rx,0,8,0D,10,83,B6,09,20,70,00,
129000,00000625,false,Rx,0,8,25,00,59,86,01,54,5C,06,
191000,0000060D,false,Rx,0,8,0D,10,83,B6,09,20,70,00,
201000,00000054,false,Rx,0,8,01,05,0B,01,CF,02,00,00,
201000,00000055,false,Rx,0,8,10,27,00,00,00,00,00,00,
202000,00000056,false,Rx,0,8,10,27,00,00,00,00,00,00,
202000,00000057,false,Rx,0,8,00,00,FE,FF,FE,FF,00,00,
221000,000002C4,false,Rx,0,8,09,20,00,00,CF,02,00,00,
221000,000002C5,false,Rx,0,8,00,00,00,00,00,00,00,00,
222000,000002C6,false,Rx,0,8,32,00,7C,01,00,00,00,00,
230000,00000625,false,Rx,0,8,25,00,59,86,01,54,5C,06,
291000,0000060D,false,Rx,0,8,0D,10,83,B6,09,20,70,00,
329000,00000625,false,Rx,0,8,25,00,59,86,01,54,5C,06,
392000,0000060D,false,Rx,0,8,0D,10,83,B6,09,20,70,00,
401000,00000054,false,Rx,0,8,01,05,0B,01,CF,02,00,00,
401000,00000055,false,Rx,0,8,10,27,00,00,00,00,00,00,
402000,00000056,false,Rx,0,8,10,27,00,00,00,00,00,00,
402000,00000057,false,Rx,0,8,00,00,FE,FF,FE,FF,00,00,
430000,00000625,false,Rx,0,8,25,00,59,86,01,54,5C,06,
441000,000002C4,false,Rx,0,8,09,20,00,00,CF,02,00,00,
441000,000002C5,false,Rx,0,8,00,00,00,00,00,00,00,00,
441000,000002C6,false,Rx,0,8,32,00,7C,01,00,00,00,00,
490000,0000060D,false,Rx,0,8,0D,10,83,B6,09,20,70,00,
529000,00000625,false,Rx,0,8,25,00,59,86,01,54,5C,06,
591000,0000060D,false,Rx,0,8,0D,10,83,B6,09,20,70,00,
600000,00000054,false,Rx,0,8,01,05,0B,01,CF,02,00,00,
600000,00000055,false,Rx,0,8,10,27,00,00,00,00,00,00,
601000,00000056,false,Rx,0,8,10,27,00,00,00,00,00,00,
601000,00000057,false,Rx,0,8,00,00,FE,FF,FE,FF,00,00,
629000,00000625,false,Rx,0,8,25,00,59,86,01,54,5C,06,
660000,000002C4,false,Rx,0,8,09,20,00,00,CF,02,00,00,
661000,000002C5,false,Rx,0,8,00,00,00,00,00,00,00,00,
661000,000002C6,false,Rx,0,8,32,00,7C,01,00,00,00,00,
691000,0000060D,false,Rx,0,8,0D,10,83,B6,09,20,70,00,
729000,00000625,false,Rx,0,8,25,00,59,86,01,54,5C,06,
791000,0000060D,false,Rx,0,8,0D,10,83,B6,09,20,70,00,
801000,00000054,false,Rx,0,8,01,05,0B,01,CF,02,00,00,
801000,00000055,false,Rx,0,8,10,27,00,00,00,00,00,00,
801000,00000056,false,Rx,0,8,10,27,00,00,00,00,00,00,
802000,00000057,false,Rx,0,8,00,00,FE,FF,FE,FF,00,00,
830000,00000625,false,Rx,0,8,25,00,59,86,01,54,5C,06,
881000,000002C4,false,Rx,0,8,09,20,00,00,CF,02,00,00,
881000,000002C5,false,Rx,0,8,00,00,00,00,00,00,00,00,
882000,000002C6,false,Rx,0,8,32,00,7C,01,00,00,00,00,
891000,0000060D,false,Rx,0,8,0D,10,83,B6,09,20,70,00,
930000,00000625,false,Rx,0,8,25,00,59,86,01,54,5C,06,
991000,0000060D,false,Rx,0,8,0D,10,83,B6,09,20,70,00,
1000,00000054,false,Rx,0,8,01,05,0B,01,CF,02,00,00,
1000,00000055,false,Rx,0,8,10,27,00,00,00,00,00,00,
2000,00000056,false,Rx,0,8,10,27,00,00,00,00,00,00,
2000,00000057,false,Rx,0,8,00,00,FE,FF,FE,FF,00,00,
30000,00000625,false,Rx,0,8,25,00,59,86,01,54,5C,06,
91000,0000060D,false,Rx,0,8,0D,10,83,B6,09,20,70,00,
101000,000002C4,false,Rx,0,8,09,20,00,00,CF,02,00,00,
101000,000002C5,false,Rx,0,8,00,00,00,00,00,00,00,00,
102000,000002C6,false,Rx,0,8,32,00,7C,01,00,00,00,00,
129000,00000625,false,Rx,0,8,25,00,59,86,01,54,5C,06,
191000,0000060D,false,Rx,0,8,0D,10,83,B6,09,20,70,00,
201000,00000054,false,Rx,0,8,01,05,0B,01,CF,02,00,00,
201000,00000055,false,Rx,0,8,10,27,00,00,00,00,00,00,
202000,00000056,false,Rx,0,8,10,27,00,00,00,00,00,00,
202000,00000057,false,Rx,0,8,00,00,FE,FF,FE,FF,00,00,
230000,00000625,false,Rx,0,8,25,00,59,86,01,54,5C,06,
291000,0000060D,false,Rx,0,8,0D,10,83,B6,09,20,70,00,
321000,000002C4,false,Rx,0,8,09,20,00,00,CF,02,00,00,
321000,000002C5,false,Rx,0,8,00,00,00,00,00,00,00,00,
321000,000002C6,false,Rx,0,8,32,00,7C,01,00,00,00,00,
330000,00000625,false,Rx,0,8,25,00,59,86,01,54,5C,06,
392000,0000060D,false,Rx,0,8,0D,10,83,B6,09,20,70,00,
401000,00000054,false,Rx,0,8,01,05,0B,01,CF,02,00,00,
401000,00000055,false,Rx,0,8,10,27,00,00,00,00,00,00,
401000,00000056,false,Rx,0,8,10,27,00,00,00,00,00,00,
402000,00000057,false,Rx,0,8,00,00,FE,FF,FE,FF,00,00,
429000,00000625,false,Rx,0,8,25,00,59,86,01,54,5C,06,
491000,0000060D,false,Rx,0,8,0D,10,83,B6,09,20,70,00,
529000,00000625,false,Rx,0,8,25,00,59,86,01,54,5C,06,
541000,000002C4,false,Rx,0,8,09,20,00,00,CF,02,00,00,
541000,000002C5,false,Rx,0,8,00,00,00,00,00,00,00,00,
542000,000002C6,false,Rx,0,8,32,00,7C,01,00,00,00,00,
591000,0000060D,false,Rx,0,8,0D,10,83,B6,09,20,70,00,
601000,00000054,false,Rx,0,8,01,05,0B,01,CF,02,00,00,
601000,00000055,false,Rx,0,8,10,27,00,00,00,00,00,00,
602000,00000056,false,Rx,0,8,10,27,00,00,00,00,00,00,
602000,00000057,false,Rx,0,8,00,00,FE,FF,FE,FF,00,00,
629000,00000625,false,Rx,0,8,25,00,59,86,01,54,5C,06,
691000,0000060D,false,Rx,0,8,0D,10,83,B6,09,20,70,00,
730000,00000625,false,Rx,0,8,25,00,59,86,01,54,5C,06,
0,000002C4,false,Rx,0,8,09,20,00,00,CF,02,00,00,
0,000002C5,false,Rx,0,8,00,00,00,00,00,00,00,00,
0,000002C6,false,Rx,0,8,32,00,7C,01,00,00,00,00,
791000,0000060D,false,Rx,0,8,0D,10,83,B6,09,20,70,00,
800000,00000054,false,Rx,0,8,01,05,0B,01,CF,02,00,00,
801000,00000055,false,Rx,0,8,10,27,00,00,00,00,00,00,
801000,00000056,false,Rx,0,8,10,27,00,00,00,00,00,00,
801000,00000057,false,Rx,0,8,00,00,FE,FF,FE,FF,00,00,
830000,00000625,false,Rx,0,8,25,00,59,86,01,54,5C,06,
892000,0000060D,false,Rx,0,8,0D,10,83,B6,09,20,70,00,
929000,00000625,false,Rx,0,8,25,00,59,86,01,54,5C,06,
981000,000002C4,false,Rx,0,8,09,20,00,00,CF,02,00,00,
981000,000002C5,false,Rx,0,8,00,00,00,00,00,00,00,00,
982000,000002C6,false,Rx,0,8,32,00,7C,01,00,00,00,00,
991000,0000060D,false,Rx,0,8,0D,10,83,B6,09,20,70,00,
1000,00000054,false,Rx,0,8,01,05,0B,01,CF,02,00,00,
1000,00000055,false,Rx,0,8,10,27,00,00,00,00,00,00,
1000,00000056,false,Rx,0,8,10,27,00,00,00,00,00,00,
1000,00000057,false,Rx,0,8,00,00,FE,FF,FE,FF,00,00,
30000,00000625,false,Rx,0,8,25,00,59,86,01,54,5C,06,
91000,0000060D,false,Rx,0,8,0D,10,83,B6,09,20,70,00,
130000,00000625,false,Rx,0,8,25,00,59,86,01,54,5C,06,
191000,0000060D,false,Rx,0,8,0D,10,83,B6,09,20,70,00,
202000,00000054,false,Rx,0,8,01,05,0B,01,CF,02,00,00,
202000,000002C4,false,Rx,0,8,09,20,00,00,CF,02,00,00,
202000,00000055,false,Rx,0,8,10,27,00,00,00,00,00,00,
202000,000002C5,false,Rx,0,8,00,00,00,00,00,00,00,00,
202000,00000056,false,Rx,0,8,10,27,00,00,00,00,00,00,
202000,000002C6,false,Rx,0,8,32,00,7C,01,00,00,00,00,
203000,00000057,false,Rx,0,8,00,00,FE,FF,FE,FF,00,00,
230000,00000625,false,Rx,0,8,25,00,59,86,01,54,5C,06,
291000,0000060D,false,Rx,0,8,0D,10,83,B6,09,20,70,00,
330000,00000625,false,Rx,0,8,25,00,59,86,01,54,5C,06,
391000,0000060D,false,Rx,0,8,0D,10,83,B6,09,20,70,00,
401000,00000054,false,Rx,0,8,01,05,0B,01,CF,02,00,00,
401000,00000055,false,Rx,0,8,10,27,00,00,00,00,00,00,
401000,00000056,false,Rx,0,8,10,27,00,00,00,00,00,00,
402000,00000057,false,Rx,0,8,00,00,FE,FF,FE,FF,00,00,
421000,000002C4,false,Rx,0,8,09,20,00,00,CF,02,00,00,
421000,000002C5,false,Rx,0,8,00,00,00,00,00,00,00,00,
422000,000002C6,false,Rx,0,8,32,00,7C,01,00,00,00,00,
430000,00000625,false,Rx,0,8,25,00,59,86,01,54,5C,06,
492000,0000060D,false,Rx,0,8,0D,10,83,B6,09,20,70,00,
530000,00000625,false,Rx,0,8,25,00,59,86,01,54,5C,06,
592000,0000060D,false,Rx,0,8,0D,10,83,B6,09,20,70,00,
601000,00000054,false,Rx,0,8,01,05,0B,01,CF,02,00,00,
601000,00000055,false,Rx,0,8,10,27,00,00,00,00,00,00,
602000,00000056,false,Rx,0,8,10,27,00,00,00,00,00,00,
602000,00000057,false,Rx,0,8,00,00,FE,FF,FE,FF,00,00,
629000,00000625,false,Rx,0,8,25,00,59,86,01,54,5C,06,
0,000002C4,false,Rx,0,8,09,20,00,00,CF,02,00,00,
0,000002C5,false,Rx,0,8,00,00,00,00,00,00,00,00,
0,000002C6,false,Rx,0,8,32,00,7C,01,00,00,00,00,
692000,0000060D,false,Rx,0,8,0D,10,83,B6,09,20,70,00,
729000,00000625,false,Rx,0,8,25,00,59,86,01,54,5C,06,
791000,0000060D,false,Rx,0,8,0D,10,83,B6,09,20,70,00,
0,00000054,false,Rx,0,8,01,05,0B,01,CF,02,00,00,
0,00000055,false,Rx,0,8,10,27,00,00,00,00,00,00,
0,00000056,false,Rx,0,8,10,27,00,00,00,00,00,00,
0,00000057,false,Rx,0,8,00,00,FE,FF,FE,FF,00,00,
830000,00000625,false,Rx,0,8,25,00,59,86,01,54,5C,06,
0,000002C4,false,Rx,0,8,09,20,00,00,CF,02,00,00,
0,000002C5,false,Rx,0,8,00,00,00,00,00,00,00,00,
862000,000002C6,false,Rx,0,8,32,00,7C,01,00,00,00,00,
892000,0000060D,false,Rx,0,8,0D,10,83,B6,09,20,70,00,
930000,00000625,false,Rx,0,8,25,00,59,86,01,54,5C,06,
991000,0000060D,false,Rx,0,8,0D,10,83,B6,09,20,70,00,
1000,00000054,false,Rx,0,8,01,05,0B,01,CF,02,00,00,
2000,00000055,false,Rx,0,8,10,27,00,00,00,00,00,00,
0,00000056,false,Rx,0,8,10,27,00,00,00,00,00,00,
0,00000057,false,Rx,0,8,00,00,FE,FF,FE,FF,00,00,
30000,00000625,false,Rx,0,8,25,00,59,86,01,54,5C,06,
81000,000002C4,false,Rx,0,8,09,20,00,00,CF,02,00,00,
81000,000002C5,false,Rx,0,8,00,00,00,00,00,00,00,00,
82000,000002C6,false,Rx,0,8,32,00,7C,01,00,00,00,00,
91000,0000060D,false,Rx,0,8,0D,10,83,B6,09,20,70,00,
130000,00000625,false,Rx,0,8,25,00,59,86,01,54,5C,06,
191000,0000060D,false,Rx,0,8,0D,10,83,B6,09,20,70,00,
201000,00000054,false,Rx,0,8,01,05,0B,01,CF,02,00,00,
201000,00000055,false,Rx,0,8,10,27,00,00,00,00,00,00,
202000,00000056,false,Rx,0,8,10,27,00,00,00,00,00,00,
202000,00000057,false,Rx,0,8,00,00,FE,FF,FE,FF,00,00,
230000,00000625,false,Rx,0,8,25,00,59,86,01,54,5C,06,
291000,0000060D,false,Rx,0,8,0D,10,83,B6,09,20,70,00,
300000,000002C4,false,Rx,0,8,09,20,00,00,CF,02,00,00,
302000,000002C5,false,Rx,0,8,00,00,00,00,00,00,00,00,
302000,000002C6,false,Rx,0,8,32,00,7C,01,00,00,00,00,
330000,00000625,false,Rx,0,8,25,00,59,86,01,54,5C,06,
391000,0000060D,false,Rx,0,8,0D,10,83,B6,09,20,70,00,
401000,00000054,false,Rx,0,8,01,05,0B,01,CF,02,00,00,
401000,00000055,false,Rx,0,8,10,27,00,00,00,00,00,00,
401000,00000056,false,Rx,0,8,10,27,00,00,00,00,00,00,
401000,00000057,false,Rx,0,8,00,00,FE,FF,FE,FF,00,00,
430000,00000625,false,Rx,0,8,25,00,59,86,01,54,5C,06,
491000,0000060D,false,Rx,0,8,0D,10,83,B6,09,20,70,00,
521000,000002C4,false,Rx,0,8,09,20,00,00,CF,02,00,00,
521000,000002C5,false,Rx,0,8,00,00,00,00,00,00,00,00,
521000,000002C6,false,Rx,0,8,32,00,7C,01,00,00,00,00,
530000,00000625,false,Rx,0,8,25,00,59,86,01,54,5C,06,
591000,0000060D,false,Rx,0,8,0D,10,83,B6,09,20,70,00,
601000,00000054,false,Rx,0,8,01,05,0B,01,CF,02,00,00,
601000,00000055,false,Rx,0,8,10,27,00,00,00,00,00,00,
602000,00000056,false,Rx,0,8,10,27,00,00,00,00,00,00,
602000,00000057,false,Rx,0,8,00,00,FE,FF,FE,FF,00,00,
630000,00000625,false,Rx,0,8,25,00,59,86,01,54,5C,06,
691000,0000060D,false,Rx,0,8,0D,10,83,B6,09,20,70,00,
730000,00000625,false,Rx,0,8,25,00,59,86,01,54,5C,06,
740000,000002C4,false,Rx,0,8,09,20,00,00,CF,02,00,00,
741000,000002C5,false,Rx,0,8,00,00,00,00,00,00,00,00,
741000,000002C6,false,Rx,0,8,32,00,7C,01,00,00,00,00,
791000,0000060D,false,Rx,0,8,0D,10,83,B6,09,20,70,00,
801000,00000054,false,Rx,0,8,01,05,0B,01,CF,02,00,00,
801000,00000055,false,Rx,0,8,10,27,00,00,00,00,00,00,
801000,00000056,false,Rx,0,8,10,27,00,00,00,00,00,00,
802000,00000057,false,Rx,0,8,00,00,FE,FF,FE,FF,00,00,
830000,00000625,false,Rx,0,8,25,00,59,86,01,54,5C,06,
891000,0000060D,false,Rx,0,8,0D,10,83,B6,09,20,70,00,
930000,00000625,false,Rx,0,8,25,00,59,86,01,54,5C,06,
961000,000002C4,false,Rx,0,8,09,20,00,00,CF,02,00,00,
961000,000002C5,false,Rx,0,8,00,00,00,00,00,00,00,00,
961000,000002C6,false,Rx,0,8,32,00,7C,01,00,00,00,00,
991000,0000060D,false,Rx,0,8,0D,10,83,B6,09,20,70,00,
1000,00000054,false,Rx,0,8,01,05,0B,01,CF,02,00,00,
1000,00000055,false,Rx,0,8,10,27,00,00,00,00,00,00,
2000,00000056,false,Rx,0,8,10,27,00,00,00,00,00,00,
2000,00000057,false,Rx,0,8,00,00,FE,FF,FE,FF,00,00,
29000,00000625,false,Rx,0,8,25,00,59,86,01,54,5C,06,
91000,0000060D,false,Rx,0,8,0D,10,83,B6,09,20,70,00,
130000,00000625,false,Rx,0,8,25,00,59,86,01,54,5C,06,
181000,000002C4,false,Rx,0,8,09,20,00,00,CF,02,00,00,
181000,000002C5,false,Rx,0,8,00,00,00,00,00,00,00,00,
181000,000002C6,false,Rx,0,8,32,00,7C,01,00,00,00,00,
190000,0000060D,false,Rx,0,8,0D,10,83,B6,09,20,70,00,
201000,00000054,false,Rx,0,8,01,05,0B,01,CF,02,00,00,
201000,00000055,false,Rx,0,8,10,27,00,00,00,00,00,00,
201000,00000056,false,Rx,0,8,10,27,00,00,00,00,00,00,
201000,00000057,false,Rx,0,8,00,00,FE,FF,FE,FF,00,00,
230000,00000625,false,Rx,0,8,25,00,59,86,01,54,5C,06,
291000,0000060D,false,Rx,0,8,0D,10,83,B6,09,20,70,00,
330000,00000625,false,Rx,0,8,25,00,59,86,01,54,5C,06,
391000,0000060D,false,Rx,0,8,0D,10,83,B6,09,20,70,00,
400000,00000054,false,Rx,0,8,01,05,0B,01,CF,02,00,00,
401000,000002C4,false,Rx,0,8,09,20,00,00,CF,02,00,00,
401000,00000055,false,Rx,0,8,10,27,00,00,00,00,00,00,
401000,000002C5,false,Rx,0,8,00,00,00,00,00,00,00,00,
401000,00000056,false,Rx,0,8,10,27,00,00,00,00,00,00,
402000,000002C6,false,Rx,0,8,32,00,7C,01,00,00,00,00,
402000,00000057,false,Rx,0,8,00,00,FE,FF,FE,FF,00,00,
430000,00000625,false,Rx,0,8,25,00,59,86,01,54,5C,06,
491000,0000060D,false,Rx,0,8,0D,10,83,B6,09,20,70,00,
530000,00000625,false,Rx,0,8,25,00,59,86,01,54,5C,06,
591000,0000060D,false,Rx,0,8,0D,10,83,B6,09,20,70,00,
601000,00000054,false,Rx,0,8,01,05,0B,01,CF,02,00,00,
601000,00000055,false,Rx,0,8,10,27,00,00,00,00,00,00,
601000,00000056,false,Rx,0,8,10,27,00,00,00,00,00,00,
602000,00000057,false,Rx,0,8,00,00,FE,FF,FE,FF,00,00,
0,000002C4,false,Rx,0,8,09,20,00,00,CF,02,00,00,
0,000002C5,false,Rx,0,8,00,00,00,00,00,00,00,00,
622000,000002C6,false,Rx,0,8,32,00,7C,01,00,00,00,00,
630000,00000625,false,Rx,0,8,25,00,59,86,01,54,5C,06,
691000,0000060D,false,Rx,0,8,0D,10,83,B6,09,20,70,00,
730000,00000625,false,Rx,0,8,25,00,59,86,01,54,5C,06,
791000,0000060D,false,Rx,0,8,0D,10,83,B6,09,20,70,00,
801000,00000054,false,Rx,0,8,01,05,0B,01,CF,02,00,00,
801000,00000055,false,Rx,0,8,10,27,00,00,00,00,00,00,
802000,00000056,false,Rx,0,8,10,27,00,00,00,00,00,00,
802000,00000057,false,Rx,0,8,00,00,FE,FF,FE,FF,00,00,
830000,00000625,false,Rx,0,8,25,00,59,86,01,54,5C,06,
840000,000002C4,false,Rx,0,8,09,20,00,00,CF,02,00,00,
841000,000002C5,false,Rx,0,8,00,00,00,00,00,00,00,00,
841000,000002C6,false,Rx,0,8,32,00,7C,01,00,00,00,00,
891000,0000060D,false,Rx,0,8,0D,10,83,B6,09,20,70,00,
930000,00000625,false,Rx,0,8,25,00,59,86,01,54,5C,06,
991000,0000060D,false,Rx,0,8,0D,10,83,B6,09,20,70,00,
0,00000054,false,Rx,0,8,01,05,0B,01,CF,02,00,00,
1000,00000055,false,Rx,0,8,10,27,00,00,00,00,00,00,
0,00000056,false,Rx,0,8,10,27,00,00,00,00,00,00,
0,00000057,false,Rx,0,8,00,00,FE,FF,FE,FF,00,00,
29000,00000625,false,Rx,0,8,25,00,59,86,01,54,5C,06,
61000,000002C4,false,Rx,0,8,09,20,00,00,CF,02,00,00,
61000,000002C5,false,Rx,0,8,00,00,00,00,00,00,00,00,
62000,000002C6,false,Rx,0,8,32,00,7C,01,00,00,00,00,
91000,0000060D,false,Rx,0,8,0D,10,83,B6,09,20,70,00,
112000,00000065,false,Rx,0,8,CE,02,02,00,00,00,00,00,
130000,00000625,false,Rx,0,8,25,00,59,86,01,54,5C,06,
191000,0000060D,false,Rx,0,8,0D,10,83,B6,09,20,70,00,
201000,00000054,false,Rx,0,8,01,05,0B,01,CE,02,00,00,
201000,00000055,false,Rx,0,8,10,27,00,00,00,00,00,00,
0,00000056,false,Rx,0,8,10,27,00,00,00,00,00,00,
0,00000057,false,Rx,0,8,00,00,FE,FF,FE,FF,00,00,
230000,00000625,false,Rx,0,8,25,00,59,86,01,54,5C,06,
261000,00000065,false,Rx,0,8,CE,02,02,00,00,00,00,00,
281000,000002C4,false,Rx,0,8,09,20,00,00,CF,02,00,00,
281000,000002C5,false,Rx,0,8,00,00,00,00,00,00,00,00,
282000,000002C6,false,Rx,0,8,32,00,7C,01,00,00,00,00,
291000,0000060D,false,Rx,0,8,0D,10,83,B6,09,20,70,00,
330000,00000625,false,Rx,0,8,25,00,59,86,01,54,5C,06,
391000,0000060D,false,Rx,0,8,0D,10,83,B6,09,20,70,00,
401000,00000054,false,Rx,0,8,01,05,0B,01,CE,02,00,00,
401000,00000055,false,Rx,0,8,10,27,00,00,00,00,00,00,
402000,00000056,false,Rx,0,8,10,27,00,00,00,00,00,00,
402000,00000057,false,Rx,0,8,00,00,FE,FF,FE,FF,00,00,
411000,00000065,false,Rx,0,8,CE,02,02,00,00,00,00,00,
430000,00000625,false,Rx,0,8,25,00,59,86,01,54,5C,06,
491000,0000060D,false,Rx,0,8,0D,10,83,B6,09,20,70,00,
0,000002C4,false,Rx,0,8,09,20,00,00,CE,02,00,00,
0,000002C5,false,Rx,0,8,00,00,00,00,00,00,00,00,
501000,000002C6,false,Rx,0,8,32,00,7C,01,00,00,00,00,
530000,00000625,false,Rx,0,8,25,00,59,86,01,54,5C,06,
562000,00000065,false,Rx,0,8,CE,02,02,00,00,00,00,00,
591000,0000060D,false,Rx,0,8,0D,10,83,B6,09,20,70,00,
601000,00000054,false,Rx,0,8,01,05,0B,01,CE,02,00,00,
601000,00000055,false,Rx,0,8,10,27,00,00,00,00,00,00,
602000,00000056,false,Rx,0,8,10,27,00,00,00,00,00,00,
602000,00000057,false,Rx,0,8,00,00,FE,FF,FE,FF,00,00,
629000,00000625,false,Rx,0,8,25,00,59,86,01,54,5C,06,
691000,0000060D,false,Rx,0,8,0D,10,83,B6,09,20,70,00,
721000,000002C4,false,Rx,0,8,09,20,00,00,CE,02,00,00,
721000,000002C5,false,Rx,0,8,00,00,00,00,00,00,00,00,
722000,000002C6,false,Rx,0,8,32,00,7C,01,00,00,00,00,
730000,00000625,false,Rx,0,8,25,00,59,86,01,54,5C,06,
791000,0000060D,false,Rx,0,8,0D,10,83,B6,09,20,70,00,
801000,00000054,false,Rx,0,8,01,05,0B,01,CE,02,00,00,
801000,00000055,false,Rx,0,8,10,27,00,00,00,00,00,00,
802000,00000056,false,Rx,0,8,10,27,00,00,00,00,00,00,
802000,00000057,false,Rx,0,8,00,00,FE,FF,FE,FF,00,00,
830000,00000625,false,Rx,0,8,25,00,59,86,01,54,5C,06,
891000,0000060D,false,Rx,0,8,0D,10,83,B6,09,20,70,00,
930000,00000625,false,Rx,0,8,25,00,59,86,01,54,5C,06,
941000,000002C4,false,Rx,0,8,09,20,00,00,CE,02,00,00,
941000,000002C5,false,Rx,0,8,00,00,00,00,00,00,00,00,
942000,000002C6,false,Rx,0,8,32,00,7C,01,00,00,00,00,
991000,0000060D,false,Rx,0,8,0D,10,83,B6,09,20,70,00,
0,00000054,false,Rx,0,8,01,05,0B,01,CE,02,00,00,
0,00000055,false,Rx,0,8,10,27,00,00,00,00,00,00,
2000,00000056,false,Rx,0,8,10,27,00,00,00,00,00,00,
2000,00000057,false,Rx,0,8,00,00,FE,FF,FE,FF,00,00,
30000,00000625,false,Rx,0,8,25,00,59,86,01,54,5C,06,
91000,0000060D,false,Rx,0,8,0D,10,83,B6,09,20,70,00,
130000,00000625,false,Rx,0,8,25,00,59,86,01,54,5C,06,
160000,000002C4,false,Rx,0,8,09,20,00,00,CE,02,00,00,
161000,000002C5,false,Rx,0,8,00,00,00,00,00,00,00,00,
161000,000002C6,false,Rx,0,8,32,00,7C,01,00,00,00,00,
191000,0000060D,false,Rx,0,8,0D,10,83,B6,09,20,70,00,
200000,00000054,false,Rx,0,8,01,05,0B,01,CE,02,00,00,
201000,00000055,false,Rx,0,8,10,27,00,00,00,00,00,00,
201000,00000056,false,Rx,0,8,10,27,00,00,00,00,00,00,
201000,00000057,false,Rx,0,8,00,00,FE,FF,FE,FF,00,00,
230000,00000625,false,Rx,0,8,25,00,59,86,01,54,5C,06,
292000,0000060D,false,Rx,0,8,0D,10,83,B6,09,20,70,00,
330000,00000625,false,Rx,0,8,25,00,59,86,01,54,5C,06,
381000,000002C4,false,Rx,0,8,09,20,00,00,CE,02,00,00,
381000,000002C5,false,Rx,0,8,00,00,00,00,00,00,00,00,
381000,000002C6,false,Rx,0,8,32,00,7C,01,00,00,00,00,
391000,0000060D,false,Rx,0,8,0D,10,83,B6,09,20,70,00,
401000,00000054,false,Rx,0,8,01,05,0B,01,CE,02,00,00,
401000,00000055,false,Rx,0,8,10,27,00,00,00,00,00,00,
402000,00000056,false,Rx,0,8,10,27,00,00,00,00,00,00,
402000,00000057,false,Rx,0,8,00,00,FE,FF,FE,FF,00,00,
430000,00000625,false,Rx,0,8,25,00,59,86,01,54,5C,06,
491000,0000060D,false,Rx,0,8,0D,10,83,B6,09,20,70,00,
530000,00000625,false,Rx,0,8,25,00,59,86,01,54,5C,06,
591000,0000060D,false,Rx,0,8,0D,10,83,B6,09,20,70,00,
600000,00000054,false,Rx,0,8,01,05,0B,01,CE,02,00,00,
0,000002C4,false,Rx,0,8,09,20,00,00,CE,02,00,00,
0,00000055,false,Rx,0,8,10,27,00,00,00,00,00,00,
0,000002C5,false,Rx,0,8,00,00,00,00,00,00,00,00,
0,00000056,false,Rx,0,8,10,27,00,00,00,00,00,00,
602000,000002C6,false,Rx,0,8,32,00,7C,01,00,00,00,00,
602000,00000057,false,Rx,0,8,00,00,FE,FF,FE,FF,00,00,
630000,00000625,false,Rx,0,8,25,00,59,86,01,54,5C,06,
691000,0000060D,false,Rx,0,8,0D,10,83,B6,09,20,70,00,
729000,00000625,false,Rx,0,8,25,00,59,86,01,54,5C,06,
791000,0000060D,false,Rx,0,8,0D,10,83,B6,09,20,70,00,
800000,00000054,false,Rx,0,8,01,05,0B,01,CE,02,00,00,
801000,00000055,false,Rx,0,8,10,27,00,00,00,00,00,00,
801000,00000056,false,Rx,0,8,10,27,00,00,00,00,00,00,
801000,00000057,false,Rx,0,8,00,00,FE,FF,FE,FF,00,00,
821000,000002C4,false,Rx,0,8,09,20,00,00,CE,02,00,00,
821000,000002C5,false,Rx,0,8,00,00,00,00,00,00,00,00,
821000,000002C6,false,Rx,0,8,32,00,7C,01,00,00,00,00,
830000,00000625,false,Rx,0,8,25,00,59,86,01,54,5C,06,
892000,0000060D,false,Rx,0,8,0D,10,83,B6,09,20,70,00,
929000,00000625,false,Rx,0,8,25,00,59,86,01,54,5C,06,
991000,0000060D,false,Rx,0,8,0D,10,83,B6,09,20,70,00,
2000,00000054,false,Rx,0,8,01,05,0B,01,CE,02,00,00,
2000,00000055,false,Rx,0,8,10,27,00,00,00,00,00,00,
2000,00000056,false,Rx,0,8,10,27,00,00,00,00,00,00,
2000,00000057,false,Rx,0,8,00,00,FE,FF,FE,FF,00,00,
30000,00000625,false,Rx,0,8,25,00,59,86,01,54,5C,06,
41000,000002C4,false,Rx,0,8,09,20,00,00,CE,02,00,00,
41000,000002C5,false,Rx,0,8,00,00,00,00,00,00,00,00,
42000,000002C6,false,Rx,0,8,32,00,7C,01,00,00,00,00,
91000,0000060D,false,Rx,0,8,0D,10,83,B6,09,20,70,00,
130000,00000625,false,Rx,0,8,25,00,59,86,01,54,5C,06,
192000,0000060D,false,Rx,0,8,0D,10,83,B6,09,20,70,00,
201000,00000054,false,Rx,0,8,01,05,0B,01,CE,02,00,00,
201000,00000055,false,Rx,0,8,10,27,00,00,00,00,00,00,
202000,00000056,false,Rx,0,8,10,27,00,00,00,00,00,00,
202000,00000057,false,Rx,0,8,00,00,FE,FF,FE,FF,00,00,
230000,00000625,false,Rx,0,8,25,00,59,86,01,54,5C,06,
261000,000002C4,false,Rx,0,8,09,20,00,00,CE,02,00,00,
262000,000002C5,false,Rx,0,8,00,00,00,00,00,00,00,00,
262000,000002C6,false,Rx,0,8,32,00,7C,01,00,00,00,00,
291000,0000060D,false,Rx,0,8,0D,10,83,B6,09,20,70,00,
330000,00000625,false,Rx,0,8,25,00,59,86,01,54,5C,06,
392000,0000060D,false,Rx,0,8,0D,10,83,B6,09,20,70,00,
401000,00000054,false,Rx,0,8,01,05,0B,01,CE,02,00,00,
401000,00000055,false,Rx,0,8,10,27,00,00,00,00,00,00,
401000,00000056,false,Rx,0,8,10,27,00,00,00,00,00,00,
401000,00000057,false,Rx,0,8,00,00,FE,FF,FE,FF,00,00,
430000,00000625,false,Rx,0,8,25,00,59,86,01,54,5C,06,
481000,000002C4,false,Rx,0,8,09,20,00,00,CE,02,00,00,
481000,000002C5,false,Rx,0,8,00,00,00,00,00,00,00,00,
481000,000002C6,false,Rx,0,8,32,00,7C,01,00,00,00,00,
492000,0000060D,false,Rx,0,8,0D,10,83,B6,09,20,70,00,
530000,00000625,false,Rx,0,8,25,00,59,86,01,54,5C,06,
592000,0000060D,false,Rx,0,8,0D,10,83,B6,09,20,70,00,
602000,00000054,false,Rx,0,8,01,05,0B,01,CE,02,00,00,
602000,00000055,false,Rx,0,8,10,27,00,00,00,00,00,00,
602000,00000056,false,Rx,0,8,10,27,00,00,00,00,00,00,
602000,00000057,false,Rx,0,8,00,00,FE,FF,FE,FF,00,00,
630000,00000625,false,Rx,0,8,25,00,59,86,01,54,5C,06,
691000,0000060D,false,Rx,0,8,0D,10,83,B6,09,20,70,00,
701000,000002C4,false,Rx,0,8,09,20,00,00,CE,02,00,00,
701000,000002C5,false,Rx,0,8,00,00,00,00,00,00,00,00,
702000,000002C6,false,Rx,0,8,32,00,7C,01,00,00,00,00,
730000,00000625,false,Rx,0,8,25,00,59,86,01,54,5C,06,
791000,0000060D,false,Rx,0,8,0D,10,83,B6,09,20,70,00,
801000,00000054,false,Rx,0,8,01,05,0B,01,CE,02,00,00,
801000,00000055,false,Rx,0,8,10,27,00,00,00,00,00,00,
802000,00000056,false,Rx,0,8,10,27,00,00,00,00,00,00,
802000,00000057,false,Rx,0,8,00,00,FE,FF,FE,FF,00,00,
830000,00000625,false,Rx,0,8,25,00,59,86,01,54,5C,06,
892000,0000060D,false,Rx,0,8,0D,10,83,B6,09,20,70,00,
0,000002C4,false,Rx,0,8,09,20,00,00,CE,02,00,00,
0,000002C5,false,Rx,0,8,00,00,00,00,00,00,00,00,
921000,000002C6,false,Rx,0,8,32,00,7C,01,00,00,00,00,
930000,00000625,false,Rx,0,8,25,00,59,86,01,54,5C,06,
991000,0000060D,false,Rx,0,8,0D,10,83,B6,09,20,70,00,
0,00000054,false,Rx,0,8,01,05,0B,01,CE,02,00,00,
0,00000055,false,Rx,0,8,10,27,00,00,00,00,00,00,
0,00000056,false,Rx,0,8,10,27,00,00,00,00,00,00,
0,00000057,false,Rx,0,8,00,00,FE,FF,FE,FF,00,00,
31000,00000625,false,Rx,0,8,25,00,59,86,01,54,5C,06,
91000,0000060D,false,Rx,0,8,0D,10,83,B6,09,20,70,00,
130000,00000625,false,Rx,0,8,25,00,59,86,01,54,5C,06,
0,000002C4,false,Rx,0,8,09,20,00,00,CE,02,00,00,
0,000002C5,false,Rx,0,8,00,00,00,00,00,00,00,00,
141000,000002C6,false,Rx,0,8,32,00,7C,01,00,00,00,00,
191000,0000060D,false,Rx,0,8,0D,10,83,B6,09,20,70,00,
0,00000054,false,Rx,0,8,01,05,0B,01,CE,02,00,00,
0,00000055,false,Rx,0,8,10,27,00,00,00,00,00,00,
0,00000056,false,Rx,0,8,10,27,00,00,00,00,00,00,
202000,00000057,false,Rx,0,8,00,00,FE,FF,FE,FF,00,00,
230000,00000625,false,Rx,0,8,25,00,59,86,01,54,5C,06,
291000,0000060D,false,Rx,0,8,0D,10,83,B6,09,20,70,00,
330000,00000625,false,Rx,0,8,25,00,59,86,01,54,5C,06,
0,000002C4,false,Rx,0,8,09,20,00,00,CE,02,00,00,
0,000002C5,false,Rx,0,8,00,00,00,00,00,00,00,00,
362000,000002C6,false,Rx,0,8,32,00,7C,01,00,00,00,00,
391000,0000060D,false,Rx,0,8,0D,10,83,B6,09,20,70,00,
401000,00000054,false,Rx,0,8,01,05,0B,01,CE,02,00,00,
401000,00000055,false,Rx,0,8,10,27,00,00,00,00,00,00,
402000,00000056,false,Rx,0,8,10,27,00,00,00,00,00,00,
402000,00000057,false,Rx,0,8,00,00,FE,FF,FE,FF,00,00,
429000,00000625,false,Rx,0,8,25,00,59,86,01,54,5C,06,
491000,0000060D,false,Rx,0,8,0D,10,83,B6,09,20,70,00,
530000,00000625,false,Rx,0,8,25,00,59,86,01,54,5C,06,
0,000002C4,false,Rx,0,8,09,20,00,00,CE,02,00,00,
0,000002C5,false,Rx,0,8,00,00,00,00,00,00,00,00,
0,000002C6,false,Rx,0,8,32,00,7C,01,00,00,00,00,
591000,0000060D,false,Rx,0,8,0D,10,83,B6,09,20,70,00,
601000,00000054,false,Rx,0,8,01,05,0B,01,CE,02,00,00,
601000,00000055,false,Rx,0,8,10,27,00,00,00,00,00,00,
601000,00000056,false,Rx,0,8,10,27,00,00,00,00,00,00,
601000,00000057,false,Rx,0,8,00,00,FE,FF,FE,FF,00,00,
629000,00000625,false,Rx,0,8,25,00,59,86,01,54,5C,06,
691000,0000060D,false,Rx,0,8,0D,10,83,B6,09,20,70,00,
730000,00000625,false,Rx,0,8,25,00,59,86,01,54,5C,06,
791000,0000060D,false,Rx,0,8,0D,10,83,B6,09,20,70,00,
800000,00000054,false,Rx,0,8,01,05,0B,01,CE,02,00,00,
801000,000002C4,false,Rx,0,8,09,20,00,00,CE,02,00,00,
801000,00000055,false,Rx,0,8,10,27,00,00,00,00,00,00,
801000,000002C5,false,Rx,0,8,00,00,00,00,00,00,00,00,
801000,00000056,false,Rx,0,8,10,27,00,00,00,00,00,00,
802000,000002C6,false,Rx,0,8,32,00,7C,01,00,00,00,00,
802000,00000057,false,Rx,0,8,00,00,FE,FF,FE,FF,00,00,
830000,00000625,false,Rx,0,8,25,00,59,86,01,54,5C,06,
891000,0000060D,false,Rx,0,8,0D,10,83,B6,09,20,70,00,
930000,00000625,false,Rx,0,8,25,00,59,86,01,54,5C,06,
992000,0000060D,false,Rx,0,8,0D,10,83,B6,09,20,70,00,
1000,00000054,false,Rx,0,8,01,05,0B,01,CE,02,00,00,
1000,00000055,false,Rx,0,8,10,27,00,00,00,00,00,00,
2000,00000056,false,Rx,0,8,10,27,00,00,00,00,00,00,
2000,00000057,false,Rx,0,8,00,00,FE,FF,FE,FF,00,00,
21000,000002C4,false,Rx,0,8,09,20,00,00,CE,02,00,00,
21000,000002C5,false,Rx,0,8,00,00,00,00,00,00,00,00,
21000,000002C6,false,Rx,0,8,32,00,7C,01,00,00,00,00,
30000,00000625,false,Rx,0,8,25,00,59,86,01,54,5C,06,
91000,0000060D,false,Rx,0,8,0D,10,83,B6,09,20,70,00,
129000,00000625,false,Rx,0,8,25,00,59,86,01,54,5C,06,
191000,0000060D,false,Rx,0,8,0D,10,83,B6,09,20,70,00,
201000,00000054,false,Rx,0,8,01,05,0B,01,CE,02,00,00,
201000,00000055,false,Rx,0,8,10,27,00,00,00,00,00,00,
201000,00000056,false,Rx,0,8,10,27,00,00,00,00,00,00,
201000,00000057,false,Rx,0,8,00,00,FE,FF,FE,FF,00,00,
230000,00000625,false,Rx,0,8,25,00,59,86,01,54,5C,06,
240000,000002C4,false,Rx,0,8,09,20,00,00,CE,02,00,00,
241000,000002C5,false,Rx,0,8,00,00,00,00,00,00,00,00,
241000,000002C6,false,Rx,0,8,32,00,7C,01,00,00,00,00,
291000,0000060D,false,Rx,0,8,0D,10,83,B6,09,20,70,00,
330000,00000625,false,Rx,0,8,25,00,59,86,01,54,5C,06,
392000,0000060D,false,Rx,0,8,0D,10,83,B6,09,20,70,00,
401000,00000054,false,Rx,0,8,01,05,0B,01,CE,02,00,00,
401000,00000055,false,Rx,0,8,10,27,00,00,00,00,00,00,
402000,00000056,false,Rx,0,8,10,27,00,00,00,00,00,00,
402000,00000057,false,Rx,0,8,00,00,FE,FF,FE,FF,00,00,
429000,00000625,false,Rx,0,8,25,00,59,86,01,54,5C,06,
461000,000002C4,false,Rx,0,8,09,20,00,00,CE,02,00,00,
461000,000002C5,false,Rx,0,8,00,00,00,00,00,00,00,00,
461000,000002C6,false,Rx,0,8,32,00,7C,01,00,00,00,00,
491000,0000060D,false,Rx,0,8,0D,10,83,B6,09,20,70,00,
530000,00000625,false,Rx,0,8,25,00,59,86,01,54,5C,06,
591000,0000060D,false,Rx,0,8,0D,10,83,B6,09,20,70,00,
601000,00000054,false,Rx,0,8,01,05,0B,01,CE,02,00,00,
601000,00000055,false,Rx,0,8,10,27,00,00,00,00,00,00,
601000,00000056,false,Rx,0,8,10,27,00,00,00,00,00,00,
602000,00000057,false,Rx,0,8,00,00,FE,FF,FE,FF,00,00,
630000,00000625,false,Rx,0,8,25,00,59,86,01,54,5C,06,
681000,000002C4,false,Rx,0,8,09,20,00,00,CE,02,00,00,
681000,000002C5,false,Rx,0,8,00,00,00,00,00,00,00,00,
682000,000002C6,false,Rx,0,8,32,00,7C,01,00,00,00,00,
691000,0000060D,false,Rx,0,8,0D,10,83,B6,09,20,70,00,
730000,00000625,false,Rx,0,8,25,00,59,86,01,54,5C,06,
791000,0000060D,false,Rx,0,8,0D,10,83,B6,09,20,70,00,
801000,00000054,false,Rx,0,8,01,05,0B,01,CE,02,00,00,
801000,00000055,false,Rx,0,8,10,27,00,00,00,00,00,00,
801000,00000056,false,Rx,0,8,10,27,00,00,00,00,00,00,
802000,00000057,false,Rx,0,8,00,00,FE,FF,FE,FF,00,00,
830000,00000625,false,Rx,0,8,25,00,59,86,01,54,5C,06,
891000,0000060D,false,Rx,0,8,0D,10,83,B6,09,20,70,00,
901000,000002C4,false,Rx,0,8,09,20,00,00,CE,02,00,00,
901000,000002C5,false,Rx,0,8,00,00,00,00,00,00,00,00,
902000,000002C6,false,Rx,0,8,32,00,7C,01,00,00,00,00,
930000,00000625,false,Rx,0,8,25,00,59,86,01,54,5C,06,
992000,0000060D,false,Rx,0,8,0D,10,83,B6,09,20,70,00,
1000,00000054,false,Rx,0,8,01,05,0B,01,CE,02,00,00,
1000,00000055,false,Rx,0,8,10,27,00,00,00,00,00,00,
1000,00000056,false,Rx,0,8,10,27,00,00,00,00,00,00,
2000,00000057,false,Rx,0,8,00,00,FE,FF,FE,FF,00,00,
29000,00000625,false,Rx,0,8,25,00,59,86,01,54,5C,06,
91000,0000060D,false,Rx,0,8,0D,10,83,B6,09,20,70,00,
0,000002C4,false,Rx,0,8,09,20,00,00,CE,02,00,00,
0,000002C5,false,Rx,0,8,00,00,00,00,00,00,00,00,
121000,000002C6,false,Rx,0,8,32,00,7C,01,00,00,00,00,
130000,00000625,false,Rx,0,8,25,00,59,86,01,54,5C,06,
191000,0000060D,false,Rx,0,8,0D,10,83,B6,09,20,70,00,
201000,00000054,false,Rx,0,8,01,05,0B,01,CE,02,00,00,
201000,00000055,false,Rx,0,8,10,27,00,00,00,00,00,00,
201000,00000056,false,Rx,0,8,10,27,00,00,00,00,00,00,
202000,00000057,false,Rx,0,8,00,00,FE,FF,FE,FF,00,00,
230000,00000625,false,Rx,0,8,25,00,59,86,01,54,5C,06,
291000,0000060D,false,Rx,0,8,0D,10,83,B6,09,20,70,00,
330000,00000625,false,Rx,0,8,25,00,59,86,01,54,5C,06,
341000,000002C4,false,Rx,0,8,09,20,00,00,CE,02,00,00,
341000,000002C5,false,Rx,0,8,00,00,00,00,00,00,00,00,
342000,000002C6,false,Rx,0,8,32,00,7C,01,00,00,00,00,
391000,0000060D,false,Rx,0,8,0D,10,83,B6,09,20,70,00,
401000,00000054,false,Rx,0,8,01,05,0B,01,CE,02,00,00,
401000,00000055,false,Rx,0,8,10,27,00,00,00,00,00,00,
0,00000056,false,Rx,0,8,10,27,00,00,00,00,00,00,
0,00000057,false,Rx,0,8,00,00,FE,FF,FE,FF,00,00,
430000,00000625,false,Rx,0,8,25,00,59,86,01,54,5C,06,
491000,0000060D,false,Rx,0,8,0D,10,83,B6,09,20,70,00,
530000,00000625,false,Rx,0,8,25,00,59,86,01,54,5C,06,
561000,000002C4,false,Rx,0,8,09,20,00,00,CE,02,00,00,
561000,000002C5,false,Rx,0,8,00,00,00,00,00,00,00,00,
562000,000002C6,false,Rx,0,8,32,00,7C,01,00,00,00,00,
591000,0000060D,false,Rx,0,8,0D,10,83,B6,09,20,70,00,
600000,00000054,false,Rx,0,8,01,05,0B,01,CE,02,00,00,
601000,00000055,false,Rx,0,8,10,27,00,00,00,00,00,00,
601000,00000056,false,Rx,0,8,10,27,00,00,00,00,00,00,
601000,00000057,false,Rx,0,8,00,00,FE,FF,FE,FF,00,00,
629000,00000625,false,Rx,0,8,25,00,59,86,01,54,5C,06,
691000,0000060D,false,Rx,0,8,0D,10,83,B6,09,20,70,00,
730000,00000625,false,Rx,0,8,25,00,59,86,01,54,5C,06,
0,000002C4,false,Rx,0,8,09,20,00,00,CE,02,00,00,
0,000002C5,false,Rx,0,8,00,00,00,00,00,00,00,00,
0,000002C6,false,Rx,0,8,32,00,7C,01,00,00,00,00,
791000,0000060D,false,Rx,0,8,0D,10,83,B6,09,20,70,00,
801000,00000054,false,Rx,0,8,01,05,0B,01,CE,02,00,00,
801000,00000055,false,Rx,0,8,10,27,00,00,00,00,00,00,
802000,00000056,false,Rx,0,8,10,27,00,00,00,00,00,00,
802000,00000057,false,Rx,0,8,00,00,FE,FF,FE,FF,00,00,
830000,00000625,false,Rx,0,8,25,00,59,86,01,54,5C,06,
891000,0000060D,false,Rx,0,8,0D,10,83,B6,09,20,70,00,
930000,00000625,false,Rx,0,8,25,00,59,86,01,54,5C,06,
991000,0000060D,false,Rx,0,8,0D,10,83,B6,09,20,70,00,
0,00000054,false,Rx,0,8,01,05,0B,01,CE,02,00,00,
0,000002C4,false,Rx,0,8,09,20,00,00,CE,02,00,00,
1000,00000055,false,Rx,0,8,10,27,00,00,00,00,00,00,
0,000002C5,false,Rx,0,8,00,00,00,00,00,00,00,00,
0,00000056,false,Rx,0,8,10,27,00,00,00,00,00,00,
0,000002C6,false,Rx,0,8,32,00,7C,01,00,00,00,00,
2000,00000057,false,Rx,0,8,00,00,FE,FF,FE,FF,00,00,
30000,00000625,false,Rx,0,8,25,00,59,86,01,54,5C,06,
90000,0000060D,false,Rx,0,8,0D,10,83,B6,09,20,70,00,
129000,00000625,false,Rx,0,8,25,00,59,86,01,54,5C,06,
191000,0000060D,false,Rx,0,8,0D,10,83,B6,09,20,70,00,
201000,00000054,false,Rx,0,8,01,05,0B,01,CE,02,00,00,
201000,00000055,false,Rx,0,8,10,27,00,00,00,00,00,00,
201000,00000056,false,Rx,0,8,10,27,00,00,00,00,00,00,
201000,00000057,false,Rx,0,8,00,00,FE,FF,FE,FF,00,00,
0,000002C4,false,Rx,0,8,09,20,00,00,CE,02,00,00,
0,000002C5,false,Rx,0,8,00,00,00,00,00,00,00,00,
221000,000002C6,false,Rx,0,8,32,00,7C,01,00,00,00,00,
230000,00000625,false,Rx,0,8,25,00,59,86,01,54,5C,06,
291000,0000060D,false,Rx,0,8,0D,10,83,B6,09,20,70,00,
330000,00000625,false,Rx,0,8,25,00,59,86,01,54,5C,06,
391000,0000060D,false,Rx,0,8,0D,10,83,B6,09,20,70,00,
401000,00000054,false,Rx,0,8,01,05,0B,01,CE,02,00,00,
401000,00000055,false,Rx,0,8,10,27,00,00,00,00,00,00,
401000,00000056,false,Rx,0,8,10,27,00,00,00,00,00,00,
402000,00000057,false,Rx,0,8,00,00,FE,FF,FE,FF,00,00,
430000,00000625,false,Rx,0,8,25,00,59,86,01,54,5C,06,
440000,000002C4,false,Rx,0,8,09,20,00,00,CE,02,00,00,
441000,000002C5,false,Rx,0,8,00,00,00,00,00,00,00,00,
441000,000002C6,false,Rx,0,8,32,00,7C,01,00,00,00,00,
491000,0000060D,false,Rx,0,8,0D,10,83,B6,09,20,70,00,
530000,00000625,false,Rx,0,8,25,00,59,86,01,54,5C,06,
590000,0000060D,false,Rx,0,8,0D,10,83,B6,09,20,70,00,
601000,00000054,false,Rx,0,8,01,05,0B,01,CE,02,00,00,
601000,00000055,false,Rx,0,8,10,27,00,00,00,00,00,00,
0,00000056,false,Rx,0,8,10,27,00,00,00,00,00,00,
0,00000057,false,Rx,0,8,00,00,FE,FF,FE,FF,00,00,
630000,00000625,false,Rx,0,8,25,00,59,86,01,54,5C,06,
661000,000002C4,false,Rx,0,8,09,20,00,00,CE,02,00,00,
661000,000002C5,false,Rx,0,8,00,00,00,00,00,00,00,00,
661000,000002C6,false,Rx,0,8,32,00,7C,01,00,00,00,00,
692000,0000060D,false,Rx,0,8,0D,10,83,B6,09,20,70,00,
730000,00000625,false,Rx,0,8,25,00,59,86,01,54,5C,06,
791000,0000060D,false,Rx,0,8,0D,10,83,B6,09,20,70,00,
801000,00000054,false,Rx,0,8,01,05,0B,01,CE,02,00,00,
801000,00000055,false,Rx,0,8,10,27,00,00,00,00,00,00,
802000,00000056,false,Rx,0,8,10,27,00,00,00,00,00,00,
802000,00000057,false,Rx,0,8,00,00,FE,FF,FE,FF,00,00,
830000,00000625,false,Rx,0,8,25,00,59,86,01,54,5C,06,
881000,000002C4,false,Rx,0,8,09,20,00,00,CE,02,00,00,
882000,000002C5,false,Rx,0,8,00,00,00,00,00,00,00,00,
882000,000002C6,false,Rx,0,8,32,00,7C,01,00,00,00,00,
891000,0000060D,false,Rx,0,8,0D,10,83,B6,09,20,70,00,
931000,00000625,false,Rx,0,8,25,00,59,86,01,54,5C,06,
991000,0000060D,false,Rx,0,8,0D,10,83,B6,09,20,70,00,
0,00000054,false,Rx,0,8,01,05,0B,01,CE,02,00,00,
1000,00000055,false,Rx,0,8,10,27,00,00,00,00,00,00,
0,00000056,false,Rx,0,8,10,27,00,00,00,00,00,00,
0,00000057,false,Rx,0,8,00,00,FE,FF,FE,FF,00,00,
30000,00000625,false,Rx,0,8,25,00,59,86,01,54,5C,06,
91000,0000060D,false,Rx,0,8,0D,10,83,B6,09,20,70,00,
0,000002C4,false,Rx,0,8,09,20,00,00,CE,02,00,00,
0,000002C5,false,Rx,0,8,00,00,00,00,00,00,00,00,
102000,000002C6,false,Rx,0,8,32,00,7C,01,00,00,00,00,
130000,00000625,false,Rx,0,8,25,00,59,86,01,54,5C,06,
190000,0000060D,false,Rx,0,8,0D,10,83,B6,09,20,70,00,
202000,00000054,false,Rx,0,8,01,05,0B,01,CE,02,00,00,
202000,00000055,false,Rx,0,8,10,27,00,00,00,00,00,00,
202000,00000056,false,Rx,0,8,10,27,00,00,00,00,00,00,
202000,00000057,false,Rx,0,8,00,00,FE,FF,FE,FF,00,00,
230000,00000625,false,Rx,0,8,25,00,59,86,01,54,5C,06,
291000,0000060D,false,Rx,0,8,0D,10,83,B6,09,20,70,00,
320000,000002C4,false,Rx,0,8,09,20,00,00,CE,02,00,00,
321000,000002C5,false,Rx,0,8,00,00,00,00,00,00,00,00,
321000,000002C6,false,Rx,0,8,32,00,7C,01,00,00,00,00,
330000,00000625,false,Rx,0,8,25,00,59,86,01,54,5C,06,
391000,0000060D,false,Rx,0,8,0D,10,83,B6,09,20,70,00,
401000,00000054,false,Rx,0,8,01,05,0B,01,CE,02,00,00,
401000,00000055,false,Rx,0,8,10,27,00,00,00,00,00,00,
402000,00000056,false,Rx,0,8,10,27,00,00,00,00,00,00,
402000,00000057,false,Rx,0,8,00,00,FE,FF,FE,FF,00,00,
430000,00000625,false,Rx,0,8,25,00,59,86,01,54,5C,06,
491000,0000060D,false,Rx,0,8,0D,10,83,B6,09,20,70,00,
530000,00000625,false,Rx,0,8,25,00,59,86,01,54,5C,06,
540000,000002C4,false,Rx,0,8,09,20,00,00,CE,02,00,00,
541000,000002C5,false,Rx,0,8,00,00,00,00,00,00,00,00,
541000,000002C6,false,Rx,0,8,32,00,7C,01,00,00,00,00,
592000,0000060D,false,Rx,0,8,0D,10,83,B6,09,20,70,00,
601000,00000054,false,Rx,0,8,01,05,0B,01,CE,02,00,00,
601000,00000055,false,Rx,0,8,10,27,00,00,00,00,00,00,
601000,00000056,false,Rx,0,8,10,27,00,00,00,00,00,00,
601000,00000057,false,Rx,0,8,00,00,FE,FF,FE,FF,00,00,
630000,00000625,false,Rx,0,8,25,00,59,86,01,54,5C,06,
691000,0000060D,false,Rx,0,8,0D,10,83,B6,09,20,70,00,
729000,00000625,false,Rx,0,8,25,00,59,86,01,54,5C,06,
761000,000002C4,false,Rx,0,8,09,20,00,00,CE,02,00,00,
761000,000002C5,false,Rx,0,8,00,00,00,00,00,00,00,00,
762000,000002C6,false,Rx,0,8,32,00,7C,01,00,00,00,00,
791000,0000060D,false,Rx,0,8,0D,10,83,B6,09,20,70,00,
800000,00000054,false,Rx,0,8,01,05,0B,01,CE,02,00,00,
801000,00000055,false,Rx,0,8,10,27,00,00,00,00,00,00,
0,00000056,false,Rx,0,8,10,27,00,00,00,00,00,00,
0,00000057,false,Rx,0,8,00,00,FE,FF,FE,FF,00,00,
830000,00000625,false,Rx,0,8,25,00,59,86,01,54,5C,06,
892000,0000060D,false,Rx,0,8,0D,10,83,B6,09,20,70,00,
930000,00000625,false,Rx,0,8,25,00,59,86,01,54,5C,06,
982000,000002C4,false,Rx,0,8,09,20,00,00,CE,02,00,00,
982000,000002C5,false,Rx,0,8,00,00,00,00,00,00,00,00,
982000,000002C6,false,Rx,0,8,32,00,7C,01,00,00,00,00,
991000,0000060D,false,Rx,0,8,0D,10,83,B6,09,20,70,00,
0,00000054,false,Rx,0,8,01,05,0B,01,CE,02,00,00,
0,00000055,false,Rx,0,8,10,27,00,00,00,00,00,00,
0,00000056,false,Rx,0,8,10,27,00,00,00,00,00,00,
2000,00000057,false,Rx,0,8,00,00,FE,FF,FE,FF,00,00,
30000,00000625,false,Rx,0,8,25,00,59,86,01,54,5C,06,
92000,0000060D,false,Rx,0,8,0D,10,83,B6,09,20,70,00,
130000,00000625,false,Rx,0,8,25,00,59,86,01,54,5C,06,
191000,0000060D,false,Rx,0,8,0D,10,83,B6,09,20,70,00,
201000,00000054,false,Rx,0,8,01,05,0B,01,CE,02,00,00,
201000,000002C4,false,Rx,0,8,09,20,00,00,CE,02,00,00,
201000,00000055,false,Rx,0,8,10,27,00,00,00,00,00,00,
202000,000002C5,false,Rx,0,8,00,00,00,00,00,00,00,00,
0,00000056,false,Rx,0,8,10,27,00,00,00,00,00,00,
0,000002C6,false,Rx,0,8,32,00,7C,01,00,00,00,00,
203000,00000057,false,Rx,0,8,00,00,FE,FF,FE,FF,00,00,
230000,00000625,false,Rx,0,8,25,00,59,86,01,54,5C,06,
291000,0000060D,false,Rx,0,8,0D,10,83,B6,09,20,70,00,
329000,00000625,false,Rx,0,8,25,00,59,86,01,54,5C,06,
392000,0000060D,false,Rx,0,8,0D,10,83,B6,09,20,70,00,
401000,00000054,false,Rx,0,8,01,05,0B,01,CE,02,00,00,
401000,00000055,false,Rx,0,8,10,27,00,00,00,00,00,00,
402000,00000056,false,Rx,0,8,10,27,00,00,00,00,00,00,
402000,00000057,false,Rx,0,8,00,00,FE,FF,FE,FF,00,00,
421000,000002C4,false,Rx,0,8,09,20,00,00,CE,02,00,00,
0,000002C5,false,Rx,0,8,00,00,00,00,00,00,00,00,
0,000002C6,false,Rx,0,8,32,00,7C,01,00,00,00,00,
429000,00000625,false,Rx,0,8,25,00,59,86,01,54,5C,06,
492000,0000060D,false,Rx,0,8,0D,10,83,B6,09,20,70,00,
530000,00000625,false,Rx,0,8,25,00,59,86,01,54,5C,06,
591000,0000060D,false,Rx,0,8,0D,10,83,B6,09,20,70,00,
601000,00000054,false,Rx,0,8,01,05,0B,01,CE,02,00,00,
601000,00000055,false,Rx,0,8,10,27,00,00,00,00,00,00,
601000,00000056,false,Rx,0,8,10,27,00,00,00,00,00,00,
602000,00000057,false,Rx,0,8,00,00,FE,FF,FE,FF,00,00,
630000,00000625,false,Rx,0,8,25,00,59,86,01,54,5C,06,
0,000002C4,false,Rx,0,8,09,20,00,00,CE,02,00,00,
0,000002C5,false,Rx,0,8,00,00,00,00,00,00,00,00,
642000,000002C6,false,Rx,0,8,32,00,7C,01,00,00,00,00,
692000,0000060D,false,Rx,0,8,0D,10,83,B6,09,20,70,00,
732000,00000625,false,Rx,0,8,25,00,59,86,01,54,5C,06,
791000,0000060D,false,Rx,0,8,0D,10,83,B6,09,20,70,00,
801000,00000054,false,Rx,0,8,01,05,0B,01,CE,02,00,00,
801000,00000055,false,Rx,0,8,10,27,00,00,00,00,00,00,
801000,00000056,false,Rx,0,8,10,27,00,00,00,00,00,00,
802000,00000057,false,Rx,0,8,00,00,FE,FF,FE,FF,00,00,
829000,00000625,false,Rx,0,8,25,00,59,86,01,54,5C,06,
0,000002C4,false,Rx,0,8,09,20,00,00,CE,02,00,00,
0,000002C5,false,Rx,0,8,00,00,00,00,00,00,00,00,
862000,000002C6,false,Rx,0,8,32,00,7C,01,00,00,00,00,
892000,0000060D,false,Rx,0,8,0D,10,83,B6,09,20,70,00,
930000,00000625,false,Rx,0,8,25,00,59,86,01,54,5C,06,
991000,0000060D,false,Rx,0,8,0D,10,83,B6,09,20,70,00,
0,00000054,false,Rx,0,8,01,05,0B,01,CE,02,00,00,
0,00000055,false,Rx,0,8,10,27,00,00,00,00,00,00,
0,00000056,false,Rx,0,8,10,27,00,00,00,00,00,00,
0,00000057,false,Rx,0,8,00,00,FE,FF,FE,FF,00,00,
29000,00000625,false,Rx,0,8,25,00,59,86,01,54,5C,06,
81000,000002C4,false,Rx,0,8,09,20,00,00,CE,02,00,00,
81000,000002C5,false,Rx,0,8,00,00,00,00,00,00,00,00,
82000,000002C6,false,Rx,0,8,32,00,7C,01,00,00,00,00,
92000,0000060D,false,Rx,0,8,0D,10,83,B6,09,20,70,00,
130000,00000625,false,Rx,0,8,25,00,59,86,01,54,5C,06,
192000,0000060D,false,Rx,0,8,0D,10,83,B6,09,20,70,00,
0,00000054,false,Rx,0,8,01,05,0B,01,CE,02,00,00,
0,00000055,false,Rx,0,8,10,27,00,00,00,00,00,00,
0,00000056,false,Rx,0,8,10,27,00,00,00,00,00,00,
0,00000057,false,Rx,0,8,00,00,FE,FF,FE,FF,00,00,
230000,00000625,false,Rx,0,8,25,00,59,86,01,54,5C,06,
291000,0000060D,false,Rx,0,8,0D,10,83,B6,09,20,70,00,
301000,000002C4,false,Rx,0,8,09,20,00,00,CE,02,00,00,
301000,000002C5,false,Rx,0,8,00,00,00,00,00,00,00,00,
302000,000002C6,false,Rx,0,8,32,00,7C,01,00,00,00,00,
330000,00000625,false,Rx,0,8,25,00,59,86,01,54,5C,06,
392000,0000060D,false,Rx,0,8,0D,10,83,B6,09,20,70,00,
401000,00000054,false,Rx,0,8,01,05,0B,01,CE,02,00,00,
401000,00000055,false,Rx,0,8,10,27,00,00,00,00,00,00,
401000,00000056,false,Rx,0,8,10,27,00,00,00,00,00,00,
401000,00000057,false,Rx,0,8,00,00,FE,FF,FE,FF,00,00,
430000,00000625,false,Rx,0,8,25,00,59,86,01,54,5C,06,
491000,0000060D,false,Rx,0,8,0D,10,83,B6,09,20,70,00,
0,000002C4,false,Rx,0,8,09,20,00,00,CE,02,00,00,
0,000002C5,false,Rx,0,8,00,00,00,00,00,00,00,00,
522000,000002C6,false,Rx,0,8,32,00,7C,01,00,00,00,00,
530000,00000625,false,Rx,0,8,25,00,59,86,01,54,5C,06,
591000,0000060D,false,Rx,0,8,0D,10,83,B6,09,20,70,00,
600000,00000054,false,Rx,0,8,01,05,0B,01,CE,02,00,00,
601000,00000055,false,Rx,0,8,10,27,00,00,00,00,00,00,
601000,00000056,false,Rx,0,8,10,27,00,00,00,00,00,00,
601000,00000057,false,Rx,0,8,00,00,FE,FF,FE,FF,00,00,
630000,00000625,false,Rx,0,8,25,00,59,86,01,54,5C,06,
691000,0000060D,false,Rx,0,8,0D,10,83,B6,09,20,70,00,
730000,00000625,false,Rx,0,8,25,00,59,86,01,54,5C,06,
741000,000002C4,false,Rx,0,8,09,20,00,00,CE,02,00,00,
741000,000002C5,false,Rx,0,8,00,00,00,00,00,00,00,00,
741000,000002C6,false,Rx,0,8,32,00,7C,01,00,00,00,00,
791000,0000060D,false,Rx,0,8,0D,10,83,B6,09,20,70,00,
0,00000054,false,Rx,0,8,01,05,0B,01,CE,02,00,00,
0,00000055,false,Rx,0,8,10,27,00,00,00,00,00,00,
0,00000056,false,Rx,0,8,10,27,00,00,00,00,00,00,
802000,00000057,false,Rx,0,8,00,00,FE,FF,FE,FF,00,00,
829000,00000625,false,Rx,0,8,25,00,59,86,01,54,5C,06,
892000,0000060D,false,Rx,0,8,0D,10,83,B6,09,20,70,00,
929000,00000625,false,Rx,0,8,25,00,59,86,01,54,5C,06,
961000,000002C4,false,Rx,0,8,09,20,00,00,CE,02,00,00,
962000,000002C5,false,Rx,0,8,00,00,00,00,00,00,00,00,
962000,000002C6,false,Rx,0,8,32,00,7C,01,00,00,00,00,
991000,0000060D,false,Rx,0,8,0D,10,83,B6,09,20,70,00,
0,00000054,false,Rx,0,8,01,05,0B,01,CE,02,00,00,
0,00000055,false,Rx,0,8,10,27,00,00,00,00,00,00,
0,00000056,false,Rx,0,8,10,27,00,00,00,00,00,00,
2000,00000057,false,Rx,0,8,00,00,FE,FF,FE,FF,00,00,
30000,00000625,false,Rx,0,8,25,00,59,86,01,54,5C,06,
91000,0000060D,false,Rx,0,8,0D,10,83,B6,09,20,70,00,
130000,00000625,false,Rx,0,8,25,00,59,86,01,54,5C,06,
181000,000002C4,false,Rx,0,8,09,20,00,00,CE,02,00,00,
181000,000002C5,false,Rx,0,8,00,00,00,00,00,00,00,00,
182000,000002C6,false,Rx,0,8,32,00,7C,01,00,00,00,00,
192000,0000060D,false,Rx,0,8,0D,10,83,B6,09,20,70,00,
201000,00000054,false,Rx,0,8,01,05,0B,01,CE,02,00,00,
201000,00000055,false,Rx,0,8,10,27,00,00,00,00,00,00,
201000,00000056,false,Rx,0,8,10,27,00,00,00,00,00,00,
202000,00000057,false,Rx,0,8,00,00,FE,FF,FE,FF,00,00,
230000,00000625,false,Rx,0,8,25,00,59,86,01,54,5C,06,
291000,0000060D,false,Rx,0,8,0D,10,83,B6,09,20,70,00,
329000,00000625,false,Rx,0,8,25,00,59,86,01,54,5C,06,
391000,0000060D,false,Rx,0,8,0D,10,83,B6,09,20,70,00,
401000,00000054,false,Rx,0,8,01,05,0B,01,CE,02,00,00,
401000,000002C4,false,Rx,0,8,09,20,00,00,CE,02,00,00,
401000,00000055,false,Rx,0,8,10,27,00,00,00,00,00,00,
401000,000002C5,false,Rx,0,8,00,00,00,00,00,00,00,00,
402000,00000056,false,Rx,0,8,10,27,00,00,00,00,00,00,
402000,000002C6,false,Rx,0,8,32,00,7C,01,00,00,00,00,
402000,00000057,false,Rx,0,8,00,00,FE,FF,FE,FF,00,00,
430000,00000625,false,Rx,0,8,25,00,59,86,01,54,5C,06,
491000,0000060D,false,Rx,0,8,0D,10,83,B6,09,20,70,00,
530000,00000625,false,Rx,0,8,25,00,59,86,01,54,5C,06,
591000,0000060D,false,Rx,0,8,0D,10,83,B6,09,20,70,00,
600000,00000054,false,Rx,0,8,01,05,0B,01,CE,02,00,00,
601000,00000055,false,Rx,0,8,10,27,00,00,00,00,00,00,
0,00000056,false,Rx,0,8,10,27,00,00,00,00,00,00,
0,00000057,false,Rx,0,8,00,00,FE,FF,FE,FF,00,00,
622000,000002C4,false,Rx,0,8,09,20,00,00,CE,02,00,00,
622000,000002C5,false,Rx,0,8,00,00,00,00,00,00,00,00,
622000,000002C6,false,Rx,0,8,32,00,7C,01,00,00,00,00,
630000,00000625,false,Rx,0,8,25,00,59,86,01,54,5C,06,
692000,0000060D,false,Rx,0,8,0D,10,83,B6,09,20,70,00,
730000,00000625,false,Rx,0,8,25,00,59,86,01,54,5C,06,
791000,0000060D,false,Rx,0,8,0D,10,83,B6,09,20,70,00,
801000,00000054,false,Rx,0,8,01,05,0B,01,CE,02,00,00,
801000,00000055,false,Rx,0,8,10,27,00,00,00,00,00,00,
802000,00000056,false,Rx,0,8,10,27,00,00,00,00,00,00,
802000,00000057,false,Rx,0,8,00,00,FE,FF,FE,FF,00,00,
830000,00000625,false,Rx,0,8,25,00,59,86,01,54,5C,06,
841000,000002C4,false,Rx,0,8,09,20,00,00,CE,02,00,00,
841000,000002C5,false,Rx,0,8,00,00,00,00,00,00,00,00,
841000,000002C6,false,Rx,0,8,32,00,7C,01,00,00,00,00,
892000,0000060D,false,Rx,0,8,0D,10,83,B6,09,20,70,00,
930000,00000625,false,Rx,0,8,25,00,59,86,01,54,5C,06,
991000,0000060D,false,Rx,0,8,0D,10,83,B6,09,20,70,00,
0,00000054,false,Rx,0,8,01,05,0B,01,CE,02,00,00,
0,00000055,false,Rx,0,8,10,27,00,00,00,00,00,00,
0,00000056,false,Rx,0,8,10,27,00,00,00,00,00,00,
2000,00000057,false,Rx,0,8,00,00,FE,FF,FE,FF,00,00,
30000,00000625,false,Rx,0,8,25,00,59,86,01,54,5C,06,
61000,000002C4,false,Rx,0,8,09,20,00,00,CE,02,00,00,
62000,000002C5,false,Rx,0,8,00,00,00,00,00,00,00,00,
62000,000002C6,false,Rx,0,8,32,00,7C,01,00,00,00,00,
91000,0000060D,false,Rx,0,8,0D,10,83,B6,09,20,70,00,
129000,00000625,false,Rx,0,8,25,00,59,86,01,54,5C,06,
191000,0000060D,false,Rx,0,8,0D,10,83,B6,09,20,70,00,
201000,00000054,false,Rx,0,8,01,05,0B,01,CE,02,00,00,
201000,00000055,false,Rx,0,8,10,27,00,00,00,00,00,00,
201000,00000056,false,Rx,0,8,10,27,00,00,00,00,00,00,
202000,00000057,false,Rx,0,8,00,00,FE,FF,FE,FF,00,00,
230000,00000625,false,Rx,0,8,25,00,59,86,01,54,5C,06,
0,000002C4,false,Rx,0,8,09,20,00,00,CE,02,00,00,
0,000002C5,false,Rx,0,8,00,00,00,00,00,00,00,00,
282000,000002C6,false,Rx,0,8,32,00,7C,01,00,00,00,00,
291000,0000060D,false,Rx,0,8,0D,10,83,B6,09,20,70,00,
329000,00000625,false,Rx,0,8,25,00,59,86,01,54,5C,06,
391000,0000060D,false,Rx,0,8,0D,10,83,B6,09,20,70,00,
401000,00000054,false,Rx,0,8,01,05,0B,01,CE,02,00,00,
401000,00000055,false,Rx,0,8,10,27,00,00,00,00,00,00,
401000,00000056,false,Rx,0,8,10,27,00,00,00,00,00,00,
401000,00000057,false,Rx,0,8,00,00,FE,FF,FE,FF,00,00,
430000,00000625,false,Rx,0,8,25,00,59,86,01,54,5C,06,
491000,0000060D,false,Rx,0,8,0D,10,83,B6,09,20,70,00,
0,000002C4,false,Rx,0,8,09,20,00,00,CE,02,00,00,
0,000002C5,false,Rx,0,8,00,00,00,00,00,00,00,00,
502000,000002C6,false,Rx,0,8,32,00,7C,01,00,00,00,00,
530000,00000625,false,Rx,0,8,25,00,59,86,01,54,5C,06,
591000,0000060D,false,Rx,0,8,0D,10,83,B6,09,20,70,00,
0,00000054,false,Rx,0,8,01,05,0B,01,CE,02,00,00,
0,00000055,false,Rx,0,8,10,27,00,00,00,00,00,00,
602000,00000056,false,Rx,0,8,10,27,00,00,00,00,00,00,
602000,00000057,false,Rx,0,8,00,00,FE,FF,FE,FF,00,00,
630000,00000625,false,Rx,0,8,25,00,59,86,01,54,5C,06,
691000,0000060D,false,Rx,0,8,0D,10,83,B6,09,20,70,00,
0,000002C4,false,Rx,0,8,09,20,00,00,CE,02,00,00,
0,000002C5,false,Rx,0,8,00,00,00,00,00,00,00,00,
722000,000002C6,false,Rx,0,8,32,00,7C,01,00,00,00,00,
730000,00000625,false,Rx,0,8,25,00,59,86,01,54,5C,06,
791000,0000060D,false,Rx,0,8,0D,10,83,B6,09,20,70,00,
800000,00000054,false,Rx,0,8,01,05,0B,01,CE,02,00,00,
801000,00000055,false,Rx,0,8,10,27,00,00,00,00,00,00,
801000,00000056,false,Rx,0,8,10,27,00,00,00,00,00,00,
801000,00000057,false,Rx,0,8,00,00,FE,FF,FE,FF,00,00,
829000,00000625,false,Rx,0,8,25,00,59,86,01,54,5C,06,
891000,0000060D,false,Rx,0,8,0D,10,83,B6,09,20,70,00,
930000,00000625,false,Rx,0,8,25,00,59,86,01,54,5C,06,
941000,000002C4,false,Rx,0,8,09,20,00,00,CE,02,00,00,
941000,000002C5,false,Rx,0,8,00,00,00,00,00,00,00,00,
942000,000002C6,false,Rx,0,8,32,00,7C,01,00,00,00,00,
991000,0000060D,false,Rx,0,8,0D,10,83,B6,09,20,70,00,
1000,00000054,false,Rx,0,8,01,05,0B,01,CE,02,00,00,
1000,00000055,false,Rx,0,8,10,27,00,00,00,00,00,00,
2000,00000056,false,Rx,0,8,10,27,00,00,00,00,00,00,
2000,00000057,false,Rx,0,8,00,00,FE,FF,FE,FF,00,00,
30000,00000625,false,Rx,0,8,25,00,59,86,01,54,5C,06,
91000,0000060D,false,Rx,0,8,0D,10,83,B6,09,20,70,00,
131000,00000625,false,Rx,0,8,25,00,59,86,01,54,5C,06,
161000,000002C4,false,Rx,0,8,09,20,00,00,CE,02,00,00,
161000,000002C5,false,Rx,0,8,00,00,00,00,00,00,00,00,
162000,000002C6,false,Rx,0,8,32,00,7C,01,00,00,00,00,
191000,0000060D,false,Rx,0,8,0D,10,83,B6,09,20,70,00,
0,00000054,false,Rx,0,8,01,05,0B,01,CE,02,00,00,
0,00000055,false,Rx,0,8,10,27,00,00,00,00,00,00,
201000,00000056,false,Rx,0,8,10,27,00,00,00,00,00,00,
202000,00000057,false,Rx,0,8,00,00,FE,FF,FE,FF,00,00,
230000,00000625,false,Rx,0,8,25,00,59,86,01,54,5C,06,
291000,0000060D,false,Rx,0,8,0D,10,83,B6,09,20,70,00,
330000,00000625,false,Rx,0,8,25,00,59,86,01,54,5C,06,
381000,000002C4,false,Rx,0,8,09,20,00,00,CE,02,00,00,
381000,000002C5,false,Rx,0,8,00,00,00,00,00,00,00,00,
381000,000002C6,false,Rx,0,8,32,00,7C,01,00,00,00,00,
392000,0000060D,false,Rx,0,8,0D,10,83,B6,09,20,70,00,
401000,00000054,false,Rx,0,8,01,05,0B,01,CE,02,00,00,
401000,00000055,false,Rx,0,8,10,27,00,00,00,00,00,00,
401000,00000056,false,Rx,0,8,10,27,00,00,00,00,00,00,
401000,00000057,false,Rx,0,8,00,00,FE,FF,FE,FF,00,00,
430000,00000625,false,Rx,0,8,25,00,59,86,01,54,5C,06,
491000,0000060D,false,Rx,0,8,0D,10,83,B6,09,20,70,00,
530000,00000625,false,Rx,0,8,25,00,59,86,01,54,5C,06,
592000,0000060D,false,Rx,0,8,0D,10,83,B6,09,20,70,00,
601000,00000054,false,Rx,0,8,01,05,0B,01,CE,02,00,00,
601000,000002C4,false,Rx,0,8,09,20,00,00,CE,02,00,00,
0,00000055,false,Rx,0,8,10,27,00,00,00,00,00,00,
0,000002C5,false,Rx,0,8,00,00,00,00,00,00,00,00,
0,00000056,false,Rx,0,8,10,27,00,00,00,00,00,00,
0,000002C6,false,Rx,0,8,32,00,7C,01,00,00,00,00,
602000,00000057,false,Rx,0,8,00,00,FE,FF,FE,FF,00,00,
630000,00000625,false,Rx,0,8,25,00,59,86,01,54,5C,06,
691000,0000060D,false,Rx,0,8,0D,10,83,B6,09,20,70,00,
730000,00000625,false,Rx,0,8,25,00,59,86,01,54,5C,06,
791000,0000060D,false,Rx,0,8,0D,10,83,B6,09,20,70,00,
800000,00000054,false,Rx,0,8,01,05,0B,01,CE,02,00,00,
801000,00000055,false,Rx,0,8,10,27,00,00,00,00,00,00,
0,00000056,false,Rx,0,8,10,27,00,00,00,00,00,00,
0,00000057,false,Rx,0,8,00,00,FE,FF,FE,FF,00,00,
821000,000002C4,false,Rx,0,8,09,20,00,00,CE,02,00,00,
821000,000002C5,false,Rx,0,8,00,00,00,00,00,00,00,00,
822000,000002C6,false,Rx,0,8,32,00,7C,01,00,00,00,00,
829000,00000625,false,Rx,0,8,25,00,59,86,01,54,5C,06,
891000,0000060D,false,Rx,0,8,0D,10,83,B6,09,20,70,00,
930000,00000625,false,Rx,0,8,25,00,59,86,01,54,5C,06,
992000,0000060D,false,Rx,0,8,0D,10,83,B6,09,20,70,00,
0,00000054,false,Rx,0,8,01,05,0B,01,CE,02,00,00,
0,00000055,false,Rx,0,8,10,27,00,00,00,00,00,00,
0,00000056,false,Rx,0,8,10,27,00,00,00,00,00,00,
3000,00000057,false,Rx,0,8,00,00,FE,FF,FE,FF,00,00,
29000,00000625,false,Rx,0,8,25,00,59,86,01,54,5C,06,
41000,000002C4,false,Rx,0,8,09,20,00,00,CE,02,00,00,
41000,000002C5,false,Rx,0,8,00,00,00,00,00,00,00,00,
42000,000002C6,false,Rx,0,8,32,00,7C,01,00,00,00,00,
91000,0000060D,false,Rx,0,8,0D,10,83,B6,09,20,70,00,
130000,00000625,false,Rx,0,8,25,00,59,86,01,54,5C,06,
192000,0000060D,false,Rx,0,8,0D,10,83,B6,09,20,70,00,
201000,00000054,false,Rx,0,8,01,05,0B,01,CE,02,00,00,
201000,00000055,false,Rx,0,8,10,27,00,00,00,00,00,00,
202000,00000056,false,Rx,0,8,10,27,00,00,00,00,00,00,
202000,00000057,false,Rx,0,8,00,00,FE,FF,FE,FF,00,00,
230000,00000625,false,Rx,0,8,25,00,59,86,01,54,5C,06,
261000,000002C4,false,Rx,0,8,09,20,00,00,CE,02,00,00,
261000,000002C5,false,Rx,0,8,00,00,00,00,00,00,00,00,
262000,000002C6,false,Rx,0,8,32,00,7C,01,00,00,00,00,
291000,0000060D,false,Rx,0,8,0D,10,83,B6,09,20,70,00,
330000,00000625,false,Rx,0,8,25,00,59,86,01,54,5C,06,
392000,0000060D,false,Rx,0,8,0D,10,83,B6,09,20,70,00,
401000,00000054,false,Rx,0,8,01,05,0B,01,CE,02,00,00,
401000,00000055,false,Rx,0,8,10,27,00,00,00,00,00,00,
401000,00000056,false,Rx,0,8,10,27,00,00,00,00,00,00,
402000,00000057,false,Rx,0,8,00,00,FE,FF,FE,FF,00,00,
431000,00000625,false,Rx,0,8,25,00,59,86,01,54,5C,06,
481000,000002C4,false,Rx,0,8,09,20,00,00,CE,02,00,00,
482000,000002C5,false,Rx,0,8,00,00,00,00,00,00,00,00,
482000,000002C6,false,Rx,0,8,32,00,7C,01,00,00,00,00,
492000,0000060D,false,Rx,0,8,0D,10,83,B6,09,20,70,00,
530000,00000625,false,Rx,0,8,25,00,59,86,01,54,5C,06,
591000,0000060D,false,Rx,0,8,0D,10,83,B6,09,20,70,00,
601000,00000054,false,Rx,0,8,01,05,0B,01,CE,02,00,00,
601000,00000055,false,Rx,0,8,10,27,00,00,00,00,00,00,
601000,00000056,false,Rx,0,8,10,27,00,00,00,00,00,00,
601000,00000057,false,Rx,0,8,00,00,FE,FF,FE,FF,00,00,
630000,00000625,false,Rx,0,8,25,00,59,86,01,54,5C,06,
692000,0000060D,false,Rx,0,8,0D,10,83,B6,09,20,70,00,
701000,000002C4,false,Rx,0,8,09,20,00,00,CE,02,00,00,
701000,000002C5,false,Rx,0,8,00,00,00,00,00,00,00,00,
702000,000002C6,false,Rx,0,8,32,00,7C,01,00,00,00,00,
730000,00000625,false,Rx,0,8,25,00,59,86,01,54,5C,06,
791000,0000060D,false,Rx,0,8,0D,10,83,B6,09,20,70,00,
801000,00000054,false,Rx,0,8,01,05,0B,01,CE,02,00,00,
801000,00000055,false,Rx,0,8,10,27,00,00,00,00,00,00,
801000,00000056,false,Rx,0,8,10,27,00,00,00,00,00,00,
802000,00000057,false,Rx,0,8,00,00,FE,FF,FE,FF,00,00,
830000,00000625,false,Rx,0,8,25,00,59,86,01,54,5C,06,
891000,0000060D,false,Rx,0,8,0D,10,83,B6,09,20,70,00,
0,000002C4,false,Rx,0,8,09,20,00,00,CE,02,00,00,
0,000002C5,false,Rx,0,8,00,00,00,00,00,00,00,00,
0,000002C6,false,Rx,0,8,32,00,7C,01,00,00,00,00,
930000,00000625,false,Rx,0,8,25,00,59,86,01,54,5C,06,
991000,0000060D,false,Rx,0,8,0D,10,83,B6,09,20,70,00,
0,00000054,false,Rx,0,8,01,05,0B,01,CE,02,00,00,
0,00000055,false,Rx,0,8,10,27,00,00,00,00,00,00,
2000,00000056,false,Rx,0,8,10,27,00,00,00,00,00,00,
3000,00000057,false,Rx,0,8,00,00,FE,FF,FE,FF,00,00,
29000,00000625,false,Rx,0,8,25,00,59,86,01,54,5C,06,
91000,0000060D,false,Rx,0,8,0D,10,83,B6,09,20,70,00,
131000,00000625,false,Rx,0,8,25,00,59,86,01,54,5C,06,
0,000002C4,false,Rx,0,8,09,20,00,00,CE,02,00,00,
0,000002C5,false,Rx,0,8,00,00,00,00,00,00,00,00,
142000,000002C6,false,Rx,0,8,32,00,7C,01,00,00,00,00,
191000,0000060D,false,Rx,0,8,0D,10,83,B6,09,20,70,00,
201000,00000054,false,Rx,0,8,01,05,0B,01,CE,02,00,00,
201000,00000055,false,Rx,0,8,10,27,00,00,00,00,00,00,
202000,00000056,false,Rx,0,8,10,27,00,00,00,00,00,00,
202000,00000057,false,Rx,0,8,00,00,FE,FF,FE,FF,00,00,
230000,00000625,false,Rx,0,8,25,00,59,86,01,54,5C,06,
291000,0000060D,false,Rx,0,8,0D,10,83,B6,09,20,70,00,
330000,00000625,false,Rx,0,8,25,00,59,86,01,54,5C,06,
0,000002C4,false,Rx,0,8,09,20,00,00,CE,02,00,00,
0,000002C5,false,Rx,0,8,00,00,00,00,00,00,00,00,
362000,000002C6,false,Rx,0,8,32,00,7C,01,00,00,00,00,
392000,0000060D,false,Rx,0,8,0D,10,83,B6,09,20,70,00,
401000,00000054,false,Rx,0,8,01,05,0B,01,CE,02,00,00,
401000,00000055,false,Rx,0,8,10,27,00,00,00,00,00,00,
401000,00000056,false,Rx,0,8,10,27,00,00,00,00,00,00,
402000,00000057,false,Rx,0,8,00,00,FE,FF,FE,FF,00,00,
430000,00000625,false,Rx,0,8,25,00,59,86,01,54,5C,06,
491000,0000060D,false,Rx,0,8,0D,10,83,B6,09,20,70,00,
530000,00000625,false,Rx,0,8,25,00,59,86,01,54,5C,06,
581000,000002C4,false,Rx,0,8,09,20,00,00,CE,02,00,00,
582000,000002C5,false,Rx,0,8,00,00,00,00,00,00,00,00,
582000,000002C6,false,Rx,0,8,32,00,7C,01,00,00,00,00,
592000,0000060D,false,Rx,0,8,0D,10,83,B6,09,20,70,00,
601000,00000054,false,Rx,0,8,01,05,0B,01,CE,02,00,00,
601000,00000055,false,Rx,0,8,10,27,00,00,00,00,00,00,
601000,00000056,false,Rx,0,8,10,27,00,00,00,00,00,00,
602000,00000057,false,Rx,0,8,00,00,FE,FF,FE,FF,00,00,
630000,00000625,false,Rx,0,8,25,00,59,86,01,54,5C,06,
691000,0000060D,false,Rx,0,8,0D,10,83,B6,09,20,70,00,
730000,00000625,false,Rx,0,8,25,00,59,86,01,54,5C,06,
791000,0000060D,false,Rx,0,8,0D,10,83,B6,09,20,70,00,
801000,00000054,false,Rx,0,8,01,05,0B,01,CE,02,00,00,
801000,000002C4,false,Rx,0,8,09,20,00,00,CE,02,00,00,
802000,00000055,false,Rx,0,8,10,27,00,00,00,00,00,00,
0,000002C5,false,Rx,0,8,00,00,00,00,00,00,00,00,
0,00000056,false,Rx,0,8,10,27,00,00,00,00,00,00,
0,000002C6,false,Rx,0,8,32,00,7C,01,00,00,00,00,
803000,00000057,false,Rx,0,8,00,00,FE,FF,FE,FF,00,00,
830000,00000625,false,Rx,0,8,25,00,59,86,01,54,5C,06,
892000,0000060D,false,Rx,0,8,0D,10,83,B6,09,20,70,00,
930000,00000625,false,Rx,0,8,25,00,59,86,01,54,5C,06,
991000,0000060D,false,Rx,0,8,0D,10,83,B6,09,20,70,00,
0,00000054,false,Rx,0,8,01,05,0B,01,CE,02,00,00,
0,00000055,false,Rx,0,8,10,27,00,00,00,00,00,00,
1000,00000056,false,Rx,0,8,10,27,00,00,00,00,00,00,
2000,00000057,false,Rx,0,8,00,00,FE,FF,FE,FF,00,00,
21000,000002C4,false,Rx,0,8,09,20,00,00,CE,02,00,00,
21000,000002C5,false,Rx,0,8,00,00,00,00,00,00,00,00,
21000,000002C6,false,Rx,0,8,32,00,7C,01,00,00,00,00,
30000,00000625,false,Rx,0,8,25,00,59,86,01,54,5C,06,
91000,0000060D,false,Rx,0,8,0D,10,83,B6,09,20,70,00,
130000,00000625,false,Rx,0,8,25,00,59,86,01,54,5C,06,
192000,0000060D,false,Rx,0,8,0D,10,83,B6,09,20,70,00,
201000,00000054,false,Rx,0,8,01,05,0B,01,CE,02,00,00,
201000,00000055,false,Rx,0,8,10,27,00,00,00,00,00,00,
202000,00000056,false,Rx,0,8,10,27,00,00,00,00,00,00,
202000,00000057,false,Rx,0,8,00,00,FE,FF,FE,FF,00,00,
230000,00000625,false,Rx,0,8,25,00,59,86,01,54,5C,06,
241000,000002C4,false,Rx,0,8,09,20,00,00,CE,02,00,00,
241000,000002C5,false,Rx,0,8,00,00,00,00,00,00,00,00,
241000,000002C6,false,Rx,0,8,32,00,7C,01,00,00,00,00,
291000,0000060D,false,Rx,0,8,0D,10,83,B6,09,20,70,00,
330000,00000625,false,Rx,0,8,25,00,59,86,01,54,5C,06,
392000,0000060D,false,Rx,0,8,0D,10,83,B6,09,20,70,00,
401000,00000054,false,Rx,0,8,01,05,0B,01,CE,02,00,00,
401000,00000055,false,Rx,0,8,10,27,00,00,00,00,00,00,
402000,00000056,false,Rx,0,8,10,27,00,00,00,00,00,00,
402000,00000057,false,Rx,0,8,00,00,FE,FF,FE,FF,00,00,
430000,00000625,false,Rx,0,8,25,00,59,86,01,54,5C,06,
462000,000002C4,false,Rx,0,8,09,20,00,00,CE,02,00,00,
462000,000002C5,false,Rx,0,8,00,00,00,00,00,00,00,00,
462000,000002C6,false,Rx,0,8,32,00,7C,01,00,00,00,00,
491000,0000060D,false,Rx,0,8,0D,10,83,B6,09,20,70,00,
530000,00000625,false,Rx,0,8,25,00,59,86,01,54,5C,06,
591000,0000060D,false,Rx,0,8,0D,10,83,B6,09,20,70,00,
601000,00000054,false,Rx,0,8,01,05,0B,01,CE,02,00,00,
601000,00000055,false,Rx,0,8,10,27,00,00,00,00,00,00,
602000,00000056,false,Rx,0,8,10,27,00,00,00,00,00,00,
602000,00000057,false,Rx,0,8,00,00,FE,FF,FE,FF,00,00,
630000,00000625,false,Rx,0,8,25,00,59,86,01,54,5C,06,
682000,000002C4,false,Rx,0,8,09,20,00,00,CE,02,00,00,
682000,000002C5,false,Rx,0,8,00,00,00,00,00,00,00,00,
682000,000002C6,false,Rx,0,8,32,00,7C,01,00,00,00,00,
692000,0000060D,false,Rx,0,8,0D,10,83,B6,09,20,70,00,
730000,00000625,false,Rx,0,8,25,00,59,86,01,54,5C,06,
791000,0000060D,false,Rx,0,8,0D,10,83,B6,09,20,70,00,
801000,00000054,false,Rx,0,8,01,05,0B,01,CE,02,00,00,
801000,00000055,false,Rx,0,8,10,27,00,00,00,00,00,00,
802000,00000056,false,Rx,0,8,10,27,00,00,00,00,00,00,
802000,00000057,false,Rx,0,8,00,00,FE,FF,FE,FF,00,00,
831000,00000625,false,Rx,0,8,25,00,59,86,01,54,5C,06,
891000,0000060D,false,Rx,0,8,0D,10,83,B6,09,20,70,00,
901000,000002C4,false,Rx,0,8,09,20,00,00,CE,02,00,00,
901000,000002C5,false,Rx,0,8,00,00,00,00,00,00,00,00,
901000,000002C6,false,Rx,0,8,32,00,7C,01,00,00,00,00,
930000,00000625,false,Rx,0,8,25,00,59,86,01,54,5C,06,
992000,0000060D,false,Rx,0,8,0D,10,83,B6,09,20,70,00,
0,00000054,false,Rx,0,8,01,05,0B,01,CE,02,00,00,
0,00000055,false,Rx,0,8,10,27,00,00,00,00,00,00,
0,00000056,false,Rx,0,8,10,27,00,00,00,00,00,00,
3000,00000057,false,Rx,0,8,00,00,FE,FF,FE,FF,00,00,
31000,00000625,false,Rx,0,8,25,00,59,86,01,54,5C,06,
91000,0000060D,false,Rx,0,8,0D,10,83,B6,09,20,70,00,
121000,000002C4,false,Rx,0,8,09,20,00,00,CE,02,00,00,
122000,000002C5,false,Rx,0,8,00,00,00,00,00,00,00,00,
122000,000002C6,false,Rx,0,8,32,00,7C,01,00,00,00,00,
130000,00000625,false,Rx,0,8,25,00,59,86,01,54,5C,06,
192000,0000060D,false,Rx,0,8,0D,10,83,B6,09,20,70,00,
201000,00000054,false,Rx,0,8,01,05,0B,01,CE,02,00,00,
201000,00000055,false,Rx,0,8,10,27,00,00,00,00,00,00,
202000,00000056,false,Rx,0,8,10,27,00,00,00,00,00,00,
202000,00000057,false,Rx,0,8,00,00,FE,FF,FE,FF,00,00,
230000,00000625,false,Rx,0,8,25,00,59,86,01,54,5C,06,
291000,0000060D,false,Rx,0,8,0D,10,83,B6,09,20,70,00,
330000,00000625,false,Rx,0,8,25,00,59,86,01,54,5C,06,
341000,000002C4,false,Rx,0,8,09,20,00,00,CE,02,00,00,
342000,000002C5,false,Rx,0,8,00,00,00,00,00,00,00,00,
342000,000002C6,false,Rx,0,8,32,00,7C,01,00,00,00,00,
391000,0000060D,false,Rx,0,8,0D,10,83,B6,09,20,70,00,
401000,00000054,false,Rx,0,8,01,05,0B,01,CE,02,00,00,
401000,00000055,false,Rx,0,8,10,27,00,00,00,00,00,00,
401000,00000056,false,Rx,0,8,10,27,00,00,00,00,00,00,
401000,00000057,false,Rx,0,8,00,00,FE,FF,FE,FF,00,00,
430000,00000625,false,Rx,0,8,25,00,59,86,01,54,5C,06,
491000,0000060D,false,Rx,0,8,0D,10,83,B6,09,20,70,00,
530000,00000625,false,Rx,0,8,25,00,59,86,01,54,5C,06,
561000,000002C4,false,Rx,0,8,09,20,00,00,CE,02,00,00,
561000,000002C5,false,Rx,0,8,00,00,00,00,00,00,00,00,
562000,000002C6,false,Rx,0,8,32,00,7C,01,00,00,00,00,
591000,0000060D,false,Rx,0,8,0D,10,83,B6,09,20,70,00,
601000,00000054,false,Rx,0,8,01,05,0B,01,CE,02,00,00,
601000,00000055,false,Rx,0,8,10,27,00,00,00,00,00,00,
601000,00000056,false,Rx,0,8,10,27,00,00,00,00,00,00,
602000,00000057,false,Rx,0,8,00,00,FE,FF,FE,FF,00,00,
630000,00000625,false,Rx,0,8,25,00,59,86,01,54,5C,06,
692000,0000060D,false,Rx,0,8,0D,10,83,B6,09,20,70,00,
730000,00000625,false,Rx,0,8,25,00,59,86,01,54,5C,06,
781000,000002C4,false,Rx,0,8,09,20,00,00,CE,02,00,00,
781000,000002C5,false,Rx,0,8,00,00,00,00,00,00,00,00,
782000,000002C6,false,Rx,0,8,32,00,7C,01,00,00,00,00,
791000,0000060D,false,Rx,0,8,0D,10,83,B6,09,20,70,00,
801000,00000054,false,Rx,0,8,01,05,0B,01,CE,02,00,00,
801000,00000055,false,Rx,0,8,10,27,00,00,00,00,00,00,
801000,00000056,false,Rx,0,8,10,27,00,00,00,00,00,00,
802000,00000057,false,Rx,0,8,00,00,FE,FF,FE,FF,00,00,
830000,00000625,false,Rx,0,8,25,00,59,86,01,54,5C,06,
892000,0000060D,false,Rx,0,8,0D,10,83,B6,09,20,70,00,
930000,00000625,false,Rx,0,8,25,00,59,86,01,54,5C,06,
991000,0000060D,false,Rx,0,8,0D,10,83,B6,09,20,70,00,
0,00000054,false,Rx,0,8,01,05,0B,01,CE,02,00,00,
1000,000002C4,false,Rx,0,8,09,20,00,00,CE,02,00,00,
0,00000055,false,Rx,0,8,10,27,00,00,00,00,00,00,
0,000002C5,false,Rx,0,8,00,00,00,00,00,00,00,00,
1000,00000056,false,Rx,0,8,10,27,00,00,00,00,00,00,
2000,000002C6,false,Rx,0,8,32,00,7C,01,00,00,00,00,
2000,00000057,false,Rx,0,8,00,00,FE,FF,FE,FF,00,00,
31000,00000625,false,Rx,0,8,25,00,59,86,01,54,5C,06,
91000,0000060D,false,Rx,0,8,0D,10,83,B6,09,20,70,00,
130000,00000625,false,Rx,0,8,25,00,59,86,01,54,5C,06,
191000,0000060D,false,Rx,0,8,0D,10,83,B6,09,20,70,00,
201000,00000054,false,Rx,0,8,01,05,0B,01,CE,02,00,00,
201000,00000055,false,Rx,0,8,10,27,00,00,00,00,00,00,
202000,00000056,false,Rx,0,8,10,27,00,00,00,00,00,00,
203000,00000057,false,Rx,0,8,00,00,FE,FF,FE,FF,00,00,
222000,000002C4,false,Rx,0,8,09,20,00,00,CE,02,00,00,
222000,000002C5,false,Rx,0,8,00,00,00,00,00,00,00,00,
222000,000002C6,false,Rx,0,8,32,00,7C,01,00,00,00,00,
230000,00000625,false,Rx,0,8,25,00,59,86,01,54,5C,06,
291000,0000060D,false,Rx,0,8,0D,10,83,B6,09,20,70,00,
330000,00000625,false,Rx,0,8,25,00,59,86,01,54,5C,06,
391000,0000060D,false,Rx,0,8,0D,10,83,B6,09,20,70,00,
0,00000054,false,Rx,0,8,01,05,0B,01,CE,02,00,00,
0,00000055,false,Rx,0,8,10,27,00,00,00,00,00,00,
401000,00000056,false,Rx,0,8,10,27,00,00,00,00,00,00,
402000,00000057,false,Rx,0,8,00,00,FE,FF,FE,FF,00,00,
429000,00000625,false,Rx,0,8,25,00,59,86,01,54,5C,06,
441000,000002C4,false,Rx,0,8,09,20,00,00,CE,02,00,00,
441000,000002C5,false,Rx,0,8,00,00,00,00,00,00,00,00,
442000,000002C6,false,Rx,0,8,32,00,7C,01,00,00,00,00,
491000,0000060D,false,Rx,0,8,0D,10,83,B6,09,20,70,00,
531000,00000625,false,Rx,0,8,25,00,59,86,01,54,5C,06,
593000,0000060D,false,Rx,0,8,0D,10,83,B6,09,20,70,00,
600000,00000054,false,Rx,0,8,01,05,0B,01,CE,02,00,00,
601000,00000055,false,Rx,0,8,10,27,00,00,00,00,00,00,
601000,00000056,false,Rx,0,8,10,27,00,00,00,00,00,00,
601000,00000057,false,Rx,0,8,00,00,FE,FF,FE,FF,00,00,
630000,00000625,false,Rx,0,8,25,00,59,86,01,54,5C,06,
661000,000002C4,false,Rx,0,8,09,20,00,00,CE,02,00,00,
661000,000002C5,false,Rx,0,8,00,00,00,00,00,00,00,00,
661000,000002C6,false,Rx,0,8,32,00,7C,01,00,00,00,00,
691000,0000060D,false,Rx,0,8,0D,10,83,B6,09,20,70,00,
730000,00000625,false,Rx,0,8,25,00,59,86,01,54,5C,06,
791000,0000060D,false,Rx,0,8,0D,10,83,B6,09,20,70,00,
801000,00000054,false,Rx,0,8,01,05,0B,01,CE,02,00,00,
802000,00000055,false,Rx,0,8,10,27,00,00,00,00,00,00,
0,00000056,false,Rx,0,8,10,27,00,00,00,00,00,00,
0,00000057,false,Rx,0,8,00,00,FE,FF,FE,FF,00,00,
829000,00000625,false,Rx,0,8,25,00,59,86,01,54,5C,06,
882000,000002C4,false,Rx,0,8,09,20,00,00,CE,02,00,00,
882000,000002C5,false,Rx,0,8,00,00,00,00,00,00,00,00,
882000,000002C6,false,Rx,0,8,32,00,7C,01,00,00,00,00,
891000,0000060D,false,Rx,0,8,0D,10,83,B6,09,20,70,00,
930000,00000625,false,Rx,0,8,25,00,59,86,01,54,5C,06,
991000,0000060D,false,Rx,0,8,0D,10,83,B6,09,20,70,00,
1000,00000054,false,Rx,0,8,01,05,0B,01,CE,02,00,00,
1000,00000055,false,Rx,0,8,10,27,00,00,00,00,00,00,
2000,00000056,false,Rx,0,8,10,27,00,00,00,00,00,00,
2000,00000057,false,Rx,0,8,00,00,FE,FF,FE,FF,00,00,
31000,00000625,false,Rx,0,8,25,00,59,86,01,54,5C,06,
92000,0000060D,false,Rx,0,8,0D,10,83,B6,09,20,70,00,
102000,000002C4,false,Rx,0,8,09,20,00,00,CE,02,00,00,
102000,000002C5,false,Rx,0,8,00,00,00,00,00,00,00,00,
102000,000002C6,false,Rx,0,8,32,00,7C,01,00,00,00,00,
129000,00000625,false,Rx,0,8,25,00,59,86,01,54,5C,06,
192000,0000060D,false,Rx,0,8,0D,10,83,B6,09,20,70,00,
0,00000054,false,Rx,0,8,01,05,0B,01,CE,02,00,00,
0,00000055,false,Rx,0,8,10,27,00,00,00,00,00,00,
202000,00000056,false,Rx,0,8,10,27,00,00,00,00,00,00,
202000,00000057,false,Rx,0,8,00,00,FE,FF,FE,FF,00,00,
230000,00000625,false,Rx,0,8,25,00,59,86,01,54,5C,06,
291000,0000060D,false,Rx,0,8,0D,10,83,B6,09,20,70,00,
0,000002C4,false,Rx,0,8,09,20,00,00,CE,02,00,00,
0,000002C5,false,Rx,0,8,00,00,00,00,00,00,00,00,
321000,000002C6,false,Rx,0,8,32,00,7C,01,00,00,00,00,
329000,00000625,false,Rx,0,8,25,00,59,86,01,54,5C,06,
391000,0000060D,false,Rx,0,8,0D,10,83,B6,09,20,70,00,
401000,00000054,false,Rx,0,8,01,05,0B,01,CE,02,00,00,
401000,00000055,false,Rx,0,8,10,27,00,00,00,00,00,00,
402000,00000056,false,Rx,0,8,10,27,00,00,00,00,00,00,
402000,00000057,false,Rx,0,8,00,00,FE,FF,FE,FF,00,00,
429000,00000625,false,Rx,0,8,25,00,59,86,01,54,5C,06,
491000,0000060D,false,Rx,0,8,0D,10,83,B6,09,20,70,00,
530000,00000625,false,Rx,0,8,25,00,59,86,01,54,5C,06,
0,000002C4,false,Rx,0,8,09,20,00,00,CE,02,00,00,
0,000002C5,false,Rx,0,8,00,00,00,00,00,00,00,00,
542000,000002C6,false,Rx,0,8,32,00,7C,01,00,00,00,00,
592000,0000060D,false,Rx,0,8,0D,10,83,B6,09,20,70,00,
601000,00000054,false,Rx,0,8,01,05,0B,01,CE,02,00,00,
601000,00000055,false,Rx,0,8,10,27,00,00,00,00,00,00,
601000,00000056,false,Rx,0,8,10,27,00,00,00,00,00,00,
601000,00000057,false,Rx,0,8,00,00,FE,FF,FE,FF,00,00,
629000,00000625,false,Rx,0,8,25,00,59,86,01,54,5C,06,
691000,0000060D,false,Rx,0,8,0D,10,83,B6,09,20,70,00,
731000,00000625,false,Rx,0,8,25,00,59,86,01,54,5C,06,
761000,000002C4,false,Rx,0,8,09,20,00,00,CE,02,00,00,
761000,000002C5,false,Rx,0,8,00,00,00,00,00,00,00,00,
762000,000002C6,false,Rx,0,8,32,00,7C,01,00,00,00,00,
791000,0000060D,false,Rx,0,8,0D,10,83,B6,09,20,70,00,
801000,00000054,false,Rx,0,8,01,05,0B,01,CE,02,00,00,
801000,00000055,false,Rx,0,8,10,27,00,00,00,00,00,00,
802000,00000056,false,Rx,0,8,10,27,00,00,00,00,00,00,
802000,00000057,false,Rx,0,8,00,00,FE,FF,FE,FF,00,00,
830000,00000625,false,Rx,0,8,25,00,59,86,01,54,5C,06,
891000,0000060D,false,Rx,0,8,0D,10,83,B6,09,20,70,00,
930000,00000625,false,Rx,0,8,25,00,59,86,01,54,5C,06,
981000,000002C4,false,Rx,0,8,09,20,00,00,CE,02,00,00,
981000,000002C5,false,Rx,0,8,00,00,00,00,00,00,00,00,
981000,000002C6,false,Rx,0,8,32,00,7C,01,00,00,00,00,
991000,0000060D,false,Rx,0,8,0D,10,83,B6,09,20,70,00,
1000,00000054,false,Rx,0,8,01,05,0B,01,CE,02,00,00,
1000,00000055,false,Rx,0,8,10,27,00,00,00,00,00,00,
1000,00000056,false,Rx,0,8,10,27,00,00,00,00,00,00,
2000,00000057,false,Rx,0,8,00,00,FE,FF,FE,FF,00,00,
30000,00000625,false,Rx,0,8,25,00,59,86,01,54,5C,06,
91000,0000060D,false,Rx,0,8,0D,10,83,B6,09,20,70,00,
130000,00000625,false,Rx,0,8,25,00,59,86,01,54,5C,06,
192000,0000060D,false,Rx,0,8,0D,10,83,B6,09,20,70,00,
201000,00000054,false,Rx,0,8,01,05,0B,01,CE,02,00,00,
201000,00000055,false,Rx,0,8,10,27,00,00,00,00,00,00,
202000,000002C4,false,Rx,0,8,09,20,00,00,CE,02,00,00,
202000,00000056,false,Rx,0,8,10,27,00,00,00,00,00,00,
202000,000002C5,false,Rx,0,8,00,00,00,00,00,00,00,00,
202000,00000057,false,Rx,0,8,00,00,FE,FF,FE,FF,00,00,
203000,000002C6,false,Rx,0,8,32,00,7C,01,00,00,00,00,
230000,00000625,false,Rx,0,8,25,00,59,86,01,54,5C,06,
291000,0000060D,false,Rx,0,8,0D,10,83,B6,09,20,70,00,
330000,00000625,false,Rx,0,8,25,00,59,86,01,54,5C,06,
391000,0000060D,false,Rx,0,8,0D,10,83,B6,09,20,70,00,
401000,00000054,false,Rx,0,8,01,05,0B,01,CE,02,00,00,
401000,00000055,false,Rx,0,8,10,27,00,00,00,00,00,00,
0,00000056,false,Rx,0,8,10,27,00,00,00,00,00,00,
0,00000057,false,Rx,0,8,00,00,FE,FF,FE,FF,00,00,
421000,000002C4,false,Rx,0,8,09,20,00,00,CE,02,00,00,
421000,000002C5,false,Rx,0,8,00,00,00,00,00,00,00,00,
421000,000002C6,false,Rx,0,8,32,00,7C,01,00,00,00,00,
430000,00000625,false,Rx,0,8,25,00,59,86,01,54,5C,06,
491000,0000060D,false,Rx,0,8,0D,10,83,B6,09,20,70,00,
530000,00000625,false,Rx,0,8,25,00,59,86,01,54,5C,06,
591000,0000060D,false,Rx,0,8,0D,10,83,B6,09,20,70,00,
0,00000054,false,Rx,0,8,01,05,0B,01,CE,02,00,00,
0,00000055,false,Rx,0,8,10,27,00,00,00,00,00,00,
602000,00000056,false,Rx,0,8,10,27,00,00,00,00,00,00,
602000,00000057,false,Rx,0,8,00,00,FE,FF,FE,FF,00,00,
630000,00000625,false,Rx,0,8,25,00,59,86,01,54,5C,06,
0,000002C4,false,Rx,0,8,09,20,00,00,CE,02,00,00,
0,000002C5,false,Rx,0,8,00,00,00,00,00,00,00,00,
0,000002C6,false,Rx,0,8,32,00,7C,01,00,00,00,00,
692000,0000060D,false,Rx,0,8,0D,10,83,B6,09,20,70,00,
730000,00000625,false,Rx,0,8,25,00,59,86,01,54,5C,06,
791000,0000060D,false,Rx,0,8,0D,10,83,B6,09,20,70,00,
801000,00000054,false,Rx,0,8,01,05,0B,01,CE,02,00,00,
801000,00000055,false,Rx,0,8,10,27,00,00,00,00,00,00,
801000,00000056,false,Rx,0,8,10,27,00,00,00,00,00,00,
801000,00000057,false,Rx,0,8,00,00,FE,FF,FE,FF,00,00,
830000,00000625,false,Rx,0,8,25,00,59,86,01,54,5C,06,
861000,000002C4,false,Rx,0,8,09,20,00,00,CE,02,00,00,
861000,000002C5,false,Rx,0,8,00,00,00,00,00,00,00,00,
861000,000002C6,false,Rx,0,8,32,00,7C,01,00,00,00,00,
891000,0000060D,false,Rx,0,8,0D,10,83,B6,09,20,70,00,
930000,00000625,false,Rx,0,8,25,00,59,86,01,54,5C,06,
991000,0000060D,false,Rx,0,8,0D,10,83,B6,09,20,70,00,
0,00000054,false,Rx,0,8,01,05,0B,01,CE,02,00,00,
0,00000055,false,Rx,0,8,10,27,00,00,00,00,00,00,
0,00000056,false,Rx,0,8,10,27,00,00,00,00,00,00,
2000,00000057,false,Rx,0,8,00,00,FE,FF,FE,FF,00,00,
31000,00000625,false,Rx,0,8,25,00,59,86,01,54,5C,06,
81000,000002C4,false,Rx,0,8,09,20,00,00,CE,02,00,00,
81000,000002C5,false,Rx,0,8,00,00,00,00,00,00,00,00,
82000,000002C6,false,Rx,0,8,32,00,7C,01,00,00,00,00,
91000,0000060D,false,Rx,0,8,0D,10,83,B6,09,20,70,00,
130000,00000625,false,Rx,0,8,25,00,59,86,01,54,5C,06,
191000,0000060D,false,Rx,0,8,0D,10,83,B6,09,20,70,00,
201000,00000054,false,Rx,0,8,01,05,0B,01,CE,02,00,00,
201000,00000055,false,Rx,0,8,10,27,00,00,00,00,00,00,
201000,00000056,false,Rx,0,8,10,27,00,00,00,00,00,00,
202000,00000057,false,Rx,0,8,00,00,FE,FF,FE,FF,00,00,
231000,00000625,false,Rx,0,8,25,00,59,86,01,54,5C,06,
291000,0000060D,false,Rx,0,8,0D,10,83,B6,09,20,70,00,
301000,000002C4,false,Rx,0,8,09,20,00,00,CE,02,00,00,
302000,000002C5,false,Rx,0,8,00,00,00,00,00,00,00,00,
302000,000002C6,false,Rx,0,8,32,00,7C,01,00,00,00,00,
330000,00000625,false,Rx,0,8,25,00,59,86,01,54,5C,06,
391000,0000060D,false,Rx,0,8,0D,10,83,B6,09,20,70,00,
0,00000054,false,Rx,0,8,01,05,0B,01,CE,02,00,00,
0,00000055,false,Rx,0,8,10,27,00,00,00,00,00,00,
401000,00000056,false,Rx,0,8,10,27,00,00,00,00,00,00,
402000,00000057,false,Rx,0,8,00,00,FE,FF,FE,FF,00,00,
430000,00000625,false,Rx,0,8,25,00,59,86,01,54,5C,06,
491000,0000060D,false,Rx,0,8,0D,10,83,B6,09,20,70,00,
521000,000002C4,false,Rx,0,8,09,20,00,00,CE,02,00,00,
521000,000002C5,false,Rx,0,8,00,00,00,00,00,00,00,00,
522000,000002C6,false,Rx,0,8,32,00,7C,01,00,00,00,00,
530000,00000625,false,Rx,0,8,25,00,59,86,01,54,5C,06,
591000,0000060D,false,Rx,0,8,0D,10,83,B6,09,20,70,00,
601000,00000054,false,Rx,0,8,01,05,0B,01,CE,02,00,00,
601000,00000055,false,Rx,0,8,10,27,00,00,00,00,00,00,
602000,00000056,false,Rx,0,8,10,27,00,00,00,00,00,00,
602000,00000057,false,Rx,0,8,00,00,FE,FF,FE,FF,00,00,
629000,00000625,false,Rx,0,8,25,00,59,86,01,54,5C,06,
691000,0000060D,false,Rx,0,8,0D,10,83,B6,09,20,70,00,
730000,00000625,false,Rx,0,8,25,00,59,86,01,54,5C,06,
741000,000002C4,false,Rx,0,8,09,20,00,00,CE,02,00,00,
0,000002C5,false,Rx,0,8,00,00,00,00,00,00,00,00,
0,000002C6,false,Rx,0,8,32,00,7C,01,00,00,00,00,
791000,0000060D,false,Rx,0,8,0D,10,83,B6,09,20,70,00,
800000,00000054,false,Rx,0,8,01,05,0B,01,CE,02,00,00,
801000,00000055,false,Rx,0,8,10,27,00,00,00,00,00,00,
801000,00000056,false,Rx,0,8,10,27,00,00,00,00,00,00,
801000,00000057,false,Rx,0,8,00,00,FE,FF,FE,FF,00,00,
830000,00000625,false,Rx,0,8,25,00,59,86,01,54,5C,06,
892000,0000060D,false,Rx,0,8,0D,10,83,B6,09,20,70,00,
930000,00000625,false,Rx,0,8,25,00,59,86,01,54,5C,06,
962000,000002C4,false,Rx,0,8,09,20,00,00,CE,02,00,00,
962000,000002C5,false,Rx,0,8,00,00,00,00,00,00,00,00,
962000,000002C6,false,Rx,0,8,32,00,7C,01,00,00,00,00,
991000,0000060D,false,Rx,0,8,0D,10,83,B6,09,20,70,00,
0,00000054,false,Rx,0,8,01,05,0B,01,CE,02,00,00,
0,00000055,false,Rx,0,8,10,27,00,00,00,00,00,00,
2000,00000056,false,Rx,0,8,10,27,00,00,00,00,00,00,
2000,00000057,false,Rx,0,8,00,00,FE,FF,FE,FF,00,00,
31000,00000625,false,Rx,0,8,25,00,59,86,01,54,5C,06,
92000,0000060D,false,Rx,0,8,0D,10,83,B6,09,20,70,00,
131000,00000625,false,Rx,0,8,25,00,59,86,01,54,5C,06,
181000,000002C4,false,Rx,0,8,09,20,00,00,CE,02,00,00,
181000,000002C5,false,Rx,0,8,00,00,00,00,00,00,00,00,
181000,000002C6,false,Rx,0,8,32,00,7C,01,00,00,00,00,
192000,0000060D,false,Rx,0,8,0D,10,83,B6,09,20,70,00,
201000,00000054,false,Rx,0,8,01,05,0B,01,CE,02,00,00,
201000,00000055,false,Rx,0,8,10,27,00,00,00,00,00,00,
202000,00000056,false,Rx,0,8,10,27,00,00,00,00,00,00,
202000,00000057,false,Rx,0,8,00,00,FE,FF,FE,FF,00,00,
230000,00000625,false,Rx,0,8,25,00,59,86,01,54,5C,06,
291000,0000060D,false,Rx,0,8,0D,10,83,B6,09,20,70,00,
330000,00000625,false,Rx,0,8,25,00,59,86,01,54,5C,06,
392000,0000060D,false,Rx,0,8,0D,10,83,B6,09,20,70,00,
0,00000054,false,Rx,0,8,01,05,0B,01,CE,02,00,00,
0,00000055,false,Rx,0,8,10,27,00,00,00,00,00,00,
402000,000002C4,false,Rx,0,8,09,20,00,00,CE,02,00,00,
402000,00000056,false,Rx,0,8,10,27,00,00,00,00,00,00,
402000,000002C5,false,Rx,0,8,00,00,00,00,00,00,00,00,
402000,00000057,false,Rx,0,8,00,00,FE,FF,FE,FF,00,00,
402000,000002C6,false,Rx,0,8,32,00,7C,01,00,00,00,00,
430000,00000625,false,Rx,0,8,25,00,59,86,01,54,5C,06,
491000,0000060D,false,Rx,0,8,0D,10,83,B6,09,20,70,00,
530000,00000625,false,Rx,0,8,25,00,59,86,01,54,5C,06,
591000,0000060D,false,Rx,0,8,0D,10,83,B6,09,20,70,00,
0,00000054,false,Rx,0,8,01,05,0B,01,CE,02,00,00,
0,00000055,false,Rx,0,8,10,27,00,00,00,00,00,00,
602000,00000056,false,Rx,0,8,10,27,00,00,00,00,00,00,
602000,00000057,false,Rx,0,8,00,00,FE,FF,FE,FF,00,00,
621000,000002C4,false,Rx,0,8,09,20,00,00,CE,02,00,00,
621000,000002C5,false,Rx,0,8,00,00,00,00,00,00,00,00,
621000,000002C6,false,Rx,0,8,32,00,7C,01,00,00,00,00,
631000,00000625,false,Rx,0,8,25,00,59,86,01,54,5C,06,
692000,0000060D,false,Rx,0,8,0D,10,83,B6,09,20,70,00,
730000,00000625,false,Rx,0,8,25,00,59,86,01,54,5C,06,
791000,0000060D,false,Rx,0,8,0D,10,83,B6,09,20,70,00,
801000,00000054,false,Rx,0,8,01,05,0B,01,CE,02,00,00,
801000,00000055,false,Rx,0,8,10,27,00,00,00,00,00,00,
801000,00000056,false,Rx,0,8,10,27,00,00,00,00,00,00,
802000,00000057,false,Rx,0,8,00,00,FE,FF,FE,FF,00,00,
831000,00000625,false,Rx,0,8,25,00,59,86,01,54,5C,06,
841000,000002C4,false,Rx,0,8,09,20,00,00,CE,02,00,00,
842000,000002C5,false,Rx,0,8,00,00,00,00,00,00,00,00,
842000,000002C6,false,Rx,0,8,32,00,7C,01,00,00,00,00,
892000,0000060D,false,Rx,0,8,0D,10,83,B6,09,20,70,00,
930000,00000625,false,Rx,0,8,25,00,59,86,01,54,5C,06,
991000,0000060D,false,Rx,0,8,0D,10,83,B6,09,20,70,00,
0,00000054,false,Rx,0,8,01,05,0B,01,CE,02,00,00,
0,00000055,false,Rx,0,8,10,27,00,00,00,00,00,00,
1000,00000056,false,Rx,0,8,10,27,00,00,00,00,00,00,
1000,00000057,false,Rx,0,8,00,00,FE,FF,FE,FF,00,00,
30000,00000625,false,Rx,0,8,25,00,59,86,01,54,5C,06,
61000,000002C4,false,Rx,0,8,09,20,00,00,CE,02,00,00,
61000,000002C5,false,Rx,0,8,00,00,00,00,00,00,00,00,
62000,000002C6,false,Rx,0,8,32,00,7C,01,00,00,00,00,
91000,0000060D,false,Rx,0,8,0D,10,83,B6,09,20,70,00,
131000,00000625,false,Rx,0,8,25,00,59,86,01,54,5C,06,
191000,0000060D,false,Rx,0,8,0D,10,83,B6,09,20,70,00,
0,00000054,false,Rx,0,8,01,05,0B,01,CE,02,00,00,
0,00000055,false,Rx,0,8,10,27,00,00,00,00,00,00,
202000,00000056,false,Rx,0,8,10,27,00,00,00,00,00,00,
202000,00000057,false,Rx,0,8,00,00,FE,FF,FE,FF,00,00,
230000,00000625,false,Rx,0,8,25,00,59,86,01,54,5C,06,
0,000002C4,false,Rx,0,8,09,20,00,00,CE,02,00,00,
0,000002C5,false,Rx,0,8,00,00,00,00,00,00,00,00,
282000,000002C6,false,Rx,0,8,32,00,7C,01,00,00,00,00,
291000,0000060D,false,Rx,0,8,0D,10,83,B6,09,20,70,00,
330000,00000625,false,Rx,0,8,25,00,59,86,01,54,5C,06,
391000,0000060D,false,Rx,0,8,0D,10,83,B6,09,20,70,00,
401000,00000054,false,Rx,0,8,01,05,0B,01,CE,02,00,00,
401000,00000055,false,Rx,0,8,10,27,00,00,00,00,00,00,
401000,00000056,false,Rx,0,8,10,27,00,00,00,00,00,00,
402000,00000057,false,Rx,0,8,00,00,FE,FF,FE,FF,00,00,
430000,00000625,false,Rx,0,8,25,00,59,86,01,54,5C,06,
491000,0000060D,false,Rx,0,8,0D,10,83,B6,09,20,70,00,
501000,000002C4,false,Rx,0,8,09,20,00,00,CE,02,00,00,
501000,000002C5,false,Rx,0,8,00,00,00,00,00,00,00,00,
502000,000002C6,false,Rx,0,8,32,00,7C,01,00,00,00,00,
530000,00000625,false,Rx,0,8,25,00,59,86,01,54,5C,06,
592000,0000060D,false,Rx,0,8,0D,10,83,B6,09,20,70,00,
601000,00000054,false,Rx,0,8,01,05,0B,01,CE,02,00,00,
601000,00000055,false,Rx,0,8,10,27,00,00,00,00,00,00,
601000,00000056,false,Rx,0,8,10,27,00,00,00,00,00,00,
602000,00000057,false,Rx,0,8,00,00,FE,FF,FE,FF,00,00,
630000,00000625,false,Rx,0,8,25,00,59,86,01,54,5C,06,
691000,0000060D,false,Rx,0,8,0D,10,83,B6,09,20,70,00,
0,000002C4,false,Rx,0,8,09,20,00,00,CE,02,00,00,
0,000002C5,false,Rx,0,8,00,00,00,00,00,00,00,00,
0,000002C6,false,Rx,0,8,32,00,7C,01,00,00,00,00,
730000,00000625,false,Rx,0,8,25,00,59,86,01,54,5C,06,
791000,0000060D,false,Rx,0,8,0D,10,83,B6,09,20,70,00,
800000,00000054,false,Rx,0,8,01,05,0B,01,CE,02,00,00,
801000,00000055,false,Rx,0,8,10,27,00,00,00,00,00,00,
801000,00000056,false,Rx,0,8,10,27,00,00,00,00,00,00,
801000,00000057,false,Rx,0,8,00,00,FE,FF,FE,FF,00,00,
829000,00000625,false,Rx,0,8,25,00,59,86,01,54,5C,06,
893000,0000060D,false,Rx,0,8,0D,10,83,B6,09,20,70,00,
931000,00000625,false,Rx,0,8,25,00,59,86,01,54,5C,06,
942000,000002C4,false,Rx,0,8,09,20,00,00,CE,02,00,00,
942000,000002C5,false,Rx,0,8,00,00,00,00,00,00,00,00,
942000,000002C6,false,Rx,0,8,32,00,7C,01,00,00,00,00,
991000,0000060D,false,Rx,0,8,0D,10,83,B6,09,20,70,00,
0,00000054,false,Rx,0,8,01,05,0B,01,CE,02,00,00,
0,00000055,false,Rx,0,8,10,27,00,00,00,00,00,00,
0,00000056,false,Rx,0,8,10,27,00,00,00,00,00,00,
2000,00000057,false,Rx,0,8,00,00,FE,FF,FE,FF,00,00,
30000,00000625,false,Rx,0,8,25,00,59,86,01,54,5C,06,
91000,0000060D,false,Rx,0,8,0D,10,83,B6,09,20,70,00,
130000,00000625,false,Rx,0,8,25,00,59,86,01,54,5C,06,
161000,000002C4,false,Rx,0,8,09,20,00,00,CE,02,00,00,
161000,000002C5,false,Rx,0,8,00,00,00,00,00,00,00,00,
161000,000002C6,false,Rx,0,8,32,00,7C,01,00,00,00,00,
191000,0000060D,false,Rx,0,8,0D,10,83,B6,09,20,70,00,
201000,00000054,false,Rx,0,8,01,05,0B,01,CE,02,00,00,
201000,00000055,false,Rx,0,8,10,27,00,00,00,00,00,00,
202000,00000056,false,Rx,0,8,10,27,00,00,00,00,00,00,
202000,00000057,false,Rx,0,8,00,00,FE,FF,FE,FF,00,00,
230000,00000625,false,Rx,0,8,25,00,59,86,01,54,5C,06,
292000,0000060D,false,Rx,0,8,0D,10,83,B6,09,20,70,00,
331000,00000625,false,Rx,0,8,25,00,59,86,01,54,5C,06,
381000,000002C4,false,Rx,0,8,09,20,00,00,CE,02,00,00,
382000,000002C5,false,Rx,0,8,00,00,00,00,00,00,00,00,
382000,000002C6,false,Rx,0,8,32,00,7C,01,00,00,00,00,
392000,0000060D,false,Rx,0,8,0D,10,83,B6,09,20,70,00,
401000,00000054,false,Rx,0,8,01,05,0B,01,CE,02,00,00,
402000,00000055,false,Rx,0,8,10,27,00,00,00,00,00,00,
402000,00000056,false,Rx,0,8,10,27,00,00,00,00,00,00,
402000,00000057,false,Rx,0,8,00,00,FE,FF,FE,FF,00,00,
430000,00000625,false,Rx,0,8,25,00,59,86,01,54,5C,06,
491000,0000060D,false,Rx,0,8,0D,10,83,B6,09,20,70,00,
530000,00000625,false,Rx,0,8,25,00,59,86,01,54,5C,06,
591000,0000060D,false,Rx,0,8,0D,10,83,B6,09,20,70,00,
601000,00000054,false,Rx,0,8,01,05,0B,01,CE,02,00,00,
601000,00000055,false,Rx,0,8,10,27,00,00,00,00,00,00,
602000,000002C4,false,Rx,0,8,09,20,00,00,CE,02,00,00,
602000,00000056,false,Rx,0,8,10,27,00,00,00,00,00,00,
602000,000002C5,false,Rx,0,8,00,00,00,00,00,00,00,00,
602000,00000057,false,Rx,0,8,00,00,FE,FF,FE,FF,00,00,
603000,000002C6,false,Rx,0,8,32,00,7C,01,00,00,00,00,
630000,00000625,false,Rx,0,8,25,00,59,86,01,54,5C,06,
691000,0000060D,false,Rx,0,8,0D,10,83,B6,09,20,70,00,
731000,00000625,false,Rx,0,8,25,00,59,86,01,54,5C,06,
792000,0000060D,false,Rx,0,8,0D,10,83,B6,09,20,70,00,
0,00000054,false,Rx,0,8,01,05,0B,01,CE,02,00,00,
0,00000055,false,Rx,0,8,10,27,00,00,00,00,00,00,
801000,00000056,false,Rx,0,8,10,27,00,00,00,00,00,00,
801000,00000057,false,Rx,0,8,00,00,FE,FF,FE,FF,00,00,
821000,000002C4,false,Rx,0,8,09,20,00,00,CE,02,00,00,
821000,000002C5,false,Rx,0,8,00,00,00,00,00,00,00,00,
822000,000002C6,false,Rx,0,8,32,00,7C,01,00,00,00,00,
829000,00000625,false,Rx,0,8,25,00,59,86,01,54,5C,06,
892000,0000060D,false,Rx,0,8,0D,10,83,B6,09,20,70,00,
930000,00000625,false,Rx,0,8,25,00,59,86,01,54,5C,06,
991000,0000060D,false,Rx,0,8,0D,10,83,B6,09,20,70,00,
1000,00000054,false,Rx,0,8,01,05,0B,01,CE,02,00,00,
1000,00000055,false,Rx,0,8,10,27,00,00,00,00,00,00,
2000,00000056,false,Rx,0,8,10,27,00,00,00,00,00,00,
2000,00000057,false,Rx,0,8,00,00,FE,FF,FE,FF,00,00,
30000,00000625,false,Rx,0,8,25,00,59,86,01,54,5C,06,
0,000002C4,false,Rx,0,8,09,20,00,00,CE,02,00,00,
0,000002C5,false,Rx,0,8,00,00,00,00,00,00,00,00,
42000,000002C6,false,Rx,0,8,32,00,7C,01,00,00,00,00,
91000,0000060D,false,Rx,0,8,0D,10,83,B6,09,20,70,00,
130000,00000625,false,Rx,0,8,25,00,59,86,01,54,5C,06,
191000,0000060D,false,Rx,0,8,0D,10,83,B6,09,20,70,00,
201000,00000054,false,Rx,0,8,01,05,0B,01,CE,02,00,00,
201000,00000055,false,Rx,0,8,10,27,00,00,00,00,00,00,
202000,00000056,false,Rx,0,8,10,27,00,00,00,00,00,00,
202000,00000057,false,Rx,0,8,00,00,FE,FF,FE,FF,00,00,
230000,00000625,false,Rx,0,8,25,00,59,86,01,54,5C,06,
261000,000002C4,false,Rx,0,8,09,20,00,00,CE,02,00,00,
261000,000002C5,false,Rx,0,8,00,00,00,00,00,00,00,00,
261000,000002C6,false,Rx,0,8,32,00,7C,01,00,00,00,00,
291000,0000060D,false,Rx,0,8,0D,10,83,B6,09,20,70,00,
330000,00000625,false,Rx,0,8,25,00,59,86,01,54,5C,06,
392000,0000060D,false,Rx,0,8,0D,10,83,B6,09,20,70,00,
401000,00000054,false,Rx,0,8,01,05,0B,01,CE,02,00,00,
401000,00000055,false,Rx,0,8,10,27,00,00,00,00,00,00,
402000,00000056,false,Rx,0,8,10,27,00,00,00,00,00,00,
402000,00000057,false,Rx,0,8,00,00,FE,FF,FE,FF,00,00,
430000,00000625,false,Rx,0,8,25,00,59,86,01,54,5C,06,
481000,000002C4,false,Rx,0,8,09,20,00,00,CE,02,00,00,
481000,000002C5,false,Rx,0,8,00,00,00,00,00,00,00,00,
482000,000002C6,false,Rx,0,8,32,00,7C,01,00,00,00,00,
492000,0000060D,false,Rx,0,8,0D,10,83,B6,09,20,70,00,
530000,00000625,false,Rx,0,8,25,00,59,86,01,54,5C,06,
591000,0000060D,false,Rx,0,8,0D,10,83,B6,09,20,70,00,
601000,00000054,false,Rx,0,8,01,05,0B,01,CE,02,00,00,
601000,00000055,false,Rx,0,8,10,27,00,00,00,00,00,00,
602000,00000056,false,Rx,0,8,10,27,00,00,00,00,00,00,
602000,00000057,false,Rx,0,8,00,00,FE,FF,FE,FF,00,00,
630000,00000625,false,Rx,0,8,25,00,59,86,01,54,5C,06,
691000,0000060D,false,Rx,0,8,0D,10,83,B6,09,20,70,00,
701000,000002C4,false,Rx,0,8,09,20,00,00,CE,02,00,00,
701000,000002C5,false,Rx,0,8,00,00,00,00,00,00,00,00,
702000,000002C6,false,Rx,0,8,32,00,7C,01,00,00,00,00,
730000,00000625,false,Rx,0,8,25,00,59,86,01,54,5C,06,
791000,0000060D,false,Rx,0,8,0D,10,83,B6,09,20,70,00,
801000,00000054,false,Rx,0,8,01,05,0B,01,CE,02,00,00,
801000,00000055,false,Rx,0,8,10,27,00,00,00,00,00,00,
802000,00000056,false,Rx,0,8,10,27,00,00,00,00,00,00,
802000,00000057,false,Rx,0,8,00,00,FE,FF,FE,FF,00,00,
831000,00000625,false,Rx,0,8,25,00,59,86,01,54,5C,06,
891000,0000060D,false,Rx,0,8,0D,10,83,B6,09,20,70,00,
0,000002C4,false,Rx,0,8,09,20,00,00,CE,02,00,00,
0,000002C5,false,Rx,0,8,00,00,00,00,00,00,00,00,
0,000002C6,false,Rx,0,8,32,00,7C,01,00,00,00,00,
931000,00000625,false,Rx,0,8,25,00,59,86,01,54,5C,06,
991000,0000060D,false,Rx,0,8,0D,10,83,B6,09,20,70,00,
1000,00000054,false,Rx,0,8,01,05,0B,01,CE,02,00,00,
1000,00000055,false,Rx,0,8,10,27,00,00,00,00,00,00,
0,00000056,false,Rx,0,8,10,27,00,00,00,00,00,00,
0,00000057,false,Rx,0,8,00,00,FE,FF,FE,FF,00,00,
30000,00000625,false,Rx,0,8,25,00,59,86,01,54,5C,06,
91000,0000060D,false,Rx,0,8,0D,10,83,B6,09,20,70,00,
130000,00000625,false,Rx,0,8,25,00,59,86,01,54,5C,06,
0,000002C4,false,Rx,0,8,09,20,00,00,CE,02,00,00,
0,000002C5,false,Rx,0,8,00,00,00,00,00,00,00,00,
0,000002C6,false,Rx,0,8,32,00,7C,01,00,00,00,00,
192000,0000060D,false,Rx,0,8,0D,10,83,B6,09,20,70,00,
201000,00000054,false,Rx,0,8,01,05,0B,01,CE,02,00,00,
201000,00000055,false,Rx,0,8,10,27,00,00,00,00,00,00,
202000,00000056,false,Rx,0,8,10,27,00,00,00,00,00,00,
202000,00000057,false,Rx,0,8,00,00,FE,FF,FE,FF,00,00,
231000,00000625,false,Rx,0,8,25,00,59,86,01,54,5C,06,
291000,0000060D,false,Rx,0,8,0D,10,83,B6,09,20,70,00,
330000,00000625,false,Rx,0,8,25,00,59,86,01,54,5C,06,
0,000002C4,false,Rx,0,8,09,20,00,00,CE,02,00,00,
0,000002C5,false,Rx,0,8,00,00,00,00,00,00,00,00,
0,000002C6,false,Rx,0,8,32,00,7C,01,00,00,00,00,
392000,0000060D,false,Rx,0,8,0D,10,83,B6,09,20,70,00,
401000,00000054,false,Rx,0,8,01,05,0B,01,CE,02,00,00,
401000,00000055,false,Rx,0,8,10,27,00,00,00,00,00,00,
401000,00000056,false,Rx,0,8,10,27,00,00,00,00,00,00,
402000,00000057,false,Rx,0,8,00,00,FE,FF,FE,FF,00,00,
430000,00000625,false,Rx,0,8,25,00,59,86,01,54,5C,06,
491000,0000060D,false,Rx,0,8,0D,10,83,B6,09,20,70,00,
530000,00000625,false,Rx,0,8,25,00,59,86,01,54,5C,06,
0,000002C4,false,Rx,0,8,09,20,00,00,CE,02,00,00,
0,000002C5,false,Rx,0,8,00,00,00,00,00,00,00,00,
583000,000002C6,false,Rx,0,8,32,00,7C,01,00,00,00,00,
591000,0000060D,false,Rx,0,8,0D,10,83,B6,09,20,70,00,
600000,00000054,false,Rx,0,8,01,05,0B,01,CE,02,00,00,
601000,00000055,false,Rx,0,8,10,27,00,00,00,00,00,00,
601000,00000056,false,Rx,0,8,10,27,00,00,00,00,00,00,
601000,00000057,false,Rx,0,8,00,00,FE,FF,FE,FF,00,00,
631000,00000625,false,Rx,0,8,25,00,59,86,01,54,5C,06,
692000,0000060D,false,Rx,0,8,0D,10,83,B6,09,20,70,00,
730000,00000625,false,Rx,0,8,25,00,59,86,01,54,5C,06,
791000,0000060D,false,Rx,0,8,0D,10,83,B6,09,20,70,00,
801000,00000054,false,Rx,0,8,01,05,0B,01,CE,02,00,00,
801000,00000055,false,Rx,0,8,10,27,00,00,00,00,00,00,
802000,000002C4,false,Rx,0,8,09,20,00,00,CE,02,00,00,
802000,00000056,false,Rx,0,8,10,27,00,00,00,00,00,00,
0,000002C5,false,Rx,0,8,00,00,00,00,00,00,00,00,
0,00000057,false,Rx,0,8,00,00,FE,FF,FE,FF,00,00,
802000,000002C6,false,Rx,0,8,32,00,7C,01,00,00,00,00,
830000,00000625,false,Rx,0,8,25,00,59,86,01,54,5C,06,
892000,0000060D,false,Rx,0,8,0D,10,83,B6,09,20,70,00,
930000,00000625,false,Rx,0,8,25,00,59,86,01,54,5C,06,
991000,0000060D,false,Rx,0,8,0D,10,83,B6,09,20,70,00,
0,00000054,false,Rx,0,8,01,05,0B,01,CE,02,00,00,
0,00000055,false,Rx,0,8,10,27,00,00,00,00,00,00,
0,00000056,false,Rx,0,8,10,27,00,00,00,00,00,00,
0,00000057,false,Rx,0,8,00,00,FE,FF,FE,FF,00,00,
0,000002C4,false,Rx,0,8,09,20,00,00,CE,02,00,00,
0,000002C5,false,Rx,0,8,00,00,00,00,00,00,00,00,
22000,000002C6,false,Rx,0,8,32,00,7C,01,00,00,00,00,
30000,00000625,false,Rx,0,8,25,00,59,86,01,54,5C,06,
91000,0000060D,false,Rx,0,8,0D,10,83,B6,09,20,70,00,
130000,00000625,false,Rx,0,8,25,00,59,86,01,54,5C,06,
191000,0000060D,false,Rx,0,8,0D,10,83,B6,09,20,70,00,
201000,00000054,false,Rx,0,8,01,05,0B,01,CE,02,00,00,
202000,00000055,false,Rx,0,8,10,27,00,00,00,00,00,00,
202000,00000056,false,Rx,0,8,10,27,00,00,00,00,00,00,
202000,00000057,false,Rx,0,8,00,00,FE,FF,FE,FF,00,00,
230000,00000625,false,Rx,0,8,25,00,59,86,01,54,5C,06,
241000,000002C4,false,Rx,0,8,09,20,00,00,CE,02,00,00,
241000,000002C5,false,Rx,0,8,00,00,00,00,00,00,00,00,
242000,000002C6,false,Rx,0,8,32,00,7C,01,00,00,00,00,
291000,0000060D,false,Rx,0,8,0D,10,83,B6,09,20,70,00,
330000,00000625,false,Rx,0,8,25,00,59,86,01,54,5C,06,
392000,0000060D,false,Rx,0,8,0D,10,83,B6,09,20,70,00,
400000,00000054,false,Rx,0,8,01,05,0B,01,CE,02,00,00,
401000,00000055,false,Rx,0,8,10,27,00,00,00,00,00,00,
401000,00000056,false,Rx,0,8,10,27,00,00,00,00,00,00,
401000,00000057,false,Rx,0,8,00,00,FE,FF,FE,FF,00,00,
430000,00000625,false,Rx,0,8,25,00,59,86,01,54,5C,06,
461000,000002C4,false,Rx,0,8,09,20,00,00,CE,02,00,00,
461000,000002C5,false,Rx,0,8,00,00,00,00,00,00,00,00,
462000,000002C6,false,Rx,0,8,32,00,7C,01,00,00,00,00,
491000,0000060D,false,Rx,0,8,0D,10,83,B6,09,20,70,00,
530000,00000625,false,Rx,0,8,25,00,59,86,01,54,5C,06,
591000,0000060D,false,Rx,0,8,0D,10,83,B6,09,20,70,00,
600000,00000054,false,Rx,0,8,01,05,0B,01,CE,02,00,00,
601000,00000055,false,Rx,0,8,10,27,00,00,00,00,00,00,
601000,00000056,false,Rx,0,8,10,27,00,00,00,00,00,00,
601000,00000057,false,Rx,0,8,00,00,FE,FF,FE,FF,00,00,
630000,00000625,false,Rx,0,8,25,00,59,86,01,54,5C,06,
682000,000002C4,false,Rx,0,8,09,20,00,00,CE,02,00,00,
682000,000002C5,false,Rx,0,8,00,00,00,00,00,00,00,00,
682000,000002C6,false,Rx,0,8,32,00,7C,01,00,00,00,00,
692000,0000060D,false,Rx,0,8,0D,10,83,B6,09,20,70,00,
730000,00000625,false,Rx,0,8,25,00,59,86,01,54,5C,06,
791000,0000060D,false,Rx,0,8,0D,10,83,B6,09,20,70,00,
800000,00000054,false,Rx,0,8,01,05,0B,01,CE,02,00,00,
801000,00000055,false,Rx,0,8,10,27,00,00,00,00,00,00,
0,00000056,false,Rx,0,8,10,27,00,00,00,00,00,00,
0,00000057,false,Rx,0,8,00,00,FE,FF,FE,FF,00,00,
830000,00000625,false,Rx,0,8,25,00,59,86,01,54,5C,06,
891000,0000060D,false,Rx,0,8,0D,10,83,B6,09,20,70,00,
901000,000002C4,false,Rx,0,8,09,20,00,00,CE,02,00,00,
901000,000002C5,false,Rx,0,8,00,00,00,00,00,00,00,00,
902000,000002C6,false,Rx,0,8,32,00,7C,01,00,00,00,00,
930000,00000625,false,Rx,0,8,25,00,59,86,01,54,5C,06,
992000,0000060D,false,Rx,0,8,0D,10,83,B6,09,20,70,00,
0,00000054,false,Rx,0,8,01,05,0B,01,CE,02,00,00,
0,00000055,false,Rx,0,8,10,27,00,00,00,00,00,00,
0,00000056,false,Rx,0,8,10,27,00,00,00,00,00,00,
0,00000057,false,Rx,0,8,00,00,FE,FF,FE,FF,00,00,
31000,00000625,false,Rx,0,8,25,00,59,86,01,54,5C,06,
91000,0000060D,false,Rx,0,8,0D,10,83,B6,09,20,70,00,
122000,000002C4,false,Rx,0,8,09,20,00,00,CE,02,00,00,
122000,000002C5,false,Rx,0,8,00,00,00,00,00,00,00,00,
122000,000002C6,false,Rx,0,8,32,00,7C,01,00,00,00,00,
130000,00000625,false,Rx,0,8,25,00,59,86,01,54,5C,06,
192000,0000060D,false,Rx,0,8,0D,10,83,B6,09,20,70,00,
0,00000054,false,Rx,0,8,01,05,0B,01,CE,02,00,00,
0,00000055,false,Rx,0,8,10,27,00,00,00,00,00,00,
0,00000056,false,Rx,0,8,10,27,00,00,00,00,00,00,
201000,00000057,false,Rx,0,8,00,00,FE,FF,FE,FF,00,00,
230000,00000625,false,Rx,0,8,25,00,59,86,01,54,5C,06,
292000,0000060D,false,Rx,0,8,0D,10,83,B6,09,20,70,00,
330000,00000625,false,Rx,0,8,25,00,59,86,01,54,5C,06,
0,000002C4,false,Rx,0,8,09,20,00,00,CE,02,00,00,
0,000002C5,false,Rx,0,8,00,00,00,00,00,00,00,00,
343000,000002C6,false,Rx,0,8,32,00,7C,01,00,00,00,00,
391000,0000060D,false,Rx,0,8,0D,10,83,B6,09,20,70,00,
0,00000054,false,Rx,0,8,01,05,0B,01,CE,02,00,00,
0,00000055,false,Rx,0,8,10,27,00,00,00,00,00,00,
402000,00000056,false,Rx,0,8,10,27,00,00,00,00,00,00,
402000,00000057,false,Rx,0,8,00,00,FE,FF,FE,FF,00,00,
431000,00000625,false,Rx,0,8,25,00,59,86,01,54,5C,06,
492000,0000060D,false,Rx,0,8,0D,10,83,B6,09,20,70,00,
530000,00000625,false,Rx,0,8,25,00,59,86,01,54,5C,06,
0,000002C4,false,Rx,0,8,09,20,00,00,CE,02,00,00,
0,000002C5,false,Rx,0,8,00,00,00,00,00,00,00,00,
562000,000002C6,false,Rx,0,8,32,00,7C,01,00,00,00,00,
593000,0000060D,false,Rx,0,8,0D,10,83,B6,09,20,70,00,
0,00000054,false,Rx,0,8,01,05,0B,01,CE,02,00,00,
0,00000055,false,Rx,0,8,10,27,00,00,00,00,00,00,
601000,00000056,false,Rx,0,8,10,27,00,00,00,00,00,00,
601000,00000057,false,Rx,0,8,00,00,FE,FF,FE,FF,00,00,
631000,00000625,false,Rx,0,8,25,00,59,86,01,54,5C,06,
692000,0000060D,false,Rx,0,8,0D,10,83,B6,09,20,70,00,
730000,00000625,false,Rx,0,8,25,00,59,86,01,54,5C,06,
0,000002C4,false,Rx,0,8,09,20,00,00,CE,02,00,00,
0,000002C5,false,Rx,0,8,00,00,00,00,00,00,00,00,
783000,000002C6,false,Rx,0,8,32,00,7C,01,00,00,00,00,
791000,0000060D,false,Rx,0,8,0D,10,83,B6,09,20,70,00,
801000,00000054,false,Rx,0,8,01,05,0B,01,CE,02,00,00,
802000,00000055,false,Rx,0,8,10,27,00,00,00,00,00,00,
802000,00000056,false,Rx,0,8,10,27,00,00,00,00,00,00,
802000,00000057,false,Rx,0,8,00,00,FE,FF,FE,FF,00,00,
830000,00000625,false,Rx,0,8,25,00,59,86,01,54,5C,06,
891000,0000060D,false,Rx,0,8,0D,10,83,B6,09,20,70,00,
930000,00000625,false,Rx,0,8,25,00,59,86,01,54,5C,06,
992000,0000060D,false,Rx,0,8,0D,10,83,B6,09,20,70,00,
0,00000054,false,Rx,0,8,01,05,0B,01,CE,02,00,00,
0,00000055,false,Rx,0,8,10,27,00,00,00,00,00,00,
1000,000002C4,false,Rx,0,8,09,20,00,00,CE,02,00,00,
0,00000056,false,Rx,0,8,10,27,00,00,00,00,00,00,
0,000002C5,false,Rx,0,8,00,00,00,00,00,00,00,00,
2000,00000057,false,Rx,0,8,00,00,FE,FF,FE,FF,00,00,
2000,000002C6,false,Rx,0,8,32,00,7C,01,00,00,00,00,
30000,00000625,false,Rx,0,8,25,00,59,86,01,54,5C,06,
91000,0000060D,false,Rx,0,8,0D,10,83,B6,09,20,70,00,
130000,00000625,false,Rx,0,8,25,00,59,86,01,54,5C,06,
191000,0000060D,false,Rx,0,8,0D,10,83,B6,09,20,70,00,
0,00000054,false,Rx,0,8,01,05,0B,01,CE,02,00,00,
0,00000055,false,Rx,0,8,10,27,00,00,00,00,00,00,
0,00000056,false,Rx,0,8,10,27,00,00,00,00,00,00,
202000,00000057,false,Rx,0,8,00,00,FE,FF,FE,FF,00,00,
221000,000002C4,false,Rx,0,8,09,20,00,00,CE,02,00,00,
221000,000002C5,false,Rx,0,8,00,00,00,00,00,00,00,00,
222000,000002C6,false,Rx,0,8,32,00,7C,01,00,00,00,00,
231000,00000625,false,Rx,0,8,25,00,59,86,01,54,5C,06,
291000,0000060D,false,Rx,0,8,0D,10,83,B6,09,20,70,00,
330000,00000625,false,Rx,0,8,25,00,59,86,01,54,5C,06,
392000,0000060D,false,Rx,0,8,0D,10,83,B6,09,20,70,00,
401000,00000054,false,Rx,0,8,01,05,0B,01,CE,02,00,00,
402000,00000055,false,Rx,0,8,10,27,00,00,00,00,00,00,
402000,00000056,false,Rx,0,8,10,27,00,00,00,00,00,00,
402000,00000057,false,Rx,0,8,00,00,FE,FF,FE,FF,00,00,
430000,00000625,false,Rx,0,8,25,00,59,86,01,54,5C,06,
0,000002C4,false,Rx,0,8,09,20,00,00,CE,02,00,00,
0,000002C5,false,Rx,0,8,00,00,00,00,00,00,00,00,
442000,000002C6,false,Rx,0,8,32,00,7C,01,00,00,00,00,
491000,0000060D,false,Rx,0,8,0D,10,83,B6,09,20,70,00,
530000,00000625,false,Rx,0,8,25,00,59,86,01,54,5C,06,
592000,0000060D,false,Rx,0,8,0D,10,83,B6,09,20,70,00,
601000,00000054,false,Rx,0,8,01,05,0B,01,CE,02,00,00,
601000,00000055,false,Rx,0,8,10,27,00,00,00,00,00,00,
601000,00000056,false,Rx,0,8,10,27,00,00,00,00,00,00,
602000,00000057,false,Rx,0,8,00,00,FE,FF,FE,FF,00,00,
630000,00000625,false,Rx,0,8,25,00,59,86,01,54,5C,06,
662000,000002C4,false,Rx,0,8,09,20,00,00,CE,02,00,00,
662000,000002C5,false,Rx,0,8,00,00,00,00,00,00,00,00,
662000,000002C6,false,Rx,0,8,32,00,7C,01,00,00,00,00,
692000,0000060D,false,Rx,0,8,0D,10,83,B6,09,20,70,00,
730000,00000625,false,Rx,0,8,25,00,59,86,01,54,5C,06,
791000,0000060D,false,Rx,0,8,0D,10,83,B6,09,20,70,00,
0,00000054,false,Rx,0,8,01,05,0B,01,CE,02,00,00,
0,00000055,false,Rx,0,8,10,27,00,00,00,00,00,00,
801000,00000056,false,Rx,0,8,10,27,00,00,00,00,00,00,
801000,00000057,false,Rx,0,8,00,00,FE,FF,FE,FF,00,00,
831000,00000625,false,Rx,0,8,25,00,59,86,01,54,5C,06,
882000,000002C4,false,Rx,0,8,09,20,00,00,CE,02,00,00,
882000,000002C5,false,Rx,0,8,00,00,00,00,00,00,00,00,
882000,000002C6,false,Rx,0,8,32,00,7C,01,00,00,00,00,
892000,0000060D,false,Rx,0,8,0D,10,83,B6,09,20,70,00,
930000,00000625,false,Rx,0,8,25,00,59,86,01,54,5C,06,
991000,0000060D,false,Rx,0,8,0D,10,83,B6,09,20,70,00,
0,00000054,false,Rx,0,8,01,05,0B,01,CE,02,00,00,
0,00000055,false,Rx,0,8,10,27,00,00,00,00,00,00,
0,00000056,false,Rx,0,8,10,27,00,00,00,00,00,00,
0,00000057,false,Rx,0,8,00,00,FE,FF,FE,FF,00,00,
30000,00000625,false,Rx,0,8,25,00,59,86,01,54,5C,06,
91000,0000060D,false,Rx,0,8,0D,10,83,B6,09,20,70,00,
102000,000002C4,false,Rx,0,8,09,20,00,00,CE,02,00,00,
102000,000002C5,false,Rx,0,8,00,00,00,00,00,00,00,00,
102000,000002C6,false,Rx,0,8,32,00,7C,01,00,00,00,00,
131000,00000625,false,Rx,0,8,25,00,59,86,01,54,5C,06,
192000,0000060D,false,Rx,0,8,0D,10,83,B6,09,20,70,00,
202000,00000054,false,Rx,0,8,01,05,0B,01,CE,02,00,00,
202000,00000055,false,Rx,0,8,10,27,00,00,00,00,00,00,
202000,00000056,false,Rx,0,8,10,27,00,00,00,00,00,00,
202000,00000057,false,Rx,0,8,00,00,FE,FF,FE,FF,00,00,
230000,00000625,false,Rx,0,8,25,00,59,86,01,54,5C,06,
291000,0000060D,false,Rx,0,8,0D,10,83,B6,09,20,70,00,
321000,000002C4,false,Rx,0,8,09,20,00,00,CE,02,00,00,
321000,000002C5,false,Rx,0,8,00,00,00,00,00,00,00,00,
322000,000002C6,false,Rx,0,8,32,00,7C,01,00,00,00,00,
330000,00000625,false,Rx,0,8,25,00,59,86,01,54,5C,06,
391000,0000060D,false,Rx,0,8,0D,10,83,B6,09,20,70,00,
402000,00000054,false,Rx,0,8,01,05,0B,01,CE,02,00,00,
402000,00000055,false,Rx,0,8,10,27,00,00,00,00,00,00,
402000,00000056,false,Rx,0,8,10,27,00,00,00,00,00,00,
402000,00000057,false,Rx,0,8,00,00,FE,FF,FE,FF,00,00,
431000,00000625,false,Rx,0,8,25,00,59,86,01,54,5C,06,
492000,0000060D,false,Rx,0,8,0D,10,83,B6,09,20,70,00,
530000,00000625,false,Rx,0,8,25,00,59,86,01,54,5C,06,
541000,000002C4,false,Rx,0,8,09,20,00,00,CE,02,00,00,
541000,000002C5,false,Rx,0,8,00,00,00,00,00,00,00,00,
541000,000002C6,false,Rx,0,8,32,00,7C,01,00,00,00,00,
591000,0000060D,false,Rx,0,8,0D,10,83,B6,09,20,70,00,
601000,00000054,false,Rx,0,8,01,05,0B,01,CE,02,00,00,
601000,00000055,false,Rx,0,8,10,27,00,00,00,00,00,00,
0,00000056,false,Rx,0,8,10,27,00,00,00,00,00,00,
0,00000057,false,Rx,0,8,00,00,FE,FF,FE,FF,00,00,
630000,00000625,false,Rx,0,8,25,00,59,86,01,54,5C,06,
691000,0000060D,false,Rx,0,8,0D,10,83,B6,09,20,70,00,
730000,00000625,false,Rx,0,8,25,00,59,86,01,54,5C,06,
761000,000002C4,false,Rx,0,8,09,20,00,00,CE,02,00,00,
761000,000002C5,false,Rx,0,8,00,00,00,00,00,00,00,00,
762000,000002C6,false,Rx,0,8,32,00,7C,01,00,00,00,00,
791000,0000060D,false,Rx,0,8,0D,10,83,B6,09,20,70,00,
801000,00000054,false,Rx,0,8,01,05,0B,01,CE,02,00,00,
802000,00000055,false,Rx,0,8,10,27,00,00,00,00,00,00,
0,00000056,false,Rx,0,8,10,27,00,00,00,00,00,00,
0,00000057,false,Rx,0,8,00,00,FE,FF,FE,FF,00,00,
831000,00000625,false,Rx,0,8,25,00,59,86,01,54,5C,06,
892000,0000060D,false,Rx,0,8,0D,10,83,B6,09,20,70,00,
930000,00000625,false,Rx,0,8,25,00,59,86,01,54,5C,06,
981000,000002C4,false,Rx,0,8,09,20,00,00,CE,02,00,00,
981000,000002C5,false,Rx,0,8,00,00,00,00,00,00,00,00,
981000,000002C6,false,Rx,0,8,32,00,7C,01,00,00,00,00,
991000,0000060D,false,Rx,0,8,0D,10,83,B6,09,20,70,00,
1000,00000054,false,Rx,0,8,01,05,0B,01,CE,02,00,00,
1000,00000055,false,Rx,0,8,10,27,00,00,00,00,00,00,
1000,00000056,false,Rx,0,8,10,27,00,00,00,00,00,00,
2000,00000057,false,Rx,0,8,00,00,FE,FF,FE,FF,00,00,
30000,00000625,false,Rx,0,8,25,00,59,86,01,54,5C,06,
92000,0000060D,false,Rx,0,8,0D,10,83,B6,09,20,70,00,
131000,00000625,false,Rx,0,8,25,00,59,86,01,54,5C,06,
191000,0000060D,false,Rx,0,8,0D,10,83,B6,09,20,70,00,
202000,00000054,false,Rx,0,8,01,05,0B,01,CE,02,00,00,
202000,00000055,false,Rx,0,8,10,27,00,00,00,00,00,00,
202000,000002C4,false,Rx,0,8,09,20,00,00,CE,02,00,00,
202000,00000056,false,Rx,0,8,10,27,00,00,00,00,00,00,
202000,000002C5,false,Rx,0,8,00,00,00,00,00,00,00,00,
0,00000057,false,Rx,0,8,00,00,FE,FF,FE,FF,00,00,
0,000002C6,false,Rx,0,8,32,00,7C,01,00,00,00,00,
230000,00000625,false,Rx,0,8,25,00,59,86,01,54,5C,06,
291000,0000060D,false,Rx,0,8,0D,10,83,B6,09,20,70,00,
330000,00000625,false,Rx,0,8,25,00,59,86,01,54,5C,06,
392000,0000060D,false,Rx,0,8,0D,10,83,B6,09,20,70,00,
0,00000054,false,Rx,0,8,01,05,0B,01,CE,02,00,00,
0,00000055,false,Rx,0,8,10,27,00,00,00,00,00,00,
402000,00000056,false,Rx,0,8,10,27,00,00,00,00,00,00,
402000,00000057,false,Rx,0,8,00,00,FE,FF,FE,FF,00,00,
421000,000002C4,false,Rx,0,8,09,20,00,00,CE,02,00,00,
421000,000002C5,false,Rx,0,8,00,00,00,00,00,00,00,00,
422000,000002C6,false,Rx,0,8,32,00,7C,01,00,00,00,00,
430000,00000625,false,Rx,0,8,25,00,59,86,01,54,5C,06,
491000,0000060D,false,Rx,0,8,0D,10,83,B6,09,20,70,00,
530000,00000625,false,Rx,0,8,25,00,59,86,01,54,5C,06,
591000,0000060D,false,Rx,0,8,0D,10,83,B6,09,20,70,00,
600000,00000054,false,Rx,0,8,01,05,0B,01,CE,02,00,00,
0,00000055,false,Rx,0,8,10,27,00,00,00,00,00,00,
0,00000056,false,Rx,0,8,10,27,00,00,00,00,00,00,
601000,00000057,false,Rx,0,8,00,00,FE,FF,FE,FF,00,00,
631000,00000625,false,Rx,0,8,25,00,59,86,01,54,5C,06,
0,000002C4,false,Rx,0,8,09,20,00,00,CE,02,00,00,
0,000002C5,false,Rx,0,8,00,00,00,00,00,00,00,00,
642000,000002C6,false,Rx,0,8,32,00,7C,01,00,00,00,00,
692000,0000060D,false,Rx,0,8,0D,10,83,B6,09,20,70,00,
730000,00000625,false,Rx,0,8,25,00,59,86,01,54,5C,06,
791000,0000060D,false,Rx,0,8,0D,10,83,B6,09,20,70,00,
801000,00000054,false,Rx,0,8,01,05,0B,01,CE,02,00,00,
801000,00000055,false,Rx,0,8,10,27,00,00,00,00,00,00,
801000,00000056,false,Rx,0,8,10,27,00,00,00,00,00,00,
801000,00000057,false,Rx,0,8,00,00,FE,FF,FE,FF,00,00,
830000,00000625,false,Rx,0,8,25,00,59,86,01,54,5C,06,
861000,000002C4,false,Rx,0,8,09,20,00,00,CE,02,00,00,
861000,000002C5,false,Rx,0,8,00,00,00,00,00,00,00,00,
862000,000002C6,false,Rx,0,8,32,00,7C,01,00,00,00,00,
891000,0000060D,false,Rx,0,8,0D,10,83,B6,09,20,70,00,
930000,00000625,false,Rx,0,8,25,00,59,86,01,54,5C,06,
992000,0000060D,false,Rx,0,8,0D,10,83,B6,09,20,70,00,
0,00000054,false,Rx,0,8,01,05,0B,01,CE,02,00,00,
0,00000055,false,Rx,0,8,10,27,00,00,00,00,00,00,
1000,00000056,false,Rx,0,8,10,27,00,00,00,00,00,00,
2000,00000057,false,Rx,0,8,00,00,FE,FF,FE,FF,00,00,
30000,00000625,false,Rx,0,8,25,00,59,86,01,54,5C,06,
0,000002C4,false,Rx,0,8,09,20,00,00,CE,02,00,00,
0,000002C5,false,Rx,0,8,00,00,00,00,00,00,00,00,
82000,000002C6,false,Rx,0,8,32,00,7C,01,00,00,00,00,
91000,0000060D,false,Rx,0,8,0D,10,83,B6,09,20,70,00,
130000,00000625,false,Rx,0,8,25,00,59,86,01,54,5C,06,
191000,0000060D,false,Rx,0,8,0D,10,83,B6,09,20,70,00,
201000,00000054,false,Rx,0,8,01,05,0B,01,CE,02,00,00,
202000,00000055,false,Rx,0,8,10,27,00,00,00,00,00,00,
202000,00000056,false,Rx,0,8,10,27,00,00,00,00,00,00,
202000,00000057,false,Rx,0,8,00,00,FE,FF,FE,FF,00,00,
231000,00000625,false,Rx,0,8,25,00,59,86,01,54,5C,06,
291000,0000060D,false,Rx,0,8,0D,10,83,B6,09,20,70,00,
302000,000002C4,false,Rx,0,8,09,20,00,00,CE,02,00,00,
302000,000002C5,false,Rx,0,8,00,00,00,00,00,00,00,00,
302000,000002C6,false,Rx,0,8,32,00,7C,01,00,00,00,00,
331000,00000625,false,Rx,0,8,25,00,59,86,01,54,5C,06,
391000,0000060D,false,Rx,0,8,0D,10,83,B6,09,20,70,00,
401000,00000054,false,Rx,0,8,01,05,0B,01,CE,02,00,00,
401000,00000055,false,Rx,0,8,10,27,00,00,00,00,00,00,
402000,00000056,false,Rx,0,8,10,27,00,00,00,00,00,00,
402000,00000057,false,Rx,0,8,00,00,FE,FF,FE,FF,00,00,
431000,00000625,false,Rx,0,8,25,00,59,86,01,54,5C,06,
492000,0000060D,false,Rx,0,8,0D,10,83,B6,09,20,70,00,
521000,000002C4,false,Rx,0,8,09,20,00,00,CE,02,00,00,
521000,000002C5,false,Rx,0,8,00,00,00,00,00,00,00,00,
521000,000002C6,false,Rx,0,8,32,00,7C,01,00,00,00,00,
530000,00000625,false,Rx,0,8,25,00,59,86,01,54,5C,06,
591000,0000060D,false,Rx,0,8,0D,10,83,B6,09,20,70,00,
0,00000054,false,Rx,0,8,01,05,0B,01,CE,02,00,00,
0,00000055,false,Rx,0,8,10,27,00,00,00,00,00,00,
601000,00000056,false,Rx,0,8,10,27,00,00,00,00,00,00,
602000,00000057,false,Rx,0,8,00,00,FE,FF,FE,FF,00,00,
630000,00000625,false,Rx,0,8,25,00,59,86,01,54,5C,06,
691000,0000060D,false,Rx,0,8,0D,10,83,B6,09,20,70,00,
730000,00000625,false,Rx,0,8,25,00,59,86,01,54,5C,06,
741000,000002C4,false,Rx,0,8,09,20,00,00,CE,02,00,00,
742000,000002C5,false,Rx,0,8,00,00,00,00,00,00,00,00,
742000,000002C6,false,Rx,0,8,32,00,7C,01,00,00,00,00,
791000,0000060D,false,Rx,0,8,0D,10,83,B6,09,20,70,00,
801000,00000054,false,Rx,0,8,01,05,0B,01,CE,02,00,00,
802000,00000055,false,Rx,0,8,10,27,00,00,00,00,00,00,
0,00000056,false,Rx,0,8,10,27,00,00,00,00,00,00,
0,00000057,false,Rx,0,8,00,00,FE,FF,FE,FF,00,00,
830000,00000625,false,Rx,0,8,25,00,59,86,01,54,5C,06,
891000,0000060D,false,Rx,0,8,0D,10,83,B6,09,20,70,00,
930000,00000625,false,Rx,0,8,25,00,59,86,01,54,5C,06,
962000,000002C4,false,Rx,0,8,09,20,00,00,CE,02,00,00,
962000,000002C5,false,Rx,0,8,00,00,00,00,00,00,00,00,
962000,000002C6,false,Rx,0,8,32,00,7C,01,00,00,00,00,
991000,0000060D,false,Rx,0,8,0D,10,83,B6,09,20,70,00,
0,00000054,false,Rx,0,8,01,05,0B,01,CE,02,00,00,
0,00000055,false,Rx,0,8,10,27,00,00,00,00,00,00,
2000,00000056,false,Rx,0,8,10,27,00,00,00,00,00,00,
2000,00000057,false,Rx,0,8,00,00,FE,FF,FE,FF,00,00,
30000,00000625,false,Rx,0,8,25,00,59,86,01,54,5C,06,
91000,0000060D,false,Rx,0,8,0D,10,83,B6,09,20,70,00,
130000,00000625,false,Rx,0,8,25,00,59,86,01,54,5C,06,
0,000002C4,false,Rx,0,8,09,20,00,00,CE,02,00,00,
0,000002C5,false,Rx,0,8,00,00,00,00,00,00,00,00,
183000,000002C6,false,Rx,0,8,32,00,7C,01,00,00,00,00,
191000,0000060D,false,Rx,0,8,0D,10,83,B6,09,20,70,00,
201000,00000054,false,Rx,0,8,01,05,0B,01,CE,02,00,00,
201000,00000055,false,Rx,0,8,10,27,00,00,00,00,00,00,
201000,00000056,false,Rx,0,8,10,27,00,00,00,00,00,00,
201000,00000057,false,Rx,0,8,00,00,FE,FF,FE,FF,00,00,
231000,00000625,false,Rx,0,8,25,00,59,86,01,54,5C,06,
291000,0000060D,false,Rx,0,8,0D,10,83,B6,09,20,70,00,
331000,00000625,false,Rx,0,8,25,00,59,86,01,54,5C,06,
392000,0000060D,false,Rx,0,8,0D,10,83,B6,09,20,70,00,
401000,00000054,false,Rx,0,8,01,05,0B,01,CE,02,00,00,
401000,00000055,false,Rx,0,8,10,27,00,00,00,00,00,00,
402000,000002C4,false,Rx,0,8,09,20,00,00,CE,02,00,00,
402000,00000056,false,Rx,0,8,10,27,00,00,00,00,00,00,
402000,000002C5,false,Rx,0,8,00,00,00,00,00,00,00,00,
402000,00000057,false,Rx,0,8,00,00,FE,FF,FE,FF,00,00,
403000,000002C6,false,Rx,0,8,32,00,7C,01,00,00,00,00,
431000,00000625,false,Rx,0,8,25,00,59,86,01,54,5C,06,
492000,0000060D,false,Rx,0,8,0D,10,83,B6,09,20,70,00,
530000,00000625,false,Rx,0,8,25,00,59,86,01,54,5C,06,
591000,0000060D,false,Rx,0,8,0D,10,83,B6,09,20,70,00,
602000,00000054,false,Rx,0,8,01,05,0B,01,CE,02,00,00,
602000,00000055,false,Rx,0,8,10,27,00,00,00,00,00,00,
602000,00000056,false,Rx,0,8,10,27,00,00,00,00,00,00,
602000,00000057,false,Rx,0,8,00,00,FE,FF,FE,FF,00,00,
622000,000002C4,false,Rx,0,8,09,20,00,00,CE,02,00,00,
622000,000002C5,false,Rx,0,8,00,00,00,00,00,00,00,00,
622000,000002C6,false,Rx,0,8,32,00,7C,01,00,00,00,00,
631000,00000625,false,Rx,0,8,25,00,59,86,01,54,5C,06,
693000,0000060D,false,Rx,0,8,0D,10,83,B6,09,20,70,00,
730000,00000625,false,Rx,0,8,25,00,59,86,01,54,5C,06,
791000,0000060D,false,Rx,0,8,0D,10,83,B6,09,20,70,00,
802000,00000054,false,Rx,0,8,01,05,0B,01,CE,02,00,00,
802000,00000055,false,Rx,0,8,10,27,00,00,00,00,00,00,
802000,00000056,false,Rx,0,8,10,27,00,00,00,00,00,00,
802000,00000057,false,Rx,0,8,00,00,FE,FF,FE,FF,00,00,
831000,00000625,false,Rx,0,8,25,00,59,86,01,54,5C,06,
841000,000002C4,false,Rx,0,8,09,20,00,00,CE,02,00,00,
841000,000002C5,false,Rx,0,8,00,00,00,00,00,00,00,00,
842000,000002C6,false,Rx,0,8,32,00,7C,01,00,00,00,00,
891000,0000060D,false,Rx,0,8,0D,10,83,B6,09,20,70,00,
930000,00000625,false,Rx,0,8,25,00,59,86,01,54,5C,06,
991000,0000060D,false,Rx,0,8,0D,10,83,B6,09,20,70,00,
1000,00000054,false,Rx,0,8,01,05,0B,01,CE,02,00,00,
1000,00000055,false,Rx,0,8,10,27,00,00,00,00,00,00,
1000,00000056,false,Rx,0,8,10,27,00,00,00,00,00,00,
1000,00000057,false,Rx,0,8,00,00,FE,FF,FE,FF,00,00,
30000,00000625,false,Rx,0,8,25,00,59,86,01,54,5C,06,
61000,000002C4,false,Rx,0,8,09,20,00,00,CE,02,00,00,
61000,000002C5,false,Rx,0,8,00,00,00,00,00,00,00,00,
62000,000002C6,false,Rx,0,8,32,00,7C,01,00,00,00,00,
91000,0000060D,false,Rx,0,8,0D,10,83,B6,09,20,70,00,
130000,00000625,false,Rx,0,8,25,00,59,86,01,54,5C,06,
191000,0000060D,false,Rx,0,8,0D,10,83,B6,09,20,70,00,
201000,00000054,false,Rx,0,8,01,05,0B,01,CE,02,00,00,
201000,00000055,false,Rx,0,8,10,27,00,00,00,00,00,00,
202000,00000056,false,Rx,0,8,10,27,00,00,00,00,00,00,
202000,00000057,false,Rx,0,8,00,00,FE,FF,FE,FF,00,00,
231000,00000625,false,Rx,0,8,25,00,59,86,01,54,5C,06,
0,000002C4,false,Rx,0,8,09,20,00,00,CE,02,00,00,
0,000002C5,false,Rx,0,8,00,00,00,00,00,00,00,00,
282000,000002C6,false,Rx,0,8,32,00,7C,01,00,00,00,00,
291000,0000060D,false,Rx,0,8,0D,10,83,B6,09,20,70,00,
330000,00000625,false,Rx,0,8,25,00,59,86,01,54,5C,06,
391000,0000060D,false,Rx,0,8,0D,10,83,B6,09,20,70,00,
402000,00000054,false,Rx,0,8,01,05,0B,01,CE,02,00,00,
402000,00000055,false,Rx,0,8,10,27,00,00,00,00,00,00,
402000,00000056,false,Rx,0,8,10,27,00,00,00,00,00,00,
402000,00000057,false,Rx,0,8,00,00,FE,FF,FE,FF,00,00,
430000,00000625,false,Rx,0,8,25,00,59,86,01,54,5C,06,
492000,0000060D,false,Rx,0,8,0D,10,83,B6,09,20,70,00,
0,000002C4,false,Rx,0,8,09,20,00,00,CE,02,00,00,
0,000002C5,false,Rx,0,8,00,00,00,00,00,00,00,00,
502000,000002C6,false,Rx,0,8,32,00,7C,01,00,00,00,00,
530000,00000625,false,Rx,0,8,25,00,59,86,01,54,5C,06,
591000,0000060D,false,Rx,0,8,0D,10,83,B6,09,20,70,00,
601000,00000054,false,Rx,0,8,01,05,0B,01,CE,02,00,00,
601000,00000055,false,Rx,0,8,10,27,00,00,00,00,00,00,
602000,00000056,false,Rx,0,8,10,27,00,00,00,00,00,00,
602000,00000057,false,Rx,0,8,00,00,FE,FF,FE,FF,00,00,
630000,00000625,false,Rx,0,8,25,00,59,86,01,54,5C,06,
691000,0000060D,false,Rx,0,8,0D,10,83,B6,09,20,70,00,
721000,000002C4,false,Rx,0,8,09,20,00,00,CE,02,00,00,
722000,000002C5,false,Rx,0,8,00,00,00,00,00,00,00,00,
722000,000002C6,false,Rx,0,8,32,00,7C,01,00,00,00,00,
730000,00000625,false,Rx,0,8,25,00,59,86,01,54,5C,06,
791000,0000060D,false,Rx,0,8,0D,10,83,B6,09,20,70,00,
801000,00000054,false,Rx,0,8,01,05,0B,01,CE,02,00,00,
0,00000055,false,Rx,0,8,10,27,00,00,00,00,00,00,
0,00000056,false,Rx,0,8,10,27,00,00,00,00,00,00,
802000,00000057,false,Rx,0,8,00,00,FE,FF,FE,FF,00,00,
830000,00000625,false,Rx,0,8,25,00,59,86,01,54,5C,06,
892000,0000060D,false,Rx,0,8,0D,10,83,B6,09,20,70,00,
931000,00000625,false,Rx,0,8,25,00,59,86,01,54,5C,06,
942000,000002C4,false,Rx,0,8,09,20,00,00,CE,02,00,00,
942000,000002C5,false,Rx,0,8,00,00,00,00,00,00,00,00,
942000,000002C6,false,Rx,0,8,32,00,7C,01,00,00,00,00,
992000,0000060D,false,Rx,0,8,0D,10,83,B6,09,20,70,00,
0,00000054,false,Rx,0,8,01,05,0B,01,CE,02,00,00,
0,00000055,false,Rx,0,8,10,27,00,00,00,00,00,00,
0,00000056,false,Rx,0,8,10,27,00,00,00,00,00,00,
0,00000057,false,Rx,0,8,00,00,FE,FF,FE,FF,00,00,
31000,00000625,false,Rx,0,8,25,00,59,86,01,54,5C,06,
91000,0000060D,false,Rx,0,8,0D,10,83,B6,09,20,70,00,
131000,00000625,false,Rx,0,8,25,00,59,86,01,54,5C,06,
162000,000002C4,false,Rx,0,8,09,20,00,00,CE,02,00,00,
162000,000002C5,false,Rx,0,8,00,00,00,00,00,00,00,00,
162000,000002C6,false,Rx,0,8,32,00,7C,01,00,00,00,00,
191000,0000060D,false,Rx,0,8,0D,10,83,B6,09,20,70,00,
0,00000054,false,Rx,0,8,01,05,0B,01,CE,02,00,00,
0,00000055,false,Rx,0,8,10,27,00,00,00,00,00,00,
202000,00000056,false,Rx,0,8,10,27,00,00,00,00,00,00,
202000,00000057,false,Rx,0,8,00,00,FE,FF,FE,FF,00,00,
230000,00000625,false,Rx,0,8,25,00,59,86,01,54,5C,06,
291000,0000060D,false,Rx,0,8,0D,10,83,B6,09,20,70,00,
330000,00000625,false,Rx,0,8,25,00,59,86,01,54,5C,06,
0,000002C4,false,Rx,0,8,09,20,00,00,CE,02,00,00,
0,000002C5,false,Rx,0,8,00,00,00,00,00,00,00,00,
382000,000002C6,false,Rx,0,8,32,00,7C,01,00,00,00,00,
392000,0000060D,false,Rx,0,8,0D,10,83,B6,09,20,70,00,
401000,00000054,false,Rx,0,8,01,05,0B,01,CE,02,00,00,
401000,00000055,false,Rx,0,8,10,27,00,00,00,00,00,00,
402000,00000056,false,Rx,0,8,10,27,00,00,00,00,00,00,
402000,00000057,false,Rx,0,8,00,00,FE,FF,FE,FF,00,00,
431000,00000625,false,Rx,0,8,25,00,59,86,01,54,5C,06,
492000,0000060D,false,Rx,0,8,0D,10,83,B6,09,20,70,00,
530000,00000625,false,Rx,0,8,25,00,59,86,01,54,5C,06,
591000,0000060D,false,Rx,0,8,0D,10,83,B6,09,20,70,00,
601000,00000054,false,Rx,0,8,01,05,0B,01,CE,02,00,00,
601000,00000055,false,Rx,0,8,10,27,00,00,00,00,00,00,
602000,000002C4,false,Rx,0,8,09,20,00,00,CE,02,00,00,
602000,00000056,false,Rx,0,8,10,27,00,00,00,00,00,00,
602000,000002C5,false,Rx,0,8,00,00,00,00,00,00,00,00,
602000,00000057,false,Rx,0,8,00,00,FE,FF,FE,FF,00,00,
603000,000002C6,false,Rx,0,8,32,00,7C,01,00,00,00,00,
630000,00000625,false,Rx,0,8,25,00,59,86,01,54,5C,06,
691000,0000060D,false,Rx,0,8,0D,10,83,B6,09,20,70,00,
730000,00000625,false,Rx,0,8,25,00,59,86,01,54,5C,06,
791000,0000060D,false,Rx,0,8,0D,10,83,B6,09,20,70,00,
801000,00000054,false,Rx,0,8,01,05,0B,01,CE,02,00,00,
801000,00000055,false,Rx,0,8,10,27,00,00,00,00,00,00,
801000,00000056,false,Rx,0,8,10,27,00,00,00,00,00,00,
801000,00000057,false,Rx,0,8,00,00,FE,FF,FE,FF,00,00,
822000,000002C4,false,Rx,0,8,09,20,00,00,CE,02,00,00,
822000,000002C5,false,Rx,0,8,00,00,00,00,00,00,00,00,
822000,000002C6,false,Rx,0,8,32,00,7C,01,00,00,00,00,
831000,00000625,false,Rx,0,8,25,00,59,86,01,54,5C,06,
892000,0000060D,false,Rx,0,8,0D,10,83,B6,09,20,70,00,
931000,00000625,false,Rx,0,8,25,00,59,86,01,54,5C,06,
992000,0000060D,false,Rx,0,8,0D,10,83,B6,09,20,70,00,
0,00000054,false,Rx,0,8,01,05,0B,01,CE,02,00,00,
0,00000055,false,Rx,0,8,10,27,00,00,00,00,00,00,
1000,00000056,false,Rx,0,8,10,27,00,00,00,00,00,00,
2000,00000057,false,Rx,0,8,00,00,FE,FF,FE,FF,00,00,
31000,00000625,false,Rx,0,8,25,00,59,86,01,54,5C,06,
41000,000002C4,false,Rx,0,8,09,20,00,00,CE,02,00,00,
41000,000002C5,false,Rx,0,8,00,00,00,00,00,00,00,00,
41000,000002C6,false,Rx,0,8,32,00,7C,01,00,00,00,00,
91000,0000060D,false,Rx,0,8,0D,10,83,B6,09,20,70,00,
131000,00000625,false,Rx,0,8,25,00,59,86,01,54,5C,06,
192000,0000060D,false,Rx,0,8,0D,10,83,B6,09,20,70,00,
201000,00000054,false,Rx,0,8,01,05,0B,01,CE,02,00,00,
201000,00000055,false,Rx,0,8,10,27,00,00,00,00,00,00,
201000,00000056,false,Rx,0,8,10,27,00,00,00,00,00,00,
202000,00000057,false,Rx,0,8,00,00,FE,FF,FE,FF,00,00,
230000,00000625,false,Rx,0,8,25,00,59,86,01,54,5C,06,
262000,000002C4,false,Rx,0,8,09,20,00,00,CE,02,00,00,
262000,000002C5,false,Rx,0,8,00,00,00,00,00,00,00,00,
262000,000002C6,false,Rx,0,8,32,00,7C,01,00,00,00,00,
291000,0000060D,false,Rx,0,8,0D,10,83,B6,09,20,70,00,
330000,00000625,false,Rx,0,8,25,00,59,86,01,54,5C,06,
392000,0000060D,false,Rx,0,8,0D,10,83,B6,09,20,70,00,
0,00000054,false,Rx,0,8,01,05,0B,01,CE,02,00,00,
0,00000055,false,Rx,0,8,10,27,00,00,00,00,00,00,
401000,00000056,false,Rx,0,8,10,27,00,00,00,00,00,00,
401000,00000057,false,Rx,0,8,00,00,FE,FF,FE,FF,00,00,
431000,00000625,false,Rx,0,8,25,00,59,86,01,54,5C,06,
482000,000002C4,false,Rx,0,8,09,20,00,00,CE,02,00,00,
482000,000002C5,false,Rx,0,8,00,00,00,00,00,00,00,00,
482000,000002C6,false,Rx,0,8,32,00,7C,01,00,00,00,00,
491000,0000060D,false,Rx,0,8,0D,10,83,B6,09,20,70,00,
531000,00000625,false,Rx,0,8,25,00,59,86,01,54,5C,06,
592000,0000060D,false,Rx,0,8,0D,10,83,B6,09,20,70,00,
601000,00000054,false,Rx,0,8,01,05,0B,01,CE,02,00,00,
601000,00000055,false,Rx,0,8,10,27,00,00,00,00,00,00,
601000,00000056,false,Rx,0,8,10,27,00,00,00,00,00,00,
601000,00000057,false,Rx,0,8,00,00,FE,FF,FE,FF,00,00,
630000,00000625,false,Rx,0,8,25,00,59,86,01,54,5C,06,
692000,0000060D,false,Rx,0,8,0D,10,83,B6,09,20,70,00,
0,000002C4,false,Rx,0,8,09,20,00,00,CE,02,00,00,
0,000002C5,false,Rx,0,8,00,00,00,00,00,00,00,00,
702000,000002C6,false,Rx,0,8,32,00,7C,01,00,00,00,00,
731000,00000625,false,Rx,0,8,25,00,59,86,01,54,5C,06,
791000,0000060D,false,Rx,0,8,0D,10,83,B6,09,20,70,00,
801000,00000054,false,Rx,0,8,01,05,0B,01,CE,02,00,00,
801000,00000055,false,Rx,0,8,10,27,00,00,00,00,00,00,
801000,00000056,false,Rx,0,8,10,27,00,00,00,00,00,00,
801000,00000057,false,Rx,0,8,00,00,FE,FF,FE,FF,00,00,
830000,00000625,false,Rx,0,8,25,00,59,86,01,54,5C,06,
891000,0000060D,false,Rx,0,8,0D,10,83,B6,09,20,70,00,
0,000002C4,false,Rx,0,8,09,20,00,00,CE,02,00,00,
0,000002C5,false,Rx,0,8,00,00,00,00,00,00,00,00,
922000,000002C6,false,Rx,0,8,32,00,7C,01,00,00,00,00,
931000,00000625,false,Rx,0,8,25,00,59,86,01,54,5C,06,
991000,0000060D,false,Rx,0,8,0D,10,83,B6,09,20,70,00,
0,00000054,false,Rx,0,8,01,05,0B,01,CE,02,00,00,
0,00000055,false,Rx,0,8,10,27,00,00,00,00,00,00,
0,00000056,false,Rx,0,8,10,27,00,00,00,00,00,00,
0,00000057,false,Rx,0,8,00,00,FE,FF,FE,FF,00,00,
30000,00000625,false,Rx,0,8,25,00,59,86,01,54,5C,06,
91000,0000060D,false,Rx,0,8,0D,10,83,B6,09,20,70,00,
130000,00000625,false,Rx,0,8,25,00,59,86,01,54,5C,06,
0,000002C4,false,Rx,0,8,09,20,00,00,CE,02,00,00,
0,000002C5,false,Rx,0,8,00,00,00,00,00,00,00,00,
142000,000002C6,false,Rx,0,8,32,00,7C,01,00,00,00,00,
192000,0000060D,false,Rx,0,8,0D,10,83,B6,09,20,70,00,
201000,00000054,false,Rx,0,8,01,05,0B,01,CE,02,00,00,
201000,00000055,false,Rx,0,8,10,27,00,00,00,00,00,00,
201000,00000056,false,Rx,0,8,10,27,00,00,00,00,00,00,
202000,00000057,false,Rx,0,8,00,00,FE,FF,FE,FF,00,00,
230000,00000625,false,Rx,0,8,25,00,59,86,01,54,5C,06,
292000,0000060D,false,Rx,0,8,0D,10,83,B6,09,20,70,00,
331000,00000625,false,Rx,0,8,25,00,59,86,01,54,5C,06,
362000,000002C4,false,Rx,0,8,09,20,00,00,CE,02,00,00,
362000,000002C5,false,Rx,0,8,00,00,00,00,00,00,00,00,
362000,000002C6,false,Rx,0,8,32,00,7C,01,00,00,00,00,
391000,0000060D,false,Rx,0,8,0D,10,83,B6,09,20,70,00,
0,00000054,false,Rx,0,8,01,05,0B,01,CE,02,00,00,
0,00000055,false,Rx,0,8,10,27,00,00,00,00,00,00,
402000,00000056,false,Rx,0,8,10,27,00,00,00,00,00,00,
402000,00000057,false,Rx,0,8,00,00,FE,FF,FE,FF,00,00,
431000,00000625,false,Rx,0,8,25,00,59,86,01,54,5C,06,
491000,0000060D,false,Rx,0,8,0D,10,83,B6,09,20,70,00,
531000,00000625,false,Rx,0,8,25,00,59,86,01,54,5C,06,
581000,000002C4,false,Rx,0,8,09,20,00,00,CE,02,00,00,
581000,000002C5,false,Rx,0,8,00,00,00,00,00,00,00,00,
582000,000002C6,false,Rx,0,8,32,00,7C,01,00,00,00,00,
591000,0000060D,false,Rx,0,8,0D,10,83,B6,09,20,70,00,
601000,00000054,false,Rx,0,8,01,05,0B,01,CE,02,00,00,
602000,00000055,false,Rx,0,8,10,27,00,00,00,00,00,00,
602000,00000056,false,Rx,0,8,10,27,00,00,00,00,00,00,
602000,00000057,false,Rx,0,8,00,00,FE,FF,FE,FF,00,00,
630000,00000625,false,Rx,0,8,25,00,59,86,01,54,5C,06,
691000,0000060D,false,Rx,0,8,0D,10,83,B6,09,20,70,00,
730000,00000625,false,Rx,0,8,25,00,59,86,01,54,5C,06,
791000,0000060D,false,Rx,0,8,0D,10,83,B6,09,20,70,00,
0,00000054,false,Rx,0,8,01,05,0B,01,CE,02,00,00,
0,00000055,false,Rx,0,8,10,27,00,00,00,00,00,00,
0,000002C4,false,Rx,0,8,09,20,00,00,CE,02,00,00,
802000,00000056,false,Rx,0,8,10,27,00,00,00,00,00,00,
802000,000002C5,false,Rx,0,8,00,00,00,00,00,00,00,00,
803000,00000057,false,Rx,0,8,00,00,FE,FF,FE,FF,00,00,
803000,000002C6,false,Rx,0,8,32,00,7C,01,00,00,00,00,
831000,00000625,false,Rx,0,8,25,00,59,86,01,54,5C,06,
891000,0000060D,false,Rx,0,8,0D,10,83,B6,09,20,70,00,
930000,00000625,false,Rx,0,8,25,00,59,86,01,54,5C,06,
991000,0000060D,false,Rx,0,8,0D,10,83,B6,09,20,70,00,
2000,00000054,false,Rx,0,8,01,05,0B,01,CE,02,00,00,
2000,00000055,false,Rx,0,8,10,27,00,00,00,00,00,00,
2000,00000056,false,Rx,0,8,10,27,00,00,00,00,00,00,
2000,00000057,false,Rx,0,8,00,00,FE,FF,FE,FF,00,00,
22000,000002C4,false,Rx,0,8,09,20,00,00,CE,02,00,00,
22000,000002C5,false,Rx,0,8,00,00,00,00,00,00,00,00,
22000,000002C6,false,Rx,0,8,32,00,7C,01,00,00,00,00,
30000,00000625,false,Rx,0,8,25,00,59,86,01,54,5C,06,
92000,0000060D,false,Rx,0,8,0D,10,83,B6,09,20,70,00,
130000,00000625,false,Rx,0,8,25,00,59,86,01,54,5C,06,
191000,0000060D,false,Rx,0,8,0D,10,83,B6,09,20,70,00,
201000,00000054,false,Rx,0,8,01,05,0B,01,CE,02,00,00,
201000,00000055,false,Rx,0,8,10,27,00,00,00,00,00,00,
0,00000056,false,Rx,0,8,10,27,00,00,00,00,00,00,
0,00000057,false,Rx,0,8,00,00,FE,FF,FE,FF,00,00,
231000,00000625,false,Rx,0,8,25,00,59,86,01,54,5C,06,
241000,000002C4,false,Rx,0,8,09,20,00,00,CE,02,00,00,
242000,000002C5,false,Rx,0,8,00,00,00,00,00,00,00,00,
242000,000002C6,false,Rx,0,8,32,00,7C,01,00,00,00,00,
291000,0000060D,false,Rx,0,8,0D,10,83,B6,09,20,70,00,
330000,00000625,false,Rx,0,8,25,00,59,86,01,54,5C,06,
391000,0000060D,false,Rx,0,8,0D,10,83,B6,09,20,70,00,
0,00000054,false,Rx,0,8,01,05,0B,01,CE,02,00,00,
0,00000055,false,Rx,0,8,10,27,00,00,00,00,00,00,
0,00000056,false,Rx,0,8,10,27,00,00,00,00,00,00,
402000,00000057,false,Rx,0,8,00,00,FE,FF,FE,FF,00,00,
431000,00000625,false,Rx,0,8,25,00,59,86,01,54,5C,06,
462000,000002C4,false,Rx,0,8,09,20,00,00,CE,02,00,00,
462000,000002C5,false,Rx,0,8,00,00,00,00,00,00,00,00,
462000,000002C6,false,Rx,0,8,32,00,7C,01,00,00,00,00,
491000,0000060D,false,Rx,0,8,0D,10,83,B6,09,20,70,00,
530000,00000625,false,Rx,0,8,25,00,59,86,01,54,5C,06,
592000,0000060D,false,Rx,0,8,0D,10,83,B6,09,20,70,00,
601000,00000054,false,Rx,0,8,01,05,0B,01,CE,02,00,00,
601000,00000055,false,Rx,0,8,10,27,00,00,00,00,00,00,
602000,00000056,false,Rx,0,8,10,27,00,00,00,00,00,00,
602000,00000057,false,Rx,0,8,00,00,FE,FF,FE,FF,00,00,
630000,00000625,false,Rx,0,8,25,00,59,86,01,54,5C,06,
681000,000002C4,false,Rx,0,8,09,20,00,00,CE,02,00,00,
681000,000002C5,false,Rx,0,8,00,00,00,00,00,00,00,00,
682000,000002C6,false,Rx,0,8,32,00,7C,01,00,00,00,00,
691000,0000060D,false,Rx,0,8,0D,10,83,B6,09,20,70,00,
730000,00000625,false,Rx,0,8,25,00,59,86,01,54,5C,06,
792000,0000060D,false,Rx,0,8,0D,10,83,B6,09,20,70,00,
801000,00000054,false,Rx,0,8,01,05,0B,01,CE,02,00,00,
801000,00000055,false,Rx,0,8,10,27,00,00,00,00,00,00,
801000,00000056,false,Rx,0,8,10,27,00,00,00,00,00,00,
802000,00000057,false,Rx,0,8,00,00,FE,FF,FE,FF,00,00,
831000,00000625,false,Rx,0,8,25,00,59,86,01,54,5C,06,
892000,0000060D,false,Rx,0,8,0D,10,83,B6,09,20,70,00,
901000,000002C4,false,Rx,0,8,09,20,00,00,CE,02,00,00,
901000,000002C5,false,Rx,0,8,00,00,00,00,00,00,00,00,
902000,000002C6,false,Rx,0,8,32,00,7C,01,00,00,00,00,
930000,00000625,false,Rx,0,8,25,00,59,86,01,54,5C,06,
991000,0000060D,false,Rx,0,8,0D,10,83,B6,09,20,70,00,
0,00000054,false,Rx,0,8,01,05,0B,01,CE,02,00,00,
0,00000055,false,Rx,0,8,10,27,00,00,00,00,00,00,
1000,00000056,false,Rx,0,8,10,27,00,00,00,00,00,00,
2000,00000057,false,Rx,0,8,00,00,FE,FF,FE,FF,00,00,
31000,00000625,false,Rx,0,8,25,00,59,86,01,54,5C,06,
91000,0000060D,false,Rx,0,8,0D,10,83,B6,09,20,70,00,
111000,00000065,false,Rx,0,8,D0,02,03,00,00,00,00,00,
121000,000002C4,false,Rx,0,8,09,20,00,00,CE,02,00,00,
121000,000002C5,false,Rx,0,8,00,00,00,00,00,00,00,00,
122000,000002C6,false,Rx,0,8,32,00,7C,01,00,00,00,00,
130000,00000625,false,Rx,0,8,25,00,59,86,01,54,5C,06,
191000,0000060D,false,Rx,0,8,0D,10,83,B6,09,20,70,00,
201000,00000054,false,Rx,0,8,01,05,0B,01,D0,02,00,00,
202000,00000055,false,Rx,0,8,10,27,00,00,00,00,00,00,
202000,00000056,false,Rx,0,8,10,27,00,00,00,00,00,00,
202000,00000057,false,Rx,0,8,00,00,FE,FF,FE,FF,00,00,
230000,00000625,false,Rx,0,8,25,00,59,86,01,54,5C,06,
261000,00000065,false,Rx,0,8,D0,02,03,00,00,00,00,00,
291000,0000060D,false,Rx,0,8,0D,10,83,B6,09,20,70,00,
331000,00000625,false,Rx,0,8,25,00,59,86,01,54,5C,06,
341000,000002C4,false,Rx,0,8,09,20,00,00,D0,02,00,00,
341000,000002C5,false,Rx,0,8,00,00,00,00,00,00,00,00,
342000,000002C6,false,Rx,0,8,32,00,7C,01,00,00,00,00,
392000,0000060D,false,Rx,0,8,0D,10,83,B6,09,20,70,00,
401000,00000054,false,Rx,0,8,01,05,0B,01,D0,02,00,00,
0,00000055,false,Rx,0,8,10,27,00,00,00,00,00,00,
0,00000056,false,Rx,0,8,10,27,00,00,00,00,00,00,
401000,00000057,false,Rx,0,8,00,00,FE,FF,FE,FF,00,00,
411000,00000065,false,Rx,0,8,D0,02,03,00,00,00,00,00,
430000,00000625,false,Rx,0,8,25,00,59,86,01,54,5C,06,
491000,0000060D,false,Rx,0,8,0D,10,83,B6,09,20,70,00,
531000,00000625,false,Rx,0,8,25,00,59,86,01,54,5C,06,
0,00000065,false,Rx,0,8,D0,02,03,00,00,00,00,00,
0,000002C4,false,Rx,0,8,09,20,00,00,D0,02,00,00,
561000,000002C5,false,Rx,0,8,00,00,00,00,00,00,00,00,
562000,000002C6,false,Rx,0,8,32,00,7C,01,00,00,00,00,
591000,0000060D,false,Rx,0,8,0D,10,83,B6,09,20,70,00,
601000,00000054,false,Rx,0,8,01,05,0B,01,D0,02,00,00,
0,00000055,false,Rx,0,8,10,27,00,00,00,00,00,00,
0,00000056,false,Rx,0,8,10,27,00,00,00,00,00,00,
602000,00000057,false,Rx,0,8,00,00,FE,FF,FE,FF,00,00,
630000,00000625,false,Rx,0,8,25,00,59,86,01,54,5C,06,
691000,0000060D,false,Rx,0,8,0D,10,83,B6,09,20,70,00,
730000,00000625,false,Rx,0,8,25,00,59,86,01,54,5C,06,
782000,000002C4,false,Rx,0,8,09,20,00,00,D0,02,00,00,
782000,000002C5,false,Rx,0,8,00,00,00,00,00,00,00,00,
782000,000002C6,false,Rx,0,8,32,00,7C,01,00,00,00,00,
791000,0000060D,false,Rx,0,8,0D,10,83,B6,09,20,70,00,
0,00000054,false,Rx,0,8,01,05,0B,01,D0,02,00,00,
0,00000055,false,Rx,0,8,10,27,00,00,00,00,00,00,
802000,00000056,false,Rx,0,8,10,27,00,00,00,00,00,00,
802000,00000057,false,Rx,0,8,00,00,FE,FF,FE,FF,00,00,
831000,00000625,false,Rx,0,8,25,00,59,86,01,54,5C,06,
892000,0000060D,false,Rx,0,8,0D,10,83,B6,09,20,70,00,
930000,00000625,false,Rx,0,8,25,00,59,86,01,54,5C,06,
992000,0000060D,false,Rx,0,8,0D,10,83,B6,09,20,70,00,
0,00000054,false,Rx,0,8,01,05,0B,01,D0,02,00,00,
0,00000055,false,Rx,0,8,10,27,00,00,00,00,00,00,
1000,00000056,false,Rx,0,8,10,27,00,00,00,00,00,00,
0,000002C4,false,Rx,0,8,09,20,00,00,D0,02,00,00,
0,00000057,false,Rx,0,8,00,00,FE,FF,FE,FF,00,00,
0,000002C5,false,Rx,0,8,00,00,00,00,00,00,00,00,
0,000002C6,false,Rx,0,8,32,00,7C,01,00,00,00,00,
31000,00000625,false,Rx,0,8,25,00,59,86,01,54,5C,06,
91000,0000060D,false,Rx,0,8,0D,10,83,B6,09,20,70,00,
130000,00000625,false,Rx,0,8,25,00,59,86,01,54,5C,06,
191000,0000060D,false,Rx,0,8,0D,10,83,B6,09,20,70,00,
200000,00000054,false,Rx,0,8,01,05,0B,01,D0,02,00,00,
201000,00000055,false,Rx,0,8,10,27,00,00,00,00,00,00,
201000,00000056,false,Rx,0,8,10,27,00,00,00,00,00,00,
201000,00000057,false,Rx,0,8,00,00,FE,FF,FE,FF,00,00,
222000,000002C4,false,Rx,0,8,09,20,00,00,D0,02,00,00,
222000,000002C5,false,Rx,0,8,00,00,00,00,00,00,00,00,
222000,000002C6,false,Rx,0,8,32,00,7C,01,00,00,00,00,
230000,00000625,false,Rx,0,8,25,00,59,86,01,54,5C,06,
291000,0000060D,false,Rx,0,8,0D,10,83,B6,09,20,70,00,
330000,00000625,false,Rx,0,8,25,00,59,86,01,54,5C,06,
391000,0000060D,false,Rx,0,8,0D,10,83,B6,09,20,70,00,
401000,00000054,false,Rx,0,8,01,05,0B,01,D0,02,00,00,
401000,00000055,false,Rx,0,8,10,27,00,00,00,00,00,00,
402000,00000056,false,Rx,0,8,10,27,00,00,00,00,00,00,
402000,00000057,false,Rx,0,8,00,00,FE,FF,FE,FF,00,00,
430000,00000625,false,Rx,0,8,25,00,59,86,01,54,5C,06,
0,000002C4,false,Rx,0,8,09,20,00,00,D0,02,00,00,
0,000002C5,false,Rx,0,8,00,00,00,00,00,00,00,00,
442000,000002C6,false,Rx,0,8,32,00,7C,01,00,00,00,00,
491000,0000060D,false,Rx,0,8,0D,10,83,B6,09,20,70,00,
531000,00000625,false,Rx,0,8,25,00,59,86,01,54,5C,06,
592000,0000060D,false,Rx,0,8,0D,10,83,B6,09,20,70,00,
601000,00000054,false,Rx,0,8,01,05,0B,01,D0,02,00,00,
601000,00000055,false,Rx,0,8,10,27,00,00,00,00,00,00,
601000,00000056,false,Rx,0,8,10,27,00,00,00,00,00,00,
602000,00000057,false,Rx,0,8,00,00,FE,FF,FE,FF,00,00,
630000,00000625,false,Rx,0,8,25,00,59,86,01,54,5C,06,
662000,000002C4,false,Rx,0,8,09,20,00,00,D0,02,00,00,
662000,000002C5,false,Rx,0,8,00,00,00,00,00,00,00,00,
662000,000002C6,false,Rx,0,8,32,00,7C,01,00,00,00,00,
691000,0000060D,false,Rx,0,8,0D,10,83,B6,09,20,70,00,
730000,00000625,false,Rx,0,8,25,00,59,86,01,54,5C,06,
791000,0000060D,false,Rx,0,8,0D,10,83,B6,09,20,70,00,
802000,00000054,false,Rx,0,8,01,05,0B,01,D0,02,00,00,
0,00000055,false,Rx,0,8,10,27,00,00,00,00,00,00,
0,00000056,false,Rx,0,8,10,27,00,00,00,00,00,00,
802000,00000057,false,Rx,0,8,00,00,FE,FF,FE,FF,00,00,
830000,00000625,false,Rx,0,8,25,00,59,86,01,54,5C,06,
881000,000002C4,false,Rx,0,8,09,20,00,00,D0,02,00,00,
881000,000002C5,false,Rx,0,8,00,00,00,00,00,00,00,00,
882000,000002C6,false,Rx,0,8,32,00,7C,01,00,00,00,00,
892000,0000060D,false,Rx,0,8,0D,10,83,B6,09,20,70,00,
930000,00000625,false,Rx,0,8,25,00,59,86,01,54,5C,06,
991000,0000060D,false,Rx,0,8,0D,10,83,B6,09,20,70,00,
0,00000054,false,Rx,0,8,01,05,0B,01,D0,02,00,00,
0,00000055,false,Rx,0,8,10,27,00,00,00,00,00,00,
1000,00000056,false,Rx,0,8,10,27,00,00,00,00,00,00,
2000,00000057,false,Rx,0,8,00,00,FE,FF,FE,FF,00,00,
31000,00000625,false,Rx,0,8,25,00,59,86,01,54,5C,06,
91000,0000060D,false,Rx,0,8,0D,10,83,B6,09,20,70,00,
0,000002C4,false,Rx,0,8,09,20,00,00,D0,02,00,00,
0,000002C5,false,Rx,0,8,00,00,00,00,00,00,00,00,
102000,000002C6,false,Rx,0,8,32,00,7C,01,00,00,00,00,
130000,00000625,false,Rx,0,8,25,00,59,86,01,54,5C,06,
191000,0000060D,false,Rx,0,8,0D,10,83,B6,09,20,70,00,
201000,00000054,false,Rx,0,8,01,05,0B,01,D0,02,00,00,
202000,00000055,false,Rx,0,8,10,27,00,00,00,00,00,00,
202000,00000056,false,Rx,0,8,10,27,00,00,00,00,00,00,
202000,00000057,false,Rx,0,8,00,00,FE,FF,FE,FF,00,00,
230000,00000625,false,Rx,0,8,25,00,59,86,01,54,5C,06,
291000,0000060D,false,Rx,0,8,0D,10,83,B6,09,20,70,00,
322000,000002C4,false,Rx,0,8,09,20,00,00,D0,02,00,00,
322000,000002C5,false,Rx,0,8,00,00,00,00,00,00,00,00,
323000,000002C6,false,Rx,0,8,32,00,7C,01,00,00,00,00,
330000,00000625,false,Rx,0,8,25,00,59,86,01,54,5C,06,
392000,0000060D,false,Rx,0,8,0D,10,83,B6,09,20,70,00,
402000,00000054,false,Rx,0,8,01,05,0B,01,D0,02,00,00,
402000,00000055,false,Rx,0,8,10,27,00,00,00,00,00,00,
0,00000056,false,Rx,0,8,10,27,00,00,00,00,00,00,
0,00000057,false,Rx,0,8,00,00,FE,FF,FE,FF,00,00,
430000,00000625,false,Rx,0,8,25,00,59,86,01,54,5C,06,
491000,0000060D,false,Rx,0,8,0D,10,83,B6,09,20,70,00,
530000,00000625,false,Rx,0,8,25,00,59,86,01,54,5C,06,
541000,000002C4,false,Rx,0,8,09,20,00,00,D0,02,00,00,
541000,000002C5,false,Rx,0,8,00,00,00,00,00,00,00,00,
542000,000002C6,false,Rx,0,8,32,00,7C,01,00,00,00,00,
591000,0000060D,false,Rx,0,8,0D,10,83,B6,09,20,70,00,
601000,00000054,false,Rx,0,8,01,05,0B,01,D0,02,00,00,
601000,00000055,false,Rx,0,8,10,27,00,00,00,00,00,00,
0,00000056,false,Rx,0,8,10,27,00,00,00,00,00,00,
0,00000057,false,Rx,0,8,00,00,FE,FF,FE,FF,00,00,
630000,00000625,false,Rx,0,8,25,00,59,86,01,54,5C,06,
691000,0000060D,false,Rx,0,8,0D,10,83,B6,09,20,70,00,
730000,00000625,false,Rx,0,8,25,00,59,86,01,54,5C,06,
0,000002C4,false,Rx,0,8,09,20,00,00,D0,02,00,00,
0,000002C5,false,Rx,0,8,00,00,00,00,00,00,00,00,
762000,000002C6,false,Rx,0,8,32,00,7C,01,00,00,00,00,
792000,0000060D,false,Rx,0,8,0D,10,83,B6,09,20,70,00,
0,00000054,false,Rx,0,8,01,05,0B,01,D0,02,00,00,
0,00000055,false,Rx,0,8,10,27,00,00,00,00,00,00,
0,00000056,false,Rx,0,8,10,27,00,00,00,00,00,00,
802000,00000057,false,Rx,0,8,00,00,FE,FF,FE,FF,00,00,
831000,00000625,false,Rx,0,8,25,00,59,86,01,54,5C,06,
892000,0000060D,false,Rx,0,8,0D,10,83,B6,09,20,70,00,
930000,00000625,false,Rx,0,8,25,00,59,86,01,54,5C,06,
981000,000002C4,false,Rx,0,8,09,20,00,00,D0,02,00,00,
981000,000002C5,false,Rx,0,8,00,00,00,00,00,00,00,00,
982000,000002C6,false,Rx,0,8,32,00,7C,01,00,00,00,00,
991000,0000060D,false,Rx,0,8,0D,10,83,B6,09,20,70,00,
0,00000054,false,Rx,0,8,01,05,0B,01,D0,02,00,00,
0,00000055,false,Rx,0,8,10,27,00,00,00,00,00,00,
0,00000056,false,Rx,0,8,10,27,00,00,00,00,00,00,
3000,00000057,false,Rx,0,8,00,00,FE,FF,FE,FF,00,00,
30000,00000625,false,Rx,0,8,25,00,59,86,01,54,5C,06,
91000,0000060D,false,Rx,0,8,0D,10,83,B6,09,20,70,00,
130000,00000625,false,Rx,0,8,25,00,59,86,01,54,5C,06,
191000,0000060D,false,Rx,0,8,0D,10,83,B6,09,20,70,00,
201000,00000054,false,Rx,0,8,01,05,0B,01,D0,02,00,00,
0,00000055,false,Rx,0,8,10,27,00,00,00,00,00,00,
0,00000056,false,Rx,0,8,10,27,00,00,00,00,00,00,
202000,000002C4,false,Rx,0,8,09,20,00,00,D0,02,00,00,
202000,00000057,false,Rx,0,8,00,00,FE,FF,FE,FF,00,00,
202000,000002C5,false,Rx,0,8,00,00,00,00,00,00,00,00,
203000,000002C6,false,Rx,0,8,32,00,7C,01,00,00,00,00,
230000,00000625,false,Rx,0,8,25,00,59,86,01,54,5C,06,
291000,0000060D,false,Rx,0,8,0D,10,83,B6,09,20,70,00,
331000,00000625,false,Rx,0,8,25,00,59,86,01,54,5C,06,
392000,0000060D,false,Rx,0,8,0D,10,83,B6,09,20,70,00,
402000,00000054,false,Rx,0,8,01,05,0B,01,D0,02,00,00,
402000,00000055,false,Rx,0,8,10,27,00,00,00,00,00,00,
0,00000056,false,Rx,0,8,10,27,00,00,00,00,00,00,
0,00000057,false,Rx,0,8,00,00,FE,FF,FE,FF,00,00,
0,000002C4,false,Rx,0,8,09,20,00,00,D0,02,00,00,
0,000002C5,false,Rx,0,8,00,00,00,00,00,00,00,00,
422000,000002C6,false,Rx,0,8,32,00,7C,01,00,00,00,00,
430000,00000625,false,Rx,0,8,25,00,59,86,01,54,5C,06,
491000,0000060D,false,Rx,0,8,0D,10,83,B6,09,20,70,00,
530000,00000625,false,Rx,0,8,25,00,59,86,01,54,5C,06,
591000,0000060D,false,Rx,0,8,0D,10,83,B6,09,20,70,00,
601000,00000054,false,Rx,0,8,01,05,0B,01,D0,02,00,00,
601000,00000055,false,Rx,0,8,10,27,00,00,00,00,00,00,
602000,00000056,false,Rx,0,8,10,27,00,00,00,00,00,00,
602000,00000057,false,Rx,0,8,00,00,FE,FF,FE,FF,00,00,
630000,00000625,false,Rx,0,8,25,00,59,86,01,54,5C,06,
0,000002C4,false,Rx,0,8,09,20,00,00,D0,02,00,00,
0,000002C5,false,Rx,0,8,00,00,00,00,00,00,00,00,
643000,000002C6,false,Rx,0,8,32,00,7C,01,00,00,00,00,
691000,0000060D,false,Rx,0,8,0D,10,83,B6,09,20,70,00,
730000,00000625,false,Rx,0,8,25,00,59,86,01,54,5C,06,
791000,0000060D,false,Rx,0,8,0D,10,83,B6,09,20,70,00,
801000,00000054,false,Rx,0,8,01,05,0B,01,D0,02,00,00,
801000,00000055,false,Rx,0,8,10,27,00,00,00,00,00,00,
802000,00000056,false,Rx,0,8,10,27,00,00,00,00,00,00,
802000,00000057,false,Rx,0,8,00,00,FE,FF,FE,FF,00,00,
831000,00000625,false,Rx,0,8,25,00,59,86,01,54,5C,06,
861000,000002C4,false,Rx,0,8,09,20,00,00,D0,02,00,00,
862000,000002C5,false,Rx,0,8,00,00,00,00,00,00,00,00,
862000,000002C6,false,Rx,0,8,32,00,7C,01,00,00,00,00,
892000,0000060D,false,Rx,0,8,0D,10,83,B6,09,20,70,00,
931000,00000625,false,Rx,0,8,25,00,59,86,01,54,5C,06,
992000,0000060D,false,Rx,0,8,0D,10,83,B6,09,20,70,00,
1000,00000054,false,Rx,0,8,01,05,0B,01,D0,02,00,00,
1000,00000055,false,Rx,0,8,10,27,00,00,00,00,00,00,
1000,00000056,false,Rx,0,8,10,27,00,00,00,00,00,00,
2000,00000057,false,Rx,0,8,00,00,FE,FF,FE,FF,00,00,
31000,00000625,false,Rx,0,8,25,00,59,86,01,54,5C,06,
82000,000002C4,false,Rx,0,8,09,20,00,00,D0,02,00,00,
0,000002C5,false,Rx,0,8,00,00,00,00,00,00,00,00,
0,000002C6,false,Rx,0,8,32,00,7C,01,00,00,00,00,
91000,0000060D,false,Rx,0,8,0D,10,83,B6,09,20,70,00,
130000,00000625,false,Rx,0,8,25,00,59,86,01,54,5C,06,
192000,0000060D,false,Rx,0,8,0D,10,83,B6,09,20,70,00,
201000,00000054,false,Rx,0,8,01,05,0B,01,D0,02,00,00,
201000,00000055,false,Rx,0,8,10,27,00,00,00,00,00,00,
201000,00000056,false,Rx,0,8,10,27,00,00,00,00,00,00,
202000,00000057,false,Rx,0,8,00,00,FE,FF,FE,FF,00,00,
231000,00000625,false,Rx,0,8,25,00,59,86,01,54,5C,06,
291000,0000060D,false,Rx,0,8,0D,10,83,B6,09,20,70,00,
301000,000002C4,false,Rx,0,8,09,20,00,00,D0,02,00,00,
301000,000002C5,false,Rx,0,8,00,00,00,00,00,00,00,00,
302000,000002C6,false,Rx,0,8,32,00,7C,01,00,00,00,00,
331000,00000625,false,Rx,0,8,25,00,59,86,01,54,5C,06,
392000,0000060D,false,Rx,0,8,0D,10,83,B6,09,20,70,00,
401000,00000054,false,Rx,0,8,01,05,0B,01,D0,02,00,00,
402000,00000055,false,Rx,0,8,10,27,00,00,00,00,00,00,
402000,00000056,false,Rx,0,8,10,27,00,00,00,00,00,00,
402000,00000057,false,Rx,0,8,00,00,FE,FF,FE,FF,00,00,
430000,00000625,false,Rx,0,8,25,00,59,86,01,54,5C,06,
491000,0000060D,false,Rx,0,8,0D,10,83,B6,09,20,70,00,
522000,000002C4,false,Rx,0,8,09,20,00,00,D0,02,00,00,
522000,000002C5,false,Rx,0,8,00,00,00,00,00,00,00,00,
522000,000002C6,false,Rx,0,8,32,00,7C,01,00,00,00,00,
530000,00000625,false,Rx,0,8,25,00,59,86,01,54,5C,06,
592000,0000060D,false,Rx,0,8,0D,10,83,B6,09,20,70,00,
601000,00000054,false,Rx,0,8,01,05,0B,01,D0,02,00,00,
602000,00000055,false,Rx,0,8,10,27,00,00,00,00,00,00,
602000,00000056,false,Rx,0,8,10,27,00,00,00,00,00,00,
602000,00000057,false,Rx,0,8,00,00,FE,FF,FE,FF,00,00,
631000,00000625,false,Rx,0,8,25,00,59,86,01,54,5C,06,
691000,0000060D,false,Rx,0,8,0D,10,83,B6,09,20,70,00,
730000,00000625,false,Rx,0,8,25,00,59,86,01,54,5C,06,
741000,000002C4,false,Rx,0,8,09,20,00,00,D0,02,00,00,
741000,000002C5,false,Rx,0,8,00,00,00,00,00,00,00,00,
742000,000002C6,false,Rx,0,8,32,00,7C,01,00,00,00,00,
791000,0000060D,false,Rx,0,8,0D,10,83,B6,09,20,70,00,
801000,00000054,false,Rx,0,8,01,05,0B,01,D0,02,00,00,
801000,00000055,false,Rx,0,8,10,27,00,00,00,00,00,00,
802000,00000056,false,Rx,0,8,10,27,00,00,00,00,00,00,
802000,00000057,false,Rx,0,8,00,00,FE,FF,FE,FF,00,00,
830000,00000625,false,Rx,0,8,25,00,59,86,01,54,5C,06,
891000,0000060D,false,Rx,0,8,0D,10,83,B6,09,20,70,00,
931000,00000625,false,Rx,0,8,25,00,59,86,01,54,5C,06,
961000,000002C4,false,Rx,0,8,09,20,00,00,D0,02,00,00,
961000,000002C5,false,Rx,0,8,00,00,00,00,00,00,00,00,
962000,000002C6,false,Rx,0,8,32,00,7C,01,00,00,00,00,
991000,0000060D,false,Rx,0,8,0D,10,83,B6,09,20,70,00,
1000,00000054,false,Rx,0,8,01,05,0B,01,D0,02,00,00,
2000,00000055,false,Rx,0,8,10,27,00,00,00,00,00,00,
2000,00000056,false,Rx,0,8,10,27,00,00,00,00,00,00,
2000,00000057,false,Rx,0,8,00,00,FE,FF,FE,FF,00,00,
31000,00000625,false,Rx,0,8,25,00,59,86,01,54,5C,06,
91000,0000060D,false,Rx,0,8,0D,10,83,B6,09,20,70,00,
131000,00000625,false,Rx,0,8,25,00,59,86,01,54,5C,06,
182000,000002C4,false,Rx,0,8,09,20,00,00,D0,02,00,00,
182000,000002C5,false,Rx,0,8,00,00,00,00,00,00,00,00,
183000,000002C6,false,Rx,0,8,32,00,7C,01,00,00,00,00,
191000,0000060D,false,Rx,0,8,0D,10,83,B6,09,20,70,00,
201000,00000054,false,Rx,0,8,01,05,0B,01,D0,02,00,00,
202000,00000055,false,Rx,0,8,10,27,00,00,00,00,00,00,
202000,00000056,false,Rx,0,8,10,27,00,00,00,00,00,00,
202000,00000057,false,Rx,0,8,00,00,FE,FF,FE,FF,00,00,
231000,00000625,false,Rx,0,8,25,00,59,86,01,54,5C,06,
291000,0000060D,false,Rx,0,8,0D,10,83,B6,09,20,70,00,
330000,00000625,false,Rx,0,8,25,00,59,86,01,54,5C,06,
391000,0000060D,false,Rx,0,8,0D,10,83,B6,09,20,70,00,
0,00000054,false,Rx,0,8,01,05,0B,01,D0,02,00,00,
0,00000055,false,Rx,0,8,10,27,00,00,00,00,00,00,
0,00000056,false,Rx,0,8,10,27,00,00,00,00,00,00,
0,000002C4,false,Rx,0,8,09,20,00,00,D0,02,00,00,
0,00000057,false,Rx,0,8,00,00,FE,FF,FE,FF,00,00,
0,000002C5,false,Rx,0,8,00,00,00,00,00,00,00,00,
403000,000002C6,false,Rx,0,8,32,00,7C,01,00,00,00,00,
431000,00000625,false,Rx,0,8,25,00,59,86,01,54,5C,06,
491000,0000060D,false,Rx,0,8,0D,10,83,B6,09,20,70,00,
530000,00000625,false,Rx,0,8,25,00,59,86,01,54,5C,06,
591000,0000060D,false,Rx,0,8,0D,10,83,B6,09,20,70,00,
601000,00000054,false,Rx,0,8,01,05,0B,01,D0,02,00,00,
601000,00000055,false,Rx,0,8,10,27,00,00,00,00,00,00,
601000,00000056,false,Rx,0,8,10,27,00,00,00,00,00,00,
602000,00000057,false,Rx,0,8,00,00,FE,FF,FE,FF,00,00,
621000,000002C4,false,Rx,0,8,09,20,00,00,D0,02,00,00,
621000,000002C5,false,Rx,0,8,00,00,00,00,00,00,00,00,
622000,000002C6,false,Rx,0,8,32,00,7C,01,00,00,00,00,
631000,00000625,false,Rx,0,8,25,00,59,86,01,54,5C,06,
692000,0000060D,false,Rx,0,8,0D,10,83,B6,09,20,70,00,
730000,00000625,false,Rx,0,8,25,00,59,86,01,54,5C,06,
791000,0000060D,false,Rx,0,8,0D,10,83,B6,09,20,70,00,
801000,00000054,false,Rx,0,8,01,05,0B,01,D0,02,00,00,
801000,00000055,false,Rx,0,8,10,27,00,00,00,00,00,00,
802000,00000056,false,Rx,0,8,10,27,00,00,00,00,00,00,
802000,00000057,false,Rx,0,8,00,00,FE,FF,FE,FF,00,00,
831000,00000625,false,Rx,0,8,25,00,59,86,01,54,5C,06,
0,000002C4,false,Rx,0,8,09,20,00,00,D0,02,00,00,
0,000002C5,false,Rx,0,8,00,00,00,00,00,00,00,00,
842000,000002C6,false,Rx,0,8,32,00,7C,01,00,00,00,00,
891000,0000060D,false,Rx,0,8,0D,10,83,B6,09,20,70,00,
930000,00000625,false,Rx,0,8,25,00,59,86,01,54,5C,06,
991000,0000060D,false,Rx,0,8,0D,10,83,B6,09,20,70,00,
1000,00000054,false,Rx,0,8,01,05,0B,01,D0,02,00,00,
1000,00000055,false,Rx,0,8,10,27,00,00,00,00,00,00,
1000,00000056,false,Rx,0,8,10,27,00,00,00,00,00,00,
1000,00000057,false,Rx,0,8,00,00,FE,FF,FE,FF,00,00,
31000,00000625,false,Rx,0,8,25,00,59,86,01,54,5C,06,
0,000002C4,false,Rx,0,8,09,20,00,00,D0,02,00,00,
0,000002C5,false,Rx,0,8,00,00,00,00,00,00,00,00,
62000,000002C6,false,Rx,0,8,32,00,7C,01,00,00,00,00,
91000,0000060D,false,Rx,0,8,0D,10,83,B6,09,20,70,00,
131000,00000625,false,Rx,0,8,25,00,59,86,01,54,5C,06,
192000,0000060D,false,Rx,0,8,0D,10,83,B6,09,20,70,00,
201000,00000054,false,Rx,0,8,01,05,0B,01,D0,02,00,00,
201000,00000055,false,Rx,0,8,10,27,00,00,00,00,00,00,
202000,00000056,false,Rx,0,8,10,27,00,00,00,00,00,00,
202000,00000057,false,Rx,0,8,00,00,FE,FF,FE,FF,00,00,
231000,00000625,false,Rx,0,8,25,00,59,86,01,54,5C,06,
0,000002C4,false,Rx,0,8,09,20,00,00,D0,02,00,00,
0,000002C5,false,Rx,0,8,00,00,00,00,00,00,00,00,
282000,000002C6,false,Rx,0,8,32,00,7C,01,00,00,00,00,
291000,0000060D,false,Rx,0,8,0D,10,83,B6,09,20,70,00,
330000,00000625,false,Rx,0,8,25,00,59,86,01,54,5C,06,
392000,0000060D,false,Rx,0,8,0D,10,83,B6,09,20,70,00,
401000,00000054,false,Rx,0,8,01,05,0B,01,D0,02,00,00,
401000,00000055,false,Rx,0,8,10,27,00,00,00,00,00,00,
401000,00000056,false,Rx,0,8,10,27,00,00,00,00,00,00,
402000,00000057,false,Rx,0,8,00,00,FE,FF,FE,FF,00,00,
430000,00000625,false,Rx,0,8,25,00,59,86,01,54,5C,06,
491000,0000060D,false,Rx,0,8,0D,10,83,B6,09,20,70,00,
502000,000002C4,false,Rx,0,8,09,20,00,00,D0,02,00,00,
502000,000002C5,false,Rx,0,8,00,00,00,00,00,00,00,00,
502000,000002C6,false,Rx,0,8,32,00,7C,01,00,00,00,00,
530000,00000625,false,Rx,0,8,25,00,59,86,01,54,5C,06,
592000,0000060D,false,Rx,0,8,0D,10,83,B6,09,20,70,00,
601000,00000054,false,Rx,0,8,01,05,0B,01,D0,02,00,00,
601000,00000055,false,Rx,0,8,10,27,00,00,00,00,00,00,
601000,00000056,false,Rx,0,8,10,27,00,00,00,00,00,00,
602000,00000057,false,Rx,0,8,00,00,FE,FF,FE,FF,00,00,
631000,00000625,false,Rx,0,8,25,00,59,86,01,54,5C,06,
691000,0000060D,false,Rx,0,8,0D,10,83,B6,09,20,70,00,
0,000002C4,false,Rx,0,8,09,20,00,00,D0,02,00,00,
0,000002C5,false,Rx,0,8,00,00,00,00,00,00,00,00,
723000,000002C6,false,Rx,0,8,32,00,7C,01,00,00,00,00,
731000,00000625,false,Rx,0,8,25,00,59,86,01,54,5C,06,
791000,0000060D,false,Rx,0,8,0D,10,83,B6,09,20,70,00,
801000,00000054,false,Rx,0,8,01,05,0B,01,D0,02,00,00,
801000,00000055,false,Rx,0,8,10,27,00,00,00,00,00,00,
801000,00000056,false,Rx,0,8,10,27,00,00,00,00,00,00,
802000,00000057,false,Rx,0,8,00,00,FE,FF,FE,FF,00,00,
830000,00000625,false,Rx,0,8,25,00,59,86,01,54,5C,06,
891000,0000060D,false,Rx,0,8,0D,10,83,B6,09,20,70,00,
930000,00000625,false,Rx,0,8,25,00,59,86,01,54,5C,06,
942000,000002C4,false,Rx,0,8,09,20,00,00,D0,02,00,00,
942000,000002C5,false,Rx,0,8,00,00,00,00,00,00,00,00,
942000,000002C6,false,Rx,0,8,32,00,7C,01,00,00,00,00,
991000,0000060D,false,Rx,0,8,0D,10,83,B6,09,20,70,00,
0,00000054,false,Rx,0,8,01,05,0B,01,D0,02,00,00,
0,00000055,false,Rx,0,8,10,27,00,00,00,00,00,00,
0,00000056,false,Rx,0,8,10,27,00,00,00,00,00,00,
0,00000057,false,Rx,0,8,00,00,FE,FF,FE,FF,00,00,
31000,00000625,false,Rx,0,8,25,00,59,86,01,54,5C,06,
92000,0000060D,false,Rx,0,8,0D,10,83,B6,09,20,70,00,
130000,00000625,false,Rx,0,8,25,00,59,86,01,54,5C,06,
0,000002C4,false,Rx,0,8,09,20,00,00,D0,02,00,00,
0,000002C5,false,Rx,0,8,00,00,00,00,00,00,00,00,
162000,000002C6,false,Rx,0,8,32,00,7C,01,00,00,00,00,
191000,0000060D,false,Rx,0,8,0D,10,83,B6,09,20,70,00,
202000,00000054,false,Rx,0,8,01,05,0B,01,D0,02,00,00,
202000,00000055,false,Rx,0,8,10,27,00,00,00,00,00,00,
202000,00000056,false,Rx,0,8,10,27,00,00,00,00,00,00,
202000,00000057,false,Rx,0,8,00,00,FE,FF,FE,FF,00,00,
231000,00000625,false,Rx,0,8,25,00,59,86,01,54,5C,06,
291000,0000060D,false,Rx,0,8,0D,10,83,B6,09,20,70,00,
331000,00000625,false,Rx,0,8,25,00,59,86,01,54,5C,06,
381000,000002C4,false,Rx,0,8,09,20,00,00,D0,02,00,00,
381000,000002C5,false,Rx,0,8,00,00,00,00,00,00,00,00,
382000,000002C6,false,Rx,0,8,32,00,7C,01,00,00,00,00,
392000,0000060D,false,Rx,0,8,0D,10,83,B6,09,20,70,00,
402000,00000054,false,Rx,0,8,01,05,0B,01,D0,02,00,00,
402000,00000055,false,Rx,0,8,10,27,00,00,00,00,00,00,
402000,00000056,false,Rx,0,8,10,27,00,00,00,00,00,00,
402000,00000057,false,Rx,0,8,00,00,FE,FF,FE,FF,00,00,
431000,00000625,false,Rx,0,8,25,00,59,86,01,54,5C,06,
491000,0000060D,false,Rx,0,8,0D,10,83,B6,09,20,70,00,
530000,00000625,false,Rx,0,8,25,00,59,86,01,54,5C,06,
591000,0000060D,false,Rx,0,8,0D,10,83,B6,09,20,70,00,
601000,00000054,false,Rx,0,8,01,05,0B,01,D0,02,00,00,
602000,00000055,false,Rx,0,8,10,27,00,00,00,00,00,00,
602000,00000056,false,Rx,0,8,10,27,00,00,00,00,00,00,
602000,000002C4,false,Rx,0,8,09,20,00,00,D0,02,00,00,
602000,00000057,false,Rx,0,8,00,00,FE,FF,FE,FF,00,00,
603000,000002C5,false,Rx,0,8,00,00,00,00,00,00,00,00,
603000,000002C6,false,Rx,0,8,32,00,7C,01,00,00,00,00,
630000,00000625,false,Rx,0,8,25,00,59,86,01,54,5C,06,
691000,0000060D,false,Rx,0,8,0D,10,83,B6,09,20,70,00,
730000,00000625,false,Rx,0,8,25,00,59,86,01,54,5C,06,
791000,0000060D,false,Rx,0,8,0D,10,83,B6,09,20,70,00,
0,00000054,false,Rx,0,8,01,05,0B,01,D0,02,00,00,
0,00000055,false,Rx,0,8,10,27,00,00,00,00,00,00,
0,00000056,false,Rx,0,8,10,27,00,00,00,00,00,00,
0,00000057,false,Rx,0,8,00,00,FE,FF,FE,FF,00,00,
0,000002C4,false,Rx,0,8,09,20,00,00,D0,02,00,00,
0,000002C5,false,Rx,0,8,00,00,00,00,00,00,00,00,
822000,000002C6,false,Rx,0,8,32,00,7C,01,00,00,00,00,
831000,00000625,false,Rx,0,8,25,00,59,86,01,54,5C,06,
891000,0000060D,false,Rx,0,8,0D,10,83,B6,09,20,70,00,
931000,00000625,false,Rx,0,8,25,00,59,86,01,54,5C,06,
992000,0000060D,false,Rx,0,8,0D,10,83,B6,09,20,70,00,
0,00000054,false,Rx,0,8,01,05,0B,01,D0,02,00,00,
0,00000055,false,Rx,0,8,10,27,00,00,00,00,00,00,
2000,00000056,false,Rx,0,8,10,27,00,00,00,00,00,00,
2000,00000057,false,Rx,0,8,00,00,FE,FF,FE,FF,00,00,
30000,00000625,false,Rx,0,8,25,00,59,86,01,54,5C,06,
42000,000002C4,false,Rx,0,8,09,20,00,00,D0,02,00,00,
42000,000002C5,false,Rx,0,8,00,00,00,00,00,00,00,00,
42000,000002C6,false,Rx,0,8,32,00,7C,01,00,00,00,00,
91000,0000060D,false,Rx,0,8,0D,10,83,B6,09,20,70,00,
131000,00000625,false,Rx,0,8,25,00,59,86,01,54,5C,06,
191000,0000060D,false,Rx,0,8,0D,10,83,B6,09,20,70,00,
201000,00000054,false,Rx,0,8,01,05,0B,01,D0,02,00,00,
201000,00000055,false,Rx,0,8,10,27,00,00,00,00,00,00,
202000,00000056,false,Rx,0,8,10,27,00,00,00,00,00,00,
202000,00000057,false,Rx,0,8,00,00,FE,FF,FE,FF,00,00,
231000,00000625,false,Rx,0,8,25,00,59,86,01,54,5C,06,
261000,000002C4,false,Rx,0,8,09,20,00,00,D0,02,00,00,
262000,000002C5,false,Rx,0,8,00,00,00,00,00,00,00,00,
262000,000002C6,false,Rx,0,8,32,00,7C,01,00,00,00,00,
291000,0000060D,false,Rx,0,8,0D,10,83,B6,09,20,70,00,
330000,00000625,false,Rx,0,8,25,00,59,86,01,54,5C,06,
392000,0000060D,false,Rx,0,8,0D,10,83,B6,09,20,70,00,
401000,00000054,false,Rx,0,8,01,05,0B,01,D0,02,00,00,
401000,00000055,false,Rx,0,8,10,27,00,00,00,00,00,00,
402000,00000056,false,Rx,0,8,10,27,00,00,00,00,00,00,
402000,00000057,false,Rx,0,8,00,00,FE,FF,FE,FF,00,00,
431000,00000625,false,Rx,0,8,25,00,59,86,01,54,5C,06,
481000,000002C4,false,Rx,0,8,09,20,00,00,D0,02,00,00,
482000,000002C5,false,Rx,0,8,00,00,00,00,00,00,00,00,
482000,000002C6,false,Rx,0,8,32,00,7C,01,00,00,00,00,
492000,0000060D,false,Rx,0,8,0D,10,83,B6,09,20,70,00,
531000,00000625,false,Rx,0,8,25,00,59,86,01,54,5C,06,
592000,0000060D,false,Rx,0,8,0D,10,83,B6,09,20,70,00,
601000,00000054,false,Rx,0,8,01,05,0B,01,D0,02,00,00,
601000,00000055,false,Rx,0,8,10,27,00,00,00,00,00,00,
602000,00000056,false,Rx,0,8,10,27,00,00,00,00,00,00,
602000,00000057,false,Rx,0,8,00,00,FE,FF,FE,FF,00,00,
630000,00000625,false,Rx,0,8,25,00,59,86,01,54,5C,06,
692000,0000060D,false,Rx,0,8,0D,10,83,B6,09,20,70,00,
0,000002C4,false,Rx,0,8,09,20,00,00,D0,02,00,00,
0,000002C5,false,Rx,0,8,00,00,00,00,00,00,00,00,
0,000002C6,false,Rx,0,8,32,00,7C,01,00,00,00,00,
731000,00000625,false,Rx,0,8,25,00,59,86,01,54,5C,06,
791000,0000060D,false,Rx,0,8,0D,10,83,B6,09,20,70,00,
0,00000054,false,Rx,0,8,01,05,0B,01,D0,02,00,00,
0,00000055,false,Rx,0,8,10,27,00,00,00,00,00,00,
0,00000056,false,Rx,0,8,10,27,00,00,00,00,00,00,
802000,00000057,false,Rx,0,8,00,00,FE,FF,FE,FF,00,00,
830000,00000625,false,Rx,0,8,25,00,59,86,01,54,5C,06,
891000,0000060D,false,Rx,0,8,0D,10,83,B6,09,20,70,00,
0,000002C4,false,Rx,0,8,09,20,00,00,D0,02,00,00,
0,000002C5,false,Rx,0,8,00,00,00,00,00,00,00,00,
0,000002C6,false,Rx,0,8,32,00,7C,01,00,00,00,00,
930000,00000625,false,Rx,0,8,25,00,59,86,01,54,5C,06,
992000,0000060D,false,Rx,0,8,0D,10,83,B6,09,20,70,00,
1000,00000054,false,Rx,0,8,01,05,0B,01,D0,02,00,00,
1000,00000055,false,Rx,0,8,10,27,00,00,00,00,00,00,
1000,00000056,false,Rx,0,8,10,27,00,00,00,00,00,00,
2000,00000057,false,Rx,0,8,00,00,FE,FF,FE,FF,00,00,
30000,00000625,false,Rx,0,8,25,00,59,86,01,54,5C,06,
91000,0000060D,false,Rx,0,8,0D,10,83,B6,09,20,70,00,
131000,00000625,false,Rx,0,8,25,00,59,86,01,54,5C,06,
0,000002C4,false,Rx,0,8,09,20,00,00,D0,02,00,00,
0,000002C5,false,Rx,0,8,00,00,00,00,00,00,00,00,
142000,000002C6,false,Rx,0,8,32,00,7C,01,00,00,00,00,
192000,0000060D,false,Rx,0,8,0D,10,83,B6,09,20,70,00,
0,00000054,false,Rx,0,8,01,05,0B,01,D0,02,00,00,
0,00000055,false,Rx,0,8,10,27,00,00,00,00,00,00,
0,00000056,false,Rx,0,8,10,27,00,00,00,00,00,00,
202000,00000057,false,Rx,0,8,00,00,FE,FF,FE,FF,00,00,
231000,00000625,false,Rx,0,8,25,00,59,86,01,54,5C,06,
291000,0000060D,false,Rx,0,8,0D,10,83,B6,09,20,70,00,
331000,00000625,false,Rx,0,8,25,00,59,86,01,54,5C,06,
361000,000002C4,false,Rx,0,8,09,20,00,00,D0,02,00,00,
361000,000002C5,false,Rx,0,8,00,00,00,00,00,00,00,00,
362000,000002C6,false,Rx,0,8,32,00,7C,01,00,00,00,00,
392000,0000060D,false,Rx,0,8,0D,10,83,B6,09,20,70,00,
401000,00000054,false,Rx,0,8,01,05,0B,01,D0,02,00,00,
401000,00000055,false,Rx,0,8,10,27,00,00,00,00,00,00,
401000,00000056,false,Rx,0,8,10,27,00,00,00,00,00,00,
402000,00000057,false,Rx,0,8,00,00,FE,FF,FE,FF,00,00,
431000,00000625,false,Rx,0,8,25,00,59,86,01,54,5C,06,
493000,0000060D,false,Rx,0,8,0D,10,83,B6,09,20,70,00,
531000,00000625,false,Rx,0,8,25,00,59,86,01,54,5C,06,
0,000002C4,false,Rx,0,8,09,20,00,00,D0,02,00,00,
0,000002C5,false,Rx,0,8,00,00,00,00,00,00,00,00,
583000,000002C6,false,Rx,0,8,32,00,7C,01,00,00,00,00,
592000,0000060D,false,Rx,0,8,0D,10,83,B6,09,20,70,00,
601000,00000054,false,Rx,0,8,01,05,0B,01,D0,02,00,00,
602000,00000055,false,Rx,0,8,10,27,00,00,00,00,00,00,
0,00000056,false,Rx,0,8,10,27,00,00,00,00,00,00,
0,00000057,false,Rx,0,8,00,00,FE,FF,FE,FF,00,00,
631000,00000625,false,Rx,0,8,25,00,59,86,01,54,5C,06,
691000,0000060D,false,Rx,0,8,0D,10,83,B6,09,20,70,00,
730000,00000625,false,Rx,0,8,25,00,59,86,01,54,5C,06,
792000,0000060D,false,Rx,0,8,0D,10,83,B6,09,20,70,00,
801000,00000054,false,Rx,0,8,01,05,0B,01,D0,02,00,00,
801000,00000055,false,Rx,0,8,10,27,00,00,00,00,00,00,
801000,00000056,false,Rx,0,8,10,27,00,00,00,00,00,00,
802000,000002C4,false,Rx,0,8,09,20,00,00,D0,02,00,00,
802000,00000057,false,Rx,0,8,00,00,FE,FF,FE,FF,00,00,
802000,000002C5,false,Rx,0,8,00,00,00,00,00,00,00,00,
802000,000002C6,false,Rx,0,8,32,00,7C,01,00,00,00,00,
830000,00000625,false,Rx,0,8,25,00,59,86,01,54,5C,06,
892000,0000060D,false,Rx,0,8,0D,10,83,B6,09,20,70,00,
930000,00000625,false,Rx,0,8,25,00,59,86,01,54,5C,06,
991000,0000060D,false,Rx,0,8,0D,10,83,B6,09,20,70,00,
1000,00000054,false,Rx,0,8,01,05,0B,01,D0,02,00,00,
1000,00000055,false,Rx,0,8,10,27,00,00,00,00,00,00,
1000,00000056,false,Rx,0,8,10,27,00,00,00,00,00,00,
2000,00000057,false,Rx,0,8,00,00,FE,FF,FE,FF,00,00,
22000,000002C4,false,Rx,0,8,09,20,00,00,D0,02,00,00,
0,000002C5,false,Rx,0,8,00,00,00,00,00,00,00,00,
0,000002C6,false,Rx,0,8,32,00,7C,01,00,00,00,00,
30000,00000625,false,Rx,0,8,25,00,59,86,01,54,5C,06,
92000,0000060D,false,Rx,0,8,0D,10,83,B6,09,20,70,00,
131000,00000625,false,Rx,0,8,25,00,59,86,01,54,5C,06,
191000,0000060D,false,Rx,0,8,0D,10,83,B6,09,20,70,00,
0,00000054,false,Rx,0,8,01,05,0B,01,D0,02,00,00,
0,00000055,false,Rx,0,8,10,27,00,00,00,00,00,00,
0,00000056,false,Rx,0,8,10,27,00,00,00,00,00,00,
202000,00000057,false,Rx,0,8,00,00,FE,FF,FE,FF,00,00,
230000,00000625,false,Rx,0,8,25,00,59,86,01,54,5C,06,
242000,000002C4,false,Rx,0,8,09,20,00,00,D0,02,00,00,
242000,000002C5,false,Rx,0,8,00,00,00,00,00,00,00,00,
242000,000002C6,false,Rx,0,8,32,00,7C,01,00,00,00,00,
292000,0000060D,false,Rx,0,8,0D,10,83,B6,09,20,70,00,
330000,00000625,false,Rx,0,8,25,00,59,86,01,54,5C,06,
392000,0000060D,false,Rx,0,8,0D,10,83,B6,09,20,70,00,
402000,00000054,false,Rx,0,8,01,05,0B,01,D0,02,00,00,
402000,00000055,false,Rx,0,8,10,27,00,00,00,00,00,00,
402000,00000056,false,Rx,0,8,10,27,00,00,00,00,00,00,
402000,00000057,false,Rx,0,8,00,00,FE,FF,FE,FF,00,00,
430000,00000625,false,Rx,0,8,25,00,59,86,01,54,5C,06,
462000,000002C4,false,Rx,0,8,09,20,00,00,D0,02,00,00,
462000,000002C5,false,Rx,0,8,00,00,00,00,00,00,00,00,
463000,000002C6,false,Rx,0,8,32,00,7C,01,00,00,00,00,
491000,0000060D,false,Rx,0,8,0D,10,83,B6,09,20,70,00,
531000,00000625,false,Rx,0,8,25,00,59,86,01,54,5C,06,
591000,0000060D,false,Rx,0,8,0D,10,83,B6,09,20,70,00,
601000,00000054,false,Rx,0,8,01,05,0B,01,D0,02,00,00,
601000,00000055,false,Rx,0,8,10,27,00,00,00,00,00,00,
602000,00000056,false,Rx,0,8,10,27,00,00,00,00,00,00,
602000,00000057,false,Rx,0,8,00,00,FE,FF,FE,FF,00,00,
630000,00000625,false,Rx,0,8,25,00,59,86,01,54,5C,06,
682000,000002C4,false,Rx,0,8,09,20,00,00,D0,02,00,00,
682000,000002C5,false,Rx,0,8,00,00,00,00,00,00,00,00,
682000,000002C6,false,Rx,0,8,32,00,7C,01,00,00,00,00,
691000,0000060D,false,Rx,0,8,0D,10,83,B6,09,20,70,00,
730000,00000625,false,Rx,0,8,25,00,59,86,01,54,5C,06,
791000,0000060D,false,Rx,0,8,0D,10,83,B6,09,20,70,00,
801000,00000054,false,Rx,0,8,01,05,0B,01,D0,02,00,00,
801000,00000055,false,Rx,0,8,10,27,00,00,00,00,00,00,
802000,00000056,false,Rx,0,8,10,27,00,00,00,00,00,00,
802000,00000057,false,Rx,0,8,00,00,FE,FF,FE,FF,00,00,
831000,00000625,false,Rx,0,8,25,00,59,86,01,54,5C,06,
892000,0000060D,false,Rx,0,8,0D,10,83,B6,09,20,70,00,
902000,000002C4,false,Rx,0,8,09,20,00,00,D0,02,00,00,
902000,000002C5,false,Rx,0,8,00,00,00,00,00,00,00,00,
902000,000002C6,false,Rx,0,8,32,00,7C,01,00,00,00,00,
930000,00000625,false,Rx,0,8,25,00,59,86,01,54,5C,06,
991000,0000060D,false,Rx,0,8,0D,10,83,B6,09,20,70,00,
1000,00000054,false,Rx,0,8,01,05,0B,01,D0,02,00,00,
2000,00000055,false,Rx,0,8,10,27,00,00,00,00,00,00,
2000,00000056,false,Rx,0,8,10,27,00,00,00,00,00,00,
2000,00000057,false,Rx,0,8,00,00,FE,FF,FE,FF,00,00,
30000,00000625,false,Rx,0,8,25,00,59,86,01,54,5C,06,
91000,0000060D,false,Rx,0,8,0D,10,83,B6,09,20,70,00,
122000,000002C4,false,Rx,0,8,09,20,00,00,D0,02,00,00,
122000,000002C5,false,Rx,0,8,00,00,00,00,00,00,00,00,
122000,000002C6,false,Rx,0,8,32,00,7C,01,00,00,00,00,
131000,00000625,false,Rx,0,8,25,00,59,86,01,54,5C,06,
192000,0000060D,false,Rx,0,8,0D,10,83,B6,09,20,70,00,
0,00000054,false,Rx,0,8,01,05,0B,01,D0,02,00,00,
0,00000055,false,Rx,0,8,10,27,00,00,00,00,00,00,
0,00000056,false,Rx,0,8,10,27,00,00,00,00,00,00,
0,00000057,false,Rx,0,8,00,00,FE,FF,FE,FF,00,00,
231000,00000625,false,Rx,0,8,25,00,59,86,01,54,5C,06,
291000,0000060D,false,Rx,0,8,0D,10,83,B6,09,20,70,00,
330000,00000625,false,Rx,0,8,25,00,59,86,01,54,5C,06,
0,000002C4,false,Rx,0,8,09,20,00,00,D0,02,00,00,
0,000002C5,false,Rx,0,8,00,00,00,00,00,00,00,00,
343000,000002C6,false,Rx,0,8,32,00,7C,01,00,00,00,00,
392000,0000060D,false,Rx,0,8,0D,10,83,B6,09,20,70,00,
401000,00000054,false,Rx,0,8,01,05,0B,01,D0,02,00,00,
402000,00000055,false,Rx,0,8,10,27,00,00,00,00,00,00,
402000,00000056,false,Rx,0,8,10,27,00,00,00,00,00,00,
402000,00000057,false,Rx,0,8,00,00,FE,FF,FE,FF,00,00,
430000,00000625,false,Rx,0,8,25,00,59,86,01,54,5C,06,
491000,0000060D,false,Rx,0,8,0D,10,83,B6,09,20,70,00,
530000,00000625,false,Rx,0,8,25,00,59,86,01,54,5C,06,
0,000002C4,false,Rx,0,8,09,20,00,00,D0,02,00,00,
0,000002C5,false,Rx,0,8,00,00,00,00,00,00,00,00,
563000,000002C6,false,Rx,0,8,32,00,7C,01,00,00,00,00,
592000,0000060D,false,Rx,0,8,0D,10,83,B6,09,20,70,00,
601000,00000054,false,Rx,0,8,01,05,0B,01,D0,02,00,00,
602000,00000055,false,Rx,0,8,10,27,00,00,00,00,00,00,
602000,00000056,false,Rx,0,8,10,27,00,00,00,00,00,00,
602000,00000057,false,Rx,0,8,00,00,FE,FF,FE,FF,00,00,
630000,00000625,false,Rx,0,8,25,00,59,86,01,54,5C,06,
691000,0000060D,false,Rx,0,8,0D,10,83,B6,09,20,70,00,
731000,00000625,false,Rx,0,8,25,00,59,86,01,54,5C,06,
0,000002C4,false,Rx,0,8,09,20,00,00,D0,02,00,00,
0,000002C5,false,Rx,0,8,00,00,00,00,00,00,00,00,
782000,000002C6,false,Rx,0,8,32,00,7C,01,00,00,00,00,
791000,0000060D,false,Rx,0,8,0D,10,83,B6,09,20,70,00,
801000,00000054,false,Rx,0,8,01,05,0B,01,D0,02,00,00,
801000,00000055,false,Rx,0,8,10,27,00,00,00,00,00,00,
802000,00000056,false,Rx,0,8,10,27,00,00,00,00,00,00,
802000,00000057,false,Rx,0,8,00,00,FE,FF,FE,FF,00,00,
830000,00000625,false,Rx,0,8,25,00,59,86,01,54,5C,06,
892000,0000060D,false,Rx,0,8,0D,10,83,B6,09,20,70,00,
931000,00000625,false,Rx,0,8,25,00,59,86,01,54,5C,06,
991000,0000060D,false,Rx,0,8,0D,10,83,B6,09,20,70,00,
1000,00000054,false,Rx,0,8,01,05,0B,01,D0,02,00,00,
2000,00000055,false,Rx,0,8,10,27,00,00,00,00,00,00,
2000,00000056,false,Rx,0,8,10,27,00,00,00,00,00,00,
2000,000002C4,false,Rx,0,8,09,20,00,00,D0,02,00,00,
2000,00000057,false,Rx,0,8,00,00,FE,FF,FE,FF,00,00,
0,000002C5,false,Rx,0,8,00,00,00,00,00,00,00,00,
0,000002C6,false,Rx,0,8,32,00,7C,01,00,00,00,00,
30000,00000625,false,Rx,0,8,25,00,59,86,01,54,5C,06,
91000,0000060D,false,Rx,0,8,0D,10,83,B6,09,20,70,00,
131000,00000625,false,Rx,0,8,25,00,59,86,01,54,5C,06,
191000,0000060D,false,Rx,0,8,0D,10,83,B6,09,20,70,00,
0,00000054,false,Rx,0,8,01,05,0B,01,D0,02,00,00,
0,00000055,false,Rx,0,8,10,27,00,00,00,00,00,00,
0,00000056,false,Rx,0,8,10,27,00,00,00,00,00,00,
0,00000057,false,Rx,0,8,00,00,FE,FF,FE,FF,00,00,
221000,000002C4,false,Rx,0,8,09,20,00,00,D0,02,00,00,
221000,000002C5,false,Rx,0,8,00,00,00,00,00,00,00,00,
222000,000002C6,false,Rx,0,8,32,00,7C,01,00,00,00,00,
231000,00000625,false,Rx,0,8,25,00,59,86,01,54,5C,06,
291000,0000060D,false,Rx,0,8,0D,10,83,B6,09,20,70,00,
330000,00000625,false,Rx,0,8,25,00,59,86,01,54,5C,06,
393000,0000060D,false,Rx,0,8,0D,10,83,B6,09,20,70,00,
401000,00000054,false,Rx,0,8,01,05,0B,01,D0,02,00,00,
401000,00000055,false,Rx,0,8,10,27,00,00,00,00,00,00,
401000,00000056,false,Rx,0,8,10,27,00,00,00,00,00,00,
401000,00000057,false,Rx,0,8,00,00,FE,FF,FE,FF,00,00,
430000,00000625,false,Rx,0,8,25,00,59,86,01,54,5C,06,
441000,000002C4,false,Rx,0,8,09,20,00,00,D0,02,00,00,
441000,000002C5,false,Rx,0,8,00,00,00,00,00,00,00,00,
442000,000002C6,false,Rx,0,8,32,00,7C,01,00,00,00,00,
491000,0000060D,false,Rx,0,8,0D,10,83,B6,09,20,70,00,
530000,00000625,false,Rx,0,8,25,00,59,86,01,54,5C,06,
591000,0000060D,false,Rx,0,8,0D,10,83,B6,09,20,70,00,
601000,00000054,false,Rx,0,8,01,05,0B,01,D0,02,00,00,
602000,00000055,false,Rx,0,8,10,27,00,00,00,00,00,00,
602000,00000056,false,Rx,0,8,10,27,00,00,00,00,00,00,
602000,00000057,false,Rx,0,8,00,00,FE,FF,FE,FF,00,00,
631000,00000625,false,Rx,0,8,25,00,59,86,01,54,5C,06,
0,000002C4,false,Rx,0,8,09,20,00,00,D0,02,00,00,
0,000002C5,false,Rx,0,8,00,00,00,00,00,00,00,00,
0,000002C6,false,Rx,0,8,32,00,7C,01,00,00,00,00,
691000,0000060D,false,Rx,0,8,0D,10,83,B6,09,20,70,00,
730000,00000625,false,Rx,0,8,25,00,59,86,01,54,5C,06,
792000,0000060D,false,Rx,0,8,0D,10,83,B6,09,20,70,00,
801000,00000054,false,Rx,0,8,01,05,0B,01,D0,02,00,00,
801000,00000055,false,Rx,0,8,10,27,00,00,00,00,00,00,
802000,00000056,false,Rx,0,8,10,27,00,00,00,00,00,00,
802000,00000057,false,Rx,0,8,00,00,FE,FF,FE,FF,00,00,
831000,00000625,false,Rx,0,8,25,00,59,86,01,54,5C,06,
881000,000002C4,false,Rx,0,8,09,20,00,00,D0,02,00,00,
881000,000002C5,false,Rx,0,8,00,00,00,00,00,00,00,00,
882000,000002C6,false,Rx,0,8,32,00,7C,01,00,00,00,00,
892000,0000060D,false,Rx,0,8,0D,10,83,B6,09,20,70,00,
930000,00000625,false,Rx,0,8,25,00,59,86,01,54,5C,06,
992000,0000060D,false,Rx,0,8,0D,10,83,B6,09,20,70,00,
1000,00000054,false,Rx,0,8,01,05,0B,01,D0,02,00,00,
1000,00000055,false,Rx,0,8,10,27,00,00,00,00,00,00,
1000,00000056,false,Rx,0,8,10,27,00,00,00,00,00,00,
2000,00000057,false,Rx,0,8,00,00,FE,FF,FE,FF,00,00,
31000,00000625,false,Rx,0,8,25,00,59,86,01,54,5C,06,
91000,0000060D,false,Rx,0,8,0D,10,83,B6,09,20,70,00,
102000,000002C4,false,Rx,0,8,09,20,00,00,D0,02,00,00,
102000,000002C5,false,Rx,0,8,00,00,00,00,00,00,00,00,
102000,000002C6,false,Rx,0,8,32,00,7C,01,00,00,00,00,
130000,00000625,false,Rx,0,8,25,00,59,86,01,54,5C,06,
192000,0000060D,false,Rx,0,8,0D,10,83,B6,09,20,70,00,
0,00000054,false,Rx,0,8,01,05,0B,01,D0,02,00,00,
0,00000055,false,Rx,0,8,10,27,00,00,00,00,00,00,
202000,00000056,false,Rx,0,8,10,27,00,00,00,00,00,00,
202000,00000057,false,Rx,0,8,00,00,FE,FF,FE,FF,00,00,
231000,00000625,false,Rx,0,8,25,00,59,86,01,54,5C,06,
292000,0000060D,false,Rx,0,8,0D,10,83,B6,09,20,70,00,
321000,000002C4,false,Rx,0,8,09,20,00,00,D0,02,00,00,
321000,000002C5,false,Rx,0,8,00,00,00,00,00,00,00,00,
322000,000002C6,false,Rx,0,8,32,00,7C,01,00,00,00,00,
331000,00000625,false,Rx,0,8,25,00,59,86,01,54,5C,06,
392000,0000060D,false,Rx,0,8,0D,10,83,B6,09,20,70,00,
401000,00000054,false,Rx,0,8,01,05,0B,01,D0,02,00,00,
401000,00000055,false,Rx,0,8,10,27,00,00,00,00,00,00,
401000,00000056,false,Rx,0,8,10,27,00,00,00,00,00,00,
401000,00000057,false,Rx,0,8,00,00,FE,FF,FE,FF,00,00,
430000,00000625,false,Rx,0,8,25,00,59,86,01,54,5C,06,
491000,0000060D,false,Rx,0,8,0D,10,83,B6,09,20,70,00,
530000,00000625,false,Rx,0,8,25,00,59,86,01,54,5C,06,
0,000002C4,false,Rx,0,8,09,20,00,00,D0,02,00,00,
0,000002C5,false,Rx,0,8,00,00,00,00,00,00,00,00,
543000,000002C6,false,Rx,0,8,32,00,7C,01,00,00,00,00,
591000,0000060D,false,Rx,0,8,0D,10,83,B6,09,20,70,00,
602000,00000054,false,Rx,0,8,01,05,0B,01,D0,02,00,00,
602000,00000055,false,Rx,0,8,10,27,00,00,00,00,00,00,
602000,00000056,false,Rx,0,8,10,27,00,00,00,00,00,00,
602000,00000057,false,Rx,0,8,00,00,FE,FF,FE,FF,00,00,
631000,00000625,false,Rx,0,8,25,00,59,86,01,54,5C,06,
691000,0000060D,false,Rx,0,8,0D,10,83,B6,09,20,70,00,
731000,00000625,false,Rx,0,8,25,00,59,86,01,54,5C,06,
761000,000002C4,false,Rx,0,8,09,20,00,00,D0,02,00,00,
761000,000002C5,false,Rx,0,8,00,00,00,00,00,00,00,00,
762000,000002C6,false,Rx,0,8,32,00,7C,01,00,00,00,00,
791000,0000060D,false,Rx,0,8,0D,10,83,B6,09,20,70,00,
801000,00000054,false,Rx,0,8,01,05,0B,01,D0,02,00,00,
801000,00000055,false,Rx,0,8,10,27,00,00,00,00,00,00,
801000,00000056,false,Rx,0,8,10,27,00,00,00,00,00,00,
801000,00000057,false,Rx,0,8,00,00,FE,FF,FE,FF,00,00,
830000,00000625,false,Rx,0,8,25,00,59,86,01,54,5C,06,
892000,0000060D,false,Rx,0,8,0D,10,83,B6,09,20,70,00,
930000,00000625,false,Rx,0,8,25,00,59,86,01,54,5C,06,
982000,000002C4,false,Rx,0,8,09,20,00,00,D0,02,00,00,
982000,000002C5,false,Rx,0,8,00,00,00,00,00,00,00,00,
983000,000002C6,false,Rx,0,8,32,00,7C,01,00,00,00,00,
991000,0000060D,false,Rx,0,8,0D,10,83,B6,09,20,70,00,
0,00000054,false,Rx,0,8,01,05,0B,01,D0,02,00,00,
0,00000055,false,Rx,0,8,10,27,00,00,00,00,00,00,
1000,00000056,false,Rx,0,8,10,27,00,00,00,00,00,00,
1000,00000057,false,Rx,0,8,00,00,FE,FF,FE,FF,00,00,
30000,00000625,false,Rx,0,8,25,00,59,86,01,54,5C,06,
92000,0000060D,false,Rx,0,8,0D,10,83,B6,09,20,70,00,
131000,00000625,false,Rx,0,8,25,00,59,86,01,54,5C,06,
192000,0000060D,false,Rx,0,8,0D,10,83,B6,09,20,70,00,
0,00000054,false,Rx,0,8,01,05,0B,01,D0,02,00,00,
0,00000055,false,Rx,0,8,10,27,00,00,00,00,00,00,
202000,000002C4,false,Rx,0,8,09,20,00,00,D0,02,00,00,
0,00000056,false,Rx,0,8,10,27,00,00,00,00,00,00,
0,000002C5,false,Rx,0,8,00,00,00,00,00,00,00,00,
0,00000057,false,Rx,0,8,00,00,FE,FF,FE,FF,00,00,
0,000002C6,false,Rx,0,8,32,00,7C,01,00,00,00,00,
231000,00000625,false,Rx,0,8,25,00,59,86,01,54,5C,06,
292000,0000060D,false,Rx,0,8,0D,10,83,B6,09,20,70,00,
331000,00000625,false,Rx,0,8,25,00,59,86,01,54,5C,06,
392000,0000060D,false,Rx,0,8,0D,10,83,B6,09,20,70,00,
401000,00000054,false,Rx,0,8,01,05,0B,01,D0,02,00,00,
402000,00000055,false,Rx,0,8,10,27,00,00,00,00,00,00,
402000,00000056,false,Rx,0,8,10,27,00,00,00,00,00,00,
402000,00000057,false,Rx,0,8,00,00,FE,FF,FE,FF,00,00,
0,000002C4,false,Rx,0,8,09,20,00,00,D0,02,00,00,
0,000002C5,false,Rx,0,8,00,00,00,00,00,00,00,00,
423000,000002C6,false,Rx,0,8,32,00,7C,01,00,00,00,00,
431000,00000625,false,Rx,0,8,25,00,59,86,01,54,5C,06,
492000,0000060D,false,Rx,0,8,0D,10,83,B6,09,20,70,00,
530000,00000625,false,Rx,0,8,25,00,59,86,01,54,5C,06,
592000,0000060D,false,Rx,0,8,0D,10,83,B6,09,20,70,00,
602000,00000054,false,Rx,0,8,01,05,0B,01,D0,02,00,00,
602000,00000055,false,Rx,0,8,10,27,00,00,00,00,00,00,
602000,00000056,false,Rx,0,8,10,27,00,00,00,00,00,00,
603000,00000057,false,Rx,0,8,00,00,FE,FF,FE,FF,00,00,
631000,00000625,false,Rx,0,8,25,00,59,86,01,54,5C,06,
642000,000002C4,false,Rx,0,8,09,20,00,00,D0,02,00,00,
642000,000002C5,false,Rx,0,8,00,00,00,00,00,00,00,00,
644000,000002C6,false,Rx,0,8,32,00,7C,01,00,00,00,00,
691000,0000060D,false,Rx,0,8,0D,10,83,B6,09,20,70,00,
730000,00000625,false,Rx,0,8,25,00,59,86,01,54,5C,06,
791000,0000060D,false,Rx,0,8,0D,10,83,B6,09,20,70,00,
801000,00000054,false,Rx,0,8,01,05,0B,01,D0,02,00,00,
802000,00000055,false,Rx,0,8,10,27,00,00,00,00,00,00,
802000,00000056,false,Rx,0,8,10,27,00,00,00,00,00,00,
802000,00000057,false,Rx,0,8,00,00,FE,FF,FE,FF,00,00,
831000,00000625,false,Rx,0,8,25,00,59,86,01,54,5C,06,
0,000002C4,false,Rx,0,8,09,20,00,00,D0,02,00,00,
0,000002C5,false,Rx,0,8,00,00,00,00,00,00,00,00,
862000,000002C6,false,Rx,0,8,32,00,7C,01,00,00,00,00,
892000,0000060D,false,Rx,0,8,0D,10,83,B6,09,20,70,00,
931000,00000625,false,Rx,0,8,25,00,59,86,01,54,5C,06,
991000,0000060D,false,Rx,0,8,0D,10,83,B6,09,20,70,00,
1000,00000054,false,Rx,0,8,01,05,0B,01,D0,02,00,00,
1000,00000055,false,Rx,0,8,10,27,00,00,00,00,00,00,
1000,00000056,false,Rx,0,8,10,27,00,00,00,00,00,00,
1000,00000057,false,Rx,0,8,00,00,FE,FF,FE,FF,00,00,
30000,00000625,false,Rx,0,8,25,00,59,86,01,54,5C,06,
82000,000002C4,false,Rx,0,8,09,20,00,00,D0,02,00,00,
82000,000002C5,false,Rx,0,8,00,00,00,00,00,00,00,00,
82000,000002C6,false,Rx,0,8,32,00,7C,01,00,00,00,00,
92000,0000060D,false,Rx,0,8,0D,10,83,B6,09,20,70,00,
131000,00000625,false,Rx,0,8,25,00,59,86,01,54,5C,06,
192000,0000060D,false,Rx,0,8,0D,10,83,B6,09,20,70,00,
0,00000054,false,Rx,0,8,01,05,0B,01,D0,02,00,00,
0,00000055,false,Rx,0,8,10,27,00,00,00,00,00,00,
202000,00000056,false,Rx,0,8,10,27,00,00,00,00,00,00,
202000,00000057,false,Rx,0,8,00,00,FE,FF,FE,FF,00,00,
231000,00000625,false,Rx,0,8,25,00,59,86,01,54,5C,06,
291000,0000060D,false,Rx,0,8,0D,10,83,B6,09,20,70,00,
301000,000002C4,false,Rx,0,8,09,20,00,00,D0,02,00,00,
301000,000002C5,false,Rx,0,8,00,00,00,00,00,00,00,00,
302000,000002C6,false,Rx,0,8,32,00,7C,01,00,00,00,00,
331000,00000625,false,Rx,0,8,25,00,59,86,01,54,5C,06,
392000,0000060D,false,Rx,0,8,0D,10,83,B6,09,20,70,00,
401000,00000054,false,Rx,0,8,01,05,0B,01,D0,02,00,00,
401000,00000055,false,Rx,0,8,10,27,00,00,00,00,00,00,
401000,00000056,false,Rx,0,8,10,27,00,00,00,00,00,00,
402000,00000057,false,Rx,0,8,00,00,FE,FF,FE,FF,00,00,
430000,00000625,false,Rx,0,8,25,00,59,86,01,54,5C,06,
491000,0000060D,false,Rx,0,8,0D,10,83,B6,09,20,70,00,
521000,000002C4,false,Rx,0,8,09,20,00,00,D0,02,00,00,
522000,000002C5,false,Rx,0,8,00,00,00,00,00,00,00,00,
522000,000002C6,false,Rx,0,8,32,00,7C,01,00,00,00,00,
530000,00000625,false,Rx,0,8,25,00,59,86,01,54,5C,06,
591000,0000060D,false,Rx,0,8,0D,10,83,B6,09,20,70,00,
601000,00000054,false,Rx,0,8,01,05,0B,01,D0,02,00,00,
601000,00000055,false,Rx,0,8,10,27,00,00,00,00,00,00,
601000,00000056,false,Rx,0,8,10,27,00,00,00,00,00,00,
601000,00000057,false,Rx,0,8,00,00,FE,FF,FE,FF,00,00,
631000,00000625,false,Rx,0,8,25,00,59,86,01,54,5C,06,
692000,0000060D,false,Rx,0,8,0D,10,83,B6,09,20,70,00,
730000,00000625,false,Rx,0,8,25,00,59,86,01,54,5C,06,
741000,000002C4,false,Rx,0,8,09,20,00,00,D0,02,00,00,
742000,000002C5,false,Rx,0,8,00,00,00,00,00,00,00,00,
742000,000002C6,false,Rx,0,8,32,00,7C,01,00,00,00,00,
791000,0000060D,false,Rx,0,8,0D,10,83,B6,09,20,70,00,
801000,00000054,false,Rx,0,8,01,05,0B,01,D0,02,00,00,
0,00000055,false,Rx,0,8,10,27,00,00,00,00,00,00,
0,00000056,false,Rx,0,8,10,27,00,00,00,00,00,00,
801000,00000057,false,Rx,0,8,00,00,FE,FF,FE,FF,00,00,
831000,00000625,false,Rx,0,8,25,00,59,86,01,54,5C,06,
891000,0000060D,false,Rx,0,8,0D,10,83,B6,09,20,70,00,
931000,00000625,false,Rx,0,8,25,00,59,86,01,54,5C,06,
961000,000002C4,false,Rx,0,8,09,20,00,00,D0,02,00,00,
961000,000002C5,false,Rx,0,8,00,00,00,00,00,00,00,00,
962000,000002C6,false,Rx,0,8,32,00,7C,01,00,00,00,00,
991000,0000060D,false,Rx,0,8,0D,10,83,B6,09,20,70,00,
1000,00000054,false,Rx,0,8,01,05,0B,01,D0,02,00,00,
1000,00000055,false,Rx,0,8,10,27,00,00,00,00,00,00,
0,00000056,false,Rx,0,8,10,27,00,00,00,00,00,00,
0,00000057,false,Rx,0,8,00,00,FE,FF,FE,FF,00,00,
31000,00000625,false,Rx,0,8,25,00,59,86,01,54,5C,06,
92000,0000060D,false,Rx,0,8,0D,10,83,B6,09,20,70,00,
130000,00000625,false,Rx,0,8,25,00,59,86,01,54,5C,06,
182000,000002C4,false,Rx,0,8,09,20,00,00,D0,02,00,00,
182000,000002C5,false,Rx,0,8,00,00,00,00,00,00,00,00,
182000,000002C6,false,Rx,0,8,32,00,7C,01,00,00,00,00,
192000,0000060D,false,Rx,0,8,0D,10,83,B6,09,20,70,00,
0,00000054,false,Rx,0,8,01,05,0B,01,D0,02,00,00,
0,00000055,false,Rx,0,8,10,27,00,00,00,00,00,00,
202000,00000056,false,Rx,0,8,10,27,00,00,00,00,00,00,
202000,00000057,false,Rx,0,8,00,00,FE,FF,FE,FF,00,00,
232000,00000625,false,Rx,0,8,25,00,59,86,01,54,5C,06,
291000,0000060D,false,Rx,0,8,0D,10,83,B6,09,20,70,00,
330000,00000625,false,Rx,0,8,25,00,59,86,01,54,5C,06,
392000,0000060D,false,Rx,0,8,0D,10,83,B6,09,20,70,00,
0,00000054,false,Rx,0,8,01,05,0B,01,D0,02,00,00,
0,00000055,false,Rx,0,8,10,27,00,00,00,00,00,00,
0,00000056,false,Rx,0,8,10,27,00,00,00,00,00,00,
0,000002C4,false,Rx,0,8,09,20,00,00,D0,02,00,00,
402000,00000057,false,Rx,0,8,00,00,FE,FF,FE,FF,00,00,
0,000002C5,false,Rx,0,8,00,00,00,00,00,00,00,00,
0,000002C6,false,Rx,0,8,32,00,7C,01,00,00,00,00,
430000,00000625,false,Rx,0,8,25,00,59,86,01,54,5C,06,
492000,0000060D,false,Rx,0,8,0D,10,83,B6,09,20,70,00,
531000,00000625,false,Rx,0,8,25,00,59,86,01,54,5C,06,
591000,0000060D,false,Rx,0,8,0D,10,83,B6,09,20,70,00,
602000,00000054,false,Rx,0,8,01,05,0B,01,D0,02,00,00,
602000,00000055,false,Rx,0,8,10,27,00,00,00,00,00,00,
602000,00000056,false,Rx,0,8,10,27,00,00,00,00,00,00,
603000,00000057,false,Rx,0,8,00,00,FE,FF,FE,FF,00,00,
0,000002C4,false,Rx,0,8,09,20,00,00,D0,02,00,00,
0,000002C5,false,Rx,0,8,00,00,00,00,00,00,00,00,
622000,000002C6,false,Rx,0,8,32,00,7C,01,00,00,00,00,
631000,00000625,false,Rx,0,8,25,00,59,86,01,54,5C,06,
691000,0000060D,false,Rx,0,8,0D,10,83,B6,09,20,70,00,
731000,00000625,false,Rx,0,8,25,00,59,86,01,54,5C,06,
792000,0000060D,false,Rx,0,8,0D,10,83,B6,09,20,70,00,
801000,00000054,false,Rx,0,8,01,05,0B,01,D0,02,00,00,
0,00000055,false,Rx,0,8,10,27,00,00,00,00,00,00,
0,00000056,false,Rx,0,8,10,27,00,00,00,00,00,00,
801000,00000057,false,Rx,0,8,00,00,FE,FF,FE,FF,00,00,
831000,00000625,false,Rx,0,8,25,00,59,86,01,54,5C,06,
842000,000002C4,false,Rx,0,8,09,20,00,00,D0,02,00,00,
842000,000002C5,false,Rx,0,8,00,00,00,00,00,00,00,00,
842000,000002C6,false,Rx,0,8,32,00,7C,01,00,00,00,00,
892000,0000060D,false,Rx,0,8,0D,10,83,B6,09,20,70,00,
931000,00000625,false,Rx,0,8,25,00,59,86,01,54,5C,06,
991000,0000060D,false,Rx,0,8,0D,10,83,B6,09,20,70,00,
0,00000054,false,Rx,0,8,01,05,0B,01,D0,02,00,00,
0,00000055,false,Rx,0,8,10,27,00,00,00,00,00,00,
0,00000056,false,Rx,0,8,10,27,00,00,00,00,00,00,
2000,00000057,false,Rx,0,8,00,00,FE,FF,FE,FF,00,00,
31000,00000625,false,Rx,0,8,25,00,59,86,01,54,5C,06,
0,000002C4,false,Rx,0,8,09,20,00,00,D0,02,00,00,
0,000002C5,false,Rx,0,8,00,00,00,00,00,00,00,00,
63000,000002C6,false,Rx,0,8,32,00,7C,01,00,00,00,00,
92000,0000060D,false,Rx,0,8,0D,10,83,B6,09,20,70,00,
130000,00000625,false,Rx,0,8,25,00,59,86,01,54,5C,06,
192000,0000060D,false,Rx,0,8,0D,10,83,B6,09,20,70,00,
201000,00000054,false,Rx,0,8,01,05,0B,01,D0,02,00,00,
201000,00000055,false,Rx,0,8,10,27,00,00,00,00,00,00,
201000,00000056,false,Rx,0,8,10,27,00,00,00,00,00,00,
202000,00000057,false,Rx,0,8,00,00,FE,FF,FE,FF,00,00,
231000,00000625,false,Rx,0,8,25,00,59,86,01,54,5C,06,
281000,000002C4,false,Rx,0,8,09,20,00,00,D0,02,00,00,
281000,000002C5,false,Rx,0,8,00,00,00,00,00,00,00,00,
282000,000002C6,false,Rx,0,8,32,00,7C,01,00,00,00,00,
292000,0000060D,false,Rx,0,8,0D,10,83,B6,09,20,70,00,
331000,00000625,false,Rx,0,8,25,00,59,86,01,54,5C,06,
392000,0000060D,false,Rx,0,8,0D,10,83,B6,09,20,70,00,
402000,00000054,false,Rx,0,8,01,05,0B,01,D0,02,00,00,
402000,00000055,false,Rx,0,8,10,27,00,00,00,00,00,00,
402000,00000056,false,Rx,0,8,10,27,00,00,00,00,00,00,
402000,00000057,false,Rx,0,8,00,00,FE,FF,FE,FF,00,00,
431000,00000625,false,Rx,0,8,25,00,59,86,01,54,5C,06,
491000,0000060D,false,Rx,0,8,0D,10,83,B6,09,20,70,00,
0,000002C4,false,Rx,0,8,09,20,00,00,D0,02,00,00,
0,000002C5,false,Rx,0,8,00,00,00,00,00,00,00,00,
503000,000002C6,false,Rx,0,8,32,00,7C,01,00,00,00,00,
530000,00000625,false,Rx,0,8,25,00,59,86,01,54,5C,06,
591000,0000060D,false,Rx,0,8,0D,10,83,B6,09,20,70,00,
601000,00000054,false,Rx,0,8,01,05,0B,01,D0,02,00,00,
601000,00000055,false,Rx,0,8,10,27,00,00,00,00,00,00,
602000,00000056,false,Rx,0,8,10,27,00,00,00,00,00,00,
602000,00000057,false,Rx,0,8,00,00,FE,FF,FE,FF,00,00,
631000,00000625,false,Rx,0,8,25,00,59,86,01,54,5C,06,
692000,0000060D,false,Rx,0,8,0D,10,83,B6,09,20,70,00,
0,000002C4,false,Rx,0,8,09,20,00,00,D0,02,00,00,
0,000002C5,false,Rx,0,8,00,00,00,00,00,00,00,00,
722000,000002C6,false,Rx,0,8,32,00,7C,01,00,00,00,00,
730000,00000625,false,Rx,0,8,25,00,59,86,01,54,5C,06,
791000,0000060D,false,Rx,0,8,0D,10,83,B6,09,20,70,00,
801000,00000054,false,Rx,0,8,01,05,0B,01,D0,02,00,00,
801000,00000055,false,Rx,0,8,10,27,00,00,00,00,00,00,
802000,00000056,false,Rx,0,8,10,27,00,00,00,00,00,00,
802000,00000057,false,Rx,0,8,00,00,FE,FF,FE,FF,00,00,
830000,00000625,false,Rx,0,8,25,00,59,86,01,54,5C,06,
891000,0000060D,false,Rx,0,8,0D,10,83,B6,09,20,70,00,
930000,00000625,false,Rx,0,8,25,00,59,86,01,54,5C,06,
941000,000002C4,false,Rx,0,8,09,20,00,00,D0,02,00,00,
941000,000002C5,false,Rx,0,8,00,00,00,00,00,00,00,00,
942000,000002C6,false,Rx,0,8,32,00,7C,01,00,00,00,00,
992000,0000060D,false,Rx,0,8,0D,10,83,B6,09,20,70,00,
0,00000054,false,Rx,0,8,01,05,0B,01,D0,02,00,00,
0,00000055,false,Rx,0,8,10,27,00,00,00,00,00,00,
2000,00000056,false,Rx,0,8,10,27,00,00,00,00,00,00,
2000,00000057,false,Rx,0,8,00,00,FE,FF,FE,FF,00,00,
30000,00000625,false,Rx,0,8,25,00,59,86,01,54,5C,06,
91000,0000060D,false,Rx,0,8,0D,10,83,B6,09,20,70,00,
131000,00000625,false,Rx,0,8,25,00,59,86,01,54,5C,06,
162000,000002C4,false,Rx,0,8,09,20,00,00,D0,02,00,00,
162000,000002C5,false,Rx,0,8,00,00,00,00,00,00,00,00,
162000,000002C6,false,Rx,0,8,32,00,7C,01,00,00,00,00,
191000,0000060D,false,Rx,0,8,0D,10,83,B6,09,20,70,00,
202000,00000054,false,Rx,0,8,01,05,0B,01,D0,02,00,00,
202000,00000055,false,Rx,0,8,10,27,00,00,00,00,00,00,
202000,00000056,false,Rx,0,8,10,27,00,00,00,00,00,00,
203000,00000057,false,Rx,0,8,00,00,FE,FF,FE,FF,00,00,
230000,00000625,false,Rx,0,8,25,00,59,86,01,54,5C,06,
291000,0000060D,false,Rx,0,8,0D,10,83,B6,09,20,70,00,
331000,00000625,false,Rx,0,8,25,00,59,86,01,54,5C,06,
0,000002C4,false,Rx,0,8,09,20,00,00,D0,02,00,00,
0,000002C5,false,Rx,0,8,00,00,00,00,00,00,00,00,
382000,000002C6,false,Rx,0,8,32,00,7C,01,00,00,00,00,
391000,0000060D,false,Rx,0,8,0D,10,83,B6,09,20,70,00,
0,00000054,false,Rx,0,8,01,05,0B,01,D0,02,00,00,
0,00000055,false,Rx,0,8,10,27,00,00,00,00,00,00,
402000,00000056,false,Rx,0,8,10,27,00,00,00,00,00,00,
402000,00000057,false,Rx,0,8,00,00,FE,FF,FE,FF,00,00,
431000,00000625,false,Rx,0,8,25,00,59,86,01,54,5C,06,
491000,0000060D,false,Rx,0,8,0D,10,83,B6,09,20,70,00,
531000,00000625,false,Rx,0,8,25,00,59,86,01,54,5C,06,
592000,0000060D,false,Rx,0,8,0D,10,83,B6,09,20,70,00,
0,00000054,false,Rx,0,8,01,05,0B,01,D0,02,00,00,
0,00000055,false,Rx,0,8,10,27,00,00,00,00,00,00,
601000,00000056,false,Rx,0,8,10,27,00,00,00,00,00,00,
601000,000002C4,false,Rx,0,8,09,20,00,00,D0,02,00,00,
602000,00000057,false,Rx,0,8,00,00,FE,FF,FE,FF,00,00,
602000,000002C5,false,Rx,0,8,00,00,00,00,00,00,00,00,
602000,000002C6,false,Rx,0,8,32,00,7C,01,00,00,00,00,
631000,00000625,false,Rx,0,8,25,00,59,86,01,54,5C,06,
691000,0000060D,false,Rx,0,8,0D,10,83,B6,09,20,70,00,
730000,00000625,false,Rx,0,8,25,00,59,86,01,54,5C,06,
791000,0000060D,false,Rx,0,8,0D,10,83,B6,09,20,70,00,
801000,00000054,false,Rx,0,8,01,05,0B,01,D0,02,00,00,
801000,00000055,false,Rx,0,8,10,27,00,00,00,00,00,00,
801000,00000056,false,Rx,0,8,10,27,00,00,00,00,00,00,
802000,00000057,false,Rx,0,8,00,00,FE,FF,FE,FF,00,00,
822000,000002C4,false,Rx,0,8,09,20,00,00,D0,02,00,00,
0,000002C5,false,Rx,0,8,00,00,00,00,00,00,00,00,
0,000002C6,false,Rx,0,8,32,00,7C,01,00,00,00,00,
830000,00000625,false,Rx,0,8,25,00,59,86,01,54,5C,06,
892000,0000060D,false,Rx,0,8,0D,10,83,B6,09,20,70,00,
931000,00000625,false,Rx,0,8,25,00,59,86,01,54,5C,06,
992000,0000060D,false,Rx,0,8,0D,10,83,B6,09,20,70,00,
1000,00000054,false,Rx,0,8,01,05,0B,01,D0,02,00,00,
1000,00000055,false,Rx,0,8,10,27,00,00,00,00,00,00,
1000,00000056,false,Rx,0,8,10,27,00,00,00,00,00,00,
2000,00000057,false,Rx,0,8,00,00,FE,FF,FE,FF,00,00,
31000,00000625,false,Rx,0,8,25,00,59,86,01,54,5C,06,
42000,000002C4,false,Rx,0,8,09,20,00,00,D0,02,00,00,
42000,000002C5,false,Rx,0,8,00,00,00,00,00,00,00,00,
42000,000002C6,false,Rx,0,8,32,00,7C,01,00,00,00,00,
92000,0000060D,false,Rx,0,8,0D,10,83,B6,09,20,70,00,
130000,00000625,false,Rx,0,8,25,00,59,86,01,54,5C,06,
192000,0000060D,false,Rx,0,8,0D,10,83,B6,09,20,70,00,
202000,00000054,false,Rx,0,8,00,00,FE,FF,D0,02,00,00,
202000,00000055,false,Rx,0,8,10,27,00,00,00,00,00,00,
0,00000056,false,Rx,0,8,10,27,00,00,00,00,00,00,
0,00000057,false,Rx,0,8,00,00,FE,FF,FE,FF,00,00,
231000,00000625,false,Rx,0,8,25,00,59,86,01,54,5C,06,
261000,000002C4,false,Rx,0,8,01,20,00,00,D0,02,00,00,
261000,000002C5,false,Rx,0,8,00,00,00,00,00,00,00,00,
262000,000002C6,false,Rx,0,8,32,00,7C,01,00,00,00,00,
291000,0000060D,false,Rx,0,8,0D,10,83,B6,09,20,70,00,
330000,00000625,false,Rx,0,8,25,00,59,86,01,54,5C,06,
392000,0000060D,false,Rx,0,8,0D,10,83,B6,09,20,70,00,
0,00000054,false,Rx,0,8,00,00,FE,FF,D0,02,00,00,
0,00000055,false,Rx,0,8,10,27,00,00,00,00,00,00,
402000,00000056,false,Rx,0,8,10,27,00,00,00,00,00,00,
402000,00000057,false,Rx,0,8,00,00,FE,FF,FE,FF,00,00,
430000,00000625,false,Rx,0,8,25,00,59,86,01,54,5C,06,
482000,000002C4,false,Rx,0,8,03,08,00,00,A6,02,00,00,
482000,000002C5,false,Rx,0,8,00,00,00,00,00,00,00,00,
483000,000002C6,false,Rx,0,8,32,00,7C,01,00,00,00,00,
492000,0000060D,false,Rx,0,8,0D,10,83,B6,09,20,70,00,
531000,00000625,false,Rx,0,8,25,00,59,86,01,54,5C,06,
592000,0000060D,false,Rx,0,8,0D,10,83,B6,09,20,70,00,
602000,00000054,false,Rx,0,8,00,00,FE,FF,D0,02,00,00,
602000,00000055,false,Rx,0,8,10,27,00,00,00,00,00,00,
602000,00000056,false,Rx,0,8,10,27,00,00,00,00,00,00,
602000,00000057,false,Rx,0,8,00,00,FE,FF,FE,FF,00,00,
630000,00000625,false,Rx,0,8,25,00,59,86,01,54,5C,06,
691000,0000060D,false,Rx,0,8,0D,10,83,B6,09,20,70,00,
702000,000002C4,false,Rx,0,8,03,08,00,00,A6,02,00,00,
702000,000002C5,false,Rx,0,8,00,00,00,00,00,00,00,00,
703000,000002C6,false,Rx,0,8,32,00,7C,01,00,00,00,00,
730000,00000625,false,Rx,0,8,25,00,59,86,01,54,5C,06,
791000,0000060D,false,Rx,0,8,0D,10,83,B6,09,20,70,00,
801000,00000054,false,Rx,0,8,00,00,FE,FF,D0,02,00,00,
801000,00000055,false,Rx,0,8,10,27,00,00,00,00,00,00,
802000,00000056,false,Rx,0,8,10,27,00,00,00,00,00,00,
802000,00000057,false,Rx,0,8,00,00,FE,FF,FE,FF,00,00,
831000,00000625,false,Rx,0,8,25,00,59,86,01,54,5C,06,
893000,0000060D,false,Rx,0,8,0D,10,83,B6,09,20,70,00,
0,000002C4,false,Rx,0,8,03,08,00,00,A6,02,00,00,
0,000002C5,false,Rx,0,8,00,00,00,00,00,00,00,00,
0,000002C6,false,Rx,0,8,32,00,7C,01,00,00,00,00,
931000,00000625,false,Rx,0,8,25,00,59,86,01,54,5C,06,
992000,0000060D,false,Rx,0,8,0D,10,83,B6,09,20,70,00,
0,00000054,false,Rx,0,8,00,00,FE,FF,D0,02,00,00,
0,00000055,false,Rx,0,8,10,27,00,00,00,00,00,00,
1000,00000056,false,Rx,0,8,10,27,00,00,00,00,00,00,
2000,00000057,false,Rx,0,8,00,00,FE,FF,FE,FF,00,00,
30000,00000625,false,Rx,0,8,25,00,59,86,01,54,5C,06,
93000,0000060D,false,Rx,0,8,0D,10,83,B6,09,20,70,00,
130000,00000625,false,Rx,0,8,25,00,59,86,01,54,5C,06,
143000,000002C4,false,Rx,0,8,03,08,00,00,A6,02,00,00,
143000,000002C5,false,Rx,0,8,00,00,00,00,00,00,00,00,
143000,000002C6,false,Rx,0,8,32,00,7C,01,00,00,00,00,
191000,0000060D,false,Rx,0,8,0D,10,83,B6,09,20,70,00,
201000,00000054,false,Rx,0,8,00,00,FE,FF,D0,02,00,00,
201000,00000055,false,Rx,0,8,10,27,00,00,00,00,00,00,
202000,00000056,false,Rx,0,8,10,27,00,00,00,00,00,00,
202000,00000057,false,Rx,0,8,00,00,FE,FF,FE,FF,00,00,
231000,00000625,false,Rx,0,8,25,00,59,86,01,54,5C,06,
292000,0000060D,false,Rx,0,8,0D,10,83,B6,09,20,70,00,
330000,00000625,false,Rx,0,8,25,00,59,86,01,54,5C,06,
0,000002C4,false,Rx,0,8,03,08,00,00,A6,02,00,00,
0,000002C5,false,Rx,0,8,00,00,00,00,00,00,00,00,
0,000002C6,false,Rx,0,8,32,00,7C,01,00,00,00,00,
392000,0000060D,false,Rx,0,8,0D,10,83,B6,09,20,70,00,
401000,00000054,false,Rx,0,8,00,00,FE,FF,D0,02,00,00,
401000,00000055,false,Rx,0,8,10,27,00,00,00,00,00,00,
401000,00000056,false,Rx,0,8,10,27,00,00,00,00,00,00,
402000,00000057,false,Rx,0,8,00,00,FE,FF,FE,FF,00,00,
430000,00000625,false,Rx,0,8,25,00,59,86,01,54,5C,06,
492000,0000060D,false,Rx,0,8,0D,10,83,B6,09,20,70,00,
531000,00000625,false,Rx,0,8,25,00,59,86,01,54,5C,06,
0,000002C4,false,Rx,0,8,03,08,00,00,A5,02,00,00,
0,000002C5,false,Rx,0,8,00,00,00,00,00,00,00,00,
583000,000002C6,false,Rx,0,8,32,00,7C,01,00,00,00,00,
591000,0000060D,false,Rx,0,8,0D,10,83,B6,09,20,70,00,
601000,00000054,false,Rx,0,8,00,00,FE,FF,D0,02,00,00,
601000,00000055,false,Rx,0,8,10,27,00,00,00,00,00,00,
602000,00000056,false,Rx,0,8,10,27,00,00,00,00,00,00,
602000,00000057,false,Rx,0,8,00,00,FE,FF,FE,FF,00,00,
631000,00000625,false,Rx,0,8,25,00,59,86,01,54,5C,06,
691000,0000060D,false,Rx,0,8,0D,10,83,B6,09,20,70,00,
731000,00000625,false,Rx,0,8,25,00,59,86,01,54,5C,06,
791000,0000060D,false,Rx,0,8,0D,10,83,B6,09,20,70,00,
801000,00000054,false,Rx,0,8,00,00,FE,FF,D0,02,00,00,
801000,00000055,false,Rx,0,8,10,27,00,00,00,00,00,00,
0,00000056,false,Rx,0,8,10,27,00,00,00,00,00,00,
0,000002C4,false,Rx,0,8,03,08,00,00,A5,02,00,00,
0,00000057,false,Rx,0,8,00,00,FE,FF,FE,FF,00,00,
0,000002C5,false,Rx,0,8,00,00,00,00,00,00,00,00,
803000,000002C6,false,Rx,0,8,32,00,7C,01,00,00,00,00,
832000,00000625,false,Rx,0,8,25,00,59,86,01,54,5C,06,
892000,0000060D,false,Rx,0,8,0D,10,83,B6,09,20,70,00,
931000,00000625,false,Rx,0,8,25,00,59,86,01,54,5C,06,
992000,0000060D,false,Rx,0,8,0D,10,83,B6,09,20,70,00,
1000,00000054,false,Rx,0,8,00,00,FE,FF,D0,02,00,00,
1000,00000055,false,Rx,0,8,10,27,00,00,00,00,00,00,
2000,00000056,false,Rx,0,8,10,27,00,00,00,00,00,00,
2000,00000057,false,Rx,0,8,00,00,FE,FF,FE,FF,00,00,
22000,000002C4,false,Rx,0,8,03,08,00,00,A5,02,00,00,
22000,000002C5,false,Rx,0,8,00,00,00,00,00,00,00,00,
22000,000002C6,false,Rx,0,8,32,00,7C,01,00,00,00,00,
31000,00000625,false,Rx,0,8,25,00,59,86,01,54,5C,06,
92000,0000060D,false,Rx,0,8,0D,10,83,B6,09,20,70,00,
130000,00000625,false,Rx,0,8,25,00,59,86,01,54,5C,06,
192000,0000060D,false,Rx,0,8,0D,10,83,B6,09,20,70,00,
202000,00000054,false,Rx,0,8,00,00,FE,FF,D0,02,00,00,
202000,00000055,false,Rx,0,8,10,27,00,00,00,00,00,00,
202000,00000056,false,Rx,0,8,10,27,00,00,00,00,00,00,
202000,00000057,false,Rx,0,8,00,00,FE,FF,FE,FF,00,00,
230000,00000625,false,Rx,0,8,25,00,59,86,01,54,5C,06,
242000,000002C4,false,Rx,0,8,03,08,00,00,A5,02,00,00,
242000,000002C5,false,Rx,0,8,00,00,00,00,00,00,00,00,
242000,000002C6,false,Rx,0,8,32,00,7C,01,00,00,00,00,
292000,0000060D,false,Rx,0,8,0D,10,83,B6,09,20,70,00,
330000,00000625,false,Rx,0,8,25,00,59,86,01,54,5C,06,
392000,0000060D,false,Rx,0,8,0D,10,83,B6,09,20,70,00,
402000,00000054,false,Rx,0,8,00,00,FE,FF,D0,02,00,00,
402000,00000055,false,Rx,0,8,10,27,00,00,00,00,00,00,
0,00000056,false,Rx,0,8,10,27,00,00,00,00,00,00,
0,00000057,false,Rx,0,8,00,00,FE,FF,FE,FF,00,00,
431000,00000625,false,Rx,0,8,25,00,59,86,01,54,5C,06,
462000,000002C4,false,Rx,0,8,03,08,00,00,A5,02,00,00,
462000,000002C5,false,Rx,0,8,00,00,00,00,00,00,00,00,
463000,000002C6,false,Rx,0,8,32,00,7C,01,00,00,00,00,
492000,0000060D,false,Rx,0,8,0D,10,83,B6,09,20,70,00,
531000,00000625,false,Rx,0,8,25,00,59,86,01,54,5C,06,
591000,0000060D,false,Rx,0,8,0D,10,83,B6,09,20,70,00,
0,00000054,false,Rx,0,8,00,00,FE,FF,D0,02,00,00,
0,00000055,false,Rx,0,8,10,27,00,00,00,00,00,00,
602000,00000056,false,Rx,0,8,10,27,00,00,00,00,00,00,
602000,00000057,false,Rx,0,8,00,00,FE,FF,FE,FF,00,00,
631000,00000625,false,Rx,0,8,25,00,59,86,01,54,5C,06,
681000,000002C4,false,Rx,0,8,03,08,00,00,A5,02,00,00,
682000,000002C5,false,Rx,0,8,00,00,00,00,00,00,00,00,
682000,000002C6,false,Rx,0,8,32,00,7C,01,00,00,00,00,
692000,0000060D,false,Rx,0,8,0D,10,83,B6,09,20,70,00,
730000,00000625,false,Rx,0,8,25,00,59,86,01,54,5C,06,
792000,0000060D,false,Rx,0,8,0D,10,83,B6,09,20,70,00,
801000,00000054,false,Rx,0,8,00,00,FE,FF,D0,02,00,00,
801000,00000055,false,Rx,0,8,10,27,00,00,00,00,00,00,
802000,00000056,false,Rx,0,8,10,27,00,00,00,00,00,00,
802000,00000057,false,Rx,0,8,00,00,FE,FF,FE,FF,00,00,
831000,00000625,false,Rx,0,8,25,00,59,86,01,54,5C,06,
892000,0000060D,false,Rx,0,8,0D,10,83,B6,09,20,70,00,
902000,000002C4,false,Rx,0,8,03,08,00,00,A4,02,00,00,
902000,000002C5,false,Rx,0,8,00,00,00,00,00,00,00,00,
902000,000002C6,false,Rx,0,8,32,00,7C,01,00,00,00,00,
931000,00000625,false,Rx,0,8,25,00,59,86,01,54,5C,06,
992000,0000060D,false,Rx,0,8,0D,10,83,B6,09,20,70,00,
0,00000054,false,Rx,0,8,00,00,FE,FF,D0,02,00,00,
0,00000055,false,Rx,0,8,10,27,00,00,00,00,00,00,
0,00000056,false,Rx,0,8,10,27,00,00,00,00,00,00,
0,00000057,false,Rx,0,8,00,00,FE,FF,FE,FF,00,00,
31000,00000625,false,Rx,0,8,25,00,59,86,01,54,5C,06,
92000,0000060D,false,Rx,0,8,0D,10,83,B6,09,20,70,00,
122000,000002C4,false,Rx,0,8,03,08,00,00,A4,02,00,00,
122000,000002C5,false,Rx,0,8,00,00,00,00,00,00,00,00,
123000,000002C6,false,Rx,0,8,32,00,7C,01,00,00,00,00,
131000,00000625,false,Rx,0,8,25,00,59,86,01,54,5C,06,
192000,0000060D,false,Rx,0,8,0D,10,83,B6,09,20,70,00,
201000,00000054,false,Rx,0,8,00,00,FE,FF,D0,02,00,00,
0,00000055,false,Rx,0,8,10,27,00,00,00,00,00,00,
0,00000056,false,Rx,0,8,10,27,00,00,00,00,00,00,
202000,00000057,false,Rx,0,8,00,00,FE,FF,FE,FF,00,00,
230000,00000625,false,Rx,0,8,25,00,59,86,01,54,5C,06,
291000,0000060D,false,Rx,0,8,0D,10,83,B6,09,20,70,00,
331000,00000625,false,Rx,0,8,25,00,59,86,01,54,5C,06,
342000,000002C4,false,Rx,0,8,03,08,00,00,A4,02,00,00,
342000,000002C5,false,Rx,0,8,00,00,00,00,00,00,00,00,
342000,000002C6,false,Rx,0,8,32,00,7C,01,00,00,00,00,
391000,0000060D,false,Rx,0,8,0D,10,83,B6,09,20,70,00,
401000,00000054,false,Rx,0,8,00,00,FE,FF,D0,02,00,00,
401000,00000055,false,Rx,0,8,10,27,00,00,00,00,00,00,
402000,00000056,false,Rx,0,8,10,27,00,00,00,00,00,00,
402000,00000057,false,Rx,0,8,00,00,FE,FF,FE,FF,00,00,
430000,00000625,false,Rx,0,8,25,00,59,86,01,54,5C,06,
492000,0000060D,false,Rx,0,8,0D,10,83,B6,09,20,70,00,
531000,00000625,false,Rx,0,8,25,00,59,86,01,54,5C,06,
561000,000002C4,false,Rx,0,8,03,08,00,00,A4,02,00,00,
562000,000002C5,false,Rx,0,8,00,00,00,00,00,00,00,00,
563000,000002C6,false,Rx,0,8,32,00,7C,01,00,00,00,00,
592000,0000060D,false,Rx,0,8,0D,10,83,B6,09,20,70,00,
601000,00000054,false,Rx,0,8,00,00,FE,FF,D0,02,00,00,
601000,00000055,false,Rx,0,8,10,27,00,00,00,00,00,00,
601000,00000056,false,Rx,0,8,10,27,00,00,00,00,00,00,
602000,00000057,false,Rx,0,8,00,00,FE,FF,FE,FF,00,00,
630000,00000625,false,Rx,0,8,25,00,59,86,01,54,5C,06,
692000,0000060D,false,Rx,0,8,0D,10,83,B6,09,20,70,00,
731000,00000625,false,Rx,0,8,25,00,59,86,01,54,5C,06,
0,000002C4,false,Rx,0,8,03,08,00,00,A3,02,00,00,
0,000002C5,false,Rx,0,8,00,00,00,00,00,00,00,00,
782000,000002C6,false,Rx,0,8,32,00,7C,01,00,00,00,00,
792000,0000060D,false,Rx,0,8,0D,10,83,B6,09,20,70,00,
801000,00000054,false,Rx,0,8,00,00,FE,FF,D0,02,00,00,
801000,00000055,false,Rx,0,8,10,27,00,00,00,00,00,00,
801000,00000056,false,Rx,0,8,10,27,00,00,00,00,00,00,
802000,00000057,false,Rx,0,8,00,00,FE,FF,FE,FF,00,00,
831000,00000625,false,Rx,0,8,25,00,59,86,01,54,5C,06,
892000,0000060D,false,Rx,0,8,0D,10,83,B6,09,20,70,00,
930000,00000625,false,Rx,0,8,25,00,59,86,01,54,5C,06,
992000,0000060D,false,Rx,0,8,0D,10,83,B6,09,20,70,00,
0,00000054,false,Rx,0,8,00,00,FE,FF,D0,02,00,00,
0,00000055,false,Rx,0,8,10,27,00,00,00,00,00,00,
1000,00000056,false,Rx,0,8,10,27,00,00,00,00,00,00,
0,000002C4,false,Rx,0,8,03,08,00,00,A3,02,00,00,
0,00000057,false,Rx,0,8,00,00,FE,FF,FE,FF,00,00,
0,000002C5,false,Rx,0,8,00,00,00,00,00,00,00,00,
2000,000002C6,false,Rx,0,8,32,00,7C,01,00,00,00,00,
31000,00000625,false,Rx,0,8,25,00,59,86,01,54,5C,06,
91000,0000060D,false,Rx,0,8,0D,10,83,B6,09,20,70,00,
131000,00000625,false,Rx,0,8,25,00,59,86,01,54,5C,06,
192000,0000060D,false,Rx,0,8,0D,10,83,B6,09,20,70,00,
202000,00000054,false,Rx,0,8,00,00,FE,FF,D0,02,00,00,
202000,00000055,false,Rx,0,8,10,27,00,00,00,00,00,00,
202000,00000056,false,Rx,0,8,10,27,00,00,00,00,00,00,
203000,00000057,false,Rx,0,8,00,00,FE,FF,FE,FF,00,00,
222000,000002C4,false,Rx,0,8,03,08,00,00,A3,02,00,00,
222000,000002C5,false,Rx,0,8,00,00,00,00,00,00,00,00,
222000,000002C6,false,Rx,0,8,32,00,7C,01,00,00,00,00,
231000,00000625,false,Rx,0,8,25,00,59,86,01,54,5C,06,
292000,0000060D,false,Rx,0,8,0D,10,83,B6,09,20,70,00,
331000,00000625,false,Rx,0,8,25,00,59,86,01,54,5C,06,
393000,0000060D,false,Rx,0,8,0D,10,83,B6,09,20,70,00,
401000,00000054,false,Rx,0,8,00,00,FE,FF,D0,02,00,00,
401000,00000055,false,Rx,0,8,10,27,00,00,00,00,00,00,
402000,00000056,false,Rx,0,8,10,27,00,00,00,00,00,00,
402000,00000057,false,Rx,0,8,00,00,FE,FF,FE,FF,00,00,
430000,00000625,false,Rx,0,8,25,00,59,86,01,54,5C,06,
442000,000002C4,false,Rx,0,8,03,08,00,00,A3,02,00,00,
442000,000002C5,false,Rx,0,8,00,00,00,00,00,00,00,00,
443000,000002C6,false,Rx,0,8,32,00,7C,01,00,00,00,00,
491000,0000060D,false,Rx,0,8,0D,10,83,B6,09,20,70,00,
531000,00000625,false,Rx,0,8,25,00,59,86,01,54,5C,06,
591000,0000060D,false,Rx,0,8,0D,10,83,B6,09,20,70,00,
601000,00000054,false,Rx,0,8,00,00,FE,FF,D0,02,00,00,
601000,00000055,false,Rx,0,8,10,27,00,00,00,00,00,00,
601000,00000056,false,Rx,0,8,10,27,00,00,00,00,00,00,
602000,00000057,false,Rx,0,8,00,00,FE,FF,FE,FF,00,00,
631000,00000625,false,Rx,0,8,25,00,59,86,01,54,5C,06,
662000,000002C4,false,Rx,0,8,03,08,00,00,A2,02,00,00,
662000,000002C5,false,Rx,0,8,00,00,00,00,00,00,00,00,
663000,000002C6,false,Rx,0,8,32,00,7C,01,00,00,00,00,
692000,0000060D,false,Rx,0,8,0D,10,83,B6,09,20,70,00,
731000,00000625,false,Rx,0,8,25,00,59,86,01,54,5C,06,
792000,0000060D,false,Rx,0,8,0D,10,83,B6,09,20,70,00,
801000,00000054,false,Rx,0,8,00,00,FE,FF,D0,02,00,00,
801000,00000055,false,Rx,0,8,10,27,00,00,00,00,00,00,
802000,00000056,false,Rx,0,8,10,27,00,00,00,00,00,00,
802000,00000057,false,Rx,0,8,00,00,FE,FF,FE,FF,00,00,
831000,00000625,false,Rx,0,8,25,00,59,86,01,54,5C,06,
882000,000002C4,false,Rx,0,8,03,08,00,00,A2,02,00,00,
882000,000002C5,false,Rx,0,8,00,00,00,00,00,00,00,00,
882000,000002C6,false,Rx,0,8,32,00,7C,01,00,00,00,00,
891000,0000060D,false,Rx,0,8,0D,10,83,B6,09,20,70,00,
931000,00000625,false,Rx,0,8,25,00,59,86,01,54,5C,06,
991000,0000060D,false,Rx,0,8,0D,10,83,B6,09,20,70,00,
0,00000054,false,Rx,0,8,00,00,FE,FF,D0,02,00,00,
0,00000055,false,Rx,0,8,10,27,00,00,00,00,00,00,
2000,00000056,false,Rx,0,8,10,27,00,00,00,00,00,00,
2000,00000057,false,Rx,0,8,00,00,FE,FF,FE,FF,00,00,
31000,00000625,false,Rx,0,8,25,00,59,86,01,54,5C,06,
93000,0000060D,false,Rx,0,8,0D,10,83,B6,09,20,70,00,
101000,000002C4,false,Rx,0,8,03,08,00,00,A2,02,00,00,
102000,000002C5,false,Rx,0,8,00,00,00,00,00,00,00,00,
102000,000002C6,false,Rx,0,8,32,00,7C,01,00,00,00,00,
131000,00000625,false,Rx,0,8,25,00,59,86,01,54,5C,06,
193000,0000060D,false,Rx,0,8,0D,10,83,B6,09,20,70,00,
201000,00000054,false,Rx,0,8,00,00,FE,FF,D0,02,00,00,
201000,00000055,false,Rx,0,8,10,27,00,00,00,00,00,00,
201000,00000056,false,Rx,0,8,10,27,00,00,00,00,00,00,
202000,00000057,false,Rx,0,8,00,00,FE,FF,FE,FF,00,00,
231000,00000625,false,Rx,0,8,25,00,59,86,01,54,5C,06,
292000,0000060D,false,Rx,0,8,0D,10,83,B6,09,20,70,00,
322000,000002C4,false,Rx,0,8,03,08,00,00,A2,02,00,00,
322000,000002C5,false,Rx,0,8,00,00,00,00,00,00,00,00,
323000,000002C6,false,Rx,0,8,32,00,7C,01,00,00,00,00,
330000,00000625,false,Rx,0,8,25,00,59,86,01,54,5C,06,
391000,0000060D,false,Rx,0,8,0D,10,83,B6,09,20,70,00,
401000,00000054,false,Rx,0,8,00,00,FE,FF,D0,02,00,00,
401000,00000055,false,Rx,0,8,10,27,00,00,00,00,00,00,
402000,00000056,false,Rx,0,8,10,27,00,00,00,00,00,00,
402000,00000057,false,Rx,0,8,00,00,FE,FF,FE,FF,00,00,
431000,00000625,false,Rx,0,8,25,00,59,86,01,54,5C,06,
492000,0000060D,false,Rx,0,8,0D,10,83,B6,09,20,70,00,
530000,00000625,false,Rx,0,8,25,00,59,86,01,54,5C,06,
542000,000002C4,false,Rx,0,8,03,08,00,00,A1,02,00,00,
542000,000002C5,false,Rx,0,8,00,00,00,00,00,00,00,00,
542000,000002C6,false,Rx,0,8,32,00,7C,01,00,00,00,00,
592000,0000060D,false,Rx,0,8,0D,10,83,B6,09,20,70,00,
602000,00000054,false,Rx,0,8,00,00,FE,FF,D0,02,00,00,
602000,00000055,false,Rx,0,8,10,27,00,00,00,00,00,00,
602000,00000056,false,Rx,0,8,10,27,00,00,00,00,00,00,
602000,00000057,false,Rx,0,8,00,00,FE,FF,FE,FF,00,00,
631000,00000625,false,Rx,0,8,25,00,59,86,01,54,5C,06,
692000,0000060D,false,Rx,0,8,0D,10,83,B6,09,20,70,00,
730000,00000625,false,Rx,0,8,25,00,59,86,01,54,5C,06,
761000,000002C4,false,Rx,0,8,03,08,00,00,A1,02,00,00,
762000,000002C5,false,Rx,0,8,00,00,00,00,00,00,00,00,
762000,000002C6,false,Rx,0,8,32,00,7C,01,00,00,00,00,
792000,0000060D,false,Rx,0,8,0D,10,83,B6,09,20,70,00,
801000,00000054,false,Rx,0,8,00,00,FE,FF,D0,02,00,00,
801000,00000055,false,Rx,0,8,10,27,00,00,00,00,00,00,
801000,00000056,false,Rx,0,8,10,27,00,00,00,00,00,00,
802000,00000057,false,Rx,0,8,00,00,FE,FF,FE,FF,00,00,
831000,00000625,false,Rx,0,8,25,00,59,86,01,54,5C,06,
892000,0000060D,false,Rx,0,8,0D,10,83,B6,09,20,70,00,
931000,00000625,false,Rx,0,8,25,00,59,86,01,54,5C,06,
982000,000002C4,false,Rx,0,8,03,08,00,00,A1,02,00,00,
982000,000002C5,false,Rx,0,8,00,00,00,00,00,00,00,00,
983000,000002C6,false,Rx,0,8,32,00,7C,01,00,00,00,00,
992000,0000060D,false,Rx,0,8,0D,10,83,B6,09,20,70,00,
0,00000054,false,Rx,0,8,00,00,FE,FF,D0,02,00,00,
0,00000055,false,Rx,0,8,10,27,00,00,00,00,00,00,
1000,00000056,false,Rx,0,8,10,27,00,00,00,00,00,00,
2000,00000057,false,Rx,0,8,00,00,FE,FF,FE,FF,00,00,
30000,00000625,false,Rx,0,8,25,00,59,86,01,54,5C,06,
92000,0000060D,false,Rx,0,8,0D,10,83,B6,09,20,70,00,
131000,00000625,false,Rx,0,8,25,00,59,86,01,54,5C,06,
192000,0000060D,false,Rx,0,8,0D,10,83,B6,09,20,70,00,
201000,00000054,false,Rx,0,8,00,00,FE,FF,D0,02,00,00,
201000,00000055,false,Rx,0,8,10,27,00,00,00,00,00,00,
202000,00000056,false,Rx,0,8,10,27,00,00,00,00,00,00,
202000,000002C4,false,Rx,0,8,03,08,00,00,A1,02,00,00,
0,00000057,false,Rx,0,8,00,00,FE,FF,FE,FF,00,00,
0,000002C5,false,Rx,0,8,00,00,00,00,00,00,00,00,
0,000002C6,false,Rx,0,8,32,00,7C,01,00,00,00,00,
231000,00000625,false,Rx,0,8,25,00,59,86,01,54,5C,06,
291000,0000060D,false,Rx,0,8,0D,10,83,B6,09,20,70,00,
331000,00000625,false,Rx,0,8,25,00,59,86,01,54,5C,06,
391000,0000060D,false,Rx,0,8,0D,10,83,B6,09,20,70,00,
0,00000054,false,Rx,0,8,00,00,FE,FF,D0,02,00,00,
0,00000055,false,Rx,0,8,10,27,00,00,00,00,00,00,
402000,00000056,false,Rx,0,8,10,27,00,00,00,00,00,00,
403000,00000057,false,Rx,0,8,00,00,FE,FF,FE,FF,00,00,
0,000002C4,false,Rx,0,8,03,08,00,00,A1,02,00,00,
0,000002C5,false,Rx,0,8,00,00,00,00,00,00,00,00,
422000,000002C6,false,Rx,0,8,32,00,7C,01,00,00,00,00,
431000,00000625,false,Rx,0,8,25,00,59,86,01,54,5C,06,
491000,0000060D,false,Rx,0,8,0D,10,83,B6,09,20,70,00,
531000,00000625,false,Rx,0,8,25,00,59,86,01,54,5C,06,
592000,0000060D,false,Rx,0,8,0D,10,83,B6,09,20,70,00,
601000,00000054,false,Rx,0,8,00,00,FE,FF,D0,02,00,00,
601000,00000055,false,Rx,0,8,10,27,00,00,00,00,00,00,
601000,00000056,false,Rx,0,8,10,27,00,00,00,00,00,00,
602000,00000057,false,Rx,0,8,00,00,FE,FF,FE,FF,00,00,
631000,00000625,false,Rx,0,8,25,00,59,86,01,54,5C,06,
0,000002C4,false,Rx,0,8,03,08,00,00,A1,02,00,00,
0,000002C5,false,Rx,0,8,00,00,00,00,00,00,00,00,
643000,000002C6,false,Rx,0,8,32,00,7C,01,00,00,00,00,
692000,0000060D,false,Rx,0,8,0D,10,83,B6,09,20,70,00,
731000,00000625,false,Rx,0,8,25,00,59,86,01,54,5C,06,
792000,0000060D,false,Rx,0,8,0D,10,83,B6,09,20,70,00,
801000,00000054,false,Rx,0,8,00,00,FE,FF,D0,02,00,00,
801000,00000055,false,Rx,0,8,10,27,00,00,00,00,00,00,
801000,00000056,false,Rx,0,8,10,27,00,00,00,00,00,00,
801000,00000057,false,Rx,0,8,00,00,FE,FF,FE,FF,00,00,
830000,00000625,false,Rx,0,8,25,00,59,86,01,54,5C,06,
0,000002C4,false,Rx,0,8,03,08,00,00,A1,02,00,00,
0,000002C5,false,Rx,0,8,00,00,00,00,00,00,00,00,
863000,000002C6,false,Rx,0,8,32,00,7C,01,00,00,00,00,
891000,0000060D,false,Rx,0,8,0D,10,83,B6,09,20,70,00,
931000,00000625,false,Rx,0,8,25,00,59,86,01,54,5C,06,
991000,0000060D,false,Rx,0,8,0D,10,83,B6,09,20,70,00,
0,00000054,false,Rx,0,8,00,00,FE,FF,D0,02,00,00,
0,00000055,false,Rx,0,8,10,27,00,00,00,00,00,00,
1000,00000056,false,Rx,0,8,10,27,00,00,00,00,00,00,
2000,00000057,false,Rx,0,8,00,00,FE,FF,FE,FF,00,00,
31000,00000625,false,Rx,0,8,25,00,59,86,01,54,5C,06,
82000,000002C4,false,Rx,0,8,03,08,00,00,A0,02,00,00,
83000,000002C5,false,Rx,0,8,00,00,00,00,00,00,00,00,
84000,000002C6,false,Rx,0,8,32,00,7C,01,00,00,00,00,
91000,0000060D,false,Rx,0,8,0D,10,83,B6,09,20,70,00,
131000,00000625,false,Rx,0,8,25,00,59,86,01,54,5C,06,
192000,0000060D,false,Rx,0,8,0D,10,83,B6,09,20,70,00,
202000,00000054,false,Rx,0,8,00,00,FE,FF,D0,02,00,00,
202000,00000055,false,Rx,0,8,10,27,00,00,00,00,00,00,
202000,00000056,false,Rx,0,8,10,27,00,00,00,00,00,00,
202000,00000057,false,Rx,0,8,00,00,FE,FF,FE,FF,00,00,
230000,00000625,false,Rx,0,8,25,00,59,86,01,54,5C,06,
291000,0000060D,false,Rx,0,8,0D,10,83,B6,09,20,70,00,
0,000002C4,false,Rx,0,8,03,08,00,00,A0,02,00,00,
0,000002C5,false,Rx,0,8,00,00,00,00,00,00,00,00,
303000,000002C6,false,Rx,0,8,32,00,7C,01,00,00,00,00,
330000,00000625,false,Rx,0,8,25,00,59,86,01,54,5C,06,
391000,0000060D,false,Rx,0,8,0D,10,83,B6,09,20,70,00,
0,00000054,false,Rx,0,8,00,00,FE,FF,D0,02,00,00,
0,00000055,false,Rx,0,8,10,27,00,00,00,00,00,00,
401000,00000056,false,Rx,0,8,10,27,00,00,00,00,00,00,
401000,00000057,false,Rx,0,8,00,00,FE,FF,FE,FF,00,00,
431000,00000625,false,Rx,0,8,25,00,59,86,01,54,5C,06,
491000,0000060D,false,Rx,0,8,0D,10,83,B6,09,20,70,00,
521000,000002C4,false,Rx,0,8,03,08,00,00,A0,02,00,00,
522000,000002C5,false,Rx,0,8,00,00,00,00,00,00,00,00,
522000,000002C6,false,Rx,0,8,32,00,7C,01,00,00,00,00,
531000,00000625,false,Rx,0,8,25,00,59,86,01,54,5C,06,
591000,0000060D,false,Rx,0,8,0D,10,83,B6,09,20,70,00,
601000,00000054,false,Rx,0,8,00,00,FE,FF,D0,02,00,00,
601000,00000055,false,Rx,0,8,10,27,00,00,00,00,00,00,
601000,00000056,false,Rx,0,8,10,27,00,00,00,00,00,00,
602000,00000057,false,Rx,0,8,00,00,FE,FF,FE,FF,00,00,
631000,00000625,false,Rx,0,8,25,00,59,86,01,54,5C,06,
691000,0000060D,false,Rx,0,8,0D,10,83,B6,09,20,70,00,
730000,00000625,false,Rx,0,8,25,00,59,86,01,54,5C,06,
0,000002C4,false,Rx,0,8,03,08,00,00,A0,02,00,00,
0,000002C5,false,Rx,0,8,00,00,00,00,00,00,00,00,
742000,000002C6,false,Rx,0,8,32,00,7C,01,00,00,00,00,
791000,0000060D,false,Rx,0,8,0D,10,83,B6,09,20,70,00,
801000,00000054,false,Rx,0,8,00,00,FE,FF,D0,02,00,00,
0,00000055,false,Rx,0,8,10,27,00,00,00,00,00,00,
0,00000056,false,Rx,0,8,10,27,00,00,00,00,00,00,
801000,00000057,false,Rx,0,8,00,00,FE,FF,FE,FF,00,00,
831000,00000625,false,Rx,0,8,25,00,59,86,01,54,5C,06,
891000,0000060D,false,Rx,0,8,0D,10,83,B6,09,20,70,00,
931000,00000625,false,Rx,0,8,25,00,59,86,01,54,5C,06,
962000,000002C4,false,Rx,0,8,03,08,00,00,A0,02,00,00,
962000,000002C5,false,Rx,0,8,00,00,00,00,00,00,00,00,
963000,000002C6,false,Rx,0,8,32,00,7C,01,00,00,00,00,
991000,0000060D,false,Rx,0,8,0D,10,83,B6,09,20,70,00,
0,00000054,false,Rx,0,8,00,00,FE,FF,D0,02,00,00,
0,00000055,false,Rx,0,8,10,27,00,00,00,00,00,00,
0,00000056,false,Rx,0,8,10,27,00,00,00,00,00,00,
2000,00000057,false,Rx,0,8,00,00,FE,FF,FE,FF,00,00,
31000,00000625,false,Rx,0,8,25,00,59,86,01,54,5C,06,
92000,0000060D,false,Rx,0,8,0D,10,83,B6,09,20,70,00,
131000,00000625,false,Rx,0,8,25,00,59,86,01,54,5C,06,
182000,000002C4,false,Rx,0,8,03,08,00,00,A0,02,00,00,
182000,000002C5,false,Rx,0,8,00,00,00,00,00,00,00,00,
182000,000002C6,false,Rx,0,8,32,00,7C,01,00,00,00,00,
192000,0000060D,false,Rx,0,8,0D,10,83,B6,09,20,70,00,
0,00000054,false,Rx,0,8,00,00,FE,FF,D0,02,00,00,
0,00000055,false,Rx,0,8,10,27,00,00,00,00,00,00,
202000,00000056,false,Rx,0,8,10,27,00,00,00,00,00,00,
202000,00000057,false,Rx,0,8,00,00,FE,FF,FE,FF,00,00,
231000,00000625,false,Rx,0,8,25,00,59,86,01,54,5C,06,
291000,0000060D,false,Rx,0,8,0D,10,83,B6,09,20,70,00,
330000,00000625,false,Rx,0,8,25,00,59,86,01,54,5C,06,
392000,0000060D,false,Rx,0,8,0D,10,83,B6,09,20,70,00,
0,00000054,false,Rx,0,8,00,00,FE,FF,D0,02,00,00,
0,00000055,false,Rx,0,8,10,27,00,00,00,00,00,00,
402000,00000056,false,Rx,0,8,10,27,00,00,00,00,00,00,
402000,00000057,false,Rx,0,8,00,00,FE,FF,FE,FF,00,00,
0,000002C4,false,Rx,0,8,03,08,00,00,A0,02,00,00,
0,000002C5,false,Rx,0,8,00,00,00,00,00,00,00,00,
402000,000002C6,false,Rx,0,8,32,00,7C,01,00,00,00,00,
431000,00000625,false,Rx,0,8,25,00,59,86,01,54,5C,06,
491000,0000060D,false,Rx,0,8,0D,10,83,B6,09,20,70,00,
531000,00000625,false,Rx,0,8,25,00,59,86,01,54,5C,06,
591000,0000060D,false,Rx,0,8,0D,10,83,B6,09,20,70,00,
601000,00000054,false,Rx,0,8,00,00,FE,FF,D0,02,00,00,
601000,00000055,false,Rx,0,8,10,27,00,00,00,00,00,00,
601000,00000056,false,Rx,0,8,10,27,00,00,00,00,00,00,
602000,00000057,false,Rx,0,8,00,00,FE,FF,FE,FF,00,00,
622000,000002C4,false,Rx,0,8,03,08,00,00,A0,02,00,00,
622000,000002C5,false,Rx,0,8,00,00,00,00,00,00,00,00,
623000,000002C6,false,Rx,0,8,32,00,7C,01,00,00,00,00,
631000,00000625,false,Rx,0,8,25,00,59,86,01,54,5C,06,
692000,0000060D,false,Rx,0,8,0D,10,83,B6,09,20,70,00,
730000,00000625,false,Rx,0,8,25,00,59,86,01,54,5C,06,
791000,0000060D,false,Rx,0,8,0D,10,83,B6,09,20,70,00,
801000,00000054,false,Rx,0,8,00,00,FE,FF,D0,02,00,00,
801000,00000055,false,Rx,0,8,10,27,00,00,00,00,00,00,
802000,00000056,false,Rx,0,8,10,27,00,00,00,00,00,00,
802000,00000057,false,Rx,0,8,00,00,FE,FF,FE,FF,00,00,
831000,00000625,false,Rx,0,8,25,00,59,86,01,54,5C,06,
842000,000002C4,false,Rx,0,8,03,08,00,00,9F,02,00,00,
842000,000002C5,false,Rx,0,8,00,00,00,00,00,00,00,00,
842000,000002C6,false,Rx,0,8,32,00,7C,01,00,00,00,00,
892000,0000060D,false,Rx,0,8,0D,10,83,B6,09,20,70,00,
931000,00000625,false,Rx,0,8,25,00,59,86,01,54,5C,06,
991000,0000060D,false,Rx,0,8,0D,10,83,B6,09,20,70,00,
1000,00000054,false,Rx,0,8,00,00,FE,FF,D0,02,00,00,
1000,00000055,false,Rx,0,8,10,27,00,00,00,00,00,00,
0,00000056,false,Rx,0,8,10,27,00,00,00,00,00,00,
0,00000057,false,Rx,0,8,00,00,FE,FF,FE,FF,00,00,
31000,00000625,false,Rx,0,8,25,00,59,86,01,54,5C,06,
0,000002C4,false,Rx,0,8,03,08,00,00,9F,02,00,00,
0,000002C5,false,Rx,0,8,00,00,00,00,00,00,00,00,
62000,000002C6,false,Rx,0,8,32,00,7C,01,00,00,00,00,
92000,0000060D,false,Rx,0,8,0D,10,83,B6,09,20,70,00,
130000,00000625,false,Rx,0,8,25,00,59,86,01,54,5C,06,
191000,0000060D,false,Rx,0,8,0D,10,83,B6,09,20,70,00,
201000,00000054,false,Rx,0,8,00,00,FE,FF,D0,02,00,00,
202000,00000055,false,Rx,0,8,10,27,00,00,00,00,00,00,
202000,00000056,false,Rx,0,8,10,27,00,00,00,00,00,00,
202000,00000057,false,Rx,0,8,00,00,FE,FF,FE,FF,00,00,
230000,00000625,false,Rx,0,8,25,00,59,86,01,54,5C,06,
0,000002C4,false,Rx,0,8,03,08,00,00,9F,02,00,00,
0,000002C5,false,Rx,0,8,00,00,00,00,00,00,00,00,
283000,000002C6,false,Rx,0,8,32,00,7C,01,00,00,00,00,
292000,0000060D,false,Rx,0,8,0D,10,83,B6,09,20,70,00,
330000,00000625,false,Rx,0,8,25,00,59,86,01,54,5C,06,
392000,0000060D,false,Rx,0,8,0D,10,83,B6,09,20,70,00,
401000,00000054,false,Rx,0,8,00,00,FE,FF,D0,02,00,00,
401000,00000055,false,Rx,0,8,10,27,00,00,00,00,00,00,
401000,00000056,false,Rx,0,8,10,27,00,00,00,00,00,00,
401000,00000057,false,Rx,0,8,00,00,FE,FF,FE,FF,00,00,
431000,00000625,false,Rx,0,8,25,00,59,86,01,54,5C,06,
493000,0000060D,false,Rx,0,8,0D,10,83,B6,09,20,70,00,
0,000002C4,false,Rx,0,8,03,08,00,00,9F,02,00,00,
0,000002C5,false,Rx,0,8,00,00,00,00,00,00,00,00,
502000,000002C6,false,Rx,0,8,32,00,7C,01,00,00,00,00,
531000,00000625,false,Rx,0,8,25,00,59,86,01,54,5C,06,
593000,0000060D,false,Rx,0,8,0D,10,83,B6,09,20,70,00,
0,00000054,false,Rx,0,8,00,00,FE,FF,D0,02,00,00,
0,00000055,false,Rx,0,8,10,27,00,00,00,00,00,00,
601000,00000056,false,Rx,0,8,10,27,00,00,00,00,00,00,
602000,00000057,false,Rx,0,8,00,00,FE,FF,FE,FF,00,00,
631000,00000625,false,Rx,0,8,25,00,59,86,01,54,5C,06,
692000,0000060D,false,Rx,0,8,0D,10,83,B6,09,20,70,00,
722000,000002C4,false,Rx,0,8,03,08,00,00,9F,02,00,00,
722000,000002C5,false,Rx,0,8,00,00,00,00,00,00,00,00,
722000,000002C6,false,Rx,0,8,32,00,7C,01,00,00,00,00,
731000,00000625,false,Rx,0,8,25,00,59,86,01,54,5C,06,
792000,0000060D,false,Rx,0,8,0D,10,83,B6,09,20,70,00,
0,00000054,false,Rx,0,8,00,00,FE,FF,D0,02,00,00,
0,00000055,false,Rx,0,8,10,27,00,00,00,00,00,00,
0,00000056,false,Rx,0,8,10,27,00,00,00,00,00,00,
802000,00000057,false,Rx,0,8,00,00,FE,FF,FE,FF,00,00,
830000,00000625,false,Rx,0,8,25,00,59,86,01,54,5C,06,
892000,0000060D,false,Rx,0,8,0D,10,83,B6,09,20,70,00,
931000,00000625,false,Rx,0,8,25,00,59,86,01,54,5C,06,
0,000002C4,false,Rx,0,8,03,08,00,00,9F,02,00,00,
0,000002C5,false,Rx,0,8,00,00,00,00,00,00,00,00,
0,000002C6,false,Rx,0,8,32,00,7C,01,00,00,00,00,
992000,0000060D,false,Rx,0,8,0D,10,83,B6,09,20,70,00,
0,00000054,false,Rx,0,8,00,00,FE,FF,D0,02,00,00,
0,00000055,false,Rx,0,8,10,27,00,00,00,00,00,00,
0,00000056,false,Rx,0,8,10,27,00,00,00,00,00,00,
0,00000057,false,Rx,0,8,00,00,FE,FF,FE,FF,00,00,
30000,00000625,false,Rx,0,8,25,00,59,86,01,54,5C,06,
91000,0000060D,false,Rx,0,8,0D,10,83,B6,09,20,70,00,
131000,00000625,false,Rx,0,8,25,00,59,86,01,54,5C,06,
0,000002C4,false,Rx,0,8,03,08,00,00,9F,02,00,00,
0,000002C5,false,Rx,0,8,00,00,00,00,00,00,00,00,
162000,000002C6,false,Rx,0,8,32,00,7C,01,00,00,00,00,
191000,0000060D,false,Rx,0,8,0D,10,83,B6,09,20,70,00,
0,00000054,false,Rx,0,8,00,00,FE,FF,D0,02,00,00,
0,00000055,false,Rx,0,8,10,27,00,00,00,00,00,00,
202000,00000056,false,Rx,0,8,10,27,00,00,00,00,00,00,
203000,00000057,false,Rx,0,8,00,00,FE,FF,FE,FF,00,00,
231000,00000625,false,Rx,0,8,25,00,59,86,01,54,5C,06,
292000,0000060D,false,Rx,0,8,0D,10,83,B6,09,20,70,00,
330000,00000625,false,Rx,0,8,25,00,59,86,01,54,5C,06,
382000,000002C4,false,Rx,0,8,03,08,00,00,9F,02,00,00,
383000,000002C5,false,Rx,0,8,00,00,00,00,00,00,00,00,
383000,000002C6,false,Rx,0,8,32,00,7C,01,00,00,00,00,
393000,0000060D,false,Rx,0,8,0D,10,83,B6,09,20,70,00,
401000,00000054,false,Rx,0,8,00,00,FE,FF,D0,02,00,00,
401000,00000055,false,Rx,0,8,10,27,00,00,00,00,00,00,
401000,00000056,false,Rx,0,8,10,27,00,00,00,00,00,00,
402000,00000057,false,Rx,0,8,00,00,FE,FF,FE,FF,00,00,
431000,00000625,false,Rx,0,8,25,00,59,86,01,54,5C,06,
491000,0000060D,false,Rx,0,8,0D,10,83,B6,09,20,70,00,
531000,00000625,false,Rx,0,8,25,00,59,86,01,54,5C,06,
593000,0000060D,false,Rx,0,8,0D,10,83,B6,09,20,70,00,
0,00000054,false,Rx,0,8,00,00,FE,FF,D0,02,00,00,
0,00000055,false,Rx,0,8,10,27,00,00,00,00,00,00,
602000,00000056,false,Rx,0,8,10,27,00,00,00,00,00,00,
0,000002C4,false,Rx,0,8,03,08,00,00,9E,02,00,00,
0,00000057,false,Rx,0,8,00,00,FE,FF,FE,FF,00,00,
0,000002C5,false,Rx,0,8,00,00,00,00,00,00,00,00,
0,000002C6,false,Rx,0,8,32,00,7C,01,00,00,00,00,
631000,00000625,false,Rx,0,8,25,00,59,86,01,54,5C,06,
692000,0000060D,false,Rx,0,8,0D,10,83,B6,09,20,70,00,
731000,00000625,false,Rx,0,8,25,00,59,86,01,54,5C,06,
792000,0000060D,false,Rx,0,8,0D,10,83,B6,09,20,70,00,
0,00000054,false,Rx,0,8,00,00,FE,FF,D0,02,00,00,
0,00000055,false,Rx,0,8,10,27,00,00,00,00,00,00,
801000,00000056,false,Rx,0,8,10,27,00,00,00,00,00,00,
802000,00000057,false,Rx,0,8,00,00,FE,FF,FE,FF,00,00,
0,000002C4,false,Rx,0,8,03,08,00,00,9E,02,00,00,
0,000002C5,false,Rx,0,8,00,00,00,00,00,00,00,00,
0,000002C6,false,Rx,0,8,32,00,7C,01,00,00,00,00,
831000,00000625,false,Rx,0,8,25,00,59,86,01,54,5C,06,
892000,0000060D,false,Rx,0,8,0D,10,83,B6,09,20,70,00,
931000,00000625,false,Rx,0,8,25,00,59,86,01,54,5C,06,
992000,0000060D,false,Rx,0,8,0D,10,83,B6,09,20,70,00,
0,00000054,false,Rx,0,8,00,00,FE,FF,D0,02,00,00,
0,00000055,false,Rx,0,8,10,27,00,00,00,00,00,00,
0,00000056,false,Rx,0,8,10,27,00,00,00,00,00,00,
2000,00000057,false,Rx,0,8,00,00,FE,FF,FE,FF,00,00,
31000,00000625,false,Rx,0,8,25,00,59,86,01,54,5C,06,
41000,000002C4,false,Rx,0,8,03,08,00,00,9E,02,00,00,
43000,000002C5,false,Rx,0,8,00,00,00,00,00,00,00,00,
43000,000002C6,false,Rx,0,8,32,00,7C,01,00,00,00,00,
92000,0000060D,false,Rx,0,8,0D,10,83,B6,09,20,70,00,
130000,00000625,false,Rx,0,8,25,00,59,86,01,54,5C,06,
192000,0000060D,false,Rx,0,8,0D,10,83,B6,09,20,70,00,
201000,00000054,false,Rx,0,8,00,00,FE,FF,D0,02,00,00,
0,00000055,false,Rx,0,8,10,27,00,00,00,00,00,00,
0,00000056,false,Rx,0,8,10,27,00,00,00,00,00,00,
202000,00000057,false,Rx,0,8,00,00,FE,FF,FE,FF,00,00,
230000,00000625,false,Rx,0,8,25,00,59,86,01,54,5C,06,
262000,000002C4,false,Rx,0,8,03,08,00,00,9E,02,00,00,
262000,000002C5,false,Rx,0,8,00,00,00,00,00,00,00,00,
262000,000002C6,false,Rx,0,8,32,00,7C,01,00,00,00,00,
291000,0000060D,false,Rx,0,8,0D,10,83,B6,09,20,70,00,
331000,00000625,false,Rx,0,8,25,00,59,86,01,54,5C,06,
391000,0000060D,false,Rx,0,8,0D,10,83,B6,09,20,70,00,
401000,00000054,false,Rx,0,8,00,00,FE,FF,D0,02,00,00,
401000,00000055,false,Rx,0,8,10,27,00,00,00,00,00,00,
401000,00000056,false,Rx,0,8,10,27,00,00,00,00,00,00,
402000,00000057,false,Rx,0,8,00,00,FE,FF,FE,FF,00,00,
431000,00000625,false,Rx,0,8,25,00,59,86,01,54,5C,06,
482000,000002C4,false,Rx,0,8,03,08,00,00,9E,02,00,00,
482000,000002C5,false,Rx,0,8,00,00,00,00,00,00,00,00,
482000,000002C6,false,Rx,0,8,32,00,7C,01,00,00,00,00,
492000,0000060D,false,Rx,0,8,0D,10,83,B6,09,20,70,00,
532000,00000625,false,Rx,0,8,25,00,59,86,01,54,5C,06,
592000,0000060D,false,Rx,0,8,0D,10,83,B6,09,20,70,00,
601000,00000054,false,Rx,0,8,00,00,FE,FF,D0,02,00,00,
602000,00000055,false,Rx,0,8,10,27,00,00,00,00,00,00,
0,00000056,false,Rx,0,8,10,27,00,00,00,00,00,00,
0,00000057,false,Rx,0,8,00,00,FE,FF,FE,FF,00,00,
631000,00000625,false,Rx,0,8,25,00,59,86,01,54,5C,06,
692000,0000060D,false,Rx,0,8,0D,10,83,B6,09,20,70,00,
702000,000002C4,false,Rx,0,8,03,08,00,00,9E,02,00,00,
702000,000002C5,false,Rx,0,8,00,00,00,00,00,00,00,00,
703000,000002C6,false,Rx,0,8,32,00,7C,01,00,00,00,00,
731000,00000625,false,Rx,0,8,25,00,59,86,01,54,5C,06,
791000,0000060D,false,Rx,0,8,0D,10,83,B6,09,20,70,00,
802000,00000054,false,Rx,0,8,00,00,FE,FF,D0,02,00,00,
802000,00000055,false,Rx,0,8,10,27,00,00,00,00,00,00,
0,00000056,false,Rx,0,8,10,27,00,00,00,00,00,00,
0,00000057,false,Rx,0,8,00,00,FE,FF,FE,FF,00,00,
830000,00000625,false,Rx,0,8,25,00,59,86,01,54,5C,06,
892000,0000060D,false,Rx,0,8,0D,10,83,B6,09,20,70,00,
922000,000002C4,false,Rx,0,8,03,08,00,00,9E,02,00,00,
922000,000002C5,false,Rx,0,8,00,00,00,00,00,00,00,00,
923000,000002C6,false,Rx,0,8,32,00,7C,01,00,00,00,00,
930000,00000625,false,Rx,0,8,25,00,59,86,01,54,5C,06,
992000,0000060D,false,Rx,0,8,0D,10,83,B6,09,20,70,00,
1000,00000054,false,Rx,0,8,00,00,FE,FF,D0,02,00,00,
2000,00000055,false,Rx,0,8,10,27,00,00,00,00,00,00,
2000,00000056,false,Rx,0,8,10,27,00,00,00,00,00,00,
2000,00000057,false,Rx,0,8,00,00,FE,FF,FE,FF,00,00,
32000,00000625,false,Rx,0,8,25,00,59,86,01,54,5C,06,
92000,0000060D,false,Rx,0,8,0D,10,83,B6,09,20,70,00,
131000,00000625,false,Rx,0,8,25,00,59,86,01,54,5C,06,
0,000002C4,false,Rx,0,8,03,08,00,00,9D,02,00,00,
0,000002C5,false,Rx,0,8,00,00,00,00,00,00,00,00,
143000,000002C6,false,Rx,0,8,32,00,7C,01,00,00,00,00,
192000,0000060D,false,Rx,0,8,0D,10,83,B6,09,20,70,00,
201000,00000054,false,Rx,0,8,00,00,FE,FF,D0,02,00,00,
201000,00000055,false,Rx,0,8,10,27,00,00,00,00,00,00,
202000,00000056,false,Rx,0,8,10,27,00,00,00,00,00,00,
202000,00000057,false,Rx,0,8,00,00,FE,FF,FE,FF,00,00,
230000,00000625,false,Rx,0,8,25,00,59,86,01,54,5C,06,
292000,0000060D,false,Rx,0,8,0D,10,83,B6,09,20,70,00,
332000,00000625,false,Rx,0,8,25,00,59,86,01,54,5C,06,
0,000002C4,false,Rx,0,8,03,08,00,00,9D,02,00,00,
0,000002C5,false,Rx,0,8,00,00,00,00,00,00,00,00,
0,000002C6,false,Rx,0,8,32,00,7C,01,00,00,00,00,
393000,0000060D,false,Rx,0,8,0D,10,83,B6,09,20,70,00,
0,00000054,false,Rx,0,8,00,00,FE,FF,D0,02,00,00,
0,00000055,false,Rx,0,8,10,27,00,00,00,00,00,00,
402000,00000056,false,Rx,0,8,10,27,00,00,00,00,00,00,
402000,00000057,false,Rx,0,8,00,00,FE,FF,FE,FF,00,00,
431000,00000625,false,Rx,0,8,25,00,59,86,01,54,5C,06,
492000,0000060D,false,Rx,0,8,0D,10,83,B6,09,20,70,00,
531000,00000625,false,Rx,0,8,25,00,59,86,01,54,5C,06,
0,000002C4,false,Rx,0,8,03,08,00,00,9D,02,00,00,
0,000002C5,false,Rx,0,8,00,00,00,00,00,00,00,00,
583000,000002C6,false,Rx,0,8,32,00,7C,01,00,00,00,00,
591000,0000060D,false,Rx,0,8,0D,10,83,B6,09,20,70,00,
601000,00000054,false,Rx,0,8,00,00,FE,FF,D0,02,00,00,
601000,00000055,false,Rx,0,8,10,27,00,00,00,00,00,00,
602000,00000056,false,Rx,0,8,10,27,00,00,00,00,00,00,
602000,00000057,false,Rx,0,8,00,00,FE,FF,FE,FF,00,00,
631000,00000625,false,Rx,0,8,25,00,59,86,01,54,5C,06,
692000,0000060D,false,Rx,0,8,0D,10,83,B6,09,20,70,00,
731000,00000625,false,Rx,0,8,25,00,59,86,01,54,5C,06,
792000,0000060D,false,Rx,0,8,0D,10,83,B6,09,20,70,00,
801000,00000054,false,Rx,0,8,00,00,FE,FF,D0,02,00,00,
801000,00000055,false,Rx,0,8,10,27,00,00,00,00,00,00,
802000,00000056,false,Rx,0,8,10,27,00,00,00,00,00,00,
802000,000002C4,false,Rx,0,8,03,08,00,00,9D,02,00,00,
802000,00000057,false,Rx,0,8,00,00,FE,FF,FE,FF,00,00,
803000,000002C5,false,Rx,0,8,00,00,00,00,00,00,00,00,
803000,000002C6,false,Rx,0,8,32,00,7C,01,00,00,00,00,
830000,00000625,false,Rx,0,8,25,00,59,86,01,54,5C,06,
891000,0000060D,false,Rx,0,8,0D,10,83,B6,09,20,70,00,
931000,00000625,false,Rx,0,8,25,00,59,86,01,54,5C,06,
991000,0000060D,false,Rx,0,8,0D,10,83,B6,09,20,70,00,
0,00000054,false,Rx,0,8,00,00,FE,FF,D0,02,00,00,
0,00000055,false,Rx,0,8,10,27,00,00,00,00,00,00,
0,00000056,false,Rx,0,8,10,27,00,00,00,00,00,00,
0,00000057,false,Rx,0,8,00,00,FE,FF,FE,FF,00,00,
0,000002C4,false,Rx,0,8,03,08,00,00,9D,02,00,00,
0,000002C5,false,Rx,0,8,00,00,00,00,00,00,00,00,
0,000002C6,false,Rx,0,8,32,00,7C,01,00,00,00,00,
31000,00000625,false,Rx,0,8,25,00,59,86,01,54,5C,06,
92000,0000060D,false,Rx,0,8,0D,10,83,B6,09,20,70,00,
131000,00000625,false,Rx,0,8,25,00,59,86,01,54,5C,06,
192000,0000060D,false,Rx,0,8,0D,10,83,B6,09,20,70,00,
201000,00000054,false,Rx,0,8,00,00,FE,FF,D0,02,00,00,
201000,00000055,false,Rx,0,8,10,27,00,00,00,00,00,00,
201000,00000056,false,Rx,0,8,10,27,00,00,00,00,00,00,
202000,00000057,false,Rx,0,8,00,00,FE,FF,FE,FF,00,00,
231000,00000625,false,Rx,0,8,25,00,59,86,01,54,5C,06,
242000,000002C4,false,Rx,0,8,03,08,00,00,9D,02,00,00,
242000,000002C5,false,Rx,0,8,00,00,00,00,00,00,00,00,
243000,000002C6,false,Rx,0,8,32,00,7C,01,00,00,00,00,
291000,0000060D,false,Rx,0,8,0D,10,83,B6,09,20,70,00,
331000,00000625,false,Rx,0,8,25,00,59,86,01,54,5C,06,
391000,0000060D,false,Rx,0,8,0D,10,83,B6,09,20,70,00,
401000,00000054,false,Rx,0,8,00,00,FE,FF,D0,02,00,00,
401000,00000055,false,Rx,0,8,10,27,00,00,00,00,00,00,
402000,00000056,false,Rx,0,8,10,27,00,00,00,00,00,00,
402000,00000057,false,Rx,0,8,00,00,FE,FF,FE,FF,00,00,
431000,00000625,false,Rx,0,8,25,00,59,86,01,54,5C,06,
462000,000002C4,false,Rx,0,8,03,08,00,00,9D,02,00,00,
462000,000002C5,false,Rx,0,8,00,00,00,00,00,00,00,00,
463000,000002C6,false,Rx,0,8,32,00,7C,01,00,00,00,00,
492000,0000060D,false,Rx,0,8,0D,10,83,B6,09,20,70,00,
531000,00000625,false,Rx,0,8,25,00,59,86,01,54,5C,06,
592000,0000060D,false,Rx,0,8,0D,10,83,B6,09,20,70,00,
0,00000054,false,Rx,0,8,00,00,FE,FF,D0,02,00,00,
0,00000055,false,Rx,0,8,10,27,00,00,00,00,00,00,
602000,00000056,false,Rx,0,8,10,27,00,00,00,00,00,00,
602000,00000057,false,Rx,0,8,00,00,FE,FF,FE,FF,00,00,
630000,00000625,false,Rx,0,8,25,00,59,86,01,54,5C,06,
682000,000002C4,false,Rx,0,8,03,08,00,00,9D,02,00,00,
682000,000002C5,false,Rx,0,8,00,00,00,00,00,00,00,00,
682000,000002C6,false,Rx,0,8,32,00,7C,01,00,00,00,00,
692000,0000060D,false,Rx,0,8,0D,10,83,B6,09,20,70,00,
731000,00000625,false,Rx,0,8,25,00,59,86,01,54,5C,06,
792000,0000060D,false,Rx,0,8,0D,10,83,B6,09,20,70,00,
0,00000054,false,Rx,0,8,00,00,FE,FF,D0,02,00,00,
0,00000055,false,Rx,0,8,10,27,00,00,00,00,00,00,
0,00000056,false,Rx,0,8,10,27,00,00,00,00,00,00,
0,00000057,false,Rx,0,8,00,00,FE,FF,FE,FF,00,00,
831000,00000625,false,Rx,0,8,25,00,59,86,01,54,5C,06,
892000,0000060D,false,Rx,0,8,0D,10,83,B6,09,20,70,00,
0,000002C4,false,Rx,0,8,03,08,00,00,9D,02,00,00,
0,000002C5,false,Rx,0,8,00,00,00,00,00,00,00,00,
902000,000002C6,false,Rx,0,8,32,00,7C,01,00,00,00,00,
931000,00000625,false,Rx,0,8,25,00,59,86,01,54,5C,06,
992000,0000060D,false,Rx,0,8,0D,10,83,B6,09,20,70,00,
1000,00000054,false,Rx,0,8,00,00,FE,FF,D0,02,00,00,
1000,00000055,false,Rx,0,8,10,27,00,00,00,00,00,00,
1000,00000056,false,Rx,0,8,10,27,00,00,00,00,00,00,
1000,00000057,false,Rx,0,8,00,00,FE,FF,FE,FF,00,00,
31000,00000625,false,Rx,0,8,25,00,59,86,01,54,5C,06,
92000,0000060D,false,Rx,0,8,0D,10,83,B6,09,20,70,00,
122000,000002C4,false,Rx,0,8,03,08,00,00,9C,02,00,00,
122000,000002C5,false,Rx,0,8,00,00,00,00,00,00,00,00,
123000,000002C6,false,Rx,0,8,32,00,7C,01,00,00,00,00,
131000,00000625,false,Rx,0,8,25,00,59,86,01,54,5C,06,
192000,0000060D,false,Rx,0,8,0D,10,83,B6,09,20,70,00,
201000,00000054,false,Rx,0,8,00,00,FE,FF,D0,02,00,00,
201000,00000055,false,Rx,0,8,10,27,00,00,00,00,00,00,
201000,00000056,false,Rx,0,8,10,27,00,00,00,00,00,00,
202000,00000057,false,Rx,0,8,00,00,FE,FF,FE,FF,00,00,
231000,00000625,false,Rx,0,8,25,00,59,86,01,54,5C,06,
292000,0000060D,false,Rx,0,8,0D,10,83,B6,09,20,70,00,
330000,00000625,false,Rx,0,8,25,00,59,86,01,54,5C,06,
342000,000002C4,false,Rx,0,8,03,08,00,00,9C,02,00,00,
342000,000002C5,false,Rx,0,8,00,00,00,00,00,00,00,00,
342000,000002C6,false,Rx,0,8,32,00,7C,01,00,00,00,00,
391000,0000060D,false,Rx,0,8,0D,10,83,B6,09,20,70,00,
401000,00000054,false,Rx,0,8,00,00,FE,FF,D0,02,00,00,
401000,00000055,false,Rx,0,8,10,27,00,00,00,00,00,00,
402000,00000056,false,Rx,0,8,10,27,00,00,00,00,00,00,
402000,00000057,false,Rx,0,8,00,00,FE,FF,FE,FF,00,00,
431000,00000625,false,Rx,0,8,25,00,59,86,01,54,5C,06,
491000,0000060D,false,Rx,0,8,0D,10,83,B6,09,20,70,00,
532000,00000625,false,Rx,0,8,25,00,59,86,01,54,5C,06,
562000,000002C4,false,Rx,0,8,03,08,00,00,9C,02,00,00,
562000,000002C5,false,Rx,0,8,00,00,00,00,00,00,00,00,
563000,000002C6,false,Rx,0,8,32,00,7C,01,00,00,00,00,
592000,0000060D,false,Rx,0,8,0D,10,83,B6,09,20,70,00,
0,00000054,false,Rx,0,8,00,00,FE,FF,D0,02,00,00,
0,00000055,false,Rx,0,8,10,27,00,00,00,00,00,00,
0,00000056,false,Rx,0,8,10,27,00,00,00,00,00,00,
0,00000057,false,Rx,0,8,00,00,FE,FF,FE,FF,00,00,
631000,00000625,false,Rx,0,8,25,00,59,86,01,54,5C,06,
693000,0000060D,false,Rx,0,8,0D,10,83,B6,09,20,70,00,
731000,00000625,false,Rx,0,8,25,00,59,86,01,54,5C,06,
782000,000002C4,false,Rx,0,8,03,08,00,00,9C,02,00,00,
782000,000002C5,false,Rx,0,8,00,00,00,00,00,00,00,00,
783000,000002C6,false,Rx,0,8,32,00,7C,01,00,00,00,00,
791000,0000060D,false,Rx,0,8,0D,10,83,B6,09,20,70,00,
801000,00000054,false,Rx,0,8,00,00,FE,FF,D0,02,00,00,
801000,00000055,false,Rx,0,8,10,27,00,00,00,00,00,00,
802000,00000056,false,Rx,0,8,10,27,00,00,00,00,00,00,
802000,00000057,false,Rx,0,8,00,00,FE,FF,FE,FF,00,00,
831000,00000625,false,Rx,0,8,25,00,59,86,01,54,5C,06,
892000,0000060D,false,Rx,0,8,0D,10,83,B6,09,20,70,00,
930000,00000625,false,Rx,0,8,25,00,59,86,01,54,5C,06,
1000,00000054,false,Rx,0,8,00,00,FE,FF,D0,02,00,00,
1000,00000055,false,Rx,0,8,10,27,00,00,00,00,00,00,
2000,00000056,false,Rx,0,8,10,27,00,00,00,00,00,00,
2000,00000057,false,Rx,0,8,00,00,FE,FF,FE,FF,00,00,
2000,000002C4,false,Rx,0,8,03,08,00,00,9C,02,00,00,
2000,000002C5,false,Rx,0,8,00,00,00,00,00,00,00,00,
3000,000002C6,false,Rx,0,8,32,00,7C,01,00,00,00,00,
31000,00000625,false,Rx,0,8,25,00,59,86,01,54,5C,06,
131000,00000625,false,Rx,0,8,25,00,59,86,01,54,5C,06,
201000,00000054,false,Rx,0,8,00,00,FE,FF,D0,02,00,00,
201000,00000055,false,Rx,0,8,10,27,00,00,00,00,00,00,
202000,00000056,false,Rx,0,8,10,27,00,00,00,00,00,00,
202000,00000057,false,Rx,0,8,00,00,FE,FF,FE,FF,00,00,
0,000002C4,false,Rx,0,8,03,08,00,00,9B,02,00,00,
0,000002C5,false,Rx,0,8,00,00,00,00,00,00,00,00,
222000,000002C6,false,Rx,0,8,32,00,7C,01,00,00,00,00,
231000,00000625,false,Rx,0,8,25,00,59,86,01,54,5C,06,
331000,00000625,false,Rx,0,8,25,00,59,86,01,54,5C,06,
401000,00000054,false,Rx,0,8,00,00,FE,FF,D0,02,00,00,
402000,00000055,false,Rx,0,8,10,27,00,00,00,00,00,00,
402000,00000056,false,Rx,0,8,10,27,00,00,00,00,00,00,
402000,00000057,false,Rx,0,8,00,00,FE,FF,FE,FF,00,00,
431000,00000625,false,Rx,0,8,25,00,59,86,01,54,5C,06,
442000,000002C4,false,Rx,0,8,03,08,00,00,9B,02,00,00,
442000,000002C5,false,Rx,0,8,00,00,00,00,00,00,00,00,
442000,000002C6,false,Rx,0,8,32,00,7C,01,00,00,00,00,
531000,00000625,false,Rx,0,8,25,00,59,86,01,54,5C,06,
601000,00000054,false,Rx,0,8,00,00,FE,FF,D0,02,00,00,
0,00000055,false,Rx,0,8,10,27,00,00,00,00,00,00,
0,00000056,false,Rx,0,8,10,27,00,00,00,00,00,00,
602000,00000057,false,Rx,0,8,00,00,FE,FF,FE,FF,00,00,
631000,00000625,false,Rx,0,8,25,00,59,86,01,54,5C,06,
662000,000002C4,false,Rx,0,8,03,08,00,00,9B,02,00,00,
662000,000002C5,false,Rx,0,8,00,00,00,00,00,00,00,00,
662000,000002C6,false,Rx,0,8,32,00,7C,01,00,00,00,00,
731000,00000625,false,Rx,0,8,25,00,59,86,01,54,5C,06,
0,00000054,false,Rx,0,8,00,00,FE,FF,D0,02,00,00,
0,00000055,false,Rx,0,8,10,27,00,00,00,00,00,00,
802000,00000056,false,Rx,0,8,10,27,00,00,00,00,00,00,
802000,00000057,false,Rx,0,8,00,00,FE,FF,FE,FF,00,00,
831000,00000625,false,Rx,0,8,25,00,59,86,01,54,5C,06,
0,000002C4,false,Rx,0,8,03,08,00,00,9B,02,00,00,
0,000002C5,false,Rx,0,8,00,00,00,00,00,00,00,00,
0,000002C6,false,Rx,0,8,32,00,7C,01,00,00,00,00,
931000,00000625,false,Rx,0,8,25,00,59,86,01,54,5C,06,
0,00000054,false,Rx,0,8,00,00,FE,FF,D0,02,00,00,
0,00000055,false,Rx,0,8,10,27,00,00,00,00,00,00,
2000,00000056,false,Rx,0,8,10,27,00,00,00,00,00,00,
2000,00000057,false,Rx,0,8,00,00,FE,FF,FE,FF,00,00,
31000,00000625,false,Rx,0,8,25,00,59,86,01,54,5C,06,
0,000002C4,false,Rx,0,8,03,08,00,00,9B,02,00,00,
0,000002C5,false,Rx,0,8,00,00,00,00,00,00,00,00,
0,000002C6,false,Rx,0,8,32,00,7C,01,00,00,00,00,
131000,00000625,false,Rx,0,8,25,00,59,86,01,54,5C,06,
0,00000054,false,Rx,0,8,00,00,FE,FF,D0,02,00,00,
0,00000055,false,Rx,0,8,10,27,00,00,00,00,00,00,
0,00000056,false,Rx,0,8,10,27,00,00,00,00,00,00,
203000,00000057,false,Rx,0,8,00,00,FE,FF,FE,FF,00,00,
231000,00000625,false,Rx,0,8,25,00,59,86,01,54,5C,06,
0,000002C4,false,Rx,0,8,03,08,00,00,9B,02,00,00,
0,000002C5,false,Rx,0,8,00,00,00,00,00,00,00,00,
0,000002C6,false,Rx,0,8,32,00,7C,01,00,00,00,00,
331000,00000625,false,Rx,0,8,25,00,59,86,01,54,5C,06,
0,00000054,false,Rx,0,8,00,00,FE,FF,D0,02,00,00,
0,00000055,false,Rx,0,8,10,27,00,00,00,00,00,00,
0,00000056,false,Rx,0,8,10,27,00,00,00,00,00,00,
402000,00000057,false,Rx,0,8,00,00,FE,FF,FE,FF,00,00,
432000,00000625,false,Rx,0,8,25,00,59,86,01,54,5C,06,
532000,00000625,false,Rx,0,8,25,00,59,86,01,54,5C,06,
542000,000002C4,false,Rx,0,8,03,08,00,00,9B,02,00,00,
542000,000002C5,false,Rx,0,8,00,00,00,00,00,00,00,00,
543000,000002C6,false,Rx,0,8,32,00,7C,01,00,00,00,00,
601000,00000054,false,Rx,0,8,00,00,FE,FF,D0,02,00,00,
601000,00000055,false,Rx,0,8,10,27,00,00,00,00,00,00,
601000,00000056,false,Rx,0,8,10,27,00,00,00,00,00,00,
602000,00000057,false,Rx,0,8,00,00,FE,FF,FE,FF,00,00,
631000,00000625,false,Rx,0,8,25,00,59,86,01,54,5C,06,
731000,00000625,false,Rx,0,8,25,00,59,86,01,54,5C,06,
0,000002C4,false,Rx,0,8,03,08,00,00,9B,02,00,00,
0,000002C5,false,Rx,0,8,00,00,00,00,00,00,00,00,
0,000002C6,false,Rx,0,8,32,00,7C,01,00,00,00,00,
0,00000054,false,Rx,0,8,00,00,FE,FF,D0,02,00,00,
0,00000055,false,Rx,0,8,10,27,00,00,00,00,00,00,
0,00000056,false,Rx,0,8,10,27,00,00,00,00,00,00,
0,00000057,false,Rx,0,8,00,00,FE,FF,FE,FF,00,00,
831000,00000625,false,Rx,0,8,25,00,59,86,01,54,5C,06,
931000,00000625,false,Rx,0,8,25,00,59,86,01,54,5C,06,
982000,000002C4,false,Rx,0,8,03,08,00,00,9B,02,00,00,
0,000002C5,false,Rx,0,8,00,00,00,00,00,00,00,00,
0,000002C6,false,Rx,0,8,32,00,7C,01,00,00,00,00,
0,00000054,false,Rx,0,8,00,00,FE,FF,D0,02,00,00,
0,00000055,false,Rx,0,8,10,27,00,00,00,00,00,00,
2000,00000056,false,Rx,0,8,10,27,00,00,00,00,00,00,
3000,00000057,false,Rx,0,8,00,00,FE,FF,FE,FF,00,00,
31000,00000625,false,Rx,0,8,25,00,59,86,01,54,5C,06,
131000,00000625,false,Rx,0,8,25,00,59,86,01,54,5C,06,
201000,00000054,false,Rx,0,8,00,00,FE,FF,D0,02,00,00,
201000,00000055,false,Rx,0,8,10,27,00,00,00,00,00,00,
202000,00000056,false,Rx,0,8,10,27,00,00,00,00,00,00,
0,00000057,false,Rx,0,8,00,00,FE,FF,FE,FF,00,00,
0,000002C4,false,Rx,0,8,03,08,00,00,9B,02,00,00,
0,000002C5,false,Rx,0,8,00,00,00,00,00,00,00,00,
0,000002C6,false,Rx,0,8,32,00,7C,01,00,00,00,00,
231000,00000625,false,Rx,0,8,25,00,59,86,01,54,5C,06,
331000,00000625,false,Rx,0,8,25,00,59,86,01,54,5C,06,
401000,00000054,false,Rx,0,8,00,00,FE,FF,D0,02,00,00,
401000,00000055,false,Rx,0,8,10,27,00,00,00,00,00,00,
0,00000056,false,Rx,0,8,10,27,00,00,00,00,00,00,
0,00000057,false,Rx,0,8,00,00,FE,FF,FE,FF,00,00,
0,000002C4,false,Rx,0,8,03,08,00,00,9B,02,00,00,
0,000002C5,false,Rx,0,8,00,00,00,00,00,00,00,00,
422000,000002C6,false,Rx,0,8,32,00,7C,01,00,00,00,00,
431000,00000625,false,Rx,0,8,25,00,59,86,01,54,5C,06,
531000,00000625,false,Rx,0,8,25,00,59,86,01,54,5C,06,
602000,00000054,false,Rx,0,8,00,00,FE,FF,D0,02,00,00,
602000,00000055,false,Rx,0,8,10,27,00,00,00,00,00,00,
0,00000056,false,Rx,0,8,10,27,00,00,00,00,00,00,
0,00000057,false,Rx,0,8,00,00,FE,FF,FE,FF,00,00,
631000,00000625,false,Rx,0,8,25,00,59,86,01,54,5C,06,
0,000002C4,false,Rx,0,8,03,08,00,00,9A,02,00,00,
0,000002C5,false,Rx,0,8,00,00,00,00,00,00,00,00,
643000,000002C6,false,Rx,0,8,32,00,7C,01,00,00,00,00,
731000,00000625,false,Rx,0,8,25,00,59,86,01,54,5C,06,
801000,00000054,false,Rx,0,8,00,00,FE,FF,D0,02,00,00,
801000,00000055,false,Rx,0,8,10,27,00,00,00,00,00,00,
802000,00000056,false,Rx,0,8,10,27,00,00,00,00,00,00,
802000,00000057,false,Rx,0,8,00,00,FE,FF,FE,FF,00,00,
831000,00000625,false,Rx,0,8,25,00,59,86,01,54,5C,06,
0,000002C4,false,Rx,0,8,03,08,00,00,9A,02,00,00,
0,000002C5,false,Rx,0,8,00,00,00,00,00,00,00,00,
862000,000002C6,false,Rx,0,8,32,00,7C,01,00,00,00,00,
931000,00000625,false,Rx,0,8,25,00,59,86,01,54,5C,06,
0,00000054,false,Rx,0,8,00,00,FE,FF,D0,02,00,00,
0,00000055,false,Rx,0,8,10,27,00,00,00,00,00,00,
0,00000056,false,Rx,0,8,10,27,00,00,00,00,00,00,
3000,00000057,false,Rx,0,8,00,00,FE,FF,FE,FF,00,00,
31000,00000625,false,Rx,0,8,25,00,59,86,01,54,5C,06,
0,000002C4,false,Rx,0,8,03,08,00,00,9A,02,00,00,
0,000002C5,false,Rx,0,8,00,00,00,00,00,00,00,00,
82000,000002C6,false,Rx,0,8,32,00,7C,01,00,00,00,00,
131000,00000625,false,Rx,0,8,25,00,59,86,01,54,5C,06,
201000,00000054,false,Rx,0,8,00,00,FE,FF,D0,02,00,00,
202000,00000055,false,Rx,0,8,10,27,00,00,00,00,00,00,
202000,00000056,false,Rx,0,8,10,27,00,00,00,00,00,00,
202000,00000057,false,Rx,0,8,00,00,FE,FF,FE,FF,00,00,
231000,00000625,false,Rx,0,8,25,00,59,86,01,54,5C,06,
302000,000002C4,false,Rx,0,8,03,08,00,00,9A,02,00,00,
302000,000002C5,false,Rx,0,8,00,00,00,00,00,00,00,00,
302000,000002C6,false,Rx,0,8,32,00,7C,01,00,00,00,00,
331000,00000625,false,Rx,0,8,25,00,59,86,01,54,5C,06,
402000,00000054,false,Rx,0,8,00,00,FE,FF,D0,02,00,00,
402000,00000055,false,Rx,0,8,10,27,00,00,00,00,00,00,
402000,00000056,false,Rx,0,8,10,27,00,00,00,00,00,00,
402000,00000057,false,Rx,0,8,00,00,FE,FF,FE,FF,00,00,
430000,00000625,false,Rx,0,8,25,00,59,86,01,54,5C,06,
522000,000002C4,false,Rx,0,8,03,08,00,00,9A,02,00,00,
522000,000002C5,false,Rx,0,8,00,00,00,00,00,00,00,00,
523000,000002C6,false,Rx,0,8,32,00,7C,01,00,00,00,00,
531000,00000625,false,Rx,0,8,25,00,59,86,01,54,5C,06,
0,00000054,false,Rx,0,8,00,00,FE,FF,D0,02,00,00,
0,00000055,false,Rx,0,8,10,27,00,00,00,00,00,00,
0,00000056,false,Rx,0,8,10,27,00,00,00,00,00,00,
0,00000057,false,Rx,0,8,00,00,FE,FF,FE,FF,00,00,
631000,00000625,false,Rx,0,8,25,00,59,86,01,54,5C,06,
731000,00000625,false,Rx,0,8,25,00,59,86,01,54,5C,06,
742000,000002C4,false,Rx,0,8,03,08,00,00,9A,02,00,00,
742000,000002C5,false,Rx,0,8,00,00,00,00,00,00,00,00,
743000,000002C6,false,Rx,0,8,32,00,7C,01,00,00,00,00,
801000,00000054,false,Rx,0,8,00,00,FE,FF,D0,02,00,00,
801000,00000055,false,Rx,0,8,10,27,00,00,00,00,00,00,
0,00000056,false,Rx,0,8,10,27,00,00,00,00,00,00,
0,00000057,false,Rx,0,8,00,00,FE,FF,FE,FF,00,00,
831000,00000625,false,Rx,0,8,25,00,59,86,01,54,5C,06,
932000,00000625,false,Rx,0,8,25,00,59,86,01,54,5C,06,
962000,000002C4,false,Rx,0,8,03,08,00,00,9A,02,00,00,
962000,000002C5,false,Rx,0,8,00,00,00,00,00,00,00,00,
962000,000002C6,false,Rx,0,8,32,00,7C,01,00,00,00,00,
0,00000054,false,Rx,0,8,00,00,FE,FF,D0,02,00,00,
0,00000055,false,Rx,0,8,10,27,00,00,00,00,00,00,
2000,00000056,false,Rx,0,8,10,27,00,00,00,00,00,00,
2000,00000057,false,Rx,0,8,00,00,FE,FF,FE,FF,00,00,
32000,00000625,false,Rx,0,8,25,00,59,86,01,54,5C,06,
130000,00000625,false,Rx,0,8,25,00,59,86,01,54,5C,06,
0,000002C4,false,Rx,0,8,03,08,00,00,9A,02,00,00,
0,000002C5,false,Rx,0,8,00,00,00,00,00,00,00,00,
183000,000002C6,false,Rx,0,8,32,00,7C,01,00,00,00,00,
0,00000054,false,Rx,0,8,00,00,FE,FF,D0,02,00,00,
0,00000055,false,Rx,0,8,10,27,00,00,00,00,00,00,
0,00000056,false,Rx,0,8,10,27,00,00,00,00,00,00,
0,00000057,false,Rx,0,8,00,00,FE,FF,FE,FF,00,00,
231000,00000625,false,Rx,0,8,25,00,59,86,01,54,5C,06,
331000,00000625,false,Rx,0,8,25,00,59,86,01,54,5C,06,
401000,00000054,false,Rx,0,8,00,00,FE,FF,D0,02,00,00,
401000,00000055,false,Rx,0,8,10,27,00,00,00,00,00,00,
401000,00000056,false,Rx,0,8,10,27,00,00,00,00,00,00,
0,00000057,false,Rx,0,8,00,00,FE,FF,FE,FF,00,00,
0,000002C4,false,Rx,0,8,03,08,00,00,9A,02,00,00,
0,000002C5,false,Rx,0,8,00,00,00,00,00,00,00,00,
0,000002C6,false,Rx,0,8,32,00,7C,01,00,00,00,00,
601000,00000054,false,Rx,0,8,00,00,FE,FF,D0,02,00,00,
601000,00000055,false,Rx,0,8,10,27,00,00,00,00,00,00,
0,00000056,false,Rx,0,8,10,27,00,00,00,00,00,00,
0,00000057,false,Rx,0,8,00,00,FE,FF,FE,FF,00,00,
622000,000002C4,false,Rx,0,8,03,08,00,00,9A,02,00,00,
622000,000002C5,false,Rx,0,8,00,00,00,00,00,00,00,00,
623000,000002C6,false,Rx,0,8,32,00,7C,01,00,00,00,00,
801000,00000054,false,Rx,0,8,00,00,FE,FF,D0,02,00,00,
801000,00000055,false,Rx,0,8,10,27,00,00,00,00,00,00,
801000,00000056,false,Rx,0,8,10,27,00,00,00,00,00,00,
802000,00000057,false,Rx,0,8,00,00,FE,FF,FE,FF,00,00,
0,000002C4,false,Rx,0,8,03,08,00,00,9A,02,00,00,
0,000002C5,false,Rx,0,8,00,00,00,00,00,00,00,00,
0,000002C6,false,Rx,0,8,32,00,7C,01,00,00,00,00,
2000,00000054,false,Rx,0,8,00,00,FE,FF,D1,02,00,00,
0,00000055,false,Rx,0,8,10,27,00,00,00,00,00,00,
0,00000056,false,Rx,0,8,10,27,00,00,00,00,00,00,
3000,00000057,false,Rx,0,8,00,00,FE,FF,FE,FF,00,00,
3000,00000065,false,Rx,0,8,D1,02,01,00,00,00,00,00,
12000,0000060D,false,Rx,0,8,0D,10,83,B6,09,20,70,00,
63000,000002C4,false,Rx,0,8,03,08,00,00,9A,02,00,00,
63000,000002C5,false,Rx,0,8,00,00,00,00,00,00,00,00,
63000,000002C6,false,Rx,0,8,32,00,7C,01,00,00,00,00,
112000,0000060D,false,Rx,0,8,0D,10,83,B6,09,20,70,00,
152000,00000065,false,Rx,0,8,D1,02,01,00,00,00,00,00,
202000,00000054,false,Rx,0,8,00,00,FE,FF,D1,02,00,00,
202000,00000055,false,Rx,0,8,10,27,00,00,00,00,00,00,
202000,00000056,false,Rx,0,8,10,27,00,00,00,00,00,00,
203000,00000057,false,Rx,0,8,00,00,FE,FF,FE,FF,00,00,
205000,00000625,false,Rx,0,8,25,00,59,86,01,54,5C,06,
212000,0000060D,false,Rx,0,8,0D,10,83,B6,09,20,70,00,
0,000002C4,false,Rx,0,8,03,08,00,00,9A,02,00,00,
0,000002C5,false,Rx,0,8,00,00,00,00,00,00,00,00,
283000,000002C6,false,Rx,0,8,32,00,7C,01,00,00,00,00,
302000,00000065,false,Rx,0,8,D1,02,01,00,00,00,00,00,
305000,00000625,false,Rx,0,8,25,00,59,86,01,54,5C,06,
312000,0000060D,false,Rx,0,8,0D,10,83,B6,09,20,70,00,
401000,00000054,false,Rx,0,8,00,00,FE,FF,D1,02,00,00,
402000,00000055,false,Rx,0,8,10,27,00,00,00,00,00,00,
402000,00000056,false,Rx,0,8,10,27,00,00,00,00,00,00,
402000,00000057,false,Rx,0,8,00,00,FE,FF,FE,FF,00,00,
405000,00000625,false,Rx,0,8,25,00,59,86,01,54,5C,06,
412000,0000060D,false,Rx,0,8,0D,10,83,B6,09,20,70,00,
451000,00000065,false,Rx,0,8,D1,02,01,00,00,00,00,00,
0,000002C4,false,Rx,0,8,03,08,00,00,9A,02,00,00,
0,000002C5,false,Rx,0,8,00,00,00,00,00,00,00,00,
503000,000002C6,false,Rx,0,8,32,00,7C,01,00,00,00,00,
505000,00000625,false,Rx,0,8,25,00,59,86,01,54,5C,06,
512000,0000060D,false,Rx,0,8,0D,10,83,B6,09,20,70,00,
601000,00000054,false,Rx,0,8,00,00,FE,FF,D1,02,00,00,
601000,00000055,false,Rx,0,8,10,27,00,00,00,00,00,00,
602000,00000056,false,Rx,0,8,10,27,00,00,00,00,00,00,
602000,00000057,false,Rx,0,8,00,00,FE,FF,FE,FF,00,00,
605000,00000625,false,Rx,0,8,25,00,59,86,01,54,5C,06,
612000,0000060D,false,Rx,0,8,0D,10,83,B6,09,20,70,00,
706000,00000625,false,Rx,0,8,25,00,59,86,01,54,5C,06,
713000,0000060D,false,Rx,0,8,0D,10,83,B6,09,20,70,00,
0,000002C4,false,Rx,0,8,03,08,00,00,9A,02,00,00,
0,000002C5,false,Rx,0,8,00,00,00,00,00,00,00,00,
724000,000002C6,false,Rx,0,8,32,00,7C,01,00,00,00,00,
0,00000054,false,Rx,0,8,00,00,FE,FF,D1,02,00,00,
0,00000055,false,Rx,0,8,10,27,00,00,00,00,00,00,
802000,00000056,false,Rx,0,8,10,27,00,00,00,00,00,00,
803000,00000057,false,Rx,0,8,00,00,FE,FF,FE,FF,00,00,
806000,00000625,false,Rx,0,8,25,00,59,86,01,54,5C,06,
812000,0000060D,false,Rx,0,8,0D,10,83,B6,09,20,70,00,
905000,00000625,false,Rx,0,8,25,00,59,86,01,54,5C,06,
912000,0000060D,false,Rx,0,8,0D,10,83,B6,09,20,70,00,
0,000002C4,false,Rx,0,8,03,08,00,00,9A,02,00,00,
0,000002C5,false,Rx,0,8,00,00,00,00,00,00,00,00,
943000,000002C6,false,Rx,0,8,32,00,7C,01,00,00,00,00,
1000,00000054,false,Rx,0,8,00,00,FE,FF,D1,02,00,00,
1000,00000055,false,Rx,0,8,10,27,00,00,00,00,00,00,
0,00000056,false,Rx,0,8,10,27,00,00,00,00,00,00,
0,00000057,false,Rx,0,8,00,00,FE,FF,FE,FF,00,00,
5000,00000625,false,Rx,0,8,25,00,59,86,01,54,5C,06,
105000,00000625,false,Rx,0,8,25,00,59,86,01,54,5C,06,
0,000002C4,false,Rx,0,8,03,08,00,00,9A,02,00,00,
0,000002C5,false,Rx,0,8,00,00,00,00,00,00,00,00,
164000,000002C6,false,Rx,0,8,32,00,7C,01,00,00,00,00,
0,00000054,false,Rx,0,8,00,00,FE,FF,D1,02,00,00,
0,00000055,false,Rx,0,8,10,27,00,00,00,00,00,00,
201000,00000056,false,Rx,0,8,10,27,00,00,00,00,00,00,
201000,00000057,false,Rx,0,8,00,00,FE,FF,FE,FF,00,00,
205000,00000625,false,Rx,0,8,25,00,59,86,01,54,5C,06,
305000,00000625,false,Rx,0,8,25,00,59,86,01,54,5C,06,
382000,000002C4,false,Rx,0,8,03,08,00,00,9A,02,00,00,
382000,000002C5,false,Rx,0,8,00,00,00,00,00,00,00,00,
382000,000002C6,false,Rx,0,8,32,00,7C,01,00,00,00,00,
0,00000054,false,Rx,0,8,00,00,FE,FF,D1,02,00,00,
0,00000055,false,Rx,0,8,10,27,00,00,00,00,00,00,
401000,00000056,false,Rx,0,8,10,27,00,00,00,00,00,00,
402000,00000057,false,Rx,0,8,00,00,FE,FF,FE,FF,00,00,
405000,00000625,false,Rx,0,8,25,00,59,86,01,54,5C,06,
505000,00000625,false,Rx,0,8,25,00,59,86,01,54,5C,06,
0,00000054,false,Rx,0,8,00,00,FE,FF,D1,02,00,00,
0,00000055,false,Rx,0,8,10,27,00,00,00,00,00,00,
601000,00000056,false,Rx,0,8,10,27,00,00,00,00,00,00,
602000,00000057,false,Rx,0,8,00,00,FE,FF,FE,FF,00,00,
602000,000002C4,false,Rx,0,8,03,08,00,00,99,02,00,00,
602000,000002C5,false,Rx,0,8,00,00,00,00,00,00,00,00,
602000,000002C6,false,Rx,0,8,32,00,7C,01,00,00,00,00,
605000,00000625,false,Rx,0,8,25,00,59,86,01,54,5C,06,
704000,00000625,false,Rx,0,8,25,00,59,86,01,54,5C,06,
0,00000054,false,Rx,0,8,00,00,FE,FF,D1,02,00,00,
0,00000055,false,Rx,0,8,10,27,00,00,00,00,00,00,
0,00000056,false,Rx,0,8,10,27,00,00,00,00,00,00,
802000,00000057,false,Rx,0,8,00,00,FE,FF,FE,FF,00,00,
805000,00000625,false,Rx,0,8,25,00,59,86,01,54,5C,06,
0,000002C4,false,Rx,0,8,03,08,00,00,99,02,00,00,
0,000002C5,false,Rx,0,8,00,00,00,00,00,00,00,00,
823000,000002C6,false,Rx,0,8,32,00,7C,01,00,00,00,00,
906000,00000625,false,Rx,0,8,25,00,59,86,01,54,5C,06,
0,00000054,false,Rx,0,8,00,00,FE,FF,D1,02,00,00,
0,00000055,false,Rx,0,8,10,27,00,00,00,00,00,00,
0,00000056,false,Rx,0,8,10,27,00,00,00,00,00,00,
0,00000057,false,Rx,0,8,00,00,FE,FF,FE,FF,00,00,
5000,00000625,false,Rx,0,8,25,00,59,86,01,54,5C,06,
0,000002C4,false,Rx,0,8,03,08,00,00,99,02,00,00,
0,000002C5,false,Rx,0,8,00,00,00,00,00,00,00,00,
44000,000002C6,false,Rx,0,8,32,00,7C,01,00,00,00,00,
105000,00000625,false,Rx,0,8,25,00,59,86,01,54,5C,06,
0,00000054,false,Rx,0,8,00,00,FE,FF,D1,02,00,00,
0,00000055,false,Rx,0,8,10,27,00,00,00,00,00,00,
0,00000056,false,Rx,0,8,10,27,00,00,00,00,00,00,
202000,00000057,false,Rx,0,8,00,00,FE,FF,FE,FF,00,00,
205000,00000625,false,Rx,0,8,25,00,59,86,01,54,5C,06,
0,000002C4,false,Rx,0,8,03,08,00,00,99,02,00,00,
0,000002C5,false,Rx,0,8,00,00,00,00,00,00,00,00,
0,000002C6,false,Rx,0,8,32,00,7C,01,00,00,00,00,
305000,00000625,false,Rx,0,8,25,00,59,86,01,54,5C,06,
401000,00000054,false,Rx,0,8,00,00,FE,FF,D1,02,00,00,
401000,00000055,false,Rx,0,8,10,27,00,00,00,00,00,00,
401000,00000056,false,Rx,0,8,10,27,00,00,00,00,00,00,
402000,00000057,false,Rx,0,8,00,00,FE,FF,FE,FF,00,00,
405000,00000625,false,Rx,0,8,25,00,59,86,01,54,5C,06,
482000,000002C4,false,Rx,0,8,03,08,00,00,99,02,00,00,
482000,000002C5,false,Rx,0,8,00,00,00,00,00,00,00,00,
483000,000002C6,false,Rx,0,8,32,00,7C,01,00,00,00,00,
505000,00000625,false,Rx,0,8,25,00,59,86,01,54,5C,06,
601000,00000054,false,Rx,0,8,00,00,FE,FF,D1,02,00,00,
601000,00000055,false,Rx,0,8,10,27,00,00,00,00,00,00,
602000,00000056,false,Rx,0,8,10,27,00,00,00,00,00,00,
602000,00000057,false,Rx,0,8,00,00,FE,FF,FE,FF,00,00,
605000,00000625,false,Rx,0,8,25,00,59,86,01,54,5C,06,
0,000002C4,false,Rx,0,8,03,08,00,00,99,02,00,00,
0,000002C5,false,Rx,0,8,00,00,00,00,00,00,00,00,
0,000002C6,false,Rx,0,8,32,00,7C,01,00,00,00,00,
705000,00000625,false,Rx,0,8,25,00,59,86,01,54,5C,06,
0,00000054,false,Rx,0,8,00,00,FE,FF,D1,02,00,00,
0,00000055,false,Rx,0,8,10,27,00,00,00,00,00,00,
802000,00000056,false,Rx,0,8,10,27,00,00,00,00,00,00,
802000,00000057,false,Rx,0,8,00,00,FE,FF,FE,FF,00,00,
805000,00000625,false,Rx,0,8,25,00,59,86,01,54,5C,06,
905000,00000625,false,Rx,0,8,25,00,59,86,01,54,5C,06,
0,000002C4,false,Rx,0,8,03,08,00,00,99,02,00,00,
0,000002C5,false,Rx,0,8,00,00,00,00,00,00,00,00,
923000,000002C6,false,Rx,0,8,32,00,7C,01,00,00,00,00,
0,00000054,false,Rx,0,8,00,00,FE,FF,D1,02,00,00,
0,00000055,false,Rx,0,8,10,27,00,00,00,00,00,00,
0,00000056,false,Rx,0,8,10,27,00,00,00,00,00,00,
0,00000057,false,Rx,0,8,00,00,FE,FF,FE,FF,00,00,
4000,00000625,false,Rx,0,8,25,00,59,86,01,54,5C,06,
105000,00000625,false,Rx,0,8,25,00,59,86,01,54,5C,06,
0,000002C4,false,Rx,0,8,03,08,00,00,99,02,00,00,
0,000002C5,false,Rx,0,8,00,00,00,00,00,00,00,00,
0,000002C6,false,Rx,0,8,32,00,7C,01,00,00,00,00,
201000,00000054,false,Rx,0,8,00,00,FE,FF,D1,02,00,00,
201000,00000055,false,Rx,0,8,10,27,00,00,00,00,00,00,
201000,00000056,false,Rx,0,8,10,27,00,00,00,00,00,00,
202000,00000057,false,Rx,0,8,00,00,FE,FF,FE,FF,00,00,
205000,00000625,false,Rx,0,8,25,00,59,86,01,54,5C,06,
304000,00000625,false,Rx,0,8,25,00,59,86,01,54,5C,06,
0,000002C4,false,Rx,0,8,03,08,00,00,99,02,00,00,
0,000002C5,false,Rx,0,8,00,00,00,00,00,00,00,00,
363000,000002C6,false,Rx,0,8,32,00,7C,01,00,00,00,00,
401000,00000054,false,Rx,0,8,00,00,FE,FF,D1,02,00,00,
401000,00000055,false,Rx,0,8,10,27,00,00,00,00,00,00,
401000,00000056,false,Rx,0,8,10,27,00,00,00,00,00,00,
402000,00000057,false,Rx,0,8,00,00,FE,FF,FE,FF,00,00,
405000,00000625,false,Rx,0,8,25,00,59,86,01,54,5C,06,
505000,00000625,false,Rx,0,8,25,00,59,86,01,54,5C,06,
582000,000002C4,false,Rx,0,8,03,08,00,00,99,02,00,00,
582000,000002C5,false,Rx,0,8,00,00,00,00,00,00,00,00,
583000,000002C6,false,Rx,0,8,32,00,7C,01,00,00,00,00,
602000,00000054,false,Rx,0,8,00,00,FE,FF,D1,02,00,00,
602000,00000055,false,Rx,0,8,10,27,00,00,00,00,00,00,
602000,00000056,false,Rx,0,8,10,27,00,00,00,00,00,00,
602000,00000057,false,Rx,0,8,00,00,FE,FF,FE,FF,00,00,
605000,00000625,false,Rx,0,8,25,00,59,86,01,54,5C,06,
706000,00000625,false,Rx,0,8,25,00,59,86,01,54,5C,06,
801000,00000054,false,Rx,0,8,00,00,FE,FF,D1,02,00,00,
801000,00000055,false,Rx,0,8,10,27,00,00,00,00,00,00,
801000,00000056,false,Rx,0,8,10,27,00,00,00,00,00,00,
802000,00000057,false,Rx,0,8,00,00,FE,FF,FE,FF,00,00,
802000,000002C4,false,Rx,0,8,03,08,00,00,99,02,00,00,
0,000002C5,false,Rx,0,8,00,00,00,00,00,00,00,00,
0,000002C6,false,Rx,0,8,32,00,7C,01,00,00,00,00,
805000,00000625,false,Rx,0,8,25,00,59,86,01,54,5C,06,
905000,00000625,false,Rx,0,8,25,00,59,86,01,54,5C,06,
0,00000054,false,Rx,0,8,00,00,FE,FF,D1,02,00,00,
0,00000055,false,Rx,0,8,10,27,00,00,00,00,00,00,
0,00000056,false,Rx,0,8,10,27,00,00,00,00,00,00,
2000,00000057,false,Rx,0,8,00,00,FE,FF,FE,FF,00,00,
5000,00000625,false,Rx,0,8,25,00,59,86,01,54,5C,06,
22000,000002C4,false,Rx,0,8,03,08,00,00,99,02,00,00,
22000,000002C5,false,Rx,0,8,00,00,00,00,00,00,00,00,
22000,000002C6,false,Rx,0,8,32,00,7C,01,00,00,00,00,
105000,00000625,false,Rx,0,8,25,00,59,86,01,54,5C,06,
0,00000054,false,Rx,0,8,00,00,FE,FF,D1,02,00,00,
0,00000055,false,Rx,0,8,10,27,00,00,00,00,00,00,
0,00000056,false,Rx,0,8,10,27,00,00,00,00,00,00,
0,00000057,false,Rx,0,8,00,00,FE,FF,FE,FF,00,00,
205000,00000625,false,Rx,0,8,25,00,59,86,01,54,5C,06,
0,000002C4,false,Rx,0,8,03,08,00,00,99,02,00,00,
0,000002C5,false,Rx,0,8,00,00,00,00,00,00,00,00,
242000,000002C6,false,Rx,0,8,32,00,7C,01,00,00,00,00,
305000,00000625,false,Rx,0,8,25,00,59,86,01,54,5C,06,
402000,00000054,false,Rx,0,8,00,00,FE,FF,D1,02,00,00,
0,00000055,false,Rx,0,8,10,27,00,00,00,00,00,00,
0,00000056,false,Rx,0,8,10,27,00,00,00,00,00,00,
403000,00000057,false,Rx,0,8,00,00,FE,FF,FE,FF,00,00,
405000,00000625,false,Rx,0,8,25,00,59,86,01,54,5C,06,
462000,000002C4,false,Rx,0,8,03,08,00,00,99,02,00,00,
462000,000002C5,false,Rx,0,8,00,00,00,00,00,00,00,00,
463000,000002C6,false,Rx,0,8,32,00,7C,01,00,00,00,00,
506000,00000625,false,Rx,0,8,25,00,59,86,01,54,5C,06,
601000,00000054,false,Rx,0,8,00,00,FE,FF,D1,02,00,00,
601000,00000055,false,Rx,0,8,10,27,00,00,00,00,00,00,
602000,00000056,false,Rx,0,8,10,27,00,00,00,00,00,00,
602000,00000057,false,Rx,0,8,00,00,FE,FF,FE,FF,00,00,
605000,00000625,false,Rx,0,8,25,00,59,86,01,54,5C,06,
682000,000002C4,false,Rx,0,8,03,08,00,00,99,02,00,00,
682000,000002C5,false,Rx,0,8,00,00,00,00,00,00,00,00,
683000,000002C6,false,Rx,0,8,32,00,7C,01,00,00,00,00,
705000,00000625,false,Rx,0,8,25,00,59,86,01,54,5C,06,
801000,00000054,false,Rx,0,8,00,00,FE,FF,D1,02,00,00,
801000,00000055,false,Rx,0,8,10,27,00,00,00,00,00,00,
802000,00000056,false,Rx,0,8,10,27,00,00,00,00,00,00,
802000,00000057,false,Rx,0,8,00,00,FE,FF,FE,FF,00,00,
804000,00000625,false,Rx,0,8,25,00,59,86,01,54,5C,06,
0,000002C4,false,Rx,0,8,03,08,00,00,99,02,00,00,
0,000002C5,false,Rx,0,8,00,00,00,00,00,00,00,00,
903000,000002C6,false,Rx,0,8,32,00,7C,01,00,00,00,00,
906000,00000625,false,Rx,0,8,25,00,59,86,01,54,5C,06,
0,00000054,false,Rx,0,8,00,00,FE,FF,D1,02,00,00,
0,00000055,false,Rx,0,8,10,27,00,00,00,00,00,00,
2000,00000056,false,Rx,0,8,10,27,00,00,00,00,00,00,
3000,00000057,false,Rx,0,8,00,00,FE,FF,FE,FF,00,00,
5000,00000625,false,Rx,0,8,25,00,59,86,01,54,5C,06,
105000,00000625,false,Rx,0,8,25,00,59,86,01,54,5C,06,
122000,000002C4,false,Rx,0,8,03,08,00,00,99,02,00,00,
122000,000002C5,false,Rx,0,8,00,00,00,00,00,00,00,00,
123000,000002C6,false,Rx,0,8,32,00,7C,01,00,00,00,00,
0,00000054,false,Rx,0,8,00,00,FE,FF,D1,02,00,00,
0,00000055,false,Rx,0,8,10,27,00,00,00,00,00,00,
202000,00000056,false,Rx,0,8,10,27,00,00,00,00,00,00,
202000,00000057,false,Rx,0,8,00,00,FE,FF,FE,FF,00,00,
205000,00000625,false,Rx,0,8,25,00,59,86,01,54,5C,06,
305000,00000625,false,Rx,0,8,25,00,59,86,01,54,5C,06,
0,000002C4,false,Rx,0,8,03,08,00,00,99,02,00,00,
0,000002C5,false,Rx,0,8,00,00,00,00,00,00,00,00,
344000,000002C6,false,Rx,0,8,32,00,7C,01,00,00,00,00,
401000,00000054,false,Rx,0,8,00,00,FE,FF,D1,02,00,00,
401000,00000055,false,Rx,0,8,10,27,00,00,00,00,00,00,
0,00000056,false,Rx,0,8,10,27,00,00,00,00,00,00,
0,00000057,false,Rx,0,8,00,00,FE,FF,FE,FF,00,00,
0,000002C4,false,Rx,0,8,03,08,00,00,99,02,00,00,
0,000002C5,false,Rx,0,8,00,00,00,00,00,00,00,00,
563000,000002C6,false,Rx,0,8,32,00,7C,01,00,00,00,00,
602000,00000054,false,Rx,0,8,00,00,FE,FF,D1,02,00,00,
602000,00000055,false,Rx,0,8,10,27,00,00,00,00,00,00,
0,00000056,false,Rx,0,8,10,27,00,00,00,00,00,00,
0,00000057,false,Rx,0,8,00,00,FE,FF,FE,FF,00,00,
0,000002C4,false,Rx,0,8,03,08,00,00,99,02,00,00,
0,000002C5,false,Rx,0,8,00,00,00,00,00,00,00,00,
0,000002C6,false,Rx,0,8,32,00,7C,01,00,00,00,00,
0,00000054,false,Rx,0,8,00,00,FE,FF,D1,02,00,00,
0,00000055,false,Rx,0,8,10,27,00,00,00,00,00,00,
0,00000056,false,Rx,0,8,10,27,00,00,00,00,00,00,
0,00000057,false,Rx,0,8,00,00,FE,FF,FE,FF,00,00,
0,00000054,false,Rx,0,8,00,00,FE,FF,D1,02,00,00,
0,00000055,false,Rx,0,8,10,27,00,00,00,00,00,00,
0,00000056,false,Rx,0,8,10,27,00,00,00,00,00,00,
0,00000057,false,Rx,0,8,00,00,FE,FF,FE,FF,00,00,
0,000002C4,false,Rx,0,8,03,08,00,00,99,02,00,00,
0,000002C5,false,Rx,0,8,00,00,00,00,00,00,00,00,
0,000002C6,false,Rx,0,8,32,00,7C,01,00,00,00,00,
201000,00000054,false,Rx,0,8,00,00,FE,FF,D1,02,00,00,
201000,00000055,false,Rx,0,8,10,27,00,00,00,00,00,00,
201000,00000056,false,Rx,0,8,10,27,00,00,00,00,00,00,
202000,00000057,false,Rx,0,8,00,00,FE,FF,FE,FF,00,00,
222000,000002C4,false,Rx,0,8,03,08,00,00,99,02,00,00,
222000,000002C5,false,Rx,0,8,00,00,00,00,00,00,00,00,
223000,000002C6,false,Rx,0,8,32,00,7C,01,00,00,00,00,
12000,0000060D,false,Rx,0,8,0D,10,83,B6,09,20,70,00,
0,00000054,false,Rx,0,8,00,00,FE,FF,D4,02,00,00,
0,00000055,false,Rx,0,8,10,27,00,00,00,00,00,00,
22000,00000056,false,Rx,0,8,10,27,00,00,00,00,00,00,
22000,00000057,false,Rx,0,8,00,00,FE,FF,FE,FF,00,00,
23000,00000065,false,Rx,0,8,D4,02,02,00,00,00,00,00,
112000,0000060D,false,Rx,0,8,0D,10,83,B6,09,20,70,00,
154000,00000625,false,Rx,0,8,25,00,59,86,01,54,5C,06,
0,000002C4,false,Rx,0,8,03,08,00,00,99,02,00,00,
0,000002C5,false,Rx,0,8,00,00,00,00,00,00,00,00,
0,000002C6,false,Rx,0,8,32,00,7C,01,00,00,00,00,
172000,00000065,false,Rx,0,8,D4,02,02,00,00,00,00,00,
212000,0000060D,false,Rx,0,8,0D,10,83,B6,09,20,70,00,
222000,00000054,false,Rx,0,8,00,00,FE,FF,D4,02,00,00,
222000,00000055,false,Rx,0,8,10,27,00,00,00,00,00,00,
222000,00000056,false,Rx,0,8,10,27,00,00,00,00,00,00,
223000,00000057,false,Rx,0,8,00,00,FE,FF,FE,FF,00,00,
254000,00000625,false,Rx,0,8,25,00,59,86,01,54,5C,06,
312000,0000060D,false,Rx,0,8,0D,10,83,B6,09,20,70,00,
322000,00000065,false,Rx,0,8,D4,02,02,00,00,00,00,00,
355000,00000625,false,Rx,0,8,25,00,59,86,01,54,5C,06,
377000,000002C4,false,Rx,0,8,03,08,00,00,99,02,00,00,
377000,000002C5,false,Rx,0,8,00,00,00,00,00,00,00,00,
377000,000002C6,false,Rx,0,8,32,00,7C,01,00,00,00,00,
412000,0000060D,false,Rx,0,8,0D,10,83,B6,09,20,70,00,
0,00000054,false,Rx,0,8,00,00,FE,FF,D4,02,00,00,
0,00000055,false,Rx,0,8,10,27,00,00,00,00,00,00,
0,00000056,false,Rx,0,8,10,27,00,00,00,00,00,00,
0,00000057,false,Rx,0,8,00,00,FE,FF,FE,FF,00,00,
455000,00000625,false,Rx,0,8,25,00,59,86,01,54,5C,06,
472000,00000065,false,Rx,0,8,D4,02,02,00,00,00,00,00,
512000,0000060D,false,Rx,0,8,0D,10,83,B6,09,20,70,00,
554000,00000625,false,Rx,0,8,25,00,59,86,01,54,5C,06,
597000,000002C4,false,Rx,0,8,03,08,00,00,99,02,00,00,
597000,000002C5,false,Rx,0,8,00,00,00,00,00,00,00,00,
597000,000002C6,false,Rx,0,8,32,00,7C,01,00,00,00,00,
612000,0000060D,false,Rx,0,8,0D,10,83,B6,09,20,70,00,
0,00000054,false,Rx,0,8,00,00,FE,FF,D4,02,00,00,
0,00000055,false,Rx,0,8,10,27,00,00,00,00,00,00,
622000,00000056,false,Rx,0,8,10,27,00,00,00,00,00,00,
623000,00000057,false,Rx,0,8,00,00,FE,FF,FE,FF,00,00,
655000,00000625,false,Rx,0,8,25,00,59,86,01,54,5C,06,
712000,0000060D,false,Rx,0,8,0D,10,83,B6,09,20,70,00,
754000,00000625,false,Rx,0,8,25,00,59,86,01,54,5C,06,
812000,0000060D,false,Rx,0,8,0D,10,83,B6,09,20,70,00,
816000,000002C4,false,Rx,0,8,03,08,00,00,99,02,00,00,
816000,000002C5,false,Rx,0,8,00,00,00,00,00,00,00,00,
817000,000002C6,false,Rx,0,8,32,00,7C,01,00,00,00,00,
821000,00000054,false,Rx,0,8,00,00,FE,FF,D4,02,00,00,
821000,00000055,false,Rx,0,8,10,27,00,00,00,00,00,00,
822000,00000056,false,Rx,0,8,10,27,00,00,00,00,00,00,
822000,00000057,false,Rx,0,8,00,00,FE,FF,FE,FF,00,00,
854000,00000625,false,Rx,0,8,25,00,59,86,01,54,5C,06,
911000,0000060D,false,Rx,0,8,0D,10,83,B6,09,20,70,00,
955000,00000625,false,Rx,0,8,25,00,59,86,01,54,5C,06,
11000,0000060D,false,Rx,0,8,0D,10,83,B6,09,20,70,00,
0,00000054,false,Rx,0,8,00,00,FE,FF,D4,02,00,00,
0,00000055,false,Rx,0,8,10,27,00,00,00,00,00,00,
0,00000056,false,Rx,0,8,10,27,00,00,00,00,00,00,
22000,00000057,false,Rx,0,8,00,00,FE,FF,FE,FF,00,00,
36000,000002C4,false,Rx,0,8,03,08,00,00,99,02,00,00,
36000,000002C5,false,Rx,0,8,00,00,00,00,00,00,00,00,
36000,000002C6,false,Rx,0,8,32,00,7C,01,00,00,00,00,
54000,00000625,false,Rx,0,8,25,00,59,86,01,54,5C,06,
112000,0000060D,false,Rx,0,8,0D,10,83,B6,09,20,70,00,
155000,00000625,false,Rx,0,8,25,00,59,86,01,54,5C,06,
211000,0000060D,false,Rx,0,8,0D,10,83,B6,09,20,70,00,
222000,00000054,false,Rx,0,8,00,00,FE,FF,D4,02,00,00,
222000,00000055,false,Rx,0,8,10,27,00,00,00,00,00,00,
0,00000056,false,Rx,0,8,10,27,00,00,00,00,00,00,
0,00000057,false,Rx,0,8,00,00,FE,FF,FE,FF,00,00,
254000,00000625,false,Rx,0,8,25,00,59,86,01,54,5C,06,
257000,000002C4,false,Rx,0,8,03,08,00,00,99,02,00,00,
257000,000002C5,false,Rx,0,8,00,00,00,00,00,00,00,00,
257000,000002C6,false,Rx,0,8,32,00,7C,01,00,00,00,00,
312000,0000060D,false,Rx,0,8,0D,10,83,B6,09,20,70,00,
354000,00000625,false,Rx,0,8,25,00,59,86,01,54,5C,06,
412000,0000060D,false,Rx,0,8,0D,10,83,B6,09,20,70,00,
0,00000054,false,Rx,0,8,00,00,FE,FF,D4,02,00,00,
0,00000055,false,Rx,0,8,10,27,00,00,00,00,00,00,
422000,00000056,false,Rx,0,8,10,27,00,00,00,00,00,00,
423000,00000057,false,Rx,0,8,00,00,FE,FF,FE,FF,00,00,
454000,00000625,false,Rx,0,8,25,00,59,86,01,54,5C,06,
476000,000002C4,false,Rx,0,8,03,08,00,00,99,02,00,00,
477000,000002C5,false,Rx,0,8,00,00,00,00,00,00,00,00,
477000,000002C6,false,Rx,0,8,32,00,7C,01,00,00,00,00,
512000,0000060D,false,Rx,0,8,0D,10,83,B6,09,20,70,00,
555000,00000625,false,Rx,0,8,25,00,59,86,01,54,5C,06,
612000,0000060D,false,Rx,0,8,0D,10,83,B6,09,20,70,00,
0,00000054,false,Rx,0,8,00,00,FE,FF,D4,02,00,00,
0,00000055,false,Rx,0,8,10,27,00,00,00,00,00,00,
622000,00000056,false,Rx,0,8,10,27,00,00,00,00,00,00,
622000,00000057,false,Rx,0,8,00,00,FE,FF,FE,FF,00,00,
655000,00000625,false,Rx,0,8,25,00,59,86,01,54,5C,06,
697000,000002C4,false,Rx,0,8,03,08,00,00,99,02,00,00,
697000,000002C5,false,Rx,0,8,00,00,00,00,00,00,00,00,
697000,000002C6,false,Rx,0,8,32,00,7C,01,00,00,00,00,
711000,0000060D,false,Rx,0,8,0D,10,83,B6,09,20,70,00,
754000,00000625,false,Rx,0,8,25,00,59,86,01,54,5C,06,
812000,0000060D,false,Rx,0,8,0D,10,83,B6,09,20,70,00,
821000,00000054,false,Rx,0,8,00,00,FE,FF,D4,02,00,00,
822000,00000055,false,Rx,0,8,10,27,00,00,00,00,00,00,
822000,00000056,false,Rx,0,8,10,27,00,00,00,00,00,00,
822000,00000057,false,Rx,0,8,00,00,FE,FF,FE,FF,00,00,
854000,00000625,false,Rx,0,8,25,00,59,86,01,54,5C,06,
912000,0000060D,false,Rx,0,8,0D,10,83,B6,09,20,70,00,
917000,000002C4,false,Rx,0,8,03,08,00,00,98,02,00,00,
917000,000002C5,false,Rx,0,8,00,00,00,00,00,00,00,00,
917000,000002C6,false,Rx,0,8,32,00,7C,01,00,00,00,00,
955000,00000625,false,Rx,0,8,25,00,59,86,01,54,5C,06,
12000,0000060D,false,Rx,0,8,0D,10,83,B6,09,20,70,00,
22000,00000054,false,Rx,0,8,00,00,FE,FF,D4,02,00,00,
0,00000055,false,Rx,0,8,10,27,00,00,00,00,00,00,
0,00000056,false,Rx,0,8,10,27,00,00,00,00,00,00,
22000,00000057,false,Rx,0,8,00,00,FE,FF,FE,FF,00,00,
55000,00000625,false,Rx,0,8,25,00,59,86,01,54,5C,06,
112000,0000060D,false,Rx,0,8,0D,10,83,B6,09,20,70,00,
0,000002C4,false,Rx,0,8,03,08,00,00,98,02,00,00,
0,000002C5,false,Rx,0,8,00,00,00,00,00,00,00,00,
137000,000002C6,false,Rx,0,8,32,00,7C,01,00,00,00,00,
154000,00000625,false,Rx,0,8,25,00,59,86,01,54,5C,06,
213000,0000060D,false,Rx,0,8,0D,10,83,B6,09,20,70,00,
222000,00000054,false,Rx,0,8,00,00,FE,FF,D3,02,00,00,
222000,00000055,false,Rx,0,8,10,27,00,00,00,00,00,00,
222000,00000056,false,Rx,0,8,10,27,00,00,00,00,00,00,
222000,00000057,false,Rx,0,8,00,00,FE,FF,FE,FF,00,00,
222000,00000065,false,Rx,0,8,D3,02,03,00,00,00,00,00,
254000,00000625,false,Rx,0,8,25,00,59,86,01,54,5C,06,
312000,0000060D,false,Rx,0,8,0D,10,83,B6,09,20,70,00,
355000,00000625,false,Rx,0,8,25,00,59,86,01,54,5C,06,
356000,000002C4,false,Rx,0,8,03,08,00,00,98,02,00,00,
356000,000002C5,false,Rx,0,8,00,00,00,00,00,00,00,00,
356000,000002C6,false,Rx,0,8,32,00,7C,01,00,00,00,00,
372000,00000065,false,Rx,0,8,D3,02,03,00,00,00,00,00,
412000,0000060D,false,Rx,0,8,0D,10,83,B6,09,20,70,00,
422000,00000054,false,Rx,0,8,00,00,FE,FF,D3,02,00,00,
422000,00000055,false,Rx,0,8,10,27,00,00,00,00,00,00,
0,00000056,false,Rx,0,8,10,27,00,00,00,00,00,00,
0,00000057,false,Rx,0,8,00,00,FE,FF,FE,FF,00,00,
455000,00000625,false,Rx,0,8,25,00,59,86,01,54,5C,06,
512000,0000060D,false,Rx,0,8,0D,10,83,B6,09,20,70,00,
521000,00000065,false,Rx,0,8,D3,02,03,00,00,00,00,00,
554000,00000625,false,Rx,0,8,25,00,59,86,01,54,5C,06,
0,000002C4,false,Rx,0,8,03,08,00,00,98,02,00,00,
0,000002C5,false,Rx,0,8,00,00,00,00,00,00,00,00,
577000,000002C6,false,Rx,0,8,32,00,7C,01,00,00,00,00,
612000,0000060D,false,Rx,0,8,0D,10,83,B6,09,20,70,00,
0,00000054,false,Rx,0,8,00,00,FE,FF,D3,02,00,00,
0,00000055,false,Rx,0,8,10,27,00,00,00,00,00,00,
0,00000056,false,Rx,0,8,10,27,00,00,00,00,00,00,
0,00000057,false,Rx,0,8,00,00,FE,FF,FE,FF,00,00,
655000,00000625,false,Rx,0,8,25,00,59,86,01,54,5C,06,
671000,00000065,false,Rx,0,8,D3,02,03,00,00,00,00,00,
711000,0000060D,false,Rx,0,8,0D,10,83,B6,09,20,70,00,
754000,00000625,false,Rx,0,8,25,00,59,86,01,54,5C,06,
0,000002C4,false,Rx,0,8,03,08,00,00,98,02,00,00,
0,000002C5,false,Rx,0,8,00,00,00,00,00,00,00,00,
797000,000002C6,false,Rx,0,8,32,00,7C,01,00,00,00,00,
812000,0000060D,false,Rx,0,8,0D,10,83,B6,09,20,70,00,
821000,00000054,false,Rx,0,8,00,00,FE,FF,D3,02,00,00,
821000,00000055,false,Rx,0,8,10,27,00,00,00,00,00,00,
822000,00000056,false,Rx,0,8,10,27,00,00,00,00,00,00,
822000,00000057,false,Rx,0,8,00,00,FE,FF,FE,FF,00,00,
854000,00000625,false,Rx,0,8,25,00,59,86,01,54,5C,06,
911000,0000060D,false,Rx,0,8,0D,10,83,B6,09,20,70,00,
955000,00000625,false,Rx,0,8,25,00,59,86,01,54,5C,06,
11000,0000060D,false,Rx,0,8,0D,10,83,B6,09,20,70,00,
0,000002C4,false,Rx,0,8,03,08,00,00,98,02,00,00,
0,000002C5,false,Rx,0,8,00,00,00,00,00,00,00,00,
0,000002C6,false,Rx,0,8,32,00,7C,01,00,00,00,00,
21000,00000054,false,Rx,0,8,00,00,FE,FF,D3,02,00,00,
22000,00000055,false,Rx,0,8,10,27,00,00,00,00,00,00,
22000,00000056,false,Rx,0,8,10,27,00,00,00,00,00,00,
22000,00000057,false,Rx,0,8,00,00,FE,FF,FE,FF,00,00,
55000,00000625,false,Rx,0,8,25,00,59,86,01,54,5C,06,
112000,0000060D,false,Rx,0,8,0D,10,83,B6,09,20,70,00,
154000,00000625,false,Rx,0,8,25,00,59,86,01,54,5C,06,
212000,0000060D,false,Rx,0,8,0D,10,83,B6,09,20,70,00,
221000,00000054,false,Rx,0,8,00,00,FE,FF,D3,02,00,00,
222000,00000055,false,Rx,0,8,10,27,00,00,00,00,00,00,
222000,00000056,false,Rx,0,8,10,27,00,00,00,00,00,00,
222000,00000057,false,Rx,0,8,00,00,FE,FF,FE,FF,00,00,
0,000002C4,false,Rx,0,8,03,08,00,00,98,02,00,00,
0,000002C5,false,Rx,0,8,00,00,00,00,00,00,00,00,
0,000002C6,false,Rx,0,8,32,00,7C,01,00,00,00,00,
254000,00000625,false,Rx,0,8,25,00,59,86,01,54,5C,06,
312000,0000060D,false,Rx,0,8,0D,10,83,B6,09,20,70,00,
355000,00000625,false,Rx,0,8,25,00,59,86,01,54,5C,06,
412000,0000060D,false,Rx,0,8,0D,10,83,B6,09,20,70,00,
0,00000054,false,Rx,0,8,00,00,FE,FF,D3,02,00,00,
0,00000055,false,Rx,0,8,10,27,00,00,00,00,00,00,
422000,00000056,false,Rx,0,8,10,27,00,00,00,00,00,00,
422000,00000057,false,Rx,0,8,00,00,FE,FF,FE,FF,00,00,
455000,00000625,false,Rx,0,8,25,00,59,86,01,54,5C,06,
457000,000002C4,false,Rx,0,8,03,08,00,00,98,02,00,00,
457000,000002C5,false,Rx,0,8,00,00,00,00,00,00,00,00,
457000,000002C6,false,Rx,0,8,32,00,7C,01,00,00,00,00,
512000,0000060D,false,Rx,0,8,0D,10,83,B6,09,20,70,00,
554000,00000625,false,Rx,0,8,25,00,59,86,01,54,5C,06,
611000,0000060D,false,Rx,0,8,0D,10,83,B6,09,20,70,00,
0,00000054,false,Rx,0,8,00,00,FE,FF,D3,02,00,00,
0,00000055,false,Rx,0,8,10,27,00,00,00,00,00,00,
0,00000056,false,Rx,0,8,10,27,00,00,00,00,00,00,
0,00000057,false,Rx,0,8,00,00,FE,FF,FE,FF,00,00,
655000,00000625,false,Rx,0,8,25,00,59,86,01,54,5C,06,
676000,000002C4,false,Rx,0,8,03,08,00,00,98,02,00,00,
676000,000002C5,false,Rx,0,8,00,00,00,00,00,00,00,00,
676000,000002C6,false,Rx,0,8,32,00,7C,01,00,00,00,00,
711000,0000060D,false,Rx,0,8,0D,10,83,B6,09,20,70,00,
754000,00000625,false,Rx,0,8,25,00,59,86,01,54,5C,06,
812000,0000060D,false,Rx,0,8,0D,10,83,B6,09,20,70,00,
822000,00000054,false,Rx,0,8,00,00,FE,FF,D3,02,00,00,
822000,00000055,false,Rx,0,8,10,27,00,00,00,00,00,00,
822000,00000056,false,Rx,0,8,10,27,00,00,00,00,00,00,
823000,00000057,false,Rx,0,8,00,00,FE,FF,FE,FF,00,00,
855000,00000625,false,Rx,0,8,25,00,59,86,01,54,5C,06,
0,000002C4,false,Rx,0,8,03,08,00,00,97,02,00,00,
0,000002C5,false,Rx,0,8,00,00,00,00,00,00,00,00,
897000,000002C6,false,Rx,0,8,32,00,7C,01,00,00,00,00,
912000,0000060D,false,Rx,0,8,0D,10,83,B6,09,20,70,00,
955000,00000625,false,Rx,0,8,25,00,59,86,01,54,5C,06,
12000,0000060D,false,Rx,0,8,0D,10,83,B6,09,20,70,00,
21000,00000054,false,Rx,0,8,00,00,FE,FF,D3,02,00,00,
21000,00000055,false,Rx,0,8,10,27,00,00,00,00,00,00,
22000,00000056,false,Rx,0,8,10,27,00,00,00,00,00,00,
22000,00000057,false,Rx,0,8,00,00,FE,FF,FE,FF,00,00,
55000,00000625,false,Rx,0,8,25,00,59,86,01,54,5C,06,
112000,0000060D,false,Rx,0,8,0D,10,83,B6,09,20,70,00,
116000,000002C4,false,Rx,0,8,03,08,00,00,97,02,00,00,
116000,000002C5,false,Rx,0,8,00,00,00,00,00,00,00,00,
116000,000002C6,false,Rx,0,8,32,00,7C,01,00,00,00,00,
155000,00000625,false,Rx,0,8,25,00,59,86,01,54,5C,06,
212000,0000060D,false,Rx,0,8,0D,10,83,B6,09,20,70,00,
222000,00000054,false,Rx,0,8,00,00,FE,FF,D3,02,00,00,
222000,00000055,false,Rx,0,8,10,27,00,00,00,00,00,00,
222000,00000056,false,Rx,0,8,10,27,00,00,00,00,00,00,
222000,00000057,false,Rx,0,8,00,00,FE,FF,FE,FF,00,00,
254000,00000625,false,Rx,0,8,25,00,59,86,01,54,5C,06,
311000,0000060D,false,Rx,0,8,0D,10,83,B6,09,20,70,00,
337000,000002C4,false,Rx,0,8,03,08,00,00,97,02,00,00,
337000,000002C5,false,Rx,0,8,00,00,00,00,00,00,00,00,
337000,000002C6,false,Rx,0,8,32,00,7C,01,00,00,00,00,
354000,00000625,false,Rx,0,8,25,00,59,86,01,54,5C,06,
412000,0000060D,false,Rx,0,8,0D,10,83,B6,09,20,70,00,
421000,00000054,false,Rx,0,8,00,00,FE,FF,D3,02,00,00,
422000,00000055,false,Rx,0,8,10,27,00,00,00,00,00,00,
422000,00000056,false,Rx,0,8,10,27,00,00,00,00,00,00,
423000,00000057,false,Rx,0,8,00,00,FE,FF,FE,FF,00,00,
454000,00000625,false,Rx,0,8,25,00,59,86,01,54,5C,06,
512000,0000060D,false,Rx,0,8,0D,10,83,B6,09,20,70,00,
554000,00000625,false,Rx,0,8,25,00,59,86,01,54,5C,06,
557000,000002C4,false,Rx,0,8,03,08,00,00,97,02,00,00,
0,000002C5,false,Rx,0,8,00,00,00,00,00,00,00,00,
0,000002C6,false,Rx,0,8,32,00,7C,01,00,00,00,00,
612000,0000060D,false,Rx,0,8,0D,10,83,B6,09,20,70,00,
622000,00000054,false,Rx,0,8,00,00,FE,FF,D3,02,00,00,
622000,00000055,false,Rx,0,8,10,27,00,00,00,00,00,00,
0,00000056,false,Rx,0,8,10,27,00,00,00,00,00,00,
0,00000057,false,Rx,0,8,00,00,FE,FF,FE,FF,00,00,
654000,00000625,false,Rx,0,8,25,00,59,86,01,54,5C,06,
711000,0000060D,false,Rx,0,8,0D,10,83,B6,09,20,70,00,
754000,00000625,false,Rx,0,8,25,00,59,86,01,54,5C,06,
777000,000002C4,false,Rx,0,8,03,08,00,00,97,02,00,00,
0,000002C5,false,Rx,0,8,00,00,00,00,00,00,00,00,
0,000002C6,false,Rx,0,8,32,00,7C,01,00,00,00,00,
812000,0000060D,false,Rx,0,8,0D,10,83,B6,09,20,70,00,
821000,00000054,false,Rx,0,8,00,00,FE,FF,D3,02,00,00,
821000,00000055,false,Rx,0,8,10,27,00,00,00,00,00,00,
822000,00000056,false,Rx,0,8,10,27,00,00,00,00,00,00,
822000,00000057,false,Rx,0,8,00,00,FE,FF,FE,FF,00,00,
855000,00000625,false,Rx,0,8,25,00,59,86,01,54,5C,06,
912000,0000060D,false,Rx,0,8,0D,10,83,B6,09,20,70,00,
955000,00000625,false,Rx,0,8,25,00,59,86,01,54,5C,06,
997000,000002C4,false,Rx,0,8,03,08,00,00,97,02,00,00,
997000,000002C5,false,Rx,0,8,00,00,00,00,00,00,00,00,
997000,000002C6,false,Rx,0,8,32,00,7C,01,00,00,00,00,
12000,0000060D,false,Rx,0,8,0D,10,83,B6,09,20,70,00,
22000,00000054,false,Rx,0,8,00,00,FE,FF,D3,02,00,00,
0,00000055,false,Rx,0,8,10,27,00,00,00,00,00,00,
0,00000056,false,Rx,0,8,10,27,00,00,00,00,00,00,
23000,00000057,false,Rx,0,8,00,00,FE,FF,FE,FF,00,00,
55000,00000625,false,Rx,0,8,25,00,59,86,01,54,5C,06,
112000,0000060D,false,Rx,0,8,0D,10,83,B6,09,20,70,00,
156000,00000625,false,Rx,0,8,25,00,59,86,01,54,5C,06,
212000,0000060D,false,Rx,0,8,0D,10,83,B6,09,20,70,00,
0,000002C4,false,Rx,0,8,03,08,00,00,97,02,00,00,
0,000002C5,false,Rx,0,8,00,00,00,00,00,00,00,00,
217000,000002C6,false,Rx,0,8,32,00,7C,01,00,00,00,00,
221000,00000054,false,Rx,0,8,00,00,FE,FF,D3,02,00,00,
222000,00000055,false,Rx,0,8,10,27,00,00,00,00,00,00,
222000,00000056,false,Rx,0,8,10,27,00,00,00,00,00,00,
222000,00000057,false,Rx,0,8,00,00,FE,FF,FE,FF,00,00,
254000,00000625,false,Rx,0,8,25,00,59,86,01,54,5C,06,
312000,0000060D,false,Rx,0,8,0D,10,83,B6,09,20,70,00,
354000,00000625,false,Rx,0,8,25,00,59,86,01,54,5C,06,
412000,0000060D,false,Rx,0,8,0D,10,83,B6,09,20,70,00,
422000,00000054,false,Rx,0,8,00,00,FE,FF,D3,02,00,00,
422000,00000055,false,Rx,0,8,10,27,00,00,00,00,00,00,
0,00000056,false,Rx,0,8,10,27,00,00,00,00,00,00,
0,00000057,false,Rx,0,8,00,00,FE,FF,FE,FF,00,00,
436000,000002C4,false,Rx,0,8,03,08,00,00,96,02,00,00,
437000,000002C5,false,Rx,0,8,00,00,00,00,00,00,00,00,
437000,000002C6,false,Rx,0,8,32,00,7C,01,00,00,00,00,
454000,00000625,false,Rx,0,8,25,00,59,86,01,54,5C,06,
512000,0000060D,false,Rx,0,8,0D,10,83,B6,09,20,70,00,
554000,00000625,false,Rx,0,8,25,00,59,86,01,54,5C,06,
611000,0000060D,false,Rx,0,8,0D,10,83,B6,09,20,70,00,
622000,00000054,false,Rx,0,8,00,00,FE,FF,D3,02,00,00,
622000,00000055,false,Rx,0,8,10,27,00,00,00,00,00,00,
623000,00000056,false,Rx,0,8,10,27,00,00,00,00,00,00,
623000,00000057,false,Rx,0,8,00,00,FE,FF,FE,FF,00,00,
655000,00000625,false,Rx,0,8,25,00,59,86,01,54,5C,06,
0,000002C4,false,Rx,0,8,03,08,00,00,96,02,00,00,
0,000002C5,false,Rx,0,8,00,00,00,00,00,00,00,00,
0,000002C6,false,Rx,0,8,32,00,7C,01,00,00,00,00,
754000,00000625,false,Rx,0,8,25,00,59,86,01,54,5C,06,
0,00000054,false,Rx,0,8,00,00,FE,FF,D3,02,00,00,
0,00000055,false,Rx,0,8,10,27,00,00,00,00,00,00,
821000,00000056,false,Rx,0,8,10,27,00,00,00,00,00,00,
822000,00000057,false,Rx,0,8,00,00,FE,FF,FE,FF,00,00,
855000,00000625,false,Rx,0,8,25,00,59,86,01,54,5C,06,
876000,000002C4,false,Rx,0,8,03,08,00,00,96,02,00,00,
877000,000002C5,false,Rx,0,8,00,00,00,00,00,00,00,00,
877000,000002C6,false,Rx,0,8,32,00,7C,01,00,00,00,00,
955000,00000625,false,Rx,0,8,25,00,59,86,01,54,5C,06,
21000,00000054,false,Rx,0,8,00,00,FE,FF,D3,02,00,00,
22000,00000055,false,Rx,0,8,10,27,00,00,00,00,00,00,
0,00000056,false,Rx,0,8,10,27,00,00,00,00,00,00,
0,00000057,false,Rx,0,8,00,00,FE,FF,FE,FF,00,00,
55000,00000625,false,Rx,0,8,25,00,59,86,01,54,5C,06,
97000,000002C4,false,Rx,0,8,03,08,00,00,96,02,00,00,
97000,000002C5,false,Rx,0,8,00,00,00,00,00,00,00,00,
97000,000002C6,false,Rx,0,8,32,00,7C,01,00,00,00,00,
154000,00000625,false,Rx,0,8,25,00,59,86,01,54,5C,06,
221000,00000054,false,Rx,0,8,00,00,FE,FF,D3,02,00,00,
221000,00000055,false,Rx,0,8,10,27,00,00,00,00,00,00,
221000,00000056,false,Rx,0,8,10,27,00,00,00,00,00,00,
223000,00000057,false,Rx,0,8,00,00,FE,FF,FE,FF,00,00,
254000,00000625,false,Rx,0,8,25,00,59,86,01,54,5C,06,
317000,000002C4,false,Rx,0,8,03,08,00,00,96,02,00,00,
317000,000002C5,false,Rx,0,8,00,00,00,00,00,00,00,00,
318000,000002C6,false,Rx,0,8,32,00,7C,01,00,00,00,00,
354000,00000625,false,Rx,0,8,25,00,59,86,01,54,5C,06,
421000,00000054,false,Rx,0,8,00,00,FE,FF,D3,02,00,00,
421000,00000055,false,Rx,0,8,10,27,00,00,00,00,00,00,
0,00000056,false,Rx,0,8,10,27,00,00,00,00,00,00,
0,00000057,false,Rx,0,8,00,00,FE,FF,FE,FF,00,00,
455000,00000625,false,Rx,0,8,25,00,59,86,01,54,5C,06,
537000,000002C4,false,Rx,0,8,03,08,00,00,96,02,00,00,
537000,000002C5,false,Rx,0,8,00,00,00,00,00,00,00,00,
537000,000002C6,false,Rx,0,8,32,00,7C,01,00,00,00,00,
554000,00000625,false,Rx,0,8,25,00,59,86,01,54,5C,06,
0,00000054,false,Rx,0,8,00,00,FE,FF,D3,02,00,00,
0,00000055,false,Rx,0,8,10,27,00,00,00,00,00,00,
622000,00000056,false,Rx,0,8,10,27,00,00,00,00,00,00,
622000,00000057,false,Rx,0,8,00,00,FE,FF,FE,FF,00,00,
655000,00000625,false,Rx,0,8,25,00,59,86,01,54,5C,06,
755000,00000625,false,Rx,0,8,25,00,59,86,01,54,5C,06,
757000,000002C4,false,Rx,0,8,03,08,00,00,96,02,00,00,
757000,000002C5,false,Rx,0,8,00,00,00,00,00,00,00,00,
757000,000002C6,false,Rx,0,8,32,00,7C,01,00,00,00,00,
822000,00000054,false,Rx,0,8,00,00,FE,FF,D3,02,00,00,
822000,00000055,false,Rx,0,8,10,27,00,00,00,00,00,00,
822000,00000056,false,Rx,0,8,10,27,00,00,00,00,00,00,
823000,00000057,false,Rx,0,8,00,00,FE,FF,FE,FF,00,00,
854000,00000625,false,Rx,0,8,25,00,59,86,01,54,5C,06,
955000,00000625,false,Rx,0,8,25,00,59,86,01,54,5C,06,
0,000002C4,false,Rx,0,8,03,08,00,00,96,02,00,00,
0,000002C5,false,Rx,0,8,00,00,00,00,00,00,00,00,
977000,000002C6,false,Rx,0,8,32,00,7C,01,00,00,00,00,
21000,00000054,false,Rx,0,8,00,00,FE,FF,D3,02,00,00,
21000,00000055,false,Rx,0,8,10,27,00,00,00,00,00,00,
22000,00000056,false,Rx,0,8,10,27,00,00,00,00,00,00,
22000,00000057,false,Rx,0,8,00,00,FE,FF,FE,FF,00,00,
54000,00000625,false,Rx,0,8,25,00,59,86,01,54,5C,06,
154000,00000625,false,Rx,0,8,25,00,59,86,01,54,5C,06,
197000,000002C4,false,Rx,0,8,03,08,00,00,96,02,00,00,
197000,000002C5,false,Rx,0,8,00,00,00,00,00,00,00,00,
197000,000002C6,false,Rx,0,8,32,00,7C,01,00,00,00,00,
221000,00000054,false,Rx,0,8,00,00,FE,FF,D3,02,00,00,
222000,00000055,false,Rx,0,8,10,27,00,00,00,00,00,00,
222000,00000056,false,Rx,0,8,10,27,00,00,00,00,00,00,
222000,00000057,false,Rx,0,8,00,00,FE,FF,FE,FF,00,00,
254000,00000625,false,Rx,0,8,25,00,59,86,01,54,5C,06,
354000,00000625,false,Rx,0,8,25,00,59,86,01,54,5C,06,
416000,000002C4,false,Rx,0,8,03,08,00,00,96,02,00,00,
416000,000002C5,false,Rx,0,8,00,00,00,00,00,00,00,00,
416000,000002C6,false,Rx,0,8,32,00,7C,01,00,00,00,00,
422000,00000054,false,Rx,0,8,00,00,FE,FF,D3,02,00,00,
422000,00000055,false,Rx,0,8,10,27,00,00,00,00,00,00,
422000,00000056,false,Rx,0,8,10,27,00,00,00,00,00,00,
422000,00000057,false,Rx,0,8,00,00,FE,FF,FE,FF,00,00,
455000,00000625,false,Rx,0,8,25,00,59,86,01,54,5C,06,
554000,00000625,false,Rx,0,8,25,00,59,86,01,54,5C,06,
621000,00000054,false,Rx,0,8,00,00,FE,FF,D3,02,00,00,
622000,00000055,false,Rx,0,8,10,27,00,00,00,00,00,00,
622000,00000056,false,Rx,0,8,10,27,00,00,00,00,00,00,
622000,00000057,false,Rx,0,8,00,00,FE,FF,FE,FF,00,00,
637000,000002C4,false,Rx,0,8,03,08,00,00,96,02,00,00,
637000,000002C5,false,Rx,0,8,00,00,00,00,00,00,00,00,
637000,000002C6,false,Rx,0,8,32,00,7C,01,00,00,00,00,
655000,00000625,false,Rx,0,8,25,00,59,86,01,54,5C,06,
755000,00000625,false,Rx,0,8,25,00,59,86,01,54,5C,06,
822000,00000054,false,Rx,0,8,00,00,FE,FF,D3,02,00,00,
822000,00000055,false,Rx,0,8,10,27,00,00,00,00,00,00,
822000,00000056,false,Rx,0,8,10,27,00,00,00,00,00,00,
823000,00000057,false,Rx,0,8,00,00,FE,FF,FE,FF,00,00,
854000,00000625,false,Rx,0,8,25,00,59,86,01,54,5C,06,
856000,000002C4,false,Rx,0,8,03,08,00,00,95,02,00,00,
856000,000002C5,false,Rx,0,8,00,00,00,00,00,00,00,00,
856000,000002C6,false,Rx,0,8,32,00,7C,01,00,00,00,00,
955000,00000625,false,Rx,0,8,25,00,59,86,01,54,5C,06,
22000,00000054,false,Rx,0,8,00,00,FE,FF,D3,02,00,00,
22000,00000055,false,Rx,0,8,10,27,00,00,00,00,00,00,
0,00000056,false,Rx,0,8,10,27,00,00,00,00,00,00,
0,00000057,false,Rx,0,8,00,00,FE,FF,FE,FF,00,00,
55000,00000625,false,Rx,0,8,25,00,59,86,01,54,5C,06,
77000,000002C4,false,Rx,0,8,03,08,00,00,95,02,00,00,
77000,000002C5,false,Rx,0,8,00,00,00,00,00,00,00,00,
77000,000002C6,false,Rx,0,8,32,00,7C,01,00,00,00,00,
154000,00000625,false,Rx,0,8,25,00,59,86,01,54,5C,06,
222000,00000054,false,Rx,0,8,00,00,FE,FF,D3,02,00,00,
222000,00000055,false,Rx,0,8,10,27,00,00,00,00,00,00,
222000,00000056,false,Rx,0,8,10,27,00,00,00,00,00,00,
222000,00000057,false,Rx,0,8,00,00,FE,FF,FE,FF,00,00,
255000,00000625,false,Rx,0,8,25,00,59,86,01,54,5C,06,
0,000002C4,false,Rx,0,8,03,08,00,00,95,02,00,00,
0,000002C5,false,Rx,0,8,00,00,00,00,00,00,00,00,
296000,000002C6,false,Rx,0,8,32,00,7C,01,00,00,00,00,
355000,00000625,false,Rx,0,8,25,00,59,86,01,54,5C,06,
0,00000054,false,Rx,0,8,00,00,FE,FF,D3,02,00,00,
0,00000055,false,Rx,0,8,10,27,00,00,00,00,00,00,
422000,00000056,false,Rx,0,8,10,27,00,00,00,00,00,00,
422000,00000057,false,Rx,0,8,00,00,FE,FF,FE,FF,00,00,
456000,00000625,false,Rx,0,8,25,00,59,86,01,54,5C,06,
0,000002C4,false,Rx,0,8,03,08,00,00,95,02,00,00,
0,000002C5,false,Rx,0,8,00,00,00,00,00,00,00,00,
517000,000002C6,false,Rx,0,8,32,00,7C,01,00,00,00,00,
554000,00000625,false,Rx,0,8,25,00,59,86,01,54,5C,06,
622000,00000054,false,Rx,0,8,00,00,FE,FF,D3,02,00,00,
622000,00000055,false,Rx,0,8,10,27,00,00,00,00,00,00,
622000,00000056,false,Rx,0,8,10,27,00,00,00,00,00,00,
622000,00000057,false,Rx,0,8,00,00,FE,FF,FE,FF,00,00,
654000,00000625,false,Rx,0,8,25,00,59,86,01,54,5C,06,
0,000002C4,false,Rx,0,8,03,08,00,00,95,02,00,00,
0,000002C5,false,Rx,0,8,00,00,00,00,00,00,00,00,
737000,000002C6,false,Rx,0,8,32,00,7C,01,00,00,00,00,
754000,00000625,false,Rx,0,8,25,00,59,86,01,54,5C,06,
821000,00000054,false,Rx,0,8,00,00,FE,FF,D3,02,00,00,
821000,00000055,false,Rx,0,8,10,27,00,00,00,00,00,00,
822000,00000056,false,Rx,0,8,10,27,00,00,00,00,00,00,
822000,00000057,false,Rx,0,8,00,00,FE,FF,FE,FF,00,00,
855000,00000625,false,Rx,0,8,25,00,59,86,01,54,5C,06,
955000,00000625,false,Rx,0,8,25,00,59,86,01,54,5C,06,
957000,000002C4,false,Rx,0,8,03,08,00,00,95,02,00,00,
957000,000002C5,false,Rx,0,8,00,00,00,00,00,00,00,00,
957000,000002C6,false,Rx,0,8,32,00,7C,01,00,00,00,00,
22000,00000054,false,Rx,0,8,00,00,FE,FF,D3,02,00,00,
22000,00000055,false,Rx,0,8,10,27,00,00,00,00,00,00,
0,00000056,false,Rx,0,8,10,27,00,00,00,00,00,00,
0,00000057,false,Rx,0,8,00,00,FE,FF,FE,FF,00,00,
54000,00000625,false,Rx,0,8,25,00,59,86,01,54,5C,06,
155000,00000625,false,Rx,0,8,25,00,59,86,01,54,5C,06,
0,000002C4,false,Rx,0,8,03,08,00,00,95,02,00,00,
0,000002C5,false,Rx,0,8,00,00,00,00,00,00,00,00,
177000,000002C6,false,Rx,0,8,32,00,7C,01,00,00,00,00,
221000,00000054,false,Rx,0,8,00,00,FE,FF,D3,02,00,00,
221000,00000055,false,Rx,0,8,10,27,00,00,00,00,00,00,
222000,00000056,false,Rx,0,8,10,27,00,00,00,00,00,00,
222000,00000057,false,Rx,0,8,00,00,FE,FF,FE,FF,00,00,
254000,00000625,false,Rx,0,8,25,00,59,86,01,54,5C,06,
355000,00000625,false,Rx,0,8,25,00,59,86,01,54,5C,06,
396000,000002C4,false,Rx,0,8,03,08,00,00,95,02,00,00,
396000,000002C5,false,Rx,0,8,00,00,00,00,00,00,00,00,
396000,000002C6,false,Rx,0,8,32,00,7C,01,00,00,00,00,
0,00000054,false,Rx,0,8,00,00,FE,FF,D3,02,00,00,
0,00000055,false,Rx,0,8,10,27,00,00,00,00,00,00,
422000,00000056,false,Rx,0,8,10,27,00,00,00,00,00,00,
422000,00000057,false,Rx,0,8,00,00,FE,FF,FE,FF,00,00,
455000,00000625,false,Rx,0,8,25,00,59,86,01,54,5C,06,
555000,00000625,false,Rx,0,8,25,00,59,86,01,54,5C,06,
616000,000002C4,false,Rx,0,8,03,08,00,00,95,02,00,00,
617000,000002C5,false,Rx,0,8,00,00,00,00,00,00,00,00,
617000,000002C6,false,Rx,0,8,32,00,7C,01,00,00,00,00,
0,00000054,false,Rx,0,8,00,00,FE,FF,D3,02,00,00,
0,00000055,false,Rx,0,8,10,27,00,00,00,00,00,00,
622000,00000056,false,Rx,0,8,10,27,00,00,00,00,00,00,
622000,00000057,false,Rx,0,8,00,00,FE,FF,FE,FF,00,00,
654000,00000625,false,Rx,0,8,25,00,59,86,01,54,5C,06,
755000,00000625,false,Rx,0,8,25,00,59,86,01,54,5C,06,
0,00000054,false,Rx,0,8,00,00,FE,FF,D3,02,00,00,
0,00000055,false,Rx,0,8,10,27,00,00,00,00,00,00,
0,00000056,false,Rx,0,8,10,27,00,00,00,00,00,00,
0,00000057,false,Rx,0,8,00,00,FE,FF,FE,FF,00,00,
0,000002C4,false,Rx,0,8,03,08,00,00,95,02,00,00,
0,000002C5,false,Rx,0,8,00,00,00,00,00,00,00,00,
839000,000002C6,false,Rx,0,8,32,00,7C,01,00,00,00,00,
855000,00000625,false,Rx,0,8,25,00,59,86,01,54,5C,06,
955000,00000625,false,Rx,0,8,25,00,59,86,01,54,5C,06,
21000,00000054,false,Rx,0,8,00,00,FE,FF,D3,02,00,00,
21000,00000055,false,Rx,0,8,10,27,00,00,00,00,00,00,
0,00000056,false,Rx,0,8,10,27,00,00,00,00,00,00,
0,00000057,false,Rx,0,8,00,00,FE,FF,FE,FF,00,00,
54000,00000625,false,Rx,0,8,25,00,59,86,01,54,5C,06,
56000,000002C4,false,Rx,0,8,03,08,00,00,95,02,00,00,
57000,000002C5,false,Rx,0,8,00,00,00,00,00,00,00,00,
58000,000002C6,false,Rx,0,8,32,00,7C,01,00,00,00,00,
221000,00000054,false,Rx,0,8,00,00,FE,FF,D3,02,00,00,
221000,00000055,false,Rx,0,8,10,27,00,00,00,00,00,00,
222000,00000056,false,Rx,0,8,10,27,00,00,00,00,00,00,
222000,00000057,false,Rx,0,8,00,00,FE,FF,FE,FF,00,00,
0,000002C4,false,Rx,0,8,03,08,00,00,95,02,00,00,
0,000002C5,false,Rx,0,8,00,00,00,00,00,00,00,00,
278000,000002C6,false,Rx,0,8,32,00,7C,01,00,00,00,00,
0,00000054,false,Rx,0,8,00,00,FE,FF,D3,02,00,00,
0,00000055,false,Rx,0,8,10,27,00,00,00,00,00,00,
422000,00000056,false,Rx,0,8,10,27,00,00,00,00,00,00,
424000,00000057,false,Rx,0,8,00,00,FE,FF,FE,FF,00,00,
0,000002C4,false,Rx,0,8,03,08,00,00,94,02,00,00,
0,000002C5,false,Rx,0,8,00,00,00,00,00,00,00,00,
498000,000002C6,false,Rx,0,8,32,00,7C,01,00,00,00,00,
622000,00000054,false,Rx,0,8,00,00,FE,FF,D3,02,00,00,
622000,00000055,false,Rx,0,8,10,27,00,00,00,00,00,00,
622000,00000056,false,Rx,0,8,10,27,00,00,00,00,00,00,
622000,00000057,false,Rx,0,8,00,00,FE,FF,FE,FF,00,00,
716000,000002C4,false,Rx,0,8,03,08,00,00,94,02,00,00,
716000,000002C5,false,Rx,0,8,00,00,00,00,00,00,00,00,
716000,000002C6,false,Rx,0,8,32,00,7C,01,00,00,00,00,
0,00000054,false,Rx,0,8,00,00,FE,FF,D3,02,00,00,
0,00000055,false,Rx,0,8,10,27,00,00,00,00,00,00,
822000,00000056,false,Rx,0,8,10,27,00,00,00,00,00,00,
822000,00000057,false,Rx,0,8,00,00,FE,FF,FE,FF,00,00,
0,000002C4,false,Rx,0,8,03,08,00,00,94,02,00,00,
0,000002C5,false,Rx,0,8,00,00,00,00,00,00,00,00,
937000,000002C6,false,Rx,0,8,32,00,7C,01,00,00,00,00,
0,00000054,false,Rx,0,8,00,00,FE,FF,D3,02,00,00,
0,00000055,false,Rx,0,8,10,27,00,00,00,00,00,00,
0,00000056,false,Rx,0,8,10,27,00,00,00,00,00,00,
0,00000057,false,Rx,0,8,00,00,FE,FF,FE,FF,00,00,
281000,0000060D,false,Rx,0,8,0D,10,83,B6,09,20,70,00,
292000,00000054,false,Rx,0,8,00,00,FE,FF,D6,02,00,00,
292000,00000055,false,Rx,0,8,10,27,00,00,00,00,00,00,
293000,00000056,false,Rx,0,8,10,27,00,00,00,00,00,00,
293000,00000057,false,Rx,0,8,00,00,FE,FF,FE,FF,00,00,
294000,00000065,false,Rx,0,8,D6,02,01,00,00,00,00,00,
382000,0000060D,false,Rx,0,8,0D,10,83,B6,09,20,70,00,
424000,00000625,false,Rx,0,8,25,00,59,86,01,54,5C,06,
427000,000002C4,false,Rx,0,8,03,08,00,00,98,02,00,00,
427000,000002C5,false,Rx,0,8,00,00,00,00,00,00,00,00,
428000,000002C6,false,Rx,0,8,32,00,7C,01,00,00,00,00,
442000,00000065,false,Rx,0,8,D6,02,01,00,00,00,00,00,
482000,0000060D,false,Rx,0,8,0D,10,83,B6,09,20,70,00,
0,00000054,false,Rx,0,8,00,00,FE,FF,D6,02,00,00,
0,00000055,false,Rx,0,8,10,27,00,00,00,00,00,00,
492000,00000056,false,Rx,0,8,10,27,00,00,00,00,00,00,
494000,00000057,false,Rx,0,8,00,00,FE,FF,FE,FF,00,00,
524000,00000625,false,Rx,0,8,25,00,59,86,01,54,5C,06,
582000,0000060D,false,Rx,0,8,0D,10,83,B6,09,20,70,00,
592000,00000065,false,Rx,0,8,D6,02,01,00,00,00,00,00,
624000,00000625,false,Rx,0,8,25,00,59,86,01,54,5C,06,
0,000002C4,false,Rx,0,8,03,08,00,00,98,02,00,00,
0,000002C5,false,Rx,0,8,00,00,00,00,00,00,00,00,
647000,000002C6,false,Rx,0,8,32,00,7C,01,00,00,00,00,
682000,0000060D,false,Rx,0,8,0D,10,83,B6,09,20,70,00,
0,00000054,false,Rx,0,8,00,00,FE,FF,D6,02,00,00,
0,00000055,false,Rx,0,8,10,27,00,00,00,00,00,00,
692000,00000056,false,Rx,0,8,10,27,00,00,00,00,00,00,
692000,00000057,false,Rx,0,8,00,00,FE,FF,FE,FF,00,00,
724000,00000625,false,Rx,0,8,25,00,59,86,01,54,5C,06,
741000,00000065,false,Rx,0,8,D6,02,01,00,00,00,00,00,
782000,0000060D,false,Rx,0,8,0D,10,83,B6,09,20,70,00,
825000,00000625,false,Rx,0,8,25,00,59,86,01,54,5C,06,
0,000002C4,false,Rx,0,8,03,08,00,00,99,02,00,00,
0,000002C5,false,Rx,0,8,00,00,00,00,00,00,00,00,
868000,000002C6,false,Rx,0,8,32,00,7C,01,00,00,00,00,
882000,0000060D,false,Rx,0,8,0D,10,83,B6,09,20,70,00,
0,00000054,false,Rx,0,8,00,00,FE,FF,D6,02,00,00,
0,00000055,false,Rx,0,8,10,27,00,00,00,00,00,00,
892000,00000056,false,Rx,0,8,10,27,00,00,00,00,00,00,
893000,00000057,false,Rx,0,8,00,00,FE,FF,FE,FF,00,00,
925000,00000625,false,Rx,0,8,25,00,59,86,01,54,5C,06,
982000,0000060D,false,Rx,0,8,0D,10,83,B6,09,20,70,00,
24000,00000625,false,Rx,0,8,25,00,59,86,01,54,5C,06,
82000,0000060D,false,Rx,0,8,0D,10,83,B6,09,20,70,00,
87000,000002C4,false,Rx,0,8,03,08,00,00,99,02,00,00,
87000,000002C5,false,Rx,0,8,00,00,00,00,00,00,00,00,
88000,000002C6,false,Rx,0,8,32,00,7C,01,00,00,00,00,
92000,00000054,false,Rx,0,8,00,00,FE,FF,D6,02,00,00,
92000,00000055,false,Rx,0,8,10,27,00,00,00,00,00,00,
92000,00000056,false,Rx,0,8,10,27,00,00,00,00,00,00,
93000,00000057,false,Rx,0,8,00,00,FE,FF,FE,FF,00,00,
124000,00000625,false,Rx,0,8,25,00,59,86,01,54,5C,06,
182000,0000060D,false,Rx,0,8,0D,10,83,B6,09,20,70,00,
224000,00000625,false,Rx,0,8,25,00,59,86,01,54,5C,06,
282000,0000060D,false,Rx,0,8,0D,10,83,B6,09,20,70,00,
292000,00000054,false,Rx,0,8,00,00,FE,FF,D6,02,00,00,
292000,00000055,false,Rx,0,8,10,27,00,00,00,00,00,00,
293000,00000056,false,Rx,0,8,10,27,00,00,00,00,00,00,
293000,00000057,false,Rx,0,8,00,00,FE,FF,FE,FF,00,00,
307000,000002C4,false,Rx,0,8,03,08,00,00,99,02,00,00,
307000,000002C5,false,Rx,0,8,00,00,00,00,00,00,00,00,
308000,000002C6,false,Rx,0,8,32,00,7C,01,00,00,00,00,
325000,00000625,false,Rx,0,8,25,00,59,86,01,54,5C,06,
382000,0000060D,false,Rx,0,8,0D,10,83,B6,09,20,70,00,
424000,00000625,false,Rx,0,8,25,00,59,86,01,54,5C,06,
482000,0000060D,false,Rx,0,8,0D,10,83,B6,09,20,70,00,
492000,00000054,false,Rx,0,8,00,00,FE,FF,D6,02,00,00,
492000,00000055,false,Rx,0,8,10,27,00,00,00,00,00,00,
492000,00000056,false,Rx,0,8,10,27,00,00,00,00,00,00,
492000,00000057,false,Rx,0,8,00,00,FE,FF,FE,FF,00,00,
524000,00000625,false,Rx,0,8,25,00,59,86,01,54,5C,06,
527000,000002C4,false,Rx,0,8,03,08,00,00,99,02,00,00,
527000,000002C5,false,Rx,0,8,00,00,00,00,00,00,00,00,
528000,000002C6,false,Rx,0,8,32,00,7C,01,00,00,00,00,
582000,0000060D,false,Rx,0,8,0D,10,83,B6,09,20,70,00,
624000,00000625,false,Rx,0,8,25,00,59,86,01,54,5C,06,
682000,0000060D,false,Rx,0,8,0D,10,83,B6,09,20,70,00,
0,00000054,false,Rx,0,8,00,00,FE,FF,D6,02,00,00,
0,00000055,false,Rx,0,8,10,27,00,00,00,00,00,00,
692000,00000056,false,Rx,0,8,10,27,00,00,00,00,00,00,
692000,00000057,false,Rx,0,8,00,00,FE,FF,FE,FF,00,00,
725000,00000625,false,Rx,0,8,25,00,59,86,01,54,5C,06,
746000,000002C4,false,Rx,0,8,03,08,00,00,99,02,00,00,
746000,000002C5,false,Rx,0,8,00,00,00,00,00,00,00,00,
748000,000002C6,false,Rx,0,8,32,00,7C,01,00,00,00,00,
782000,0000060D,false,Rx,0,8,0D,10,83,B6,09,20,70,00,
824000,00000625,false,Rx,0,8,25,00,59,86,01,54,5C,06,
882000,0000060D,false,Rx,0,8,0D,10,83,B6,09,20,70,00,
0,00000054,false,Rx,0,8,00,00,FE,FF,D6,02,00,00,
0,00000055,false,Rx,0,8,10,27,00,00,00,00,00,00,
892000,00000056,false,Rx,0,8,10,27,00,00,00,00,00,00,
893000,00000057,false,Rx,0,8,00,00,FE,FF,FE,FF,00,00,
924000,00000625,false,Rx,0,8,25,00,59,86,01,54,5C,06,
0,000002C4,false,Rx,0,8,03,08,00,00,99,02,00,00,
0,000002C5,false,Rx,0,8,00,00,00,00,00,00,00,00,
968000,000002C6,false,Rx,0,8,32,00,7C,01,00,00,00,00,
982000,0000060D,false,Rx,0,8,0D,10,83,B6,09,20,70,00,
24000,00000625,false,Rx,0,8,25,00,59,86,01,54,5C,06,
82000,0000060D,false,Rx,0,8,0D,10,83,B6,09,20,70,00,
92000,00000054,false,Rx,0,8,00,00,FE,FF,D6,02,00,00,
92000,00000055,false,Rx,0,8,10,27,00,00,00,00,00,00,
92000,00000056,false,Rx,0,8,10,27,00,00,00,00,00,00,
92000,00000057,false,Rx,0,8,00,00,FE,FF,FE,FF,00,00,
125000,00000625,false,Rx,0,8,25,00,59,86,01,54,5C,06,
182000,0000060D,false,Rx,0,8,0D,10,83,B6,09,20,70,00,
0,000002C4,false,Rx,0,8,03,08,00,00,99,02,00,00,
0,000002C5,false,Rx,0,8,00,00,00,00,00,00,00,00,
188000,000002C6,false,Rx,0,8,32,00,7C,01,00,00,00,00,
224000,00000625,false,Rx,0,8,25,00,59,86,01,54,5C,06,
282000,0000060D,false,Rx,0,8,0D,10,83,B6,09,20,70,00,
292000,00000054,false,Rx,0,8,00,00,FE,FF,D6,02,00,00,
292000,00000055,false,Rx,0,8,10,27,00,00,00,00,00,00,
293000,00000056,false,Rx,0,8,10,27,00,00,00,00,00,00,
293000,00000057,false,Rx,0,8,00,00,FE,FF,FE,FF,00,00,
325000,00000625,false,Rx,0,8,25,00,59,86,01,54,5C,06,
382000,0000060D,false,Rx,0,8,0D,10,83,B6,09,20,70,00,
407000,000002C4,false,Rx,0,8,03,08,00,00,9A,02,00,00,
407000,000002C5,false,Rx,0,8,00,00,00,00,00,00,00,00,
408000,000002C6,false,Rx,0,8,32,00,7C,01,00,00,00,00,
424000,00000625,false,Rx,0,8,25,00,59,86,01,54,5C,06,
482000,0000060D,false,Rx,0,8,0D,10,83,B6,09,20,70,00,
0,00000054,false,Rx,0,8,00,00,FE,FF,D6,02,00,00,
0,00000055,false,Rx,0,8,10,27,00,00,00,00,00,00,
0,00000056,false,Rx,0,8,10,27,00,00,00,00,00,00,
0,00000057,false,Rx,0,8,00,00,FE,FF,FE,FF,00,00,
524000,00000625,false,Rx,0,8,25,00,59,86,01,54,5C,06,
582000,0000060D,false,Rx,0,8,0D,10,83,B6,09,20,70,00,
624000,00000625,false,Rx,0,8,25,00,59,86,01,54,5C,06,
0,000002C4,false,Rx,0,8,03,08,00,00,9A,02,00,00,
0,000002C5,false,Rx,0,8,00,00,00,00,00,00,00,00,
628000,000002C6,false,Rx,0,8,32,00,7C,01,00,00,00,00,
682000,0000060D,false,Rx,0,8,0D,10,83,B6,09,20,70,00,
692000,00000054,false,Rx,0,8,00,00,FE,FF,D6,02,00,00,
692000,00000055,false,Rx,0,8,10,27,00,00,00,00,00,00,
692000,00000056,false,Rx,0,8,10,27,00,00,00,00,00,00,
693000,00000057,false,Rx,0,8,00,00,FE,FF,FE,FF,00,00,
725000,00000625,false,Rx,0,8,25,00,59,86,01,54,5C,06,
782000,0000060D,false,Rx,0,8,0D,10,83,B6,09,20,70,00,
825000,00000625,false,Rx,0,8,25,00,59,86,01,54,5C,06,
847000,000002C4,false,Rx,0,8,03,08,00,00,9A,02,00,00,
848000,000002C5,false,Rx,0,8,00,00,00,00,00,00,00,00,
848000,000002C6,false,Rx,0,8,32,00,7C,01,00,00,00,00,
881000,0000060D,false,Rx,0,8,0D,10,83,B6,09,20,70,00,
892000,00000054,false,Rx,0,8,00,00,FE,FF,D6,02,00,00,
892000,00000055,false,Rx,0,8,10,27,00,00,00,00,00,00,
892000,00000056,false,Rx,0,8,10,27,00,00,00,00,00,00,
894000,00000057,false,Rx,0,8,00,00,FE,FF,FE,FF,00,00,
924000,00000625,false,Rx,0,8,25,00,59,86,01,54,5C,06,
982000,0000060D,false,Rx,0,8,0D,10,83,B6,09,20,70,00,
24000,00000625,false,Rx,0,8,25,00,59,86,01,54,5C,06,
66000,000002C4,false,Rx,0,8,03,08,00,00,9A,02,00,00,
66000,000002C5,false,Rx,0,8,00,00,00,00,00,00,00,00,
68000,000002C6,false,Rx,0,8,32,00,7C,01,00,00,00,00,
82000,0000060D,false,Rx,0,8,0D,10,83,B6,09,20,70,00,
0,00000054,false,Rx,0,8,00,00,FE,FF,D6,02,00,00,
0,00000055,false,Rx,0,8,10,27,00,00,00,00,00,00,
92000,00000056,false,Rx,0,8,10,27,00,00,00,00,00,00,
92000,00000057,false,Rx,0,8,00,00,FE,FF,FE,FF,00,00,
125000,00000625,false,Rx,0,8,25,00,59,86,01,54,5C,06,
182000,0000060D,false,Rx,0,8,0D,10,83,B6,09,20,70,00,
224000,00000625,false,Rx,0,8,25,00,59,86,01,54,5C,06,
282000,0000060D,false,Rx,0,8,0D,10,83,B6,09,20,70,00,
286000,000002C4,false,Rx,0,8,03,08,00,00,9A,02,00,00,
288000,000002C5,false,Rx,0,8,00,00,00,00,00,00,00,00,
288000,000002C6,false,Rx,0,8,32,00,7C,01,00,00,00,00,
292000,00000054,false,Rx,0,8,00,00,FE,FF,D6,02,00,00,
292000,00000055,false,Rx,0,8,10,27,00,00,00,00,00,00,
292000,00000056,false,Rx,0,8,10,27,00,00,00,00,00,00,
293000,00000057,false,Rx,0,8,00,00,FE,FF,FE,FF,00,00,
324000,00000625,false,Rx,0,8,25,00,59,86,01,54,5C,06,
382000,0000060D,false,Rx,0,8,0D,10,83,B6,09,20,70,00,
424000,00000625,false,Rx,0,8,25,00,59,86,01,54,5C,06,
482000,0000060D,false,Rx,0,8,0D,10,83,B6,09,20,70,00,
492000,00000054,false,Rx,0,8,00,00,FE,FF,D6,02,00,00,
492000,00000055,false,Rx,0,8,10,27,00,00,00,00,00,00,
492000,00000056,false,Rx,0,8,10,27,00,00,00,00,00,00,
492000,00000057,false,Rx,0,8,00,00,FE,FF,FE,FF,00,00,
506000,000002C4,false,Rx,0,8,03,08,00,00,9A,02,00,00,
508000,000002C5,false,Rx,0,8,00,00,00,00,00,00,00,00,
508000,000002C6,false,Rx,0,8,32,00,7C,01,00,00,00,00,
525000,00000625,false,Rx,0,8,25,00,59,86,01,54,5C,06,
581000,0000060D,false,Rx,0,8,0D,10,83,B6,09,20,70,00,
624000,00000625,false,Rx,0,8,25,00,59,86,01,54,5C,06,
683000,0000060D,false,Rx,0,8,0D,10,83,B6,09,20,70,00,
691000,00000054,false,Rx,0,8,00,00,FE,FF,D6,02,00,00,
691000,00000055,false,Rx,0,8,10,27,00,00,00,00,00,00,
692000,00000056,false,Rx,0,8,10,27,00,00,00,00,00,00,
692000,00000057,false,Rx,0,8,00,00,FE,FF,FE,FF,00,00,
724000,00000625,false,Rx,0,8,25,00,59,86,01,54,5C,06,
727000,000002C4,false,Rx,0,8,03,08,00,00,9A,02,00,00,
727000,000002C5,false,Rx,0,8,00,00,00,00,00,00,00,00,
728000,000002C6,false,Rx,0,8,32,00,7C,01,00,00,00,00,
782000,0000060D,false,Rx,0,8,0D,10,83,B6,09,20,70,00,
825000,00000625,false,Rx,0,8,25,00,59,86,01,54,5C,06,
882000,0000060D,false,Rx,0,8,0D,10,83,B6,09,20,70,00,
0,00000054,false,Rx,0,8,00,00,FE,FF,D6,02,00,00,
0,00000055,false,Rx,0,8,10,27,00,00,00,00,00,00,
0,00000056,false,Rx,0,8,10,27,00,00,00,00,00,00,
892000,00000057,false,Rx,0,8,00,00,FE,FF,FE,FF,00,00,
926000,00000625,false,Rx,0,8,25,00,59,86,01,54,5C,06,
948000,000002C4,false,Rx,0,8,03,08,00,00,9A,02,00,00,
948000,000002C5,false,Rx,0,8,00,00,00,00,00,00,00,00,
948000,000002C6,false,Rx,0,8,32,00,7C,01,00,00,00,00,
982000,0000060D,false,Rx,0,8,0D,10,83,B6,09,20,70,00,
25000,00000625,false,Rx,0,8,25,00,59,86,01,54,5C,06,
81000,0000060D,false,Rx,0,8,0D,10,83,B6,09,20,70,00,
92000,00000054,false,Rx,0,8,00,00,FE,FF,D6,02,00,00,
92000,00000055,false,Rx,0,8,10,27,00,00,00,00,00,00,
92000,00000056,false,Rx,0,8,10,27,00,00,00,00,00,00,
92000,00000057,false,Rx,0,8,00,00,FE,FF,FE,FF,00,00,
124000,00000625,false,Rx,0,8,25,00,59,86,01,54,5C,06,
166000,000002C4,false,Rx,0,8,03,08,00,00,9B,02,00,00,
166000,000002C5,false,Rx,0,8,00,00,00,00,00,00,00,00,
168000,000002C6,false,Rx,0,8,32,00,7C,01,00,00,00,00,
182000,0000060D,false,Rx,0,8,0D,10,83,B6,09,20,70,00,
224000,00000625,false,Rx,0,8,25,00,59,86,01,54,5C,06,
281000,0000060D,false,Rx,0,8,0D,10,83,B6,09,20,70,00,
0,00000054,false,Rx,0,8,00,00,FE,FF,D6,02,00,00,
0,00000055,false,Rx,0,8,10,27,00,00,00,00,00,00,
292000,00000056,false,Rx,0,8,10,27,00,00,00,00,00,00,
292000,00000057,false,Rx,0,8,00,00,FE,FF,FE,FF,00,00,
324000,00000625,false,Rx,0,8,25,00,59,86,01,54,5C,06,
387000,000002C4,false,Rx,0,8,03,08,00,00,9B,02,00,00,
388000,000002C5,false,Rx,0,8,00,00,00,00,00,00,00,00,
388000,000002C6,false,Rx,0,8,32,00,7C,01,00,00,00,00,
424000,00000625,false,Rx,0,8,25,00,59,86,01,54,5C,06,
492000,00000054,false,Rx,0,8,00,00,FE,FF,D6,02,00,00,
492000,00000055,false,Rx,0,8,10,27,00,00,00,00,00,00,
492000,00000056,false,Rx,0,8,10,27,00,00,00,00,00,00,
492000,00000057,false,Rx,0,8,00,00,FE,FF,FE,FF,00,00,
524000,00000625,false,Rx,0,8,25,00,59,86,01,54,5C,06,
608000,000002C4,false,Rx,0,8,03,08,00,00,9B,02,00,00,
608000,000002C5,false,Rx,0,8,00,00,00,00,00,00,00,00,
608000,000002C6,false,Rx,0,8,32,00,7C,01,00,00,00,00,
624000,00000625,false,Rx,0,8,25,00,59,86,01,54,5C,06,
692000,00000054,false,Rx,0,8,00,00,FE,FF,D6,02,00,00,
692000,00000055,false,Rx,0,8,10,27,00,00,00,00,00,00,
693000,00000056,false,Rx,0,8,10,27,00,00,00,00,00,00,
693000,00000057,false,Rx,0,8,00,00,FE,FF,FE,FF,00,00,
724000,00000625,false,Rx,0,8,25,00,59,86,01,54,5C,06,
825000,00000625,false,Rx,0,8,25,00,59,86,01,54,5C,06,
828000,000002C4,false,Rx,0,8,03,08,00,00,9B,02,00,00,
828000,000002C5,false,Rx,0,8,00,00,00,00,00,00,00,00,
828000,000002C6,false,Rx,0,8,32,00,7C,01,00,00,00,00,
0,00000054,false,Rx,0,8,00,00,FE,FF,D6,02,00,00,
0,00000055,false,Rx,0,8,10,27,00,00,00,00,00,00,
0,00000056,false,Rx,0,8,10,27,00,00,00,00,00,00,
893000,00000057,false,Rx,0,8,00,00,FE,FF,FE,FF,00,00,
925000,00000625,false,Rx,0,8,25,00,59,86,01,54,5C,06,
24000,00000625,false,Rx,0,8,25,00,59,86,01,54,5C,06,
0,000002C4,false,Rx,0,8,03,08,00,00,9B,02,00,00,
0,000002C5,false,Rx,0,8,00,00,00,00,00,00,00,00,
48000,000002C6,false,Rx,0,8,32,00,7C,01,00,00,00,00,
0,00000054,false,Rx,0,8,00,00,FE,FF,D6,02,00,00,
0,00000055,false,Rx,0,8,10,27,00,00,00,00,00,00,
92000,00000056,false,Rx,0,8,10,27,00,00,00,00,00,00,
92000,00000057,false,Rx,0,8,00,00,FE,FF,FE,FF,00,00,
125000,00000625,false,Rx,0,8,25,00,59,86,01,54,5C,06,
224000,00000625,false,Rx,0,8,25,00,59,86,01,54,5C,06,
0,000002C4,false,Rx,0,8,03,08,00,00,9C,02,00,00,
0,000002C5,false,Rx,0,8,00,00,00,00,00,00,00,00,
268000,000002C6,false,Rx,0,8,32,00,7C,01,00,00,00,00,
292000,00000054,false,Rx,0,8,00,00,FE,FF,D6,02,00,00,
292000,00000055,false,Rx,0,8,10,27,00,00,00,00,00,00,
292000,00000056,false,Rx,0,8,10,27,00,00,00,00,00,00,
293000,00000057,false,Rx,0,8,00,00,FE,FF,FE,FF,00,00,
324000,00000625,false,Rx,0,8,25,00,59,86,01,54,5C,06,
424000,00000625,false,Rx,0,8,25,00,59,86,01,54,5C,06,
0,000002C4,false,Rx,0,8,03,08,00,00,9C,02,00,00,
0,000002C5,false,Rx,0,8,00,00,00,00,00,00,00,00,
0,000002C6,false,Rx,0,8,32,00,7C,01,00,00,00,00,
492000,00000054,false,Rx,0,8,00,00,FE,FF,D6,02,00,00,
492000,00000055,false,Rx,0,8,10,27,00,00,00,00,00,00,
492000,00000056,false,Rx,0,8,10,27,00,00,00,00,00,00,
493000,00000057,false,Rx,0,8,00,00,FE,FF,FE,FF,00,00,
524000,00000625,false,Rx,0,8,25,00,59,86,01,54,5C,06,
624000,00000625,false,Rx,0,8,25,00,59,86,01,54,5C,06,
692000,00000054,false,Rx,0,8,00,00,FE,FF,D6,02,00,00,
692000,00000055,false,Rx,0,8,10,27,00,00,00,00,00,00,
692000,00000056,false,Rx,0,8,10,27,00,00,00,00,00,00,
693000,00000057,false,Rx,0,8,00,00,FE,FF,FE,FF,00,00,
708000,000002C4,false,Rx,0,8,03,08,00,00,9C,02,00,00,
708000,000002C5,false,Rx,0,8,00,00,00,00,00,00,00,00,
708000,000002C6,false,Rx,0,8,32,00,7C,01,00,00,00,00,
724000,00000625,false,Rx,0,8,25,00,59,86,01,54,5C,06,
824000,00000625,false,Rx,0,8,25,00,59,86,01,54,5C,06,
0,00000054,false,Rx,0,8,00,00,FE,FF,D6,02,00,00,
0,00000055,false,Rx,0,8,10,27,00,00,00,00,00,00,
893000,00000056,false,Rx,0,8,10,27,00,00,00,00,00,00,
894000,00000057,false,Rx,0,8,00,00,FE,FF,FE,FF,00,00,
925000,00000625,false,Rx,0,8,25,00,59,86,01,54,5C,06,
927000,000002C4,false,Rx,0,8,03,08,00,00,9C,02,00,00,
927000,000002C5,false,Rx,0,8,00,00,00,00,00,00,00,00,
928000,000002C6,false,Rx,0,8,32,00,7C,01,00,00,00,00,
24000,00000625,false,Rx,0,8,25,00,59,86,01,54,5C,06,
92000,00000054,false,Rx,0,8,00,00,FE,FF,D6,02,00,00,
92000,00000055,false,Rx,0,8,10,27,00,00,00,00,00,00,
0,00000056,false,Rx,0,8,10,27,00,00,00,00,00,00,
0,00000057,false,Rx,0,8,00,00,FE,FF,FE,FF,00,00,
125000,00000625,false,Rx,0,8,25,00,59,86,01,54,5C,06,
147000,000002C4,false,Rx,0,8,03,08,00,00,9C,02,00,00,
148000,000002C5,false,Rx,0,8,00,00,00,00,00,00,00,00,
148000,000002C6,false,Rx,0,8,32,00,7C,01,00,00,00,00,
224000,00000625,false,Rx,0,8,25,00,59,86,01,54,5C,06,
292000,00000054,false,Rx,0,8,00,00,FE,FF,D6,02,00,00,
292000,00000055,false,Rx,0,8,10,27,00,00,00,00,00,00,
0,00000056,false,Rx,0,8,10,27,00,00,00,00,00,00,
0,00000057,false,Rx,0,8,00,00,FE,FF,FE,FF,00,00,
324000,00000625,false,Rx,0,8,25,00,59,86,01,54,5C,06,
368000,000002C4,false,Rx,0,8,03,08,00,00,9C,02,00,00,
368000,000002C5,false,Rx,0,8,00,00,00,00,00,00,00,00,
368000,000002C6,false,Rx,0,8,32,00,7C,01,00,00,00,00,
424000,00000625,false,Rx,0,8,25,00,59,86,01,54,5C,06,
492000,00000054,false,Rx,0,8,00,00,FE,FF,D6,02,00,00,
492000,00000055,false,Rx,0,8,10,27,00,00,00,00,00,00,
0,00000056,false,Rx,0,8,10,27,00,00,00,00,00,00,
0,00000057,false,Rx,0,8,00,00,FE,FF,FE,FF,00,00,
524000,00000625,false,Rx,0,8,25,00,59,86,01,54,5C,06,
586000,000002C4,false,Rx,0,8,03,08,00,00,9C,02,00,00,
588000,000002C5,false,Rx,0,8,00,00,00,00,00,00,00,00,
588000,000002C6,false,Rx,0,8,32,00,7C,01,00,00,00,00,
624000,00000625,false,Rx,0,8,25,00,59,86,01,54,5C,06,
0,00000054,false,Rx,0,8,00,00,FE,FF,D6,02,00,00,
0,00000055,false,Rx,0,8,10,27,00,00,00,00,00,00,
0,00000056,false,Rx,0,8,10,27,00,00,00,00,00,00,
0,00000057,false,Rx,0,8,00,00,FE,FF,FE,FF,00,00,
725000,00000625,false,Rx,0,8,25,00,59,86,01,54,5C,06,
0,000002C4,false,Rx,0,8,03,08,00,00,9C,02,00,00,
0,000002C5,false,Rx,0,8,00,00,00,00,00,00,00,00,
808000,000002C6,false,Rx,0,8,32,00,7C,01,00,00,00,00,
824000,00000625,false,Rx,0,8,25,00,59,86,01,54,5C,06,
0,00000054,false,Rx,0,8,00,00,FE,FF,D6,02,00,00,
0,00000055,false,Rx,0,8,10,27,00,00,00,00,00,00,
892000,00000056,false,Rx,0,8,10,27,00,00,00,00,00,00,
893000,00000057,false,Rx,0,8,00,00,FE,FF,FE,FF,00,00,
924000,00000625,false,Rx,0,8,25,00,59,86,01,54,5C,06,
24000,00000625,false,Rx,0,8,25,00,59,86,01,54,5C,06,
27000,000002C4,false,Rx,0,8,03,08,00,00,9C,02,00,00,
27000,000002C5,false,Rx,0,8,00,00,00,00,00,00,00,00,
28000,000002C6,false,Rx,0,8,32,00,7C,01,00,00,00,00,
92000,00000054,false,Rx,0,8,00,00,FE,FF,D6,02,00,00,
92000,00000055,false,Rx,0,8,10,27,00,00,00,00,00,00,
92000,00000056,false,Rx,0,8,10,27,00,00,00,00,00,00,
93000,00000057,false,Rx,0,8,00,00,FE,FF,FE,FF,00,00,
124000,00000625,false,Rx,0,8,25,00,59,86,01,54,5C,06,
224000,00000625,false,Rx,0,8,25,00,59,86,01,54,5C,06,
0,000002C4,false,Rx,0,8,03,08,00,00,9D,02,00,00,
0,000002C5,false,Rx,0,8,00,00,00,00,00,00,00,00,
248000,000002C6,false,Rx,0,8,32,00,7C,01,00,00,00,00,
291000,00000054,false,Rx,0,8,00,00,FE,FF,D6,02,00,00,
292000,00000055,false,Rx,0,8,10,27,00,00,00,00,00,00,
292000,00000056,false,Rx,0,8,10,27,00,00,00,00,00,00,
293000,00000057,false,Rx,0,8,00,00,FE,FF,FE,FF,00,00,
324000,00000625,false,Rx,0,8,25,00,59,86,01,54,5C,06,
424000,00000625,false,Rx,0,8,25,00,59,86,01,54,5C,06,
0,000002C4,false,Rx,0,8,03,08,00,00,9D,02,00,00,
0,000002C5,false,Rx,0,8,00,00,00,00,00,00,00,00,
0,000002C6,false,Rx,0,8,32,00,7C,01,00,00,00,00,
492000,00000054,false,Rx,0,8,00,00,FE,FF,D6,02,00,00,
492000,00000055,false,Rx,0,8,10,27,00,00,00,00,00,00,
492000,00000056,false,Rx,0,8,10,27,00,00,00,00,00,00,
492000,00000057,false,Rx,0,8,00,00,FE,FF,FE,FF,00,00,
524000,00000625,false,Rx,0,8,25,00,59,86,01,54,5C,06,
625000,00000625,false,Rx,0,8,25,00,59,86,01,54,5C,06,
688000,000002C4,false,Rx,0,8,03,08,00,00,9D,02,00,00,
688000,000002C5,false,Rx,0,8,00,00,00,00,00,00,00,00,
688000,000002C6,false,Rx,0,8,32,00,7C,01,00,00,00,00,
692000,00000054,false,Rx,0,8,00,00,FE,FF,D6,02,00,00,
692000,00000055,false,Rx,0,8,10,27,00,00,00,00,00,00,
693000,00000056,false,Rx,0,8,10,27,00,00,00,00,00,00,
693000,00000057,false,Rx,0,8,00,00,FE,FF,FE,FF,00,00,
724000,00000625,false,Rx,0,8,25,00,59,86,01,54,5C,06,
824000,00000625,false,Rx,0,8,25,00,59,86,01,54,5C,06,
0,00000054,false,Rx,0,8,00,00,FE,FF,D6,02,00,00,
0,00000055,false,Rx,0,8,10,27,00,00,00,00,00,00,
892000,00000056,false,Rx,0,8,10,27,00,00,00,00,00,00,
892000,00000057,false,Rx,0,8,00,00,FE,FF,FE,FF,00,00,
906000,000002C4,false,Rx,0,8,03,08,00,00,9D,02,00,00,
908000,000002C5,false,Rx,0,8,00,00,00,00,00,00,00,00,
908000,000002C6,false,Rx,0,8,32,00,7C,01,00,00,00,00,
924000,00000625,false,Rx,0,8,25,00,59,86,01,54,5C,06,
24000,00000625,false,Rx,0,8,25,00,59,86,01,54,5C,06,
92000,00000054,false,Rx,0,8,00,00,FE,FF,D6,02,00,00,
0,00000055,false,Rx,0,8,10,27,00,00,00,00,00,00,
0,00000056,false,Rx,0,8,10,27,00,00,00,00,00,00,
93000,00000057,false,Rx,0,8,00,00,FE,FF,FE,FF,00,00,
124000,00000625,false,Rx,0,8,25,00,59,86,01,54,5C,06,
128000,000002C4,false,Rx,0,8,03,08,00,00,9D,02,00,00,
128000,000002C5,false,Rx,0,8,00,00,00,00,00,00,00,00,
128000,000002C6,false,Rx,0,8,32,00,7C,01,00,00,00,00,
225000,00000625,false,Rx,0,8,25,00,59,86,01,54,5C,06,
292000,00000054,false,Rx,0,8,00,00,FE,FF,D6,02,00,00,
0,00000055,false,Rx,0,8,10,27,00,00,00,00,00,00,
0,00000056,false,Rx,0,8,10,27,00,00,00,00,00,00,
0,00000057,false,Rx,0,8,00,00,FE,FF,FE,FF,00,00,
324000,00000625,false,Rx,0,8,25,00,59,86,01,54,5C,06,
347000,000002C4,false,Rx,0,8,03,08,00,00,9D,02,00,00,
347000,000002C5,false,Rx,0,8,00,00,00,00,00,00,00,00,
348000,000002C6,false,Rx,0,8,32,00,7C,01,00,00,00,00,
424000,00000625,false,Rx,0,8,25,00,59,86,01,54,5C,06,
492000,00000054,false,Rx,0,8,00,00,FE,FF,D6,02,00,00,
492000,00000055,false,Rx,0,8,10,27,00,00,00,00,00,00,
492000,00000056,false,Rx,0,8,10,27,00,00,00,00,00,00,
492000,00000057,false,Rx,0,8,00,00,FE,FF,FE,FF,00,00,
524000,00000625,false,Rx,0,8,25,00,59,86,01,54,5C,06,
566000,000002C4,false,Rx,0,8,03,08,00,00,9D,02,00,00,
568000,000002C5,false,Rx,0,8,00,00,00,00,00,00,00,00,
568000,000002C6,false,Rx,0,8,32,00,7C,01,00,00,00,00,
624000,00000625,false,Rx,0,8,25,00,59,86,01,54,5C,06,
692000,00000054,false,Rx,0,8,00,00,FE,FF,D6,02,00,00,
692000,00000055,false,Rx,0,8,10,27,00,00,00,00,00,00,
692000,00000056,false,Rx,0,8,10,27,00,00,00,00,00,00,
693000,00000057,false,Rx,0,8,00,00,FE,FF,FE,FF,00,00,
787000,000002C4,false,Rx,0,8,03,08,00,00,9D,02,00,00,
788000,000002C5,false,Rx,0,8,00,00,00,00,00,00,00,00,
788000,000002C6,false,Rx,0,8,32,00,7C,01,00,00,00,00,
0,00000054,false,Rx,0,8,00,00,FE,FF,D6,02,00,00,
0,00000055,false,Rx,0,8,10,27,00,00,00,00,00,00,
0,00000056,false,Rx,0,8,10,27,00,00,00,00,00,00,
0,00000057,false,Rx,0,8,00,00,FE,FF,FE,FF,00,00,
7000,000002C4,false,Rx,0,8,03,08,00,00,9D,02,00,00,
7000,000002C5,false,Rx,0,8,00,00,00,00,00,00,00,00,
8000,000002C6,false,Rx,0,8,32,00,7C,01,00,00,00,00,
92000,00000054,false,Rx,0,8,00,00,FE,FF,D6,02,00,00,
92000,00000055,false,Rx,0,8,10,27,00,00,00,00,00,00,
92000,00000056,false,Rx,0,8,10,27,00,00,00,00,00,00,
93000,00000057,false,Rx,0,8,00,00,FE,FF,FE,FF,00,00,
226000,000002C4,false,Rx,0,8,03,08,00,00,9D,02,00,00,
228000,000002C5,false,Rx,0,8,00,00,00,00,00,00,00,00,
228000,000002C6,false,Rx,0,8,32,00,7C,01,00,00,00,00,
0,00000054,false,Rx,0,8,00,00,FE,FF,D6,02,00,00,
0,00000055,false,Rx,0,8,10,27,00,00,00,00,00,00,
0,00000056,false,Rx,0,8,10,27,00,00,00,00,00,00,
0,00000057,false,Rx,0,8,00,00,FE,FF,FE,FF,00,00,
448000,000002C4,false,Rx,0,8,03,08,00,00,9D,02,00,00,
448000,000002C5,false,Rx,0,8,00,00,00,00,00,00,00,00,
448000,000002C6,false,Rx,0,8,32,00,7C,01,00,00,00,00,
0,00000054,false,Rx,0,8,00,00,FE,FF,D6,02,00,00,
0,00000055,false,Rx,0,8,10,27,00,00,00,00,00,00,
0,00000056,false,Rx,0,8,10,27,00,00,00,00,00,00,
0,00000057,false,Rx,0,8,00,00,FE,FF,FE,FF,00,00,
