Time Stamp,ID,Extended,Dir,Bus,LEN,D1,D2,D3,D4,D5,D6,D7,D8
752000,0000060D,false,Rx,0,8,0D,10,82,B6,09,20,70,00,
762000,00000054,false,Rx,0,8,00,00,FE,FF,FE,FF,00,00,
762000,00000055,false,Rx,0,8,10,27,00,00,00,00,00,00,
763000,00000056,false,Rx,0,8,10,27,00,00,00,00,00,00,
763000,00000057,false,Rx,0,8,00,00,FE,FF,FE,FF,00,00,
783000,00000625,false,Rx,0,8,25,00,58,86,01,54,5C,06,
793000,000002C4,false,Rx,0,8,02,00,00,00,28,02,00,00,
0,000002C5,false,Rx,0,8,00,00,00,00,00,00,00,00,
0,000002C6,false,Rx,0,8,32,00,7C,01,00,00,00,00,
823000,00000065,false,Rx,0,8,69,02,01,00,00,00,00,00,
852000,0000060D,false,Rx,0,8,0D,10,82,B6,09,20,70,00,
881000,00000625,false,Rx,0,8,25,00,58,86,01,54,5C,06,
952000,0000060D,false,Rx,0,8,0D,10,82,B6,09,20,70,00,
962000,00000054,false,Rx,0,8,00,00,FE,FF,6A,02,00,00,
962000,00000055,false,Rx,0,8,10,27,00,00,00,00,00,00,
962000,00000056,false,Rx,0,8,10,27,00,00,00,00,00,00,
962000,00000057,false,Rx,0,8,00,00,FE,FF,FE,FF,00,00,
972000,00000065,false,Rx,0,8,69,02,01,00,00,00,00,00,
981000,00000625,false,Rx,0,8,25,00,59,86,01,54,5C,06,
0,000002C4,false,Rx,0,8,02,00,00,00,28,02,00,00,
0,000002C5,false,Rx,0,8,00,00,00,00,00,00,00,00,
12000,000002C6,false,Rx,0,8,32,00,7C,01,00,00,00,00,
52000,0000060D,false,Rx,0,8,0D,10,82,B6,09,20,70,00,
81000,00000625,false,Rx,0,8,25,00,59,86,01,54,5C,06,
122000,00000065,false,Rx,0,8,69,02,01,00,00,00,00,00,
152000,0000060D,false,Rx,0,8,0D,10,82,B6,09,20,70,00,
0,00000054,false,Rx,0,8,00,00,FE,FF,6A,02,00,00,
0,00000055,false,Rx,0,8,10,27,00,00,00,00,00,00,
161000,00000056,false,Rx,0,8,10,27,00,00,00,00,00,00,
162000,00000057,false,Rx,0,8,00,00,FE,FF,FE,FF,00,00,
182000,00000625,false,Rx,0,8,25,00,59,86,01,54,5C,06,
0,000002C4,false,Rx,0,8,02,00,00,00,28,02,00,00,
0,000002C5,false,Rx,0,8,00,00,00,00,00,00,00,00,
232000,000002C6,false,Rx,0,8,32,00,7C,01,00,00,00,00,
252000,0000060D,false,Rx,0,8,0D,10,82,B6,09,20,70,00,
271000,00000065,false,Rx,0,8,69,02,01,00,00,00,00,00,
281000,00000625,false,Rx,0,8,25,00,59,86,01,54,5C,06,
352000,0000060D,false,Rx,0,8,0D,10,82,B6,09,20,70,00,
0,00000054,false,Rx,0,8,00,00,FE,FF,6A,02,00,00,
0,00000055,false,Rx,0,8,10,27,00,00,00,00,00,00,
362000,00000056,false,Rx,0,8,10,27,00,00,00,00,00,00,
363000,00000057,false,Rx,0,8,00,00,FE,FF,FE,FF,00,00,
381000,00000625,false,Rx,0,8,25,00,59,86,01,54,5C,06,
452000,0000060D,false,Rx,0,8,0D,10,82,B6,09,20,70,00,
0,000002C4,false,Rx,0,8,02,00,00,00,28,02,00,00,
0,000002C5,false,Rx,0,8,00,00,00,00,00,00,00,00,
0,000002C6,false,Rx,0,8,32,00,7C,01,00,00,00,00,
481000,00000625,false,Rx,0,8,25,00,59,86,01,54,5C,06,
551000,0000060D,false,Rx,0,8,0D,10,82,B6,09,20,70,00,
562000,00000054,false,Rx,0,8,00,00,FE,FF,6A,02,00,00,
562000,00000055,false,Rx,0,8,10,27,00,00,00,00,00,00,
562000,00000056,false,Rx,0,8,10,27,00,00,00,00,00,00,
562000,00000057,false,Rx,0,8,00,00,FE,FF,FE,FF,00,00,
582000,00000625,false,Rx,0,8,25,00,59,86,01,54,5C,06,
652000,0000060D,false,Rx,0,8,0D,10,82,B6,09,20,70,00,
672000,000002C4,false,Rx,0,8,03,00,00,00,28,02,00,00,
673000,000002C5,false,Rx,0,8,00,00,00,00,00,00,00,00,
673000,000002C6,false,Rx,0,8,32,00,7C,01,00,00,00,00,
681000,00000625,false,Rx,0,8,25,00,59,86,01,54,5C,06,
751000,0000060D,false,Rx,0,8,0D,10,82,B6,09,20,70,00,
761000,00000054,false,Rx,0,8,00,00,FE,FF,6A,02,00,00,
0,00000055,false,Rx,0,8,10,27,00,00,00,00,00,00,
0,00000056,false,Rx,0,8,10,27,00,00,00,00,00,00,
762000,00000057,false,Rx,0,8,00,00,FE,FF,FE,FF,00,00,
781000,00000625,false,Rx,0,8,25,00,59,86,01,54,5C,06,
852000,0000060D,false,Rx,0,8,0D,10,82,B6,09,20,70,00,
881000,00000625,false,Rx,0,8,25,00,59,86,01,54,5C,06,
893000,000002C4,false,Rx,0,8,03,00,00,00,29,02,00,00,
893000,000002C5,false,Rx,0,8,00,00,00,00,00,00,00,00,
893000,000002C6,false,Rx,0,8,32,00,7C,01,00,00,00,00,
952000,0000060D,false,Rx,0,8,0D,10,82,B6,09,20,70,00,
962000,00000054,false,Rx,0,8,00,00,FE,FF,6A,02,00,00,
962000,00000055,false,Rx,0,8,10,27,00,00,00,00,00,00,
962000,00000056,false,Rx,0,8,10,27,00,00,00,00,00,00,
962000,00000057,false,Rx,0,8,00,00,FE,FF,FE,FF,00,00,
981000,00000625,false,Rx,0,8,25,00,59,86,01,54,5C,06,
51000,0000060D,false,Rx,0,8,0D,10,82,B6,09,20,70,00,
80000,00000625,false,Rx,0,8,25,00,59,86,01,54,5C,06,
113000,000002C4,false,Rx,0,8,03,00,00,00,28,02,00,00,
113000,000002C5,false,Rx,0,8,00,00,00,00,00,00,00,00,
113000,000002C6,false,Rx,0,8,32,00,7C,01,00,00,00,00,
152000,0000060D,false,Rx,0,8,0D,10,82,B6,09,20,70,00,
0,00000054,false,Rx,0,8,00,00,FE,FF,6A,02,00,00,
0,00000055,false,Rx,0,8,10,27,00,00,00,00,00,00,
161000,00000056,false,Rx,0,8,10,27,00,00,00,00,00,00,
162000,00000057,false,Rx,0,8,00,00,FE,FF,FE,FF,00,00,
181000,00000625,false,Rx,0,8,25,00,59,86,01,54,5C,06,
252000,0000060D,false,Rx,0,8,0D,10,82,B6,09,20,70,00,
281000,00000625,false,Rx,0,8,25,00,59,86,01,54,5C,06,
332000,000002C4,false,Rx,0,8,03,00,00,00,29,02,00,00,
332000,000002C5,false,Rx,0,8,00,00,00,00,00,00,00,00,
333000,000002C6,false,Rx,0,8,32,00,7C,01,00,00,00,00,
351000,0000060D,false,Rx,0,8,0D,10,82,B6,09,20,70,00,
361000,00000054,false,Rx,0,8,00,00,FE,FF,6A,02,00,00,
361000,00000055,false,Rx,0,8,10,27,00,00,00,00,00,00,
361000,00000056,false,Rx,0,8,10,27,00,00,00,00,00,00,
362000,00000057,false,Rx,0,8,00,00,FE,FF,FE,FF,00,00,
381000,00000625,false,Rx,0,8,25,00,59,86,01,54,5C,06,
452000,0000060D,false,Rx,0,8,0D,10,82,B6,09,20,70,00,
481000,00000625,false,Rx,0,8,25,00,59,86,01,54,5C,06,
551000,0000060D,false,Rx,0,8,0D,10,82,B6,09,20,70,00,
552000,000002C4,false,Rx,0,8,03,00,00,00,29,02,00,00,
552000,000002C5,false,Rx,0,8,00,00,00,00,00,00,00,00,
553000,000002C6,false,Rx,0,8,32,00,7C,01,00,00,00,00,
0,00000054,false,Rx,0,8,00,00,FE,FF,6A,02,00,00,
0,00000055,false,Rx,0,8,10,27,00,00,00,00,00,00,
561000,00000056,false,Rx,0,8,10,27,00,00,00,00,00,00,
562000,00000057,false,Rx,0,8,00,00,FE,FF,FE,FF,00,00,
581000,00000625,false,Rx,0,8,25,00,59,86,01,54,5C,06,
652000,0000060D,false,Rx,0,8,0D,10,82,B6,09,20,70,00,
682000,00000625,false,Rx,0,8,25,00,59,86,01,54,5C,06,
0,00000062,false,Rx,0,8,12,00,00,00,00,00,00,F1,
0,00000063,false,Rx,0,8,32,01,01,00,00,00,00,00,
703000,00000066,false,Rx,0,8,00,00,00,00,00,00,00,00,
703000,0000006D,false,Rx,0,8,12,00,00,00,00,00,00,F0,
703000,0000010A,false,Rx,0,6,10,00,01,20,10,01,00,00,
712000,0000005C,false,Rx,0,8,1E,00,1E,00,00,00,00,00,
712000,0000005D,false,Rx,0,8,00,00,00,00,00,00,FE,FF,
713000,0000005E,false,Rx,0,8,00,00,00,00,00,00,00,00,
0,0000005F,false,Rx,0,8,1E,00,1E,00,00,00,00,00,
0,00000060,false,Rx,0,8,00,00,00,00,00,00,FE,FF,
0,00000061,false,Rx,0,8,00,00,00,00,00,00,00,00,
0,00000064,false,Rx,0,8,3C,00,05,00,C8,00,FF,03,
714000,00000067,false,Rx,0,8,BE,3E,27,00,01,1E,00,00,
714000,00000068,false,Rx,0,8,BE,3E,27,00,01,1E,00,00,
714000,00000069,false,Rx,0,8,BE,3E,27,00,01,1E,00,00,
715000,0000006A,false,Rx,0,8,BE,3E,27,00,01,1E,00,00,
0,0000006B,false,Rx,0,8,BE,3E,27,00,01,1E,00,00,
0,0000006C,false,Rx,0,8,BE,3E,27,00,01,1E,00,00,
752000,0000060D,false,Rx,0,8,0D,10,82,B6,09,20,70,00,
761000,00000054,false,Rx,0,8,00,00,FE,FF,6A,02,00,00,
0,00000055,false,Rx,0,8,10,27,00,00,00,00,00,00,
0,00000056,false,Rx,0,8,10,27,00,00,00,00,00,00,
762000,00000057,false,Rx,0,8,00,00,FE,FF,FE,FF,00,00,
772000,000002C4,false,Rx,0,8,03,00,00,00,29,02,00,00,
773000,000002C5,false,Rx,0,8,00,00,00,00,00,00,00,00,
773000,000002C6,false,Rx,0,8,32,00,7C,01,00,00,00,00,
781000,00000625,false,Rx,0,8,25,00,59,86,01,54,5C,06,
851000,00000062,false,Rx,0,8,12,00,00,00,00,00,00,F1,
851000,00000063,false,Rx,0,8,32,01,01,00,00,00,00,00,
852000,00000066,false,Rx,0,8,00,00,00,00,00,00,00,00,
0,0000006D,false,Rx,0,8,12,00,00,00,00,00,00,F0,
0,0000010A,false,Rx,0,6,10,00,01,20,10,01,00,00,
853000,0000060D,false,Rx,0,8,0D,10,82,B6,09,20,70,00,
861000,0000005C,false,Rx,0,8,1E,00,1E,00,00,00,00,00,
862000,0000005D,false,Rx,0,8,00,00,00,00,00,00,FE,FF,
862000,0000005E,false,Rx,0,8,00,00,00,00,00,00,00,00,
862000,0000005F,false,Rx,0,8,1E,00,1E,00,00,00,00,00,
0,00000060,false,Rx,0,8,00,00,00,00,00,00,FE,FF,
0,00000061,false,Rx,0,8,00,00,00,00,00,00,00,00,
863000,00000064,false,Rx,0,8,3C,00,05,00,C8,00,FF,03,
863000,00000067,false,Rx,0,8,BE,3E,27,00,01,1E,00,00,
864000,00000068,false,Rx,0,8,BE,3E,27,00,01,1E,00,00,
864000,00000069,false,Rx,0,8,BE,3E,27,00,01,1E,00,00,
864000,0000006A,false,Rx,0,8,BE,3E,27,00,01,1E,00,00,
864000,0000006B,false,Rx,0,8,BE,3E,27,00,01,1E,00,00,
865000,0000006C,false,Rx,0,8,BE,3E,27,00,01,1E,00,00,
881000,00000625,false,Rx,0,8,25,00,59,86,01,54,5C,06,
951000,0000060D,false,Rx,0,8,0D,10,82,B6,09,20,70,00,
961000,00000054,false,Rx,0,8,00,00,FE,FF,6A,02,00,00,
962000,00000055,false,Rx,0,8,10,27,00,00,00,00,00,00,
962000,00000056,false,Rx,0,8,10,27,00,00,00,00,00,00,
962000,00000057,false,Rx,0,8,00,00,FE,FF,FE,FF,00,00,
981000,00000625,false,Rx,0,8,25,00,59,86,01,54,5C,06,
992000,000002C4,false,Rx,0,8,03,00,00,00,29,02,00,00,
992000,000002C5,false,Rx,0,8,00,00,00,00,00,00,00,00,
993000,000002C6,false,Rx,0,8,32,00,7C,01,00,00,00,00,
1000,00000062,false,Rx,0,8,12,00,00,00,00,00,00,F1,
1000,00000063,false,Rx,0,8,32,01,01,00,00,00,00,00,
2000,00000066,false,Rx,0,8,00,00,00,00,00,00,00,00,
2000,0000006D,false,Rx,0,8,12,00,00,00,00,00,00,F0,
2000,0000010A,false,Rx,0,6,10,00,01,20,10,01,00,00,
0,0000005C,false,Rx,0,8,1E,00,1E,00,00,00,00,00,
0,0000005D,false,Rx,0,8,00,00,00,00,00,00,FE,FF,
0,0000005E,false,Rx,0,8,00,00,00,00,00,00,00,00,
0,0000005F,false,Rx,0,8,1E,00,1E,00,00,00,00,00,
12000,00000060,false,Rx,0,8,00,00,00,00,00,00,FE,FF,
12000,00000061,false,Rx,0,8,00,00,00,00,00,00,00,00,
13000,00000064,false,Rx,0,8,3C,00,05,00,C8,00,FF,03,
13000,00000067,false,Rx,0,8,BE,3E,27,00,01,1E,00,00,
13000,00000068,false,Rx,0,8,BE,3E,27,00,01,1E,00,00,
14000,00000069,false,Rx,0,8,BE,3E,27,00,01,1E,00,00,
14000,0000006A,false,Rx,0,8,BE,3E,27,00,01,1E,00,00,
14000,0000006B,false,Rx,0,8,BE,3E,27,00,01,1E,00,00,
15000,0000006C,false,Rx,0,8,BE,3E,27,00,01,1E,00,00,
51000,0000060D,false,Rx,0,8,0D,10,82,B6,09,20,70,00,
81000,00000625,false,Rx,0,8,25,00,59,86,01,54,5C,06,
151000,00000062,false,Rx,0,8,12,00,00,00,00,00,00,F1,
151000,00000063,false,Rx,0,8,32,01,01,00,00,00,00,00,
152000,00000066,false,Rx,0,8,00,00,00,00,00,00,00,00,
152000,0000006D,false,Rx,0,8,12,00,00,00,00,00,00,F0,
152000,0000010A,false,Rx,0,6,10,00,01,20,10,01,00,00,
152000,0000060D,false,Rx,0,8,0D,10,82,B6,09,20,70,00,
161000,00000054,false,Rx,0,8,00,00,FE,FF,6A,02,00,00,
161000,00000055,false,Rx,0,8,10,27,00,00,00,00,00,00,
161000,00000056,false,Rx,0,8,10,27,00,00,00,00,00,00,
162000,00000057,false,Rx,0,8,00,00,FE,FF,FE,FF,00,00,
162000,0000005C,false,Rx,0,8,1E,00,1E,00,00,00,00,00,
162000,0000005D,false,Rx,0,8,00,00,00,00,00,00,FE,FF,
163000,0000005E,false,Rx,0,8,00,00,00,00,00,00,00,00,
163000,0000005F,false,Rx,0,8,1E,00,1E,00,00,00,00,00,
163000,00000060,false,Rx,0,8,00,00,00,00,00,00,FE,FF,
163000,00000061,false,Rx,0,8,00,00,00,00,00,00,00,00,
164000,00000064,false,Rx,0,8,3C,00,05,00,C8,00,FF,03,
164000,00000067,false,Rx,0,8,BE,3E,27,00,01,1E,00,00,
164000,00000068,false,Rx,0,8,BE,3E,27,00,01,1E,00,00,
165000,00000069,false,Rx,0,8,BE,3E,27,00,01,1E,00,00,
0,0000006A,false,Rx,0,8,BE,3E,27,00,01,1E,00,00,
0,0000006B,false,Rx,0,8,BE,3E,27,00,01,1E,00,00,
0,0000006C,false,Rx,0,8,BE,3E,27,00,01,1E,00,00,
181000,00000625,false,Rx,0,8,25,00,59,86,01,54,5C,06,
212000,000002C4,false,Rx,0,8,03,00,00,00,29,02,00,00,
212000,000002C5,false,Rx,0,8,00,00,00,00,00,00,00,00,
213000,000002C6,false,Rx,0,8,32,00,7C,01,00,00,00,00,
252000,0000060D,false,Rx,0,8,0D,10,82,B6,09,20,70,00,
281000,00000625,false,Rx,0,8,25,00,59,86,01,54,5C,06,
352000,0000060D,false,Rx,0,8,0D,10,82,B6,09,20,70,00,
361000,00000054,false,Rx,0,8,00,00,FE,FF,6A,02,00,00,
361000,00000055,false,Rx,0,8,10,27,00,00,00,00,00,00,
362000,00000056,false,Rx,0,8,10,27,00,00,00,00,00,00,
362000,00000057,false,Rx,0,8,00,00,FE,FF,FE,FF,00,00,
382000,00000625,false,Rx,0,8,25,00,59,86,01,54,5C,06,
0,000002C4,false,Rx,0,8,03,00,00,00,29,02,00,00,
0,000002C5,false,Rx,0,8,00,00,00,00,00,00,00,00,
432000,000002C6,false,Rx,0,8,32,00,7C,01,00,00,00,00,
452000,0000060D,false,Rx,0,8,0D,10,82,B6,09,20,70,00,
482000,00000625,false,Rx,0,8,25,00,59,86,01,54,5C,06,
551000,0000060D,false,Rx,0,8,0D,10,82,B6,09,20,70,00,
0,00000054,false,Rx,0,8,00,00,FE,FF,6A,02,00,00,
0,00000055,false,Rx,0,8,10,27,00,00,00,00,00,00,
562000,00000056,false,Rx,0,8,10,27,00,00,00,00,00,00,
562000,00000057,false,Rx,0,8,00,00,FE,FF,FE,FF,00,00,
581000,00000625,false,Rx,0,8,25,00,59,86,01,54,5C,06,
652000,0000060D,false,Rx,0,8,0D,10,82,B6,09,20,70,00,
653000,000002C4,false,Rx,0,8,03,00,00,00,29,02,00,00,
653000,000002C5,false,Rx,0,8,00,00,00,00,00,00,00,00,
653000,000002C6,false,Rx,0,8,32,00,7C,01,00,00,00,00,
681000,00000625,false,Rx,0,8,25,00,59,86,01,54,5C,06,
752000,0000060D,false,Rx,0,8,0D,10,82,B6,09,20,70,00,
762000,00000054,false,Rx,0,8,00,00,FE,FF,6A,02,00,00,
762000,00000055,false,Rx,0,8,10,27,00,00,00,00,00,00,
0,00000056,false,Rx,0,8,10,27,00,00,00,00,00,00,
0,00000057,false,Rx,0,8,00,00,FE,FF,FE,FF,00,00,
781000,00000625,false,Rx,0,8,25,00,59,86,01,54,5C,06,
851000,0000060D,false,Rx,0,8,0D,10,82,B6,09,20,70,00,
873000,000002C4,false,Rx,0,8,03,00,00,00,29,02,00,00,
873000,000002C5,false,Rx,0,8,00,00,00,00,00,00,00,00,
873000,000002C6,false,Rx,0,8,32,00,7C,01,00,00,00,00,
881000,00000625,false,Rx,0,8,25,00,59,86,01,54,5C,06,
951000,0000060D,false,Rx,0,8,0D,10,82,B6,09,20,70,00,
0,00000054,false,Rx,0,8,00,00,FE,FF,6A,02,00,00,
0,00000055,false,Rx,0,8,10,27,00,00,00,00,00,00,
962000,00000056,false,Rx,0,8,10,27,00,00,00,00,00,00,
962000,00000057,false,Rx,0,8,00,00,FE,FF,FE,FF,00,00,
981000,00000625,false,Rx,0,8,25,00,59,86,01,54,5C,06,
51000,0000060D,false,Rx,0,8,0D,10,82,B6,09,20,70,00,
81000,00000625,false,Rx,0,8,25,00,59,86,01,54,5C,06,
0,000002C4,false,Rx,0,8,03,00,00,00,29,02,00,00,
0,000002C5,false,Rx,0,8,00,00,00,00,00,00,00,00,
92000,000002C6,false,Rx,0,8,32,00,7C,01,00,00,00,00,
152000,0000060D,false,Rx,0,8,0D,10,82,B6,09,20,70,00,
0,00000054,false,Rx,0,8,00,00,FE,FF,6A,02,00,00,
0,00000055,false,Rx,0,8,10,27,00,00,00,00,00,00,
162000,00000056,false,Rx,0,8,10,27,00,00,00,00,00,00,
162000,00000057,false,Rx,0,8,00,00,FE,FF,FE,FF,00,00,
182000,00000625,false,Rx,0,8,25,00,59,86,01,54,5C,06,
251000,0000060D,false,Rx,0,8,0D,10,82,B6,09,20,70,00,
282000,00000625,false,Rx,0,8,25,00,59,86,01,54,5C,06,
0,000002C4,false,Rx,0,8,03,00,00,00,29,02,00,00,
0,000002C5,false,Rx,0,8,00,00,00,00,00,00,00,00,
0,000002C6,false,Rx,0,8,32,00,7C,01,00,00,00,00,
352000,0000060D,false,Rx,0,8,0D,10,82,B6,09,20,70,00,
0,00000054,false,Rx,0,8,00,00,FE,FF,6A,02,00,00,
0,00000055,false,Rx,0,8,10,27,00,00,00,00,00,00,
362000,00000056,false,Rx,0,8,10,27,00,00,00,00,00,00,
363000,00000057,false,Rx,0,8,00,00,FE,FF,FE,FF,00,00,
381000,00000625,false,Rx,0,8,25,00,59,86,01,54,5C,06,
452000,0000060D,false,Rx,0,8,0D,10,82,B6,09,20,70,00,
481000,00000625,false,Rx,0,8,25,00,59,86,01,54,5C,06,
532000,000002C4,false,Rx,0,8,03,00,00,00,29,02,00,00,
532000,000002C5,false,Rx,0,8,00,00,00,00,00,00,00,00,
533000,000002C6,false,Rx,0,8,32,00,7C,01,00,00,00,00,
551000,0000060D,false,Rx,0,8,0D,10,82,B6,09,20,70,00,
561000,00000054,false,Rx,0,8,00,00,FE,FF,6A,02,00,00,
561000,00000055,false,Rx,0,8,10,27,00,00,00,00,00,00,
562000,00000056,false,Rx,0,8,10,27,00,00,00,00,00,00,
562000,00000057,false,Rx,0,8,00,00,FE,FF,FE,FF,00,00,
581000,00000625,false,Rx,0,8,25,00,59,86,01,54,5C,06,
651000,0000060D,false,Rx,0,8,0D,10,82,B6,09,20,70,00,
681000,00000625,false,Rx,0,8,25,00,59,86,01,54,5C,06,
752000,0000060D,false,Rx,0,8,0D,10,82,B6,09,20,70,00,
752000,000002C4,false,Rx,0,8,03,00,00,00,29,02,00,00,
0,000002C5,false,Rx,0,8,00,00,00,00,00,00,00,00,
0,000002C6,false,Rx,0,8,32,00,7C,01,00,00,00,00,
0,00000054,false,Rx,0,8,00,00,FE,FF,6A,02,00,00,
0,00000055,false,Rx,0,8,10,27,00,00,00,00,00,00,
762000,00000056,false,Rx,0,8,10,27,00,00,00,00,00,00,
762000,00000057,false,Rx,0,8,00,00,FE,FF,FE,FF,00,00,
763000,0000060D,false,Rx,0,8,0D,11,82,B6,09,20,70,00,
862000,0000060D,false,Rx,0,8,0D,11,82,B6,09,20,70,00,
906000,00000625,false,Rx,0,8,25,00,59,86,01,54,5C,06,
961000,00000054,false,Rx,0,8,00,00,FE,FF,6A,02,00,00,
961000,00000055,false,Rx,0,8,10,27,00,00,00,00,00,00,
0,00000056,false,Rx,0,8,10,27,00,00,00,00,00,00,
0,00000057,false,Rx,0,8,00,00,FE,FF,FE,FF,00,00,
0,0000060D,false,Rx,0,8,0D,11,82,B6,09,20,70,00,
0,000002C4,false,Rx,0,8,03,00,00,00,29,02,00,00,
0,000002C5,false,Rx,0,8,00,00,00,00,00,00,00,00,
973000,000002C6,false,Rx,0,8,32,00,7C,01,00,00,00,00,
5000,00000625,false,Rx,0,8,25,00,59,86,01,54,5C,06,
62000,0000060D,false,Rx,0,8,0D,11,82,B6,09,20,70,00,
105000,00000625,false,Rx,0,8,25,00,59,86,01,54,5C,06,
161000,00000054,false,Rx,0,8,00,00,FE,FF,6A,02,00,00,
161000,00000055,false,Rx,0,8,10,27,00,00,00,00,00,00,
162000,00000056,false,Rx,0,8,10,27,00,00,00,00,00,00,
162000,00000057,false,Rx,0,8,00,00,FE,FF,FE,FF,00,00,
163000,0000060D,false,Rx,0,8,0D,11,82,B6,09,20,70,00,
192000,000002C4,false,Rx,0,8,03,00,00,00,29,02,00,00,
192000,000002C5,false,Rx,0,8,00,00,00,00,00,00,00,00,
192000,000002C6,false,Rx,0,8,32,00,7C,01,00,00,00,00,
205000,00000625,false,Rx,0,8,25,00,59,86,01,54,5C,06,
262000,0000060D,false,Rx,0,8,0D,11,82,B6,09,20,70,00,
305000,00000625,false,Rx,0,8,25,00,59,86,01,54,5C,06,
0,00000054,false,Rx,0,8,00,00,FE,FF,6A,02,00,00,
0,00000055,false,Rx,0,8,10,27,00,00,00,00,00,00,
0,00000056,false,Rx,0,8,10,27,00,00,00,00,00,00,
0,00000057,false,Rx,0,8,00,00,FE,FF,FE,FF,00,00,
0,0000060D,false,Rx,0,8,0D,11,82,B6,09,20,70,00,
405000,00000625,false,Rx,0,8,25,00,59,86,01,54,5C,06,
412000,000002C4,false,Rx,0,8,03,00,00,00,29,02,00,00,
412000,000002C5,false,Rx,0,8,00,00,00,00,00,00,00,00,
412000,000002C6,false,Rx,0,8,32,00,7C,01,00,00,00,00,
461000,0000060D,false,Rx,0,8,0D,11,82,B6,09,20,70,00,
505000,00000625,false,Rx,0,8,25,00,59,86,01,54,5C,06,
561000,00000054,false,Rx,0,8,00,00,FE,FF,6A,02,00,00,
562000,00000055,false,Rx,0,8,10,27,00,00,00,00,00,00,
562000,00000056,false,Rx,0,8,10,27,00,00,00,00,00,00,
562000,00000057,false,Rx,0,8,00,00,FE,FF,FE,FF,00,00,
563000,0000060D,false,Rx,0,8,0D,11,82,B6,09,20,70,00,
605000,00000625,false,Rx,0,8,25,00,59,86,01,54,5C,06,
632000,000002C4,false,Rx,0,8,03,00,00,00,29,02,00,00,
633000,000002C5,false,Rx,0,8,00,00,00,00,00,00,00,00,
633000,000002C6,false,Rx,0,8,32,00,7C,01,00,00,00,00,
661000,0000060D,false,Rx,0,8,0D,11,82,B6,09,20,70,00,
705000,00000625,false,Rx,0,8,25,00,59,86,01,54,5C,06,
761000,00000054,false,Rx,0,8,00,00,FE,FF,6A,02,00,00,
761000,00000055,false,Rx,0,8,10,27,00,00,00,00,00,00,
762000,00000056,false,Rx,0,8,10,27,00,00,00,00,00,00,
762000,00000057,false,Rx,0,8,00,00,FE,FF,FE,FF,00,00,
763000,0000060D,false,Rx,0,8,0D,11,82,B6,09,20,70,00,
806000,00000625,false,Rx,0,8,25,00,59,86,01,54,5C,06,
0,000002C4,false,Rx,0,8,03,00,00,00,29,02,00,00,
0,000002C5,false,Rx,0,8,00,00,00,00,00,00,00,00,
852000,000002C6,false,Rx,0,8,32,00,7C,01,00,00,00,00,
861000,0000060D,false,Rx,0,8,0D,11,82,B6,09,20,70,00,
905000,00000625,false,Rx,0,8,25,00,59,86,01,54,5C,06,
962000,00000054,false,Rx,0,8,00,00,FE,FF,6A,02,00,00,
962000,00000055,false,Rx,0,8,10,27,00,00,00,00,00,00,
962000,00000056,false,Rx,0,8,10,27,00,00,00,00,00,00,
962000,00000057,false,Rx,0,8,00,00,FE,FF,FE,FF,00,00,
962000,0000060D,false,Rx,0,8,0D,11,82,B6,09,20,70,00,
5000,00000625,false,Rx,0,8,25,00,59,86,01,54,5C,06,
61000,0000060D,false,Rx,0,8,0D,11,82,B6,09,20,70,00,
72000,000002C4,false,Rx,0,8,03,00,00,00,29,02,00,00,
72000,000002C5,false,Rx,0,8,00,00,00,00,00,00,00,00,
72000,000002C6,false,Rx,0,8,32,00,7C,01,00,00,00,00,
105000,00000625,false,Rx,0,8,25,00,59,86,01,54,5C,06,
161000,00000054,false,Rx,0,8,00,00,FE,FF,6A,02,00,00,
162000,00000055,false,Rx,0,8,10,27,00,00,00,00,00,00,
162000,00000056,false,Rx,0,8,10,27,00,00,00,00,00,00,
162000,00000057,false,Rx,0,8,00,00,FE,FF,FE,FF,00,00,
162000,0000060D,false,Rx,0,8,0D,11,82,B6,09,20,70,00,
205000,00000625,false,Rx,0,8,25,00,59,86,01,54,5C,06,
262000,0000060D,false,Rx,0,8,0D,11,82,B6,09,20,70,00,
292000,000002C4,false,Rx,0,8,03,00,00,00,29,02,00,00,
293000,000002C5,false,Rx,0,8,00,00,00,00,00,00,00,00,
293000,000002C6,false,Rx,0,8,32,00,7C,01,00,00,00,00,
305000,00000625,false,Rx,0,8,25,00,59,86,01,54,5C,06,
361000,00000054,false,Rx,0,8,00,00,FE,FF,6A,02,00,00,
361000,00000055,false,Rx,0,8,10,27,00,00,00,00,00,00,
362000,00000056,false,Rx,0,8,10,27,00,00,00,00,00,00,
362000,00000057,false,Rx,0,8,00,00,FE,FF,FE,FF,00,00,
362000,0000060D,false,Rx,0,8,0D,11,82,B6,09,20,70,00,
405000,00000625,false,Rx,0,8,25,00,59,86,01,54,5C,06,
462000,0000060D,false,Rx,0,8,0D,11,82,B6,09,20,70,00,
505000,00000625,false,Rx,0,8,25,00,59,86,01,54,5C,06,
512000,000002C4,false,Rx,0,8,03,00,00,00,29,02,00,00,
512000,000002C5,false,Rx,0,8,00,00,00,00,00,00,00,00,
513000,000002C6,false,Rx,0,8,32,00,7C,01,00,00,00,00,
561000,00000054,false,Rx,0,8,00,00,FE,FF,6A,02,00,00,
561000,00000055,false,Rx,0,8,10,27,00,00,00,00,00,00,
561000,00000056,false,Rx,0,8,10,27,00,00,00,00,00,00,
561000,00000057,false,Rx,0,8,00,00,FE,FF,FE,FF,00,00,
562000,0000060D,false,Rx,0,8,0D,11,82,B6,09,20,70,00,
605000,00000625,false,Rx,0,8,25,00,59,86,01,54,5C,06,
662000,0000060D,false,Rx,0,8,0D,11,82,B6,09,20,70,00,
705000,00000625,false,Rx,0,8,25,00,59,86,01,54,5C,06,
732000,000002C4,false,Rx,0,8,03,00,00,00,29,02,00,00,
732000,000002C5,false,Rx,0,8,00,00,00,00,00,00,00,00,
732000,000002C6,false,Rx,0,8,32,00,7C,01,00,00,00,00,
761000,00000054,false,Rx,0,8,00,00,FE,FF,6A,02,00,00,
761000,00000055,false,Rx,0,8,10,27,00,00,00,00,00,00,
762000,00000056,false,Rx,0,8,10,27,00,00,00,00,00,00,
762000,00000057,false,Rx,0,8,00,00,FE,FF,FE,FF,00,00,
762000,0000060D,false,Rx,0,8,0D,11,82,B6,09,20,70,00,
805000,00000625,false,Rx,0,8,25,00,59,86,01,54,5C,06,
862000,0000060D,false,Rx,0,8,0D,11,82,B6,09,20,70,00,
906000,00000625,false,Rx,0,8,25,00,59,86,01,54,5C,06,
952000,000002C4,false,Rx,0,8,03,00,00,00,29,02,00,00,
953000,000002C5,false,Rx,0,8,00,00,00,00,00,00,00,00,
953000,000002C6,false,Rx,0,8,32,00,7C,01,00,00,00,00,
961000,00000054,false,Rx,0,8,00,00,FE,FF,6A,02,00,00,
961000,00000055,false,Rx,0,8,10,27,00,00,00,00,00,00,
962000,00000056,false,Rx,0,8,10,27,00,00,00,00,00,00,
962000,00000057,false,Rx,0,8,00,00,FE,FF,FE,FF,00,00,
962000,0000060D,false,Rx,0,8,0D,11,82,B6,09,20,70,00,
5000,00000625,false,Rx,0,8,25,00,59,86,01,54,5C,06,
61000,0000060D,false,Rx,0,8,0D,11,82,B6,09,20,70,00,
105000,00000625,false,Rx,0,8,25,00,59,86,01,54,5C,06,
162000,00000054,false,Rx,0,8,00,00,FE,FF,6A,02,00,00,
162000,00000055,false,Rx,0,8,10,27,00,00,00,00,00,00,
162000,00000056,false,Rx,0,8,10,27,00,00,00,00,00,00,
163000,00000057,false,Rx,0,8,00,00,FE,FF,FE,FF,00,00,
163000,0000060D,false,Rx,0,8,0D,11,82,B6,09,20,70,00,
172000,000002C4,false,Rx,0,8,03,00,00,00,2A,02,00,00,
172000,000002C5,false,Rx,0,8,00,00,00,00,00,00,00,00,
174000,000002C6,false,Rx,0,8,32,00,7C,01,00,00,00,00,
205000,00000625,false,Rx,0,8,25,00,59,86,01,54,5C,06,
261000,0000060D,false,Rx,0,8,0D,11,82,B6,09,20,70,00,
305000,00000625,false,Rx,0,8,25,00,59,86,01,54,5C,06,
362000,00000054,false,Rx,0,8,00,00,FE,FF,6A,02,00,00,
362000,00000055,false,Rx,0,8,10,27,00,00,00,00,00,00,
362000,00000056,false,Rx,0,8,10,27,00,00,00,00,00,00,
362000,00000057,false,Rx,0,8,00,00,FE,FF,FE,FF,00,00,
363000,0000060D,false,Rx,0,8,0D,11,82,B6,09,20,70,00,
392000,000002C4,false,Rx,0,8,03,00,00,00,2A,02,00,00,
393000,000002C5,false,Rx,0,8,00,00,00,00,00,00,00,00,
393000,000002C6,false,Rx,0,8,32,00,7C,01,00,00,00,00,
405000,00000625,false,Rx,0,8,25,00,59,86,01,54,5C,06,
461000,0000060D,false,Rx,0,8,0D,11,82,B6,09,20,70,00,
505000,00000625,false,Rx,0,8,25,00,59,86,01,54,5C,06,
561000,00000054,false,Rx,0,8,00,00,FE,FF,6A,02,00,00,
561000,00000055,false,Rx,0,8,10,27,00,00,00,00,00,00,
561000,00000056,false,Rx,0,8,10,27,00,00,00,00,00,00,
562000,00000057,false,Rx,0,8,00,00,FE,FF,FE,FF,00,00,
562000,0000060D,false,Rx,0,8,0D,11,82,B6,09,20,70,00,
605000,00000625,false,Rx,0,8,25,00,59,86,01,54,5C,06,
0,000002C4,false,Rx,0,8,03,00,00,00,2A,02,00,00,
0,000002C5,false,Rx,0,8,00,00,00,00,00,00,00,00,
613000,000002C6,false,Rx,0,8,32,00,7C,01,00,00,00,00,
661000,0000060D,false,Rx,0,8,0D,11,82,B6,09,20,70,00,
705000,00000625,false,Rx,0,8,25,00,59,86,01,54,5C,06,
762000,00000054,false,Rx,0,8,00,00,FE,FF,6A,02,00,00,
0,00000055,false,Rx,0,8,10,27,00,00,00,00,00,00,
0,00000056,false,Rx,0,8,10,27,00,00,00,00,00,00,
763000,00000057,false,Rx,0,8,00,00,FE,FF,FE,FF,00,00,
763000,0000060D,false,Rx,0,8,0D,11,82,B6,09,20,70,00,
806000,00000625,false,Rx,0,8,25,00,59,86,01,54,5C,06,
832000,000002C4,false,Rx,0,8,03,00,00,00,2A,02,00,00,
832000,000002C5,false,Rx,0,8,00,00,00,00,00,00,00,00,
833000,000002C6,false,Rx,0,8,32,00,7C,01,00,00,00,00,
862000,0000060D,false,Rx,0,8,0D,11,82,B6,09,20,70,00,
906000,00000625,false,Rx,0,8,25,00,59,86,01,54,5C,06,
0,00000054,false,Rx,0,8,00,00,FE,FF,6A,02,00,00,
0,00000055,false,Rx,0,8,10,27,00,00,00,00,00,00,
0,00000056,false,Rx,0,8,10,27,00,00,00,00,00,00,
0,00000057,false,Rx,0,8,00,00,FE,FF,FE,FF,00,00,
0,0000060D,false,Rx,0,8,0D,11,82,B6,09,20,70,00,
5000,00000625,false,Rx,0,8,25,00,59,86,01,54,5C,06,
52000,000002C4,false,Rx,0,8,03,00,00,00,2A,02,00,00,
52000,000002C5,false,Rx,0,8,00,00,00,00,00,00,00,00,
53000,000002C6,false,Rx,0,8,32,00,7C,01,00,00,00,00,
61000,0000060D,false,Rx,0,8,0D,11,82,B6,09,20,70,00,
105000,00000625,false,Rx,0,8,25,00,59,86,01,54,5C,06,
0,00000054,false,Rx,0,8,00,00,FE,FF,6A,02,00,00,
0,00000055,false,Rx,0,8,10,27,00,00,00,00,00,00,
0,00000056,false,Rx,0,8,10,27,00,00,00,00,00,00,
0,00000057,false,Rx,0,8,00,00,FE,FF,FE,FF,00,00,
163000,0000060D,false,Rx,0,8,0D,11,82,B6,09,20,70,00,
205000,00000625,false,Rx,0,8,25,00,59,86,01,54,5C,06,
261000,0000060D,false,Rx,0,8,0D,11,82,B6,09,20,70,00,
272000,000002C4,false,Rx,0,8,03,00,00,00,2A,02,00,00,
272000,000002C5,false,Rx,0,8,00,00,00,00,00,00,00,00,
273000,000002C6,false,Rx,0,8,32,00,7C,01,00,00,00,00,
305000,00000625,false,Rx,0,8,25,00,59,86,01,54,5C,06,
0,00000054,false,Rx,0,8,00,00,FE,FF,6A,02,00,00,
0,00000055,false,Rx,0,8,10,27,00,00,00,00,00,00,
362000,00000056,false,Rx,0,8,10,27,00,00,00,00,00,00,
362000,00000057,false,Rx,0,8,00,00,FE,FF,FE,FF,00,00,
362000,0000060D,false,Rx,0,8,0D,11,82,B6,09,20,70,00,
405000,00000625,false,Rx,0,8,25,00,59,86,01,54,5C,06,
461000,0000060D,false,Rx,0,8,0D,11,82,B6,09,20,70,00,
492000,000002C4,false,Rx,0,8,03,00,00,00,2A,02,00,00,
492000,000002C5,false,Rx,0,8,00,00,00,00,00,00,00,00,
493000,000002C6,false,Rx,0,8,32,00,7C,01,00,00,00,00,
505000,00000625,false,Rx,0,8,25,00,59,86,01,54,5C,06,
0,00000054,false,Rx,0,8,00,00,FE,FF,6A,02,00,00,
0,00000055,false,Rx,0,8,10,27,00,00,00,00,00,00,
561000,00000056,false,Rx,0,8,10,27,00,00,00,00,00,00,
562000,00000057,false,Rx,0,8,00,00,FE,FF,FE,FF,00,00,
562000,0000060D,false,Rx,0,8,0D,11,82,B6,09,20,70,00,
605000,00000625,false,Rx,0,8,25,00,59,86,01,54,5C,06,
662000,0000060D,false,Rx,0,8,0D,11,82,B6,09,20,70,00,
705000,00000625,false,Rx,0,8,25,00,59,86,01,54,5C,06,
713000,000002C4,false,Rx,0,8,03,00,00,00,2A,02,00,00,
713000,000002C5,false,Rx,0,8,00,00,00,00,00,00,00,00,
713000,000002C6,false,Rx,0,8,32,00,7C,01,00,00,00,00,
0,00000054,false,Rx,0,8,00,00,FE,FF,6A,02,00,00,
0,00000055,false,Rx,0,8,10,27,00,00,00,00,00,00,
762000,00000056,false,Rx,0,8,10,27,00,00,00,00,00,00,
762000,00000057,false,Rx,0,8,00,00,FE,FF,FE,FF,00,00,
762000,0000060D,false,Rx,0,8,0D,10,82,B6,09,20,70,00,
771000,0000060D,false,Rx,0,8,0D,11,82,B6,09,20,70,00,
872000,0000060D,false,Rx,0,8,0D,11,82,B6,09,20,70,00,
914000,00000625,false,Rx,0,8,25,00,59,86,01,54,5C,06,
932000,000002C4,false,Rx,0,8,03,00,00,00,2A,02,00,00,
932000,000002C5,false,Rx,0,8,00,00,00,00,00,00,00,00,
933000,000002C6,false,Rx,0,8,32,00,7C,01,00,00,00,00,
961000,00000054,false,Rx,0,8,00,00,FE,FF,6A,02,00,00,
961000,00000055,false,Rx,0,8,10,27,00,00,00,00,00,00,
961000,00000056,false,Rx,0,8,10,27,00,00,00,00,00,00,
962000,00000057,false,Rx,0,8,00,00,FE,FF,FE,FF,00,00,
971000,0000060D,false,Rx,0,8,0D,11,82,B6,09,20,70,00,
14000,00000625,false,Rx,0,8,25,00,59,86,01,54,5C,06,
71000,0000060D,false,Rx,0,8,0D,11,82,B6,09,20,70,00,
115000,00000625,false,Rx,0,8,25,00,59,86,01,54,5C,06,
153000,000002C4,false,Rx,0,8,03,00,00,00,2A,02,00,00,
153000,000002C5,false,Rx,0,8,00,00,00,00,00,00,00,00,
153000,000002C6,false,Rx,0,8,32,00,7C,01,00,00,00,00,
161000,00000054,false,Rx,0,8,00,00,FE,FF,6A,02,00,00,
162000,00000055,false,Rx,0,8,10,27,00,00,00,00,00,00,
162000,00000056,false,Rx,0,8,10,27,00,00,00,00,00,00,
162000,00000057,false,Rx,0,8,00,00,FE,FF,FE,FF,00,00,
172000,0000060D,false,Rx,0,8,0D,11,82,B6,09,20,70,00,
215000,00000625,false,Rx,0,8,25,00,59,86,01,54,5C,06,
272000,0000060D,false,Rx,0,8,0D,11,82,B6,09,20,70,00,
314000,00000625,false,Rx,0,8,25,00,59,86,01,54,5C,06,
0,00000054,false,Rx,0,8,00,00,FE,FF,6A,02,00,00,
0,00000055,false,Rx,0,8,10,27,00,00,00,00,00,00,
362000,00000056,false,Rx,0,8,10,27,00,00,00,00,00,00,
362000,00000057,false,Rx,0,8,00,00,FE,FF,FE,FF,00,00,
372000,0000060D,false,Rx,0,8,0D,11,82,B6,09,20,70,00,
372000,000002C4,false,Rx,0,8,03,00,00,00,2A,02,00,00,
373000,000002C5,false,Rx,0,8,00,00,00,00,00,00,00,00,
374000,000002C6,false,Rx,0,8,32,00,7C,01,00,00,00,00,
414000,00000625,false,Rx,0,8,25,00,59,86,01,54,5C,06,
472000,0000060D,false,Rx,0,8,0D,11,82,B6,09,20,70,00,
514000,00000625,false,Rx,0,8,25,00,59,86,01,54,5C,06,
0,00000054,false,Rx,0,8,00,00,FE,FF,6A,02,00,00,
0,00000055,false,Rx,0,8,10,27,00,00,00,00,00,00,
562000,00000056,false,Rx,0,8,10,27,00,00,00,00,00,00,
562000,00000057,false,Rx,0,8,00,00,FE,FF,FE,FF,00,00,
571000,0000060D,false,Rx,0,8,0D,11,82,B6,09,20,70,00,
592000,000002C4,false,Rx,0,8,03,00,00,00,2A,02,00,00,
592000,000002C5,false,Rx,0,8,00,00,00,00,00,00,00,00,
592000,000002C6,false,Rx,0,8,32,00,7C,01,00,00,00,00,
615000,00000625,false,Rx,0,8,25,00,59,86,01,54,5C,06,
672000,0000060D,false,Rx,0,8,0D,11,82,B6,09,20,70,00,
714000,00000625,false,Rx,0,8,25,00,59,86,01,54,5C,06,
762000,00000054,false,Rx,0,8,00,00,FE,FF,6A,02,00,00,
762000,00000055,false,Rx,0,8,10,27,00,00,00,00,00,00,
762000,00000056,false,Rx,0,8,10,27,00,00,00,00,00,00,
762000,00000057,false,Rx,0,8,00,00,FE,FF,FE,FF,00,00,
772000,0000060D,false,Rx,0,8,0D,11,82,B6,09,20,70,00,
812000,000002C4,false,Rx,0,8,03,00,00,00,2A,02,00,00,
812000,000002C5,false,Rx,0,8,00,00,00,00,00,00,00,00,
813000,000002C6,false,Rx,0,8,32,00,7C,01,00,00,00,00,
814000,00000625,false,Rx,0,8,25,00,59,86,01,54,5C,06,
871000,0000060D,false,Rx,0,8,0D,11,82,B6,09,20,70,00,
914000,00000625,false,Rx,0,8,25,00,59,86,01,54,5C,06,
962000,00000054,false,Rx,0,8,00,00,FE,FF,6A,02,00,00,
962000,00000055,false,Rx,0,8,10,27,00,00,00,00,00,00,
962000,00000056,false,Rx,0,8,10,27,00,00,00,00,00,00,
962000,00000057,false,Rx,0,8,00,00,FE,FF,FE,FF,00,00,
972000,0000060D,false,Rx,0,8,0D,11,82,B6,09,20,70,00,
14000,00000625,false,Rx,0,8,25,00,59,86,01,54,5C,06,
32000,000002C4,false,Rx,0,8,03,00,00,00,2A,02,00,00,
33000,000002C5,false,Rx,0,8,00,00,00,00,00,00,00,00,
33000,000002C6,false,Rx,0,8,32,00,7C,01,00,00,00,00,
72000,0000060D,false,Rx,0,8,0D,11,82,B6,09,20,70,00,
114000,00000625,false,Rx,0,8,25,00,59,86,01,54,5C,06,
0,00000054,false,Rx,0,8,00,00,FE,FF,6A,02,00,00,
0,00000055,false,Rx,0,8,10,27,00,00,00,00,00,00,
163000,00000056,false,Rx,0,8,10,27,00,00,00,00,00,00,
163000,00000057,false,Rx,0,8,00,00,FE,FF,FE,FF,00,00,
173000,0000060D,false,Rx,0,8,0D,11,82,B6,09,20,70,00,
214000,00000625,false,Rx,0,8,25,00,59,86,01,54,5C,06,
252000,000002C4,false,Rx,0,8,03,00,00,00,2A,02,00,00,
252000,000002C5,false,Rx,0,8,00,00,00,00,00,00,00,00,
253000,000002C6,false,Rx,0,8,32,00,7C,01,00,00,00,00,
271000,0000060D,false,Rx,0,8,0D,11,82,B6,09,20,70,00,
315000,00000625,false,Rx,0,8,25,00,59,86,01,54,5C,06,
362000,00000054,false,Rx,0,8,00,00,FE,FF,6A,02,00,00,
362000,00000055,false,Rx,0,8,10,27,00,00,00,00,00,00,
362000,00000056,false,Rx,0,8,10,27,00,00,00,00,00,00,
362000,00000057,false,Rx,0,8,00,00,FE,FF,FE,FF,00,00,
372000,0000060D,false,Rx,0,8,0D,11,82,B6,09,20,70,00,
415000,00000625,false,Rx,0,8,25,00,59,86,01,54,5C,06,
472000,0000060D,false,Rx,0,8,0D,11,82,B6,09,20,70,00,
472000,000002C4,false,Rx,0,8,03,00,00,00,2A,02,00,00,
0,000002C5,false,Rx,0,8,00,00,00,00,00,00,00,00,
0,000002C6,false,Rx,0,8,32,00,7C,01,00,00,00,00,
514000,00000625,false,Rx,0,8,25,00,59,86,01,54,5C,06,
561000,00000054,false,Rx,0,8,00,00,FE,FF,6A,02,00,00,
562000,00000055,false,Rx,0,8,10,27,00,00,00,00,00,00,
562000,00000056,false,Rx,0,8,10,27,00,00,00,00,00,00,
563000,00000057,false,Rx,0,8,00,00,FE,FF,FE,FF,00,00,
572000,0000060D,false,Rx,0,8,0D,11,82,B6,09,20,70,00,
615000,00000625,false,Rx,0,8,25,00,59,86,01,54,5C,06,
672000,0000060D,false,Rx,0,8,0D,11,82,B6,09,20,70,00,
0,000002C4,false,Rx,0,8,03,00,00,00,2A,02,00,00,
0,000002C5,false,Rx,0,8,00,00,00,00,00,00,00,00,
693000,000002C6,false,Rx,0,8,32,00,7C,01,00,00,00,00,
714000,00000625,false,Rx,0,8,25,00,59,86,01,54,5C,06,
762000,00000054,false,Rx,0,8,00,00,FE,FF,6A,02,00,00,
762000,00000055,false,Rx,0,8,10,27,00,00,00,00,00,00,
762000,00000056,false,Rx,0,8,10,27,00,00,00,00,00,00,
762000,00000057,false,Rx,0,8,00,00,FE,FF,FE,FF,00,00,
772000,0000060D,false,Rx,0,8,0D,11,82,B6,09,20,70,00,
815000,00000625,false,Rx,0,8,25,00,59,86,01,54,5C,06,
863000,00000065,false,Rx,0,8,6A,02,02,00,00,00,00,00,
872000,0000060D,false,Rx,0,8,0D,11,83,B6,09,20,70,00,
912000,000002C4,false,Rx,0,8,03,00,00,00,2A,02,00,00,
912000,000002C5,false,Rx,0,8,00,00,00,00,00,00,00,00,
912000,000002C6,false,Rx,0,8,32,00,7C,01,00,00,00,00,
915000,00000625,false,Rx,0,8,25,00,59,86,01,54,5C,06,
962000,00000054,false,Rx,0,8,00,00,FE,FF,6A,02,00,00,
962000,00000055,false,Rx,0,8,10,27,00,00,00,00,00,00,
962000,00000056,false,Rx,0,8,10,27,00,00,00,00,00,00,
962000,00000057,false,Rx,0,8,00,00,FE,FF,FE,FF,00,00,
971000,0000060D,false,Rx,0,8,0D,11,83,B6,09,20,70,00,
11000,00000065,false,Rx,0,8,6A,02,02,00,00,00,00,00,
14000,00000625,false,Rx,0,8,25,00,59,86,01,54,5C,06,
72000,0000060D,false,Rx,0,8,0D,11,83,B6,09,20,70,00,
114000,00000625,false,Rx,0,8,25,00,59,86,01,54,5C,06,
132000,000002C4,false,Rx,0,8,03,00,00,00,2A,02,00,00,
132000,000002C5,false,Rx,0,8,00,00,00,00,00,00,00,00,
133000,000002C6,false,Rx,0,8,32,00,7C,01,00,00,00,00,
162000,00000054,false,Rx,0,8,00,00,FE,FF,6A,02,00,00,
162000,00000055,false,Rx,0,8,10,27,00,00,00,00,00,00,
162000,00000056,false,Rx,0,8,10,27,00,00,00,00,00,00,
162000,00000057,false,Rx,0,8,00,00,FE,FF,FE,FF,00,00,
162000,00000065,false,Rx,0,8,6A,02,02,00,00,00,00,00,
171000,0000060D,false,Rx,0,8,0D,11,83,B6,09,20,70,00,
215000,00000625,false,Rx,0,8,25,00,59,86,01,54,5C,06,
272000,0000060D,false,Rx,0,8,0D,11,83,B6,09,20,70,00,
312000,00000065,false,Rx,0,8,6A,02,02,00,00,00,00,00,
314000,00000625,false,Rx,0,8,25,00,59,86,01,54,5C,06,
0,000002C4,false,Rx,0,8,03,00,00,00,2A,02,00,00,
0,000002C5,false,Rx,0,8,00,00,00,00,00,00,00,00,
353000,000002C6,false,Rx,0,8,32,00,7C,01,00,00,00,00,
362000,00000054,false,Rx,0,8,00,00,FE,FF,6A,02,00,00,
362000,00000055,false,Rx,0,8,10,27,00,00,00,00,00,00,
0,00000056,false,Rx,0,8,10,27,00,00,00,00,00,00,
0,00000057,false,Rx,0,8,00,00,FE,FF,FE,FF,00,00,
373000,0000060D,false,Rx,0,8,0D,11,83,B6,09,20,70,00,
414000,00000625,false,Rx,0,8,25,00,59,86,01,54,5C,06,
472000,0000060D,false,Rx,0,8,0D,11,83,B6,09,20,70,00,
514000,00000625,false,Rx,0,8,25,00,59,86,01,54,5C,06,
561000,00000054,false,Rx,0,8,00,00,FE,FF,6A,02,00,00,
561000,00000055,false,Rx,0,8,10,27,00,00,00,00,00,00,
562000,00000056,false,Rx,0,8,10,27,00,00,00,00,00,00,
562000,00000057,false,Rx,0,8,00,00,FE,FF,FE,FF,00,00,
572000,0000060D,false,Rx,0,8,0D,11,83,B6,09,20,70,00,
572000,000002C4,false,Rx,0,8,03,00,00,00,2A,02,00,00,
573000,000002C5,false,Rx,0,8,00,00,00,00,00,00,00,00,
573000,000002C6,false,Rx,0,8,32,00,7C,01,00,00,00,00,
614000,00000625,false,Rx,0,8,25,00,59,86,01,54,5C,06,
671000,0000060D,false,Rx,0,8,0D,11,83,B6,09,20,70,00,
714000,00000625,false,Rx,0,8,25,00,59,86,01,54,5C,06,
762000,00000054,false,Rx,0,8,00,00,FE,FF,6A,02,00,00,
0,00000055,false,Rx,0,8,10,27,00,00,00,00,00,00,
0,00000056,false,Rx,0,8,10,27,00,00,00,00,00,00,
763000,00000057,false,Rx,0,8,00,00,FE,FF,FE,FF,00,00,
772000,0000060D,false,Rx,0,8,0D,11,83,B6,09,20,70,00,
792000,000002C4,false,Rx,0,8,03,00,00,00,2A,02,00,00,
0,000002C5,false,Rx,0,8,00,00,00,00,00,00,00,00,
0,000002C6,false,Rx,0,8,32,00,7C,01,00,00,00,00,
814000,00000625,false,Rx,0,8,25,00,59,86,01,54,5C,06,
872000,0000060D,false,Rx,0,8,0D,11,83,B6,09,20,70,00,
914000,00000625,false,Rx,0,8,25,00,59,86,01,54,5C,06,
0,00000054,false,Rx,0,8,00,00,FE,FF,6A,02,00,00,
0,00000055,false,Rx,0,8,10,27,00,00,00,00,00,00,
962000,00000056,false,Rx,0,8,10,27,00,00,00,00,00,00,
962000,00000057,false,Rx,0,8,00,00,FE,FF,FE,FF,00,00,
972000,0000060D,false,Rx,0,8,0D,11,83,B6,09,20,70,00,
12000,000002C4,false,Rx,0,8,03,00,00,00,2A,02,00,00,
13000,000002C5,false,Rx,0,8,00,00,00,00,00,00,00,00,
13000,000002C6,false,Rx,0,8,32,00,7C,01,00,00,00,00,
14000,00000625,false,Rx,0,8,25,00,59,86,01,54,5C,06,
71000,0000060D,false,Rx,0,8,0D,11,83,B6,09,20,70,00,
114000,00000625,false,Rx,0,8,25,00,59,86,01,54,5C,06,
161000,00000054,false,Rx,0,8,00,00,FE,FF,6A,02,00,00,
161000,00000055,false,Rx,0,8,10,27,00,00,00,00,00,00,
162000,00000056,false,Rx,0,8,10,27,00,00,00,00,00,00,
162000,00000057,false,Rx,0,8,00,00,FE,FF,FE,FF,00,00,
172000,0000060D,false,Rx,0,8,0D,11,83,B6,09,20,70,00,
214000,00000625,false,Rx,0,8,25,00,59,86,01,54,5C,06,
232000,000002C4,false,Rx,0,8,03,00,00,00,2A,02,00,00,
232000,000002C5,false,Rx,0,8,00,00,00,00,00,00,00,00,
232000,000002C6,false,Rx,0,8,32,00,7C,01,00,00,00,00,
271000,0000060D,false,Rx,0,8,0D,11,83,B6,09,20,70,00,
315000,00000625,false,Rx,0,8,25,00,59,86,01,54,5C,06,
362000,00000054,false,Rx,0,8,00,00,FE,FF,6A,02,00,00,
362000,00000055,false,Rx,0,8,10,27,00,00,00,00,00,00,
362000,00000056,false,Rx,0,8,10,27,00,00,00,00,00,00,
362000,00000057,false,Rx,0,8,00,00,FE,FF,FE,FF,00,00,
372000,0000060D,false,Rx,0,8,0D,11,83,B6,09,20,70,00,
415000,00000625,false,Rx,0,8,25,00,59,86,01,54,5C,06,
0,000002C4,false,Rx,0,8,03,00,00,00,2A,02,00,00,
0,000002C5,false,Rx,0,8,00,00,00,00,00,00,00,00,
0,000002C6,false,Rx,0,8,32,00,7C,01,00,00,00,00,
472000,0000060D,false,Rx,0,8,0D,11,83,B6,09,20,70,00,
514000,00000625,false,Rx,0,8,25,00,59,86,01,54,5C,06,
561000,00000054,false,Rx,0,8,00,00,FE,FF,6A,02,00,00,
561000,00000055,false,Rx,0,8,10,27,00,00,00,00,00,00,
561000,00000056,false,Rx,0,8,10,27,00,00,00,00,00,00,
562000,00000057,false,Rx,0,8,00,00,FE,FF,FE,FF,00,00,
572000,0000060D,false,Rx,0,8,0D,11,83,B6,09,20,70,00,
614000,00000625,false,Rx,0,8,25,00,59,86,01,54,5C,06,
672000,0000060D,false,Rx,0,8,0D,11,83,B6,09,20,70,00,
0,000002C4,false,Rx,0,8,03,00,00,00,2A,02,00,00,
0,000002C5,false,Rx,0,8,00,00,00,00,00,00,00,00,
675000,000002C6,false,Rx,0,8,32,00,7C,01,00,00,00,00,
715000,00000625,false,Rx,0,8,25,00,59,86,01,54,5C,06,
0,00000054,false,Rx,0,8,00,00,FE,FF,6A,02,00,00,
0,00000055,false,Rx,0,8,10,27,00,00,00,00,00,00,
762000,00000056,false,Rx,0,8,10,27,00,00,00,00,00,00,
763000,00000057,false,Rx,0,8,00,00,FE,FF,FE,FF,00,00,
814000,00000625,false,Rx,0,8,25,00,59,86,01,54,5C,06,
0,000002C4,false,Rx,0,8,03,00,00,00,2A,02,00,00,
0,000002C5,false,Rx,0,8,00,00,00,00,00,00,00,00,
893000,000002C6,false,Rx,0,8,32,00,7C,01,00,00,00,00,
914000,00000625,false,Rx,0,8,25,00,59,86,01,54,5C,06,
961000,00000054,false,Rx,0,8,00,00,FE,FF,6A,02,00,00,
961000,00000055,false,Rx,0,8,10,27,00,00,00,00,00,00,
961000,00000056,false,Rx,0,8,10,27,00,00,00,00,00,00,
962000,00000057,false,Rx,0,8,00,00,FE,FF,FE,FF,00,00,
15000,00000625,false,Rx,0,8,25,00,59,86,01,54,5C,06,
112000,000002C4,false,Rx,0,8,03,00,00,00,2B,02,00,00,
112000,000002C5,false,Rx,0,8,00,00,00,00,00,00,00,00,
112000,000002C6,false,Rx,0,8,32,00,7C,01,00,00,00,00,
115000,00000625,false,Rx,0,8,25,00,59,86,01,54,5C,06,
161000,00000054,false,Rx,0,8,00,00,FE,FF,6A,02,00,00,
162000,00000055,false,Rx,0,8,10,27,00,00,00,00,00,00,
0,00000056,false,Rx,0,8,10,27,00,00,00,00,00,00,
0,00000057,false,Rx,0,8,00,00,FE,FF,FE,FF,00,00,
215000,00000625,false,Rx,0,8,25,00,59,86,01,54,5C,06,
315000,00000625,false,Rx,0,8,25,00,59,86,01,54,5C,06,
333000,000002C4,false,Rx,0,8,03,00,00,00,2B,02,00,00,
333000,000002C5,false,Rx,0,8,00,00,00,00,00,00,00,00,
333000,000002C6,false,Rx,0,8,32,00,7C,01,00,00,00,00,
362000,00000054,false,Rx,0,8,00,00,FE,FF,6A,02,00,00,
362000,00000055,false,Rx,0,8,10,27,00,00,00,00,00,00,
0,00000056,false,Rx,0,8,10,27,00,00,00,00,00,00,
0,00000057,false,Rx,0,8,00,00,FE,FF,FE,FF,00,00,
415000,00000625,false,Rx,0,8,25,00,59,86,01,54,5C,06,
514000,00000625,false,Rx,0,8,25,00,59,86,01,54,5C,06,
552000,000002C4,false,Rx,0,8,03,00,00,00,2B,02,00,00,
552000,000002C5,false,Rx,0,8,00,00,00,00,00,00,00,00,
552000,000002C6,false,Rx,0,8,32,00,7C,01,00,00,00,00,
561000,00000054,false,Rx,0,8,00,00,FE,FF,6A,02,00,00,
562000,00000055,false,Rx,0,8,10,27,00,00,00,00,00,00,
562000,00000056,false,Rx,0,8,10,27,00,00,00,00,00,00,
563000,00000057,false,Rx,0,8,00,00,FE,FF,FE,FF,00,00,
614000,00000625,false,Rx,0,8,25,00,59,86,01,54,5C,06,
714000,00000625,false,Rx,0,8,25,00,59,86,01,54,5C,06,
761000,00000054,false,Rx,0,8,00,00,FE,FF,6A,02,00,00,
762000,00000055,false,Rx,0,8,10,27,00,00,00,00,00,00,
762000,00000056,false,Rx,0,8,10,27,00,00,00,00,00,00,
762000,00000057,false,Rx,0,8,00,00,FE,FF,FE,FF,00,00,
772000,000002C4,false,Rx,0,8,03,00,00,00,2B,02,00,00,
773000,000002C5,false,Rx,0,8,00,00,00,00,00,00,00,00,
773000,000002C6,false,Rx,0,8,32,00,7C,01,00,00,00,00,
814000,00000625,false,Rx,0,8,25,00,59,86,01,54,5C,06,
915000,00000625,false,Rx,0,8,25,00,59,86,01,54,5C,06,
961000,00000054,false,Rx,0,8,00,00,FE,FF,6A,02,00,00,
961000,00000055,false,Rx,0,8,10,27,00,00,00,00,00,00,
962000,00000056,false,Rx,0,8,10,27,00,00,00,00,00,00,
962000,00000057,false,Rx,0,8,00,00,FE,FF,FE,FF,00,00,
992000,000002C4,false,Rx,0,8,03,00,00,00,2B,02,00,00,
992000,000002C5,false,Rx,0,8,00,00,00,00,00,00,00,00,
993000,000002C6,false,Rx,0,8,32,00,7C,01,00,00,00,00,
14000,00000625,false,Rx,0,8,25,00,59,86,01,54,5C,06,
115000,00000625,false,Rx,0,8,25,00,59,86,01,54,5C,06,
0,00000054,false,Rx,0,8,00,00,FE,FF,6A,02,00,00,
0,00000055,false,Rx,0,8,10,27,00,00,00,00,00,00,
162000,00000056,false,Rx,0,8,10,27,00,00,00,00,00,00,
162000,00000057,false,Rx,0,8,00,00,FE,FF,FE,FF,00,00,
0,000002C4,false,Rx,0,8,03,00,00,00,2B,02,00,00,
0,000002C5,false,Rx,0,8,00,00,00,00,00,00,00,00,
213000,000002C6,false,Rx,0,8,32,00,7C,01,00,00,00,00,
215000,00000625,false,Rx,0,8,25,00,59,86,01,54,5C,06,
315000,00000625,false,Rx,0,8,25,00,59,86,01,54,5C,06,
361000,00000054,false,Rx,0,8,00,00,FE,FF,6A,02,00,00,
362000,00000055,false,Rx,0,8,10,27,00,00,00,00,00,00,
362000,00000056,false,Rx,0,8,10,27,00,00,00,00,00,00,
362000,00000057,false,Rx,0,8,00,00,FE,FF,FE,FF,00,00,
415000,00000625,false,Rx,0,8,25,00,59,86,01,54,5C,06,
0,000002C4,false,Rx,0,8,03,00,00,00,2B,02,00,00,
0,000002C5,false,Rx,0,8,00,00,00,00,00,00,00,00,
433000,000002C6,false,Rx,0,8,32,00,7C,01,00,00,00,00,
514000,00000625,false,Rx,0,8,25,00,59,86,01,54,5C,06,
561000,00000054,false,Rx,0,8,00,00,FE,FF,6A,02,00,00,
562000,00000055,false,Rx,0,8,10,27,00,00,00,00,00,00,
562000,00000056,false,Rx,0,8,10,27,00,00,00,00,00,00,
562000,00000057,false,Rx,0,8,00,00,FE,FF,FE,FF,00,00,
615000,00000625,false,Rx,0,8,25,00,59,86,01,54,5C,06,
652000,000002C4,false,Rx,0,8,03,00,00,00,2B,02,00,00,
652000,000002C5,false,Rx,0,8,00,00,00,00,00,00,00,00,
653000,000002C6,false,Rx,0,8,32,00,7C,01,00,00,00,00,
715000,00000625,false,Rx,0,8,25,00,59,86,01,54,5C,06,
0,00000054,false,Rx,0,8,00,00,FE,FF,6A,02,00,00,
0,00000055,false,Rx,0,8,10,27,00,00,00,00,00,00,
761000,00000056,false,Rx,0,8,10,27,00,00,00,00,00,00,
762000,00000057,false,Rx,0,8,00,00,FE,FF,FE,FF,00,00,
814000,00000625,false,Rx,0,8,25,00,59,86,01,54,5C,06,
0,000002C4,false,Rx,0,8,03,00,00,00,2B,02,00,00,
0,000002C5,false,Rx,0,8,00,00,00,00,00,00,00,00,
0,000002C6,false,Rx,0,8,32,00,7C,01,00,00,00,00,
915000,00000625,false,Rx,0,8,25,00,59,86,01,54,5C,06,
961000,00000054,false,Rx,0,8,00,00,FE,FF,6A,02,00,00,
962000,00000055,false,Rx,0,8,10,27,00,00,00,00,00,00,
0,00000056,false,Rx,0,8,10,27,00,00,00,00,00,00,
0,00000057,false,Rx,0,8,00,00,FE,FF,FE,FF,00,00,
15000,00000625,false,Rx,0,8,25,00,59,86,01,54,5C,06,
92000,000002C4,false,Rx,0,8,03,00,00,00,2B,02,00,00,
92000,000002C5,false,Rx,0,8,00,00,00,00,00,00,00,00,
93000,000002C6,false,Rx,0,8,32,00,7C,01,00,00,00,00,
115000,00000625,false,Rx,0,8,25,00,59,86,01,54,5C,06,
162000,00000054,false,Rx,0,8,00,00,FE,FF,6A,02,00,00,
162000,00000055,false,Rx,0,8,10,27,00,00,00,00,00,00,
162000,00000056,false,Rx,0,8,10,27,00,00,00,00,00,00,
162000,00000057,false,Rx,0,8,00,00,FE,FF,FE,FF,00,00,
215000,00000625,false,Rx,0,8,25,00,59,86,01,54,5C,06,
312000,000002C4,false,Rx,0,8,03,00,00,00,2B,02,00,00,
312000,000002C5,false,Rx,0,8,00,00,00,00,00,00,00,00,
313000,000002C6,false,Rx,0,8,32,00,7C,01,00,00,00,00,
314000,00000625,false,Rx,0,8,25,00,59,86,01,54,5C,06,
361000,00000054,false,Rx,0,8,00,00,FE,FF,6A,02,00,00,
361000,00000055,false,Rx,0,8,10,27,00,00,00,00,00,00,
361000,00000056,false,Rx,0,8,10,27,00,00,00,00,00,00,
362000,00000057,false,Rx,0,8,00,00,FE,FF,FE,FF,00,00,
414000,00000625,false,Rx,0,8,25,00,59,86,01,54,5C,06,
514000,00000625,false,Rx,0,8,25,00,59,86,01,54,5C,06,
532000,000002C4,false,Rx,0,8,03,00,00,00,2B,02,00,00,
533000,000002C5,false,Rx,0,8,00,00,00,00,00,00,00,00,
533000,000002C6,false,Rx,0,8,32,00,7C,01,00,00,00,00,
562000,00000054,false,Rx,0,8,00,00,FE,FF,6A,02,00,00,
562000,00000055,false,Rx,0,8,10,27,00,00,00,00,00,00,
562000,00000056,false,Rx,0,8,10,27,00,00,00,00,00,00,
562000,00000057,false,Rx,0,8,00,00,FE,FF,FE,FF,00,00,
615000,00000625,false,Rx,0,8,25,00,59,86,01,54,5C,06,
714000,00000625,false,Rx,0,8,25,00,59,86,01,54,5C,06,
0,000002C4,false,Rx,0,8,03,00,00,00,2B,02,00,00,
0,000002C5,false,Rx,0,8,00,00,00,00,00,00,00,00,
753000,000002C6,false,Rx,0,8,32,00,7C,01,00,00,00,00,
761000,00000054,false,Rx,0,8,00,00,FE,FF,6A,02,00,00,
761000,00000055,false,Rx,0,8,10,27,00,00,00,00,00,00,
762000,00000056,false,Rx,0,8,10,27,00,00,00,00,00,00,
762000,00000057,false,Rx,0,8,00,00,FE,FF,FE,FF,00,00,
814000,00000625,false,Rx,0,8,25,00,59,86,01,54,5C,06,
915000,00000625,false,Rx,0,8,25,00,59,86,01,54,5C,06,
0,00000054,false,Rx,0,8,00,00,FE,FF,6A,02,00,00,
0,00000055,false,Rx,0,8,10,27,00,00,00,00,00,00,
0,00000056,false,Rx,0,8,10,27,00,00,00,00,00,00,
963000,00000057,false,Rx,0,8,00,00,FE,FF,FE,FF,00,00,
0,000002C4,false,Rx,0,8,03,00,00,00,2B,02,00,00,
0,000002C5,false,Rx,0,8,00,00,00,00,00,00,00,00,
973000,000002C6,false,Rx,0,8,32,00,7C,01,00,00,00,00,
14000,00000625,false,Rx,0,8,25,00,59,86,01,54,5C,06,
114000,00000625,false,Rx,0,8,25,00,59,86,01,54,5C,06,
0,00000054,false,Rx,0,8,00,00,FE,FF,6A,02,00,00,
0,00000055,false,Rx,0,8,10,27,00,00,00,00,00,00,
0,00000056,false,Rx,0,8,10,27,00,00,00,00,00,00,
0,00000057,false,Rx,0,8,00,00,FE,FF,FE,FF,00,00,
0,000002C4,false,Rx,0,8,03,00,00,00,2B,02,00,00,
0,000002C5,false,Rx,0,8,00,00,00,00,00,00,00,00,
193000,000002C6,false,Rx,0,8,32,00,7C,01,00,00,00,00,
215000,00000625,false,Rx,0,8,25,00,59,86,01,54,5C,06,
314000,00000625,false,Rx,0,8,25,00,59,86,01,54,5C,06,
362000,00000054,false,Rx,0,8,00,00,FE,FF,6A,02,00,00,
362000,00000055,false,Rx,0,8,10,27,00,00,00,00,00,00,
362000,00000056,false,Rx,0,8,10,27,00,00,00,00,00,00,
362000,00000057,false,Rx,0,8,00,00,FE,FF,FE,FF,00,00,
413000,000002C4,false,Rx,0,8,03,00,00,00,2B,02,00,00,
413000,000002C5,false,Rx,0,8,00,00,00,00,00,00,00,00,
413000,000002C6,false,Rx,0,8,32,00,7C,01,00,00,00,00,
414000,00000625,false,Rx,0,8,25,00,59,86,01,54,5C,06,
515000,00000625,false,Rx,0,8,25,00,59,86,01,54,5C,06,
562000,00000054,false,Rx,0,8,00,00,FE,FF,6A,02,00,00,
562000,00000055,false,Rx,0,8,10,27,00,00,00,00,00,00,
0,00000056,false,Rx,0,8,10,27,00,00,00,00,00,00,
0,00000057,false,Rx,0,8,00,00,FE,FF,FE,FF,00,00,
614000,00000625,false,Rx,0,8,25,00,59,86,01,54,5C,06,
0,000002C4,false,Rx,0,8,03,00,00,00,2B,02,00,00,
0,000002C5,false,Rx,0,8,00,00,00,00,00,00,00,00,
633000,000002C6,false,Rx,0,8,32,00,7C,01,00,00,00,00,
715000,00000625,false,Rx,0,8,25,00,59,86,01,54,5C,06,
0,00000054,false,Rx,0,8,00,00,FE,FF,6A,02,00,00,
0,00000055,false,Rx,0,8,10,27,00,00,00,00,00,00,
762000,00000056,false,Rx,0,8,10,27,00,00,00,00,00,00,
763000,00000057,false,Rx,0,8,00,00,FE,FF,FE,FF,00,00,
815000,00000625,false,Rx,0,8,25,00,59,86,01,54,5C,06,
853000,000002C4,false,Rx,0,8,03,00,00,00,2B,02,00,00,
853000,000002C5,false,Rx,0,8,00,00,00,00,00,00,00,00,
853000,000002C6,false,Rx,0,8,32,00,7C,01,00,00,00,00,
914000,00000625,false,Rx,0,8,25,00,59,86,01,54,5C,06,
0,00000054,false,Rx,0,8,00,00,FE,FF,6A,02,00,00,
0,00000055,false,Rx,0,8,10,27,00,00,00,00,00,00,
962000,00000056,false,Rx,0,8,10,27,00,00,00,00,00,00,
962000,00000057,false,Rx,0,8,00,00,FE,FF,FE,FF,00,00,
14000,00000625,false,Rx,0,8,25,00,59,86,01,54,5C,06,
73000,000002C4,false,Rx,0,8,03,00,00,00,2B,02,00,00,
73000,000002C5,false,Rx,0,8,00,00,00,00,00,00,00,00,
73000,000002C6,false,Rx,0,8,32,00,7C,01,00,00,00,00,
0,00000054,false,Rx,0,8,00,00,FE,FF,6A,02,00,00,
0,00000055,false,Rx,0,8,10,27,00,00,00,00,00,00,
162000,00000056,false,Rx,0,8,10,27,00,00,00,00,00,00,
163000,00000057,false,Rx,0,8,00,00,FE,FF,FE,FF,00,00,
293000,000002C4,false,Rx,0,8,03,00,00,00,2B,02,00,00,
293000,000002C5,false,Rx,0,8,00,00,00,00,00,00,00,00,
293000,000002C6,false,Rx,0,8,32,00,7C,01,00,00,00,00,
361000,00000054,false,Rx,0,8,00,00,FE,FF,6A,02,00,00,
362000,00000055,false,Rx,0,8,10,27,00,00,00,00,00,00,
362000,00000056,false,Rx,0,8,10,27,00,00,00,00,00,00,
362000,00000057,false,Rx,0,8,00,00,FE,FF,FE,FF,00,00,
512000,000002C4,false,Rx,0,8,03,00,00,00,2B,02,00,00,
512000,000002C5,false,Rx,0,8,00,00,00,00,00,00,00,00,
513000,000002C6,false,Rx,0,8,32,00,7C,01,00,00,00,00,
562000,00000054,false,Rx,0,8,00,00,FE,FF,6A,02,00,00,
562000,00000055,false,Rx,0,8,10,27,00,00,00,00,00,00,
0,00000056,false,Rx,0,8,10,27,00,00,00,00,00,00,
0,00000057,false,Rx,0,8,00,00,FE,FF,FE,FF,00,00,
0,000002C4,false,Rx,0,8,03,00,00,00,2B,02,00,00,
0,000002C5,false,Rx,0,8,00,00,00,00,00,00,00,00,
733000,000002C6,false,Rx,0,8,32,00,7C,01,00,00,00,00,
762000,00000054,false,Rx,0,8,00,00,FE,FF,6A,02,00,00,
762000,00000055,false,Rx,0,8,10,27,00,00,00,00,00,00,
0,00000056,false,Rx,0,8,10,27,00,00,00,00,00,00,
0,00000057,false,Rx,0,8,00,00,FE,FF,FE,FF,00,00,
0,000002C4,false,Rx,0,8,03,00,00,00,2B,02,00,00,
0,000002C5,false,Rx,0,8,00,00,00,00,00,00,00,00,
953000,000002C6,false,Rx,0,8,32,00,7C,01,00,00,00,00,
962000,00000054,false,Rx,0,8,00,00,FE,FF,6A,02,00,00,
962000,00000055,false,Rx,0,8,10,27,00,00,00,00,00,00,
962000,00000056,false,Rx,0,8,10,27,00,00,00,00,00,00,
962000,00000057,false,Rx,0,8,00,00,FE,FF,FE,FF,00,00,
931000,0000060D,false,Rx,0,8,0D,10,83,B6,09,20,70,00,
942000,00000054,false,Rx,0,8,00,00,FE,FF,71,02,00,00,
942000,00000055,false,Rx,0,8,10,27,00,00,00,00,00,00,
942000,00000056,false,Rx,0,8,10,27,00,00,00,00,00,00,
942000,00000057,false,Rx,0,8,00,00,FE,FF,FE,FF,00,00,
952000,00000065,false,Rx,0,8,71,02,03,00,00,00,00,00,
32000,0000060D,false,Rx,0,8,0D,10,83,B6,09,20,70,00,
101000,00000065,false,Rx,0,8,71,02,03,00,00,00,00,00,
132000,0000060D,false,Rx,0,8,0D,10,83,B6,09,20,70,00,
141000,00000054,false,Rx,0,8,00,00,FE,FF,71,02,00,00,
142000,00000055,false,Rx,0,8,10,27,00,00,00,00,00,00,
142000,00000056,false,Rx,0,8,10,27,00,00,00,00,00,00,
142000,00000057,false,Rx,0,8,00,00,FE,FF,FE,FF,00,00,
169000,00000625,false,Rx,0,8,25,00,58,86,01,54,5C,06,
181000,000002C4,false,Rx,0,8,02,00,00,00,28,02,00,00,
181000,000002C5,false,Rx,0,8,00,00,00,00,00,00,00,00,
181000,000002C6,false,Rx,0,8,32,00,7C,01,00,00,00,00,
232000,0000060D,false,Rx,0,8,0D,10,83,B6,09,20,70,00,
252000,00000065,false,Rx,0,8,71,02,03,00,00,00,00,00,
269000,00000625,false,Rx,0,8,25,00,58,86,01,54,5C,06,
332000,0000060D,false,Rx,0,8,0D,10,83,B6,09,20,70,00,
341000,00000054,false,Rx,0,8,00,00,FE,FF,71,02,00,00,
341000,00000055,false,Rx,0,8,10,27,00,00,00,00,00,00,
341000,00000056,false,Rx,0,8,10,27,00,00,00,00,00,00,
342000,00000057,false,Rx,0,8,00,00,FE,FF,FE,FF,00,00,
369000,00000625,false,Rx,0,8,25,00,59,86,01,54,5C,06,
400000,000002C4,false,Rx,0,8,02,00,00,00,28,02,00,00,
400000,000002C5,false,Rx,0,8,00,00,00,00,00,00,00,00,
401000,000002C6,false,Rx,0,8,32,00,7C,01,00,00,00,00,
402000,00000065,false,Rx,0,8,71,02,03,00,00,00,00,00,
433000,0000060D,false,Rx,0,8,0D,10,83,B6,09,20,70,00,
470000,00000625,false,Rx,0,8,25,00,59,86,01,54,5C,06,
531000,0000060D,false,Rx,0,8,0D,10,83,B6,09,20,70,00,
0,00000054,false,Rx,0,8,00,00,FE,FF,71,02,00,00,
0,00000055,false,Rx,0,8,10,27,00,00,00,00,00,00,
542000,00000056,false,Rx,0,8,10,27,00,00,00,00,00,00,
542000,00000057,false,Rx,0,8,00,00,FE,FF,FE,FF,00,00,
569000,00000625,false,Rx,0,8,25,00,59,86,01,54,5C,06,
620000,000002C4,false,Rx,0,8,02,00,00,00,29,02,00,00,
620000,000002C5,false,Rx,0,8,00,00,00,00,00,00,00,00,
621000,000002C6,false,Rx,0,8,32,00,7C,01,00,00,00,00,
631000,0000060D,false,Rx,0,8,0D,10,83,B6,09,20,70,00,
669000,00000625,false,Rx,0,8,25,00,59,86,01,54,5C,06,
732000,0000060D,false,Rx,0,8,0D,10,83,B6,09,20,70,00,
742000,00000054,false,Rx,0,8,00,00,FE,FF,71,02,00,00,
742000,00000055,false,Rx,0,8,10,27,00,00,00,00,00,00,
742000,00000056,false,Rx,0,8,10,27,00,00,00,00,00,00,
742000,00000057,false,Rx,0,8,00,00,FE,FF,FE,FF,00,00,
769000,00000625,false,Rx,0,8,25,00,59,86,01,54,5C,06,
832000,0000060D,false,Rx,0,8,0D,10,83,B6,09,20,70,00,
840000,000002C4,false,Rx,0,8,02,00,00,00,29,02,00,00,
840000,000002C5,false,Rx,0,8,00,00,00,00,00,00,00,00,
841000,000002C6,false,Rx,0,8,32,00,7C,01,00,00,00,00,
869000,00000625,false,Rx,0,8,25,00,59,86,01,54,5C,06,
932000,0000060D,false,Rx,0,8,0D,10,83,B6,09,20,70,00,
942000,00000054,false,Rx,0,8,00,00,FE,FF,71,02,00,00,
942000,00000055,false,Rx,0,8,10,27,00,00,00,00,00,00,
942000,00000056,false,Rx,0,8,10,27,00,00,00,00,00,00,
942000,00000057,false,Rx,0,8,00,00,FE,FF,FE,FF,00,00,
970000,00000625,false,Rx,0,8,25,00,59,86,01,54,5C,06,
31000,0000060D,false,Rx,0,8,0D,10,83,B6,09,20,70,00,
60000,000002C4,false,Rx,0,8,03,00,00,00,29,02,00,00,
61000,000002C5,false,Rx,0,8,00,00,00,00,00,00,00,00,
61000,000002C6,false,Rx,0,8,32,00,7C,01,00,00,00,00,
69000,00000625,false,Rx,0,8,25,00,59,86,01,54,5C,06,
132000,0000060D,false,Rx,0,8,0D,10,83,B6,09,20,70,00,
141000,00000054,false,Rx,0,8,00,00,FE,FF,71,02,00,00,
141000,00000055,false,Rx,0,8,10,27,00,00,00,00,00,00,
142000,00000056,false,Rx,0,8,10,27,00,00,00,00,00,00,
142000,00000057,false,Rx,0,8,00,00,FE,FF,FE,FF,00,00,
169000,00000625,false,Rx,0,8,25,00,59,86,01,54,5C,06,
232000,0000060D,false,Rx,0,8,0D,10,83,B6,09,20,70,00,
269000,00000625,false,Rx,0,8,25,00,59,86,01,54,5C,06,
0,000002C4,false,Rx,0,8,03,00,00,00,29,02,00,00,
0,000002C5,false,Rx,0,8,00,00,00,00,00,00,00,00,
280000,000002C6,false,Rx,0,8,32,00,7C,01,00,00,00,00,
331000,0000060D,false,Rx,0,8,0D,10,83,B6,09,20,70,00,
342000,00000054,false,Rx,0,8,00,00,FE,FF,71,02,00,00,
342000,00000055,false,Rx,0,8,10,27,00,00,00,00,00,00,
342000,00000056,false,Rx,0,8,10,27,00,00,00,00,00,00,
343000,00000057,false,Rx,0,8,00,00,FE,FF,FE,FF,00,00,
369000,00000625,false,Rx,0,8,25,00,59,86,01,54,5C,06,
432000,0000060D,false,Rx,0,8,0D,10,83,B6,09,20,70,00,
469000,00000625,false,Rx,0,8,25,00,59,86,01,54,5C,06,
501000,000002C4,false,Rx,0,8,03,00,00,00,29,02,00,00,
501000,000002C5,false,Rx,0,8,00,00,00,00,00,00,00,00,
501000,000002C6,false,Rx,0,8,32,00,7C,01,00,00,00,00,
531000,0000060D,false,Rx,0,8,0D,10,83,B6,09,20,70,00,
541000,00000054,false,Rx,0,8,00,00,FE,FF,71,02,00,00,
541000,00000055,false,Rx,0,8,10,27,00,00,00,00,00,00,
542000,00000056,false,Rx,0,8,10,27,00,00,00,00,00,00,
542000,00000057,false,Rx,0,8,00,00,FE,FF,FE,FF,00,00,
569000,00000625,false,Rx,0,8,25,00,59,86,01,54,5C,06,
632000,0000060D,false,Rx,0,8,0D,10,83,B6,09,20,70,00,
669000,00000625,false,Rx,0,8,25,00,59,86,01,54,5C,06,
720000,000002C4,false,Rx,0,8,03,00,00,00,29,02,00,00,
721000,000002C5,false,Rx,0,8,00,00,00,00,00,00,00,00,
721000,000002C6,false,Rx,0,8,32,00,7C,01,00,00,00,00,
732000,0000060D,false,Rx,0,8,0D,10,83,B6,09,20,70,00,
0,00000054,false,Rx,0,8,00,00,FE,FF,71,02,00,00,
0,00000055,false,Rx,0,8,10,27,00,00,00,00,00,00,
0,00000056,false,Rx,0,8,10,27,00,00,00,00,00,00,
0,00000057,false,Rx,0,8,00,00,FE,FF,FE,FF,00,00,
769000,00000625,false,Rx,0,8,25,00,59,86,01,54,5C,06,
833000,0000060D,false,Rx,0,8,0D,10,83,B6,09,20,70,00,
869000,00000625,false,Rx,0,8,25,00,59,86,01,54,5C,06,
932000,0000060D,false,Rx,0,8,0D,10,83,B6,09,20,70,00,
0,000002C4,false,Rx,0,8,03,00,00,00,29,02,00,00,
0,000002C5,false,Rx,0,8,00,00,00,00,00,00,00,00,
0,000002C6,false,Rx,0,8,32,00,7C,01,00,00,00,00,
0,00000054,false,Rx,0,8,00,00,FE,FF,71,02,00,00,
0,00000055,false,Rx,0,8,10,27,00,00,00,00,00,00,
0,00000056,false,Rx,0,8,10,27,00,00,00,00,00,00,
943000,00000057,false,Rx,0,8,00,00,FE,FF,FE,FF,00,00,
969000,00000625,false,Rx,0,8,25,00,59,86,01,54,5C,06,
32000,0000060D,false,Rx,0,8,0D,10,83,B6,09,20,70,00,
69000,00000625,false,Rx,0,8,25,00,59,86,01,54,5C,06,
132000,0000060D,false,Rx,0,8,0D,10,83,B6,09,20,70,00,
142000,00000054,false,Rx,0,8,00,00,FE,FF,71,02,00,00,
142000,00000055,false,Rx,0,8,10,27,00,00,00,00,00,00,
142000,00000056,false,Rx,0,8,10,27,00,00,00,00,00,00,
142000,00000057,false,Rx,0,8,00,00,FE,FF,FE,FF,00,00,
160000,000002C4,false,Rx,0,8,03,00,00,00,29,02,00,00,
160000,000002C5,false,Rx,0,8,00,00,00,00,00,00,00,00,
161000,000002C6,false,Rx,0,8,32,00,7C,01,00,00,00,00,
170000,00000625,false,Rx,0,8,25,00,59,86,01,54,5C,06,
232000,0000060D,false,Rx,0,8,0D,10,83,B6,09,20,70,00,
269000,00000625,false,Rx,0,8,25,00,59,86,01,54,5C,06,
332000,0000060D,false,Rx,0,8,0D,10,83,B6,09,20,70,00,
341000,00000054,false,Rx,0,8,00,00,FE,FF,71,02,00,00,
341000,00000055,false,Rx,0,8,10,27,00,00,00,00,00,00,
342000,00000056,false,Rx,0,8,10,27,00,00,00,00,00,00,
342000,00000057,false,Rx,0,8,00,00,FE,FF,FE,FF,00,00,
369000,00000625,false,Rx,0,8,25,00,59,86,01,54,5C,06,
381000,000002C4,false,Rx,0,8,03,00,00,00,29,02,00,00,
381000,000002C5,false,Rx,0,8,00,00,00,00,00,00,00,00,
381000,000002C6,false,Rx,0,8,32,00,7C,01,00,00,00,00,
432000,0000060D,false,Rx,0,8,0D,10,83,B6,09,20,70,00,
469000,00000625,false,Rx,0,8,25,00,59,86,01,54,5C,06,
531000,0000060D,false,Rx,0,8,0D,10,83,B6,09,20,70,00,
541000,00000054,false,Rx,0,8,00,00,FE,FF,71,02,00,00,
542000,00000055,false,Rx,0,8,10,27,00,00,00,00,00,00,
542000,00000056,false,Rx,0,8,10,27,00,00,00,00,00,00,
542000,00000057,false,Rx,0,8,00,00,FE,FF,FE,FF,00,00,
569000,00000625,false,Rx,0,8,25,00,59,86,01,54,5C,06,
601000,000002C4,false,Rx,0,8,03,00,00,00,29,02,00,00,
601000,000002C5,false,Rx,0,8,00,00,00,00,00,00,00,00,
601000,000002C6,false,Rx,0,8,32,00,7C,01,00,00,00,00,
632000,0000060D,false,Rx,0,8,0D,10,83,B6,09,20,70,00,
669000,00000625,false,Rx,0,8,25,00,59,86,01,54,5C,06,
732000,0000060D,false,Rx,0,8,0D,10,83,B6,09,20,70,00,
0,00000054,false,Rx,0,8,00,00,FE,FF,71,02,00,00,
0,00000055,false,Rx,0,8,10,27,00,00,00,00,00,00,
742000,00000056,false,Rx,0,8,10,27,00,00,00,00,00,00,
742000,00000057,false,Rx,0,8,00,00,FE,FF,FE,FF,00,00,
769000,00000625,false,Rx,0,8,25,00,59,86,01,54,5C,06,
821000,000002C4,false,Rx,0,8,03,00,00,00,29,02,00,00,
0,000002C5,false,Rx,0,8,00,00,00,00,00,00,00,00,
0,000002C6,false,Rx,0,8,32,00,7C,01,00,00,00,00,
832000,0000060D,false,Rx,0,8,0D,10,83,B6,09,20,70,00,
869000,00000625,false,Rx,0,8,25,00,59,86,01,54,5C,06,
932000,0000060D,false,Rx,0,8,0D,10,83,B6,09,20,70,00,
942000,00000054,false,Rx,0,8,00,00,FE,FF,71,02,00,00,
942000,00000055,false,Rx,0,8,10,27,00,00,00,00,00,00,
942000,00000056,false,Rx,0,8,10,27,00,00,00,00,00,00,
942000,00000057,false,Rx,0,8,00,00,FE,FF,FE,FF,00,00,
969000,00000625,false,Rx,0,8,25,00,59,86,01,54,5C,06,
32000,0000060D,false,Rx,0,8,0D,10,83,B6,09,20,70,00,
40000,000002C4,false,Rx,0,8,03,00,00,00,29,02,00,00,
41000,000002C5,false,Rx,0,8,00,00,00,00,00,00,00,00,
41000,000002C6,false,Rx,0,8,32,00,7C,01,00,00,00,00,
69000,00000625,false,Rx,0,8,25,00,59,86,01,54,5C,06,
132000,0000060D,false,Rx,0,8,0D,10,83,B6,09,20,70,00,
142000,00000054,false,Rx,0,8,00,00,FE,FF,71,02,00,00,
142000,00000055,false,Rx,0,8,10,27,00,00,00,00,00,00,
142000,00000056,false,Rx,0,8,10,27,00,00,00,00,00,00,
142000,00000057,false,Rx,0,8,00,00,FE,FF,FE,FF,00,00,
170000,00000625,false,Rx,0,8,25,00,59,86,01,54,5C,06,
231000,0000060D,false,Rx,0,8,0D,10,83,B6,09,20,70,00,
260000,000002C4,false,Rx,0,8,03,00,00,00,29,02,00,00,
260000,000002C5,false,Rx,0,8,00,00,00,00,00,00,00,00,
260000,000002C6,false,Rx,0,8,32,00,7C,01,00,00,00,00,
269000,00000625,false,Rx,0,8,25,00,59,86,01,54,5C,06,
332000,0000060D,false,Rx,0,8,0D,10,83,B6,09,20,70,00,
0,00000054,false,Rx,0,8,00,00,FE,FF,71,02,00,00,
0,00000055,false,Rx,0,8,10,27,00,00,00,00,00,00,
0,00000056,false,Rx,0,8,10,27,00,00,00,00,00,00,
342000,00000057,false,Rx,0,8,00,00,FE,FF,FE,FF,00,00,
369000,00000625,false,Rx,0,8,25,00,59,86,01,54,5C,06,
432000,0000060D,false,Rx,0,8,0D,10,83,B6,09,20,70,00,
470000,00000625,false,Rx,0,8,25,00,59,86,01,54,5C,06,
0,000002C4,false,Rx,0,8,03,00,00,00,29,02,00,00,
0,000002C5,false,Rx,0,8,00,00,00,00,00,00,00,00,
481000,000002C6,false,Rx,0,8,32,00,7C,01,00,00,00,00,
532000,0000060D,false,Rx,0,8,0D,10,83,B6,09,20,70,00,
541000,00000054,false,Rx,0,8,00,00,FE,FF,71,02,00,00,
542000,00000055,false,Rx,0,8,10,27,00,00,00,00,00,00,
0,00000056,false,Rx,0,8,10,27,00,00,00,00,00,00,
0,00000057,false,Rx,0,8,00,00,FE,FF,FE,FF,00,00,
570000,00000625,false,Rx,0,8,25,00,59,86,01,54,5C,06,
632000,0000060D,false,Rx,0,8,0D,10,83,B6,09,20,70,00,
669000,00000625,false,Rx,0,8,25,00,59,86,01,54,5C,06,
701000,000002C4,false,Rx,0,8,03,00,00,00,29,02,00,00,
701000,000002C5,false,Rx,0,8,00,00,00,00,00,00,00,00,
701000,000002C6,false,Rx,0,8,32,00,7C,01,00,00,00,00,
732000,0000060D,false,Rx,0,8,0D,10,83,B6,09,20,70,00,
742000,00000054,false,Rx,0,8,00,00,FE,FF,71,02,00,00,
742000,00000055,false,Rx,0,8,10,27,00,00,00,00,00,00,
742000,00000056,false,Rx,0,8,10,27,00,00,00,00,00,00,
742000,00000057,false,Rx,0,8,00,00,FE,FF,FE,FF,00,00,
769000,00000625,false,Rx,0,8,25,00,59,86,01,54,5C,06,
832000,0000060D,false,Rx,0,8,0D,10,83,B6,09,20,70,00,
869000,00000625,false,Rx,0,8,25,00,59,86,01,54,5C,06,
920000,000002C4,false,Rx,0,8,03,00,00,00,29,02,00,00,
921000,000002C5,false,Rx,0,8,00,00,00,00,00,00,00,00,
921000,000002C6,false,Rx,0,8,32,00,7C,01,00,00,00,00,
932000,0000060D,false,Rx,0,8,0D,10,83,B6,09,20,70,00,
0,00000054,false,Rx,0,8,00,00,FE,FF,71,02,00,00,
0,00000055,false,Rx,0,8,10,27,00,00,00,00,00,00,
942000,00000056,false,Rx,0,8,10,27,00,00,00,00,00,00,
942000,00000057,false,Rx,0,8,00,00,FE,FF,FE,FF,00,00,
969000,00000625,false,Rx,0,8,25,00,59,86,01,54,5C,06,
70000,00000625,false,Rx,0,8,25,00,59,86,01,54,5C,06,
141000,000002C4,false,Rx,0,8,03,00,00,00,2A,02,00,00,
141000,000002C5,false,Rx,0,8,00,00,00,00,00,00,00,00,
141000,000002C6,false,Rx,0,8,32,00,7C,01,00,00,00,00,
142000,00000054,false,Rx,0,8,00,00,FE,FF,71,02,00,00,
142000,00000055,false,Rx,0,8,10,27,00,00,00,00,00,00,
142000,00000056,false,Rx,0,8,10,27,00,00,00,00,00,00,
143000,00000057,false,Rx,0,8,00,00,FE,FF,FE,FF,00,00,
170000,00000625,false,Rx,0,8,25,00,59,86,01,54,5C,06,
269000,00000625,false,Rx,0,8,25,00,59,86,01,54,5C,06,
341000,00000054,false,Rx,0,8,00,00,FE,FF,71,02,00,00,
342000,00000055,false,Rx,0,8,10,27,00,00,00,00,00,00,
342000,00000056,false,Rx,0,8,10,27,00,00,00,00,00,00,
342000,00000057,false,Rx,0,8,00,00,FE,FF,FE,FF,00,00,
0,000002C4,false,Rx,0,8,03,00,00,00,2A,02,00,00,
0,000002C5,false,Rx,0,8,00,00,00,00,00,00,00,00,
361000,000002C6,false,Rx,0,8,32,00,7C,01,00,00,00,00,
370000,00000625,false,Rx,0,8,25,00,59,86,01,54,5C,06,
470000,00000625,false,Rx,0,8,25,00,59,86,01,54,5C,06,
542000,00000054,false,Rx,0,8,00,00,FE,FF,71,02,00,00,
542000,00000055,false,Rx,0,8,10,27,00,00,00,00,00,00,
542000,00000056,false,Rx,0,8,10,27,00,00,00,00,00,00,
542000,00000057,false,Rx,0,8,00,00,FE,FF,FE,FF,00,00,
570000,00000625,false,Rx,0,8,25,00,59,86,01,54,5C,06,
580000,000002C4,false,Rx,0,8,03,00,00,00,2A,02,00,00,
580000,000002C5,false,Rx,0,8,00,00,00,00,00,00,00,00,
580000,000002C6,false,Rx,0,8,32,00,7C,01,00,00,00,00,
669000,00000625,false,Rx,0,8,25,00,59,86,01,54,5C,06,
742000,00000054,false,Rx,0,8,00,00,FE,FF,71,02,00,00,
742000,00000055,false,Rx,0,8,10,27,00,00,00,00,00,00,
742000,00000056,false,Rx,0,8,10,27,00,00,00,00,00,00,
742000,00000057,false,Rx,0,8,00,00,FE,FF,FE,FF,00,00,
769000,00000625,false,Rx,0,8,25,00,59,86,01,54,5C,06,
800000,000002C4,false,Rx,0,8,03,00,00,00,2A,02,00,00,
800000,000002C5,false,Rx,0,8,00,00,00,00,00,00,00,00,
801000,000002C6,false,Rx,0,8,32,00,7C,01,00,00,00,00,
869000,00000625,false,Rx,0,8,25,00,59,86,01,54,5C,06,
0,00000054,false,Rx,0,8,00,00,FE,FF,71,02,00,00,
0,00000055,false,Rx,0,8,10,27,00,00,00,00,00,00,
943000,00000056,false,Rx,0,8,10,27,00,00,00,00,00,00,
943000,00000057,false,Rx,0,8,00,00,FE,FF,FE,FF,00,00,
969000,00000625,false,Rx,0,8,25,00,59,86,01,54,5C,06,
0,000002C4,false,Rx,0,8,03,00,00,00,2A,02,00,00,
0,000002C5,false,Rx,0,8,00,00,00,00,00,00,00,00,
22000,000002C6,false,Rx,0,8,32,00,7C,01,00,00,00,00,
70000,00000625,false,Rx,0,8,25,00,59,86,01,54,5C,06,
0,00000054,false,Rx,0,8,00,00,FE,FF,71,02,00,00,
0,00000055,false,Rx,0,8,10,27,00,00,00,00,00,00,
142000,00000056,false,Rx,0,8,10,27,00,00,00,00,00,00,
142000,00000057,false,Rx,0,8,00,00,FE,FF,FE,FF,00,00,
169000,00000625,false,Rx,0,8,25,00,59,86,01,54,5C,06,
241000,000002C4,false,Rx,0,8,03,00,00,00,2A,02,00,00,
241000,000002C5,false,Rx,0,8,00,00,00,00,00,00,00,00,
241000,000002C6,false,Rx,0,8,32,00,7C,01,00,00,00,00,
270000,00000625,false,Rx,0,8,25,00,59,86,01,54,5C,06,
341000,00000054,false,Rx,0,8,00,00,FE,FF,71,02,00,00,
341000,00000055,false,Rx,0,8,10,27,00,00,00,00,00,00,
342000,00000056,false,Rx,0,8,10,27,00,00,00,00,00,00,
342000,00000057,false,Rx,0,8,00,00,FE,FF,FE,FF,00,00,
369000,00000625,false,Rx,0,8,25,00,59,86,01,54,5C,06,
460000,000002C4,false,Rx,0,8,03,00,00,00,2A,02,00,00,
460000,000002C5,false,Rx,0,8,00,00,00,00,00,00,00,00,
461000,000002C6,false,Rx,0,8,32,00,7C,01,00,00,00,00,
469000,00000625,false,Rx,0,8,25,00,59,86,01,54,5C,06,
542000,00000054,false,Rx,0,8,00,00,FE,FF,71,02,00,00,
542000,00000055,false,Rx,0,8,10,27,00,00,00,00,00,00,
542000,00000056,false,Rx,0,8,10,27,00,00,00,00,00,00,
543000,00000057,false,Rx,0,8,00,00,FE,FF,FE,FF,00,00,
569000,00000625,false,Rx,0,8,25,00,59,86,01,54,5C,06,
669000,00000625,false,Rx,0,8,25,00,59,86,01,54,5C,06,
0,000002C4,false,Rx,0,8,03,00,00,00,2A,02,00,00,
0,000002C5,false,Rx,0,8,00,00,00,00,00,00,00,00,
680000,000002C6,false,Rx,0,8,32,00,7C,01,00,00,00,00,
742000,00000054,false,Rx,0,8,00,00,FE,FF,71,02,00,00,
742000,00000055,false,Rx,0,8,10,27,00,00,00,00,00,00,
743000,00000056,false,Rx,0,8,10,27,00,00,00,00,00,00,
744000,00000057,false,Rx,0,8,00,00,FE,FF,FE,FF,00,00,
770000,00000625,false,Rx,0,8,25,00,59,86,01,54,5C,06,
870000,00000625,false,Rx,0,8,25,00,59,86,01,54,5C,06,
0,000002C4,false,Rx,0,8,03,00,00,00,2A,02,00,00,
0,000002C5,false,Rx,0,8,00,00,00,00,00,00,00,00,
901000,000002C6,false,Rx,0,8,32,00,7C,01,00,00,00,00,
0,00000054,false,Rx,0,8,00,00,FE,FF,71,02,00,00,
0,00000055,false,Rx,0,8,10,27,00,00,00,00,00,00,
942000,00000056,false,Rx,0,8,10,27,00,00,00,00,00,00,
942000,00000057,false,Rx,0,8,00,00,FE,FF,FE,FF,00,00,
969000,00000625,false,Rx,0,8,25,00,59,86,01,54,5C,06,
69000,00000625,false,Rx,0,8,25,00,59,86,01,54,5C,06,
121000,000002C4,false,Rx,0,8,03,00,00,00,2A,02,00,00,
121000,000002C5,false,Rx,0,8,00,00,00,00,00,00,00,00,
121000,000002C6,false,Rx,0,8,32,00,7C,01,00,00,00,00,
141000,00000054,false,Rx,0,8,00,00,FE,FF,71,02,00,00,
141000,00000055,false,Rx,0,8,10,27,00,00,00,00,00,00,
142000,00000056,false,Rx,0,8,10,27,00,00,00,00,00,00,
142000,00000057,false,Rx,0,8,00,00,FE,FF,FE,FF,00,00,
169000,00000625,false,Rx,0,8,25,00,59,86,01,54,5C,06,
269000,00000625,false,Rx,0,8,25,00,59,86,01,54,5C,06,
341000,000002C4,false,Rx,0,8,03,00,00,00,2A,02,00,00,
341000,000002C5,false,Rx,0,8,00,00,00,00,00,00,00,00,
341000,000002C6,false,Rx,0,8,32,00,7C,01,00,00,00,00,
342000,00000054,false,Rx,0,8,00,00,FE,FF,71,02,00,00,
342000,00000055,false,Rx,0,8,10,27,00,00,00,00,00,00,
342000,00000056,false,Rx,0,8,10,27,00,00,00,00,00,00,
343000,00000057,false,Rx,0,8,00,00,FE,FF,FE,FF,00,00,
369000,00000625,false,Rx,0,8,25,00,59,86,01,54,5C,06,
470000,00000625,false,Rx,0,8,25,00,59,86,01,54,5C,06,
542000,00000054,false,Rx,0,8,00,00,FE,FF,71,02,00,00,
542000,00000055,false,Rx,0,8,10,27,00,00,00,00,00,00,
542000,00000056,false,Rx,0,8,10,27,00,00,00,00,00,00,
542000,00000057,false,Rx,0,8,00,00,FE,FF,FE,FF,00,00,
0,000002C4,false,Rx,0,8,03,00,00,00,2A,02,00,00,
0,000002C5,false,Rx,0,8,00,00,00,00,00,00,00,00,
561000,000002C6,false,Rx,0,8,32,00,7C,01,00,00,00,00,
569000,00000625,false,Rx,0,8,25,00,59,86,01,54,5C,06,
669000,00000625,false,Rx,0,8,25,00,59,86,01,54,5C,06,
741000,00000054,false,Rx,0,8,00,00,FE,FF,71,02,00,00,
741000,00000055,false,Rx,0,8,10,27,00,00,00,00,00,00,
742000,00000056,false,Rx,0,8,10,27,00,00,00,00,00,00,
742000,00000057,false,Rx,0,8,00,00,FE,FF,FE,FF,00,00,
769000,00000625,false,Rx,0,8,25,00,59,86,01,54,5C,06,
780000,000002C4,false,Rx,0,8,03,00,00,00,2A,02,00,00,
781000,000002C5,false,Rx,0,8,00,00,00,00,00,00,00,00,
781000,000002C6,false,Rx,0,8,32,00,7C,01,00,00,00,00,
869000,00000625,false,Rx,0,8,25,00,59,86,01,54,5C,06,
0,00000054,false,Rx,0,8,00,00,FE,FF,71,02,00,00,
0,00000055,false,Rx,0,8,10,27,00,00,00,00,00,00,
942000,00000056,false,Rx,0,8,10,27,00,00,00,00,00,00,
942000,00000057,false,Rx,0,8,00,00,FE,FF,FE,FF,00,00,
970000,00000625,false,Rx,0,8,25,00,59,86,01,54,5C,06,
0,000002C4,false,Rx,0,8,03,00,00,00,2A,02,00,00,
0,000002C5,false,Rx,0,8,00,00,00,00,00,00,00,00,
1000,000002C6,false,Rx,0,8,32,00,7C,01,00,00,00,00,
69000,00000625,false,Rx,0,8,25,00,59,86,01,54,5C,06,
0,00000054,false,Rx,0,8,00,00,FE,FF,71,02,00,00,
0,00000055,false,Rx,0,8,10,27,00,00,00,00,00,00,
142000,00000056,false,Rx,0,8,10,27,00,00,00,00,00,00,
142000,00000057,false,Rx,0,8,00,00,FE,FF,FE,FF,00,00,
170000,00000625,false,Rx,0,8,25,00,59,86,01,54,5C,06,
0,000002C4,false,Rx,0,8,03,00,00,00,2A,02,00,00,
0,000002C5,false,Rx,0,8,00,00,00,00,00,00,00,00,
221000,000002C6,false,Rx,0,8,32,00,7C,01,00,00,00,00,
269000,00000625,false,Rx,0,8,25,00,59,86,01,54,5C,06,
0,00000054,false,Rx,0,8,00,00,FE,FF,71,02,00,00,
0,00000055,false,Rx,0,8,10,27,00,00,00,00,00,00,
342000,00000056,false,Rx,0,8,10,27,00,00,00,00,00,00,
342000,00000057,false,Rx,0,8,00,00,FE,FF,FE,FF,00,00,
369000,00000625,false,Rx,0,8,25,00,59,86,01,54,5C,06,
0,000002C4,false,Rx,0,8,03,00,00,00,2A,02,00,00,
0,000002C5,false,Rx,0,8,00,00,00,00,00,00,00,00,
440000,000002C6,false,Rx,0,8,32,00,7C,01,00,00,00,00,
469000,00000625,false,Rx,0,8,25,00,59,86,01,54,5C,06,
541000,00000054,false,Rx,0,8,00,00,FE,FF,71,02,00,00,
0,00000055,false,Rx,0,8,10,27,00,00,00,00,00,00,
0,00000056,false,Rx,0,8,10,27,00,00,00,00,00,00,
542000,00000057,false,Rx,0,8,00,00,FE,FF,FE,FF,00,00,
569000,00000625,false,Rx,0,8,25,00,59,86,01,54,5C,06,
660000,000002C4,false,Rx,0,8,03,00,00,00,2A,02,00,00,
660000,000002C5,false,Rx,0,8,00,00,00,00,00,00,00,00,
660000,000002C6,false,Rx,0,8,32,00,7C,01,00,00,00,00,
670000,00000625,false,Rx,0,8,25,00,59,86,01,54,5C,06,
741000,00000054,false,Rx,0,8,00,00,FE,FF,71,02,00,00,
741000,00000055,false,Rx,0,8,10,27,00,00,00,00,00,00,
741000,00000056,false,Rx,0,8,10,27,00,00,00,00,00,00,
742000,00000057,false,Rx,0,8,00,00,FE,FF,FE,FF,00,00,
769000,00000625,false,Rx,0,8,25,00,59,86,01,54,5C,06,
870000,00000625,false,Rx,0,8,25,00,59,86,01,54,5C,06,
0,000002C4,false,Rx,0,8,03,00,00,00,2A,02,00,00,
0,000002C5,false,Rx,0,8,00,00,00,00,00,00,00,00,
881000,000002C6,false,Rx,0,8,32,00,7C,01,00,00,00,00,
0,00000054,false,Rx,0,8,00,00,FE,FF,71,02,00,00,
0,00000055,false,Rx,0,8,10,27,00,00,00,00,00,00,
942000,00000056,false,Rx,0,8,10,27,00,00,00,00,00,00,
942000,00000057,false,Rx,0,8,00,00,FE,FF,FE,FF,00,00,
970000,00000625,false,Rx,0,8,25,00,59,86,01,54,5C,06,
69000,00000625,false,Rx,0,8,25,00,59,86,01,54,5C,06,
101000,000002C4,false,Rx,0,8,03,00,00,00,2A,02,00,00,
101000,000002C5,false,Rx,0,8,00,00,00,00,00,00,00,00,
102000,000002C6,false,Rx,0,8,32,00,7C,01,00,00,00,00,
141000,00000054,false,Rx,0,8,00,00,FE,FF,71,02,00,00,
141000,00000055,false,Rx,0,8,10,27,00,00,00,00,00,00,
142000,00000056,false,Rx,0,8,10,27,00,00,00,00,00,00,
142000,00000057,false,Rx,0,8,00,00,FE,FF,FE,FF,00,00,
169000,00000625,false,Rx,0,8,25,00,59,86,01,54,5C,06,
270000,00000625,false,Rx,0,8,25,00,59,86,01,54,5C,06,
321000,000002C4,false,Rx,0,8,03,00,00,00,2A,02,00,00,
321000,000002C5,false,Rx,0,8,00,00,00,00,00,00,00,00,
321000,000002C6,false,Rx,0,8,32,00,7C,01,00,00,00,00,
341000,00000054,false,Rx,0,8,00,00,FE,FF,71,02,00,00,
341000,00000055,false,Rx,0,8,10,27,00,00,00,00,00,00,
342000,00000056,false,Rx,0,8,10,27,00,00,00,00,00,00,
342000,00000057,false,Rx,0,8,00,00,FE,FF,FE,FF,00,00,
369000,00000625,false,Rx,0,8,25,00,59,86,01,54,5C,06,
540000,000002C4,false,Rx,0,8,03,00,00,00,2A,02,00,00,
540000,000002C5,false,Rx,0,8,00,00,00,00,00,00,00,00,
541000,000002C6,false,Rx,0,8,32,00,7C,01,00,00,00,00,
541000,00000054,false,Rx,0,8,00,00,FE,FF,71,02,00,00,
541000,00000055,false,Rx,0,8,10,27,00,00,00,00,00,00,
542000,00000056,false,Rx,0,8,10,27,00,00,00,00,00,00,
542000,00000057,false,Rx,0,8,00,00,FE,FF,FE,FF,00,00,
742000,00000054,false,Rx,0,8,00,00,FE,FF,71,02,00,00,
742000,00000055,false,Rx,0,8,10,27,00,00,00,00,00,00,
742000,00000056,false,Rx,0,8,10,27,00,00,00,00,00,00,
743000,00000057,false,Rx,0,8,00,00,FE,FF,FE,FF,00,00,
761000,000002C4,false,Rx,0,8,03,00,00,00,2A,02,00,00,
761000,000002C5,false,Rx,0,8,00,00,00,00,00,00,00,00,
761000,000002C6,false,Rx,0,8,32,00,7C,01,00,00,00,00,
0,00000054,false,Rx,0,8,00,00,FE,FF,71,02,00,00,
0,00000055,false,Rx,0,8,10,27,00,00,00,00,00,00,
942000,00000056,false,Rx,0,8,10,27,00,00,00,00,00,00,
942000,00000057,false,Rx,0,8,00,00,FE,FF,FE,FF,00,00,
0,000002C4,false,Rx,0,8,03,00,00,00,2A,02,00,00,
0,000002C5,false,Rx,0,8,00,00,00,00,00,00,00,00,
981000,000002C6,false,Rx,0,8,32,00,7C,01,00,00,00,00,
142000,00000054,false,Rx,0,8,00,00,FE,FF,71,02,00,00,
142000,00000055,false,Rx,0,8,10,27,00,00,00,00,00,00,
142000,00000056,false,Rx,0,8,10,27,00,00,00,00,00,00,
143000,00000057,false,Rx,0,8,00,00,FE,FF,FE,FF,00,00,
0,000002C4,false,Rx,0,8,03,00,00,00,2B,02,00,00,
0,000002C5,false,Rx,0,8,00,00,00,00,00,00,00,00,
0,000002C6,false,Rx,0,8,32,00,7C,01,00,00,00,00,
341000,00000054,false,Rx,0,8,00,00,FE,FF,71,02,00,00,
341000,00000055,false,Rx,0,8,10,27,00,00,00,00,00,00,
342000,00000056,false,Rx,0,8,10,27,00,00,00,00,00,00,
342000,00000057,false,Rx,0,8,00,00,FE,FF,FE,FF,00,00,
932000,0000060D,false,Rx,0,8,0D,10,83,B6,09,20,70,00,
0,00000054,false,Rx,0,8,00,00,FE,FF,72,02,00,00,
0,00000055,false,Rx,0,8,10,27,00,00,00,00,00,00,
943000,00000056,false,Rx,0,8,10,27,00,00,00,00,00,00,
943000,00000057,false,Rx,0,8,00,00,FE,FF,FE,FF,00,00,
952000,00000065,false,Rx,0,8,72,02,01,00,00,00,00,00,
32000,0000060D,false,Rx,0,8,0D,10,83,B6,09,20,70,00,
102000,00000065,false,Rx,0,8,72,02,01,00,00,00,00,00,
132000,0000060D,false,Rx,0,8,0D,10,83,B6,09,20,70,00,
142000,00000054,false,Rx,0,8,00,00,FE,FF,72,02,00,00,
142000,00000055,false,Rx,0,8,10,27,00,00,00,00,00,00,
142000,00000056,false,Rx,0,8,10,27,00,00,00,00,00,00,
142000,00000057,false,Rx,0,8,00,00,FE,FF,FE,FF,00,00,
169000,00000625,false,Rx,0,8,25,00,58,86,01,54,5C,06,
0,000002C4,false,Rx,0,8,02,00,00,00,28,02,00,00,
0,000002C5,false,Rx,0,8,00,00,00,00,00,00,00,00,
181000,000002C6,false,Rx,0,8,32,00,7C,01,00,00,00,00,
232000,0000060D,false,Rx,0,8,0D,10,83,B6,09,20,70,00,
252000,00000065,false,Rx,0,8,72,02,01,00,00,00,00,00,
269000,00000625,false,Rx,0,8,25,00,58,86,01,54,5C,06,
332000,0000060D,false,Rx,0,8,0D,10,83,B6,09,20,70,00,
341000,00000054,false,Rx,0,8,00,00,FE,FF,72,02,00,00,
341000,00000055,false,Rx,0,8,10,27,00,00,00,00,00,00,
342000,00000056,false,Rx,0,8,10,27,00,00,00,00,00,00,
342000,00000057,false,Rx,0,8,00,00,FE,FF,FE,FF,00,00,
370000,00000625,false,Rx,0,8,25,00,59,86,01,54,5C,06,
0,000002C4,false,Rx,0,8,02,00,00,00,28,02,00,00,
0,000002C5,false,Rx,0,8,00,00,00,00,00,00,00,00,
0,000002C6,false,Rx,0,8,32,00,7C,01,00,00,00,00,
403000,00000065,false,Rx,0,8,72,02,01,00,00,00,00,00,
433000,0000060D,false,Rx,0,8,0D,10,83,B6,09,20,70,00,
469000,00000625,false,Rx,0,8,25,00,59,86,01,54,5C,06,
531000,0000060D,false,Rx,0,8,0D,10,83,B6,09,20,70,00,
541000,00000054,false,Rx,0,8,00,00,FE,FF,72,02,00,00,
541000,00000055,false,Rx,0,8,10,27,00,00,00,00,00,00,
542000,00000056,false,Rx,0,8,10,27,00,00,00,00,00,00,
542000,00000057,false,Rx,0,8,00,00,FE,FF,FE,FF,00,00,
570000,00000625,false,Rx,0,8,25,00,59,86,01,54,5C,06,
620000,000002C4,false,Rx,0,8,02,00,00,00,29,02,00,00,
620000,000002C5,false,Rx,0,8,00,00,00,00,00,00,00,00,
621000,000002C6,false,Rx,0,8,32,00,7C,01,00,00,00,00,
631000,0000060D,false,Rx,0,8,0D,10,83,B6,09,20,70,00,
670000,00000625,false,Rx,0,8,25,00,59,86,01,54,5C,06,
732000,0000060D,false,Rx,0,8,0D,10,83,B6,09,20,70,00,
742000,00000054,false,Rx,0,8,00,00,FE,FF,72,02,00,00,
742000,00000055,false,Rx,0,8,10,27,00,00,00,00,00,00,
742000,00000056,false,Rx,0,8,10,27,00,00,00,00,00,00,
742000,00000057,false,Rx,0,8,00,00,FE,FF,FE,FF,00,00,
769000,00000625,false,Rx,0,8,25,00,59,86,01,54,5C,06,
832000,0000060D,false,Rx,0,8,0D,10,83,B6,09,20,70,00,
0,000002C4,false,Rx,0,8,02,00,00,00,29,02,00,00,
0,000002C5,false,Rx,0,8,00,00,00,00,00,00,00,00,
841000,000002C6,false,Rx,0,8,32,00,7C,01,00,00,00,00,
870000,00000625,false,Rx,0,8,25,00,59,86,01,54,5C,06,
933000,0000060D,false,Rx,0,8,0D,10,83,B6,09,20,70,00,
0,00000054,false,Rx,0,8,00,00,FE,FF,72,02,00,00,
0,00000055,false,Rx,0,8,10,27,00,00,00,00,00,00,
943000,00000056,false,Rx,0,8,10,27,00,00,00,00,00,00,
943000,00000057,false,Rx,0,8,00,00,FE,FF,FE,FF,00,00,
970000,00000625,false,Rx,0,8,25,00,59,86,01,54,5C,06,
32000,0000060D,false,Rx,0,8,0D,10,83,B6,09,20,70,00,
0,000002C4,false,Rx,0,8,03,00,00,00,29,02,00,00,
0,000002C5,false,Rx,0,8,00,00,00,00,00,00,00,00,
60000,000002C6,false,Rx,0,8,32,00,7C,01,00,00,00,00,
69000,00000625,false,Rx,0,8,25,00,59,86,01,54,5C,06,
132000,0000060D,false,Rx,0,8,0D,10,83,B6,09,20,70,00,
142000,00000054,false,Rx,0,8,00,00,FE,FF,72,02,00,00,
142000,00000055,false,Rx,0,8,10,27,00,00,00,00,00,00,
143000,00000056,false,Rx,0,8,10,27,00,00,00,00,00,00,
143000,00000057,false,Rx,0,8,00,00,FE,FF,FE,FF,00,00,
169000,00000625,false,Rx,0,8,25,00,59,86,01,54,5C,06,
232000,0000060D,false,Rx,0,8,0D,10,83,B6,09,20,70,00,
269000,00000625,false,Rx,0,8,25,00,59,86,01,54,5C,06,
280000,000002C4,false,Rx,0,8,03,00,00,00,29,02,00,00,
280000,000002C5,false,Rx,0,8,00,00,00,00,00,00,00,00,
281000,000002C6,false,Rx,0,8,32,00,7C,01,00,00,00,00,
332000,0000060D,false,Rx,0,8,0D,10,83,B6,09,20,70,00,
341000,00000054,false,Rx,0,8,00,00,FE,FF,72,02,00,00,
341000,00000055,false,Rx,0,8,10,27,00,00,00,00,00,00,
342000,00000056,false,Rx,0,8,10,27,00,00,00,00,00,00,
342000,00000057,false,Rx,0,8,00,00,FE,FF,FE,FF,00,00,
370000,00000625,false,Rx,0,8,25,00,59,86,01,54,5C,06,
433000,0000060D,false,Rx,0,8,0D,10,83,B6,09,20,70,00,
470000,00000625,false,Rx,0,8,25,00,59,86,01,54,5C,06,
0,000002C4,false,Rx,0,8,03,00,00,00,29,02,00,00,
0,000002C5,false,Rx,0,8,00,00,00,00,00,00,00,00,
500000,000002C6,false,Rx,0,8,32,00,7C,01,00,00,00,00,
532000,0000060D,false,Rx,0,8,0D,10,83,B6,09,20,70,00,
541000,00000054,false,Rx,0,8,00,00,FE,FF,72,02,00,00,
542000,00000055,false,Rx,0,8,10,27,00,00,00,00,00,00,
542000,00000056,false,Rx,0,8,10,27,00,00,00,00,00,00,
542000,00000057,false,Rx,0,8,00,00,FE,FF,FE,FF,00,00,
569000,00000625,false,Rx,0,8,25,00,59,86,01,54,5C,06,
632000,0000060D,false,Rx,0,8,0D,10,83,B6,09,20,70,00,
669000,00000625,false,Rx,0,8,25,00,59,86,01,54,5C,06,
720000,000002C4,false,Rx,0,8,03,00,00,00,29,02,00,00,
721000,000002C5,false,Rx,0,8,00,00,00,00,00,00,00,00,
721000,000002C6,false,Rx,0,8,32,00,7C,01,00,00,00,00,
732000,0000060D,false,Rx,0,8,0D,10,83,B6,09,20,70,00,
741000,00000054,false,Rx,0,8,00,00,FE,FF,72,02,00,00,
741000,00000055,false,Rx,0,8,10,27,00,00,00,00,00,00,
0,00000056,false,Rx,0,8,10,27,00,00,00,00,00,00,
0,00000057,false,Rx,0,8,00,00,FE,FF,FE,FF,00,00,
769000,00000625,false,Rx,0,8,25,00,59,86,01,54,5C,06,
832000,0000060D,false,Rx,0,8,0D,10,83,B6,09,20,70,00,
870000,00000625,false,Rx,0,8,25,00,59,86,01,54,5C,06,
931000,0000060D,false,Rx,0,8,0D,10,83,B6,09,20,70,00,
0,000002C4,false,Rx,0,8,03,00,00,00,29,02,00,00,
0,000002C5,false,Rx,0,8,00,00,00,00,00,00,00,00,
941000,000002C6,false,Rx,0,8,32,00,7C,01,00,00,00,00,
0,00000054,false,Rx,0,8,00,00,FE,FF,72,02,00,00,
0,00000055,false,Rx,0,8,10,27,00,00,00,00,00,00,
943000,00000056,false,Rx,0,8,10,27,00,00,00,00,00,00,
943000,00000057,false,Rx,0,8,00,00,FE,FF,FE,FF,00,00,
970000,00000625,false,Rx,0,8,25,00,59,86,01,54,5C,06,
32000,0000060D,false,Rx,0,8,0D,10,83,B6,09,20,70,00,
70000,00000625,false,Rx,0,8,25,00,59,86,01,54,5C,06,
132000,0000060D,false,Rx,0,8,0D,10,83,B6,09,20,70,00,
142000,00000054,false,Rx,0,8,00,00,FE,FF,72,02,00,00,
142000,00000055,false,Rx,0,8,10,27,00,00,00,00,00,00,
142000,00000056,false,Rx,0,8,10,27,00,00,00,00,00,00,
143000,00000057,false,Rx,0,8,00,00,FE,FF,FE,FF,00,00,
160000,000002C4,false,Rx,0,8,03,00,00,00,29,02,00,00,
160000,000002C5,false,Rx,0,8,00,00,00,00,00,00,00,00,
160000,000002C6,false,Rx,0,8,32,00,7C,01,00,00,00,00,
169000,00000625,false,Rx,0,8,25,00,59,86,01,54,5C,06,
232000,0000060D,false,Rx,0,8,0D,10,83,B6,09,20,70,00,
269000,00000625,false,Rx,0,8,25,00,59,86,01,54,5C,06,
332000,0000060D,false,Rx,0,8,0D,10,83,B6,09,20,70,00,
342000,00000054,false,Rx,0,8,00,00,FE,FF,72,02,00,00,
342000,00000055,false,Rx,0,8,10,27,00,00,00,00,00,00,
342000,00000056,false,Rx,0,8,10,27,00,00,00,00,00,00,
342000,00000057,false,Rx,0,8,00,00,FE,FF,FE,FF,00,00,
369000,00000625,false,Rx,0,8,25,00,59,86,01,54,5C,06,
381000,000002C4,false,Rx,0,8,03,00,00,00,29,02,00,00,
381000,000002C5,false,Rx,0,8,00,00,00,00,00,00,00,00,
381000,000002C6,false,Rx,0,8,32,00,7C,01,00,00,00,00,
433000,0000060D,false,Rx,0,8,0D,10,83,B6,09,20,70,00,
470000,00000625,false,Rx,0,8,25,00,59,86,01,54,5C,06,
532000,0000060D,false,Rx,0,8,0D,10,83,B6,09,20,70,00,
542000,00000054,false,Rx,0,8,00,00,FE,FF,72,02,00,00,
542000,00000055,false,Rx,0,8,10,27,00,00,00,00,00,00,
0,00000056,false,Rx,0,8,10,27,00,00,00,00,00,00,
0,00000057,false,Rx,0,8,00,00,FE,FF,FE,FF,00,00,
570000,00000625,false,Rx,0,8,25,00,59,86,01,54,5C,06,
600000,000002C4,false,Rx,0,8,03,00,00,00,29,02,00,00,
600000,000002C5,false,Rx,0,8,00,00,00,00,00,00,00,00,
600000,000002C6,false,Rx,0,8,32,00,7C,01,00,00,00,00,
632000,0000060D,false,Rx,0,8,0D,10,83,B6,09,20,70,00,
669000,00000625,false,Rx,0,8,25,00,59,86,01,54,5C,06,
732000,0000060D,false,Rx,0,8,0D,10,83,B6,09,20,70,00,
741000,00000054,false,Rx,0,8,00,00,FE,FF,72,02,00,00,
741000,00000055,false,Rx,0,8,10,27,00,00,00,00,00,00,
742000,00000056,false,Rx,0,8,10,27,00,00,00,00,00,00,
742000,00000057,false,Rx,0,8,00,00,FE,FF,FE,FF,00,00,
769000,00000625,false,Rx,0,8,25,00,59,86,01,54,5C,06,
0,000002C4,false,Rx,0,8,03,00,00,00,29,02,00,00,
0,000002C5,false,Rx,0,8,00,00,00,00,00,00,00,00,
821000,000002C6,false,Rx,0,8,32,00,7C,01,00,00,00,00,
833000,0000060D,false,Rx,0,8,0D,10,83,B6,09,20,70,00,
869000,00000625,false,Rx,0,8,25,00,59,86,01,54,5C,06,
932000,0000060D,false,Rx,0,8,0D,10,83,B6,09,20,70,00,
942000,00000054,false,Rx,0,8,00,00,FE,FF,72,02,00,00,
942000,00000055,false,Rx,0,8,10,27,00,00,00,00,00,00,
942000,00000056,false,Rx,0,8,10,27,00,00,00,00,00,00,
943000,00000057,false,Rx,0,8,00,00,FE,FF,FE,FF,00,00,
969000,00000625,false,Rx,0,8,25,00,59,86,01,54,5C,06,
32000,0000060D,false,Rx,0,8,0D,10,83,B6,09,20,70,00,
0,000002C4,false,Rx,0,8,03,00,00,00,29,02,00,00,
0,000002C5,false,Rx,0,8,00,00,00,00,00,00,00,00,
41000,000002C6,false,Rx,0,8,32,00,7C,01,00,00,00,00,
69000,00000625,false,Rx,0,8,25,00,59,86,01,54,5C,06,
132000,0000060D,false,Rx,0,8,0D,10,83,B6,09,20,70,00,
142000,00000054,false,Rx,0,8,00,00,FE,FF,72,02,00,00,
142000,00000055,false,Rx,0,8,10,27,00,00,00,00,00,00,
142000,00000056,false,Rx,0,8,10,27,00,00,00,00,00,00,
143000,00000057,false,Rx,0,8,00,00,FE,FF,FE,FF,00,00,
169000,00000625,false,Rx,0,8,25,00,59,86,01,54,5C,06,
232000,0000060D,false,Rx,0,8,0D,10,83,B6,09,20,70,00,
0,000002C4,false,Rx,0,8,03,00,00,00,29,02,00,00,
0,000002C5,false,Rx,0,8,00,00,00,00,00,00,00,00,
261000,000002C6,false,Rx,0,8,32,00,7C,01,00,00,00,00,
269000,00000625,false,Rx,0,8,25,00,59,86,01,54,5C,06,
332000,0000060D,false,Rx,0,8,0D,10,83,B6,09,20,70,00,
341000,00000054,false,Rx,0,8,01,05,BD,00,72,02,00,00,
341000,00000055,false,Rx,0,8,10,27,00,00,00,00,00,00,
342000,00000056,false,Rx,0,8,10,27,00,00,00,00,00,00,
342000,00000057,false,Rx,0,8,00,00,FE,FF,FE,FF,00,00,
370000,00000625,false,Rx,0,8,25,00,59,86,01,54,5C,06,
433000,0000060D,false,Rx,0,8,0D,10,83,B6,09,20,70,00,
470000,00000625,false,Rx,0,8,25,00,59,86,01,54,5C,06,
480000,000002C4,false,Rx,0,8,09,00,00,00,72,02,00,00,
480000,000002C5,false,Rx,0,8,00,00,00,00,00,00,00,00,
480000,000002C6,false,Rx,0,8,32,00,7C,01,00,00,00,00,
531000,0000060D,false,Rx,0,8,0D,10,83,B6,09,20,70,00,
541000,00000054,false,Rx,0,8,01,05,BD,00,72,02,00,00,
542000,00000055,false,Rx,0,8,10,27,00,00,00,00,00,00,
542000,00000056,false,Rx,0,8,10,27,00,00,00,00,00,00,
542000,00000057,false,Rx,0,8,00,00,FE,FF,FE,FF,00,00,
569000,00000625,false,Rx,0,8,25,00,59,86,01,54,5C,06,
633000,0000060D,false,Rx,0,8,0D,10,83,B6,09,20,70,00,
669000,00000625,false,Rx,0,8,25,00,59,86,01,54,5C,06,
701000,000002C4,false,Rx,0,8,09,00,00,00,72,02,00,00,
701000,000002C5,false,Rx,0,8,00,00,00,00,00,00,00,00,
701000,000002C6,false,Rx,0,8,32,00,7C,01,00,00,00,00,
732000,0000060D,false,Rx,0,8,0D,10,83,B6,09,20,70,00,
741000,00000054,false,Rx,0,8,01,05,BD,00,72,02,00,00,
741000,00000055,false,Rx,0,8,10,27,00,00,00,00,00,00,
742000,00000056,false,Rx,0,8,10,27,00,00,00,00,00,00,
742000,00000057,false,Rx,0,8,00,00,FE,FF,FE,FF,00,00,
769000,00000625,false,Rx,0,8,25,00,59,86,01,54,5C,06,
832000,0000060D,false,Rx,0,8,0D,10,83,B6,09,20,70,00,
870000,00000625,false,Rx,0,8,25,00,59,86,01,54,5C,06,
920000,000002C4,false,Rx,0,8,09,00,00,00,72,02,00,00,
920000,000002C5,false,Rx,0,8,00,00,00,00,00,00,00,00,
921000,000002C6,false,Rx,0,8,32,00,7C,01,00,00,00,00,
932000,0000060D,false,Rx,0,8,0D,10,83,B6,09,20,70,00,
941000,00000054,false,Rx,0,8,01,05,BD,00,72,02,00,00,
942000,00000055,false,Rx,0,8,10,27,00,00,00,00,00,00,
942000,00000056,false,Rx,0,8,10,27,00,00,00,00,00,00,
942000,00000057,false,Rx,0,8,00,00,FE,FF,FE,FF,00,00,
970000,00000625,false,Rx,0,8,25,00,59,86,01,54,5C,06,
31000,0000060D,false,Rx,0,8,0D,10,83,B6,09,20,70,00,
69000,00000625,false,Rx,0,8,25,00,59,86,01,54,5C,06,
132000,0000060D,false,Rx,0,8,0D,10,83,B6,09,20,70,00,
140000,000002C4,false,Rx,0,8,09,00,00,00,72,02,00,00,
140000,000002C5,false,Rx,0,8,00,00,00,00,00,00,00,00,
141000,000002C6,false,Rx,0,8,32,00,7C,01,00,00,00,00,
0,00000054,false,Rx,0,8,01,05,BD,00,72,02,00,00,
0,00000055,false,Rx,0,8,10,27,00,00,00,00,00,00,
142000,00000056,false,Rx,0,8,10,27,00,00,00,00,00,00,
142000,00000057,false,Rx,0,8,00,00,FE,FF,FE,FF,00,00,
169000,00000625,false,Rx,0,8,25,00,59,86,01,54,5C,06,
232000,0000060D,false,Rx,0,8,0D,10,83,B6,09,20,70,00,
269000,00000625,false,Rx,0,8,25,00,59,86,01,54,5C,06,
333000,0000060D,false,Rx,0,8,0D,10,83,B6,09,20,70,00,
342000,00000054,false,Rx,0,8,01,05,BD,00,72,02,00,00,
342000,00000055,false,Rx,0,8,10,27,00,00,00,00,00,00,
342000,00000056,false,Rx,0,8,10,27,00,00,00,00,00,00,
342000,00000057,false,Rx,0,8,00,00,FE,FF,FE,FF,00,00,
360000,000002C4,false,Rx,0,8,09,00,00,00,72,02,00,00,
360000,000002C5,false,Rx,0,8,00,00,00,00,00,00,00,00,
360000,000002C6,false,Rx,0,8,32,00,7C,01,00,00,00,00,
369000,00000625,false,Rx,0,8,25,00,59,86,01,54,5C,06,
432000,0000060D,false,Rx,0,8,0D,10,83,B6,09,20,70,00,
470000,00000625,false,Rx,0,8,25,00,59,86,01,54,5C,06,
532000,0000060D,false,Rx,0,8,0D,10,83,B6,09,20,70,00,
0,00000054,false,Rx,0,8,01,05,BD,00,72,02,00,00,
0,00000055,false,Rx,0,8,10,27,00,00,00,00,00,00,
0,00000056,false,Rx,0,8,10,27,00,00,00,00,00,00,
0,00000057,false,Rx,0,8,00,00,FE,FF,FE,FF,00,00,
569000,00000625,false,Rx,0,8,25,00,59,86,01,54,5C,06,
0,000002C4,false,Rx,0,8,09,00,00,00,72,02,00,00,
0,000002C5,false,Rx,0,8,00,00,00,00,00,00,00,00,
581000,000002C6,false,Rx,0,8,32,00,7C,01,00,00,00,00,
632000,0000060D,false,Rx,0,8,0D,10,83,B6,09,20,70,00,
669000,00000625,false,Rx,0,8,25,00,59,86,01,54,5C,06,
732000,0000060D,false,Rx,0,8,0D,10,83,B6,09,20,70,00,
742000,00000054,false,Rx,0,8,01,05,BD,00,72,02,00,00,
742000,00000055,false,Rx,0,8,10,27,00,00,00,00,00,00,
0,00000056,false,Rx,0,8,10,27,00,00,00,00,00,00,
0,00000057,false,Rx,0,8,00,00,FE,FF,FE,FF,00,00,
769000,00000625,false,Rx,0,8,25,00,59,86,01,54,5C,06,
800000,000002C4,false,Rx,0,8,09,00,00,00,72,02,00,00,
800000,000002C5,false,Rx,0,8,00,00,00,00,00,00,00,00,
801000,000002C6,false,Rx,0,8,32,00,7C,01,00,00,00,00,
832000,0000060D,false,Rx,0,8,0D,10,83,B6,09,20,70,00,
869000,00000625,false,Rx,0,8,25,00,59,86,01,54,5C,06,
932000,0000060D,false,Rx,0,8,0D,10,83,B6,09,20,70,00,
0,00000054,false,Rx,0,8,01,05,BD,00,72,02,00,00,
0,00000055,false,Rx,0,8,10,27,00,00,00,00,00,00,
943000,00000056,false,Rx,0,8,10,27,00,00,00,00,00,00,
943000,00000057,false,Rx,0,8,00,00,FE,FF,FE,FF,00,00,
969000,00000625,false,Rx,0,8,25,00,59,86,01,54,5C,06,
20000,000002C4,false,Rx,0,8,09,00,00,00,72,02,00,00,
20000,000002C5,false,Rx,0,8,00,00,00,00,00,00,00,00,
20000,000002C6,false,Rx,0,8,32,00,7C,01,00,00,00,00,
32000,0000060D,false,Rx,0,8,0D,10,83,B6,09,20,70,00,
70000,00000625,false,Rx,0,8,25,00,59,86,01,54,5C,06,
132000,0000060D,false,Rx,0,8,0D,10,83,B6,09,20,70,00,
141000,00000054,false,Rx,0,8,01,05,BD,00,72,02,00,00,
142000,00000055,false,Rx,0,8,10,27,00,00,00,00,00,00,
142000,00000056,false,Rx,0,8,10,27,00,00,00,00,00,00,
142000,00000057,false,Rx,0,8,00,00,FE,FF,FE,FF,00,00,
169000,00000625,false,Rx,0,8,25,00,59,86,01,54,5C,06,
232000,0000060D,false,Rx,0,8,0D,10,83,B6,09,20,70,00,
240000,000002C4,false,Rx,0,8,09,00,00,00,72,02,00,00,
241000,000002C5,false,Rx,0,8,00,00,00,00,00,00,00,00,
241000,000002C6,false,Rx,0,8,32,00,7C,01,00,00,00,00,
269000,00000625,false,Rx,0,8,25,00,59,86,01,54,5C,06,
332000,0000060D,false,Rx,0,8,0D,10,83,B6,09,20,70,00,
341000,00000054,false,Rx,0,8,01,05,BD,00,72,02,00,00,
341000,00000055,false,Rx,0,8,10,27,00,00,00,00,00,00,
342000,00000056,false,Rx,0,8,10,27,00,00,00,00,00,00,
342000,00000057,false,Rx,0,8,00,00,FE,FF,FE,FF,00,00,
369000,00000625,false,Rx,0,8,25,00,59,86,01,54,5C,06,
432000,0000060D,false,Rx,0,8,0D,10,83,B6,09,20,70,00,
461000,000002C4,false,Rx,0,8,09,00,00,00,72,02,00,00,
461000,000002C5,false,Rx,0,8,00,00,00,00,00,00,00,00,
461000,000002C6,false,Rx,0,8,32,00,7C,01,00,00,00,00,
470000,00000625,false,Rx,0,8,25,00,59,86,01,54,5C,06,
531000,0000060D,false,Rx,0,8,0D,10,83,B6,09,20,70,00,
541000,00000054,false,Rx,0,8,01,05,BD,00,72,02,00,00,
541000,00000055,false,Rx,0,8,10,27,00,00,00,00,00,00,
542000,00000056,false,Rx,0,8,10,27,00,00,00,00,00,00,
542000,00000057,false,Rx,0,8,00,00,FE,FF,FE,FF,00,00,
569000,00000625,false,Rx,0,8,25,00,59,86,01,54,5C,06,
632000,0000060D,false,Rx,0,8,0D,10,83,B6,09,20,70,00,
670000,00000625,false,Rx,0,8,25,00,59,86,01,54,5C,06,
0,000002C4,false,Rx,0,8,09,00,00,00,72,02,00,00,
0,000002C5,false,Rx,0,8,00,00,00,00,00,00,00,00,
681000,000002C6,false,Rx,0,8,32,00,7C,01,00,00,00,00,
732000,0000060D,false,Rx,0,8,0D,10,83,B6,09,20,70,00,
0,00000054,false,Rx,0,8,01,05,BD,00,72,02,00,00,
0,00000055,false,Rx,0,8,10,27,00,00,00,00,00,00,
742000,00000056,false,Rx,0,8,10,27,00,00,00,00,00,00,
742000,00000057,false,Rx,0,8,00,00,FE,FF,FE,FF,00,00,
769000,00000625,false,Rx,0,8,25,00,59,86,01,54,5C,06,
832000,0000060D,false,Rx,0,8,0D,10,83,B6,09,20,70,00,
869000,00000625,false,Rx,0,8,25,00,59,86,01,54,5C,06,
0,000002C4,false,Rx,0,8,09,00,00,00,72,02,00,00,
0,000002C5,false,Rx,0,8,00,00,00,00,00,00,00,00,
901000,000002C6,false,Rx,0,8,32,00,7C,01,00,00,00,00,
932000,0000060D,false,Rx,0,8,0D,10,83,B6,09,20,70,00,
942000,00000054,false,Rx,0,8,01,05,BD,00,72,02,00,00,
942000,00000055,false,Rx,0,8,10,27,00,00,00,00,00,00,
942000,00000056,false,Rx,0,8,10,27,00,00,00,00,00,00,
942000,00000057,false,Rx,0,8,00,00,FE,FF,FE,FF,00,00,
970000,00000625,false,Rx,0,8,25,00,59,86,01,54,5C,06,
32000,0000060D,false,Rx,0,8,0D,10,83,B6,09,20,70,00,
69000,00000625,false,Rx,0,8,25,00,59,86,01,54,5C,06,
121000,000002C4,false,Rx,0,8,09,00,00,00,72,02,00,00,
121000,000002C5,false,Rx,0,8,00,00,00,00,00,00,00,00,
121000,000002C6,false,Rx,0,8,32,00,7C,01,00,00,00,00,
131000,0000060D,false,Rx,0,8,0D,10,83,B6,09,20,70,00,
142000,00000054,false,Rx,0,8,01,05,BD,00,72,02,00,00,
142000,00000055,false,Rx,0,8,10,27,00,00,00,00,00,00,
142000,00000056,false,Rx,0,8,10,27,00,00,00,00,00,00,
143000,00000057,false,Rx,0,8,00,00,FE,FF,FE,FF,00,00,
169000,00000625,false,Rx,0,8,25,00,59,86,01,54,5C,06,
232000,0000060D,false,Rx,0,8,0D,10,83,B6,09,20,70,00,
269000,00000625,false,Rx,0,8,25,00,59,86,01,54,5C,06,
332000,0000060D,false,Rx,0,8,0D,10,83,B6,09,20,70,00,
0,000002C4,false,Rx,0,8,09,00,00,00,72,02,00,00,
0,000002C5,false,Rx,0,8,00,00,00,00,00,00,00,00,
341000,000002C6,false,Rx,0,8,32,00,7C,01,00,00,00,00,
342000,00000054,false,Rx,0,8,01,05,BD,00,72,02,00,00,
342000,00000055,false,Rx,0,8,10,27,00,00,00,00,00,00,
342000,00000056,false,Rx,0,8,10,27,00,00,00,00,00,00,
343000,00000057,false,Rx,0,8,00,00,FE,FF,FE,FF,00,00,
369000,00000625,false,Rx,0,8,25,00,59,86,01,54,5C,06,
432000,0000060D,false,Rx,0,8,0D,10,83,B6,09,20,70,00,
470000,00000625,false,Rx,0,8,25,00,59,86,01,54,5C,06,
532000,0000060D,false,Rx,0,8,0D,10,83,B6,09,20,70,00,
541000,00000054,false,Rx,0,8,01,05,BD,00,72,02,00,00,
542000,00000055,false,Rx,0,8,10,27,00,00,00,00,00,00,
542000,00000056,false,Rx,0,8,10,27,00,00,00,00,00,00,
542000,00000057,false,Rx,0,8,00,00,FE,FF,FE,FF,00,00,
560000,000002C4,false,Rx,0,8,09,00,00,00,72,02,00,00,
560000,000002C5,false,Rx,0,8,00,00,00,00,00,00,00,00,
560000,000002C6,false,Rx,0,8,32,00,7C,01,00,00,00,00,
569000,00000625,false,Rx,0,8,25,00,59,86,01,54,5C,06,
632000,0000060D,false,Rx,0,8,0D,10,83,B6,09,20,70,00,
669000,00000625,false,Rx,0,8,25,00,59,86,01,54,5C,06,
732000,0000060D,false,Rx,0,8,0D,10,83,B6,09,20,70,00,
741000,00000054,false,Rx,0,8,01,05,BD,00,72,02,00,00,
742000,00000055,false,Rx,0,8,10,27,00,00,00,00,00,00,
742000,00000056,false,Rx,0,8,10,27,00,00,00,00,00,00,
742000,00000057,false,Rx,0,8,00,00,FE,FF,FE,FF,00,00,
769000,00000625,false,Rx,0,8,25,00,59,86,01,54,5C,06,
780000,000002C4,false,Rx,0,8,09,00,00,00,72,02,00,00,
780000,000002C5,false,Rx,0,8,00,00,00,00,00,00,00,00,
781000,000002C6,false,Rx,0,8,32,00,7C,01,00,00,00,00,
831000,0000060D,false,Rx,0,8,0D,10,83,B6,09,20,70,00,
869000,00000625,false,Rx,0,8,25,00,59,86,01,54,5C,06,
932000,0000060D,false,Rx,0,8,0D,10,83,B6,09,20,70,00,
942000,00000054,false,Rx,0,8,01,05,BD,00,72,02,00,00,
942000,00000055,false,Rx,0,8,10,27,00,00,00,00,00,00,
943000,00000056,false,Rx,0,8,10,27,00,00,00,00,00,00,
943000,00000057,false,Rx,0,8,00,00,FE,FF,FE,FF,00,00,
970000,00000625,false,Rx,0,8,25,00,59,86,01,54,5C,06,
0,000002C4,false,Rx,0,8,09,00,00,00,72,02,00,00,
0,000002C5,false,Rx,0,8,00,00,00,00,00,00,00,00,
1000,000002C6,false,Rx,0,8,32,00,7C,01,00,00,00,00,
32000,0000060D,false,Rx,0,8,0D,10,83,B6,09,20,70,00,
69000,00000625,false,Rx,0,8,25,00,59,86,01,54,5C,06,
131000,0000060D,false,Rx,0,8,0D,10,83,B6,09,20,70,00,
142000,00000054,false,Rx,0,8,01,05,BD,00,72,02,00,00,
142000,00000055,false,Rx,0,8,10,27,00,00,00,00,00,00,
142000,00000056,false,Rx,0,8,10,27,00,00,00,00,00,00,
142000,00000057,false,Rx,0,8,00,00,FE,FF,FE,FF,00,00,
169000,00000625,false,Rx,0,8,25,00,59,86,01,54,5C,06,
0,000002C4,false,Rx,0,8,09,00,00,00,72,02,00,00,
0,000002C5,false,Rx,0,8,00,00,00,00,00,00,00,00,
221000,000002C6,false,Rx,0,8,32,00,7C,01,00,00,00,00,
232000,0000060D,false,Rx,0,8,0D,10,83,B6,09,20,70,00,
270000,00000625,false,Rx,0,8,25,00,59,86,01,54,5C,06,
332000,0000060D,false,Rx,0,8,0D,10,83,B6,09,20,70,00,
0,00000054,false,Rx,0,8,01,05,BD,00,72,02,00,00,
0,00000055,false,Rx,0,8,10,27,00,00,00,00,00,00,
342000,00000056,false,Rx,0,8,10,27,00,00,00,00,00,00,
342000,00000057,false,Rx,0,8,00,00,FE,FF,FE,FF,00,00,
369000,00000625,false,Rx,0,8,25,00,59,86,01,54,5C,06,
432000,0000060D,false,Rx,0,8,0D,10,83,B6,09,20,70,00,
441000,000002C4,false,Rx,0,8,09,00,00,00,72,02,00,00,
441000,000002C5,false,Rx,0,8,00,00,00,00,00,00,00,00,
441000,000002C6,false,Rx,0,8,32,00,7C,01,00,00,00,00,
470000,00000625,false,Rx,0,8,25,00,59,86,01,54,5C,06,
532000,0000060D,false,Rx,0,8,0D,10,83,B6,09,20,70,00,
541000,00000054,false,Rx,0,8,01,05,BD,00,72,02,00,00,
542000,00000055,false,Rx,0,8,10,27,00,00,00,00,00,00,
542000,00000056,false,Rx,0,8,10,27,00,00,00,00,00,00,
542000,00000057,false,Rx,0,8,00,00,FE,FF,FE,FF,00,00,
569000,00000625,false,Rx,0,8,25,00,59,86,01,54,5C,06,
632000,0000060D,false,Rx,0,8,0D,10,83,B6,09,20,70,00,
660000,000002C4,false,Rx,0,8,09,00,00,00,72,02,00,00,
661000,000002C5,false,Rx,0,8,00,00,00,00,00,00,00,00,
661000,000002C6,false,Rx,0,8,32,00,7C,01,00,00,00,00,
669000,00000625,false,Rx,0,8,25,00,59,86,01,54,5C,06,
732000,0000060D,false,Rx,0,8,0D,10,83,B6,09,20,70,00,
742000,00000054,false,Rx,0,8,01,05,BD,00,72,02,00,00,
0,00000055,false,Rx,0,8,10,27,00,00,00,00,00,00,
0,00000056,false,Rx,0,8,10,27,00,00,00,00,00,00,
743000,00000057,false,Rx,0,8,00,00,FE,FF,FE,FF,00,00,
769000,00000625,false,Rx,0,8,25,00,59,86,01,54,5C,06,
832000,0000060D,false,Rx,0,8,0D,10,83,B6,09,20,70,00,
870000,00000625,false,Rx,0,8,25,00,59,86,01,54,5C,06,
0,000002C4,false,Rx,0,8,09,00,00,00,72,02,00,00,
0,000002C5,false,Rx,0,8,00,00,00,00,00,00,00,00,
881000,000002C6,false,Rx,0,8,32,00,7C,01,00,00,00,00,
933000,0000060D,false,Rx,0,8,0D,10,83,B6,09,20,70,00,
0,00000054,false,Rx,0,8,01,05,BD,00,72,02,00,00,
0,00000055,false,Rx,0,8,10,27,00,00,00,00,00,00,
0,00000056,false,Rx,0,8,10,27,00,00,00,00,00,00,
0,00000057,false,Rx,0,8,00,00,FE,FF,FE,FF,00,00,
969000,00000625,false,Rx,0,8,25,00,59,86,01,54,5C,06,
32000,0000060D,false,Rx,0,8,0D,10,83,B6,09,20,70,00,
69000,00000625,false,Rx,0,8,25,00,59,86,01,54,5C,06,
100000,000002C4,false,Rx,0,8,09,00,00,00,72,02,00,00,
100000,000002C5,false,Rx,0,8,00,00,00,00,00,00,00,00,
100000,000002C6,false,Rx,0,8,32,00,7C,01,00,00,00,00,
132000,0000060D,false,Rx,0,8,0D,10,83,B6,09,20,70,00,
0,00000054,false,Rx,0,8,01,05,BD,00,72,02,00,00,
0,00000055,false,Rx,0,8,10,27,00,00,00,00,00,00,
142000,00000056,false,Rx,0,8,10,27,00,00,00,00,00,00,
142000,00000057,false,Rx,0,8,00,00,FE,FF,FE,FF,00,00,
170000,00000625,false,Rx,0,8,25,00,59,86,01,54,5C,06,
232000,0000060D,false,Rx,0,8,0D,10,83,B6,09,20,70,00,
269000,00000625,false,Rx,0,8,25,00,59,86,01,54,5C,06,
320000,000002C4,false,Rx,0,8,09,00,00,00,72,02,00,00,
320000,000002C5,false,Rx,0,8,00,00,00,00,00,00,00,00,
321000,000002C6,false,Rx,0,8,32,00,7C,01,00,00,00,00,
332000,0000060D,false,Rx,0,8,0D,10,83,B6,09,20,70,00,
342000,00000054,false,Rx,0,8,01,05,BD,00,72,02,00,00,
342000,00000055,false,Rx,0,8,10,27,00,00,00,00,00,00,
343000,00000056,false,Rx,0,8,10,27,00,00,00,00,00,00,
343000,00000057,false,Rx,0,8,00,00,FE,FF,FE,FF,00,00,
370000,00000625,false,Rx,0,8,25,00,59,86,01,54,5C,06,
432000,0000060D,false,Rx,0,8,0D,10,83,B6,09,20,70,00,
470000,00000625,false,Rx,0,8,25,00,59,86,01,54,5C,06,
531000,0000060D,false,Rx,0,8,0D,10,83,B6,09,20,70,00,
0,000002C4,false,Rx,0,8,09,00,00,00,72,02,00,00,
0,000002C5,false,Rx,0,8,00,00,00,00,00,00,00,00,
541000,000002C6,false,Rx,0,8,32,00,7C,01,00,00,00,00,
541000,00000054,false,Rx,0,8,01,05,BD,00,72,02,00,00,
541000,00000055,false,Rx,0,8,10,27,00,00,00,00,00,00,
542000,00000056,false,Rx,0,8,10,27,00,00,00,00,00,00,
542000,00000057,false,Rx,0,8,00,00,FE,FF,FE,FF,00,00,
569000,00000625,false,Rx,0,8,25,00,59,86,01,54,5C,06,
632000,0000060D,false,Rx,0,8,0D,10,83,B6,09,20,70,00,
670000,00000625,false,Rx,0,8,25,00,59,86,01,54,5C,06,
732000,0000060D,false,Rx,0,8,0D,10,83,B6,09,20,70,00,
741000,00000054,false,Rx,0,8,01,05,BD,00,72,02,00,00,
742000,00000055,false,Rx,0,8,10,27,00,00,00,00,00,00,
742000,00000056,false,Rx,0,8,10,27,00,00,00,00,00,00,
742000,00000057,false,Rx,0,8,00,00,FE,FF,FE,FF,00,00,
760000,000002C4,false,Rx,0,8,09,00,00,00,72,02,00,00,
760000,000002C5,false,Rx,0,8,00,00,00,00,00,00,00,00,
760000,000002C6,false,Rx,0,8,32,00,7C,01,00,00,00,00,
769000,00000625,false,Rx,0,8,25,00,59,86,01,54,5C,06,
832000,0000060D,false,Rx,0,8,0D,10,83,B6,09,20,70,00,
869000,00000625,false,Rx,0,8,25,00,59,86,01,54,5C,06,
932000,0000060D,false,Rx,0,8,0D,10,83,B6,09,20,70,00,
0,00000054,false,Rx,0,8,01,05,BD,00,72,02,00,00,
0,00000055,false,Rx,0,8,10,27,00,00,00,00,00,00,
942000,00000056,false,Rx,0,8,10,27,00,00,00,00,00,00,
943000,00000057,false,Rx,0,8,00,00,FE,FF,FE,FF,00,00,
970000,00000625,false,Rx,0,8,25,00,59,86,01,54,5C,06,
0,000002C4,false,Rx,0,8,09,00,00,00,72,02,00,00,
0,000002C5,false,Rx,0,8,00,00,00,00,00,00,00,00,
981000,000002C6,false,Rx,0,8,32,00,7C,01,00,00,00,00,
32000,0000060D,false,Rx,0,8,0D,10,83,B6,09,20,70,00,
69000,00000625,false,Rx,0,8,25,00,59,86,01,54,5C,06,
131000,0000060D,false,Rx,0,8,0D,10,83,B6,09,20,70,00,
0,00000054,false,Rx,0,8,01,05,BD,00,72,02,00,00,
0,00000055,false,Rx,0,8,10,27,00,00,00,00,00,00,
143000,00000056,false,Rx,0,8,10,27,00,00,00,00,00,00,
143000,00000057,false,Rx,0,8,00,00,FE,FF,FE,FF,00,00,
170000,00000625,false,Rx,0,8,25,00,59,86,01,54,5C,06,
0,000002C4,false,Rx,0,8,09,00,00,00,72,02,00,00,
0,000002C5,false,Rx,0,8,00,00,00,00,00,00,00,00,
201000,000002C6,false,Rx,0,8,32,00,7C,01,00,00,00,00,
233000,0000060D,false,Rx,0,8,0D,10,83,B6,09,20,70,00,
269000,00000625,false,Rx,0,8,25,00,59,86,01,54,5C,06,
332000,0000060D,false,Rx,0,8,0D,10,83,B6,09,20,70,00,
342000,00000054,false,Rx,0,8,01,05,BD,00,72,02,00,00,
342000,00000055,false,Rx,0,8,10,27,00,00,00,00,00,00,
342000,00000056,false,Rx,0,8,10,27,00,00,00,00,00,00,
343000,00000057,false,Rx,0,8,00,00,FE,FF,FE,FF,00,00,
369000,00000625,false,Rx,0,8,25,00,59,86,01,54,5C,06,
420000,000002C4,false,Rx,0,8,09,00,00,00,72,02,00,00,
421000,000002C5,false,Rx,0,8,00,00,00,00,00,00,00,00,
421000,000002C6,false,Rx,0,8,32,00,7C,01,00,00,00,00,
432000,0000060D,false,Rx,0,8,0D,10,83,B6,09,20,70,00,
470000,00000625,false,Rx,0,8,25,00,59,86,01,54,5C,06,
532000,0000060D,false,Rx,0,8,0D,10,83,B6,09,20,70,00,
542000,00000054,false,Rx,0,8,01,05,BD,00,72,02,00,00,
542000,00000055,false,Rx,0,8,10,27,00,00,00,00,00,00,
542000,00000056,false,Rx,0,8,10,27,00,00,00,00,00,00,
543000,00000057,false,Rx,0,8,00,00,FE,FF,FE,FF,00,00,
570000,00000625,false,Rx,0,8,25,00,59,86,01,54,5C,06,
632000,0000060D,false,Rx,0,8,0D,10,83,B6,09,20,70,00,
0,000002C4,false,Rx,0,8,09,00,00,00,72,02,00,00,
0,000002C5,false,Rx,0,8,00,00,00,00,00,00,00,00,
0,000002C6,false,Rx,0,8,32,00,7C,01,00,00,00,00,
670000,00000625,false,Rx,0,8,25,00,59,86,01,54,5C,06,
731000,0000060D,false,Rx,0,8,0D,10,83,B6,09,20,70,00,
741000,00000054,false,Rx,0,8,01,05,BD,00,72,02,00,00,
741000,00000055,false,Rx,0,8,10,27,00,00,00,00,00,00,
742000,00000056,false,Rx,0,8,10,27,00,00,00,00,00,00,
742000,00000057,false,Rx,0,8,00,00,FE,FF,FE,FF,00,00,
770000,00000625,false,Rx,0,8,25,00,59,86,01,54,5C,06,
831000,0000060D,false,Rx,0,8,0D,10,83,B6,09,20,70,00,
861000,000002C4,false,Rx,0,8,09,00,00,00,72,02,00,00,
861000,000002C5,false,Rx,0,8,00,00,00,00,00,00,00,00,
861000,000002C6,false,Rx,0,8,32,00,7C,01,00,00,00,00,
870000,00000625,false,Rx,0,8,25,00,59,86,01,54,5C,06,
931000,0000060D,false,Rx,0,8,0D,10,83,B6,09,20,70,00,
942000,00000054,false,Rx,0,8,01,05,BD,00,72,02,00,00,
942000,00000055,false,Rx,0,8,10,27,00,00,00,00,00,00,
942000,00000056,false,Rx,0,8,10,27,00,00,00,00,00,00,
943000,00000057,false,Rx,0,8,00,00,FE,FF,FE,FF,00,00,
969000,00000625,false,Rx,0,8,25,00,59,86,01,54,5C,06,
32000,0000060D,false,Rx,0,8,0D,10,83,B6,09,20,70,00,
69000,00000625,false,Rx,0,8,25,00,59,86,01,54,5C,06,
80000,000002C4,false,Rx,0,8,09,00,00,00,72,02,00,00,
80000,000002C5,false,Rx,0,8,00,00,00,00,00,00,00,00,
81000,000002C6,false,Rx,0,8,32,00,7C,01,00,00,00,00,
131000,0000060D,false,Rx,0,8,0D,10,83,B6,09,20,70,00,
0,00000054,false,Rx,0,8,01,05,BD,00,72,02,00,00,
0,00000055,false,Rx,0,8,10,27,00,00,00,00,00,00,
142000,00000056,false,Rx,0,8,10,27,00,00,00,00,00,00,
143000,00000057,false,Rx,0,8,00,00,FE,FF,FE,FF,00,00,
169000,00000625,false,Rx,0,8,25,00,59,86,01,54,5C,06,
232000,0000060D,false,Rx,0,8,0D,10,83,B6,09,20,70,00,
270000,00000625,false,Rx,0,8,25,00,59,86,01,54,5C,06,
300000,000002C4,false,Rx,0,8,09,00,00,00,72,02,00,00,
301000,000002C5,false,Rx,0,8,00,00,00,00,00,00,00,00,
301000,000002C6,false,Rx,0,8,32,00,7C,01,00,00,00,00,
332000,0000060D,false,Rx,0,8,0D,10,83,B6,09,20,70,00,
0,00000054,false,Rx,0,8,01,05,BD,00,72,02,00,00,
0,00000055,false,Rx,0,8,10,27,00,00,00,00,00,00,
342000,00000056,false,Rx,0,8,10,27,00,00,00,00,00,00,
343000,00000057,false,Rx,0,8,00,00,FE,FF,FE,FF,00,00,
370000,00000625,false,Rx,0,8,25,00,59,86,01,54,5C,06,
432000,0000060D,false,Rx,0,8,0D,10,83,B6,09,20,70,00,
470000,00000625,false,Rx,0,8,25,00,59,86,01,54,5C,06,
520000,000002C4,false,Rx,0,8,09,00,00,00,72,02,00,00,
521000,000002C5,false,Rx,0,8,00,00,00,00,00,00,00,00,
521000,000002C6,false,Rx,0,8,32,00,7C,01,00,00,00,00,
532000,0000060D,false,Rx,0,8,0D,10,83,B6,09,20,70,00,
541000,00000054,false,Rx,0,8,01,05,BD,00,72,02,00,00,
541000,00000055,false,Rx,0,8,10,27,00,00,00,00,00,00,
542000,00000056,false,Rx,0,8,10,27,00,00,00,00,00,00,
542000,00000057,false,Rx,0,8,00,00,FE,FF,FE,FF,00,00,
569000,00000625,false,Rx,0,8,25,00,59,86,01,54,5C,06,
632000,0000060D,false,Rx,0,8,0D,10,83,B6,09,20,70,00,
670000,00000625,false,Rx,0,8,25,00,59,86,01,54,5C,06,
732000,0000060D,false,Rx,0,8,0D,10,83,B6,09,20,70,00,
0,000002C4,false,Rx,0,8,09,00,00,00,72,02,00,00,
0,000002C5,false,Rx,0,8,00,00,00,00,00,00,00,00,
741000,000002C6,false,Rx,0,8,32,00,7C,01,00,00,00,00,
0,00000054,false,Rx,0,8,01,05,BD,00,72,02,00,00,
0,00000055,false,Rx,0,8,10,27,00,00,00,00,00,00,
743000,00000056,false,Rx,0,8,10,27,00,00,00,00,00,00,
743000,00000057,false,Rx,0,8,00,00,FE,FF,FE,FF,00,00,
770000,00000625,false,Rx,0,8,25,00,59,86,01,54,5C,06,
832000,0000060D,false,Rx,0,8,0D,10,83,B6,09,20,70,00,
869000,00000625,false,Rx,0,8,25,00,59,86,01,54,5C,06,
932000,0000060D,false,Rx,0,8,0D,10,83,B6,09,20,70,00,
0,00000054,false,Rx,0,8,01,05,BD,00,72,02,00,00,
0,00000055,false,Rx,0,8,10,27,00,00,00,00,00,00,
942000,00000056,false,Rx,0,8,10,27,00,00,00,00,00,00,
942000,00000057,false,Rx,0,8,00,00,FE,FF,FE,FF,00,00,
960000,000002C4,false,Rx,0,8,09,00,00,00,72,02,00,00,
960000,000002C5,false,Rx,0,8,00,00,00,00,00,00,00,00,
961000,000002C6,false,Rx,0,8,32,00,7C,01,00,00,00,00,
969000,00000625,false,Rx,0,8,25,00,59,86,01,54,5C,06,
32000,0000060D,false,Rx,0,8,0D,10,83,B6,09,20,70,00,
69000,00000625,false,Rx,0,8,25,00,59,86,01,54,5C,06,
132000,0000060D,false,Rx,0,8,0D,10,83,B6,09,20,70,00,
0,00000054,false,Rx,0,8,01,05,BD,00,72,02,00,00,
0,00000055,false,Rx,0,8,10,27,00,00,00,00,00,00,
142000,00000056,false,Rx,0,8,10,27,00,00,00,00,00,00,
143000,00000057,false,Rx,0,8,00,00,FE,FF,FE,FF,00,00,
169000,00000625,false,Rx,0,8,25,00,59,86,01,54,5C,06,
0,000002C4,false,Rx,0,8,09,00,00,00,72,02,00,00,
0,000002C5,false,Rx,0,8,00,00,00,00,00,00,00,00,
181000,000002C6,false,Rx,0,8,32,00,7C,01,00,00,00,00,
232000,0000060D,false,Rx,0,8,0D,10,83,B6,09,20,70,00,
269000,00000625,false,Rx,0,8,25,00,59,86,01,54,5C,06,
332000,0000060D,false,Rx,0,8,0D,10,83,B6,09,20,70,00,
342000,00000054,false,Rx,0,8,01,05,BD,00,72,02,00,00,
342000,00000055,false,Rx,0,8,10,27,00,00,00,00,00,00,
342000,00000056,false,Rx,0,8,10,27,00,00,00,00,00,00,
342000,00000057,false,Rx,0,8,00,00,FE,FF,FE,FF,00,00,
369000,00000625,false,Rx,0,8,25,00,59,86,01,54,5C,06,
400000,000002C4,false,Rx,0,8,09,00,00,00,72,02,00,00,
400000,000002C5,false,Rx,0,8,00,00,00,00,00,00,00,00,
401000,000002C6,false,Rx,0,8,32,00,7C,01,00,00,00,00,
433000,0000060D,false,Rx,0,8,0D,10,83,B6,09,20,70,00,
470000,00000625,false,Rx,0,8,25,00,59,86,01,54,5C,06,
531000,0000060D,false,Rx,0,8,0D,10,83,B6,09,20,70,00,
542000,00000054,false,Rx,0,8,01,05,BD,00,72,02,00,00,
542000,00000055,false,Rx,0,8,10,27,00,00,00,00,00,00,
542000,00000056,false,Rx,0,8,10,27,00,00,00,00,00,00,
543000,00000057,false,Rx,0,8,00,00,FE,FF,FE,FF,00,00,
569000,00000625,false,Rx,0,8,25,00,59,86,01,54,5C,06,
620000,000002C4,false,Rx,0,8,09,00,00,00,72,02,00,00,
621000,000002C5,false,Rx,0,8,00,00,00,00,00,00,00,00,
621000,000002C6,false,Rx,0,8,32,00,7C,01,00,00,00,00,
632000,0000060D,false,Rx,0,8,0D,10,83,B6,09,20,70,00,
669000,00000625,false,Rx,0,8,25,00,59,86,01,54,5C,06,
732000,0000060D,false,Rx,0,8,0D,10,83,B6,09,20,70,00,
743000,00000054,false,Rx,0,8,01,05,BD,00,72,02,00,00,
743000,00000055,false,Rx,0,8,10,27,00,00,00,00,00,00,
743000,00000056,false,Rx,0,8,10,27,00,00,00,00,00,00,
743000,00000057,false,Rx,0,8,00,00,FE,FF,FE,FF,00,00,
769000,00000625,false,Rx,0,8,25,00,59,86,01,54,5C,06,
832000,0000060D,false,Rx,0,8,0D,10,83,B6,09,20,70,00,
840000,000002C4,false,Rx,0,8,09,00,00,00,72,02,00,00,
840000,000002C5,false,Rx,0,8,00,00,00,00,00,00,00,00,
841000,000002C6,false,Rx,0,8,32,00,7C,01,00,00,00,00,
869000,00000625,false,Rx,0,8,25,00,59,86,01,54,5C,06,
933000,0000060D,false,Rx,0,8,0D,10,83,B6,09,20,70,00,
0,00000054,false,Rx,0,8,01,05,BD,00,72,02,00,00,
0,00000055,false,Rx,0,8,10,27,00,00,00,00,00,00,
943000,00000056,false,Rx,0,8,10,27,00,00,00,00,00,00,
943000,00000057,false,Rx,0,8,00,00,FE,FF,FE,FF,00,00,
970000,00000625,false,Rx,0,8,25,00,59,86,01,54,5C,06,
32000,0000060D,false,Rx,0,8,0D,10,83,B6,09,20,70,00,
0,000002C4,false,Rx,0,8,09,00,00,00,72,02,00,00,
0,000002C5,false,Rx,0,8,00,00,00,00,00,00,00,00,
61000,000002C6,false,Rx,0,8,32,00,7C,01,00,00,00,00,
69000,00000625,false,Rx,0,8,25,00,59,86,01,54,5C,06,
133000,0000060D,false,Rx,0,8,0D,10,83,B6,09,20,70,00,
0,00000054,false,Rx,0,8,01,05,BD,00,72,02,00,00,
0,00000055,false,Rx,0,8,10,27,00,00,00,00,00,00,
142000,00000056,false,Rx,0,8,10,27,00,00,00,00,00,00,
143000,00000057,false,Rx,0,8,00,00,FE,FF,FE,FF,00,00,
170000,00000625,false,Rx,0,8,25,00,59,86,01,54,5C,06,
232000,0000060D,false,Rx,0,8,0D,10,83,B6,09,20,70,00,
269000,00000625,false,Rx,0,8,25,00,59,86,01,54,5C,06,
0,000002C4,false,Rx,0,8,09,00,00,00,72,02,00,00,
0,000002C5,false,Rx,0,8,00,00,00,00,00,00,00,00,
281000,000002C6,false,Rx,0,8,32,00,7C,01,00,00,00,00,
332000,0000060D,false,Rx,0,8,0D,10,83,B6,09,20,70,00,
341000,00000054,false,Rx,0,8,01,05,BD,00,72,02,00,00,
341000,00000055,false,Rx,0,8,10,27,00,00,00,00,00,00,
342000,00000056,false,Rx,0,8,10,27,00,00,00,00,00,00,
342000,00000057,false,Rx,0,8,00,00,FE,FF,FE,FF,00,00,
369000,00000625,false,Rx,0,8,25,00,59,86,01,54,5C,06,
432000,0000060D,false,Rx,0,8,0D,10,83,B6,09,20,70,00,
469000,00000625,false,Rx,0,8,25,00,59,86,01,54,5C,06,
0,000002C4,false,Rx,0,8,09,00,00,00,72,02,00,00,
0,000002C5,false,Rx,0,8,00,00,00,00,00,00,00,00,
500000,000002C6,false,Rx,0,8,32,00,7C,01,00,00,00,00,
532000,0000060D,false,Rx,0,8,0D,10,83,B6,09,20,70,00,
541000,00000054,false,Rx,0,8,01,05,BD,00,72,02,00,00,
541000,00000055,false,Rx,0,8,10,27,00,00,00,00,00,00,
542000,00000056,false,Rx,0,8,10,27,00,00,00,00,00,00,
542000,00000057,false,Rx,0,8,00,00,FE,FF,FE,FF,00,00,
570000,00000625,false,Rx,0,8,25,00,59,86,01,54,5C,06,
633000,0000060D,false,Rx,0,8,0D,10,83,B6,09,20,70,00,
669000,00000625,false,Rx,0,8,25,00,59,86,01,54,5C,06,
721000,000002C4,false,Rx,0,8,09,00,00,00,72,02,00,00,
721000,000002C5,false,Rx,0,8,00,00,00,00,00,00,00,00,
721000,000002C6,false,Rx,0,8,32,00,7C,01,00,00,00,00,
732000,0000060D,false,Rx,0,8,0D,10,83,B6,09,20,70,00,
0,00000054,false,Rx,0,8,01,05,BD,00,72,02,00,00,
0,00000055,false,Rx,0,8,10,27,00,00,00,00,00,00,
743000,00000056,false,Rx,0,8,10,27,00,00,00,00,00,00,
743000,00000057,false,Rx,0,8,00,00,FE,FF,FE,FF,00,00,
769000,00000625,false,Rx,0,8,25,00,59,86,01,54,5C,06,
832000,0000060D,false,Rx,0,8,0D,10,83,B6,09,20,70,00,
869000,00000625,false,Rx,0,8,25,00,59,86,01,54,5C,06,
933000,0000060D,false,Rx,0,8,0D,10,83,B6,09,20,70,00,
0,000002C4,false,Rx,0,8,09,00,00,00,72,02,00,00,
0,000002C5,false,Rx,0,8,00,00,00,00,00,00,00,00,
942000,000002C6,false,Rx,0,8,32,00,7C,01,00,00,00,00,
942000,00000054,false,Rx,0,8,01,05,BD,00,72,02,00,00,
942000,00000055,false,Rx,0,8,10,27,00,00,00,00,00,00,
943000,00000056,false,Rx,0,8,10,27,00,00,00,00,00,00,
943000,00000057,false,Rx,0,8,00,00,FE,FF,FE,FF,00,00,
970000,00000625,false,Rx,0,8,25,00,59,86,01,54,5C,06,
32000,0000060D,false,Rx,0,8,0D,10,83,B6,09,20,70,00,
69000,00000625,false,Rx,0,8,25,00,59,86,01,54,5C,06,
131000,0000060D,false,Rx,0,8,0D,10,83,B6,09,20,70,00,
142000,00000054,false,Rx,0,8,01,05,BD,00,72,02,00,00,
142000,00000055,false,Rx,0,8,10,27,00,00,00,00,00,00,
142000,00000056,false,Rx,0,8,10,27,00,00,00,00,00,00,
143000,00000057,false,Rx,0,8,00,00,FE,FF,FE,FF,00,00,
160000,000002C4,false,Rx,0,8,09,00,00,00,72,02,00,00,
160000,000002C5,false,Rx,0,8,00,00,00,00,00,00,00,00,
161000,000002C6,false,Rx,0,8,32,00,7C,01,00,00,00,00,
170000,00000625,false,Rx,0,8,25,00,59,86,01,54,5C,06,
232000,0000060D,false,Rx,0,8,0D,10,83,B6,09,20,70,00,
269000,00000625,false,Rx,0,8,25,00,59,86,01,54,5C,06,
332000,0000060D,false,Rx,0,8,0D,10,83,B6,09,20,70,00,
342000,00000054,false,Rx,0,8,01,05,BD,00,72,02,00,00,
342000,00000055,false,Rx,0,8,10,27,00,00,00,00,00,00,
342000,00000056,false,Rx,0,8,10,27,00,00,00,00,00,00,
342000,00000057,false,Rx,0,8,00,00,FE,FF,FE,FF,00,00,
369000,00000625,false,Rx,0,8,25,00,59,86,01,54,5C,06,
0,000002C4,false,Rx,0,8,09,00,00,00,72,02,00,00,
0,000002C5,false,Rx,0,8,00,00,00,00,00,00,00,00,
381000,000002C6,false,Rx,0,8,32,00,7C,01,00,00,00,00,
432000,0000060D,false,Rx,0,8,0D,10,83,B6,09,20,70,00,
470000,00000625,false,Rx,0,8,25,00,59,86,01,54,5C,06,
532000,0000060D,false,Rx,0,8,0D,10,83,B6,09,20,70,00,
541000,00000054,false,Rx,0,8,01,05,BD,00,72,02,00,00,
541000,00000055,false,Rx,0,8,10,27,00,00,00,00,00,00,
542000,00000056,false,Rx,0,8,10,27,00,00,00,00,00,00,
542000,00000057,false,Rx,0,8,00,00,FE,FF,FE,FF,00,00,
569000,00000625,false,Rx,0,8,25,00,59,86,01,54,5C,06,
600000,000002C4,false,Rx,0,8,09,00,00,00,72,02,00,00,
600000,000002C5,false,Rx,0,8,00,00,00,00,00,00,00,00,
601000,000002C6,false,Rx,0,8,32,00,7C,01,00,00,00,00,
632000,0000060D,false,Rx,0,8,0D,10,83,B6,09,20,70,00,
669000,00000625,false,Rx,0,8,25,00,59,86,01,54,5C,06,
732000,0000060D,false,Rx,0,8,0D,10,83,B6,09,20,70,00,
742000,00000054,false,Rx,0,8,01,05,BD,00,72,02,00,00,
742000,00000055,false,Rx,0,8,10,27,00,00,00,00,00,00,
742000,00000056,false,Rx,0,8,10,27,00,00,00,00,00,00,
742000,00000057,false,Rx,0,8,00,00,FE,FF,FE,FF,00,00,
769000,00000625,false,Rx,0,8,25,00,59,86,01,54,5C,06,
0,000002C4,false,Rx,0,8,09,00,00,00,72,02,00,00,
0,000002C5,false,Rx,0,8,00,00,00,00,00,00,00,00,
821000,000002C6,false,Rx,0,8,32,00,7C,01,00,00,00,00,
832000,0000060D,false,Rx,0,8,0D,10,83,B6,09,20,70,00,
870000,00000625,false,Rx,0,8,25,00,59,86,01,54,5C,06,
932000,0000060D,false,Rx,0,8,0D,10,83,B6,09,20,70,00,
942000,00000054,false,Rx,0,8,01,05,BD,00,72,02,00,00,
942000,00000055,false,Rx,0,8,10,27,00,00,00,00,00,00,
942000,00000056,false,Rx,0,8,10,27,00,00,00,00,00,00,
943000,00000057,false,Rx,0,8,00,00,FE,FF,FE,FF,00,00,
970000,00000625,false,Rx,0,8,25,00,59,86,01,54,5C,06,
32000,0000060D,false,Rx,0,8,0D,10,83,B6,09,20,70,00,
40000,000002C4,false,Rx,0,8,09,00,00,00,72,02,00,00,
40000,000002C5,false,Rx,0,8,00,00,00,00,00,00,00,00,
40000,000002C6,false,Rx,0,8,32,00,7C,01,00,00,00,00,
69000,00000625,false,Rx,0,8,25,00,59,86,01,54,5C,06,
132000,0000060D,false,Rx,0,8,0D,10,83,B6,09,20,70,00,
0,00000054,false,Rx,0,8,01,05,BD,00,72,02,00,00,
0,00000055,false,Rx,0,8,10,27,00,00,00,00,00,00,
142000,00000056,false,Rx,0,8,10,27,00,00,00,00,00,00,
142000,00000057,false,Rx,0,8,00,00,FE,FF,FE,FF,00,00,
169000,00000625,false,Rx,0,8,25,00,59,86,01,54,5C,06,
231000,0000060D,false,Rx,0,8,0D,10,83,B6,09,20,70,00,
0,000002C4,false,Rx,0,8,09,00,00,00,72,02,00,00,
0,000002C5,false,Rx,0,8,00,00,00,00,00,00,00,00,
261000,000002C6,false,Rx,0,8,32,00,7C,01,00,00,00,00,
269000,00000625,false,Rx,0,8,25,00,59,86,01,54,5C,06,
332000,0000060D,false,Rx,0,8,0D,10,83,B6,09,20,70,00,
0,00000054,false,Rx,0,8,01,05,BD,00,72,02,00,00,
0,00000055,false,Rx,0,8,10,27,00,00,00,00,00,00,
342000,00000056,false,Rx,0,8,10,27,00,00,00,00,00,00,
342000,00000057,false,Rx,0,8,00,00,FE,FF,FE,FF,00,00,
370000,00000625,false,Rx,0,8,25,00,59,86,01,54,5C,06,
432000,0000060D,false,Rx,0,8,0D,10,83,B6,09,20,70,00,
469000,00000625,false,Rx,0,8,25,00,59,86,01,54,5C,06,
0,000002C4,false,Rx,0,8,09,00,00,00,72,02,00,00,
0,000002C5,false,Rx,0,8,00,00,00,00,00,00,00,00,
482000,000002C6,false,Rx,0,8,32,00,7C,01,00,00,00,00,
532000,0000060D,false,Rx,0,8,0D,10,83,B6,09,20,70,00,
541000,00000054,false,Rx,0,8,01,05,BD,00,72,02,00,00,
541000,00000055,false,Rx,0,8,10,27,00,00,00,00,00,00,
541000,00000056,false,Rx,0,8,10,27,00,00,00,00,00,00,
543000,00000057,false,Rx,0,8,00,00,FE,FF,FE,FF,00,00,
569000,00000625,false,Rx,0,8,25,00,59,86,01,54,5C,06,
632000,0000060D,false,Rx,0,8,0D,10,83,B6,09,20,70,00,
669000,00000625,false,Rx,0,8,25,00,59,86,01,54,5C,06,
700000,000002C4,false,Rx,0,8,09,00,00,00,72,02,00,00,
701000,000002C5,false,Rx,0,8,00,00,00,00,00,00,00,00,
701000,000002C6,false,Rx,0,8,32,00,7C,01,00,00,00,00,
732000,0000060D,false,Rx,0,8,0D,10,83,B6,09,20,70,00,
0,00000054,false,Rx,0,8,01,05,BD,00,72,02,00,00,
0,00000055,false,Rx,0,8,10,27,00,00,00,00,00,00,
742000,00000056,false,Rx,0,8,10,27,00,00,00,00,00,00,
742000,00000057,false,Rx,0,8,00,00,FE,FF,FE,FF,00,00,
769000,00000625,false,Rx,0,8,25,00,59,86,01,54,5C,06,
832000,0000060D,false,Rx,0,8,0D,10,83,B6,09,20,70,00,
869000,00000625,false,Rx,0,8,25,00,59,86,01,54,5C,06,
921000,000002C4,false,Rx,0,8,09,00,00,00,72,02,00,00,
921000,000002C5,false,Rx,0,8,00,00,00,00,00,00,00,00,
921000,000002C6,false,Rx,0,8,32,00,7C,01,00,00,00,00,
932000,0000060D,false,Rx,0,8,0D,10,83,B6,09,20,70,00,
942000,00000054,false,Rx,0,8,01,05,BD,00,72,02,00,00,
942000,00000055,false,Rx,0,8,10,27,00,00,00,00,00,00,
942000,00000056,false,Rx,0,8,10,27,00,00,00,00,00,00,
942000,00000057,false,Rx,0,8,00,00,FE,FF,FE,FF,00,00,
970000,00000625,false,Rx,0,8,25,00,59,86,01,54,5C,06,
31000,0000060D,false,Rx,0,8,0D,10,83,B6,09,20,70,00,
69000,00000625,false,Rx,0,8,25,00,59,86,01,54,5C,06,
133000,0000060D,false,Rx,0,8,0D,10,83,B6,09,20,70,00,
0,000002C4,false,Rx,0,8,09,00,00,00,72,02,00,00,
0,000002C5,false,Rx,0,8,00,00,00,00,00,00,00,00,
141000,000002C6,false,Rx,0,8,32,00,7C,01,00,00,00,00,
0,00000054,false,Rx,0,8,01,05,BD,00,72,02,00,00,
0,00000055,false,Rx,0,8,10,27,00,00,00,00,00,00,
142000,00000056,false,Rx,0,8,10,27,00,00,00,00,00,00,
142000,00000057,false,Rx,0,8,00,00,FE,FF,FE,FF,00,00,
170000,00000625,false,Rx,0,8,25,00,59,86,01,54,5C,06,
232000,0000060D,false,Rx,0,8,0D,10,83,B6,09,20,70,00,
270000,00000625,false,Rx,0,8,25,00,59,86,01,54,5C,06,
332000,0000060D,false,Rx,0,8,0D,10,83,B6,09,20,70,00,
341000,00000054,false,Rx,0,8,01,05,BD,00,72,02,00,00,
342000,00000055,false,Rx,0,8,10,27,00,00,00,00,00,00,
342000,00000056,false,Rx,0,8,10,27,00,00,00,00,00,00,
343000,00000057,false,Rx,0,8,00,00,FE,FF,FE,FF,00,00,
361000,000002C4,false,Rx,0,8,09,00,00,00,72,02,00,00,
361000,000002C5,false,Rx,0,8,00,00,00,00,00,00,00,00,
361000,000002C6,false,Rx,0,8,32,00,7C,01,00,00,00,00,
370000,00000625,false,Rx,0,8,25,00,59,86,01,54,5C,06,
432000,0000060D,false,Rx,0,8,0D,10,83,B6,09,20,70,00,
470000,00000625,false,Rx,0,8,25,00,59,86,01,54,5C,06,
532000,0000060D,false,Rx,0,8,0D,10,83,B6,09,20,70,00,
542000,00000054,false,Rx,0,8,01,05,BD,00,72,02,00,00,
542000,00000055,false,Rx,0,8,10,27,00,00,00,00,00,00,
542000,00000056,false,Rx,0,8,10,27,00,00,00,00,00,00,
542000,00000057,false,Rx,0,8,00,00,FE,FF,FE,FF,00,00,
570000,00000625,false,Rx,0,8,25,00,59,86,01,54,5C,06,
581000,000002C4,false,Rx,0,8,09,00,00,00,72,02,00,00,
581000,000002C5,false,Rx,0,8,00,00,00,00,00,00,00,00,
581000,000002C6,false,Rx,0,8,32,00,7C,01,00,00,00,00,
632000,0000060D,false,Rx,0,8,0D,10,83,B6,09,20,70,00,
670000,00000625,false,Rx,0,8,25,00,59,86,01,54,5C,06,
732000,0000060D,false,Rx,0,8,0D,10,83,B6,09,20,70,00,
742000,00000054,false,Rx,0,8,01,05,BD,00,72,02,00,00,
742000,00000055,false,Rx,0,8,10,27,00,00,00,00,00,00,
742000,00000056,false,Rx,0,8,10,27,00,00,00,00,00,00,
742000,00000057,false,Rx,0,8,00,00,FE,FF,FE,FF,00,00,
769000,00000625,false,Rx,0,8,25,00,59,86,01,54,5C,06,
0,000002C4,false,Rx,0,8,09,00,00,00,72,02,00,00,
0,000002C5,false,Rx,0,8,00,00,00,00,00,00,00,00,
801000,000002C6,false,Rx,0,8,32,00,7C,01,00,00,00,00,
832000,0000060D,false,Rx,0,8,0D,10,83,B6,09,20,70,00,
870000,00000625,false,Rx,0,8,25,00,59,86,01,54,5C,06,
932000,0000060D,false,Rx,0,8,0D,10,83,B6,09,20,70,00,
942000,00000054,false,Rx,0,8,01,05,BD,00,72,02,00,00,
942000,00000055,false,Rx,0,8,10,27,00,00,00,00,00,00,
942000,00000056,false,Rx,0,8,10,27,00,00,00,00,00,00,
942000,00000057,false,Rx,0,8,00,00,FE,FF,FE,FF,00,00,
970000,00000625,false,Rx,0,8,25,00,59,86,01,54,5C,06,
20000,000002C4,false,Rx,0,8,09,00,00,00,72,02,00,00,
20000,000002C5,false,Rx,0,8,00,00,00,00,00,00,00,00,
21000,000002C6,false,Rx,0,8,32,00,7C,01,00,00,00,00,
31000,0000060D,false,Rx,0,8,0D,10,83,B6,09,20,70,00,
69000,00000625,false,Rx,0,8,25,00,59,86,01,54,5C,06,
132000,0000060D,false,Rx,0,8,0D,10,83,B6,09,20,70,00,
0,00000054,false,Rx,0,8,01,05,BD,00,72,02,00,00,
0,00000055,false,Rx,0,8,10,27,00,00,00,00,00,00,
142000,00000056,false,Rx,0,8,10,27,00,00,00,00,00,00,
142000,00000057,false,Rx,0,8,00,00,FE,FF,FE,FF,00,00,
169000,00000625,false,Rx,0,8,25,00,59,86,01,54,5C,06,
232000,0000060D,false,Rx,0,8,0D,10,83,B6,09,20,70,00,
0,000002C4,false,Rx,0,8,09,00,00,00,72,02,00,00,
0,000002C5,false,Rx,0,8,00,00,00,00,00,00,00,00,
241000,000002C6,false,Rx,0,8,32,00,7C,01,00,00,00,00,
269000,00000625,false,Rx,0,8,25,00,59,86,01,54,5C,06,
333000,0000060D,false,Rx,0,8,0D,10,83,B6,09,20,70,00,
342000,00000054,false,Rx,0,8,01,05,BD,00,72,02,00,00,
342000,00000055,false,Rx,0,8,10,27,00,00,00,00,00,00,
342000,00000056,false,Rx,0,8,10,27,00,00,00,00,00,00,
342000,00000057,false,Rx,0,8,00,00,FE,FF,FE,FF,00,00,
369000,00000625,false,Rx,0,8,25,00,59,86,01,54,5C,06,
432000,0000060D,false,Rx,0,8,0D,10,83,B6,09,20,70,00,
460000,000002C4,false,Rx,0,8,09,00,00,00,72,02,00,00,
461000,000002C5,false,Rx,0,8,00,00,00,00,00,00,00,00,
461000,000002C6,false,Rx,0,8,32,00,7C,01,00,00,00,00,
469000,00000625,false,Rx,0,8,25,00,59,86,01,54,5C,06,
531000,0000060D,false,Rx,0,8,0D,10,83,B6,09,20,70,00,
542000,00000054,false,Rx,0,8,01,05,BD,00,72,02,00,00,
542000,00000055,false,Rx,0,8,10,27,00,00,00,00,00,00,
542000,00000056,false,Rx,0,8,10,27,00,00,00,00,00,00,
543000,00000057,false,Rx,0,8,00,00,FE,FF,FE,FF,00,00,
569000,00000625,false,Rx,0,8,25,00,59,86,01,54,5C,06,
632000,0000060D,false,Rx,0,8,0D,10,83,B6,09,20,70,00,
669000,00000625,false,Rx,0,8,25,00,59,86,01,54,5C,06,
0,000002C4,false,Rx,0,8,09,00,00,00,72,02,00,00,
0,000002C5,false,Rx,0,8,00,00,00,00,00,00,00,00,
681000,000002C6,false,Rx,0,8,32,00,7C,01,00,00,00,00,
732000,0000060D,false,Rx,0,8,0D,10,83,B6,09,20,70,00,
742000,00000054,false,Rx,0,8,01,05,BD,00,72,02,00,00,
742000,00000055,false,Rx,0,8,10,27,00,00,00,00,00,00,
743000,00000056,false,Rx,0,8,10,27,00,00,00,00,00,00,
743000,00000057,false,Rx,0,8,00,00,FE,FF,FE,FF,00,00,
769000,00000625,false,Rx,0,8,25,00,59,86,01,54,5C,06,
832000,0000060D,false,Rx,0,8,0D,10,83,B6,09,20,70,00,
869000,00000625,false,Rx,0,8,25,00,59,86,01,54,5C,06,
0,000002C4,false,Rx,0,8,09,00,00,00,72,02,00,00,
0,000002C5,false,Rx,0,8,00,00,00,00,00,00,00,00,
901000,000002C6,false,Rx,0,8,32,00,7C,01,00,00,00,00,
932000,0000060D,false,Rx,0,8,0D,10,83,B6,09,20,70,00,
0,00000054,false,Rx,0,8,01,05,BD,00,72,02,00,00,
0,00000055,false,Rx,0,8,10,27,00,00,00,00,00,00,
942000,00000056,false,Rx,0,8,10,27,00,00,00,00,00,00,
943000,00000057,false,Rx,0,8,00,00,FE,FF,FE,FF,00,00,
969000,00000625,false,Rx,0,8,25,00,59,86,01,54,5C,06,
31000,0000060D,false,Rx,0,8,0D,10,83,B6,09,20,70,00,
71000,00000625,false,Rx,0,8,25,00,59,86,01,54,5C,06,
120000,000002C4,false,Rx,0,8,09,00,00,00,72,02,00,00,
120000,000002C5,false,Rx,0,8,00,00,00,00,00,00,00,00,
121000,000002C6,false,Rx,0,8,32,00,7C,01,00,00,00,00,
132000,0000060D,false,Rx,0,8,0D,10,83,B6,09,20,70,00,
0,00000054,false,Rx,0,8,01,05,BD,00,72,02,00,00,
0,00000055,false,Rx,0,8,10,27,00,00,00,00,00,00,
142000,00000056,false,Rx,0,8,10,27,00,00,00,00,00,00,
143000,00000057,false,Rx,0,8,00,00,FE,FF,FE,FF,00,00,
169000,00000625,false,Rx,0,8,25,00,59,86,01,54,5C,06,
232000,0000060D,false,Rx,0,8,0D,10,83,B6,09,20,70,00,
269000,00000625,false,Rx,0,8,25,00,59,86,01,54,5C,06,
332000,0000060D,false,Rx,0,8,0D,10,83,B6,09,20,70,00,
341000,000002C4,false,Rx,0,8,09,00,00,00,72,02,00,00,
341000,000002C5,false,Rx,0,8,00,00,00,00,00,00,00,00,
341000,000002C6,false,Rx,0,8,32,00,7C,01,00,00,00,00,
342000,00000054,false,Rx,0,8,01,05,BD,00,72,02,00,00,
342000,00000055,false,Rx,0,8,10,27,00,00,00,00,00,00,
0,00000056,false,Rx,0,8,10,27,00,00,00,00,00,00,
0,00000057,false,Rx,0,8,00,00,FE,FF,FE,FF,00,00,
370000,00000625,false,Rx,0,8,25,00,59,86,01,54,5C,06,
433000,0000060D,false,Rx,0,8,0D,10,83,B6,09,20,70,00,
470000,00000625,false,Rx,0,8,25,00,59,86,01,54,5C,06,
531000,0000060D,false,Rx,0,8,0D,10,83,B6,09,20,70,00,
542000,00000054,false,Rx,0,8,01,05,BD,00,72,02,00,00,
542000,00000055,false,Rx,0,8,10,27,00,00,00,00,00,00,
543000,00000056,false,Rx,0,8,10,27,00,00,00,00,00,00,
543000,00000057,false,Rx,0,8,00,00,FE,FF,FE,FF,00,00,
0,000002C4,false,Rx,0,8,09,00,00,00,72,02,00,00,
0,000002C5,false,Rx,0,8,00,00,00,00,00,00,00,00,
561000,000002C6,false,Rx,0,8,32,00,7C,01,00,00,00,00,
569000,00000625,false,Rx,0,8,25,00,59,86,01,54,5C,06,
632000,0000060D,false,Rx,0,8,0D,10,83,B6,09,20,70,00,
670000,00000625,false,Rx,0,8,25,00,59,86,01,54,5C,06,
732000,0000060D,false,Rx,0,8,0D,10,83,B6,09,20,70,00,
741000,00000054,false,Rx,0,8,01,05,BD,00,72,02,00,00,
741000,00000055,false,Rx,0,8,10,27,00,00,00,00,00,00,
742000,00000056,false,Rx,0,8,10,27,00,00,00,00,00,00,
742000,00000057,false,Rx,0,8,00,00,FE,FF,FE,FF,00,00,
769000,00000625,false,Rx,0,8,25,00,59,86,01,54,5C,06,
780000,000002C4,false,Rx,0,8,09,00,00,00,72,02,00,00,
780000,000002C5,false,Rx,0,8,00,00,00,00,00,00,00,00,
781000,000002C6,false,Rx,0,8,32,00,7C,01,00,00,00,00,
832000,0000060D,false,Rx,0,8,0D,10,83,B6,09,20,70,00,
869000,00000625,false,Rx,0,8,25,00,59,86,01,54,5C,06,
932000,0000060D,false,Rx,0,8,0D,10,83,B6,09,20,70,00,
0,00000054,false,Rx,0,8,01,05,BD,00,72,02,00,00,
0,00000055,false,Rx,0,8,10,27,00,00,00,00,00,00,
942000,00000056,false,Rx,0,8,10,27,00,00,00,00,00,00,
942000,00000057,false,Rx,0,8,00,00,FE,FF,FE,FF,00,00,
969000,00000625,false,Rx,0,8,25,00,59,86,01,54,5C,06,
0,000002C4,false,Rx,0,8,09,00,00,00,72,02,00,00,
0,000002C5,false,Rx,0,8,00,00,00,00,00,00,00,00,
1000,000002C6,false,Rx,0,8,32,00,7C,01,00,00,00,00,
31000,0000060D,false,Rx,0,8,0D,10,83,B6,09,20,70,00,
69000,00000625,false,Rx,0,8,25,00,59,86,01,54,5C,06,
132000,0000060D,false,Rx,0,8,0D,10,83,B6,09,20,70,00,
142000,00000054,false,Rx,0,8,01,05,BD,00,72,02,00,00,
142000,00000055,false,Rx,0,8,10,27,00,00,00,00,00,00,
143000,00000056,false,Rx,0,8,10,27,00,00,00,00,00,00,
143000,00000057,false,Rx,0,8,00,00,FE,FF,FE,FF,00,00,
170000,00000625,false,Rx,0,8,25,00,59,86,01,54,5C,06,
221000,000002C4,false,Rx,0,8,09,00,00,00,72,02,00,00,
221000,000002C5,false,Rx,0,8,00,00,00,00,00,00,00,00,
221000,000002C6,false,Rx,0,8,32,00,7C,01,00,00,00,00,
232000,0000060D,false,Rx,0,8,0D,10,83,B6,09,20,70,00,
269000,00000625,false,Rx,0,8,25,00,59,86,01,54,5C,06,
332000,0000060D,false,Rx,0,8,0D,10,83,B6,09,20,70,00,
342000,00000054,false,Rx,0,8,01,05,BD,00,72,02,00,00,
342000,00000055,false,Rx,0,8,10,27,00,00,00,00,00,00,
343000,00000056,false,Rx,0,8,10,27,00,00,00,00,00,00,
343000,00000057,false,Rx,0,8,00,00,FE,FF,FE,FF,00,00,
369000,00000625,false,Rx,0,8,25,00,59,86,01,54,5C,06,
432000,0000060D,false,Rx,0,8,0D,10,83,B6,09,20,70,00,
441000,000002C4,false,Rx,0,8,09,00,00,00,72,02,00,00,
441000,000002C5,false,Rx,0,8,00,00,00,00,00,00,00,00,
441000,000002C6,false,Rx,0,8,32,00,7C,01,00,00,00,00,
469000,00000625,false,Rx,0,8,25,00,59,86,01,54,5C,06,
531000,0000060D,false,Rx,0,8,0D,10,83,B6,09,20,70,00,
541000,00000054,false,Rx,0,8,01,05,BD,00,72,02,00,00,
542000,00000055,false,Rx,0,8,10,27,00,00,00,00,00,00,
542000,00000056,false,Rx,0,8,10,27,00,00,00,00,00,00,
542000,00000057,false,Rx,0,8,00,00,FE,FF,FE,FF,00,00,
569000,00000625,false,Rx,0,8,25,00,59,86,01,54,5C,06,
632000,0000060D,false,Rx,0,8,0D,10,83,B6,09,20,70,00,
0,000002C4,false,Rx,0,8,09,00,00,00,72,02,00,00,
0,000002C5,false,Rx,0,8,00,00,00,00,00,00,00,00,
661000,000002C6,false,Rx,0,8,32,00,7C,01,00,00,00,00,
670000,00000625,false,Rx,0,8,25,00,59,86,01,54,5C,06,
732000,0000060D,false,Rx,0,8,0D,10,83,B6,09,20,70,00,
742000,00000054,false,Rx,0,8,01,05,BD,00,72,02,00,00,
742000,00000055,false,Rx,0,8,10,27,00,00,00,00,00,00,
742000,00000056,false,Rx,0,8,10,27,00,00,00,00,00,00,
742000,00000057,false,Rx,0,8,00,00,FE,FF,FE,FF,00,00,
769000,00000625,false,Rx,0,8,25,00,59,86,01,54,5C,06,
832000,0000060D,false,Rx,0,8,0D,10,83,B6,09,20,70,00,
870000,00000625,false,Rx,0,8,25,00,59,86,01,54,5C,06,
880000,000002C4,false,Rx,0,8,09,00,00,00,72,02,00,00,
881000,000002C5,false,Rx,0,8,00,00,00,00,00,00,00,00,
881000,000002C6,false,Rx,0,8,32,00,7C,01,00,00,00,00,
933000,0000060D,false,Rx,0,8,0D,10,83,B6,09,20,70,00,
0,00000054,false,Rx,0,8,01,05,BD,00,72,02,00,00,
0,00000055,false,Rx,0,8,10,27,00,00,00,00,00,00,
943000,00000056,false,Rx,0,8,10,27,00,00,00,00,00,00,
943000,00000057,false,Rx,0,8,00,00,FE,FF,FE,FF,00,00,
970000,00000625,false,Rx,0,8,25,00,59,86,01,54,5C,06,
32000,0000060D,false,Rx,0,8,0D,10,83,B6,09,20,70,00,
70000,00000625,false,Rx,0,8,25,00,59,86,01,54,5C,06,
0,000002C4,false,Rx,0,8,09,00,00,00,72,02,00,00,
0,000002C5,false,Rx,0,8,00,00,00,00,00,00,00,00,
101000,000002C6,false,Rx,0,8,32,00,7C,01,00,00,00,00,
132000,0000060D,false,Rx,0,8,0D,10,83,B6,09,20,70,00,
0,00000054,false,Rx,0,8,01,05,BD,00,72,02,00,00,
0,00000055,false,Rx,0,8,10,27,00,00,00,00,00,00,
142000,00000056,false,Rx,0,8,10,27,00,00,00,00,00,00,
143000,00000057,false,Rx,0,8,00,00,FE,FF,FE,FF,00,00,
170000,00000625,false,Rx,0,8,25,00,59,86,01,54,5C,06,
232000,0000060D,false,Rx,0,8,0D,10,83,B6,09,20,70,00,
269000,00000625,false,Rx,0,8,25,00,59,86,01,54,5C,06,
321000,000002C4,false,Rx,0,8,09,00,00,00,72,02,00,00,
321000,000002C5,false,Rx,0,8,00,00,00,00,00,00,00,00,
321000,000002C6,false,Rx,0,8,32,00,7C,01,00,00,00,00,
332000,0000060D,false,Rx,0,8,0D,10,83,B6,09,20,70,00,
342000,00000054,false,Rx,0,8,01,05,BD,00,72,02,00,00,
342000,00000055,false,Rx,0,8,10,27,00,00,00,00,00,00,
342000,00000056,false,Rx,0,8,10,27,00,00,00,00,00,00,
342000,00000057,false,Rx,0,8,00,00,FE,FF,FE,FF,00,00,
369000,00000625,false,Rx,0,8,25,00,59,86,01,54,5C,06,
432000,0000060D,false,Rx,0,8,0D,10,83,B6,09,20,70,00,
469000,00000625,false,Rx,0,8,25,00,59,86,01,54,5C,06,
531000,0000060D,false,Rx,0,8,0D,10,83,B6,09,20,70,00,
541000,000002C4,false,Rx,0,8,09,00,00,00,72,02,00,00,
541000,000002C5,false,Rx,0,8,00,00,00,00,00,00,00,00,
541000,000002C6,false,Rx,0,8,32,00,7C,01,00,00,00,00,
542000,00000054,false,Rx,0,8,01,05,BD,00,72,02,00,00,
542000,00000055,false,Rx,0,8,10,27,00,00,00,00,00,00,
542000,00000056,false,Rx,0,8,10,27,00,00,00,00,00,00,
543000,00000057,false,Rx,0,8,00,00,FE,FF,FE,FF,00,00,
569000,00000625,false,Rx,0,8,25,00,59,86,01,54,5C,06,
632000,0000060D,false,Rx,0,8,0D,10,83,B6,09,20,70,00,
669000,00000625,false,Rx,0,8,25,00,59,86,01,54,5C,06,
732000,0000060D,false,Rx,0,8,0D,10,83,B6,09,20,70,00,
742000,00000054,false,Rx,0,8,01,05,BD,00,72,02,00,00,
742000,00000055,false,Rx,0,8,10,27,00,00,00,00,00,00,
742000,00000056,false,Rx,0,8,10,27,00,00,00,00,00,00,
742000,00000057,false,Rx,0,8,00,00,FE,FF,FE,FF,00,00,
0,000002C4,false,Rx,0,8,09,00,00,00,72,02,00,00,
0,000002C5,false,Rx,0,8,00,00,00,00,00,00,00,00,
761000,000002C6,false,Rx,0,8,32,00,7C,01,00,00,00,00,
770000,00000625,false,Rx,0,8,25,00,59,86,01,54,5C,06,
832000,0000060D,false,Rx,0,8,0D,10,83,B6,09,20,70,00,
869000,00000625,false,Rx,0,8,25,00,59,86,01,54,5C,06,
932000,0000060D,false,Rx,0,8,0D,10,83,B6,09,20,70,00,
0,00000054,false,Rx,0,8,01,05,BD,00,72,02,00,00,
0,00000055,false,Rx,0,8,10,27,00,00,00,00,00,00,
943000,00000056,false,Rx,0,8,10,27,00,00,00,00,00,00,
943000,00000057,false,Rx,0,8,00,00,FE,FF,FE,FF,00,00,
970000,00000625,false,Rx,0,8,25,00,59,86,01,54,5C,06,
981000,000002C4,false,Rx,0,8,09,00,00,00,72,02,00,00,
981000,000002C5,false,Rx,0,8,00,00,00,00,00,00,00,00,
981000,000002C6,false,Rx,0,8,32,00,7C,01,00,00,00,00,
31000,0000060D,false,Rx,0,8,0D,10,83,B6,09,20,70,00,
70000,00000625,false,Rx,0,8,25,00,59,86,01,54,5C,06,
132000,0000060D,false,Rx,0,8,0D,10,83,B6,09,20,70,00,
141000,00000054,false,Rx,0,8,01,05,BD,00,72,02,00,00,
142000,00000055,false,Rx,0,8,10,27,00,00,00,00,00,00,
0,00000056,false,Rx,0,8,10,27,00,00,00,00,00,00,
0,00000057,false,Rx,0,8,00,00,FE,FF,FE,FF,00,00,
169000,00000625,false,Rx,0,8,25,00,59,86,01,54,5C,06,
201000,000002C4,false,Rx,0,8,09,00,00,00,72,02,00,00,
201000,000002C5,false,Rx,0,8,00,00,00,00,00,00,00,00,
201000,000002C6,false,Rx,0,8,32,00,7C,01,00,00,00,00,
232000,0000060D,false,Rx,0,8,0D,10,83,B6,09,20,70,00,
269000,00000625,false,Rx,0,8,25,00,59,86,01,54,5C,06,
332000,0000060D,false,Rx,0,8,0D,10,83,B6,09,20,70,00,
342000,00000054,false,Rx,0,8,01,05,BD,00,72,02,00,00,
342000,00000055,false,Rx,0,8,10,27,00,00,00,00,00,00,
342000,00000056,false,Rx,0,8,10,27,00,00,00,00,00,00,
342000,00000057,false,Rx,0,8,00,00,FE,FF,FE,FF,00,00,
369000,00000625,false,Rx,0,8,25,00,59,86,01,54,5C,06,
420000,000002C4,false,Rx,0,8,09,00,00,00,72,02,00,00,
420000,000002C5,false,Rx,0,8,00,00,00,00,00,00,00,00,
422000,000002C6,false,Rx,0,8,32,00,7C,01,00,00,00,00,
433000,0000060D,false,Rx,0,8,0D,10,83,B6,09,20,70,00,
469000,00000625,false,Rx,0,8,25,00,59,86,01,54,5C,06,
532000,0000060D,false,Rx,0,8,0D,10,83,B6,09,20,70,00,
542000,00000054,false,Rx,0,8,01,05,BD,00,72,02,00,00,
0,00000055,false,Rx,0,8,10,27,00,00,00,00,00,00,
0,00000056,false,Rx,0,8,10,27,00,00,00,00,00,00,
542000,00000057,false,Rx,0,8,00,00,FE,FF,FE,FF,00,00,
569000,00000625,false,Rx,0,8,25,00,59,86,01,54,5C,06,
632000,0000060D,false,Rx,0,8,0D,10,83,B6,09,20,70,00,
0,000002C4,false,Rx,0,8,09,00,00,00,72,02,00,00,
0,000002C5,false,Rx,0,8,00,00,00,00,00,00,00,00,
641000,000002C6,false,Rx,0,8,32,00,7C,01,00,00,00,00,
670000,00000625,false,Rx,0,8,25,00,59,86,01,54,5C,06,
732000,0000060D,false,Rx,0,8,0D,10,83,B6,09,20,70,00,
742000,00000054,false,Rx,0,8,01,05,BD,00,72,02,00,00,
742000,00000055,false,Rx,0,8,10,27,00,00,00,00,00,00,
742000,00000056,false,Rx,0,8,10,27,00,00,00,00,00,00,
743000,00000057,false,Rx,0,8,00,00,FE,FF,FE,FF,00,00,
770000,00000625,false,Rx,0,8,25,00,59,86,01,54,5C,06,
832000,0000060D,false,Rx,0,8,0D,10,83,B6,09,20,70,00,
861000,000002C4,false,Rx,0,8,09,00,00,00,72,02,00,00,
861000,000002C5,false,Rx,0,8,00,00,00,00,00,00,00,00,
861000,000002C6,false,Rx,0,8,32,00,7C,01,00,00,00,00,
870000,00000625,false,Rx,0,8,25,00,59,86,01,54,5C,06,
933000,0000060D,false,Rx,0,8,0D,10,83,B6,09,20,70,00,
0,00000054,false,Rx,0,8,01,05,BD,00,72,02,00,00,
0,00000055,false,Rx,0,8,10,27,00,00,00,00,00,00,
943000,00000056,false,Rx,0,8,10,27,00,00,00,00,00,00,
943000,00000057,false,Rx,0,8,00,00,FE,FF,FE,FF,00,00,
970000,00000625,false,Rx,0,8,25,00,59,86,01,54,5C,06,
32000,0000060D,false,Rx,0,8,0D,10,83,B6,09,20,70,00,
70000,00000625,false,Rx,0,8,25,00,59,86,01,54,5C,06,
0,000002C4,false,Rx,0,8,09,00,00,00,72,02,00,00,
0,000002C5,false,Rx,0,8,00,00,00,00,00,00,00,00,
81000,000002C6,false,Rx,0,8,32,00,7C,01,00,00,00,00,
133000,0000060D,false,Rx,0,8,0D,10,83,B6,09,20,70,00,
142000,00000054,false,Rx,0,8,01,05,BD,00,72,02,00,00,
142000,00000055,false,Rx,0,8,10,27,00,00,00,00,00,00,
143000,00000056,false,Rx,0,8,10,27,00,00,00,00,00,00,
143000,00000057,false,Rx,0,8,00,00,FE,FF,FE,FF,00,00,
169000,00000625,false,Rx,0,8,25,00,59,86,01,54,5C,06,
232000,0000060D,false,Rx,0,8,0D,10,83,B6,09,20,70,00,
270000,00000625,false,Rx,0,8,25,00,59,86,01,54,5C,06,
301000,000002C4,false,Rx,0,8,09,00,00,00,72,02,00,00,
301000,000002C5,false,Rx,0,8,00,00,00,00,00,00,00,00,
301000,000002C6,false,Rx,0,8,32,00,7C,01,00,00,00,00,
332000,0000060D,false,Rx,0,8,0D,10,83,B6,09,20,70,00,
342000,00000054,false,Rx,0,8,01,05,BD,00,72,02,00,00,
342000,00000055,false,Rx,0,8,10,27,00,00,00,00,00,00,
342000,00000056,false,Rx,0,8,10,27,00,00,00,00,00,00,
342000,00000057,false,Rx,0,8,00,00,FE,FF,FE,FF,00,00,
370000,00000625,false,Rx,0,8,25,00,59,86,01,54,5C,06,
432000,0000060D,false,Rx,0,8,0D,10,83,B6,09,20,70,00,
470000,00000625,false,Rx,0,8,25,00,59,86,01,54,5C,06,
520000,000002C4,false,Rx,0,8,09,00,00,00,72,02,00,00,
521000,000002C5,false,Rx,0,8,00,00,00,00,00,00,00,00,
521000,000002C6,false,Rx,0,8,32,00,7C,01,00,00,00,00,
532000,0000060D,false,Rx,0,8,0D,10,83,B6,09,20,70,00,
542000,00000054,false,Rx,0,8,01,05,BD,00,72,02,00,00,
542000,00000055,false,Rx,0,8,10,27,00,00,00,00,00,00,
542000,00000056,false,Rx,0,8,10,27,00,00,00,00,00,00,
542000,00000057,false,Rx,0,8,00,00,FE,FF,FE,FF,00,00,
569000,00000625,false,Rx,0,8,25,00,59,86,01,54,5C,06,
632000,0000060D,false,Rx,0,8,0D,10,83,B6,09,20,70,00,
670000,00000625,false,Rx,0,8,25,00,59,86,01,54,5C,06,
732000,0000060D,false,Rx,0,8,0D,10,83,B6,09,20,70,00,
0,000002C4,false,Rx,0,8,09,00,00,00,72,02,00,00,
0,000002C5,false,Rx,0,8,00,00,00,00,00,00,00,00,
741000,000002C6,false,Rx,0,8,32,00,7C,01,00,00,00,00,
741000,00000054,false,Rx,0,8,01,05,BD,00,72,02,00,00,
742000,00000055,false,Rx,0,8,10,27,00,00,00,00,00,00,
742000,00000056,false,Rx,0,8,10,27,00,00,00,00,00,00,
742000,00000057,false,Rx,0,8,00,00,FE,FF,FE,FF,00,00,
770000,00000625,false,Rx,0,8,25,00,59,86,01,54,5C,06,
832000,0000060D,false,Rx,0,8,0D,10,83,B6,09,20,70,00,
870000,00000625,false,Rx,0,8,25,00,59,86,01,54,5C,06,
932000,0000060D,false,Rx,0,8,0D,10,83,B6,09,20,70,00,
0,00000054,false,Rx,0,8,01,05,BD,00,72,02,00,00,
0,00000055,false,Rx,0,8,10,27,00,00,00,00,00,00,
942000,00000056,false,Rx,0,8,10,27,00,00,00,00,00,00,
942000,00000057,false,Rx,0,8,00,00,FE,FF,FE,FF,00,00,
0,000002C4,false,Rx,0,8,09,00,00,00,72,02,00,00,
0,000002C5,false,Rx,0,8,00,00,00,00,00,00,00,00,
961000,000002C6,false,Rx,0,8,32,00,7C,01,00,00,00,00,
970000,00000625,false,Rx,0,8,25,00,59,86,01,54,5C,06,
32000,0000060D,false,Rx,0,8,0D,10,83,B6,09,20,70,00,
69000,00000625,false,Rx,0,8,25,00,59,86,01,54,5C,06,
132000,0000060D,false,Rx,0,8,0D,10,83,B6,09,20,70,00,
142000,00000054,false,Rx,0,8,01,05,BD,00,72,02,00,00,
142000,00000055,false,Rx,0,8,10,27,00,00,00,00,00,00,
142000,00000056,false,Rx,0,8,10,27,00,00,00,00,00,00,
142000,00000057,false,Rx,0,8,00,00,FE,FF,FE,FF,00,00,
169000,00000625,false,Rx,0,8,25,00,59,86,01,54,5C,06,
180000,000002C4,false,Rx,0,8,09,00,00,00,72,02,00,00,
181000,000002C5,false,Rx,0,8,00,00,00,00,00,00,00,00,
181000,000002C6,false,Rx,0,8,32,00,7C,01,00,00,00,00,
232000,0000060D,false,Rx,0,8,0D,10,83,B6,09,20,70,00,
269000,00000625,false,Rx,0,8,25,00,59,86,01,54,5C,06,
332000,0000060D,false,Rx,0,8,0D,10,83,B6,09,20,70,00,
342000,00000054,false,Rx,0,8,01,05,BD,00,72,02,00,00,
342000,00000055,false,Rx,0,8,10,27,00,00,00,00,00,00,
0,00000056,false,Rx,0,8,10,27,00,00,00,00,00,00,
0,00000057,false,Rx,0,8,00,00,FE,FF,FE,FF,00,00,
369000,00000625,false,Rx,0,8,25,00,59,86,01,54,5C,06,
0,000002C4,false,Rx,0,8,09,00,00,00,72,02,00,00,
0,000002C5,false,Rx,0,8,00,00,00,00,00,00,00,00,
0,000002C6,false,Rx,0,8,32,00,7C,01,00,00,00,00,
432000,0000060D,false,Rx,0,8,0D,10,83,B6,09,20,70,00,
470000,00000625,false,Rx,0,8,25,00,59,86,01,54,5C,06,
532000,0000060D,false,Rx,0,8,0D,10,83,B6,09,20,70,00,
542000,00000054,false,Rx,0,8,01,05,BD,00,72,02,00,00,
542000,00000055,false,Rx,0,8,10,27,00,00,00,00,00,00,
542000,00000056,false,Rx,0,8,10,27,00,00,00,00,00,00,
542000,00000057,false,Rx,0,8,00,00,FE,FF,FE,FF,00,00,
570000,00000625,false,Rx,0,8,25,00,59,86,01,54,5C,06,
0,000002C4,false,Rx,0,8,09,00,00,00,72,02,00,00,
0,000002C5,false,Rx,0,8,00,00,00,00,00,00,00,00,
621000,000002C6,false,Rx,0,8,32,00,7C,01,00,00,00,00,
633000,0000060D,false,Rx,0,8,0D,10,83,B6,09,20,70,00,
670000,00000625,false,Rx,0,8,25,00,59,86,01,54,5C,06,
731000,0000060D,false,Rx,0,8,0D,10,83,B6,09,20,70,00,
741000,00000054,false,Rx,0,8,01,05,BD,00,72,02,00,00,
742000,00000055,false,Rx,0,8,10,27,00,00,00,00,00,00,
742000,00000056,false,Rx,0,8,10,27,00,00,00,00,00,00,
742000,00000057,false,Rx,0,8,00,00,FE,FF,FE,FF,00,00,
769000,00000625,false,Rx,0,8,25,00,59,86,01,54,5C,06,
832000,0000060D,false,Rx,0,8,0D,10,83,B6,09,20,70,00,
841000,000002C4,false,Rx,0,8,09,00,00,00,72,02,00,00,
841000,000002C5,false,Rx,0,8,00,00,00,00,00,00,00,00,
841000,000002C6,false,Rx,0,8,32,00,7C,01,00,00,00,00,
870000,00000625,false,Rx,0,8,25,00,59,86,01,54,5C,06,
932000,0000060D,false,Rx,0,8,0D,10,83,B6,09,20,70,00,
0,00000054,false,Rx,0,8,01,05,BD,00,72,02,00,00,
0,00000055,false,Rx,0,8,10,27,00,00,00,00,00,00,
0,00000056,false,Rx,0,8,10,27,00,00,00,00,00,00,
943000,00000057,false,Rx,0,8,00,00,FE,FF,FE,FF,00,00,
970000,00000625,false,Rx,0,8,25,00,59,86,01,54,5C,06,
32000,0000060D,false,Rx,0,8,0D,10,83,B6,09,20,70,00,
60000,000002C4,false,Rx,0,8,09,00,00,00,72,02,00,00,
60000,000002C5,false,Rx,0,8,00,00,00,00,00,00,00,00,
60000,000002C6,false,Rx,0,8,32,00,7C,01,00,00,00,00,
69000,00000625,false,Rx,0,8,25,00,59,86,01,54,5C,06,
132000,0000060D,false,Rx,0,8,0D,10,83,B6,09,20,70,00,
141000,00000054,false,Rx,0,8,01,05,BD,00,72,02,00,00,
141000,00000055,false,Rx,0,8,10,27,00,00,00,00,00,00,
142000,00000056,false,Rx,0,8,10,27,00,00,00,00,00,00,
142000,00000057,false,Rx,0,8,00,00,FE,FF,FE,FF,00,00,
170000,00000625,false,Rx,0,8,25,00,59,86,01,54,5C,06,
231000,0000060D,false,Rx,0,8,0D,10,83,B6,09,20,70,00,
269000,00000625,false,Rx,0,8,25,00,59,86,01,54,5C,06,
280000,000002C4,false,Rx,0,8,09,00,00,00,72,02,00,00,
281000,000002C5,false,Rx,0,8,00,00,00,00,00,00,00,00,
281000,000002C6,false,Rx,0,8,32,00,7C,01,00,00,00,00,
332000,0000060D,false,Rx,0,8,0D,10,83,B6,09,20,70,00,
342000,00000054,false,Rx,0,8,01,05,BD,00,72,02,00,00,
342000,00000055,false,Rx,0,8,10,27,00,00,00,00,00,00,
342000,00000056,false,Rx,0,8,10,27,00,00,00,00,00,00,
342000,00000057,false,Rx,0,8,00,00,FE,FF,FE,FF,00,00,
369000,00000625,false,Rx,0,8,25,00,59,86,01,54,5C,06,
432000,0000060D,false,Rx,0,8,0D,10,83,B6,09,20,70,00,
469000,00000625,false,Rx,0,8,25,00,59,86,01,54,5C,06,
0,000002C4,false,Rx,0,8,09,00,00,00,72,02,00,00,
0,000002C5,false,Rx,0,8,00,00,00,00,00,00,00,00,
501000,000002C6,false,Rx,0,8,32,00,7C,01,00,00,00,00,
532000,0000060D,false,Rx,0,8,0D,10,83,B6,09,20,70,00,
542000,00000054,false,Rx,0,8,01,05,BD,00,72,02,00,00,
542000,00000055,false,Rx,0,8,10,27,00,00,00,00,00,00,
542000,00000056,false,Rx,0,8,10,27,00,00,00,00,00,00,
542000,00000057,false,Rx,0,8,00,00,FE,FF,FE,FF,00,00,
570000,00000625,false,Rx,0,8,25,00,59,86,01,54,5C,06,
632000,0000060D,false,Rx,0,8,0D,10,83,B6,09,20,70,00,
669000,00000625,false,Rx,0,8,25,00,59,86,01,54,5C,06,
0,000002C4,false,Rx,0,8,09,00,00,00,72,02,00,00,
0,000002C5,false,Rx,0,8,00,00,00,00,00,00,00,00,
721000,000002C6,false,Rx,0,8,32,00,7C,01,00,00,00,00,
732000,0000060D,false,Rx,0,8,0D,10,83,B6,09,20,70,00,
742000,00000054,false,Rx,0,8,01,05,BD,00,72,02,00,00,
742000,00000055,false,Rx,0,8,10,27,00,00,00,00,00,00,
742000,00000056,false,Rx,0,8,10,27,00,00,00,00,00,00,
743000,00000057,false,Rx,0,8,00,00,FE,FF,FE,FF,00,00,
769000,00000625,false,Rx,0,8,25,00,59,86,01,54,5C,06,
832000,0000060D,false,Rx,0,8,0D,10,83,B6,09,20,70,00,
870000,00000625,false,Rx,0,8,25,00,59,86,01,54,5C,06,
932000,0000060D,false,Rx,0,8,0D,10,83,B6,09,20,70,00,
0,000002C4,false,Rx,0,8,09,00,00,00,72,02,00,00,
0,000002C5,false,Rx,0,8,00,00,00,00,00,00,00,00,
941000,000002C6,false,Rx,0,8,32,00,7C,01,00,00,00,00,
0,00000054,false,Rx,0,8,01,05,BD,00,72,02,00,00,
0,00000055,false,Rx,0,8,10,27,00,00,00,00,00,00,
0,00000056,false,Rx,0,8,10,27,00,00,00,00,00,00,
0,00000057,false,Rx,0,8,00,00,FE,FF,FE,FF,00,00,
969000,00000625,false,Rx,0,8,25,00,59,86,01,54,5C,06,
32000,0000060D,false,Rx,0,8,0D,10,83,B6,09,20,70,00,
70000,00000625,false,Rx,0,8,25,00,59,86,01,54,5C,06,
132000,0000060D,false,Rx,0,8,0D,10,83,B6,09,20,70,00,
142000,00000054,false,Rx,0,8,01,05,BD,00,72,02,00,00,
142000,00000055,false,Rx,0,8,10,27,00,00,00,00,00,00,
142000,00000056,false,Rx,0,8,10,27,00,00,00,00,00,00,
143000,00000057,false,Rx,0,8,00,00,FE,FF,FE,FF,00,00,
0,000002C4,false,Rx,0,8,09,00,00,00,72,02,00,00,
0,000002C5,false,Rx,0,8,00,00,00,00,00,00,00,00,
161000,000002C6,false,Rx,0,8,32,00,7C,01,00,00,00,00,
170000,00000625,false,Rx,0,8,25,00,59,86,01,54,5C,06,
232000,0000060D,false,Rx,0,8,0D,10,83,B6,09,20,70,00,
270000,00000625,false,Rx,0,8,25,00,59,86,01,54,5C,06,
332000,0000060D,false,Rx,0,8,0D,10,83,B6,09,20,70,00,
341000,00000054,false,Rx,0,8,01,05,BD,00,72,02,00,00,
342000,00000055,false,Rx,0,8,10,27,00,00,00,00,00,00,
342000,00000056,false,Rx,0,8,10,27,00,00,00,00,00,00,
342000,00000057,false,Rx,0,8,00,00,FE,FF,FE,FF,00,00,
369000,00000625,false,Rx,0,8,25,00,59,86,01,54,5C,06,
381000,000002C4,false,Rx,0,8,09,00,00,00,72,02,00,00,
0,000002C5,false,Rx,0,8,00,00,00,00,00,00,00,00,
0,000002C6,false,Rx,0,8,32,00,7C,01,00,00,00,00,
432000,0000060D,false,Rx,0,8,0D,10,83,B6,09,20,70,00,
469000,00000625,false,Rx,0,8,25,00,59,86,01,54,5C,06,
531000,0000060D,false,Rx,0,8,0D,10,83,B6,09,20,70,00,
0,00000054,false,Rx,0,8,01,05,BD,00,72,02,00,00,
0,00000055,false,Rx,0,8,10,27,00,00,00,00,00,00,
542000,00000056,false,Rx,0,8,10,27,00,00,00,00,00,00,
542000,00000057,false,Rx,0,8,00,00,FE,FF,FE,FF,00,00,
569000,00000625,false,Rx,0,8,25,00,59,86,01,54,5C,06,
0,000002C4,false,Rx,0,8,09,00,00,00,72,02,00,00,
0,000002C5,false,Rx,0,8,00,00,00,00,00,00,00,00,
601000,000002C6,false,Rx,0,8,32,00,7C,01,00,00,00,00,
633000,0000060D,false,Rx,0,8,0D,10,83,B6,09,20,70,00,
669000,00000625,false,Rx,0,8,25,00,59,86,01,54,5C,06,
732000,0000060D,false,Rx,0,8,0D,10,83,B6,09,20,70,00,
0,00000054,false,Rx,0,8,01,05,BD,00,72,02,00,00,
0,00000055,false,Rx,0,8,10,27,00,00,00,00,00,00,
742000,00000056,false,Rx,0,8,10,27,00,00,00,00,00,00,
742000,00000057,false,Rx,0,8,00,00,FE,FF,FE,FF,00,00,
769000,00000625,false,Rx,0,8,25,00,59,86,01,54,5C,06,
821000,000002C4,false,Rx,0,8,09,00,00,00,72,02,00,00,
821000,000002C5,false,Rx,0,8,00,00,00,00,00,00,00,00,
821000,000002C6,false,Rx,0,8,32,00,7C,01,00,00,00,00,
832000,0000060D,false,Rx,0,8,0D,10,83,B6,09,20,70,00,
870000,00000625,false,Rx,0,8,25,00,59,86,01,54,5C,06,
932000,0000060D,false,Rx,0,8,0D,10,83,B6,09,20,70,00,
942000,00000054,false,Rx,0,8,01,05,BD,00,72,02,00,00,
942000,00000055,false,Rx,0,8,10,27,00,00,00,00,00,00,
942000,00000056,false,Rx,0,8,10,27,00,00,00,00,00,00,
943000,00000057,false,Rx,0,8,00,00,FE,FF,FE,FF,00,00,
970000,00000625,false,Rx,0,8,25,00,59,86,01,54,5C,06,
32000,0000060D,false,Rx,0,8,0D,10,83,B6,09,20,70,00,
41000,000002C4,false,Rx,0,8,09,00,00,00,72,02,00,00,
41000,000002C5,false,Rx,0,8,00,00,00,00,00,00,00,00,
41000,000002C6,false,Rx,0,8,32,00,7C,01,00,00,00,00,
70000,00000625,false,Rx,0,8,25,00,59,86,01,54,5C,06,
132000,0000060D,false,Rx,0,8,0D,10,83,B6,09,20,70,00,
141000,00000054,false,Rx,0,8,01,05,BD,00,72,02,00,00,
142000,00000055,false,Rx,0,8,10,27,00,00,00,00,00,00,
142000,00000056,false,Rx,0,8,10,27,00,00,00,00,00,00,
142000,00000057,false,Rx,0,8,00,00,FE,FF,FE,FF,00,00,
170000,00000625,false,Rx,0,8,25,00,59,86,01,54,5C,06,
232000,0000060D,false,Rx,0,8,0D,10,83,B6,09,20,70,00,
261000,000002C4,false,Rx,0,8,09,00,00,00,72,02,00,00,
261000,000002C5,false,Rx,0,8,00,00,00,00,00,00,00,00,
262000,000002C6,false,Rx,0,8,32,00,7C,01,00,00,00,00,
269000,00000625,false,Rx,0,8,25,00,59,86,01,54,5C,06,
331000,0000060D,false,Rx,0,8,0D,10,83,B6,09,20,70,00,
341000,00000054,false,Rx,0,8,01,05,BD,00,72,02,00,00,
342000,00000055,false,Rx,0,8,10,27,00,00,00,00,00,00,
342000,00000056,false,Rx,0,8,10,27,00,00,00,00,00,00,
342000,00000057,false,Rx,0,8,00,00,FE,FF,FE,FF,00,00,
369000,00000625,false,Rx,0,8,25,00,59,86,01,54,5C,06,
432000,0000060D,false,Rx,0,8,0D,10,83,B6,09,20,70,00,
469000,00000625,false,Rx,0,8,25,00,59,86,01,54,5C,06,
481000,000002C4,false,Rx,0,8,09,00,00,00,72,02,00,00,
481000,000002C5,false,Rx,0,8,00,00,00,00,00,00,00,00,
482000,000002C6,false,Rx,0,8,32,00,7C,01,00,00,00,00,
532000,0000060D,false,Rx,0,8,0D,10,83,B6,09,20,70,00,
542000,00000054,false,Rx,0,8,01,05,BD,00,72,02,00,00,
542000,00000055,false,Rx,0,8,10,27,00,00,00,00,00,00,
542000,00000056,false,Rx,0,8,10,27,00,00,00,00,00,00,
543000,00000057,false,Rx,0,8,00,00,FE,FF,FE,FF,00,00,
569000,00000625,false,Rx,0,8,25,00,59,86,01,54,5C,06,
632000,0000060D,false,Rx,0,8,0D,10,83,B6,09,20,70,00,
669000,00000625,false,Rx,0,8,25,00,59,86,01,54,5C,06,
701000,000002C4,false,Rx,0,8,09,00,00,00,72,02,00,00,
701000,000002C5,false,Rx,0,8,00,00,00,00,00,00,00,00,
701000,000002C6,false,Rx,0,8,32,00,7C,01,00,00,00,00,
731000,0000060D,false,Rx,0,8,0D,10,83,B6,09,20,70,00,
741000,00000054,false,Rx,0,8,01,05,BD,00,72,02,00,00,
742000,00000055,false,Rx,0,8,10,27,00,00,00,00,00,00,
742000,00000056,false,Rx,0,8,10,27,00,00,00,00,00,00,
743000,00000057,false,Rx,0,8,00,00,FE,FF,FE,FF,00,00,
769000,00000625,false,Rx,0,8,25,00,59,86,01,54,5C,06,
832000,0000060D,false,Rx,0,8,0D,10,83,B6,09,20,70,00,
869000,00000625,false,Rx,0,8,25,00,59,86,01,54,5C,06,
0,000002C4,false,Rx,0,8,09,00,00,00,72,02,00,00,
0,000002C5,false,Rx,0,8,00,00,00,00,00,00,00,00,
921000,000002C6,false,Rx,0,8,32,00,7C,01,00,00,00,00,
932000,0000060D,false,Rx,0,8,0D,10,83,B6,09,20,70,00,
0,00000054,false,Rx,0,8,01,05,BD,00,72,02,00,00,
0,00000055,false,Rx,0,8,10,27,00,00,00,00,00,00,
942000,00000056,false,Rx,0,8,10,27,00,00,00,00,00,00,
942000,00000057,false,Rx,0,8,00,00,FE,FF,FE,FF,00,00,
970000,00000625,false,Rx,0,8,25,00,59,86,01,54,5C,06,
32000,0000060D,false,Rx,0,8,0D,10,83,B6,09,20,70,00,
70000,00000625,false,Rx,0,8,25,00,59,86,01,54,5C,06,
132000,0000060D,false,Rx,0,8,0D,10,83,B6,09,20,70,00,
141000,000002C4,false,Rx,0,8,09,00,00,00,72,02,00,00,
141000,000002C5,false,Rx,0,8,00,00,00,00,00,00,00,00,
141000,000002C6,false,Rx,0,8,32,00,7C,01,00,00,00,00,
142000,00000054,false,Rx,0,8,01,05,BD,00,72,02,00,00,
142000,00000055,false,Rx,0,8,10,27,00,00,00,00,00,00,
143000,00000056,false,Rx,0,8,10,27,00,00,00,00,00,00,
143000,00000057,false,Rx,0,8,00,00,FE,FF,FE,FF,00,00,
170000,00000625,false,Rx,0,8,25,00,59,86,01,54,5C,06,
231000,0000060D,false,Rx,0,8,0D,10,83,B6,09,20,70,00,
269000,00000625,false,Rx,0,8,25,00,59,86,01,54,5C,06,
332000,0000060D,false,Rx,0,8,0D,10,83,B6,09,20,70,00,
341000,00000054,false,Rx,0,8,01,05,BD,00,72,02,00,00,
342000,00000055,false,Rx,0,8,10,27,00,00,00,00,00,00,
342000,00000056,false,Rx,0,8,10,27,00,00,00,00,00,00,
342000,00000057,false,Rx,0,8,00,00,FE,FF,FE,FF,00,00,
0,000002C4,false,Rx,0,8,09,00,00,00,72,02,00,00,
0,000002C5,false,Rx,0,8,00,00,00,00,00,00,00,00,
361000,000002C6,false,Rx,0,8,32,00,7C,01,00,00,00,00,
369000,00000625,false,Rx,0,8,25,00,59,86,01,54,5C,06,
432000,0000060D,false,Rx,0,8,0D,10,83,B6,09,20,70,00,
469000,00000625,false,Rx,0,8,25,00,59,86,01,54,5C,06,
532000,0000060D,false,Rx,0,8,0D,10,83,B6,09,20,70,00,
0,00000054,false,Rx,0,8,01,05,BD,00,72,02,00,00,
0,00000055,false,Rx,0,8,10,27,00,00,00,00,00,00,
0,00000056,false,Rx,0,8,10,27,00,00,00,00,00,00,
0,00000057,false,Rx,0,8,00,00,FE,FF,FE,FF,00,00,
569000,00000625,false,Rx,0,8,25,00,59,86,01,54,5C,06,
581000,000002C4,false,Rx,0,8,09,00,00,00,72,02,00,00,
581000,000002C5,false,Rx,0,8,00,00,00,00,00,00,00,00,
581000,000002C6,false,Rx,0,8,32,00,7C,01,00,00,00,00,
632000,0000060D,false,Rx,0,8,0D,10,83,B6,09,20,70,00,
669000,00000625,false,Rx,0,8,25,00,59,86,01,54,5C,06,
731000,0000060D,false,Rx,0,8,0D,10,83,B6,09,20,70,00,
741000,00000054,false,Rx,0,8,01,05,BD,00,72,02,00,00,
741000,00000055,false,Rx,0,8,10,27,00,00,00,00,00,00,
742000,00000056,false,Rx,0,8,10,27,00,00,00,00,00,00,
742000,00000057,false,Rx,0,8,00,00,FE,FF,FE,FF,00,00,
770000,00000625,false,Rx,0,8,25,00,59,86,01,54,5C,06,
801000,000002C4,false,Rx,0,8,09,00,00,00,72,02,00,00,
801000,000002C5,false,Rx,0,8,00,00,00,00,00,00,00,00,
801000,000002C6,false,Rx,0,8,32,00,7C,01,00,00,00,00,
832000,0000060D,false,Rx,0,8,0D,10,83,B6,09,20,70,00,
869000,00000625,false,Rx,0,8,25,00,59,86,01,54,5C,06,
931000,0000060D,false,Rx,0,8,0D,10,83,B6,09,20,70,00,
941000,00000054,false,Rx,0,8,01,05,BD,00,72,02,00,00,
942000,00000055,false,Rx,0,8,10,27,00,00,00,00,00,00,
942000,00000056,false,Rx,0,8,10,27,00,00,00,00,00,00,
942000,00000057,false,Rx,0,8,00,00,FE,FF,FE,FF,00,00,
969000,00000625,false,Rx,0,8,25,00,59,86,01,54,5C,06,
21000,000002C4,false,Rx,0,8,09,00,00,00,72,02,00,00,
0,000002C5,false,Rx,0,8,00,00,00,00,00,00,00,00,
0,000002C6,false,Rx,0,8,32,00,7C,01,00,00,00,00,
32000,0000060D,false,Rx,0,8,0D,10,83,B6,09,20,70,00,
69000,00000625,false,Rx,0,8,25,00,59,86,01,54,5C,06,
131000,0000060D,false,Rx,0,8,0D,10,83,B6,09,20,70,00,
0,00000054,false,Rx,0,8,01,05,BD,00,72,02,00,00,
0,00000055,false,Rx,0,8,10,27,00,00,00,00,00,00,
142000,00000056,false,Rx,0,8,10,27,00,00,00,00,00,00,
142000,00000057,false,Rx,0,8,00,00,FE,FF,FE,FF,00,00,
169000,00000625,false,Rx,0,8,25,00,59,86,01,54,5C,06,
232000,0000060D,false,Rx,0,8,0D,10,83,B6,09,20,70,00,
241000,000002C4,false,Rx,0,8,09,00,00,00,72,02,00,00,
241000,000002C5,false,Rx,0,8,00,00,00,00,00,00,00,00,
241000,000002C6,false,Rx,0,8,32,00,7C,01,00,00,00,00,
270000,00000625,false,Rx,0,8,25,00,59,86,01,54,5C,06,
332000,0000060D,false,Rx,0,8,0D,10,83,B6,09,20,70,00,
342000,00000054,false,Rx,0,8,01,05,BD,00,72,02,00,00,
342000,00000055,false,Rx,0,8,10,27,00,00,00,00,00,00,
342000,00000056,false,Rx,0,8,10,27,00,00,00,00,00,00,
343000,00000057,false,Rx,0,8,00,00,FE,FF,FE,FF,00,00,
369000,00000625,false,Rx,0,8,25,00,59,86,01,54,5C,06,
431000,0000060D,false,Rx,0,8,0D,10,83,B6,09,20,70,00,
460000,000002C4,false,Rx,0,8,09,00,00,00,72,02,00,00,
460000,000002C5,false,Rx,0,8,00,00,00,00,00,00,00,00,
461000,000002C6,false,Rx,0,8,32,00,7C,01,00,00,00,00,
469000,00000625,false,Rx,0,8,25,00,59,86,01,54,5C,06,
531000,0000060D,false,Rx,0,8,0D,10,83,B6,09,20,70,00,
541000,00000054,false,Rx,0,8,01,05,BD,00,72,02,00,00,
541000,00000055,false,Rx,0,8,10,27,00,00,00,00,00,00,
542000,00000056,false,Rx,0,8,10,27,00,00,00,00,00,00,
542000,00000057,false,Rx,0,8,00,00,FE,FF,FE,FF,00,00,
569000,00000625,false,Rx,0,8,25,00,59,86,01,54,5C,06,
632000,0000060D,false,Rx,0,8,0D,10,83,B6,09,20,70,00,
669000,00000625,false,Rx,0,8,25,00,59,86,01,54,5C,06,
681000,000002C4,false,Rx,0,8,09,00,00,00,72,02,00,00,
681000,000002C5,false,Rx,0,8,00,00,00,00,00,00,00,00,
681000,000002C6,false,Rx,0,8,32,00,7C,01,00,00,00,00,
732000,0000060D,false,Rx,0,8,0D,10,83,B6,09,20,70,00,
0,00000054,false,Rx,0,8,01,05,BD,00,72,02,00,00,
0,00000055,false,Rx,0,8,10,27,00,00,00,00,00,00,
742000,00000056,false,Rx,0,8,10,27,00,00,00,00,00,00,
742000,00000057,false,Rx,0,8,00,00,FE,FF,FE,FF,00,00,
770000,00000625,false,Rx,0,8,25,00,59,86,01,54,5C,06,
832000,0000060D,false,Rx,0,8,0D,10,83,B6,09,20,70,00,
870000,00000625,false,Rx,0,8,25,00,59,86,01,54,5C,06,
901000,000002C4,false,Rx,0,8,09,00,00,00,72,02,00,00,
901000,000002C5,false,Rx,0,8,00,00,00,00,00,00,00,00,
901000,000002C6,false,Rx,0,8,32,00,7C,01,00,00,00,00,
933000,0000060D,false,Rx,0,8,0D,10,83,B6,09,20,70,00,
0,00000054,false,Rx,0,8,01,05,BD,00,72,02,00,00,
0,00000055,false,Rx,0,8,10,27,00,00,00,00,00,00,
943000,00000056,false,Rx,0,8,10,27,00,00,00,00,00,00,
943000,00000057,false,Rx,0,8,00,00,FE,FF,FE,FF,00,00,
970000,00000625,false,Rx,0,8,25,00,59,86,01,54,5C,06,
32000,0000060D,false,Rx,0,8,0D,10,83,B6,09,20,70,00,
69000,00000625,false,Rx,0,8,25,00,59,86,01,54,5C,06,
121000,000002C4,false,Rx,0,8,09,00,00,00,72,02,00,00,
121000,000002C5,false,Rx,0,8,00,00,00,00,00,00,00,00,
121000,000002C6,false,Rx,0,8,32,00,7C,01,00,00,00,00,
132000,0000060D,false,Rx,0,8,0D,10,83,B6,09,20,70,00,
0,00000054,false,Rx,0,8,01,05,BD,00,72,02,00,00,
0,00000055,false,Rx,0,8,10,27,00,00,00,00,00,00,
142000,00000056,false,Rx,0,8,10,27,00,00,00,00,00,00,
143000,00000057,false,Rx,0,8,00,00,FE,FF,FE,FF,00,00,
170000,00000625,false,Rx,0,8,25,00,59,86,01,54,5C,06,
231000,0000060D,false,Rx,0,8,0D,10,83,B6,09,20,70,00,
269000,00000625,false,Rx,0,8,25,00,59,86,01,54,5C,06,
332000,0000060D,false,Rx,0,8,0D,10,83,B6,09,20,70,00,
340000,000002C4,false,Rx,0,8,09,00,00,00,72,02,00,00,
340000,000002C5,false,Rx,0,8,00,00,00,00,00,00,00,00,
341000,000002C6,false,Rx,0,8,32,00,7C,01,00,00,00,00,
341000,00000054,false,Rx,0,8,01,05,BD,00,72,02,00,00,
342000,00000055,false,Rx,0,8,10,27,00,00,00,00,00,00,
342000,00000056,false,Rx,0,8,10,27,00,00,00,00,00,00,
342000,00000057,false,Rx,0,8,00,00,FE,FF,FE,FF,00,00,
369000,00000625,false,Rx,0,8,25,00,59,86,01,54,5C,06,
431000,0000060D,false,Rx,0,8,0D,10,83,B6,09,20,70,00,
469000,00000625,false,Rx,0,8,25,00,59,86,01,54,5C,06,
531000,0000060D,false,Rx,0,8,0D,10,83,B6,09,20,70,00,
541000,00000054,false,Rx,0,8,01,05,BD,00,72,02,00,00,
542000,00000055,false,Rx,0,8,10,27,00,00,00,00,00,00,
542000,00000056,false,Rx,0,8,10,27,00,00,00,00,00,00,
542000,00000057,false,Rx,0,8,00,00,FE,FF,FE,FF,00,00,
561000,000002C4,false,Rx,0,8,09,00,00,00,72,02,00,00,
561000,000002C5,false,Rx,0,8,00,00,00,00,00,00,00,00,
561000,000002C6,false,Rx,0,8,32,00,7C,01,00,00,00,00,
570000,00000625,false,Rx,0,8,25,00,59,86,01,54,5C,06,
632000,0000060D,false,Rx,0,8,0D,10,83,B6,09,20,70,00,
669000,00000625,false,Rx,0,8,25,00,59,86,01,54,5C,06,
731000,0000060D,false,Rx,0,8,0D,10,83,B6,09,20,70,00,
741000,00000054,false,Rx,0,8,01,05,BD,00,72,02,00,00,
741000,00000055,false,Rx,0,8,10,27,00,00,00,00,00,00,
742000,00000056,false,Rx,0,8,10,27,00,00,00,00,00,00,
742000,00000057,false,Rx,0,8,00,00,FE,FF,FE,FF,00,00,
769000,00000625,false,Rx,0,8,25,00,59,86,01,54,5C,06,
0,000002C4,false,Rx,0,8,09,00,00,00,72,02,00,00,
0,000002C5,false,Rx,0,8,00,00,00,00,00,00,00,00,
781000,000002C6,false,Rx,0,8,32,00,7C,01,00,00,00,00,
832000,0000060D,false,Rx,0,8,0D,10,83,B6,09,20,70,00,
870000,00000625,false,Rx,0,8,25,00,59,86,01,54,5C,06,
932000,0000060D,false,Rx,0,8,0D,10,83,B6,09,20,70,00,
0,00000054,false,Rx,0,8,01,05,BD,00,72,02,00,00,
0,00000055,false,Rx,0,8,10,27,00,00,00,00,00,00,
942000,00000056,false,Rx,0,8,10,27,00,00,00,00,00,00,
943000,00000057,false,Rx,0,8,00,00,FE,FF,FE,FF,00,00,
969000,00000625,false,Rx,0,8,25,00,59,86,01,54,5C,06,
0,000002C4,false,Rx,0,8,09,00,00,00,72,02,00,00,
0,000002C5,false,Rx,0,8,00,00,00,00,00,00,00,00,
1000,000002C6,false,Rx,0,8,32,00,7C,01,00,00,00,00,
31000,0000060D,false,Rx,0,8,0D,10,83,B6,09,20,70,00,
70000,00000625,false,Rx,0,8,25,00,59,86,01,54,5C,06,
132000,0000060D,false,Rx,0,8,0D,10,83,B6,09,20,70,00,
142000,00000054,false,Rx,0,8,01,05,BD,00,72,02,00,00,
142000,00000055,false,Rx,0,8,10,27,00,00,00,00,00,00,
142000,00000056,false,Rx,0,8,10,27,00,00,00,00,00,00,
142000,00000057,false,Rx,0,8,00,00,FE,FF,FE,FF,00,00,
170000,00000625,false,Rx,0,8,25,00,59,86,01,54,5C,06,
221000,000002C4,false,Rx,0,8,09,00,00,00,72,02,00,00,
221000,000002C5,false,Rx,0,8,00,00,00,00,00,00,00,00,
221000,000002C6,false,Rx,0,8,32,00,7C,01,00,00,00,00,
233000,0000060D,false,Rx,0,8,0D,10,83,B6,09,20,70,00,
269000,00000625,false,Rx,0,8,25,00,59,86,01,54,5C,06,
332000,0000060D,false,Rx,0,8,0D,10,83,B6,09,20,70,00,
0,00000054,false,Rx,0,8,01,05,BD,00,72,02,00,00,
0,00000055,false,Rx,0,8,10,27,00,00,00,00,00,00,
342000,00000056,false,Rx,0,8,10,27,00,00,00,00,00,00,
342000,00000057,false,Rx,0,8,00,00,FE,FF,FE,FF,00,00,
369000,00000625,false,Rx,0,8,25,00,59,86,01,54,5C,06,
432000,0000060D,false,Rx,0,8,0D,10,83,B6,09,20,70,00,
441000,000002C4,false,Rx,0,8,09,00,00,00,72,02,00,00,
441000,000002C5,false,Rx,0,8,00,00,00,00,00,00,00,00,
441000,000002C6,false,Rx,0,8,32,00,7C,01,00,00,00,00,
469000,00000625,false,Rx,0,8,25,00,59,86,01,54,5C,06,
532000,0000060D,false,Rx,0,8,0D,10,83,B6,09,20,70,00,
542000,00000054,false,Rx,0,8,01,05,BD,00,72,02,00,00,
542000,00000055,false,Rx,0,8,10,27,00,00,00,00,00,00,
0,00000056,false,Rx,0,8,10,27,00,00,00,00,00,00,
0,00000057,false,Rx,0,8,00,00,FE,FF,FE,FF,00,00,
569000,00000625,false,Rx,0,8,25,00,59,86,01,54,5C,06,
632000,0000060D,false,Rx,0,8,0D,10,83,B6,09,20,70,00,
660000,000002C4,false,Rx,0,8,09,00,00,00,72,02,00,00,
661000,000002C5,false,Rx,0,8,00,00,00,00,00,00,00,00,
661000,000002C6,false,Rx,0,8,32,00,7C,01,00,00,00,00,
670000,00000625,false,Rx,0,8,25,00,59,86,01,54,5C,06,
733000,0000060D,false,Rx,0,8,0D,10,83,B6,09,20,70,00,
742000,00000054,false,Rx,0,8,01,05,BD,00,72,02,00,00,
742000,00000055,false,Rx,0,8,10,27,00,00,00,00,00,00,
742000,00000056,false,Rx,0,8,10,27,00,00,00,00,00,00,
743000,00000057,false,Rx,0,8,00,00,FE,FF,FE,FF,00,00,
770000,00000625,false,Rx,0,8,25,00,59,86,01,54,5C,06,
832000,0000060D,false,Rx,0,8,0D,10,83,B6,09,20,70,00,
870000,00000625,false,Rx,0,8,25,00,59,86,01,54,5C,06,
0,000002C4,false,Rx,0,8,09,00,00,00,72,02,00,00,
0,000002C5,false,Rx,0,8,00,00,00,00,00,00,00,00,
881000,000002C6,false,Rx,0,8,32,00,7C,01,00,00,00,00,
933000,0000060D,false,Rx,0,8,0D,10,83,B6,09,20,70,00,
0,00000054,false,Rx,0,8,01,05,BD,00,72,02,00,00,
0,00000055,false,Rx,0,8,10,27,00,00,00,00,00,00,
943000,00000056,false,Rx,0,8,10,27,00,00,00,00,00,00,
943000,00000057,false,Rx,0,8,00,00,FE,FF,FE,FF,00,00,
970000,00000625,false,Rx,0,8,25,00,59,86,01,54,5C,06,
33000,0000060D,false,Rx,0,8,0D,10,83,B6,09,20,70,00,
69000,00000625,false,Rx,0,8,25,00,59,86,01,54,5C,06,
100000,000002C4,false,Rx,0,8,09,00,00,00,72,02,00,00,
100000,000002C5,false,Rx,0,8,00,00,00,00,00,00,00,00,
101000,000002C6,false,Rx,0,8,32,00,7C,01,00,00,00,00,
132000,0000060D,false,Rx,0,8,0D,10,83,B6,09,20,70,00,
0,00000054,false,Rx,0,8,01,05,BD,00,72,02,00,00,
0,00000055,false,Rx,0,8,10,27,00,00,00,00,00,00,
142000,00000056,false,Rx,0,8,10,27,00,00,00,00,00,00,
142000,00000057,false,Rx,0,8,00,00,FE,FF,FE,FF,00,00,
169000,00000625,false,Rx,0,8,25,00,59,86,01,54,5C,06,
232000,0000060D,false,Rx,0,8,0D,10,83,B6,09,20,70,00,
269000,00000625,false,Rx,0,8,25,00,59,86,01,54,5C,06,
321000,000002C4,false,Rx,0,8,09,00,00,00,72,02,00,00,
321000,000002C5,false,Rx,0,8,00,00,00,00,00,00,00,00,
321000,000002C6,false,Rx,0,8,32,00,7C,01,00,00,00,00,
333000,0000060D,false,Rx,0,8,0D,10,83,B6,09,20,70,00,
342000,00000054,false,Rx,0,8,01,05,BD,00,72,02,00,00,
342000,00000055,false,Rx,0,8,10,27,00,00,00,00,00,00,
342000,00000056,false,Rx,0,8,10,27,00,00,00,00,00,00,
342000,00000057,false,Rx,0,8,00,00,FE,FF,FE,FF,00,00,
370000,00000625,false,Rx,0,8,25,00,59,86,01,54,5C,06,
432000,0000060D,false,Rx,0,8,0D,10,83,B6,09,20,70,00,
470000,00000625,false,Rx,0,8,25,00,59,86,01,54,5C,06,
532000,0000060D,false,Rx,0,8,0D,10,83,B6,09,20,70,00,
540000,000002C4,false,Rx,0,8,09,00,00,00,72,02,00,00,
540000,000002C5,false,Rx,0,8,00,00,00,00,00,00,00,00,
541000,000002C6,false,Rx,0,8,32,00,7C,01,00,00,00,00,
0,00000054,false,Rx,0,8,01,05,BD,00,72,02,00,00,
0,00000055,false,Rx,0,8,10,27,00,00,00,00,00,00,
0,00000056,false,Rx,0,8,10,27,00,00,00,00,00,00,
542000,00000057,false,Rx,0,8,00,00,FE,FF,FE,FF,00,00,
570000,00000625,false,Rx,0,8,25,00,59,86,01,54,5C,06,
632000,0000060D,false,Rx,0,8,0D,10,83,B6,09,20,70,00,
670000,00000625,false,Rx,0,8,25,00,59,86,01,54,5C,06,
732000,0000060D,false,Rx,0,8,0D,10,83,B6,09,20,70,00,
742000,00000054,false,Rx,0,8,01,05,BD,00,72,02,00,00,
742000,00000055,false,Rx,0,8,10,27,00,00,00,00,00,00,
742000,00000056,false,Rx,0,8,10,27,00,00,00,00,00,00,
743000,00000057,false,Rx,0,8,00,00,FE,FF,FE,FF,00,00,
761000,000002C4,false,Rx,0,8,09,00,00,00,72,02,00,00,
761000,000002C5,false,Rx,0,8,00,00,00,00,00,00,00,00,
761000,000002C6,false,Rx,0,8,32,00,7C,01,00,00,00,00,
769000,00000625,false,Rx,0,8,25,00,59,86,01,54,5C,06,
833000,0000060D,false,Rx,0,8,0D,10,83,B6,09,20,70,00,
870000,00000625,false,Rx,0,8,25,00,59,86,01,54,5C,06,
932000,0000060D,false,Rx,0,8,0D,10,83,B6,09,20,70,00,
0,00000054,false,Rx,0,8,01,05,BD,00,72,02,00,00,
0,00000055,false,Rx,0,8,10,27,00,00,00,00,00,00,
0,00000056,false,Rx,0,8,10,27,00,00,00,00,00,00,
943000,00000057,false,Rx,0,8,00,00,FE,FF,FE,FF,00,00,
970000,00000625,false,Rx,0,8,25,00,59,86,01,54,5C,06,
980000,000002C4,false,Rx,0,8,09,00,00,00,72,02,00,00,
980000,000002C5,false,Rx,0,8,00,00,00,00,00,00,00,00,
982000,000002C6,false,Rx,0,8,32,00,7C,01,00,00,00,00,
32000,0000060D,false,Rx,0,8,0D,10,83,B6,09,20,70,00,
69000,00000625,false,Rx,0,8,25,00,59,86,01,54,5C,06,
132000,0000060D,false,Rx,0,8,0D,10,83,B6,09,20,70,00,
142000,00000054,false,Rx,0,8,01,05,BD,00,72,02,00,00,
142000,00000055,false,Rx,0,8,10,27,00,00,00,00,00,00,
142000,00000056,false,Rx,0,8,10,27,00,00,00,00,00,00,
143000,00000057,false,Rx,0,8,00,00,FE,FF,FE,FF,00,00,
170000,00000625,false,Rx,0,8,25,00,59,86,01,54,5C,06,
201000,000002C4,false,Rx,0,8,09,00,00,00,72,02,00,00,
201000,000002C5,false,Rx,0,8,00,00,00,00,00,00,00,00,
201000,000002C6,false,Rx,0,8,32,00,7C,01,00,00,00,00,
232000,0000060D,false,Rx,0,8,0D,10,83,B6,09,20,70,00,
270000,00000625,false,Rx,0,8,25,00,59,86,01,54,5C,06,
333000,0000060D,false,Rx,0,8,0D,10,83,B6,09,20,70,00,
342000,00000054,false,Rx,0,8,01,05,BD,00,72,02,00,00,
342000,00000055,false,Rx,0,8,10,27,00,00,00,00,00,00,
342000,00000056,false,Rx,0,8,10,27,00,00,00,00,00,00,
342000,00000057,false,Rx,0,8,00,00,FE,FF,FE,FF,00,00,
369000,00000625,false,Rx,0,8,25,00,59,86,01,54,5C,06,
421000,000002C4,false,Rx,0,8,09,00,00,00,72,02,00,00,
421000,000002C5,false,Rx,0,8,00,00,00,00,00,00,00,00,
421000,000002C6,false,Rx,0,8,32,00,7C,01,00,00,00,00,
432000,0000060D,false,Rx,0,8,0D,10,83,B6,09,20,70,00,
470000,00000625,false,Rx,0,8,25,00,59,86,01,54,5C,06,
532000,0000060D,false,Rx,0,8,0D,10,83,B6,09,20,70,00,
542000,00000054,false,Rx,0,8,01,05,BD,00,72,02,00,00,
542000,00000055,false,Rx,0,8,10,27,00,00,00,00,00,00,
0,00000056,false,Rx,0,8,10,27,00,00,00,00,00,00,
0,00000057,false,Rx,0,8,00,00,FE,FF,FE,FF,00,00,
570000,00000625,false,Rx,0,8,25,00,59,86,01,54,5C,06,
632000,0000060D,false,Rx,0,8,0D,10,83,B6,09,20,70,00,
641000,000002C4,false,Rx,0,8,09,00,00,00,72,02,00,00,
641000,000002C5,false,Rx,0,8,00,00,00,00,00,00,00,00,
641000,000002C6,false,Rx,0,8,32,00,7C,01,00,00,00,00,
670000,00000625,false,Rx,0,8,25,00,59,86,01,54,5C,06,
732000,0000060D,false,Rx,0,8,0D,10,83,B6,09,20,70,00,
742000,00000054,false,Rx,0,8,01,05,BD,00,72,02,00,00,
742000,00000055,false,Rx,0,8,10,27,00,00,00,00,00,00,
742000,00000056,false,Rx,0,8,10,27,00,00,00,00,00,00,
743000,00000057,false,Rx,0,8,00,00,FE,FF,FE,FF,00,00,
769000,00000625,false,Rx,0,8,25,00,59,86,01,54,5C,06,
832000,0000060D,false,Rx,0,8,0D,10,83,B6,09,20,70,00,
860000,000002C4,false,Rx,0,8,09,00,00,00,72,02,00,00,
860000,000002C5,false,Rx,0,8,00,00,00,00,00,00,00,00,
861000,000002C6,false,Rx,0,8,32,00,7C,01,00,00,00,00,
869000,00000625,false,Rx,0,8,25,00,59,86,01,54,5C,06,
932000,0000060D,false,Rx,0,8,0D,10,83,B6,09,20,70,00,
0,00000054,false,Rx,0,8,01,05,BD,00,72,02,00,00,
0,00000055,false,Rx,0,8,10,27,00,00,00,00,00,00,
943000,00000056,false,Rx,0,8,10,27,00,00,00,00,00,00,
943000,00000057,false,Rx,0,8,00,00,FE,FF,FE,FF,00,00,
970000,00000625,false,Rx,0,8,25,00,59,86,01,54,5C,06,
31000,0000060D,false,Rx,0,8,0D,10,83,B6,09,20,70,00,
69000,00000625,false,Rx,0,8,25,00,59,86,01,54,5C,06,
80000,000002C4,false,Rx,0,8,09,00,00,00,72,02,00,00,
0,000002C5,false,Rx,0,8,00,00,00,00,00,00,00,00,
0,000002C6,false,Rx,0,8,32,00,7C,01,00,00,00,00,
132000,0000060D,false,Rx,0,8,0D,10,83,B6,09,20,70,00,
0,00000054,false,Rx,0,8,01,05,BD,00,72,02,00,00,
0,00000055,false,Rx,0,8,10,27,00,00,00,00,00,00,
142000,00000056,false,Rx,0,8,10,27,00,00,00,00,00,00,
143000,00000057,false,Rx,0,8,00,00,FE,FF,FE,FF,00,00,
170000,00000625,false,Rx,0,8,25,00,59,86,01,54,5C,06,
232000,0000060D,false,Rx,0,8,0D,10,83,B6,09,20,70,00,
269000,00000625,false,Rx,0,8,25,00,59,86,01,54,5C,06,
301000,000002C4,false,Rx,0,8,09,00,00,00,72,02,00,00,
301000,000002C5,false,Rx,0,8,00,00,00,00,00,00,00,00,
301000,000002C6,false,Rx,0,8,32,00,7C,01,00,00,00,00,
332000,0000060D,false,Rx,0,8,0D,10,83,B6,09,20,70,00,
342000,00000054,false,Rx,0,8,01,05,BD,00,72,02,00,00,
342000,00000055,false,Rx,0,8,10,27,00,00,00,00,00,00,
342000,00000056,false,Rx,0,8,10,27,00,00,00,00,00,00,
343000,00000057,false,Rx,0,8,00,00,FE,FF,FE,FF,00,00,
370000,00000625,false,Rx,0,8,25,00,59,86,01,54,5C,06,
432000,0000060D,false,Rx,0,8,0D,10,83,B6,09,20,70,00,
470000,00000625,false,Rx,0,8,25,00,59,86,01,54,5C,06,
520000,000002C4,false,Rx,0,8,09,00,00,00,72,02,00,00,
521000,000002C5,false,Rx,0,8,00,00,00,00,00,00,00,00,
521000,000002C6,false,Rx,0,8,32,00,7C,01,00,00,00,00,
532000,0000060D,false,Rx,0,8,0D,10,83,B6,09,20,70,00,
541000,00000054,false,Rx,0,8,01,05,BD,00,72,02,00,00,
542000,00000055,false,Rx,0,8,10,27,00,00,00,00,00,00,
542000,00000056,false,Rx,0,8,10,27,00,00,00,00,00,00,
543000,00000057,false,Rx,0,8,00,00,FE,FF,FE,FF,00,00,
569000,00000625,false,Rx,0,8,25,00,59,86,01,54,5C,06,
632000,0000060D,false,Rx,0,8,0D,10,83,B6,09,20,70,00,
669000,00000625,false,Rx,0,8,25,00,59,86,01,54,5C,06,
732000,0000060D,false,Rx,0,8,0D,10,83,B6,09,20,70,00,
740000,000002C4,false,Rx,0,8,09,00,00,00,72,02,00,00,
740000,000002C5,false,Rx,0,8,00,00,00,00,00,00,00,00,
741000,000002C6,false,Rx,0,8,32,00,7C,01,00,00,00,00,
741000,00000054,false,Rx,0,8,01,05,BD,00,72,02,00,00,
742000,00000055,false,Rx,0,8,10,27,00,00,00,00,00,00,
742000,00000056,false,Rx,0,8,10,27,00,00,00,00,00,00,
742000,00000057,false,Rx,0,8,00,00,FE,FF,FE,FF,00,00,
770000,00000625,false,Rx,0,8,25,00,59,86,01,54,5C,06,
832000,0000060D,false,Rx,0,8,0D,10,83,B6,09,20,70,00,
870000,00000625,false,Rx,0,8,25,00,59,86,01,54,5C,06,
932000,0000060D,false,Rx,0,8,0D,10,83,B6,09,20,70,00,
0,00000054,false,Rx,0,8,01,05,BD,00,72,02,00,00,
0,00000055,false,Rx,0,8,10,27,00,00,00,00,00,00,
943000,00000056,false,Rx,0,8,10,27,00,00,00,00,00,00,
943000,00000057,false,Rx,0,8,00,00,FE,FF,FE,FF,00,00,
961000,000002C4,false,Rx,0,8,09,00,00,00,72,02,00,00,
961000,000002C5,false,Rx,0,8,00,00,00,00,00,00,00,00,
962000,000002C6,false,Rx,0,8,32,00,7C,01,00,00,00,00,
970000,00000625,false,Rx,0,8,25,00,59,86,01,54,5C,06,
31000,0000060D,false,Rx,0,8,0D,10,83,B6,09,20,70,00,
70000,00000625,false,Rx,0,8,25,00,59,86,01,54,5C,06,
132000,0000060D,false,Rx,0,8,0D,10,83,B6,09,20,70,00,
142000,00000054,false,Rx,0,8,01,05,BD,00,72,02,00,00,
142000,00000055,false,Rx,0,8,10,27,00,00,00,00,00,00,
142000,00000056,false,Rx,0,8,10,27,00,00,00,00,00,00,
142000,00000057,false,Rx,0,8,00,00,FE,FF,FE,FF,00,00,
169000,00000625,false,Rx,0,8,25,00,59,86,01,54,5C,06,
0,000002C4,false,Rx,0,8,09,00,00,00,72,02,00,00,
0,000002C5,false,Rx,0,8,00,00,00,00,00,00,00,00,
181000,000002C6,false,Rx,0,8,32,00,7C,01,00,00,00,00,
232000,0000060D,false,Rx,0,8,0D,10,83,B6,09,20,70,00,
270000,00000625,false,Rx,0,8,25,00,59,86,01,54,5C,06,
332000,0000060D,false,Rx,0,8,0D,10,83,B6,09,20,70,00,
342000,00000054,false,Rx,0,8,01,05,BD,00,72,02,00,00,
342000,00000055,false,Rx,0,8,10,27,00,00,00,00,00,00,
343000,00000056,false,Rx,0,8,10,27,00,00,00,00,00,00,
343000,00000057,false,Rx,0,8,00,00,FE,FF,FE,FF,00,00,
369000,00000625,false,Rx,0,8,25,00,59,86,01,54,5C,06,
0,000002C4,false,Rx,0,8,09,00,00,00,72,02,00,00,
0,000002C5,false,Rx,0,8,00,00,00,00,00,00,00,00,
401000,000002C6,false,Rx,0,8,32,00,7C,01,00,00,00,00,
432000,0000060D,false,Rx,0,8,0D,10,83,B6,09,20,70,00,
470000,00000625,false,Rx,0,8,25,00,59,86,01,54,5C,06,
532000,0000060D,false,Rx,0,8,0D,10,83,B6,09,20,70,00,
542000,00000054,false,Rx,0,8,01,05,BD,00,72,02,00,00,
0,00000055,false,Rx,0,8,10,27,00,00,00,00,00,00,
0,00000056,false,Rx,0,8,10,27,00,00,00,00,00,00,
542000,00000057,false,Rx,0,8,00,00,FE,FF,FE,FF,00,00,
570000,00000625,false,Rx,0,8,25,00,59,86,01,54,5C,06,
0,000002C4,false,Rx,0,8,09,00,00,00,72,02,00,00,
0,000002C5,false,Rx,0,8,00,00,00,00,00,00,00,00,
621000,000002C6,false,Rx,0,8,32,00,7C,01,00,00,00,00,
633000,0000060D,false,Rx,0,8,0D,10,83,B6,09,20,70,00,
670000,00000625,false,Rx,0,8,25,00,59,86,01,54,5C,06,
731000,0000060D,false,Rx,0,8,0D,10,83,B6,09,20,70,00,
741000,00000054,false,Rx,0,8,01,05,BD,00,72,02,00,00,
741000,00000055,false,Rx,0,8,10,27,00,00,00,00,00,00,
742000,00000056,false,Rx,0,8,10,27,00,00,00,00,00,00,
742000,00000057,false,Rx,0,8,00,00,FE,FF,FE,FF,00,00,
769000,00000625,false,Rx,0,8,25,00,59,86,01,54,5C,06,
832000,0000060D,false,Rx,0,8,0D,10,83,B6,09,20,70,00,
0,000002C4,false,Rx,0,8,09,00,00,00,72,02,00,00,
0,000002C5,false,Rx,0,8,00,00,00,00,00,00,00,00,
841000,000002C6,false,Rx,0,8,32,00,7C,01,00,00,00,00,
869000,00000625,false,Rx,0,8,25,00,59,86,01,54,5C,06,
931000,0000060D,false,Rx,0,8,0D,10,83,B6,09,20,70,00,
942000,00000054,false,Rx,0,8,01,05,BD,00,72,02,00,00,
942000,00000055,false,Rx,0,8,10,27,00,00,00,00,00,00,
942000,00000056,false,Rx,0,8,10,27,00,00,00,00,00,00,
942000,00000057,false,Rx,0,8,00,00,FE,FF,FE,FF,00,00,
970000,00000625,false,Rx,0,8,25,00,59,86,01,54,5C,06,
31000,0000060D,false,Rx,0,8,0D,10,83,B6,09,20,70,00,
61000,000002C4,false,Rx,0,8,09,00,00,00,72,02,00,00,
61000,000002C5,false,Rx,0,8,00,00,00,00,00,00,00,00,
61000,000002C6,false,Rx,0,8,32,00,7C,01,00,00,00,00,
70000,00000625,false,Rx,0,8,25,00,59,86,01,54,5C,06,
132000,0000060D,false,Rx,0,8,0D,10,83,B6,09,20,70,00,
141000,00000054,false,Rx,0,8,01,05,BD,00,72,02,00,00,
142000,00000055,false,Rx,0,8,10,27,00,00,00,00,00,00,
142000,00000056,false,Rx,0,8,10,27,00,00,00,00,00,00,
142000,00000057,false,Rx,0,8,00,00,FE,FF,FE,FF,00,00,
170000,00000625,false,Rx,0,8,25,00,59,86,01,54,5C,06,
232000,0000060D,false,Rx,0,8,0D,10,83,B6,09,20,70,00,
269000,00000625,false,Rx,0,8,25,00,59,86,01,54,5C,06,
281000,000002C4,false,Rx,0,8,09,00,00,00,72,02,00,00,
281000,000002C5,false,Rx,0,8,00,00,00,00,00,00,00,00,
281000,000002C6,false,Rx,0,8,32,00,7C,01,00,00,00,00,
332000,0000060D,false,Rx,0,8,0D,10,83,B6,09,20,70,00,
343000,00000054,false,Rx,0,8,01,05,BD,00,72,02,00,00,
343000,00000055,false,Rx,0,8,10,27,00,00,00,00,00,00,
343000,00000056,false,Rx,0,8,10,27,00,00,00,00,00,00,
343000,00000057,false,Rx,0,8,00,00,FE,FF,FE,FF,00,00,
370000,00000625,false,Rx,0,8,25,00,59,86,01,54,5C,06,
432000,0000060D,false,Rx,0,8,0D,10,83,B6,09,20,70,00,
470000,00000625,false,Rx,0,8,25,00,59,86,01,54,5C,06,
501000,000002C4,false,Rx,0,8,09,00,00,00,72,02,00,00,
501000,000002C5,false,Rx,0,8,00,00,00,00,00,00,00,00,
501000,000002C6,false,Rx,0,8,32,00,7C,01,00,00,00,00,
531000,0000060D,false,Rx,0,8,0D,10,83,B6,09,20,70,00,
542000,00000054,false,Rx,0,8,01,05,BD,00,72,02,00,00,
542000,00000055,false,Rx,0,8,10,27,00,00,00,00,00,00,
542000,00000056,false,Rx,0,8,10,27,00,00,00,00,00,00,
543000,00000057,false,Rx,0,8,00,00,FE,FF,FE,FF,00,00,
569000,00000625,false,Rx,0,8,25,00,59,86,01,54,5C,06,
632000,0000060D,false,Rx,0,8,0D,10,83,B6,09,20,70,00,
670000,00000625,false,Rx,0,8,25,00,59,86,01,54,5C,06,
721000,000002C4,false,Rx,0,8,09,00,00,00,72,02,00,00,
721000,000002C5,false,Rx,0,8,00,00,00,00,00,00,00,00,
721000,000002C6,false,Rx,0,8,32,00,7C,01,00,00,00,00,
732000,0000060D,false,Rx,0,8,0D,10,83,B6,09,20,70,00,
742000,00000054,false,Rx,0,8,01,05,BD,00,72,02,00,00,
742000,00000055,false,Rx,0,8,10,27,00,00,00,00,00,00,
742000,00000056,false,Rx,0,8,10,27,00,00,00,00,00,00,
742000,00000057,false,Rx,0,8,00,00,FE,FF,FE,FF,00,00,
769000,00000625,false,Rx,0,8,25,00,59,86,01,54,5C,06,
832000,0000060D,false,Rx,0,8,0D,10,83,B6,09,20,70,00,
870000,00000625,false,Rx,0,8,25,00,59,86,01,54,5C,06,
933000,0000060D,false,Rx,0,8,0D,10,83,B6,09,20,70,00,
0,000002C4,false,Rx,0,8,09,00,00,00,72,02,00,00,
0,000002C5,false,Rx,0,8,00,00,00,00,00,00,00,00,
942000,000002C6,false,Rx,0,8,32,00,7C,01,00,00,00,00,
0,00000054,false,Rx,0,8,01,05,BD,00,72,02,00,00,
0,00000055,false,Rx,0,8,10,27,00,00,00,00,00,00,
943000,00000056,false,Rx,0,8,10,27,00,00,00,00,00,00,
943000,00000057,false,Rx,0,8,00,00,FE,FF,FE,FF,00,00,
970000,00000625,false,Rx,0,8,25,00,59,86,01,54,5C,06,
32000,0000060D,false,Rx,0,8,0D,10,83,B6,09,20,70,00,
69000,00000625,false,Rx,0,8,25,00,59,86,01,54,5C,06,
133000,0000060D,false,Rx,0,8,0D,10,83,B6,09,20,70,00,
142000,00000054,false,Rx,0,8,01,05,BD,00,72,02,00,00,
142000,00000055,false,Rx,0,8,10,27,00,00,00,00,00,00,
143000,00000056,false,Rx,0,8,10,27,00,00,00,00,00,00,
143000,00000057,false,Rx,0,8,00,00,FE,FF,FE,FF,00,00,
161000,000002C4,false,Rx,0,8,09,00,00,00,72,02,00,00,
161000,000002C5,false,Rx,0,8,00,00,00,00,00,00,00,00,
161000,000002C6,false,Rx,0,8,32,00,7C,01,00,00,00,00,
169000,00000625,false,Rx,0,8,25,00,59,86,01,54,5C,06,
233000,0000060D,false,Rx,0,8,0D,10,83,B6,09,20,70,00,
270000,00000625,false,Rx,0,8,25,00,59,86,01,54,5C,06,
332000,0000060D,false,Rx,0,8,0D,10,83,B6,09,20,70,00,
0,00000054,false,Rx,0,8,01,05,BD,00,72,02,00,00,
0,00000055,false,Rx,0,8,10,27,00,00,00,00,00,00,
342000,00000056,false,Rx,0,8,10,27,00,00,00,00,00,00,
342000,00000057,false,Rx,0,8,00,00,FE,FF,FE,FF,00,00,
370000,00000625,false,Rx,0,8,25,00,59,86,01,54,5C,06,
0,000002C4,false,Rx,0,8,09,00,00,00,72,02,00,00,
0,000002C5,false,Rx,0,8,00,00,00,00,00,00,00,00,
381000,000002C6,false,Rx,0,8,32,00,7C,01,00,00,00,00,
432000,0000060D,false,Rx,0,8,0D,10,83,B6,09,20,70,00,
470000,00000625,false,Rx,0,8,25,00,59,86,01,54,5C,06,
532000,0000060D,false,Rx,0,8,0D,10,83,B6,09,20,70,00,
541000,00000054,false,Rx,0,8,01,05,BD,00,72,02,00,00,
542000,00000055,false,Rx,0,8,10,27,00,00,00,00,00,00,
542000,00000056,false,Rx,0,8,10,27,00,00,00,00,00,00,
542000,00000057,false,Rx,0,8,00,00,FE,FF,FE,FF,00,00,
570000,00000625,false,Rx,0,8,25,00,59,86,01,54,5C,06,
0,000002C4,false,Rx,0,8,09,00,00,00,72,02,00,00,
0,000002C5,false,Rx,0,8,00,00,00,00,00,00,00,00,
601000,000002C6,false,Rx,0,8,32,00,7C,01,00,00,00,00,
632000,0000060D,false,Rx,0,8,0D,10,83,B6,09,20,70,00,
669000,00000625,false,Rx,0,8,25,00,59,86,01,54,5C,06,
732000,0000060D,false,Rx,0,8,0D,10,83,B6,09,20,70,00,
742000,00000054,false,Rx,0,8,01,05,BD,00,72,02,00,00,
742000,00000055,false,Rx,0,8,10,27,00,00,00,00,00,00,
0,00000056,false,Rx,0,8,10,27,00,00,00,00,00,00,
0,00000057,false,Rx,0,8,00,00,FE,FF,FE,FF,00,00,
769000,00000625,false,Rx,0,8,25,00,59,86,01,54,5C,06,
820000,000002C4,false,Rx,0,8,09,00,00,00,72,02,00,00,
820000,000002C5,false,Rx,0,8,00,00,00,00,00,00,00,00,
821000,000002C6,false,Rx,0,8,32,00,7C,01,00,00,00,00,
832000,0000060D,false,Rx,0,8,0D,10,83,B6,09,20,70,00,
870000,00000625,false,Rx,0,8,25,00,59,86,01,54,5C,06,
932000,0000060D,false,Rx,0,8,0D,10,83,B6,09,20,70,00,
942000,00000054,false,Rx,0,8,01,05,BD,00,72,02,00,00,
942000,00000055,false,Rx,0,8,10,27,00,00,00,00,00,00,
942000,00000056,false,Rx,0,8,10,27,00,00,00,00,00,00,
943000,00000057,false,Rx,0,8,00,00,FE,FF,FE,FF,00,00,
969000,00000625,false,Rx,0,8,25,00,59,86,01,54,5C,06,
32000,0000060D,false,Rx,0,8,0D,10,83,B6,09,20,70,00,
0,000002C4,false,Rx,0,8,09,00,00,00,72,02,00,00,
0,000002C5,false,Rx,0,8,00,00,00,00,00,00,00,00,
41000,000002C6,false,Rx,0,8,32,00,7C,01,00,00,00,00,
70000,00000625,false,Rx,0,8,25,00,59,86,01,54,5C,06,
132000,0000060D,false,Rx,0,8,0D,10,83,B6,09,20,70,00,
142000,00000054,false,Rx,0,8,01,05,BD,00,72,02,00,00,
142000,00000055,false,Rx,0,8,10,27,00,00,00,00,00,00,
142000,00000056,false,Rx,0,8,10,27,00,00,00,00,00,00,
143000,00000057,false,Rx,0,8,00,00,FE,FF,FE,FF,00,00,
170000,00000625,false,Rx,0,8,25,00,59,86,01,54,5C,06,
232000,0000060D,false,Rx,0,8,0D,10,83,B6,09,20,70,00,
261000,000002C4,false,Rx,0,8,09,00,00,00,72,02,00,00,
261000,000002C5,false,Rx,0,8,00,00,00,00,00,00,00,00,
261000,000002C6,false,Rx,0,8,32,00,7C,01,00,00,00,00,
270000,00000625,false,Rx,0,8,25,00,59,86,01,54,5C,06,
332000,0000060D,false,Rx,0,8,0D,10,83,B6,09,20,70,00,
342000,00000054,false,Rx,0,8,01,05,BD,00,72,02,00,00,
342000,00000055,false,Rx,0,8,10,27,00,00,00,00,00,00,
0,00000056,false,Rx,0,8,10,27,00,00,00,00,00,00,
0,00000057,false,Rx,0,8,00,00,FE,FF,FE,FF,00,00,
370000,00000625,false,Rx,0,8,25,00,59,86,01,54,5C,06,
432000,0000060D,false,Rx,0,8,0D,10,83,B6,09,20,70,00,
470000,00000625,false,Rx,0,8,25,00,59,86,01,54,5C,06,
0,000002C4,false,Rx,0,8,09,00,00,00,72,02,00,00,
0,000002C5,false,Rx,0,8,00,00,00,00,00,00,00,00,
0,000002C6,false,Rx,0,8,32,00,7C,01,00,00,00,00,
531000,0000060D,false,Rx,0,8,0D,10,83,B6,09,20,70,00,
541000,00000054,false,Rx,0,8,01,05,BD,00,72,02,00,00,
541000,00000055,false,Rx,0,8,10,27,00,00,00,00,00,00,
542000,00000056,false,Rx,0,8,10,27,00,00,00,00,00,00,
542000,00000057,false,Rx,0,8,00,00,FE,FF,FE,FF,00,00,
570000,00000625,false,Rx,0,8,25,00,59,86,01,54,5C,06,
632000,0000060D,false,Rx,0,8,0D,10,83,B6,09,20,70,00,
669000,00000625,false,Rx,0,8,25,00,59,86,01,54,5C,06,
0,000002C4,false,Rx,0,8,09,00,00,00,72,02,00,00,
0,000002C5,false,Rx,0,8,00,00,00,00,00,00,00,00,
702000,000002C6,false,Rx,0,8,32,00,7C,01,00,00,00,00,
733000,0000060D,false,Rx,0,8,0D,10,83,B6,09,20,70,00,
742000,00000054,false,Rx,0,8,01,05,BD,00,72,02,00,00,
742000,00000055,false,Rx,0,8,10,27,00,00,00,00,00,00,
743000,00000056,false,Rx,0,8,10,27,00,00,00,00,00,00,
743000,00000057,false,Rx,0,8,00,00,FE,FF,FE,FF,00,00,
770000,00000625,false,Rx,0,8,25,00,59,86,01,54,5C,06,
832000,0000060D,false,Rx,0,8,0D,10,83,B6,09,20,70,00,
870000,00000625,false,Rx,0,8,25,00,59,86,01,54,5C,06,
0,000002C4,false,Rx,0,8,09,00,00,00,72,02,00,00,
0,000002C5,false,Rx,0,8,00,00,00,00,00,00,00,00,
921000,000002C6,false,Rx,0,8,32,00,7C,01,00,00,00,00,
932000,0000060D,false,Rx,0,8,0D,10,83,B6,09,20,70,00,
942000,00000054,false,Rx,0,8,01,05,BD,00,72,02,00,00,
942000,00000055,false,Rx,0,8,10,27,00,00,00,00,00,00,
942000,00000056,false,Rx,0,8,10,27,00,00,00,00,00,00,
942000,00000057,false,Rx,0,8,00,00,FE,FF,FE,FF,00,00,
970000,00000625,false,Rx,0,8,25,00,59,86,01,54,5C,06,
32000,0000060D,false,Rx,0,8,0D,10,83,B6,09,20,70,00,
69000,00000625,false,Rx,0,8,25,00,59,86,01,54,5C,06,
132000,0000060D,false,Rx,0,8,0D,10,83,B6,09,20,70,00,
141000,000002C4,false,Rx,0,8,09,00,00,00,72,02,00,00,
141000,000002C5,false,Rx,0,8,00,00,00,00,00,00,00,00,
141000,000002C6,false,Rx,0,8,32,00,7C,01,00,00,00,00,
142000,00000054,false,Rx,0,8,01,05,BD,00,72,02,00,00,
142000,00000055,false,Rx,0,8,10,27,00,00,00,00,00,00,
142000,00000056,false,Rx,0,8,10,27,00,00,00,00,00,00,
143000,00000057,false,Rx,0,8,00,00,FE,FF,FE,FF,00,00,
170000,00000625,false,Rx,0,8,25,00,59,86,01,54,5C,06,
232000,0000060D,false,Rx,0,8,0D,10,83,B6,09,20,70,00,
269000,00000625,false,Rx,0,8,25,00,59,86,01,54,5C,06,
332000,0000060D,false,Rx,0,8,0D,10,83,B6,09,20,70,00,
342000,00000054,false,Rx,0,8,01,05,BD,00,72,02,00,00,
0,00000055,false,Rx,0,8,10,27,00,00,00,00,00,00,
0,00000056,false,Rx,0,8,10,27,00,00,00,00,00,00,
342000,00000057,false,Rx,0,8,00,00,FE,FF,FE,FF,00,00,
361000,000002C4,false,Rx,0,8,09,00,00,00,72,02,00,00,
361000,000002C5,false,Rx,0,8,00,00,00,00,00,00,00,00,
361000,000002C6,false,Rx,0,8,32,00,7C,01,00,00,00,00,
370000,00000625,false,Rx,0,8,25,00,59,86,01,54,5C,06,
432000,0000060D,false,Rx,0,8,0D,10,83,B6,09,20,70,00,
470000,00000625,false,Rx,0,8,25,00,59,86,01,54,5C,06,
532000,0000060D,false,Rx,0,8,0D,10,83,B6,09,20,70,00,
542000,00000054,false,Rx,0,8,01,05,BD,00,72,02,00,00,
542000,00000055,false,Rx,0,8,10,27,00,00,00,00,00,00,
542000,00000056,false,Rx,0,8,10,27,00,00,00,00,00,00,
543000,00000057,false,Rx,0,8,00,00,FE,FF,FE,FF,00,00,
570000,00000625,false,Rx,0,8,25,00,59,86,01,54,5C,06,
0,000002C4,false,Rx,0,8,09,00,00,00,72,02,00,00,
0,000002C5,false,Rx,0,8,00,00,00,00,00,00,00,00,
582000,000002C6,false,Rx,0,8,32,00,7C,01,00,00,00,00,
632000,0000060D,false,Rx,0,8,0D,10,83,B6,09,20,70,00,
669000,00000625,false,Rx,0,8,25,00,59,86,01,54,5C,06,
732000,0000060D,false,Rx,0,8,0D,10,83,B6,09,20,70,00,
742000,00000054,false,Rx,0,8,01,05,BD,00,72,02,00,00,
742000,00000055,false,Rx,0,8,10,27,00,00,00,00,00,00,
0,00000056,false,Rx,0,8,10,27,00,00,00,00,00,00,
0,00000057,false,Rx,0,8,00,00,FE,FF,FE,FF,00,00,
769000,00000625,false,Rx,0,8,25,00,59,86,01,54,5C,06,
0,000002C4,false,Rx,0,8,09,00,00,00,72,02,00,00,
0,000002C5,false,Rx,0,8,00,00,00,00,00,00,00,00,
801000,000002C6,false,Rx,0,8,32,00,7C,01,00,00,00,00,
832000,0000060D,false,Rx,0,8,0D,10,83,B6,09,20,70,00,
870000,00000625,false,Rx,0,8,25,00,59,86,01,54,5C,06,
933000,0000060D,false,Rx,0,8,0D,10,83,B6,09,20,70,00,
0,00000054,false,Rx,0,8,01,05,BD,00,72,02,00,00,
0,00000055,false,Rx,0,8,10,27,00,00,00,00,00,00,
0,00000056,false,Rx,0,8,10,27,00,00,00,00,00,00,
943000,00000057,false,Rx,0,8,00,00,FE,FF,FE,FF,00,00,
970000,00000625,false,Rx,0,8,25,00,59,86,01,54,5C,06,
21000,000002C4,false,Rx,0,8,09,00,00,00,72,02,00,00,
0,000002C5,false,Rx,0,8,00,00,00,00,00,00,00,00,
0,000002C6,false,Rx,0,8,32,00,7C,01,00,00,00,00,
32000,0000060D,false,Rx,0,8,0D,10,83,B6,09,20,70,00,
70000,00000625,false,Rx,0,8,25,00,59,86,01,54,5C,06,
131000,0000060D,false,Rx,0,8,0D,10,83,B6,09,20,70,00,
0,00000054,false,Rx,0,8,01,05,BD,00,72,02,00,00,
0,00000055,false,Rx,0,8,10,27,00,00,00,00,00,00,
142000,00000056,false,Rx,0,8,10,27,00,00,00,00,00,00,
143000,00000057,false,Rx,0,8,00,00,FE,FF,FE,FF,00,00,
169000,00000625,false,Rx,0,8,25,00,59,86,01,54,5C,06,
232000,0000060D,false,Rx,0,8,0D,10,83,B6,09,20,70,00,
0,000002C4,false,Rx,0,8,09,00,00,00,72,02,00,00,
0,000002C5,false,Rx,0,8,00,00,00,00,00,00,00,00,
241000,000002C6,false,Rx,0,8,32,00,7C,01,00,00,00,00,
269000,00000625,false,Rx,0,8,25,00,59,86,01,54,5C,06,
332000,0000060D,false,Rx,0,8,0D,10,83,B6,09,20,70,00,
0,00000054,false,Rx,0,8,01,05,BD,00,72,02,00,00,
0,00000055,false,Rx,0,8,10,27,00,00,00,00,00,00,
342000,00000056,false,Rx,0,8,10,27,00,00,00,00,00,00,
343000,00000057,false,Rx,0,8,00,00,FE,FF,FE,FF,00,00,
369000,00000625,false,Rx,0,8,25,00,59,86,01,54,5C,06,
432000,0000060D,false,Rx,0,8,0D,10,83,B6,09,20,70,00,
0,000002C4,false,Rx,0,8,09,00,00,00,72,02,00,00,
0,000002C5,false,Rx,0,8,00,00,00,00,00,00,00,00,
0,000002C6,false,Rx,0,8,32,00,7C,01,00,00,00,00,
469000,00000625,false,Rx,0,8,25,00,59,86,01,54,5C,06,
532000,0000060D,false,Rx,0,8,0D,10,83,B6,09,20,70,00,
541000,00000054,false,Rx,0,8,01,05,BD,00,72,02,00,00,
541000,00000055,false,Rx,0,8,10,27,00,00,00,00,00,00,
542000,00000056,false,Rx,0,8,10,27,00,00,00,00,00,00,
542000,00000057,false,Rx,0,8,00,00,FE,FF,FE,FF,00,00,
569000,00000625,false,Rx,0,8,25,00,59,86,01,54,5C,06,
632000,0000060D,false,Rx,0,8,0D,10,83,B6,09,20,70,00,
670000,00000625,false,Rx,0,8,25,00,59,86,01,54,5C,06,
0,000002C4,false,Rx,0,8,09,00,00,00,72,02,00,00,
0,000002C5,false,Rx,0,8,00,00,00,00,00,00,00,00,
682000,000002C6,false,Rx,0,8,32,00,7C,01,00,00,00,00,
732000,0000060D,false,Rx,0,8,0D,10,83,B6,09,20,70,00,
0,00000054,false,Rx,0,8,01,05,BD,00,72,02,00,00,
0,00000055,false,Rx,0,8,10,27,00,00,00,00,00,00,
742000,00000056,false,Rx,0,8,10,27,00,00,00,00,00,00,
743000,00000057,false,Rx,0,8,00,00,FE,FF,FE,FF,00,00,
769000,00000625,false,Rx,0,8,25,00,59,86,01,54,5C,06,
831000,0000060D,false,Rx,0,8,0D,10,83,B6,09,20,70,00,
870000,00000625,false,Rx,0,8,25,00,59,86,01,54,5C,06,
0,000002C4,false,Rx,0,8,09,00,00,00,72,02,00,00,
0,000002C5,false,Rx,0,8,00,00,00,00,00,00,00,00,
901000,000002C6,false,Rx,0,8,32,00,7C,01,00,00,00,00,
932000,0000060D,false,Rx,0,8,0D,10,83,B6,09,20,70,00,
0,00000054,false,Rx,0,8,01,05,BD,00,72,02,00,00,
0,00000055,false,Rx,0,8,10,27,00,00,00,00,00,00,
942000,00000056,false,Rx,0,8,10,27,00,00,00,00,00,00,
942000,00000057,false,Rx,0,8,00,00,FE,FF,FE,FF,00,00,
970000,00000625,false,Rx,0,8,25,00,59,86,01,54,5C,06,
32000,0000060D,false,Rx,0,8,0D,10,83,B6,09,20,70,00,
69000,00000625,false,Rx,0,8,25,00,59,86,01,54,5C,06,
121000,000002C4,false,Rx,0,8,09,00,00,00,72,02,00,00,
121000,000002C5,false,Rx,0,8,00,00,00,00,00,00,00,00,
122000,000002C6,false,Rx,0,8,32,00,7C,01,00,00,00,00,
132000,0000060D,false,Rx,0,8,0D,10,83,B6,09,20,70,00,
142000,00000054,false,Rx,0,8,01,05,BD,00,72,02,00,00,
142000,00000055,false,Rx,0,8,10,27,00,00,00,00,00,00,
142000,00000056,false,Rx,0,8,10,27,00,00,00,00,00,00,
142000,00000057,false,Rx,0,8,00,00,FE,FF,FE,FF,00,00,
169000,00000625,false,Rx,0,8,25,00,59,86,01,54,5C,06,
232000,0000060D,false,Rx,0,8,0D,10,83,B6,09,20,70,00,
269000,00000625,false,Rx,0,8,25,00,59,86,01,54,5C,06,
332000,0000060D,false,Rx,0,8,0D,10,83,B6,09,20,70,00,
341000,000002C4,false,Rx,0,8,09,00,00,00,72,02,00,00,
341000,000002C5,false,Rx,0,8,00,00,00,00,00,00,00,00,
342000,000002C6,false,Rx,0,8,32,00,7C,01,00,00,00,00,
343000,00000054,false,Rx,0,8,01,05,BD,00,72,02,00,00,
343000,00000055,false,Rx,0,8,10,27,00,00,00,00,00,00,
343000,00000056,false,Rx,0,8,10,27,00,00,00,00,00,00,
343000,00000057,false,Rx,0,8,00,00,FE,FF,FE,FF,00,00,
369000,00000625,false,Rx,0,8,25,00,59,86,01,54,5C,06,
432000,0000060D,false,Rx,0,8,0D,10,83,B6,09,20,70,00,
469000,00000625,false,Rx,0,8,25,00,59,86,01,54,5C,06,
532000,0000060D,false,Rx,0,8,0D,10,83,B6,09,20,70,00,
542000,00000054,false,Rx,0,8,01,05,BD,00,72,02,00,00,
542000,00000055,false,Rx,0,8,10,27,00,00,00,00,00,00,
542000,00000056,false,Rx,0,8,10,27,00,00,00,00,00,00,
543000,00000057,false,Rx,0,8,00,00,FE,FF,FE,FF,00,00,
561000,000002C4,false,Rx,0,8,09,00,00,00,72,02,00,00,
561000,000002C5,false,Rx,0,8,00,00,00,00,00,00,00,00,
561000,000002C6,false,Rx,0,8,32,00,7C,01,00,00,00,00,
569000,00000625,false,Rx,0,8,25,00,59,86,01,54,5C,06,
633000,0000060D,false,Rx,0,8,0D,10,83,B6,09,20,70,00,
669000,00000625,false,Rx,0,8,25,00,59,86,01,54,5C,06,
732000,0000060D,false,Rx,0,8,0D,10,83,B6,09,20,70,00,
742000,00000054,false,Rx,0,8,01,05,BD,00,72,02,00,00,
742000,00000055,false,Rx,0,8,10,27,00,00,00,00,00,00,
0,00000056,false,Rx,0,8,10,27,00,00,00,00,00,00,
0,00000057,false,Rx,0,8,00,00,FE,FF,FE,FF,00,00,
769000,00000625,false,Rx,0,8,25,00,59,86,01,54,5C,06,
780000,000002C4,false,Rx,0,8,09,00,00,00,72,02,00,00,
781000,000002C5,false,Rx,0,8,00,00,00,00,00,00,00,00,
781000,000002C6,false,Rx,0,8,32,00,7C,01,00,00,00,00,
832000,0000060D,false,Rx,0,8,0D,10,83,B6,09,20,70,00,
870000,00000625,false,Rx,0,8,25,00,59,86,01,54,5C,06,
882000,00000065,false,Rx,0,8,6D,02,02,00,00,00,00,00,
932000,0000060D,false,Rx,0,8,0D,10,83,B6,09,20,70,00,
0,00000054,false,Rx,0,8,01,05,BD,00,6D,02,00,00,
0,00000055,false,Rx,0,8,10,27,00,00,00,00,00,00,
942000,00000056,false,Rx,0,8,10,27,00,00,00,00,00,00,
942000,00000057,false,Rx,0,8,00,00,FE,FF,FE,FF,00,00,
970000,00000625,false,Rx,0,8,25,00,59,86,01,54,5C,06,
0,000002C4,false,Rx,0,8,09,00,00,00,72,02,00,00,
0,000002C5,false,Rx,0,8,00,00,00,00,00,00,00,00,
1000,000002C6,false,Rx,0,8,32,00,7C,01,00,00,00,00,
32000,00000065,false,Rx,0,8,6D,02,02,00,00,00,00,00,
32000,0000060D,false,Rx,0,8,0D,10,83,B6,09,20,70,00,
70000,00000625,false,Rx,0,8,25,00,59,86,01,54,5C,06,
132000,0000060D,false,Rx,0,8,0D,10,83,B6,09,20,70,00,
0,00000054,false,Rx,0,8,01,05,BD,00,6D,02,00,00,
0,00000055,false,Rx,0,8,10,27,00,00,00,00,00,00,
142000,00000056,false,Rx,0,8,10,27,00,00,00,00,00,00,
143000,00000057,false,Rx,0,8,00,00,FE,FF,FE,FF,00,00,
170000,00000625,false,Rx,0,8,25,00,59,86,01,54,5C,06,
182000,00000065,false,Rx,0,8,6D,02,02,00,00,00,00,00,
221000,000002C4,false,Rx,0,8,09,00,00,00,6D,02,00,00,
221000,000002C5,false,Rx,0,8,00,00,00,00,00,00,00,00,
221000,000002C6,false,Rx,0,8,32,00,7C,01,00,00,00,00,
233000,0000060D,false,Rx,0,8,0D,10,83,B6,09,20,70,00,
269000,00000625,false,Rx,0,8,25,00,59,86,01,54,5C,06,
332000,00000065,false,Rx,0,8,6D,02,02,00,00,00,00,00,
332000,0000060D,false,Rx,0,8,0D,10,83,B6,09,20,70,00,
342000,00000054,false,Rx,0,8,01,05,BD,00,6D,02,00,00,
342000,00000055,false,Rx,0,8,10,27,00,00,00,00,00,00,
343000,00000056,false,Rx,0,8,10,27,00,00,00,00,00,00,
343000,00000057,false,Rx,0,8,00,00,FE,FF,FE,FF,00,00,
370000,00000625,false,Rx,0,8,25,00,59,86,01,54,5C,06,
432000,0000060D,false,Rx,0,8,0D,10,83,B6,09,20,70,00,
441000,000002C4,false,Rx,0,8,09,00,00,00,6D,02,00,00,
441000,000002C5,false,Rx,0,8,00,00,00,00,00,00,00,00,
441000,000002C6,false,Rx,0,8,32,00,7C,01,00,00,00,00,
470000,00000625,false,Rx,0,8,25,00,59,86,01,54,5C,06,
532000,0000060D,false,Rx,0,8,0D,10,83,B6,09,20,70,00,
541000,00000054,false,Rx,0,8,01,05,BD,00,6D,02,00,00,
542000,00000055,false,Rx,0,8,10,27,00,00,00,00,00,00,
0,00000056,false,Rx,0,8,10,27,00,00,00,00,00,00,
0,00000057,false,Rx,0,8,00,00,FE,FF,FE,FF,00,00,
569000,00000625,false,Rx,0,8,25,00,59,86,01,54,5C,06,
632000,0000060D,false,Rx,0,8,0D,10,83,B6,09,20,70,00,
0,000002C4,false,Rx,0,8,09,00,00,00,6D,02,00,00,
0,000002C5,false,Rx,0,8,00,00,00,00,00,00,00,00,
662000,000002C6,false,Rx,0,8,32,00,7C,01,00,00,00,00,
670000,00000625,false,Rx,0,8,25,00,59,86,01,54,5C,06,
733000,0000060D,false,Rx,0,8,0D,10,83,B6,09,20,70,00,
0,00000054,false,Rx,0,8,01,05,BD,00,6D,02,00,00,
0,00000055,false,Rx,0,8,10,27,00,00,00,00,00,00,
743000,00000056,false,Rx,0,8,10,27,00,00,00,00,00,00,
743000,00000057,false,Rx,0,8,00,00,FE,FF,FE,FF,00,00,
770000,00000625,false,Rx,0,8,25,00,59,86,01,54,5C,06,
832000,0000060D,false,Rx,0,8,0D,10,83,B6,09,20,70,00,
870000,00000625,false,Rx,0,8,25,00,59,86,01,54,5C,06,
880000,000002C4,false,Rx,0,8,09,00,00,00,6D,02,00,00,
881000,000002C5,false,Rx,0,8,00,00,00,00,00,00,00,00,
881000,000002C6,false,Rx,0,8,32,00,7C,01,00,00,00,00,
932000,0000060D,false,Rx,0,8,0D,10,83,B6,09,20,70,00,
0,00000054,false,Rx,0,8,01,05,BD,00,6D,02,00,00,
0,00000055,false,Rx,0,8,10,27,00,00,00,00,00,00,
942000,00000056,false,Rx,0,8,10,27,00,00,00,00,00,00,
943000,00000057,false,Rx,0,8,00,00,FE,FF,FE,FF,00,00,
969000,00000625,false,Rx,0,8,25,00,59,86,01,54,5C,06,
32000,0000060D,false,Rx,0,8,0D,10,83,B6,09,20,70,00,
69000,00000625,false,Rx,0,8,25,00,59,86,01,54,5C,06,
101000,000002C4,false,Rx,0,8,09,00,00,00,6D,02,00,00,
101000,000002C5,false,Rx,0,8,00,00,00,00,00,00,00,00,
101000,000002C6,false,Rx,0,8,32,00,7C,01,00,00,00,00,
132000,0000060D,false,Rx,0,8,0D,10,83,B6,09,20,70,00,
0,00000054,false,Rx,0,8,01,05,BD,00,6D,02,00,00,
0,00000055,false,Rx,0,8,10,27,00,00,00,00,00,00,
142000,00000056,false,Rx,0,8,10,27,00,00,00,00,00,00,
142000,00000057,false,Rx,0,8,00,00,FE,FF,FE,FF,00,00,
170000,00000625,false,Rx,0,8,25,00,59,86,01,54,5C,06,
232000,0000060D,false,Rx,0,8,0D,10,83,B6,09,20,70,00,
269000,00000625,false,Rx,0,8,25,00,59,86,01,54,5C,06,
321000,000002C4,false,Rx,0,8,09,00,00,00,6D,02,00,00,
321000,000002C5,false,Rx,0,8,00,00,00,00,00,00,00,00,
321000,000002C6,false,Rx,0,8,32,00,7C,01,00,00,00,00,
332000,0000060D,false,Rx,0,8,0D,10,83,B6,09,20,70,00,
342000,00000054,false,Rx,0,8,01,05,BD,00,6D,02,00,00,
342000,00000055,false,Rx,0,8,10,27,00,00,00,00,00,00,
342000,00000056,false,Rx,0,8,10,27,00,00,00,00,00,00,
342000,00000057,false,Rx,0,8,00,00,FE,FF,FE,FF,00,00,
369000,00000625,false,Rx,0,8,25,00,59,86,01,54,5C,06,
432000,0000060D,false,Rx,0,8,0D,10,83,B6,09,20,70,00,
469000,00000625,false,Rx,0,8,25,00,59,86,01,54,5C,06,
532000,0000060D,false,Rx,0,8,0D,10,83,B6,09,20,70,00,
0,000002C4,false,Rx,0,8,09,00,00,00,6D,02,00,00,
0,000002C5,false,Rx,0,8,00,00,00,00,00,00,00,00,
541000,000002C6,false,Rx,0,8,32,00,7C,01,00,00,00,00,
541000,00000054,false,Rx,0,8,01,05,BD,00,6D,02,00,00,
541000,00000055,false,Rx,0,8,10,27,00,00,00,00,00,00,
543000,00000056,false,Rx,0,8,10,27,00,00,00,00,00,00,
543000,00000057,false,Rx,0,8,00,00,FE,FF,FE,FF,00,00,
569000,00000625,false,Rx,0,8,25,00,59,86,01,54,5C,06,
632000,0000060D,false,Rx,0,8,0D,10,83,B6,09,20,70,00,
670000,00000625,false,Rx,0,8,25,00,59,86,01,54,5C,06,
732000,0000060D,false,Rx,0,8,0D,10,83,B6,09,20,70,00,
741000,00000054,false,Rx,0,8,01,05,BD,00,6D,02,00,00,
742000,00000055,false,Rx,0,8,10,27,00,00,00,00,00,00,
742000,00000056,false,Rx,0,8,10,27,00,00,00,00,00,00,
743000,00000057,false,Rx,0,8,00,00,FE,FF,FE,FF,00,00,
760000,000002C4,false,Rx,0,8,09,00,00,00,6D,02,00,00,
760000,000002C5,false,Rx,0,8,00,00,00,00,00,00,00,00,
761000,000002C6,false,Rx,0,8,32,00,7C,01,00,00,00,00,
770000,00000625,false,Rx,0,8,25,00,59,86,01,54,5C,06,
832000,0000060D,false,Rx,0,8,0D,10,83,B6,09,20,70,00,
870000,00000625,false,Rx,0,8,25,00,59,86,01,54,5C,06,
932000,0000060D,false,Rx,0,8,0D,10,83,B6,09,20,70,00,
941000,00000054,false,Rx,0,8,01,05,BD,00,6D,02,00,00,
943000,00000055,false,Rx,0,8,10,27,00,00,00,00,00,00,
943000,00000056,false,Rx,0,8,10,27,00,00,00,00,00,00,
943000,00000057,false,Rx,0,8,00,00,FE,FF,FE,FF,00,00,
970000,00000625,false,Rx,0,8,25,00,59,86,01,54,5C,06,
0,000002C4,false,Rx,0,8,09,00,00,00,6D,02,00,00,
0,000002C5,false,Rx,0,8,00,00,00,00,00,00,00,00,
981000,000002C6,false,Rx,0,8,32,00,7C,01,00,00,00,00,
31000,0000060D,false,Rx,0,8,0D,10,83,B6,09,20,70,00,
69000,00000625,false,Rx,0,8,25,00,59,86,01,54,5C,06,
132000,0000060D,false,Rx,0,8,0D,10,83,B6,09,20,70,00,
0,00000054,false,Rx,0,8,01,05,BD,00,6D,02,00,00,
0,00000055,false,Rx,0,8,10,27,00,00,00,00,00,00,
142000,00000056,false,Rx,0,8,10,27,00,00,00,00,00,00,
143000,00000057,false,Rx,0,8,00,00,FE,FF,FE,FF,00,00,
170000,00000625,false,Rx,0,8,25,00,59,86,01,54,5C,06,
201000,000002C4,false,Rx,0,8,09,00,00,00,6D,02,00,00,
201000,000002C5,false,Rx,0,8,00,00,00,00,00,00,00,00,
202000,000002C6,false,Rx,0,8,32,00,7C,01,00,00,00,00,
232000,0000060D,false,Rx,0,8,0D,10,83,B6,09,20,70,00,
270000,00000625,false,Rx,0,8,25,00,59,86,01,54,5C,06,
332000,0000060D,false,Rx,0,8,0D,10,83,B6,09,20,70,00,
342000,00000054,false,Rx,0,8,01,05,BD,00,6D,02,00,00,
342000,00000055,false,Rx,0,8,10,27,00,00,00,00,00,00,
342000,00000056,false,Rx,0,8,10,27,00,00,00,00,00,00,
342000,00000057,false,Rx,0,8,00,00,FE,FF,FE,FF,00,00,
370000,00000625,false,Rx,0,8,25,00,59,86,01,54,5C,06,
421000,000002C4,false,Rx,0,8,09,00,00,00,6D,02,00,00,
421000,000002C5,false,Rx,0,8,00,00,00,00,00,00,00,00,
421000,000002C6,false,Rx,0,8,32,00,7C,01,00,00,00,00,
432000,0000060D,false,Rx,0,8,0D,10,83,B6,09,20,70,00,
469000,00000625,false,Rx,0,8,25,00,59,86,01,54,5C,06,
532000,0000060D,false,Rx,0,8,0D,10,83,B6,09,20,70,00,
541000,00000054,false,Rx,0,8,01,05,BD,00,6D,02,00,00,
542000,00000055,false,Rx,0,8,10,27,00,00,00,00,00,00,
542000,00000056,false,Rx,0,8,10,27,00,00,00,00,00,00,
542000,00000057,false,Rx,0,8,00,00,FE,FF,FE,FF,00,00,
570000,00000625,false,Rx,0,8,25,00,59,86,01,54,5C,06,
632000,0000060D,false,Rx,0,8,0D,10,83,B6,09,20,70,00,
0,000002C4,false,Rx,0,8,09,00,00,00,6D,02,00,00,
0,000002C5,false,Rx,0,8,00,00,00,00,00,00,00,00,
642000,000002C6,false,Rx,0,8,32,00,7C,01,00,00,00,00,
670000,00000625,false,Rx,0,8,25,00,59,86,01,54,5C,06,
732000,0000060D,false,Rx,0,8,0D,10,83,B6,09,20,70,00,
0,00000054,false,Rx,0,8,01,05,BD,00,6D,02,00,00,
0,00000055,false,Rx,0,8,10,27,00,00,00,00,00,00,
742000,00000056,false,Rx,0,8,10,27,00,00,00,00,00,00,
742000,00000057,false,Rx,0,8,00,00,FE,FF,FE,FF,00,00,
769000,00000625,false,Rx,0,8,25,00,59,86,01,54,5C,06,
832000,0000060D,false,Rx,0,8,0D,10,83,B6,09,20,70,00,
860000,000002C4,false,Rx,0,8,09,00,00,00,6D,02,00,00,
860000,000002C5,false,Rx,0,8,00,00,00,00,00,00,00,00,
861000,000002C6,false,Rx,0,8,32,00,7C,01,00,00,00,00,
869000,00000625,false,Rx,0,8,25,00,59,86,01,54,5C,06,
932000,0000060D,false,Rx,0,8,0D,10,83,B6,09,20,70,00,
942000,00000054,false,Rx,0,8,01,05,BD,00,6D,02,00,00,
942000,00000055,false,Rx,0,8,10,27,00,00,00,00,00,00,
942000,00000056,false,Rx,0,8,10,27,00,00,00,00,00,00,
943000,00000057,false,Rx,0,8,00,00,FE,FF,FE,FF,00,00,
970000,00000625,false,Rx,0,8,25,00,59,86,01,54,5C,06,
32000,0000060D,false,Rx,0,8,0D,10,83,B6,09,20,70,00,
70000,00000625,false,Rx,0,8,25,00,59,86,01,54,5C,06,
81000,000002C4,false,Rx,0,8,09,00,00,00,6D,02,00,00,
81000,000002C5,false,Rx,0,8,00,00,00,00,00,00,00,00,
82000,000002C6,false,Rx,0,8,32,00,7C,01,00,00,00,00,
133000,0000060D,false,Rx,0,8,0D,10,83,B6,09,20,70,00,
0,00000054,false,Rx,0,8,01,05,BD,00,6D,02,00,00,
0,00000055,false,Rx,0,8,10,27,00,00,00,00,00,00,
143000,00000056,false,Rx,0,8,10,27,00,00,00,00,00,00,
143000,00000057,false,Rx,0,8,00,00,FE,FF,FE,FF,00,00,
170000,00000625,false,Rx,0,8,25,00,59,86,01,54,5C,06,
232000,0000060D,false,Rx,0,8,0D,10,83,B6,09,20,70,00,
270000,00000625,false,Rx,0,8,25,00,59,86,01,54,5C,06,
300000,000002C4,false,Rx,0,8,09,00,00,00,6D,02,00,00,
300000,000002C5,false,Rx,0,8,00,00,00,00,00,00,00,00,
301000,000002C6,false,Rx,0,8,32,00,7C,01,00,00,00,00,
332000,0000060D,false,Rx,0,8,0D,10,83,B6,09,20,70,00,
342000,00000054,false,Rx,0,8,01,05,BD,00,6D,02,00,00,
342000,00000055,false,Rx,0,8,10,27,00,00,00,00,00,00,
342000,00000056,false,Rx,0,8,10,27,00,00,00,00,00,00,
343000,00000057,false,Rx,0,8,00,00,FE,FF,FE,FF,00,00,
370000,00000625,false,Rx,0,8,25,00,59,86,01,54,5C,06,
432000,0000060D,false,Rx,0,8,0D,10,83,B6,09,20,70,00,
469000,00000625,false,Rx,0,8,25,00,59,86,01,54,5C,06,
520000,000002C4,false,Rx,0,8,09,00,00,00,6D,02,00,00,
521000,000002C5,false,Rx,0,8,00,00,00,00,00,00,00,00,
521000,000002C6,false,Rx,0,8,32,00,7C,01,00,00,00,00,
532000,0000060D,false,Rx,0,8,0D,10,83,B6,09,20,70,00,
542000,00000054,false,Rx,0,8,01,05,BD,00,6D,02,00,00,
542000,00000055,false,Rx,0,8,10,27,00,00,00,00,00,00,
542000,00000056,false,Rx,0,8,10,27,00,00,00,00,00,00,
542000,00000057,false,Rx,0,8,00,00,FE,FF,FE,FF,00,00,
570000,00000625,false,Rx,0,8,25,00,59,86,01,54,5C,06,
632000,0000060D,false,Rx,0,8,0D,10,83,B6,09,20,70,00,
670000,00000625,false,Rx,0,8,25,00,59,86,01,54,5C,06,
732000,0000060D,false,Rx,0,8,0D,10,83,B6,09,20,70,00,
0,000002C4,false,Rx,0,8,09,00,00,00,6D,02,00,00,
0,000002C5,false,Rx,0,8,00,00,00,00,00,00,00,00,
741000,000002C6,false,Rx,0,8,32,00,7C,01,00,00,00,00,
0,00000054,false,Rx,0,8,01,05,BD,00,6D,02,00,00,
0,00000055,false,Rx,0,8,10,27,00,00,00,00,00,00,
742000,00000056,false,Rx,0,8,10,27,00,00,00,00,00,00,
742000,00000057,false,Rx,0,8,00,00,FE,FF,FE,FF,00,00,
769000,00000625,false,Rx,0,8,25,00,59,86,01,54,5C,06,
832000,0000060D,false,Rx,0,8,0D,10,83,B6,09,20,70,00,
870000,00000625,false,Rx,0,8,25,00,59,86,01,54,5C,06,
932000,0000060D,false,Rx,0,8,0D,10,83,B6,09,20,70,00,
0,00000054,false,Rx,0,8,01,05,BD,00,6D,02,00,00,
0,00000055,false,Rx,0,8,10,27,00,00,00,00,00,00,
942000,00000056,false,Rx,0,8,10,27,00,00,00,00,00,00,
942000,00000057,false,Rx,0,8,00,00,FE,FF,FE,FF,00,00,
0,000002C4,false,Rx,0,8,09,00,00,00,6D,02,00,00,
0,000002C5,false,Rx,0,8,00,00,00,00,00,00,00,00,
961000,000002C6,false,Rx,0,8,32,00,7C,01,00,00,00,00,
970000,00000625,false,Rx,0,8,25,00,59,86,01,54,5C,06,
32000,0000060D,false,Rx,0,8,0D,10,83,B6,09,20,70,00,
70000,00000625,false,Rx,0,8,25,00,59,86,01,54,5C,06,
133000,0000060D,false,Rx,0,8,0D,10,83,B6,09,20,70,00,
141000,00000054,false,Rx,0,8,01,05,BD,00,6D,02,00,00,
141000,00000055,false,Rx,0,8,10,27,00,00,00,00,00,00,
142000,00000056,false,Rx,0,8,10,27,00,00,00,00,00,00,
142000,00000057,false,Rx,0,8,00,00,FE,FF,FE,FF,00,00,
170000,00000625,false,Rx,0,8,25,00,59,86,01,54,5C,06,
181000,000002C4,false,Rx,0,8,09,00,00,00,6D,02,00,00,
181000,000002C5,false,Rx,0,8,00,00,00,00,00,00,00,00,
181000,000002C6,false,Rx,0,8,32,00,7C,01,00,00,00,00,
232000,0000060D,false,Rx,0,8,0D,10,83,B6,09,20,70,00,
269000,00000625,false,Rx,0,8,25,00,59,86,01,54,5C,06,
332000,0000060D,false,Rx,0,8,0D,10,83,B6,09,20,70,00,
342000,00000054,false,Rx,0,8,01,05,BD,00,6D,02,00,00,
342000,00000055,false,Rx,0,8,10,27,00,00,00,00,00,00,
342000,00000056,false,Rx,0,8,10,27,00,00,00,00,00,00,
343000,00000057,false,Rx,0,8,00,00,FE,FF,FE,FF,00,00,
370000,00000625,false,Rx,0,8,25,00,59,86,01,54,5C,06,
401000,000002C4,false,Rx,0,8,09,00,00,00,6D,02,00,00,
401000,000002C5,false,Rx,0,8,00,00,00,00,00,00,00,00,
401000,000002C6,false,Rx,0,8,32,00,7C,01,00,00,00,00,
432000,0000060D,false,Rx,0,8,0D,10,83,B6,09,20,70,00,
470000,00000625,false,Rx,0,8,25,00,59,86,01,54,5C,06,
532000,0000060D,false,Rx,0,8,0D,10,83,B6,09,20,70,00,
541000,00000054,false,Rx,0,8,01,05,BD,00,6D,02,00,00,
541000,00000055,false,Rx,0,8,10,27,00,00,00,00,00,00,
542000,00000056,false,Rx,0,8,10,27,00,00,00,00,00,00,
542000,00000057,false,Rx,0,8,00,00,FE,FF,FE,FF,00,00,
570000,00000625,false,Rx,0,8,25,00,59,86,01,54,5C,06,
0,000002C4,false,Rx,0,8,09,00,00,00,6D,02,00,00,
0,000002C5,false,Rx,0,8,00,00,00,00,00,00,00,00,
621000,000002C6,false,Rx,0,8,32,00,7C,01,00,00,00,00,
632000,0000060D,false,Rx,0,8,0D,10,83,B6,09,20,70,00,
670000,00000625,false,Rx,0,8,25,00,59,86,01,54,5C,06,
732000,0000060D,false,Rx,0,8,0D,10,83,B6,09,20,70,00,
742000,00000054,false,Rx,0,8,01,05,BD,00,6D,02,00,00,
742000,00000055,false,Rx,0,8,10,27,00,00,00,00,00,00,
742000,00000056,false,Rx,0,8,10,27,00,00,00,00,00,00,
742000,00000057,false,Rx,0,8,00,00,FE,FF,FE,FF,00,00,
770000,00000625,false,Rx,0,8,25,00,59,86,01,54,5C,06,
832000,0000060D,false,Rx,0,8,0D,10,83,B6,09,20,70,00,
0,000002C4,false,Rx,0,8,09,00,00,00,6D,02,00,00,
0,000002C5,false,Rx,0,8,00,00,00,00,00,00,00,00,
841000,000002C6,false,Rx,0,8,32,00,7C,01,00,00,00,00,
870000,00000625,false,Rx,0,8,25,00,59,86,01,54,5C,06,
932000,0000060D,false,Rx,0,8,0D,10,83,B6,09,20,70,00,
0,00000054,false,Rx,0,8,01,05,BD,00,6D,02,00,00,
0,00000055,false,Rx,0,8,10,27,00,00,00,00,00,00,
942000,00000056,false,Rx,0,8,10,27,00,00,00,00,00,00,
942000,00000057,false,Rx,0,8,00,00,FE,FF,FE,FF,00,00,
970000,00000625,false,Rx,0,8,25,00,59,86,01,54,5C,06,
32000,0000060D,false,Rx,0,8,0D,10,83,B6,09,20,70,00,
61000,000002C4,false,Rx,0,8,09,00,00,00,6D,02,00,00,
61000,000002C5,false,Rx,0,8,00,00,00,00,00,00,00,00,
62000,000002C6,false,Rx,0,8,32,00,7C,01,00,00,00,00,
70000,00000625,false,Rx,0,8,25,00,59,86,01,54,5C,06,
132000,0000060D,false,Rx,0,8,0D,10,83,B6,09,20,70,00,
142000,00000054,false,Rx,0,8,01,05,BD,00,6D,02,00,00,
142000,00000055,false,Rx,0,8,10,27,00,00,00,00,00,00,
143000,00000056,false,Rx,0,8,10,27,00,00,00,00,00,00,
143000,00000057,false,Rx,0,8,00,00,FE,FF,FE,FF,00,00,
169000,00000625,false,Rx,0,8,25,00,59,86,01,54,5C,06,
232000,0000060D,false,Rx,0,8,0D,10,83,B6,09,20,70,00,
269000,00000625,false,Rx,0,8,25,00,59,86,01,54,5C,06,
280000,000002C4,false,Rx,0,8,09,00,00,00,6D,02,00,00,
280000,000002C5,false,Rx,0,8,00,00,00,00,00,00,00,00,
281000,000002C6,false,Rx,0,8,32,00,7C,01,00,00,00,00,
332000,0000060D,false,Rx,0,8,0D,10,83,B6,09,20,70,00,
0,00000054,false,Rx,0,8,01,05,BD,00,6D,02,00,00,
0,00000055,false,Rx,0,8,10,27,00,00,00,00,00,00,
342000,00000056,false,Rx,0,8,10,27,00,00,00,00,00,00,
342000,00000057,false,Rx,0,8,00,00,FE,FF,FE,FF,00,00,
369000,00000625,false,Rx,0,8,25,00,59,86,01,54,5C,06,
432000,0000060D,false,Rx,0,8,0D,10,83,B6,09,20,70,00,
470000,00000625,false,Rx,0,8,25,00,59,86,01,54,5C,06,
0,000002C4,false,Rx,0,8,09,00,00,00,6D,02,00,00,
0,000002C5,false,Rx,0,8,00,00,00,00,00,00,00,00,
0,000002C6,false,Rx,0,8,32,00,7C,01,00,00,00,00,
532000,0000060D,false,Rx,0,8,0D,10,83,B6,09,20,70,00,
542000,00000054,false,Rx,0,8,01,05,BD,00,6D,02,00,00,
542000,00000055,false,Rx,0,8,10,27,00,00,00,00,00,00,
0,00000056,false,Rx,0,8,10,27,00,00,00,00,00,00,
0,00000057,false,Rx,0,8,00,00,FE,FF,FE,FF,00,00,
570000,00000625,false,Rx,0,8,25,00,59,86,01,54,5C,06,
633000,0000060D,false,Rx,0,8,0D,10,83,B6,09,20,70,00,
669000,00000625,false,Rx,0,8,25,00,59,86,01,54,5C,06,
0,000002C4,false,Rx,0,8,09,20,00,00,6D,02,00,00,
0,000002C5,false,Rx,0,8,00,00,00,00,00,00,00,00,
722000,000002C6,false,Rx,0,8,32,00,7C,01,00,00,00,00,
732000,0000060D,false,Rx,0,8,0D,10,83,B6,09,20,70,00,
0,00000054,false,Rx,0,8,01,05,BD,00,6D,02,00,00,
0,00000055,false,Rx,0,8,10,27,00,00,00,00,00,00,
742000,00000056,false,Rx,0,8,10,27,00,00,00,00,00,00,
743000,00000057,false,Rx,0,8,00,00,FE,FF,FE,FF,00,00,
770000,00000625,false,Rx,0,8,25,00,59,86,01,54,5C,06,
833000,0000060D,false,Rx,0,8,0D,10,83,B6,09,20,70,00,
870000,00000625,false,Rx,0,8,25,00,59,86,01,54,5C,06,
932000,0000060D,false,Rx,0,8,0D,10,83,B6,09,20,70,00,
941000,000002C4,false,Rx,0,8,09,20,00,00,6D,02,00,00,
941000,000002C5,false,Rx,0,8,00,00,00,00,00,00,00,00,
942000,000002C6,false,Rx,0,8,32,00,7C,01,00,00,00,00,
942000,00000054,false,Rx,0,8,01,05,BD,00,6D,02,00,00,
943000,00000055,false,Rx,0,8,10,27,00,00,00,00,00,00,
943000,00000056,false,Rx,0,8,10,27,00,00,00,00,00,00,
943000,00000057,false,Rx,0,8,00,00,FE,FF,FE,FF,00,00,
970000,00000625,false,Rx,0,8,25,00,59,86,01,54,5C,06,
32000,0000060D,false,Rx,0,8,0D,10,83,B6,09,20,70,00,
70000,00000625,false,Rx,0,8,25,00,59,86,01,54,5C,06,
133000,0000060D,false,Rx,0,8,0D,10,83,B6,09,20,70,00,
142000,00000054,false,Rx,0,8,01,05,BD,00,6D,02,00,00,
142000,00000055,false,Rx,0,8,10,27,00,00,00,00,00,00,
142000,00000056,false,Rx,0,8,10,27,00,00,00,00,00,00,
143000,00000057,false,Rx,0,8,00,00,FE,FF,FE,FF,00,00,
161000,000002C4,false,Rx,0,8,09,20,00,00,6D,02,00,00,
161000,000002C5,false,Rx,0,8,00,00,00,00,00,00,00,00,
161000,000002C6,false,Rx,0,8,32,00,7C,01,00,00,00,00,
169000,00000625,false,Rx,0,8,25,00,59,86,01,54,5C,06,
232000,0000060D,false,Rx,0,8,0D,10,83,B6,09,20,70,00,
269000,00000625,false,Rx,0,8,25,00,59,86,01,54,5C,06,
332000,0000060D,false,Rx,0,8,0D,10,83,B6,09,20,70,00,
342000,00000054,false,Rx,0,8,01,05,BD,00,6D,02,00,00,
342000,00000055,false,Rx,0,8,10,27,00,00,00,00,00,00,
343000,00000056,false,Rx,0,8,10,27,00,00,00,00,00,00,
343000,00000057,false,Rx,0,8,00,00,FE,FF,FE,FF,00,00,
369000,00000625,false,Rx,0,8,25,00,59,86,01,54,5C,06,
381000,000002C4,false,Rx,0,8,09,20,00,00,6D,02,00,00,
381000,000002C5,false,Rx,0,8,00,00,00,00,00,00,00,00,
381000,000002C6,false,Rx,0,8,32,00,7C,01,00,00,00,00,
432000,0000060D,false,Rx,0,8,0D,10,83,B6,09,20,70,00,
470000,00000625,false,Rx,0,8,25,00,59,86,01,54,5C,06,
532000,0000060D,false,Rx,0,8,0D,10,83,B6,09,20,70,00,
542000,00000054,false,Rx,0,8,01,05,BD,00,6D,02,00,00,
542000,00000055,false,Rx,0,8,10,27,00,00,00,00,00,00,
542000,00000056,false,Rx,0,8,10,27,00,00,00,00,00,00,
543000,00000057,false,Rx,0,8,00,00,FE,FF,FE,FF,00,00,
570000,00000625,false,Rx,0,8,25,00,59,86,01,54,5C,06,
0,000002C4,false,Rx,0,8,09,20,00,00,6D,02,00,00,
0,000002C5,false,Rx,0,8,00,00,00,00,00,00,00,00,
601000,000002C6,false,Rx,0,8,32,00,7C,01,00,00,00,00,
632000,0000060D,false,Rx,0,8,0D,10,83,B6,09,20,70,00,
670000,00000625,false,Rx,0,8,25,00,59,86,01,54,5C,06,
733000,0000060D,false,Rx,0,8,0D,10,83,B6,09,20,70,00,
0,00000054,false,Rx,0,8,01,05,BD,00,6D,02,00,00,
0,00000055,false,Rx,0,8,10,27,00,00,00,00,00,00,
743000,00000056,false,Rx,0,8,10,27,00,00,00,00,00,00,
743000,00000057,false,Rx,0,8,00,00,FE,FF,FE,FF,00,00,
770000,00000625,false,Rx,0,8,25,00,59,86,01,54,5C,06,
820000,000002C4,false,Rx,0,8,09,20,00,00,6D,02,00,00,
820000,000002C5,false,Rx,0,8,00,00,00,00,00,00,00,00,
821000,000002C6,false,Rx,0,8,32,00,7C,01,00,00,00,00,
833000,0000060D,false,Rx,0,8,0D,10,83,B6,09,20,70,00,
870000,00000625,false,Rx,0,8,25,00,59,86,01,54,5C,06,
932000,0000060D,false,Rx,0,8,0D,10,83,B6,09,20,70,00,
0,00000054,false,Rx,0,8,01,05,BD,00,6D,02,00,00,
0,00000055,false,Rx,0,8,10,27,00,00,00,00,00,00,
942000,00000056,false,Rx,0,8,10,27,00,00,00,00,00,00,
942000,00000057,false,Rx,0,8,00,00,FE,FF,FE,FF,00,00,
971000,00000625,false,Rx,0,8,25,00,59,86,01,54,5C,06,
32000,0000060D,false,Rx,0,8,0D,10,83,B6,09,20,70,00,
41000,000002C4,false,Rx,0,8,09,20,00,00,6D,02,00,00,
41000,000002C5,false,Rx,0,8,00,00,00,00,00,00,00,00,
41000,000002C6,false,Rx,0,8,32,00,7C,01,00,00,00,00,
69000,00000625,false,Rx,0,8,25,00,59,86,01,54,5C,06,
132000,0000060D,false,Rx,0,8,0D,10,83,B6,09,20,70,00,
141000,00000054,false,Rx,0,8,01,05,BD,00,6D,02,00,00,
142000,00000055,false,Rx,0,8,10,27,00,00,00,00,00,00,
142000,00000056,false,Rx,0,8,10,27,00,00,00,00,00,00,
142000,00000057,false,Rx,0,8,00,00,FE,FF,FE,FF,00,00,
171000,00000625,false,Rx,0,8,25,00,59,86,01,54,5C,06,
232000,0000060D,false,Rx,0,8,0D,10,83,B6,09,20,70,00,
0,000002C4,false,Rx,0,8,09,20,00,00,6D,02,00,00,
0,000002C5,false,Rx,0,8,00,00,00,00,00,00,00,00,
261000,000002C6,false,Rx,0,8,32,00,7C,01,00,00,00,00,
269000,00000625,false,Rx,0,8,25,00,59,86,01,54,5C,06,
332000,0000060D,false,Rx,0,8,0D,10,83,B6,09,20,70,00,
0,00000054,false,Rx,0,8,01,05,BD,00,6D,02,00,00,
0,00000055,false,Rx,0,8,10,27,00,00,00,00,00,00,
342000,00000056,false,Rx,0,8,10,27,00,00,00,00,00,00,
343000,00000057,false,Rx,0,8,00,00,FE,FF,FE,FF,00,00,
369000,00000625,false,Rx,0,8,25,00,59,86,01,54,5C,06,
432000,0000060D,false,Rx,0,8,0D,10,83,B6,09,20,70,00,
469000,00000625,false,Rx,0,8,25,00,59,86,01,54,5C,06,
481000,000002C4,false,Rx,0,8,09,20,00,00,6D,02,00,00,
481000,000002C5,false,Rx,0,8,00,00,00,00,00,00,00,00,
481000,000002C6,false,Rx,0,8,32,00,7C,01,00,00,00,00,
532000,0000060D,false,Rx,0,8,0D,10,83,B6,09,20,70,00,
541000,00000054,false,Rx,0,8,01,05,BD,00,6D,02,00,00,
541000,00000055,false,Rx,0,8,10,27,00,00,00,00,00,00,
542000,00000056,false,Rx,0,8,10,27,00,00,00,00,00,00,
542000,00000057,false,Rx,0,8,00,00,FE,FF,FE,FF,00,00,
570000,00000625,false,Rx,0,8,25,00,59,86,01,54,5C,06,
632000,0000060D,false,Rx,0,8,0D,10,83,B6,09,20,70,00,
669000,00000625,false,Rx,0,8,25,00,59,86,01,54,5C,06,
700000,000002C4,false,Rx,0,8,09,20,00,00,6D,02,00,00,
700000,000002C5,false,Rx,0,8,00,00,00,00,00,00,00,00,
702000,000002C6,false,Rx,0,8,32,00,7C,01,00,00,00,00,
732000,0000060D,false,Rx,0,8,0D,10,83,B6,09,20,70,00,
742000,00000054,false,Rx,0,8,01,05,BD,00,6D,02,00,00,
742000,00000055,false,Rx,0,8,10,27,00,00,00,00,00,00,
742000,00000056,false,Rx,0,8,10,27,00,00,00,00,00,00,
743000,00000057,false,Rx,0,8,00,00,FE,FF,FE,FF,00,00,
770000,00000625,false,Rx,0,8,25,00,59,86,01,54,5C,06,
833000,0000060D,false,Rx,0,8,0D,10,83,B6,09,20,70,00,
869000,00000625,false,Rx,0,8,25,00,59,86,01,54,5C,06,
0,000002C4,false,Rx,0,8,09,20,00,00,6D,02,00,00,
0,000002C5,false,Rx,0,8,00,00,00,00,00,00,00,00,
921000,000002C6,false,Rx,0,8,32,00,7C,01,00,00,00,00,
933000,0000060D,false,Rx,0,8,0D,10,83,B6,09,20,70,00,
0,00000054,false,Rx,0,8,01,05,BD,00,6D,02,00,00,
0,00000055,false,Rx,0,8,10,27,00,00,00,00,00,00,
943000,00000056,false,Rx,0,8,10,27,00,00,00,00,00,00,
943000,00000057,false,Rx,0,8,00,00,FE,FF,FE,FF,00,00,
970000,00000625,false,Rx,0,8,25,00,59,86,01,54,5C,06,
32000,0000060D,false,Rx,0,8,0D,10,83,B6,09,20,70,00,
69000,00000625,false,Rx,0,8,25,00,59,86,01,54,5C,06,
132000,0000060D,false,Rx,0,8,0D,10,83,B6,09,20,70,00,
0,000002C4,false,Rx,0,8,09,20,00,00,6D,02,00,00,
0,000002C5,false,Rx,0,8,00,00,00,00,00,00,00,00,
141000,000002C6,false,Rx,0,8,32,00,7C,01,00,00,00,00,
0,00000054,false,Rx,0,8,01,05,BD,00,6D,02,00,00,
0,00000055,false,Rx,0,8,10,27,00,00,00,00,00,00,
142000,00000056,false,Rx,0,8,10,27,00,00,00,00,00,00,
143000,00000057,false,Rx,0,8,00,00,FE,FF,FE,FF,00,00,
170000,00000625,false,Rx,0,8,25,00,59,86,01,54,5C,06,
232000,0000060D,false,Rx,0,8,0D,10,83,B6,09,20,70,00,
269000,00000625,false,Rx,0,8,25,00,59,86,01,54,5C,06,
333000,0000060D,false,Rx,0,8,0D,10,83,B6,09,20,70,00,
0,00000054,false,Rx,0,8,01,05,BD,00,6D,02,00,00,
0,00000055,false,Rx,0,8,10,27,00,00,00,00,00,00,
342000,00000056,false,Rx,0,8,10,27,00,00,00,00,00,00,
342000,00000057,false,Rx,0,8,00,00,FE,FF,FE,FF,00,00,
361000,000002C4,false,Rx,0,8,09,20,00,00,6D,02,00,00,
361000,000002C5,false,Rx,0,8,00,00,00,00,00,00,00,00,
362000,000002C6,false,Rx,0,8,32,00,7C,01,00,00,00,00,
370000,00000625,false,Rx,0,8,25,00,59,86,01,54,5C,06,
433000,0000060D,false,Rx,0,8,0D,10,83,B6,09,20,70,00,
470000,00000625,false,Rx,0,8,25,00,59,86,01,54,5C,06,
532000,0000060D,false,Rx,0,8,0D,10,83,B6,09,20,70,00,
542000,00000054,false,Rx,0,8,01,05,BD,00,6D,02,00,00,
542000,00000055,false,Rx,0,8,10,27,00,00,00,00,00,00,
542000,00000056,false,Rx,0,8,10,27,00,00,00,00,00,00,
543000,00000057,false,Rx,0,8,00,00,FE,FF,FE,FF,00,00,
570000,00000625,false,Rx,0,8,25,00,59,86,01,54,5C,06,
0,000002C4,false,Rx,0,8,09,20,00,00,6D,02,00,00,
0,000002C5,false,Rx,0,8,00,00,00,00,00,00,00,00,
581000,000002C6,false,Rx,0,8,32,00,7C,01,00,00,00,00,
633000,0000060D,false,Rx,0,8,0D,10,83,B6,09,20,70,00,
671000,00000625,false,Rx,0,8,25,00,59,86,01,54,5C,06,
733000,0000060D,false,Rx,0,8,0D,10,83,B6,09,20,70,00,
743000,00000054,false,Rx,0,8,01,05,BD,00,6D,02,00,00,
743000,00000055,false,Rx,0,8,10,27,00,00,00,00,00,00,
743000,00000056,false,Rx,0,8,10,27,00,00,00,00,00,00,
743000,00000057,false,Rx,0,8,00,00,FE,FF,FE,FF,00,00,
770000,00000625,false,Rx,0,8,25,00,59,86,01,54,5C,06,
801000,000002C4,false,Rx,0,8,09,20,00,00,6D,02,00,00,
801000,000002C5,false,Rx,0,8,00,00,00,00,00,00,00,00,
802000,000002C6,false,Rx,0,8,32,00,7C,01,00,00,00,00,
832000,0000060D,false,Rx,0,8,0D,10,83,B6,09,20,70,00,
870000,00000625,false,Rx,0,8,25,00,59,86,01,54,5C,06,
932000,0000060D,false,Rx,0,8,0D,10,83,B6,09,20,70,00,
941000,00000054,false,Rx,0,8,01,05,BD,00,6D,02,00,00,
942000,00000055,false,Rx,0,8,10,27,00,00,00,00,00,00,
942000,00000056,false,Rx,0,8,10,27,00,00,00,00,00,00,
943000,00000057,false,Rx,0,8,00,00,FE,FF,FE,FF,00,00,
970000,00000625,false,Rx,0,8,25,00,59,86,01,54,5C,06,
20000,000002C4,false,Rx,0,8,09,20,00,00,6D,02,00,00,
20000,000002C5,false,Rx,0,8,00,00,00,00,00,00,00,00,
21000,000002C6,false,Rx,0,8,32,00,7C,01,00,00,00,00,
31000,0000060D,false,Rx,0,8,0D,10,83,B6,09,20,70,00,
70000,00000625,false,Rx,0,8,25,00,59,86,01,54,5C,06,
132000,0000060D,false,Rx,0,8,0D,10,83,B6,09,20,70,00,
0,00000054,false,Rx,0,8,01,05,BD,00,6D,02,00,00,
0,00000055,false,Rx,0,8,10,27,00,00,00,00,00,00,
0,00000056,false,Rx,0,8,10,27,00,00,00,00,00,00,
142000,00000057,false,Rx,0,8,00,00,FE,FF,FE,FF,00,00,
170000,00000625,false,Rx,0,8,25,00,59,86,01,54,5C,06,
232000,0000060D,false,Rx,0,8,0D,10,83,B6,09,20,70,00,
0,000002C4,false,Rx,0,8,09,20,00,00,6D,02,00,00,
0,000002C5,false,Rx,0,8,00,00,00,00,00,00,00,00,
0,000002C6,false,Rx,0,8,32,00,7C,01,00,00,00,00,
269000,00000625,false,Rx,0,8,25,00,59,86,01,54,5C,06,
332000,0000060D,false,Rx,0,8,0D,10,83,B6,09,20,70,00,
342000,00000054,false,Rx,0,8,01,05,BD,00,6D,02,00,00,
342000,00000055,false,Rx,0,8,10,27,00,00,00,00,00,00,
342000,00000056,false,Rx,0,8,10,27,00,00,00,00,00,00,
342000,00000057,false,Rx,0,8,00,00,FE,FF,FE,FF,00,00,
370000,00000625,false,Rx,0,8,25,00,59,86,01,54,5C,06,
433000,0000060D,false,Rx,0,8,0D,10,83,B6,09,20,70,00,
0,000002C4,false,Rx,0,8,09,20,00,00,6D,02,00,00,
0,000002C5,false,Rx,0,8,00,00,00,00,00,00,00,00,
0,000002C6,false,Rx,0,8,32,00,7C,01,00,00,00,00,
470000,00000625,false,Rx,0,8,25,00,59,86,01,54,5C,06,
532000,0000060D,false,Rx,0,8,0D,10,83,B6,09,20,70,00,
542000,00000054,false,Rx,0,8,01,05,BD,00,6D,02,00,00,
542000,00000055,false,Rx,0,8,10,27,00,00,00,00,00,00,
542000,00000056,false,Rx,0,8,10,27,00,00,00,00,00,00,
542000,00000057,false,Rx,0,8,00,00,FE,FF,FE,FF,00,00,
570000,00000625,false,Rx,0,8,25,00,59,86,01,54,5C,06,
632000,0000060D,false,Rx,0,8,0D,10,83,B6,09,20,70,00,
670000,00000625,false,Rx,0,8,25,00,59,86,01,54,5C,06,
0,000002C4,false,Rx,0,8,09,20,00,00,6D,02,00,00,
0,000002C5,false,Rx,0,8,00,00,00,00,00,00,00,00,
681000,000002C6,false,Rx,0,8,32,00,7C,01,00,00,00,00,
732000,0000060D,false,Rx,0,8,0D,10,83,B6,09,20,70,00,
0,00000054,false,Rx,0,8,01,05,BD,00,6D,02,00,00,
0,00000055,false,Rx,0,8,10,27,00,00,00,00,00,00,
0,00000056,false,Rx,0,8,10,27,00,00,00,00,00,00,
743000,00000057,false,Rx,0,8,00,00,FE,FF,FE,FF,00,00,
770000,00000625,false,Rx,0,8,25,00,59,86,01,54,5C,06,
832000,0000060D,false,Rx,0,8,0D,10,83,B6,09,20,70,00,
870000,00000625,false,Rx,0,8,25,00,59,86,01,54,5C,06,
900000,000002C4,false,Rx,0,8,09,20,00,00,6D,02,00,00,
901000,000002C5,false,Rx,0,8,00,00,00,00,00,00,00,00,
901000,000002C6,false,Rx,0,8,32,00,7C,01,00,00,00,00,
933000,0000060D,false,Rx,0,8,0D,10,83,B6,09,20,70,00,
942000,00000054,false,Rx,0,8,01,05,BD,00,6D,02,00,00,
943000,00000055,false,Rx,0,8,10,27,00,00,00,00,00,00,
943000,00000056,false,Rx,0,8,10,27,00,00,00,00,00,00,
943000,00000057,false,Rx,0,8,00,00,FE,FF,FE,FF,00,00,
970000,00000625,false,Rx,0,8,25,00,59,86,01,54,5C,06,
31000,0000060D,false,Rx,0,8,0D,10,83,B6,09,20,70,00,
71000,00000625,false,Rx,0,8,25,00,59,86,01,54,5C,06,
0,000002C4,false,Rx,0,8,09,20,00,00,6D,02,00,00,
0,000002C5,false,Rx,0,8,00,00,00,00,00,00,00,00,
122000,000002C6,false,Rx,0,8,32,00,7C,01,00,00,00,00,
133000,0000060D,false,Rx,0,8,0D,10,83,B6,09,20,70,00,
0,00000054,false,Rx,0,8,01,05,BD,00,6D,02,00,00,
0,00000055,false,Rx,0,8,10,27,00,00,00,00,00,00,
142000,00000056,false,Rx,0,8,10,27,00,00,00,00,00,00,
143000,00000057,false,Rx,0,8,00,00,FE,FF,FE,FF,00,00,
170000,00000625,false,Rx,0,8,25,00,59,86,01,54,5C,06,
232000,0000060D,false,Rx,0,8,0D,10,83,B6,09,20,70,00,
269000,00000625,false,Rx,0,8,25,00,59,86,01,54,5C,06,
332000,0000060D,false,Rx,0,8,0D,10,83,B6,09,20,70,00,
341000,000002C4,false,Rx,0,8,09,20,00,00,6D,02,00,00,
341000,000002C5,false,Rx,0,8,00,00,00,00,00,00,00,00,
341000,000002C6,false,Rx,0,8,32,00,7C,01,00,00,00,00,
342000,00000054,false,Rx,0,8,01,05,BD,00,6D,02,00,00,
342000,00000055,false,Rx,0,8,10,27,00,00,00,00,00,00,
342000,00000056,false,Rx,0,8,10,27,00,00,00,00,00,00,
343000,00000057,false,Rx,0,8,00,00,FE,FF,FE,FF,00,00,
370000,00000625,false,Rx,0,8,25,00,59,86,01,54,5C,06,
432000,0000060D,false,Rx,0,8,0D,10,83,B6,09,20,70,00,
471000,00000625,false,Rx,0,8,25,00,59,86,01,54,5C,06,
532000,0000060D,false,Rx,0,8,0D,10,83,B6,09,20,70,00,
541000,00000054,false,Rx,0,8,01,05,BD,00,6D,02,00,00,
541000,00000055,false,Rx,0,8,10,27,00,00,00,00,00,00,
542000,00000056,false,Rx,0,8,10,27,00,00,00,00,00,00,
542000,00000057,false,Rx,0,8,00,00,FE,FF,FE,FF,00,00,
560000,000002C4,false,Rx,0,8,09,20,00,00,6D,02,00,00,
560000,000002C5,false,Rx,0,8,00,00,00,00,00,00,00,00,
561000,000002C6,false,Rx,0,8,32,00,7C,01,00,00,00,00,
570000,00000625,false,Rx,0,8,25,00,59,86,01,54,5C,06,
633000,0000060D,false,Rx,0,8,0D,10,83,B6,09,20,70,00,
670000,00000625,false,Rx,0,8,25,00,59,86,01,54,5C,06,
732000,0000060D,false,Rx,0,8,0D,10,83,B6,09,20,70,00,
0,00000054,false,Rx,0,8,01,05,BD,00,6D,02,00,00,
0,00000055,false,Rx,0,8,10,27,00,00,00,00,00,00,
742000,00000056,false,Rx,0,8,10,27,00,00,00,00,00,00,
742000,00000057,false,Rx,0,8,00,00,FE,FF,FE,FF,00,00,
769000,00000625,false,Rx,0,8,25,00,59,86,01,54,5C,06,
780000,000002C4,false,Rx,0,8,09,20,00,00,6D,02,00,00,
780000,000002C5,false,Rx,0,8,00,00,00,00,00,00,00,00,
781000,000002C6,false,Rx,0,8,32,00,7C,01,00,00,00,00,
832000,0000060D,false,Rx,0,8,0D,10,83,B6,09,20,70,00,
870000,00000625,false,Rx,0,8,25,00,59,86,01,54,5C,06,
932000,0000060D,false,Rx,0,8,0D,10,83,B6,09,20,70,00,
942000,00000054,false,Rx,0,8,01,05,BD,00,6D,02,00,00,
942000,00000055,false,Rx,0,8,10,27,00,00,00,00,00,00,
942000,00000056,false,Rx,0,8,10,27,00,00,00,00,00,00,
943000,00000057,false,Rx,0,8,00,00,FE,FF,FE,FF,00,00,
970000,00000625,false,Rx,0,8,25,00,59,86,01,54,5C,06,
0,000002C4,false,Rx,0,8,09,20,00,00,6D,02,00,00,
0,000002C5,false,Rx,0,8,00,00,00,00,00,00,00,00,
1000,000002C6,false,Rx,0,8,32,00,7C,01,00,00,00,00,
32000,0000060D,false,Rx,0,8,0D,10,83,B6,09,20,70,00,
70000,00000625,false,Rx,0,8,25,00,59,86,01,54,5C,06,
132000,0000060D,false,Rx,0,8,0D,10,83,B6,09,20,70,00,
142000,00000054,false,Rx,0,8,01,05,BD,00,6D,02,00,00,
142000,00000055,false,Rx,0,8,10,27,00,00,00,00,00,00,
142000,00000056,false,Rx,0,8,10,27,00,00,00,00,00,00,
142000,00000057,false,Rx,0,8,00,00,FE,FF,FE,FF,00,00,
169000,00000625,false,Rx,0,8,25,00,59,86,01,54,5C,06,
221000,000002C4,false,Rx,0,8,09,20,00,00,6D,02,00,00,
221000,000002C5,false,Rx,0,8,00,00,00,00,00,00,00,00,
221000,000002C6,false,Rx,0,8,32,00,7C,01,00,00,00,00,
232000,0000060D,false,Rx,0,8,0D,10,83,B6,09,20,70,00,
270000,00000625,false,Rx,0,8,25,00,59,86,01,54,5C,06,
332000,0000060D,false,Rx,0,8,0D,10,83,B6,09,20,70,00,
342000,00000054,false,Rx,0,8,01,05,BD,00,6D,02,00,00,
342000,00000055,false,Rx,0,8,10,27,00,00,00,00,00,00,
343000,00000056,false,Rx,0,8,10,27,00,00,00,00,00,00,
343000,00000057,false,Rx,0,8,00,00,FE,FF,FE,FF,00,00,
370000,00000625,false,Rx,0,8,25,00,59,86,01,54,5C,06,
432000,0000060D,false,Rx,0,8,0D,10,83,B6,09,20,70,00,
0,000002C4,false,Rx,0,8,09,20,00,00,6D,02,00,00,
0,000002C5,false,Rx,0,8,00,00,00,00,00,00,00,00,
441000,000002C6,false,Rx,0,8,32,00,7C,01,00,00,00,00,
470000,00000625,false,Rx,0,8,25,00,59,86,01,54,5C,06,
532000,0000060D,false,Rx,0,8,0D,10,83,B6,09,20,70,00,
542000,00000054,false,Rx,0,8,01,05,BD,00,6D,02,00,00,
542000,00000055,false,Rx,0,8,10,27,00,00,00,00,00,00,
542000,00000056,false,Rx,0,8,10,27,00,00,00,00,00,00,
543000,00000057,false,Rx,0,8,00,00,FE,FF,FE,FF,00,00,
569000,00000625,false,Rx,0,8,25,00,59,86,01,54,5C,06,
632000,0000060D,false,Rx,0,8,0D,10,83,B6,09,20,70,00,
0,000002C4,false,Rx,0,8,09,20,00,00,6D,02,00,00,
0,000002C5,false,Rx,0,8,00,00,00,00,00,00,00,00,
661000,000002C6,false,Rx,0,8,32,00,7C,01,00,00,00,00,
671000,00000625,false,Rx,0,8,25,00,59,86,01,54,5C,06,
732000,0000060D,false,Rx,0,8,0D,10,83,B6,09,20,70,00,
742000,00000054,false,Rx,0,8,01,05,BD,00,6D,02,00,00,
742000,00000055,false,Rx,0,8,10,27,00,00,00,00,00,00,
742000,00000056,false,Rx,0,8,10,27,00,00,00,00,00,00,
743000,00000057,false,Rx,0,8,00,00,FE,FF,FE,FF,00,00,
770000,00000625,false,Rx,0,8,25,00,59,86,01,54,5C,06,
833000,0000060D,false,Rx,0,8,0D,10,83,B6,09,20,70,00,
870000,00000625,false,Rx,0,8,25,00,59,86,01,54,5C,06,
881000,000002C4,false,Rx,0,8,09,20,00,00,6D,02,00,00,
881000,000002C5,false,Rx,0,8,00,00,00,00,00,00,00,00,
882000,000002C6,false,Rx,0,8,32,00,7C,01,00,00,00,00,
932000,0000060D,false,Rx,0,8,0D,10,83,B6,09,20,70,00,
942000,00000054,false,Rx,0,8,01,05,BD,00,6D,02,00,00,
942000,00000055,false,Rx,0,8,10,27,00,00,00,00,00,00,
942000,00000056,false,Rx,0,8,10,27,00,00,00,00,00,00,
942000,00000057,false,Rx,0,8,00,00,FE,FF,FE,FF,00,00,
970000,00000625,false,Rx,0,8,25,00,59,86,01,54,5C,06,
32000,0000060D,false,Rx,0,8,0D,10,83,B6,09,20,70,00,
69000,00000625,false,Rx,0,8,25,00,59,86,01,54,5C,06,
101000,000002C4,false,Rx,0,8,09,20,00,00,6D,02,00,00,
101000,000002C5,false,Rx,0,8,00,00,00,00,00,00,00,00,
101000,000002C6,false,Rx,0,8,32,00,7C,01,00,00,00,00,
133000,0000060D,false,Rx,0,8,0D,10,83,B6,09,20,70,00,
0,00000054,false,Rx,0,8,01,05,BD,00,6D,02,00,00,
0,00000055,false,Rx,0,8,10,27,00,00,00,00,00,00,
142000,00000056,false,Rx,0,8,10,27,00,00,00,00,00,00,
142000,00000057,false,Rx,0,8,00,00,FE,FF,FE,FF,00,00,
170000,00000625,false,Rx,0,8,25,00,59,86,01,54,5C,06,
232000,0000060D,false,Rx,0,8,0D,10,83,B6,09,20,70,00,
270000,00000625,false,Rx,0,8,25,00,59,86,01,54,5C,06,
321000,000002C4,false,Rx,0,8,09,20,00,00,6D,02,00,00,
321000,000002C5,false,Rx,0,8,00,00,00,00,00,00,00,00,
322000,000002C6,false,Rx,0,8,32,00,7C,01,00,00,00,00,
332000,0000060D,false,Rx,0,8,0D,10,83,B6,09,20,70,00,
342000,00000054,false,Rx,0,8,01,05,BD,00,6D,02,00,00,
342000,00000055,false,Rx,0,8,10,27,00,00,00,00,00,00,
342000,00000056,false,Rx,0,8,10,27,00,00,00,00,00,00,
343000,00000057,false,Rx,0,8,00,00,FE,FF,FE,FF,00,00,
370000,00000625,false,Rx,0,8,25,00,59,86,01,54,5C,06,
432000,0000060D,false,Rx,0,8,0D,10,83,B6,09,20,70,00,
469000,00000625,false,Rx,0,8,25,00,59,86,01,54,5C,06,
532000,0000060D,false,Rx,0,8,0D,10,83,B6,09,20,70,00,
541000,000002C4,false,Rx,0,8,09,20,00,00,6D,02,00,00,
541000,000002C5,false,Rx,0,8,00,00,00,00,00,00,00,00,
541000,000002C6,false,Rx,0,8,32,00,7C,01,00,00,00,00,
542000,00000054,false,Rx,0,8,01,05,BD,00,6D,02,00,00,
542000,00000055,false,Rx,0,8,10,27,00,00,00,00,00,00,
542000,00000056,false,Rx,0,8,10,27,00,00,00,00,00,00,
542000,00000057,false,Rx,0,8,00,00,FE,FF,FE,FF,00,00,
570000,00000625,false,Rx,0,8,25,00,59,86,01,54,5C,06,
632000,0000060D,false,Rx,0,8,0D,10,83,B6,09,20,70,00,
670000,00000625,false,Rx,0,8,25,00,59,86,01,54,5C,06,
733000,0000060D,false,Rx,0,8,0D,10,83,B6,09,20,70,00,
0,00000054,false,Rx,0,8,01,05,BD,00,6D,02,00,00,
0,00000055,false,Rx,0,8,10,27,00,00,00,00,00,00,
743000,00000056,false,Rx,0,8,10,27,00,00,00,00,00,00,
743000,00000057,false,Rx,0,8,00,00,FE,FF,FE,FF,00,00,
761000,000002C4,false,Rx,0,8,09,20,00,00,6D,02,00,00,
761000,000002C5,false,Rx,0,8,00,00,00,00,00,00,00,00,
762000,000002C6,false,Rx,0,8,32,00,7C,01,00,00,00,00,
770000,00000625,false,Rx,0,8,25,00,59,86,01,54,5C,06,
832000,0000060D,false,Rx,0,8,0D,10,83,B6,09,20,70,00,
870000,00000625,false,Rx,0,8,25,00,59,86,01,54,5C,06,
932000,0000060D,false,Rx,0,8,0D,10,83,B6,09,20,70,00,
942000,00000054,false,Rx,0,8,01,05,BD,00,6D,02,00,00,
942000,00000055,false,Rx,0,8,10,27,00,00,00,00,00,00,
943000,00000056,false,Rx,0,8,10,27,00,00,00,00,00,00,
943000,00000057,false,Rx,0,8,00,00,FE,FF,FE,FF,00,00,
970000,00000625,false,Rx,0,8,25,00,59,86,01,54,5C,06,
981000,000002C4,false,Rx,0,8,09,20,00,00,6D,02,00,00,
981000,000002C5,false,Rx,0,8,00,00,00,00,00,00,00,00,
981000,000002C6,false,Rx,0,8,32,00,7C,01,00,00,00,00,
32000,0000060D,false,Rx,0,8,0D,10,83,B6,09,20,70,00,
70000,00000625,false,Rx,0,8,25,00,59,86,01,54,5C,06,
132000,0000060D,false,Rx,0,8,0D,10,83,B6,09,20,70,00,
0,00000054,false,Rx,0,8,01,05,BD,00,6D,02,00,00,
0,00000055,false,Rx,0,8,10,27,00,00,00,00,00,00,
143000,00000056,false,Rx,0,8,10,27,00,00,00,00,00,00,
143000,00000057,false,Rx,0,8,00,00,FE,FF,FE,FF,00,00,
170000,00000625,false,Rx,0,8,25,00,59,86,01,54,5C,06,
0,000002C4,false,Rx,0,8,09,20,00,00,6D,02,00,00,
0,000002C5,false,Rx,0,8,00,00,00,00,00,00,00,00,
0,000002C6,false,Rx,0,8,32,00,7C,01,00,00,00,00,
232000,0000060D,false,Rx,0,8,0D,10,83,B6,09,20,70,00,
269000,00000625,false,Rx,0,8,25,00,59,86,01,54,5C,06,
332000,0000060D,false,Rx,0,8,0D,10,83,B6,09,20,70,00,
0,00000054,false,Rx,0,8,01,05,BD,00,6D,02,00,00,
0,00000055,false,Rx,0,8,10,27,00,00,00,00,00,00,
342000,00000056,false,Rx,0,8,10,27,00,00,00,00,00,00,
343000,00000057,false,Rx,0,8,00,00,FE,FF,FE,FF,00,00,
370000,00000625,false,Rx,0,8,25,00,59,86,01,54,5C,06,
421000,000002C4,false,Rx,0,8,09,20,00,00,6D,02,00,00,
422000,000002C5,false,Rx,0,8,00,00,00,00,00,00,00,00,
422000,000002C6,false,Rx,0,8,32,00,7C,01,00,00,00,00,
433000,0000060D,false,Rx,0,8,0D,10,83,B6,09,20,70,00,
470000,00000625,false,Rx,0,8,25,00,59,86,01,54,5C,06,
531000,0000060D,false,Rx,0,8,0D,10,83,B6,09,20,70,00,
542000,00000054,false,Rx,0,8,01,05,BD,00,6D,02,00,00,
542000,00000055,false,Rx,0,8,10,27,00,00,00,00,00,00,
542000,00000056,false,Rx,0,8,10,27,00,00,00,00,00,00,
542000,00000057,false,Rx,0,8,00,00,FE,FF,FE,FF,00,00,
570000,00000625,false,Rx,0,8,25,00,59,86,01,54,5C,06,
632000,0000060D,false,Rx,0,8,0D,10,83,B6,09,20,70,00,
0,000002C4,false,Rx,0,8,09,20,00,00,6D,02,00,00,
0,000002C5,false,Rx,0,8,00,00,00,00,00,00,00,00,
641000,000002C6,false,Rx,0,8,32,00,7C,01,00,00,00,00,
670000,00000625,false,Rx,0,8,25,00,59,86,01,54,5C,06,
733000,0000060D,false,Rx,0,8,0D,10,83,B6,09,20,70,00,
742000,00000054,false,Rx,0,8,01,05,BD,00,6D,02,00,00,
742000,00000055,false,Rx,0,8,10,27,00,00,00,00,00,00,
742000,00000056,false,Rx,0,8,10,27,00,00,00,00,00,00,
743000,00000057,false,Rx,0,8,00,00,FE,FF,FE,FF,00,00,
769000,00000625,false,Rx,0,8,25,00,59,86,01,54,5C,06,
832000,0000060D,false,Rx,0,8,0D,10,83,B6,09,20,70,00,
0,000002C4,false,Rx,0,8,09,20,00,00,6D,02,00,00,
0,000002C5,false,Rx,0,8,00,00,00,00,00,00,00,00,
861000,000002C6,false,Rx,0,8,32,00,7C,01,00,00,00,00,
870000,00000625,false,Rx,0,8,25,00,59,86,01,54,5C,06,
932000,0000060D,false,Rx,0,8,0D,10,83,B6,09,20,70,00,
0,00000054,false,Rx,0,8,01,05,BD,00,6D,02,00,00,
0,00000055,false,Rx,0,8,10,27,00,00,00,00,00,00,
0,00000056,false,Rx,0,8,10,27,00,00,00,00,00,00,
943000,00000057,false,Rx,0,8,00,00,FE,FF,FE,FF,00,00,
970000,00000625,false,Rx,0,8,25,00,59,86,01,54,5C,06,
31000,0000060D,false,Rx,0,8,0D,10,83,B6,09,20,70,00,
70000,00000625,false,Rx,0,8,25,00,59,86,01,54,5C,06,
81000,000002C4,false,Rx,0,8,09,20,00,00,6D,02,00,00,
81000,000002C5,false,Rx,0,8,00,00,00,00,00,00,00,00,
82000,000002C6,false,Rx,0,8,32,00,7C,01,00,00,00,00,
132000,0000060D,false,Rx,0,8,0D,10,83,B6,09,20,70,00,
142000,00000054,false,Rx,0,8,01,05,BD,00,6D,02,00,00,
142000,00000055,false,Rx,0,8,10,27,00,00,00,00,00,00,
143000,00000056,false,Rx,0,8,10,27,00,00,00,00,00,00,
143000,00000057,false,Rx,0,8,00,00,FE,FF,FE,FF,00,00,
169000,00000625,false,Rx,0,8,25,00,59,86,01,54,5C,06,
233000,0000060D,false,Rx,0,8,0D,10,83,B6,09,20,70,00,
270000,00000625,false,Rx,0,8,25,00,59,86,01,54,5C,06,
301000,000002C4,false,Rx,0,8,09,20,00,00,6D,02,00,00,
301000,000002C5,false,Rx,0,8,00,00,00,00,00,00,00,00,
301000,000002C6,false,Rx,0,8,32,00,7C,01,00,00,00,00,
332000,0000060D,false,Rx,0,8,0D,10,83,B6,09,20,70,00,
341000,00000054,false,Rx,0,8,01,05,BD,00,6D,02,00,00,
341000,00000055,false,Rx,0,8,10,27,00,00,00,00,00,00,
342000,00000056,false,Rx,0,8,10,27,00,00,00,00,00,00,
342000,00000057,false,Rx,0,8,00,00,FE,FF,FE,FF,00,00,
370000,00000625,false,Rx,0,8,25,00,59,86,01,54,5C,06,
432000,0000060D,false,Rx,0,8,0D,10,83,B6,09,20,70,00,
470000,00000625,false,Rx,0,8,25,00,59,86,01,54,5C,06,
521000,000002C4,false,Rx,0,8,09,20,00,00,6D,02,00,00,
521000,000002C5,false,Rx,0,8,00,00,00,00,00,00,00,00,
522000,000002C6,false,Rx,0,8,32,00,7C,01,00,00,00,00,
532000,0000060D,false,Rx,0,8,0D,10,83,B6,09,20,70,00,
541000,00000054,false,Rx,0,8,01,05,BD,00,6D,02,00,00,
542000,00000055,false,Rx,0,8,10,27,00,00,00,00,00,00,
542000,00000056,false,Rx,0,8,10,27,00,00,00,00,00,00,
542000,00000057,false,Rx,0,8,00,00,FE,FF,FE,FF,00,00,
570000,00000625,false,Rx,0,8,25,00,59,86,01,54,5C,06,
632000,0000060D,false,Rx,0,8,0D,10,83,B6,09,20,70,00,
670000,00000625,false,Rx,0,8,25,00,59,86,01,54,5C,06,
733000,0000060D,false,Rx,0,8,0D,10,83,B6,09,20,70,00,
0,000002C4,false,Rx,0,8,09,20,00,00,6D,02,00,00,
0,000002C5,false,Rx,0,8,00,00,00,00,00,00,00,00,
742000,000002C6,false,Rx,0,8,32,00,7C,01,00,00,00,00,
0,00000054,false,Rx,0,8,01,05,BD,00,6D,02,00,00,
0,00000055,false,Rx,0,8,10,27,00,00,00,00,00,00,
0,00000056,false,Rx,0,8,10,27,00,00,00,00,00,00,
743000,00000057,false,Rx,0,8,00,00,FE,FF,FE,FF,00,00,
770000,00000625,false,Rx,0,8,25,00,59,86,01,54,5C,06,
832000,0000060D,false,Rx,0,8,0D,10,83,B6,09,20,70,00,
869000,00000625,false,Rx,0,8,25,00,59,86,01,54,5C,06,
932000,0000060D,false,Rx,0,8,0D,10,83,B6,09,20,70,00,
942000,00000054,false,Rx,0,8,01,05,BD,00,6D,02,00,00,
942000,00000055,false,Rx,0,8,10,27,00,00,00,00,00,00,
0,00000056,false,Rx,0,8,10,27,00,00,00,00,00,00,
0,00000057,false,Rx,0,8,00,00,FE,FF,FE,FF,00,00,
0,000002C4,false,Rx,0,8,09,20,00,00,6D,02,00,00,
0,000002C5,false,Rx,0,8,00,00,00,00,00,00,00,00,
962000,000002C6,false,Rx,0,8,32,00,7C,01,00,00,00,00,
970000,00000625,false,Rx,0,8,25,00,59,86,01,54,5C,06,
31000,0000060D,false,Rx,0,8,0D,10,83,B6,09,20,70,00,
70000,00000625,false,Rx,0,8,25,00,59,86,01,54,5C,06,
132000,0000060D,false,Rx,0,8,0D,10,83,B6,09,20,70,00,
0,00000054,false,Rx,0,8,01,05,BD,00,6D,02,00,00,
0,00000055,false,Rx,0,8,10,27,00,00,00,00,00,00,
142000,00000056,false,Rx,0,8,10,27,00,00,00,00,00,00,
142000,00000057,false,Rx,0,8,00,00,FE,FF,FE,FF,00,00,
170000,00000625,false,Rx,0,8,25,00,59,86,01,54,5C,06,
0,000002C4,false,Rx,0,8,09,20,00,00,6D,02,00,00,
0,000002C5,false,Rx,0,8,00,00,00,00,00,00,00,00,
182000,000002C6,false,Rx,0,8,32,00,7C,01,00,00,00,00,
233000,0000060D,false,Rx,0,8,0D,10,83,B6,09,20,70,00,
269000,00000625,false,Rx,0,8,25,00,59,86,01,54,5C,06,
332000,0000060D,false,Rx,0,8,0D,10,83,B6,09,20,70,00,
341000,00000054,false,Rx,0,8,01,05,BD,00,6D,02,00,00,
341000,00000055,false,Rx,0,8,10,27,00,00,00,00,00,00,
342000,00000056,false,Rx,0,8,10,27,00,00,00,00,00,00,
342000,00000057,false,Rx,0,8,00,00,FE,FF,FE,FF,00,00,
370000,00000625,false,Rx,0,8,25,00,59,86,01,54,5C,06,
0,000002C4,false,Rx,0,8,09,20,00,00,6D,02,00,00,
0,000002C5,false,Rx,0,8,00,00,00,00,00,00,00,00,
401000,000002C6,false,Rx,0,8,32,00,7C,01,00,00,00,00,
433000,0000060D,false,Rx,0,8,0D,10,83,B6,09,20,70,00,
470000,00000625,false,Rx,0,8,25,00,59,86,01,54,5C,06,
532000,0000060D,false,Rx,0,8,0D,10,83,B6,09,20,70,00,
542000,00000054,false,Rx,0,8,01,05,BD,00,6D,02,00,00,
0,00000055,false,Rx,0,8,10,27,00,00,00,00,00,00,
0,00000056,false,Rx,0,8,10,27,00,00,00,00,00,00,
542000,00000057,false,Rx,0,8,00,00,FE,FF,FE,FF,00,00,
570000,00000625,false,Rx,0,8,25,00,59,86,01,54,5C,06,
621000,000002C4,false,Rx,0,8,09,20,00,00,6D,02,00,00,
621000,000002C5,false,Rx,0,8,00,00,00,00,00,00,00,00,
622000,000002C6,false,Rx,0,8,32,00,7C,01,00,00,00,00,
632000,0000060D,false,Rx,0,8,0D,10,83,B6,09,20,70,00,
670000,00000625,false,Rx,0,8,25,00,59,86,01,54,5C,06,
733000,0000060D,false,Rx,0,8,0D,10,83,B6,09,20,70,00,
742000,00000054,false,Rx,0,8,01,05,BD,00,6D,02,00,00,
742000,00000055,false,Rx,0,8,10,27,00,00,00,00,00,00,
742000,00000056,false,Rx,0,8,10,27,00,00,00,00,00,00,
742000,00000057,false,Rx,0,8,00,00,FE,FF,FE,FF,00,00,
769000,00000625,false,Rx,0,8,25,00,59,86,01,54,5C,06,
833000,0000060D,false,Rx,0,8,0D,10,83,B6,09,20,70,00,
841000,000002C4,false,Rx,0,8,09,20,00,00,6D,02,00,00,
841000,000002C5,false,Rx,0,8,00,00,00,00,00,00,00,00,
841000,000002C6,false,Rx,0,8,32,00,7C,01,00,00,00,00,
870000,00000625,false,Rx,0,8,25,00,59,86,01,54,5C,06,
932000,0000060D,false,Rx,0,8,0D,10,83,B6,09,20,70,00,
942000,00000054,false,Rx,0,8,01,05,BD,00,6D,02,00,00,
942000,00000055,false,Rx,0,8,10,27,00,00,00,00,00,00,
942000,00000056,false,Rx,0,8,10,27,00,00,00,00,00,00,
942000,00000057,false,Rx,0,8,00,00,FE,FF,FE,FF,00,00,
969000,00000625,false,Rx,0,8,25,00,59,86,01,54,5C,06,
32000,0000060D,false,Rx,0,8,0D,10,83,B6,09,20,70,00,
61000,000002C4,false,Rx,0,8,09,20,00,00,6D,02,00,00,
61000,000002C5,false,Rx,0,8,00,00,00,00,00,00,00,00,
62000,000002C6,false,Rx,0,8,32,00,7C,01,00,00,00,00,
70000,00000625,false,Rx,0,8,25,00,59,86,01,54,5C,06,
132000,0000060D,false,Rx,0,8,0D,10,83,B6,09,20,70,00,
142000,00000054,false,Rx,0,8,01,05,BD,00,6D,02,00,00,
142000,00000055,false,Rx,0,8,10,27,00,00,00,00,00,00,
142000,00000056,false,Rx,0,8,10,27,00,00,00,00,00,00,
143000,00000057,false,Rx,0,8,00,00,FE,FF,FE,FF,00,00,
170000,00000625,false,Rx,0,8,25,00,59,86,01,54,5C,06,
232000,0000060D,false,Rx,0,8,0D,10,83,B6,09,20,70,00,
270000,00000625,false,Rx,0,8,25,00,59,86,01,54,5C,06,
281000,000002C4,false,Rx,0,8,09,20,00,00,6D,02,00,00,
281000,000002C5,false,Rx,0,8,00,00,00,00,00,00,00,00,
282000,000002C6,false,Rx,0,8,32,00,7C,01,00,00,00,00,
333000,0000060D,false,Rx,0,8,0D,10,83,B6,09,20,70,00,
342000,00000054,false,Rx,0,8,01,05,BD,00,6D,02,00,00,
342000,00000055,false,Rx,0,8,10,27,00,00,00,00,00,00,
343000,00000056,false,Rx,0,8,10,27,00,00,00,00,00,00,
343000,00000057,false,Rx,0,8,00,00,FE,FF,FE,FF,00,00,
370000,00000625,false,Rx,0,8,25,00,59,86,01,54,5C,06,
432000,0000060D,false,Rx,0,8,0D,10,83,B6,09,20,70,00,
470000,00000625,false,Rx,0,8,25,00,59,86,01,54,5C,06,
501000,000002C4,false,Rx,0,8,09,20,00,00,6D,02,00,00,
501000,000002C5,false,Rx,0,8,00,00,00,00,00,00,00,00,
501000,000002C6,false,Rx,0,8,32,00,7C,01,00,00,00,00,
532000,0000060D,false,Rx,0,8,0D,10,83,B6,09,20,70,00,
542000,00000054,false,Rx,0,8,01,05,BD,00,6D,02,00,00,
542000,00000055,false,Rx,0,8,10,27,00,00,00,00,00,00,
542000,00000056,false,Rx,0,8,10,27,00,00,00,00,00,00,
543000,00000057,false,Rx,0,8,00,00,FE,FF,FE,FF,00,00,
570000,00000625,false,Rx,0,8,25,00,59,86,01,54,5C,06,
632000,0000060D,false,Rx,0,8,0D,10,83,B6,09,20,70,00,
670000,00000625,false,Rx,0,8,25,00,59,86,01,54,5C,06,
0,000002C4,false,Rx,0,8,09,20,00,00,6D,02,00,00,
0,000002C5,false,Rx,0,8,00,00,00,00,00,00,00,00,
0,000002C6,false,Rx,0,8,32,00,7C,01,00,00,00,00,
732000,0000060D,false,Rx,0,8,0D,10,83,B6,09,20,70,00,
741000,00000054,false,Rx,0,8,01,05,BD,00,6D,02,00,00,
742000,00000055,false,Rx,0,8,10,27,00,00,00,00,00,00,
0,00000056,false,Rx,0,8,10,27,00,00,00,00,00,00,
0,00000057,false,Rx,0,8,00,00,FE,FF,FE,FF,00,00,
769000,00000625,false,Rx,0,8,25,00,59,86,01,54,5C,06,
832000,0000060D,false,Rx,0,8,0D,10,83,B6,09,20,70,00,
870000,00000625,false,Rx,0,8,25,00,59,86,01,54,5C,06,
932000,0000060D,false,Rx,0,8,0D,10,83,B6,09,20,70,00,
0,000002C4,false,Rx,0,8,09,20,00,00,6D,02,00,00,
0,000002C5,false,Rx,0,8,00,00,00,00,00,00,00,00,
942000,000002C6,false,Rx,0,8,32,00,7C,01,00,00,00,00,
942000,00000054,false,Rx,0,8,01,05,BD,00,6D,02,00,00,
943000,00000055,false,Rx,0,8,10,27,00,00,00,00,00,00,
943000,00000056,false,Rx,0,8,10,27,00,00,00,00,00,00,
943000,00000057,false,Rx,0,8,00,00,FE,FF,FE,FF,00,00,
970000,00000625,false,Rx,0,8,25,00,59,86,01,54,5C,06,
32000,0000060D,false,Rx,0,8,0D,10,83,B6,09,20,70,00,
70000,00000625,false,Rx,0,8,25,00,59,86,01,54,5C,06,
132000,0000060D,false,Rx,0,8,0D,10,83,B6,09,20,70,00,
142000,00000054,false,Rx,0,8,01,05,BD,00,6D,02,00,00,
142000,00000055,false,Rx,0,8,10,27,00,00,00,00,00,00,
142000,00000056,false,Rx,0,8,10,27,00,00,00,00,00,00,
142000,00000057,false,Rx,0,8,00,00,FE,FF,FE,FF,00,00,
161000,000002C4,false,Rx,0,8,09,20,00,00,6D,02,00,00,
161000,000002C5,false,Rx,0,8,00,00,00,00,00,00,00,00,
161000,000002C6,false,Rx,0,8,32,00,7C,01,00,00,00,00,
170000,00000625,false,Rx,0,8,25,00,59,86,01,54,5C,06,
233000,0000060D,false,Rx,0,8,0D,10,83,B6,09,20,70,00,
270000,00000625,false,Rx,0,8,25,00,59,86,01,54,5C,06,
332000,0000060D,false,Rx,0,8,0D,10,83,B6,09,20,70,00,
342000,00000054,false,Rx,0,8,01,05,BD,00,6D,02,00,00,
342000,00000055,false,Rx,0,8,10,27,00,00,00,00,00,00,
342000,00000056,false,Rx,0,8,10,27,00,00,00,00,00,00,
342000,00000057,false,Rx,0,8,00,00,FE,FF,FE,FF,00,00,
370000,00000625,false,Rx,0,8,25,00,59,86,01,54,5C,06,
381000,000002C4,false,Rx,0,8,09,20,00,00,6D,02,00,00,
381000,000002C5,false,Rx,0,8,00,00,00,00,00,00,00,00,
382000,000002C6,false,Rx,0,8,32,00,7C,01,00,00,00,00,
432000,0000060D,false,Rx,0,8,0D,10,83,B6,09,20,70,00,
470000,00000625,false,Rx,0,8,25,00,59,86,01,54,5C,06,
532000,0000060D,false,Rx,0,8,0D,10,83,B6,09,20,70,00,
542000,00000054,false,Rx,0,8,01,05,BD,00,6D,02,00,00,
542000,00000055,false,Rx,0,8,10,27,00,00,00,00,00,00,
542000,00000056,false,Rx,0,8,10,27,00,00,00,00,00,00,
543000,00000057,false,Rx,0,8,00,00,FE,FF,FE,FF,00,00,
570000,00000625,false,Rx,0,8,25,00,59,86,01,54,5C,06,
0,000002C4,false,Rx,0,8,09,20,00,00,6D,02,00,00,
0,000002C5,false,Rx,0,8,00,00,00,00,00,00,00,00,
601000,000002C6,false,Rx,0,8,32,00,7C,01,00,00,00,00,
632000,0000060D,false,Rx,0,8,0D,10,83,B6,09,20,70,00,
670000,00000625,false,Rx,0,8,25,00,59,86,01,54,5C,06,
732000,0000060D,false,Rx,0,8,0D,10,83,B6,09,20,70,00,
0,00000054,false,Rx,0,8,01,05,BD,00,6D,02,00,00,
0,00000055,false,Rx,0,8,10,27,00,00,00,00,00,00,
742000,00000056,false,Rx,0,8,10,27,00,00,00,00,00,00,
743000,00000057,false,Rx,0,8,00,00,FE,FF,FE,FF,00,00,
770000,00000625,false,Rx,0,8,25,00,59,86,01,54,5C,06,
0,000002C4,false,Rx,0,8,09,20,00,00,6D,02,00,00,
0,000002C5,false,Rx,0,8,00,00,00,00,00,00,00,00,
822000,000002C6,false,Rx,0,8,32,00,7C,01,00,00,00,00,
832000,0000060D,false,Rx,0,8,0D,10,83,B6,09,20,70,00,
870000,00000625,false,Rx,0,8,25,00,59,86,01,54,5C,06,
933000,0000060D,false,Rx,0,8,0D,10,83,B6,09,20,70,00,
0,00000054,false,Rx,0,8,01,05,BD,00,6D,02,00,00,
0,00000055,false,Rx,0,8,10,27,00,00,00,00,00,00,
942000,00000056,false,Rx,0,8,10,27,00,00,00,00,00,00,
942000,00000057,false,Rx,0,8,00,00,FE,FF,FE,FF,00,00,
970000,00000625,false,Rx,0,8,25,00,59,86,01,54,5C,06,
32000,0000060D,false,Rx,0,8,0D,10,83,B6,09,20,70,00,
41000,000002C4,false,Rx,0,8,09,20,00,00,6D,02,00,00,
41000,000002C5,false,Rx,0,8,00,00,00,00,00,00,00,00,
41000,000002C6,false,Rx,0,8,32,00,7C,01,00,00,00,00,
70000,00000625,false,Rx,0,8,25,00,59,86,01,54,5C,06,
132000,0000060D,false,Rx,0,8,0D,10,83,B6,09,20,70,00,
142000,00000054,false,Rx,0,8,01,05,BD,00,6D,02,00,00,
142000,00000055,false,Rx,0,8,10,27,00,00,00,00,00,00,
142000,00000056,false,Rx,0,8,10,27,00,00,00,00,00,00,
143000,00000057,false,Rx,0,8,00,00,FE,FF,FE,FF,00,00,
170000,00000625,false,Rx,0,8,25,00,59,86,01,54,5C,06,
232000,0000060D,false,Rx,0,8,0D,10,83,B6,09,20,70,00,
0,000002C4,false,Rx,0,8,09,20,00,00,6D,02,00,00,
0,000002C5,false,Rx,0,8,00,00,00,00,00,00,00,00,
261000,000002C6,false,Rx,0,8,32,00,7C,01,00,00,00,00,
270000,00000625,false,Rx,0,8,25,00,59,86,01,54,5C,06,
332000,0000060D,false,Rx,0,8,0D,10,83,B6,09,20,70,00,
341000,00000054,false,Rx,0,8,01,05,BD,00,6D,02,00,00,
342000,00000055,false,Rx,0,8,10,27,00,00,00,00,00,00,
342000,00000056,false,Rx,0,8,10,27,00,00,00,00,00,00,
342000,00000057,false,Rx,0,8,00,00,FE,FF,FE,FF,00,00,
370000,00000625,false,Rx,0,8,25,00,59,86,01,54,5C,06,
432000,0000060D,false,Rx,0,8,0D,10,83,B6,09,20,70,00,
470000,00000625,false,Rx,0,8,25,00,59,86,01,54,5C,06,
481000,000002C4,false,Rx,0,8,09,20,00,00,6D,02,00,00,
481000,000002C5,false,Rx,0,8,00,00,00,00,00,00,00,00,
482000,000002C6,false,Rx,0,8,32,00,7C,01,00,00,00,00,
532000,0000060D,false,Rx,0,8,0D,10,83,B6,09,20,70,00,
542000,00000054,false,Rx,0,8,01,05,BD,00,6D,02,00,00,
542000,00000055,false,Rx,0,8,10,27,00,00,00,00,00,00,
542000,00000056,false,Rx,0,8,10,27,00,00,00,00,00,00,
543000,00000057,false,Rx,0,8,00,00,FE,FF,FE,FF,00,00,
570000,00000625,false,Rx,0,8,25,00,59,86,01,54,5C,06,
633000,0000060D,false,Rx,0,8,0D,10,83,B6,09,20,70,00,
670000,00000625,false,Rx,0,8,25,00,59,86,01,54,5C,06,
701000,000002C4,false,Rx,0,8,09,20,00,00,6D,02,00,00,
701000,000002C5,false,Rx,0,8,00,00,00,00,00,00,00,00,
701000,000002C6,false,Rx,0,8,32,00,7C,01,00,00,00,00,
732000,0000060D,false,Rx,0,8,0D,10,83,B6,09,20,70,00,
741000,00000054,false,Rx,0,8,01,05,BD,00,6D,02,00,00,
0,00000055,false,Rx,0,8,10,27,00,00,00,00,00,00,
0,00000056,false,Rx,0,8,10,27,00,00,00,00,00,00,
742000,00000057,false,Rx,0,8,00,00,FE,FF,FE,FF,00,00,
769000,00000625,false,Rx,0,8,25,00,59,86,01,54,5C,06,
832000,0000060D,false,Rx,0,8,0D,10,83,B6,09,20,70,00,
870000,00000625,false,Rx,0,8,25,00,59,86,01,54,5C,06,
0,000002C4,false,Rx,0,8,09,20,00,00,6D,02,00,00,
0,000002C5,false,Rx,0,8,00,00,00,00,00,00,00,00,
0,000002C6,false,Rx,0,8,32,00,7C,01,00,00,00,00,
933000,0000060D,false,Rx,0,8,0D,10,83,B6,09,20,70,00,
942000,00000054,false,Rx,0,8,01,05,BD,00,6D,02,00,00,
942000,00000055,false,Rx,0,8,10,27,00,00,00,00,00,00,
943000,00000056,false,Rx,0,8,10,27,00,00,00,00,00,00,
943000,00000057,false,Rx,0,8,00,00,FE,FF,FE,FF,00,00,
970000,00000625,false,Rx,0,8,25,00,59,86,01,54,5C,06,
32000,0000060D,false,Rx,0,8,0D,10,83,B6,09,20,70,00,
70000,00000625,false,Rx,0,8,25,00,59,86,01,54,5C,06,
132000,0000060D,false,Rx,0,8,0D,10,83,B6,09,20,70,00,
0,000002C4,false,Rx,0,8,09,20,00,00,6D,02,00,00,
0,000002C5,false,Rx,0,8,00,00,00,00,00,00,00,00,
141000,000002C6,false,Rx,0,8,32,00,7C,01,00,00,00,00,
142000,00000054,false,Rx,0,8,01,05,BD,00,6D,02,00,00,
142000,00000055,false,Rx,0,8,10,27,00,00,00,00,00,00,
142000,00000056,false,Rx,0,8,10,27,00,00,00,00,00,00,
143000,00000057,false,Rx,0,8,00,00,FE,FF,FE,FF,00,00,
170000,00000625,false,Rx,0,8,25,00,59,86,01,54,5C,06,
232000,0000060D,false,Rx,0,8,0D,10,83,B6,09,20,70,00,
270000,00000625,false,Rx,0,8,25,00,59,86,01,54,5C,06,
332000,0000060D,false,Rx,0,8,0D,10,83,B6,09,20,70,00,
341000,00000054,false,Rx,0,8,01,05,BD,00,6D,02,00,00,
342000,00000055,false,Rx,0,8,10,27,00,00,00,00,00,00,
342000,00000056,false,Rx,0,8,10,27,00,00,00,00,00,00,
343000,00000057,false,Rx,0,8,00,00,FE,FF,FE,FF,00,00,
361000,000002C4,false,Rx,0,8,09,20,00,00,6D,02,00,00,
361000,000002C5,false,Rx,0,8,00,00,00,00,00,00,00,00,
361000,000002C6,false,Rx,0,8,32,00,7C,01,00,00,00,00,
370000,00000625,false,Rx,0,8,25,00,59,86,01,54,5C,06,
432000,0000060D,false,Rx,0,8,0D,10,83,B6,09,20,70,00,
470000,00000625,false,Rx,0,8,25,00,59,86,01,54,5C,06,
532000,0000060D,false,Rx,0,8,0D,10,83,B6,09,20,70,00,
0,00000054,false,Rx,0,8,01,05,BD,00,6D,02,00,00,
0,00000055,false,Rx,0,8,10,27,00,00,00,00,00,00,
0,00000056,false,Rx,0,8,10,27,00,00,00,00,00,00,
0,00000057,false,Rx,0,8,00,00,FE,FF,FE,FF,00,00,
570000,00000625,false,Rx,0,8,25,00,59,86,01,54,5C,06,
581000,000002C4,false,Rx,0,8,09,20,00,00,6D,02,00,00,
581000,000002C5,false,Rx,0,8,00,00,00,00,00,00,00,00,
581000,000002C6,false,Rx,0,8,32,00,7C,01,00,00,00,00,
632000,0000060D,false,Rx,0,8,0D,10,83,B6,09,20,70,00,
670000,00000625,false,Rx,0,8,25,00,59,86,01,54,5C,06,
733000,0000060D,false,Rx,0,8,0D,10,83,B6,09,20,70,00,
742000,00000054,false,Rx,0,8,01,05,BD,00,6D,02,00,00,
742000,00000055,false,Rx,0,8,10,27,00,00,00,00,00,00,
742000,00000056,false,Rx,0,8,10,27,00,00,00,00,00,00,
743000,00000057,false,Rx,0,8,00,00,FE,FF,FE,FF,00,00,
769000,00000625,false,Rx,0,8,25,00,59,86,01,54,5C,06,
800000,000002C4,false,Rx,0,8,09,20,00,00,6D,02,00,00,
801000,000002C5,false,Rx,0,8,00,00,00,00,00,00,00,00,
801000,000002C6,false,Rx,0,8,32,00,7C,01,00,00,00,00,
832000,0000060D,false,Rx,0,8,0D,10,83,B6,09,20,70,00,
869000,00000625,false,Rx,0,8,25,00,59,86,01,54,5C,06,
932000,0000060D,false,Rx,0,8,0D,10,83,B6,09,20,70,00,
942000,00000054,false,Rx,0,8,01,05,BD,00,6D,02,00,00,
942000,00000055,false,Rx,0,8,10,27,00,00,00,00,00,00,
942000,00000056,false,Rx,0,8,10,27,00,00,00,00,00,00,
942000,00000057,false,Rx,0,8,00,00,FE,FF,FE,FF,00,00,
970000,00000625,false,Rx,0,8,25,00,59,86,01,54,5C,06,
21000,000002C4,false,Rx,0,8,09,20,00,00,6D,02,00,00,
21000,000002C5,false,Rx,0,8,00,00,00,00,00,00,00,00,
22000,000002C6,false,Rx,0,8,32,00,7C,01,00,00,00,00,
32000,0000060D,false,Rx,0,8,0D,10,83,B6,09,20,70,00,
69000,00000625,false,Rx,0,8,25,00,59,86,01,54,5C,06,
132000,0000060D,false,Rx,0,8,0D,10,83,B6,09,20,70,00,
142000,00000054,false,Rx,0,8,01,05,BD,00,6D,02,00,00,
143000,00000055,false,Rx,0,8,10,27,00,00,00,00,00,00,
143000,00000056,false,Rx,0,8,10,27,00,00,00,00,00,00,
143000,00000057,false,Rx,0,8,00,00,FE,FF,FE,FF,00,00,
169000,00000625,false,Rx,0,8,25,00,59,86,01,54,5C,06,
232000,0000060D,false,Rx,0,8,0D,10,83,B6,09,20,70,00,
0,000002C4,false,Rx,0,8,09,20,00,00,6D,02,00,00,
0,000002C5,false,Rx,0,8,00,00,00,00,00,00,00,00,
241000,000002C6,false,Rx,0,8,32,00,7C,01,00,00,00,00,
270000,00000625,false,Rx,0,8,25,00,59,86,01,54,5C,06,
332000,0000060D,false,Rx,0,8,0D,10,83,B6,09,20,70,00,
342000,00000054,false,Rx,0,8,01,05,BD,00,6D,02,00,00,
342000,00000055,false,Rx,0,8,10,27,00,00,00,00,00,00,
342000,00000056,false,Rx,0,8,10,27,00,00,00,00,00,00,
343000,00000057,false,Rx,0,8,00,00,FE,FF,FE,FF,00,00,
370000,00000625,false,Rx,0,8,25,00,59,86,01,54,5C,06,
432000,0000060D,false,Rx,0,8,0D,10,83,B6,09,20,70,00,
0,000002C4,false,Rx,0,8,09,20,00,00,6D,02,00,00,
0,000002C5,false,Rx,0,8,00,00,00,00,00,00,00,00,
461000,000002C6,false,Rx,0,8,32,00,7C,01,00,00,00,00,
470000,00000625,false,Rx,0,8,25,00,59,86,01,54,5C,06,
532000,0000060D,false,Rx,0,8,0D,10,83,B6,09,20,70,00,
542000,00000054,false,Rx,0,8,01,05,BD,00,6D,02,00,00,
542000,00000055,false,Rx,0,8,10,27,00,00,00,00,00,00,
542000,00000056,false,Rx,0,8,10,27,00,00,00,00,00,00,
543000,00000057,false,Rx,0,8,00,00,FE,FF,FE,FF,00,00,
570000,00000625,false,Rx,0,8,25,00,59,86,01,54,5C,06,
632000,0000060D,false,Rx,0,8,0D,10,83,B6,09,20,70,00,
670000,00000625,false,Rx,0,8,25,00,59,86,01,54,5C,06,
0,000002C4,false,Rx,0,8,09,20,00,00,6D,02,00,00,
0,000002C5,false,Rx,0,8,00,00,00,00,00,00,00,00,
0,000002C6,false,Rx,0,8,32,00,7C,01,00,00,00,00,
732000,0000060D,false,Rx,0,8,0D,10,83,B6,09,20,70,00,
0,00000054,false,Rx,0,8,01,05,BD,00,6D,02,00,00,
0,00000055,false,Rx,0,8,10,27,00,00,00,00,00,00,
742000,00000056,false,Rx,0,8,10,27,00,00,00,00,00,00,
743000,00000057,false,Rx,0,8,00,00,FE,FF,FE,FF,00,00,
770000,00000625,false,Rx,0,8,25,00,59,86,01,54,5C,06,
832000,0000060D,false,Rx,0,8,0D,10,83,B6,09,20,70,00,
870000,00000625,false,Rx,0,8,25,00,59,86,01,54,5C,06,
0,000002C4,false,Rx,0,8,09,20,00,00,6D,02,00,00,
0,000002C5,false,Rx,0,8,00,00,00,00,00,00,00,00,
901000,000002C6,false,Rx,0,8,32,00,7C,01,00,00,00,00,
932000,0000060D,false,Rx,0,8,0D,10,83,B6,09,20,70,00,
942000,00000054,false,Rx,0,8,01,05,BD,00,6D,02,00,00,
942000,00000055,false,Rx,0,8,10,27,00,00,00,00,00,00,
942000,00000056,false,Rx,0,8,10,27,00,00,00,00,00,00,
943000,00000057,false,Rx,0,8,00,00,FE,FF,FE,FF,00,00,
970000,00000625,false,Rx,0,8,25,00,59,86,01,54,5C,06,
32000,0000060D,false,Rx,0,8,0D,10,83,B6,09,20,70,00,
70000,00000625,false,Rx,0,8,25,00,59,86,01,54,5C,06,
0,000002C4,false,Rx,0,8,09,20,00,00,6D,02,00,00,
0,000002C5,false,Rx,0,8,00,00,00,00,00,00,00,00,
121000,000002C6,false,Rx,0,8,32,00,7C,01,00,00,00,00,
133000,0000060D,false,Rx,0,8,0D,10,83,B6,09,20,70,00,
142000,00000054,false,Rx,0,8,01,05,BD,00,6D,02,00,00,
142000,00000055,false,Rx,0,8,10,27,00,00,00,00,00,00,
143000,00000056,false,Rx,0,8,10,27,00,00,00,00,00,00,
143000,00000057,false,Rx,0,8,00,00,FE,FF,FE,FF,00,00,
170000,00000625,false,Rx,0,8,25,00,59,86,01,54,5C,06,
232000,0000060D,false,Rx,0,8,0D,10,83,B6,09,20,70,00,
270000,00000625,false,Rx,0,8,25,00,59,86,01,54,5C,06,
332000,0000060D,false,Rx,0,8,0D,10,83,B6,09,20,70,00,
342000,000002C4,false,Rx,0,8,09,20,00,00,6D,02,00,00,
342000,000002C5,false,Rx,0,8,00,00,00,00,00,00,00,00,
342000,000002C6,false,Rx,0,8,32,00,7C,01,00,00,00,00,
342000,00000054,false,Rx,0,8,01,05,BD,00,6D,02,00,00,
342000,00000055,false,Rx,0,8,10,27,00,00,00,00,00,00,
343000,00000056,false,Rx,0,8,10,27,00,00,00,00,00,00,
343000,00000057,false,Rx,0,8,00,00,FE,FF,FE,FF,00,00,
370000,00000625,false,Rx,0,8,25,00,59,86,01,54,5C,06,
433000,0000060D,false,Rx,0,8,0D,10,83,B6,09,20,70,00,
470000,00000625,false,Rx,0,8,25,00,59,86,01,54,5C,06,
531000,0000060D,false,Rx,0,8,0D,10,83,B6,09,20,70,00,
542000,00000054,false,Rx,0,8,01,05,BD,00,6D,02,00,00,
0,00000055,false,Rx,0,8,10,27,00,00,00,00,00,00,
0,00000056,false,Rx,0,8,10,27,00,00,00,00,00,00,
543000,00000057,false,Rx,0,8,00,00,FE,FF,FE,FF,00,00,
561000,000002C4,false,Rx,0,8,09,20,00,00,6D,02,00,00,
561000,000002C5,false,Rx,0,8,00,00,00,00,00,00,00,00,
561000,000002C6,false,Rx,0,8,32,00,7C,01,00,00,00,00,
569000,00000625,false,Rx,0,8,25,00,59,86,01,54,5C,06,
633000,0000060D,false,Rx,0,8,0D,10,83,B6,09,20,70,00,
670000,00000625,false,Rx,0,8,25,00,59,86,01,54,5C,06,
732000,0000060D,false,Rx,0,8,0D,10,83,B6,09,20,70,00,
0,00000054,false,Rx,0,8,01,05,BD,00,6D,02,00,00,
0,00000055,false,Rx,0,8,10,27,00,00,00,00,00,00,
0,00000056,false,Rx,0,8,10,27,00,00,00,00,00,00,
0,00000057,false,Rx,0,8,00,00,FE,FF,FE,FF,00,00,
770000,00000625,false,Rx,0,8,25,00,59,86,01,54,5C,06,
781000,000002C4,false,Rx,0,8,09,20,00,00,6D,02,00,00,
781000,000002C5,false,Rx,0,8,00,00,00,00,00,00,00,00,
781000,000002C6,false,Rx,0,8,32,00,7C,01,00,00,00,00,
832000,0000060D,false,Rx,0,8,0D,10,83,B6,09,20,70,00,
870000,00000625,false,Rx,0,8,25,00,59,86,01,54,5C,06,
932000,0000060D,false,Rx,0,8,0D,10,83,B6,09,20,70,00,
942000,00000054,false,Rx,0,8,01,05,BD,00,6D,02,00,00,
942000,00000055,false,Rx,0,8,10,27,00,00,00,00,00,00,
942000,00000056,false,Rx,0,8,10,27,00,00,00,00,00,00,
942000,00000057,false,Rx,0,8,00,00,FE,FF,FE,FF,00,00,
970000,00000625,false,Rx,0,8,25,00,59,86,01,54,5C,06,
0,000002C4,false,Rx,0,8,09,20,00,00,6D,02,00,00,
0,000002C5,false,Rx,0,8,00,00,00,00,00,00,00,00,
1000,000002C6,false,Rx,0,8,32,00,7C,01,00,00,00,00,
32000,0000060D,false,Rx,0,8,0D,10,83,B6,09,20,70,00,
69000,00000625,false,Rx,0,8,25,00,59,86,01,54,5C,06,
132000,0000060D,false,Rx,0,8,0D,10,83,B6,09,20,70,00,
142000,00000054,false,Rx,0,8,01,05,BD,00,6D,02,00,00,
142000,00000055,false,Rx,0,8,10,27,00,00,00,00,00,00,
142000,00000056,false,Rx,0,8,10,27,00,00,00,00,00,00,
143000,00000057,false,Rx,0,8,00,00,FE,FF,FE,FF,00,00,
170000,00000625,false,Rx,0,8,25,00,59,86,01,54,5C,06,
221000,000002C4,false,Rx,0,8,09,20,00,00,6D,02,00,00,
222000,000002C5,false,Rx,0,8,00,00,00,00,00,00,00,00,
222000,000002C6,false,Rx,0,8,32,00,7C,01,00,00,00,00,
232000,0000060D,false,Rx,0,8,0D,10,83,B6,09,20,70,00,
270000,00000625,false,Rx,0,8,25,00,59,86,01,54,5C,06,
332000,0000060D,false,Rx,0,8,0D,10,83,B6,09,20,70,00,
342000,00000054,false,Rx,0,8,01,05,BD,00,6D,02,00,00,
342000,00000055,false,Rx,0,8,10,27,00,00,00,00,00,00,
342000,00000056,false,Rx,0,8,10,27,00,00,00,00,00,00,
343000,00000057,false,Rx,0,8,00,00,FE,FF,FE,FF,00,00,
370000,00000625,false,Rx,0,8,25,00,59,86,01,54,5C,06,
433000,0000060D,false,Rx,0,8,0D,10,83,B6,09,20,70,00,
441000,000002C4,false,Rx,0,8,09,20,00,00,6D,02,00,00,
442000,000002C5,false,Rx,0,8,00,00,00,00,00,00,00,00,
442000,000002C6,false,Rx,0,8,32,00,7C,01,00,00,00,00,
470000,00000625,false,Rx,0,8,25,00,59,86,01,54,5C,06,
532000,0000060D,false,Rx,0,8,0D,10,83,B6,09,20,70,00,
542000,00000054,false,Rx,0,8,01,05,BD,00,6D,02,00,00,
0,00000055,false,Rx,0,8,10,27,00,00,00,00,00,00,
0,00000056,false,Rx,0,8,10,27,00,00,00,00,00,00,
542000,00000057,false,Rx,0,8,00,00,FE,FF,FE,FF,00,00,
570000,00000625,false,Rx,0,8,25,00,59,86,01,54,5C,06,
632000,0000060D,false,Rx,0,8,0D,10,83,B6,09,20,70,00,
0,000002C4,false,Rx,0,8,09,20,00,00,6D,02,00,00,
0,000002C5,false,Rx,0,8,00,00,00,00,00,00,00,00,
662000,000002C6,false,Rx,0,8,32,00,7C,01,00,00,00,00,
670000,00000625,false,Rx,0,8,25,00,59,86,01,54,5C,06,
733000,0000060D,false,Rx,0,8,0D,10,83,B6,09,20,70,00,
742000,00000054,false,Rx,0,8,01,05,BD,00,6D,02,00,00,
742000,00000055,false,Rx,0,8,10,27,00,00,00,00,00,00,
743000,00000056,false,Rx,0,8,10,27,00,00,00,00,00,00,
743000,00000057,false,Rx,0,8,00,00,FE,FF,FE,FF,00,00,
769000,00000625,false,Rx,0,8,25,00,59,86,01,54,5C,06,
832000,0000060D,false,Rx,0,8,0D,10,83,B6,09,20,70,00,
870000,00000625,false,Rx,0,8,25,00,59,86,01,54,5C,06,
881000,000002C4,false,Rx,0,8,09,20,00,00,6D,02,00,00,
881000,000002C5,false,Rx,0,8,00,00,00,00,00,00,00,00,
881000,000002C6,false,Rx,0,8,32,00,7C,01,00,00,00,00,
933000,0000060D,false,Rx,0,8,0D,10,83,B6,09,20,70,00,
0,00000054,false,Rx,0,8,01,05,BD,00,6D,02,00,00,
0,00000055,false,Rx,0,8,10,27,00,00,00,00,00,00,
942000,00000056,false,Rx,0,8,10,27,00,00,00,00,00,00,
943000,00000057,false,Rx,0,8,00,00,FE,FF,FE,FF,00,00,
970000,00000625,false,Rx,0,8,25,00,59,86,01,54,5C,06,
32000,0000060D,false,Rx,0,8,0D,10,83,B6,09,20,70,00,
70000,00000625,false,Rx,0,8,25,00,59,86,01,54,5C,06,
101000,000002C4,false,Rx,0,8,09,20,00,00,6D,02,00,00,
101000,000002C5,false,Rx,0,8,00,00,00,00,00,00,00,00,
102000,000002C6,false,Rx,0,8,32,00,7C,01,00,00,00,00,
132000,0000060D,false,Rx,0,8,0D,10,83,B6,09,20,70,00,
0,00000054,false,Rx,0,8,01,05,BD,00,6D,02,00,00,
0,00000055,false,Rx,0,8,10,27,00,00,00,00,00,00,
143000,00000056,false,Rx,0,8,10,27,00,00,00,00,00,00,
143000,00000057,false,Rx,0,8,00,00,FE,FF,FE,FF,00,00,
170000,00000625,false,Rx,0,8,25,00,59,86,01,54,5C,06,
232000,0000060D,false,Rx,0,8,0D,10,83,B6,09,20,70,00,
270000,00000625,false,Rx,0,8,25,00,59,86,01,54,5C,06,
0,000002C4,false,Rx,0,8,09,20,00,00,6D,02,00,00,
0,000002C5,false,Rx,0,8,00,00,00,00,00,00,00,00,
321000,000002C6,false,Rx,0,8,32,00,7C,01,00,00,00,00,
332000,0000060D,false,Rx,0,8,0D,10,83,B6,09,20,70,00,
341000,00000054,false,Rx,0,8,01,05,BD,00,6D,02,00,00,
342000,00000055,false,Rx,0,8,10,27,00,00,00,00,00,00,
342000,00000056,false,Rx,0,8,10,27,00,00,00,00,00,00,
342000,00000057,false,Rx,0,8,00,00,FE,FF,FE,FF,00,00,
370000,00000625,false,Rx,0,8,25,00,59,86,01,54,5C,06,
432000,0000060D,false,Rx,0,8,0D,10,83,B6,09,20,70,00,
469000,00000625,false,Rx,0,8,25,00,59,86,01,54,5C,06,
531000,0000060D,false,Rx,0,8,0D,10,83,B6,09,20,70,00,
540000,000002C4,false,Rx,0,8,09,20,00,00,6D,02,00,00,
541000,000002C5,false,Rx,0,8,00,00,00,00,00,00,00,00,
541000,000002C6,false,Rx,0,8,32,00,7C,01,00,00,00,00,
541000,00000054,false,Rx,0,8,01,05,BD,00,6D,02,00,00,
542000,00000055,false,Rx,0,8,10,27,00,00,00,00,00,00,
542000,00000056,false,Rx,0,8,10,27,00,00,00,00,00,00,
542000,00000057,false,Rx,0,8,00,00,FE,FF,FE,FF,00,00,
570000,00000625,false,Rx,0,8,25,00,59,86,01,54,5C,06,
632000,0000060D,false,Rx,0,8,0D,10,83,B6,09,20,70,00,
670000,00000625,false,Rx,0,8,25,00,59,86,01,54,5C,06,
732000,0000060D,false,Rx,0,8,0D,10,83,B6,09,20,70,00,
742000,00000054,false,Rx,0,8,01,05,BD,00,6D,02,00,00,
742000,00000055,false,Rx,0,8,10,27,00,00,00,00,00,00,
0,00000056,false,Rx,0,8,10,27,00,00,00,00,00,00,
0,00000057,false,Rx,0,8,00,00,FE,FF,FE,FF,00,00,
761000,000002C4,false,Rx,0,8,09,20,00,00,6D,02,00,00,
761000,000002C5,false,Rx,0,8,00,00,00,00,00,00,00,00,
762000,000002C6,false,Rx,0,8,32,00,7C,01,00,00,00,00,
770000,00000625,false,Rx,0,8,25,00,59,86,01,54,5C,06,
832000,0000060D,false,Rx,0,8,0D,10,83,B6,09,20,70,00,
869000,00000625,false,Rx,0,8,25,00,59,86,01,54,5C,06,
932000,0000060D,false,Rx,0,8,0D,10,83,B6,09,20,70,00,
942000,00000054,false,Rx,0,8,01,05,BD,00,6D,02,00,00,
942000,00000055,false,Rx,0,8,10,27,00,00,00,00,00,00,
943000,00000056,false,Rx,0,8,10,27,00,00,00,00,00,00,
943000,00000057,false,Rx,0,8,00,00,FE,FF,FE,FF,00,00,
969000,00000625,false,Rx,0,8,25,00,59,86,01,54,5C,06,
981000,000002C4,false,Rx,0,8,09,20,00,00,6D,02,00,00,
981000,000002C5,false,Rx,0,8,00,00,00,00,00,00,00,00,
981000,000002C6,false,Rx,0,8,32,00,7C,01,00,00,00,00,
32000,0000060D,false,Rx,0,8,0D,10,83,B6,09,20,70,00,
70000,00000625,false,Rx,0,8,25,00,59,86,01,54,5C,06,
132000,0000060D,false,Rx,0,8,0D,10,83,B6,09,20,70,00,
142000,00000054,false,Rx,0,8,01,05,BD,00,6D,02,00,00,
142000,00000055,false,Rx,0,8,10,27,00,00,00,00,00,00,
142000,00000056,false,Rx,0,8,10,27,00,00,00,00,00,00,
142000,00000057,false,Rx,0,8,00,00,FE,FF,FE,FF,00,00,
170000,00000625,false,Rx,0,8,25,00,59,86,01,54,5C,06,
0,000002C4,false,Rx,0,8,09,20,00,00,6D,02,00,00,
0,000002C5,false,Rx,0,8,00,00,00,00,00,00,00,00,
202000,000002C6,false,Rx,0,8,32,00,7C,01,00,00,00,00,
232000,0000060D,false,Rx,0,8,0D,10,83,B6,09,20,70,00,
270000,00000625,false,Rx,0,8,25,00,59,86,01,54,5C,06,
331000,0000060D,false,Rx,0,8,0D,10,83,B6,09,20,70,00,
342000,00000054,false,Rx,0,8,01,05,BD,00,6D,02,00,00,
342000,00000055,false,Rx,0,8,10,27,00,00,00,00,00,00,
343000,00000056,false,Rx,0,8,10,27,00,00,00,00,00,00,
343000,00000057,false,Rx,0,8,00,00,FE,FF,FE,FF,00,00,
370000,00000625,false,Rx,0,8,25,00,59,86,01,54,5C,06,
421000,000002C4,false,Rx,0,8,09,20,00,00,6D,02,00,00,
421000,000002C5,false,Rx,0,8,00,00,00,00,00,00,00,00,
421000,000002C6,false,Rx,0,8,32,00,7C,01,00,00,00,00,
433000,0000060D,false,Rx,0,8,0D,10,83,B6,09,20,70,00,
470000,00000625,false,Rx,0,8,25,00,59,86,01,54,5C,06,
532000,0000060D,false,Rx,0,8,0D,10,83,B6,09,20,70,00,
542000,00000054,false,Rx,0,8,01,05,BD,00,6D,02,00,00,
542000,00000055,false,Rx,0,8,10,27,00,00,00,00,00,00,
0,00000056,false,Rx,0,8,10,27,00,00,00,00,00,00,
0,00000057,false,Rx,0,8,00,00,FE,FF,FE,FF,00,00,
569000,00000625,false,Rx,0,8,25,00,59,86,01,54,5C,06,
632000,0000060D,false,Rx,0,8,0D,10,83,B6,09,20,70,00,
641000,000002C4,false,Rx,0,8,09,20,00,00,6D,02,00,00,
641000,000002C5,false,Rx,0,8,00,00,00,00,00,00,00,00,
641000,000002C6,false,Rx,0,8,32,00,7C,01,00,00,00,00,
670000,00000625,false,Rx,0,8,25,00,59,86,01,54,5C,06,
732000,0000060D,false,Rx,0,8,0D,10,83,B6,09,20,70,00,
0,00000054,false,Rx,0,8,01,05,BD,00,6D,02,00,00,
0,00000055,false,Rx,0,8,10,27,00,00,00,00,00,00,
742000,00000056,false,Rx,0,8,10,27,00,00,00,00,00,00,
743000,00000057,false,Rx,0,8,00,00,FE,FF,FE,FF,00,00,
769000,00000625,false,Rx,0,8,25,00,59,86,01,54,5C,06,
832000,0000060D,false,Rx,0,8,0D,10,83,B6,09,20,70,00,
0,000002C4,false,Rx,0,8,09,20,00,00,6D,02,00,00,
0,000002C5,false,Rx,0,8,00,00,00,00,00,00,00,00,
861000,000002C6,false,Rx,0,8,32,00,7C,01,00,00,00,00,
870000,00000625,false,Rx,0,8,25,00,59,86,01,54,5C,06,
932000,0000060D,false,Rx,0,8,0D,10,83,B6,09,20,70,00,
942000,00000054,false,Rx,0,8,01,05,BD,00,6D,02,00,00,
942000,00000055,false,Rx,0,8,10,27,00,00,00,00,00,00,
943000,00000056,false,Rx,0,8,10,27,00,00,00,00,00,00,
943000,00000057,false,Rx,0,8,00,00,FE,FF,FE,FF,00,00,
970000,00000625,false,Rx,0,8,25,00,59,86,01,54,5C,06,
32000,0000060D,false,Rx,0,8,0D,10,83,B6,09,20,70,00,
70000,00000625,false,Rx,0,8,25,00,59,86,01,54,5C,06,
81000,000002C4,false,Rx,0,8,09,20,00,00,6D,02,00,00,
81000,000002C5,false,Rx,0,8,00,00,00,00,00,00,00,00,
82000,000002C6,false,Rx,0,8,32,00,7C,01,00,00,00,00,
132000,0000060D,false,Rx,0,8,0D,10,83,B6,09,20,70,00,
142000,00000054,false,Rx,0,8,01,05,BD,00,6D,02,00,00,
142000,00000055,false,Rx,0,8,10,27,00,00,00,00,00,00,
142000,00000056,false,Rx,0,8,10,27,00,00,00,00,00,00,
143000,00000057,false,Rx,0,8,00,00,FE,FF,FE,FF,00,00,
170000,00000625,false,Rx,0,8,25,00,59,86,01,54,5C,06,
233000,0000060D,false,Rx,0,8,0D,10,83,B6,09,20,70,00,
269000,00000625,false,Rx,0,8,25,00,59,86,01,54,5C,06,
301000,000002C4,false,Rx,0,8,09,20,00,00,6D,02,00,00,
301000,000002C5,false,Rx,0,8,00,00,00,00,00,00,00,00,
301000,000002C6,false,Rx,0,8,32,00,7C,01,00,00,00,00,
332000,0000060D,false,Rx,0,8,0D,10,83,B6,09,20,70,00,
342000,00000054,false,Rx,0,8,01,05,BD,00,6D,02,00,00,
342000,00000055,false,Rx,0,8,10,27,00,00,00,00,00,00,
342000,00000056,false,Rx,0,8,10,27,00,00,00,00,00,00,
342000,00000057,false,Rx,0,8,00,00,FE,FF,FE,FF,00,00,
370000,00000625,false,Rx,0,8,25,00,59,86,01,54,5C,06,
432000,0000060D,false,Rx,0,8,0D,10,83,B6,09,20,70,00,
470000,00000625,false,Rx,0,8,25,00,59,86,01,54,5C,06,
521000,000002C4,false,Rx,0,8,09,20,00,00,6D,02,00,00,
0,000002C5,false,Rx,0,8,00,00,00,00,00,00,00,00,
0,000002C6,false,Rx,0,8,32,00,7C,01,00,00,00,00,
532000,0000060D,false,Rx,0,8,0D,10,83,B6,09,20,70,00,
542000,00000054,false,Rx,0,8,01,05,BD,00,6D,02,00,00,
542000,00000055,false,Rx,0,8,10,27,00,00,00,00,00,00,
542000,00000056,false,Rx,0,8,10,27,00,00,00,00,00,00,
543000,00000057,false,Rx,0,8,00,00,FE,FF,FE,FF,00,00,
570000,00000625,false,Rx,0,8,25,00,59,86,01,54,5C,06,
632000,0000060D,false,Rx,0,8,0D,10,83,B6,09,20,70,00,
670000,00000625,false,Rx,0,8,25,00,59,86,01,54,5C,06,
732000,0000060D,false,Rx,0,8,0D,10,83,B6,09,20,70,00,
741000,000002C4,false,Rx,0,8,09,20,00,00,6D,02,00,00,
0,000002C5,false,Rx,0,8,00,00,00,00,00,00,00,00,
0,000002C6,false,Rx,0,8,32,00,7C,01,00,00,00,00,
741000,00000054,false,Rx,0,8,01,05,BD,00,6D,02,00,00,
742000,00000055,false,Rx,0,8,10,27,00,00,00,00,00,00,
742000,00000056,false,Rx,0,8,10,27,00,00,00,00,00,00,
742000,00000057,false,Rx,0,8,00,00,FE,FF,FE,FF,00,00,
769000,00000625,false,Rx,0,8,25,00,59,86,01,54,5C,06,
832000,0000060D,false,Rx,0,8,0D,10,83,B6,09,20,70,00,
870000,00000625,false,Rx,0,8,25,00,59,86,01,54,5C,06,
933000,0000060D,false,Rx,0,8,0D,10,83,B6,09,20,70,00,
0,00000054,false,Rx,0,8,01,05,BD,00,6D,02,00,00,
0,00000055,false,Rx,0,8,10,27,00,00,00,00,00,00,
942000,00000056,false,Rx,0,8,10,27,00,00,00,00,00,00,
942000,00000057,false,Rx,0,8,00,00,FE,FF,FE,FF,00,00,
961000,000002C4,false,Rx,0,8,09,20,00,00,6D,02,00,00,
961000,000002C5,false,Rx,0,8,00,00,00,00,00,00,00,00,
962000,000002C6,false,Rx,0,8,32,00,7C,01,00,00,00,00,
970000,00000625,false,Rx,0,8,25,00,59,86,01,54,5C,06,
32000,0000060D,false,Rx,0,8,0D,10,83,B6,09,20,70,00,
70000,00000625,false,Rx,0,8,25,00,59,86,01,54,5C,06,
132000,0000060D,false,Rx,0,8,0D,10,83,B6,09,20,70,00,
142000,00000054,false,Rx,0,8,01,05,BD,00,6D,02,00,00,
142000,00000055,false,Rx,0,8,10,27,00,00,00,00,00,00,
142000,00000056,false,Rx,0,8,10,27,00,00,00,00,00,00,
143000,00000057,false,Rx,0,8,00,00,FE,FF,FE,FF,00,00,
170000,00000625,false,Rx,0,8,25,00,59,86,01,54,5C,06,
0,000002C4,false,Rx,0,8,09,20,00,00,6D,02,00,00,
0,000002C5,false,Rx,0,8,00,00,00,00,00,00,00,00,
182000,000002C6,false,Rx,0,8,32,00,7C,01,00,00,00,00,
233000,0000060D,false,Rx,0,8,0D,10,83,B6,09,20,70,00,
270000,00000625,false,Rx,0,8,25,00,59,86,01,54,5C,06,
332000,0000060D,false,Rx,0,8,0D,10,83,B6,09,20,70,00,
342000,00000054,false,Rx,0,8,01,05,BD,00,6D,02,00,00,
342000,00000055,false,Rx,0,8,10,27,00,00,00,00,00,00,
342000,00000056,false,Rx,0,8,10,27,00,00,00,00,00,00,
343000,00000057,false,Rx,0,8,00,00,FE,FF,FE,FF,00,00,
369000,00000625,false,Rx,0,8,25,00,59,86,01,54,5C,06,
401000,000002C4,false,Rx,0,8,09,20,00,00,6D,02,00,00,
401000,000002C5,false,Rx,0,8,00,00,00,00,00,00,00,00,
401000,000002C6,false,Rx,0,8,32,00,7C,01,00,00,00,00,
432000,0000060D,false,Rx,0,8,0D,10,83,B6,09,20,70,00,
470000,00000625,false,Rx,0,8,25,00,59,86,01,54,5C,06,
531000,0000060D,false,Rx,0,8,0D,10,83,B6,09,20,70,00,
542000,00000054,false,Rx,0,8,01,05,BD,00,6D,02,00,00,
542000,00000055,false,Rx,0,8,10,27,00,00,00,00,00,00,
542000,00000056,false,Rx,0,8,10,27,00,00,00,00,00,00,
542000,00000057,false,Rx,0,8,00,00,FE,FF,FE,FF,00,00,
570000,00000625,false,Rx,0,8,25,00,59,86,01,54,5C,06,
621000,000002C4,false,Rx,0,8,09,20,00,00,6D,02,00,00,
621000,000002C5,false,Rx,0,8,00,00,00,00,00,00,00,00,
622000,000002C6,false,Rx,0,8,32,00,7C,01,00,00,00,00,
631000,0000060D,false,Rx,0,8,0D,10,83,B6,09,20,70,00,
670000,00000625,false,Rx,0,8,25,00,59,86,01,54,5C,06,
732000,0000060D,false,Rx,0,8,0D,10,83,B6,09,20,70,00,
0,00000054,false,Rx,0,8,01,05,BD,00,6D,02,00,00,
0,00000055,false,Rx,0,8,10,27,00,00,00,00,00,00,
743000,00000056,false,Rx,0,8,10,27,00,00,00,00,00,00,
743000,00000057,false,Rx,0,8,00,00,FE,FF,FE,FF,00,00,
769000,00000625,false,Rx,0,8,25,00,59,86,01,54,5C,06,
832000,0000060D,false,Rx,0,8,0D,10,83,B6,09,20,70,00,
841000,000002C4,false,Rx,0,8,09,20,00,00,6D,02,00,00,
841000,000002C5,false,Rx,0,8,00,00,00,00,00,00,00,00,
842000,000002C6,false,Rx,0,8,32,00,7C,01,00,00,00,00,
870000,00000625,false,Rx,0,8,25,00,59,86,01,54,5C,06,
933000,0000060D,false,Rx,0,8,0D,10,83,B6,09,20,70,00,
942000,00000054,false,Rx,0,8,01,05,BD,00,6D,02,00,00,
943000,00000055,false,Rx,0,8,10,27,00,00,00,00,00,00,
943000,00000056,false,Rx,0,8,10,27,00,00,00,00,00,00,
943000,00000057,false,Rx,0,8,00,00,FE,FF,FE,FF,00,00,
970000,00000625,false,Rx,0,8,25,00,59,86,01,54,5C,06,
32000,0000060D,false,Rx,0,8,0D,10,83,B6,09,20,70,00,
61000,000002C4,false,Rx,0,8,09,20,00,00,6D,02,00,00,
61000,000002C5,false,Rx,0,8,00,00,00,00,00,00,00,00,
61000,000002C6,false,Rx,0,8,32,00,7C,01,00,00,00,00,
70000,00000625,false,Rx,0,8,25,00,59,86,01,54,5C,06,
132000,0000060D,false,Rx,0,8,0D,10,83,B6,09,20,70,00,
142000,00000054,false,Rx,0,8,01,05,BD,00,6D,02,00,00,
142000,00000055,false,Rx,0,8,10,27,00,00,00,00,00,00,
142000,00000056,false,Rx,0,8,10,27,00,00,00,00,00,00,
142000,00000057,false,Rx,0,8,00,00,FE,FF,FE,FF,00,00,
170000,00000625,false,Rx,0,8,25,00,59,86,01,54,5C,06,
232000,0000060D,false,Rx,0,8,0D,10,83,B6,09,20,70,00,
270000,00000625,false,Rx,0,8,25,00,59,86,01,54,5C,06,
281000,000002C4,false,Rx,0,8,09,20,00,00,6D,02,00,00,
281000,000002C5,false,Rx,0,8,00,00,00,00,00,00,00,00,
281000,000002C6,false,Rx,0,8,32,00,7C,01,00,00,00,00,
332000,0000060D,false,Rx,0,8,0D,10,83,B6,09,20,70,00,
342000,00000054,false,Rx,0,8,01,05,BD,00,6D,02,00,00,
342000,00000055,false,Rx,0,8,10,27,00,00,00,00,00,00,
342000,00000056,false,Rx,0,8,10,27,00,00,00,00,00,00,
343000,00000057,false,Rx,0,8,00,00,FE,FF,FE,FF,00,00,
370000,00000625,false,Rx,0,8,25,00,59,86,01,54,5C,06,
432000,0000060D,false,Rx,0,8,0D,10,83,B6,09,20,70,00,
470000,00000625,false,Rx,0,8,25,00,59,86,01,54,5C,06,
502000,000002C4,false,Rx,0,8,09,20,00,00,6D,02,00,00,
502000,000002C5,false,Rx,0,8,00,00,00,00,00,00,00,00,
502000,000002C6,false,Rx,0,8,32,00,7C,01,00,00,00,00,
532000,0000060D,false,Rx,0,8,0D,10,83,B6,09,20,70,00,
542000,00000054,false,Rx,0,8,01,05,BD,00,6D,02,00,00,
542000,00000055,false,Rx,0,8,10,27,00,00,00,00,00,00,
542000,00000056,false,Rx,0,8,10,27,00,00,00,00,00,00,
543000,00000057,false,Rx,0,8,00,00,FE,FF,FE,FF,00,00,
570000,00000625,false,Rx,0,8,25,00,59,86,01,54,5C,06,
632000,0000060D,false,Rx,0,8,0D,10,83,B6,09,20,70,00,
670000,00000625,false,Rx,0,8,25,00,59,86,01,54,5C,06,
721000,000002C4,false,Rx,0,8,09,20,00,00,6D,02,00,00,
721000,000002C5,false,Rx,0,8,00,00,00,00,00,00,00,00,
722000,000002C6,false,Rx,0,8,32,00,7C,01,00,00,00,00,
732000,0000060D,false,Rx,0,8,0D,10,83,B6,09,20,70,00,
742000,00000054,false,Rx,0,8,01,05,BD,00,6D,02,00,00,
742000,00000055,false,Rx,0,8,10,27,00,00,00,00,00,00,
742000,00000056,false,Rx,0,8,10,27,00,00,00,00,00,00,
743000,00000057,false,Rx,0,8,00,00,FE,FF,FE,FF,00,00,
769000,00000625,false,Rx,0,8,25,00,59,86,01,54,5C,06,
832000,0000060D,false,Rx,0,8,0D,10,83,B6,09,20,70,00,
870000,00000625,false,Rx,0,8,25,00,59,86,01,54,5C,06,
932000,0000060D,false,Rx,0,8,0D,10,83,B6,09,20,70,00,
941000,000002C4,false,Rx,0,8,09,20,00,00,6D,02,00,00,
941000,000002C5,false,Rx,0,8,00,00,00,00,00,00,00,00,
941000,000002C6,false,Rx,0,8,32,00,7C,01,00,00,00,00,
942000,00000054,false,Rx,0,8,01,05,BD,00,6D,02,00,00,
942000,00000055,false,Rx,0,8,10,27,00,00,00,00,00,00,
942000,00000056,false,Rx,0,8,10,27,00,00,00,00,00,00,
942000,00000057,false,Rx,0,8,00,00,FE,FF,FE,FF,00,00,
970000,00000625,false,Rx,0,8,25,00,59,86,01,54,5C,06,
32000,0000060D,false,Rx,0,8,0D,10,83,B6,09,20,70,00,
70000,00000625,false,Rx,0,8,25,00,59,86,01,54,5C,06,
132000,0000060D,false,Rx,0,8,0D,10,83,B6,09,20,70,00,
142000,00000054,false,Rx,0,8,01,05,BD,00,6D,02,00,00,
142000,00000055,false,Rx,0,8,10,27,00,00,00,00,00,00,
142000,00000056,false,Rx,0,8,10,27,00,00,00,00,00,00,
143000,00000057,false,Rx,0,8,00,00,FE,FF,FE,FF,00,00,
0,000002C4,false,Rx,0,8,09,20,00,00,6D,02,00,00,
0,000002C5,false,Rx,0,8,00,00,00,00,00,00,00,00,
161000,000002C6,false,Rx,0,8,32,00,7C,01,00,00,00,00,
170000,00000625,false,Rx,0,8,25,00,59,86,01,54,5C,06,
232000,0000060D,false,Rx,0,8,0D,10,83,B6,09,20,70,00,
270000,00000625,false,Rx,0,8,25,00,59,86,01,54,5C,06,
332000,0000060D,false,Rx,0,8,0D,10,83,B6,09,20,70,00,
342000,00000054,false,Rx,0,8,01,05,BD,00,6D,02,00,00,
342000,00000055,false,Rx,0,8,10,27,00,00,00,00,00,00,
342000,00000056,false,Rx,0,8,10,27,00,00,00,00,00,00,
343000,00000057,false,Rx,0,8,00,00,FE,FF,FE,FF,00,00,
370000,00000625,false,Rx,0,8,25,00,59,86,01,54,5C,06,
0,000002C4,false,Rx,0,8,09,20,00,00,6D,02,00,00,
0,000002C5,false,Rx,0,8,00,00,00,00,00,00,00,00,
381000,000002C6,false,Rx,0,8,32,00,7C,01,00,00,00,00,
433000,0000060D,false,Rx,0,8,0D,10,83,B6,09,20,70,00,
470000,00000625,false,Rx,0,8,25,00,59,86,01,54,5C,06,
532000,0000060D,false,Rx,0,8,0D,10,83,B6,09,20,70,00,
542000,00000054,false,Rx,0,8,01,05,BD,00,6D,02,00,00,
542000,00000055,false,Rx,0,8,10,27,00,00,00,00,00,00,
0,00000056,false,Rx,0,8,10,27,00,00,00,00,00,00,
0,00000057,false,Rx,0,8,00,00,FE,FF,FE,FF,00,00,
569000,00000625,false,Rx,0,8,25,00,59,86,01,54,5C,06,
601000,000002C4,false,Rx,0,8,09,20,00,00,6D,02,00,00,
601000,000002C5,false,Rx,0,8,00,00,00,00,00,00,00,00,
601000,000002C6,false,Rx,0,8,32,00,7C,01,00,00,00,00,
632000,0000060D,false,Rx,0,8,0D,10,83,B6,09,20,70,00,
670000,00000625,false,Rx,0,8,25,00,59,86,01,54,5C,06,
732000,0000060D,false,Rx,0,8,0D,10,83,B6,09,20,70,00,
0,00000054,false,Rx,0,8,01,05,BD,00,6D,02,00,00,
0,00000055,false,Rx,0,8,10,27,00,00,00,00,00,00,
0,00000056,false,Rx,0,8,10,27,00,00,00,00,00,00,
0,00000057,false,Rx,0,8,00,00,FE,FF,FE,FF,00,00,
770000,00000625,false,Rx,0,8,25,00,59,86,01,54,5C,06,
0,000002C4,false,Rx,0,8,09,20,00,00,6D,02,00,00,
0,000002C5,false,Rx,0,8,00,00,00,00,00,00,00,00,
821000,000002C6,false,Rx,0,8,32,00,7C,01,00,00,00,00,
832000,0000060D,false,Rx,0,8,0D,10,83,B6,09,20,70,00,
870000,00000625,false,Rx,0,8,25,00,59,86,01,54,5C,06,
933000,0000060D,false,Rx,0,8,0D,10,83,B6,09,20,70,00,
0,00000054,false,Rx,0,8,01,05,BD,00,6D,02,00,00,
0,00000055,false,Rx,0,8,10,27,00,00,00,00,00,00,
943000,00000056,false,Rx,0,8,10,27,00,00,00,00,00,00,
943000,00000057,false,Rx,0,8,00,00,FE,FF,FE,FF,00,00,
970000,00000625,false,Rx,0,8,25,00,59,86,01,54,5C,06,
32000,0000060D,false,Rx,0,8,0D,10,83,B6,09,20,70,00,
41000,000002C4,false,Rx,0,8,09,20,00,00,6D,02,00,00,
41000,000002C5,false,Rx,0,8,00,00,00,00,00,00,00,00,
42000,000002C6,false,Rx,0,8,32,00,7C,01,00,00,00,00,
70000,00000625,false,Rx,0,8,25,00,59,86,01,54,5C,06,
132000,0000060D,false,Rx,0,8,0D,10,83,B6,09,20,70,00,
0,00000054,false,Rx,0,8,01,05,BD,00,6D,02,00,00,
0,00000055,false,Rx,0,8,10,27,00,00,00,00,00,00,
142000,00000056,false,Rx,0,8,10,27,00,00,00,00,00,00,
143000,00000057,false,Rx,0,8,00,00,FE,FF,FE,FF,00,00,
170000,00000625,false,Rx,0,8,25,00,59,86,01,54,5C,06,
232000,0000060D,false,Rx,0,8,0D,10,83,B6,09,20,70,00,
261000,000002C4,false,Rx,0,8,09,20,00,00,6D,02,00,00,
261000,000002C5,false,Rx,0,8,00,00,00,00,00,00,00,00,
261000,000002C6,false,Rx,0,8,32,00,7C,01,00,00,00,00,
270000,00000625,false,Rx,0,8,25,00,59,86,01,54,5C,06,
332000,0000060D,false,Rx,0,8,0D,10,83,B6,09,20,70,00,
342000,00000054,false,Rx,0,8,01,05,BD,00,6D,02,00,00,
342000,00000055,false,Rx,0,8,10,27,00,00,00,00,00,00,
343000,00000056,false,Rx,0,8,10,27,00,00,00,00,00,00,
343000,00000057,false,Rx,0,8,00,00,FE,FF,FE,FF,00,00,
370000,00000625,false,Rx,0,8,25,00,59,86,01,54,5C,06,
433000,0000060D,false,Rx,0,8,0D,10,83,B6,09,20,70,00,
470000,00000625,false,Rx,0,8,25,00,59,86,01,54,5C,06,
481000,000002C4,false,Rx,0,8,09,20,00,00,6D,02,00,00,
481000,000002C5,false,Rx,0,8,00,00,00,00,00,00,00,00,
482000,000002C6,false,Rx,0,8,32,00,7C,01,00,00,00,00,
532000,0000060D,false,Rx,0,8,0D,10,83,B6,09,20,70,00,
0,00000054,false,Rx,0,8,01,05,BD,00,6D,02,00,00,
0,00000055,false,Rx,0,8,10,27,00,00,00,00,00,00,
0,00000056,false,Rx,0,8,10,27,00,00,00,00,00,00,
0,00000057,false,Rx,0,8,00,00,FE,FF,FE,FF,00,00,
570000,00000625,false,Rx,0,8,25,00,59,86,01,54,5C,06,
633000,0000060D,false,Rx,0,8,0D,10,83,B6,09,20,70,00,
670000,00000625,false,Rx,0,8,25,00,59,86,01,54,5C,06,
0,000002C4,false,Rx,0,8,09,20,00,00,6D,02,00,00,
0,000002C5,false,Rx,0,8,00,00,00,00,00,00,00,00,
702000,000002C6,false,Rx,0,8,32,00,7C,01,00,00,00,00,
733000,0000060D,false,Rx,0,8,0D,10,83,B6,09,20,70,00,
0,00000054,false,Rx,0,8,01,05,BD,00,6D,02,00,00,
0,00000055,false,Rx,0,8,10,27,00,00,00,00,00,00,
742000,00000056,false,Rx,0,8,10,27,00,00,00,00,00,00,
743000,00000057,false,Rx,0,8,00,00,FE,FF,FE,FF,00,00,
769000,00000625,false,Rx,0,8,25,00,59,86,01,54,5C,06,
832000,0000060D,false,Rx,0,8,0D,10,83,B6,09,20,70,00,
869000,00000625,false,Rx,0,8,25,00,59,86,01,54,5C,06,
921000,000002C4,false,Rx,0,8,09,20,00,00,6D,02,00,00,
921000,000002C5,false,Rx,0,8,00,00,00,00,00,00,00,00,
921000,000002C6,false,Rx,0,8,32,00,7C,01,00,00,00,00,
932000,0000060D,false,Rx,0,8,0D,10,83,B6,09,20,70,00,
942000,00000054,false,Rx,0,8,01,05,BD,00,6D,02,00,00,
942000,00000055,false,Rx,0,8,10,27,00,00,00,00,00,00,
942000,00000056,false,Rx,0,8,10,27,00,00,00,00,00,00,
942000,00000057,false,Rx,0,8,00,00,FE,FF,FE,FF,00,00,
970000,00000625,false,Rx,0,8,25,00,59,86,01,54,5C,06,
31000,0000060D,false,Rx,0,8,0D,10,83,B6,09,20,70,00,
70000,00000625,false,Rx,0,8,25,00,59,86,01,54,5C,06,
132000,0000060D,false,Rx,0,8,0D,10,83,B6,09,20,70,00,
0,000002C4,false,Rx,0,8,09,20,00,00,6D,02,00,00,
0,000002C5,false,Rx,0,8,00,00,00,00,00,00,00,00,
141000,000002C6,false,Rx,0,8,32,00,7C,01,00,00,00,00,
142000,00000054,false,Rx,0,8,01,05,BD,00,6D,02,00,00,
142000,00000055,false,Rx,0,8,10,27,00,00,00,00,00,00,
142000,00000056,false,Rx,0,8,10,27,00,00,00,00,00,00,
143000,00000057,false,Rx,0,8,00,00,FE,FF,FE,FF,00,00,
170000,00000625,false,Rx,0,8,25,00,59,86,01,54,5C,06,
233000,0000060D,false,Rx,0,8,0D,10,83,B6,09,20,70,00,
270000,00000625,false,Rx,0,8,25,00,59,86,01,54,5C,06,
332000,0000060D,false,Rx,0,8,0D,10,83,B6,09,20,70,00,
342000,00000054,false,Rx,0,8,01,05,BD,00,6D,02,00,00,
342000,00000055,false,Rx,0,8,10,27,00,00,00,00,00,00,
343000,00000056,false,Rx,0,8,10,27,00,00,00,00,00,00,
343000,00000057,false,Rx,0,8,00,00,FE,FF,FE,FF,00,00,
361000,000002C4,false,Rx,0,8,09,20,00,00,6D,02,00,00,
361000,000002C5,false,Rx,0,8,00,00,00,00,00,00,00,00,
361000,000002C6,false,Rx,0,8,32,00,7C,01,00,00,00,00,
370000,00000625,false,Rx,0,8,25,00,59,86,01,54,5C,06,
432000,0000060D,false,Rx,0,8,0D,10,83,B6,09,20,70,00,
470000,00000625,false,Rx,0,8,25,00,59,86,01,54,5C,06,
531000,0000060D,false,Rx,0,8,0D,10,83,B6,09,20,70,00,
542000,00000054,false,Rx,0,8,01,05,BD,00,6D,02,00,00,
542000,00000055,false,Rx,0,8,10,27,00,00,00,00,00,00,
543000,00000056,false,Rx,0,8,10,27,00,00,00,00,00,00,
543000,00000057,false,Rx,0,8,00,00,FE,FF,FE,FF,00,00,
569000,00000625,false,Rx,0,8,25,00,59,86,01,54,5C,06,
581000,000002C4,false,Rx,0,8,09,20,00,00,6D,02,00,00,
581000,000002C5,false,Rx,0,8,00,00,00,00,00,00,00,00,
582000,000002C6,false,Rx,0,8,32,00,7C,01,00,00,00,00,
632000,0000060D,false,Rx,0,8,0D,10,83,B6,09,20,70,00,
670000,00000625,false,Rx,0,8,25,00,59,86,01,54,5C,06,
732000,0000060D,false,Rx,0,8,0D,10,83,B6,09,20,70,00,
0,00000054,false,Rx,0,8,01,05,BD,00,6D,02,00,00,
0,00000055,false,Rx,0,8,10,27,00,00,00,00,00,00,
742000,00000056,false,Rx,0,8,10,27,00,00,00,00,00,00,
742000,00000057,false,Rx,0,8,00,00,FE,FF,FE,FF,00,00,
770000,00000625,false,Rx,0,8,25,00,59,86,01,54,5C,06,
801000,000002C4,false,Rx,0,8,09,20,00,00,6D,02,00,00,
801000,000002C5,false,Rx,0,8,00,00,00,00,00,00,00,00,
802000,000002C6,false,Rx,0,8,32,00,7C,01,00,00,00,00,
832000,0000060D,false,Rx,0,8,0D,10,83,B6,09,20,70,00,
870000,00000625,false,Rx,0,8,25,00,59,86,01,54,5C,06,
933000,0000060D,false,Rx,0,8,0D,10,83,B6,09,20,70,00,
0,00000054,false,Rx,0,8,01,05,BD,00,6D,02,00,00,
0,00000055,false,Rx,0,8,10,27,00,00,00,00,00,00,
943000,00000056,false,Rx,0,8,10,27,00,00,00,00,00,00,
943000,00000057,false,Rx,0,8,00,00,FE,FF,FE,FF,00,00,
970000,00000625,false,Rx,0,8,25,00,59,86,01,54,5C,06,
21000,000002C4,false,Rx,0,8,09,20,00,00,6D,02,00,00,
21000,000002C5,false,Rx,0,8,00,00,00,00,00,00,00,00,
22000,000002C6,false,Rx,0,8,32,00,7C,01,00,00,00,00,
32000,0000060D,false,Rx,0,8,0D,10,83,B6,09,20,70,00,
70000,00000625,false,Rx,0,8,25,00,59,86,01,54,5C,06,
132000,0000060D,false,Rx,0,8,0D,10,83,B6,09,20,70,00,
142000,00000054,false,Rx,0,8,01,05,BD,00,6D,02,00,00,
142000,00000055,false,Rx,0,8,10,27,00,00,00,00,00,00,
142000,00000056,false,Rx,0,8,10,27,00,00,00,00,00,00,
143000,00000057,false,Rx,0,8,00,00,FE,FF,FE,FF,00,00,
170000,00000625,false,Rx,0,8,25,00,59,86,01,54,5C,06,
232000,0000060D,false,Rx,0,8,0D,10,83,B6,09,20,70,00,
241000,000002C4,false,Rx,0,8,09,20,00,00,6D,02,00,00,
241000,000002C5,false,Rx,0,8,00,00,00,00,00,00,00,00,
242000,000002C6,false,Rx,0,8,32,00,7C,01,00,00,00,00,
270000,00000625,false,Rx,0,8,25,00,59,86,01,54,5C,06,
332000,0000060D,false,Rx,0,8,0D,10,83,B6,09,20,70,00,
0,00000054,false,Rx,0,8,01,05,BD,00,6D,02,00,00,
0,00000055,false,Rx,0,8,10,27,00,00,00,00,00,00,
0,00000056,false,Rx,0,8,10,27,00,00,00,00,00,00,
0,00000057,false,Rx,0,8,00,00,FE,FF,FE,FF,00,00,
370000,00000625,false,Rx,0,8,25,00,59,86,01,54,5C,06,
432000,0000060D,false,Rx,0,8,0D,10,83,B6,09,20,70,00,
0,000002C4,false,Rx,0,8,09,20,00,00,6D,02,00,00,
0,000002C5,false,Rx,0,8,00,00,00,00,00,00,00,00,
462000,000002C6,false,Rx,0,8,32,00,7C,01,00,00,00,00,
470000,00000625,false,Rx,0,8,25,00,59,86,01,54,5C,06,
532000,0000060D,false,Rx,0,8,0D,10,83,B6,09,20,70,00,
542000,00000054,false,Rx,0,8,01,05,BD,00,6D,02,00,00,
542000,00000055,false,Rx,0,8,10,27,00,00,00,00,00,00,
543000,00000056,false,Rx,0,8,10,27,00,00,00,00,00,00,
543000,00000057,false,Rx,0,8,00,00,FE,FF,FE,FF,00,00,
570000,00000625,false,Rx,0,8,25,00,59,86,01,54,5C,06,
633000,0000060D,false,Rx,0,8,0D,10,83,B6,09,20,70,00,
671000,00000625,false,Rx,0,8,25,00,59,86,01,54,5C,06,
0,000002C4,false,Rx,0,8,09,20,00,00,6D,02,00,00,
0,000002C5,false,Rx,0,8,00,00,00,00,00,00,00,00,
682000,000002C6,false,Rx,0,8,32,00,7C,01,00,00,00,00,
732000,0000060D,false,Rx,0,8,0D,10,83,B6,09,20,70,00,
742000,00000054,false,Rx,0,8,01,05,BD,00,6D,02,00,00,
742000,00000055,false,Rx,0,8,10,27,00,00,00,00,00,00,
742000,00000056,false,Rx,0,8,10,27,00,00,00,00,00,00,
742000,00000057,false,Rx,0,8,00,00,FE,FF,FE,FF,00,00,
770000,00000625,false,Rx,0,8,25,00,59,86,01,54,5C,06,
832000,0000060D,false,Rx,0,8,0D,10,83,B6,09,20,70,00,
870000,00000625,false,Rx,0,8,25,00,59,86,01,54,5C,06,
901000,000002C4,false,Rx,0,8,09,20,00,00,6D,02,00,00,
901000,000002C5,false,Rx,0,8,00,00,00,00,00,00,00,00,
902000,000002C6,false,Rx,0,8,32,00,7C,01,00,00,00,00,
932000,0000060D,false,Rx,0,8,0D,10,83,B6,09,20,70,00,
0,00000054,false,Rx,0,8,01,05,BD,00,6D,02,00,00,
0,00000055,false,Rx,0,8,10,27,00,00,00,00,00,00,
943000,00000056,false,Rx,0,8,10,27,00,00,00,00,00,00,
943000,00000057,false,Rx,0,8,00,00,FE,FF,FE,FF,00,00,
970000,00000625,false,Rx,0,8,25,00,59,86,01,54,5C,06,
32000,0000060D,false,Rx,0,8,0D,10,83,B6,09,20,70,00,
70000,00000625,false,Rx,0,8,25,00,59,86,01,54,5C,06,
121000,000002C4,false,Rx,0,8,09,20,00,00,6D,02,00,00,
121000,000002C5,false,Rx,0,8,00,00,00,00,00,00,00,00,
122000,000002C6,false,Rx,0,8,32,00,7C,01,00,00,00,00,
133000,0000060D,false,Rx,0,8,0D,10,83,B6,09,20,70,00,
142000,00000054,false,Rx,0,8,01,05,BD,00,6D,02,00,00,
142000,00000055,false,Rx,0,8,10,27,00,00,00,00,00,00,
143000,00000056,false,Rx,0,8,10,27,00,00,00,00,00,00,
143000,00000057,false,Rx,0,8,00,00,FE,FF,FE,FF,00,00,
170000,00000625,false,Rx,0,8,25,00,59,86,01,54,5C,06,
233000,0000060D,false,Rx,0,8,0D,10,83,B6,09,20,70,00,
270000,00000625,false,Rx,0,8,25,00,59,86,01,54,5C,06,
332000,0000060D,false,Rx,0,8,0D,10,83,B6,09,20,70,00,
341000,000002C4,false,Rx,0,8,09,20,00,00,6D,02,00,00,
341000,000002C5,false,Rx,0,8,00,00,00,00,00,00,00,00,
341000,000002C6,false,Rx,0,8,32,00,7C,01,00,00,00,00,
342000,00000054,false,Rx,0,8,01,05,BD,00,6D,02,00,00,
342000,00000055,false,Rx,0,8,10,27,00,00,00,00,00,00,
342000,00000056,false,Rx,0,8,10,27,00,00,00,00,00,00,
343000,00000057,false,Rx,0,8,00,00,FE,FF,FE,FF,00,00,
369000,00000625,false,Rx,0,8,25,00,59,86,01,54,5C,06,
432000,0000060D,false,Rx,0,8,0D,10,83,B6,09,20,70,00,
470000,00000625,false,Rx,0,8,25,00,59,86,01,54,5C,06,
531000,0000060D,false,Rx,0,8,0D,10,83,B6,09,20,70,00,
0,00000054,false,Rx,0,8,01,05,BD,00,6D,02,00,00,
0,00000055,false,Rx,0,8,10,27,00,00,00,00,00,00,
543000,00000056,false,Rx,0,8,10,27,00,00,00,00,00,00,
543000,00000057,false,Rx,0,8,00,00,FE,FF,FE,FF,00,00,
561000,000002C4,false,Rx,0,8,09,20,00,00,6D,02,00,00,
561000,000002C5,false,Rx,0,8,00,00,00,00,00,00,00,00,
561000,000002C6,false,Rx,0,8,32,00,7C,01,00,00,00,00,
570000,00000625,false,Rx,0,8,25,00,59,86,01,54,5C,06,
633000,0000060D,false,Rx,0,8,0D,10,83,B6,09,20,70,00,
670000,00000625,false,Rx,0,8,25,00,59,86,01,54,5C,06,
733000,0000060D,false,Rx,0,8,0D,10,83,B6,09,20,70,00,
742000,00000054,false,Rx,0,8,01,05,BD,00,6D,02,00,00,
743000,00000055,false,Rx,0,8,10,27,00,00,00,00,00,00,
0,00000056,false,Rx,0,8,10,27,00,00,00,00,00,00,
0,00000057,false,Rx,0,8,00,00,FE,FF,FE,FF,00,00,
769000,00000625,false,Rx,0,8,25,00,59,86,01,54,5C,06,
780000,000002C4,false,Rx,0,8,09,20,00,00,6D,02,00,00,
781000,000002C5,false,Rx,0,8,00,00,00,00,00,00,00,00,
781000,000002C6,false,Rx,0,8,32,00,7C,01,00,00,00,00,
833000,0000060D,false,Rx,0,8,0D,10,83,B6,09,20,70,00,
869000,00000625,false,Rx,0,8,25,00,59,86,01,54,5C,06,
932000,0000060D,false,Rx,0,8,0D,10,83,B6,09,20,70,00,
0,00000054,false,Rx,0,8,01,05,BD,00,6D,02,00,00,
0,00000055,false,Rx,0,8,10,27,00,00,00,00,00,00,
943000,00000056,false,Rx,0,8,10,27,00,00,00,00,00,00,
943000,00000057,false,Rx,0,8,00,00,FE,FF,FE,FF,00,00,
969000,00000625,false,Rx,0,8,25,00,59,86,01,54,5C,06,
0,000002C4,false,Rx,0,8,09,20,00,00,6D,02,00,00,
0,000002C5,false,Rx,0,8,00,00,00,00,00,00,00,00,
2000,000002C6,false,Rx,0,8,32,00,7C,01,00,00,00,00,
32000,0000060D,false,Rx,0,8,0D,10,83,B6,09,20,70,00,
70000,00000625,false,Rx,0,8,25,00,59,86,01,54,5C,06,
132000,0000060D,false,Rx,0,8,0D,10,83,B6,09,20,70,00,
142000,00000054,false,Rx,0,8,01,05,BD,00,6D,02,00,00,
142000,00000055,false,Rx,0,8,10,27,00,00,00,00,00,00,
0,00000056,false,Rx,0,8,10,27,00,00,00,00,00,00,
0,00000057,false,Rx,0,8,00,00,FE,FF,FE,FF,00,00,
170000,00000625,false,Rx,0,8,25,00,59,86,01,54,5C,06,
0,000002C4,false,Rx,0,8,09,20,00,00,6D,02,00,00,
0,000002C5,false,Rx,0,8,00,00,00,00,00,00,00,00,
221000,000002C6,false,Rx,0,8,32,00,7C,01,00,00,00,00,
232000,0000060D,false,Rx,0,8,0D,10,83,B6,09,20,70,00,
270000,00000625,false,Rx,0,8,25,00,59,86,01,54,5C,06,
332000,0000060D,false,Rx,0,8,0D,10,83,B6,09,20,70,00,
342000,00000054,false,Rx,0,8,01,05,BD,00,6D,02,00,00,
342000,00000055,false,Rx,0,8,10,27,00,00,00,00,00,00,
343000,00000056,false,Rx,0,8,10,27,00,00,00,00,00,00,
343000,00000057,false,Rx,0,8,00,00,FE,FF,FE,FF,00,00,
370000,00000625,false,Rx,0,8,25,00,59,86,01,54,5C,06,
433000,0000060D,false,Rx,0,8,0D,10,83,B6,09,20,70,00,
0,000002C4,false,Rx,0,8,09,20,00,00,6D,02,00,00,
0,000002C5,false,Rx,0,8,00,00,00,00,00,00,00,00,
441000,000002C6,false,Rx,0,8,32,00,7C,01,00,00,00,00,
470000,00000625,false,Rx,0,8,25,00,59,86,01,54,5C,06,
532000,0000060D,false,Rx,0,8,0D,10,83,B6,09,20,70,00,
542000,00000054,false,Rx,0,8,01,05,BD,00,6D,02,00,00,
542000,00000055,false,Rx,0,8,10,27,00,00,00,00,00,00,
542000,00000056,false,Rx,0,8,10,27,00,00,00,00,00,00,
542000,00000057,false,Rx,0,8,00,00,FE,FF,FE,FF,00,00,
569000,00000625,false,Rx,0,8,25,00,59,86,01,54,5C,06,
632000,0000060D,false,Rx,0,8,0D,10,83,B6,09,20,70,00,
0,000002C4,false,Rx,0,8,09,20,00,00,6D,02,00,00,
0,000002C5,false,Rx,0,8,00,00,00,00,00,00,00,00,
661000,000002C6,false,Rx,0,8,32,00,7C,01,00,00,00,00,
671000,00000625,false,Rx,0,8,25,00,59,86,01,54,5C,06,
732000,0000060D,false,Rx,0,8,0D,10,83,B6,09,20,70,00,
742000,00000054,false,Rx,0,8,01,05,BD,00,6D,02,00,00,
742000,00000055,false,Rx,0,8,10,27,00,00,00,00,00,00,
742000,00000056,false,Rx,0,8,10,27,00,00,00,00,00,00,
743000,00000057,false,Rx,0,8,00,00,FE,FF,FE,FF,00,00,
770000,00000625,false,Rx,0,8,25,00,59,86,01,54,5C,06,
832000,0000060D,false,Rx,0,8,0D,10,83,B6,09,20,70,00,
870000,00000625,false,Rx,0,8,25,00,59,86,01,54,5C,06,
0,000002C4,false,Rx,0,8,09,20,00,00,6D,02,00,00,
0,000002C5,false,Rx,0,8,00,00,00,00,00,00,00,00,
881000,000002C6,false,Rx,0,8,32,00,7C,01,00,00,00,00,
932000,0000060D,false,Rx,0,8,0D,10,83,B6,09,20,70,00,
942000,00000054,false,Rx,0,8,01,05,BD,00,6D,02,00,00,
942000,00000055,false,Rx,0,8,10,27,00,00,00,00,00,00,
942000,00000056,false,Rx,0,8,10,27,00,00,00,00,00,00,
942000,00000057,false,Rx,0,8,00,00,FE,FF,FE,FF,00,00,
970000,00000625,false,Rx,0,8,25,00,59,86,01,54,5C,06,
32000,0000060D,false,Rx,0,8,0D,10,83,B6,09,20,70,00,
70000,00000625,false,Rx,0,8,25,00,59,86,01,54,5C,06,
101000,000002C4,false,Rx,0,8,09,20,00,00,6D,02,00,00,
101000,000002C5,false,Rx,0,8,00,00,00,00,00,00,00,00,
102000,000002C6,false,Rx,0,8,32,00,7C,01,00,00,00,00,
132000,0000060D,false,Rx,0,8,0D,10,83,B6,09,20,70,00,
142000,00000054,false,Rx,0,8,01,05,BD,00,6D,02,00,00,
142000,00000055,false,Rx,0,8,10,27,00,00,00,00,00,00,
142000,00000056,false,Rx,0,8,10,27,00,00,00,00,00,00,
142000,00000057,false,Rx,0,8,00,00,FE,FF,FE,FF,00,00,
170000,00000625,false,Rx,0,8,25,00,59,86,01,54,5C,06,
232000,0000060D,false,Rx,0,8,0D,10,83,B6,09,20,70,00,
270000,00000625,false,Rx,0,8,25,00,59,86,01,54,5C,06,
321000,000002C4,false,Rx,0,8,09,20,00,00,6D,02,00,00,
321000,000002C5,false,Rx,0,8,00,00,00,00,00,00,00,00,
321000,000002C6,false,Rx,0,8,32,00,7C,01,00,00,00,00,
332000,0000060D,false,Rx,0,8,0D,10,83,B6,09,20,70,00,
0,00000054,false,Rx,0,8,01,05,BD,00,6D,02,00,00,
0,00000055,false,Rx,0,8,10,27,00,00,00,00,00,00,
342000,00000056,false,Rx,0,8,10,27,00,00,00,00,00,00,
342000,00000057,false,Rx,0,8,00,00,FE,FF,FE,FF,00,00,
370000,00000625,false,Rx,0,8,25,00,59,86,01,54,5C,06,
432000,0000060D,false,Rx,0,8,0D,10,83,B6,09,20,70,00,
470000,00000625,false,Rx,0,8,25,00,59,86,01,54,5C,06,
532000,0000060D,false,Rx,0,8,0D,10,83,B6,09,20,70,00,
541000,000002C4,false,Rx,0,8,09,20,00,00,6D,02,00,00,
541000,000002C5,false,Rx,0,8,00,00,00,00,00,00,00,00,
542000,000002C6,false,Rx,0,8,32,00,7C,01,00,00,00,00,
0,00000054,false,Rx,0,8,01,05,BD,00,6D,02,00,00,
0,00000055,false,Rx,0,8,10,27,00,00,00,00,00,00,
543000,00000056,false,Rx,0,8,10,27,00,00,00,00,00,00,
543000,00000057,false,Rx,0,8,00,00,FE,FF,FE,FF,00,00,
569000,00000625,false,Rx,0,8,25,00,59,86,01,54,5C,06,
632000,0000060D,false,Rx,0,8,0D,10,83,B6,09,20,70,00,
669000,00000625,false,Rx,0,8,25,00,59,86,01,54,5C,06,
732000,0000060D,false,Rx,0,8,0D,10,83,B6,09,20,70,00,
742000,00000054,false,Rx,0,8,01,05,BD,00,6D,02,00,00,
742000,00000055,false,Rx,0,8,10,27,00,00,00,00,00,00,
742000,00000056,false,Rx,0,8,10,27,00,00,00,00,00,00,
742000,00000057,false,Rx,0,8,00,00,FE,FF,FE,FF,00,00,
761000,000002C4,false,Rx,0,8,09,20,00,00,6D,02,00,00,
761000,000002C5,false,Rx,0,8,00,00,00,00,00,00,00,00,
761000,000002C6,false,Rx,0,8,32,00,7C,01,00,00,00,00,
769000,00000625,false,Rx,0,8,25,00,59,86,01,54,5C,06,
833000,0000060D,false,Rx,0,8,0D,10,83,B6,09,20,70,00,
870000,00000625,false,Rx,0,8,25,00,59,86,01,54,5C,06,
932000,0000060D,false,Rx,0,8,0D,10,83,B6,09,20,70,00,
0,00000054,false,Rx,0,8,01,05,BD,00,6D,02,00,00,
0,00000055,false,Rx,0,8,10,27,00,00,00,00,00,00,
943000,00000056,false,Rx,0,8,10,27,00,00,00,00,00,00,
944000,00000057,false,Rx,0,8,00,00,FE,FF,FE,FF,00,00,
970000,00000625,false,Rx,0,8,25,00,59,86,01,54,5C,06,
981000,000002C4,false,Rx,0,8,09,20,00,00,6D,02,00,00,
981000,000002C5,false,Rx,0,8,00,00,00,00,00,00,00,00,
982000,000002C6,false,Rx,0,8,32,00,7C,01,00,00,00,00,
32000,0000060D,false,Rx,0,8,0D,10,83,B6,09,20,70,00,
70000,00000625,false,Rx,0,8,25,00,59,86,01,54,5C,06,
132000,0000060D,false,Rx,0,8,0D,10,83,B6,09,20,70,00,
0,00000054,false,Rx,0,8,01,05,BD,00,6D,02,00,00,
0,00000055,false,Rx,0,8,10,27,00,00,00,00,00,00,
143000,00000056,false,Rx,0,8,10,27,00,00,00,00,00,00,
143000,00000057,false,Rx,0,8,00,00,FE,FF,FE,FF,00,00,
170000,00000625,false,Rx,0,8,25,00,59,86,01,54,5C,06,
201000,000002C4,false,Rx,0,8,09,20,00,00,6D,02,00,00,
202000,000002C5,false,Rx,0,8,00,00,00,00,00,00,00,00,
202000,000002C6,false,Rx,0,8,32,00,7C,01,00,00,00,00,
232000,0000060D,false,Rx,0,8,0D,10,83,B6,09,20,70,00,
269000,00000625,false,Rx,0,8,25,00,59,86,01,54,5C,06,
332000,0000060D,false,Rx,0,8,0D,10,83,B6,09,20,70,00,
0,00000054,false,Rx,0,8,01,05,BD,00,6D,02,00,00,
0,00000055,false,Rx,0,8,10,27,00,00,00,00,00,00,
0,00000056,false,Rx,0,8,10,27,00,00,00,00,00,00,
343000,00000057,false,Rx,0,8,00,00,FE,FF,FE,FF,00,00,
370000,00000625,false,Rx,0,8,25,00,59,86,01,54,5C,06,
0,000002C4,false,Rx,0,8,09,20,00,00,6D,02,00,00,
0,000002C5,false,Rx,0,8,00,00,00,00,00,00,00,00,
0,000002C6,false,Rx,0,8,32,00,7C,01,00,00,00,00,
433000,0000060D,false,Rx,0,8,0D,10,83,B6,09,20,70,00,
470000,00000625,false,Rx,0,8,25,00,59,86,01,54,5C,06,
532000,0000060D,false,Rx,0,8,0D,10,83,B6,09,20,70,00,
542000,00000054,false,Rx,0,8,01,05,BD,00,6D,02,00,00,
542000,00000055,false,Rx,0,8,10,27,00,00,00,00,00,00,
0,00000056,false,Rx,0,8,10,27,00,00,00,00,00,00,
0,00000057,false,Rx,0,8,00,00,FE,FF,FE,FF,00,00,
570000,00000625,false,Rx,0,8,25,00,59,86,01,54,5C,06,
632000,0000060D,false,Rx,0,8,0D,10,83,B6,09,20,70,00,
0,000002C4,false,Rx,0,8,09,20,00,00,6D,02,00,00,
0,000002C5,false,Rx,0,8,00,00,00,00,00,00,00,00,
642000,000002C6,false,Rx,0,8,32,00,7C,01,00,00,00,00,
670000,00000625,false,Rx,0,8,25,00,59,86,01,54,5C,06,
732000,0000060D,false,Rx,0,8,0D,10,83,B6,09,20,70,00,
0,00000054,false,Rx,0,8,01,05,BD,00,6D,02,00,00,
0,00000055,false,Rx,0,8,10,27,00,00,00,00,00,00,
742000,00000056,false,Rx,0,8,10,27,00,00,00,00,00,00,
743000,00000057,false,Rx,0,8,00,00,FE,FF,FE,FF,00,00,
770000,00000625,false,Rx,0,8,25,00,59,86,01,54,5C,06,
832000,0000060D,false,Rx,0,8,0D,10,83,B6,09,20,70,00,
861000,000002C4,false,Rx,0,8,09,20,00,00,6D,02,00,00,
861000,000002C5,false,Rx,0,8,00,00,00,00,00,00,00,00,
861000,000002C6,false,Rx,0,8,32,00,7C,01,00,00,00,00,
870000,00000625,false,Rx,0,8,25,00,59,86,01,54,5C,06,
932000,0000060D,false,Rx,0,8,0D,10,83,B6,09,20,70,00,
942000,00000054,false,Rx,0,8,01,05,BD,00,6D,02,00,00,
942000,00000055,false,Rx,0,8,10,27,00,00,00,00,00,00,
942000,00000056,false,Rx,0,8,10,27,00,00,00,00,00,00,
943000,00000057,false,Rx,0,8,00,00,FE,FF,FE,FF,00,00,
969000,00000625,false,Rx,0,8,25,00,59,86,01,54,5C,06,
31000,0000060D,false,Rx,0,8,0D,10,83,B6,09,20,70,00,
70000,00000625,false,Rx,0,8,25,00,59,86,01,54,5C,06,
81000,000002C4,false,Rx,0,8,09,20,00,00,6D,02,00,00,
82000,000002C5,false,Rx,0,8,00,00,00,00,00,00,00,00,
82000,000002C6,false,Rx,0,8,32,00,7C,01,00,00,00,00,
131000,0000060D,false,Rx,0,8,0D,10,83,B6,09,20,70,00,
0,00000054,false,Rx,0,8,01,05,BD,00,6D,02,00,00,
0,00000055,false,Rx,0,8,10,27,00,00,00,00,00,00,
142000,00000056,false,Rx,0,8,10,27,00,00,00,00,00,00,
142000,00000057,false,Rx,0,8,00,00,FE,FF,FE,FF,00,00,
170000,00000625,false,Rx,0,8,25,00,59,86,01,54,5C,06,
232000,0000060D,false,Rx,0,8,0D,10,83,B6,09,20,70,00,
269000,00000625,false,Rx,0,8,25,00,59,86,01,54,5C,06,
301000,000002C4,false,Rx,0,8,09,20,00,00,6D,02,00,00,
301000,000002C5,false,Rx,0,8,00,00,00,00,00,00,00,00,
302000,000002C6,false,Rx,0,8,32,00,7C,01,00,00,00,00,
332000,0000060D,false,Rx,0,8,0D,10,83,B6,09,20,70,00,
342000,00000054,false,Rx,0,8,01,05,BD,00,6D,02,00,00,
342000,00000055,false,Rx,0,8,10,27,00,00,00,00,00,00,
343000,00000056,false,Rx,0,8,10,27,00,00,00,00,00,00,
343000,00000057,false,Rx,0,8,00,00,FE,FF,FE,FF,00,00,
370000,00000625,false,Rx,0,8,25,00,59,86,01,54,5C,06,
432000,0000060D,false,Rx,0,8,0D,10,83,B6,09,20,70,00,
469000,00000625,false,Rx,0,8,25,00,59,86,01,54,5C,06,
521000,000002C4,false,Rx,0,8,09,20,00,00,6D,02,00,00,
521000,000002C5,false,Rx,0,8,00,00,00,00,00,00,00,00,
521000,000002C6,false,Rx,0,8,32,00,7C,01,00,00,00,00,
532000,0000060D,false,Rx,0,8,0D,10,83,B6,09,20,70,00,
542000,00000054,false,Rx,0,8,01,05,BD,00,6D,02,00,00,
542000,00000055,false,Rx,0,8,10,27,00,00,00,00,00,00,
542000,00000056,false,Rx,0,8,10,27,00,00,00,00,00,00,
543000,00000057,false,Rx,0,8,00,00,FE,FF,FE,FF,00,00,
570000,00000625,false,Rx,0,8,25,00,59,86,01,54,5C,06,
632000,0000060D,false,Rx,0,8,0D,10,83,B6,09,20,70,00,
670000,00000625,false,Rx,0,8,25,00,59,86,01,54,5C,06,
732000,0000060D,false,Rx,0,8,0D,10,83,B6,09,20,70,00,
741000,000002C4,false,Rx,0,8,09,20,00,00,6D,02,00,00,
741000,000002C5,false,Rx,0,8,00,00,00,00,00,00,00,00,
741000,000002C6,false,Rx,0,8,32,00,7C,01,00,00,00,00,
742000,00000054,false,Rx,0,8,01,05,BD,00,6D,02,00,00,
0,00000055,false,Rx,0,8,10,27,00,00,00,00,00,00,
0,00000056,false,Rx,0,8,10,27,00,00,00,00,00,00,
743000,00000057,false,Rx,0,8,00,00,FE,FF,FE,FF,00,00,
770000,00000625,false,Rx,0,8,25,00,59,86,01,54,5C,06,
832000,0000060D,false,Rx,0,8,0D,10,83,B6,09,20,70,00,
870000,00000625,false,Rx,0,8,25,00,59,86,01,54,5C,06,
932000,0000060D,false,Rx,0,8,0D,10,83,B6,09,20,70,00,
0,00000054,false,Rx,0,8,01,05,BD,00,6D,02,00,00,
0,00000055,false,Rx,0,8,10,27,00,00,00,00,00,00,
942000,00000056,false,Rx,0,8,10,27,00,00,00,00,00,00,
942000,00000057,false,Rx,0,8,00,00,FE,FF,FE,FF,00,00,
0,000002C4,false,Rx,0,8,09,20,00,00,6D,02,00,00,
0,000002C5,false,Rx,0,8,00,00,00,00,00,00,00,00,
962000,000002C6,false,Rx,0,8,32,00,7C,01,00,00,00,00,
970000,00000625,false,Rx,0,8,25,00,59,86,01,54,5C,06,
32000,0000060D,false,Rx,0,8,0D,10,83,B6,09,20,70,00,
70000,00000625,false,Rx,0,8,25,00,59,86,01,54,5C,06,
132000,0000060D,false,Rx,0,8,0D,10,83,B6,09,20,70,00,
0,00000054,false,Rx,0,8,01,05,BD,00,6D,02,00,00,
0,00000055,false,Rx,0,8,10,27,00,00,00,00,00,00,
142000,00000056,false,Rx,0,8,10,27,00,00,00,00,00,00,
143000,00000057,false,Rx,0,8,00,00,FE,FF,FE,FF,00,00,
170000,00000625,false,Rx,0,8,25,00,59,86,01,54,5C,06,
182000,000002C4,false,Rx,0,8,09,20,00,00,6D,02,00,00,
182000,000002C5,false,Rx,0,8,00,00,00,00,00,00,00,00,
182000,000002C6,false,Rx,0,8,32,00,7C,01,00,00,00,00,
232000,0000060D,false,Rx,0,8,0D,10,83,B6,09,20,70,00,
270000,00000625,false,Rx,0,8,25,00,59,86,01,54,5C,06,
332000,0000060D,false,Rx,0,8,0D,10,83,B6,09,20,70,00,
0,00000054,false,Rx,0,8,01,05,BD,00,6D,02,00,00,
0,00000055,false,Rx,0,8,10,27,00,00,00,00,00,00,
342000,00000056,false,Rx,0,8,10,27,00,00,00,00,00,00,
343000,00000057,false,Rx,0,8,00,00,FE,FF,FE,FF,00,00,
369000,00000625,false,Rx,0,8,25,00,59,86,01,54,5C,06,
0,000002C4,false,Rx,0,8,09,20,00,00,6D,02,00,00,
0,000002C5,false,Rx,0,8,00,00,00,00,00,00,00,00,
401000,000002C6,false,Rx,0,8,32,00,7C,01,00,00,00,00,
431000,0000060D,false,Rx,0,8,0D,10,83,B6,09,20,70,00,
470000,00000625,false,Rx,0,8,25,00,59,86,01,54,5C,06,
531000,0000060D,false,Rx,0,8,0D,10,83,B6,09,20,70,00,
541000,00000054,false,Rx,0,8,01,05,BD,00,6D,02,00,00,
542000,00000055,false,Rx,0,8,10,27,00,00,00,00,00,00,
542000,00000056,false,Rx,0,8,10,27,00,00,00,00,00,00,
542000,00000057,false,Rx,0,8,00,00,FE,FF,FE,FF,00,00,
570000,00000625,false,Rx,0,8,25,00,59,86,01,54,5C,06,
621000,000002C4,false,Rx,0,8,09,20,00,00,6D,02,00,00,
621000,000002C5,false,Rx,0,8,00,00,00,00,00,00,00,00,
621000,000002C6,false,Rx,0,8,32,00,7C,01,00,00,00,00,
632000,0000060D,false,Rx,0,8,0D,10,83,B6,09,20,70,00,
670000,00000625,false,Rx,0,8,25,00,59,86,01,54,5C,06,
732000,0000060D,false,Rx,0,8,0D,10,83,B6,09,20,70,00,
0,00000054,false,Rx,0,8,01,05,BD,00,6D,02,00,00,
0,00000055,false,Rx,0,8,10,27,00,00,00,00,00,00,
742000,00000056,false,Rx,0,8,10,27,00,00,00,00,00,00,
743000,00000057,false,Rx,0,8,00,00,FE,FF,FE,FF,00,00,
770000,00000625,false,Rx,0,8,25,00,59,86,01,54,5C,06,
833000,0000060D,false,Rx,0,8,0D,10,83,B6,09,20,70,00,
0,000002C4,false,Rx,0,8,09,20,00,00,6D,02,00,00,
0,000002C5,false,Rx,0,8,00,00,00,00,00,00,00,00,
841000,000002C6,false,Rx,0,8,32,00,7C,01,00,00,00,00,
870000,00000625,false,Rx,0,8,25,00,59,86,01,54,5C,06,
892000,00000065,false,Rx,0,8,6E,02,03,00,00,00,00,00,
932000,0000060D,false,Rx,0,8,0D,10,83,B6,09,20,70,00,
942000,00000054,false,Rx,0,8,01,05,BD,00,6E,02,00,00,
942000,00000055,false,Rx,0,8,10,27,00,00,00,00,00,00,
943000,00000056,false,Rx,0,8,10,27,00,00,00,00,00,00,
943000,00000057,false,Rx,0,8,00,00,FE,FF,FE,FF,00,00,
970000,00000625,false,Rx,0,8,25,00,59,86,01,54,5C,06,
32000,0000060D,false,Rx,0,8,0D,10,83,B6,09,20,70,00,
43000,00000065,false,Rx,0,8,6E,02,03,00,00,00,00,00,
61000,000002C4,false,Rx,0,8,09,20,00,00,6E,02,00,00,
61000,000002C5,false,Rx,0,8,00,00,00,00,00,00,00,00,
61000,000002C6,false,Rx,0,8,32,00,7C,01,00,00,00,00,
69000,00000625,false,Rx,0,8,25,00,59,86,01,54,5C,06,
132000,0000060D,false,Rx,0,8,0D,10,83,B6,09,20,70,00,
142000,00000054,false,Rx,0,8,01,05,BD,00,6E,02,00,00,
142000,00000055,false,Rx,0,8,10,27,00,00,00,00,00,00,
0,00000056,false,Rx,0,8,10,27,00,00,00,00,00,00,
0,00000057,false,Rx,0,8,00,00,FE,FF,FE,FF,00,00,
170000,00000625,false,Rx,0,8,25,00,59,86,01,54,5C,06,
192000,00000065,false,Rx,0,8,6E,02,03,00,00,00,00,00,
232000,0000060D,false,Rx,0,8,0D,10,83,B6,09,20,70,00,
270000,00000625,false,Rx,0,8,25,00,59,86,01,54,5C,06,
280000,000002C4,false,Rx,0,8,09,20,00,00,6E,02,00,00,
281000,000002C5,false,Rx,0,8,00,00,00,00,00,00,00,00,
281000,000002C6,false,Rx,0,8,32,00,7C,01,00,00,00,00,
332000,0000060D,false,Rx,0,8,0D,10,83,B6,09,20,70,00,
342000,00000054,false,Rx,0,8,01,05,BD,00,6E,02,00,00,
342000,00000055,false,Rx,0,8,10,27,00,00,00,00,00,00,
343000,00000056,false,Rx,0,8,10,27,00,00,00,00,00,00,
343000,00000057,false,Rx,0,8,00,00,FE,FF,FE,FF,00,00,
343000,00000065,false,Rx,0,8,6E,02,03,00,00,00,00,00,
370000,00000625,false,Rx,0,8,25,00,59,86,01,54,5C,06,
432000,0000060D,false,Rx,0,8,0D,10,83,B6,09,20,70,00,
470000,00000625,false,Rx,0,8,25,00,59,86,01,54,5C,06,
501000,000002C4,false,Rx,0,8,09,20,00,00,6E,02,00,00,
501000,000002C5,false,Rx,0,8,00,00,00,00,00,00,00,00,
502000,000002C6,false,Rx,0,8,32,00,7C,01,00,00,00,00,
532000,0000060D,false,Rx,0,8,0D,10,83,B6,09,20,70,00,
541000,00000054,false,Rx,0,8,01,05,BD,00,6E,02,00,00,
542000,00000055,false,Rx,0,8,10,27,00,00,00,00,00,00,
542000,00000056,false,Rx,0,8,10,27,00,00,00,00,00,00,
542000,00000057,false,Rx,0,8,00,00,FE,FF,FE,FF,00,00,
570000,00000625,false,Rx,0,8,25,00,59,86,01,54,5C,06,
631000,0000060D,false,Rx,0,8,0D,10,83,B6,09,20,70,00,
670000,00000625,false,Rx,0,8,25,00,59,86,01,54,5C,06,
721000,000002C4,false,Rx,0,8,09,20,00,00,6E,02,00,00,
721000,000002C5,false,Rx,0,8,00,00,00,00,00,00,00,00,
721000,000002C6,false,Rx,0,8,32,00,7C,01,00,00,00,00,
733000,0000060D,false,Rx,0,8,0D,10,83,B6,09,20,70,00,
0,00000054,false,Rx,0,8,01,05,BD,00,6E,02,00,00,
0,00000055,false,Rx,0,8,10,27,00,00,00,00,00,00,
743000,00000056,false,Rx,0,8,10,27,00,00,00,00,00,00,
743000,00000057,false,Rx,0,8,00,00,FE,FF,FE,FF,00,00,
770000,00000625,false,Rx,0,8,25,00,59,86,01,54,5C,06,
833000,0000060D,false,Rx,0,8,0D,10,83,B6,09,20,70,00,
870000,00000625,false,Rx,0,8,25,00,59,86,01,54,5C,06,
933000,0000060D,false,Rx,0,8,0D,10,83,B6,09,20,70,00,
941000,000002C4,false,Rx,0,8,09,20,00,00,6E,02,00,00,
941000,000002C5,false,Rx,0,8,00,00,00,00,00,00,00,00,
942000,000002C6,false,Rx,0,8,32,00,7C,01,00,00,00,00,
942000,00000054,false,Rx,0,8,01,05,BD,00,6E,02,00,00,
943000,00000055,false,Rx,0,8,10,27,00,00,00,00,00,00,
943000,00000056,false,Rx,0,8,10,27,00,00,00,00,00,00,
943000,00000057,false,Rx,0,8,00,00,FE,FF,FE,FF,00,00,
970000,00000625,false,Rx,0,8,25,00,59,86,01,54,5C,06,
33000,0000060D,false,Rx,0,8,0D,10,83,B6,09,20,70,00,
70000,00000625,false,Rx,0,8,25,00,59,86,01,54,5C,06,
133000,0000060D,false,Rx,0,8,0D,10,83,B6,09,20,70,00,
142000,00000054,false,Rx,0,8,01,05,BD,00,6E,02,00,00,
142000,00000055,false,Rx,0,8,10,27,00,00,00,00,00,00,
142000,00000056,false,Rx,0,8,10,27,00,00,00,00,00,00,
142000,00000057,false,Rx,0,8,00,00,FE,FF,FE,FF,00,00,
162000,000002C4,false,Rx,0,8,09,20,00,00,6E,02,00,00,
162000,000002C5,false,Rx,0,8,00,00,00,00,00,00,00,00,
162000,000002C6,false,Rx,0,8,32,00,7C,01,00,00,00,00,
171000,00000625,false,Rx,0,8,25,00,59,86,01,54,5C,06,
233000,0000060D,false,Rx,0,8,0D,10,83,B6,09,20,70,00,
270000,00000625,false,Rx,0,8,25,00,59,86,01,54,5C,06,
333000,0000060D,false,Rx,0,8,0D,10,83,B6,09,20,70,00,
342000,00000054,false,Rx,0,8,01,05,BD,00,6E,02,00,00,
343000,00000055,false,Rx,0,8,10,27,00,00,00,00,00,00,
343000,00000056,false,Rx,0,8,10,27,00,00,00,00,00,00,
343000,00000057,false,Rx,0,8,00,00,FE,FF,FE,FF,00,00,
369000,00000625,false,Rx,0,8,25,00,59,86,01,54,5C,06,
380000,000002C4,false,Rx,0,8,09,20,00,00,6E,02,00,00,
380000,000002C5,false,Rx,0,8,00,00,00,00,00,00,00,00,
380000,000002C6,false,Rx,0,8,32,00,7C,01,00,00,00,00,
432000,0000060D,false,Rx,0,8,0D,10,83,B6,09,20,70,00,
470000,00000625,false,Rx,0,8,25,00,59,86,01,54,5C,06,
532000,0000060D,false,Rx,0,8,0D,10,83,B6,09,20,70,00,
0,00000054,false,Rx,0,8,01,05,BD,00,6E,02,00,00,
0,00000055,false,Rx,0,8,10,27,00,00,00,00,00,00,
542000,00000056,false,Rx,0,8,10,27,00,00,00,00,00,00,
542000,00000057,false,Rx,0,8,00,00,FE,FF,FE,FF,00,00,
570000,00000625,false,Rx,0,8,25,00,59,86,01,54,5C,06,
602000,000002C4,false,Rx,0,8,09,20,00,00,6E,02,00,00,
602000,000002C5,false,Rx,0,8,00,00,00,00,00,00,00,00,
602000,000002C6,false,Rx,0,8,32,00,7C,01,00,00,00,00,
633000,0000060D,false,Rx,0,8,0D,10,83,B6,09,20,70,00,
670000,00000625,false,Rx,0,8,25,00,59,86,01,54,5C,06,
732000,0000060D,false,Rx,0,8,0D,10,83,B6,09,20,70,00,
742000,00000054,false,Rx,0,8,01,05,BD,00,6E,02,00,00,
742000,00000055,false,Rx,0,8,10,27,00,00,00,00,00,00,
742000,00000056,false,Rx,0,8,10,27,00,00,00,00,00,00,
742000,00000057,false,Rx,0,8,00,00,FE,FF,FE,FF,00,00,
770000,00000625,false,Rx,0,8,25,00,59,86,01,54,5C,06,
821000,000002C4,false,Rx,0,8,09,20,00,00,6E,02,00,00,
821000,000002C5,false,Rx,0,8,00,00,00,00,00,00,00,00,
822000,000002C6,false,Rx,0,8,32,00,7C,01,00,00,00,00,
832000,0000060D,false,Rx,0,8,0D,10,83,B6,09,20,70,00,
870000,00000625,false,Rx,0,8,25,00,59,86,01,54,5C,06,
933000,0000060D,false,Rx,0,8,0D,10,83,B6,09,20,70,00,
942000,00000054,false,Rx,0,8,01,05,BD,00,6E,02,00,00,
942000,00000055,false,Rx,0,8,10,27,00,00,00,00,00,00,
0,00000056,false,Rx,0,8,10,27,00,00,00,00,00,00,
0,00000057,false,Rx,0,8,00,00,FE,FF,FE,FF,00,00,
970000,00000625,false,Rx,0,8,25,00,59,86,01,54,5C,06,
33000,0000060D,false,Rx,0,8,0D,10,83,B6,09,20,70,00,
41000,000002C4,false,Rx,0,8,09,20,00,00,6E,02,00,00,
41000,000002C5,false,Rx,0,8,00,00,00,00,00,00,00,00,
42000,000002C6,false,Rx,0,8,32,00,7C,01,00,00,00,00,
70000,00000625,false,Rx,0,8,25,00,59,86,01,54,5C,06,
132000,0000060D,false,Rx,0,8,0D,10,83,B6,09,20,70,00,
142000,00000054,false,Rx,0,8,01,05,BD,00,6E,02,00,00,
142000,00000055,false,Rx,0,8,10,27,00,00,00,00,00,00,
142000,00000056,false,Rx,0,8,10,27,00,00,00,00,00,00,
142000,00000057,false,Rx,0,8,00,00,FE,FF,FE,FF,00,00,
169000,00000625,false,Rx,0,8,25,00,59,86,01,54,5C,06,
232000,0000060D,false,Rx,0,8,0D,10,83,B6,09,20,70,00,
262000,000002C4,false,Rx,0,8,09,20,00,00,6E,02,00,00,
0,000002C5,false,Rx,0,8,00,00,00,00,00,00,00,00,
0,000002C6,false,Rx,0,8,32,00,7C,01,00,00,00,00,
270000,00000625,false,Rx,0,8,25,00,59,86,01,54,5C,06,
332000,0000060D,false,Rx,0,8,0D,10,83,B6,09,20,70,00,
0,00000054,false,Rx,0,8,01,05,BD,00,6E,02,00,00,
0,00000055,false,Rx,0,8,10,27,00,00,00,00,00,00,
342000,00000056,false,Rx,0,8,10,27,00,00,00,00,00,00,
343000,00000057,false,Rx,0,8,00,00,FE,FF,FE,FF,00,00,
371000,00000625,false,Rx,0,8,25,00,59,86,01,54,5C,06,
433000,0000060D,false,Rx,0,8,0D,10,83,B6,09,20,70,00,
471000,00000625,false,Rx,0,8,25,00,59,86,01,54,5C,06,
0,000002C4,false,Rx,0,8,09,20,00,00,6E,02,00,00,
0,000002C5,false,Rx,0,8,00,00,00,00,00,00,00,00,
482000,000002C6,false,Rx,0,8,32,00,7C,01,00,00,00,00,
532000,0000060D,false,Rx,0,8,0D,10,83,B6,09,20,70,00,
542000,00000054,false,Rx,0,8,01,05,BD,00,6E,02,00,00,
542000,00000055,false,Rx,0,8,10,27,00,00,00,00,00,00,
542000,00000056,false,Rx,0,8,10,27,00,00,00,00,00,00,
543000,00000057,false,Rx,0,8,00,00,FE,FF,FE,FF,00,00,
570000,00000625,false,Rx,0,8,25,00,59,86,01,54,5C,06,
632000,0000060D,false,Rx,0,8,0D,10,83,B6,09,20,70,00,
670000,00000625,false,Rx,0,8,25,00,59,86,01,54,5C,06,
701000,000002C4,false,Rx,0,8,09,20,00,00,6E,02,00,00,
701000,000002C5,false,Rx,0,8,00,00,00,00,00,00,00,00,
701000,000002C6,false,Rx,0,8,32,00,7C,01,00,00,00,00,
732000,0000060D,false,Rx,0,8,0D,10,83,B6,09,20,70,00,
742000,00000054,false,Rx,0,8,01,05,BD,00,6E,02,00,00,
742000,00000055,false,Rx,0,8,10,27,00,00,00,00,00,00,
743000,00000056,false,Rx,0,8,10,27,00,00,00,00,00,00,
743000,00000057,false,Rx,0,8,00,00,FE,FF,FE,FF,00,00,
770000,00000625,false,Rx,0,8,25,00,59,86,01,54,5C,06,
832000,0000060D,false,Rx,0,8,0D,10,83,B6,09,20,70,00,
870000,00000625,false,Rx,0,8,25,00,59,86,01,54,5C,06,
921000,000002C4,false,Rx,0,8,09,20,00,00,6E,02,00,00,
921000,000002C5,false,Rx,0,8,00,00,00,00,00,00,00,00,
921000,000002C6,false,Rx,0,8,32,00,7C,01,00,00,00,00,
932000,0000060D,false,Rx,0,8,0D,10,83,B6,09,20,70,00,
942000,00000054,false,Rx,0,8,01,05,BD,00,6E,02,00,00,
942000,00000055,false,Rx,0,8,10,27,00,00,00,00,00,00,
943000,00000056,false,Rx,0,8,10,27,00,00,00,00,00,00,
943000,00000057,false,Rx,0,8,00,00,FE,FF,FE,FF,00,00,
970000,00000625,false,Rx,0,8,25,00,59,86,01,54,5C,06,
32000,0000060D,false,Rx,0,8,0D,10,83,B6,09,20,70,00,
70000,00000625,false,Rx,0,8,25,00,59,86,01,54,5C,06,
133000,0000060D,false,Rx,0,8,0D,10,83,B6,09,20,70,00,
142000,000002C4,false,Rx,0,8,09,20,00,00,6E,02,00,00,
142000,000002C5,false,Rx,0,8,00,00,00,00,00,00,00,00,
142000,000002C6,false,Rx,0,8,32,00,7C,01,00,00,00,00,
0,00000054,false,Rx,0,8,01,05,BD,00,6E,02,00,00,
0,00000055,false,Rx,0,8,10,27,00,00,00,00,00,00,
143000,00000056,false,Rx,0,8,10,27,00,00,00,00,00,00,
143000,00000057,false,Rx,0,8,00,00,FE,FF,FE,FF,00,00,
170000,00000625,false,Rx,0,8,25,00,59,86,01,54,5C,06,
232000,0000060D,false,Rx,0,8,0D,10,83,B6,09,20,70,00,
270000,00000625,false,Rx,0,8,25,00,59,86,01,54,5C,06,
332000,0000060D,false,Rx,0,8,0D,10,83,B6,09,20,70,00,
342000,00000054,false,Rx,0,8,01,05,BD,00,6E,02,00,00,
342000,00000055,false,Rx,0,8,10,27,00,00,00,00,00,00,
343000,00000056,false,Rx,0,8,10,27,00,00,00,00,00,00,
343000,00000057,false,Rx,0,8,00,00,FE,FF,FE,FF,00,00,
361000,000002C4,false,Rx,0,8,09,20,00,00,6E,02,00,00,
361000,000002C5,false,Rx,0,8,00,00,00,00,00,00,00,00,
362000,000002C6,false,Rx,0,8,32,00,7C,01,00,00,00,00,
370000,00000625,false,Rx,0,8,25,00,59,86,01,54,5C,06,
432000,0000060D,false,Rx,0,8,0D,10,83,B6,09,20,70,00,
470000,00000625,false,Rx,0,8,25,00,59,86,01,54,5C,06,
532000,0000060D,false,Rx,0,8,0D,10,83,B6,09,20,70,00,
541000,00000054,false,Rx,0,8,01,05,BD,00,6E,02,00,00,
542000,00000055,false,Rx,0,8,10,27,00,00,00,00,00,00,
542000,00000056,false,Rx,0,8,10,27,00,00,00,00,00,00,
542000,00000057,false,Rx,0,8,00,00,FE,FF,FE,FF,00,00,
570000,00000625,false,Rx,0,8,25,00,59,86,01,54,5C,06,
581000,000002C4,false,Rx,0,8,09,20,00,00,6E,02,00,00,
581000,000002C5,false,Rx,0,8,00,00,00,00,00,00,00,00,
582000,000002C6,false,Rx,0,8,32,00,7C,01,00,00,00,00,
633000,0000060D,false,Rx,0,8,0D,10,83,B6,09,20,70,00,
670000,00000625,false,Rx,0,8,25,00,59,86,01,54,5C,06,
732000,0000060D,false,Rx,0,8,0D,10,83,B6,09,20,70,00,
0,00000054,false,Rx,0,8,01,05,BD,00,6E,02,00,00,
0,00000055,false,Rx,0,8,10,27,00,00,00,00,00,00,
743000,00000056,false,Rx,0,8,10,27,00,00,00,00,00,00,
743000,00000057,false,Rx,0,8,00,00,FE,FF,FE,FF,00,00,
770000,00000625,false,Rx,0,8,25,00,59,86,01,54,5C,06,
801000,000002C4,false,Rx,0,8,09,20,00,00,6E,02,00,00,
801000,000002C5,false,Rx,0,8,00,00,00,00,00,00,00,00,
801000,000002C6,false,Rx,0,8,32,00,7C,01,00,00,00,00,
832000,0000060D,false,Rx,0,8,0D,10,83,B6,09,20,70,00,
870000,00000625,false,Rx,0,8,25,00,59,86,01,54,5C,06,
933000,0000060D,false,Rx,0,8,0D,10,83,B6,09,20,70,00,
943000,00000054,false,Rx,0,8,01,05,BD,00,6E,02,00,00,
943000,00000055,false,Rx,0,8,10,27,00,00,00,00,00,00,
943000,00000056,false,Rx,0,8,10,27,00,00,00,00,00,00,
943000,00000057,false,Rx,0,8,00,00,FE,FF,FE,FF,00,00,
970000,00000625,false,Rx,0,8,25,00,59,86,01,54,5C,06,
0,000002C4,false,Rx,0,8,09,20,00,00,6E,02,00,00,
0,000002C5,false,Rx,0,8,00,00,00,00,00,00,00,00,
22000,000002C6,false,Rx,0,8,32,00,7C,01,00,00,00,00,
32000,0000060D,false,Rx,0,8,0D,10,83,B6,09,20,70,00,
70000,00000625,false,Rx,0,8,25,00,59,86,01,54,5C,06,
132000,0000060D,false,Rx,0,8,0D,10,83,B6,09,20,70,00,
142000,00000054,false,Rx,0,8,01,05,BD,00,6E,02,00,00,
142000,00000055,false,Rx,0,8,10,27,00,00,00,00,00,00,
0,00000056,false,Rx,0,8,10,27,00,00,00,00,00,00,
0,00000057,false,Rx,0,8,00,00,FE,FF,FE,FF,00,00,
170000,00000625,false,Rx,0,8,25,00,59,86,01,54,5C,06,
233000,0000060D,false,Rx,0,8,0D,10,83,B6,09,20,70,00,
0,000002C4,false,Rx,0,8,09,20,00,00,6E,02,00,00,
0,000002C5,false,Rx,0,8,00,00,00,00,00,00,00,00,
242000,000002C6,false,Rx,0,8,32,00,7C,01,00,00,00,00,
270000,00000625,false,Rx,0,8,25,00,59,86,01,54,5C,06,
332000,0000060D,false,Rx,0,8,0D,10,83,B6,09,20,70,00,
342000,00000054,false,Rx,0,8,01,05,BD,00,6E,02,00,00,
342000,00000055,false,Rx,0,8,10,27,00,00,00,00,00,00,
343000,00000056,false,Rx,0,8,10,27,00,00,00,00,00,00,
343000,00000057,false,Rx,0,8,00,00,FE,FF,FE,FF,00,00,
370000,00000625,false,Rx,0,8,25,00,59,86,01,54,5C,06,
432000,0000060D,false,Rx,0,8,0D,10,83,B6,09,20,70,00,
462000,000002C4,false,Rx,0,8,09,20,00,00,6E,02,00,00,
462000,000002C5,false,Rx,0,8,00,00,00,00,00,00,00,00,
462000,000002C6,false,Rx,0,8,32,00,7C,01,00,00,00,00,
470000,00000625,false,Rx,0,8,25,00,59,86,01,54,5C,06,
533000,0000060D,false,Rx,0,8,0D,10,83,B6,09,20,70,00,
542000,00000054,false,Rx,0,8,01,05,BD,00,6E,02,00,00,
542000,00000055,false,Rx,0,8,10,27,00,00,00,00,00,00,
543000,00000056,false,Rx,0,8,10,27,00,00,00,00,00,00,
543000,00000057,false,Rx,0,8,00,00,FE,FF,FE,FF,00,00,
570000,00000625,false,Rx,0,8,25,00,59,86,01,54,5C,06,
632000,0000060D,false,Rx,0,8,0D,10,83,B6,09,20,70,00,
670000,00000625,false,Rx,0,8,25,00,59,86,01,54,5C,06,
0,000002C4,false,Rx,0,8,09,20,00,00,6E,02,00,00,
0,000002C5,false,Rx,0,8,00,00,00,00,00,00,00,00,
681000,000002C6,false,Rx,0,8,32,00,7C,01,00,00,00,00,
732000,0000060D,false,Rx,0,8,0D,10,83,B6,09,20,70,00,
741000,00000054,false,Rx,0,8,01,05,BD,00,6E,02,00,00,
742000,00000055,false,Rx,0,8,10,27,00,00,00,00,00,00,
742000,00000056,false,Rx,0,8,10,27,00,00,00,00,00,00,
742000,00000057,false,Rx,0,8,00,00,FE,FF,FE,FF,00,00,
770000,00000625,false,Rx,0,8,25,00,59,86,01,54,5C,06,
833000,0000060D,false,Rx,0,8,0D,10,83,B6,09,20,70,00,
871000,00000625,false,Rx,0,8,25,00,59,86,01,54,5C,06,
902000,000002C4,false,Rx,0,8,09,20,00,00,6E,02,00,00,
902000,000002C5,false,Rx,0,8,00,00,00,00,00,00,00,00,
902000,000002C6,false,Rx,0,8,32,00,7C,01,00,00,00,00,
933000,0000060D,false,Rx,0,8,0D,10,83,B6,09,20,70,00,
942000,00000054,false,Rx,0,8,01,05,BD,00,6E,02,00,00,
942000,00000055,false,Rx,0,8,10,27,00,00,00,00,00,00,
943000,00000056,false,Rx,0,8,10,27,00,00,00,00,00,00,
943000,00000057,false,Rx,0,8,00,00,FE,FF,FE,FF,00,00,
970000,00000625,false,Rx,0,8,25,00,59,86,01,54,5C,06,
32000,0000060D,false,Rx,0,8,0D,10,83,B6,09,20,70,00,
70000,00000625,false,Rx,0,8,25,00,59,86,01,54,5C,06,
122000,000002C4,false,Rx,0,8,09,20,00,00,6E,02,00,00,
122000,000002C5,false,Rx,0,8,00,00,00,00,00,00,00,00,
122000,000002C6,false,Rx,0,8,32,00,7C,01,00,00,00,00,
133000,0000060D,false,Rx,0,8,0D,10,83,B6,09,20,70,00,
141000,00000054,false,Rx,0,8,01,05,BD,00,6E,02,00,00,
143000,00000055,false,Rx,0,8,10,27,00,00,00,00,00,00,
0,00000056,false,Rx,0,8,10,27,00,00,00,00,00,00,
0,00000057,false,Rx,0,8,00,00,FE,FF,FE,FF,00,00,
170000,00000625,false,Rx,0,8,25,00,59,86,01,54,5C,06,
233000,0000060D,false,Rx,0,8,0D,10,83,B6,09,20,70,00,
270000,00000625,false,Rx,0,8,25,00,59,86,01,54,5C,06,
332000,0000060D,false,Rx,0,8,0D,10,83,B6,09,20,70,00,
341000,000002C4,false,Rx,0,8,09,20,00,00,6E,02,00,00,
342000,000002C5,false,Rx,0,8,00,00,00,00,00,00,00,00,
342000,000002C6,false,Rx,0,8,32,00,7C,01,00,00,00,00,
342000,00000054,false,Rx,0,8,01,05,BD,00,6E,02,00,00,
343000,00000055,false,Rx,0,8,10,27,00,00,00,00,00,00,
343000,00000056,false,Rx,0,8,10,27,00,00,00,00,00,00,
343000,00000057,false,Rx,0,8,00,00,FE,FF,FE,FF,00,00,
370000,00000625,false,Rx,0,8,25,00,59,86,01,54,5C,06,
433000,0000060D,false,Rx,0,8,0D,10,83,B6,09,20,70,00,
470000,00000625,false,Rx,0,8,25,00,59,86,01,54,5C,06,
532000,0000060D,false,Rx,0,8,0D,10,83,B6,09,20,70,00,
0,00000054,false,Rx,0,8,01,05,BD,00,6E,02,00,00,
0,00000055,false,Rx,0,8,10,27,00,00,00,00,00,00,
0,00000056,false,Rx,0,8,10,27,00,00,00,00,00,00,
0,00000057,false,Rx,0,8,00,00,FE,FF,FE,FF,00,00,
561000,000002C4,false,Rx,0,8,09,20,00,00,6E,02,00,00,
561000,000002C5,false,Rx,0,8,00,00,00,00,00,00,00,00,
561000,000002C6,false,Rx,0,8,32,00,7C,01,00,00,00,00,
570000,00000625,false,Rx,0,8,25,00,59,86,01,54,5C,06,
632000,0000060D,false,Rx,0,8,0D,10,83,B6,09,20,70,00,
670000,00000625,false,Rx,0,8,25,00,59,86,01,54,5C,06,
733000,0000060D,false,Rx,0,8,0D,10,83,B6,09,20,70,00,
742000,00000054,false,Rx,0,8,01,05,BD,00,6E,02,00,00,
743000,00000055,false,Rx,0,8,10,27,00,00,00,00,00,00,
0,00000056,false,Rx,0,8,10,27,00,00,00,00,00,00,
0,00000057,false,Rx,0,8,00,00,FE,FF,FE,FF,00,00,
770000,00000625,false,Rx,0,8,25,00,59,86,01,54,5C,06,
781000,000002C4,false,Rx,0,8,09,20,00,00,6E,02,00,00,
782000,000002C5,false,Rx,0,8,00,00,00,00,00,00,00,00,
782000,000002C6,false,Rx,0,8,32,00,7C,01,00,00,00,00,
832000,0000060D,false,Rx,0,8,0D,10,83,B6,09,20,70,00,
870000,00000625,false,Rx,0,8,25,00,59,86,01,54,5C,06,
933000,0000060D,false,Rx,0,8,0D,10,83,B6,09,20,70,00,
0,00000054,false,Rx,0,8,01,05,BD,00,6E,02,00,00,
0,00000055,false,Rx,0,8,10,27,00,00,00,00,00,00,
943000,00000056,false,Rx,0,8,10,27,00,00,00,00,00,00,
943000,00000057,false,Rx,0,8,00,00,FE,FF,FE,FF,00,00,
970000,00000625,false,Rx,0,8,25,00,59,86,01,54,5C,06,
1000,000002C4,false,Rx,0,8,09,20,00,00,6E,02,00,00,
1000,000002C5,false,Rx,0,8,00,00,00,00,00,00,00,00,
2000,000002C6,false,Rx,0,8,32,00,7C,01,00,00,00,00,
32000,0000060D,false,Rx,0,8,0D,10,83,B6,09,20,70,00,
70000,00000625,false,Rx,0,8,25,00,59,86,01,54,5C,06,
133000,0000060D,false,Rx,0,8,0D,10,83,B6,09,20,70,00,
142000,00000054,false,Rx,0,8,01,05,BD,00,6E,02,00,00,
143000,00000055,false,Rx,0,8,10,27,00,00,00,00,00,00,
143000,00000056,false,Rx,0,8,10,27,00,00,00,00,00,00,
144000,00000057,false,Rx,0,8,00,00,FE,FF,FE,FF,00,00,
170000,00000625,false,Rx,0,8,25,00,59,86,01,54,5C,06,
0,000002C4,false,Rx,0,8,09,20,00,00,6E,02,00,00,
0,000002C5,false,Rx,0,8,00,00,00,00,00,00,00,00,
222000,000002C6,false,Rx,0,8,32,00,7C,01,00,00,00,00,
233000,0000060D,false,Rx,0,8,0D,10,83,B6,09,20,70,00,
270000,00000625,false,Rx,0,8,25,00,59,86,01,54,5C,06,
332000,0000060D,false,Rx,0,8,0D,10,83,B6,09,20,70,00,
342000,00000054,false,Rx,0,8,01,05,BD,00,6E,02,00,00,
0,00000055,false,Rx,0,8,10,27,00,00,00,00,00,00,
0,00000056,false,Rx,0,8,10,27,00,00,00,00,00,00,
343000,00000057,false,Rx,0,8,00,00,FE,FF,FE,FF,00,00,
370000,00000625,false,Rx,0,8,25,00,59,86,01,54,5C,06,
433000,0000060D,false,Rx,0,8,0D,10,83,B6,09,20,70,00,
441000,000002C4,false,Rx,0,8,09,20,00,00,6E,02,00,00,
441000,000002C5,false,Rx,0,8,00,00,00,00,00,00,00,00,
442000,000002C6,false,Rx,0,8,32,00,7C,01,00,00,00,00,
470000,00000625,false,Rx,0,8,25,00,59,86,01,54,5C,06,
532000,0000060D,false,Rx,0,8,0D,10,83,B6,09,20,70,00,
542000,00000054,false,Rx,0,8,01,05,BD,00,6E,02,00,00,
542000,00000055,false,Rx,0,8,10,27,00,00,00,00,00,00,
543000,00000056,false,Rx,0,8,10,27,00,00,00,00,00,00,
543000,00000057,false,Rx,0,8,00,00,FE,FF,FE,FF,00,00,
570000,00000625,false,Rx,0,8,25,00,59,86,01,54,5C,06,
632000,0000060D,false,Rx,0,8,0D,10,83,B6,09,20,70,00,
661000,000002C4,false,Rx,0,8,09,20,00,00,6E,02,00,00,
662000,000002C5,false,Rx,0,8,00,00,00,00,00,00,00,00,
662000,000002C6,false,Rx,0,8,32,00,7C,01,00,00,00,00,
670000,00000625,false,Rx,0,8,25,00,59,86,01,54,5C,06,
732000,0000060D,false,Rx,0,8,0D,10,83,B6,09,20,70,00,
742000,00000054,false,Rx,0,8,01,05,BD,00,6E,02,00,00,
742000,00000055,false,Rx,0,8,10,27,00,00,00,00,00,00,
0,00000056,false,Rx,0,8,10,27,00,00,00,00,00,00,
0,00000057,false,Rx,0,8,00,00,FE,FF,FE,FF,00,00,
770000,00000625,false,Rx,0,8,25,00,59,86,01,54,5C,06,
832000,0000060D,false,Rx,0,8,0D,10,83,B6,09,20,70,00,
870000,00000625,false,Rx,0,8,25,00,59,86,01,54,5C,06,
882000,000002C4,false,Rx,0,8,09,20,00,00,6E,02,00,00,
882000,000002C5,false,Rx,0,8,00,00,00,00,00,00,00,00,
882000,000002C6,false,Rx,0,8,32,00,7C,01,00,00,00,00,
932000,0000060D,false,Rx,0,8,0D,10,83,B6,09,20,70,00,
0,00000054,false,Rx,0,8,01,05,BD,00,6E,02,00,00,
0,00000055,false,Rx,0,8,10,27,00,00,00,00,00,00,
943000,00000056,false,Rx,0,8,10,27,00,00,00,00,00,00,
943000,00000057,false,Rx,0,8,00,00,FE,FF,FE,FF,00,00,
971000,00000625,false,Rx,0,8,25,00,59,86,01,54,5C,06,
32000,0000060D,false,Rx,0,8,0D,10,83,B6,09,20,70,00,
70000,00000625,false,Rx,0,8,25,00,59,86,01,54,5C,06,
102000,000002C4,false,Rx,0,8,09,20,00,00,6E,02,00,00,
102000,000002C5,false,Rx,0,8,00,00,00,00,00,00,00,00,
102000,000002C6,false,Rx,0,8,32,00,7C,01,00,00,00,00,
133000,0000060D,false,Rx,0,8,0D,10,83,B6,09,20,70,00,
0,00000054,false,Rx,0,8,01,05,BD,00,6E,02,00,00,
0,00000055,false,Rx,0,8,10,27,00,00,00,00,00,00,
143000,00000056,false,Rx,0,8,10,27,00,00,00,00,00,00,
143000,00000057,false,Rx,0,8,00,00,FE,FF,FE,FF,00,00,
170000,00000625,false,Rx,0,8,25,00,59,86,01,54,5C,06,
232000,0000060D,false,Rx,0,8,0D,10,83,B6,09,20,70,00,
270000,00000625,false,Rx,0,8,25,00,59,86,01,54,5C,06,
0,000002C4,false,Rx,0,8,09,20,00,00,6E,02,00,00,
0,000002C5,false,Rx,0,8,00,00,00,00,00,00,00,00,
322000,000002C6,false,Rx,0,8,32,00,7C,01,00,00,00,00,
333000,0000060D,false,Rx,0,8,0D,10,83,B6,09,20,70,00,
0,00000054,false,Rx,0,8,01,05,BD,00,6E,02,00,00,
0,00000055,false,Rx,0,8,10,27,00,00,00,00,00,00,
343000,00000056,false,Rx,0,8,10,27,00,00,00,00,00,00,
343000,00000057,false,Rx,0,8,00,00,FE,FF,FE,FF,00,00,
370000,00000625,false,Rx,0,8,25,00,59,86,01,54,5C,06,
432000,0000060D,false,Rx,0,8,0D,10,83,B6,09,20,70,00,
471000,00000625,false,Rx,0,8,25,00,59,86,01,54,5C,06,
532000,0000060D,false,Rx,0,8,0D,10,83,B6,09,20,70,00,
541000,000002C4,false,Rx,0,8,09,20,00,00,6E,02,00,00,
541000,000002C5,false,Rx,0,8,00,00,00,00,00,00,00,00,
542000,000002C6,false,Rx,0,8,32,00,7C,01,00,00,00,00,
542000,00000054,false,Rx,0,8,01,05,BD,00,6E,02,00,00,
0,00000055,false,Rx,0,8,10,27,00,00,00,00,00,00,
0,00000056,false,Rx,0,8,10,27,00,00,00,00,00,00,
543000,00000057,false,Rx,0,8,00,00,FE,FF,FE,FF,00,00,
570000,00000625,false,Rx,0,8,25,00,59,86,01,54,5C,06,
632000,0000060D,false,Rx,0,8,0D,10,83,B6,09,20,70,00,
670000,00000625,false,Rx,0,8,25,00,59,86,01,54,5C,06,
732000,0000060D,false,Rx,0,8,0D,10,83,B6,09,20,70,00,
741000,00000054,false,Rx,0,8,01,05,BD,00,6E,02,00,00,
742000,00000055,false,Rx,0,8,10,27,00,00,00,00,00,00,
0,00000056,false,Rx,0,8,10,27,00,00,00,00,00,00,
0,00000057,false,Rx,0,8,00,00,FE,FF,FE,FF,00,00,
761000,000002C4,false,Rx,0,8,09,20,00,00,6E,02,00,00,
0,000002C5,false,Rx,0,8,00,00,00,00,00,00,00,00,
0,000002C6,false,Rx,0,8,32,00,7C,01,00,00,00,00,
769000,00000625,false,Rx,0,8,25,00,59,86,01,54,5C,06,
832000,0000060D,false,Rx,0,8,0D,10,83,B6,09,20,70,00,
871000,00000625,false,Rx,0,8,25,00,59,86,01,54,5C,06,
932000,0000060D,false,Rx,0,8,0D,10,83,B6,09,20,70,00,
0,00000054,false,Rx,0,8,01,05,BD,00,6E,02,00,00,
0,00000055,false,Rx,0,8,10,27,00,00,00,00,00,00,
0,00000056,false,Rx,0,8,10,27,00,00,00,00,00,00,
943000,00000057,false,Rx,0,8,00,00,FE,FF,FE,FF,00,00,
971000,00000625,false,Rx,0,8,25,00,59,86,01,54,5C,06,
982000,000002C4,false,Rx,0,8,09,20,00,00,6E,02,00,00,
982000,000002C5,false,Rx,0,8,00,00,00,00,00,00,00,00,
982000,000002C6,false,Rx,0,8,32,00,7C,01,00,00,00,00,
32000,0000060D,false,Rx,0,8,0D,10,83,B6,09,20,70,00,
70000,00000625,false,Rx,0,8,25,00,59,86,01,54,5C,06,
133000,0000060D,false,Rx,0,8,0D,10,83,B6,09,20,70,00,
143000,00000054,false,Rx,0,8,01,05,BD,00,6E,02,00,00,
143000,00000055,false,Rx,0,8,10,27,00,00,00,00,00,00,
143000,00000056,false,Rx,0,8,10,27,00,00,00,00,00,00,
143000,00000057,false,Rx,0,8,00,00,FE,FF,FE,FF,00,00,
170000,00000625,false,Rx,0,8,25,00,59,86,01,54,5C,06,
0,000002C4,false,Rx,0,8,09,20,00,00,6E,02,00,00,
0,000002C5,false,Rx,0,8,00,00,00,00,00,00,00,00,
202000,000002C6,false,Rx,0,8,32,00,7C,01,00,00,00,00,
232000,0000060D,false,Rx,0,8,0D,10,83,B6,09,20,70,00,
270000,00000625,false,Rx,0,8,25,00,59,86,01,54,5C,06,
331000,0000060D,false,Rx,0,8,0D,10,83,B6,09,20,70,00,
341000,00000054,false,Rx,0,8,01,05,BD,00,6E,02,00,00,
341000,00000055,false,Rx,0,8,10,27,00,00,00,00,00,00,
342000,00000056,false,Rx,0,8,10,27,00,00,00,00,00,00,
342000,00000057,false,Rx,0,8,00,00,FE,FF,FE,FF,00,00,
370000,00000625,false,Rx,0,8,25,00,59,86,01,54,5C,06,
421000,000002C4,false,Rx,0,8,09,20,00,00,6E,02,00,00,
422000,000002C5,false,Rx,0,8,00,00,00,00,00,00,00,00,
422000,000002C6,false,Rx,0,8,32,00,7C,01,00,00,00,00,
432000,0000060D,false,Rx,0,8,0D,10,83,B6,09,20,70,00,
471000,00000625,false,Rx,0,8,25,00,59,86,01,54,5C,06,
532000,0000060D,false,Rx,0,8,0D,10,83,B6,09,20,70,00,
542000,00000054,false,Rx,0,8,01,05,BD,00,6E,02,00,00,
542000,00000055,false,Rx,0,8,10,27,00,00,00,00,00,00,
542000,00000056,false,Rx,0,8,10,27,00,00,00,00,00,00,
543000,00000057,false,Rx,0,8,00,00,FE,FF,FE,FF,00,00,
570000,00000625,false,Rx,0,8,25,00,59,86,01,54,5C,06,
632000,0000060D,false,Rx,0,8,0D,10,83,B6,09,20,70,00,
0,000002C4,false,Rx,0,8,09,20,00,00,6E,02,00,00,
0,000002C5,false,Rx,0,8,00,00,00,00,00,00,00,00,
641000,000002C6,false,Rx,0,8,32,00,7C,01,00,00,00,00,
671000,00000625,false,Rx,0,8,25,00,59,86,01,54,5C,06,
732000,0000060D,false,Rx,0,8,0D,10,83,B6,09,20,70,00,
0,00000054,false,Rx,0,8,01,05,BD,00,6E,02,00,00,
0,00000055,false,Rx,0,8,10,27,00,00,00,00,00,00,
0,00000056,false,Rx,0,8,10,27,00,00,00,00,00,00,
0,00000057,false,Rx,0,8,00,00,FE,FF,FE,FF,00,00,
770000,00000625,false,Rx,0,8,25,00,59,86,01,54,5C,06,
833000,0000060D,false,Rx,0,8,0D,10,83,B6,09,20,70,00,
861000,000002C4,false,Rx,0,8,09,20,00,00,6E,02,00,00,
861000,000002C5,false,Rx,0,8,00,00,00,00,00,00,00,00,
861000,000002C6,false,Rx,0,8,32,00,7C,01,00,00,00,00,
870000,00000625,false,Rx,0,8,25,00,59,86,01,54,5C,06,
933000,0000060D,false,Rx,0,8,0D,10,83,B6,09,20,70,00,
942000,00000054,false,Rx,0,8,01,05,BD,00,6E,02,00,00,
943000,00000055,false,Rx,0,8,10,27,00,00,00,00,00,00,
943000,00000056,false,Rx,0,8,10,27,00,00,00,00,00,00,
943000,00000057,false,Rx,0,8,00,00,FE,FF,FE,FF,00,00,
971000,00000625,false,Rx,0,8,25,00,59,86,01,54,5C,06,
32000,0000060D,false,Rx,0,8,0D,10,83,B6,09,20,70,00,
70000,00000625,false,Rx,0,8,25,00,59,86,01,54,5C,06,
81000,000002C4,false,Rx,0,8,09,20,00,00,6E,02,00,00,
81000,000002C5,false,Rx,0,8,00,00,00,00,00,00,00,00,
81000,000002C6,false,Rx,0,8,32,00,7C,01,00,00,00,00,
132000,0000060D,false,Rx,0,8,0D,10,83,B6,09,20,70,00,
0,00000054,false,Rx,0,8,01,05,BD,00,6E,02,00,00,
0,00000055,false,Rx,0,8,10,27,00,00,00,00,00,00,
143000,00000056,false,Rx,0,8,10,27,00,00,00,00,00,00,
144000,00000057,false,Rx,0,8,00,00,FE,FF,FE,FF,00,00,
170000,00000625,false,Rx,0,8,25,00,59,86,01,54,5C,06,
232000,0000060D,false,Rx,0,8,0D,10,83,B6,09,20,70,00,
270000,00000625,false,Rx,0,8,25,00,59,86,01,54,5C,06,
301000,000002C4,false,Rx,0,8,09,20,00,00,6E,02,00,00,
301000,000002C5,false,Rx,0,8,00,00,00,00,00,00,00,00,
301000,000002C6,false,Rx,0,8,32,00,7C,01,00,00,00,00,
332000,0000060D,false,Rx,0,8,0D,10,83,B6,09,20,70,00,
342000,00000054,false,Rx,0,8,01,05,BD,00,6E,02,00,00,
342000,00000055,false,Rx,0,8,10,27,00,00,00,00,00,00,
343000,00000056,false,Rx,0,8,10,27,00,00,00,00,00,00,
343000,00000057,false,Rx,0,8,00,00,FE,FF,FE,FF,00,00,
370000,00000625,false,Rx,0,8,25,00,59,86,01,54,5C,06,
432000,0000060D,false,Rx,0,8,0D,10,83,B6,09,20,70,00,
470000,00000625,false,Rx,0,8,25,00,59,86,01,54,5C,06,
521000,000002C4,false,Rx,0,8,09,20,00,00,6E,02,00,00,
521000,000002C5,false,Rx,0,8,00,00,00,00,00,00,00,00,
522000,000002C6,false,Rx,0,8,32,00,7C,01,00,00,00,00,
532000,0000060D,false,Rx,0,8,0D,10,83,B6,09,20,70,00,
542000,00000054,false,Rx,0,8,01,05,BD,00,6E,02,00,00,
542000,00000055,false,Rx,0,8,10,27,00,00,00,00,00,00,
542000,00000056,false,Rx,0,8,10,27,00,00,00,00,00,00,
543000,00000057,false,Rx,0,8,00,00,FE,FF,FE,FF,00,00,
570000,00000625,false,Rx,0,8,25,00,59,86,01,54,5C,06,
632000,0000060D,false,Rx,0,8,0D,10,83,B6,09,20,70,00,
670000,00000625,false,Rx,0,8,25,00,59,86,01,54,5C,06,
732000,0000060D,false,Rx,0,8,0D,10,83,B6,09,20,70,00,
741000,000002C4,false,Rx,0,8,09,20,00,00,6E,02,00,00,
742000,000002C5,false,Rx,0,8,00,00,00,00,00,00,00,00,
742000,000002C6,false,Rx,0,8,32,00,7C,01,00,00,00,00,
742000,00000054,false,Rx,0,8,01,05,BD,00,6E,02,00,00,
743000,00000055,false,Rx,0,8,10,27,00,00,00,00,00,00,
743000,00000056,false,Rx,0,8,10,27,00,00,00,00,00,00,
743000,00000057,false,Rx,0,8,00,00,FE,FF,FE,FF,00,00,
770000,00000625,false,Rx,0,8,25,00,59,86,01,54,5C,06,
832000,0000060D,false,Rx,0,8,0D,10,83,B6,09,20,70,00,
870000,00000625,false,Rx,0,8,25,00,59,86,01,54,5C,06,
933000,0000060D,false,Rx,0,8,0D,10,83,B6,09,20,70,00,
942000,00000054,false,Rx,0,8,01,05,BD,00,6E,02,00,00,
942000,00000055,false,Rx,0,8,10,27,00,00,00,00,00,00,
943000,00000056,false,Rx,0,8,10,27,00,00,00,00,00,00,
943000,00000057,false,Rx,0,8,00,00,FE,FF,FE,FF,00,00,
962000,000002C4,false,Rx,0,8,09,20,00,00,6E,02,00,00,
962000,000002C5,false,Rx,0,8,00,00,00,00,00,00,00,00,
962000,000002C6,false,Rx,0,8,32,00,7C,01,00,00,00,00,
971000,00000625,false,Rx,0,8,25,00,59,86,01,54,5C,06,
32000,0000060D,false,Rx,0,8,0D,10,83,B6,09,20,70,00,
70000,00000625,false,Rx,0,8,25,00,59,86,01,54,5C,06,
132000,0000060D,false,Rx,0,8,0D,10,83,B6,09,20,70,00,
141000,00000054,false,Rx,0,8,01,05,BD,00,6E,02,00,00,
142000,00000055,false,Rx,0,8,10,27,00,00,00,00,00,00,
142000,00000056,false,Rx,0,8,10,27,00,00,00,00,00,00,
142000,00000057,false,Rx,0,8,00,00,FE,FF,FE,FF,00,00,
170000,00000625,false,Rx,0,8,25,00,59,86,01,54,5C,06,
0,000002C4,false,Rx,0,8,09,20,00,00,6E,02,00,00,
0,000002C5,false,Rx,0,8,00,00,00,00,00,00,00,00,
182000,000002C6,false,Rx,0,8,32,00,7C,01,00,00,00,00,
232000,0000060D,false,Rx,0,8,0D,10,83,B6,09,20,70,00,
270000,00000625,false,Rx,0,8,25,00,59,86,01,54,5C,06,
333000,0000060D,false,Rx,0,8,0D,10,83,B6,09,20,70,00,
343000,00000054,false,Rx,0,8,01,05,BD,00,6E,02,00,00,
343000,00000055,false,Rx,0,8,10,27,00,00,00,00,00,00,
0,00000056,false,Rx,0,8,10,27,00,00,00,00,00,00,
0,00000057,false,Rx,0,8,00,00,FE,FF,FE,FF,00,00,
370000,00000625,false,Rx,0,8,25,00,59,86,01,54,5C,06,
402000,000002C4,false,Rx,0,8,09,20,00,00,6E,02,00,00,
402000,000002C5,false,Rx,0,8,00,00,00,00,00,00,00,00,
402000,000002C6,false,Rx,0,8,32,00,7C,01,00,00,00,00,
432000,0000060D,false,Rx,0,8,0D,10,83,B6,09,20,70,00,
470000,00000625,false,Rx,0,8,25,00,59,86,01,54,5C,06,
532000,0000060D,false,Rx,0,8,0D,10,83,B6,09,20,70,00,
542000,00000054,false,Rx,0,8,01,05,BD,00,6E,02,00,00,
542000,00000055,false,Rx,0,8,10,27,00,00,00,00,00,00,
543000,00000056,false,Rx,0,8,10,27,00,00,00,00,00,00,
543000,00000057,false,Rx,0,8,00,00,FE,FF,FE,FF,00,00,
570000,00000625,false,Rx,0,8,25,00,59,86,01,54,5C,06,
621000,000002C4,false,Rx,0,8,09,20,00,00,6E,02,00,00,
621000,000002C5,false,Rx,0,8,00,00,00,00,00,00,00,00,
621000,000002C6,false,Rx,0,8,32,00,7C,01,00,00,00,00,
633000,0000060D,false,Rx,0,8,0D,10,83,B6,09,20,70,00,
670000,00000625,false,Rx,0,8,25,00,59,86,01,54,5C,06,
733000,0000060D,false,Rx,0,8,0D,10,83,B6,09,20,70,00,
742000,00000054,false,Rx,0,8,01,05,BD,00,6E,02,00,00,
743000,00000055,false,Rx,0,8,10,27,00,00,00,00,00,00,
743000,00000056,false,Rx,0,8,10,27,00,00,00,00,00,00,
744000,00000057,false,Rx,0,8,00,00,FE,FF,FE,FF,00,00,
769000,00000625,false,Rx,0,8,25,00,59,86,01,54,5C,06,
832000,0000060D,false,Rx,0,8,0D,10,83,B6,09,20,70,00,
842000,000002C4,false,Rx,0,8,09,20,00,00,6E,02,00,00,
0,000002C5,false,Rx,0,8,00,00,00,00,00,00,00,00,
0,000002C6,false,Rx,0,8,32,00,7C,01,00,00,00,00,
870000,00000625,false,Rx,0,8,25,00,59,86,01,54,5C,06,
932000,0000060D,false,Rx,0,8,0D,10,83,B6,09,20,70,00,
0,00000054,false,Rx,0,8,01,05,BD,00,6E,02,00,00,
0,00000055,false,Rx,0,8,10,27,00,00,00,00,00,00,
942000,00000056,false,Rx,0,8,10,27,00,00,00,00,00,00,
943000,00000057,false,Rx,0,8,00,00,FE,FF,FE,FF,00,00,
971000,00000625,false,Rx,0,8,25,00,59,86,01,54,5C,06,
32000,0000060D,false,Rx,0,8,0D,10,83,B6,09,20,70,00,
61000,000002C4,false,Rx,0,8,09,20,00,00,6E,02,00,00,
62000,000002C5,false,Rx,0,8,00,00,00,00,00,00,00,00,
62000,000002C6,false,Rx,0,8,32,00,7C,01,00,00,00,00,
70000,00000625,false,Rx,0,8,25,00,59,86,01,54,5C,06,
132000,0000060D,false,Rx,0,8,0D,10,83,B6,09,20,70,00,
142000,00000054,false,Rx,0,8,01,05,BD,00,6E,02,00,00,
142000,00000055,false,Rx,0,8,10,27,00,00,00,00,00,00,
143000,00000056,false,Rx,0,8,10,27,00,00,00,00,00,00,
143000,00000057,false,Rx,0,8,00,00,FE,FF,FE,FF,00,00,
171000,00000625,false,Rx,0,8,25,00,59,86,01,54,5C,06,
232000,0000060D,false,Rx,0,8,0D,10,83,B6,09,20,70,00,
270000,00000625,false,Rx,0,8,25,00,59,86,01,54,5C,06,
281000,000002C4,false,Rx,0,8,09,20,00,00,6E,02,00,00,
281000,000002C5,false,Rx,0,8,00,00,00,00,00,00,00,00,
281000,000002C6,false,Rx,0,8,32,00,7C,01,00,00,00,00,
332000,0000060D,false,Rx,0,8,0D,10,83,B6,09,20,70,00,
342000,00000054,false,Rx,0,8,01,05,BD,00,6E,02,00,00,
343000,00000055,false,Rx,0,8,10,27,00,00,00,00,00,00,
343000,00000056,false,Rx,0,8,10,27,00,00,00,00,00,00,
343000,00000057,false,Rx,0,8,00,00,FE,FF,FE,FF,00,00,
371000,00000625,false,Rx,0,8,25,00,59,86,01,54,5C,06,
432000,0000060D,false,Rx,0,8,0D,10,83,B6,09,20,70,00,
470000,00000625,false,Rx,0,8,25,00,59,86,01,54,5C,06,
501000,000002C4,false,Rx,0,8,09,20,00,00,6E,02,00,00,
501000,000002C5,false,Rx,0,8,00,00,00,00,00,00,00,00,
501000,000002C6,false,Rx,0,8,32,00,7C,01,00,00,00,00,
532000,0000060D,false,Rx,0,8,0D,10,83,B6,09,20,70,00,
541000,00000054,false,Rx,0,8,01,05,BD,00,6E,02,00,00,
542000,00000055,false,Rx,0,8,10,27,00,00,00,00,00,00,
542000,00000056,false,Rx,0,8,10,27,00,00,00,00,00,00,
542000,00000057,false,Rx,0,8,00,00,FE,FF,FE,FF,00,00,
570000,00000625,false,Rx,0,8,25,00,59,86,01,54,5C,06,
632000,0000060D,false,Rx,0,8,0D,10,83,B6,09,20,70,00,
670000,00000625,false,Rx,0,8,25,00,59,86,01,54,5C,06,
0,000002C4,false,Rx,0,8,09,20,00,00,6E,02,00,00,
0,000002C5,false,Rx,0,8,00,00,00,00,00,00,00,00,
722000,000002C6,false,Rx,0,8,32,00,7C,01,00,00,00,00,
733000,0000060D,false,Rx,0,8,0D,10,83,B6,09,20,70,00,
742000,00000054,false,Rx,0,8,01,05,BD,00,6E,02,00,00,
742000,00000055,false,Rx,0,8,10,27,00,00,00,00,00,00,
743000,00000056,false,Rx,0,8,10,27,00,00,00,00,00,00,
743000,00000057,false,Rx,0,8,00,00,FE,FF,FE,FF,00,00,
770000,00000625,false,Rx,0,8,25,00,59,86,01,54,5C,06,
832000,0000060D,false,Rx,0,8,0D,10,83,B6,09,20,70,00,
870000,00000625,false,Rx,0,8,25,00,59,86,01,54,5C,06,
934000,0000060D,false,Rx,0,8,0D,10,83,B6,09,20,70,00,
0,000002C4,false,Rx,0,8,09,20,00,00,6E,02,00,00,
0,000002C5,false,Rx,0,8,00,00,00,00,00,00,00,00,
942000,000002C6,false,Rx,0,8,32,00,7C,01,00,00,00,00,
942000,00000054,false,Rx,0,8,01,05,BD,00,6E,02,00,00,
943000,00000055,false,Rx,0,8,10,27,00,00,00,00,00,00,
943000,00000056,false,Rx,0,8,10,27,00,00,00,00,00,00,
943000,00000057,false,Rx,0,8,00,00,FE,FF,FE,FF,00,00,
970000,00000625,false,Rx,0,8,25,00,59,86,01,54,5C,06,
33000,0000060D,false,Rx,0,8,0D,10,83,B6,09,20,70,00,
70000,00000625,false,Rx,0,8,25,00,59,86,01,54,5C,06,
133000,0000060D,false,Rx,0,8,0D,10,83,B6,09,20,70,00,
142000,00000054,false,Rx,0,8,01,05,BD,00,6E,02,00,00,
142000,00000055,false,Rx,0,8,10,27,00,00,00,00,00,00,
143000,00000056,false,Rx,0,8,10,27,00,00,00,00,00,00,
143000,00000057,false,Rx,0,8,00,00,FE,FF,FE,FF,00,00,
0,000002C4,false,Rx,0,8,09,20,00,00,6E,02,00,00,
0,000002C5,false,Rx,0,8,00,00,00,00,00,00,00,00,
162000,000002C6,false,Rx,0,8,32,00,7C,01,00,00,00,00,
170000,00000625,false,Rx,0,8,25,00,59,86,01,54,5C,06,
233000,0000060D,false,Rx,0,8,0D,10,83,B6,09,20,70,00,
270000,00000625,false,Rx,0,8,25,00,59,86,01,54,5C,06,
332000,0000060D,false,Rx,0,8,0D,10,83,B6,09,20,70,00,
342000,00000054,false,Rx,0,8,01,05,BD,00,6E,02,00,00,
342000,00000055,false,Rx,0,8,10,27,00,00,00,00,00,00,
342000,00000056,false,Rx,0,8,10,27,00,00,00,00,00,00,
342000,00000057,false,Rx,0,8,00,00,FE,FF,FE,FF,00,00,
370000,00000625,false,Rx,0,8,25,00,59,86,01,54,5C,06,
0,000002C4,false,Rx,0,8,09,20,00,00,6E,02,00,00,
0,000002C5,false,Rx,0,8,00,00,00,00,00,00,00,00,
382000,000002C6,false,Rx,0,8,32,00,7C,01,00,00,00,00,
433000,0000060D,false,Rx,0,8,0D,10,83,B6,09,20,70,00,
470000,00000625,false,Rx,0,8,25,00,59,86,01,54,5C,06,
532000,0000060D,false,Rx,0,8,0D,10,83,B6,09,20,70,00,
542000,00000054,false,Rx,0,8,01,05,BD,00,6E,02,00,00,
542000,00000055,false,Rx,0,8,10,27,00,00,00,00,00,00,
543000,00000056,false,Rx,0,8,10,27,00,00,00,00,00,00,
543000,00000057,false,Rx,0,8,00,00,FE,FF,FE,FF,00,00,
571000,00000625,false,Rx,0,8,25,00,59,86,01,54,5C,06,
0,000002C4,false,Rx,0,8,09,20,00,00,6E,02,00,00,
0,000002C5,false,Rx,0,8,00,00,00,00,00,00,00,00,
602000,000002C6,false,Rx,0,8,32,00,7C,01,00,00,00,00,
632000,0000060D,false,Rx,0,8,0D,10,83,B6,09,20,70,00,
670000,00000625,false,Rx,0,8,25,00,59,86,01,54,5C,06,
732000,0000060D,false,Rx,0,8,0D,10,83,B6,09,20,70,00,
741000,00000054,false,Rx,0,8,01,05,BD,00,6E,02,00,00,
742000,00000055,false,Rx,0,8,10,27,00,00,00,00,00,00,
0,00000056,false,Rx,0,8,10,27,00,00,00,00,00,00,
0,00000057,false,Rx,0,8,00,00,FE,FF,FE,FF,00,00,
769000,00000625,false,Rx,0,8,25,00,59,86,01,54,5C,06,
821000,000002C4,false,Rx,0,8,09,20,00,00,6E,02,00,00,
0,000002C5,false,Rx,0,8,00,00,00,00,00,00,00,00,
0,000002C6,false,Rx,0,8,32,00,7C,01,00,00,00,00,
832000,0000060D,false,Rx,0,8,0D,10,83,B6,09,20,70,00,
871000,00000625,false,Rx,0,8,25,00,59,86,01,54,5C,06,
932000,0000060D,false,Rx,0,8,0D,10,83,B6,09,20,70,00,
942000,00000054,false,Rx,0,8,01,05,BD,00,6E,02,00,00,
942000,00000055,false,Rx,0,8,10,27,00,00,00,00,00,00,
942000,00000056,false,Rx,0,8,10,27,00,00,00,00,00,00,
943000,00000057,false,Rx,0,8,00,00,FE,FF,FE,FF,00,00,
970000,00000625,false,Rx,0,8,25,00,59,86,01,54,5C,06,
32000,0000060D,false,Rx,0,8,0D,10,83,B6,09,20,70,00,
41000,000002C4,false,Rx,0,8,09,20,00,00,6E,02,00,00,
42000,000002C5,false,Rx,0,8,00,00,00,00,00,00,00,00,
42000,000002C6,false,Rx,0,8,32,00,7C,01,00,00,00,00,
71000,00000625,false,Rx,0,8,25,00,59,86,01,54,5C,06,
133000,0000060D,false,Rx,0,8,0D,10,83,B6,09,20,70,00,
142000,00000054,false,Rx,0,8,01,05,BD,00,6E,02,00,00,
142000,00000055,false,Rx,0,8,10,27,00,00,00,00,00,00,
142000,00000056,false,Rx,0,8,10,27,00,00,00,00,00,00,
143000,00000057,false,Rx,0,8,00,00,FE,FF,FE,FF,00,00,
170000,00000625,false,Rx,0,8,25,00,59,86,01,54,5C,06,
233000,0000060D,false,Rx,0,8,0D,10,83,B6,09,20,70,00,
262000,000002C4,false,Rx,0,8,09,20,00,00,6E,02,00,00,
262000,000002C5,false,Rx,0,8,00,00,00,00,00,00,00,00,
262000,000002C6,false,Rx,0,8,32,00,7C,01,00,00,00,00,
270000,00000625,false,Rx,0,8,25,00,59,86,01,54,5C,06,
333000,0000060D,false,Rx,0,8,0D,10,83,B6,09,20,70,00,
0,00000054,false,Rx,0,8,01,05,BD,00,6E,02,00,00,
0,00000055,false,Rx,0,8,10,27,00,00,00,00,00,00,
342000,00000056,false,Rx,0,8,10,27,00,00,00,00,00,00,
343000,00000057,false,Rx,0,8,00,00,FE,FF,FE,FF,00,00,
370000,00000625,false,Rx,0,8,25,00,59,86,01,54,5C,06,
433000,0000060D,false,Rx,0,8,0D,10,83,B6,09,20,70,00,
471000,00000625,false,Rx,0,8,25,00,59,86,01,54,5C,06,
0,000002C4,false,Rx,0,8,09,20,00,00,6E,02,00,00,
0,000002C5,false,Rx,0,8,00,00,00,00,00,00,00,00,
482000,000002C6,false,Rx,0,8,32,00,7C,01,00,00,00,00,
532000,0000060D,false,Rx,0,8,0D,10,83,B6,09,20,70,00,
542000,00000054,false,Rx,0,8,01,05,BD,00,6E,02,00,00,
542000,00000055,false,Rx,0,8,10,27,00,00,00,00,00,00,
542000,00000056,false,Rx,0,8,10,27,00,00,00,00,00,00,
543000,00000057,false,Rx,0,8,00,00,FE,FF,FE,FF,00,00,
570000,00000625,false,Rx,0,8,25,00,59,86,01,54,5C,06,
632000,0000060D,false,Rx,0,8,0D,10,83,B6,09,20,70,00,
670000,00000625,false,Rx,0,8,25,00,59,86,01,54,5C,06,
0,000002C4,false,Rx,0,8,09,20,00,00,6E,02,00,00,
0,000002C5,false,Rx,0,8,00,00,00,00,00,00,00,00,
702000,000002C6,false,Rx,0,8,32,00,7C,01,00,00,00,00,
732000,0000060D,false,Rx,0,8,0D,10,83,B6,09,20,70,00,
742000,00000054,false,Rx,0,8,01,05,BD,00,6E,02,00,00,
742000,00000055,false,Rx,0,8,10,27,00,00,00,00,00,00,
742000,00000056,false,Rx,0,8,10,27,00,00,00,00,00,00,
742000,00000057,false,Rx,0,8,00,00,FE,FF,FE,FF,00,00,
769000,00000625,false,Rx,0,8,25,00,59,86,01,54,5C,06,
833000,0000060D,false,Rx,0,8,0D,10,83,B6,09,20,70,00,
870000,00000625,false,Rx,0,8,25,00,59,86,01,54,5C,06,
0,000002C4,false,Rx,0,8,09,20,00,00,6E,02,00,00,
0,000002C5,false,Rx,0,8,00,00,00,00,00,00,00,00,
922000,000002C6,false,Rx,0,8,32,00,7C,01,00,00,00,00,
933000,0000060D,false,Rx,0,8,0D,10,83,B6,09,20,70,00,
0,00000054,false,Rx,0,8,01,05,BD,00,6E,02,00,00,
0,00000055,false,Rx,0,8,10,27,00,00,00,00,00,00,
0,00000056,false,Rx,0,8,10,27,00,00,00,00,00,00,
943000,00000057,false,Rx,0,8,00,00,FE,FF,FE,FF,00,00,
970000,00000625,false,Rx,0,8,25,00,59,86,01,54,5C,06,
32000,0000060D,false,Rx,0,8,0D,10,83,B6,09,20,70,00,
70000,00000625,false,Rx,0,8,25,00,59,86,01,54,5C,06,
132000,0000060D,false,Rx,0,8,0D,10,83,B6,09,20,70,00,
0,000002C4,false,Rx,0,8,09,20,00,00,6E,02,00,00,
0,000002C5,false,Rx,0,8,00,00,00,00,00,00,00,00,
142000,000002C6,false,Rx,0,8,32,00,7C,01,00,00,00,00,
0,00000054,false,Rx,0,8,01,05,BD,00,6E,02,00,00,
0,00000055,false,Rx,0,8,10,27,00,00,00,00,00,00,
143000,00000056,false,Rx,0,8,10,27,00,00,00,00,00,00,
143000,00000057,false,Rx,0,8,00,00,FE,FF,FE,FF,00,00,
170000,00000625,false,Rx,0,8,25,00,59,86,01,54,5C,06,
233000,0000060D,false,Rx,0,8,0D,10,83,B6,09,20,70,00,
270000,00000625,false,Rx,0,8,25,00,59,86,01,54,5C,06,
331000,0000060D,false,Rx,0,8,0D,10,83,B6,09,20,70,00,
342000,00000054,false,Rx,0,8,01,05,BD,00,6E,02,00,00,
342000,00000055,false,Rx,0,8,10,27,00,00,00,00,00,00,
342000,00000056,false,Rx,0,8,10,27,00,00,00,00,00,00,
343000,00000057,false,Rx,0,8,00,00,FE,FF,FE,FF,00,00,
361000,000002C4,false,Rx,0,8,09,20,00,00,6E,02,00,00,
361000,000002C5,false,Rx,0,8,00,00,00,00,00,00,00,00,
362000,000002C6,false,Rx,0,8,32,00,7C,01,00,00,00,00,
370000,00000625,false,Rx,0,8,25,00,59,86,01,54,5C,06,
432000,0000060D,false,Rx,0,8,0D,10,83,B6,09,20,70,00,
470000,00000625,false,Rx,0,8,25,00,59,86,01,54,5C,06,
532000,0000060D,false,Rx,0,8,0D,10,83,B6,09,20,70,00,
542000,00000054,false,Rx,0,8,01,05,BD,00,6E,02,00,00,
542000,00000055,false,Rx,0,8,10,27,00,00,00,00,00,00,
543000,00000056,false,Rx,0,8,10,27,00,00,00,00,00,00,
543000,00000057,false,Rx,0,8,00,00,FE,FF,FE,FF,00,00,
570000,00000625,false,Rx,0,8,25,00,59,86,01,54,5C,06,
581000,000002C4,false,Rx,0,8,09,20,00,00,6E,02,00,00,
582000,000002C5,false,Rx,0,8,00,00,00,00,00,00,00,00,
582000,000002C6,false,Rx,0,8,32,00,7C,01,00,00,00,00,
632000,0000060D,false,Rx,0,8,0D,10,83,B6,09,20,70,00,
670000,00000625,false,Rx,0,8,25,00,59,86,01,54,5C,06,
732000,0000060D,false,Rx,0,8,0D,10,83,B6,09,20,70,00,
742000,00000054,false,Rx,0,8,01,05,BD,00,6E,02,00,00,
742000,00000055,false,Rx,0,8,10,27,00,00,00,00,00,00,
742000,00000056,false,Rx,0,8,10,27,00,00,00,00,00,00,
743000,00000057,false,Rx,0,8,00,00,FE,FF,FE,FF,00,00,
770000,00000625,false,Rx,0,8,25,00,59,86,01,54,5C,06,
0,000002C4,false,Rx,0,8,09,20,00,00,6E,02,00,00,
0,000002C5,false,Rx,0,8,00,00,00,00,00,00,00,00,
802000,000002C6,false,Rx,0,8,32,00,7C,01,00,00,00,00,
832000,0000060D,false,Rx,0,8,0D,10,83,B6,09,20,70,00,
870000,00000625,false,Rx,0,8,25,00,59,86,01,54,5C,06,
932000,0000060D,false,Rx,0,8,0D,10,83,B6,09,20,70,00,
0,00000054,false,Rx,0,8,01,05,BD,00,6E,02,00,00,
0,00000055,false,Rx,0,8,10,27,00,00,00,00,00,00,
942000,00000056,false,Rx,0,8,10,27,00,00,00,00,00,00,
942000,00000057,false,Rx,0,8,00,00,FE,FF,FE,FF,00,00,
970000,00000625,false,Rx,0,8,25,00,59,86,01,54,5C,06,
0,000002C4,false,Rx,0,8,09,20,00,00,6E,02,00,00,
0,000002C5,false,Rx,0,8,00,00,00,00,00,00,00,00,
22000,000002C6,false,Rx,0,8,32,00,7C,01,00,00,00,00,
32000,0000060D,false,Rx,0,8,0D,10,83,B6,09,20,70,00,
70000,00000625,false,Rx,0,8,25,00,59,86,01,54,5C,06,
132000,0000060D,false,Rx,0,8,0D,10,83,B6,09,20,70,00,
142000,00000054,false,Rx,0,8,01,05,BD,00,6E,02,00,00,
142000,00000055,false,Rx,0,8,10,27,00,00,00,00,00,00,
142000,00000056,false,Rx,0,8,10,27,00,00,00,00,00,00,
143000,00000057,false,Rx,0,8,00,00,FE,FF,FE,FF,00,00,
170000,00000625,false,Rx,0,8,25,00,59,86,01,54,5C,06,
233000,0000060D,false,Rx,0,8,0D,10,83,B6,09,20,70,00,
0,000002C4,false,Rx,0,8,09,20,00,00,6E,02,00,00,
0,000002C5,false,Rx,0,8,00,00,00,00,00,00,00,00,
242000,000002C6,false,Rx,0,8,32,00,7C,01,00,00,00,00,
270000,00000625,false,Rx,0,8,25,00,59,86,01,54,5C,06,
332000,0000060D,false,Rx,0,8,0D,10,83,B6,09,20,70,00,
342000,00000054,false,Rx,0,8,01,05,BD,00,6E,02,00,00,
342000,00000055,false,Rx,0,8,10,27,00,00,00,00,00,00,
343000,00000056,false,Rx,0,8,10,27,00,00,00,00,00,00,
343000,00000057,false,Rx,0,8,00,00,FE,FF,FE,FF,00,00,
371000,00000625,false,Rx,0,8,25,00,59,86,01,54,5C,06,
432000,0000060D,false,Rx,0,8,0D,10,83,B6,09,20,70,00,
0,000002C4,false,Rx,0,8,09,20,00,00,6E,02,00,00,
0,000002C5,false,Rx,0,8,00,00,00,00,00,00,00,00,
462000,000002C6,false,Rx,0,8,32,00,7C,01,00,00,00,00,
471000,00000625,false,Rx,0,8,25,00,59,86,01,54,5C,06,
532000,0000060D,false,Rx,0,8,0D,10,83,B6,09,20,70,00,
0,00000054,false,Rx,0,8,01,05,BD,00,6E,02,00,00,
0,00000055,false,Rx,0,8,10,27,00,00,00,00,00,00,
542000,00000056,false,Rx,0,8,10,27,00,00,00,00,00,00,
543000,00000057,false,Rx,0,8,00,00,FE,FF,FE,FF,00,00,
571000,00000625,false,Rx,0,8,25,00,59,86,01,54,5C,06,
633000,0000060D,false,Rx,0,8,0D,10,83,B6,09,20,70,00,
670000,00000625,false,Rx,0,8,25,00,59,86,01,54,5C,06,
0,000002C4,false,Rx,0,8,09,20,00,00,6E,02,00,00,
0,000002C5,false,Rx,0,8,00,00,00,00,00,00,00,00,
681000,000002C6,false,Rx,0,8,32,00,7C,01,00,00,00,00,
732000,0000060D,false,Rx,0,8,0D,10,83,B6,09,20,70,00,
742000,00000054,false,Rx,0,8,01,05,BD,00,6E,02,00,00,
742000,00000055,false,Rx,0,8,10,27,00,00,00,00,00,00,
743000,00000056,false,Rx,0,8,10,27,00,00,00,00,00,00,
743000,00000057,false,Rx,0,8,00,00,FE,FF,FE,FF,00,00,
770000,00000625,false,Rx,0,8,25,00,59,86,01,54,5C,06,
832000,0000060D,false,Rx,0,8,0D,10,83,B6,09,20,70,00,
870000,00000625,false,Rx,0,8,25,00,59,86,01,54,5C,06,
0,000002C4,false,Rx,0,8,09,20,00,00,6E,02,00,00,
0,000002C5,false,Rx,0,8,00,00,00,00,00,00,00,00,
902000,000002C6,false,Rx,0,8,32,00,7C,01,00,00,00,00,
933000,0000060D,false,Rx,0,8,0D,10,83,B6,09,20,70,00,
0,00000054,false,Rx,0,8,01,05,BD,00,6E,02,00,00,
0,00000055,false,Rx,0,8,10,27,00,00,00,00,00,00,
942000,00000056,false,Rx,0,8,10,27,00,00,00,00,00,00,
943000,00000057,false,Rx,0,8,00,00,FE,FF,FE,FF,00,00,
971000,00000625,false,Rx,0,8,25,00,59,86,01,54,5C,06,
32000,0000060D,false,Rx,0,8,0D,10,83,B6,09,20,70,00,
71000,00000625,false,Rx,0,8,25,00,59,86,01,54,5C,06,
0,000002C4,false,Rx,0,8,09,20,00,00,6E,02,00,00,
0,000002C5,false,Rx,0,8,00,00,00,00,00,00,00,00,
122000,000002C6,false,Rx,0,8,32,00,7C,01,00,00,00,00,
133000,0000060D,false,Rx,0,8,0D,10,83,B6,09,20,70,00,
0,00000054,false,Rx,0,8,01,05,BD,00,6E,02,00,00,
0,00000055,false,Rx,0,8,10,27,00,00,00,00,00,00,
143000,00000056,false,Rx,0,8,10,27,00,00,00,00,00,00,
143000,00000057,false,Rx,0,8,00,00,FE,FF,FE,FF,00,00,
171000,00000625,false,Rx,0,8,25,00,59,86,01,54,5C,06,
232000,0000060D,false,Rx,0,8,0D,10,83,B6,09,20,70,00,
270000,00000625,false,Rx,0,8,25,00,59,86,01,54,5C,06,
333000,0000060D,false,Rx,0,8,0D,10,83,B6,09,20,70,00,
0,000002C4,false,Rx,0,8,09,20,00,00,6E,02,00,00,
0,000002C5,false,Rx,0,8,00,00,00,00,00,00,00,00,
0,000002C6,false,Rx,0,8,32,00,7C,01,00,00,00,00,
0,00000054,false,Rx,0,8,01,05,BD,00,6E,02,00,00,
342000,00000055,false,Rx,0,8,10,27,00,00,00,00,00,00,
342000,00000056,false,Rx,0,8,10,27,00,00,00,00,00,00,
342000,00000057,false,Rx,0,8,00,00,FE,FF,FE,FF,00,00,
370000,00000625,false,Rx,0,8,25,00,59,86,01,54,5C,06,
432000,0000060D,false,Rx,0,8,0D,10,83,B6,09,20,70,00,
470000,00000625,false,Rx,0,8,25,00,59,86,01,54,5C,06,
532000,0000060D,false,Rx,0,8,0D,10,83,B6,09,20,70,00,
542000,00000054,false,Rx,0,8,01,05,BD,00,6E,02,00,00,
0,00000055,false,Rx,0,8,10,27,00,00,00,00,00,00,
0,00000056,false,Rx,0,8,10,27,00,00,00,00,00,00,
543000,00000057,false,Rx,0,8,00,00,FE,FF,FE,FF,00,00,
561000,000002C4,false,Rx,0,8,09,20,00,00,6E,02,00,00,
561000,000002C5,false,Rx,0,8,00,00,00,00,00,00,00,00,
562000,000002C6,false,Rx,0,8,32,00,7C,01,00,00,00,00,
570000,00000625,false,Rx,0,8,25,00,59,86,01,54,5C,06,
633000,0000060D,false,Rx,0,8,0D,10,83,B6,09,20,70,00,
670000,00000625,false,Rx,0,8,25,00,59,86,01,54,5C,06,
733000,0000060D,false,Rx,0,8,0D,10,83,B6,09,20,70,00,
0,00000054,false,Rx,0,8,01,05,BD,00,6E,02,00,00,
0,00000055,false,Rx,0,8,10,27,00,00,00,00,00,00,
0,00000056,false,Rx,0,8,10,27,00,00,00,00,00,00,
0,00000057,false,Rx,0,8,00,00,FE,FF,FE,FF,00,00,
770000,00000625,false,Rx,0,8,25,00,59,86,01,54,5C,06,
781000,000002C4,false,Rx,0,8,09,20,00,00,6E,02,00,00,
781000,000002C5,false,Rx,0,8,00,00,00,00,00,00,00,00,
782000,000002C6,false,Rx,0,8,32,00,7C,01,00,00,00,00,
832000,0000060D,false,Rx,0,8,0D,10,83,B6,09,20,70,00,
870000,00000625,false,Rx,0,8,25,00,59,86,01,54,5C,06,
932000,0000060D,false,Rx,0,8,0D,10,83,B6,09,20,70,00,
0,00000054,false,Rx,0,8,01,05,BD,00,6E,02,00,00,
0,00000055,false,Rx,0,8,10,27,00,00,00,00,00,00,
942000,00000056,false,Rx,0,8,10,27,00,00,00,00,00,00,
943000,00000057,false,Rx,0,8,00,00,FE,FF,FE,FF,00,00,
971000,00000625,false,Rx,0,8,25,00,59,86,01,54,5C,06,
0,000002C4,false,Rx,0,8,09,20,00,00,6E,02,00,00,
0,000002C5,false,Rx,0,8,00,00,00,00,00,00,00,00,
1000,000002C6,false,Rx,0,8,32,00,7C,01,00,00,00,00,
32000,0000060D,false,Rx,0,8,0D,10,83,B6,09,20,70,00,
70000,00000625,false,Rx,0,8,25,00,59,86,01,54,5C,06,
132000,0000060D,false,Rx,0,8,0D,10,83,B6,09,20,70,00,
0,00000054,false,Rx,0,8,01,05,BD,00,6E,02,00,00,
0,00000055,false,Rx,0,8,10,27,00,00,00,00,00,00,
143000,00000056,false,Rx,0,8,10,27,00,00,00,00,00,00,
143000,00000057,false,Rx,0,8,00,00,FE,FF,FE,FF,00,00,
170000,00000625,false,Rx,0,8,25,00,59,86,01,54,5C,06,
222000,000002C4,false,Rx,0,8,09,20,00,00,6E,02,00,00,
222000,000002C5,false,Rx,0,8,00,00,00,00,00,00,00,00,
222000,000002C6,false,Rx,0,8,32,00,7C,01,00,00,00,00,
233000,0000060D,false,Rx,0,8,0D,10,83,B6,09,20,70,00,
270000,00000625,false,Rx,0,8,25,00,59,86,01,54,5C,06,
332000,0000060D,false,Rx,0,8,0D,10,83,B6,09,20,70,00,
342000,00000054,false,Rx,0,8,01,05,BD,00,6E,02,00,00,
342000,00000055,false,Rx,0,8,10,27,00,00,00,00,00,00,
343000,00000056,false,Rx,0,8,10,27,00,00,00,00,00,00,
343000,00000057,false,Rx,0,8,00,00,FE,FF,FE,FF,00,00,
370000,00000625,false,Rx,0,8,25,00,59,86,01,54,5C,06,
433000,0000060D,false,Rx,0,8,0D,10,83,B6,09,20,70,00,
0,000002C4,false,Rx,0,8,09,20,00,00,6E,02,00,00,
0,000002C5,false,Rx,0,8,00,00,00,00,00,00,00,00,
441000,000002C6,false,Rx,0,8,32,00,7C,01,00,00,00,00,
471000,00000625,false,Rx,0,8,25,00,59,86,01,54,5C,06,
532000,0000060D,false,Rx,0,8,0D,10,83,B6,09,20,70,00,
542000,00000054,false,Rx,0,8,01,05,BD,00,6E,02,00,00,
0,00000055,false,Rx,0,8,10,27,00,00,00,00,00,00,
0,00000056,false,Rx,0,8,10,27,00,00,00,00,00,00,
542000,00000057,false,Rx,0,8,00,00,FE,FF,FE,FF,00,00,
570000,00000625,false,Rx,0,8,25,00,59,86,01,54,5C,06,
632000,0000060D,false,Rx,0,8,0D,10,83,B6,09,20,70,00,
0,000002C4,false,Rx,0,8,09,20,00,00,6E,02,00,00,
0,000002C5,false,Rx,0,8,00,00,00,00,00,00,00,00,
662000,000002C6,false,Rx,0,8,32,00,7C,01,00,00,00,00,
671000,00000625,false,Rx,0,8,25,00,59,86,01,54,5C,06,
732000,0000060D,false,Rx,0,8,0D,10,83,B6,09,20,70,00,
742000,00000054,false,Rx,0,8,01,05,BD,00,6E,02,00,00,
742000,00000055,false,Rx,0,8,10,27,00,00,00,00,00,00,
742000,00000056,false,Rx,0,8,10,27,00,00,00,00,00,00,
742000,00000057,false,Rx,0,8,00,00,FE,FF,FE,FF,00,00,
770000,00000625,false,Rx,0,8,25,00,59,86,01,54,5C,06,
832000,0000060D,false,Rx,0,8,0D,10,83,B6,09,20,70,00,
870000,00000625,false,Rx,0,8,25,00,59,86,01,54,5C,06,
0,000002C4,false,Rx,0,8,09,20,00,00,6E,02,00,00,
0,000002C5,false,Rx,0,8,00,00,00,00,00,00,00,00,
882000,000002C6,false,Rx,0,8,32,00,7C,01,00,00,00,00,
932000,0000060D,false,Rx,0,8,0D,10,83,B6,09,20,70,00,
0,00000054,false,Rx,0,8,01,05,BD,00,6E,02,00,00,
0,00000055,false,Rx,0,8,10,27,00,00,00,00,00,00,
943000,00000056,false,Rx,0,8,10,27,00,00,00,00,00,00,
943000,00000057,false,Rx,0,8,00,00,FE,FF,FE,FF,00,00,
971000,00000625,false,Rx,0,8,25,00,59,86,01,54,5C,06,
32000,0000060D,false,Rx,0,8,0D,10,83,B6,09,20,70,00,
70000,00000625,false,Rx,0,8,25,00,59,86,01,54,5C,06,
102000,000002C4,false,Rx,0,8,09,20,00,00,6E,02,00,00,
102000,000002C5,false,Rx,0,8,00,00,00,00,00,00,00,00,
102000,000002C6,false,Rx,0,8,32,00,7C,01,00,00,00,00,
133000,0000060D,false,Rx,0,8,0D,10,83,B6,09,20,70,00,
0,00000054,false,Rx,0,8,01,05,BD,00,6E,02,00,00,
0,00000055,false,Rx,0,8,10,27,00,00,00,00,00,00,
143000,00000056,false,Rx,0,8,10,27,00,00,00,00,00,00,
143000,00000057,false,Rx,0,8,00,00,FE,FF,FE,FF,00,00,
171000,00000625,false,Rx,0,8,25,00,59,86,01,54,5C,06,
233000,0000060D,false,Rx,0,8,0D,10,83,B6,09,20,70,00,
270000,00000625,false,Rx,0,8,25,00,59,86,01,54,5C,06,
0,000002C4,false,Rx,0,8,09,20,00,00,6E,02,00,00,
0,000002C5,false,Rx,0,8,00,00,00,00,00,00,00,00,
322000,000002C6,false,Rx,0,8,32,00,7C,01,00,00,00,00,
332000,0000060D,false,Rx,0,8,0D,10,83,B6,09,20,70,00,
342000,00000054,false,Rx,0,8,01,05,BD,00,6E,02,00,00,
342000,00000055,false,Rx,0,8,10,27,00,00,00,00,00,00,
343000,00000056,false,Rx,0,8,10,27,00,00,00,00,00,00,
343000,00000057,false,Rx,0,8,00,00,FE,FF,FE,FF,00,00,
370000,00000625,false,Rx,0,8,25,00,59,86,01,54,5C,06,
432000,0000060D,false,Rx,0,8,0D,10,83,B6,09,20,70,00,
470000,00000625,false,Rx,0,8,25,00,59,86,01,54,5C,06,
532000,0000060D,false,Rx,0,8,0D,10,83,B6,09,20,70,00,
541000,000002C4,false,Rx,0,8,09,20,00,00,6E,02,00,00,
541000,000002C5,false,Rx,0,8,00,00,00,00,00,00,00,00,
541000,000002C6,false,Rx,0,8,32,00,7C,01,00,00,00,00,
542000,00000054,false,Rx,0,8,01,05,BD,00,6E,02,00,00,
542000,00000055,false,Rx,0,8,10,27,00,00,00,00,00,00,
542000,00000056,false,Rx,0,8,10,27,00,00,00,00,00,00,
543000,00000057,false,Rx,0,8,00,00,FE,FF,FE,FF,00,00,
570000,00000625,false,Rx,0,8,25,00,59,86,01,54,5C,06,
632000,0000060D,false,Rx,0,8,0D,10,83,B6,09,20,70,00,
670000,00000625,false,Rx,0,8,25,00,59,86,01,54,5C,06,
732000,0000060D,false,Rx,0,8,0D,10,83,B6,09,20,70,00,
0,00000054,false,Rx,0,8,01,05,BD,00,6E,02,00,00,
0,00000055,false,Rx,0,8,10,27,00,00,00,00,00,00,
743000,00000056,false,Rx,0,8,10,27,00,00,00,00,00,00,
743000,00000057,false,Rx,0,8,00,00,FE,FF,FE,FF,00,00,
762000,000002C4,false,Rx,0,8,09,20,00,00,6E,02,00,00,
762000,000002C5,false,Rx,0,8,00,00,00,00,00,00,00,00,
762000,000002C6,false,Rx,0,8,32,00,7C,01,00,00,00,00,
770000,00000625,false,Rx,0,8,25,00,59,86,01,54,5C,06,
832000,0000060D,false,Rx,0,8,0D,10,83,B6,09,20,70,00,
870000,00000625,false,Rx,0,8,25,00,59,86,01,54,5C,06,
933000,0000060D,false,Rx,0,8,0D,10,83,B6,09,20,70,00,
942000,00000054,false,Rx,0,8,01,05,BD,00,6E,02,00,00,
942000,00000055,false,Rx,0,8,10,27,00,00,00,00,00,00,
942000,00000056,false,Rx,0,8,10,27,00,00,00,00,00,00,
943000,00000057,false,Rx,0,8,00,00,FE,FF,FE,FF,00,00,
971000,00000625,false,Rx,0,8,25,00,59,86,01,54,5C,06,
982000,000002C4,false,Rx,0,8,09,20,00,00,6E,02,00,00,
982000,000002C5,false,Rx,0,8,00,00,00,00,00,00,00,00,
982000,000002C6,false,Rx,0,8,32,00,7C,01,00,00,00,00,
32000,0000060D,false,Rx,0,8,0D,10,83,B6,09,20,70,00,
70000,00000625,false,Rx,0,8,25,00,59,86,01,54,5C,06,
132000,0000060D,false,Rx,0,8,0D,10,83,B6,09,20,70,00,
142000,00000054,false,Rx,0,8,01,05,BD,00,6E,02,00,00,
142000,00000055,false,Rx,0,8,10,27,00,00,00,00,00,00,
142000,00000056,false,Rx,0,8,10,27,00,00,00,00,00,00,
142000,00000057,false,Rx,0,8,00,00,FE,FF,FE,FF,00,00,
170000,00000625,false,Rx,0,8,25,00,59,86,01,54,5C,06,
0,000002C4,false,Rx,0,8,09,20,00,00,6E,02,00,00,
0,000002C5,false,Rx,0,8,00,00,00,00,00,00,00,00,
202000,000002C6,false,Rx,0,8,32,00,7C,01,00,00,00,00,
232000,0000060D,false,Rx,0,8,0D,10,83,B6,09,20,70,00,
270000,00000625,false,Rx,0,8,25,00,59,86,01,54,5C,06,
332000,0000060D,false,Rx,0,8,0D,10,83,B6,09,20,70,00,
342000,00000054,false,Rx,0,8,01,05,BD,00,6E,02,00,00,
342000,00000055,false,Rx,0,8,10,27,00,00,00,00,00,00,
342000,00000056,false,Rx,0,8,10,27,00,00,00,00,00,00,
343000,00000057,false,Rx,0,8,00,00,FE,FF,FE,FF,00,00,
371000,00000625,false,Rx,0,8,25,00,59,86,01,54,5C,06,
422000,000002C4,false,Rx,0,8,09,20,00,00,6E,02,00,00,
422000,000002C5,false,Rx,0,8,00,00,00,00,00,00,00,00,
422000,000002C6,false,Rx,0,8,32,00,7C,01,00,00,00,00,
433000,0000060D,false,Rx,0,8,0D,10,83,B6,09,20,70,00,
471000,00000625,false,Rx,0,8,25,00,59,86,01,54,5C,06,
532000,0000060D,false,Rx,0,8,0D,10,83,B6,09,20,70,00,
542000,00000054,false,Rx,0,8,01,05,BD,00,6E,02,00,00,
542000,00000055,false,Rx,0,8,10,27,00,00,00,00,00,00,
542000,00000056,false,Rx,0,8,10,27,00,00,00,00,00,00,
542000,00000057,false,Rx,0,8,00,00,FE,FF,FE,FF,00,00,
570000,00000625,false,Rx,0,8,25,00,59,86,01,54,5C,06,
633000,0000060D,false,Rx,0,8,0D,10,83,B6,09,20,70,00,
641000,000002C4,false,Rx,0,8,09,20,00,00,6E,02,00,00,
642000,000002C5,false,Rx,0,8,00,00,00,00,00,00,00,00,
642000,000002C6,false,Rx,0,8,32,00,7C,01,00,00,00,00,
670000,00000625,false,Rx,0,8,25,00,59,86,01,54,5C,06,
733000,0000060D,false,Rx,0,8,0D,10,83,B6,09,20,70,00,
742000,00000054,false,Rx,0,8,01,05,BD,00,6E,02,00,00,
743000,00000055,false,Rx,0,8,10,27,00,00,00,00,00,00,
743000,00000056,false,Rx,0,8,10,27,00,00,00,00,00,00,
743000,00000057,false,Rx,0,8,00,00,FE,FF,FE,FF,00,00,
770000,00000625,false,Rx,0,8,25,00,59,86,01,54,5C,06,
833000,0000060D,false,Rx,0,8,0D,10,83,B6,09,20,70,00,
0,000002C4,false,Rx,0,8,09,20,00,00,6E,02,00,00,
0,000002C5,false,Rx,0,8,00,00,00,00,00,00,00,00,
862000,000002C6,false,Rx,0,8,32,00,7C,01,00,00,00,00,
871000,00000625,false,Rx,0,8,25,00,59,86,01,54,5C,06,
933000,0000060D,false,Rx,0,8,0D,10,83,B6,09,20,70,00,
943000,00000054,false,Rx,0,8,01,05,BD,00,6E,02,00,00,
943000,00000055,false,Rx,0,8,10,27,00,00,00,00,00,00,
943000,00000056,false,Rx,0,8,10,27,00,00,00,00,00,00,
943000,00000057,false,Rx,0,8,00,00,FE,FF,FE,FF,00,00,
971000,00000625,false,Rx,0,8,25,00,59,86,01,54,5C,06,
32000,0000060D,false,Rx,0,8,0D,10,83,B6,09,20,70,00,
71000,00000625,false,Rx,0,8,25,00,59,86,01,54,5C,06,
0,000002C4,false,Rx,0,8,09,20,00,00,6E,02,00,00,
0,000002C5,false,Rx,0,8,00,00,00,00,00,00,00,00,
82000,000002C6,false,Rx,0,8,32,00,7C,01,00,00,00,00,
132000,0000060D,false,Rx,0,8,0D,10,83,B6,09,20,70,00,
0,00000054,false,Rx,0,8,01,05,BD,00,6E,02,00,00,
0,00000055,false,Rx,0,8,10,27,00,00,00,00,00,00,
142000,00000056,false,Rx,0,8,10,27,00,00,00,00,00,00,
143000,00000057,false,Rx,0,8,00,00,FE,FF,FE,FF,00,00,
170000,00000625,false,Rx,0,8,25,00,59,86,01,54,5C,06,
232000,0000060D,false,Rx,0,8,0D,10,83,B6,09,20,70,00,
270000,00000625,false,Rx,0,8,25,00,59,86,01,54,5C,06,
301000,000002C4,false,Rx,0,8,09,20,00,00,6E,02,00,00,
302000,000002C5,false,Rx,0,8,00,00,00,00,00,00,00,00,
302000,000002C6,false,Rx,0,8,32,00,7C,01,00,00,00,00,
332000,0000060D,false,Rx,0,8,0D,10,83,B6,09,20,70,00,
342000,00000054,false,Rx,0,8,01,05,BD,00,6E,02,00,00,
342000,00000055,false,Rx,0,8,10,27,00,00,00,00,00,00,
0,00000056,false,Rx,0,8,10,27,00,00,00,00,00,00,
0,00000057,false,Rx,0,8,00,00,FE,FF,FE,FF,00,00,
370000,00000625,false,Rx,0,8,25,00,59,86,01,54,5C,06,
433000,0000060D,false,Rx,0,8,0D,10,83,B6,09,20,70,00,
471000,00000625,false,Rx,0,8,25,00,59,86,01,54,5C,06,
521000,000002C4,false,Rx,0,8,09,20,00,00,6E,02,00,00,
521000,000002C5,false,Rx,0,8,00,00,00,00,00,00,00,00,
521000,000002C6,false,Rx,0,8,32,00,7C,01,00,00,00,00,
532000,0000060D,false,Rx,0,8,0D,10,83,B6,09,20,70,00,
542000,00000054,false,Rx,0,8,01,05,BD,00,6E,02,00,00,
542000,00000055,false,Rx,0,8,10,27,00,00,00,00,00,00,
543000,00000056,false,Rx,0,8,10,27,00,00,00,00,00,00,
543000,00000057,false,Rx,0,8,00,00,FE,FF,FE,FF,00,00,
570000,00000625,false,Rx,0,8,25,00,59,86,01,54,5C,06,
632000,0000060D,false,Rx,0,8,0D,10,83,B6,09,20,70,00,
670000,00000625,false,Rx,0,8,25,00,59,86,01,54,5C,06,
733000,0000060D,false,Rx,0,8,0D,10,83,B6,09,20,70,00,
0,000002C4,false,Rx,0,8,09,20,00,00,6E,02,00,00,
0,000002C5,false,Rx,0,8,00,00,00,00,00,00,00,00,
742000,000002C6,false,Rx,0,8,32,00,7C,01,00,00,00,00,
742000,00000054,false,Rx,0,8,01,05,BD,00,6E,02,00,00,
0,00000055,false,Rx,0,8,10,27,00,00,00,00,00,00,
0,00000056,false,Rx,0,8,10,27,00,00,00,00,00,00,
0,00000057,false,Rx,0,8,00,00,FE,FF,FE,FF,00,00,
771000,00000625,false,Rx,0,8,25,00,59,86,01,54,5C,06,
833000,0000060D,false,Rx,0,8,0D,10,83,B6,09,20,70,00,
870000,00000625,false,Rx,0,8,25,00,59,86,01,54,5C,06,
932000,0000060D,false,Rx,0,8,0D,10,83,B6,09,20,70,00,
942000,00000054,false,Rx,0,8,01,05,BD,00,6E,02,00,00,
942000,00000055,false,Rx,0,8,10,27,00,00,00,00,00,00,
942000,00000056,false,Rx,0,8,10,27,00,00,00,00,00,00,
943000,00000057,false,Rx,0,8,00,00,FE,FF,FE,FF,00,00,
962000,000002C4,false,Rx,0,8,09,20,00,00,6E,02,00,00,
962000,000002C5,false,Rx,0,8,00,00,00,00,00,00,00,00,
962000,000002C6,false,Rx,0,8,32,00,7C,01,00,00,00,00,
971000,00000625,false,Rx,0,8,25,00,59,86,01,54,5C,06,
32000,0000060D,false,Rx,0,8,0D,10,83,B6,09,20,70,00,
70000,00000625,false,Rx,0,8,25,00,59,86,01,54,5C,06,
133000,0000060D,false,Rx,0,8,0D,10,83,B6,09,20,70,00,
142000,00000054,false,Rx,0,8,01,05,BD,00,6E,02,00,00,
143000,00000055,false,Rx,0,8,10,27,00,00,00,00,00,00,
143000,00000056,false,Rx,0,8,10,27,00,00,00,00,00,00,
143000,00000057,false,Rx,0,8,00,00,FE,FF,FE,FF,00,00,
171000,00000625,false,Rx,0,8,25,00,59,86,01,54,5C,06,
0,000002C4,false,Rx,0,8,09,20,00,00,6E,02,00,00,
0,000002C5,false,Rx,0,8,00,00,00,00,00,00,00,00,
182000,000002C6,false,Rx,0,8,32,00,7C,01,00,00,00,00,
232000,0000060D,false,Rx,0,8,0D,10,83,B6,09,20,70,00,
270000,00000625,false,Rx,0,8,25,00,59,86,01,54,5C,06,
332000,0000060D,false,Rx,0,8,0D,10,83,B6,09,20,70,00,
0,00000054,false,Rx,0,8,01,05,BD,00,6E,02,00,00,
0,00000055,false,Rx,0,8,10,27,00,00,00,00,00,00,
0,00000056,false,Rx,0,8,10,27,00,00,00,00,00,00,
343000,00000057,false,Rx,0,8,00,00,FE,FF,FE,FF,00,00,
370000,00000625,false,Rx,0,8,25,00,59,86,01,54,5C,06,
0,000002C4,false,Rx,0,8,09,20,00,00,6E,02,00,00,
0,000002C5,false,Rx,0,8,00,00,00,00,00,00,00,00,
402000,000002C6,false,Rx,0,8,32,00,7C,01,00,00,00,00,
432000,0000060D,false,Rx,0,8,0D,10,83,B6,09,20,70,00,
471000,00000625,false,Rx,0,8,25,00,59,86,01,54,5C,06,
532000,0000060D,false,Rx,0,8,0D,10,83,B6,09,20,70,00,
542000,00000054,false,Rx,0,8,01,05,BD,00,6E,02,00,00,
542000,00000055,false,Rx,0,8,10,27,00,00,00,00,00,00,
543000,00000056,false,Rx,0,8,10,27,00,00,00,00,00,00,
543000,00000057,false,Rx,0,8,00,00,FE,FF,FE,FF,00,00,
570000,00000625,false,Rx,0,8,25,00,59,86,01,54,5C,06,
622000,000002C4,false,Rx,0,8,09,20,00,00,6E,02,00,00,
622000,000002C5,false,Rx,0,8,00,00,00,00,00,00,00,00,
622000,000002C6,false,Rx,0,8,32,00,7C,01,00,00,00,00,
633000,0000060D,false,Rx,0,8,0D,10,83,B6,09,20,70,00,
670000,00000625,false,Rx,0,8,25,00,59,86,01,54,5C,06,
732000,0000060D,false,Rx,0,8,0D,10,83,B6,09,20,70,00,
742000,00000054,false,Rx,0,8,01,05,BD,00,6E,02,00,00,
742000,00000055,false,Rx,0,8,10,27,00,00,00,00,00,00,
742000,00000056,false,Rx,0,8,10,27,00,00,00,00,00,00,
743000,00000057,false,Rx,0,8,00,00,FE,FF,FE,FF,00,00,
769000,00000625,false,Rx,0,8,25,00,59,86,01,54,5C,06,
832000,0000060D,false,Rx,0,8,0D,10,83,B6,09,20,70,00,
841000,000002C4,false,Rx,0,8,09,20,00,00,6E,02,00,00,
842000,000002C5,false,Rx,0,8,00,00,00,00,00,00,00,00,
842000,000002C6,false,Rx,0,8,32,00,7C,01,00,00,00,00,
870000,00000625,false,Rx,0,8,25,00,59,86,01,54,5C,06,
933000,0000060D,false,Rx,0,8,0D,10,83,B6,09,20,70,00,
0,00000054,false,Rx,0,8,01,05,BD,00,6E,02,00,00,
0,00000055,false,Rx,0,8,10,27,00,00,00,00,00,00,
943000,00000056,false,Rx,0,8,10,27,00,00,00,00,00,00,
943000,00000057,false,Rx,0,8,00,00,FE,FF,FE,FF,00,00,
970000,00000625,false,Rx,0,8,25,00,59,86,01,54,5C,06,
32000,0000060D,false,Rx,0,8,0D,10,83,B6,09,20,70,00,
0,000002C4,false,Rx,0,8,09,20,00,00,6E,02,00,00,
0,000002C5,false,Rx,0,8,00,00,00,00,00,00,00,00,
62000,000002C6,false,Rx,0,8,32,00,7C,01,00,00,00,00,
70000,00000625,false,Rx,0,8,25,00,59,86,01,54,5C,06,
132000,0000060D,false,Rx,0,8,0D,10,83,B6,09,20,70,00,
142000,00000054,false,Rx,0,8,01,05,BD,00,6E,02,00,00,
142000,00000055,false,Rx,0,8,10,27,00,00,00,00,00,00,
142000,00000056,false,Rx,0,8,10,27,00,00,00,00,00,00,
143000,00000057,false,Rx,0,8,00,00,FE,FF,FE,FF,00,00,
170000,00000625,false,Rx,0,8,25,00,59,86,01,54,5C,06,
232000,0000060D,false,Rx,0,8,0D,10,83,B6,09,20,70,00,
270000,00000625,false,Rx,0,8,25,00,59,86,01,54,5C,06,
0,000002C4,false,Rx,0,8,09,20,00,00,6E,02,00,00,
0,000002C5,false,Rx,0,8,00,00,00,00,00,00,00,00,
282000,000002C6,false,Rx,0,8,32,00,7C,01,00,00,00,00,
332000,0000060D,false,Rx,0,8,0D,10,83,B6,09,20,70,00,
342000,00000054,false,Rx,0,8,01,05,BD,00,6E,02,00,00,
342000,00000055,false,Rx,0,8,10,27,00,00,00,00,00,00,
342000,00000056,false,Rx,0,8,10,27,00,00,00,00,00,00,
343000,00000057,false,Rx,0,8,00,00,FE,FF,FE,FF,00,00,
370000,00000625,false,Rx,0,8,25,00,59,86,01,54,5C,06,
433000,0000060D,false,Rx,0,8,0D,10,83,B6,09,20,70,00,
471000,00000625,false,Rx,0,8,25,00,59,86,01,54,5C,06,
502000,000002C4,false,Rx,0,8,09,20,00,00,6E,02,00,00,
502000,000002C5,false,Rx,0,8,00,00,00,00,00,00,00,00,
502000,000002C6,false,Rx,0,8,32,00,7C,01,00,00,00,00,
532000,0000060D,false,Rx,0,8,0D,10,83,B6,09,20,70,00,
543000,00000054,false,Rx,0,8,01,05,BD,00,6E,02,00,00,
543000,00000055,false,Rx,0,8,10,27,00,00,00,00,00,00,
543000,00000056,false,Rx,0,8,10,27,00,00,00,00,00,00,
544000,00000057,false,Rx,0,8,00,00,FE,FF,FE,FF,00,00,
570000,00000625,false,Rx,0,8,25,00,59,86,01,54,5C,06,
633000,0000060D,false,Rx,0,8,0D,10,83,B6,09,20,70,00,
671000,00000625,false,Rx,0,8,25,00,59,86,01,54,5C,06,
722000,000002C4,false,Rx,0,8,09,20,00,00,6E,02,00,00,
722000,000002C5,false,Rx,0,8,00,00,00,00,00,00,00,00,
722000,000002C6,false,Rx,0,8,32,00,7C,01,00,00,00,00,
732000,0000060D,false,Rx,0,8,0D,10,83,B6,09,20,70,00,
742000,00000054,false,Rx,0,8,01,05,BD,00,6E,02,00,00,
742000,00000055,false,Rx,0,8,10,27,00,00,00,00,00,00,
742000,00000056,false,Rx,0,8,10,27,00,00,00,00,00,00,
743000,00000057,false,Rx,0,8,00,00,FE,FF,FE,FF,00,00,
770000,00000625,false,Rx,0,8,25,00,59,86,01,54,5C,06,
832000,0000060D,false,Rx,0,8,0D,10,83,B6,09,20,70,00,
871000,00000625,false,Rx,0,8,25,00,59,86,01,54,5C,06,
933000,0000060D,false,Rx,0,8,0D,10,83,B6,09,20,70,00,
942000,000002C4,false,Rx,0,8,09,20,00,00,6E,02,00,00,
942000,000002C5,false,Rx,0,8,00,00,00,00,00,00,00,00,
942000,000002C6,false,Rx,0,8,32,00,7C,01,00,00,00,00,
0,00000054,false,Rx,0,8,01,05,BD,00,6E,02,00,00,
0,00000055,false,Rx,0,8,10,27,00,00,00,00,00,00,
0,00000056,false,Rx,0,8,10,27,00,00,00,00,00,00,
943000,00000057,false,Rx,0,8,00,00,FE,FF,FE,FF,00,00,
970000,00000625,false,Rx,0,8,25,00,59,86,01,54,5C,06,
32000,0000060D,false,Rx,0,8,0D,10,83,B6,09,20,70,00,
70000,00000625,false,Rx,0,8,25,00,59,86,01,54,5C,06,
132000,0000060D,false,Rx,0,8,0D,10,83,B6,09,20,70,00,
142000,00000054,false,Rx,0,8,01,05,BD,00,6E,02,00,00,
143000,00000055,false,Rx,0,8,10,27,00,00,00,00,00,00,
143000,00000056,false,Rx,0,8,10,27,00,00,00,00,00,00,
143000,00000057,false,Rx,0,8,00,00,FE,FF,FE,FF,00,00,
0,000002C4,false,Rx,0,8,09,20,00,00,6E,02,00,00,
0,000002C5,false,Rx,0,8,00,00,00,00,00,00,00,00,
162000,000002C6,false,Rx,0,8,32,00,7C,01,00,00,00,00,
170000,00000625,false,Rx,0,8,25,00,59,86,01,54,5C,06,
233000,0000060D,false,Rx,0,8,0D,10,83,B6,09,20,70,00,
270000,00000625,false,Rx,0,8,25,00,59,86,01,54,5C,06,
333000,0000060D,false,Rx,0,8,0D,10,83,B6,09,20,70,00,
0,00000054,false,Rx,0,8,01,05,BD,00,6E,02,00,00,
0,00000055,false,Rx,0,8,10,27,00,00,00,00,00,00,
0,00000056,false,Rx,0,8,10,27,00,00,00,00,00,00,
343000,00000057,false,Rx,0,8,00,00,FE,FF,FE,FF,00,00,
371000,00000625,false,Rx,0,8,25,00,59,86,01,54,5C,06,
0,000002C4,false,Rx,0,8,09,20,00,00,6E,02,00,00,
0,000002C5,false,Rx,0,8,00,00,00,00,00,00,00,00,
382000,000002C6,false,Rx,0,8,32,00,7C,01,00,00,00,00,
432000,0000060D,false,Rx,0,8,0D,10,83,B6,09,20,70,00,
470000,00000625,false,Rx,0,8,25,00,59,86,01,54,5C,06,
532000,0000060D,false,Rx,0,8,0D,10,83,B6,09,20,70,00,
541000,00000054,false,Rx,0,8,01,05,BD,00,6E,02,00,00,
542000,00000055,false,Rx,0,8,10,27,00,00,00,00,00,00,
542000,00000056,false,Rx,0,8,10,27,00,00,00,00,00,00,
542000,00000057,false,Rx,0,8,00,00,FE,FF,FE,FF,00,00,
570000,00000625,false,Rx,0,8,25,00,59,86,01,54,5C,06,
602000,000002C4,false,Rx,0,8,09,20,00,00,6E,02,00,00,
602000,000002C5,false,Rx,0,8,00,00,00,00,00,00,00,00,
602000,000002C6,false,Rx,0,8,32,00,7C,01,00,00,00,00,
633000,0000060D,false,Rx,0,8,0D,10,83,B6,09,20,70,00,
670000,00000625,false,Rx,0,8,25,00,59,86,01,54,5C,06,
732000,0000060D,false,Rx,0,8,0D,10,83,B6,09,20,70,00,
0,00000054,false,Rx,0,8,01,05,BD,00,6E,02,00,00,
0,00000055,false,Rx,0,8,10,27,00,00,00,00,00,00,
743000,00000056,false,Rx,0,8,10,27,00,00,00,00,00,00,
743000,00000057,false,Rx,0,8,00,00,FE,FF,FE,FF,00,00,
770000,00000625,false,Rx,0,8,25,00,59,86,01,54,5C,06,
821000,000002C4,false,Rx,0,8,09,20,00,00,6E,02,00,00,
821000,000002C5,false,Rx,0,8,00,00,00,00,00,00,00,00,
822000,000002C6,false,Rx,0,8,32,00,7C,01,00,00,00,00,
833000,0000060D,false,Rx,0,8,0D,10,83,B6,09,20,70,00,
870000,00000625,false,Rx,0,8,25,00,59,86,01,54,5C,06,
932000,0000060D,false,Rx,0,8,0D,10,83,B6,09,20,70,00,
942000,00000054,false,Rx,0,8,01,05,BD,00,6E,02,00,00,
942000,00000055,false,Rx,0,8,10,27,00,00,00,00,00,00,
942000,00000056,false,Rx,0,8,10,27,00,00,00,00,00,00,
943000,00000057,false,Rx,0,8,00,00,FE,FF,FE,FF,00,00,
971000,00000625,false,Rx,0,8,25,00,59,86,01,54,5C,06,
32000,0000060D,false,Rx,0,8,0D,10,83,B6,09,20,70,00,
41000,000002C4,false,Rx,0,8,09,20,00,00,6E,02,00,00,
41000,000002C5,false,Rx,0,8,00,00,00,00,00,00,00,00,
42000,000002C6,false,Rx,0,8,32,00,7C,01,00,00,00,00,
70000,00000625,false,Rx,0,8,25,00,59,86,01,54,5C,06,
133000,0000060D,false,Rx,0,8,0D,10,83,B6,09,20,70,00,
0,00000054,false,Rx,0,8,01,05,BD,00,6E,02,00,00,
0,00000055,false,Rx,0,8,10,27,00,00,00,00,00,00,
143000,00000056,false,Rx,0,8,10,27,00,00,00,00,00,00,
143000,00000057,false,Rx,0,8,00,00,FE,FF,FE,FF,00,00,
171000,00000625,false,Rx,0,8,25,00,59,86,01,54,5C,06,
232000,0000060D,false,Rx,0,8,0D,10,83,B6,09,20,70,00,
261000,000002C4,false,Rx,0,8,09,20,00,00,6E,02,00,00,
261000,000002C5,false,Rx,0,8,00,00,00,00,00,00,00,00,
262000,000002C6,false,Rx,0,8,32,00,7C,01,00,00,00,00,
270000,00000625,false,Rx,0,8,25,00,59,86,01,54,5C,06,
332000,0000060D,false,Rx,0,8,0D,10,83,B6,09,20,70,00,
342000,00000054,false,Rx,0,8,01,05,BD,00,6E,02,00,00,
342000,00000055,false,Rx,0,8,10,27,00,00,00,00,00,00,
343000,00000056,false,Rx,0,8,10,27,00,00,00,00,00,00,
343000,00000057,false,Rx,0,8,00,00,FE,FF,FE,FF,00,00,
371000,00000625,false,Rx,0,8,25,00,59,86,01,54,5C,06,
432000,0000060D,false,Rx,0,8,0D,10,83,B6,09,20,70,00,
470000,00000625,false,Rx,0,8,25,00,59,86,01,54,5C,06,
482000,000002C4,false,Rx,0,8,09,20,00,00,6E,02,00,00,
482000,000002C5,false,Rx,0,8,00,00,00,00,00,00,00,00,
482000,000002C6,false,Rx,0,8,32,00,7C,01,00,00,00,00,
532000,0000060D,false,Rx,0,8,0D,10,83,B6,09,20,70,00,
542000,00000054,false,Rx,0,8,01,05,BD,00,6E,02,00,00,
543000,00000055,false,Rx,0,8,10,27,00,00,00,00,00,00,
543000,00000056,false,Rx,0,8,10,27,00,00,00,00,00,00,
543000,00000057,false,Rx,0,8,00,00,FE,FF,FE,FF,00,00,
570000,00000625,false,Rx,0,8,25,00,59,86,01,54,5C,06,
633000,0000060D,false,Rx,0,8,0D,10,83,B6,09,20,70,00,
671000,00000625,false,Rx,0,8,25,00,59,86,01,54,5C,06,
0,000002C4,false,Rx,0,8,09,20,00,00,6E,02,00,00,
0,000002C5,false,Rx,0,8,00,00,00,00,00,00,00,00,
701000,000002C6,false,Rx,0,8,32,00,7C,01,00,00,00,00,
733000,0000060D,false,Rx,0,8,0D,10,83,B6,09,20,70,00,
742000,00000054,false,Rx,0,8,01,05,BD,00,6E,02,00,00,
742000,00000055,false,Rx,0,8,10,27,00,00,00,00,00,00,
743000,00000056,false,Rx,0,8,10,27,00,00,00,00,00,00,
743000,00000057,false,Rx,0,8,00,00,FE,FF,FE,FF,00,00,
770000,00000625,false,Rx,0,8,25,00,59,86,01,54,5C,06,
833000,0000060D,false,Rx,0,8,0D,10,83,B6,09,20,70,00,
870000,00000625,false,Rx,0,8,25,00,59,86,01,54,5C,06,
