Time Stamp,ID,Extended,Dir,Bus,LEN,D1,D2,D3,D4,D5,D6,D7,D8
526000,0000060D,false,Rx,0,8,0D,10,82,B6,09,20,70,00,
0,00000054,false,Rx,0,8,00,00,FE,FF,FE,FF,00,00,
0,00000055,false,Rx,0,8,10,27,00,00,00,00,00,00,
0,00000056,false,Rx,0,8,10,27,00,00,00,00,00,00,
0,00000057,false,Rx,0,8,00,00,FE,FF,FE,FF,00,00,
543000,00000625,false,Rx,0,8,25,10,58,86,01,54,5C,06,
555000,000002C4,false,Rx,0,8,02,00,00,00,68,02,00,00,
555000,000002C5,false,Rx,0,8,00,00,00,00,00,00,00,00,
556000,000002C6,false,Rx,0,8,32,00,7C,01,00,00,00,00,
587000,00000065,false,Rx,0,8,6C,02,01,00,00,00,00,00,
627000,0000060D,false,Rx,0,8,0D,10,82,B6,09,20,70,00,
643000,00000625,false,Rx,0,8,25,00,58,86,01,54,5C,06,
726000,0000060D,false,Rx,0,8,0D,10,82,B6,09,20,70,00,
0,00000054,false,Rx,0,8,00,00,FE,FF,6B,02,00,00,
0,00000055,false,Rx,0,8,10,27,00,00,00,00,00,00,
736000,00000056,false,Rx,0,8,10,27,00,00,00,00,00,00,
0,00000057,false,Rx,0,8,00,00,FE,FF,FE,FF,00,00,
0,00000065,false,Rx,0,8,6C,02,01,00,00,00,00,00,
742000,00000625,false,Rx,0,8,25,00,59,86,01,54,5C,06,
0,000002C4,false,Rx,0,8,02,00,00,00,68,02,00,00,
0,000002C5,false,Rx,0,8,00,00,00,00,00,00,00,00,
775000,000002C6,false,Rx,0,8,32,00,7C,01,00,00,00,00,
826000,0000060D,false,Rx,0,8,0D,10,82,B6,09,20,70,00,
843000,00000625,false,Rx,0,8,25,00,59,86,01,54,5C,06,
885000,00000065,false,Rx,0,8,6C,02,01,00,00,00,00,00,
925000,0000060D,false,Rx,0,8,0D,10,82,B6,09,20,70,00,
936000,00000054,false,Rx,0,8,00,00,FE,FF,6B,02,00,00,
936000,00000055,false,Rx,0,8,10,27,00,00,00,00,00,00,
0,00000056,false,Rx,0,8,10,27,00,00,00,00,00,00,
0,00000057,false,Rx,0,8,00,00,FE,FF,FE,FF,00,00,
943000,00000625,false,Rx,0,8,25,00,59,86,01,54,5C,06,
0,000002C4,false,Rx,0,8,02,00,00,00,68,02,00,00,
0,000002C5,false,Rx,0,8,00,00,00,00,00,00,00,00,
0,000002C6,false,Rx,0,8,32,00,7C,01,00,00,00,00,
25000,0000060D,false,Rx,0,8,0D,10,82,B6,09,20,70,00,
36000,00000065,false,Rx,0,8,6C,02,01,00,00,00,00,00,
43000,00000625,false,Rx,0,8,25,00,59,86,01,54,5C,06,
126000,0000060D,false,Rx,0,8,0D,10,82,B6,09,20,70,00,
136000,00000054,false,Rx,0,8,00,00,FE,FF,6B,02,00,00,
136000,00000055,false,Rx,0,8,10,27,00,00,00,00,00,00,
136000,00000056,false,Rx,0,8,10,27,00,00,00,00,00,00,
136000,00000057,false,Rx,0,8,00,00,FE,FF,FE,FF,00,00,
143000,00000625,false,Rx,0,8,25,00,59,86,01,54,5C,06,
0,000002C4,false,Rx,0,8,02,00,00,00,69,02,00,00,
0,000002C5,false,Rx,0,8,00,00,00,00,00,00,00,00,
0,000002C6,false,Rx,0,8,32,00,7C,01,00,00,00,00,
226000,0000060D,false,Rx,0,8,0D,10,82,B6,09,20,70,00,
243000,00000625,false,Rx,0,8,25,00,59,86,01,54,5C,06,
325000,0000060D,false,Rx,0,8,0D,10,82,B6,09,20,70,00,
336000,00000054,false,Rx,0,8,00,00,FE,FF,6B,02,00,00,
0,00000055,false,Rx,0,8,10,27,00,00,00,00,00,00,
0,00000056,false,Rx,0,8,10,27,00,00,00,00,00,00,
336000,00000057,false,Rx,0,8,00,00,FE,FF,FE,FF,00,00,
343000,00000625,false,Rx,0,8,25,00,59,86,01,54,5C,06,
426000,0000060D,false,Rx,0,8,0D,10,82,B6,09,20,70,00,
434000,000002C4,false,Rx,0,8,03,00,00,00,69,02,00,00,
434000,000002C5,false,Rx,0,8,00,00,00,00,00,00,00,00,
435000,000002C6,false,Rx,0,8,32,00,7C,01,00,00,00,00,
443000,00000625,false,Rx,0,8,25,00,59,86,01,54,5C,06,
526000,0000060D,false,Rx,0,8,0D,10,82,B6,09,20,70,00,
535000,00000054,false,Rx,0,8,00,00,FE,FF,6B,02,00,00,
535000,00000055,false,Rx,0,8,10,27,00,00,00,00,00,00,
536000,00000056,false,Rx,0,8,10,27,00,00,00,00,00,00,
536000,00000057,false,Rx,0,8,00,00,FE,FF,FE,FF,00,00,
543000,00000625,false,Rx,0,8,25,00,59,86,01,54,5C,06,
625000,0000060D,false,Rx,0,8,0D,10,82,B6,09,20,70,00,
643000,00000625,false,Rx,0,8,25,00,59,86,01,54,5C,06,
654000,000002C4,false,Rx,0,8,03,00,00,00,69,02,00,00,
655000,000002C5,false,Rx,0,8,00,00,00,00,00,00,00,00,
655000,000002C6,false,Rx,0,8,32,00,7C,01,00,00,00,00,
726000,0000060D,false,Rx,0,8,0D,10,82,B6,09,20,70,00,
735000,00000054,false,Rx,0,8,00,00,FE,FF,6B,02,00,00,
735000,00000055,false,Rx,0,8,10,27,00,00,00,00,00,00,
736000,00000056,false,Rx,0,8,10,27,00,00,00,00,00,00,
736000,00000057,false,Rx,0,8,00,00,FE,FF,FE,FF,00,00,
743000,00000625,false,Rx,0,8,25,00,59,86,01,54,5C,06,
826000,0000060D,false,Rx,0,8,0D,10,82,B6,09,20,70,00,
843000,00000625,false,Rx,0,8,25,00,59,86,01,54,5C,06,
874000,000002C4,false,Rx,0,8,03,00,00,00,69,02,00,00,
875000,000002C5,false,Rx,0,8,00,00,00,00,00,00,00,00,
875000,000002C6,false,Rx,0,8,32,00,7C,01,00,00,00,00,
926000,0000060D,false,Rx,0,8,0D,10,82,B6,09,20,70,00,
936000,00000054,false,Rx,0,8,00,00,FE,FF,6B,02,00,00,
0,00000055,false,Rx,0,8,10,27,00,00,00,00,00,00,
0,00000056,false,Rx,0,8,10,27,00,00,00,00,00,00,
936000,00000057,false,Rx,0,8,00,00,FE,FF,FE,FF,00,00,
943000,00000625,false,Rx,0,8,25,00,59,86,01,54,5C,06,
26000,0000060D,false,Rx,0,8,0D,10,82,B6,09,20,70,00,
43000,00000625,false,Rx,0,8,25,00,59,86,01,54,5C,06,
94000,000002C4,false,Rx,0,8,03,00,00,00,69,02,00,00,
94000,000002C5,false,Rx,0,8,00,00,00,00,00,00,00,00,
95000,000002C6,false,Rx,0,8,32,00,7C,01,00,00,00,00,
126000,0000060D,false,Rx,0,8,0D,10,82,B6,09,20,70,00,
135000,00000054,false,Rx,0,8,00,00,FE,FF,6B,02,00,00,
135000,00000055,false,Rx,0,8,10,27,00,00,00,00,00,00,
136000,00000056,false,Rx,0,8,10,27,00,00,00,00,00,00,
136000,00000057,false,Rx,0,8,00,00,FE,FF,FE,FF,00,00,
143000,00000625,false,Rx,0,8,25,00,59,86,01,54,5C,06,
226000,0000060D,false,Rx,0,8,0D,10,82,B6,09,20,70,00,
244000,00000625,false,Rx,0,8,25,00,59,86,01,54,5C,06,
314000,000002C4,false,Rx,0,8,03,00,00,00,69,02,00,00,
314000,000002C5,false,Rx,0,8,00,00,00,00,00,00,00,00,
314000,000002C6,false,Rx,0,8,32,00,7C,01,00,00,00,00,
325000,0000060D,false,Rx,0,8,0D,10,82,B6,09,20,70,00,
336000,00000054,false,Rx,0,8,00,00,FE,FF,6B,02,00,00,
336000,00000055,false,Rx,0,8,10,27,00,00,00,00,00,00,
336000,00000056,false,Rx,0,8,10,27,00,00,00,00,00,00,
336000,00000057,false,Rx,0,8,00,00,FE,FF,FE,FF,00,00,
343000,00000625,false,Rx,0,8,25,00,59,86,01,54,5C,06,
426000,0000060D,false,Rx,0,8,0D,10,82,B6,09,20,70,00,
443000,00000625,false,Rx,0,8,25,00,59,86,01,54,5C,06,
475000,0000005C,false,Rx,0,8,1E,00,1E,00,00,00,00,00,
475000,0000005D,false,Rx,0,8,00,00,00,00,00,00,FE,FF,
476000,0000005E,false,Rx,0,8,00,00,00,00,00,00,00,00,
0,0000005F,false,Rx,0,8,1E,00,1E,00,00,00,00,00,
0,00000060,false,Rx,0,8,00,00,00,00,00,00,FE,FF,
0,00000061,false,Rx,0,8,00,00,00,00,00,00,00,00,
477000,00000062,false,Rx,0,8,12,00,00,00,00,00,00,F1,
0,00000063,false,Rx,0,8,32,01,01,00,00,00,00,00,
0,00000064,false,Rx,0,8,3C,00,05,00,C8,00,FF,03,
478000,00000066,false,Rx,0,8,00,00,00,00,00,00,00,00,
0,00000067,false,Rx,0,8,BE,3E,27,00,01,1E,00,00,
0,00000068,false,Rx,0,8,BE,3E,27,00,01,1E,00,00,
0,00000069,false,Rx,0,8,BE,3E,27,00,01,1E,00,00,
479000,0000006A,false,Rx,0,8,BE,3E,27,00,01,1E,00,00,
479000,0000006B,false,Rx,0,8,BE,3E,27,00,01,1E,00,00,
479000,0000006C,false,Rx,0,8,BE,3E,27,00,01,1E,00,00,
0,0000006D,false,Rx,0,8,12,00,00,00,00,00,00,F0,
0,0000010A,false,Rx,0,6,10,00,01,20,10,01,00,00,
526000,0000060D,false,Rx,0,8,0D,10,82,B6,09,20,70,00,
534000,000002C4,false,Rx,0,8,03,00,00,00,69,02,00,00,
534000,000002C5,false,Rx,0,8,00,00,00,00,00,00,00,00,
534000,000002C6,false,Rx,0,8,32,00,7C,01,00,00,00,00,
535000,00000054,false,Rx,0,8,00,00,FE,FF,6B,02,00,00,
535000,00000055,false,Rx,0,8,10,27,00,00,00,00,00,00,
536000,00000056,false,Rx,0,8,10,27,00,00,00,00,00,00,
536000,00000057,false,Rx,0,8,00,00,FE,FF,FE,FF,00,00,
544000,00000625,false,Rx,0,8,25,00,59,86,01,54,5C,06,
625000,0000005C,false,Rx,0,8,1E,00,1E,00,00,00,00,00,
626000,0000005D,false,Rx,0,8,00,00,00,00,00,00,FE,FF,
626000,0000005E,false,Rx,0,8,00,00,00,00,00,00,00,00,
626000,0000005F,false,Rx,0,8,1E,00,1E,00,00,00,00,00,
626000,00000060,false,Rx,0,8,00,00,00,00,00,00,FE,FF,
627000,00000061,false,Rx,0,8,00,00,00,00,00,00,00,00,
627000,00000062,false,Rx,0,8,12,00,00,00,00,00,00,F1,
627000,00000063,false,Rx,0,8,32,01,01,00,00,00,00,00,
628000,00000064,false,Rx,0,8,3C,00,05,00,C8,00,FF,03,
0,00000066,false,Rx,0,8,00,00,00,00,00,00,00,00,
0,00000067,false,Rx,0,8,BE,3E,27,00,01,1E,00,00,
628000,00000068,false,Rx,0,8,BE,3E,27,00,01,1E,00,00,
629000,00000069,false,Rx,0,8,BE,3E,27,00,01,1E,00,00,
629000,0000006A,false,Rx,0,8,BE,3E,27,00,01,1E,00,00,
629000,0000006B,false,Rx,0,8,BE,3E,27,00,01,1E,00,00,
630000,0000006C,false,Rx,0,8,BE,3E,27,00,01,1E,00,00,
630000,0000006D,false,Rx,0,8,12,00,00,00,00,00,00,F0,
630000,0000010A,false,Rx,0,6,10,00,01,20,10,01,00,00,
630000,0000060D,false,Rx,0,8,0D,10,82,B6,09,20,70,00,
643000,00000625,false,Rx,0,8,25,00,59,86,01,54,5C,06,
726000,0000060D,false,Rx,0,8,0D,10,82,B6,09,20,70,00,
735000,00000054,false,Rx,0,8,00,00,FE,FF,6B,02,00,00,
735000,00000055,false,Rx,0,8,10,27,00,00,00,00,00,00,
736000,00000056,false,Rx,0,8,10,27,00,00,00,00,00,00,
736000,00000057,false,Rx,0,8,00,00,FE,FF,FE,FF,00,00,
744000,00000625,false,Rx,0,8,25,00,59,86,01,54,5C,06,
754000,000002C4,false,Rx,0,8,03,00,00,00,69,02,00,00,
754000,000002C5,false,Rx,0,8,00,00,00,00,00,00,00,00,
755000,000002C6,false,Rx,0,8,32,00,7C,01,00,00,00,00,
0,0000005C,false,Rx,0,8,1E,00,1E,00,00,00,00,00,
0,0000005D,false,Rx,0,8,00,00,00,00,00,00,FE,FF,
0,0000005E,false,Rx,0,8,00,00,00,00,00,00,00,00,
0,0000005F,false,Rx,0,8,1E,00,1E,00,00,00,00,00,
0,00000060,false,Rx,0,8,00,00,00,00,00,00,FE,FF,
777000,00000061,false,Rx,0,8,00,00,00,00,00,00,00,00,
0,00000062,false,Rx,0,8,12,00,00,00,00,00,00,F1,
0,00000063,false,Rx,0,8,32,01,01,00,00,00,00,00,
778000,00000064,false,Rx,0,8,3C,00,05,00,C8,00,FF,03,
0,00000066,false,Rx,0,8,00,00,00,00,00,00,00,00,
0,00000067,false,Rx,0,8,BE,3E,27,00,01,1E,00,00,
779000,00000068,false,Rx,0,8,BE,3E,27,00,01,1E,00,00,
779000,00000069,false,Rx,0,8,BE,3E,27,00,01,1E,00,00,
779000,0000006A,false,Rx,0,8,BE,3E,27,00,01,1E,00,00,
780000,0000006B,false,Rx,0,8,BE,3E,27,00,01,1E,00,00,
780000,0000006C,false,Rx,0,8,BE,3E,27,00,01,1E,00,00,
780000,0000006D,false,Rx,0,8,12,00,00,00,00,00,00,F0,
780000,0000010A,false,Rx,0,6,10,00,01,20,10,01,00,00,
826000,0000060D,false,Rx,0,8,0D,10,82,B6,09,20,70,00,
843000,00000625,false,Rx,0,8,25,00,59,86,01,54,5C,06,
0,0000005C,false,Rx,0,8,1E,00,1E,00,00,00,00,00,
0,0000005D,false,Rx,0,8,00,00,00,00,00,00,FE,FF,
926000,0000005E,false,Rx,0,8,00,00,00,00,00,00,00,00,
926000,0000005F,false,Rx,0,8,1E,00,1E,00,00,00,00,00,
926000,00000060,false,Rx,0,8,00,00,00,00,00,00,FE,FF,
927000,00000061,false,Rx,0,8,00,00,00,00,00,00,00,00,
927000,00000062,false,Rx,0,8,12,00,00,00,00,00,00,F1,
927000,00000063,false,Rx,0,8,32,01,01,00,00,00,00,00,
927000,00000064,false,Rx,0,8,3C,00,05,00,C8,00,FF,03,
0,00000066,false,Rx,0,8,00,00,00,00,00,00,00,00,
0,00000067,false,Rx,0,8,BE,3E,27,00,01,1E,00,00,
0,00000068,false,Rx,0,8,BE,3E,27,00,01,1E,00,00,
0,00000069,false,Rx,0,8,BE,3E,27,00,01,1E,00,00,
929000,0000006A,false,Rx,0,8,BE,3E,27,00,01,1E,00,00,
929000,0000006B,false,Rx,0,8,BE,3E,27,00,01,1E,00,00,
930000,0000006C,false,Rx,0,8,BE,3E,27,00,01,1E,00,00,
930000,0000006D,false,Rx,0,8,12,00,00,00,00,00,00,F0,
930000,0000010A,false,Rx,0,6,10,00,01,20,10,01,00,00,
930000,0000060D,false,Rx,0,8,0D,10,82,B6,09,20,70,00,
0,00000054,false,Rx,0,8,00,00,FE,FF,6B,02,00,00,
0,00000055,false,Rx,0,8,10,27,00,00,00,00,00,00,
936000,00000056,false,Rx,0,8,10,27,00,00,00,00,00,00,
936000,00000057,false,Rx,0,8,00,00,FE,FF,FE,FF,00,00,
943000,00000625,false,Rx,0,8,25,00,59,86,01,54,5C,06,
0,000002C4,false,Rx,0,8,03,00,00,00,69,02,00,00,
0,000002C5,false,Rx,0,8,00,00,00,00,00,00,00,00,
0,000002C6,false,Rx,0,8,32,00,7C,01,00,00,00,00,
26000,0000060D,false,Rx,0,8,0D,10,82,B6,09,20,70,00,
43000,00000625,false,Rx,0,8,25,00,59,86,01,54,5C,06,
125000,0000060D,false,Rx,0,8,0D,10,82,B6,09,20,70,00,
0,00000054,false,Rx,0,8,00,00,FE,FF,6B,02,00,00,
0,00000055,false,Rx,0,8,10,27,00,00,00,00,00,00,
0,00000056,false,Rx,0,8,10,27,00,00,00,00,00,00,
0,00000057,false,Rx,0,8,00,00,FE,FF,FE,FF,00,00,
143000,00000625,false,Rx,0,8,25,00,59,86,01,54,5C,06,
0,000002C4,false,Rx,0,8,03,00,00,00,69,02,00,00,
0,000002C5,false,Rx,0,8,00,00,00,00,00,00,00,00,
0,000002C6,false,Rx,0,8,32,00,7C,01,00,00,00,00,
226000,0000060D,false,Rx,0,8,0D,10,82,B6,09,20,70,00,
243000,00000625,false,Rx,0,8,25,00,59,86,01,54,5C,06,
325000,0000060D,false,Rx,0,8,0D,10,82,B6,09,20,70,00,
0,00000054,false,Rx,0,8,00,00,FE,FF,6B,02,00,00,
0,00000055,false,Rx,0,8,10,27,00,00,00,00,00,00,
336000,00000056,false,Rx,0,8,10,27,00,00,00,00,00,00,
336000,00000057,false,Rx,0,8,00,00,FE,FF,FE,FF,00,00,
343000,00000625,false,Rx,0,8,25,00,59,86,01,54,5C,06,
0,000002C4,false,Rx,0,8,03,00,00,00,69,02,00,00,
0,000002C5,false,Rx,0,8,00,00,00,00,00,00,00,00,
0,000002C6,false,Rx,0,8,32,00,7C,01,00,00,00,00,
426000,0000060D,false,Rx,0,8,0D,10,82,B6,09,20,70,00,
444000,00000625,false,Rx,0,8,25,00,59,86,01,54,5C,06,
525000,0000060D,false,Rx,0,8,0D,10,82,B6,09,20,70,00,
536000,00000054,false,Rx,0,8,00,00,FE,FF,6B,02,00,00,
536000,00000055,false,Rx,0,8,10,27,00,00,00,00,00,00,
536000,00000056,false,Rx,0,8,10,27,00,00,00,00,00,00,
536000,00000057,false,Rx,0,8,00,00,FE,FF,FE,FF,00,00,
543000,00000625,false,Rx,0,8,25,00,59,86,01,54,5C,06,
626000,0000060D,false,Rx,0,8,0D,10,82,B6,09,20,70,00,
634000,000002C4,false,Rx,0,8,03,00,00,00,69,02,00,00,
634000,000002C5,false,Rx,0,8,00,00,00,00,00,00,00,00,
635000,000002C6,false,Rx,0,8,32,00,7C,01,00,00,00,00,
643000,00000625,false,Rx,0,8,25,00,59,86,01,54,5C,06,
725000,0000060D,false,Rx,0,8,0D,10,82,B6,09,20,70,00,
735000,00000054,false,Rx,0,8,00,00,FE,FF,6B,02,00,00,
736000,00000055,false,Rx,0,8,10,27,00,00,00,00,00,00,
736000,00000056,false,Rx,0,8,10,27,00,00,00,00,00,00,
736000,00000057,false,Rx,0,8,00,00,FE,FF,FE,FF,00,00,
743000,00000625,false,Rx,0,8,25,00,59,86,01,54,5C,06,
825000,0000060D,false,Rx,0,8,0D,10,82,B6,09,20,70,00,
843000,00000625,false,Rx,0,8,25,00,59,86,01,54,5C,06,
854000,000002C4,false,Rx,0,8,03,00,00,00,69,02,00,00,
854000,000002C5,false,Rx,0,8,00,00,00,00,00,00,00,00,
855000,000002C6,false,Rx,0,8,32,00,7C,01,00,00,00,00,
926000,0000060D,false,Rx,0,8,0D,10,82,B6,09,20,70,00,
0,00000054,false,Rx,0,8,00,00,FE,FF,6B,02,00,00,
0,00000055,false,Rx,0,8,10,27,00,00,00,00,00,00,
936000,00000056,false,Rx,0,8,10,27,00,00,00,00,00,00,
936000,00000057,false,Rx,0,8,00,00,FE,FF,FE,FF,00,00,
944000,00000625,false,Rx,0,8,25,00,59,86,01,54,5C,06,
25000,0000060D,false,Rx,0,8,0D,10,82,B6,09,20,70,00,
43000,00000625,false,Rx,0,8,25,00,59,86,01,54,5C,06,
74000,000002C4,false,Rx,0,8,03,00,00,00,69,02,00,00,
75000,000002C5,false,Rx,0,8,00,00,00,00,00,00,00,00,
75000,000002C6,false,Rx,0,8,32,00,7C,01,00,00,00,00,
125000,0000060D,false,Rx,0,8,0D,10,82,B6,09,20,70,00,
0,00000054,false,Rx,0,8,00,00,FE,FF,6B,02,00,00,
0,00000055,false,Rx,0,8,10,27,00,00,00,00,00,00,
135000,00000056,false,Rx,0,8,10,27,00,00,00,00,00,00,
135000,00000057,false,Rx,0,8,00,00,FE,FF,FE,FF,00,00,
143000,00000625,false,Rx,0,8,25,00,59,86,01,54,5C,06,
226000,0000060D,false,Rx,0,8,0D,10,82,B6,09,20,70,00,
243000,00000625,false,Rx,0,8,25,00,59,86,01,54,5C,06,
294000,000002C4,false,Rx,0,8,03,00,00,00,6A,02,00,00,
294000,000002C5,false,Rx,0,8,00,00,00,00,00,00,00,00,
294000,000002C6,false,Rx,0,8,32,00,7C,01,00,00,00,00,
325000,0000060D,false,Rx,0,8,0D,10,82,B6,09,20,70,00,
0,00000054,false,Rx,0,8,00,00,FE,FF,6B,02,00,00,
0,00000055,false,Rx,0,8,10,27,00,00,00,00,00,00,
0,00000056,false,Rx,0,8,10,27,00,00,00,00,00,00,
0,00000057,false,Rx,0,8,00,00,FE,FF,FE,FF,00,00,
343000,00000625,false,Rx,0,8,25,00,59,86,01,54,5C,06,
426000,0000060D,false,Rx,0,8,0D,10,82,B6,09,20,70,00,
443000,00000625,false,Rx,0,8,25,00,59,86,01,54,5C,06,
0,000002C4,false,Rx,0,8,03,00,00,00,6A,02,00,00,
0,000002C5,false,Rx,0,8,00,00,00,00,00,00,00,00,
515000,000002C6,false,Rx,0,8,32,00,7C,01,00,00,00,00,
526000,0000060D,false,Rx,0,8,0D,10,82,B6,09,20,70,00,
0,00000054,false,Rx,0,8,00,00,FE,FF,6B,02,00,00,
0,00000055,false,Rx,0,8,10,27,00,00,00,00,00,00,
536000,00000056,false,Rx,0,8,10,27,00,00,00,00,00,00,
537000,00000057,false,Rx,0,8,00,00,FE,FF,FE,FF,00,00,
537000,0000060D,false,Rx,0,8,0D,11,82,B6,09,20,70,00,
636000,0000060D,false,Rx,0,8,0D,11,82,B6,09,20,70,00,
679000,00000625,false,Rx,0,8,25,00,59,86,01,54,5C,06,
734000,000002C4,false,Rx,0,8,03,00,00,00,6A,02,00,00,
734000,000002C5,false,Rx,0,8,00,00,00,00,00,00,00,00,
735000,000002C6,false,Rx,0,8,32,00,7C,01,00,00,00,00,
735000,00000054,false,Rx,0,8,00,00,FE,FF,6B,02,00,00,
735000,00000055,false,Rx,0,8,10,27,00,00,00,00,00,00,
736000,00000056,false,Rx,0,8,10,27,00,00,00,00,00,00,
736000,00000057,false,Rx,0,8,00,00,FE,FF,FE,FF,00,00,
736000,0000060D,false,Rx,0,8,0D,11,82,B6,09,20,70,00,
779000,00000625,false,Rx,0,8,25,00,59,86,01,54,5C,06,
835000,0000060D,false,Rx,0,8,0D,11,82,B6,09,20,70,00,
879000,00000625,false,Rx,0,8,25,00,59,86,01,54,5C,06,
935000,00000054,false,Rx,0,8,00,00,FE,FF,6B,02,00,00,
936000,00000055,false,Rx,0,8,10,27,00,00,00,00,00,00,
0,00000056,false,Rx,0,8,10,27,00,00,00,00,00,00,
0,00000057,false,Rx,0,8,00,00,FE,FF,FE,FF,00,00,
937000,0000060D,false,Rx,0,8,0D,11,82,B6,09,20,70,00,
954000,000002C4,false,Rx,0,8,03,00,00,00,6A,02,00,00,
954000,000002C5,false,Rx,0,8,00,00,00,00,00,00,00,00,
955000,000002C6,false,Rx,0,8,32,00,7C,01,00,00,00,00,
979000,00000625,false,Rx,0,8,25,00,59,86,01,54,5C,06,
37000,0000060D,false,Rx,0,8,0D,11,82,B6,09,20,70,00,
79000,00000625,false,Rx,0,8,25,00,59,86,01,54,5C,06,
136000,00000054,false,Rx,0,8,00,00,FE,FF,6B,02,00,00,
136000,00000055,false,Rx,0,8,10,27,00,00,00,00,00,00,
136000,00000056,false,Rx,0,8,10,27,00,00,00,00,00,00,
136000,00000057,false,Rx,0,8,00,00,FE,FF,FE,FF,00,00,
137000,0000060D,false,Rx,0,8,0D,11,82,B6,09,20,70,00,
174000,000002C4,false,Rx,0,8,03,00,00,00,6A,02,00,00,
174000,000002C5,false,Rx,0,8,00,00,00,00,00,00,00,00,
175000,000002C6,false,Rx,0,8,32,00,7C,01,00,00,00,00,
179000,00000625,false,Rx,0,8,25,00,59,86,01,54,5C,06,
235000,0000060D,false,Rx,0,8,0D,11,82,B6,09,20,70,00,
279000,00000625,false,Rx,0,8,25,00,59,86,01,54,5C,06,
335000,00000054,false,Rx,0,8,00,00,FE,FF,6B,02,00,00,
0,00000055,false,Rx,0,8,10,27,00,00,00,00,00,00,
0,00000056,false,Rx,0,8,10,27,00,00,00,00,00,00,
0,00000057,false,Rx,0,8,00,00,FE,FF,FE,FF,00,00,
0,0000060D,false,Rx,0,8,0D,11,82,B6,09,20,70,00,
380000,00000625,false,Rx,0,8,25,00,59,86,01,54,5C,06,
394000,000002C4,false,Rx,0,8,03,00,00,00,6A,02,00,00,
394000,000002C5,false,Rx,0,8,00,00,00,00,00,00,00,00,
395000,000002C6,false,Rx,0,8,32,00,7C,01,00,00,00,00,
436000,0000060D,false,Rx,0,8,0D,11,82,B6,09,20,70,00,
480000,00000625,false,Rx,0,8,25,00,59,86,01,54,5C,06,
536000,00000054,false,Rx,0,8,00,00,FE,FF,6B,02,00,00,
0,00000055,false,Rx,0,8,10,27,00,00,00,00,00,00,
0,00000056,false,Rx,0,8,10,27,00,00,00,00,00,00,
0,00000057,false,Rx,0,8,00,00,FE,FF,FE,FF,00,00,
537000,0000060D,false,Rx,0,8,0D,11,82,B6,09,20,70,00,
579000,00000625,false,Rx,0,8,25,00,59,86,01,54,5C,06,
614000,000002C4,false,Rx,0,8,03,00,00,00,6A,02,00,00,
614000,000002C5,false,Rx,0,8,00,00,00,00,00,00,00,00,
615000,000002C6,false,Rx,0,8,32,00,7C,01,00,00,00,00,
636000,0000060D,false,Rx,0,8,0D,11,82,B6,09,20,70,00,
679000,00000625,false,Rx,0,8,25,00,59,86,01,54,5C,06,
735000,00000054,false,Rx,0,8,00,00,FE,FF,6B,02,00,00,
735000,00000055,false,Rx,0,8,10,27,00,00,00,00,00,00,
735000,00000056,false,Rx,0,8,10,27,00,00,00,00,00,00,
736000,00000057,false,Rx,0,8,00,00,FE,FF,FE,FF,00,00,
736000,0000060D,false,Rx,0,8,0D,11,82,B6,09,20,70,00,
779000,00000625,false,Rx,0,8,25,00,59,86,01,54,5C,06,
834000,000002C4,false,Rx,0,8,03,00,00,00,6A,02,00,00,
834000,000002C5,false,Rx,0,8,00,00,00,00,00,00,00,00,
835000,000002C6,false,Rx,0,8,32,00,7C,01,00,00,00,00,
836000,0000060D,false,Rx,0,8,0D,11,82,B6,09,20,70,00,
880000,00000625,false,Rx,0,8,25,00,59,86,01,54,5C,06,
935000,00000054,false,Rx,0,8,00,00,FE,FF,6B,02,00,00,
935000,00000055,false,Rx,0,8,10,27,00,00,00,00,00,00,
936000,00000056,false,Rx,0,8,10,27,00,00,00,00,00,00,
936000,00000057,false,Rx,0,8,00,00,FE,FF,FE,FF,00,00,
936000,0000060D,false,Rx,0,8,0D,11,82,B6,09,20,70,00,
979000,00000625,false,Rx,0,8,25,00,59,86,01,54,5C,06,
36000,0000060D,false,Rx,0,8,0D,11,82,B6,09,20,70,00,
0,000002C4,false,Rx,0,8,03,00,00,00,6A,02,00,00,
0,000002C5,false,Rx,0,8,00,00,00,00,00,00,00,00,
55000,000002C6,false,Rx,0,8,32,00,7C,01,00,00,00,00,
79000,00000625,false,Rx,0,8,25,00,59,86,01,54,5C,06,
136000,00000054,false,Rx,0,8,00,00,FE,FF,6B,02,00,00,
136000,00000055,false,Rx,0,8,10,27,00,00,00,00,00,00,
136000,00000056,false,Rx,0,8,10,27,00,00,00,00,00,00,
136000,00000057,false,Rx,0,8,00,00,FE,FF,FE,FF,00,00,
137000,0000060D,false,Rx,0,8,0D,11,82,B6,09,20,70,00,
179000,00000625,false,Rx,0,8,25,00,59,86,01,54,5C,06,
236000,0000060D,false,Rx,0,8,0D,11,82,B6,09,20,70,00,
274000,000002C4,false,Rx,0,8,03,00,00,00,6A,02,00,00,
274000,000002C5,false,Rx,0,8,00,00,00,00,00,00,00,00,
274000,000002C6,false,Rx,0,8,32,00,7C,01,00,00,00,00,
279000,00000625,false,Rx,0,8,25,00,59,86,01,54,5C,06,
336000,00000054,false,Rx,0,8,00,00,FE,FF,6B,02,00,00,
336000,00000055,false,Rx,0,8,10,27,00,00,00,00,00,00,
336000,00000056,false,Rx,0,8,10,27,00,00,00,00,00,00,
0,00000057,false,Rx,0,8,00,00,FE,FF,FE,FF,00,00,
0,0000060D,false,Rx,0,8,0D,11,82,B6,09,20,70,00,
379000,00000625,false,Rx,0,8,25,00,59,86,01,54,5C,06,
435000,0000060D,false,Rx,0,8,0D,11,82,B6,09,20,70,00,
479000,00000625,false,Rx,0,8,25,00,59,86,01,54,5C,06,
494000,000002C4,false,Rx,0,8,03,00,00,00,6A,02,00,00,
494000,000002C5,false,Rx,0,8,00,00,00,00,00,00,00,00,
494000,000002C6,false,Rx,0,8,32,00,7C,01,00,00,00,00,
0,00000054,false,Rx,0,8,00,00,FE,FF,6B,02,00,00,
0,00000055,false,Rx,0,8,10,27,00,00,00,00,00,00,
0,00000056,false,Rx,0,8,10,27,00,00,00,00,00,00,
0,00000057,false,Rx,0,8,00,00,FE,FF,FE,FF,00,00,
537000,0000060D,false,Rx,0,8,0D,11,82,B6,09,20,70,00,
579000,00000625,false,Rx,0,8,25,00,59,86,01,54,5C,06,
635000,0000060D,false,Rx,0,8,0D,11,82,B6,09,20,70,00,
679000,00000625,false,Rx,0,8,25,00,59,86,01,54,5C,06,
0,000002C4,false,Rx,0,8,03,00,00,00,6A,02,00,00,
0,000002C5,false,Rx,0,8,00,00,00,00,00,00,00,00,
0,000002C6,false,Rx,0,8,32,00,7C,01,00,00,00,00,
0,00000054,false,Rx,0,8,00,00,FE,FF,6B,02,00,00,
0,00000055,false,Rx,0,8,10,27,00,00,00,00,00,00,
736000,00000056,false,Rx,0,8,10,27,00,00,00,00,00,00,
0,00000057,false,Rx,0,8,00,00,FE,FF,FE,FF,00,00,
0,0000060D,false,Rx,0,8,0D,11,82,B6,09,20,70,00,
779000,00000625,false,Rx,0,8,25,00,59,86,01,54,5C,06,
836000,0000060D,false,Rx,0,8,0D,11,82,B6,09,20,70,00,
879000,00000625,false,Rx,0,8,25,00,59,86,01,54,5C,06,
934000,000002C4,false,Rx,0,8,03,00,00,00,6A,02,00,00,
934000,000002C5,false,Rx,0,8,00,00,00,00,00,00,00,00,
934000,000002C6,false,Rx,0,8,32,00,7C,01,00,00,00,00,
935000,00000054,false,Rx,0,8,00,00,FE,FF,6B,02,00,00,
935000,00000055,false,Rx,0,8,10,27,00,00,00,00,00,00,
936000,00000056,false,Rx,0,8,10,27,00,00,00,00,00,00,
936000,00000057,false,Rx,0,8,00,00,FE,FF,FE,FF,00,00,
936000,0000060D,false,Rx,0,8,0D,11,82,B6,09,20,70,00,
979000,00000625,false,Rx,0,8,25,00,59,86,01,54,5C,06,
36000,0000060D,false,Rx,0,8,0D,11,82,B6,09,20,70,00,
79000,00000625,false,Rx,0,8,25,00,59,86,01,54,5C,06,
135000,00000054,false,Rx,0,8,00,00,FE,FF,6B,02,00,00,
135000,00000055,false,Rx,0,8,10,27,00,00,00,00,00,00,
136000,00000056,false,Rx,0,8,10,27,00,00,00,00,00,00,
0,00000057,false,Rx,0,8,00,00,FE,FF,FE,FF,00,00,
0,0000060D,false,Rx,0,8,0D,11,82,B6,09,20,70,00,
154000,000002C4,false,Rx,0,8,03,00,00,00,6A,02,00,00,
154000,000002C5,false,Rx,0,8,00,00,00,00,00,00,00,00,
155000,000002C6,false,Rx,0,8,32,00,7C,01,00,00,00,00,
179000,00000625,false,Rx,0,8,25,00,59,86,01,54,5C,06,
236000,0000060D,false,Rx,0,8,0D,11,82,B6,09,20,70,00,
279000,00000625,false,Rx,0,8,25,00,59,86,01,54,5C,06,
0,00000054,false,Rx,0,8,00,00,FE,FF,6B,02,00,00,
0,00000055,false,Rx,0,8,10,27,00,00,00,00,00,00,
336000,00000056,false,Rx,0,8,10,27,00,00,00,00,00,00,
337000,00000057,false,Rx,0,8,00,00,FE,FF,FE,FF,00,00,
337000,0000060D,false,Rx,0,8,0D,11,82,B6,09,20,70,00,
374000,000002C4,false,Rx,0,8,03,00,00,00,6A,02,00,00,
374000,000002C5,false,Rx,0,8,00,00,00,00,00,00,00,00,
375000,000002C6,false,Rx,0,8,32,00,7C,01,00,00,00,00,
379000,00000625,false,Rx,0,8,25,00,59,86,01,54,5C,06,
436000,0000060D,false,Rx,0,8,0D,11,82,B6,09,20,70,00,
479000,00000625,false,Rx,0,8,25,00,59,86,01,54,5C,06,
535000,00000054,false,Rx,0,8,00,00,FE,FF,6B,02,00,00,
535000,00000055,false,Rx,0,8,10,27,00,00,00,00,00,00,
536000,00000056,false,Rx,0,8,10,27,00,00,00,00,00,00,
536000,00000057,false,Rx,0,8,00,00,FE,FF,FE,FF,00,00,
536000,0000060D,false,Rx,0,8,0D,11,82,B6,09,20,70,00,
579000,00000625,false,Rx,0,8,25,00,59,86,01,54,5C,06,
0,000002C4,false,Rx,0,8,03,00,00,00,6A,02,00,00,
0,000002C5,false,Rx,0,8,00,00,00,00,00,00,00,00,
595000,000002C6,false,Rx,0,8,32,00,7C,01,00,00,00,00,
635000,0000060D,false,Rx,0,8,0D,11,82,B6,09,20,70,00,
679000,00000625,false,Rx,0,8,25,00,59,86,01,54,5C,06,
0,00000054,false,Rx,0,8,00,00,FE,FF,6B,02,00,00,
0,00000055,false,Rx,0,8,10,27,00,00,00,00,00,00,
0,00000056,false,Rx,0,8,10,27,00,00,00,00,00,00,
0,00000057,false,Rx,0,8,00,00,FE,FF,FE,FF,00,00,
737000,0000060D,false,Rx,0,8,0D,11,82,B6,09,20,70,00,
779000,00000625,false,Rx,0,8,25,00,59,86,01,54,5C,06,
814000,000002C4,false,Rx,0,8,03,00,00,00,6A,02,00,00,
814000,000002C5,false,Rx,0,8,00,00,00,00,00,00,00,00,
815000,000002C6,false,Rx,0,8,32,00,7C,01,00,00,00,00,
836000,0000060D,false,Rx,0,8,0D,11,82,B6,09,20,70,00,
879000,00000625,false,Rx,0,8,25,00,59,86,01,54,5C,06,
935000,00000054,false,Rx,0,8,00,00,FE,FF,6B,02,00,00,
936000,00000055,false,Rx,0,8,10,27,00,00,00,00,00,00,
936000,00000056,false,Rx,0,8,10,27,00,00,00,00,00,00,
0,00000057,false,Rx,0,8,00,00,FE,FF,FE,FF,00,00,
0,0000060D,false,Rx,0,8,0D,11,82,B6,09,20,70,00,
979000,00000625,false,Rx,0,8,25,00,59,86,01,54,5C,06,
34000,000002C4,false,Rx,0,8,03,00,00,00,6A,02,00,00,
34000,000002C5,false,Rx,0,8,00,00,00,00,00,00,00,00,
35000,000002C6,false,Rx,0,8,32,00,7C,01,00,00,00,00,
36000,0000060D,false,Rx,0,8,0D,11,82,B6,09,20,70,00,
79000,00000625,false,Rx,0,8,25,00,59,86,01,54,5C,06,
0,00000054,false,Rx,0,8,00,00,FE,FF,6B,02,00,00,
0,00000055,false,Rx,0,8,10,27,00,00,00,00,00,00,
136000,00000056,false,Rx,0,8,10,27,00,00,00,00,00,00,
136000,00000057,false,Rx,0,8,00,00,FE,FF,FE,FF,00,00,
137000,0000060D,false,Rx,0,8,0D,11,82,B6,09,20,70,00,
180000,00000625,false,Rx,0,8,25,00,59,86,01,54,5C,06,
235000,0000060D,false,Rx,0,8,0D,11,82,B6,09,20,70,00,
254000,000002C4,false,Rx,0,8,03,00,00,00,6A,02,00,00,
254000,000002C5,false,Rx,0,8,00,00,00,00,00,00,00,00,
255000,000002C6,false,Rx,0,8,32,00,7C,01,00,00,00,00,
279000,00000625,false,Rx,0,8,25,00,59,86,01,54,5C,06,
335000,00000054,false,Rx,0,8,00,00,FE,FF,6B,02,00,00,
335000,00000055,false,Rx,0,8,10,27,00,00,00,00,00,00,
336000,00000056,false,Rx,0,8,10,27,00,00,00,00,00,00,
336000,00000057,false,Rx,0,8,00,00,FE,FF,FE,FF,00,00,
337000,0000060D,false,Rx,0,8,0D,11,82,B6,09,20,70,00,
379000,00000625,false,Rx,0,8,25,00,59,86,01,54,5C,06,
436000,0000060D,false,Rx,0,8,0D,11,82,B6,09,20,70,00,
474000,000002C4,false,Rx,0,8,03,00,00,00,6A,02,00,00,
474000,000002C5,false,Rx,0,8,00,00,00,00,00,00,00,00,
475000,000002C6,false,Rx,0,8,32,00,7C,01,00,00,00,00,
479000,00000625,false,Rx,0,8,25,00,59,86,01,54,5C,06,
536000,00000054,false,Rx,0,8,00,00,FE,FF,6B,02,00,00,
536000,00000055,false,Rx,0,8,10,27,00,00,00,00,00,00,
536000,00000056,false,Rx,0,8,10,27,00,00,00,00,00,00,
536000,00000057,false,Rx,0,8,00,00,FE,FF,FE,FF,00,00,
536000,0000060D,false,Rx,0,8,0D,10,82,B6,09,20,70,00,
546000,0000060D,false,Rx,0,8,0D,11,82,B6,09,20,70,00,
646000,0000060D,false,Rx,0,8,0D,11,82,B6,09,20,70,00,
688000,00000625,false,Rx,0,8,25,00,59,86,01,54,5C,06,
0,000002C4,false,Rx,0,8,03,00,00,00,6A,02,00,00,
0,000002C5,false,Rx,0,8,00,00,00,00,00,00,00,00,
695000,000002C6,false,Rx,0,8,32,00,7C,01,00,00,00,00,
736000,00000054,false,Rx,0,8,00,00,FE,FF,6B,02,00,00,
736000,00000055,false,Rx,0,8,10,27,00,00,00,00,00,00,
736000,00000056,false,Rx,0,8,10,27,00,00,00,00,00,00,
736000,00000057,false,Rx,0,8,00,00,FE,FF,FE,FF,00,00,
745000,0000060D,false,Rx,0,8,0D,11,82,B6,09,20,70,00,
788000,00000625,false,Rx,0,8,25,00,59,86,01,54,5C,06,
845000,0000060D,false,Rx,0,8,0D,11,82,B6,09,20,70,00,
888000,00000625,false,Rx,0,8,25,00,59,86,01,54,5C,06,
914000,000002C4,false,Rx,0,8,03,00,00,00,6A,02,00,00,
914000,000002C5,false,Rx,0,8,00,00,00,00,00,00,00,00,
915000,000002C6,false,Rx,0,8,32,00,7C,01,00,00,00,00,
935000,00000054,false,Rx,0,8,00,00,FE,FF,6B,02,00,00,
936000,00000055,false,Rx,0,8,10,27,00,00,00,00,00,00,
936000,00000056,false,Rx,0,8,10,27,00,00,00,00,00,00,
936000,00000057,false,Rx,0,8,00,00,FE,FF,FE,FF,00,00,
945000,0000060D,false,Rx,0,8,0D,11,82,B6,09,20,70,00,
988000,00000625,false,Rx,0,8,25,00,59,86,01,54,5C,06,
46000,0000060D,false,Rx,0,8,0D,11,82,B6,09,20,70,00,
89000,00000625,false,Rx,0,8,25,00,59,86,01,54,5C,06,
0,000002C4,false,Rx,0,8,03,00,00,00,6A,02,00,00,
0,000002C5,false,Rx,0,8,00,00,00,00,00,00,00,00,
136000,000002C6,false,Rx,0,8,32,00,7C,01,00,00,00,00,
0,00000054,false,Rx,0,8,00,00,FE,FF,6B,02,00,00,
0,00000055,false,Rx,0,8,10,27,00,00,00,00,00,00,
0,00000056,false,Rx,0,8,10,27,00,00,00,00,00,00,
0,00000057,false,Rx,0,8,00,00,FE,FF,FE,FF,00,00,
145000,0000060D,false,Rx,0,8,0D,11,82,B6,09,20,70,00,
189000,00000625,false,Rx,0,8,25,00,59,86,01,54,5C,06,
246000,0000060D,false,Rx,0,8,0D,11,82,B6,09,20,70,00,
289000,00000625,false,Rx,0,8,25,00,59,86,01,54,5C,06,
0,00000054,false,Rx,0,8,00,00,FE,FF,6B,02,00,00,
0,00000055,false,Rx,0,8,10,27,00,00,00,00,00,00,
0,00000056,false,Rx,0,8,10,27,00,00,00,00,00,00,
0,00000057,false,Rx,0,8,00,00,FE,FF,FE,FF,00,00,
345000,0000060D,false,Rx,0,8,0D,11,82,B6,09,20,70,00,
354000,000002C4,false,Rx,0,8,03,00,00,00,6A,02,00,00,
354000,000002C5,false,Rx,0,8,00,00,00,00,00,00,00,00,
354000,000002C6,false,Rx,0,8,32,00,7C,01,00,00,00,00,
388000,00000625,false,Rx,0,8,25,00,59,86,01,54,5C,06,
446000,0000060D,false,Rx,0,8,0D,11,82,B6,09,20,70,00,
488000,00000625,false,Rx,0,8,25,00,59,86,01,54,5C,06,
535000,00000054,false,Rx,0,8,00,00,FE,FF,6B,02,00,00,
536000,00000055,false,Rx,0,8,10,27,00,00,00,00,00,00,
536000,00000056,false,Rx,0,8,10,27,00,00,00,00,00,00,
536000,00000057,false,Rx,0,8,00,00,FE,FF,FE,FF,00,00,
546000,0000060D,false,Rx,0,8,0D,11,82,B6,09,20,70,00,
575000,000002C4,false,Rx,0,8,03,00,00,00,6A,02,00,00,
575000,000002C5,false,Rx,0,8,00,00,00,00,00,00,00,00,
576000,000002C6,false,Rx,0,8,32,00,7C,01,00,00,00,00,
590000,00000625,false,Rx,0,8,25,00,59,86,01,54,5C,06,
645000,0000060D,false,Rx,0,8,0D,11,82,B6,09,20,70,00,
689000,00000625,false,Rx,0,8,25,00,59,86,01,54,5C,06,
735000,00000054,false,Rx,0,8,00,00,FE,FF,6B,02,00,00,
736000,00000055,false,Rx,0,8,10,27,00,00,00,00,00,00,
0,00000056,false,Rx,0,8,10,27,00,00,00,00,00,00,
0,00000057,false,Rx,0,8,00,00,FE,FF,FE,FF,00,00,
745000,0000060D,false,Rx,0,8,0D,11,82,B6,09,20,70,00,
788000,00000625,false,Rx,0,8,25,00,59,86,01,54,5C,06,
794000,000002C4,false,Rx,0,8,03,00,00,00,6A,02,00,00,
795000,000002C5,false,Rx,0,8,00,00,00,00,00,00,00,00,
795000,000002C6,false,Rx,0,8,32,00,7C,01,00,00,00,00,
845000,0000060D,false,Rx,0,8,0D,11,82,B6,09,20,70,00,
888000,00000625,false,Rx,0,8,25,00,59,86,01,54,5C,06,
0,00000054,false,Rx,0,8,00,00,FE,FF,6B,02,00,00,
0,00000055,false,Rx,0,8,10,27,00,00,00,00,00,00,
936000,00000056,false,Rx,0,8,10,27,00,00,00,00,00,00,
936000,00000057,false,Rx,0,8,00,00,FE,FF,FE,FF,00,00,
947000,0000060D,false,Rx,0,8,0D,11,82,B6,09,20,70,00,
988000,00000625,false,Rx,0,8,25,00,59,86,01,54,5C,06,
14000,000002C4,false,Rx,0,8,03,00,00,00,6B,02,00,00,
14000,000002C5,false,Rx,0,8,00,00,00,00,00,00,00,00,
15000,000002C6,false,Rx,0,8,32,00,7C,01,00,00,00,00,
45000,0000060D,false,Rx,0,8,0D,11,82,B6,09,20,70,00,
89000,00000625,false,Rx,0,8,25,00,59,86,01,54,5C,06,
0,00000054,false,Rx,0,8,00,00,FE,FF,6B,02,00,00,
0,00000055,false,Rx,0,8,10,27,00,00,00,00,00,00,
135000,00000056,false,Rx,0,8,10,27,00,00,00,00,00,00,
137000,00000057,false,Rx,0,8,00,00,FE,FF,FE,FF,00,00,
146000,0000060D,false,Rx,0,8,0D,11,82,B6,09,20,70,00,
188000,00000625,false,Rx,0,8,25,00,59,86,01,54,5C,06,
234000,000002C4,false,Rx,0,8,03,00,00,00,6B,02,00,00,
235000,000002C5,false,Rx,0,8,00,00,00,00,00,00,00,00,
235000,000002C6,false,Rx,0,8,32,00,7C,01,00,00,00,00,
246000,0000060D,false,Rx,0,8,0D,11,82,B6,09,20,70,00,
288000,00000625,false,Rx,0,8,25,00,59,86,01,54,5C,06,
0,00000054,false,Rx,0,8,00,00,FE,FF,6B,02,00,00,
0,00000055,false,Rx,0,8,10,27,00,00,00,00,00,00,
0,00000056,false,Rx,0,8,10,27,00,00,00,00,00,00,
0,00000057,false,Rx,0,8,00,00,FE,FF,FE,FF,00,00,
346000,0000060D,false,Rx,0,8,0D,11,82,B6,09,20,70,00,
389000,00000625,false,Rx,0,8,25,00,59,86,01,54,5C,06,
446000,0000060D,false,Rx,0,8,0D,11,82,B6,09,20,70,00,
454000,000002C4,false,Rx,0,8,03,00,00,00,6B,02,00,00,
454000,000002C5,false,Rx,0,8,00,00,00,00,00,00,00,00,
455000,000002C6,false,Rx,0,8,32,00,7C,01,00,00,00,00,
488000,00000625,false,Rx,0,8,25,00,59,86,01,54,5C,06,
536000,00000054,false,Rx,0,8,00,00,FE,FF,6B,02,00,00,
536000,00000055,false,Rx,0,8,10,27,00,00,00,00,00,00,
536000,00000056,false,Rx,0,8,10,27,00,00,00,00,00,00,
537000,00000057,false,Rx,0,8,00,00,FE,FF,FE,FF,00,00,
546000,0000060D,false,Rx,0,8,0D,11,83,B6,09,20,70,00,
588000,00000625,false,Rx,0,8,25,00,59,86,01,54,5C,06,
626000,00000065,false,Rx,0,8,6B,02,02,00,00,00,00,00,
646000,0000060D,false,Rx,0,8,0D,11,83,B6,09,20,70,00,
675000,000002C4,false,Rx,0,8,03,00,00,00,6B,02,00,00,
675000,000002C5,false,Rx,0,8,00,00,00,00,00,00,00,00,
675000,000002C6,false,Rx,0,8,32,00,7C,01,00,00,00,00,
688000,00000625,false,Rx,0,8,25,00,59,86,01,54,5C,06,
735000,00000054,false,Rx,0,8,00,00,FE,FF,6B,02,00,00,
736000,00000055,false,Rx,0,8,10,27,00,00,00,00,00,00,
736000,00000056,false,Rx,0,8,10,27,00,00,00,00,00,00,
736000,00000057,false,Rx,0,8,00,00,FE,FF,FE,FF,00,00,
746000,0000060D,false,Rx,0,8,0D,11,83,B6,09,20,70,00,
776000,00000065,false,Rx,0,8,6B,02,02,00,00,00,00,00,
788000,00000625,false,Rx,0,8,25,00,59,86,01,54,5C,06,
846000,0000060D,false,Rx,0,8,0D,11,83,B6,09,20,70,00,
888000,00000625,false,Rx,0,8,25,00,59,86,01,54,5C,06,
895000,000002C4,false,Rx,0,8,03,00,00,00,6B,02,00,00,
0,000002C5,false,Rx,0,8,00,00,00,00,00,00,00,00,
0,000002C6,false,Rx,0,8,32,00,7C,01,00,00,00,00,
926000,00000065,false,Rx,0,8,6B,02,02,00,00,00,00,00,
935000,00000054,false,Rx,0,8,00,00,FE,FF,6B,02,00,00,
935000,00000055,false,Rx,0,8,10,27,00,00,00,00,00,00,
935000,00000056,false,Rx,0,8,10,27,00,00,00,00,00,00,
936000,00000057,false,Rx,0,8,00,00,FE,FF,FE,FF,00,00,
946000,0000060D,false,Rx,0,8,0D,11,83,B6,09,20,70,00,
988000,00000625,false,Rx,0,8,25,00,59,86,01,54,5C,06,
46000,0000060D,false,Rx,0,8,0D,11,83,B6,09,20,70,00,
76000,00000065,false,Rx,0,8,6B,02,02,00,00,00,00,00,
88000,00000625,false,Rx,0,8,25,00,59,86,01,54,5C,06,
114000,000002C4,false,Rx,0,8,03,00,00,00,6B,02,00,00,
114000,000002C5,false,Rx,0,8,00,00,00,00,00,00,00,00,
114000,000002C6,false,Rx,0,8,32,00,7C,01,00,00,00,00,
135000,00000054,false,Rx,0,8,00,00,FE,FF,6B,02,00,00,
135000,00000055,false,Rx,0,8,10,27,00,00,00,00,00,00,
136000,00000056,false,Rx,0,8,10,27,00,00,00,00,00,00,
136000,00000057,false,Rx,0,8,00,00,FE,FF,FE,FF,00,00,
146000,0000060D,false,Rx,0,8,0D,11,83,B6,09,20,70,00,
189000,00000625,false,Rx,0,8,25,00,59,86,01,54,5C,06,
246000,0000060D,false,Rx,0,8,0D,11,83,B6,09,20,70,00,
289000,00000625,false,Rx,0,8,25,00,59,86,01,54,5C,06,
334000,000002C4,false,Rx,0,8,03,00,00,00,6B,02,00,00,
335000,000002C5,false,Rx,0,8,00,00,00,00,00,00,00,00,
335000,000002C6,false,Rx,0,8,32,00,7C,01,00,00,00,00,
336000,00000054,false,Rx,0,8,00,00,FE,FF,6B,02,00,00,
336000,00000055,false,Rx,0,8,10,27,00,00,00,00,00,00,
336000,00000056,false,Rx,0,8,10,27,00,00,00,00,00,00,
337000,00000057,false,Rx,0,8,00,00,FE,FF,FE,FF,00,00,
346000,0000060D,false,Rx,0,8,0D,11,83,B6,09,20,70,00,
388000,00000625,false,Rx,0,8,25,00,59,86,01,54,5C,06,
447000,0000060D,false,Rx,0,8,0D,11,83,B6,09,20,70,00,
489000,00000625,false,Rx,0,8,25,00,59,86,01,54,5C,06,
0,00000054,false,Rx,0,8,00,00,FE,FF,6B,02,00,00,
0,00000055,false,Rx,0,8,10,27,00,00,00,00,00,00,
535000,00000056,false,Rx,0,8,10,27,00,00,00,00,00,00,
537000,00000057,false,Rx,0,8,00,00,FE,FF,FE,FF,00,00,
545000,0000060D,false,Rx,0,8,0D,11,83,B6,09,20,70,00,
554000,000002C4,false,Rx,0,8,03,00,00,00,6B,02,00,00,
554000,000002C5,false,Rx,0,8,00,00,00,00,00,00,00,00,
555000,000002C6,false,Rx,0,8,32,00,7C,01,00,00,00,00,
588000,00000625,false,Rx,0,8,25,00,59,86,01,54,5C,06,
647000,0000060D,false,Rx,0,8,0D,11,83,B6,09,20,70,00,
688000,00000625,false,Rx,0,8,25,00,59,86,01,54,5C,06,
736000,00000054,false,Rx,0,8,00,00,FE,FF,6B,02,00,00,
736000,00000055,false,Rx,0,8,10,27,00,00,00,00,00,00,
736000,00000056,false,Rx,0,8,10,27,00,00,00,00,00,00,
737000,00000057,false,Rx,0,8,00,00,FE,FF,FE,FF,00,00,
745000,0000060D,false,Rx,0,8,0D,11,83,B6,09,20,70,00,
0,000002C4,false,Rx,0,8,03,00,00,00,6B,02,00,00,
0,000002C5,false,Rx,0,8,00,00,00,00,00,00,00,00,
774000,000002C6,false,Rx,0,8,32,00,7C,01,00,00,00,00,
789000,00000625,false,Rx,0,8,25,00,59,86,01,54,5C,06,
846000,0000060D,false,Rx,0,8,0D,11,83,B6,09,20,70,00,
888000,00000625,false,Rx,0,8,25,00,59,86,01,54,5C,06,
935000,00000054,false,Rx,0,8,00,00,FE,FF,6B,02,00,00,
936000,00000055,false,Rx,0,8,10,27,00,00,00,00,00,00,
936000,00000056,false,Rx,0,8,10,27,00,00,00,00,00,00,
936000,00000057,false,Rx,0,8,00,00,FE,FF,FE,FF,00,00,
946000,0000060D,false,Rx,0,8,0D,11,83,B6,09,20,70,00,
988000,00000625,false,Rx,0,8,25,00,59,86,01,54,5C,06,
994000,000002C4,false,Rx,0,8,03,00,00,00,6B,02,00,00,
994000,000002C5,false,Rx,0,8,00,00,00,00,00,00,00,00,
995000,000002C6,false,Rx,0,8,32,00,7C,01,00,00,00,00,
45000,0000060D,false,Rx,0,8,0D,11,83,B6,09,20,70,00,
88000,00000625,false,Rx,0,8,25,00,59,86,01,54,5C,06,
0,00000054,false,Rx,0,8,00,00,FE,FF,6B,02,00,00,
0,00000055,false,Rx,0,8,10,27,00,00,00,00,00,00,
136000,00000056,false,Rx,0,8,10,27,00,00,00,00,00,00,
137000,00000057,false,Rx,0,8,00,00,FE,FF,FE,FF,00,00,
146000,0000060D,false,Rx,0,8,0D,11,83,B6,09,20,70,00,
188000,00000625,false,Rx,0,8,25,00,59,86,01,54,5C,06,
214000,000002C4,false,Rx,0,8,03,00,00,00,6B,02,00,00,
214000,000002C5,false,Rx,0,8,00,00,00,00,00,00,00,00,
215000,000002C6,false,Rx,0,8,32,00,7C,01,00,00,00,00,
246000,0000060D,false,Rx,0,8,0D,11,83,B6,09,20,70,00,
288000,00000625,false,Rx,0,8,25,00,59,86,01,54,5C,06,
0,00000054,false,Rx,0,8,00,00,FE,FF,6B,02,00,00,
0,00000055,false,Rx,0,8,10,27,00,00,00,00,00,00,
0,00000056,false,Rx,0,8,10,27,00,00,00,00,00,00,
0,00000057,false,Rx,0,8,00,00,FE,FF,FE,FF,00,00,
346000,0000060D,false,Rx,0,8,0D,11,83,B6,09,20,70,00,
388000,00000625,false,Rx,0,8,25,00,59,86,01,54,5C,06,
434000,000002C4,false,Rx,0,8,03,00,00,00,6B,02,00,00,
434000,000002C5,false,Rx,0,8,00,00,00,00,00,00,00,00,
434000,000002C6,false,Rx,0,8,32,00,7C,01,00,00,00,00,
446000,0000060D,false,Rx,0,8,0D,11,83,B6,09,20,70,00,
489000,00000625,false,Rx,0,8,25,00,59,86,01,54,5C,06,
0,00000054,false,Rx,0,8,00,00,FE,FF,6B,02,00,00,
0,00000055,false,Rx,0,8,10,27,00,00,00,00,00,00,
536000,00000056,false,Rx,0,8,10,27,00,00,00,00,00,00,
536000,00000057,false,Rx,0,8,00,00,FE,FF,FE,FF,00,00,
588000,00000625,false,Rx,0,8,25,00,59,86,01,54,5C,06,
654000,000002C4,false,Rx,0,8,03,00,00,00,6B,02,00,00,
654000,000002C5,false,Rx,0,8,00,00,00,00,00,00,00,00,
655000,000002C6,false,Rx,0,8,32,00,7C,01,00,00,00,00,
689000,00000625,false,Rx,0,8,25,00,59,86,01,54,5C,06,
736000,00000054,false,Rx,0,8,00,00,FE,FF,6B,02,00,00,
736000,00000055,false,Rx,0,8,10,27,00,00,00,00,00,00,
736000,00000056,false,Rx,0,8,10,27,00,00,00,00,00,00,
736000,00000057,false,Rx,0,8,00,00,FE,FF,FE,FF,00,00,
788000,00000625,false,Rx,0,8,25,00,59,86,01,54,5C,06,
874000,000002C4,false,Rx,0,8,03,00,00,00,6B,02,00,00,
874000,000002C5,false,Rx,0,8,00,00,00,00,00,00,00,00,
875000,000002C6,false,Rx,0,8,32,00,7C,01,00,00,00,00,
889000,00000625,false,Rx,0,8,25,00,59,86,01,54,5C,06,
935000,00000054,false,Rx,0,8,00,00,FE,FF,6B,02,00,00,
936000,00000055,false,Rx,0,8,10,27,00,00,00,00,00,00,
0,00000056,false,Rx,0,8,10,27,00,00,00,00,00,00,
0,00000057,false,Rx,0,8,00,00,FE,FF,FE,FF,00,00,
988000,00000625,false,Rx,0,8,25,00,59,86,01,54,5C,06,
88000,00000625,false,Rx,0,8,25,00,59,86,01,54,5C,06,
94000,000002C4,false,Rx,0,8,03,00,00,00,6B,02,00,00,
95000,000002C5,false,Rx,0,8,00,00,00,00,00,00,00,00,
95000,000002C6,false,Rx,0,8,32,00,7C,01,00,00,00,00,
135000,00000054,false,Rx,0,8,00,00,FE,FF,6B,02,00,00,
135000,00000055,false,Rx,0,8,10,27,00,00,00,00,00,00,
136000,00000056,false,Rx,0,8,10,27,00,00,00,00,00,00,
136000,00000057,false,Rx,0,8,00,00,FE,FF,FE,FF,00,00,
188000,00000625,false,Rx,0,8,25,00,59,86,01,54,5C,06,
288000,00000625,false,Rx,0,8,25,00,59,86,01,54,5C,06,
0,000002C4,false,Rx,0,8,03,00,00,00,6B,02,00,00,
0,000002C5,false,Rx,0,8,00,00,00,00,00,00,00,00,
315000,000002C6,false,Rx,0,8,32,00,7C,01,00,00,00,00,
336000,00000054,false,Rx,0,8,00,00,FE,FF,6B,02,00,00,
336000,00000055,false,Rx,0,8,10,27,00,00,00,00,00,00,
0,00000056,false,Rx,0,8,10,27,00,00,00,00,00,00,
0,00000057,false,Rx,0,8,00,00,FE,FF,FE,FF,00,00,
388000,00000625,false,Rx,0,8,25,00,59,86,01,54,5C,06,
488000,00000625,false,Rx,0,8,25,00,59,86,01,54,5C,06,
535000,000002C4,false,Rx,0,8,03,00,00,00,6B,02,00,00,
535000,000002C5,false,Rx,0,8,00,00,00,00,00,00,00,00,
535000,000002C6,false,Rx,0,8,32,00,7C,01,00,00,00,00,
536000,00000054,false,Rx,0,8,00,00,FE,FF,6B,02,00,00,
536000,00000055,false,Rx,0,8,10,27,00,00,00,00,00,00,
536000,00000056,false,Rx,0,8,10,27,00,00,00,00,00,00,
537000,00000057,false,Rx,0,8,00,00,FE,FF,FE,FF,00,00,
588000,00000625,false,Rx,0,8,25,00,59,86,01,54,5C,06,
688000,00000625,false,Rx,0,8,25,00,59,86,01,54,5C,06,
0,00000054,false,Rx,0,8,00,00,FE,FF,6B,02,00,00,
0,00000055,false,Rx,0,8,10,27,00,00,00,00,00,00,
736000,00000056,false,Rx,0,8,10,27,00,00,00,00,00,00,
737000,00000057,false,Rx,0,8,00,00,FE,FF,FE,FF,00,00,
754000,000002C4,false,Rx,0,8,03,00,00,00,6B,02,00,00,
755000,000002C5,false,Rx,0,8,00,00,00,00,00,00,00,00,
755000,000002C6,false,Rx,0,8,32,00,7C,01,00,00,00,00,
788000,00000625,false,Rx,0,8,25,00,59,86,01,54,5C,06,
889000,00000625,false,Rx,0,8,25,00,59,86,01,54,5C,06,
935000,00000054,false,Rx,0,8,00,00,FE,FF,6B,02,00,00,
936000,00000055,false,Rx,0,8,10,27,00,00,00,00,00,00,
936000,00000056,false,Rx,0,8,10,27,00,00,00,00,00,00,
936000,00000057,false,Rx,0,8,00,00,FE,FF,FE,FF,00,00,
974000,000002C4,false,Rx,0,8,03,00,00,00,6B,02,00,00,
975000,000002C5,false,Rx,0,8,00,00,00,00,00,00,00,00,
975000,000002C6,false,Rx,0,8,32,00,7C,01,00,00,00,00,
988000,00000625,false,Rx,0,8,25,00,59,86,01,54,5C,06,
89000,00000625,false,Rx,0,8,25,00,59,86,01,54,5C,06,
135000,00000054,false,Rx,0,8,00,00,FE,FF,6B,02,00,00,
135000,00000055,false,Rx,0,8,10,27,00,00,00,00,00,00,
0,00000056,false,Rx,0,8,10,27,00,00,00,00,00,00,
0,00000057,false,Rx,0,8,00,00,FE,FF,FE,FF,00,00,
188000,00000625,false,Rx,0,8,25,00,59,86,01,54,5C,06,
194000,000002C4,false,Rx,0,8,03,00,00,00,6B,02,00,00,
195000,000002C5,false,Rx,0,8,00,00,00,00,00,00,00,00,
195000,000002C6,false,Rx,0,8,32,00,7C,01,00,00,00,00,
288000,00000625,false,Rx,0,8,25,00,59,86,01,54,5C,06,
336000,00000054,false,Rx,0,8,00,00,FE,FF,6B,02,00,00,
336000,00000055,false,Rx,0,8,10,27,00,00,00,00,00,00,
336000,00000056,false,Rx,0,8,10,27,00,00,00,00,00,00,
336000,00000057,false,Rx,0,8,00,00,FE,FF,FE,FF,00,00,
389000,00000625,false,Rx,0,8,25,00,59,86,01,54,5C,06,
414000,000002C4,false,Rx,0,8,03,00,00,00,6B,02,00,00,
415000,000002C5,false,Rx,0,8,00,00,00,00,00,00,00,00,
415000,000002C6,false,Rx,0,8,32,00,7C,01,00,00,00,00,
488000,00000625,false,Rx,0,8,25,00,59,86,01,54,5C,06,
535000,00000054,false,Rx,0,8,00,00,FE,FF,6B,02,00,00,
536000,00000055,false,Rx,0,8,10,27,00,00,00,00,00,00,
536000,00000056,false,Rx,0,8,10,27,00,00,00,00,00,00,
536000,00000057,false,Rx,0,8,00,00,FE,FF,FE,FF,00,00,
589000,00000625,false,Rx,0,8,25,00,59,86,01,54,5C,06,
635000,000002C4,false,Rx,0,8,03,00,00,00,6B,02,00,00,
635000,000002C5,false,Rx,0,8,00,00,00,00,00,00,00,00,
635000,000002C6,false,Rx,0,8,32,00,7C,01,00,00,00,00,
688000,00000625,false,Rx,0,8,25,00,59,86,01,54,5C,06,
736000,00000054,false,Rx,0,8,00,00,FE,FF,6B,02,00,00,
736000,00000055,false,Rx,0,8,10,27,00,00,00,00,00,00,
736000,00000056,false,Rx,0,8,10,27,00,00,00,00,00,00,
737000,00000057,false,Rx,0,8,00,00,FE,FF,FE,FF,00,00,
788000,00000625,false,Rx,0,8,25,00,59,86,01,54,5C,06,
0,000002C4,false,Rx,0,8,03,00,00,00,6B,02,00,00,
0,000002C5,false,Rx,0,8,00,00,00,00,00,00,00,00,
855000,000002C6,false,Rx,0,8,32,00,7C,01,00,00,00,00,
888000,00000625,false,Rx,0,8,25,00,59,86,01,54,5C,06,
936000,00000054,false,Rx,0,8,00,00,FE,FF,6B,02,00,00,
936000,00000055,false,Rx,0,8,10,27,00,00,00,00,00,00,
936000,00000056,false,Rx,0,8,10,27,00,00,00,00,00,00,
936000,00000057,false,Rx,0,8,00,00,FE,FF,FE,FF,00,00,
988000,00000625,false,Rx,0,8,25,00,59,86,01,54,5C,06,
0,000002C4,false,Rx,0,8,03,00,00,00,6B,02,00,00,
0,000002C5,false,Rx,0,8,00,00,00,00,00,00,00,00,
75000,000002C6,false,Rx,0,8,32,00,7C,01,00,00,00,00,
89000,00000625,false,Rx,0,8,25,00,59,86,01,54,5C,06,
135000,00000054,false,Rx,0,8,00,00,FE,FF,6B,02,00,00,
136000,00000055,false,Rx,0,8,10,27,00,00,00,00,00,00,
136000,00000056,false,Rx,0,8,10,27,00,00,00,00,00,00,
136000,00000057,false,Rx,0,8,00,00,FE,FF,FE,FF,00,00,
188000,00000625,false,Rx,0,8,25,00,59,86,01,54,5C,06,
288000,00000625,false,Rx,0,8,25,00,59,86,01,54,5C,06,
0,000002C4,false,Rx,0,8,03,00,00,00,6B,02,00,00,
0,000002C5,false,Rx,0,8,00,00,00,00,00,00,00,00,
0,000002C6,false,Rx,0,8,32,00,7C,01,00,00,00,00,
0,00000054,false,Rx,0,8,00,00,FE,FF,6B,02,00,00,
0,00000055,false,Rx,0,8,10,27,00,00,00,00,00,00,
336000,00000056,false,Rx,0,8,10,27,00,00,00,00,00,00,
338000,00000057,false,Rx,0,8,00,00,FE,FF,FE,FF,00,00,
388000,00000625,false,Rx,0,8,25,00,59,86,01,54,5C,06,
489000,00000625,false,Rx,0,8,25,00,59,86,01,54,5C,06,
0,000002C4,false,Rx,0,8,03,00,00,00,6B,02,00,00,
0,000002C5,false,Rx,0,8,00,00,00,00,00,00,00,00,
0,000002C6,false,Rx,0,8,32,00,7C,01,00,00,00,00,
536000,00000054,false,Rx,0,8,00,00,FE,FF,6B,02,00,00,
536000,00000055,false,Rx,0,8,10,27,00,00,00,00,00,00,
0,00000056,false,Rx,0,8,10,27,00,00,00,00,00,00,
0,00000057,false,Rx,0,8,00,00,FE,FF,FE,FF,00,00,
588000,00000625,false,Rx,0,8,25,00,59,86,01,54,5C,06,
688000,00000625,false,Rx,0,8,25,00,59,86,01,54,5C,06,
734000,000002C4,false,Rx,0,8,03,00,00,00,6B,02,00,00,
734000,000002C5,false,Rx,0,8,00,00,00,00,00,00,00,00,
735000,000002C6,false,Rx,0,8,32,00,7C,01,00,00,00,00,
735000,00000054,false,Rx,0,8,00,00,FE,FF,6B,02,00,00,
736000,00000055,false,Rx,0,8,10,27,00,00,00,00,00,00,
736000,00000056,false,Rx,0,8,10,27,00,00,00,00,00,00,
736000,00000057,false,Rx,0,8,00,00,FE,FF,FE,FF,00,00,
788000,00000625,false,Rx,0,8,25,00,59,86,01,54,5C,06,
889000,00000625,false,Rx,0,8,25,00,59,86,01,54,5C,06,
0,00000054,false,Rx,0,8,00,00,FE,FF,6B,02,00,00,
0,00000055,false,Rx,0,8,10,27,00,00,00,00,00,00,
0,00000056,false,Rx,0,8,10,27,00,00,00,00,00,00,
0,00000057,false,Rx,0,8,00,00,FE,FF,FE,FF,00,00,
0,000002C4,false,Rx,0,8,03,00,00,00,6B,02,00,00,
0,000002C5,false,Rx,0,8,00,00,00,00,00,00,00,00,
0,000002C6,false,Rx,0,8,32,00,7C,01,00,00,00,00,
988000,00000625,false,Rx,0,8,25,00,59,86,01,54,5C,06,
89000,00000625,false,Rx,0,8,25,00,59,86,01,54,5C,06,
0,00000054,false,Rx,0,8,00,00,FE,FF,6B,02,00,00,
0,00000055,false,Rx,0,8,10,27,00,00,00,00,00,00,
0,00000056,false,Rx,0,8,10,27,00,00,00,00,00,00,
0,00000057,false,Rx,0,8,00,00,FE,FF,FE,FF,00,00,
0,000002C4,false,Rx,0,8,03,00,00,00,6B,02,00,00,
0,000002C5,false,Rx,0,8,00,00,00,00,00,00,00,00,
175000,000002C6,false,Rx,0,8,32,00,7C,01,00,00,00,00,
189000,00000625,false,Rx,0,8,25,00,59,86,01,54,5C,06,
288000,00000625,false,Rx,0,8,25,00,59,86,01,54,5C,06,
336000,00000054,false,Rx,0,8,00,00,FE,FF,6B,02,00,00,
336000,00000055,false,Rx,0,8,10,27,00,00,00,00,00,00,
0,00000056,false,Rx,0,8,10,27,00,00,00,00,00,00,
0,00000057,false,Rx,0,8,00,00,FE,FF,FE,FF,00,00,
389000,00000625,false,Rx,0,8,25,00,59,86,01,54,5C,06,
394000,000002C4,false,Rx,0,8,03,00,00,00,6B,02,00,00,
394000,000002C5,false,Rx,0,8,00,00,00,00,00,00,00,00,
395000,000002C6,false,Rx,0,8,32,00,7C,01,00,00,00,00,
489000,00000625,false,Rx,0,8,25,00,59,86,01,54,5C,06,
0,00000054,false,Rx,0,8,00,00,FE,FF,6B,02,00,00,
0,00000055,false,Rx,0,8,10,27,00,00,00,00,00,00,
0,00000056,false,Rx,0,8,10,27,00,00,00,00,00,00,
0,00000057,false,Rx,0,8,00,00,FE,FF,FE,FF,00,00,
588000,00000625,false,Rx,0,8,25,00,59,86,01,54,5C,06,
615000,000002C4,false,Rx,0,8,03,00,00,00,6B,02,00,00,
615000,000002C5,false,Rx,0,8,00,00,00,00,00,00,00,00,
615000,000002C6,false,Rx,0,8,32,00,7C,01,00,00,00,00,
688000,00000625,false,Rx,0,8,25,00,59,86,01,54,5C,06,
736000,00000054,false,Rx,0,8,00,00,FE,FF,6B,02,00,00,
0,00000055,false,Rx,0,8,10,27,00,00,00,00,00,00,
0,00000056,false,Rx,0,8,10,27,00,00,00,00,00,00,
737000,00000057,false,Rx,0,8,00,00,FE,FF,FE,FF,00,00,
788000,00000625,false,Rx,0,8,25,00,59,86,01,54,5C,06,
834000,000002C4,false,Rx,0,8,03,00,00,00,6B,02,00,00,
834000,000002C5,false,Rx,0,8,00,00,00,00,00,00,00,00,
835000,000002C6,false,Rx,0,8,32,00,7C,01,00,00,00,00,
935000,00000054,false,Rx,0,8,00,00,FE,FF,6B,02,00,00,
936000,00000055,false,Rx,0,8,10,27,00,00,00,00,00,00,
936000,00000056,false,Rx,0,8,10,27,00,00,00,00,00,00,
936000,00000057,false,Rx,0,8,00,00,FE,FF,FE,FF,00,00,
0,000002C4,false,Rx,0,8,03,00,00,00,6B,02,00,00,
0,000002C5,false,Rx,0,8,00,00,00,00,00,00,00,00,
0,000002C6,false,Rx,0,8,32,00,7C,01,00,00,00,00,
0,00000054,false,Rx,0,8,00,00,FE,FF,6B,02,00,00,
0,00000055,false,Rx,0,8,10,27,00,00,00,00,00,00,
0,00000056,false,Rx,0,8,10,27,00,00,00,00,00,00,
137000,00000057,false,Rx,0,8,00,00,FE,FF,FE,FF,00,00,
0,000002C4,false,Rx,0,8,03,00,00,00,6B,02,00,00,
0,000002C5,false,Rx,0,8,00,00,00,00,00,00,00,00,
275000,000002C6,false,Rx,0,8,32,00,7C,01,00,00,00,00,
0,00000054,false,Rx,0,8,00,00,FE,FF,6B,02,00,00,
0,00000055,false,Rx,0,8,10,27,00,00,00,00,00,00,
336000,00000056,false,Rx,0,8,10,27,00,00,00,00,00,00,
336000,00000057,false,Rx,0,8,00,00,FE,FF,FE,FF,00,00,
0,000002C4,false,Rx,0,8,03,00,00,00,6B,02,00,00,
0,000002C5,false,Rx,0,8,00,00,00,00,00,00,00,00,
495000,000002C6,false,Rx,0,8,32,00,7C,01,00,00,00,00,
535000,00000054,false,Rx,0,8,00,00,FE,FF,6B,02,00,00,
535000,00000055,false,Rx,0,8,10,27,00,00,00,00,00,00,
536000,00000056,false,Rx,0,8,10,27,00,00,00,00,00,00,
537000,00000057,false,Rx,0,8,00,00,FE,FF,FE,FF,00,00,
714000,000002C4,false,Rx,0,8,03,00,00,00,6B,02,00,00,
714000,000002C5,false,Rx,0,8,00,00,00,00,00,00,00,00,
715000,000002C6,false,Rx,0,8,32,00,7C,01,00,00,00,00,
736000,00000054,false,Rx,0,8,00,00,FE,FF,6B,02,00,00,
736000,00000055,false,Rx,0,8,10,27,00,00,00,00,00,00,
736000,00000056,false,Rx,0,8,10,27,00,00,00,00,00,00,
736000,00000057,false,Rx,0,8,00,00,FE,FF,FE,FF,00,00,
757000,0000060D,false,Rx,0,8,0D,10,83,B6,09,20,70,00,
0,00000054,false,Rx,0,8,00,00,FE,FF,73,02,00,00,
0,00000055,false,Rx,0,8,10,27,00,00,00,00,00,00,
0,00000056,false,Rx,0,8,10,27,00,00,00,00,00,00,
0,00000057,false,Rx,0,8,00,00,FE,FF,FE,FF,00,00,
0,00000065,false,Rx,0,8,73,02,03,00,00,00,00,00,
856000,0000060D,false,Rx,0,8,0D,10,83,B6,09,20,70,00,
916000,00000065,false,Rx,0,8,73,02,03,00,00,00,00,00,
956000,0000060D,false,Rx,0,8,0D,10,83,B6,09,20,70,00,
0,00000054,false,Rx,0,8,00,00,FE,FF,73,02,00,00,
0,00000055,false,Rx,0,8,10,27,00,00,00,00,00,00,
966000,00000056,false,Rx,0,8,10,27,00,00,00,00,00,00,
966000,00000057,false,Rx,0,8,00,00,FE,FF,FE,FF,00,00,
993000,00000625,false,Rx,0,8,25,00,58,86,01,54,5C,06,
0,000002C4,false,Rx,0,8,02,00,00,00,68,02,00,00,
0,000002C5,false,Rx,0,8,00,00,00,00,00,00,00,00,
5000,000002C6,false,Rx,0,8,32,00,7C,01,00,00,00,00,
56000,0000060D,false,Rx,0,8,0D,10,83,B6,09,20,70,00,
66000,00000065,false,Rx,0,8,73,02,03,00,00,00,00,00,
93000,00000625,false,Rx,0,8,25,00,58,86,01,54,5C,06,
156000,0000060D,false,Rx,0,8,0D,10,83,B6,09,20,70,00,
165000,00000054,false,Rx,0,8,00,00,FE,FF,73,02,00,00,
165000,00000055,false,Rx,0,8,10,27,00,00,00,00,00,00,
166000,00000056,false,Rx,0,8,10,27,00,00,00,00,00,00,
166000,00000057,false,Rx,0,8,00,00,FE,FF,FE,FF,00,00,
193000,00000625,false,Rx,0,8,25,00,59,86,01,54,5C,06,
216000,00000065,false,Rx,0,8,73,02,03,00,00,00,00,00,
0,000002C4,false,Rx,0,8,02,00,00,00,68,02,00,00,
0,000002C5,false,Rx,0,8,00,00,00,00,00,00,00,00,
226000,000002C6,false,Rx,0,8,32,00,7C,01,00,00,00,00,
256000,0000060D,false,Rx,0,8,0D,10,83,B6,09,20,70,00,
293000,00000625,false,Rx,0,8,25,00,59,86,01,54,5C,06,
356000,0000060D,false,Rx,0,8,0D,10,83,B6,09,20,70,00,
0,00000054,false,Rx,0,8,00,00,FE,FF,73,02,00,00,
0,00000055,false,Rx,0,8,10,27,00,00,00,00,00,00,
0,00000056,false,Rx,0,8,10,27,00,00,00,00,00,00,
0,00000057,false,Rx,0,8,00,00,FE,FF,FE,FF,00,00,
393000,00000625,false,Rx,0,8,25,00,59,86,01,54,5C,06,
0,000002C4,false,Rx,0,8,02,00,00,00,69,02,00,00,
0,000002C5,false,Rx,0,8,00,00,00,00,00,00,00,00,
445000,000002C6,false,Rx,0,8,32,00,7C,01,00,00,00,00,
456000,0000060D,false,Rx,0,8,0D,10,83,B6,09,20,70,00,
493000,00000625,false,Rx,0,8,25,00,59,86,01,54,5C,06,
556000,0000060D,false,Rx,0,8,0D,10,83,B6,09,20,70,00,
566000,00000054,false,Rx,0,8,00,00,FE,FF,73,02,00,00,
566000,00000055,false,Rx,0,8,10,27,00,00,00,00,00,00,
566000,00000056,false,Rx,0,8,10,27,00,00,00,00,00,00,
567000,00000057,false,Rx,0,8,00,00,FE,FF,FE,FF,00,00,
593000,00000625,false,Rx,0,8,25,00,59,86,01,54,5C,06,
656000,0000060D,false,Rx,0,8,0D,10,83,B6,09,20,70,00,
664000,000002C4,false,Rx,0,8,02,00,00,00,69,02,00,00,
664000,000002C5,false,Rx,0,8,00,00,00,00,00,00,00,00,
664000,000002C6,false,Rx,0,8,32,00,7C,01,00,00,00,00,
693000,00000625,false,Rx,0,8,25,00,59,86,01,54,5C,06,
756000,0000060D,false,Rx,0,8,0D,10,83,B6,09,20,70,00,
765000,00000054,false,Rx,0,8,00,00,FE,FF,73,02,00,00,
765000,00000055,false,Rx,0,8,10,27,00,00,00,00,00,00,
766000,00000056,false,Rx,0,8,10,27,00,00,00,00,00,00,
766000,00000057,false,Rx,0,8,00,00,FE,FF,FE,FF,00,00,
793000,00000625,false,Rx,0,8,25,00,59,86,01,54,5C,06,
856000,0000060D,false,Rx,0,8,0D,10,83,B6,09,20,70,00,
884000,000002C4,false,Rx,0,8,03,00,00,00,69,02,00,00,
884000,000002C5,false,Rx,0,8,00,00,00,00,00,00,00,00,
885000,000002C6,false,Rx,0,8,32,00,7C,01,00,00,00,00,
893000,00000625,false,Rx,0,8,25,00,59,86,01,54,5C,06,
956000,0000060D,false,Rx,0,8,0D,10,83,B6,09,20,70,00,
966000,00000054,false,Rx,0,8,00,00,FE,FF,73,02,00,00,
966000,00000055,false,Rx,0,8,10,27,00,00,00,00,00,00,
0,00000056,false,Rx,0,8,10,27,00,00,00,00,00,00,
0,00000057,false,Rx,0,8,00,00,FE,FF,FE,FF,00,00,
993000,00000625,false,Rx,0,8,25,00,59,86,01,54,5C,06,
56000,0000060D,false,Rx,0,8,0D,10,83,B6,09,20,70,00,
93000,00000625,false,Rx,0,8,25,00,59,86,01,54,5C,06,
103000,000002C4,false,Rx,0,8,03,00,00,00,69,02,00,00,
104000,000002C5,false,Rx,0,8,00,00,00,00,00,00,00,00,
104000,000002C6,false,Rx,0,8,32,00,7C,01,00,00,00,00,
156000,0000060D,false,Rx,0,8,0D,10,83,B6,09,20,70,00,
166000,00000054,false,Rx,0,8,00,00,FE,FF,73,02,00,00,
166000,00000055,false,Rx,0,8,10,27,00,00,00,00,00,00,
166000,00000056,false,Rx,0,8,10,27,00,00,00,00,00,00,
166000,00000057,false,Rx,0,8,00,00,FE,FF,FE,FF,00,00,
193000,00000625,false,Rx,0,8,25,00,59,86,01,54,5C,06,
256000,0000060D,false,Rx,0,8,0D,10,83,B6,09,20,70,00,
293000,00000625,false,Rx,0,8,25,00,59,86,01,54,5C,06,
324000,000002C4,false,Rx,0,8,03,00,00,00,69,02,00,00,
324000,000002C5,false,Rx,0,8,00,00,00,00,00,00,00,00,
325000,000002C6,false,Rx,0,8,32,00,7C,01,00,00,00,00,
356000,0000060D,false,Rx,0,8,0D,10,83,B6,09,20,70,00,
366000,00000054,false,Rx,0,8,00,00,FE,FF,73,02,00,00,
366000,00000055,false,Rx,0,8,10,27,00,00,00,00,00,00,
366000,00000056,false,Rx,0,8,10,27,00,00,00,00,00,00,
366000,00000057,false,Rx,0,8,00,00,FE,FF,FE,FF,00,00,
393000,00000625,false,Rx,0,8,25,00,59,86,01,54,5C,06,
456000,0000060D,false,Rx,0,8,0D,10,83,B6,09,20,70,00,
494000,00000625,false,Rx,0,8,25,00,59,86,01,54,5C,06,
0,000002C4,false,Rx,0,8,03,00,00,00,69,02,00,00,
0,000002C5,false,Rx,0,8,00,00,00,00,00,00,00,00,
545000,000002C6,false,Rx,0,8,32,00,7C,01,00,00,00,00,
557000,0000060D,false,Rx,0,8,0D,10,83,B6,09,20,70,00,
566000,00000054,false,Rx,0,8,00,00,FE,FF,73,02,00,00,
566000,00000055,false,Rx,0,8,10,27,00,00,00,00,00,00,
566000,00000056,false,Rx,0,8,10,27,00,00,00,00,00,00,
566000,00000057,false,Rx,0,8,00,00,FE,FF,FE,FF,00,00,
593000,00000625,false,Rx,0,8,25,00,59,86,01,54,5C,06,
656000,0000060D,false,Rx,0,8,0D,10,83,B6,09,20,70,00,
693000,00000625,false,Rx,0,8,25,00,59,86,01,54,5C,06,
756000,0000060D,false,Rx,0,8,0D,10,83,B6,09,20,70,00,
764000,000002C4,false,Rx,0,8,03,00,00,00,69,02,00,00,
0,000002C5,false,Rx,0,8,00,00,00,00,00,00,00,00,
0,000002C6,false,Rx,0,8,32,00,7C,01,00,00,00,00,
766000,00000054,false,Rx,0,8,00,00,FE,FF,73,02,00,00,
0,00000055,false,Rx,0,8,10,27,00,00,00,00,00,00,
0,00000056,false,Rx,0,8,10,27,00,00,00,00,00,00,
766000,00000057,false,Rx,0,8,00,00,FE,FF,FE,FF,00,00,
793000,00000625,false,Rx,0,8,25,00,59,86,01,54,5C,06,
856000,0000060D,false,Rx,0,8,0D,10,83,B6,09,20,70,00,
893000,00000625,false,Rx,0,8,25,00,59,86,01,54,5C,06,
956000,0000060D,false,Rx,0,8,0D,10,83,B6,09,20,70,00,
0,00000054,false,Rx,0,8,00,00,FE,FF,73,02,00,00,
0,00000055,false,Rx,0,8,10,27,00,00,00,00,00,00,
966000,00000056,false,Rx,0,8,10,27,00,00,00,00,00,00,
967000,00000057,false,Rx,0,8,00,00,FE,FF,FE,FF,00,00,
984000,000002C4,false,Rx,0,8,03,00,00,00,69,02,00,00,
985000,000002C5,false,Rx,0,8,00,00,00,00,00,00,00,00,
985000,000002C6,false,Rx,0,8,32,00,7C,01,00,00,00,00,
993000,00000625,false,Rx,0,8,25,00,59,86,01,54,5C,06,
57000,0000060D,false,Rx,0,8,0D,10,83,B6,09,20,70,00,
93000,00000625,false,Rx,0,8,25,00,59,86,01,54,5C,06,
156000,0000060D,false,Rx,0,8,0D,10,83,B6,09,20,70,00,
0,00000054,false,Rx,0,8,00,00,FE,FF,73,02,00,00,
0,00000055,false,Rx,0,8,10,27,00,00,00,00,00,00,
166000,00000056,false,Rx,0,8,10,27,00,00,00,00,00,00,
168000,00000057,false,Rx,0,8,00,00,FE,FF,FE,FF,00,00,
193000,00000625,false,Rx,0,8,25,00,59,86,01,54,5C,06,
205000,000002C4,false,Rx,0,8,03,00,00,00,69,02,00,00,
205000,000002C5,false,Rx,0,8,00,00,00,00,00,00,00,00,
205000,000002C6,false,Rx,0,8,32,00,7C,01,00,00,00,00,
256000,0000060D,false,Rx,0,8,0D,10,83,B6,09,20,70,00,
293000,00000625,false,Rx,0,8,25,00,59,86,01,54,5C,06,
356000,0000060D,false,Rx,0,8,0D,10,83,B6,09,20,70,00,
365000,00000054,false,Rx,0,8,00,00,FE,FF,73,02,00,00,
365000,00000055,false,Rx,0,8,10,27,00,00,00,00,00,00,
366000,00000056,false,Rx,0,8,10,27,00,00,00,00,00,00,
366000,00000057,false,Rx,0,8,00,00,FE,FF,FE,FF,00,00,
393000,00000625,false,Rx,0,8,25,00,59,86,01,54,5C,06,
424000,000002C4,false,Rx,0,8,03,00,00,00,69,02,00,00,
424000,000002C5,false,Rx,0,8,00,00,00,00,00,00,00,00,
424000,000002C6,false,Rx,0,8,32,00,7C,01,00,00,00,00,
456000,0000060D,false,Rx,0,8,0D,10,83,B6,09,20,70,00,
493000,00000625,false,Rx,0,8,25,00,59,86,01,54,5C,06,
556000,0000060D,false,Rx,0,8,0D,10,83,B6,09,20,70,00,
566000,00000054,false,Rx,0,8,00,00,FE,FF,73,02,00,00,
566000,00000055,false,Rx,0,8,10,27,00,00,00,00,00,00,
0,00000056,false,Rx,0,8,10,27,00,00,00,00,00,00,
0,00000057,false,Rx,0,8,00,00,FE,FF,FE,FF,00,00,
593000,00000625,false,Rx,0,8,25,00,59,86,01,54,5C,06,
644000,000002C4,false,Rx,0,8,03,00,00,00,69,02,00,00,
644000,000002C5,false,Rx,0,8,00,00,00,00,00,00,00,00,
645000,000002C6,false,Rx,0,8,32,00,7C,01,00,00,00,00,
656000,0000060D,false,Rx,0,8,0D,10,83,B6,09,20,70,00,
693000,00000625,false,Rx,0,8,25,00,59,86,01,54,5C,06,
756000,0000060D,false,Rx,0,8,0D,10,83,B6,09,20,70,00,
0,00000054,false,Rx,0,8,00,00,FE,FF,73,02,00,00,
0,00000055,false,Rx,0,8,10,27,00,00,00,00,00,00,
766000,00000056,false,Rx,0,8,10,27,00,00,00,00,00,00,
767000,00000057,false,Rx,0,8,00,00,FE,FF,FE,FF,00,00,
793000,00000625,false,Rx,0,8,25,00,59,86,01,54,5C,06,
857000,0000060D,false,Rx,0,8,0D,10,83,B6,09,20,70,00,
0,000002C4,false,Rx,0,8,03,00,00,00,69,02,00,00,
0,000002C5,false,Rx,0,8,00,00,00,00,00,00,00,00,
865000,000002C6,false,Rx,0,8,32,00,7C,01,00,00,00,00,
893000,00000625,false,Rx,0,8,25,00,59,86,01,54,5C,06,
956000,0000060D,false,Rx,0,8,0D,10,83,B6,09,20,70,00,
0,00000054,false,Rx,0,8,00,00,FE,FF,73,02,00,00,
0,00000055,false,Rx,0,8,10,27,00,00,00,00,00,00,
967000,00000056,false,Rx,0,8,10,27,00,00,00,00,00,00,
967000,00000057,false,Rx,0,8,00,00,FE,FF,FE,FF,00,00,
993000,00000625,false,Rx,0,8,25,00,59,86,01,54,5C,06,
56000,0000060D,false,Rx,0,8,0D,10,83,B6,09,20,70,00,
84000,000002C4,false,Rx,0,8,03,00,00,00,69,02,00,00,
84000,000002C5,false,Rx,0,8,00,00,00,00,00,00,00,00,
84000,000002C6,false,Rx,0,8,32,00,7C,01,00,00,00,00,
93000,00000625,false,Rx,0,8,25,00,59,86,01,54,5C,06,
156000,0000060D,false,Rx,0,8,0D,10,83,B6,09,20,70,00,
166000,00000054,false,Rx,0,8,00,00,FE,FF,73,02,00,00,
166000,00000055,false,Rx,0,8,10,27,00,00,00,00,00,00,
0,00000056,false,Rx,0,8,10,27,00,00,00,00,00,00,
0,00000057,false,Rx,0,8,00,00,FE,FF,FE,FF,00,00,
193000,00000625,false,Rx,0,8,25,00,59,86,01,54,5C,06,
256000,0000060D,false,Rx,0,8,0D,10,83,B6,09,20,70,00,
292000,00000625,false,Rx,0,8,25,00,59,86,01,54,5C,06,
0,000002C4,false,Rx,0,8,03,00,00,00,6A,02,00,00,
0,000002C5,false,Rx,0,8,00,00,00,00,00,00,00,00,
305000,000002C6,false,Rx,0,8,32,00,7C,01,00,00,00,00,
356000,0000060D,false,Rx,0,8,0D,10,83,B6,09,20,70,00,
365000,00000054,false,Rx,0,8,00,00,FE,FF,73,02,00,00,
366000,00000055,false,Rx,0,8,10,27,00,00,00,00,00,00,
366000,00000056,false,Rx,0,8,10,27,00,00,00,00,00,00,
366000,00000057,false,Rx,0,8,00,00,FE,FF,FE,FF,00,00,
392000,00000625,false,Rx,0,8,25,00,59,86,01,54,5C,06,
456000,0000060D,false,Rx,0,8,0D,10,83,B6,09,20,70,00,
493000,00000625,false,Rx,0,8,25,00,59,86,01,54,5C,06,
0,000002C4,false,Rx,0,8,03,00,00,00,6A,02,00,00,
0,000002C5,false,Rx,0,8,00,00,00,00,00,00,00,00,
524000,000002C6,false,Rx,0,8,32,00,7C,01,00,00,00,00,
556000,0000060D,false,Rx,0,8,0D,10,83,B6,09,20,70,00,
565000,00000054,false,Rx,0,8,00,00,FE,FF,73,02,00,00,
566000,00000055,false,Rx,0,8,10,27,00,00,00,00,00,00,
566000,00000056,false,Rx,0,8,10,27,00,00,00,00,00,00,
566000,00000057,false,Rx,0,8,00,00,FE,FF,FE,FF,00,00,
593000,00000625,false,Rx,0,8,25,00,59,86,01,54,5C,06,
656000,0000060D,false,Rx,0,8,0D,10,83,B6,09,20,70,00,
693000,00000625,false,Rx,0,8,25,00,59,86,01,54,5C,06,
744000,000002C4,false,Rx,0,8,03,00,00,00,6A,02,00,00,
745000,000002C5,false,Rx,0,8,00,00,00,00,00,00,00,00,
745000,000002C6,false,Rx,0,8,32,00,7C,01,00,00,00,00,
756000,0000060D,false,Rx,0,8,0D,10,83,B6,09,20,70,00,
766000,00000054,false,Rx,0,8,00,00,FE,FF,73,02,00,00,
766000,00000055,false,Rx,0,8,10,27,00,00,00,00,00,00,
766000,00000056,false,Rx,0,8,10,27,00,00,00,00,00,00,
767000,00000057,false,Rx,0,8,00,00,FE,FF,FE,FF,00,00,
793000,00000625,false,Rx,0,8,25,00,59,86,01,54,5C,06,
893000,00000625,false,Rx,0,8,25,00,59,86,01,54,5C,06,
965000,000002C4,false,Rx,0,8,03,00,00,00,6A,02,00,00,
965000,000002C5,false,Rx,0,8,00,00,00,00,00,00,00,00,
965000,000002C6,false,Rx,0,8,32,00,7C,01,00,00,00,00,
966000,00000054,false,Rx,0,8,00,00,FE,FF,73,02,00,00,
966000,00000055,false,Rx,0,8,10,27,00,00,00,00,00,00,
966000,00000056,false,Rx,0,8,10,27,00,00,00,00,00,00,
967000,00000057,false,Rx,0,8,00,00,FE,FF,FE,FF,00,00,
993000,00000625,false,Rx,0,8,25,00,59,86,01,54,5C,06,
93000,00000625,false,Rx,0,8,25,00,59,86,01,54,5C,06,
166000,00000054,false,Rx,0,8,00,00,FE,FF,73,02,00,00,
166000,00000055,false,Rx,0,8,10,27,00,00,00,00,00,00,
166000,00000056,false,Rx,0,8,10,27,00,00,00,00,00,00,
166000,00000057,false,Rx,0,8,00,00,FE,FF,FE,FF,00,00,
184000,000002C4,false,Rx,0,8,03,00,00,00,6A,02,00,00,
184000,000002C5,false,Rx,0,8,00,00,00,00,00,00,00,00,
185000,000002C6,false,Rx,0,8,32,00,7C,01,00,00,00,00,
193000,00000625,false,Rx,0,8,25,00,59,86,01,54,5C,06,
293000,00000625,false,Rx,0,8,25,00,59,86,01,54,5C,06,
365000,00000054,false,Rx,0,8,00,00,FE,FF,73,02,00,00,
366000,00000055,false,Rx,0,8,10,27,00,00,00,00,00,00,
366000,00000056,false,Rx,0,8,10,27,00,00,00,00,00,00,
366000,00000057,false,Rx,0,8,00,00,FE,FF,FE,FF,00,00,
393000,00000625,false,Rx,0,8,25,00,59,86,01,54,5C,06,
404000,000002C4,false,Rx,0,8,03,00,00,00,6A,02,00,00,
404000,000002C5,false,Rx,0,8,00,00,00,00,00,00,00,00,
404000,000002C6,false,Rx,0,8,32,00,7C,01,00,00,00,00,
493000,00000625,false,Rx,0,8,25,00,59,86,01,54,5C,06,
0,00000054,false,Rx,0,8,00,00,FE,FF,73,02,00,00,
0,00000055,false,Rx,0,8,10,27,00,00,00,00,00,00,
0,00000056,false,Rx,0,8,10,27,00,00,00,00,00,00,
0,00000057,false,Rx,0,8,00,00,FE,FF,FE,FF,00,00,
593000,00000625,false,Rx,0,8,25,00,59,86,01,54,5C,06,
624000,000002C4,false,Rx,0,8,03,00,00,00,6A,02,00,00,
624000,000002C5,false,Rx,0,8,00,00,00,00,00,00,00,00,
625000,000002C6,false,Rx,0,8,32,00,7C,01,00,00,00,00,
693000,00000625,false,Rx,0,8,25,00,59,86,01,54,5C,06,
766000,00000054,false,Rx,0,8,00,00,FE,FF,73,02,00,00,
766000,00000055,false,Rx,0,8,10,27,00,00,00,00,00,00,
766000,00000056,false,Rx,0,8,10,27,00,00,00,00,00,00,
767000,00000057,false,Rx,0,8,00,00,FE,FF,FE,FF,00,00,
792000,00000625,false,Rx,0,8,25,00,59,86,01,54,5C,06,
0,000002C4,false,Rx,0,8,03,00,00,00,6A,02,00,00,
0,000002C5,false,Rx,0,8,00,00,00,00,00,00,00,00,
845000,000002C6,false,Rx,0,8,32,00,7C,01,00,00,00,00,
893000,00000625,false,Rx,0,8,25,00,59,86,01,54,5C,06,
965000,00000054,false,Rx,0,8,00,00,FE,FF,73,02,00,00,
0,00000055,false,Rx,0,8,10,27,00,00,00,00,00,00,
0,00000056,false,Rx,0,8,10,27,00,00,00,00,00,00,
0,00000057,false,Rx,0,8,00,00,FE,FF,FE,FF,00,00,
993000,00000625,false,Rx,0,8,25,00,59,86,01,54,5C,06,
64000,000002C4,false,Rx,0,8,03,00,00,00,6A,02,00,00,
64000,000002C5,false,Rx,0,8,00,00,00,00,00,00,00,00,
65000,000002C6,false,Rx,0,8,32,00,7C,01,00,00,00,00,
93000,00000625,false,Rx,0,8,25,00,59,86,01,54,5C,06,
0,00000054,false,Rx,0,8,00,00,FE,FF,73,02,00,00,
0,00000055,false,Rx,0,8,10,27,00,00,00,00,00,00,
0,00000056,false,Rx,0,8,10,27,00,00,00,00,00,00,
0,00000057,false,Rx,0,8,00,00,FE,FF,FE,FF,00,00,
193000,00000625,false,Rx,0,8,25,00,59,86,01,54,5C,06,
284000,000002C4,false,Rx,0,8,03,00,00,00,6A,02,00,00,
284000,000002C5,false,Rx,0,8,00,00,00,00,00,00,00,00,
285000,000002C6,false,Rx,0,8,32,00,7C,01,00,00,00,00,
293000,00000625,false,Rx,0,8,25,00,59,86,01,54,5C,06,
0,00000054,false,Rx,0,8,00,00,FE,FF,73,02,00,00,
0,00000055,false,Rx,0,8,10,27,00,00,00,00,00,00,
366000,00000056,false,Rx,0,8,10,27,00,00,00,00,00,00,
366000,00000057,false,Rx,0,8,00,00,FE,FF,FE,FF,00,00,
393000,00000625,false,Rx,0,8,25,00,59,86,01,54,5C,06,
493000,00000625,false,Rx,0,8,25,00,59,86,01,54,5C,06,
504000,000002C4,false,Rx,0,8,03,00,00,00,6A,02,00,00,
504000,000002C5,false,Rx,0,8,00,00,00,00,00,00,00,00,
504000,000002C6,false,Rx,0,8,32,00,7C,01,00,00,00,00,
566000,00000054,false,Rx,0,8,00,00,FE,FF,73,02,00,00,
566000,00000055,false,Rx,0,8,10,27,00,00,00,00,00,00,
567000,00000056,false,Rx,0,8,10,27,00,00,00,00,00,00,
567000,00000057,false,Rx,0,8,00,00,FE,FF,FE,FF,00,00,
593000,00000625,false,Rx,0,8,25,00,59,86,01,54,5C,06,
693000,00000625,false,Rx,0,8,25,00,59,86,01,54,5C,06,
724000,000002C4,false,Rx,0,8,03,00,00,00,6A,02,00,00,
725000,000002C5,false,Rx,0,8,00,00,00,00,00,00,00,00,
725000,000002C6,false,Rx,0,8,32,00,7C,01,00,00,00,00,
766000,00000054,false,Rx,0,8,00,00,FE,FF,73,02,00,00,
766000,00000055,false,Rx,0,8,10,27,00,00,00,00,00,00,
766000,00000056,false,Rx,0,8,10,27,00,00,00,00,00,00,
767000,00000057,false,Rx,0,8,00,00,FE,FF,FE,FF,00,00,
792000,00000625,false,Rx,0,8,25,00,59,86,01,54,5C,06,
893000,00000625,false,Rx,0,8,25,00,59,86,01,54,5C,06,
945000,000002C4,false,Rx,0,8,03,00,00,00,6A,02,00,00,
945000,000002C5,false,Rx,0,8,00,00,00,00,00,00,00,00,
945000,000002C6,false,Rx,0,8,32,00,7C,01,00,00,00,00,
966000,00000054,false,Rx,0,8,00,00,FE,FF,73,02,00,00,
966000,00000055,false,Rx,0,8,10,27,00,00,00,00,00,00,
966000,00000056,false,Rx,0,8,10,27,00,00,00,00,00,00,
966000,00000057,false,Rx,0,8,00,00,FE,FF,FE,FF,00,00,
994000,00000625,false,Rx,0,8,25,00,59,86,01,54,5C,06,
93000,00000625,false,Rx,0,8,25,00,59,86,01,54,5C,06,
0,000002C4,false,Rx,0,8,03,00,00,00,6A,02,00,00,
0,000002C5,false,Rx,0,8,00,00,00,00,00,00,00,00,
0,000002C6,false,Rx,0,8,32,00,7C,01,00,00,00,00,
0,00000054,false,Rx,0,8,00,00,FE,FF,73,02,00,00,
0,00000055,false,Rx,0,8,10,27,00,00,00,00,00,00,
0,00000056,false,Rx,0,8,10,27,00,00,00,00,00,00,
0,00000057,false,Rx,0,8,00,00,FE,FF,FE,FF,00,00,
193000,00000625,false,Rx,0,8,25,00,59,86,01,54,5C,06,
293000,00000625,false,Rx,0,8,25,00,59,86,01,54,5C,06,
366000,00000054,false,Rx,0,8,00,00,FE,FF,73,02,00,00,
366000,00000055,false,Rx,0,8,10,27,00,00,00,00,00,00,
366000,00000056,false,Rx,0,8,10,27,00,00,00,00,00,00,
367000,00000057,false,Rx,0,8,00,00,FE,FF,FE,FF,00,00,
0,000002C4,false,Rx,0,8,03,00,00,00,6A,02,00,00,
0,000002C5,false,Rx,0,8,00,00,00,00,00,00,00,00,
385000,000002C6,false,Rx,0,8,32,00,7C,01,00,00,00,00,
392000,00000625,false,Rx,0,8,25,00,59,86,01,54,5C,06,
493000,00000625,false,Rx,0,8,25,00,59,86,01,54,5C,06,
565000,00000054,false,Rx,0,8,00,00,FE,FF,73,02,00,00,
566000,00000055,false,Rx,0,8,10,27,00,00,00,00,00,00,
566000,00000056,false,Rx,0,8,10,27,00,00,00,00,00,00,
567000,00000057,false,Rx,0,8,00,00,FE,FF,FE,FF,00,00,
593000,00000625,false,Rx,0,8,25,00,59,86,01,54,5C,06,
605000,000002C4,false,Rx,0,8,03,00,00,00,6A,02,00,00,
605000,000002C5,false,Rx,0,8,00,00,00,00,00,00,00,00,
605000,000002C6,false,Rx,0,8,32,00,7C,01,00,00,00,00,
693000,00000625,false,Rx,0,8,25,00,59,86,01,54,5C,06,
766000,00000054,false,Rx,0,8,00,00,FE,FF,73,02,00,00,
766000,00000055,false,Rx,0,8,10,27,00,00,00,00,00,00,
766000,00000056,false,Rx,0,8,10,27,00,00,00,00,00,00,
767000,00000057,false,Rx,0,8,00,00,FE,FF,FE,FF,00,00,
793000,00000625,false,Rx,0,8,25,00,59,86,01,54,5C,06,
824000,000002C4,false,Rx,0,8,03,00,00,00,6A,02,00,00,
824000,000002C5,false,Rx,0,8,00,00,00,00,00,00,00,00,
825000,000002C6,false,Rx,0,8,32,00,7C,01,00,00,00,00,
892000,00000625,false,Rx,0,8,25,00,59,86,01,54,5C,06,
966000,00000054,false,Rx,0,8,00,00,FE,FF,73,02,00,00,
0,00000055,false,Rx,0,8,10,27,00,00,00,00,00,00,
0,00000056,false,Rx,0,8,10,27,00,00,00,00,00,00,
966000,00000057,false,Rx,0,8,00,00,FE,FF,FE,FF,00,00,
993000,00000625,false,Rx,0,8,25,00,59,86,01,54,5C,06,
44000,000002C4,false,Rx,0,8,03,00,00,00,6A,02,00,00,
44000,000002C5,false,Rx,0,8,00,00,00,00,00,00,00,00,
44000,000002C6,false,Rx,0,8,32,00,7C,01,00,00,00,00,
93000,00000625,false,Rx,0,8,25,00,59,86,01,54,5C,06,
166000,00000054,false,Rx,0,8,00,00,FE,FF,73,02,00,00,
166000,00000055,false,Rx,0,8,10,27,00,00,00,00,00,00,
166000,00000056,false,Rx,0,8,10,27,00,00,00,00,00,00,
167000,00000057,false,Rx,0,8,00,00,FE,FF,FE,FF,00,00,
193000,00000625,false,Rx,0,8,25,00,59,86,01,54,5C,06,
0,000002C4,false,Rx,0,8,03,00,00,00,6A,02,00,00,
0,000002C5,false,Rx,0,8,00,00,00,00,00,00,00,00,
265000,000002C6,false,Rx,0,8,32,00,7C,01,00,00,00,00,
293000,00000625,false,Rx,0,8,25,00,59,86,01,54,5C,06,
366000,00000054,false,Rx,0,8,00,00,FE,FF,73,02,00,00,
366000,00000055,false,Rx,0,8,10,27,00,00,00,00,00,00,
366000,00000056,false,Rx,0,8,10,27,00,00,00,00,00,00,
367000,00000057,false,Rx,0,8,00,00,FE,FF,FE,FF,00,00,
393000,00000625,false,Rx,0,8,25,00,59,86,01,54,5C,06,
484000,000002C4,false,Rx,0,8,03,00,00,00,6A,02,00,00,
485000,000002C5,false,Rx,0,8,00,00,00,00,00,00,00,00,
485000,000002C6,false,Rx,0,8,32,00,7C,01,00,00,00,00,
494000,00000625,false,Rx,0,8,25,00,59,86,01,54,5C,06,
565000,00000054,false,Rx,0,8,00,00,FE,FF,73,02,00,00,
566000,00000055,false,Rx,0,8,10,27,00,00,00,00,00,00,
566000,00000056,false,Rx,0,8,10,27,00,00,00,00,00,00,
566000,00000057,false,Rx,0,8,00,00,FE,FF,FE,FF,00,00,
593000,00000625,false,Rx,0,8,25,00,59,86,01,54,5C,06,
693000,00000625,false,Rx,0,8,25,00,59,86,01,54,5C,06,
0,000002C4,false,Rx,0,8,03,00,00,00,6A,02,00,00,
0,000002C5,false,Rx,0,8,00,00,00,00,00,00,00,00,
705000,000002C6,false,Rx,0,8,32,00,7C,01,00,00,00,00,
765000,00000054,false,Rx,0,8,00,00,FE,FF,73,02,00,00,
765000,00000055,false,Rx,0,8,10,27,00,00,00,00,00,00,
766000,00000056,false,Rx,0,8,10,27,00,00,00,00,00,00,
766000,00000057,false,Rx,0,8,00,00,FE,FF,FE,FF,00,00,
793000,00000625,false,Rx,0,8,25,00,59,86,01,54,5C,06,
893000,00000625,false,Rx,0,8,25,00,59,86,01,54,5C,06,
924000,000002C4,false,Rx,0,8,03,00,00,00,6A,02,00,00,
924000,000002C5,false,Rx,0,8,00,00,00,00,00,00,00,00,
925000,000002C6,false,Rx,0,8,32,00,7C,01,00,00,00,00,
965000,00000054,false,Rx,0,8,00,00,FE,FF,73,02,00,00,
965000,00000055,false,Rx,0,8,10,27,00,00,00,00,00,00,
966000,00000056,false,Rx,0,8,10,27,00,00,00,00,00,00,
966000,00000057,false,Rx,0,8,00,00,FE,FF,FE,FF,00,00,
993000,00000625,false,Rx,0,8,25,00,59,86,01,54,5C,06,
93000,00000625,false,Rx,0,8,25,00,59,86,01,54,5C,06,
0,000002C4,false,Rx,0,8,03,00,00,00,6A,02,00,00,
0,000002C5,false,Rx,0,8,00,00,00,00,00,00,00,00,
145000,000002C6,false,Rx,0,8,32,00,7C,01,00,00,00,00,
0,00000054,false,Rx,0,8,00,00,FE,FF,73,02,00,00,
0,00000055,false,Rx,0,8,10,27,00,00,00,00,00,00,
0,00000056,false,Rx,0,8,10,27,00,00,00,00,00,00,
167000,00000057,false,Rx,0,8,00,00,FE,FF,FE,FF,00,00,
193000,00000625,false,Rx,0,8,25,00,59,86,01,54,5C,06,
364000,000002C4,false,Rx,0,8,03,00,00,00,6A,02,00,00,
364000,000002C5,false,Rx,0,8,00,00,00,00,00,00,00,00,
364000,000002C6,false,Rx,0,8,32,00,7C,01,00,00,00,00,
365000,00000054,false,Rx,0,8,00,00,FE,FF,73,02,00,00,
366000,00000055,false,Rx,0,8,10,27,00,00,00,00,00,00,
0,00000056,false,Rx,0,8,10,27,00,00,00,00,00,00,
0,00000057,false,Rx,0,8,00,00,FE,FF,FE,FF,00,00,
566000,00000054,false,Rx,0,8,00,00,FE,FF,73,02,00,00,
566000,00000055,false,Rx,0,8,10,27,00,00,00,00,00,00,
566000,00000056,false,Rx,0,8,10,27,00,00,00,00,00,00,
566000,00000057,false,Rx,0,8,00,00,FE,FF,FE,FF,00,00,
0,000002C4,false,Rx,0,8,03,00,00,00,6A,02,00,00,
0,000002C5,false,Rx,0,8,00,00,00,00,00,00,00,00,
585000,000002C6,false,Rx,0,8,32,00,7C,01,00,00,00,00,
765000,00000054,false,Rx,0,8,00,00,FE,FF,73,02,00,00,
765000,00000055,false,Rx,0,8,10,27,00,00,00,00,00,00,
766000,00000056,false,Rx,0,8,10,27,00,00,00,00,00,00,
766000,00000057,false,Rx,0,8,00,00,FE,FF,FE,FF,00,00,
804000,000002C4,false,Rx,0,8,03,00,00,00,6A,02,00,00,
0,000002C5,false,Rx,0,8,00,00,00,00,00,00,00,00,
0,000002C6,false,Rx,0,8,32,00,7C,01,00,00,00,00,
965000,00000054,false,Rx,0,8,00,00,FE,FF,73,02,00,00,
966000,00000055,false,Rx,0,8,10,27,00,00,00,00,00,00,
966000,00000056,false,Rx,0,8,10,27,00,00,00,00,00,00,
966000,00000057,false,Rx,0,8,00,00,FE,FF,FE,FF,00,00,
0,000002C4,false,Rx,0,8,03,00,00,00,6A,02,00,00,
0,000002C5,false,Rx,0,8,00,00,00,00,00,00,00,00,
25000,000002C6,false,Rx,0,8,32,00,7C,01,00,00,00,00,
0,00000054,false,Rx,0,8,00,00,FE,FF,73,02,00,00,
0,00000055,false,Rx,0,8,10,27,00,00,00,00,00,00,
167000,00000056,false,Rx,0,8,10,27,00,00,00,00,00,00,
167000,00000057,false,Rx,0,8,00,00,FE,FF,FE,FF,00,00,
306000,0000060D,false,Rx,0,8,0D,10,83,B6,09,20,70,00,
317000,00000054,false,Rx,0,8,00,00,FE,FF,73,02,00,00,
317000,00000055,false,Rx,0,8,10,27,00,00,00,00,00,00,
317000,00000056,false,Rx,0,8,10,27,00,00,00,00,00,00,
317000,00000057,false,Rx,0,8,00,00,FE,FF,FE,FF,00,00,
406000,0000060D,false,Rx,0,8,0D,10,83,B6,09,20,70,00,
505000,0000060D,false,Rx,0,8,0D,10,83,B6,09,20,70,00,
516000,00000054,false,Rx,0,8,00,00,FE,FF,73,02,00,00,
516000,00000055,false,Rx,0,8,10,27,00,00,00,00,00,00,
516000,00000056,false,Rx,0,8,10,27,00,00,00,00,00,00,
516000,00000057,false,Rx,0,8,00,00,FE,FF,FE,FF,00,00,
543000,00000625,false,Rx,0,8,25,00,58,86,01,54,5C,06,
554000,000002C4,false,Rx,0,8,02,00,00,00,68,02,00,00,
555000,000002C5,false,Rx,0,8,00,00,00,00,00,00,00,00,
555000,000002C6,false,Rx,0,8,32,00,7C,01,00,00,00,00,
606000,0000060D,false,Rx,0,8,0D,10,83,B6,09,20,70,00,
644000,00000625,false,Rx,0,8,25,00,58,86,01,54,5C,06,
706000,0000060D,false,Rx,0,8,0D,10,83,B6,09,20,70,00,
716000,00000054,false,Rx,0,8,01,05,00,01,73,02,00,00,
716000,00000055,false,Rx,0,8,10,27,00,00,00,00,00,00,
716000,00000056,false,Rx,0,8,10,27,00,00,00,00,00,00,
717000,00000057,false,Rx,0,8,00,00,FE,FF,FE,FF,00,00,
743000,00000625,false,Rx,0,8,25,00,59,86,01,54,5C,06,
0,000002C4,false,Rx,0,8,02,00,00,00,68,02,00,00,
0,000002C5,false,Rx,0,8,00,00,00,00,00,00,00,00,
775000,000002C6,false,Rx,0,8,32,00,7C,01,00,00,00,00,
806000,0000060D,false,Rx,0,8,0D,10,83,B6,09,20,70,00,
843000,00000625,false,Rx,0,8,25,00,59,86,01,54,5C,06,
906000,0000060D,false,Rx,0,8,0D,10,83,B6,09,20,70,00,
0,00000054,false,Rx,0,8,01,05,00,01,73,02,00,00,
0,00000055,false,Rx,0,8,10,27,00,00,00,00,00,00,
0,00000056,false,Rx,0,8,10,27,00,00,00,00,00,00,
0,00000057,false,Rx,0,8,00,00,FE,FF,FE,FF,00,00,
943000,00000625,false,Rx,0,8,25,00,59,86,01,54,5C,06,
994000,000002C4,false,Rx,0,8,08,00,00,00,73,02,00,00,
994000,000002C5,false,Rx,0,8,00,00,00,00,00,00,00,00,
995000,000002C6,false,Rx,0,8,32,00,7C,01,00,00,00,00,
6000,0000060D,false,Rx,0,8,0D,10,83,B6,09,20,70,00,
43000,00000625,false,Rx,0,8,25,00,59,86,01,54,5C,06,
106000,0000060D,false,Rx,0,8,0D,10,83,B6,09,20,70,00,
0,00000054,false,Rx,0,8,01,05,00,01,73,02,00,00,
0,00000055,false,Rx,0,8,10,27,00,00,00,00,00,00,
116000,00000056,false,Rx,0,8,10,27,00,00,00,00,00,00,
117000,00000057,false,Rx,0,8,00,00,FE,FF,FE,FF,00,00,
143000,00000625,false,Rx,0,8,25,00,59,86,01,54,5C,06,
206000,0000060D,false,Rx,0,8,0D,10,83,B6,09,20,70,00,
214000,000002C4,false,Rx,0,8,08,00,00,00,73,02,00,00,
214000,000002C5,false,Rx,0,8,00,00,00,00,00,00,00,00,
214000,000002C6,false,Rx,0,8,32,00,7C,01,00,00,00,00,
243000,00000625,false,Rx,0,8,25,00,59,86,01,54,5C,06,
306000,0000060D,false,Rx,0,8,0D,10,83,B6,09,20,70,00,
316000,00000054,false,Rx,0,8,01,05,00,01,73,02,00,00,
316000,00000055,false,Rx,0,8,10,27,00,00,00,00,00,00,
316000,00000056,false,Rx,0,8,10,27,00,00,00,00,00,00,
316000,00000057,false,Rx,0,8,00,00,FE,FF,FE,FF,00,00,
343000,00000625,false,Rx,0,8,25,00,59,86,01,54,5C,06,
406000,0000060D,false,Rx,0,8,0D,10,83,B6,09,20,70,00,
434000,000002C4,false,Rx,0,8,09,00,00,00,73,02,00,00,
434000,000002C5,false,Rx,0,8,00,00,00,00,00,00,00,00,
434000,000002C6,false,Rx,0,8,32,00,7C,01,00,00,00,00,
443000,00000625,false,Rx,0,8,25,00,59,86,01,54,5C,06,
506000,0000060D,false,Rx,0,8,0D,10,83,B6,09,20,70,00,
0,00000054,false,Rx,0,8,01,05,00,01,73,02,00,00,
0,00000055,false,Rx,0,8,10,27,00,00,00,00,00,00,
517000,00000056,false,Rx,0,8,10,27,00,00,00,00,00,00,
517000,00000057,false,Rx,0,8,00,00,FE,FF,FE,FF,00,00,
543000,00000625,false,Rx,0,8,25,00,59,86,01,54,5C,06,
606000,0000060D,false,Rx,0,8,0D,10,83,B6,09,20,70,00,
644000,00000625,false,Rx,0,8,25,00,59,86,01,54,5C,06,
0,000002C4,false,Rx,0,8,09,00,00,00,73,02,00,00,
0,000002C5,false,Rx,0,8,00,00,00,00,00,00,00,00,
655000,000002C6,false,Rx,0,8,32,00,7C,01,00,00,00,00,
707000,0000060D,false,Rx,0,8,0D,10,83,B6,09,20,70,00,
0,00000054,false,Rx,0,8,01,05,00,01,73,02,00,00,
0,00000055,false,Rx,0,8,10,27,00,00,00,00,00,00,
717000,00000056,false,Rx,0,8,10,27,00,00,00,00,00,00,
717000,00000057,false,Rx,0,8,00,00,FE,FF,FE,FF,00,00,
744000,00000625,false,Rx,0,8,25,00,59,86,01,54,5C,06,
806000,0000060D,false,Rx,0,8,0D,10,83,B6,09,20,70,00,
843000,00000625,false,Rx,0,8,25,00,59,86,01,54,5C,06,
0,000002C4,false,Rx,0,8,09,00,00,00,73,02,00,00,
0,000002C5,false,Rx,0,8,00,00,00,00,00,00,00,00,
875000,000002C6,false,Rx,0,8,32,00,7C,01,00,00,00,00,
906000,0000060D,false,Rx,0,8,0D,10,83,B6,09,20,70,00,
916000,00000054,false,Rx,0,8,01,05,00,01,73,02,00,00,
916000,00000055,false,Rx,0,8,10,27,00,00,00,00,00,00,
916000,00000056,false,Rx,0,8,10,27,00,00,00,00,00,00,
916000,00000057,false,Rx,0,8,00,00,FE,FF,FE,FF,00,00,
943000,00000625,false,Rx,0,8,25,00,59,86,01,54,5C,06,
6000,0000060D,false,Rx,0,8,0D,10,83,B6,09,20,70,00,
42000,00000625,false,Rx,0,8,25,00,59,86,01,54,5C,06,
94000,000002C4,false,Rx,0,8,09,00,00,00,73,02,00,00,
94000,000002C5,false,Rx,0,8,00,00,00,00,00,00,00,00,
94000,000002C6,false,Rx,0,8,32,00,7C,01,00,00,00,00,
105000,0000060D,false,Rx,0,8,0D,10,83,B6,09,20,70,00,
116000,00000054,false,Rx,0,8,01,05,00,01,73,02,00,00,
116000,00000055,false,Rx,0,8,10,27,00,00,00,00,00,00,
116000,00000056,false,Rx,0,8,10,27,00,00,00,00,00,00,
117000,00000057,false,Rx,0,8,00,00,FE,FF,FE,FF,00,00,
142000,00000625,false,Rx,0,8,25,00,59,86,01,54,5C,06,
206000,0000060D,false,Rx,0,8,0D,10,83,B6,09,20,70,00,
243000,00000625,false,Rx,0,8,25,00,59,86,01,54,5C,06,
306000,0000060D,false,Rx,0,8,0D,10,83,B6,09,20,70,00,
315000,000002C4,false,Rx,0,8,09,00,00,00,73,02,00,00,
315000,000002C5,false,Rx,0,8,00,00,00,00,00,00,00,00,
315000,000002C6,false,Rx,0,8,32,00,7C,01,00,00,00,00,
316000,00000054,false,Rx,0,8,01,05,00,01,73,02,00,00,
316000,00000055,false,Rx,0,8,10,27,00,00,00,00,00,00,
317000,00000056,false,Rx,0,8,10,27,00,00,00,00,00,00,
317000,00000057,false,Rx,0,8,00,00,FE,FF,FE,FF,00,00,
343000,00000625,false,Rx,0,8,25,00,59,86,01,54,5C,06,
406000,0000060D,false,Rx,0,8,0D,10,83,B6,09,20,70,00,
444000,00000625,false,Rx,0,8,25,00,59,86,01,54,5C,06,
505000,0000060D,false,Rx,0,8,0D,10,83,B6,09,20,70,00,
516000,00000054,false,Rx,0,8,01,05,00,01,73,02,00,00,
516000,00000055,false,Rx,0,8,10,27,00,00,00,00,00,00,
516000,00000056,false,Rx,0,8,10,27,00,00,00,00,00,00,
517000,00000057,false,Rx,0,8,00,00,FE,FF,FE,FF,00,00,
534000,000002C4,false,Rx,0,8,09,00,00,00,73,02,00,00,
534000,000002C5,false,Rx,0,8,00,00,00,00,00,00,00,00,
534000,000002C6,false,Rx,0,8,32,00,7C,01,00,00,00,00,
543000,00000625,false,Rx,0,8,25,00,59,86,01,54,5C,06,
606000,0000060D,false,Rx,0,8,0D,10,83,B6,09,20,70,00,
643000,00000625,false,Rx,0,8,25,00,59,86,01,54,5C,06,
706000,0000060D,false,Rx,0,8,0D,10,83,B6,09,20,70,00,
716000,00000054,false,Rx,0,8,01,05,00,01,73,02,00,00,
716000,00000055,false,Rx,0,8,10,27,00,00,00,00,00,00,
716000,00000056,false,Rx,0,8,10,27,00,00,00,00,00,00,
716000,00000057,false,Rx,0,8,00,00,FE,FF,FE,FF,00,00,
743000,00000625,false,Rx,0,8,25,00,59,86,01,54,5C,06,
754000,000002C4,false,Rx,0,8,09,00,00,00,73,02,00,00,
755000,000002C5,false,Rx,0,8,00,00,00,00,00,00,00,00,
755000,000002C6,false,Rx,0,8,32,00,7C,01,00,00,00,00,
806000,0000060D,false,Rx,0,8,0D,10,83,B6,09,20,70,00,
843000,00000625,false,Rx,0,8,25,00,59,86,01,54,5C,06,
906000,0000060D,false,Rx,0,8,0D,10,83,B6,09,20,70,00,
916000,00000054,false,Rx,0,8,01,05,00,01,73,02,00,00,
916000,00000055,false,Rx,0,8,10,27,00,00,00,00,00,00,
0,00000056,false,Rx,0,8,10,27,00,00,00,00,00,00,
0,00000057,false,Rx,0,8,00,00,FE,FF,FE,FF,00,00,
943000,00000625,false,Rx,0,8,25,00,59,86,01,54,5C,06,
974000,000002C4,false,Rx,0,8,09,00,00,00,73,02,00,00,
975000,000002C5,false,Rx,0,8,00,00,00,00,00,00,00,00,
975000,000002C6,false,Rx,0,8,32,00,7C,01,00,00,00,00,
6000,0000060D,false,Rx,0,8,0D,10,83,B6,09,20,70,00,
43000,00000625,false,Rx,0,8,25,00,59,86,01,54,5C,06,
106000,0000060D,false,Rx,0,8,0D,10,83,B6,09,20,70,00,
116000,00000054,false,Rx,0,8,01,05,00,01,73,02,00,00,
116000,00000055,false,Rx,0,8,10,27,00,00,00,00,00,00,
116000,00000056,false,Rx,0,8,10,27,00,00,00,00,00,00,
117000,00000057,false,Rx,0,8,00,00,FE,FF,FE,FF,00,00,
143000,00000625,false,Rx,0,8,25,00,59,86,01,54,5C,06,
194000,000002C4,false,Rx,0,8,09,00,00,00,73,02,00,00,
194000,000002C5,false,Rx,0,8,00,00,00,00,00,00,00,00,
194000,000002C6,false,Rx,0,8,32,00,7C,01,00,00,00,00,
206000,0000060D,false,Rx,0,8,0D,10,83,B6,09,20,70,00,
244000,00000625,false,Rx,0,8,25,00,59,86,01,54,5C,06,
306000,0000060D,false,Rx,0,8,0D,10,83,B6,09,20,70,00,
0,00000054,false,Rx,0,8,01,05,00,01,73,02,00,00,
0,00000055,false,Rx,0,8,10,27,00,00,00,00,00,00,
0,00000056,false,Rx,0,8,10,27,00,00,00,00,00,00,
317000,00000057,false,Rx,0,8,00,00,FE,FF,FE,FF,00,00,
343000,00000625,false,Rx,0,8,25,00,59,86,01,54,5C,06,
406000,0000060D,false,Rx,0,8,0D,10,83,B6,09,20,70,00,
0,000002C4,false,Rx,0,8,09,00,00,00,73,02,00,00,
0,000002C5,false,Rx,0,8,00,00,00,00,00,00,00,00,
415000,000002C6,false,Rx,0,8,32,00,7C,01,00,00,00,00,
443000,00000625,false,Rx,0,8,25,00,59,86,01,54,5C,06,
506000,0000060D,false,Rx,0,8,0D,10,83,B6,09,20,70,00,
516000,00000054,false,Rx,0,8,01,05,00,01,73,02,00,00,
516000,00000055,false,Rx,0,8,10,27,00,00,00,00,00,00,
517000,00000056,false,Rx,0,8,10,27,00,00,00,00,00,00,
517000,00000057,false,Rx,0,8,00,00,FE,FF,FE,FF,00,00,
544000,00000625,false,Rx,0,8,25,00,59,86,01,54,5C,06,
606000,0000060D,false,Rx,0,8,0D,10,83,B6,09,20,70,00,
0,000002C4,false,Rx,0,8,09,00,00,00,73,02,00,00,
0,000002C5,false,Rx,0,8,00,00,00,00,00,00,00,00,
635000,000002C6,false,Rx,0,8,32,00,7C,01,00,00,00,00,
643000,00000625,false,Rx,0,8,25,00,59,86,01,54,5C,06,
706000,0000060D,false,Rx,0,8,0D,10,83,B6,09,20,70,00,
716000,00000054,false,Rx,0,8,01,05,00,01,73,02,00,00,
716000,00000055,false,Rx,0,8,10,27,00,00,00,00,00,00,
0,00000056,false,Rx,0,8,10,27,00,00,00,00,00,00,
0,00000057,false,Rx,0,8,00,00,FE,FF,FE,FF,00,00,
743000,00000625,false,Rx,0,8,25,00,59,86,01,54,5C,06,
806000,0000060D,false,Rx,0,8,0D,10,83,B6,09,20,70,00,
843000,00000625,false,Rx,0,8,25,00,59,86,01,54,5C,06,
854000,000002C4,false,Rx,0,8,09,00,00,00,73,02,00,00,
855000,000002C5,false,Rx,0,8,00,00,00,00,00,00,00,00,
855000,000002C6,false,Rx,0,8,32,00,7C,01,00,00,00,00,
906000,0000060D,false,Rx,0,8,0D,10,83,B6,09,20,70,00,
916000,00000054,false,Rx,0,8,01,05,00,01,73,02,00,00,
916000,00000055,false,Rx,0,8,10,27,00,00,00,00,00,00,
916000,00000056,false,Rx,0,8,10,27,00,00,00,00,00,00,
916000,00000057,false,Rx,0,8,00,00,FE,FF,FE,FF,00,00,
943000,00000625,false,Rx,0,8,25,00,59,86,01,54,5C,06,
6000,0000060D,false,Rx,0,8,0D,10,83,B6,09,20,70,00,
43000,00000625,false,Rx,0,8,25,00,59,86,01,54,5C,06,
74000,000002C4,false,Rx,0,8,09,00,00,00,73,02,00,00,
74000,000002C5,false,Rx,0,8,00,00,00,00,00,00,00,00,
75000,000002C6,false,Rx,0,8,32,00,7C,01,00,00,00,00,
106000,0000060D,false,Rx,0,8,0D,10,83,B6,09,20,70,00,
116000,00000054,false,Rx,0,8,01,05,00,01,73,02,00,00,
116000,00000055,false,Rx,0,8,10,27,00,00,00,00,00,00,
116000,00000056,false,Rx,0,8,10,27,00,00,00,00,00,00,
117000,00000057,false,Rx,0,8,00,00,FE,FF,FE,FF,00,00,
143000,00000625,false,Rx,0,8,25,00,59,86,01,54,5C,06,
206000,0000060D,false,Rx,0,8,0D,10,83,B6,09,20,70,00,
243000,00000625,false,Rx,0,8,25,00,59,86,01,54,5C,06,
294000,000002C4,false,Rx,0,8,09,00,00,00,73,02,00,00,
295000,000002C5,false,Rx,0,8,00,00,00,00,00,00,00,00,
295000,000002C6,false,Rx,0,8,32,00,7C,01,00,00,00,00,
306000,0000060D,false,Rx,0,8,0D,10,83,B6,09,20,70,00,
316000,00000054,false,Rx,0,8,01,05,00,01,73,02,00,00,
316000,00000055,false,Rx,0,8,10,27,00,00,00,00,00,00,
0,00000056,false,Rx,0,8,10,27,00,00,00,00,00,00,
0,00000057,false,Rx,0,8,00,00,FE,FF,FE,FF,00,00,
343000,00000625,false,Rx,0,8,25,00,59,86,01,54,5C,06,
407000,0000060D,false,Rx,0,8,0D,10,83,B6,09,20,70,00,
443000,00000625,false,Rx,0,8,25,00,59,86,01,54,5C,06,
506000,0000060D,false,Rx,0,8,0D,10,83,B6,09,20,70,00,
0,000002C4,false,Rx,0,8,09,00,00,00,73,02,00,00,
0,000002C5,false,Rx,0,8,00,00,00,00,00,00,00,00,
0,000002C6,false,Rx,0,8,32,00,7C,01,00,00,00,00,
0,00000054,false,Rx,0,8,01,05,00,01,73,02,00,00,
0,00000055,false,Rx,0,8,10,27,00,00,00,00,00,00,
516000,00000056,false,Rx,0,8,10,27,00,00,00,00,00,00,
517000,00000057,false,Rx,0,8,00,00,FE,FF,FE,FF,00,00,
543000,00000625,false,Rx,0,8,25,00,59,86,01,54,5C,06,
606000,0000060D,false,Rx,0,8,0D,10,83,B6,09,20,70,00,
643000,00000625,false,Rx,0,8,25,00,59,86,01,54,5C,06,
706000,0000060D,false,Rx,0,8,0D,10,83,B6,09,20,70,00,
715000,00000054,false,Rx,0,8,01,05,00,01,73,02,00,00,
716000,00000055,false,Rx,0,8,10,27,00,00,00,00,00,00,
716000,00000056,false,Rx,0,8,10,27,00,00,00,00,00,00,
716000,00000057,false,Rx,0,8,00,00,FE,FF,FE,FF,00,00,
0,000002C4,false,Rx,0,8,09,00,00,00,73,02,00,00,
0,000002C5,false,Rx,0,8,00,00,00,00,00,00,00,00,
734000,000002C6,false,Rx,0,8,32,00,7C,01,00,00,00,00,
743000,00000625,false,Rx,0,8,25,00,59,86,01,54,5C,06,
807000,0000060D,false,Rx,0,8,0D,10,83,B6,09,20,70,00,
843000,00000625,false,Rx,0,8,25,00,59,86,01,54,5C,06,
906000,0000060D,false,Rx,0,8,0D,10,83,B6,09,20,70,00,
916000,00000054,false,Rx,0,8,01,05,00,01,73,02,00,00,
916000,00000055,false,Rx,0,8,10,27,00,00,00,00,00,00,
916000,00000056,false,Rx,0,8,10,27,00,00,00,00,00,00,
916000,00000057,false,Rx,0,8,00,00,FE,FF,FE,FF,00,00,
943000,00000625,false,Rx,0,8,25,00,59,86,01,54,5C,06,
0,000002C4,false,Rx,0,8,09,00,00,00,73,02,00,00,
0,000002C5,false,Rx,0,8,00,00,00,00,00,00,00,00,
955000,000002C6,false,Rx,0,8,32,00,7C,01,00,00,00,00,
6000,0000060D,false,Rx,0,8,0D,10,83,B6,09,20,70,00,
43000,00000625,false,Rx,0,8,25,00,59,86,01,54,5C,06,
106000,0000060D,false,Rx,0,8,0D,10,83,B6,09,20,70,00,
116000,00000054,false,Rx,0,8,01,05,00,01,73,02,00,00,
116000,00000055,false,Rx,0,8,10,27,00,00,00,00,00,00,
117000,00000056,false,Rx,0,8,10,27,00,00,00,00,00,00,
118000,00000057,false,Rx,0,8,00,00,FE,FF,FE,FF,00,00,
143000,00000625,false,Rx,0,8,25,00,59,86,01,54,5C,06,
174000,000002C4,false,Rx,0,8,09,00,00,00,73,02,00,00,
174000,000002C5,false,Rx,0,8,00,00,00,00,00,00,00,00,
174000,000002C6,false,Rx,0,8,32,00,7C,01,00,00,00,00,
206000,0000060D,false,Rx,0,8,0D,10,83,B6,09,20,70,00,
243000,00000625,false,Rx,0,8,25,00,59,86,01,54,5C,06,
306000,0000060D,false,Rx,0,8,0D,10,83,B6,09,20,70,00,
316000,00000054,false,Rx,0,8,01,05,00,01,73,02,00,00,
316000,00000055,false,Rx,0,8,10,27,00,00,00,00,00,00,
316000,00000056,false,Rx,0,8,10,27,00,00,00,00,00,00,
317000,00000057,false,Rx,0,8,00,00,FE,FF,FE,FF,00,00,
344000,00000625,false,Rx,0,8,25,00,59,86,01,54,5C,06,
395000,000002C4,false,Rx,0,8,09,00,00,00,73,02,00,00,
395000,000002C5,false,Rx,0,8,00,00,00,00,00,00,00,00,
395000,000002C6,false,Rx,0,8,32,00,7C,01,00,00,00,00,
406000,0000060D,false,Rx,0,8,0D,10,83,B6,09,20,70,00,
443000,00000625,false,Rx,0,8,25,00,59,86,01,54,5C,06,
506000,0000060D,false,Rx,0,8,0D,10,83,B6,09,20,70,00,
516000,00000054,false,Rx,0,8,01,05,00,01,73,02,00,00,
517000,00000055,false,Rx,0,8,10,27,00,00,00,00,00,00,
517000,00000056,false,Rx,0,8,10,27,00,00,00,00,00,00,
517000,00000057,false,Rx,0,8,00,00,FE,FF,FE,FF,00,00,
543000,00000625,false,Rx,0,8,25,00,59,86,01,54,5C,06,
606000,0000060D,false,Rx,0,8,0D,10,83,B6,09,20,70,00,
614000,000002C4,false,Rx,0,8,09,00,00,00,73,02,00,00,
614000,000002C5,false,Rx,0,8,00,00,00,00,00,00,00,00,
615000,000002C6,false,Rx,0,8,32,00,7C,01,00,00,00,00,
643000,00000625,false,Rx,0,8,25,00,59,86,01,54,5C,06,
708000,0000060D,false,Rx,0,8,0D,10,83,B6,09,20,70,00,
0,00000054,false,Rx,0,8,01,05,00,01,73,02,00,00,
0,00000055,false,Rx,0,8,10,27,00,00,00,00,00,00,
716000,00000056,false,Rx,0,8,10,27,00,00,00,00,00,00,
716000,00000057,false,Rx,0,8,00,00,FE,FF,FE,FF,00,00,
743000,00000625,false,Rx,0,8,25,00,59,86,01,54,5C,06,
806000,0000060D,false,Rx,0,8,0D,10,83,B6,09,20,70,00,
834000,000002C4,false,Rx,0,8,09,00,00,00,73,02,00,00,
835000,000002C5,false,Rx,0,8,00,00,00,00,00,00,00,00,
835000,000002C6,false,Rx,0,8,32,00,7C,01,00,00,00,00,
844000,00000625,false,Rx,0,8,25,00,59,86,01,54,5C,06,
907000,0000060D,false,Rx,0,8,0D,10,83,B6,09,20,70,00,
916000,00000054,false,Rx,0,8,01,05,00,01,73,02,00,00,
916000,00000055,false,Rx,0,8,10,27,00,00,00,00,00,00,
916000,00000056,false,Rx,0,8,10,27,00,00,00,00,00,00,
917000,00000057,false,Rx,0,8,00,00,FE,FF,FE,FF,00,00,
943000,00000625,false,Rx,0,8,25,00,59,86,01,54,5C,06,
5000,0000060D,false,Rx,0,8,0D,10,83,B6,09,20,70,00,
43000,00000625,false,Rx,0,8,25,00,59,86,01,54,5C,06,
0,000002C4,false,Rx,0,8,09,00,00,00,73,02,00,00,
0,000002C5,false,Rx,0,8,00,00,00,00,00,00,00,00,
56000,000002C6,false,Rx,0,8,32,00,7C,01,00,00,00,00,
106000,0000060D,false,Rx,0,8,0D,10,83,B6,09,20,70,00,
116000,00000054,false,Rx,0,8,01,05,00,01,73,02,00,00,
116000,00000055,false,Rx,0,8,10,27,00,00,00,00,00,00,
116000,00000056,false,Rx,0,8,10,27,00,00,00,00,00,00,
116000,00000057,false,Rx,0,8,00,00,FE,FF,FE,FF,00,00,
143000,00000625,false,Rx,0,8,25,00,59,86,01,54,5C,06,
206000,0000060D,false,Rx,0,8,0D,10,83,B6,09,20,70,00,
243000,00000625,false,Rx,0,8,25,00,59,86,01,54,5C,06,
0,000002C4,false,Rx,0,8,09,00,00,00,73,02,00,00,
0,000002C5,false,Rx,0,8,00,00,00,00,00,00,00,00,
276000,000002C6,false,Rx,0,8,32,00,7C,01,00,00,00,00,
306000,0000060D,false,Rx,0,8,0D,10,83,B6,09,20,70,00,
0,00000054,false,Rx,0,8,01,05,00,01,73,02,00,00,
0,00000055,false,Rx,0,8,10,27,00,00,00,00,00,00,
0,00000056,false,Rx,0,8,10,27,00,00,00,00,00,00,
0,00000057,false,Rx,0,8,00,00,FE,FF,FE,FF,00,00,
343000,00000625,false,Rx,0,8,25,00,59,86,01,54,5C,06,
406000,0000060D,false,Rx,0,8,0D,10,83,B6,09,20,70,00,
443000,00000625,false,Rx,0,8,25,00,59,86,01,54,5C,06,
494000,000002C4,false,Rx,0,8,09,00,00,00,73,02,00,00,
495000,000002C5,false,Rx,0,8,00,00,00,00,00,00,00,00,
495000,000002C6,false,Rx,0,8,32,00,7C,01,00,00,00,00,
506000,0000060D,false,Rx,0,8,0D,10,83,B6,09,20,70,00,
516000,00000054,false,Rx,0,8,01,05,00,01,73,02,00,00,
516000,00000055,false,Rx,0,8,10,27,00,00,00,00,00,00,
516000,00000056,false,Rx,0,8,10,27,00,00,00,00,00,00,
517000,00000057,false,Rx,0,8,00,00,FE,FF,FE,FF,00,00,
549000,00000625,false,Rx,0,8,25,00,59,86,01,54,5C,06,
605000,0000060D,false,Rx,0,8,0D,10,83,B6,09,20,70,00,
643000,00000625,false,Rx,0,8,25,00,59,86,01,54,5C,06,
706000,0000060D,false,Rx,0,8,0D,10,83,B6,09,20,70,00,
714000,000002C4,false,Rx,0,8,09,00,00,00,73,02,00,00,
714000,000002C5,false,Rx,0,8,00,00,00,00,00,00,00,00,
715000,000002C6,false,Rx,0,8,32,00,7C,01,00,00,00,00,
0,00000054,false,Rx,0,8,01,05,00,01,73,02,00,00,
0,00000055,false,Rx,0,8,10,27,00,00,00,00,00,00,
0,00000056,false,Rx,0,8,10,27,00,00,00,00,00,00,
0,00000057,false,Rx,0,8,00,00,FE,FF,FE,FF,00,00,
744000,00000625,false,Rx,0,8,25,00,59,86,01,54,5C,06,
806000,0000060D,false,Rx,0,8,0D,10,83,B6,09,20,70,00,
843000,00000625,false,Rx,0,8,25,00,59,86,01,54,5C,06,
906000,0000060D,false,Rx,0,8,0D,10,83,B6,09,20,70,00,
0,00000054,false,Rx,0,8,01,05,00,01,73,02,00,00,
0,00000055,false,Rx,0,8,10,27,00,00,00,00,00,00,
916000,00000056,false,Rx,0,8,10,27,00,00,00,00,00,00,
917000,00000057,false,Rx,0,8,00,00,FE,FF,FE,FF,00,00,
0,000002C4,false,Rx,0,8,09,00,00,00,73,02,00,00,
0,000002C5,false,Rx,0,8,00,00,00,00,00,00,00,00,
934000,000002C6,false,Rx,0,8,32,00,7C,01,00,00,00,00,
943000,00000625,false,Rx,0,8,25,00,59,86,01,54,5C,06,
6000,0000060D,false,Rx,0,8,0D,10,83,B6,09,20,70,00,
43000,00000625,false,Rx,0,8,25,00,59,86,01,54,5C,06,
109000,0000060D,false,Rx,0,8,0D,10,83,B6,09,20,70,00,
0,00000054,false,Rx,0,8,01,05,00,01,73,02,00,00,
0,00000055,false,Rx,0,8,10,27,00,00,00,00,00,00,
116000,00000056,false,Rx,0,8,10,27,00,00,00,00,00,00,
116000,00000057,false,Rx,0,8,00,00,FE,FF,FE,FF,00,00,
143000,00000625,false,Rx,0,8,25,00,59,86,01,54,5C,06,
154000,000002C4,false,Rx,0,8,09,00,00,00,73,02,00,00,
0,000002C5,false,Rx,0,8,00,00,00,00,00,00,00,00,
0,000002C6,false,Rx,0,8,32,00,7C,01,00,00,00,00,
206000,0000060D,false,Rx,0,8,0D,10,83,B6,09,20,70,00,
243000,00000625,false,Rx,0,8,25,00,59,86,01,54,5C,06,
306000,0000060D,false,Rx,0,8,0D,10,83,B6,09,20,70,00,
316000,00000054,false,Rx,0,8,01,05,00,01,73,02,00,00,
316000,00000055,false,Rx,0,8,10,27,00,00,00,00,00,00,
316000,00000056,false,Rx,0,8,10,27,00,00,00,00,00,00,
316000,00000057,false,Rx,0,8,00,00,FE,FF,FE,FF,00,00,
343000,00000625,false,Rx,0,8,25,00,59,86,01,54,5C,06,
0,000002C4,false,Rx,0,8,09,00,00,00,73,02,00,00,
0,000002C5,false,Rx,0,8,00,00,00,00,00,00,00,00,
375000,000002C6,false,Rx,0,8,32,00,7C,01,00,00,00,00,
405000,0000060D,false,Rx,0,8,0D,10,83,B6,09,20,70,00,
443000,00000625,false,Rx,0,8,25,00,59,86,01,54,5C,06,
505000,0000060D,false,Rx,0,8,0D,10,83,B6,09,20,70,00,
0,00000054,false,Rx,0,8,01,05,00,01,73,02,00,00,
0,00000055,false,Rx,0,8,10,27,00,00,00,00,00,00,
0,00000056,false,Rx,0,8,10,27,00,00,00,00,00,00,
517000,00000057,false,Rx,0,8,00,00,FE,FF,FE,FF,00,00,
543000,00000625,false,Rx,0,8,25,00,59,86,01,54,5C,06,
594000,000002C4,false,Rx,0,8,09,00,00,00,73,02,00,00,
594000,000002C5,false,Rx,0,8,00,00,00,00,00,00,00,00,
594000,000002C6,false,Rx,0,8,32,00,7C,01,00,00,00,00,
606000,0000060D,false,Rx,0,8,0D,10,83,B6,09,20,70,00,
643000,00000625,false,Rx,0,8,25,00,59,86,01,54,5C,06,
705000,0000060D,false,Rx,0,8,0D,10,83,B6,09,20,70,00,
717000,00000054,false,Rx,0,8,01,05,00,01,73,02,00,00,
0,00000055,false,Rx,0,8,10,27,00,00,00,00,00,00,
0,00000056,false,Rx,0,8,10,27,00,00,00,00,00,00,
0,00000057,false,Rx,0,8,00,00,FE,FF,FE,FF,00,00,
744000,00000625,false,Rx,0,8,25,00,59,86,01,54,5C,06,
807000,0000060D,false,Rx,0,8,0D,10,83,B6,09,20,70,00,
814000,000002C4,false,Rx,0,8,09,00,00,00,73,02,00,00,
815000,000002C5,false,Rx,0,8,00,00,00,00,00,00,00,00,
815000,000002C6,false,Rx,0,8,32,00,7C,01,00,00,00,00,
844000,00000625,false,Rx,0,8,25,00,59,86,01,54,5C,06,
905000,0000060D,false,Rx,0,8,0D,10,83,B6,09,20,70,00,
0,00000054,false,Rx,0,8,01,05,00,01,73,02,00,00,
0,00000055,false,Rx,0,8,10,27,00,00,00,00,00,00,
0,00000056,false,Rx,0,8,10,27,00,00,00,00,00,00,
0,00000057,false,Rx,0,8,00,00,FE,FF,FE,FF,00,00,
944000,00000625,false,Rx,0,8,25,00,59,86,01,54,5C,06,
7000,0000060D,false,Rx,0,8,0D,10,83,B6,09,20,70,00,
35000,000002C4,false,Rx,0,8,09,00,00,00,73,02,00,00,
35000,000002C5,false,Rx,0,8,00,00,00,00,00,00,00,00,
35000,000002C6,false,Rx,0,8,32,00,7C,01,00,00,00,00,
43000,00000625,false,Rx,0,8,25,00,59,86,01,54,5C,06,
106000,0000060D,false,Rx,0,8,0D,10,83,B6,09,20,70,00,
115000,00000054,false,Rx,0,8,01,05,00,01,73,02,00,00,
115000,00000055,false,Rx,0,8,10,27,00,00,00,00,00,00,
115000,00000056,false,Rx,0,8,10,27,00,00,00,00,00,00,
115000,00000057,false,Rx,0,8,00,00,FE,FF,FE,FF,00,00,
143000,00000625,false,Rx,0,8,25,00,59,86,01,54,5C,06,
205000,0000060D,false,Rx,0,8,0D,10,83,B6,09,20,70,00,
244000,00000625,false,Rx,0,8,25,00,59,86,01,54,5C,06,
0,000002C4,false,Rx,0,8,09,00,00,00,73,02,00,00,
0,000002C5,false,Rx,0,8,00,00,00,00,00,00,00,00,
254000,000002C6,false,Rx,0,8,32,00,7C,01,00,00,00,00,
306000,0000060D,false,Rx,0,8,0D,10,83,B6,09,20,70,00,
315000,00000054,false,Rx,0,8,01,05,00,01,73,02,00,00,
0,00000055,false,Rx,0,8,10,27,00,00,00,00,00,00,
0,00000056,false,Rx,0,8,10,27,00,00,00,00,00,00,
316000,00000057,false,Rx,0,8,00,00,FE,FF,FE,FF,00,00,
343000,00000625,false,Rx,0,8,25,00,59,86,01,54,5C,06,
406000,0000060D,false,Rx,0,8,0D,10,83,B6,09,20,70,00,
443000,00000625,false,Rx,0,8,25,00,59,86,01,54,5C,06,
474000,000002C4,false,Rx,0,8,09,00,00,00,73,02,00,00,
474000,000002C5,false,Rx,0,8,00,00,00,00,00,00,00,00,
475000,000002C6,false,Rx,0,8,32,00,7C,01,00,00,00,00,
506000,0000060D,false,Rx,0,8,0D,10,83,B6,09,20,70,00,
516000,00000054,false,Rx,0,8,01,05,00,01,73,02,00,00,
516000,00000055,false,Rx,0,8,10,27,00,00,00,00,00,00,
516000,00000056,false,Rx,0,8,10,27,00,00,00,00,00,00,
517000,00000057,false,Rx,0,8,00,00,FE,FF,FE,FF,00,00,
544000,00000625,false,Rx,0,8,25,00,59,86,01,54,5C,06,
606000,0000060D,false,Rx,0,8,0D,10,83,B6,09,20,70,00,
646000,00000625,false,Rx,0,8,25,00,59,86,01,54,5C,06,
0,000002C4,false,Rx,0,8,09,00,00,00,73,02,00,00,
0,000002C5,false,Rx,0,8,00,00,00,00,00,00,00,00,
695000,000002C6,false,Rx,0,8,32,00,7C,01,00,00,00,00,
706000,0000060D,false,Rx,0,8,0D,10,83,B6,09,20,70,00,
0,00000054,false,Rx,0,8,01,05,00,01,73,02,00,00,
0,00000055,false,Rx,0,8,10,27,00,00,00,00,00,00,
0,00000056,false,Rx,0,8,10,27,00,00,00,00,00,00,
717000,00000057,false,Rx,0,8,00,00,FE,FF,FE,FF,00,00,
744000,00000625,false,Rx,0,8,25,00,59,86,01,54,5C,06,
806000,0000060D,false,Rx,0,8,0D,10,83,B6,09,20,70,00,
843000,00000625,false,Rx,0,8,25,00,59,86,01,54,5C,06,
906000,0000060D,false,Rx,0,8,0D,10,83,B6,09,20,70,00,
0,000002C4,false,Rx,0,8,09,00,00,00,73,02,00,00,
0,000002C5,false,Rx,0,8,00,00,00,00,00,00,00,00,
915000,000002C6,false,Rx,0,8,32,00,7C,01,00,00,00,00,
0,00000054,false,Rx,0,8,01,05,00,01,73,02,00,00,
0,00000055,false,Rx,0,8,10,27,00,00,00,00,00,00,
0,00000056,false,Rx,0,8,10,27,00,00,00,00,00,00,
0,00000057,false,Rx,0,8,00,00,FE,FF,FE,FF,00,00,
944000,00000625,false,Rx,0,8,25,00,59,86,01,54,5C,06,
6000,0000060D,false,Rx,0,8,0D,10,83,B6,09,20,70,00,
44000,00000625,false,Rx,0,8,25,00,59,86,01,54,5C,06,
106000,0000060D,false,Rx,0,8,0D,10,83,B6,09,20,70,00,
116000,00000054,false,Rx,0,8,01,05,00,01,73,02,00,00,
116000,00000055,false,Rx,0,8,10,27,00,00,00,00,00,00,
116000,00000056,false,Rx,0,8,10,27,00,00,00,00,00,00,
117000,00000057,false,Rx,0,8,00,00,FE,FF,FE,FF,00,00,
134000,000002C4,false,Rx,0,8,09,00,00,00,73,02,00,00,
134000,000002C5,false,Rx,0,8,00,00,00,00,00,00,00,00,
134000,000002C6,false,Rx,0,8,32,00,7C,01,00,00,00,00,
143000,00000625,false,Rx,0,8,25,00,59,86,01,54,5C,06,
207000,0000060D,false,Rx,0,8,0D,10,83,B6,09,20,70,00,
244000,00000625,false,Rx,0,8,25,00,59,86,01,54,5C,06,
306000,0000060D,false,Rx,0,8,0D,10,83,B6,09,20,70,00,
316000,00000054,false,Rx,0,8,01,05,00,01,73,02,00,00,
316000,00000055,false,Rx,0,8,10,27,00,00,00,00,00,00,
316000,00000056,false,Rx,0,8,10,27,00,00,00,00,00,00,
317000,00000057,false,Rx,0,8,00,00,FE,FF,FE,FF,00,00,
343000,00000625,false,Rx,0,8,25,00,59,86,01,54,5C,06,
354000,000002C4,false,Rx,0,8,09,00,00,00,73,02,00,00,
354000,000002C5,false,Rx,0,8,00,00,00,00,00,00,00,00,
354000,000002C6,false,Rx,0,8,32,00,7C,01,00,00,00,00,
405000,0000060D,false,Rx,0,8,0D,10,83,B6,09,20,70,00,
443000,00000625,false,Rx,0,8,25,00,59,86,01,54,5C,06,
506000,0000060D,false,Rx,0,8,0D,10,83,B6,09,20,70,00,
516000,00000054,false,Rx,0,8,01,05,00,01,73,02,00,00,
516000,00000055,false,Rx,0,8,10,27,00,00,00,00,00,00,
0,00000056,false,Rx,0,8,10,27,00,00,00,00,00,00,
0,00000057,false,Rx,0,8,00,00,FE,FF,FE,FF,00,00,
543000,00000625,false,Rx,0,8,25,00,59,86,01,54,5C,06,
0,000002C4,false,Rx,0,8,09,00,00,00,73,02,00,00,
0,000002C5,false,Rx,0,8,00,00,00,00,00,00,00,00,
575000,000002C6,false,Rx,0,8,32,00,7C,01,00,00,00,00,
606000,0000060D,false,Rx,0,8,0D,10,83,B6,09,20,70,00,
643000,00000625,false,Rx,0,8,25,00,59,86,01,54,5C,06,
706000,0000060D,false,Rx,0,8,0D,10,83,B6,09,20,70,00,
0,00000054,false,Rx,0,8,01,05,00,01,73,02,00,00,
0,00000055,false,Rx,0,8,10,27,00,00,00,00,00,00,
0,00000056,false,Rx,0,8,10,27,00,00,00,00,00,00,
717000,00000057,false,Rx,0,8,00,00,FE,FF,FE,FF,00,00,
744000,00000625,false,Rx,0,8,25,00,59,86,01,54,5C,06,
0,000002C4,false,Rx,0,8,09,00,00,00,73,02,00,00,
0,000002C5,false,Rx,0,8,00,00,00,00,00,00,00,00,
795000,000002C6,false,Rx,0,8,32,00,7C,01,00,00,00,00,
806000,0000060D,false,Rx,0,8,0D,10,83,B6,09,20,70,00,
844000,00000625,false,Rx,0,8,25,00,59,86,01,54,5C,06,
906000,0000060D,false,Rx,0,8,0D,10,83,B6,09,20,70,00,
916000,00000054,false,Rx,0,8,01,05,00,01,73,02,00,00,
916000,00000055,false,Rx,0,8,10,27,00,00,00,00,00,00,
916000,00000056,false,Rx,0,8,10,27,00,00,00,00,00,00,
917000,00000057,false,Rx,0,8,00,00,FE,FF,FE,FF,00,00,
943000,00000625,false,Rx,0,8,25,00,59,86,01,54,5C,06,
6000,0000060D,false,Rx,0,8,0D,10,83,B6,09,20,70,00,
15000,000002C4,false,Rx,0,8,09,00,00,00,73,02,00,00,
15000,000002C5,false,Rx,0,8,00,00,00,00,00,00,00,00,
15000,000002C6,false,Rx,0,8,32,00,7C,01,00,00,00,00,
44000,00000625,false,Rx,0,8,25,00,59,86,01,54,5C,06,
106000,0000060D,false,Rx,0,8,0D,10,83,B6,09,20,70,00,
116000,00000054,false,Rx,0,8,01,05,00,01,73,02,00,00,
116000,00000055,false,Rx,0,8,10,27,00,00,00,00,00,00,
117000,00000056,false,Rx,0,8,10,27,00,00,00,00,00,00,
117000,00000057,false,Rx,0,8,00,00,FE,FF,FE,FF,00,00,
143000,00000625,false,Rx,0,8,25,00,59,86,01,54,5C,06,
206000,0000060D,false,Rx,0,8,0D,10,83,B6,09,20,70,00,
0,000002C4,false,Rx,0,8,09,00,00,00,73,02,00,00,
0,000002C5,false,Rx,0,8,00,00,00,00,00,00,00,00,
235000,000002C6,false,Rx,0,8,32,00,7C,01,00,00,00,00,
244000,00000625,false,Rx,0,8,25,00,59,86,01,54,5C,06,
306000,0000060D,false,Rx,0,8,0D,10,83,B6,09,20,70,00,
316000,00000054,false,Rx,0,8,01,05,00,01,73,02,00,00,
316000,00000055,false,Rx,0,8,10,27,00,00,00,00,00,00,
316000,00000056,false,Rx,0,8,10,27,00,00,00,00,00,00,
317000,00000057,false,Rx,0,8,00,00,FE,FF,FE,FF,00,00,
343000,00000625,false,Rx,0,8,25,00,59,86,01,54,5C,06,
406000,0000060D,false,Rx,0,8,0D,10,83,B6,09,20,70,00,
443000,00000625,false,Rx,0,8,25,00,59,86,01,54,5C,06,
454000,000002C4,false,Rx,0,8,09,00,00,00,73,02,00,00,
455000,000002C5,false,Rx,0,8,00,00,00,00,00,00,00,00,
455000,000002C6,false,Rx,0,8,32,00,7C,01,00,00,00,00,
506000,0000060D,false,Rx,0,8,0D,10,83,B6,09,20,70,00,
515000,00000054,false,Rx,0,8,01,05,00,01,73,02,00,00,
516000,00000055,false,Rx,0,8,10,27,00,00,00,00,00,00,
516000,00000056,false,Rx,0,8,10,27,00,00,00,00,00,00,
516000,00000057,false,Rx,0,8,00,00,FE,FF,FE,FF,00,00,
544000,00000625,false,Rx,0,8,25,00,59,86,01,54,5C,06,
606000,0000060D,false,Rx,0,8,0D,10,83,B6,09,20,70,00,
643000,00000625,false,Rx,0,8,25,00,59,86,01,54,5C,06,
674000,000002C4,false,Rx,0,8,09,00,00,00,73,02,00,00,
675000,000002C5,false,Rx,0,8,00,00,00,00,00,00,00,00,
675000,000002C6,false,Rx,0,8,32,00,7C,01,00,00,00,00,
706000,0000060D,false,Rx,0,8,0D,10,83,B6,09,20,70,00,
0,00000054,false,Rx,0,8,01,05,00,01,73,02,00,00,
0,00000055,false,Rx,0,8,10,27,00,00,00,00,00,00,
0,00000056,false,Rx,0,8,10,27,00,00,00,00,00,00,
717000,00000057,false,Rx,0,8,00,00,FE,FF,FE,FF,00,00,
743000,00000625,false,Rx,0,8,25,00,59,86,01,54,5C,06,
807000,0000060D,false,Rx,0,8,0D,10,83,B6,09,20,70,00,
843000,00000625,false,Rx,0,8,25,00,59,86,01,54,5C,06,
894000,000002C4,false,Rx,0,8,09,00,00,00,73,02,00,00,
895000,000002C5,false,Rx,0,8,00,00,00,00,00,00,00,00,
895000,000002C6,false,Rx,0,8,32,00,7C,01,00,00,00,00,
906000,0000060D,false,Rx,0,8,0D,10,83,B6,09,20,70,00,
0,00000054,false,Rx,0,8,01,05,00,01,73,02,00,00,
0,00000055,false,Rx,0,8,10,27,00,00,00,00,00,00,
916000,00000056,false,Rx,0,8,10,27,00,00,00,00,00,00,
917000,00000057,false,Rx,0,8,00,00,FE,FF,FE,FF,00,00,
943000,00000625,false,Rx,0,8,25,00,59,86,01,54,5C,06,
6000,0000060D,false,Rx,0,8,0D,10,83,B6,09,20,70,00,
44000,00000625,false,Rx,0,8,25,00,59,86,01,54,5C,06,
106000,0000060D,false,Rx,0,8,0D,10,83,B6,09,20,70,00,
114000,000002C4,false,Rx,0,8,09,00,00,00,73,02,00,00,
114000,000002C5,false,Rx,0,8,00,00,00,00,00,00,00,00,
115000,000002C6,false,Rx,0,8,32,00,7C,01,00,00,00,00,
116000,00000054,false,Rx,0,8,01,05,00,01,73,02,00,00,
116000,00000055,false,Rx,0,8,10,27,00,00,00,00,00,00,
116000,00000056,false,Rx,0,8,10,27,00,00,00,00,00,00,
116000,00000057,false,Rx,0,8,00,00,FE,FF,FE,FF,00,00,
143000,00000625,false,Rx,0,8,25,00,59,86,01,54,5C,06,
206000,0000060D,false,Rx,0,8,0D,10,83,B6,09,20,70,00,
243000,00000625,false,Rx,0,8,25,00,59,86,01,54,5C,06,
306000,0000060D,false,Rx,0,8,0D,10,83,B6,09,20,70,00,
316000,00000054,false,Rx,0,8,01,05,00,01,73,02,00,00,
0,00000055,false,Rx,0,8,10,27,00,00,00,00,00,00,
0,00000056,false,Rx,0,8,10,27,00,00,00,00,00,00,
317000,00000057,false,Rx,0,8,00,00,FE,FF,FE,FF,00,00,
335000,000002C4,false,Rx,0,8,09,00,00,00,73,02,00,00,
335000,000002C5,false,Rx,0,8,00,00,00,00,00,00,00,00,
335000,000002C6,false,Rx,0,8,32,00,7C,01,00,00,00,00,
343000,00000625,false,Rx,0,8,25,00,59,86,01,54,5C,06,
406000,0000060D,false,Rx,0,8,0D,10,83,B6,09,20,70,00,
443000,00000625,false,Rx,0,8,25,00,59,86,01,54,5C,06,
506000,0000060D,false,Rx,0,8,0D,10,83,B6,09,20,70,00,
0,00000054,false,Rx,0,8,01,05,00,01,73,02,00,00,
0,00000055,false,Rx,0,8,10,27,00,00,00,00,00,00,
0,00000056,false,Rx,0,8,10,27,00,00,00,00,00,00,
0,00000057,false,Rx,0,8,00,00,FE,FF,FE,FF,00,00,
544000,00000625,false,Rx,0,8,25,00,59,86,01,54,5C,06,
554000,000002C4,false,Rx,0,8,09,00,00,00,73,02,00,00,
0,000002C5,false,Rx,0,8,00,00,00,00,00,00,00,00,
0,000002C6,false,Rx,0,8,32,00,7C,01,00,00,00,00,
606000,0000060D,false,Rx,0,8,0D,10,83,B6,09,20,70,00,
643000,00000625,false,Rx,0,8,25,00,59,86,01,54,5C,06,
706000,0000060D,false,Rx,0,8,0D,10,83,B6,09,20,70,00,
0,00000054,false,Rx,0,8,01,05,00,01,73,02,00,00,
0,00000055,false,Rx,0,8,10,27,00,00,00,00,00,00,
0,00000056,false,Rx,0,8,10,27,00,00,00,00,00,00,
0,00000057,false,Rx,0,8,00,00,FE,FF,FE,FF,00,00,
744000,00000625,false,Rx,0,8,25,00,59,86,01,54,5C,06,
0,000002C4,false,Rx,0,8,09,00,00,00,73,02,00,00,
0,000002C5,false,Rx,0,8,00,00,00,00,00,00,00,00,
0,000002C6,false,Rx,0,8,32,00,7C,01,00,00,00,00,
806000,0000060D,false,Rx,0,8,0D,10,83,B6,09,20,70,00,
844000,00000625,false,Rx,0,8,25,00,59,86,01,54,5C,06,
906000,0000060D,false,Rx,0,8,0D,10,83,B6,09,20,70,00,
0,00000054,false,Rx,0,8,01,05,00,01,73,02,00,00,
0,00000055,false,Rx,0,8,10,27,00,00,00,00,00,00,
0,00000056,false,Rx,0,8,10,27,00,00,00,00,00,00,
0,00000057,false,Rx,0,8,00,00,FE,FF,FE,FF,00,00,
944000,00000625,false,Rx,0,8,25,00,59,86,01,54,5C,06,
0,000002C4,false,Rx,0,8,09,00,00,00,73,02,00,00,
0,000002C5,false,Rx,0,8,00,00,00,00,00,00,00,00,
995000,000002C6,false,Rx,0,8,32,00,7C,01,00,00,00,00,
5000,0000060D,false,Rx,0,8,0D,10,83,B6,09,20,70,00,
44000,00000625,false,Rx,0,8,25,00,59,86,01,54,5C,06,
106000,0000060D,false,Rx,0,8,0D,10,83,B6,09,20,70,00,
116000,00000054,false,Rx,0,8,01,05,00,01,73,02,00,00,
117000,00000055,false,Rx,0,8,10,27,00,00,00,00,00,00,
117000,00000056,false,Rx,0,8,10,27,00,00,00,00,00,00,
117000,00000057,false,Rx,0,8,00,00,FE,FF,FE,FF,00,00,
143000,00000625,false,Rx,0,8,25,00,59,86,01,54,5C,06,
206000,0000060D,false,Rx,0,8,0D,10,83,B6,09,20,70,00,
0,000002C4,false,Rx,0,8,09,00,00,00,73,02,00,00,
0,000002C5,false,Rx,0,8,00,00,00,00,00,00,00,00,
0,000002C6,false,Rx,0,8,32,00,7C,01,00,00,00,00,
244000,00000625,false,Rx,0,8,25,00,59,86,01,54,5C,06,
306000,0000060D,false,Rx,0,8,0D,10,83,B6,09,20,70,00,
0,00000054,false,Rx,0,8,01,05,00,01,73,02,00,00,
0,00000055,false,Rx,0,8,10,27,00,00,00,00,00,00,
316000,00000056,false,Rx,0,8,10,27,00,00,00,00,00,00,
316000,00000057,false,Rx,0,8,00,00,FE,FF,FE,FF,00,00,
343000,00000625,false,Rx,0,8,25,00,59,86,01,54,5C,06,
406000,0000060D,false,Rx,0,8,0D,10,83,B6,09,20,70,00,
0,000002C4,false,Rx,0,8,09,00,00,00,73,02,00,00,
0,000002C5,false,Rx,0,8,00,00,00,00,00,00,00,00,
0,000002C6,false,Rx,0,8,32,00,7C,01,00,00,00,00,
443000,00000625,false,Rx,0,8,25,00,59,86,01,54,5C,06,
506000,0000060D,false,Rx,0,8,0D,10,83,B6,09,20,70,00,
516000,00000054,false,Rx,0,8,01,05,00,01,73,02,00,00,
0,00000055,false,Rx,0,8,10,27,00,00,00,00,00,00,
0,00000056,false,Rx,0,8,10,27,00,00,00,00,00,00,
0,00000057,false,Rx,0,8,00,00,FE,FF,FE,FF,00,00,
544000,00000625,false,Rx,0,8,25,00,59,86,01,54,5C,06,
606000,0000060D,false,Rx,0,8,0D,10,83,B6,09,20,70,00,
643000,00000625,false,Rx,0,8,25,00,59,86,01,54,5C,06,
654000,000002C4,false,Rx,0,8,09,00,00,00,73,02,00,00,
655000,000002C5,false,Rx,0,8,00,00,00,00,00,00,00,00,
655000,000002C6,false,Rx,0,8,32,00,7C,01,00,00,00,00,
706000,0000060D,false,Rx,0,8,0D,10,83,B6,09,20,70,00,
716000,00000054,false,Rx,0,8,01,05,00,01,73,02,00,00,
716000,00000055,false,Rx,0,8,10,27,00,00,00,00,00,00,
716000,00000056,false,Rx,0,8,10,27,00,00,00,00,00,00,
717000,00000057,false,Rx,0,8,00,00,FE,FF,FE,FF,00,00,
744000,00000625,false,Rx,0,8,25,00,59,86,01,54,5C,06,
806000,0000060D,false,Rx,0,8,0D,10,83,B6,09,20,70,00,
843000,00000625,false,Rx,0,8,25,00,59,86,01,54,5C,06,
875000,000002C4,false,Rx,0,8,09,00,00,00,73,02,00,00,
875000,000002C5,false,Rx,0,8,00,00,00,00,00,00,00,00,
875000,000002C6,false,Rx,0,8,32,00,7C,01,00,00,00,00,
906000,0000060D,false,Rx,0,8,0D,10,83,B6,09,20,70,00,
916000,00000054,false,Rx,0,8,01,05,00,01,73,02,00,00,
916000,00000055,false,Rx,0,8,10,27,00,00,00,00,00,00,
916000,00000056,false,Rx,0,8,10,27,00,00,00,00,00,00,
917000,00000057,false,Rx,0,8,00,00,FE,FF,FE,FF,00,00,
944000,00000625,false,Rx,0,8,25,00,59,86,01,54,5C,06,
6000,0000060D,false,Rx,0,8,0D,10,83,B6,09,20,70,00,
43000,00000625,false,Rx,0,8,25,00,59,86,01,54,5C,06,
95000,000002C4,false,Rx,0,8,09,00,00,00,73,02,00,00,
95000,000002C5,false,Rx,0,8,00,00,00,00,00,00,00,00,
95000,000002C6,false,Rx,0,8,32,00,7C,01,00,00,00,00,
106000,0000060D,false,Rx,0,8,0D,10,83,B6,09,20,70,00,
116000,00000054,false,Rx,0,8,01,05,00,01,73,02,00,00,
116000,00000055,false,Rx,0,8,10,27,00,00,00,00,00,00,
0,00000056,false,Rx,0,8,10,27,00,00,00,00,00,00,
0,00000057,false,Rx,0,8,00,00,FE,FF,FE,FF,00,00,
143000,00000625,false,Rx,0,8,25,00,59,86,01,54,5C,06,
205000,0000060D,false,Rx,0,8,0D,10,83,B6,09,20,70,00,
244000,00000625,false,Rx,0,8,25,00,59,86,01,54,5C,06,
306000,0000060D,false,Rx,0,8,0D,10,83,B6,09,20,70,00,
314000,000002C4,false,Rx,0,8,09,00,00,00,73,02,00,00,
314000,000002C5,false,Rx,0,8,00,00,00,00,00,00,00,00,
314000,000002C6,false,Rx,0,8,32,00,7C,01,00,00,00,00,
315000,00000054,false,Rx,0,8,01,05,00,01,73,02,00,00,
315000,00000055,false,Rx,0,8,10,27,00,00,00,00,00,00,
316000,00000056,false,Rx,0,8,10,27,00,00,00,00,00,00,
316000,00000057,false,Rx,0,8,00,00,FE,FF,FE,FF,00,00,
343000,00000625,false,Rx,0,8,25,00,59,86,01,54,5C,06,
406000,0000060D,false,Rx,0,8,0D,10,83,B6,09,20,70,00,
444000,00000625,false,Rx,0,8,25,00,59,86,01,54,5C,06,
506000,0000060D,false,Rx,0,8,0D,10,83,B6,09,20,70,00,
516000,00000054,false,Rx,0,8,01,05,00,01,73,02,00,00,
516000,00000055,false,Rx,0,8,10,27,00,00,00,00,00,00,
0,00000056,false,Rx,0,8,10,27,00,00,00,00,00,00,
0,00000057,false,Rx,0,8,00,00,FE,FF,FE,FF,00,00,
535000,000002C4,false,Rx,0,8,09,00,00,00,73,02,00,00,
0,000002C5,false,Rx,0,8,00,00,00,00,00,00,00,00,
0,000002C6,false,Rx,0,8,32,00,7C,01,00,00,00,00,
544000,00000625,false,Rx,0,8,25,00,59,86,01,54,5C,06,
605000,0000060D,false,Rx,0,8,0D,10,83,B6,09,20,70,00,
643000,00000625,false,Rx,0,8,25,00,59,86,01,54,5C,06,
706000,0000060D,false,Rx,0,8,0D,10,83,B6,09,20,70,00,
0,00000054,false,Rx,0,8,01,05,00,01,73,02,00,00,
0,00000055,false,Rx,0,8,10,27,00,00,00,00,00,00,
717000,00000056,false,Rx,0,8,10,27,00,00,00,00,00,00,
717000,00000057,false,Rx,0,8,00,00,FE,FF,FE,FF,00,00,
743000,00000625,false,Rx,0,8,25,00,59,86,01,54,5C,06,
754000,000002C4,false,Rx,0,8,09,00,00,00,73,02,00,00,
755000,000002C5,false,Rx,0,8,00,00,00,00,00,00,00,00,
755000,000002C6,false,Rx,0,8,32,00,7C,01,00,00,00,00,
806000,0000060D,false,Rx,0,8,0D,10,83,B6,09,20,70,00,
843000,00000625,false,Rx,0,8,25,00,59,86,01,54,5C,06,
906000,0000060D,false,Rx,0,8,0D,10,83,B6,09,20,70,00,
916000,00000054,false,Rx,0,8,01,05,00,01,73,02,00,00,
916000,00000055,false,Rx,0,8,10,27,00,00,00,00,00,00,
916000,00000056,false,Rx,0,8,10,27,00,00,00,00,00,00,
916000,00000057,false,Rx,0,8,00,00,FE,FF,FE,FF,00,00,
943000,00000625,false,Rx,0,8,25,00,59,86,01,54,5C,06,
975000,000002C4,false,Rx,0,8,09,00,00,00,73,02,00,00,
975000,000002C5,false,Rx,0,8,00,00,00,00,00,00,00,00,
975000,000002C6,false,Rx,0,8,32,00,7C,01,00,00,00,00,
6000,0000060D,false,Rx,0,8,0D,10,83,B6,09,20,70,00,
43000,00000625,false,Rx,0,8,25,00,59,86,01,54,5C,06,
106000,0000060D,false,Rx,0,8,0D,10,83,B6,09,20,70,00,
115000,00000054,false,Rx,0,8,01,05,00,01,73,02,00,00,
116000,00000055,false,Rx,0,8,10,27,00,00,00,00,00,00,
0,00000056,false,Rx,0,8,10,27,00,00,00,00,00,00,
0,00000057,false,Rx,0,8,00,00,FE,FF,FE,FF,00,00,
143000,00000625,false,Rx,0,8,25,00,59,86,01,54,5C,06,
0,000002C4,false,Rx,0,8,09,00,00,00,73,02,00,00,
0,000002C5,false,Rx,0,8,00,00,00,00,00,00,00,00,
0,000002C6,false,Rx,0,8,32,00,7C,01,00,00,00,00,
206000,0000060D,false,Rx,0,8,0D,10,83,B6,09,20,70,00,
243000,00000625,false,Rx,0,8,25,00,59,86,01,54,5C,06,
306000,0000060D,false,Rx,0,8,0D,10,83,B6,09,20,70,00,
316000,00000054,false,Rx,0,8,01,05,00,01,73,02,00,00,
316000,00000055,false,Rx,0,8,10,27,00,00,00,00,00,00,
316000,00000056,false,Rx,0,8,10,27,00,00,00,00,00,00,
317000,00000057,false,Rx,0,8,00,00,FE,FF,FE,FF,00,00,
344000,00000625,false,Rx,0,8,25,00,59,86,01,54,5C,06,
406000,0000060D,false,Rx,0,8,0D,10,83,B6,09,20,70,00,
414000,000002C4,false,Rx,0,8,09,00,00,00,73,02,00,00,
414000,000002C5,false,Rx,0,8,00,00,00,00,00,00,00,00,
414000,000002C6,false,Rx,0,8,32,00,7C,01,00,00,00,00,
444000,00000625,false,Rx,0,8,25,00,59,86,01,54,5C,06,
506000,0000060D,false,Rx,0,8,0D,10,83,B6,09,20,70,00,
0,00000054,false,Rx,0,8,01,05,00,01,73,02,00,00,
0,00000055,false,Rx,0,8,10,27,00,00,00,00,00,00,
0,00000056,false,Rx,0,8,10,27,00,00,00,00,00,00,
516000,00000057,false,Rx,0,8,00,00,FE,FF,FE,FF,00,00,
543000,00000625,false,Rx,0,8,25,00,59,86,01,54,5C,06,
607000,0000060D,false,Rx,0,8,0D,10,83,B6,09,20,70,00,
635000,000002C4,false,Rx,0,8,09,00,00,00,73,02,00,00,
635000,000002C5,false,Rx,0,8,00,00,00,00,00,00,00,00,
635000,000002C6,false,Rx,0,8,32,00,7C,01,00,00,00,00,
644000,00000625,false,Rx,0,8,25,00,59,86,01,54,5C,06,
706000,0000060D,false,Rx,0,8,0D,10,83,B6,09,20,70,00,
717000,00000054,false,Rx,0,8,01,05,00,01,73,02,00,00,
717000,00000055,false,Rx,0,8,10,27,00,00,00,00,00,00,
717000,00000056,false,Rx,0,8,10,27,00,00,00,00,00,00,
717000,00000057,false,Rx,0,8,00,00,FE,FF,FE,FF,00,00,
744000,00000625,false,Rx,0,8,25,00,59,86,01,54,5C,06,
806000,0000060D,false,Rx,0,8,0D,10,83,B6,09,20,70,00,
843000,00000625,false,Rx,0,8,25,00,59,86,01,54,5C,06,
0,000002C4,false,Rx,0,8,09,00,00,00,73,02,00,00,
0,000002C5,false,Rx,0,8,00,00,00,00,00,00,00,00,
855000,000002C6,false,Rx,0,8,32,00,7C,01,00,00,00,00,
906000,0000060D,false,Rx,0,8,0D,10,83,B6,09,20,70,00,
916000,00000054,false,Rx,0,8,01,05,00,01,73,02,00,00,
916000,00000055,false,Rx,0,8,10,27,00,00,00,00,00,00,
916000,00000056,false,Rx,0,8,10,27,00,00,00,00,00,00,
917000,00000057,false,Rx,0,8,00,00,FE,FF,FE,FF,00,00,
944000,00000625,false,Rx,0,8,25,00,59,86,01,54,5C,06,
6000,0000060D,false,Rx,0,8,0D,10,83,B6,09,20,70,00,
44000,00000625,false,Rx,0,8,25,00,59,86,01,54,5C,06,
0,000002C4,false,Rx,0,8,09,00,00,00,73,02,00,00,
0,000002C5,false,Rx,0,8,00,00,00,00,00,00,00,00,
76000,000002C6,false,Rx,0,8,32,00,7C,01,00,00,00,00,
107000,0000060D,false,Rx,0,8,0D,10,83,B6,09,20,70,00,
116000,00000054,false,Rx,0,8,01,05,00,01,73,02,00,00,
116000,00000055,false,Rx,0,8,10,27,00,00,00,00,00,00,
0,00000056,false,Rx,0,8,10,27,00,00,00,00,00,00,
0,00000057,false,Rx,0,8,00,00,FE,FF,FE,FF,00,00,
144000,00000625,false,Rx,0,8,25,00,59,86,01,54,5C,06,
206000,0000060D,false,Rx,0,8,0D,10,83,B6,09,20,70,00,
244000,00000625,false,Rx,0,8,25,00,59,86,01,54,5C,06,
294000,000002C4,false,Rx,0,8,09,00,00,00,73,02,00,00,
295000,000002C5,false,Rx,0,8,00,00,00,00,00,00,00,00,
295000,000002C6,false,Rx,0,8,32,00,7C,01,00,00,00,00,
306000,0000060D,false,Rx,0,8,0D,10,83,B6,09,20,70,00,
316000,00000054,false,Rx,0,8,01,05,00,01,73,02,00,00,
316000,00000055,false,Rx,0,8,10,27,00,00,00,00,00,00,
316000,00000056,false,Rx,0,8,10,27,00,00,00,00,00,00,
316000,00000057,false,Rx,0,8,00,00,FE,FF,FE,FF,00,00,
343000,00000625,false,Rx,0,8,25,00,59,86,01,54,5C,06,
406000,0000060D,false,Rx,0,8,0D,10,83,B6,09,20,70,00,
443000,00000625,false,Rx,0,8,25,00,59,86,01,54,5C,06,
506000,0000060D,false,Rx,0,8,0D,10,83,B6,09,20,70,00,
0,000002C4,false,Rx,0,8,09,00,00,00,73,02,00,00,
0,000002C5,false,Rx,0,8,00,00,00,00,00,00,00,00,
515000,000002C6,false,Rx,0,8,32,00,7C,01,00,00,00,00,
0,00000054,false,Rx,0,8,01,05,00,01,73,02,00,00,
0,00000055,false,Rx,0,8,10,27,00,00,00,00,00,00,
516000,00000056,false,Rx,0,8,10,27,00,00,00,00,00,00,
516000,00000057,false,Rx,0,8,00,00,FE,FF,FE,FF,00,00,
543000,00000625,false,Rx,0,8,25,00,59,86,01,54,5C,06,
605000,0000060D,false,Rx,0,8,0D,10,83,B6,09,20,70,00,
643000,00000625,false,Rx,0,8,25,00,59,86,01,54,5C,06,
706000,0000060D,false,Rx,0,8,0D,10,83,B6,09,20,70,00,
0,00000054,false,Rx,0,8,01,05,00,01,73,02,00,00,
0,00000055,false,Rx,0,8,10,27,00,00,00,00,00,00,
0,00000056,false,Rx,0,8,10,27,00,00,00,00,00,00,
0,00000057,false,Rx,0,8,00,00,FE,FF,FE,FF,00,00,
734000,000002C4,false,Rx,0,8,09,00,00,00,73,02,00,00,
735000,000002C5,false,Rx,0,8,00,00,00,00,00,00,00,00,
735000,000002C6,false,Rx,0,8,32,00,7C,01,00,00,00,00,
743000,00000625,false,Rx,0,8,25,00,59,86,01,54,5C,06,
806000,0000060D,false,Rx,0,8,0D,10,83,B6,09,20,70,00,
843000,00000625,false,Rx,0,8,25,00,59,86,01,54,5C,06,
907000,0000060D,false,Rx,0,8,0D,10,83,B6,09,20,70,00,
0,00000054,false,Rx,0,8,01,05,00,01,73,02,00,00,
0,00000055,false,Rx,0,8,10,27,00,00,00,00,00,00,
0,00000056,false,Rx,0,8,10,27,00,00,00,00,00,00,
0,00000057,false,Rx,0,8,00,00,FE,FF,FE,FF,00,00,
944000,00000625,false,Rx,0,8,25,00,59,86,01,54,5C,06,
0,000002C4,false,Rx,0,8,09,00,00,00,73,02,00,00,
0,000002C5,false,Rx,0,8,00,00,00,00,00,00,00,00,
955000,000002C6,false,Rx,0,8,32,00,7C,01,00,00,00,00,
6000,0000060D,false,Rx,0,8,0D,10,83,B6,09,20,70,00,
44000,00000625,false,Rx,0,8,25,00,59,86,01,54,5C,06,
107000,0000060D,false,Rx,0,8,0D,10,83,B6,09,20,70,00,
0,00000054,false,Rx,0,8,01,05,00,01,73,02,00,00,
0,00000055,false,Rx,0,8,10,27,00,00,00,00,00,00,
117000,00000056,false,Rx,0,8,10,27,00,00,00,00,00,00,
117000,00000057,false,Rx,0,8,00,00,FE,FF,FE,FF,00,00,
143000,00000625,false,Rx,0,8,25,00,59,86,01,54,5C,06,
175000,000002C4,false,Rx,0,8,09,00,00,00,73,02,00,00,
175000,000002C5,false,Rx,0,8,00,00,00,00,00,00,00,00,
175000,000002C6,false,Rx,0,8,32,00,7C,01,00,00,00,00,
206000,0000060D,false,Rx,0,8,0D,10,83,B6,09,20,70,00,
243000,00000625,false,Rx,0,8,25,00,59,86,01,54,5C,06,
306000,0000060D,false,Rx,0,8,0D,10,83,B6,09,20,70,00,
316000,00000054,false,Rx,0,8,01,05,00,01,73,02,00,00,
316000,00000055,false,Rx,0,8,10,27,00,00,00,00,00,00,
317000,00000056,false,Rx,0,8,10,27,00,00,00,00,00,00,
317000,00000057,false,Rx,0,8,00,00,FE,FF,FE,FF,00,00,
343000,00000625,false,Rx,0,8,25,00,59,86,01,54,5C,06,
394000,000002C4,false,Rx,0,8,09,00,00,00,73,02,00,00,
395000,000002C5,false,Rx,0,8,00,00,00,00,00,00,00,00,
395000,000002C6,false,Rx,0,8,32,00,7C,01,00,00,00,00,
406000,0000060D,false,Rx,0,8,0D,10,83,B6,09,20,70,00,
444000,00000625,false,Rx,0,8,25,00,59,86,01,54,5C,06,
506000,0000060D,false,Rx,0,8,0D,10,83,B6,09,20,70,00,
516000,00000054,false,Rx,0,8,01,05,00,01,73,02,00,00,
516000,00000055,false,Rx,0,8,10,27,00,00,00,00,00,00,
516000,00000056,false,Rx,0,8,10,27,00,00,00,00,00,00,
516000,00000057,false,Rx,0,8,00,00,FE,FF,FE,FF,00,00,
544000,00000625,false,Rx,0,8,25,00,59,86,01,54,5C,06,
606000,0000060D,false,Rx,0,8,0D,10,83,B6,09,20,70,00,
0,000002C4,false,Rx,0,8,09,00,00,00,73,02,00,00,
0,000002C5,false,Rx,0,8,00,00,00,00,00,00,00,00,
615000,000002C6,false,Rx,0,8,32,00,7C,01,00,00,00,00,
644000,00000625,false,Rx,0,8,25,00,59,86,01,54,5C,06,
706000,0000060D,false,Rx,0,8,0D,10,83,B6,09,20,70,00,
0,00000054,false,Rx,0,8,01,05,00,01,73,02,00,00,
0,00000055,false,Rx,0,8,10,27,00,00,00,00,00,00,
0,00000056,false,Rx,0,8,10,27,00,00,00,00,00,00,
0,00000057,false,Rx,0,8,00,00,FE,FF,FE,FF,00,00,
743000,00000625,false,Rx,0,8,25,00,59,86,01,54,5C,06,
806000,0000060D,false,Rx,0,8,0D,10,83,B6,09,20,70,00,
835000,000002C4,false,Rx,0,8,09,00,00,00,73,02,00,00,
835000,000002C5,false,Rx,0,8,00,00,00,00,00,00,00,00,
835000,000002C6,false,Rx,0,8,32,00,7C,01,00,00,00,00,
843000,00000625,false,Rx,0,8,25,00,59,86,01,54,5C,06,
906000,0000060D,false,Rx,0,8,0D,10,83,B6,09,20,70,00,
915000,00000054,false,Rx,0,8,01,05,00,01,73,02,00,00,
915000,00000055,false,Rx,0,8,10,27,00,00,00,00,00,00,
916000,00000056,false,Rx,0,8,10,27,00,00,00,00,00,00,
916000,00000057,false,Rx,0,8,00,00,FE,FF,FE,FF,00,00,
943000,00000625,false,Rx,0,8,25,00,59,86,01,54,5C,06,
6000,0000060D,false,Rx,0,8,0D,10,83,B6,09,20,70,00,
44000,00000625,false,Rx,0,8,25,00,59,86,01,54,5C,06,
0,000002C4,false,Rx,0,8,09,00,00,00,73,02,00,00,
0,000002C5,false,Rx,0,8,00,00,00,00,00,00,00,00,
0,000002C6,false,Rx,0,8,32,00,7C,01,00,00,00,00,
106000,0000060D,false,Rx,0,8,0D,10,83,B6,09,20,70,00,
0,00000054,false,Rx,0,8,01,05,00,01,73,02,00,00,
0,00000055,false,Rx,0,8,10,27,00,00,00,00,00,00,
116000,00000056,false,Rx,0,8,10,27,00,00,00,00,00,00,
116000,00000057,false,Rx,0,8,00,00,FE,FF,FE,FF,00,00,
143000,00000625,false,Rx,0,8,25,00,59,86,01,54,5C,06,
206000,0000060D,false,Rx,0,8,0D,10,83,B6,09,20,70,00,
243000,00000625,false,Rx,0,8,25,00,59,86,01,54,5C,06,
0,000002C4,false,Rx,0,8,09,00,00,00,73,02,00,00,
0,000002C5,false,Rx,0,8,00,00,00,00,00,00,00,00,
275000,000002C6,false,Rx,0,8,32,00,7C,01,00,00,00,00,
306000,0000060D,false,Rx,0,8,0D,10,83,B6,09,20,70,00,
316000,00000054,false,Rx,0,8,01,05,00,01,73,02,00,00,
316000,00000055,false,Rx,0,8,10,27,00,00,00,00,00,00,
316000,00000056,false,Rx,0,8,10,27,00,00,00,00,00,00,
317000,00000057,false,Rx,0,8,00,00,FE,FF,FE,FF,00,00,
343000,00000625,false,Rx,0,8,25,00,59,86,01,54,5C,06,
406000,0000060D,false,Rx,0,8,0D,10,83,B6,09,20,70,00,
444000,00000625,false,Rx,0,8,25,00,59,86,01,54,5C,06,
495000,000002C4,false,Rx,0,8,09,00,00,00,73,02,00,00,
495000,000002C5,false,Rx,0,8,00,00,00,00,00,00,00,00,
495000,000002C6,false,Rx,0,8,32,00,7C,01,00,00,00,00,
506000,0000060D,false,Rx,0,8,0D,10,83,B6,09,20,70,00,
0,00000054,false,Rx,0,8,01,05,00,01,73,02,00,00,
0,00000055,false,Rx,0,8,10,27,00,00,00,00,00,00,
516000,00000056,false,Rx,0,8,10,27,00,00,00,00,00,00,
517000,00000057,false,Rx,0,8,00,00,FE,FF,FE,FF,00,00,
543000,00000625,false,Rx,0,8,25,00,59,86,01,54,5C,06,
607000,0000060D,false,Rx,0,8,0D,10,83,B6,09,20,70,00,
644000,00000625,false,Rx,0,8,25,00,59,86,01,54,5C,06,
706000,0000060D,false,Rx,0,8,0D,10,83,B6,09,20,70,00,
714000,000002C4,false,Rx,0,8,09,00,00,00,73,02,00,00,
714000,000002C5,false,Rx,0,8,00,00,00,00,00,00,00,00,
714000,000002C6,false,Rx,0,8,32,00,7C,01,00,00,00,00,
715000,00000054,false,Rx,0,8,01,05,00,01,73,02,00,00,
715000,00000055,false,Rx,0,8,10,27,00,00,00,00,00,00,
716000,00000056,false,Rx,0,8,10,27,00,00,00,00,00,00,
716000,00000057,false,Rx,0,8,00,00,FE,FF,FE,FF,00,00,
744000,00000625,false,Rx,0,8,25,00,59,86,01,54,5C,06,
806000,0000060D,false,Rx,0,8,0D,10,83,B6,09,20,70,00,
844000,00000625,false,Rx,0,8,25,00,59,86,01,54,5C,06,
906000,0000060D,false,Rx,0,8,0D,10,83,B6,09,20,70,00,
0,00000054,false,Rx,0,8,01,05,00,01,73,02,00,00,
0,00000055,false,Rx,0,8,10,27,00,00,00,00,00,00,
0,00000056,false,Rx,0,8,10,27,00,00,00,00,00,00,
0,00000057,false,Rx,0,8,00,00,FE,FF,FE,FF,00,00,
934000,000002C4,false,Rx,0,8,09,00,00,00,73,02,00,00,
935000,000002C5,false,Rx,0,8,00,00,00,00,00,00,00,00,
935000,000002C6,false,Rx,0,8,32,00,7C,01,00,00,00,00,
943000,00000625,false,Rx,0,8,25,00,59,86,01,54,5C,06,
6000,0000060D,false,Rx,0,8,0D,10,83,B6,09,20,70,00,
44000,00000625,false,Rx,0,8,25,00,59,86,01,54,5C,06,
107000,0000060D,false,Rx,0,8,0D,10,83,B6,09,20,70,00,
115000,00000054,false,Rx,0,8,01,05,00,01,73,02,00,00,
116000,00000055,false,Rx,0,8,10,27,00,00,00,00,00,00,
0,00000056,false,Rx,0,8,10,27,00,00,00,00,00,00,
0,00000057,false,Rx,0,8,00,00,FE,FF,FE,FF,00,00,
143000,00000625,false,Rx,0,8,25,00,59,86,01,54,5C,06,
155000,000002C4,false,Rx,0,8,09,00,00,00,73,02,00,00,
155000,000002C5,false,Rx,0,8,00,00,00,00,00,00,00,00,
155000,000002C6,false,Rx,0,8,32,00,7C,01,00,00,00,00,
206000,0000060D,false,Rx,0,8,0D,10,83,B6,09,20,70,00,
244000,00000625,false,Rx,0,8,25,00,59,86,01,54,5C,06,
306000,0000060D,false,Rx,0,8,0D,10,83,B6,09,20,70,00,
316000,00000054,false,Rx,0,8,01,05,00,01,73,02,00,00,
316000,00000055,false,Rx,0,8,10,27,00,00,00,00,00,00,
316000,00000056,false,Rx,0,8,10,27,00,00,00,00,00,00,
316000,00000057,false,Rx,0,8,00,00,FE,FF,FE,FF,00,00,
344000,00000625,false,Rx,0,8,25,00,59,86,01,54,5C,06,
375000,000002C4,false,Rx,0,8,09,00,00,00,73,02,00,00,
375000,000002C5,false,Rx,0,8,00,00,00,00,00,00,00,00,
375000,000002C6,false,Rx,0,8,32,00,7C,01,00,00,00,00,
406000,0000060D,false,Rx,0,8,0D,10,83,B6,09,20,70,00,
444000,00000625,false,Rx,0,8,25,00,59,86,01,54,5C,06,
506000,0000060D,false,Rx,0,8,0D,10,83,B6,09,20,70,00,
0,00000054,false,Rx,0,8,01,05,00,01,73,02,00,00,
0,00000055,false,Rx,0,8,10,27,00,00,00,00,00,00,
516000,00000056,false,Rx,0,8,10,27,00,00,00,00,00,00,
517000,00000057,false,Rx,0,8,00,00,FE,FF,FE,FF,00,00,
543000,00000625,false,Rx,0,8,25,00,59,86,01,54,5C,06,
595000,000002C4,false,Rx,0,8,09,00,00,00,73,02,00,00,
595000,000002C5,false,Rx,0,8,00,00,00,00,00,00,00,00,
595000,000002C6,false,Rx,0,8,32,00,7C,01,00,00,00,00,
606000,0000060D,false,Rx,0,8,0D,10,83,B6,09,20,70,00,
643000,00000625,false,Rx,0,8,25,00,59,86,01,54,5C,06,
706000,0000060D,false,Rx,0,8,0D,10,83,B6,09,20,70,00,
716000,00000054,false,Rx,0,8,01,05,00,01,73,02,00,00,
716000,00000055,false,Rx,0,8,10,27,00,00,00,00,00,00,
716000,00000056,false,Rx,0,8,10,27,00,00,00,00,00,00,
717000,00000057,false,Rx,0,8,00,00,FE,FF,FE,FF,00,00,
744000,00000625,false,Rx,0,8,25,00,59,86,01,54,5C,06,
807000,0000060D,false,Rx,0,8,0D,10,83,B6,09,20,70,00,
814000,000002C4,false,Rx,0,8,09,00,00,00,73,02,00,00,
814000,000002C5,false,Rx,0,8,00,00,00,00,00,00,00,00,
815000,000002C6,false,Rx,0,8,32,00,7C,01,00,00,00,00,
844000,00000625,false,Rx,0,8,25,00,59,86,01,54,5C,06,
906000,0000060D,false,Rx,0,8,0D,10,83,B6,09,20,70,00,
0,00000054,false,Rx,0,8,01,05,00,01,73,02,00,00,
0,00000055,false,Rx,0,8,10,27,00,00,00,00,00,00,
0,00000056,false,Rx,0,8,10,27,00,00,00,00,00,00,
917000,00000057,false,Rx,0,8,00,00,FE,FF,FE,FF,00,00,
944000,00000625,false,Rx,0,8,25,00,59,86,01,54,5C,06,
6000,0000060D,false,Rx,0,8,0D,10,83,B6,09,20,70,00,
0,000002C4,false,Rx,0,8,09,00,00,00,73,02,00,00,
0,000002C5,false,Rx,0,8,00,00,00,00,00,00,00,00,
35000,000002C6,false,Rx,0,8,32,00,7C,01,00,00,00,00,
43000,00000625,false,Rx,0,8,25,00,59,86,01,54,5C,06,
106000,0000060D,false,Rx,0,8,0D,10,83,B6,09,20,70,00,
116000,00000054,false,Rx,0,8,01,05,00,01,73,02,00,00,
116000,00000055,false,Rx,0,8,10,27,00,00,00,00,00,00,
0,00000056,false,Rx,0,8,10,27,00,00,00,00,00,00,
0,00000057,false,Rx,0,8,00,00,FE,FF,FE,FF,00,00,
144000,00000625,false,Rx,0,8,25,00,59,86,01,54,5C,06,
206000,0000060D,false,Rx,0,8,0D,10,83,B6,09,20,70,00,
244000,00000625,false,Rx,0,8,25,00,59,86,01,54,5C,06,
254000,000002C4,false,Rx,0,8,09,00,00,00,73,02,00,00,
254000,000002C5,false,Rx,0,8,00,00,00,00,00,00,00,00,
255000,000002C6,false,Rx,0,8,32,00,7C,01,00,00,00,00,
306000,0000060D,false,Rx,0,8,0D,10,83,B6,09,20,70,00,
316000,00000054,false,Rx,0,8,01,05,00,01,73,02,00,00,
316000,00000055,false,Rx,0,8,10,27,00,00,00,00,00,00,
316000,00000056,false,Rx,0,8,10,27,00,00,00,00,00,00,
317000,00000057,false,Rx,0,8,00,00,FE,FF,FE,FF,00,00,
343000,00000625,false,Rx,0,8,25,00,59,86,01,54,5C,06,
406000,0000060D,false,Rx,0,8,0D,10,83,B6,09,20,70,00,
444000,00000625,false,Rx,0,8,25,00,59,86,01,54,5C,06,
475000,000002C4,false,Rx,0,8,09,00,00,00,73,02,00,00,
475000,000002C5,false,Rx,0,8,00,00,00,00,00,00,00,00,
476000,000002C6,false,Rx,0,8,32,00,7C,01,00,00,00,00,
506000,0000060D,false,Rx,0,8,0D,10,83,B6,09,20,70,00,
516000,00000054,false,Rx,0,8,01,05,00,01,73,02,00,00,
517000,00000055,false,Rx,0,8,10,27,00,00,00,00,00,00,
517000,00000056,false,Rx,0,8,10,27,00,00,00,00,00,00,
517000,00000057,false,Rx,0,8,00,00,FE,FF,FE,FF,00,00,
543000,00000625,false,Rx,0,8,25,00,59,86,01,54,5C,06,
606000,0000060D,false,Rx,0,8,0D,10,83,B6,09,20,70,00,
643000,00000625,false,Rx,0,8,25,00,59,86,01,54,5C,06,
694000,000002C4,false,Rx,0,8,09,00,00,00,73,02,00,00,
694000,000002C5,false,Rx,0,8,00,00,00,00,00,00,00,00,
695000,000002C6,false,Rx,0,8,32,00,7C,01,00,00,00,00,
707000,0000060D,false,Rx,0,8,0D,10,83,B6,09,20,70,00,
0,00000054,false,Rx,0,8,01,05,00,01,73,02,00,00,
0,00000055,false,Rx,0,8,10,27,00,00,00,00,00,00,
0,00000056,false,Rx,0,8,10,27,00,00,00,00,00,00,
716000,00000057,false,Rx,0,8,00,00,FE,FF,FE,FF,00,00,
743000,00000625,false,Rx,0,8,25,00,59,86,01,54,5C,06,
806000,0000060D,false,Rx,0,8,0D,10,83,B6,09,20,70,00,
843000,00000625,false,Rx,0,8,25,00,59,86,01,54,5C,06,
906000,0000060D,false,Rx,0,8,0D,10,83,B6,09,20,70,00,
914000,000002C4,false,Rx,0,8,09,00,00,00,73,02,00,00,
915000,000002C5,false,Rx,0,8,00,00,00,00,00,00,00,00,
915000,000002C6,false,Rx,0,8,32,00,7C,01,00,00,00,00,
916000,00000054,false,Rx,0,8,01,05,00,01,73,02,00,00,
916000,00000055,false,Rx,0,8,10,27,00,00,00,00,00,00,
916000,00000056,false,Rx,0,8,10,27,00,00,00,00,00,00,
916000,00000057,false,Rx,0,8,00,00,FE,FF,FE,FF,00,00,
943000,00000625,false,Rx,0,8,25,00,59,86,01,54,5C,06,
6000,0000060D,false,Rx,0,8,0D,10,83,B6,09,20,70,00,
44000,00000625,false,Rx,0,8,25,00,59,86,01,54,5C,06,
106000,0000060D,false,Rx,0,8,0D,10,83,B6,09,20,70,00,
115000,00000054,false,Rx,0,8,01,05,00,01,73,02,00,00,
116000,00000055,false,Rx,0,8,10,27,00,00,00,00,00,00,
116000,00000056,false,Rx,0,8,10,27,00,00,00,00,00,00,
116000,00000057,false,Rx,0,8,00,00,FE,FF,FE,FF,00,00,
135000,000002C4,false,Rx,0,8,09,00,00,00,73,02,00,00,
135000,000002C5,false,Rx,0,8,00,00,00,00,00,00,00,00,
135000,000002C6,false,Rx,0,8,32,00,7C,01,00,00,00,00,
143000,00000625,false,Rx,0,8,25,00,59,86,01,54,5C,06,
206000,0000060D,false,Rx,0,8,0D,10,83,B6,09,20,70,00,
243000,00000625,false,Rx,0,8,25,00,59,86,01,54,5C,06,
306000,0000060D,false,Rx,0,8,0D,10,83,B6,09,20,70,00,
0,00000054,false,Rx,0,8,01,05,00,01,73,02,00,00,
0,00000055,false,Rx,0,8,10,27,00,00,00,00,00,00,
0,00000056,false,Rx,0,8,10,27,00,00,00,00,00,00,
0,00000057,false,Rx,0,8,00,00,FE,FF,FE,FF,00,00,
344000,00000625,false,Rx,0,8,25,00,59,86,01,54,5C,06,
0,000002C4,false,Rx,0,8,09,00,00,00,73,02,00,00,
0,000002C5,false,Rx,0,8,00,00,00,00,00,00,00,00,
355000,000002C6,false,Rx,0,8,32,00,7C,01,00,00,00,00,
406000,0000060D,false,Rx,0,8,0D,10,83,B6,09,20,70,00,
444000,00000625,false,Rx,0,8,25,00,59,86,01,54,5C,06,
506000,0000060D,false,Rx,0,8,0D,10,83,B6,09,20,70,00,
516000,00000054,false,Rx,0,8,01,05,00,01,73,02,00,00,
516000,00000055,false,Rx,0,8,10,27,00,00,00,00,00,00,
516000,00000056,false,Rx,0,8,10,27,00,00,00,00,00,00,
517000,00000057,false,Rx,0,8,00,00,FE,FF,FE,FF,00,00,
543000,00000625,false,Rx,0,8,25,00,59,86,01,54,5C,06,
574000,000002C4,false,Rx,0,8,09,00,00,00,73,02,00,00,
574000,000002C5,false,Rx,0,8,00,00,00,00,00,00,00,00,
574000,000002C6,false,Rx,0,8,32,00,7C,01,00,00,00,00,
605000,0000060D,false,Rx,0,8,0D,10,83,B6,09,20,70,00,
644000,00000625,false,Rx,0,8,25,00,59,86,01,54,5C,06,
706000,0000060D,false,Rx,0,8,0D,10,83,B6,09,20,70,00,
716000,00000054,false,Rx,0,8,01,05,00,01,73,02,00,00,
716000,00000055,false,Rx,0,8,10,27,00,00,00,00,00,00,
716000,00000056,false,Rx,0,8,10,27,00,00,00,00,00,00,
717000,00000057,false,Rx,0,8,00,00,FE,FF,FE,FF,00,00,
743000,00000625,false,Rx,0,8,25,00,59,86,01,54,5C,06,
795000,000002C4,false,Rx,0,8,09,00,00,00,73,02,00,00,
795000,000002C5,false,Rx,0,8,00,00,00,00,00,00,00,00,
795000,000002C6,false,Rx,0,8,32,00,7C,01,00,00,00,00,
807000,0000060D,false,Rx,0,8,0D,10,83,B6,09,20,70,00,
843000,00000625,false,Rx,0,8,25,00,59,86,01,54,5C,06,
906000,0000060D,false,Rx,0,8,0D,10,83,B6,09,20,70,00,
0,00000054,false,Rx,0,8,01,05,00,01,73,02,00,00,
0,00000055,false,Rx,0,8,10,27,00,00,00,00,00,00,
916000,00000056,false,Rx,0,8,10,27,00,00,00,00,00,00,
917000,00000057,false,Rx,0,8,00,00,FE,FF,FE,FF,00,00,
943000,00000625,false,Rx,0,8,25,00,59,86,01,54,5C,06,
6000,0000060D,false,Rx,0,8,0D,10,83,B6,09,20,70,00,
0,000002C4,false,Rx,0,8,09,00,00,00,73,02,00,00,
0,000002C5,false,Rx,0,8,00,00,00,00,00,00,00,00,
0,000002C6,false,Rx,0,8,32,00,7C,01,00,00,00,00,
43000,00000625,false,Rx,0,8,25,00,59,86,01,54,5C,06,
106000,0000060D,false,Rx,0,8,0D,10,83,B6,09,20,70,00,
116000,00000054,false,Rx,0,8,01,05,00,01,73,02,00,00,
116000,00000055,false,Rx,0,8,10,27,00,00,00,00,00,00,
116000,00000056,false,Rx,0,8,10,27,00,00,00,00,00,00,
116000,00000057,false,Rx,0,8,00,00,FE,FF,FE,FF,00,00,
143000,00000625,false,Rx,0,8,25,00,59,86,01,54,5C,06,
206000,0000060D,false,Rx,0,8,0D,10,83,B6,09,20,70,00,
234000,000002C4,false,Rx,0,8,09,00,00,00,73,02,00,00,
234000,000002C5,false,Rx,0,8,00,00,00,00,00,00,00,00,
235000,000002C6,false,Rx,0,8,32,00,7C,01,00,00,00,00,
243000,00000625,false,Rx,0,8,25,00,59,86,01,54,5C,06,
307000,0000060D,false,Rx,0,8,0D,10,83,B6,09,20,70,00,
316000,00000054,false,Rx,0,8,01,05,00,01,73,02,00,00,
316000,00000055,false,Rx,0,8,10,27,00,00,00,00,00,00,
316000,00000056,false,Rx,0,8,10,27,00,00,00,00,00,00,
317000,00000057,false,Rx,0,8,00,00,FE,FF,FE,FF,00,00,
343000,00000625,false,Rx,0,8,25,00,59,86,01,54,5C,06,
406000,0000060D,false,Rx,0,8,0D,10,83,B6,09,20,70,00,
443000,00000625,false,Rx,0,8,25,00,59,86,01,54,5C,06,
454000,000002C4,false,Rx,0,8,09,00,00,00,73,02,00,00,
454000,000002C5,false,Rx,0,8,00,00,00,00,00,00,00,00,
454000,000002C6,false,Rx,0,8,32,00,7C,01,00,00,00,00,
506000,0000060D,false,Rx,0,8,0D,10,83,B6,09,20,70,00,
0,00000054,false,Rx,0,8,01,05,00,01,73,02,00,00,
0,00000055,false,Rx,0,8,10,27,00,00,00,00,00,00,
516000,00000056,false,Rx,0,8,10,27,00,00,00,00,00,00,
517000,00000057,false,Rx,0,8,00,00,FE,FF,FE,FF,00,00,
543000,00000625,false,Rx,0,8,25,00,59,86,01,54,5C,06,
606000,0000060D,false,Rx,0,8,0D,10,83,B6,09,20,70,00,
643000,00000625,false,Rx,0,8,25,00,59,86,01,54,5C,06,
0,000002C4,false,Rx,0,8,09,00,00,00,73,02,00,00,
0,000002C5,false,Rx,0,8,00,00,00,00,00,00,00,00,
675000,000002C6,false,Rx,0,8,32,00,7C,01,00,00,00,00,
705000,0000060D,false,Rx,0,8,0D,10,83,B6,09,20,70,00,
716000,00000054,false,Rx,0,8,01,05,00,01,73,02,00,00,
716000,00000055,false,Rx,0,8,10,27,00,00,00,00,00,00,
0,00000056,false,Rx,0,8,10,27,00,00,00,00,00,00,
0,00000057,false,Rx,0,8,00,00,FE,FF,FE,FF,00,00,
743000,00000625,false,Rx,0,8,25,00,59,86,01,54,5C,06,
806000,0000060D,false,Rx,0,8,0D,10,83,B6,09,20,70,00,
843000,00000625,false,Rx,0,8,25,00,59,86,01,54,5C,06,
895000,000002C4,false,Rx,0,8,09,00,00,00,73,02,00,00,
895000,000002C5,false,Rx,0,8,00,00,00,00,00,00,00,00,
895000,000002C6,false,Rx,0,8,32,00,7C,01,00,00,00,00,
906000,0000060D,false,Rx,0,8,0D,10,83,B6,09,20,70,00,
0,00000054,false,Rx,0,8,01,05,00,01,73,02,00,00,
0,00000055,false,Rx,0,8,10,27,00,00,00,00,00,00,
917000,00000056,false,Rx,0,8,10,27,00,00,00,00,00,00,
917000,00000057,false,Rx,0,8,00,00,FE,FF,FE,FF,00,00,
943000,00000625,false,Rx,0,8,25,00,59,86,01,54,5C,06,
6000,0000060D,false,Rx,0,8,0D,10,83,B6,09,20,70,00,
43000,00000625,false,Rx,0,8,25,00,59,86,01,54,5C,06,
106000,0000060D,false,Rx,0,8,0D,10,83,B6,09,20,70,00,
115000,000002C4,false,Rx,0,8,09,00,00,00,73,02,00,00,
115000,000002C5,false,Rx,0,8,00,00,00,00,00,00,00,00,
115000,000002C6,false,Rx,0,8,32,00,7C,01,00,00,00,00,
0,00000054,false,Rx,0,8,01,05,00,01,73,02,00,00,
0,00000055,false,Rx,0,8,10,27,00,00,00,00,00,00,
0,00000056,false,Rx,0,8,10,27,00,00,00,00,00,00,
0,00000057,false,Rx,0,8,00,00,FE,FF,FE,FF,00,00,
143000,00000625,false,Rx,0,8,25,00,59,86,01,54,5C,06,
206000,0000060D,false,Rx,0,8,0D,10,83,B6,09,20,70,00,
244000,00000625,false,Rx,0,8,25,00,59,86,01,54,5C,06,
306000,0000060D,false,Rx,0,8,0D,10,83,B6,09,20,70,00,
0,00000054,false,Rx,0,8,01,05,00,01,73,02,00,00,
0,00000055,false,Rx,0,8,10,27,00,00,00,00,00,00,
0,00000056,false,Rx,0,8,10,27,00,00,00,00,00,00,
317000,00000057,false,Rx,0,8,00,00,FE,FF,FE,FF,00,00,
334000,000002C4,false,Rx,0,8,09,00,00,00,73,02,00,00,
335000,000002C5,false,Rx,0,8,00,00,00,00,00,00,00,00,
335000,000002C6,false,Rx,0,8,32,00,7C,01,00,00,00,00,
343000,00000625,false,Rx,0,8,25,00,59,86,01,54,5C,06,
407000,0000060D,false,Rx,0,8,0D,10,83,B6,09,20,70,00,
444000,00000625,false,Rx,0,8,25,00,59,86,01,54,5C,06,
506000,0000060D,false,Rx,0,8,0D,10,83,B6,09,20,70,00,
0,00000054,false,Rx,0,8,01,05,00,01,73,02,00,00,
0,00000055,false,Rx,0,8,10,27,00,00,00,00,00,00,
0,00000056,false,Rx,0,8,10,27,00,00,00,00,00,00,
517000,00000057,false,Rx,0,8,00,00,FE,FF,FE,FF,00,00,
543000,00000625,false,Rx,0,8,25,00,59,86,01,54,5C,06,
555000,000002C4,false,Rx,0,8,09,00,00,00,73,02,00,00,
0,000002C5,false,Rx,0,8,00,00,00,00,00,00,00,00,
0,000002C6,false,Rx,0,8,32,00,7C,01,00,00,00,00,
606000,0000060D,false,Rx,0,8,0D,10,83,B6,09,20,70,00,
643000,00000625,false,Rx,0,8,25,00,59,86,01,54,5C,06,
706000,0000060D,false,Rx,0,8,0D,10,83,B6,09,20,70,00,
716000,00000054,false,Rx,0,8,01,05,00,01,73,02,00,00,
716000,00000055,false,Rx,0,8,10,27,00,00,00,00,00,00,
716000,00000056,false,Rx,0,8,10,27,00,00,00,00,00,00,
717000,00000057,false,Rx,0,8,00,00,FE,FF,FE,FF,00,00,
744000,00000625,false,Rx,0,8,25,00,59,86,01,54,5C,06,
774000,000002C4,false,Rx,0,8,09,00,00,00,73,02,00,00,
775000,000002C5,false,Rx,0,8,00,00,00,00,00,00,00,00,
775000,000002C6,false,Rx,0,8,32,00,7C,01,00,00,00,00,
807000,0000060D,false,Rx,0,8,0D,10,83,B6,09,20,70,00,
844000,00000625,false,Rx,0,8,25,00,59,86,01,54,5C,06,
906000,0000060D,false,Rx,0,8,0D,10,83,B6,09,20,70,00,
916000,00000054,false,Rx,0,8,01,05,00,01,73,02,00,00,
916000,00000055,false,Rx,0,8,10,27,00,00,00,00,00,00,
916000,00000056,false,Rx,0,8,10,27,00,00,00,00,00,00,
917000,00000057,false,Rx,0,8,00,00,FE,FF,FE,FF,00,00,
943000,00000625,false,Rx,0,8,25,00,59,86,01,54,5C,06,
0,000002C4,false,Rx,0,8,09,00,00,00,73,02,00,00,
0,000002C5,false,Rx,0,8,00,00,00,00,00,00,00,00,
995000,000002C6,false,Rx,0,8,32,00,7C,01,00,00,00,00,
5000,0000060D,false,Rx,0,8,0D,10,83,B6,09,20,70,00,
43000,00000625,false,Rx,0,8,25,00,59,86,01,54,5C,06,
106000,0000060D,false,Rx,0,8,0D,10,83,B6,09,20,70,00,
116000,00000054,false,Rx,0,8,01,05,00,01,73,02,00,00,
116000,00000055,false,Rx,0,8,10,27,00,00,00,00,00,00,
116000,00000056,false,Rx,0,8,10,27,00,00,00,00,00,00,
117000,00000057,false,Rx,0,8,00,00,FE,FF,FE,FF,00,00,
144000,00000625,false,Rx,0,8,25,00,59,86,01,54,5C,06,
206000,0000060D,false,Rx,0,8,0D,10,83,B6,09,20,70,00,
215000,000002C4,false,Rx,0,8,09,00,00,00,73,02,00,00,
0,000002C5,false,Rx,0,8,00,00,00,00,00,00,00,00,
0,000002C6,false,Rx,0,8,32,00,7C,01,00,00,00,00,
243000,00000625,false,Rx,0,8,25,00,59,86,01,54,5C,06,
307000,0000060D,false,Rx,0,8,0D,10,83,B6,09,20,70,00,
316000,00000054,false,Rx,0,8,01,05,00,01,73,02,00,00,
316000,00000055,false,Rx,0,8,10,27,00,00,00,00,00,00,
317000,00000056,false,Rx,0,8,10,27,00,00,00,00,00,00,
317000,00000057,false,Rx,0,8,00,00,FE,FF,FE,FF,00,00,
344000,00000625,false,Rx,0,8,25,00,59,86,01,54,5C,06,
406000,0000060D,false,Rx,0,8,0D,10,83,B6,09,20,70,00,
434000,000002C4,false,Rx,0,8,09,00,00,00,73,02,00,00,
435000,000002C5,false,Rx,0,8,00,00,00,00,00,00,00,00,
435000,000002C6,false,Rx,0,8,32,00,7C,01,00,00,00,00,
443000,00000625,false,Rx,0,8,25,00,59,86,01,54,5C,06,
506000,0000060D,false,Rx,0,8,0D,10,83,B6,09,20,70,00,
0,00000054,false,Rx,0,8,01,05,00,01,73,02,00,00,
0,00000055,false,Rx,0,8,10,27,00,00,00,00,00,00,
516000,00000056,false,Rx,0,8,10,27,00,00,00,00,00,00,
517000,00000057,false,Rx,0,8,00,00,FE,FF,FE,FF,00,00,
543000,00000625,false,Rx,0,8,25,00,59,86,01,54,5C,06,
606000,0000060D,false,Rx,0,8,0D,10,83,B6,09,20,70,00,
643000,00000625,false,Rx,0,8,25,00,59,86,01,54,5C,06,
0,000002C4,false,Rx,0,8,09,00,00,00,73,02,00,00,
0,000002C5,false,Rx,0,8,00,00,00,00,00,00,00,00,
655000,000002C6,false,Rx,0,8,32,00,7C,01,00,00,00,00,
706000,0000060D,false,Rx,0,8,0D,10,83,B6,09,20,70,00,
716000,00000054,false,Rx,0,8,01,05,00,01,73,02,00,00,
0,00000055,false,Rx,0,8,10,27,00,00,00,00,00,00,
0,00000056,false,Rx,0,8,10,27,00,00,00,00,00,00,
0,00000057,false,Rx,0,8,00,00,FE,FF,FE,FF,00,00,
743000,00000625,false,Rx,0,8,25,00,59,86,01,54,5C,06,
806000,0000060D,false,Rx,0,8,0D,10,83,B6,09,20,70,00,
844000,00000625,false,Rx,0,8,25,00,59,86,01,54,5C,06,
875000,000002C4,false,Rx,0,8,09,00,00,00,73,02,00,00,
875000,000002C5,false,Rx,0,8,00,00,00,00,00,00,00,00,
875000,000002C6,false,Rx,0,8,32,00,7C,01,00,00,00,00,
906000,0000060D,false,Rx,0,8,0D,10,83,B6,09,20,70,00,
915000,00000054,false,Rx,0,8,01,05,00,01,73,02,00,00,
916000,00000055,false,Rx,0,8,10,27,00,00,00,00,00,00,
916000,00000056,false,Rx,0,8,10,27,00,00,00,00,00,00,
916000,00000057,false,Rx,0,8,00,00,FE,FF,FE,FF,00,00,
943000,00000625,false,Rx,0,8,25,00,59,86,01,54,5C,06,
5000,0000060D,false,Rx,0,8,0D,10,83,B6,09,20,70,00,
43000,00000625,false,Rx,0,8,25,00,59,86,01,54,5C,06,
95000,000002C4,false,Rx,0,8,09,00,00,00,73,02,00,00,
95000,000002C5,false,Rx,0,8,00,00,00,00,00,00,00,00,
96000,000002C6,false,Rx,0,8,32,00,7C,01,00,00,00,00,
107000,0000060D,false,Rx,0,8,0D,10,83,B6,09,20,70,00,
0,00000054,false,Rx,0,8,01,05,00,01,73,02,00,00,
0,00000055,false,Rx,0,8,10,27,00,00,00,00,00,00,
116000,00000056,false,Rx,0,8,10,27,00,00,00,00,00,00,
117000,00000057,false,Rx,0,8,00,00,FE,FF,FE,FF,00,00,
144000,00000625,false,Rx,0,8,25,00,59,86,01,54,5C,06,
207000,0000060D,false,Rx,0,8,0D,10,83,B6,09,20,70,00,
244000,00000625,false,Rx,0,8,25,00,59,86,01,54,5C,06,
306000,0000060D,false,Rx,0,8,0D,10,83,B6,09,20,70,00,
314000,000002C4,false,Rx,0,8,09,00,00,00,73,02,00,00,
315000,000002C5,false,Rx,0,8,00,00,00,00,00,00,00,00,
315000,000002C6,false,Rx,0,8,32,00,7C,01,00,00,00,00,
0,00000054,false,Rx,0,8,01,05,00,01,73,02,00,00,
0,00000055,false,Rx,0,8,10,27,00,00,00,00,00,00,
316000,00000056,false,Rx,0,8,10,27,00,00,00,00,00,00,
317000,00000057,false,Rx,0,8,00,00,FE,FF,FE,FF,00,00,
343000,00000625,false,Rx,0,8,25,00,59,86,01,54,5C,06,
406000,0000060D,false,Rx,0,8,0D,10,83,B6,09,20,70,00,
443000,00000625,false,Rx,0,8,25,00,59,86,01,54,5C,06,
506000,0000060D,false,Rx,0,8,0D,10,83,B6,09,20,70,00,
0,00000054,false,Rx,0,8,01,05,00,01,73,02,00,00,
0,00000055,false,Rx,0,8,10,27,00,00,00,00,00,00,
516000,00000056,false,Rx,0,8,10,27,00,00,00,00,00,00,
517000,00000057,false,Rx,0,8,00,00,FE,FF,FE,FF,00,00,
534000,000002C4,false,Rx,0,8,09,00,00,00,73,02,00,00,
534000,000002C5,false,Rx,0,8,00,00,00,00,00,00,00,00,
534000,000002C6,false,Rx,0,8,32,00,7C,01,00,00,00,00,
543000,00000625,false,Rx,0,8,25,00,59,86,01,54,5C,06,
606000,0000060D,false,Rx,0,8,0D,10,83,B6,09,20,70,00,
644000,00000625,false,Rx,0,8,25,00,59,86,01,54,5C,06,
707000,0000060D,false,Rx,0,8,0D,10,83,B6,09,20,70,00,
0,00000054,false,Rx,0,8,01,05,00,01,73,02,00,00,
0,00000055,false,Rx,0,8,10,27,00,00,00,00,00,00,
0,00000056,false,Rx,0,8,10,27,00,00,00,00,00,00,
0,00000057,false,Rx,0,8,00,00,FE,FF,FE,FF,00,00,
744000,00000625,false,Rx,0,8,25,00,59,86,01,54,5C,06,
754000,000002C4,false,Rx,0,8,09,00,00,00,73,02,00,00,
754000,000002C5,false,Rx,0,8,00,00,00,00,00,00,00,00,
754000,000002C6,false,Rx,0,8,32,00,7C,01,00,00,00,00,
806000,0000060D,false,Rx,0,8,0D,10,83,B6,09,20,70,00,
844000,00000625,false,Rx,0,8,25,00,59,86,01,54,5C,06,
906000,0000060D,false,Rx,0,8,0D,10,83,B6,09,20,70,00,
916000,00000054,false,Rx,0,8,01,05,00,01,73,02,00,00,
916000,00000055,false,Rx,0,8,10,27,00,00,00,00,00,00,
916000,00000056,false,Rx,0,8,10,27,00,00,00,00,00,00,
917000,00000057,false,Rx,0,8,00,00,FE,FF,FE,FF,00,00,
943000,00000625,false,Rx,0,8,25,00,59,86,01,54,5C,06,
975000,000002C4,false,Rx,0,8,09,00,00,00,73,02,00,00,
975000,000002C5,false,Rx,0,8,00,00,00,00,00,00,00,00,
976000,000002C6,false,Rx,0,8,32,00,7C,01,00,00,00,00,
5000,0000060D,false,Rx,0,8,0D,10,83,B6,09,20,70,00,
44000,00000625,false,Rx,0,8,25,00,59,86,01,54,5C,06,
106000,0000060D,false,Rx,0,8,0D,10,83,B6,09,20,70,00,
116000,00000054,false,Rx,0,8,01,05,00,01,73,02,00,00,
116000,00000055,false,Rx,0,8,10,27,00,00,00,00,00,00,
116000,00000056,false,Rx,0,8,10,27,00,00,00,00,00,00,
117000,00000057,false,Rx,0,8,00,00,FE,FF,FE,FF,00,00,
143000,00000625,false,Rx,0,8,25,00,59,86,01,54,5C,06,
195000,000002C4,false,Rx,0,8,09,00,00,00,73,02,00,00,
195000,000002C5,false,Rx,0,8,00,00,00,00,00,00,00,00,
195000,000002C6,false,Rx,0,8,32,00,7C,01,00,00,00,00,
206000,0000060D,false,Rx,0,8,0D,10,83,B6,09,20,70,00,
244000,00000625,false,Rx,0,8,25,00,59,86,01,54,5C,06,
307000,0000060D,false,Rx,0,8,0D,10,83,B6,09,20,70,00,
316000,00000054,false,Rx,0,8,01,05,00,01,73,02,00,00,
316000,00000055,false,Rx,0,8,10,27,00,00,00,00,00,00,
317000,00000056,false,Rx,0,8,10,27,00,00,00,00,00,00,
317000,00000057,false,Rx,0,8,00,00,FE,FF,FE,FF,00,00,
343000,00000625,false,Rx,0,8,25,00,59,86,01,54,5C,06,
407000,0000060D,false,Rx,0,8,0D,10,83,B6,09,20,70,00,
0,000002C4,false,Rx,0,8,09,00,00,00,73,02,00,00,
0,000002C5,false,Rx,0,8,00,00,00,00,00,00,00,00,
0,000002C6,false,Rx,0,8,32,00,7C,01,00,00,00,00,
444000,00000625,false,Rx,0,8,25,00,59,86,01,54,5C,06,
506000,0000060D,false,Rx,0,8,0D,10,83,B6,09,20,70,00,
516000,00000054,false,Rx,0,8,01,05,00,01,73,02,00,00,
516000,00000055,false,Rx,0,8,10,27,00,00,00,00,00,00,
0,00000056,false,Rx,0,8,10,27,00,00,00,00,00,00,
0,00000057,false,Rx,0,8,00,00,FE,FF,FE,FF,00,00,
544000,00000625,false,Rx,0,8,25,00,59,86,01,54,5C,06,
606000,0000060D,false,Rx,0,8,0D,10,83,B6,09,20,70,00,
0,000002C4,false,Rx,0,8,09,00,00,00,73,02,00,00,
0,000002C5,false,Rx,0,8,00,00,00,00,00,00,00,00,
635000,000002C6,false,Rx,0,8,32,00,7C,01,00,00,00,00,
643000,00000625,false,Rx,0,8,25,00,59,86,01,54,5C,06,
706000,0000060D,false,Rx,0,8,0D,10,83,B6,09,20,70,00,
716000,00000054,false,Rx,0,8,01,05,00,01,73,02,00,00,
716000,00000055,false,Rx,0,8,10,27,00,00,00,00,00,00,
716000,00000056,false,Rx,0,8,10,27,00,00,00,00,00,00,
717000,00000057,false,Rx,0,8,00,00,FE,FF,FE,FF,00,00,
743000,00000625,false,Rx,0,8,25,00,59,86,01,54,5C,06,
806000,0000060D,false,Rx,0,8,0D,10,83,B6,09,20,70,00,
843000,00000625,false,Rx,0,8,25,00,59,86,01,54,5C,06,
0,000002C4,false,Rx,0,8,09,00,00,00,73,02,00,00,
0,000002C5,false,Rx,0,8,00,00,00,00,00,00,00,00,
0,000002C6,false,Rx,0,8,32,00,7C,01,00,00,00,00,
906000,0000060D,false,Rx,0,8,0D,10,83,B6,09,20,70,00,
916000,00000054,false,Rx,0,8,01,05,00,01,73,02,00,00,
916000,00000055,false,Rx,0,8,10,27,00,00,00,00,00,00,
916000,00000056,false,Rx,0,8,10,27,00,00,00,00,00,00,
917000,00000057,false,Rx,0,8,00,00,FE,FF,FE,FF,00,00,
944000,00000625,false,Rx,0,8,25,00,59,86,01,54,5C,06,
6000,0000060D,false,Rx,0,8,0D,10,83,B6,09,20,70,00,
44000,00000625,false,Rx,0,8,25,00,59,86,01,54,5C,06,
0,000002C4,false,Rx,0,8,09,00,00,00,73,02,00,00,
0,000002C5,false,Rx,0,8,00,00,00,00,00,00,00,00,
75000,000002C6,false,Rx,0,8,32,00,7C,01,00,00,00,00,
106000,0000060D,false,Rx,0,8,0D,10,83,B6,09,20,70,00,
115000,00000054,false,Rx,0,8,01,05,00,01,73,02,00,00,
116000,00000055,false,Rx,0,8,10,27,00,00,00,00,00,00,
116000,00000056,false,Rx,0,8,10,27,00,00,00,00,00,00,
117000,00000057,false,Rx,0,8,00,00,FE,FF,FE,FF,00,00,
143000,00000625,false,Rx,0,8,25,00,59,86,01,54,5C,06,
205000,0000060D,false,Rx,0,8,0D,10,83,B6,09,20,70,00,
243000,00000625,false,Rx,0,8,25,00,59,86,01,54,5C,06,
295000,000002C4,false,Rx,0,8,09,00,00,00,73,02,00,00,
295000,000002C5,false,Rx,0,8,00,00,00,00,00,00,00,00,
295000,000002C6,false,Rx,0,8,32,00,7C,01,00,00,00,00,
306000,0000060D,false,Rx,0,8,0D,10,83,B6,09,20,70,00,
316000,00000054,false,Rx,0,8,01,05,00,01,73,02,00,00,
0,00000055,false,Rx,0,8,10,27,00,00,00,00,00,00,
0,00000056,false,Rx,0,8,10,27,00,00,00,00,00,00,
316000,00000057,false,Rx,0,8,00,00,FE,FF,FE,FF,00,00,
344000,00000625,false,Rx,0,8,25,00,59,86,01,54,5C,06,
406000,0000060D,false,Rx,0,8,0D,10,83,B6,09,20,70,00,
443000,00000625,false,Rx,0,8,25,00,59,86,01,54,5C,06,
506000,0000060D,false,Rx,0,8,0D,10,83,B6,09,20,70,00,
0,000002C4,false,Rx,0,8,09,00,00,00,73,02,00,00,
0,000002C5,false,Rx,0,8,00,00,00,00,00,00,00,00,
515000,000002C6,false,Rx,0,8,32,00,7C,01,00,00,00,00,
0,00000054,false,Rx,0,8,01,05,00,01,73,02,00,00,
0,00000055,false,Rx,0,8,10,27,00,00,00,00,00,00,
0,00000056,false,Rx,0,8,10,27,00,00,00,00,00,00,
0,00000057,false,Rx,0,8,00,00,FE,FF,FE,FF,00,00,
544000,00000625,false,Rx,0,8,25,00,59,86,01,54,5C,06,
606000,0000060D,false,Rx,0,8,0D,10,83,B6,09,20,70,00,
644000,00000625,false,Rx,0,8,25,00,59,86,01,54,5C,06,
707000,0000060D,false,Rx,0,8,0D,10,83,B6,09,20,70,00,
716000,00000054,false,Rx,0,8,01,05,00,01,73,02,00,00,
716000,00000055,false,Rx,0,8,10,27,00,00,00,00,00,00,
717000,00000056,false,Rx,0,8,10,27,00,00,00,00,00,00,
717000,00000057,false,Rx,0,8,00,00,FE,FF,FE,FF,00,00,
0,000002C4,false,Rx,0,8,09,00,00,00,73,02,00,00,
0,000002C5,false,Rx,0,8,00,00,00,00,00,00,00,00,
735000,000002C6,false,Rx,0,8,32,00,7C,01,00,00,00,00,
744000,00000625,false,Rx,0,8,25,00,59,86,01,54,5C,06,
806000,0000060D,false,Rx,0,8,0D,10,83,B6,09,20,70,00,
843000,00000625,false,Rx,0,8,25,00,59,86,01,54,5C,06,
906000,0000060D,false,Rx,0,8,0D,10,83,B6,09,20,70,00,
0,00000054,false,Rx,0,8,01,05,00,01,73,02,00,00,
0,00000055,false,Rx,0,8,10,27,00,00,00,00,00,00,
0,00000056,false,Rx,0,8,10,27,00,00,00,00,00,00,
0,00000057,false,Rx,0,8,00,00,FE,FF,FE,FF,00,00,
943000,00000625,false,Rx,0,8,25,00,59,86,01,54,5C,06,
0,000002C4,false,Rx,0,8,09,00,00,00,73,02,00,00,
0,000002C5,false,Rx,0,8,00,00,00,00,00,00,00,00,
955000,000002C6,false,Rx,0,8,32,00,7C,01,00,00,00,00,
6000,0000060D,false,Rx,0,8,0D,10,83,B6,09,20,70,00,
43000,00000625,false,Rx,0,8,25,00,59,86,01,54,5C,06,
107000,0000060D,false,Rx,0,8,0D,10,83,B6,09,20,70,00,
0,00000054,false,Rx,0,8,01,05,00,01,73,02,00,00,
0,00000055,false,Rx,0,8,10,27,00,00,00,00,00,00,
0,00000056,false,Rx,0,8,10,27,00,00,00,00,00,00,
0,00000057,false,Rx,0,8,00,00,FE,FF,FE,FF,00,00,
144000,00000625,false,Rx,0,8,25,00,59,86,01,54,5C,06,
0,000002C4,false,Rx,0,8,09,00,00,00,73,02,00,00,
0,000002C5,false,Rx,0,8,00,00,00,00,00,00,00,00,
175000,000002C6,false,Rx,0,8,32,00,7C,01,00,00,00,00,
207000,0000060D,false,Rx,0,8,0D,10,83,B6,09,20,70,00,
244000,00000625,false,Rx,0,8,25,00,59,86,01,54,5C,06,
306000,0000060D,false,Rx,0,8,0D,10,83,B6,09,20,70,00,
316000,00000054,false,Rx,0,8,01,05,00,01,73,02,00,00,
316000,00000055,false,Rx,0,8,10,27,00,00,00,00,00,00,
317000,00000056,false,Rx,0,8,10,27,00,00,00,00,00,00,
317000,00000057,false,Rx,0,8,00,00,FE,FF,FE,FF,00,00,
343000,00000625,false,Rx,0,8,25,00,59,86,01,54,5C,06,
395000,000002C4,false,Rx,0,8,09,00,00,00,73,02,00,00,
395000,000002C5,false,Rx,0,8,00,00,00,00,00,00,00,00,
395000,000002C6,false,Rx,0,8,32,00,7C,01,00,00,00,00,
406000,0000060D,false,Rx,0,8,0D,10,83,B6,09,20,70,00,
443000,00000625,false,Rx,0,8,25,00,59,86,01,54,5C,06,
506000,0000060D,false,Rx,0,8,0D,10,83,B6,09,20,70,00,
516000,00000054,false,Rx,0,8,01,05,00,01,73,02,00,00,
0,00000055,false,Rx,0,8,10,27,00,00,00,00,00,00,
0,00000056,false,Rx,0,8,10,27,00,00,00,00,00,00,
0,00000057,false,Rx,0,8,00,00,FE,FF,FE,FF,00,00,
544000,00000625,false,Rx,0,8,25,00,59,86,01,54,5C,06,
607000,0000060D,false,Rx,0,8,0D,10,83,B6,09,20,70,00,
615000,000002C4,false,Rx,0,8,09,00,00,00,73,02,00,00,
615000,000002C5,false,Rx,0,8,00,00,00,00,00,00,00,00,
615000,000002C6,false,Rx,0,8,32,00,7C,01,00,00,00,00,
644000,00000625,false,Rx,0,8,25,00,59,86,01,54,5C,06,
706000,0000060D,false,Rx,0,8,0D,10,83,B6,09,20,70,00,
715000,00000054,false,Rx,0,8,01,05,00,01,73,02,00,00,
716000,00000055,false,Rx,0,8,10,27,00,00,00,00,00,00,
716000,00000056,false,Rx,0,8,10,27,00,00,00,00,00,00,
716000,00000057,false,Rx,0,8,00,00,FE,FF,FE,FF,00,00,
743000,00000625,false,Rx,0,8,25,00,59,86,01,54,5C,06,
806000,0000060D,false,Rx,0,8,0D,10,83,B6,09,20,70,00,
834000,000002C4,false,Rx,0,8,09,00,00,00,73,02,00,00,
834000,000002C5,false,Rx,0,8,00,00,00,00,00,00,00,00,
835000,000002C6,false,Rx,0,8,32,00,7C,01,00,00,00,00,
843000,00000625,false,Rx,0,8,25,00,59,86,01,54,5C,06,
906000,0000060D,false,Rx,0,8,0D,10,83,B6,09,20,70,00,
0,00000054,false,Rx,0,8,01,05,00,01,73,02,00,00,
0,00000055,false,Rx,0,8,10,27,00,00,00,00,00,00,
916000,00000056,false,Rx,0,8,10,27,00,00,00,00,00,00,
917000,00000057,false,Rx,0,8,00,00,FE,FF,FE,FF,00,00,
944000,00000625,false,Rx,0,8,25,00,59,86,01,54,5C,06,
6000,0000060D,false,Rx,0,8,0D,10,83,B6,09,20,70,00,
43000,00000625,false,Rx,0,8,25,00,59,86,01,54,5C,06,
55000,000002C4,false,Rx,0,8,09,00,00,00,73,02,00,00,
0,000002C5,false,Rx,0,8,00,00,00,00,00,00,00,00,
0,000002C6,false,Rx,0,8,32,00,7C,01,00,00,00,00,
107000,0000060D,false,Rx,0,8,0D,10,83,B6,09,20,70,00,
0,00000054,false,Rx,0,8,01,05,00,01,73,02,00,00,
0,00000055,false,Rx,0,8,10,27,00,00,00,00,00,00,
0,00000056,false,Rx,0,8,10,27,00,00,00,00,00,00,
116000,00000057,false,Rx,0,8,00,00,FE,FF,FE,FF,00,00,
144000,00000625,false,Rx,0,8,25,00,59,86,01,54,5C,06,
206000,0000060D,false,Rx,0,8,0D,10,83,B6,09,20,70,00,
243000,00000625,false,Rx,0,8,25,00,59,86,01,54,5C,06,
0,000002C4,false,Rx,0,8,09,00,00,00,73,02,00,00,
0,000002C5,false,Rx,0,8,00,00,00,00,00,00,00,00,
275000,000002C6,false,Rx,0,8,32,00,7C,01,00,00,00,00,
307000,0000060D,false,Rx,0,8,0D,10,83,B6,09,20,70,00,
316000,00000054,false,Rx,0,8,01,05,00,01,73,02,00,00,
316000,00000055,false,Rx,0,8,10,27,00,00,00,00,00,00,
316000,00000056,false,Rx,0,8,10,27,00,00,00,00,00,00,
316000,00000057,false,Rx,0,8,00,00,FE,FF,FE,FF,00,00,
344000,00000625,false,Rx,0,8,25,00,59,86,01,54,5C,06,
406000,0000060D,false,Rx,0,8,0D,10,83,B6,09,20,70,00,
443000,00000625,false,Rx,0,8,25,00,59,86,01,54,5C,06,
495000,000002C4,false,Rx,0,8,09,00,00,00,73,02,00,00,
495000,000002C5,false,Rx,0,8,00,00,00,00,00,00,00,00,
495000,000002C6,false,Rx,0,8,32,00,7C,01,00,00,00,00,
506000,0000060D,false,Rx,0,8,0D,10,83,B6,09,20,70,00,
0,00000054,false,Rx,0,8,01,05,00,01,73,02,00,00,
0,00000055,false,Rx,0,8,10,27,00,00,00,00,00,00,
516000,00000056,false,Rx,0,8,10,27,00,00,00,00,00,00,
517000,00000057,false,Rx,0,8,00,00,FE,FF,FE,FF,00,00,
544000,00000625,false,Rx,0,8,25,00,59,86,01,54,5C,06,
607000,0000060D,false,Rx,0,8,0D,10,83,B6,09,20,70,00,
643000,00000625,false,Rx,0,8,25,00,59,86,01,54,5C,06,
706000,0000060D,false,Rx,0,8,0D,10,83,B6,09,20,70,00,
0,000002C4,false,Rx,0,8,09,00,00,00,73,02,00,00,
0,000002C5,false,Rx,0,8,00,00,00,00,00,00,00,00,
715000,000002C6,false,Rx,0,8,32,00,7C,01,00,00,00,00,
716000,00000054,false,Rx,0,8,01,05,00,01,73,02,00,00,
716000,00000055,false,Rx,0,8,10,27,00,00,00,00,00,00,
716000,00000056,false,Rx,0,8,10,27,00,00,00,00,00,00,
716000,00000057,false,Rx,0,8,00,00,FE,FF,FE,FF,00,00,
743000,00000625,false,Rx,0,8,25,00,59,86,01,54,5C,06,
806000,0000060D,false,Rx,0,8,0D,10,83,B6,09,20,70,00,
844000,00000625,false,Rx,0,8,25,00,59,86,01,54,5C,06,
906000,0000060D,false,Rx,0,8,0D,10,83,B6,09,20,70,00,
916000,00000054,false,Rx,0,8,01,05,00,01,73,02,00,00,
916000,00000055,false,Rx,0,8,10,27,00,00,00,00,00,00,
917000,00000056,false,Rx,0,8,10,27,00,00,00,00,00,00,
917000,00000057,false,Rx,0,8,00,00,FE,FF,FE,FF,00,00,
935000,000002C4,false,Rx,0,8,09,00,00,00,73,02,00,00,
935000,000002C5,false,Rx,0,8,00,00,00,00,00,00,00,00,
935000,000002C6,false,Rx,0,8,32,00,7C,01,00,00,00,00,
943000,00000625,false,Rx,0,8,25,00,59,86,01,54,5C,06,
6000,0000060D,false,Rx,0,8,0D,10,83,B6,09,20,70,00,
44000,00000625,false,Rx,0,8,25,00,59,86,01,54,5C,06,
106000,0000060D,false,Rx,0,8,0D,10,83,B6,09,20,70,00,
116000,00000054,false,Rx,0,8,01,05,00,01,73,02,00,00,
116000,00000055,false,Rx,0,8,10,27,00,00,00,00,00,00,
117000,00000056,false,Rx,0,8,10,27,00,00,00,00,00,00,
117000,00000057,false,Rx,0,8,00,00,FE,FF,FE,FF,00,00,
144000,00000625,false,Rx,0,8,25,00,59,86,01,54,5C,06,
155000,000002C4,false,Rx,0,8,09,00,00,00,73,02,00,00,
155000,000002C5,false,Rx,0,8,00,00,00,00,00,00,00,00,
155000,000002C6,false,Rx,0,8,32,00,7C,01,00,00,00,00,
206000,0000060D,false,Rx,0,8,0D,10,83,B6,09,20,70,00,
243000,00000625,false,Rx,0,8,25,00,59,86,01,54,5C,06,
306000,0000060D,false,Rx,0,8,0D,10,83,B6,09,20,70,00,
316000,00000054,false,Rx,0,8,01,05,00,01,73,02,00,00,
316000,00000055,false,Rx,0,8,10,27,00,00,00,00,00,00,
316000,00000056,false,Rx,0,8,10,27,00,00,00,00,00,00,
316000,00000057,false,Rx,0,8,00,00,FE,FF,FE,FF,00,00,
343000,00000625,false,Rx,0,8,25,00,59,86,01,54,5C,06,
374000,000002C4,false,Rx,0,8,09,00,00,00,73,02,00,00,
375000,000002C5,false,Rx,0,8,00,00,00,00,00,00,00,00,
375000,000002C6,false,Rx,0,8,32,00,7C,01,00,00,00,00,
406000,0000060D,false,Rx,0,8,0D,10,83,B6,09,20,70,00,
444000,00000625,false,Rx,0,8,25,00,59,86,01,54,5C,06,
506000,0000060D,false,Rx,0,8,0D,10,83,B6,09,20,70,00,
0,00000054,false,Rx,0,8,01,05,00,01,73,02,00,00,
0,00000055,false,Rx,0,8,10,27,00,00,00,00,00,00,
0,00000056,false,Rx,0,8,10,27,00,00,00,00,00,00,
0,00000057,false,Rx,0,8,00,00,FE,FF,FE,FF,00,00,
544000,00000625,false,Rx,0,8,25,00,59,86,01,54,5C,06,
594000,000002C4,false,Rx,0,8,09,00,00,00,73,02,00,00,
595000,000002C5,false,Rx,0,8,00,00,00,00,00,00,00,00,
595000,000002C6,false,Rx,0,8,32,00,7C,01,00,00,00,00,
607000,0000060D,false,Rx,0,8,0D,10,83,B6,09,20,70,00,
643000,00000625,false,Rx,0,8,25,00,59,86,01,54,5C,06,
706000,0000060D,false,Rx,0,8,0D,10,83,B6,09,20,70,00,
716000,00000054,false,Rx,0,8,01,05,00,01,73,02,00,00,
717000,00000055,false,Rx,0,8,10,27,00,00,00,00,00,00,
717000,00000056,false,Rx,0,8,10,27,00,00,00,00,00,00,
717000,00000057,false,Rx,0,8,00,00,FE,FF,FE,FF,00,00,
744000,00000625,false,Rx,0,8,25,00,59,86,01,54,5C,06,
806000,0000060D,false,Rx,0,8,0D,10,83,B6,09,20,70,00,
0,000002C4,false,Rx,0,8,09,00,00,00,73,02,00,00,
0,000002C5,false,Rx,0,8,00,00,00,00,00,00,00,00,
0,000002C6,false,Rx,0,8,32,00,7C,01,00,00,00,00,
844000,00000625,false,Rx,0,8,25,00,59,86,01,54,5C,06,
906000,0000060D,false,Rx,0,8,0D,10,83,B6,09,20,70,00,
916000,00000054,false,Rx,0,8,01,05,00,01,73,02,00,00,
916000,00000055,false,Rx,0,8,10,27,00,00,00,00,00,00,
0,00000056,false,Rx,0,8,10,27,00,00,00,00,00,00,
0,00000057,false,Rx,0,8,00,00,FE,FF,FE,FF,00,00,
943000,00000625,false,Rx,0,8,25,00,59,86,01,54,5C,06,
6000,0000060D,false,Rx,0,8,0D,10,83,B6,09,20,70,00,
0,000002C4,false,Rx,0,8,09,00,00,00,73,02,00,00,
0,000002C5,false,Rx,0,8,00,00,00,00,00,00,00,00,
0,000002C6,false,Rx,0,8,32,00,7C,01,00,00,00,00,
43000,00000625,false,Rx,0,8,25,00,59,86,01,54,5C,06,
106000,0000060D,false,Rx,0,8,0D,10,83,B6,09,20,70,00,
0,00000054,false,Rx,0,8,01,05,00,01,73,02,00,00,
0,00000055,false,Rx,0,8,10,27,00,00,00,00,00,00,
117000,00000056,false,Rx,0,8,10,27,00,00,00,00,00,00,
117000,00000057,false,Rx,0,8,00,00,FE,FF,FE,FF,00,00,
144000,00000625,false,Rx,0,8,25,00,59,86,01,54,5C,06,
206000,0000060D,false,Rx,0,8,0D,10,83,B6,09,20,70,00,
244000,00000625,false,Rx,0,8,25,00,59,86,01,54,5C,06,
255000,000002C4,false,Rx,0,8,09,00,00,00,73,02,00,00,
255000,000002C5,false,Rx,0,8,00,00,00,00,00,00,00,00,
256000,000002C6,false,Rx,0,8,32,00,7C,01,00,00,00,00,
306000,0000060D,false,Rx,0,8,0D,10,83,B6,09,20,70,00,
0,00000054,false,Rx,0,8,01,05,00,01,73,02,00,00,
0,00000055,false,Rx,0,8,10,27,00,00,00,00,00,00,
0,00000056,false,Rx,0,8,10,27,00,00,00,00,00,00,
316000,00000057,false,Rx,0,8,00,00,FE,FF,FE,FF,00,00,
344000,00000625,false,Rx,0,8,25,00,59,86,01,54,5C,06,
406000,0000060D,false,Rx,0,8,0D,10,83,B6,09,20,70,00,
443000,00000625,false,Rx,0,8,25,00,59,86,01,54,5C,06,
474000,000002C4,false,Rx,0,8,09,00,00,00,73,02,00,00,
474000,000002C5,false,Rx,0,8,00,00,00,00,00,00,00,00,
475000,000002C6,false,Rx,0,8,32,00,7C,01,00,00,00,00,
506000,0000060D,false,Rx,0,8,0D,10,83,B6,09,20,70,00,
516000,00000054,false,Rx,0,8,01,05,00,01,73,02,00,00,
516000,00000055,false,Rx,0,8,10,27,00,00,00,00,00,00,
517000,00000056,false,Rx,0,8,10,27,00,00,00,00,00,00,
517000,00000057,false,Rx,0,8,00,00,FE,FF,FE,FF,00,00,
543000,00000625,false,Rx,0,8,25,00,59,86,01,54,5C,06,
606000,0000060D,false,Rx,0,8,0D,10,83,B6,09,20,70,00,
644000,00000625,false,Rx,0,8,25,00,59,86,01,54,5C,06,
695000,000002C4,false,Rx,0,8,09,00,00,00,73,02,00,00,
695000,000002C5,false,Rx,0,8,00,00,00,00,00,00,00,00,
695000,000002C6,false,Rx,0,8,32,00,7C,01,00,00,00,00,
706000,0000060D,false,Rx,0,8,0D,10,83,B6,09,20,70,00,
715000,00000054,false,Rx,0,8,01,05,00,01,73,02,00,00,
716000,00000055,false,Rx,0,8,10,27,00,00,00,00,00,00,
0,00000056,false,Rx,0,8,10,27,00,00,00,00,00,00,
0,00000057,false,Rx,0,8,00,00,FE,FF,FE,FF,00,00,
744000,00000625,false,Rx,0,8,25,00,59,86,01,54,5C,06,
806000,0000060D,false,Rx,0,8,0D,10,83,B6,09,20,70,00,
844000,00000625,false,Rx,0,8,25,00,59,86,01,54,5C,06,
906000,0000060D,false,Rx,0,8,0D,10,83,B6,09,20,70,00,
914000,000002C4,false,Rx,0,8,09,00,00,00,73,02,00,00,
915000,000002C5,false,Rx,0,8,00,00,00,00,00,00,00,00,
915000,000002C6,false,Rx,0,8,32,00,7C,01,00,00,00,00,
916000,00000054,false,Rx,0,8,01,05,00,01,73,02,00,00,
916000,00000055,false,Rx,0,8,10,27,00,00,00,00,00,00,
916000,00000056,false,Rx,0,8,10,27,00,00,00,00,00,00,
917000,00000057,false,Rx,0,8,00,00,FE,FF,FE,FF,00,00,
943000,00000625,false,Rx,0,8,25,00,59,86,01,54,5C,06,
6000,0000060D,false,Rx,0,8,0D,10,83,B6,09,20,70,00,
43000,00000625,false,Rx,0,8,25,00,59,86,01,54,5C,06,
106000,0000060D,false,Rx,0,8,0D,10,83,B6,09,20,70,00,
116000,00000054,false,Rx,0,8,01,05,00,01,73,02,00,00,
0,00000055,false,Rx,0,8,10,27,00,00,00,00,00,00,
0,00000056,false,Rx,0,8,10,27,00,00,00,00,00,00,
117000,00000057,false,Rx,0,8,00,00,FE,FF,FE,FF,00,00,
135000,000002C4,false,Rx,0,8,09,00,00,00,73,02,00,00,
135000,000002C5,false,Rx,0,8,00,00,00,00,00,00,00,00,
135000,000002C6,false,Rx,0,8,32,00,7C,01,00,00,00,00,
143000,00000625,false,Rx,0,8,25,00,59,86,01,54,5C,06,
206000,0000060D,false,Rx,0,8,0D,10,83,B6,09,20,70,00,
243000,00000625,false,Rx,0,8,25,00,59,86,01,54,5C,06,
307000,0000060D,false,Rx,0,8,0D,10,83,B6,09,20,70,00,
316000,00000054,false,Rx,0,8,01,05,00,01,73,02,00,00,
316000,00000055,false,Rx,0,8,10,27,00,00,00,00,00,00,
316000,00000056,false,Rx,0,8,10,27,00,00,00,00,00,00,
317000,00000057,false,Rx,0,8,00,00,FE,FF,FE,FF,00,00,
343000,00000625,false,Rx,0,8,25,00,59,86,01,54,5C,06,
355000,000002C4,false,Rx,0,8,09,00,00,00,73,02,00,00,
355000,000002C5,false,Rx,0,8,00,00,00,00,00,00,00,00,
355000,000002C6,false,Rx,0,8,32,00,7C,01,00,00,00,00,
406000,0000060D,false,Rx,0,8,0D,10,83,B6,09,20,70,00,
443000,00000625,false,Rx,0,8,25,00,59,86,01,54,5C,06,
506000,0000060D,false,Rx,0,8,0D,10,83,B6,09,20,70,00,
0,00000054,false,Rx,0,8,01,05,00,01,73,02,00,00,
0,00000055,false,Rx,0,8,10,27,00,00,00,00,00,00,
0,00000056,false,Rx,0,8,10,27,00,00,00,00,00,00,
0,00000057,false,Rx,0,8,00,00,FE,FF,FE,FF,00,00,
544000,00000625,false,Rx,0,8,25,00,59,86,01,54,5C,06,
575000,000002C4,false,Rx,0,8,09,00,00,00,73,02,00,00,
575000,000002C5,false,Rx,0,8,00,00,00,00,00,00,00,00,
575000,000002C6,false,Rx,0,8,32,00,7C,01,00,00,00,00,
606000,0000060D,false,Rx,0,8,0D,10,83,B6,09,20,70,00,
644000,00000625,false,Rx,0,8,25,00,59,86,01,54,5C,06,
706000,0000060D,false,Rx,0,8,0D,10,83,B6,09,20,70,00,
716000,00000054,false,Rx,0,8,01,05,00,01,73,02,00,00,
0,00000055,false,Rx,0,8,10,27,00,00,00,00,00,00,
0,00000056,false,Rx,0,8,10,27,00,00,00,00,00,00,
717000,00000057,false,Rx,0,8,00,00,FE,FF,FE,FF,00,00,
744000,00000625,false,Rx,0,8,25,00,59,86,01,54,5C,06,
795000,000002C4,false,Rx,0,8,09,00,00,00,73,02,00,00,
795000,000002C5,false,Rx,0,8,00,00,00,00,00,00,00,00,
795000,000002C6,false,Rx,0,8,32,00,7C,01,00,00,00,00,
806000,0000060D,false,Rx,0,8,0D,10,83,B6,09,20,70,00,
844000,00000625,false,Rx,0,8,25,00,59,86,01,54,5C,06,
906000,0000060D,false,Rx,0,8,0D,10,83,B6,09,20,70,00,
916000,00000054,false,Rx,0,8,01,05,00,01,73,02,00,00,
916000,00000055,false,Rx,0,8,10,27,00,00,00,00,00,00,
916000,00000056,false,Rx,0,8,10,27,00,00,00,00,00,00,
917000,00000057,false,Rx,0,8,00,00,FE,FF,FE,FF,00,00,
943000,00000625,false,Rx,0,8,25,00,59,86,01,54,5C,06,
6000,0000060D,false,Rx,0,8,0D,10,83,B6,09,20,70,00,
14000,000002C4,false,Rx,0,8,09,00,00,00,73,02,00,00,
15000,000002C5,false,Rx,0,8,00,00,00,00,00,00,00,00,
15000,000002C6,false,Rx,0,8,32,00,7C,01,00,00,00,00,
43000,00000625,false,Rx,0,8,25,00,59,86,01,54,5C,06,
105000,0000060D,false,Rx,0,8,0D,10,83,B6,09,20,70,00,
0,00000054,false,Rx,0,8,01,05,00,01,73,02,00,00,
0,00000055,false,Rx,0,8,10,27,00,00,00,00,00,00,
0,00000056,false,Rx,0,8,10,27,00,00,00,00,00,00,
0,00000057,false,Rx,0,8,00,00,FE,FF,FE,FF,00,00,
144000,00000625,false,Rx,0,8,25,00,59,86,01,54,5C,06,
206000,0000060D,false,Rx,0,8,0D,10,83,B6,09,20,70,00,
235000,000002C4,false,Rx,0,8,09,00,00,00,73,02,00,00,
235000,000002C5,false,Rx,0,8,00,00,00,00,00,00,00,00,
235000,000002C6,false,Rx,0,8,32,00,7C,01,00,00,00,00,
244000,00000625,false,Rx,0,8,25,00,59,86,01,54,5C,06,
307000,0000060D,false,Rx,0,8,0D,10,83,B6,09,20,70,00,
316000,00000054,false,Rx,0,8,01,05,00,01,73,02,00,00,
316000,00000055,false,Rx,0,8,10,27,00,00,00,00,00,00,
317000,00000056,false,Rx,0,8,10,27,00,00,00,00,00,00,
317000,00000057,false,Rx,0,8,00,00,FE,FF,FE,FF,00,00,
344000,00000625,false,Rx,0,8,25,00,59,86,01,54,5C,06,
406000,0000060D,false,Rx,0,8,0D,10,83,B6,09,20,70,00,
444000,00000625,false,Rx,0,8,25,00,59,86,01,54,5C,06,
0,000002C4,false,Rx,0,8,09,00,00,00,73,02,00,00,
0,000002C5,false,Rx,0,8,00,00,00,00,00,00,00,00,
0,000002C6,false,Rx,0,8,32,00,7C,01,00,00,00,00,
506000,0000060D,false,Rx,0,8,0D,10,83,B6,09,20,70,00,
515000,00000054,false,Rx,0,8,01,05,00,01,73,02,00,00,
0,00000055,false,Rx,0,8,10,27,00,00,00,00,00,00,
0,00000056,false,Rx,0,8,10,27,00,00,00,00,00,00,
517000,00000057,false,Rx,0,8,00,00,FE,FF,FE,FF,00,00,
544000,00000625,false,Rx,0,8,25,00,59,86,01,54,5C,06,
606000,0000060D,false,Rx,0,8,0D,10,83,B6,09,20,70,00,
643000,00000625,false,Rx,0,8,25,00,59,86,01,54,5C,06,
675000,000002C4,false,Rx,0,8,09,00,00,00,73,02,00,00,
675000,000002C5,false,Rx,0,8,00,00,00,00,00,00,00,00,
675000,000002C6,false,Rx,0,8,32,00,7C,01,00,00,00,00,
706000,0000060D,false,Rx,0,8,0D,10,83,B6,09,20,70,00,
716000,00000054,false,Rx,0,8,01,05,00,01,73,02,00,00,
716000,00000055,false,Rx,0,8,10,27,00,00,00,00,00,00,
717000,00000056,false,Rx,0,8,10,27,00,00,00,00,00,00,
717000,00000057,false,Rx,0,8,00,00,FE,FF,FE,FF,00,00,
743000,00000625,false,Rx,0,8,25,00,59,86,01,54,5C,06,
807000,0000060D,false,Rx,0,8,0D,10,83,B6,09,20,70,00,
843000,00000625,false,Rx,0,8,25,00,59,86,01,54,5C,06,
895000,000002C4,false,Rx,0,8,09,00,00,00,73,02,00,00,
895000,000002C5,false,Rx,0,8,00,00,00,00,00,00,00,00,
895000,000002C6,false,Rx,0,8,32,00,7C,01,00,00,00,00,
906000,0000060D,false,Rx,0,8,0D,10,83,B6,09,20,70,00,
916000,00000054,false,Rx,0,8,01,05,00,01,73,02,00,00,
916000,00000055,false,Rx,0,8,10,27,00,00,00,00,00,00,
917000,00000056,false,Rx,0,8,10,27,00,00,00,00,00,00,
917000,00000057,false,Rx,0,8,00,00,FE,FF,FE,FF,00,00,
943000,00000625,false,Rx,0,8,25,00,59,86,01,54,5C,06,
7000,0000060D,false,Rx,0,8,0D,10,83,B6,09,20,70,00,
44000,00000625,false,Rx,0,8,25,00,59,86,01,54,5C,06,
106000,0000060D,false,Rx,0,8,0D,10,83,B6,09,20,70,00,
115000,000002C4,false,Rx,0,8,09,00,00,00,73,02,00,00,
115000,000002C5,false,Rx,0,8,00,00,00,00,00,00,00,00,
115000,000002C6,false,Rx,0,8,32,00,7C,01,00,00,00,00,
116000,00000054,false,Rx,0,8,01,05,00,01,73,02,00,00,
116000,00000055,false,Rx,0,8,10,27,00,00,00,00,00,00,
116000,00000056,false,Rx,0,8,10,27,00,00,00,00,00,00,
116000,00000057,false,Rx,0,8,00,00,FE,FF,FE,FF,00,00,
143000,00000625,false,Rx,0,8,25,00,59,86,01,54,5C,06,
206000,0000060D,false,Rx,0,8,0D,10,83,B6,09,20,70,00,
244000,00000625,false,Rx,0,8,25,00,59,86,01,54,5C,06,
306000,0000060D,false,Rx,0,8,0D,10,83,B6,09,20,70,00,
0,00000054,false,Rx,0,8,01,05,00,01,73,02,00,00,
0,00000055,false,Rx,0,8,10,27,00,00,00,00,00,00,
317000,00000056,false,Rx,0,8,10,27,00,00,00,00,00,00,
317000,00000057,false,Rx,0,8,00,00,FE,FF,FE,FF,00,00,
334000,000002C4,false,Rx,0,8,09,00,00,00,73,02,00,00,
334000,000002C5,false,Rx,0,8,00,00,00,00,00,00,00,00,
335000,000002C6,false,Rx,0,8,32,00,7C,01,00,00,00,00,
343000,00000625,false,Rx,0,8,25,00,59,86,01,54,5C,06,
406000,0000060D,false,Rx,0,8,0D,10,83,B6,09,20,70,00,
444000,00000625,false,Rx,0,8,25,00,59,86,01,54,5C,06,
506000,0000060D,false,Rx,0,8,0D,10,83,B6,09,20,70,00,
515000,00000054,false,Rx,0,8,01,05,00,01,73,02,00,00,
516000,00000055,false,Rx,0,8,10,27,00,00,00,00,00,00,
0,00000056,false,Rx,0,8,10,27,00,00,00,00,00,00,
0,00000057,false,Rx,0,8,00,00,FE,FF,FE,FF,00,00,
544000,00000625,false,Rx,0,8,25,00,59,86,01,54,5C,06,
0,000002C4,false,Rx,0,8,09,00,00,00,73,02,00,00,
0,000002C5,false,Rx,0,8,00,00,00,00,00,00,00,00,
0,000002C6,false,Rx,0,8,32,00,7C,01,00,00,00,00,
606000,0000060D,false,Rx,0,8,0D,10,83,B6,09,20,70,00,
643000,00000625,false,Rx,0,8,25,00,59,86,01,54,5C,06,
707000,0000060D,false,Rx,0,8,0D,10,83,B6,09,20,70,00,
716000,00000054,false,Rx,0,8,01,05,00,01,73,02,00,00,
716000,00000055,false,Rx,0,8,10,27,00,00,00,00,00,00,
716000,00000056,false,Rx,0,8,10,27,00,00,00,00,00,00,
717000,00000057,false,Rx,0,8,00,00,FE,FF,FE,FF,00,00,
743000,00000625,false,Rx,0,8,25,00,59,86,01,54,5C,06,
0,000002C4,false,Rx,0,8,09,00,00,00,73,02,00,00,
0,000002C5,false,Rx,0,8,00,00,00,00,00,00,00,00,
0,000002C6,false,Rx,0,8,32,00,7C,01,00,00,00,00,
807000,0000060D,false,Rx,0,8,0D,10,83,B6,09,20,70,00,
843000,00000625,false,Rx,0,8,25,00,59,86,01,54,5C,06,
907000,0000060D,false,Rx,0,8,0D,10,83,B6,09,20,70,00,
916000,00000054,false,Rx,0,8,01,05,00,01,73,02,00,00,
916000,00000055,false,Rx,0,8,10,27,00,00,00,00,00,00,
916000,00000056,false,Rx,0,8,10,27,00,00,00,00,00,00,
916000,00000057,false,Rx,0,8,00,00,FE,FF,FE,FF,00,00,
944000,00000625,false,Rx,0,8,25,00,59,86,01,54,5C,06,
0,000002C4,false,Rx,0,8,09,00,00,00,73,02,00,00,
0,000002C5,false,Rx,0,8,00,00,00,00,00,00,00,00,
995000,000002C6,false,Rx,0,8,32,00,7C,01,00,00,00,00,
6000,0000060D,false,Rx,0,8,0D,10,83,B6,09,20,70,00,
43000,00000625,false,Rx,0,8,25,00,59,86,01,54,5C,06,
107000,0000060D,false,Rx,0,8,0D,10,83,B6,09,20,70,00,
116000,00000054,false,Rx,0,8,01,05,00,01,73,02,00,00,
116000,00000055,false,Rx,0,8,10,27,00,00,00,00,00,00,
116000,00000056,false,Rx,0,8,10,27,00,00,00,00,00,00,
117000,00000057,false,Rx,0,8,00,00,FE,FF,FE,FF,00,00,
144000,00000625,false,Rx,0,8,25,00,59,86,01,54,5C,06,
206000,0000060D,false,Rx,0,8,0D,10,83,B6,09,20,70,00,
0,000002C4,false,Rx,0,8,09,00,00,00,73,02,00,00,
0,000002C5,false,Rx,0,8,00,00,00,00,00,00,00,00,
215000,000002C6,false,Rx,0,8,32,00,7C,01,00,00,00,00,
244000,00000625,false,Rx,0,8,25,00,59,86,01,54,5C,06,
306000,0000060D,false,Rx,0,8,0D,10,83,B6,09,20,70,00,
316000,00000054,false,Rx,0,8,01,05,00,01,73,02,00,00,
316000,00000055,false,Rx,0,8,10,27,00,00,00,00,00,00,
316000,00000056,false,Rx,0,8,10,27,00,00,00,00,00,00,
317000,00000057,false,Rx,0,8,00,00,FE,FF,FE,FF,00,00,
344000,00000625,false,Rx,0,8,25,00,59,86,01,54,5C,06,
406000,0000060D,false,Rx,0,8,0D,10,83,B6,09,20,70,00,
0,000002C4,false,Rx,0,8,09,00,00,00,73,02,00,00,
0,000002C5,false,Rx,0,8,00,00,00,00,00,00,00,00,
435000,000002C6,false,Rx,0,8,32,00,7C,01,00,00,00,00,
444000,00000625,false,Rx,0,8,25,00,59,86,01,54,5C,06,
506000,0000060D,false,Rx,0,8,0D,10,83,B6,09,20,70,00,
0,00000054,false,Rx,0,8,01,05,00,01,73,02,00,00,
0,00000055,false,Rx,0,8,10,27,00,00,00,00,00,00,
0,00000056,false,Rx,0,8,10,27,00,00,00,00,00,00,
0,00000057,false,Rx,0,8,00,00,FE,FF,FE,FF,00,00,
544000,00000625,false,Rx,0,8,25,00,59,86,01,54,5C,06,
607000,0000060D,false,Rx,0,8,0D,10,83,B6,09,20,70,00,
643000,00000625,false,Rx,0,8,25,00,59,86,01,54,5C,06,
655000,000002C4,false,Rx,0,8,09,00,00,00,73,02,00,00,
655000,000002C5,false,Rx,0,8,00,00,00,00,00,00,00,00,
655000,000002C6,false,Rx,0,8,32,00,7C,01,00,00,00,00,
706000,0000060D,false,Rx,0,8,0D,10,83,B6,09,20,70,00,
716000,00000054,false,Rx,0,8,01,05,00,01,73,02,00,00,
716000,00000055,false,Rx,0,8,10,27,00,00,00,00,00,00,
0,00000056,false,Rx,0,8,10,27,00,00,00,00,00,00,
0,00000057,false,Rx,0,8,00,00,FE,FF,FE,FF,00,00,
744000,00000625,false,Rx,0,8,25,00,59,86,01,54,5C,06,
807000,0000060D,false,Rx,0,8,0D,10,83,B6,09,20,70,00,
843000,00000625,false,Rx,0,8,25,00,59,86,01,54,5C,06,
0,000002C4,false,Rx,0,8,09,00,00,00,73,02,00,00,
0,000002C5,false,Rx,0,8,00,00,00,00,00,00,00,00,
876000,000002C6,false,Rx,0,8,32,00,7C,01,00,00,00,00,
906000,0000060D,false,Rx,0,8,0D,10,83,B6,09,20,70,00,
916000,00000054,false,Rx,0,8,01,05,00,01,73,02,00,00,
0,00000055,false,Rx,0,8,10,27,00,00,00,00,00,00,
0,00000056,false,Rx,0,8,10,27,00,00,00,00,00,00,
916000,00000057,false,Rx,0,8,00,00,FE,FF,FE,FF,00,00,
943000,00000625,false,Rx,0,8,25,00,59,86,01,54,5C,06,
6000,0000060D,false,Rx,0,8,0D,10,83,B6,09,20,70,00,
44000,00000625,false,Rx,0,8,25,00,59,86,01,54,5C,06,
94000,000002C4,false,Rx,0,8,09,00,00,00,73,02,00,00,
94000,000002C5,false,Rx,0,8,00,00,00,00,00,00,00,00,
95000,000002C6,false,Rx,0,8,32,00,7C,01,00,00,00,00,
106000,0000060D,false,Rx,0,8,0D,10,83,B6,09,20,70,00,
116000,00000054,false,Rx,0,8,01,05,00,01,73,02,00,00,
116000,00000055,false,Rx,0,8,10,27,00,00,00,00,00,00,
116000,00000056,false,Rx,0,8,10,27,00,00,00,00,00,00,
116000,00000057,false,Rx,0,8,00,00,FE,FF,FE,FF,00,00,
144000,00000625,false,Rx,0,8,25,00,59,86,01,54,5C,06,
206000,0000060D,false,Rx,0,8,0D,10,83,B6,09,20,70,00,
244000,00000625,false,Rx,0,8,25,00,59,86,01,54,5C,06,
306000,0000060D,false,Rx,0,8,0D,10,83,B6,09,20,70,00,
315000,000002C4,false,Rx,0,8,09,00,00,00,73,02,00,00,
315000,000002C5,false,Rx,0,8,00,00,00,00,00,00,00,00,
315000,000002C6,false,Rx,0,8,32,00,7C,01,00,00,00,00,
316000,00000054,false,Rx,0,8,01,05,00,01,73,02,00,00,
316000,00000055,false,Rx,0,8,10,27,00,00,00,00,00,00,
316000,00000056,false,Rx,0,8,10,27,00,00,00,00,00,00,
317000,00000057,false,Rx,0,8,00,00,FE,FF,FE,FF,00,00,
344000,00000625,false,Rx,0,8,25,00,59,86,01,54,5C,06,
407000,0000060D,false,Rx,0,8,0D,10,83,B6,09,20,70,00,
444000,00000625,false,Rx,0,8,25,00,59,86,01,54,5C,06,
506000,0000060D,false,Rx,0,8,0D,10,83,B6,09,20,70,00,
0,00000054,false,Rx,0,8,01,05,00,01,73,02,00,00,
0,00000055,false,Rx,0,8,10,27,00,00,00,00,00,00,
516000,00000056,false,Rx,0,8,10,27,00,00,00,00,00,00,
516000,00000057,false,Rx,0,8,00,00,FE,FF,FE,FF,00,00,
0,000002C4,false,Rx,0,8,09,00,00,00,73,02,00,00,
0,000002C5,false,Rx,0,8,00,00,00,00,00,00,00,00,
535000,000002C6,false,Rx,0,8,32,00,7C,01,00,00,00,00,
544000,00000625,false,Rx,0,8,25,00,59,86,01,54,5C,06,
606000,0000060D,false,Rx,0,8,0D,10,83,B6,09,20,70,00,
643000,00000625,false,Rx,0,8,25,00,59,86,01,54,5C,06,
706000,0000060D,false,Rx,0,8,0D,10,83,B6,09,20,70,00,
716000,00000054,false,Rx,0,8,01,05,00,01,73,02,00,00,
716000,00000055,false,Rx,0,8,10,27,00,00,00,00,00,00,
0,00000056,false,Rx,0,8,10,27,00,00,00,00,00,00,
0,00000057,false,Rx,0,8,00,00,FE,FF,FE,FF,00,00,
744000,00000625,false,Rx,0,8,25,00,59,86,01,54,5C,06,
755000,000002C4,false,Rx,0,8,09,00,00,00,73,02,00,00,
755000,000002C5,false,Rx,0,8,00,00,00,00,00,00,00,00,
755000,000002C6,false,Rx,0,8,32,00,7C,01,00,00,00,00,
807000,0000060D,false,Rx,0,8,0D,10,83,B6,09,20,70,00,
844000,00000625,false,Rx,0,8,25,00,59,86,01,54,5C,06,
906000,0000060D,false,Rx,0,8,0D,10,83,B6,09,20,70,00,
915000,00000054,false,Rx,0,8,01,05,00,01,73,02,00,00,
916000,00000055,false,Rx,0,8,10,27,00,00,00,00,00,00,
916000,00000056,false,Rx,0,8,10,27,00,00,00,00,00,00,
916000,00000057,false,Rx,0,8,00,00,FE,FF,FE,FF,00,00,
943000,00000625,false,Rx,0,8,25,00,59,86,01,54,5C,06,
975000,000002C4,false,Rx,0,8,09,00,00,00,73,02,00,00,
975000,000002C5,false,Rx,0,8,00,00,00,00,00,00,00,00,
976000,000002C6,false,Rx,0,8,32,00,7C,01,00,00,00,00,
7000,0000060D,false,Rx,0,8,0D,10,83,B6,09,20,70,00,
43000,00000625,false,Rx,0,8,25,00,59,86,01,54,5C,06,
106000,0000060D,false,Rx,0,8,0D,10,83,B6,09,20,70,00,
0,00000054,false,Rx,0,8,01,05,00,01,73,02,00,00,
0,00000055,false,Rx,0,8,10,27,00,00,00,00,00,00,
117000,00000056,false,Rx,0,8,10,27,00,00,00,00,00,00,
118000,00000057,false,Rx,0,8,00,00,FE,FF,FE,FF,00,00,
144000,00000625,false,Rx,0,8,25,00,59,86,01,54,5C,06,
0,000002C4,false,Rx,0,8,09,00,00,00,73,02,00,00,
0,000002C5,false,Rx,0,8,00,00,00,00,00,00,00,00,
0,000002C6,false,Rx,0,8,32,00,7C,01,00,00,00,00,
205000,0000060D,false,Rx,0,8,0D,10,83,B6,09,20,70,00,
243000,00000625,false,Rx,0,8,25,00,59,86,01,54,5C,06,
306000,0000060D,false,Rx,0,8,0D,10,83,B6,09,20,70,00,
316000,00000054,false,Rx,0,8,01,05,00,01,73,02,00,00,
0,00000055,false,Rx,0,8,10,27,00,00,00,00,00,00,
0,00000056,false,Rx,0,8,10,27,00,00,00,00,00,00,
317000,00000057,false,Rx,0,8,00,00,FE,FF,FE,FF,00,00,
343000,00000625,false,Rx,0,8,25,00,59,86,01,54,5C,06,
406000,0000060D,false,Rx,0,8,0D,10,83,B6,09,20,70,00,
0,000002C4,false,Rx,0,8,09,00,00,00,73,02,00,00,
0,000002C5,false,Rx,0,8,00,00,00,00,00,00,00,00,
0,000002C6,false,Rx,0,8,32,00,7C,01,00,00,00,00,
443000,00000625,false,Rx,0,8,25,00,59,86,01,54,5C,06,
506000,0000060D,false,Rx,0,8,0D,10,83,B6,09,20,70,00,
516000,00000054,false,Rx,0,8,01,05,00,01,73,02,00,00,
516000,00000055,false,Rx,0,8,10,27,00,00,00,00,00,00,
517000,00000056,false,Rx,0,8,10,27,00,00,00,00,00,00,
517000,00000057,false,Rx,0,8,00,00,FE,FF,FE,FF,00,00,
544000,00000625,false,Rx,0,8,25,00,59,86,01,54,5C,06,
606000,0000060D,false,Rx,0,8,0D,10,83,B6,09,20,70,00,
635000,000002C4,false,Rx,0,8,09,00,00,00,73,02,00,00,
635000,000002C5,false,Rx,0,8,00,00,00,00,00,00,00,00,
635000,000002C6,false,Rx,0,8,32,00,7C,01,00,00,00,00,
644000,00000625,false,Rx,0,8,25,00,59,86,01,54,5C,06,
706000,0000060D,false,Rx,0,8,0D,10,83,B6,09,20,70,00,
716000,00000054,false,Rx,0,8,01,05,00,01,73,02,00,00,
0,00000055,false,Rx,0,8,10,27,00,00,00,00,00,00,
0,00000056,false,Rx,0,8,10,27,00,00,00,00,00,00,
717000,00000057,false,Rx,0,8,00,00,FE,FF,FE,FF,00,00,
744000,00000625,false,Rx,0,8,25,00,59,86,01,54,5C,06,
806000,0000060D,false,Rx,0,8,0D,10,83,B6,09,20,70,00,
843000,00000625,false,Rx,0,8,25,00,59,86,01,54,5C,06,
854000,000002C4,false,Rx,0,8,09,00,00,00,73,02,00,00,
855000,000002C5,false,Rx,0,8,00,00,00,00,00,00,00,00,
855000,000002C6,false,Rx,0,8,32,00,7C,01,00,00,00,00,
906000,0000060D,false,Rx,0,8,0D,10,83,B6,09,20,70,00,
916000,00000054,false,Rx,0,8,01,05,00,01,73,02,00,00,
916000,00000055,false,Rx,0,8,10,27,00,00,00,00,00,00,
916000,00000056,false,Rx,0,8,10,27,00,00,00,00,00,00,
916000,00000057,false,Rx,0,8,00,00,FE,FF,FE,FF,00,00,
943000,00000625,false,Rx,0,8,25,00,59,86,01,54,5C,06,
6000,0000060D,false,Rx,0,8,0D,10,83,B6,09,20,70,00,
43000,00000625,false,Rx,0,8,25,00,59,86,01,54,5C,06,
0,000002C4,false,Rx,0,8,09,00,00,00,73,02,00,00,
0,000002C5,false,Rx,0,8,00,00,00,00,00,00,00,00,
75000,000002C6,false,Rx,0,8,32,00,7C,01,00,00,00,00,
106000,0000060D,false,Rx,0,8,0D,10,83,B6,09,20,70,00,
0,00000054,false,Rx,0,8,01,05,00,01,73,02,00,00,
0,00000055,false,Rx,0,8,10,27,00,00,00,00,00,00,
0,00000056,false,Rx,0,8,10,27,00,00,00,00,00,00,
0,00000057,false,Rx,0,8,00,00,FE,FF,FE,FF,00,00,
143000,00000625,false,Rx,0,8,25,00,59,86,01,54,5C,06,
206000,0000060D,false,Rx,0,8,0D,10,83,B6,09,20,70,00,
243000,00000625,false,Rx,0,8,25,00,59,86,01,54,5C,06,
295000,000002C4,false,Rx,0,8,09,00,00,00,73,02,00,00,
295000,000002C5,false,Rx,0,8,00,00,00,00,00,00,00,00,
295000,000002C6,false,Rx,0,8,32,00,7C,01,00,00,00,00,
306000,0000060D,false,Rx,0,8,0D,10,83,B6,09,20,70,00,
316000,00000054,false,Rx,0,8,01,05,00,01,73,02,00,00,
316000,00000055,false,Rx,0,8,10,27,00,00,00,00,00,00,
316000,00000056,false,Rx,0,8,10,27,00,00,00,00,00,00,
317000,00000057,false,Rx,0,8,00,00,FE,FF,FE,FF,00,00,
343000,00000625,false,Rx,0,8,25,00,59,86,01,54,5C,06,
406000,0000060D,false,Rx,0,8,0D,10,83,B6,09,20,70,00,
444000,00000625,false,Rx,0,8,25,00,59,86,01,54,5C,06,
506000,0000060D,false,Rx,0,8,0D,10,83,B6,09,20,70,00,
0,000002C4,false,Rx,0,8,09,00,00,00,73,02,00,00,
0,000002C5,false,Rx,0,8,00,00,00,00,00,00,00,00,
0,000002C6,false,Rx,0,8,32,00,7C,01,00,00,00,00,
0,00000054,false,Rx,0,8,01,05,00,01,73,02,00,00,
0,00000055,false,Rx,0,8,10,27,00,00,00,00,00,00,
0,00000056,false,Rx,0,8,10,27,00,00,00,00,00,00,
517000,00000057,false,Rx,0,8,00,00,FE,FF,FE,FF,00,00,
544000,00000625,false,Rx,0,8,25,00,59,86,01,54,5C,06,
606000,0000060D,false,Rx,0,8,0D,10,83,B6,09,20,70,00,
644000,00000625,false,Rx,0,8,25,00,59,86,01,54,5C,06,
706000,0000060D,false,Rx,0,8,0D,10,83,B6,09,20,70,00,
715000,00000054,false,Rx,0,8,01,05,00,01,73,02,00,00,
715000,00000055,false,Rx,0,8,10,27,00,00,00,00,00,00,
716000,00000056,false,Rx,0,8,10,27,00,00,00,00,00,00,
716000,00000057,false,Rx,0,8,00,00,FE,FF,FE,FF,00,00,
734000,000002C4,false,Rx,0,8,09,00,00,00,73,02,00,00,
735000,000002C5,false,Rx,0,8,00,00,00,00,00,00,00,00,
735000,000002C6,false,Rx,0,8,32,00,7C,01,00,00,00,00,
744000,00000625,false,Rx,0,8,25,00,59,86,01,54,5C,06,
806000,0000060D,false,Rx,0,8,0D,10,83,B6,09,20,70,00,
844000,00000625,false,Rx,0,8,25,00,59,86,01,54,5C,06,
906000,0000060D,false,Rx,0,8,0D,10,83,B6,09,20,70,00,
916000,00000054,false,Rx,0,8,01,05,00,01,73,02,00,00,
916000,00000055,false,Rx,0,8,10,27,00,00,00,00,00,00,
916000,00000056,false,Rx,0,8,10,27,00,00,00,00,00,00,
916000,00000057,false,Rx,0,8,00,00,FE,FF,FE,FF,00,00,
944000,00000625,false,Rx,0,8,25,00,59,86,01,54,5C,06,
955000,000002C4,false,Rx,0,8,09,00,00,00,73,02,00,00,
955000,000002C5,false,Rx,0,8,00,00,00,00,00,00,00,00,
955000,000002C6,false,Rx,0,8,32,00,7C,01,00,00,00,00,
6000,0000060D,false,Rx,0,8,0D,10,83,B6,09,20,70,00,
43000,00000625,false,Rx,0,8,25,00,59,86,01,54,5C,06,
106000,0000060D,false,Rx,0,8,0D,10,83,B6,09,20,70,00,
116000,00000054,false,Rx,0,8,01,05,00,01,73,02,00,00,
0,00000055,false,Rx,0,8,10,27,00,00,00,00,00,00,
0,00000056,false,Rx,0,8,10,27,00,00,00,00,00,00,
117000,00000057,false,Rx,0,8,00,00,FE,FF,FE,FF,00,00,
144000,00000625,false,Rx,0,8,25,00,59,86,01,54,5C,06,
0,000002C4,false,Rx,0,8,09,00,00,00,73,02,00,00,
0,000002C5,false,Rx,0,8,00,00,00,00,00,00,00,00,
176000,000002C6,false,Rx,0,8,32,00,7C,01,00,00,00,00,
206000,0000060D,false,Rx,0,8,0D,10,83,B6,09,20,70,00,
244000,00000625,false,Rx,0,8,25,00,59,86,01,54,5C,06,
306000,0000060D,false,Rx,0,8,0D,10,83,B6,09,20,70,00,
315000,00000054,false,Rx,0,8,01,05,00,01,73,02,00,00,
315000,00000055,false,Rx,0,8,10,27,00,00,00,00,00,00,
316000,00000056,false,Rx,0,8,10,27,00,00,00,00,00,00,
317000,00000057,false,Rx,0,8,00,00,FE,FF,FE,FF,00,00,
343000,00000625,false,Rx,0,8,25,00,59,86,01,54,5C,06,
395000,000002C4,false,Rx,0,8,09,00,00,00,73,02,00,00,
395000,000002C5,false,Rx,0,8,00,00,00,00,00,00,00,00,
395000,000002C6,false,Rx,0,8,32,00,7C,01,00,00,00,00,
406000,0000060D,false,Rx,0,8,0D,10,83,B6,09,20,70,00,
443000,00000625,false,Rx,0,8,25,00,59,86,01,54,5C,06,
506000,0000060D,false,Rx,0,8,0D,10,83,B6,09,20,70,00,
516000,00000054,false,Rx,0,8,01,05,00,01,73,02,00,00,
516000,00000055,false,Rx,0,8,10,27,00,00,00,00,00,00,
517000,00000056,false,Rx,0,8,10,27,00,00,00,00,00,00,
517000,00000057,false,Rx,0,8,00,00,FE,FF,FE,FF,00,00,
544000,00000625,false,Rx,0,8,25,00,59,86,01,54,5C,06,
606000,0000060D,false,Rx,0,8,0D,10,83,B6,09,20,70,00,
0,000002C4,false,Rx,0,8,09,00,00,00,73,02,00,00,
0,000002C5,false,Rx,0,8,00,00,00,00,00,00,00,00,
615000,000002C6,false,Rx,0,8,32,00,7C,01,00,00,00,00,
644000,00000625,false,Rx,0,8,25,00,59,86,01,54,5C,06,
706000,0000060D,false,Rx,0,8,0D,10,83,B6,09,20,70,00,
715000,00000054,false,Rx,0,8,01,05,00,01,73,02,00,00,
715000,00000055,false,Rx,0,8,10,27,00,00,00,00,00,00,
716000,00000056,false,Rx,0,8,10,27,00,00,00,00,00,00,
716000,00000057,false,Rx,0,8,00,00,FE,FF,FE,FF,00,00,
744000,00000625,false,Rx,0,8,25,00,59,86,01,54,5C,06,
806000,0000060D,false,Rx,0,8,0D,10,83,B6,09,20,70,00,
0,000002C4,false,Rx,0,8,09,00,00,00,73,02,00,00,
0,000002C5,false,Rx,0,8,00,00,00,00,00,00,00,00,
0,000002C6,false,Rx,0,8,32,00,7C,01,00,00,00,00,
844000,00000625,false,Rx,0,8,25,00,59,86,01,54,5C,06,
906000,0000060D,false,Rx,0,8,0D,10,83,B6,09,20,70,00,
916000,00000054,false,Rx,0,8,01,05,00,01,73,02,00,00,
916000,00000055,false,Rx,0,8,10,27,00,00,00,00,00,00,
916000,00000056,false,Rx,0,8,10,27,00,00,00,00,00,00,
916000,00000057,false,Rx,0,8,00,00,FE,FF,FE,FF,00,00,
943000,00000625,false,Rx,0,8,25,00,59,86,01,54,5C,06,
6000,0000060D,false,Rx,0,8,0D,10,83,B6,09,20,70,00,
44000,00000625,false,Rx,0,8,25,00,59,86,01,54,5C,06,
0,000002C4,false,Rx,0,8,09,00,00,00,73,02,00,00,
0,000002C5,false,Rx,0,8,00,00,00,00,00,00,00,00,
0,000002C6,false,Rx,0,8,32,00,7C,01,00,00,00,00,
106000,0000060D,false,Rx,0,8,0D,10,83,B6,09,20,70,00,
116000,00000054,false,Rx,0,8,01,05,00,01,73,02,00,00,
116000,00000055,false,Rx,0,8,10,27,00,00,00,00,00,00,
116000,00000056,false,Rx,0,8,10,27,00,00,00,00,00,00,
117000,00000057,false,Rx,0,8,00,00,FE,FF,FE,FF,00,00,
144000,00000625,false,Rx,0,8,25,00,59,86,01,54,5C,06,
206000,0000060D,false,Rx,0,8,0D,10,83,B6,09,20,70,00,
244000,00000625,false,Rx,0,8,25,00,59,86,01,54,5C,06,
0,000002C4,false,Rx,0,8,09,00,00,00,73,02,00,00,
0,000002C5,false,Rx,0,8,00,00,00,00,00,00,00,00,
275000,000002C6,false,Rx,0,8,32,00,7C,01,00,00,00,00,
306000,0000060D,false,Rx,0,8,0D,10,83,B6,09,20,70,00,
316000,00000054,false,Rx,0,8,01,05,00,01,73,02,00,00,
316000,00000055,false,Rx,0,8,10,27,00,00,00,00,00,00,
316000,00000056,false,Rx,0,8,10,27,00,00,00,00,00,00,
316000,00000057,false,Rx,0,8,00,00,FE,FF,FE,FF,00,00,
343000,00000625,false,Rx,0,8,25,00,59,86,01,54,5C,06,
406000,0000060D,false,Rx,0,8,0D,10,83,B6,09,20,70,00,
444000,00000625,false,Rx,0,8,25,00,59,86,01,54,5C,06,
495000,000002C4,false,Rx,0,8,09,00,00,00,73,02,00,00,
495000,000002C5,false,Rx,0,8,00,00,00,00,00,00,00,00,
496000,000002C6,false,Rx,0,8,32,00,7C,01,00,00,00,00,
506000,0000060D,false,Rx,0,8,0D,10,83,B6,09,20,70,00,
515000,00000054,false,Rx,0,8,01,05,00,01,73,02,00,00,
515000,00000055,false,Rx,0,8,10,27,00,00,00,00,00,00,
0,00000056,false,Rx,0,8,10,27,00,00,00,00,00,00,
0,00000057,false,Rx,0,8,00,00,FE,FF,FE,FF,00,00,
544000,00000625,false,Rx,0,8,25,00,59,86,01,54,5C,06,
606000,0000060D,false,Rx,0,8,0D,10,83,B6,09,20,70,00,
644000,00000625,false,Rx,0,8,25,00,59,86,01,54,5C,06,
707000,0000060D,false,Rx,0,8,0D,10,83,B6,09,20,70,00,
0,000002C4,false,Rx,0,8,09,00,00,00,73,02,00,00,
0,000002C5,false,Rx,0,8,00,00,00,00,00,00,00,00,
0,000002C6,false,Rx,0,8,32,00,7C,01,00,00,00,00,
716000,00000054,false,Rx,0,8,01,05,00,01,73,02,00,00,
716000,00000055,false,Rx,0,8,10,27,00,00,00,00,00,00,
716000,00000056,false,Rx,0,8,10,27,00,00,00,00,00,00,
718000,00000057,false,Rx,0,8,00,00,FE,FF,FE,FF,00,00,
744000,00000625,false,Rx,0,8,25,00,59,86,01,54,5C,06,
806000,0000060D,false,Rx,0,8,0D,10,83,B6,09,20,70,00,
844000,00000625,false,Rx,0,8,25,00,59,86,01,54,5C,06,
906000,0000060D,false,Rx,0,8,0D,10,83,B6,09,20,70,00,
915000,00000054,false,Rx,0,8,01,05,00,01,73,02,00,00,
916000,00000055,false,Rx,0,8,10,27,00,00,00,00,00,00,
916000,00000056,false,Rx,0,8,10,27,00,00,00,00,00,00,
916000,00000057,false,Rx,0,8,00,00,FE,FF,FE,FF,00,00,
935000,000002C4,false,Rx,0,8,09,00,00,00,73,02,00,00,
935000,000002C5,false,Rx,0,8,00,00,00,00,00,00,00,00,
935000,000002C6,false,Rx,0,8,32,00,7C,01,00,00,00,00,
944000,00000625,false,Rx,0,8,25,00,59,86,01,54,5C,06,
6000,0000060D,false,Rx,0,8,0D,10,83,B6,09,20,70,00,
44000,00000625,false,Rx,0,8,25,00,59,86,01,54,5C,06,
106000,0000060D,false,Rx,0,8,0D,10,83,B6,09,20,70,00,
116000,00000054,false,Rx,0,8,01,05,00,01,73,02,00,00,
116000,00000055,false,Rx,0,8,10,27,00,00,00,00,00,00,
116000,00000056,false,Rx,0,8,10,27,00,00,00,00,00,00,
117000,00000057,false,Rx,0,8,00,00,FE,FF,FE,FF,00,00,
143000,00000625,false,Rx,0,8,25,00,59,86,01,54,5C,06,
155000,000002C4,false,Rx,0,8,09,00,00,00,73,02,00,00,
155000,000002C5,false,Rx,0,8,00,00,00,00,00,00,00,00,
155000,000002C6,false,Rx,0,8,32,00,7C,01,00,00,00,00,
206000,0000060D,false,Rx,0,8,0D,10,83,B6,09,20,70,00,
244000,00000625,false,Rx,0,8,25,00,59,86,01,54,5C,06,
306000,0000060D,false,Rx,0,8,0D,10,83,B6,09,20,70,00,
315000,00000054,false,Rx,0,8,01,05,00,01,73,02,00,00,
315000,00000055,false,Rx,0,8,10,27,00,00,00,00,00,00,
317000,00000056,false,Rx,0,8,10,27,00,00,00,00,00,00,
317000,00000057,false,Rx,0,8,00,00,FE,FF,FE,FF,00,00,
344000,00000625,false,Rx,0,8,25,00,59,86,01,54,5C,06,
0,000002C4,false,Rx,0,8,09,00,00,00,73,02,00,00,
0,000002C5,false,Rx,0,8,00,00,00,00,00,00,00,00,
376000,000002C6,false,Rx,0,8,32,00,7C,01,00,00,00,00,
406000,0000060D,false,Rx,0,8,0D,10,83,B6,09,20,70,00,
444000,00000625,false,Rx,0,8,25,00,59,86,01,54,5C,06,
506000,0000060D,false,Rx,0,8,0D,10,83,B6,09,20,70,00,
0,00000054,false,Rx,0,8,01,05,00,01,73,02,00,00,
0,00000055,false,Rx,0,8,10,27,00,00,00,00,00,00,
0,00000056,false,Rx,0,8,10,27,00,00,00,00,00,00,
517000,00000057,false,Rx,0,8,00,00,FE,FF,FE,FF,00,00,
545000,00000625,false,Rx,0,8,25,00,59,86,01,54,5C,06,
0,000002C4,false,Rx,0,8,09,00,00,00,73,02,00,00,
0,000002C5,false,Rx,0,8,00,00,00,00,00,00,00,00,
0,000002C6,false,Rx,0,8,32,00,7C,01,00,00,00,00,
606000,0000060D,false,Rx,0,8,0D,10,83,B6,09,20,70,00,
644000,00000625,false,Rx,0,8,25,00,59,86,01,54,5C,06,
706000,0000060D,false,Rx,0,8,0D,10,83,B6,09,20,70,00,
0,00000054,false,Rx,0,8,01,05,00,01,73,02,00,00,
0,00000055,false,Rx,0,8,10,27,00,00,00,00,00,00,
0,00000056,false,Rx,0,8,10,27,00,00,00,00,00,00,
717000,00000057,false,Rx,0,8,00,00,FE,FF,FE,FF,00,00,
744000,00000625,false,Rx,0,8,25,00,59,86,01,54,5C,06,
806000,0000060D,false,Rx,0,8,0D,10,83,B6,09,20,70,00,
0,000002C4,false,Rx,0,8,09,00,00,00,73,02,00,00,
0,000002C5,false,Rx,0,8,00,00,00,00,00,00,00,00,
0,000002C6,false,Rx,0,8,32,00,7C,01,00,00,00,00,
844000,00000625,false,Rx,0,8,25,00,59,86,01,54,5C,06,
906000,0000060D,false,Rx,0,8,0D,10,83,B6,09,20,70,00,
0,00000054,false,Rx,0,8,01,05,00,01,73,02,00,00,
0,00000055,false,Rx,0,8,10,27,00,00,00,00,00,00,
916000,00000056,false,Rx,0,8,10,27,00,00,00,00,00,00,
917000,00000057,false,Rx,0,8,00,00,FE,FF,FE,FF,00,00,
944000,00000625,false,Rx,0,8,25,00,59,86,01,54,5C,06,
6000,0000060D,false,Rx,0,8,0D,10,83,B6,09,20,70,00,
35000,000002C4,false,Rx,0,8,09,00,00,00,73,02,00,00,
35000,000002C5,false,Rx,0,8,00,00,00,00,00,00,00,00,
35000,000002C6,false,Rx,0,8,32,00,7C,01,00,00,00,00,
44000,00000625,false,Rx,0,8,25,00,59,86,01,54,5C,06,
106000,0000060D,false,Rx,0,8,0D,10,83,B6,09,20,70,00,
116000,00000054,false,Rx,0,8,01,05,00,01,73,02,00,00,
0,00000055,false,Rx,0,8,10,27,00,00,00,00,00,00,
0,00000056,false,Rx,0,8,10,27,00,00,00,00,00,00,
117000,00000057,false,Rx,0,8,00,00,FE,FF,FE,FF,00,00,
144000,00000625,false,Rx,0,8,25,00,59,86,01,54,5C,06,
206000,0000060D,false,Rx,0,8,0D,10,83,B6,09,20,70,00,
244000,00000625,false,Rx,0,8,25,00,59,86,01,54,5C,06,
0,000002C4,false,Rx,0,8,09,00,00,00,73,02,00,00,
0,000002C5,false,Rx,0,8,00,00,00,00,00,00,00,00,
256000,000002C6,false,Rx,0,8,32,00,7C,01,00,00,00,00,
306000,0000060D,false,Rx,0,8,0D,10,83,B6,09,20,70,00,
0,00000054,false,Rx,0,8,01,05,00,01,73,02,00,00,
0,00000055,false,Rx,0,8,10,27,00,00,00,00,00,00,
316000,00000056,false,Rx,0,8,10,27,00,00,00,00,00,00,
316000,00000057,false,Rx,0,8,00,00,FE,FF,FE,FF,00,00,
344000,00000625,false,Rx,0,8,25,00,59,86,01,54,5C,06,
407000,0000060D,false,Rx,0,8,0D,10,83,B6,09,20,70,00,
444000,00000625,false,Rx,0,8,25,00,59,86,01,54,5C,06,
0,000002C4,false,Rx,0,8,09,00,00,00,73,02,00,00,
0,000002C5,false,Rx,0,8,00,00,00,00,00,00,00,00,
475000,000002C6,false,Rx,0,8,32,00,7C,01,00,00,00,00,
506000,0000060D,false,Rx,0,8,0D,10,83,B6,09,20,70,00,
516000,00000054,false,Rx,0,8,01,05,00,01,73,02,00,00,
0,00000055,false,Rx,0,8,10,27,00,00,00,00,00,00,
0,00000056,false,Rx,0,8,10,27,00,00,00,00,00,00,
517000,00000057,false,Rx,0,8,00,00,FE,FF,FE,FF,00,00,
543000,00000625,false,Rx,0,8,25,00,59,86,01,54,5C,06,
606000,0000060D,false,Rx,0,8,0D,10,83,B6,09,20,70,00,
644000,00000625,false,Rx,0,8,25,00,59,86,01,54,5C,06,
695000,000002C4,false,Rx,0,8,09,00,00,00,73,02,00,00,
695000,000002C5,false,Rx,0,8,00,00,00,00,00,00,00,00,
695000,000002C6,false,Rx,0,8,32,00,7C,01,00,00,00,00,
706000,0000060D,false,Rx,0,8,0D,10,83,B6,09,20,70,00,
716000,00000054,false,Rx,0,8,01,05,00,01,73,02,00,00,
716000,00000055,false,Rx,0,8,10,27,00,00,00,00,00,00,
716000,00000056,false,Rx,0,8,10,27,00,00,00,00,00,00,
717000,00000057,false,Rx,0,8,00,00,FE,FF,FE,FF,00,00,
744000,00000625,false,Rx,0,8,25,00,59,86,01,54,5C,06,
807000,0000060D,false,Rx,0,8,0D,10,83,B6,09,20,70,00,
844000,00000625,false,Rx,0,8,25,00,59,86,01,54,5C,06,
906000,0000060D,false,Rx,0,8,0D,10,83,B6,09,20,70,00,
0,000002C4,false,Rx,0,8,09,00,00,00,73,02,00,00,
0,000002C5,false,Rx,0,8,00,00,00,00,00,00,00,00,
915000,000002C6,false,Rx,0,8,32,00,7C,01,00,00,00,00,
916000,00000054,false,Rx,0,8,01,05,00,01,73,02,00,00,
916000,00000055,false,Rx,0,8,10,27,00,00,00,00,00,00,
0,00000056,false,Rx,0,8,10,27,00,00,00,00,00,00,
0,00000057,false,Rx,0,8,00,00,FE,FF,FE,FF,00,00,
944000,00000625,false,Rx,0,8,25,00,59,86,01,54,5C,06,
6000,0000060D,false,Rx,0,8,0D,10,83,B6,09,20,70,00,
44000,00000625,false,Rx,0,8,25,00,59,86,01,54,5C,06,
106000,0000060D,false,Rx,0,8,0D,10,83,B6,09,20,70,00,
0,00000054,false,Rx,0,8,01,05,00,01,73,02,00,00,
0,00000055,false,Rx,0,8,10,27,00,00,00,00,00,00,
117000,00000056,false,Rx,0,8,10,27,00,00,00,00,00,00,
117000,00000057,false,Rx,0,8,00,00,FE,FF,FE,FF,00,00,
0,000002C4,false,Rx,0,8,09,00,00,00,73,02,00,00,
0,000002C5,false,Rx,0,8,00,00,00,00,00,00,00,00,
135000,000002C6,false,Rx,0,8,32,00,7C,01,00,00,00,00,
144000,00000625,false,Rx,0,8,25,00,59,86,01,54,5C,06,
207000,0000060D,false,Rx,0,8,0D,10,83,B6,09,20,70,00,
244000,00000625,false,Rx,0,8,25,00,59,86,01,54,5C,06,
306000,0000060D,false,Rx,0,8,0D,10,83,B6,09,20,70,00,
0,00000054,false,Rx,0,8,01,05,00,01,73,02,00,00,
0,00000055,false,Rx,0,8,10,27,00,00,00,00,00,00,
0,00000056,false,Rx,0,8,10,27,00,00,00,00,00,00,
316000,00000057,false,Rx,0,8,00,00,FE,FF,FE,FF,00,00,
344000,00000625,false,Rx,0,8,25,00,59,86,01,54,5C,06,
0,000002C4,false,Rx,0,8,09,00,00,00,73,02,00,00,
0,000002C5,false,Rx,0,8,00,00,00,00,00,00,00,00,
0,000002C6,false,Rx,0,8,32,00,7C,01,00,00,00,00,
406000,0000060D,false,Rx,0,8,0D,10,83,B6,09,20,70,00,
443000,00000625,false,Rx,0,8,25,00,59,86,01,54,5C,06,
506000,0000060D,false,Rx,0,8,0D,10,83,B6,09,20,70,00,
0,00000054,false,Rx,0,8,01,05,00,01,73,02,00,00,
0,00000055,false,Rx,0,8,10,27,00,00,00,00,00,00,
0,00000056,false,Rx,0,8,10,27,00,00,00,00,00,00,
518000,00000057,false,Rx,0,8,00,00,FE,FF,FE,FF,00,00,
544000,00000625,false,Rx,0,8,25,00,59,86,01,54,5C,06,
0,000002C4,false,Rx,0,8,09,00,00,00,73,02,00,00,
0,000002C5,false,Rx,0,8,00,00,00,00,00,00,00,00,
0,000002C6,false,Rx,0,8,32,00,7C,01,00,00,00,00,
606000,0000060D,false,Rx,0,8,0D,10,83,B6,09,20,70,00,
644000,00000625,false,Rx,0,8,25,00,59,86,01,54,5C,06,
706000,0000060D,false,Rx,0,8,0D,10,83,B6,09,20,70,00,
0,00000054,false,Rx,0,8,01,05,00,01,73,02,00,00,
0,00000055,false,Rx,0,8,10,27,00,00,00,00,00,00,
0,00000056,false,Rx,0,8,10,27,00,00,00,00,00,00,
0,00000057,false,Rx,0,8,00,00,FE,FF,FE,FF,00,00,
744000,00000625,false,Rx,0,8,25,00,59,86,01,54,5C,06,
0,000002C4,false,Rx,0,8,09,00,00,00,73,02,00,00,
0,000002C5,false,Rx,0,8,00,00,00,00,00,00,00,00,
0,000002C6,false,Rx,0,8,32,00,7C,01,00,00,00,00,
806000,0000060D,false,Rx,0,8,0D,10,83,B6,09,20,70,00,
844000,00000625,false,Rx,0,8,25,00,59,86,01,54,5C,06,
906000,0000060D,false,Rx,0,8,0D,10,83,B6,09,20,70,00,
0,00000054,false,Rx,0,8,01,05,00,01,73,02,00,00,
0,00000055,false,Rx,0,8,10,27,00,00,00,00,00,00,
0,00000056,false,Rx,0,8,10,27,00,00,00,00,00,00,
0,00000057,false,Rx,0,8,00,00,FE,FF,FE,FF,00,00,
943000,00000625,false,Rx,0,8,25,00,59,86,01,54,5C,06,
6000,0000060D,false,Rx,0,8,0D,10,83,B6,09,20,70,00,
0,000002C4,false,Rx,0,8,09,00,00,00,73,02,00,00,
0,000002C5,false,Rx,0,8,00,00,00,00,00,00,00,00,
16000,000002C6,false,Rx,0,8,32,00,7C,01,00,00,00,00,
44000,00000625,false,Rx,0,8,25,00,59,86,01,54,5C,06,
106000,0000060D,false,Rx,0,8,0D,10,83,B6,09,20,70,00,
0,00000054,false,Rx,0,8,01,05,00,01,73,02,00,00,
0,00000055,false,Rx,0,8,10,27,00,00,00,00,00,00,
116000,00000056,false,Rx,0,8,10,27,00,00,00,00,00,00,
116000,00000057,false,Rx,0,8,00,00,FE,FF,FE,FF,00,00,
144000,00000625,false,Rx,0,8,25,00,59,86,01,54,5C,06,
207000,0000060D,false,Rx,0,8,0D,10,83,B6,09,20,70,00,
235000,000002C4,false,Rx,0,8,09,00,00,00,73,02,00,00,
235000,000002C5,false,Rx,0,8,00,00,00,00,00,00,00,00,
236000,000002C6,false,Rx,0,8,32,00,7C,01,00,00,00,00,
244000,00000625,false,Rx,0,8,25,00,59,86,01,54,5C,06,
306000,0000060D,false,Rx,0,8,0D,10,83,B6,09,20,70,00,
316000,00000054,false,Rx,0,8,01,05,00,01,73,02,00,00,
316000,00000055,false,Rx,0,8,10,27,00,00,00,00,00,00,
316000,00000056,false,Rx,0,8,10,27,00,00,00,00,00,00,
316000,00000057,false,Rx,0,8,00,00,FE,FF,FE,FF,00,00,
344000,00000625,false,Rx,0,8,25,00,59,86,01,54,5C,06,
406000,0000060D,false,Rx,0,8,0D,10,83,B6,09,20,70,00,
444000,00000625,false,Rx,0,8,25,00,59,86,01,54,5C,06,
455000,000002C4,false,Rx,0,8,09,00,00,00,73,02,00,00,
455000,000002C5,false,Rx,0,8,00,00,00,00,00,00,00,00,
456000,000002C6,false,Rx,0,8,32,00,7C,01,00,00,00,00,
506000,0000060D,false,Rx,0,8,0D,10,83,B6,09,20,70,00,
516000,00000054,false,Rx,0,8,01,05,00,01,73,02,00,00,
516000,00000055,false,Rx,0,8,10,27,00,00,00,00,00,00,
516000,00000056,false,Rx,0,8,10,27,00,00,00,00,00,00,
517000,00000057,false,Rx,0,8,00,00,FE,FF,FE,FF,00,00,
543000,00000625,false,Rx,0,8,25,00,59,86,01,54,5C,06,
606000,0000060D,false,Rx,0,8,0D,10,83,B6,09,20,70,00,
644000,00000625,false,Rx,0,8,25,00,59,86,01,54,5C,06,
675000,000002C4,false,Rx,0,8,09,00,00,00,73,02,00,00,
675000,000002C5,false,Rx,0,8,00,00,00,00,00,00,00,00,
675000,000002C6,false,Rx,0,8,32,00,7C,01,00,00,00,00,
706000,0000060D,false,Rx,0,8,0D,10,83,B6,09,20,70,00,
0,00000054,false,Rx,0,8,01,05,00,01,73,02,00,00,
0,00000055,false,Rx,0,8,10,27,00,00,00,00,00,00,
717000,00000056,false,Rx,0,8,10,27,00,00,00,00,00,00,
717000,00000057,false,Rx,0,8,00,00,FE,FF,FE,FF,00,00,
744000,00000625,false,Rx,0,8,25,00,59,86,01,54,5C,06,
807000,0000060D,false,Rx,0,8,0D,10,83,B6,09,20,70,00,
843000,00000625,false,Rx,0,8,25,00,59,86,01,54,5C,06,
0,000002C4,false,Rx,0,8,09,00,00,00,73,02,00,00,
0,000002C5,false,Rx,0,8,00,00,00,00,00,00,00,00,
895000,000002C6,false,Rx,0,8,32,00,7C,01,00,00,00,00,
907000,0000060D,false,Rx,0,8,0D,10,83,B6,09,20,70,00,
0,00000054,false,Rx,0,8,01,05,00,01,73,02,00,00,
0,00000055,false,Rx,0,8,10,27,00,00,00,00,00,00,
916000,00000056,false,Rx,0,8,10,27,00,00,00,00,00,00,
916000,00000057,false,Rx,0,8,00,00,FE,FF,FE,FF,00,00,
944000,00000625,false,Rx,0,8,25,00,59,86,01,54,5C,06,
7000,0000060D,false,Rx,0,8,0D,10,83,B6,09,20,70,00,
44000,00000625,false,Rx,0,8,25,00,59,86,01,54,5C,06,
106000,0000060D,false,Rx,0,8,0D,10,83,B6,09,20,70,00,
0,000002C4,false,Rx,0,8,09,00,00,00,73,02,00,00,
0,000002C5,false,Rx,0,8,00,00,00,00,00,00,00,00,
116000,000002C6,false,Rx,0,8,32,00,7C,01,00,00,00,00,
0,00000054,false,Rx,0,8,01,05,00,01,73,02,00,00,
0,00000055,false,Rx,0,8,10,27,00,00,00,00,00,00,
117000,00000056,false,Rx,0,8,10,27,00,00,00,00,00,00,
117000,00000057,false,Rx,0,8,00,00,FE,FF,FE,FF,00,00,
144000,00000625,false,Rx,0,8,25,00,59,86,01,54,5C,06,
205000,0000060D,false,Rx,0,8,0D,10,83,B6,09,20,70,00,
244000,00000625,false,Rx,0,8,25,00,59,86,01,54,5C,06,
307000,0000060D,false,Rx,0,8,0D,10,83,B6,09,20,70,00,
316000,00000054,false,Rx,0,8,01,05,00,01,73,02,00,00,
316000,00000055,false,Rx,0,8,10,27,00,00,00,00,00,00,
0,00000056,false,Rx,0,8,10,27,00,00,00,00,00,00,
0,00000057,false,Rx,0,8,00,00,FE,FF,FE,FF,00,00,
0,000002C4,false,Rx,0,8,09,00,00,00,73,02,00,00,
0,000002C5,false,Rx,0,8,00,00,00,00,00,00,00,00,
336000,000002C6,false,Rx,0,8,32,00,7C,01,00,00,00,00,
343000,00000625,false,Rx,0,8,25,00,59,86,01,54,5C,06,
407000,0000060D,false,Rx,0,8,0D,10,83,B6,09,20,70,00,
444000,00000625,false,Rx,0,8,25,00,59,86,01,54,5C,06,
506000,0000060D,false,Rx,0,8,0D,10,83,B6,09,20,70,00,
516000,00000054,false,Rx,0,8,01,05,00,01,73,02,00,00,
516000,00000055,false,Rx,0,8,10,27,00,00,00,00,00,00,
517000,00000056,false,Rx,0,8,10,27,00,00,00,00,00,00,
517000,00000057,false,Rx,0,8,00,00,FE,FF,FE,FF,00,00,
544000,00000625,false,Rx,0,8,25,00,59,86,01,54,5C,06,
0,000002C4,false,Rx,0,8,09,00,00,00,73,02,00,00,
0,000002C5,false,Rx,0,8,00,00,00,00,00,00,00,00,
0,000002C6,false,Rx,0,8,32,00,7C,01,00,00,00,00,
606000,0000060D,false,Rx,0,8,0D,10,83,B6,09,20,70,00,
644000,00000625,false,Rx,0,8,25,00,59,86,01,54,5C,06,
706000,0000060D,false,Rx,0,8,0D,10,83,B6,09,20,70,00,
0,00000054,false,Rx,0,8,01,05,00,01,73,02,00,00,
0,00000055,false,Rx,0,8,10,27,00,00,00,00,00,00,
716000,00000056,false,Rx,0,8,10,27,00,00,00,00,00,00,
718000,00000057,false,Rx,0,8,00,00,FE,FF,FE,FF,00,00,
743000,00000625,false,Rx,0,8,25,00,59,86,01,54,5C,06,
774000,000002C4,false,Rx,0,8,09,00,00,00,73,02,00,00,
774000,000002C5,false,Rx,0,8,00,00,00,00,00,00,00,00,
775000,000002C6,false,Rx,0,8,32,00,7C,01,00,00,00,00,
807000,0000060D,false,Rx,0,8,0D,10,83,B6,09,20,70,00,
843000,00000625,false,Rx,0,8,25,00,59,86,01,54,5C,06,
906000,0000060D,false,Rx,0,8,0D,10,83,B6,09,20,70,00,
916000,00000054,false,Rx,0,8,01,05,00,01,73,02,00,00,
916000,00000055,false,Rx,0,8,10,27,00,00,00,00,00,00,
916000,00000056,false,Rx,0,8,10,27,00,00,00,00,00,00,
917000,00000057,false,Rx,0,8,00,00,FE,FF,FE,FF,00,00,
943000,00000625,false,Rx,0,8,25,00,59,86,01,54,5C,06,
995000,000002C4,false,Rx,0,8,09,00,00,00,73,02,00,00,
995000,000002C5,false,Rx,0,8,00,00,00,00,00,00,00,00,
995000,000002C6,false,Rx,0,8,32,00,7C,01,00,00,00,00,
6000,0000060D,false,Rx,0,8,0D,10,83,B6,09,20,70,00,
44000,00000625,false,Rx,0,8,25,00,59,86,01,54,5C,06,
106000,0000060D,false,Rx,0,8,0D,10,83,B6,09,20,70,00,
0,00000054,false,Rx,0,8,01,05,00,01,73,02,00,00,
0,00000055,false,Rx,0,8,10,27,00,00,00,00,00,00,
116000,00000056,false,Rx,0,8,10,27,00,00,00,00,00,00,
117000,00000057,false,Rx,0,8,00,00,FE,FF,FE,FF,00,00,
143000,00000625,false,Rx,0,8,25,00,59,86,01,54,5C,06,
206000,0000060D,false,Rx,0,8,0D,10,83,B6,09,20,70,00,
215000,000002C4,false,Rx,0,8,09,00,00,00,73,02,00,00,
215000,000002C5,false,Rx,0,8,00,00,00,00,00,00,00,00,
215000,000002C6,false,Rx,0,8,32,00,7C,01,00,00,00,00,
243000,00000625,false,Rx,0,8,25,00,59,86,01,54,5C,06,
307000,0000060D,false,Rx,0,8,0D,10,83,B6,09,20,70,00,
316000,00000054,false,Rx,0,8,01,05,00,01,73,02,00,00,
316000,00000055,false,Rx,0,8,10,27,00,00,00,00,00,00,
0,00000056,false,Rx,0,8,10,27,00,00,00,00,00,00,
0,00000057,false,Rx,0,8,00,00,FE,FF,FE,FF,00,00,
343000,00000625,false,Rx,0,8,25,00,59,86,01,54,5C,06,
406000,0000060D,false,Rx,0,8,0D,10,83,B6,09,20,70,00,
435000,000002C4,false,Rx,0,8,09,00,00,00,73,02,00,00,
435000,000002C5,false,Rx,0,8,00,00,00,00,00,00,00,00,
436000,000002C6,false,Rx,0,8,32,00,7C,01,00,00,00,00,
444000,00000625,false,Rx,0,8,25,00,59,86,01,54,5C,06,
506000,0000060D,false,Rx,0,8,0D,10,83,B6,09,20,70,00,
516000,00000054,false,Rx,0,8,01,05,00,01,73,02,00,00,
516000,00000055,false,Rx,0,8,10,27,00,00,00,00,00,00,
516000,00000056,false,Rx,0,8,10,27,00,00,00,00,00,00,
516000,00000057,false,Rx,0,8,00,00,FE,FF,FE,FF,00,00,
543000,00000625,false,Rx,0,8,25,00,59,86,01,54,5C,06,
606000,0000060D,false,Rx,0,8,0D,10,83,B6,09,20,70,00,
643000,00000625,false,Rx,0,8,25,00,59,86,01,54,5C,06,
654000,000002C4,false,Rx,0,8,09,00,00,00,73,02,00,00,
655000,000002C5,false,Rx,0,8,00,00,00,00,00,00,00,00,
655000,000002C6,false,Rx,0,8,32,00,7C,01,00,00,00,00,
706000,0000060D,false,Rx,0,8,0D,10,83,B6,09,20,70,00,
716000,00000054,false,Rx,0,8,01,05,00,01,73,02,00,00,
716000,00000055,false,Rx,0,8,10,27,00,00,00,00,00,00,
716000,00000056,false,Rx,0,8,10,27,00,00,00,00,00,00,
716000,00000057,false,Rx,0,8,00,00,FE,FF,FE,FF,00,00,
744000,00000625,false,Rx,0,8,25,00,59,86,01,54,5C,06,
806000,0000060D,false,Rx,0,8,0D,10,83,B6,09,20,70,00,
844000,00000625,false,Rx,0,8,25,00,59,86,01,54,5C,06,
875000,000002C4,false,Rx,0,8,09,20,00,00,73,02,00,00,
875000,000002C5,false,Rx,0,8,00,00,00,00,00,00,00,00,
875000,000002C6,false,Rx,0,8,32,00,7C,01,00,00,00,00,
906000,0000060D,false,Rx,0,8,0D,10,83,B6,09,20,70,00,
916000,00000054,false,Rx,0,8,01,05,00,01,73,02,00,00,
916000,00000055,false,Rx,0,8,10,27,00,00,00,00,00,00,
916000,00000056,false,Rx,0,8,10,27,00,00,00,00,00,00,
916000,00000057,false,Rx,0,8,00,00,FE,FF,FE,FF,00,00,
944000,00000625,false,Rx,0,8,25,00,59,86,01,54,5C,06,
6000,0000060D,false,Rx,0,8,0D,10,83,B6,09,20,70,00,
43000,00000625,false,Rx,0,8,25,00,59,86,01,54,5C,06,
95000,000002C4,false,Rx,0,8,09,20,00,00,73,02,00,00,
95000,000002C5,false,Rx,0,8,00,00,00,00,00,00,00,00,
96000,000002C6,false,Rx,0,8,32,00,7C,01,00,00,00,00,
106000,0000060D,false,Rx,0,8,0D,10,83,B6,09,20,70,00,
116000,00000054,false,Rx,0,8,01,05,00,01,73,02,00,00,
116000,00000055,false,Rx,0,8,10,27,00,00,00,00,00,00,
116000,00000056,false,Rx,0,8,10,27,00,00,00,00,00,00,
117000,00000057,false,Rx,0,8,00,00,FE,FF,FE,FF,00,00,
144000,00000625,false,Rx,0,8,25,00,59,86,01,54,5C,06,
206000,0000060D,false,Rx,0,8,0D,10,83,B6,09,20,70,00,
243000,00000625,false,Rx,0,8,25,00,59,86,01,54,5C,06,
306000,0000060D,false,Rx,0,8,0D,10,83,B6,09,20,70,00,
315000,000002C4,false,Rx,0,8,09,20,00,00,73,02,00,00,
315000,000002C5,false,Rx,0,8,00,00,00,00,00,00,00,00,
316000,000002C6,false,Rx,0,8,32,00,7C,01,00,00,00,00,
316000,00000054,false,Rx,0,8,01,05,00,01,73,02,00,00,
316000,00000055,false,Rx,0,8,10,27,00,00,00,00,00,00,
317000,00000056,false,Rx,0,8,10,27,00,00,00,00,00,00,
317000,00000057,false,Rx,0,8,00,00,FE,FF,FE,FF,00,00,
344000,00000625,false,Rx,0,8,25,00,59,86,01,54,5C,06,
406000,0000060D,false,Rx,0,8,0D,10,83,B6,09,20,70,00,
444000,00000625,false,Rx,0,8,25,00,59,86,01,54,5C,06,
505000,0000060D,false,Rx,0,8,0D,10,83,B6,09,20,70,00,
516000,00000054,false,Rx,0,8,01,05,00,01,73,02,00,00,
516000,00000055,false,Rx,0,8,10,27,00,00,00,00,00,00,
516000,00000056,false,Rx,0,8,10,27,00,00,00,00,00,00,
517000,00000057,false,Rx,0,8,00,00,FE,FF,FE,FF,00,00,
0,000002C4,false,Rx,0,8,09,20,00,00,73,02,00,00,
0,000002C5,false,Rx,0,8,00,00,00,00,00,00,00,00,
535000,000002C6,false,Rx,0,8,32,00,7C,01,00,00,00,00,
543000,00000625,false,Rx,0,8,25,00,59,86,01,54,5C,06,
606000,0000060D,false,Rx,0,8,0D,10,83,B6,09,20,70,00,
644000,00000625,false,Rx,0,8,25,00,59,86,01,54,5C,06,
706000,0000060D,false,Rx,0,8,0D,10,83,B6,09,20,70,00,
716000,00000054,false,Rx,0,8,01,05,00,01,73,02,00,00,
716000,00000055,false,Rx,0,8,10,27,00,00,00,00,00,00,
717000,00000056,false,Rx,0,8,10,27,00,00,00,00,00,00,
717000,00000057,false,Rx,0,8,00,00,FE,FF,FE,FF,00,00,
744000,00000625,false,Rx,0,8,25,00,59,86,01,54,5C,06,
0,000002C4,false,Rx,0,8,09,20,00,00,73,02,00,00,
0,000002C5,false,Rx,0,8,00,00,00,00,00,00,00,00,
0,000002C6,false,Rx,0,8,32,00,7C,01,00,00,00,00,
806000,0000060D,false,Rx,0,8,0D,10,83,B6,09,20,70,00,
844000,00000625,false,Rx,0,8,25,00,59,86,01,54,5C,06,
906000,0000060D,false,Rx,0,8,0D,10,83,B6,09,20,70,00,
916000,00000054,false,Rx,0,8,01,05,00,01,73,02,00,00,
916000,00000055,false,Rx,0,8,10,27,00,00,00,00,00,00,
917000,00000056,false,Rx,0,8,10,27,00,00,00,00,00,00,
917000,00000057,false,Rx,0,8,00,00,FE,FF,FE,FF,00,00,
944000,00000625,false,Rx,0,8,25,00,59,86,01,54,5C,06,
975000,000002C4,false,Rx,0,8,09,20,00,00,73,02,00,00,
975000,000002C5,false,Rx,0,8,00,00,00,00,00,00,00,00,
975000,000002C6,false,Rx,0,8,32,00,7C,01,00,00,00,00,
6000,0000060D,false,Rx,0,8,0D,10,83,B6,09,20,70,00,
43000,00000625,false,Rx,0,8,25,00,59,86,01,54,5C,06,
106000,0000060D,false,Rx,0,8,0D,10,83,B6,09,20,70,00,
0,00000054,false,Rx,0,8,01,05,00,01,73,02,00,00,
0,00000055,false,Rx,0,8,10,27,00,00,00,00,00,00,
117000,00000056,false,Rx,0,8,10,27,00,00,00,00,00,00,
117000,00000057,false,Rx,0,8,00,00,FE,FF,FE,FF,00,00,
144000,00000625,false,Rx,0,8,25,00,59,86,01,54,5C,06,
195000,000002C4,false,Rx,0,8,09,20,00,00,73,02,00,00,
195000,000002C5,false,Rx,0,8,00,00,00,00,00,00,00,00,
196000,000002C6,false,Rx,0,8,32,00,7C,01,00,00,00,00,
206000,0000060D,false,Rx,0,8,0D,10,83,B6,09,20,70,00,
244000,00000625,false,Rx,0,8,25,00,59,86,01,54,5C,06,
306000,0000060D,false,Rx,0,8,0D,10,83,B6,09,20,70,00,
316000,00000054,false,Rx,0,8,01,05,00,01,73,02,00,00,
316000,00000055,false,Rx,0,8,10,27,00,00,00,00,00,00,
317000,00000056,false,Rx,0,8,10,27,00,00,00,00,00,00,
317000,00000057,false,Rx,0,8,00,00,FE,FF,FE,FF,00,00,
343000,00000625,false,Rx,0,8,25,00,59,86,01,54,5C,06,
406000,0000060D,false,Rx,0,8,0D,10,83,B6,09,20,70,00,
415000,000002C4,false,Rx,0,8,09,20,00,00,73,02,00,00,
415000,000002C5,false,Rx,0,8,00,00,00,00,00,00,00,00,
415000,000002C6,false,Rx,0,8,32,00,7C,01,00,00,00,00,
444000,00000625,false,Rx,0,8,25,00,59,86,01,54,5C,06,
506000,0000060D,false,Rx,0,8,0D,10,83,B6,09,20,70,00,
516000,00000054,false,Rx,0,8,01,05,00,01,73,02,00,00,
516000,00000055,false,Rx,0,8,10,27,00,00,00,00,00,00,
516000,00000056,false,Rx,0,8,10,27,00,00,00,00,00,00,
516000,00000057,false,Rx,0,8,00,00,FE,FF,FE,FF,00,00,
544000,00000625,false,Rx,0,8,25,00,59,86,01,54,5C,06,
606000,0000060D,false,Rx,0,8,0D,10,83,B6,09,20,70,00,
635000,000002C4,false,Rx,0,8,09,20,00,00,73,02,00,00,
635000,000002C5,false,Rx,0,8,00,00,00,00,00,00,00,00,
635000,000002C6,false,Rx,0,8,32,00,7C,01,00,00,00,00,
644000,00000625,false,Rx,0,8,25,00,59,86,01,54,5C,06,
706000,0000060D,false,Rx,0,8,0D,10,83,B6,09,20,70,00,
0,00000054,false,Rx,0,8,01,05,00,01,73,02,00,00,
0,00000055,false,Rx,0,8,10,27,00,00,00,00,00,00,
0,00000056,false,Rx,0,8,10,27,00,00,00,00,00,00,
717000,00000057,false,Rx,0,8,00,00,FE,FF,FE,FF,00,00,
745000,00000625,false,Rx,0,8,25,00,59,86,01,54,5C,06,
806000,0000060D,false,Rx,0,8,0D,10,83,B6,09,20,70,00,
844000,00000625,false,Rx,0,8,25,00,59,86,01,54,5C,06,
0,000002C4,false,Rx,0,8,09,20,00,00,73,02,00,00,
0,000002C5,false,Rx,0,8,00,00,00,00,00,00,00,00,
855000,000002C6,false,Rx,0,8,32,00,7C,01,00,00,00,00,
906000,0000060D,false,Rx,0,8,0D,10,83,B6,09,20,70,00,
0,00000054,false,Rx,0,8,01,05,00,01,73,02,00,00,
0,00000055,false,Rx,0,8,10,27,00,00,00,00,00,00,
916000,00000056,false,Rx,0,8,10,27,00,00,00,00,00,00,
917000,00000057,false,Rx,0,8,00,00,FE,FF,FE,FF,00,00,
944000,00000625,false,Rx,0,8,25,00,59,86,01,54,5C,06,
6000,0000060D,false,Rx,0,8,0D,10,83,B6,09,20,70,00,
44000,00000625,false,Rx,0,8,25,00,59,86,01,54,5C,06,
74000,000002C4,false,Rx,0,8,09,20,00,00,73,02,00,00,
74000,000002C5,false,Rx,0,8,00,00,00,00,00,00,00,00,
75000,000002C6,false,Rx,0,8,32,00,7C,01,00,00,00,00,
106000,0000060D,false,Rx,0,8,0D,10,83,B6,09,20,70,00,
116000,00000054,false,Rx,0,8,01,05,00,01,73,02,00,00,
116000,00000055,false,Rx,0,8,10,27,00,00,00,00,00,00,
116000,00000056,false,Rx,0,8,10,27,00,00,00,00,00,00,
117000,00000057,false,Rx,0,8,00,00,FE,FF,FE,FF,00,00,
143000,00000625,false,Rx,0,8,25,00,59,86,01,54,5C,06,
206000,0000060D,false,Rx,0,8,0D,10,83,B6,09,20,70,00,
244000,00000625,false,Rx,0,8,25,00,59,86,01,54,5C,06,
294000,000002C4,false,Rx,0,8,09,20,00,00,73,02,00,00,
294000,000002C5,false,Rx,0,8,00,00,00,00,00,00,00,00,
296000,000002C6,false,Rx,0,8,32,00,7C,01,00,00,00,00,
306000,0000060D,false,Rx,0,8,0D,10,83,B6,09,20,70,00,
0,00000054,false,Rx,0,8,01,05,00,01,73,02,00,00,
0,00000055,false,Rx,0,8,10,27,00,00,00,00,00,00,
316000,00000056,false,Rx,0,8,10,27,00,00,00,00,00,00,
317000,00000057,false,Rx,0,8,00,00,FE,FF,FE,FF,00,00,
344000,00000625,false,Rx,0,8,25,00,59,86,01,54,5C,06,
406000,0000060D,false,Rx,0,8,0D,10,83,B6,09,20,70,00,
444000,00000625,false,Rx,0,8,25,00,59,86,01,54,5C,06,
506000,0000060D,false,Rx,0,8,0D,10,83,B6,09,20,70,00,
0,000002C4,false,Rx,0,8,09,20,00,00,73,02,00,00,
0,000002C5,false,Rx,0,8,00,00,00,00,00,00,00,00,
0,000002C6,false,Rx,0,8,32,00,7C,01,00,00,00,00,
0,00000054,false,Rx,0,8,01,05,00,01,73,02,00,00,
0,00000055,false,Rx,0,8,10,27,00,00,00,00,00,00,
0,00000056,false,Rx,0,8,10,27,00,00,00,00,00,00,
517000,00000057,false,Rx,0,8,00,00,FE,FF,FE,FF,00,00,
544000,00000625,false,Rx,0,8,25,00,59,86,01,54,5C,06,
606000,0000060D,false,Rx,0,8,0D,10,83,B6,09,20,70,00,
644000,00000625,false,Rx,0,8,25,00,59,86,01,54,5C,06,
706000,0000060D,false,Rx,0,8,0D,10,83,B6,09,20,70,00,
716000,00000054,false,Rx,0,8,01,05,00,01,73,02,00,00,
716000,00000055,false,Rx,0,8,10,27,00,00,00,00,00,00,
716000,00000056,false,Rx,0,8,10,27,00,00,00,00,00,00,
717000,00000057,false,Rx,0,8,00,00,FE,FF,FE,FF,00,00,
734000,000002C4,false,Rx,0,8,09,20,00,00,73,02,00,00,
734000,000002C5,false,Rx,0,8,00,00,00,00,00,00,00,00,
735000,000002C6,false,Rx,0,8,32,00,7C,01,00,00,00,00,
744000,00000625,false,Rx,0,8,25,00,59,86,01,54,5C,06,
805000,0000060D,false,Rx,0,8,0D,10,83,B6,09,20,70,00,
844000,00000625,false,Rx,0,8,25,00,59,86,01,54,5C,06,
906000,0000060D,false,Rx,0,8,0D,10,83,B6,09,20,70,00,
916000,00000054,false,Rx,0,8,01,05,00,01,73,02,00,00,
916000,00000055,false,Rx,0,8,10,27,00,00,00,00,00,00,
916000,00000056,false,Rx,0,8,10,27,00,00,00,00,00,00,
917000,00000057,false,Rx,0,8,00,00,FE,FF,FE,FF,00,00,
943000,00000625,false,Rx,0,8,25,00,59,86,01,54,5C,06,
954000,000002C4,false,Rx,0,8,09,20,00,00,73,02,00,00,
0,000002C5,false,Rx,0,8,00,00,00,00,00,00,00,00,
0,000002C6,false,Rx,0,8,32,00,7C,01,00,00,00,00,
6000,0000060D,false,Rx,0,8,0D,10,83,B6,09,20,70,00,
44000,00000625,false,Rx,0,8,25,00,59,86,01,54,5C,06,
106000,0000060D,false,Rx,0,8,0D,10,83,B6,09,20,70,00,
0,00000054,false,Rx,0,8,01,05,00,01,73,02,00,00,
0,00000055,false,Rx,0,8,10,27,00,00,00,00,00,00,
0,00000056,false,Rx,0,8,10,27,00,00,00,00,00,00,
117000,00000057,false,Rx,0,8,00,00,FE,FF,FE,FF,00,00,
144000,00000625,false,Rx,0,8,25,00,59,86,01,54,5C,06,
0,000002C4,false,Rx,0,8,09,20,00,00,73,02,00,00,
0,000002C5,false,Rx,0,8,00,00,00,00,00,00,00,00,
0,000002C6,false,Rx,0,8,32,00,7C,01,00,00,00,00,
206000,0000060D,false,Rx,0,8,0D,10,83,B6,09,20,70,00,
244000,00000625,false,Rx,0,8,25,00,59,86,01,54,5C,06,
306000,0000060D,false,Rx,0,8,0D,10,83,B6,09,20,70,00,
316000,00000054,false,Rx,0,8,01,05,00,01,73,02,00,00,
316000,00000055,false,Rx,0,8,10,27,00,00,00,00,00,00,
0,00000056,false,Rx,0,8,10,27,00,00,00,00,00,00,
0,00000057,false,Rx,0,8,00,00,FE,FF,FE,FF,00,00,
344000,00000625,false,Rx,0,8,25,00,59,86,01,54,5C,06,
395000,000002C4,false,Rx,0,8,09,20,00,00,73,02,00,00,
395000,000002C5,false,Rx,0,8,00,00,00,00,00,00,00,00,
396000,000002C6,false,Rx,0,8,32,00,7C,01,00,00,00,00,
406000,0000060D,false,Rx,0,8,0D,10,83,B6,09,20,70,00,
444000,00000625,false,Rx,0,8,25,00,59,86,01,54,5C,06,
506000,0000060D,false,Rx,0,8,0D,10,83,B6,09,20,70,00,
516000,00000054,false,Rx,0,8,01,05,00,01,73,02,00,00,
516000,00000055,false,Rx,0,8,10,27,00,00,00,00,00,00,
517000,00000056,false,Rx,0,8,10,27,00,00,00,00,00,00,
517000,00000057,false,Rx,0,8,00,00,FE,FF,FE,FF,00,00,
544000,00000625,false,Rx,0,8,25,00,59,86,01,54,5C,06,
606000,0000060D,false,Rx,0,8,0D,10,83,B6,09,20,70,00,
0,000002C4,false,Rx,0,8,09,20,00,00,73,02,00,00,
0,000002C5,false,Rx,0,8,00,00,00,00,00,00,00,00,
615000,000002C6,false,Rx,0,8,32,00,7C,01,00,00,00,00,
644000,00000625,false,Rx,0,8,25,00,59,86,01,54,5C,06,
706000,0000060D,false,Rx,0,8,0D,10,83,B6,09,20,70,00,
0,00000054,false,Rx,0,8,01,05,00,01,73,02,00,00,
0,00000055,false,Rx,0,8,10,27,00,00,00,00,00,00,
0,00000056,false,Rx,0,8,10,27,00,00,00,00,00,00,
717000,00000057,false,Rx,0,8,00,00,FE,FF,FE,FF,00,00,
744000,00000625,false,Rx,0,8,25,00,59,86,01,54,5C,06,
746000,00000065,false,Rx,0,8,70,02,01,00,00,00,00,00,
806000,0000060D,false,Rx,0,8,0D,10,83,B6,09,20,70,00,
0,000002C4,false,Rx,0,8,09,20,00,00,73,02,00,00,
0,000002C5,false,Rx,0,8,00,00,00,00,00,00,00,00,
0,000002C6,false,Rx,0,8,32,00,7C,01,00,00,00,00,
844000,00000625,false,Rx,0,8,25,00,59,86,01,54,5C,06,
896000,00000065,false,Rx,0,8,70,02,01,00,00,00,00,00,
907000,0000060D,false,Rx,0,8,0D,10,83,B6,09,20,70,00,
916000,00000054,false,Rx,0,8,01,05,00,01,70,02,00,00,
916000,00000055,false,Rx,0,8,10,27,00,00,00,00,00,00,
916000,00000056,false,Rx,0,8,10,27,00,00,00,00,00,00,
917000,00000057,false,Rx,0,8,00,00,FE,FF,FE,FF,00,00,
943000,00000625,false,Rx,0,8,25,00,59,86,01,54,5C,06,
5000,0000060D,false,Rx,0,8,0D,10,83,B6,09,20,70,00,
44000,00000625,false,Rx,0,8,25,00,59,86,01,54,5C,06,
46000,00000065,false,Rx,0,8,70,02,01,00,00,00,00,00,
0,000002C4,false,Rx,0,8,09,20,00,00,70,02,00,00,
0,000002C5,false,Rx,0,8,00,00,00,00,00,00,00,00,
55000,000002C6,false,Rx,0,8,32,00,7C,01,00,00,00,00,
106000,0000060D,false,Rx,0,8,0D,10,83,B6,09,20,70,00,
116000,00000054,false,Rx,0,8,01,05,00,01,70,02,00,00,
116000,00000055,false,Rx,0,8,10,27,00,00,00,00,00,00,
116000,00000056,false,Rx,0,8,10,27,00,00,00,00,00,00,
117000,00000057,false,Rx,0,8,00,00,FE,FF,FE,FF,00,00,
143000,00000625,false,Rx,0,8,25,00,59,86,01,54,5C,06,
196000,00000065,false,Rx,0,8,70,02,01,00,00,00,00,00,
208000,0000060D,false,Rx,0,8,0D,10,83,B6,09,20,70,00,
244000,00000625,false,Rx,0,8,25,00,59,86,01,54,5C,06,
0,000002C4,false,Rx,0,8,09,20,00,00,70,02,00,00,
0,000002C5,false,Rx,0,8,00,00,00,00,00,00,00,00,
275000,000002C6,false,Rx,0,8,32,00,7C,01,00,00,00,00,
306000,0000060D,false,Rx,0,8,0D,10,83,B6,09,20,70,00,
316000,00000054,false,Rx,0,8,01,05,00,01,70,02,00,00,
316000,00000055,false,Rx,0,8,10,27,00,00,00,00,00,00,
316000,00000056,false,Rx,0,8,10,27,00,00,00,00,00,00,
317000,00000057,false,Rx,0,8,00,00,FE,FF,FE,FF,00,00,
343000,00000625,false,Rx,0,8,25,00,59,86,01,54,5C,06,
406000,0000060D,false,Rx,0,8,0D,10,83,B6,09,20,70,00,
444000,00000625,false,Rx,0,8,25,00,59,86,01,54,5C,06,
495000,000002C4,false,Rx,0,8,09,20,00,00,70,02,00,00,
495000,000002C5,false,Rx,0,8,00,00,00,00,00,00,00,00,
495000,000002C6,false,Rx,0,8,32,00,7C,01,00,00,00,00,
505000,0000060D,false,Rx,0,8,0D,10,83,B6,09,20,70,00,
0,00000054,false,Rx,0,8,01,05,00,01,70,02,00,00,
0,00000055,false,Rx,0,8,10,27,00,00,00,00,00,00,
0,00000056,false,Rx,0,8,10,27,00,00,00,00,00,00,
0,00000057,false,Rx,0,8,00,00,FE,FF,FE,FF,00,00,
543000,00000625,false,Rx,0,8,25,00,59,86,01,54,5C,06,
606000,0000060D,false,Rx,0,8,0D,10,83,B6,09,20,70,00,
643000,00000625,false,Rx,0,8,25,00,59,86,01,54,5C,06,
706000,0000060D,false,Rx,0,8,0D,10,83,B6,09,20,70,00,
715000,000002C4,false,Rx,0,8,09,20,00,00,70,02,00,00,
715000,000002C5,false,Rx,0,8,00,00,00,00,00,00,00,00,
716000,000002C6,false,Rx,0,8,32,00,7C,01,00,00,00,00,
0,00000054,false,Rx,0,8,01,05,00,01,70,02,00,00,
0,00000055,false,Rx,0,8,10,27,00,00,00,00,00,00,
717000,00000056,false,Rx,0,8,10,27,00,00,00,00,00,00,
717000,00000057,false,Rx,0,8,00,00,FE,FF,FE,FF,00,00,
744000,00000625,false,Rx,0,8,25,00,59,86,01,54,5C,06,
806000,0000060D,false,Rx,0,8,0D,10,83,B6,09,20,70,00,
844000,00000625,false,Rx,0,8,25,00,59,86,01,54,5C,06,
906000,0000060D,false,Rx,0,8,0D,10,83,B6,09,20,70,00,
0,00000054,false,Rx,0,8,01,05,00,01,70,02,00,00,
0,00000055,false,Rx,0,8,10,27,00,00,00,00,00,00,
916000,00000056,false,Rx,0,8,10,27,00,00,00,00,00,00,
917000,00000057,false,Rx,0,8,00,00,FE,FF,FE,FF,00,00,
0,000002C4,false,Rx,0,8,09,20,00,00,70,02,00,00,
0,000002C5,false,Rx,0,8,00,00,00,00,00,00,00,00,
0,000002C6,false,Rx,0,8,32,00,7C,01,00,00,00,00,
944000,00000625,false,Rx,0,8,25,00,59,86,01,54,5C,06,
6000,0000060D,false,Rx,0,8,0D,10,83,B6,09,20,70,00,
44000,00000625,false,Rx,0,8,25,00,59,86,01,54,5C,06,
106000,0000060D,false,Rx,0,8,0D,10,83,B6,09,20,70,00,
116000,00000054,false,Rx,0,8,01,05,00,01,70,02,00,00,
0,00000055,false,Rx,0,8,10,27,00,00,00,00,00,00,
0,00000056,false,Rx,0,8,10,27,00,00,00,00,00,00,
0,00000057,false,Rx,0,8,00,00,FE,FF,FE,FF,00,00,
144000,00000625,false,Rx,0,8,25,00,59,86,01,54,5C,06,
154000,000002C4,false,Rx,0,8,09,20,00,00,70,02,00,00,
154000,000002C5,false,Rx,0,8,00,00,00,00,00,00,00,00,
155000,000002C6,false,Rx,0,8,32,00,7C,01,00,00,00,00,
206000,0000060D,false,Rx,0,8,0D,10,83,B6,09,20,70,00,
243000,00000625,false,Rx,0,8,25,00,59,86,01,54,5C,06,
306000,0000060D,false,Rx,0,8,0D,10,83,B6,09,20,70,00,
0,00000054,false,Rx,0,8,01,05,00,01,70,02,00,00,
0,00000055,false,Rx,0,8,10,27,00,00,00,00,00,00,
317000,00000056,false,Rx,0,8,10,27,00,00,00,00,00,00,
317000,00000057,false,Rx,0,8,00,00,FE,FF,FE,FF,00,00,
344000,00000625,false,Rx,0,8,25,00,59,86,01,54,5C,06,
375000,000002C4,false,Rx,0,8,09,20,00,00,70,02,00,00,
375000,000002C5,false,Rx,0,8,00,00,00,00,00,00,00,00,
375000,000002C6,false,Rx,0,8,32,00,7C,01,00,00,00,00,
406000,0000060D,false,Rx,0,8,0D,10,83,B6,09,20,70,00,
444000,00000625,false,Rx,0,8,25,00,59,86,01,54,5C,06,
506000,0000060D,false,Rx,0,8,0D,10,83,B6,09,20,70,00,
516000,00000054,false,Rx,0,8,01,05,00,01,70,02,00,00,
516000,00000055,false,Rx,0,8,10,27,00,00,00,00,00,00,
0,00000056,false,Rx,0,8,10,27,00,00,00,00,00,00,
0,00000057,false,Rx,0,8,00,00,FE,FF,FE,FF,00,00,
544000,00000625,false,Rx,0,8,25,00,59,86,01,54,5C,06,
595000,000002C4,false,Rx,0,8,09,20,00,00,70,02,00,00,
595000,000002C5,false,Rx,0,8,00,00,00,00,00,00,00,00,
595000,000002C6,false,Rx,0,8,32,00,7C,01,00,00,00,00,
606000,0000060D,false,Rx,0,8,0D,10,83,B6,09,20,70,00,
644000,00000625,false,Rx,0,8,25,00,59,86,01,54,5C,06,
706000,0000060D,false,Rx,0,8,0D,10,83,B6,09,20,70,00,
715000,00000054,false,Rx,0,8,01,05,00,01,70,02,00,00,
716000,00000055,false,Rx,0,8,10,27,00,00,00,00,00,00,
716000,00000056,false,Rx,0,8,10,27,00,00,00,00,00,00,
716000,00000057,false,Rx,0,8,00,00,FE,FF,FE,FF,00,00,
744000,00000625,false,Rx,0,8,25,00,59,86,01,54,5C,06,
806000,0000060D,false,Rx,0,8,0D,10,83,B6,09,20,70,00,
815000,000002C4,false,Rx,0,8,09,20,00,00,70,02,00,00,
815000,000002C5,false,Rx,0,8,00,00,00,00,00,00,00,00,
815000,000002C6,false,Rx,0,8,32,00,7C,01,00,00,00,00,
844000,00000625,false,Rx,0,8,25,00,59,86,01,54,5C,06,
905000,0000060D,false,Rx,0,8,0D,10,83,B6,09,20,70,00,
916000,00000054,false,Rx,0,8,01,05,00,01,70,02,00,00,
916000,00000055,false,Rx,0,8,10,27,00,00,00,00,00,00,
916000,00000056,false,Rx,0,8,10,27,00,00,00,00,00,00,
917000,00000057,false,Rx,0,8,00,00,FE,FF,FE,FF,00,00,
944000,00000625,false,Rx,0,8,25,00,59,86,01,54,5C,06,
6000,0000060D,false,Rx,0,8,0D,10,83,B6,09,20,70,00,
34000,000002C4,false,Rx,0,8,09,20,00,00,70,02,00,00,
34000,000002C5,false,Rx,0,8,00,00,00,00,00,00,00,00,
35000,000002C6,false,Rx,0,8,32,00,7C,01,00,00,00,00,
44000,00000625,false,Rx,0,8,25,00,59,86,01,54,5C,06,
106000,0000060D,false,Rx,0,8,0D,10,83,B6,09,20,70,00,
0,00000054,false,Rx,0,8,01,05,00,01,70,02,00,00,
0,00000055,false,Rx,0,8,10,27,00,00,00,00,00,00,
117000,00000056,false,Rx,0,8,10,27,00,00,00,00,00,00,
118000,00000057,false,Rx,0,8,00,00,FE,FF,FE,FF,00,00,
145000,00000625,false,Rx,0,8,25,00,59,86,01,54,5C,06,
206000,0000060D,false,Rx,0,8,0D,10,83,B6,09,20,70,00,
244000,00000625,false,Rx,0,8,25,00,59,86,01,54,5C,06,
0,000002C4,false,Rx,0,8,09,20,00,00,70,02,00,00,
0,000002C5,false,Rx,0,8,00,00,00,00,00,00,00,00,
0,000002C6,false,Rx,0,8,32,00,7C,01,00,00,00,00,
306000,0000060D,false,Rx,0,8,0D,10,83,B6,09,20,70,00,
316000,00000054,false,Rx,0,8,01,05,00,01,70,02,00,00,
316000,00000055,false,Rx,0,8,10,27,00,00,00,00,00,00,
317000,00000056,false,Rx,0,8,10,27,00,00,00,00,00,00,
317000,00000057,false,Rx,0,8,00,00,FE,FF,FE,FF,00,00,
343000,00000625,false,Rx,0,8,25,00,59,86,01,54,5C,06,
406000,0000060D,false,Rx,0,8,0D,10,83,B6,09,20,70,00,
444000,00000625,false,Rx,0,8,25,00,59,86,01,54,5C,06,
475000,000002C4,false,Rx,0,8,09,20,00,00,70,02,00,00,
475000,000002C5,false,Rx,0,8,00,00,00,00,00,00,00,00,
476000,000002C6,false,Rx,0,8,32,00,7C,01,00,00,00,00,
507000,0000060D,false,Rx,0,8,0D,10,83,B6,09,20,70,00,
0,00000054,false,Rx,0,8,01,05,00,01,70,02,00,00,
0,00000055,false,Rx,0,8,10,27,00,00,00,00,00,00,
516000,00000056,false,Rx,0,8,10,27,00,00,00,00,00,00,
517000,00000057,false,Rx,0,8,00,00,FE,FF,FE,FF,00,00,
544000,00000625,false,Rx,0,8,25,00,59,86,01,54,5C,06,
606000,0000060D,false,Rx,0,8,0D,10,83,B6,09,20,70,00,
644000,00000625,false,Rx,0,8,25,00,59,86,01,54,5C,06,
695000,000002C4,false,Rx,0,8,09,20,00,00,70,02,00,00,
0,000002C5,false,Rx,0,8,00,00,00,00,00,00,00,00,
0,000002C6,false,Rx,0,8,32,00,7C,01,00,00,00,00,
706000,0000060D,false,Rx,0,8,0D,10,83,B6,09,20,70,00,
716000,00000054,false,Rx,0,8,01,05,00,01,70,02,00,00,
717000,00000055,false,Rx,0,8,10,27,00,00,00,00,00,00,
717000,00000056,false,Rx,0,8,10,27,00,00,00,00,00,00,
717000,00000057,false,Rx,0,8,00,00,FE,FF,FE,FF,00,00,
744000,00000625,false,Rx,0,8,25,00,59,86,01,54,5C,06,
806000,0000060D,false,Rx,0,8,0D,10,83,B6,09,20,70,00,
845000,00000625,false,Rx,0,8,25,00,59,86,01,54,5C,06,
906000,0000060D,false,Rx,0,8,0D,10,83,B6,09,20,70,00,
0,000002C4,false,Rx,0,8,09,20,00,00,70,02,00,00,
0,000002C5,false,Rx,0,8,00,00,00,00,00,00,00,00,
916000,000002C6,false,Rx,0,8,32,00,7C,01,00,00,00,00,
0,00000054,false,Rx,0,8,01,05,00,01,70,02,00,00,
0,00000055,false,Rx,0,8,10,27,00,00,00,00,00,00,
0,00000056,false,Rx,0,8,10,27,00,00,00,00,00,00,
0,00000057,false,Rx,0,8,00,00,FE,FF,FE,FF,00,00,
944000,00000625,false,Rx,0,8,25,00,59,86,01,54,5C,06,
6000,0000060D,false,Rx,0,8,0D,10,83,B6,09,20,70,00,
44000,00000625,false,Rx,0,8,25,00,59,86,01,54,5C,06,
106000,0000060D,false,Rx,0,8,0D,10,83,B6,09,20,70,00,
116000,00000054,false,Rx,0,8,01,05,00,01,70,02,00,00,
116000,00000055,false,Rx,0,8,10,27,00,00,00,00,00,00,
117000,00000056,false,Rx,0,8,10,27,00,00,00,00,00,00,
117000,00000057,false,Rx,0,8,00,00,FE,FF,FE,FF,00,00,
0,000002C4,false,Rx,0,8,09,20,00,00,70,02,00,00,
0,000002C5,false,Rx,0,8,00,00,00,00,00,00,00,00,
0,000002C6,false,Rx,0,8,32,00,7C,01,00,00,00,00,
144000,00000625,false,Rx,0,8,25,00,59,86,01,54,5C,06,
206000,0000060D,false,Rx,0,8,0D,10,83,B6,09,20,70,00,
244000,00000625,false,Rx,0,8,25,00,59,86,01,54,5C,06,
306000,0000060D,false,Rx,0,8,0D,10,83,B6,09,20,70,00,
0,00000054,false,Rx,0,8,01,05,00,01,70,02,00,00,
0,00000055,false,Rx,0,8,10,27,00,00,00,00,00,00,
0,00000056,false,Rx,0,8,10,27,00,00,00,00,00,00,
0,00000057,false,Rx,0,8,00,00,FE,FF,FE,FF,00,00,
343000,00000625,false,Rx,0,8,25,00,59,86,01,54,5C,06,
0,000002C4,false,Rx,0,8,09,20,00,00,70,02,00,00,
0,000002C5,false,Rx,0,8,00,00,00,00,00,00,00,00,
0,000002C6,false,Rx,0,8,32,00,7C,01,00,00,00,00,
407000,0000060D,false,Rx,0,8,0D,10,83,B6,09,20,70,00,
444000,00000625,false,Rx,0,8,25,00,59,86,01,54,5C,06,
506000,0000060D,false,Rx,0,8,0D,10,83,B6,09,20,70,00,
515000,00000054,false,Rx,0,8,01,05,00,01,70,02,00,00,
515000,00000055,false,Rx,0,8,10,27,00,00,00,00,00,00,
517000,00000056,false,Rx,0,8,10,27,00,00,00,00,00,00,
518000,00000057,false,Rx,0,8,00,00,FE,FF,FE,FF,00,00,
544000,00000625,false,Rx,0,8,25,00,59,86,01,54,5C,06,
0,000002C4,false,Rx,0,8,09,20,00,00,70,02,00,00,
0,000002C5,false,Rx,0,8,00,00,00,00,00,00,00,00,
575000,000002C6,false,Rx,0,8,32,00,7C,01,00,00,00,00,
606000,0000060D,false,Rx,0,8,0D,10,83,B6,09,20,70,00,
644000,00000625,false,Rx,0,8,25,00,59,86,01,54,5C,06,
706000,0000060D,false,Rx,0,8,0D,10,83,B6,09,20,70,00,
716000,00000054,false,Rx,0,8,01,05,00,01,70,02,00,00,
716000,00000055,false,Rx,0,8,10,27,00,00,00,00,00,00,
716000,00000056,false,Rx,0,8,10,27,00,00,00,00,00,00,
717000,00000057,false,Rx,0,8,00,00,FE,FF,FE,FF,00,00,
744000,00000625,false,Rx,0,8,25,00,59,86,01,54,5C,06,
795000,000002C4,false,Rx,0,8,09,20,00,00,70,02,00,00,
795000,000002C5,false,Rx,0,8,00,00,00,00,00,00,00,00,
795000,000002C6,false,Rx,0,8,32,00,7C,01,00,00,00,00,
807000,0000060D,false,Rx,0,8,0D,10,83,B6,09,20,70,00,
844000,00000625,false,Rx,0,8,25,00,59,86,01,54,5C,06,
906000,0000060D,false,Rx,0,8,0D,10,83,B6,09,20,70,00,
915000,00000054,false,Rx,0,8,01,05,00,01,70,02,00,00,
916000,00000055,false,Rx,0,8,10,27,00,00,00,00,00,00,
916000,00000056,false,Rx,0,8,10,27,00,00,00,00,00,00,
916000,00000057,false,Rx,0,8,00,00,FE,FF,FE,FF,00,00,
944000,00000625,false,Rx,0,8,25,00,59,86,01,54,5C,06,
6000,0000060D,false,Rx,0,8,0D,10,83,B6,09,20,70,00,
14000,000002C4,false,Rx,0,8,09,20,00,00,70,02,00,00,
15000,000002C5,false,Rx,0,8,00,00,00,00,00,00,00,00,
15000,000002C6,false,Rx,0,8,32,00,7C,01,00,00,00,00,
44000,00000625,false,Rx,0,8,25,00,59,86,01,54,5C,06,
106000,0000060D,false,Rx,0,8,0D,10,83,B6,09,20,70,00,
0,00000054,false,Rx,0,8,01,05,00,01,70,02,00,00,
0,00000055,false,Rx,0,8,10,27,00,00,00,00,00,00,
116000,00000056,false,Rx,0,8,10,27,00,00,00,00,00,00,
117000,00000057,false,Rx,0,8,00,00,FE,FF,FE,FF,00,00,
144000,00000625,false,Rx,0,8,25,00,59,86,01,54,5C,06,
206000,0000060D,false,Rx,0,8,0D,10,83,B6,09,20,70,00,
0,000002C4,false,Rx,0,8,09,20,00,00,70,02,00,00,
0,000002C5,false,Rx,0,8,00,00,00,00,00,00,00,00,
0,000002C6,false,Rx,0,8,32,00,7C,01,00,00,00,00,
244000,00000625,false,Rx,0,8,25,00,59,86,01,54,5C,06,
306000,0000060D,false,Rx,0,8,0D,10,83,B6,09,20,70,00,
316000,00000054,false,Rx,0,8,01,05,00,01,70,02,00,00,
316000,00000055,false,Rx,0,8,10,27,00,00,00,00,00,00,
316000,00000056,false,Rx,0,8,10,27,00,00,00,00,00,00,
317000,00000057,false,Rx,0,8,00,00,FE,FF,FE,FF,00,00,
344000,00000625,false,Rx,0,8,25,00,59,86,01,54,5C,06,
406000,0000060D,false,Rx,0,8,0D,10,83,B6,09,20,70,00,
444000,00000625,false,Rx,0,8,25,00,59,86,01,54,5C,06,
0,000002C4,false,Rx,0,8,09,20,00,00,70,02,00,00,
0,000002C5,false,Rx,0,8,00,00,00,00,00,00,00,00,
455000,000002C6,false,Rx,0,8,32,00,7C,01,00,00,00,00,
506000,0000060D,false,Rx,0,8,0D,10,83,B6,09,20,70,00,
515000,00000054,false,Rx,0,8,01,05,00,01,70,02,00,00,
516000,00000055,false,Rx,0,8,10,27,00,00,00,00,00,00,
516000,00000056,false,Rx,0,8,10,27,00,00,00,00,00,00,
516000,00000057,false,Rx,0,8,00,00,FE,FF,FE,FF,00,00,
544000,00000625,false,Rx,0,8,25,00,59,86,01,54,5C,06,
606000,0000060D,false,Rx,0,8,0D,10,83,B6,09,20,70,00,
644000,00000625,false,Rx,0,8,25,00,59,86,01,54,5C,06,
675000,000002C4,false,Rx,0,8,09,20,00,00,70,02,00,00,
675000,000002C5,false,Rx,0,8,00,00,00,00,00,00,00,00,
675000,000002C6,false,Rx,0,8,32,00,7C,01,00,00,00,00,
706000,0000060D,false,Rx,0,8,0D,10,83,B6,09,20,70,00,
716000,00000054,false,Rx,0,8,01,05,00,01,70,02,00,00,
716000,00000055,false,Rx,0,8,10,27,00,00,00,00,00,00,
716000,00000056,false,Rx,0,8,10,27,00,00,00,00,00,00,
716000,00000057,false,Rx,0,8,00,00,FE,FF,FE,FF,00,00,
744000,00000625,false,Rx,0,8,25,00,59,86,01,54,5C,06,
807000,0000060D,false,Rx,0,8,0D,10,83,B6,09,20,70,00,
844000,00000625,false,Rx,0,8,25,00,59,86,01,54,5C,06,
0,000002C4,false,Rx,0,8,09,20,00,00,70,02,00,00,
0,000002C5,false,Rx,0,8,00,00,00,00,00,00,00,00,
896000,000002C6,false,Rx,0,8,32,00,7C,01,00,00,00,00,
906000,0000060D,false,Rx,0,8,0D,10,83,B6,09,20,70,00,
916000,00000054,false,Rx,0,8,01,05,00,01,70,02,00,00,
916000,00000055,false,Rx,0,8,10,27,00,00,00,00,00,00,
917000,00000056,false,Rx,0,8,10,27,00,00,00,00,00,00,
917000,00000057,false,Rx,0,8,00,00,FE,FF,FE,FF,00,00,
944000,00000625,false,Rx,0,8,25,00,59,86,01,54,5C,06,
6000,0000060D,false,Rx,0,8,0D,10,83,B6,09,20,70,00,
43000,00000625,false,Rx,0,8,25,00,59,86,01,54,5C,06,
106000,0000060D,false,Rx,0,8,0D,10,83,B6,09,20,70,00,
115000,000002C4,false,Rx,0,8,09,20,00,00,70,02,00,00,
115000,000002C5,false,Rx,0,8,00,00,00,00,00,00,00,00,
116000,000002C6,false,Rx,0,8,32,00,7C,01,00,00,00,00,
116000,00000054,false,Rx,0,8,01,05,00,01,70,02,00,00,
0,00000055,false,Rx,0,8,10,27,00,00,00,00,00,00,
0,00000056,false,Rx,0,8,10,27,00,00,00,00,00,00,
117000,00000057,false,Rx,0,8,00,00,FE,FF,FE,FF,00,00,
144000,00000625,false,Rx,0,8,25,00,59,86,01,54,5C,06,
206000,0000060D,false,Rx,0,8,0D,10,83,B6,09,20,70,00,
244000,00000625,false,Rx,0,8,25,00,59,86,01,54,5C,06,
306000,0000060D,false,Rx,0,8,0D,10,83,B6,09,20,70,00,
316000,00000054,false,Rx,0,8,01,05,00,01,70,02,00,00,
316000,00000055,false,Rx,0,8,10,27,00,00,00,00,00,00,
316000,00000056,false,Rx,0,8,10,27,00,00,00,00,00,00,
317000,00000057,false,Rx,0,8,00,00,FE,FF,FE,FF,00,00,
334000,000002C4,false,Rx,0,8,09,20,00,00,70,02,00,00,
335000,000002C5,false,Rx,0,8,00,00,00,00,00,00,00,00,
335000,000002C6,false,Rx,0,8,32,00,7C,01,00,00,00,00,
344000,00000625,false,Rx,0,8,25,00,59,86,01,54,5C,06,
406000,0000060D,false,Rx,0,8,0D,10,83,B6,09,20,70,00,
443000,00000625,false,Rx,0,8,25,00,59,86,01,54,5C,06,
506000,0000060D,false,Rx,0,8,0D,10,83,B6,09,20,70,00,
516000,00000054,false,Rx,0,8,01,05,00,01,70,02,00,00,
516000,00000055,false,Rx,0,8,10,27,00,00,00,00,00,00,
517000,00000056,false,Rx,0,8,10,27,00,00,00,00,00,00,
517000,00000057,false,Rx,0,8,00,00,FE,FF,FE,FF,00,00,
544000,00000625,false,Rx,0,8,25,00,59,86,01,54,5C,06,
0,000002C4,false,Rx,0,8,09,20,00,00,70,02,00,00,
0,000002C5,false,Rx,0,8,00,00,00,00,00,00,00,00,
556000,000002C6,false,Rx,0,8,32,00,7C,01,00,00,00,00,
606000,0000060D,false,Rx,0,8,0D,10,83,B6,09,20,70,00,
644000,00000625,false,Rx,0,8,25,00,59,86,01,54,5C,06,
707000,0000060D,false,Rx,0,8,0D,10,83,B6,09,20,70,00,
716000,00000054,false,Rx,0,8,01,05,00,01,70,02,00,00,
716000,00000055,false,Rx,0,8,10,27,00,00,00,00,00,00,
717000,00000056,false,Rx,0,8,10,27,00,00,00,00,00,00,
717000,00000057,false,Rx,0,8,00,00,FE,FF,FE,FF,00,00,
744000,00000625,false,Rx,0,8,25,00,59,86,01,54,5C,06,
775000,000002C4,false,Rx,0,8,09,20,00,00,70,02,00,00,
775000,000002C5,false,Rx,0,8,00,00,00,00,00,00,00,00,
775000,000002C6,false,Rx,0,8,32,00,7C,01,00,00,00,00,
806000,0000060D,false,Rx,0,8,0D,10,83,B6,09,20,70,00,
844000,00000625,false,Rx,0,8,25,00,59,86,01,54,5C,06,
906000,0000060D,false,Rx,0,8,0D,10,83,B6,09,20,70,00,
0,00000054,false,Rx,0,8,01,05,00,01,70,02,00,00,
0,00000055,false,Rx,0,8,10,27,00,00,00,00,00,00,
0,00000056,false,Rx,0,8,10,27,00,00,00,00,00,00,
917000,00000057,false,Rx,0,8,00,00,FE,FF,FE,FF,00,00,
944000,00000625,false,Rx,0,8,25,00,59,86,01,54,5C,06,
995000,000002C4,false,Rx,0,8,09,20,00,00,70,02,00,00,
995000,000002C5,false,Rx,0,8,00,00,00,00,00,00,00,00,
996000,000002C6,false,Rx,0,8,32,00,7C,01,00,00,00,00,
6000,0000060D,false,Rx,0,8,0D,10,83,B6,09,20,70,00,
43000,00000625,false,Rx,0,8,25,00,59,86,01,54,5C,06,
106000,0000060D,false,Rx,0,8,0D,10,83,B6,09,20,70,00,
116000,00000054,false,Rx,0,8,01,05,00,01,70,02,00,00,
116000,00000055,false,Rx,0,8,10,27,00,00,00,00,00,00,
116000,00000056,false,Rx,0,8,10,27,00,00,00,00,00,00,
117000,00000057,false,Rx,0,8,00,00,FE,FF,FE,FF,00,00,
144000,00000625,false,Rx,0,8,25,00,59,86,01,54,5C,06,
206000,0000060D,false,Rx,0,8,0D,10,83,B6,09,20,70,00,
215000,000002C4,false,Rx,0,8,09,20,00,00,70,02,00,00,
0,000002C5,false,Rx,0,8,00,00,00,00,00,00,00,00,
0,000002C6,false,Rx,0,8,32,00,7C,01,00,00,00,00,
244000,00000625,false,Rx,0,8,25,00,59,86,01,54,5C,06,
306000,0000060D,false,Rx,0,8,0D,10,83,B6,09,20,70,00,
316000,00000054,false,Rx,0,8,01,05,00,01,70,02,00,00,
316000,00000055,false,Rx,0,8,10,27,00,00,00,00,00,00,
317000,00000056,false,Rx,0,8,10,27,00,00,00,00,00,00,
317000,00000057,false,Rx,0,8,00,00,FE,FF,FE,FF,00,00,
344000,00000625,false,Rx,0,8,25,00,59,86,01,54,5C,06,
406000,0000060D,false,Rx,0,8,0D,10,83,B6,09,20,70,00,
434000,000002C4,false,Rx,0,8,09,20,00,00,70,02,00,00,
435000,000002C5,false,Rx,0,8,00,00,00,00,00,00,00,00,
435000,000002C6,false,Rx,0,8,32,00,7C,01,00,00,00,00,
444000,00000625,false,Rx,0,8,25,00,59,86,01,54,5C,06,
505000,0000060D,false,Rx,0,8,0D,10,83,B6,09,20,70,00,
516000,00000054,false,Rx,0,8,01,05,00,01,70,02,00,00,
516000,00000055,false,Rx,0,8,10,27,00,00,00,00,00,00,
516000,00000056,false,Rx,0,8,10,27,00,00,00,00,00,00,
517000,00000057,false,Rx,0,8,00,00,FE,FF,FE,FF,00,00,
544000,00000625,false,Rx,0,8,25,00,59,86,01,54,5C,06,
606000,0000060D,false,Rx,0,8,0D,10,83,B6,09,20,70,00,
643000,00000625,false,Rx,0,8,25,00,59,86,01,54,5C,06,
0,000002C4,false,Rx,0,8,09,20,00,00,70,02,00,00,
0,000002C5,false,Rx,0,8,00,00,00,00,00,00,00,00,
656000,000002C6,false,Rx,0,8,32,00,7C,01,00,00,00,00,
706000,0000060D,false,Rx,0,8,0D,10,83,B6,09,20,70,00,
716000,00000054,false,Rx,0,8,01,05,00,01,70,02,00,00,
716000,00000055,false,Rx,0,8,10,27,00,00,00,00,00,00,
717000,00000056,false,Rx,0,8,10,27,00,00,00,00,00,00,
717000,00000057,false,Rx,0,8,00,00,FE,FF,FE,FF,00,00,
744000,00000625,false,Rx,0,8,25,00,59,86,01,54,5C,06,
806000,0000060D,false,Rx,0,8,0D,10,83,B6,09,20,70,00,
844000,00000625,false,Rx,0,8,25,00,59,86,01,54,5C,06,
875000,000002C4,false,Rx,0,8,09,20,00,00,70,02,00,00,
875000,000002C5,false,Rx,0,8,00,00,00,00,00,00,00,00,
876000,000002C6,false,Rx,0,8,32,00,7C,01,00,00,00,00,
906000,0000060D,false,Rx,0,8,0D,10,83,B6,09,20,70,00,
916000,00000054,false,Rx,0,8,01,05,00,01,70,02,00,00,
916000,00000055,false,Rx,0,8,10,27,00,00,00,00,00,00,
916000,00000056,false,Rx,0,8,10,27,00,00,00,00,00,00,
916000,00000057,false,Rx,0,8,00,00,FE,FF,FE,FF,00,00,
944000,00000625,false,Rx,0,8,25,00,59,86,01,54,5C,06,
6000,0000060D,false,Rx,0,8,0D,10,83,B6,09,20,70,00,
44000,00000625,false,Rx,0,8,25,00,59,86,01,54,5C,06,
95000,000002C4,false,Rx,0,8,09,20,00,00,70,02,00,00,
95000,000002C5,false,Rx,0,8,00,00,00,00,00,00,00,00,
95000,000002C6,false,Rx,0,8,32,00,7C,01,00,00,00,00,
106000,0000060D,false,Rx,0,8,0D,10,83,B6,09,20,70,00,
115000,00000054,false,Rx,0,8,01,05,00,01,70,02,00,00,
116000,00000055,false,Rx,0,8,10,27,00,00,00,00,00,00,
116000,00000056,false,Rx,0,8,10,27,00,00,00,00,00,00,
116000,00000057,false,Rx,0,8,00,00,FE,FF,FE,FF,00,00,
144000,00000625,false,Rx,0,8,25,00,59,86,01,54,5C,06,
207000,0000060D,false,Rx,0,8,0D,10,83,B6,09,20,70,00,
244000,00000625,false,Rx,0,8,25,00,59,86,01,54,5C,06,
307000,0000060D,false,Rx,0,8,0D,10,83,B6,09,20,70,00,
315000,000002C4,false,Rx,0,8,09,20,00,00,70,02,00,00,
315000,000002C5,false,Rx,0,8,00,00,00,00,00,00,00,00,
316000,000002C6,false,Rx,0,8,32,00,7C,01,00,00,00,00,
0,00000054,false,Rx,0,8,01,05,00,01,70,02,00,00,
0,00000055,false,Rx,0,8,10,27,00,00,00,00,00,00,
0,00000056,false,Rx,0,8,10,27,00,00,00,00,00,00,
0,00000057,false,Rx,0,8,00,00,FE,FF,FE,FF,00,00,
344000,00000625,false,Rx,0,8,25,00,59,86,01,54,5C,06,
406000,0000060D,false,Rx,0,8,0D,10,83,B6,09,20,70,00,
443000,00000625,false,Rx,0,8,25,00,59,86,01,54,5C,06,
506000,0000060D,false,Rx,0,8,0D,10,83,B6,09,20,70,00,
516000,00000054,false,Rx,0,8,01,05,00,01,70,02,00,00,
516000,00000055,false,Rx,0,8,10,27,00,00,00,00,00,00,
517000,00000056,false,Rx,0,8,10,27,00,00,00,00,00,00,
517000,00000057,false,Rx,0,8,00,00,FE,FF,FE,FF,00,00,
536000,000002C4,false,Rx,0,8,09,20,00,00,70,02,00,00,
536000,000002C5,false,Rx,0,8,00,00,00,00,00,00,00,00,
537000,000002C6,false,Rx,0,8,32,00,7C,01,00,00,00,00,
543000,00000625,false,Rx,0,8,25,00,59,86,01,54,5C,06,
606000,0000060D,false,Rx,0,8,0D,10,83,B6,09,20,70,00,
644000,00000625,false,Rx,0,8,25,00,59,86,01,54,5C,06,
706000,0000060D,false,Rx,0,8,0D,10,83,B6,09,20,70,00,
716000,00000054,false,Rx,0,8,01,05,00,01,70,02,00,00,
716000,00000055,false,Rx,0,8,10,27,00,00,00,00,00,00,
716000,00000056,false,Rx,0,8,10,27,00,00,00,00,00,00,
717000,00000057,false,Rx,0,8,00,00,FE,FF,FE,FF,00,00,
744000,00000625,false,Rx,0,8,25,00,59,86,01,54,5C,06,
755000,000002C4,false,Rx,0,8,09,20,00,00,70,02,00,00,
755000,000002C5,false,Rx,0,8,00,00,00,00,00,00,00,00,
756000,000002C6,false,Rx,0,8,32,00,7C,01,00,00,00,00,
806000,0000060D,false,Rx,0,8,0D,10,83,B6,09,20,70,00,
844000,00000625,false,Rx,0,8,25,00,59,86,01,54,5C,06,
906000,0000060D,false,Rx,0,8,0D,10,83,B6,09,20,70,00,
915000,00000054,false,Rx,0,8,01,05,00,01,70,02,00,00,
915000,00000055,false,Rx,0,8,10,27,00,00,00,00,00,00,
916000,00000056,false,Rx,0,8,10,27,00,00,00,00,00,00,
916000,00000057,false,Rx,0,8,00,00,FE,FF,FE,FF,00,00,
944000,00000625,false,Rx,0,8,25,00,59,86,01,54,5C,06,
975000,000002C4,false,Rx,0,8,09,20,00,00,70,02,00,00,
975000,000002C5,false,Rx,0,8,00,00,00,00,00,00,00,00,
975000,000002C6,false,Rx,0,8,32,00,7C,01,00,00,00,00,
6000,0000060D,false,Rx,0,8,0D,10,83,B6,09,20,70,00,
44000,00000625,false,Rx,0,8,25,00,59,86,01,54,5C,06,
106000,0000060D,false,Rx,0,8,0D,10,83,B6,09,20,70,00,
116000,00000054,false,Rx,0,8,01,05,00,01,70,02,00,00,
116000,00000055,false,Rx,0,8,10,27,00,00,00,00,00,00,
117000,00000056,false,Rx,0,8,10,27,00,00,00,00,00,00,
117000,00000057,false,Rx,0,8,00,00,FE,FF,FE,FF,00,00,
144000,00000625,false,Rx,0,8,25,00,59,86,01,54,5C,06,
194000,000002C4,false,Rx,0,8,09,20,00,00,70,02,00,00,
195000,000002C5,false,Rx,0,8,00,00,00,00,00,00,00,00,
195000,000002C6,false,Rx,0,8,32,00,7C,01,00,00,00,00,
206000,0000060D,false,Rx,0,8,0D,10,83,B6,09,20,70,00,
244000,00000625,false,Rx,0,8,25,00,59,86,01,54,5C,06,
307000,0000060D,false,Rx,0,8,0D,10,83,B6,09,20,70,00,
316000,00000054,false,Rx,0,8,01,05,00,01,70,02,00,00,
316000,00000055,false,Rx,0,8,10,27,00,00,00,00,00,00,
317000,00000056,false,Rx,0,8,10,27,00,00,00,00,00,00,
317000,00000057,false,Rx,0,8,00,00,FE,FF,FE,FF,00,00,
344000,00000625,false,Rx,0,8,25,00,59,86,01,54,5C,06,
406000,0000060D,false,Rx,0,8,0D,10,83,B6,09,20,70,00,
0,000002C4,false,Rx,0,8,09,20,00,00,70,02,00,00,
0,000002C5,false,Rx,0,8,00,00,00,00,00,00,00,00,
416000,000002C6,false,Rx,0,8,32,00,7C,01,00,00,00,00,
444000,00000625,false,Rx,0,8,25,00,59,86,01,54,5C,06,
505000,0000060D,false,Rx,0,8,0D,10,83,B6,09,20,70,00,
516000,00000054,false,Rx,0,8,01,05,00,01,70,02,00,00,
516000,00000055,false,Rx,0,8,10,27,00,00,00,00,00,00,
0,00000056,false,Rx,0,8,10,27,00,00,00,00,00,00,
0,00000057,false,Rx,0,8,00,00,FE,FF,FE,FF,00,00,
543000,00000625,false,Rx,0,8,25,00,59,86,01,54,5C,06,
607000,0000060D,false,Rx,0,8,0D,10,83,B6,09,20,70,00,
635000,000002C4,false,Rx,0,8,09,20,00,00,70,02,00,00,
635000,000002C5,false,Rx,0,8,00,00,00,00,00,00,00,00,
635000,000002C6,false,Rx,0,8,32,00,7C,01,00,00,00,00,
644000,00000625,false,Rx,0,8,25,00,59,86,01,54,5C,06,
706000,0000060D,false,Rx,0,8,0D,10,83,B6,09,20,70,00,
716000,00000054,false,Rx,0,8,01,05,00,01,70,02,00,00,
716000,00000055,false,Rx,0,8,10,27,00,00,00,00,00,00,
717000,00000056,false,Rx,0,8,10,27,00,00,00,00,00,00,
717000,00000057,false,Rx,0,8,00,00,FE,FF,FE,FF,00,00,
744000,00000625,false,Rx,0,8,25,00,59,86,01,54,5C,06,
806000,0000060D,false,Rx,0,8,0D,10,83,B6,09,20,70,00,
844000,00000625,false,Rx,0,8,25,00,59,86,01,54,5C,06,
855000,000002C4,false,Rx,0,8,09,20,00,00,70,02,00,00,
856000,000002C5,false,Rx,0,8,00,00,00,00,00,00,00,00,
856000,000002C6,false,Rx,0,8,32,00,7C,01,00,00,00,00,
907000,0000060D,false,Rx,0,8,0D,10,83,B6,09,20,70,00,
916000,00000054,false,Rx,0,8,01,05,00,01,70,02,00,00,
916000,00000055,false,Rx,0,8,10,27,00,00,00,00,00,00,
917000,00000056,false,Rx,0,8,10,27,00,00,00,00,00,00,
917000,00000057,false,Rx,0,8,00,00,FE,FF,FE,FF,00,00,
944000,00000625,false,Rx,0,8,25,00,59,86,01,54,5C,06,
6000,0000060D,false,Rx,0,8,0D,10,83,B6,09,20,70,00,
45000,00000625,false,Rx,0,8,25,00,59,86,01,54,5C,06,
0,000002C4,false,Rx,0,8,09,20,00,00,70,02,00,00,
0,000002C5,false,Rx,0,8,00,00,00,00,00,00,00,00,
76000,000002C6,false,Rx,0,8,32,00,7C,01,00,00,00,00,
106000,0000060D,false,Rx,0,8,0D,10,83,B6,09,20,70,00,
115000,00000054,false,Rx,0,8,01,05,00,01,70,02,00,00,
116000,00000055,false,Rx,0,8,10,27,00,00,00,00,00,00,
0,00000056,false,Rx,0,8,10,27,00,00,00,00,00,00,
0,00000057,false,Rx,0,8,00,00,FE,FF,FE,FF,00,00,
144000,00000625,false,Rx,0,8,25,00,59,86,01,54,5C,06,
206000,0000060D,false,Rx,0,8,0D,10,83,B6,09,20,70,00,
245000,00000625,false,Rx,0,8,25,00,59,86,01,54,5C,06,
0,000002C4,false,Rx,0,8,09,20,00,00,70,02,00,00,
0,000002C5,false,Rx,0,8,00,00,00,00,00,00,00,00,
0,000002C6,false,Rx,0,8,32,00,7C,01,00,00,00,00,
307000,0000060D,false,Rx,0,8,0D,10,83,B6,09,20,70,00,
316000,00000054,false,Rx,0,8,01,05,00,01,70,02,00,00,
316000,00000055,false,Rx,0,8,10,27,00,00,00,00,00,00,
317000,00000056,false,Rx,0,8,10,27,00,00,00,00,00,00,
317000,00000057,false,Rx,0,8,00,00,FE,FF,FE,FF,00,00,
343000,00000625,false,Rx,0,8,25,00,59,86,01,54,5C,06,
406000,0000060D,false,Rx,0,8,0D,10,83,B6,09,20,70,00,
444000,00000625,false,Rx,0,8,25,00,59,86,01,54,5C,06,
506000,0000060D,false,Rx,0,8,0D,10,83,B6,09,20,70,00,
0,000002C4,false,Rx,0,8,09,20,00,00,70,02,00,00,
0,000002C5,false,Rx,0,8,00,00,00,00,00,00,00,00,
516000,000002C6,false,Rx,0,8,32,00,7C,01,00,00,00,00,
516000,00000054,false,Rx,0,8,01,05,00,01,70,02,00,00,
516000,00000055,false,Rx,0,8,10,27,00,00,00,00,00,00,
0,00000056,false,Rx,0,8,10,27,00,00,00,00,00,00,
0,00000057,false,Rx,0,8,00,00,FE,FF,FE,FF,00,00,
544000,00000625,false,Rx,0,8,25,00,59,86,01,54,5C,06,
607000,0000060D,false,Rx,0,8,0D,10,83,B6,09,20,70,00,
645000,00000625,false,Rx,0,8,25,00,59,86,01,54,5C,06,
706000,0000060D,false,Rx,0,8,0D,10,83,B6,09,20,70,00,
716000,00000054,false,Rx,0,8,01,05,00,01,70,02,00,00,
716000,00000055,false,Rx,0,8,10,27,00,00,00,00,00,00,
717000,00000056,false,Rx,0,8,10,27,00,00,00,00,00,00,
717000,00000057,false,Rx,0,8,00,00,FE,FF,FE,FF,00,00,
735000,000002C4,false,Rx,0,8,09,20,00,00,70,02,00,00,
735000,000002C5,false,Rx,0,8,00,00,00,00,00,00,00,00,
735000,000002C6,false,Rx,0,8,32,00,7C,01,00,00,00,00,
744000,00000625,false,Rx,0,8,25,00,59,86,01,54,5C,06,
807000,0000060D,false,Rx,0,8,0D,10,83,B6,09,20,70,00,
844000,00000625,false,Rx,0,8,25,00,59,86,01,54,5C,06,
906000,0000060D,false,Rx,0,8,0D,10,83,B6,09,20,70,00,
916000,00000054,false,Rx,0,8,01,05,00,01,70,02,00,00,
916000,00000055,false,Rx,0,8,10,27,00,00,00,00,00,00,
916000,00000056,false,Rx,0,8,10,27,00,00,00,00,00,00,
917000,00000057,false,Rx,0,8,00,00,FE,FF,FE,FF,00,00,
944000,00000625,false,Rx,0,8,25,00,59,86,01,54,5C,06,
0,000002C4,false,Rx,0,8,09,20,00,00,70,02,00,00,
0,000002C5,false,Rx,0,8,00,00,00,00,00,00,00,00,
955000,000002C6,false,Rx,0,8,32,00,7C,01,00,00,00,00,
6000,0000060D,false,Rx,0,8,0D,10,83,B6,09,20,70,00,
44000,00000625,false,Rx,0,8,25,00,59,86,01,54,5C,06,
106000,0000060D,false,Rx,0,8,0D,10,83,B6,09,20,70,00,
116000,00000054,false,Rx,0,8,01,05,00,01,70,02,00,00,
116000,00000055,false,Rx,0,8,10,27,00,00,00,00,00,00,
117000,00000056,false,Rx,0,8,10,27,00,00,00,00,00,00,
117000,00000057,false,Rx,0,8,00,00,FE,FF,FE,FF,00,00,
144000,00000625,false,Rx,0,8,25,00,59,86,01,54,5C,06,
175000,000002C4,false,Rx,0,8,09,20,00,00,70,02,00,00,
175000,000002C5,false,Rx,0,8,00,00,00,00,00,00,00,00,
175000,000002C6,false,Rx,0,8,32,00,7C,01,00,00,00,00,
206000,0000060D,false,Rx,0,8,0D,10,83,B6,09,20,70,00,
244000,00000625,false,Rx,0,8,25,00,59,86,01,54,5C,06,
307000,0000060D,false,Rx,0,8,0D,10,83,B6,09,20,70,00,
0,00000054,false,Rx,0,8,01,05,00,01,70,02,00,00,
0,00000055,false,Rx,0,8,10,27,00,00,00,00,00,00,
0,00000056,false,Rx,0,8,10,27,00,00,00,00,00,00,
317000,00000057,false,Rx,0,8,00,00,FE,FF,FE,FF,00,00,
344000,00000625,false,Rx,0,8,25,00,59,86,01,54,5C,06,
395000,000002C4,false,Rx,0,8,09,20,00,00,70,02,00,00,
395000,000002C5,false,Rx,0,8,00,00,00,00,00,00,00,00,
396000,000002C6,false,Rx,0,8,32,00,7C,01,00,00,00,00,
406000,0000060D,false,Rx,0,8,0D,10,83,B6,09,20,70,00,
443000,00000625,false,Rx,0,8,25,00,59,86,01,54,5C,06,
506000,0000060D,false,Rx,0,8,0D,10,83,B6,09,20,70,00,
516000,00000054,false,Rx,0,8,01,05,00,01,70,02,00,00,
516000,00000055,false,Rx,0,8,10,27,00,00,00,00,00,00,
0,00000056,false,Rx,0,8,10,27,00,00,00,00,00,00,
0,00000057,false,Rx,0,8,00,00,FE,FF,FE,FF,00,00,
544000,00000625,false,Rx,0,8,25,00,59,86,01,54,5C,06,
606000,0000060D,false,Rx,0,8,0D,10,83,B6,09,20,70,00,
0,000002C4,false,Rx,0,8,09,20,00,00,70,02,00,00,
0,000002C5,false,Rx,0,8,00,00,00,00,00,00,00,00,
615000,000002C6,false,Rx,0,8,32,00,7C,01,00,00,00,00,
644000,00000625,false,Rx,0,8,25,00,59,86,01,54,5C,06,
707000,0000060D,false,Rx,0,8,0D,10,83,B6,09,20,70,00,
716000,00000054,false,Rx,0,8,01,05,00,01,70,02,00,00,
716000,00000055,false,Rx,0,8,10,27,00,00,00,00,00,00,
717000,00000056,false,Rx,0,8,10,27,00,00,00,00,00,00,
717000,00000057,false,Rx,0,8,00,00,FE,FF,FE,FF,00,00,
743000,00000625,false,Rx,0,8,25,00,59,86,01,54,5C,06,
807000,0000060D,false,Rx,0,8,0D,10,83,B6,09,20,70,00,
0,000002C4,false,Rx,0,8,09,20,00,00,70,02,00,00,
0,000002C5,false,Rx,0,8,00,00,00,00,00,00,00,00,
836000,000002C6,false,Rx,0,8,32,00,7C,01,00,00,00,00,
844000,00000625,false,Rx,0,8,25,00,59,86,01,54,5C,06,
907000,0000060D,false,Rx,0,8,0D,10,83,B6,09,20,70,00,
916000,00000054,false,Rx,0,8,01,05,00,01,70,02,00,00,
916000,00000055,false,Rx,0,8,10,27,00,00,00,00,00,00,
916000,00000056,false,Rx,0,8,10,27,00,00,00,00,00,00,
917000,00000057,false,Rx,0,8,00,00,FE,FF,FE,FF,00,00,
944000,00000625,false,Rx,0,8,25,00,59,86,01,54,5C,06,
6000,0000060D,false,Rx,0,8,0D,10,83,B6,09,20,70,00,
44000,00000625,false,Rx,0,8,25,00,59,86,01,54,5C,06,
0,000002C4,false,Rx,0,8,09,20,00,00,70,02,00,00,
0,000002C5,false,Rx,0,8,00,00,00,00,00,00,00,00,
0,000002C6,false,Rx,0,8,32,00,7C,01,00,00,00,00,
106000,0000060D,false,Rx,0,8,0D,10,83,B6,09,20,70,00,
116000,00000054,false,Rx,0,8,01,05,00,01,70,02,00,00,
117000,00000055,false,Rx,0,8,10,27,00,00,00,00,00,00,
117000,00000056,false,Rx,0,8,10,27,00,00,00,00,00,00,
117000,00000057,false,Rx,0,8,00,00,FE,FF,FE,FF,00,00,
144000,00000625,false,Rx,0,8,25,00,59,86,01,54,5C,06,
206000,0000060D,false,Rx,0,8,0D,10,83,B6,09,20,70,00,
245000,00000625,false,Rx,0,8,25,00,59,86,01,54,5C,06,
0,000002C4,false,Rx,0,8,09,20,00,00,70,02,00,00,
0,000002C5,false,Rx,0,8,00,00,00,00,00,00,00,00,
276000,000002C6,false,Rx,0,8,32,00,7C,01,00,00,00,00,
307000,0000060D,false,Rx,0,8,0D,10,83,B6,09,20,70,00,
316000,00000054,false,Rx,0,8,01,05,00,01,70,02,00,00,
316000,00000055,false,Rx,0,8,10,27,00,00,00,00,00,00,
316000,00000056,false,Rx,0,8,10,27,00,00,00,00,00,00,
317000,00000057,false,Rx,0,8,00,00,FE,FF,FE,FF,00,00,
344000,00000625,false,Rx,0,8,25,00,59,86,01,54,5C,06,
406000,0000060D,false,Rx,0,8,0D,10,83,B6,09,20,70,00,
444000,00000625,false,Rx,0,8,25,00,59,86,01,54,5C,06,
495000,000002C4,false,Rx,0,8,09,20,00,00,70,02,00,00,
495000,000002C5,false,Rx,0,8,00,00,00,00,00,00,00,00,
495000,000002C6,false,Rx,0,8,32,00,7C,01,00,00,00,00,
507000,0000060D,false,Rx,0,8,0D,10,83,B6,09,20,70,00,
515000,00000054,false,Rx,0,8,01,05,00,01,70,02,00,00,
0,00000055,false,Rx,0,8,10,27,00,00,00,00,00,00,
0,00000056,false,Rx,0,8,10,27,00,00,00,00,00,00,
517000,00000057,false,Rx,0,8,00,00,FE,FF,FE,FF,00,00,
544000,00000625,false,Rx,0,8,25,00,59,86,01,54,5C,06,
606000,0000060D,false,Rx,0,8,0D,10,83,B6,09,20,70,00,
644000,00000625,false,Rx,0,8,25,00,59,86,01,54,5C,06,
706000,0000060D,false,Rx,0,8,0D,10,83,B6,09,20,70,00,
0,000002C4,false,Rx,0,8,09,20,00,00,70,02,00,00,
0,000002C5,false,Rx,0,8,00,00,00,00,00,00,00,00,
715000,000002C6,false,Rx,0,8,32,00,7C,01,00,00,00,00,
0,00000054,false,Rx,0,8,01,05,00,01,70,02,00,00,
0,00000055,false,Rx,0,8,10,27,00,00,00,00,00,00,
0,00000056,false,Rx,0,8,10,27,00,00,00,00,00,00,
0,00000057,false,Rx,0,8,00,00,FE,FF,FE,FF,00,00,
744000,00000625,false,Rx,0,8,25,00,59,86,01,54,5C,06,
807000,0000060D,false,Rx,0,8,0D,10,83,B6,09,20,70,00,
844000,00000625,false,Rx,0,8,25,00,59,86,01,54,5C,06,
907000,0000060D,false,Rx,0,8,0D,10,83,B6,09,20,70,00,
916000,00000054,false,Rx,0,8,01,05,00,01,70,02,00,00,
917000,00000055,false,Rx,0,8,10,27,00,00,00,00,00,00,
917000,00000056,false,Rx,0,8,10,27,00,00,00,00,00,00,
917000,00000057,false,Rx,0,8,00,00,FE,FF,FE,FF,00,00,
0,000002C4,false,Rx,0,8,09,20,00,00,70,02,00,00,
0,000002C5,false,Rx,0,8,00,00,00,00,00,00,00,00,
936000,000002C6,false,Rx,0,8,32,00,7C,01,00,00,00,00,
944000,00000625,false,Rx,0,8,25,00,59,86,01,54,5C,06,
6000,0000060D,false,Rx,0,8,0D,10,83,B6,09,20,70,00,
44000,00000625,false,Rx,0,8,25,00,59,86,01,54,5C,06,
106000,0000060D,false,Rx,0,8,0D,10,83,B6,09,20,70,00,
0,00000054,false,Rx,0,8,01,05,00,01,70,02,00,00,
0,00000055,false,Rx,0,8,10,27,00,00,00,00,00,00,
117000,00000056,false,Rx,0,8,10,27,00,00,00,00,00,00,
117000,00000057,false,Rx,0,8,00,00,FE,FF,FE,FF,00,00,
144000,00000625,false,Rx,0,8,25,00,59,86,01,54,5C,06,
155000,000002C4,false,Rx,0,8,09,20,00,00,70,02,00,00,
155000,000002C5,false,Rx,0,8,00,00,00,00,00,00,00,00,
156000,000002C6,false,Rx,0,8,32,00,7C,01,00,00,00,00,
206000,0000060D,false,Rx,0,8,0D,10,83,B6,09,20,70,00,
244000,00000625,false,Rx,0,8,25,00,59,86,01,54,5C,06,
306000,0000060D,false,Rx,0,8,0D,10,83,B6,09,20,70,00,
316000,00000054,false,Rx,0,8,01,05,00,01,70,02,00,00,
316000,00000055,false,Rx,0,8,10,27,00,00,00,00,00,00,
316000,00000056,false,Rx,0,8,10,27,00,00,00,00,00,00,
317000,00000057,false,Rx,0,8,00,00,FE,FF,FE,FF,00,00,
343000,00000625,false,Rx,0,8,25,00,59,86,01,54,5C,06,
0,000002C4,false,Rx,0,8,09,20,00,00,70,02,00,00,
0,000002C5,false,Rx,0,8,00,00,00,00,00,00,00,00,
375000,000002C6,false,Rx,0,8,32,00,7C,01,00,00,00,00,
407000,0000060D,false,Rx,0,8,0D,10,83,B6,09,20,70,00,
444000,00000625,false,Rx,0,8,25,00,59,86,01,54,5C,06,
506000,0000060D,false,Rx,0,8,0D,10,83,B6,09,20,70,00,
516000,00000054,false,Rx,0,8,01,05,00,01,70,02,00,00,
516000,00000055,false,Rx,0,8,10,27,00,00,00,00,00,00,
0,00000056,false,Rx,0,8,10,27,00,00,00,00,00,00,
0,00000057,false,Rx,0,8,00,00,FE,FF,FE,FF,00,00,
544000,00000625,false,Rx,0,8,25,00,59,86,01,54,5C,06,
595000,000002C4,false,Rx,0,8,09,20,00,00,70,02,00,00,
595000,000002C5,false,Rx,0,8,00,00,00,00,00,00,00,00,
596000,000002C6,false,Rx,0,8,32,00,7C,01,00,00,00,00,
607000,0000060D,false,Rx,0,8,0D,10,83,B6,09,20,70,00,
644000,00000625,false,Rx,0,8,25,00,59,86,01,54,5C,06,
706000,0000060D,false,Rx,0,8,0D,10,83,B6,09,20,70,00,
716000,00000054,false,Rx,0,8,01,05,00,01,70,02,00,00,
716000,00000055,false,Rx,0,8,10,27,00,00,00,00,00,00,
717000,00000056,false,Rx,0,8,10,27,00,00,00,00,00,00,
717000,00000057,false,Rx,0,8,00,00,FE,FF,FE,FF,00,00,
744000,00000625,false,Rx,0,8,25,00,59,86,01,54,5C,06,
806000,0000060D,false,Rx,0,8,0D,10,83,B6,09,20,70,00,
815000,000002C4,false,Rx,0,8,09,20,00,00,70,02,00,00,
815000,000002C5,false,Rx,0,8,00,00,00,00,00,00,00,00,
816000,000002C6,false,Rx,0,8,32,00,7C,01,00,00,00,00,
844000,00000625,false,Rx,0,8,25,00,59,86,01,54,5C,06,
907000,0000060D,false,Rx,0,8,0D,10,83,B6,09,20,70,00,
915000,00000054,false,Rx,0,8,01,05,00,01,70,02,00,00,
916000,00000055,false,Rx,0,8,10,27,00,00,00,00,00,00,
916000,00000056,false,Rx,0,8,10,27,00,00,00,00,00,00,
916000,00000057,false,Rx,0,8,00,00,FE,FF,FE,FF,00,00,
943000,00000625,false,Rx,0,8,25,00,59,86,01,54,5C,06,
7000,0000060D,false,Rx,0,8,0D,10,83,B6,09,20,70,00,
35000,000002C4,false,Rx,0,8,09,20,00,00,70,02,00,00,
35000,000002C5,false,Rx,0,8,00,00,00,00,00,00,00,00,
35000,000002C6,false,Rx,0,8,32,00,7C,01,00,00,00,00,
44000,00000625,false,Rx,0,8,25,00,59,86,01,54,5C,06,
106000,0000060D,false,Rx,0,8,0D,10,83,B6,09,20,70,00,
116000,00000054,false,Rx,0,8,01,05,00,01,70,02,00,00,
116000,00000055,false,Rx,0,8,10,27,00,00,00,00,00,00,
0,00000056,false,Rx,0,8,10,27,00,00,00,00,00,00,
0,00000057,false,Rx,0,8,00,00,FE,FF,FE,FF,00,00,
143000,00000625,false,Rx,0,8,25,00,59,86,01,54,5C,06,
206000,0000060D,false,Rx,0,8,0D,10,83,B6,09,20,70,00,
244000,00000625,false,Rx,0,8,25,00,59,86,01,54,5C,06,
255000,000002C4,false,Rx,0,8,09,20,00,00,70,02,00,00,
256000,000002C5,false,Rx,0,8,00,00,00,00,00,00,00,00,
256000,000002C6,false,Rx,0,8,32,00,7C,01,00,00,00,00,
306000,0000060D,false,Rx,0,8,0D,10,83,B6,09,20,70,00,
316000,00000054,false,Rx,0,8,01,05,00,01,70,02,00,00,
317000,00000055,false,Rx,0,8,10,27,00,00,00,00,00,00,
317000,00000056,false,Rx,0,8,10,27,00,00,00,00,00,00,
317000,00000057,false,Rx,0,8,00,00,FE,FF,FE,FF,00,00,
343000,00000625,false,Rx,0,8,25,00,59,86,01,54,5C,06,
406000,0000060D,false,Rx,0,8,0D,10,83,B6,09,20,70,00,
444000,00000625,false,Rx,0,8,25,00,59,86,01,54,5C,06,
0,000002C4,false,Rx,0,8,09,20,00,00,70,02,00,00,
0,000002C5,false,Rx,0,8,00,00,00,00,00,00,00,00,
0,000002C6,false,Rx,0,8,32,00,7C,01,00,00,00,00,
506000,0000060D,false,Rx,0,8,0D,10,83,B6,09,20,70,00,
516000,00000054,false,Rx,0,8,01,05,00,01,70,02,00,00,
516000,00000055,false,Rx,0,8,10,27,00,00,00,00,00,00,
517000,00000056,false,Rx,0,8,10,27,00,00,00,00,00,00,
517000,00000057,false,Rx,0,8,00,00,FE,FF,FE,FF,00,00,
543000,00000625,false,Rx,0,8,25,00,59,86,01,54,5C,06,
606000,0000060D,false,Rx,0,8,0D,10,83,B6,09,20,70,00,
643000,00000625,false,Rx,0,8,25,00,59,86,01,54,5C,06,
695000,000002C4,false,Rx,0,8,09,20,00,00,70,02,00,00,
695000,000002C5,false,Rx,0,8,00,00,00,00,00,00,00,00,
696000,000002C6,false,Rx,0,8,32,00,7C,01,00,00,00,00,
706000,0000060D,false,Rx,0,8,0D,10,83,B6,09,20,70,00,
716000,00000054,false,Rx,0,8,01,05,00,01,70,02,00,00,
716000,00000055,false,Rx,0,8,10,27,00,00,00,00,00,00,
716000,00000056,false,Rx,0,8,10,27,00,00,00,00,00,00,
717000,00000057,false,Rx,0,8,00,00,FE,FF,FE,FF,00,00,
744000,00000625,false,Rx,0,8,25,00,59,86,01,54,5C,06,
807000,0000060D,false,Rx,0,8,0D,10,83,B6,09,20,70,00,
844000,00000625,false,Rx,0,8,25,00,59,86,01,54,5C,06,
906000,0000060D,false,Rx,0,8,0D,10,83,B6,09,20,70,00,
914000,000002C4,false,Rx,0,8,09,20,00,00,70,02,00,00,
915000,000002C5,false,Rx,0,8,00,00,00,00,00,00,00,00,
915000,000002C6,false,Rx,0,8,32,00,7C,01,00,00,00,00,
915000,00000054,false,Rx,0,8,01,05,00,01,70,02,00,00,
916000,00000055,false,Rx,0,8,10,27,00,00,00,00,00,00,
916000,00000056,false,Rx,0,8,10,27,00,00,00,00,00,00,
916000,00000057,false,Rx,0,8,00,00,FE,FF,FE,FF,00,00,
945000,00000625,false,Rx,0,8,25,00,59,86,01,54,5C,06,
6000,0000060D,false,Rx,0,8,0D,10,83,B6,09,20,70,00,
44000,00000625,false,Rx,0,8,25,00,59,86,01,54,5C,06,
106000,0000060D,false,Rx,0,8,0D,10,83,B6,09,20,70,00,
116000,00000054,false,Rx,0,8,01,05,00,01,70,02,00,00,
116000,00000055,false,Rx,0,8,10,27,00,00,00,00,00,00,
117000,00000056,false,Rx,0,8,10,27,00,00,00,00,00,00,
117000,00000057,false,Rx,0,8,00,00,FE,FF,FE,FF,00,00,
135000,000002C4,false,Rx,0,8,09,20,00,00,70,02,00,00,
135000,000002C5,false,Rx,0,8,00,00,00,00,00,00,00,00,
136000,000002C6,false,Rx,0,8,32,00,7C,01,00,00,00,00,
144000,00000625,false,Rx,0,8,25,00,59,86,01,54,5C,06,
206000,0000060D,false,Rx,0,8,0D,10,83,B6,09,20,70,00,
244000,00000625,false,Rx,0,8,25,00,59,86,01,54,5C,06,
306000,0000060D,false,Rx,0,8,0D,10,83,B6,09,20,70,00,
0,00000054,false,Rx,0,8,01,05,00,01,70,02,00,00,
0,00000055,false,Rx,0,8,10,27,00,00,00,00,00,00,
0,00000056,false,Rx,0,8,10,27,00,00,00,00,00,00,
0,00000057,false,Rx,0,8,00,00,FE,FF,FE,FF,00,00,
344000,00000625,false,Rx,0,8,25,00,59,86,01,54,5C,06,
355000,000002C4,false,Rx,0,8,09,20,00,00,70,02,00,00,
356000,000002C5,false,Rx,0,8,00,00,00,00,00,00,00,00,
356000,000002C6,false,Rx,0,8,32,00,7C,01,00,00,00,00,
406000,0000060D,false,Rx,0,8,0D,10,83,B6,09,20,70,00,
444000,00000625,false,Rx,0,8,25,00,59,86,01,54,5C,06,
506000,0000060D,false,Rx,0,8,0D,10,83,B6,09,20,70,00,
0,00000054,false,Rx,0,8,01,05,00,01,70,02,00,00,
0,00000055,false,Rx,0,8,10,27,00,00,00,00,00,00,
0,00000056,false,Rx,0,8,10,27,00,00,00,00,00,00,
519000,00000057,false,Rx,0,8,00,00,FE,FF,FE,FF,00,00,
544000,00000625,false,Rx,0,8,25,00,59,86,01,54,5C,06,
575000,000002C4,false,Rx,0,8,09,20,00,00,70,02,00,00,
575000,000002C5,false,Rx,0,8,00,00,00,00,00,00,00,00,
576000,000002C6,false,Rx,0,8,32,00,7C,01,00,00,00,00,
606000,0000060D,false,Rx,0,8,0D,10,83,B6,09,20,70,00,
644000,00000625,false,Rx,0,8,25,00,59,86,01,54,5C,06,
707000,0000060D,false,Rx,0,8,0D,10,83,B6,09,20,70,00,
716000,00000054,false,Rx,0,8,01,05,00,01,70,02,00,00,
716000,00000055,false,Rx,0,8,10,27,00,00,00,00,00,00,
716000,00000056,false,Rx,0,8,10,27,00,00,00,00,00,00,
717000,00000057,false,Rx,0,8,00,00,FE,FF,FE,FF,00,00,
744000,00000625,false,Rx,0,8,25,00,59,86,01,54,5C,06,
795000,000002C4,false,Rx,0,8,09,20,00,00,70,02,00,00,
795000,000002C5,false,Rx,0,8,00,00,00,00,00,00,00,00,
795000,000002C6,false,Rx,0,8,32,00,7C,01,00,00,00,00,
807000,0000060D,false,Rx,0,8,0D,10,83,B6,09,20,70,00,
844000,00000625,false,Rx,0,8,25,00,59,86,01,54,5C,06,
906000,0000060D,false,Rx,0,8,0D,10,83,B6,09,20,70,00,
916000,00000054,false,Rx,0,8,01,05,00,01,70,02,00,00,
916000,00000055,false,Rx,0,8,10,27,00,00,00,00,00,00,
916000,00000056,false,Rx,0,8,10,27,00,00,00,00,00,00,
917000,00000057,false,Rx,0,8,00,00,FE,FF,FE,FF,00,00,
943000,00000625,false,Rx,0,8,25,00,59,86,01,54,5C,06,
7000,0000060D,false,Rx,0,8,0D,10,83,B6,09,20,70,00,
0,000002C4,false,Rx,0,8,09,20,00,00,70,02,00,00,
0,000002C5,false,Rx,0,8,00,00,00,00,00,00,00,00,
0,000002C6,false,Rx,0,8,32,00,7C,01,00,00,00,00,
45000,00000625,false,Rx,0,8,25,00,59,86,01,54,5C,06,
106000,0000060D,false,Rx,0,8,0D,10,83,B6,09,20,70,00,
0,00000054,false,Rx,0,8,01,05,00,01,70,02,00,00,
0,00000055,false,Rx,0,8,10,27,00,00,00,00,00,00,
117000,00000056,false,Rx,0,8,10,27,00,00,00,00,00,00,
117000,00000057,false,Rx,0,8,00,00,FE,FF,FE,FF,00,00,
144000,00000625,false,Rx,0,8,25,00,59,86,01,54,5C,06,
206000,0000060D,false,Rx,0,8,0D,10,83,B6,09,20,70,00,
235000,000002C4,false,Rx,0,8,09,20,00,00,70,02,00,00,
235000,000002C5,false,Rx,0,8,00,00,00,00,00,00,00,00,
236000,000002C6,false,Rx,0,8,32,00,7C,01,00,00,00,00,
244000,00000625,false,Rx,0,8,25,00,59,86,01,54,5C,06,
306000,0000060D,false,Rx,0,8,0D,10,83,B6,09,20,70,00,
316000,00000054,false,Rx,0,8,01,05,00,01,70,02,00,00,
316000,00000055,false,Rx,0,8,10,27,00,00,00,00,00,00,
317000,00000056,false,Rx,0,8,10,27,00,00,00,00,00,00,
317000,00000057,false,Rx,0,8,00,00,FE,FF,FE,FF,00,00,
344000,00000625,false,Rx,0,8,25,00,59,86,01,54,5C,06,
406000,0000060D,false,Rx,0,8,0D,10,83,B6,09,20,70,00,
444000,00000625,false,Rx,0,8,25,00,59,86,01,54,5C,06,
0,000002C4,false,Rx,0,8,09,20,00,00,70,02,00,00,
0,000002C5,false,Rx,0,8,00,00,00,00,00,00,00,00,
456000,000002C6,false,Rx,0,8,32,00,7C,01,00,00,00,00,
506000,0000060D,false,Rx,0,8,0D,10,83,B6,09,20,70,00,
517000,00000054,false,Rx,0,8,01,05,00,01,70,02,00,00,
517000,00000055,false,Rx,0,8,10,27,00,00,00,00,00,00,
517000,00000056,false,Rx,0,8,10,27,00,00,00,00,00,00,
517000,00000057,false,Rx,0,8,00,00,FE,FF,FE,FF,00,00,
543000,00000625,false,Rx,0,8,25,00,59,86,01,54,5C,06,
606000,0000060D,false,Rx,0,8,0D,10,83,B6,09,20,70,00,
644000,00000625,false,Rx,0,8,25,00,59,86,01,54,5C,06,
675000,000002C4,false,Rx,0,8,09,20,00,00,70,02,00,00,
675000,000002C5,false,Rx,0,8,00,00,00,00,00,00,00,00,
676000,000002C6,false,Rx,0,8,32,00,7C,01,00,00,00,00,
707000,0000060D,false,Rx,0,8,0D,10,83,B6,09,20,70,00,
716000,00000054,false,Rx,0,8,01,05,00,01,70,02,00,00,
716000,00000055,false,Rx,0,8,10,27,00,00,00,00,00,00,
0,00000056,false,Rx,0,8,10,27,00,00,00,00,00,00,
0,00000057,false,Rx,0,8,00,00,FE,FF,FE,FF,00,00,
744000,00000625,false,Rx,0,8,25,00,59,86,01,54,5C,06,
806000,0000060D,false,Rx,0,8,0D,10,83,B6,09,20,70,00,
844000,00000625,false,Rx,0,8,25,00,59,86,01,54,5C,06,
895000,000002C4,false,Rx,0,8,09,20,00,00,70,02,00,00,
895000,000002C5,false,Rx,0,8,00,00,00,00,00,00,00,00,
896000,000002C6,false,Rx,0,8,32,00,7C,01,00,00,00,00,
906000,0000060D,false,Rx,0,8,0D,10,83,B6,09,20,70,00,
916000,00000054,false,Rx,0,8,01,05,00,01,70,02,00,00,
917000,00000055,false,Rx,0,8,10,27,00,00,00,00,00,00,
917000,00000056,false,Rx,0,8,10,27,00,00,00,00,00,00,
917000,00000057,false,Rx,0,8,00,00,FE,FF,FE,FF,00,00,
944000,00000625,false,Rx,0,8,25,00,59,86,01,54,5C,06,
6000,0000060D,false,Rx,0,8,0D,10,83,B6,09,20,70,00,
44000,00000625,false,Rx,0,8,25,00,59,86,01,54,5C,06,
106000,0000060D,false,Rx,0,8,0D,10,83,B6,09,20,70,00,
116000,000002C4,false,Rx,0,8,09,20,00,00,70,02,00,00,
116000,000002C5,false,Rx,0,8,00,00,00,00,00,00,00,00,
116000,000002C6,false,Rx,0,8,32,00,7C,01,00,00,00,00,
116000,00000054,false,Rx,0,8,01,05,00,01,70,02,00,00,
0,00000055,false,Rx,0,8,10,27,00,00,00,00,00,00,
0,00000056,false,Rx,0,8,10,27,00,00,00,00,00,00,
117000,00000057,false,Rx,0,8,00,00,FE,FF,FE,FF,00,00,
144000,00000625,false,Rx,0,8,25,00,59,86,01,54,5C,06,
206000,0000060D,false,Rx,0,8,0D,10,83,B6,09,20,70,00,
244000,00000625,false,Rx,0,8,25,00,59,86,01,54,5C,06,
306000,0000060D,false,Rx,0,8,0D,10,83,B6,09,20,70,00,
316000,00000054,false,Rx,0,8,01,05,00,01,70,02,00,00,
316000,00000055,false,Rx,0,8,10,27,00,00,00,00,00,00,
317000,00000056,false,Rx,0,8,10,27,00,00,00,00,00,00,
317000,00000057,false,Rx,0,8,00,00,FE,FF,FE,FF,00,00,
0,000002C4,false,Rx,0,8,09,20,00,00,70,02,00,00,
0,000002C5,false,Rx,0,8,00,00,00,00,00,00,00,00,
336000,000002C6,false,Rx,0,8,32,00,7C,01,00,00,00,00,
344000,00000625,false,Rx,0,8,25,00,59,86,01,54,5C,06,
406000,0000060D,false,Rx,0,8,0D,10,83,B6,09,20,70,00,
443000,00000625,false,Rx,0,8,25,00,59,86,01,54,5C,06,
506000,0000060D,false,Rx,0,8,0D,10,83,B6,09,20,70,00,
516000,00000054,false,Rx,0,8,01,05,00,01,70,02,00,00,
516000,00000055,false,Rx,0,8,10,27,00,00,00,00,00,00,
516000,00000056,false,Rx,0,8,10,27,00,00,00,00,00,00,
516000,00000057,false,Rx,0,8,00,00,FE,FF,FE,FF,00,00,
545000,00000625,false,Rx,0,8,25,00,59,86,01,54,5C,06,
0,000002C4,false,Rx,0,8,09,20,00,00,70,02,00,00,
0,000002C5,false,Rx,0,8,00,00,00,00,00,00,00,00,
556000,000002C6,false,Rx,0,8,32,00,7C,01,00,00,00,00,
606000,0000060D,false,Rx,0,8,0D,10,83,B6,09,20,70,00,
644000,00000625,false,Rx,0,8,25,00,59,86,01,54,5C,06,
706000,0000060D,false,Rx,0,8,0D,10,83,B6,09,20,70,00,
715000,00000054,false,Rx,0,8,01,05,00,01,70,02,00,00,
716000,00000055,false,Rx,0,8,10,27,00,00,00,00,00,00,
716000,00000056,false,Rx,0,8,10,27,00,00,00,00,00,00,
716000,00000057,false,Rx,0,8,00,00,FE,FF,FE,FF,00,00,
744000,00000625,false,Rx,0,8,25,00,59,86,01,54,5C,06,
0,000002C4,false,Rx,0,8,09,20,00,00,70,02,00,00,
0,000002C5,false,Rx,0,8,00,00,00,00,00,00,00,00,
0,000002C6,false,Rx,0,8,32,00,7C,01,00,00,00,00,
807000,0000060D,false,Rx,0,8,0D,10,83,B6,09,20,70,00,
844000,00000625,false,Rx,0,8,25,00,59,86,01,54,5C,06,
906000,0000060D,false,Rx,0,8,0D,10,83,B6,09,20,70,00,
0,00000054,false,Rx,0,8,01,05,00,01,70,02,00,00,
0,00000055,false,Rx,0,8,10,27,00,00,00,00,00,00,
0,00000056,false,Rx,0,8,10,27,00,00,00,00,00,00,
0,00000057,false,Rx,0,8,00,00,FE,FF,FE,FF,00,00,
943000,00000625,false,Rx,0,8,25,00,59,86,01,54,5C,06,
995000,000002C4,false,Rx,0,8,09,20,00,00,70,02,00,00,
995000,000002C5,false,Rx,0,8,00,00,00,00,00,00,00,00,
996000,000002C6,false,Rx,0,8,32,00,7C,01,00,00,00,00,
6000,0000060D,false,Rx,0,8,0D,10,83,B6,09,20,70,00,
43000,00000625,false,Rx,0,8,25,00,59,86,01,54,5C,06,
106000,0000060D,false,Rx,0,8,0D,10,83,B6,09,20,70,00,
116000,00000054,false,Rx,0,8,01,05,00,01,70,02,00,00,
116000,00000055,false,Rx,0,8,10,27,00,00,00,00,00,00,
116000,00000056,false,Rx,0,8,10,27,00,00,00,00,00,00,
117000,00000057,false,Rx,0,8,00,00,FE,FF,FE,FF,00,00,
144000,00000625,false,Rx,0,8,25,00,59,86,01,54,5C,06,
206000,0000060D,false,Rx,0,8,0D,10,83,B6,09,20,70,00,
215000,000002C4,false,Rx,0,8,09,20,00,00,70,02,00,00,
215000,000002C5,false,Rx,0,8,00,00,00,00,00,00,00,00,
216000,000002C6,false,Rx,0,8,32,00,7C,01,00,00,00,00,
244000,00000625,false,Rx,0,8,25,00,59,86,01,54,5C,06,
306000,0000060D,false,Rx,0,8,0D,10,83,B6,09,20,70,00,
316000,00000054,false,Rx,0,8,01,05,00,01,70,02,00,00,
316000,00000055,false,Rx,0,8,10,27,00,00,00,00,00,00,
317000,00000056,false,Rx,0,8,10,27,00,00,00,00,00,00,
317000,00000057,false,Rx,0,8,00,00,FE,FF,FE,FF,00,00,
343000,00000625,false,Rx,0,8,25,00,59,86,01,54,5C,06,
406000,0000060D,false,Rx,0,8,0D,10,83,B6,09,20,70,00,
435000,000002C4,false,Rx,0,8,09,20,00,00,70,02,00,00,
435000,000002C5,false,Rx,0,8,00,00,00,00,00,00,00,00,
436000,000002C6,false,Rx,0,8,32,00,7C,01,00,00,00,00,
444000,00000625,false,Rx,0,8,25,00,59,86,01,54,5C,06,
506000,0000060D,false,Rx,0,8,0D,10,83,B6,09,20,70,00,
0,00000054,false,Rx,0,8,01,05,00,01,70,02,00,00,
0,00000055,false,Rx,0,8,10,27,00,00,00,00,00,00,
0,00000056,false,Rx,0,8,10,27,00,00,00,00,00,00,
0,00000057,false,Rx,0,8,00,00,FE,FF,FE,FF,00,00,
544000,00000625,false,Rx,0,8,25,00,59,86,01,54,5C,06,
606000,0000060D,false,Rx,0,8,0D,10,83,B6,09,20,70,00,
645000,00000625,false,Rx,0,8,25,00,59,86,01,54,5C,06,
655000,000002C4,false,Rx,0,8,09,20,00,00,70,02,00,00,
655000,000002C5,false,Rx,0,8,00,00,00,00,00,00,00,00,
656000,000002C6,false,Rx,0,8,32,00,7C,01,00,00,00,00,
706000,0000060D,false,Rx,0,8,0D,10,83,B6,09,20,70,00,
0,00000054,false,Rx,0,8,01,05,00,01,70,02,00,00,
0,00000055,false,Rx,0,8,10,27,00,00,00,00,00,00,
0,00000056,false,Rx,0,8,10,27,00,00,00,00,00,00,
0,00000057,false,Rx,0,8,00,00,FE,FF,FE,FF,00,00,
744000,00000625,false,Rx,0,8,25,00,59,86,01,54,5C,06,
807000,0000060D,false,Rx,0,8,0D,10,83,B6,09,20,70,00,
844000,00000625,false,Rx,0,8,25,00,59,86,01,54,5C,06,
876000,000002C4,false,Rx,0,8,09,20,00,00,70,02,00,00,
0,000002C5,false,Rx,0,8,00,00,00,00,00,00,00,00,
0,000002C6,false,Rx,0,8,32,00,7C,01,00,00,00,00,
907000,0000060D,false,Rx,0,8,0D,10,83,B6,09,20,70,00,
916000,00000054,false,Rx,0,8,01,05,00,01,70,02,00,00,
916000,00000055,false,Rx,0,8,10,27,00,00,00,00,00,00,
916000,00000056,false,Rx,0,8,10,27,00,00,00,00,00,00,
916000,00000057,false,Rx,0,8,00,00,FE,FF,FE,FF,00,00,
944000,00000625,false,Rx,0,8,25,00,59,86,01,54,5C,06,
6000,0000060D,false,Rx,0,8,0D,10,83,B6,09,20,70,00,
43000,00000625,false,Rx,0,8,25,00,59,86,01,54,5C,06,
96000,000002C4,false,Rx,0,8,09,20,00,00,70,02,00,00,
96000,000002C5,false,Rx,0,8,00,00,00,00,00,00,00,00,
97000,000002C6,false,Rx,0,8,32,00,7C,01,00,00,00,00,
106000,0000060D,false,Rx,0,8,0D,10,83,B6,09,20,70,00,
116000,00000054,false,Rx,0,8,01,05,00,01,70,02,00,00,
117000,00000055,false,Rx,0,8,10,27,00,00,00,00,00,00,
0,00000056,false,Rx,0,8,10,27,00,00,00,00,00,00,
0,00000057,false,Rx,0,8,00,00,FE,FF,FE,FF,00,00,
144000,00000625,false,Rx,0,8,25,00,59,86,01,54,5C,06,
206000,0000060D,false,Rx,0,8,0D,10,83,B6,09,20,70,00,
244000,00000625,false,Rx,0,8,25,00,59,86,01,54,5C,06,
306000,0000060D,false,Rx,0,8,0D,10,83,B6,09,20,70,00,
315000,000002C4,false,Rx,0,8,09,20,00,00,70,02,00,00,
316000,000002C5,false,Rx,0,8,00,00,00,00,00,00,00,00,
316000,000002C6,false,Rx,0,8,32,00,7C,01,00,00,00,00,
317000,00000054,false,Rx,0,8,01,05,00,01,70,02,00,00,
317000,00000055,false,Rx,0,8,10,27,00,00,00,00,00,00,
317000,00000056,false,Rx,0,8,10,27,00,00,00,00,00,00,
317000,00000057,false,Rx,0,8,00,00,FE,FF,FE,FF,00,00,
345000,00000625,false,Rx,0,8,25,00,59,86,01,54,5C,06,
405000,0000060D,false,Rx,0,8,0D,10,83,B6,09,20,70,00,
444000,00000625,false,Rx,0,8,25,00,59,86,01,54,5C,06,
506000,0000060D,false,Rx,0,8,0D,10,83,B6,09,20,70,00,
516000,00000054,false,Rx,0,8,01,05,00,01,70,02,00,00,
516000,00000055,false,Rx,0,8,10,27,00,00,00,00,00,00,
517000,00000056,false,Rx,0,8,10,27,00,00,00,00,00,00,
517000,00000057,false,Rx,0,8,00,00,FE,FF,FE,FF,00,00,
535000,000002C4,false,Rx,0,8,09,20,00,00,70,02,00,00,
535000,000002C5,false,Rx,0,8,00,00,00,00,00,00,00,00,
535000,000002C6,false,Rx,0,8,32,00,7C,01,00,00,00,00,
544000,00000625,false,Rx,0,8,25,00,59,86,01,54,5C,06,
606000,0000060D,false,Rx,0,8,0D,10,83,B6,09,20,70,00,
644000,00000625,false,Rx,0,8,25,00,59,86,01,54,5C,06,
705000,0000060D,false,Rx,0,8,0D,10,83,B6,09,20,70,00,
715000,00000054,false,Rx,0,8,01,05,00,01,70,02,00,00,
715000,00000055,false,Rx,0,8,10,27,00,00,00,00,00,00,
717000,00000056,false,Rx,0,8,10,27,00,00,00,00,00,00,
717000,00000057,false,Rx,0,8,00,00,FE,FF,FE,FF,00,00,
744000,00000625,false,Rx,0,8,25,00,59,86,01,54,5C,06,
755000,000002C4,false,Rx,0,8,09,20,00,00,70,02,00,00,
755000,000002C5,false,Rx,0,8,00,00,00,00,00,00,00,00,
756000,000002C6,false,Rx,0,8,32,00,7C,01,00,00,00,00,
807000,0000060D,false,Rx,0,8,0D,10,83,B6,09,20,70,00,
844000,00000625,false,Rx,0,8,25,00,59,86,01,54,5C,06,
907000,0000060D,false,Rx,0,8,0D,10,83,B6,09,20,70,00,
915000,00000054,false,Rx,0,8,01,05,00,01,70,02,00,00,
916000,00000055,false,Rx,0,8,10,27,00,00,00,00,00,00,
916000,00000056,false,Rx,0,8,10,27,00,00,00,00,00,00,
916000,00000057,false,Rx,0,8,00,00,FE,FF,FE,FF,00,00,
944000,00000625,false,Rx,0,8,25,00,59,86,01,54,5C,06,
975000,000002C4,false,Rx,0,8,09,20,00,00,70,02,00,00,
975000,000002C5,false,Rx,0,8,00,00,00,00,00,00,00,00,
975000,000002C6,false,Rx,0,8,32,00,7C,01,00,00,00,00,
6000,0000060D,false,Rx,0,8,0D,10,83,B6,09,20,70,00,
44000,00000625,false,Rx,0,8,25,00,59,86,01,54,5C,06,
106000,0000060D,false,Rx,0,8,0D,10,83,B6,09,20,70,00,
116000,00000054,false,Rx,0,8,01,05,00,01,70,02,00,00,
116000,00000055,false,Rx,0,8,10,27,00,00,00,00,00,00,
116000,00000056,false,Rx,0,8,10,27,00,00,00,00,00,00,
117000,00000057,false,Rx,0,8,00,00,FE,FF,FE,FF,00,00,
144000,00000625,false,Rx,0,8,25,00,59,86,01,54,5C,06,
0,000002C4,false,Rx,0,8,09,20,00,00,70,02,00,00,
0,000002C5,false,Rx,0,8,00,00,00,00,00,00,00,00,
196000,000002C6,false,Rx,0,8,32,00,7C,01,00,00,00,00,
206000,0000060D,false,Rx,0,8,0D,10,83,B6,09,20,70,00,
244000,00000625,false,Rx,0,8,25,00,59,86,01,54,5C,06,
306000,0000060D,false,Rx,0,8,0D,10,83,B6,09,20,70,00,
316000,00000054,false,Rx,0,8,01,05,00,01,70,02,00,00,
316000,00000055,false,Rx,0,8,10,27,00,00,00,00,00,00,
317000,00000056,false,Rx,0,8,10,27,00,00,00,00,00,00,
317000,00000057,false,Rx,0,8,00,00,FE,FF,FE,FF,00,00,
344000,00000625,false,Rx,0,8,25,00,59,86,01,54,5C,06,
406000,0000060D,false,Rx,0,8,0D,10,83,B6,09,20,70,00,
415000,000002C4,false,Rx,0,8,09,20,00,00,70,02,00,00,
415000,000002C5,false,Rx,0,8,00,00,00,00,00,00,00,00,
416000,000002C6,false,Rx,0,8,32,00,7C,01,00,00,00,00,
444000,00000625,false,Rx,0,8,25,00,59,86,01,54,5C,06,
506000,0000060D,false,Rx,0,8,0D,10,83,B6,09,20,70,00,
516000,00000054,false,Rx,0,8,01,05,00,01,70,02,00,00,
516000,00000055,false,Rx,0,8,10,27,00,00,00,00,00,00,
516000,00000056,false,Rx,0,8,10,27,00,00,00,00,00,00,
516000,00000057,false,Rx,0,8,00,00,FE,FF,FE,FF,00,00,
544000,00000625,false,Rx,0,8,25,00,59,86,01,54,5C,06,
607000,0000060D,false,Rx,0,8,0D,10,83,B6,09,20,70,00,
0,000002C4,false,Rx,0,8,09,20,00,00,70,02,00,00,
0,000002C5,false,Rx,0,8,00,00,00,00,00,00,00,00,
636000,000002C6,false,Rx,0,8,32,00,7C,01,00,00,00,00,
644000,00000625,false,Rx,0,8,25,00,59,86,01,54,5C,06,
706000,0000060D,false,Rx,0,8,0D,10,83,B6,09,20,70,00,
716000,00000054,false,Rx,0,8,01,05,00,01,70,02,00,00,
716000,00000055,false,Rx,0,8,10,27,00,00,00,00,00,00,
0,00000056,false,Rx,0,8,10,27,00,00,00,00,00,00,
0,00000057,false,Rx,0,8,00,00,FE,FF,FE,FF,00,00,
744000,00000625,false,Rx,0,8,25,00,59,86,01,54,5C,06,
806000,0000060D,false,Rx,0,8,0D,10,83,B6,09,20,70,00,
844000,00000625,false,Rx,0,8,25,00,59,86,01,54,5C,06,
855000,000002C4,false,Rx,0,8,09,20,00,00,70,02,00,00,
855000,000002C5,false,Rx,0,8,00,00,00,00,00,00,00,00,
855000,000002C6,false,Rx,0,8,32,00,7C,01,00,00,00,00,
906000,0000060D,false,Rx,0,8,0D,10,83,B6,09,20,70,00,
916000,00000054,false,Rx,0,8,01,05,00,01,70,02,00,00,
916000,00000055,false,Rx,0,8,10,27,00,00,00,00,00,00,
0,00000056,false,Rx,0,8,10,27,00,00,00,00,00,00,
0,00000057,false,Rx,0,8,00,00,FE,FF,FE,FF,00,00,
944000,00000625,false,Rx,0,8,25,00,59,86,01,54,5C,06,
6000,0000060D,false,Rx,0,8,0D,10,83,B6,09,20,70,00,
43000,00000625,false,Rx,0,8,25,00,59,86,01,54,5C,06,
75000,000002C4,false,Rx,0,8,09,20,00,00,70,02,00,00,
75000,000002C5,false,Rx,0,8,00,00,00,00,00,00,00,00,
76000,000002C6,false,Rx,0,8,32,00,7C,01,00,00,00,00,
106000,0000060D,false,Rx,0,8,0D,10,83,B6,09,20,70,00,
0,00000054,false,Rx,0,8,01,05,00,01,70,02,00,00,
0,00000055,false,Rx,0,8,10,27,00,00,00,00,00,00,
117000,00000056,false,Rx,0,8,10,27,00,00,00,00,00,00,
117000,00000057,false,Rx,0,8,00,00,FE,FF,FE,FF,00,00,
143000,00000625,false,Rx,0,8,25,00,59,86,01,54,5C,06,
206000,0000060D,false,Rx,0,8,0D,10,83,B6,09,20,70,00,
244000,00000625,false,Rx,0,8,25,00,59,86,01,54,5C,06,
295000,000002C4,false,Rx,0,8,09,20,00,00,70,02,00,00,
295000,000002C5,false,Rx,0,8,00,00,00,00,00,00,00,00,
295000,000002C6,false,Rx,0,8,32,00,7C,01,00,00,00,00,
306000,0000060D,false,Rx,0,8,0D,10,83,B6,09,20,70,00,
316000,00000054,false,Rx,0,8,01,05,00,01,70,02,00,00,
316000,00000055,false,Rx,0,8,10,27,00,00,00,00,00,00,
0,00000056,false,Rx,0,8,10,27,00,00,00,00,00,00,
0,00000057,false,Rx,0,8,00,00,FE,FF,FE,FF,00,00,
343000,00000625,false,Rx,0,8,25,00,59,86,01,54,5C,06,
406000,0000060D,false,Rx,0,8,0D,10,83,B6,09,20,70,00,
444000,00000625,false,Rx,0,8,25,00,59,86,01,54,5C,06,
506000,0000060D,false,Rx,0,8,0D,10,83,B6,09,20,70,00,
515000,000002C4,false,Rx,0,8,09,20,00,00,70,02,00,00,
515000,000002C5,false,Rx,0,8,00,00,00,00,00,00,00,00,
515000,000002C6,false,Rx,0,8,32,00,7C,01,00,00,00,00,
516000,00000054,false,Rx,0,8,01,05,00,01,70,02,00,00,
516000,00000055,false,Rx,0,8,10,27,00,00,00,00,00,00,
0,00000056,false,Rx,0,8,10,27,00,00,00,00,00,00,
0,00000057,false,Rx,0,8,00,00,FE,FF,FE,FF,00,00,
544000,00000625,false,Rx,0,8,25,00,59,86,01,54,5C,06,
606000,0000060D,false,Rx,0,8,0D,10,83,B6,09,20,70,00,
644000,00000625,false,Rx,0,8,25,00,59,86,01,54,5C,06,
708000,0000060D,false,Rx,0,8,0D,10,83,B6,09,20,70,00,
0,00000054,false,Rx,0,8,01,05,00,01,70,02,00,00,
0,00000055,false,Rx,0,8,10,27,00,00,00,00,00,00,
717000,00000056,false,Rx,0,8,10,27,00,00,00,00,00,00,
717000,00000057,false,Rx,0,8,00,00,FE,FF,FE,FF,00,00,
734000,000002C4,false,Rx,0,8,09,20,00,00,70,02,00,00,
735000,000002C5,false,Rx,0,8,00,00,00,00,00,00,00,00,
735000,000002C6,false,Rx,0,8,32,00,7C,01,00,00,00,00,
744000,00000625,false,Rx,0,8,25,00,59,86,01,54,5C,06,
806000,0000060D,false,Rx,0,8,0D,10,83,B6,09,20,70,00,
844000,00000625,false,Rx,0,8,25,00,59,86,01,54,5C,06,
906000,0000060D,false,Rx,0,8,0D,10,83,B6,09,20,70,00,
916000,00000054,false,Rx,0,8,01,05,00,01,70,02,00,00,
916000,00000055,false,Rx,0,8,10,27,00,00,00,00,00,00,
917000,00000056,false,Rx,0,8,10,27,00,00,00,00,00,00,
917000,00000057,false,Rx,0,8,00,00,FE,FF,FE,FF,00,00,
943000,00000625,false,Rx,0,8,25,00,59,86,01,54,5C,06,
0,000002C4,false,Rx,0,8,09,20,00,00,70,02,00,00,
0,000002C5,false,Rx,0,8,00,00,00,00,00,00,00,00,
956000,000002C6,false,Rx,0,8,32,00,7C,01,00,00,00,00,
6000,0000060D,false,Rx,0,8,0D,10,83,B6,09,20,70,00,
43000,00000625,false,Rx,0,8,25,00,59,86,01,54,5C,06,
106000,0000060D,false,Rx,0,8,0D,10,83,B6,09,20,70,00,
116000,00000054,false,Rx,0,8,01,05,00,01,70,02,00,00,
117000,00000055,false,Rx,0,8,10,27,00,00,00,00,00,00,
117000,00000056,false,Rx,0,8,10,27,00,00,00,00,00,00,
117000,00000057,false,Rx,0,8,00,00,FE,FF,FE,FF,00,00,
145000,00000625,false,Rx,0,8,25,00,59,86,01,54,5C,06,
175000,000002C4,false,Rx,0,8,09,20,00,00,70,02,00,00,
175000,000002C5,false,Rx,0,8,00,00,00,00,00,00,00,00,
176000,000002C6,false,Rx,0,8,32,00,7C,01,00,00,00,00,
206000,0000060D,false,Rx,0,8,0D,10,83,B6,09,20,70,00,
244000,00000625,false,Rx,0,8,25,00,59,86,01,54,5C,06,
306000,0000060D,false,Rx,0,8,0D,10,83,B6,09,20,70,00,
0,00000054,false,Rx,0,8,01,05,00,01,70,02,00,00,
0,00000055,false,Rx,0,8,10,27,00,00,00,00,00,00,
316000,00000056,false,Rx,0,8,10,27,00,00,00,00,00,00,
317000,00000057,false,Rx,0,8,00,00,FE,FF,FE,FF,00,00,
344000,00000625,false,Rx,0,8,25,00,59,86,01,54,5C,06,
395000,000002C4,false,Rx,0,8,09,20,00,00,70,02,00,00,
395000,000002C5,false,Rx,0,8,00,00,00,00,00,00,00,00,
396000,000002C6,false,Rx,0,8,32,00,7C,01,00,00,00,00,
406000,0000060D,false,Rx,0,8,0D,10,83,B6,09,20,70,00,
444000,00000625,false,Rx,0,8,25,00,59,86,01,54,5C,06,
506000,0000060D,false,Rx,0,8,0D,10,83,B6,09,20,70,00,
0,00000054,false,Rx,0,8,01,05,00,01,70,02,00,00,
0,00000055,false,Rx,0,8,10,27,00,00,00,00,00,00,
0,00000056,false,Rx,0,8,10,27,00,00,00,00,00,00,
0,00000057,false,Rx,0,8,00,00,FE,FF,FE,FF,00,00,
544000,00000625,false,Rx,0,8,25,00,59,86,01,54,5C,06,
607000,0000060D,false,Rx,0,8,0D,10,83,B6,09,20,70,00,
0,000002C4,false,Rx,0,8,09,20,00,00,70,02,00,00,
0,000002C5,false,Rx,0,8,00,00,00,00,00,00,00,00,
616000,000002C6,false,Rx,0,8,32,00,7C,01,00,00,00,00,
644000,00000625,false,Rx,0,8,25,00,59,86,01,54,5C,06,
706000,0000060D,false,Rx,0,8,0D,10,83,B6,09,20,70,00,
0,00000054,false,Rx,0,8,01,05,00,01,70,02,00,00,
0,00000055,false,Rx,0,8,10,27,00,00,00,00,00,00,
717000,00000056,false,Rx,0,8,10,27,00,00,00,00,00,00,
718000,00000057,false,Rx,0,8,00,00,FE,FF,FE,FF,00,00,
744000,00000625,false,Rx,0,8,25,00,59,86,01,54,5C,06,
806000,0000060D,false,Rx,0,8,0D,10,83,B6,09,20,70,00,
834000,000002C4,false,Rx,0,8,09,20,00,00,70,02,00,00,
835000,000002C5,false,Rx,0,8,00,00,00,00,00,00,00,00,
836000,000002C6,false,Rx,0,8,32,00,7C,01,00,00,00,00,
844000,00000625,false,Rx,0,8,25,00,59,86,01,54,5C,06,
906000,0000060D,false,Rx,0,8,0D,10,83,B6,09,20,70,00,
916000,00000054,false,Rx,0,8,01,05,00,01,70,02,00,00,
916000,00000055,false,Rx,0,8,10,27,00,00,00,00,00,00,
917000,00000056,false,Rx,0,8,10,27,00,00,00,00,00,00,
917000,00000057,false,Rx,0,8,00,00,FE,FF,FE,FF,00,00,
944000,00000625,false,Rx,0,8,25,00,59,86,01,54,5C,06,
6000,0000060D,false,Rx,0,8,0D,10,83,B6,09,20,70,00,
44000,00000625,false,Rx,0,8,25,00,59,86,01,54,5C,06,
56000,000002C4,false,Rx,0,8,09,20,00,00,70,02,00,00,
56000,000002C5,false,Rx,0,8,00,00,00,00,00,00,00,00,
56000,000002C6,false,Rx,0,8,32,00,7C,01,00,00,00,00,
106000,0000060D,false,Rx,0,8,0D,10,83,B6,09,20,70,00,
115000,00000054,false,Rx,0,8,01,05,00,01,70,02,00,00,
116000,00000055,false,Rx,0,8,10,27,00,00,00,00,00,00,
116000,00000056,false,Rx,0,8,10,27,00,00,00,00,00,00,
116000,00000057,false,Rx,0,8,00,00,FE,FF,FE,FF,00,00,
144000,00000625,false,Rx,0,8,25,00,59,86,01,54,5C,06,
206000,0000060D,false,Rx,0,8,0D,10,83,B6,09,20,70,00,
244000,00000625,false,Rx,0,8,25,00,59,86,01,54,5C,06,
0,000002C4,false,Rx,0,8,09,20,00,00,70,02,00,00,
0,000002C5,false,Rx,0,8,00,00,00,00,00,00,00,00,
277000,000002C6,false,Rx,0,8,32,00,7C,01,00,00,00,00,
306000,0000060D,false,Rx,0,8,0D,10,83,B6,09,20,70,00,
316000,00000054,false,Rx,0,8,01,05,00,01,70,02,00,00,
316000,00000055,false,Rx,0,8,10,27,00,00,00,00,00,00,
317000,00000056,false,Rx,0,8,10,27,00,00,00,00,00,00,
317000,00000057,false,Rx,0,8,00,00,FE,FF,FE,FF,00,00,
344000,00000625,false,Rx,0,8,25,00,59,86,01,54,5C,06,
406000,0000060D,false,Rx,0,8,0D,10,83,B6,09,20,70,00,
443000,00000625,false,Rx,0,8,25,00,59,86,01,54,5C,06,
0,000002C4,false,Rx,0,8,09,20,00,00,70,02,00,00,
0,000002C5,false,Rx,0,8,00,00,00,00,00,00,00,00,
496000,000002C6,false,Rx,0,8,32,00,7C,01,00,00,00,00,
506000,0000060D,false,Rx,0,8,0D,10,83,B6,09,20,70,00,
0,00000054,false,Rx,0,8,01,05,00,01,70,02,00,00,
0,00000055,false,Rx,0,8,10,27,00,00,00,00,00,00,
0,00000056,false,Rx,0,8,10,27,00,00,00,00,00,00,
0,00000057,false,Rx,0,8,00,00,FE,FF,FE,FF,00,00,
544000,00000625,false,Rx,0,8,25,00,59,86,01,54,5C,06,
606000,0000060D,false,Rx,0,8,0D,10,83,B6,09,20,70,00,
644000,00000625,false,Rx,0,8,25,00,59,86,01,54,5C,06,
706000,0000060D,false,Rx,0,8,0D,10,83,B6,09,20,70,00,
0,000002C4,false,Rx,0,8,09,20,00,00,70,02,00,00,
0,000002C5,false,Rx,0,8,00,00,00,00,00,00,00,00,
0,000002C6,false,Rx,0,8,32,00,7C,01,00,00,00,00,
0,00000054,false,Rx,0,8,01,05,00,01,70,02,00,00,
0,00000055,false,Rx,0,8,10,27,00,00,00,00,00,00,
717000,00000056,false,Rx,0,8,10,27,00,00,00,00,00,00,
717000,00000057,false,Rx,0,8,00,00,FE,FF,FE,FF,00,00,
745000,00000625,false,Rx,0,8,25,00,59,86,01,54,5C,06,
807000,0000060D,false,Rx,0,8,0D,10,83,B6,09,20,70,00,
844000,00000625,false,Rx,0,8,25,00,59,86,01,54,5C,06,
907000,0000060D,false,Rx,0,8,0D,10,83,B6,09,20,70,00,
0,00000054,false,Rx,0,8,01,05,00,01,70,02,00,00,
0,00000055,false,Rx,0,8,10,27,00,00,00,00,00,00,
917000,00000056,false,Rx,0,8,10,27,00,00,00,00,00,00,
917000,00000057,false,Rx,0,8,00,00,FE,FF,FE,FF,00,00,
0,000002C4,false,Rx,0,8,09,20,00,00,70,02,00,00,
0,000002C5,false,Rx,0,8,00,00,00,00,00,00,00,00,
935000,000002C6,false,Rx,0,8,32,00,7C,01,00,00,00,00,
944000,00000625,false,Rx,0,8,25,00,59,86,01,54,5C,06,
6000,0000060D,false,Rx,0,8,0D,10,83,B6,09,20,70,00,
44000,00000625,false,Rx,0,8,25,00,59,86,01,54,5C,06,
106000,0000060D,false,Rx,0,8,0D,10,83,B6,09,20,70,00,
116000,00000054,false,Rx,0,8,01,05,00,01,70,02,00,00,
116000,00000055,false,Rx,0,8,10,27,00,00,00,00,00,00,
117000,00000056,false,Rx,0,8,10,27,00,00,00,00,00,00,
117000,00000057,false,Rx,0,8,00,00,FE,FF,FE,FF,00,00,
144000,00000625,false,Rx,0,8,25,00,59,86,01,54,5C,06,
155000,000002C4,false,Rx,0,8,09,20,00,00,70,02,00,00,
155000,000002C5,false,Rx,0,8,00,00,00,00,00,00,00,00,
155000,000002C6,false,Rx,0,8,32,00,7C,01,00,00,00,00,
206000,0000060D,false,Rx,0,8,0D,10,83,B6,09,20,70,00,
244000,00000625,false,Rx,0,8,25,00,59,86,01,54,5C,06,
306000,0000060D,false,Rx,0,8,0D,10,83,B6,09,20,70,00,
315000,00000054,false,Rx,0,8,01,05,00,01,70,02,00,00,
316000,00000055,false,Rx,0,8,10,27,00,00,00,00,00,00,
316000,00000056,false,Rx,0,8,10,27,00,00,00,00,00,00,
316000,00000057,false,Rx,0,8,00,00,FE,FF,FE,FF,00,00,
343000,00000625,false,Rx,0,8,25,00,59,86,01,54,5C,06,
375000,000002C4,false,Rx,0,8,09,20,00,00,70,02,00,00,
375000,000002C5,false,Rx,0,8,00,00,00,00,00,00,00,00,
375000,000002C6,false,Rx,0,8,32,00,7C,01,00,00,00,00,
406000,0000060D,false,Rx,0,8,0D,10,83,B6,09,20,70,00,
444000,00000625,false,Rx,0,8,25,00,59,86,01,54,5C,06,
505000,0000060D,false,Rx,0,8,0D,10,83,B6,09,20,70,00,
516000,00000054,false,Rx,0,8,01,05,00,01,70,02,00,00,
516000,00000055,false,Rx,0,8,10,27,00,00,00,00,00,00,
0,00000056,false,Rx,0,8,10,27,00,00,00,00,00,00,
0,00000057,false,Rx,0,8,00,00,FE,FF,FE,FF,00,00,
544000,00000625,false,Rx,0,8,25,00,59,86,01,54,5C,06,
594000,000002C4,false,Rx,0,8,09,20,00,00,70,02,00,00,
0,000002C5,false,Rx,0,8,00,00,00,00,00,00,00,00,
0,000002C6,false,Rx,0,8,32,00,7C,01,00,00,00,00,
606000,0000060D,false,Rx,0,8,0D,10,83,B6,09,20,70,00,
644000,00000625,false,Rx,0,8,25,00,59,86,01,54,5C,06,
706000,0000060D,false,Rx,0,8,0D,10,83,B6,09,20,70,00,
715000,00000054,false,Rx,0,8,01,05,00,01,70,02,00,00,
716000,00000055,false,Rx,0,8,10,27,00,00,00,00,00,00,
716000,00000056,false,Rx,0,8,10,27,00,00,00,00,00,00,
716000,00000057,false,Rx,0,8,00,00,FE,FF,FE,FF,00,00,
744000,00000625,false,Rx,0,8,25,00,59,86,01,54,5C,06,
807000,0000060D,false,Rx,0,8,0D,10,83,B6,09,20,70,00,
0,000002C4,false,Rx,0,8,09,20,00,00,70,02,00,00,
0,000002C5,false,Rx,0,8,00,00,00,00,00,00,00,00,
816000,000002C6,false,Rx,0,8,32,00,7C,01,00,00,00,00,
845000,00000625,false,Rx,0,8,25,00,59,86,01,54,5C,06,
906000,0000060D,false,Rx,0,8,0D,10,83,B6,09,20,70,00,
916000,00000054,false,Rx,0,8,01,05,00,01,70,02,00,00,
916000,00000055,false,Rx,0,8,10,27,00,00,00,00,00,00,
916000,00000056,false,Rx,0,8,10,27,00,00,00,00,00,00,
917000,00000057,false,Rx,0,8,00,00,FE,FF,FE,FF,00,00,
944000,00000625,false,Rx,0,8,25,00,59,86,01,54,5C,06,
6000,0000060D,false,Rx,0,8,0D,10,83,B6,09,20,70,00,
35000,000002C4,false,Rx,0,8,09,20,00,00,70,02,00,00,
36000,000002C5,false,Rx,0,8,00,00,00,00,00,00,00,00,
36000,000002C6,false,Rx,0,8,32,00,7C,01,00,00,00,00,
44000,00000625,false,Rx,0,8,25,00,59,86,01,54,5C,06,
106000,0000060D,false,Rx,0,8,0D,10,83,B6,09,20,70,00,
116000,00000054,false,Rx,0,8,01,05,00,01,70,02,00,00,
116000,00000055,false,Rx,0,8,10,27,00,00,00,00,00,00,
116000,00000056,false,Rx,0,8,10,27,00,00,00,00,00,00,
116000,00000057,false,Rx,0,8,00,00,FE,FF,FE,FF,00,00,
144000,00000625,false,Rx,0,8,25,00,59,86,01,54,5C,06,
206000,0000060D,false,Rx,0,8,0D,10,83,B6,09,20,70,00,
243000,00000625,false,Rx,0,8,25,00,59,86,01,54,5C,06,
0,000002C4,false,Rx,0,8,09,20,00,00,70,02,00,00,
0,000002C5,false,Rx,0,8,00,00,00,00,00,00,00,00,
256000,000002C6,false,Rx,0,8,32,00,7C,01,00,00,00,00,
306000,0000060D,false,Rx,0,8,0D,10,83,B6,09,20,70,00,
315000,00000054,false,Rx,0,8,01,05,00,01,70,02,00,00,
316000,00000055,false,Rx,0,8,10,27,00,00,00,00,00,00,
316000,00000056,false,Rx,0,8,10,27,00,00,00,00,00,00,
316000,00000057,false,Rx,0,8,00,00,FE,FF,FE,FF,00,00,
344000,00000625,false,Rx,0,8,25,00,59,86,01,54,5C,06,
406000,0000060D,false,Rx,0,8,0D,10,83,B6,09,20,70,00,
444000,00000625,false,Rx,0,8,25,00,59,86,01,54,5C,06,
0,000002C4,false,Rx,0,8,09,20,00,00,70,02,00,00,
0,000002C5,false,Rx,0,8,00,00,00,00,00,00,00,00,
476000,000002C6,false,Rx,0,8,32,00,7C,01,00,00,00,00,
506000,0000060D,false,Rx,0,8,0D,10,83,B6,09,20,70,00,
516000,00000054,false,Rx,0,8,01,05,00,01,70,02,00,00,
0,00000055,false,Rx,0,8,10,27,00,00,00,00,00,00,
0,00000056,false,Rx,0,8,10,27,00,00,00,00,00,00,
0,00000057,false,Rx,0,8,00,00,FE,FF,FE,FF,00,00,
543000,00000625,false,Rx,0,8,25,00,59,86,01,54,5C,06,
607000,0000060D,false,Rx,0,8,0D,10,83,B6,09,20,70,00,
644000,00000625,false,Rx,0,8,25,00,59,86,01,54,5C,06,
695000,000002C4,false,Rx,0,8,09,20,00,00,70,02,00,00,
696000,000002C5,false,Rx,0,8,00,00,00,00,00,00,00,00,
696000,000002C6,false,Rx,0,8,32,00,7C,01,00,00,00,00,
706000,0000060D,false,Rx,0,8,0D,10,83,B6,09,20,70,00,
715000,00000054,false,Rx,0,8,01,05,00,01,70,02,00,00,
716000,00000055,false,Rx,0,8,10,27,00,00,00,00,00,00,
716000,00000056,false,Rx,0,8,10,27,00,00,00,00,00,00,
716000,00000057,false,Rx,0,8,00,00,FE,FF,FE,FF,00,00,
744000,00000625,false,Rx,0,8,25,00,59,86,01,54,5C,06,
807000,0000060D,false,Rx,0,8,0D,10,83,B6,09,20,70,00,
844000,00000625,false,Rx,0,8,25,00,59,86,01,54,5C,06,
906000,0000060D,false,Rx,0,8,0D,10,83,B6,09,20,70,00,
915000,000002C4,false,Rx,0,8,09,20,00,00,70,02,00,00,
915000,000002C5,false,Rx,0,8,00,00,00,00,00,00,00,00,
916000,000002C6,false,Rx,0,8,32,00,7C,01,00,00,00,00,
916000,00000054,false,Rx,0,8,01,05,00,01,70,02,00,00,
916000,00000055,false,Rx,0,8,10,27,00,00,00,00,00,00,
917000,00000056,false,Rx,0,8,10,27,00,00,00,00,00,00,
917000,00000057,false,Rx,0,8,00,00,FE,FF,FE,FF,00,00,
944000,00000625,false,Rx,0,8,25,00,59,86,01,54,5C,06,
6000,0000060D,false,Rx,0,8,0D,10,83,B6,09,20,70,00,
44000,00000625,false,Rx,0,8,25,00,59,86,01,54,5C,06,
106000,0000060D,false,Rx,0,8,0D,10,83,B6,09,20,70,00,
116000,00000054,false,Rx,0,8,01,05,00,01,70,02,00,00,
116000,00000055,false,Rx,0,8,10,27,00,00,00,00,00,00,
0,00000056,false,Rx,0,8,10,27,00,00,00,00,00,00,
0,00000057,false,Rx,0,8,00,00,FE,FF,FE,FF,00,00,
135000,000002C4,false,Rx,0,8,09,20,00,00,70,02,00,00,
136000,000002C5,false,Rx,0,8,00,00,00,00,00,00,00,00,
136000,000002C6,false,Rx,0,8,32,00,7C,01,00,00,00,00,
144000,00000625,false,Rx,0,8,25,00,59,86,01,54,5C,06,
207000,0000060D,false,Rx,0,8,0D,10,83,B6,09,20,70,00,
244000,00000625,false,Rx,0,8,25,00,59,86,01,54,5C,06,
306000,0000060D,false,Rx,0,8,0D,10,83,B6,09,20,70,00,
316000,00000054,false,Rx,0,8,01,05,00,01,70,02,00,00,
317000,00000055,false,Rx,0,8,10,27,00,00,00,00,00,00,
317000,00000056,false,Rx,0,8,10,27,00,00,00,00,00,00,
317000,00000057,false,Rx,0,8,00,00,FE,FF,FE,FF,00,00,
344000,00000625,false,Rx,0,8,25,00,59,86,01,54,5C,06,
355000,000002C4,false,Rx,0,8,09,20,00,00,70,02,00,00,
356000,000002C5,false,Rx,0,8,00,00,00,00,00,00,00,00,
356000,000002C6,false,Rx,0,8,32,00,7C,01,00,00,00,00,
406000,0000060D,false,Rx,0,8,0D,10,83,B6,09,20,70,00,
443000,00000625,false,Rx,0,8,25,00,59,86,01,54,5C,06,
506000,0000060D,false,Rx,0,8,0D,10,83,B6,09,20,70,00,
516000,00000054,false,Rx,0,8,01,05,00,01,70,02,00,00,
516000,00000055,false,Rx,0,8,10,27,00,00,00,00,00,00,
516000,00000056,false,Rx,0,8,10,27,00,00,00,00,00,00,
517000,00000057,false,Rx,0,8,00,00,FE,FF,FE,FF,00,00,
544000,00000625,false,Rx,0,8,25,00,59,86,01,54,5C,06,
575000,000002C4,false,Rx,0,8,09,20,00,00,70,02,00,00,
576000,000002C5,false,Rx,0,8,00,00,00,00,00,00,00,00,
576000,000002C6,false,Rx,0,8,32,00,7C,01,00,00,00,00,
606000,0000060D,false,Rx,0,8,0D,10,83,B6,09,20,70,00,
644000,00000625,false,Rx,0,8,25,00,59,86,01,54,5C,06,
707000,0000060D,false,Rx,0,8,0D,10,83,B6,09,20,70,00,
716000,00000054,false,Rx,0,8,01,05,00,01,70,02,00,00,
716000,00000055,false,Rx,0,8,10,27,00,00,00,00,00,00,
716000,00000056,false,Rx,0,8,10,27,00,00,00,00,00,00,
717000,00000057,false,Rx,0,8,00,00,FE,FF,FE,FF,00,00,
744000,00000625,false,Rx,0,8,25,00,59,86,01,54,5C,06,
795000,000002C4,false,Rx,0,8,09,20,00,00,70,02,00,00,
795000,000002C5,false,Rx,0,8,00,00,00,00,00,00,00,00,
796000,000002C6,false,Rx,0,8,32,00,7C,01,00,00,00,00,
807000,0000060D,false,Rx,0,8,0D,10,83,B6,09,20,70,00,
844000,00000625,false,Rx,0,8,25,00,59,86,01,54,5C,06,
906000,0000060D,false,Rx,0,8,0D,10,83,B6,09,20,70,00,
0,00000054,false,Rx,0,8,01,05,00,01,70,02,00,00,
0,00000055,false,Rx,0,8,10,27,00,00,00,00,00,00,
0,00000056,false,Rx,0,8,10,27,00,00,00,00,00,00,
916000,00000057,false,Rx,0,8,00,00,FE,FF,FE,FF,00,00,
944000,00000625,false,Rx,0,8,25,00,59,86,01,54,5C,06,
6000,0000060D,false,Rx,0,8,0D,10,83,B6,09,20,70,00,
16000,000002C4,false,Rx,0,8,09,20,00,00,70,02,00,00,
16000,000002C5,false,Rx,0,8,00,00,00,00,00,00,00,00,
16000,000002C6,false,Rx,0,8,32,00,7C,01,00,00,00,00,
44000,00000625,false,Rx,0,8,25,00,59,86,01,54,5C,06,
106000,0000060D,false,Rx,0,8,0D,10,83,B6,09,20,70,00,
116000,00000054,false,Rx,0,8,01,05,00,01,70,02,00,00,
116000,00000055,false,Rx,0,8,10,27,00,00,00,00,00,00,
116000,00000056,false,Rx,0,8,10,27,00,00,00,00,00,00,
116000,00000057,false,Rx,0,8,00,00,FE,FF,FE,FF,00,00,
144000,00000625,false,Rx,0,8,25,00,59,86,01,54,5C,06,
206000,0000060D,false,Rx,0,8,0D,10,83,B6,09,20,70,00,
0,000002C4,false,Rx,0,8,09,20,00,00,70,02,00,00,
0,000002C5,false,Rx,0,8,00,00,00,00,00,00,00,00,
236000,000002C6,false,Rx,0,8,32,00,7C,01,00,00,00,00,
244000,00000625,false,Rx,0,8,25,00,59,86,01,54,5C,06,
306000,0000060D,false,Rx,0,8,0D,10,83,B6,09,20,70,00,
315000,00000054,false,Rx,0,8,01,05,00,01,70,02,00,00,
316000,00000055,false,Rx,0,8,10,27,00,00,00,00,00,00,
316000,00000056,false,Rx,0,8,10,27,00,00,00,00,00,00,
316000,00000057,false,Rx,0,8,00,00,FE,FF,FE,FF,00,00,
344000,00000625,false,Rx,0,8,25,00,59,86,01,54,5C,06,
407000,0000060D,false,Rx,0,8,0D,10,83,B6,09,20,70,00,
444000,00000625,false,Rx,0,8,25,00,59,86,01,54,5C,06,
454000,000002C4,false,Rx,0,8,09,20,00,00,70,02,00,00,
455000,000002C5,false,Rx,0,8,00,00,00,00,00,00,00,00,
455000,000002C6,false,Rx,0,8,32,00,7C,01,00,00,00,00,
506000,0000060D,false,Rx,0,8,0D,10,83,B6,09,20,70,00,
517000,00000054,false,Rx,0,8,01,05,00,01,70,02,00,00,
0,00000055,false,Rx,0,8,10,27,00,00,00,00,00,00,
0,00000056,false,Rx,0,8,10,27,00,00,00,00,00,00,
517000,00000057,false,Rx,0,8,00,00,FE,FF,FE,FF,00,00,
544000,00000625,false,Rx,0,8,25,00,59,86,01,54,5C,06,
606000,0000060D,false,Rx,0,8,0D,10,83,B6,09,20,70,00,
644000,00000625,false,Rx,0,8,25,00,59,86,01,54,5C,06,
675000,000002C4,false,Rx,0,8,09,20,00,00,70,02,00,00,
0,000002C5,false,Rx,0,8,00,00,00,00,00,00,00,00,
0,000002C6,false,Rx,0,8,32,00,7C,01,00,00,00,00,
706000,0000060D,false,Rx,0,8,0D,10,83,B6,09,20,70,00,
716000,00000054,false,Rx,0,8,01,05,00,01,70,02,00,00,
717000,00000055,false,Rx,0,8,10,27,00,00,00,00,00,00,
717000,00000056,false,Rx,0,8,10,27,00,00,00,00,00,00,
717000,00000057,false,Rx,0,8,00,00,FE,FF,FE,FF,00,00,
744000,00000625,false,Rx,0,8,25,00,59,86,01,54,5C,06,
807000,0000060D,false,Rx,0,8,0D,10,83,B6,09,20,70,00,
844000,00000625,false,Rx,0,8,25,00,59,86,01,54,5C,06,
895000,000002C4,false,Rx,0,8,09,20,00,00,70,02,00,00,
895000,000002C5,false,Rx,0,8,00,00,00,00,00,00,00,00,
895000,000002C6,false,Rx,0,8,32,00,7C,01,00,00,00,00,
906000,0000060D,false,Rx,0,8,0D,10,83,B6,09,20,70,00,
916000,00000054,false,Rx,0,8,01,05,00,01,70,02,00,00,
916000,00000055,false,Rx,0,8,10,27,00,00,00,00,00,00,
916000,00000056,false,Rx,0,8,10,27,00,00,00,00,00,00,
917000,00000057,false,Rx,0,8,00,00,FE,FF,FE,FF,00,00,
944000,00000625,false,Rx,0,8,25,00,59,86,01,54,5C,06,
6000,0000060D,false,Rx,0,8,0D,10,83,B6,09,20,70,00,
44000,00000625,false,Rx,0,8,25,00,59,86,01,54,5C,06,
106000,0000060D,false,Rx,0,8,0D,10,83,B6,09,20,70,00,
115000,000002C4,false,Rx,0,8,09,20,00,00,70,02,00,00,
0,000002C5,false,Rx,0,8,00,00,00,00,00,00,00,00,
0,000002C6,false,Rx,0,8,32,00,7C,01,00,00,00,00,
116000,00000054,false,Rx,0,8,01,05,00,01,70,02,00,00,
117000,00000055,false,Rx,0,8,10,27,00,00,00,00,00,00,
0,00000056,false,Rx,0,8,10,27,00,00,00,00,00,00,
0,00000057,false,Rx,0,8,00,00,FE,FF,FE,FF,00,00,
144000,00000625,false,Rx,0,8,25,00,59,86,01,54,5C,06,
206000,0000060D,false,Rx,0,8,0D,10,83,B6,09,20,70,00,
244000,00000625,false,Rx,0,8,25,00,59,86,01,54,5C,06,
307000,0000060D,false,Rx,0,8,0D,10,83,B6,09,20,70,00,
316000,00000054,false,Rx,0,8,01,05,00,01,70,02,00,00,
317000,00000055,false,Rx,0,8,10,27,00,00,00,00,00,00,
317000,00000056,false,Rx,0,8,10,27,00,00,00,00,00,00,
317000,00000057,false,Rx,0,8,00,00,FE,FF,FE,FF,00,00,
335000,000002C4,false,Rx,0,8,09,20,00,00,70,02,00,00,
0,000002C5,false,Rx,0,8,00,00,00,00,00,00,00,00,
0,000002C6,false,Rx,0,8,32,00,7C,01,00,00,00,00,
344000,00000625,false,Rx,0,8,25,00,59,86,01,54,5C,06,
406000,0000060D,false,Rx,0,8,0D,10,83,B6,09,20,70,00,
444000,00000625,false,Rx,0,8,25,00,59,86,01,54,5C,06,
506000,0000060D,false,Rx,0,8,0D,10,83,B6,09,20,70,00,
0,00000054,false,Rx,0,8,01,05,00,01,70,02,00,00,
0,00000055,false,Rx,0,8,10,27,00,00,00,00,00,00,
0,00000056,false,Rx,0,8,10,27,00,00,00,00,00,00,
0,00000057,false,Rx,0,8,00,00,FE,FF,FE,FF,00,00,
545000,00000625,false,Rx,0,8,25,00,59,86,01,54,5C,06,
0,000002C4,false,Rx,0,8,09,20,00,00,70,02,00,00,
0,000002C5,false,Rx,0,8,00,00,00,00,00,00,00,00,
556000,000002C6,false,Rx,0,8,32,00,7C,01,00,00,00,00,
606000,0000060D,false,Rx,0,8,0D,10,83,B6,09,20,70,00,
644000,00000625,false,Rx,0,8,25,00,59,86,01,54,5C,06,
707000,0000060D,false,Rx,0,8,0D,10,83,B6,09,20,70,00,
0,00000054,false,Rx,0,8,01,05,00,01,70,02,00,00,
0,00000055,false,Rx,0,8,10,27,00,00,00,00,00,00,
0,00000056,false,Rx,0,8,10,27,00,00,00,00,00,00,
0,00000057,false,Rx,0,8,00,00,FE,FF,FE,FF,00,00,
744000,00000625,false,Rx,0,8,25,00,59,86,01,54,5C,06,
0,000002C4,false,Rx,0,8,09,20,00,00,70,02,00,00,
0,000002C5,false,Rx,0,8,00,00,00,00,00,00,00,00,
776000,000002C6,false,Rx,0,8,32,00,7C,01,00,00,00,00,
808000,0000060D,false,Rx,0,8,0D,10,83,B6,09,20,70,00,
844000,00000625,false,Rx,0,8,25,00,59,86,01,54,5C,06,
906000,0000060D,false,Rx,0,8,0D,10,83,B6,09,20,70,00,
0,00000054,false,Rx,0,8,01,05,00,01,70,02,00,00,
0,00000055,false,Rx,0,8,10,27,00,00,00,00,00,00,
0,00000056,false,Rx,0,8,10,27,00,00,00,00,00,00,
0,00000057,false,Rx,0,8,00,00,FE,FF,FE,FF,00,00,
944000,00000625,false,Rx,0,8,25,00,59,86,01,54,5C,06,
0,000002C4,false,Rx,0,8,09,20,00,00,70,02,00,00,
0,000002C5,false,Rx,0,8,00,00,00,00,00,00,00,00,
996000,000002C6,false,Rx,0,8,32,00,7C,01,00,00,00,00,
7000,0000060D,false,Rx,0,8,0D,10,83,B6,09,20,70,00,
45000,00000625,false,Rx,0,8,25,00,59,86,01,54,5C,06,
107000,0000060D,false,Rx,0,8,0D,10,83,B6,09,20,70,00,
0,00000054,false,Rx,0,8,01,05,00,01,70,02,00,00,
0,00000055,false,Rx,0,8,10,27,00,00,00,00,00,00,
0,00000056,false,Rx,0,8,10,27,00,00,00,00,00,00,
0,00000057,false,Rx,0,8,00,00,FE,FF,FE,FF,00,00,
144000,00000625,false,Rx,0,8,25,00,59,86,01,54,5C,06,
207000,0000060D,false,Rx,0,8,0D,10,83,B6,09,20,70,00,
0,000002C4,false,Rx,0,8,09,20,00,00,70,02,00,00,
0,000002C5,false,Rx,0,8,00,00,00,00,00,00,00,00,
216000,000002C6,false,Rx,0,8,32,00,7C,01,00,00,00,00,
244000,00000625,false,Rx,0,8,25,00,59,86,01,54,5C,06,
307000,0000060D,false,Rx,0,8,0D,10,83,B6,09,20,70,00,
0,00000054,false,Rx,0,8,01,05,00,01,70,02,00,00,
0,00000055,false,Rx,0,8,10,27,00,00,00,00,00,00,
316000,00000056,false,Rx,0,8,10,27,00,00,00,00,00,00,
317000,00000057,false,Rx,0,8,00,00,FE,FF,FE,FF,00,00,
345000,00000625,false,Rx,0,8,25,00,59,86,01,54,5C,06,
407000,0000060D,false,Rx,0,8,0D,10,83,B6,09,20,70,00,
0,000002C4,false,Rx,0,8,09,20,00,00,70,02,00,00,
0,000002C5,false,Rx,0,8,00,00,00,00,00,00,00,00,
436000,000002C6,false,Rx,0,8,32,00,7C,01,00,00,00,00,
444000,00000625,false,Rx,0,8,25,00,59,86,01,54,5C,06,
507000,0000060D,false,Rx,0,8,0D,10,83,B6,09,20,70,00,
0,00000054,false,Rx,0,8,01,05,00,01,70,02,00,00,
0,00000055,false,Rx,0,8,10,27,00,00,00,00,00,00,
0,00000056,false,Rx,0,8,10,27,00,00,00,00,00,00,
517000,00000057,false,Rx,0,8,00,00,FE,FF,FE,FF,00,00,
545000,00000625,false,Rx,0,8,25,00,59,86,01,54,5C,06,
606000,0000060D,false,Rx,0,8,0D,10,83,B6,09,20,70,00,
645000,00000625,false,Rx,0,8,25,00,59,86,01,54,5C,06,
0,000002C4,false,Rx,0,8,09,20,00,00,70,02,00,00,
0,000002C5,false,Rx,0,8,00,00,00,00,00,00,00,00,
0,000002C6,false,Rx,0,8,32,00,7C,01,00,00,00,00,
707000,0000060D,false,Rx,0,8,0D,10,83,B6,09,20,70,00,
0,00000054,false,Rx,0,8,01,05,00,01,70,02,00,00,
0,00000055,false,Rx,0,8,10,27,00,00,00,00,00,00,
0,00000056,false,Rx,0,8,10,27,00,00,00,00,00,00,
717000,00000057,false,Rx,0,8,00,00,FE,FF,FE,FF,00,00,
745000,00000625,false,Rx,0,8,25,00,59,86,01,54,5C,06,
806000,0000060D,false,Rx,0,8,0D,10,83,B6,09,20,70,00,
844000,00000625,false,Rx,0,8,25,00,59,86,01,54,5C,06,
875000,000002C4,false,Rx,0,8,09,20,00,00,70,02,00,00,
875000,000002C5,false,Rx,0,8,00,00,00,00,00,00,00,00,
875000,000002C6,false,Rx,0,8,32,00,7C,01,00,00,00,00,
906000,0000060D,false,Rx,0,8,0D,10,83,B6,09,20,70,00,
916000,00000054,false,Rx,0,8,01,05,00,01,70,02,00,00,
916000,00000055,false,Rx,0,8,10,27,00,00,00,00,00,00,
0,00000056,false,Rx,0,8,10,27,00,00,00,00,00,00,
0,00000057,false,Rx,0,8,00,00,FE,FF,FE,FF,00,00,
944000,00000625,false,Rx,0,8,25,00,59,86,01,54,5C,06,
6000,0000060D,false,Rx,0,8,0D,10,83,B6,09,20,70,00,
44000,00000625,false,Rx,0,8,25,00,59,86,01,54,5C,06,
95000,000002C4,false,Rx,0,8,09,20,00,00,70,02,00,00,
96000,000002C5,false,Rx,0,8,00,00,00,00,00,00,00,00,
96000,000002C6,false,Rx,0,8,32,00,7C,01,00,00,00,00,
106000,0000060D,false,Rx,0,8,0D,10,83,B6,09,20,70,00,
0,00000054,false,Rx,0,8,01,05,00,01,70,02,00,00,
0,00000055,false,Rx,0,8,10,27,00,00,00,00,00,00,
0,00000056,false,Rx,0,8,10,27,00,00,00,00,00,00,
0,00000057,false,Rx,0,8,00,00,FE,FF,FE,FF,00,00,
144000,00000625,false,Rx,0,8,25,00,59,86,01,54,5C,06,
206000,0000060D,false,Rx,0,8,0D,10,83,B6,09,20,70,00,
244000,00000625,false,Rx,0,8,25,00,59,86,01,54,5C,06,
307000,0000060D,false,Rx,0,8,0D,10,83,B6,09,20,70,00,
315000,000002C4,false,Rx,0,8,09,20,00,00,70,02,00,00,
316000,000002C5,false,Rx,0,8,00,00,00,00,00,00,00,00,
0,000002C6,false,Rx,0,8,32,00,7C,01,00,00,00,00,
0,00000054,false,Rx,0,8,01,05,00,01,70,02,00,00,
317000,00000055,false,Rx,0,8,10,27,00,00,00,00,00,00,
0,00000056,false,Rx,0,8,10,27,00,00,00,00,00,00,
0,00000057,false,Rx,0,8,00,00,FE,FF,FE,FF,00,00,
344000,00000625,false,Rx,0,8,25,00,59,86,01,54,5C,06,
406000,0000060D,false,Rx,0,8,0D,10,83,B6,09,20,70,00,
444000,00000625,false,Rx,0,8,25,00,59,86,01,54,5C,06,
506000,0000060D,false,Rx,0,8,0D,10,83,B6,09,20,70,00,
0,00000054,false,Rx,0,8,01,05,00,01,70,02,00,00,
0,00000055,false,Rx,0,8,10,27,00,00,00,00,00,00,
516000,00000056,false,Rx,0,8,10,27,00,00,00,00,00,00,
517000,00000057,false,Rx,0,8,00,00,FE,FF,FE,FF,00,00,
0,000002C4,false,Rx,0,8,09,20,00,00,70,02,00,00,
0,000002C5,false,Rx,0,8,00,00,00,00,00,00,00,00,
535000,000002C6,false,Rx,0,8,32,00,7C,01,00,00,00,00,
544000,00000625,false,Rx,0,8,25,00,59,86,01,54,5C,06,
607000,0000060D,false,Rx,0,8,0D,10,83,B6,09,20,70,00,
644000,00000625,false,Rx,0,8,25,00,59,86,01,54,5C,06,
706000,0000060D,false,Rx,0,8,0D,10,83,B6,09,20,70,00,
716000,00000054,false,Rx,0,8,01,05,00,01,70,02,00,00,
717000,00000055,false,Rx,0,8,10,27,00,00,00,00,00,00,
0,00000056,false,Rx,0,8,10,27,00,00,00,00,00,00,
0,00000057,false,Rx,0,8,00,00,FE,FF,FE,FF,00,00,
744000,00000625,false,Rx,0,8,25,00,59,86,01,54,5C,06,
756000,000002C4,false,Rx,0,8,09,20,00,00,70,02,00,00,
756000,000002C5,false,Rx,0,8,00,00,00,00,00,00,00,00,
757000,000002C6,false,Rx,0,8,32,00,7C,01,00,00,00,00,
807000,0000060D,false,Rx,0,8,0D,10,83,B6,09,20,70,00,
844000,00000625,false,Rx,0,8,25,00,59,86,01,54,5C,06,
906000,0000060D,false,Rx,0,8,0D,10,83,B6,09,20,70,00,
0,00000054,false,Rx,0,8,01,05,00,01,70,02,00,00,
0,00000055,false,Rx,0,8,10,27,00,00,00,00,00,00,
0,00000056,false,Rx,0,8,10,27,00,00,00,00,00,00,
917000,00000057,false,Rx,0,8,00,00,FE,FF,FE,FF,00,00,
944000,00000625,false,Rx,0,8,25,00,59,86,01,54,5C,06,
975000,000002C4,false,Rx,0,8,09,20,00,00,70,02,00,00,
976000,000002C5,false,Rx,0,8,00,00,00,00,00,00,00,00,
976000,000002C6,false,Rx,0,8,32,00,7C,01,00,00,00,00,
7000,0000060D,false,Rx,0,8,0D,10,83,B6,09,20,70,00,
44000,00000625,false,Rx,0,8,25,00,59,86,01,54,5C,06,
106000,0000060D,false,Rx,0,8,0D,10,83,B6,09,20,70,00,
116000,00000054,false,Rx,0,8,01,05,00,01,70,02,00,00,
117000,00000055,false,Rx,0,8,10,27,00,00,00,00,00,00,
117000,00000056,false,Rx,0,8,10,27,00,00,00,00,00,00,
118000,00000057,false,Rx,0,8,00,00,FE,FF,FE,FF,00,00,
144000,00000625,false,Rx,0,8,25,00,59,86,01,54,5C,06,
195000,000002C4,false,Rx,0,8,09,20,00,00,70,02,00,00,
196000,000002C5,false,Rx,0,8,00,00,00,00,00,00,00,00,
196000,000002C6,false,Rx,0,8,32,00,7C,01,00,00,00,00,
206000,0000060D,false,Rx,0,8,0D,10,83,B6,09,20,70,00,
244000,00000625,false,Rx,0,8,25,00,59,86,01,54,5C,06,
307000,0000060D,false,Rx,0,8,0D,10,83,B6,09,20,70,00,
316000,00000054,false,Rx,0,8,01,05,00,01,70,02,00,00,
316000,00000055,false,Rx,0,8,10,27,00,00,00,00,00,00,
0,00000056,false,Rx,0,8,10,27,00,00,00,00,00,00,
0,00000057,false,Rx,0,8,00,00,FE,FF,FE,FF,00,00,
344000,00000625,false,Rx,0,8,25,00,59,86,01,54,5C,06,
406000,0000060D,false,Rx,0,8,0D,10,83,B6,09,20,70,00,
415000,000002C4,false,Rx,0,8,09,20,00,00,70,02,00,00,
415000,000002C5,false,Rx,0,8,00,00,00,00,00,00,00,00,
416000,000002C6,false,Rx,0,8,32,00,7C,01,00,00,00,00,
444000,00000625,false,Rx,0,8,25,00,59,86,01,54,5C,06,
506000,0000060D,false,Rx,0,8,0D,10,83,B6,09,20,70,00,
0,00000054,false,Rx,0,8,01,05,00,01,70,02,00,00,
0,00000055,false,Rx,0,8,10,27,00,00,00,00,00,00,
0,00000056,false,Rx,0,8,10,27,00,00,00,00,00,00,
0,00000057,false,Rx,0,8,00,00,FE,FF,FE,FF,00,00,
546000,00000625,false,Rx,0,8,25,00,59,86,01,54,5C,06,
607000,0000060D,false,Rx,0,8,0D,10,83,B6,09,20,70,00,
636000,000002C4,false,Rx,0,8,09,20,00,00,70,02,00,00,
636000,000002C5,false,Rx,0,8,00,00,00,00,00,00,00,00,
636000,000002C6,false,Rx,0,8,32,00,7C,01,00,00,00,00,
644000,00000625,false,Rx,0,8,25,00,59,86,01,54,5C,06,
707000,0000060D,false,Rx,0,8,0D,10,83,B6,09,20,70,00,
0,00000054,false,Rx,0,8,01,05,00,01,70,02,00,00,
0,00000055,false,Rx,0,8,10,27,00,00,00,00,00,00,
0,00000056,false,Rx,0,8,10,27,00,00,00,00,00,00,
0,00000057,false,Rx,0,8,00,00,FE,FF,FE,FF,00,00,
744000,00000625,false,Rx,0,8,25,00,59,86,01,54,5C,06,
806000,0000060D,false,Rx,0,8,0D,10,83,B6,09,20,70,00,
845000,00000625,false,Rx,0,8,25,00,59,86,01,54,5C,06,
0,000002C4,false,Rx,0,8,09,20,00,00,70,02,00,00,
0,000002C5,false,Rx,0,8,00,00,00,00,00,00,00,00,
855000,000002C6,false,Rx,0,8,32,00,7C,01,00,00,00,00,
907000,0000060D,false,Rx,0,8,0D,10,83,B6,09,20,70,00,
916000,00000054,false,Rx,0,8,01,05,00,01,70,02,00,00,
916000,00000055,false,Rx,0,8,10,27,00,00,00,00,00,00,
916000,00000056,false,Rx,0,8,10,27,00,00,00,00,00,00,
917000,00000057,false,Rx,0,8,00,00,FE,FF,FE,FF,00,00,
944000,00000625,false,Rx,0,8,25,00,59,86,01,54,5C,06,
6000,0000060D,false,Rx,0,8,0D,10,83,B6,09,20,70,00,
44000,00000625,false,Rx,0,8,25,00,59,86,01,54,5C,06,
0,000002C4,false,Rx,0,8,09,20,00,00,70,02,00,00,
0,000002C5,false,Rx,0,8,00,00,00,00,00,00,00,00,
76000,000002C6,false,Rx,0,8,32,00,7C,01,00,00,00,00,
106000,0000060D,false,Rx,0,8,0D,10,83,B6,09,20,70,00,
116000,00000054,false,Rx,0,8,01,05,00,01,70,02,00,00,
117000,00000055,false,Rx,0,8,10,27,00,00,00,00,00,00,
0,00000056,false,Rx,0,8,10,27,00,00,00,00,00,00,
0,00000057,false,Rx,0,8,00,00,FE,FF,FE,FF,00,00,
144000,00000625,false,Rx,0,8,25,00,59,86,01,54,5C,06,
206000,0000060D,false,Rx,0,8,0D,10,83,B6,09,20,70,00,
245000,00000625,false,Rx,0,8,25,00,59,86,01,54,5C,06,
295000,000002C4,false,Rx,0,8,09,20,00,00,70,02,00,00,
295000,000002C5,false,Rx,0,8,00,00,00,00,00,00,00,00,
295000,000002C6,false,Rx,0,8,32,00,7C,01,00,00,00,00,
306000,0000060D,false,Rx,0,8,0D,10,83,B6,09,20,70,00,
316000,00000054,false,Rx,0,8,01,05,00,01,70,02,00,00,
316000,00000055,false,Rx,0,8,10,27,00,00,00,00,00,00,
317000,00000056,false,Rx,0,8,10,27,00,00,00,00,00,00,
317000,00000057,false,Rx,0,8,00,00,FE,FF,FE,FF,00,00,
344000,00000625,false,Rx,0,8,25,00,59,86,01,54,5C,06,
407000,0000060D,false,Rx,0,8,0D,10,83,B6,09,20,70,00,
444000,00000625,false,Rx,0,8,25,00,59,86,01,54,5C,06,
506000,0000060D,false,Rx,0,8,0D,10,83,B6,09,20,70,00,
0,000002C4,false,Rx,0,8,09,20,00,00,70,02,00,00,
0,000002C5,false,Rx,0,8,00,00,00,00,00,00,00,00,
516000,000002C6,false,Rx,0,8,32,00,7C,01,00,00,00,00,
516000,00000054,false,Rx,0,8,01,05,00,01,70,02,00,00,
517000,00000055,false,Rx,0,8,10,27,00,00,00,00,00,00,
517000,00000056,false,Rx,0,8,10,27,00,00,00,00,00,00,
518000,00000057,false,Rx,0,8,00,00,FE,FF,FE,FF,00,00,
544000,00000625,false,Rx,0,8,25,00,59,86,01,54,5C,06,
606000,0000060D,false,Rx,0,8,0D,10,83,B6,09,20,70,00,
644000,00000625,false,Rx,0,8,25,00,59,86,01,54,5C,06,
706000,0000060D,false,Rx,0,8,0D,10,83,B6,09,20,70,00,
716000,00000054,false,Rx,0,8,01,05,00,01,70,02,00,00,
0,00000055,false,Rx,0,8,10,27,00,00,00,00,00,00,
0,00000056,false,Rx,0,8,10,27,00,00,00,00,00,00,
717000,00000057,false,Rx,0,8,00,00,FE,FF,FE,FF,00,00,
735000,000002C4,false,Rx,0,8,09,20,00,00,70,02,00,00,
735000,000002C5,false,Rx,0,8,00,00,00,00,00,00,00,00,
735000,000002C6,false,Rx,0,8,32,00,7C,01,00,00,00,00,
744000,00000625,false,Rx,0,8,25,00,59,86,01,54,5C,06,
807000,0000060D,false,Rx,0,8,0D,10,83,B6,09,20,70,00,
844000,00000625,false,Rx,0,8,25,00,59,86,01,54,5C,06,
906000,0000060D,false,Rx,0,8,0D,10,83,B6,09,20,70,00,
916000,00000054,false,Rx,0,8,01,05,00,01,70,02,00,00,
917000,00000055,false,Rx,0,8,10,27,00,00,00,00,00,00,
917000,00000056,false,Rx,0,8,10,27,00,00,00,00,00,00,
917000,00000057,false,Rx,0,8,00,00,FE,FF,FE,FF,00,00,
943000,00000625,false,Rx,0,8,25,00,59,86,01,54,5C,06,
0,000002C4,false,Rx,0,8,09,20,00,00,70,02,00,00,
0,000002C5,false,Rx,0,8,00,00,00,00,00,00,00,00,
956000,000002C6,false,Rx,0,8,32,00,7C,01,00,00,00,00,
6000,0000060D,false,Rx,0,8,0D,10,83,B6,09,20,70,00,
44000,00000625,false,Rx,0,8,25,00,59,86,01,54,5C,06,
106000,0000060D,false,Rx,0,8,0D,10,83,B6,09,20,70,00,
116000,00000054,false,Rx,0,8,01,05,00,01,70,02,00,00,
116000,00000055,false,Rx,0,8,10,27,00,00,00,00,00,00,
116000,00000056,false,Rx,0,8,10,27,00,00,00,00,00,00,
117000,00000057,false,Rx,0,8,00,00,FE,FF,FE,FF,00,00,
144000,00000625,false,Rx,0,8,25,00,59,86,01,54,5C,06,
175000,000002C4,false,Rx,0,8,09,20,00,00,70,02,00,00,
175000,000002C5,false,Rx,0,8,00,00,00,00,00,00,00,00,
176000,000002C6,false,Rx,0,8,32,00,7C,01,00,00,00,00,
206000,0000060D,false,Rx,0,8,0D,10,83,B6,09,20,70,00,
244000,00000625,false,Rx,0,8,25,00,59,86,01,54,5C,06,
307000,0000060D,false,Rx,0,8,0D,10,83,B6,09,20,70,00,
316000,00000054,false,Rx,0,8,01,05,00,01,70,02,00,00,
316000,00000055,false,Rx,0,8,10,27,00,00,00,00,00,00,
317000,00000056,false,Rx,0,8,10,27,00,00,00,00,00,00,
317000,00000057,false,Rx,0,8,00,00,FE,FF,FE,FF,00,00,
344000,00000625,false,Rx,0,8,25,00,59,86,01,54,5C,06,
396000,000002C4,false,Rx,0,8,09,20,00,00,70,02,00,00,
396000,000002C5,false,Rx,0,8,00,00,00,00,00,00,00,00,
396000,000002C6,false,Rx,0,8,32,00,7C,01,00,00,00,00,
406000,0000060D,false,Rx,0,8,0D,10,83,B6,09,20,70,00,
444000,00000625,false,Rx,0,8,25,00,59,86,01,54,5C,06,
506000,0000060D,false,Rx,0,8,0D,10,83,B6,09,20,70,00,
516000,00000054,false,Rx,0,8,01,05,00,01,70,02,00,00,
516000,00000055,false,Rx,0,8,10,27,00,00,00,00,00,00,
0,00000056,false,Rx,0,8,10,27,00,00,00,00,00,00,
0,00000057,false,Rx,0,8,00,00,FE,FF,FE,FF,00,00,
544000,00000625,false,Rx,0,8,25,00,59,86,01,54,5C,06,
606000,0000060D,false,Rx,0,8,0D,10,83,B6,09,20,70,00,
615000,000002C4,false,Rx,0,8,09,20,00,00,70,02,00,00,
615000,000002C5,false,Rx,0,8,00,00,00,00,00,00,00,00,
615000,000002C6,false,Rx,0,8,32,00,7C,01,00,00,00,00,
644000,00000625,false,Rx,0,8,25,00,59,86,01,54,5C,06,
706000,0000060D,false,Rx,0,8,0D,10,83,B6,09,20,70,00,
716000,00000054,false,Rx,0,8,01,05,00,01,70,02,00,00,
716000,00000055,false,Rx,0,8,10,27,00,00,00,00,00,00,
717000,00000056,false,Rx,0,8,10,27,00,00,00,00,00,00,
717000,00000057,false,Rx,0,8,00,00,FE,FF,FE,FF,00,00,
745000,00000625,false,Rx,0,8,25,00,59,86,01,54,5C,06,
807000,0000060D,false,Rx,0,8,0D,10,83,B6,09,20,70,00,
835000,000002C4,false,Rx,0,8,09,20,00,00,70,02,00,00,
0,000002C5,false,Rx,0,8,00,00,00,00,00,00,00,00,
0,000002C6,false,Rx,0,8,32,00,7C,01,00,00,00,00,
843000,00000625,false,Rx,0,8,25,00,59,86,01,54,5C,06,
906000,0000060D,false,Rx,0,8,0D,10,83,B6,09,20,70,00,
0,00000054,false,Rx,0,8,01,05,00,01,70,02,00,00,
0,00000055,false,Rx,0,8,10,27,00,00,00,00,00,00,
917000,00000056,false,Rx,0,8,10,27,00,00,00,00,00,00,
917000,00000057,false,Rx,0,8,00,00,FE,FF,FE,FF,00,00,
945000,00000625,false,Rx,0,8,25,00,59,86,01,54,5C,06,
6000,0000060D,false,Rx,0,8,0D,10,83,B6,09,20,70,00,
44000,00000625,false,Rx,0,8,25,00,59,86,01,54,5C,06,
0,000002C4,false,Rx,0,8,09,20,00,00,70,02,00,00,
0,000002C5,false,Rx,0,8,00,00,00,00,00,00,00,00,
55000,000002C6,false,Rx,0,8,32,00,7C,01,00,00,00,00,
106000,0000060D,false,Rx,0,8,0D,10,83,B6,09,20,70,00,
116000,00000054,false,Rx,0,8,01,05,00,01,70,02,00,00,
116000,00000055,false,Rx,0,8,10,27,00,00,00,00,00,00,
117000,00000056,false,Rx,0,8,10,27,00,00,00,00,00,00,
118000,00000057,false,Rx,0,8,00,00,FE,FF,FE,FF,00,00,
144000,00000625,false,Rx,0,8,25,00,59,86,01,54,5C,06,
206000,0000060D,false,Rx,0,8,0D,10,83,B6,09,20,70,00,
245000,00000625,false,Rx,0,8,25,00,59,86,01,54,5C,06,
0,000002C4,false,Rx,0,8,09,20,00,00,70,02,00,00,
0,000002C5,false,Rx,0,8,00,00,00,00,00,00,00,00,
276000,000002C6,false,Rx,0,8,32,00,7C,01,00,00,00,00,
307000,0000060D,false,Rx,0,8,0D,10,83,B6,09,20,70,00,
316000,00000054,false,Rx,0,8,01,05,00,01,70,02,00,00,
316000,00000055,false,Rx,0,8,10,27,00,00,00,00,00,00,
317000,00000056,false,Rx,0,8,10,27,00,00,00,00,00,00,
317000,00000057,false,Rx,0,8,00,00,FE,FF,FE,FF,00,00,
344000,00000625,false,Rx,0,8,25,00,59,86,01,54,5C,06,
407000,0000060D,false,Rx,0,8,0D,10,83,B6,09,20,70,00,
444000,00000625,false,Rx,0,8,25,00,59,86,01,54,5C,06,
495000,000002C4,false,Rx,0,8,09,20,00,00,70,02,00,00,
496000,000002C5,false,Rx,0,8,00,00,00,00,00,00,00,00,
496000,000002C6,false,Rx,0,8,32,00,7C,01,00,00,00,00,
506000,0000060D,false,Rx,0,8,0D,10,83,B6,09,20,70,00,
516000,00000054,false,Rx,0,8,01,05,00,01,70,02,00,00,
517000,00000055,false,Rx,0,8,10,27,00,00,00,00,00,00,
0,00000056,false,Rx,0,8,10,27,00,00,00,00,00,00,
0,00000057,false,Rx,0,8,00,00,FE,FF,FE,FF,00,00,
544000,00000625,false,Rx,0,8,25,00,59,86,01,54,5C,06,
607000,0000060D,false,Rx,0,8,0D,10,83,B6,09,20,70,00,
644000,00000625,false,Rx,0,8,25,00,59,86,01,54,5C,06,
707000,0000060D,false,Rx,0,8,0D,10,83,B6,09,20,70,00,
715000,000002C4,false,Rx,0,8,09,20,00,00,70,02,00,00,
716000,000002C5,false,Rx,0,8,00,00,00,00,00,00,00,00,
716000,000002C6,false,Rx,0,8,32,00,7C,01,00,00,00,00,
716000,00000054,false,Rx,0,8,01,05,00,01,70,02,00,00,
716000,00000055,false,Rx,0,8,10,27,00,00,00,00,00,00,
717000,00000056,false,Rx,0,8,10,27,00,00,00,00,00,00,
717000,00000057,false,Rx,0,8,00,00,FE,FF,FE,FF,00,00,
744000,00000625,false,Rx,0,8,25,00,59,86,01,54,5C,06,
806000,0000060D,false,Rx,0,8,0D,10,83,B6,09,20,70,00,
844000,00000625,false,Rx,0,8,25,00,59,86,01,54,5C,06,
906000,0000060D,false,Rx,0,8,0D,10,83,B6,09,20,70,00,
0,00000054,false,Rx,0,8,01,05,00,01,70,02,00,00,
0,00000055,false,Rx,0,8,10,27,00,00,00,00,00,00,
0,00000056,false,Rx,0,8,10,27,00,00,00,00,00,00,
918000,00000057,false,Rx,0,8,00,00,FE,FF,FE,FF,00,00,
0,000002C4,false,Rx,0,8,09,20,00,00,70,02,00,00,
0,000002C5,false,Rx,0,8,00,00,00,00,00,00,00,00,
936000,000002C6,false,Rx,0,8,32,00,7C,01,00,00,00,00,
944000,00000625,false,Rx,0,8,25,00,59,86,01,54,5C,06,
6000,0000060D,false,Rx,0,8,0D,10,83,B6,09,20,70,00,
44000,00000625,false,Rx,0,8,25,00,59,86,01,54,5C,06,
106000,0000060D,false,Rx,0,8,0D,10,83,B6,09,20,70,00,
0,00000054,false,Rx,0,8,01,05,00,01,70,02,00,00,
0,00000055,false,Rx,0,8,10,27,00,00,00,00,00,00,
116000,00000056,false,Rx,0,8,10,27,00,00,00,00,00,00,
116000,00000057,false,Rx,0,8,00,00,FE,FF,FE,FF,00,00,
144000,00000625,false,Rx,0,8,25,00,59,86,01,54,5C,06,
0,000002C4,false,Rx,0,8,09,20,00,00,70,02,00,00,
0,000002C5,false,Rx,0,8,00,00,00,00,00,00,00,00,
0,000002C6,false,Rx,0,8,32,00,7C,01,00,00,00,00,
206000,0000060D,false,Rx,0,8,0D,10,83,B6,09,20,70,00,
244000,00000625,false,Rx,0,8,25,00,59,86,01,54,5C,06,
307000,0000060D,false,Rx,0,8,0D,10,83,B6,09,20,70,00,
0,00000054,false,Rx,0,8,01,05,00,01,70,02,00,00,
0,00000055,false,Rx,0,8,10,27,00,00,00,00,00,00,
317000,00000056,false,Rx,0,8,10,27,00,00,00,00,00,00,
317000,00000057,false,Rx,0,8,00,00,FE,FF,FE,FF,00,00,
344000,00000625,false,Rx,0,8,25,00,59,86,01,54,5C,06,
375000,000002C4,false,Rx,0,8,09,20,00,00,70,02,00,00,
376000,000002C5,false,Rx,0,8,00,00,00,00,00,00,00,00,
376000,000002C6,false,Rx,0,8,32,00,7C,01,00,00,00,00,
406000,0000060D,false,Rx,0,8,0D,10,83,B6,09,20,70,00,
444000,00000625,false,Rx,0,8,25,00,59,86,01,54,5C,06,
506000,0000060D,false,Rx,0,8,0D,10,83,B6,09,20,70,00,
516000,00000054,false,Rx,0,8,01,05,00,01,70,02,00,00,
517000,00000055,false,Rx,0,8,10,27,00,00,00,00,00,00,
517000,00000056,false,Rx,0,8,10,27,00,00,00,00,00,00,
517000,00000057,false,Rx,0,8,00,00,FE,FF,FE,FF,00,00,
544000,00000625,false,Rx,0,8,25,00,59,86,01,54,5C,06,
595000,000002C4,false,Rx,0,8,09,20,00,00,70,02,00,00,
595000,000002C5,false,Rx,0,8,00,00,00,00,00,00,00,00,
595000,000002C6,false,Rx,0,8,32,00,7C,01,00,00,00,00,
606000,0000060D,false,Rx,0,8,0D,10,83,B6,09,20,70,00,
644000,00000625,false,Rx,0,8,25,00,59,86,01,54,5C,06,
706000,0000060D,false,Rx,0,8,0D,10,83,B6,09,20,70,00,
716000,00000054,false,Rx,0,8,01,05,00,01,70,02,00,00,
716000,00000055,false,Rx,0,8,10,27,00,00,00,00,00,00,
717000,00000056,false,Rx,0,8,10,27,00,00,00,00,00,00,
717000,00000057,false,Rx,0,8,00,00,FE,FF,FE,FF,00,00,
744000,00000625,false,Rx,0,8,25,00,59,86,01,54,5C,06,
806000,0000060D,false,Rx,0,8,0D,10,83,B6,09,20,70,00,
816000,000002C4,false,Rx,0,8,09,20,00,00,70,02,00,00,
816000,000002C5,false,Rx,0,8,00,00,00,00,00,00,00,00,
816000,000002C6,false,Rx,0,8,32,00,7C,01,00,00,00,00,
844000,00000625,false,Rx,0,8,25,00,59,86,01,54,5C,06,
906000,0000060D,false,Rx,0,8,0D,10,83,B6,09,20,70,00,
915000,00000054,false,Rx,0,8,01,05,00,01,70,02,00,00,
916000,00000055,false,Rx,0,8,10,27,00,00,00,00,00,00,
916000,00000056,false,Rx,0,8,10,27,00,00,00,00,00,00,
916000,00000057,false,Rx,0,8,00,00,FE,FF,FE,FF,00,00,
945000,00000625,false,Rx,0,8,25,00,59,86,01,54,5C,06,
6000,0000060D,false,Rx,0,8,0D,10,83,B6,09,20,70,00,
0,000002C4,false,Rx,0,8,09,20,00,00,70,02,00,00,
0,000002C5,false,Rx,0,8,00,00,00,00,00,00,00,00,
36000,000002C6,false,Rx,0,8,32,00,7C,01,00,00,00,00,
44000,00000625,false,Rx,0,8,25,00,59,86,01,54,5C,06,
107000,0000060D,false,Rx,0,8,0D,10,83,B6,09,20,70,00,
0,00000054,false,Rx,0,8,01,05,00,01,70,02,00,00,
0,00000055,false,Rx,0,8,10,27,00,00,00,00,00,00,
117000,00000056,false,Rx,0,8,10,27,00,00,00,00,00,00,
117000,00000057,false,Rx,0,8,00,00,FE,FF,FE,FF,00,00,
145000,00000625,false,Rx,0,8,25,00,59,86,01,54,5C,06,
207000,0000060D,false,Rx,0,8,0D,10,83,B6,09,20,70,00,
244000,00000625,false,Rx,0,8,25,00,59,86,01,54,5C,06,
255000,000002C4,false,Rx,0,8,09,20,00,00,70,02,00,00,
255000,000002C5,false,Rx,0,8,00,00,00,00,00,00,00,00,
255000,000002C6,false,Rx,0,8,32,00,7C,01,00,00,00,00,
306000,0000060D,false,Rx,0,8,0D,10,83,B6,09,20,70,00,
316000,00000054,false,Rx,0,8,01,05,00,01,70,02,00,00,
317000,00000055,false,Rx,0,8,10,27,00,00,00,00,00,00,
317000,00000056,false,Rx,0,8,10,27,00,00,00,00,00,00,
317000,00000057,false,Rx,0,8,00,00,FE,FF,FE,FF,00,00,
344000,00000625,false,Rx,0,8,25,00,59,86,01,54,5C,06,
406000,0000060D,false,Rx,0,8,0D,10,83,B6,09,20,70,00,
444000,00000625,false,Rx,0,8,25,00,59,86,01,54,5C,06,
475000,000002C4,false,Rx,0,8,09,20,00,00,70,02,00,00,
476000,000002C5,false,Rx,0,8,00,00,00,00,00,00,00,00,
476000,000002C6,false,Rx,0,8,32,00,7C,01,00,00,00,00,
507000,0000060D,false,Rx,0,8,0D,10,83,B6,09,20,70,00,
0,00000054,false,Rx,0,8,01,05,00,01,70,02,00,00,
0,00000055,false,Rx,0,8,10,27,00,00,00,00,00,00,
0,00000056,false,Rx,0,8,10,27,00,00,00,00,00,00,
0,00000057,false,Rx,0,8,00,00,FE,FF,FE,FF,00,00,
544000,00000625,false,Rx,0,8,25,00,59,86,01,54,5C,06,
606000,0000060D,false,Rx,0,8,0D,10,83,B6,09,20,70,00,
644000,00000625,false,Rx,0,8,25,00,59,86,01,54,5C,06,
695000,000002C4,false,Rx,0,8,09,20,00,00,70,02,00,00,
696000,000002C5,false,Rx,0,8,00,00,00,00,00,00,00,00,
696000,000002C6,false,Rx,0,8,32,00,7C,01,00,00,00,00,
706000,0000060D,false,Rx,0,8,0D,10,83,B6,09,20,70,00,
716000,00000054,false,Rx,0,8,01,05,00,01,70,02,00,00,
716000,00000055,false,Rx,0,8,10,27,00,00,00,00,00,00,
717000,00000056,false,Rx,0,8,10,27,00,00,00,00,00,00,
717000,00000057,false,Rx,0,8,00,00,FE,FF,FE,FF,00,00,
744000,00000625,false,Rx,0,8,25,00,59,86,01,54,5C,06,
806000,0000060D,false,Rx,0,8,0D,10,83,B6,09,20,70,00,
844000,00000625,false,Rx,0,8,25,00,59,86,01,54,5C,06,
906000,0000060D,false,Rx,0,8,0D,10,83,B6,09,20,70,00,
916000,000002C4,false,Rx,0,8,09,20,00,00,70,02,00,00,
916000,000002C5,false,Rx,0,8,00,00,00,00,00,00,00,00,
916000,000002C6,false,Rx,0,8,32,00,7C,01,00,00,00,00,
916000,00000054,false,Rx,0,8,01,05,00,01,70,02,00,00,
917000,00000055,false,Rx,0,8,10,27,00,00,00,00,00,00,
917000,00000056,false,Rx,0,8,10,27,00,00,00,00,00,00,
917000,00000057,false,Rx,0,8,00,00,FE,FF,FE,FF,00,00,
944000,00000625,false,Rx,0,8,25,00,59,86,01,54,5C,06,
7000,0000060D,false,Rx,0,8,0D,10,83,B6,09,20,70,00,
44000,00000625,false,Rx,0,8,25,00,59,86,01,54,5C,06,
106000,0000060D,false,Rx,0,8,0D,10,83,B6,09,20,70,00,
116000,00000054,false,Rx,0,8,01,05,00,01,70,02,00,00,
116000,00000055,false,Rx,0,8,10,27,00,00,00,00,00,00,
116000,00000056,false,Rx,0,8,10,27,00,00,00,00,00,00,
117000,00000057,false,Rx,0,8,00,00,FE,FF,FE,FF,00,00,
136000,000002C4,false,Rx,0,8,09,20,00,00,70,02,00,00,
136000,000002C5,false,Rx,0,8,00,00,00,00,00,00,00,00,
136000,000002C6,false,Rx,0,8,32,00,7C,01,00,00,00,00,
144000,00000625,false,Rx,0,8,25,00,59,86,01,54,5C,06,
206000,0000060D,false,Rx,0,8,0D,10,83,B6,09,20,70,00,
243000,00000625,false,Rx,0,8,25,00,59,86,01,54,5C,06,
307000,0000060D,false,Rx,0,8,0D,10,83,B6,09,20,70,00,
316000,00000054,false,Rx,0,8,01,05,00,01,70,02,00,00,
316000,00000055,false,Rx,0,8,10,27,00,00,00,00,00,00,
317000,00000056,false,Rx,0,8,10,27,00,00,00,00,00,00,
317000,00000057,false,Rx,0,8,00,00,FE,FF,FE,FF,00,00,
344000,00000625,false,Rx,0,8,25,00,59,86,01,54,5C,06,
0,000002C4,false,Rx,0,8,09,20,00,00,70,02,00,00,
0,000002C5,false,Rx,0,8,00,00,00,00,00,00,00,00,
356000,000002C6,false,Rx,0,8,32,00,7C,01,00,00,00,00,
406000,0000060D,false,Rx,0,8,0D,10,83,B6,09,20,70,00,
445000,00000625,false,Rx,0,8,25,00,59,86,01,54,5C,06,
507000,0000060D,false,Rx,0,8,0D,10,83,B6,09,20,70,00,
0,00000054,false,Rx,0,8,01,05,00,01,70,02,00,00,
0,00000055,false,Rx,0,8,10,27,00,00,00,00,00,00,
0,00000056,false,Rx,0,8,10,27,00,00,00,00,00,00,
0,00000057,false,Rx,0,8,00,00,FE,FF,FE,FF,00,00,
544000,00000625,false,Rx,0,8,25,00,59,86,01,54,5C,06,
575000,000002C4,false,Rx,0,8,09,20,00,00,70,02,00,00,
575000,000002C5,false,Rx,0,8,00,00,00,00,00,00,00,00,
576000,000002C6,false,Rx,0,8,32,00,7C,01,00,00,00,00,
606000,0000060D,false,Rx,0,8,0D,10,83,B6,09,20,70,00,
644000,00000625,false,Rx,0,8,25,00,59,86,01,54,5C,06,
706000,0000060D,false,Rx,0,8,0D,10,83,B6,09,20,70,00,
716000,00000054,false,Rx,0,8,01,05,00,01,70,02,00,00,
716000,00000055,false,Rx,0,8,10,27,00,00,00,00,00,00,
716000,00000056,false,Rx,0,8,10,27,00,00,00,00,00,00,
717000,00000057,false,Rx,0,8,00,00,FE,FF,FE,FF,00,00,
744000,00000625,false,Rx,0,8,25,00,59,86,01,54,5C,06,
0,000002C4,false,Rx,0,8,09,20,00,00,70,02,00,00,
0,000002C5,false,Rx,0,8,00,00,00,00,00,00,00,00,
796000,000002C6,false,Rx,0,8,32,00,7C,01,00,00,00,00,
807000,0000060D,false,Rx,0,8,0D,10,83,B6,09,20,70,00,
845000,00000625,false,Rx,0,8,25,00,59,86,01,54,5C,06,
907000,0000060D,false,Rx,0,8,0D,10,83,B6,09,20,70,00,
916000,00000054,false,Rx,0,8,01,05,00,01,70,02,00,00,
916000,00000055,false,Rx,0,8,10,27,00,00,00,00,00,00,
917000,00000056,false,Rx,0,8,10,27,00,00,00,00,00,00,
917000,00000057,false,Rx,0,8,00,00,FE,FF,FE,FF,00,00,
944000,00000625,false,Rx,0,8,25,00,59,86,01,54,5C,06,
6000,0000060D,false,Rx,0,8,0D,10,83,B6,09,20,70,00,
15000,000002C4,false,Rx,0,8,09,20,00,00,70,02,00,00,
15000,000002C5,false,Rx,0,8,00,00,00,00,00,00,00,00,
16000,000002C6,false,Rx,0,8,32,00,7C,01,00,00,00,00,
44000,00000625,false,Rx,0,8,25,00,59,86,01,54,5C,06,
106000,0000060D,false,Rx,0,8,0D,10,83,B6,09,20,70,00,
116000,00000054,false,Rx,0,8,01,05,00,01,70,02,00,00,
116000,00000055,false,Rx,0,8,10,27,00,00,00,00,00,00,
116000,00000056,false,Rx,0,8,10,27,00,00,00,00,00,00,
117000,00000057,false,Rx,0,8,00,00,FE,FF,FE,FF,00,00,
144000,00000625,false,Rx,0,8,25,00,59,86,01,54,5C,06,
206000,0000060D,false,Rx,0,8,0D,10,83,B6,09,20,70,00,
235000,000002C4,false,Rx,0,8,09,20,00,00,70,02,00,00,
235000,000002C5,false,Rx,0,8,00,00,00,00,00,00,00,00,
236000,000002C6,false,Rx,0,8,32,00,7C,01,00,00,00,00,
245000,00000625,false,Rx,0,8,25,00,59,86,01,54,5C,06,
306000,0000060D,false,Rx,0,8,0D,10,83,B6,09,20,70,00,
316000,00000054,false,Rx,0,8,01,05,00,01,70,02,00,00,
316000,00000055,false,Rx,0,8,10,27,00,00,00,00,00,00,
317000,00000056,false,Rx,0,8,10,27,00,00,00,00,00,00,
317000,00000057,false,Rx,0,8,00,00,FE,FF,FE,FF,00,00,
344000,00000625,false,Rx,0,8,25,00,59,86,01,54,5C,06,
407000,0000060D,false,Rx,0,8,0D,10,83,B6,09,20,70,00,
445000,00000625,false,Rx,0,8,25,00,59,86,01,54,5C,06,
0,000002C4,false,Rx,0,8,09,20,00,00,70,02,00,00,
0,000002C5,false,Rx,0,8,00,00,00,00,00,00,00,00,
0,000002C6,false,Rx,0,8,32,00,7C,01,00,00,00,00,
506000,0000060D,false,Rx,0,8,0D,10,83,B6,09,20,70,00,
516000,00000054,false,Rx,0,8,01,05,00,01,70,02,00,00,
517000,00000055,false,Rx,0,8,10,27,00,00,00,00,00,00,
517000,00000056,false,Rx,0,8,10,27,00,00,00,00,00,00,
517000,00000057,false,Rx,0,8,00,00,FE,FF,FE,FF,00,00,
544000,00000625,false,Rx,0,8,25,00,59,86,01,54,5C,06,
606000,0000060D,false,Rx,0,8,0D,10,83,B6,09,20,70,00,
644000,00000625,false,Rx,0,8,25,00,59,86,01,54,5C,06,
0,000002C4,false,Rx,0,8,09,20,00,00,70,02,00,00,
0,000002C5,false,Rx,0,8,00,00,00,00,00,00,00,00,
676000,000002C6,false,Rx,0,8,32,00,7C,01,00,00,00,00,
706000,0000060D,false,Rx,0,8,0D,10,83,B6,09,20,70,00,
716000,00000054,false,Rx,0,8,01,05,00,01,70,02,00,00,
716000,00000055,false,Rx,0,8,10,27,00,00,00,00,00,00,
717000,00000056,false,Rx,0,8,10,27,00,00,00,00,00,00,
717000,00000057,false,Rx,0,8,00,00,FE,FF,FE,FF,00,00,
744000,00000625,false,Rx,0,8,25,00,59,86,01,54,5C,06,
807000,0000060D,false,Rx,0,8,0D,10,83,B6,09,20,70,00,
844000,00000625,false,Rx,0,8,25,00,59,86,01,54,5C,06,
895000,000002C4,false,Rx,0,8,09,20,00,00,70,02,00,00,
0,000002C5,false,Rx,0,8,00,00,00,00,00,00,00,00,
0,000002C6,false,Rx,0,8,32,00,7C,01,00,00,00,00,
905000,0000060D,false,Rx,0,8,0D,10,83,B6,09,20,70,00,
916000,00000054,false,Rx,0,8,01,05,00,01,70,02,00,00,
917000,00000055,false,Rx,0,8,10,27,00,00,00,00,00,00,
917000,00000056,false,Rx,0,8,10,27,00,00,00,00,00,00,
917000,00000057,false,Rx,0,8,00,00,FE,FF,FE,FF,00,00,
944000,00000625,false,Rx,0,8,25,00,59,86,01,54,5C,06,
6000,0000060D,false,Rx,0,8,0D,10,83,B6,09,20,70,00,
44000,00000625,false,Rx,0,8,25,00,59,86,01,54,5C,06,
106000,0000060D,false,Rx,0,8,0D,10,83,B6,09,20,70,00,
0,000002C4,false,Rx,0,8,09,20,00,00,70,02,00,00,
0,000002C5,false,Rx,0,8,00,00,00,00,00,00,00,00,
116000,000002C6,false,Rx,0,8,32,00,7C,01,00,00,00,00,
0,00000054,false,Rx,0,8,01,05,00,01,70,02,00,00,
0,00000055,false,Rx,0,8,10,27,00,00,00,00,00,00,
117000,00000056,false,Rx,0,8,10,27,00,00,00,00,00,00,
118000,00000057,false,Rx,0,8,00,00,FE,FF,FE,FF,00,00,
144000,00000625,false,Rx,0,8,25,00,59,86,01,54,5C,06,
206000,0000060D,false,Rx,0,8,0D,10,83,B6,09,20,70,00,
244000,00000625,false,Rx,0,8,25,00,59,86,01,54,5C,06,
306000,0000060D,false,Rx,0,8,0D,10,83,B6,09,20,70,00,
317000,00000054,false,Rx,0,8,01,05,00,01,70,02,00,00,
317000,00000055,false,Rx,0,8,10,27,00,00,00,00,00,00,
317000,00000056,false,Rx,0,8,10,27,00,00,00,00,00,00,
317000,00000057,false,Rx,0,8,00,00,FE,FF,FE,FF,00,00,
335000,000002C4,false,Rx,0,8,09,20,00,00,70,02,00,00,
335000,000002C5,false,Rx,0,8,00,00,00,00,00,00,00,00,
336000,000002C6,false,Rx,0,8,32,00,7C,01,00,00,00,00,
344000,00000625,false,Rx,0,8,25,00,59,86,01,54,5C,06,
406000,0000060D,false,Rx,0,8,0D,10,83,B6,09,20,70,00,
445000,00000625,false,Rx,0,8,25,00,59,86,01,54,5C,06,
507000,0000060D,false,Rx,0,8,0D,10,83,B6,09,20,70,00,
516000,00000054,false,Rx,0,8,01,05,00,01,70,02,00,00,
517000,00000055,false,Rx,0,8,10,27,00,00,00,00,00,00,
517000,00000056,false,Rx,0,8,10,27,00,00,00,00,00,00,
517000,00000057,false,Rx,0,8,00,00,FE,FF,FE,FF,00,00,
544000,00000625,false,Rx,0,8,25,00,59,86,01,54,5C,06,
0,000002C4,false,Rx,0,8,09,20,00,00,70,02,00,00,
0,000002C5,false,Rx,0,8,00,00,00,00,00,00,00,00,
0,000002C6,false,Rx,0,8,32,00,7C,01,00,00,00,00,
587000,00000065,false,Rx,0,8,72,02,02,00,00,00,00,00,
606000,0000060D,false,Rx,0,8,0D,10,83,B6,09,20,70,00,
644000,00000625,false,Rx,0,8,25,00,59,86,01,54,5C,06,
706000,0000060D,false,Rx,0,8,0D,10,83,B6,09,20,70,00,
715000,00000054,false,Rx,0,8,01,05,00,01,72,02,00,00,
716000,00000055,false,Rx,0,8,10,27,00,00,00,00,00,00,
716000,00000056,false,Rx,0,8,10,27,00,00,00,00,00,00,
716000,00000057,false,Rx,0,8,00,00,FE,FF,FE,FF,00,00,
736000,00000065,false,Rx,0,8,72,02,02,00,00,00,00,00,
745000,00000625,false,Rx,0,8,25,00,59,86,01,54,5C,06,
0,000002C4,false,Rx,0,8,09,20,00,00,70,02,00,00,
0,000002C5,false,Rx,0,8,00,00,00,00,00,00,00,00,
0,000002C6,false,Rx,0,8,32,00,7C,01,00,00,00,00,
807000,0000060D,false,Rx,0,8,0D,10,83,B6,09,20,70,00,
844000,00000625,false,Rx,0,8,25,00,59,86,01,54,5C,06,
886000,00000065,false,Rx,0,8,72,02,02,00,00,00,00,00,
907000,0000060D,false,Rx,0,8,0D,10,83,B6,09,20,70,00,
916000,00000054,false,Rx,0,8,01,05,00,01,72,02,00,00,
916000,00000055,false,Rx,0,8,10,27,00,00,00,00,00,00,
916000,00000056,false,Rx,0,8,10,27,00,00,00,00,00,00,
916000,00000057,false,Rx,0,8,00,00,FE,FF,FE,FF,00,00,
944000,00000625,false,Rx,0,8,25,00,59,86,01,54,5C,06,
995000,000002C4,false,Rx,0,8,09,20,00,00,72,02,00,00,
995000,000002C5,false,Rx,0,8,00,00,00,00,00,00,00,00,
996000,000002C6,false,Rx,0,8,32,00,7C,01,00,00,00,00,
6000,0000060D,false,Rx,0,8,0D,10,83,B6,09,20,70,00,
37000,00000065,false,Rx,0,8,72,02,02,00,00,00,00,00,
45000,00000625,false,Rx,0,8,25,00,59,86,01,54,5C,06,
106000,0000060D,false,Rx,0,8,0D,10,83,B6,09,20,70,00,
116000,00000054,false,Rx,0,8,01,05,00,01,72,02,00,00,
116000,00000055,false,Rx,0,8,10,27,00,00,00,00,00,00,
0,00000056,false,Rx,0,8,10,27,00,00,00,00,00,00,
0,00000057,false,Rx,0,8,00,00,FE,FF,FE,FF,00,00,
145000,00000625,false,Rx,0,8,25,00,59,86,01,54,5C,06,
206000,0000060D,false,Rx,0,8,0D,10,83,B6,09,20,70,00,
215000,000002C4,false,Rx,0,8,09,20,00,00,72,02,00,00,
215000,000002C5,false,Rx,0,8,00,00,00,00,00,00,00,00,
215000,000002C6,false,Rx,0,8,32,00,7C,01,00,00,00,00,
244000,00000625,false,Rx,0,8,25,00,59,86,01,54,5C,06,
306000,0000060D,false,Rx,0,8,0D,10,83,B6,09,20,70,00,
316000,00000054,false,Rx,0,8,01,05,00,01,72,02,00,00,
316000,00000055,false,Rx,0,8,10,27,00,00,00,00,00,00,
317000,00000056,false,Rx,0,8,10,27,00,00,00,00,00,00,
317000,00000057,false,Rx,0,8,00,00,FE,FF,FE,FF,00,00,
344000,00000625,false,Rx,0,8,25,00,59,86,01,54,5C,06,
406000,0000060D,false,Rx,0,8,0D,10,83,B6,09,20,70,00,
435000,000002C4,false,Rx,0,8,09,20,00,00,72,02,00,00,
0,000002C5,false,Rx,0,8,00,00,00,00,00,00,00,00,
0,000002C6,false,Rx,0,8,32,00,7C,01,00,00,00,00,
444000,00000625,false,Rx,0,8,25,00,59,86,01,54,5C,06,
507000,0000060D,false,Rx,0,8,0D,10,83,B6,09,20,70,00,
0,00000054,false,Rx,0,8,01,05,00,01,72,02,00,00,
0,00000055,false,Rx,0,8,10,27,00,00,00,00,00,00,
517000,00000056,false,Rx,0,8,10,27,00,00,00,00,00,00,
517000,00000057,false,Rx,0,8,00,00,FE,FF,FE,FF,00,00,
544000,00000625,false,Rx,0,8,25,00,59,86,01,54,5C,06,
606000,0000060D,false,Rx,0,8,0D,10,83,B6,09,20,70,00,
644000,00000625,false,Rx,0,8,25,00,59,86,01,54,5C,06,
655000,000002C4,false,Rx,0,8,09,20,00,00,72,02,00,00,
655000,000002C5,false,Rx,0,8,00,00,00,00,00,00,00,00,
656000,000002C6,false,Rx,0,8,32,00,7C,01,00,00,00,00,
706000,0000060D,false,Rx,0,8,0D,10,83,B6,09,20,70,00,
716000,00000054,false,Rx,0,8,01,05,00,01,72,02,00,00,
716000,00000055,false,Rx,0,8,10,27,00,00,00,00,00,00,
717000,00000056,false,Rx,0,8,10,27,00,00,00,00,00,00,
717000,00000057,false,Rx,0,8,00,00,FE,FF,FE,FF,00,00,
744000,00000625,false,Rx,0,8,25,00,59,86,01,54,5C,06,
807000,0000060D,false,Rx,0,8,0D,10,83,B6,09,20,70,00,
845000,00000625,false,Rx,0,8,25,00,59,86,01,54,5C,06,
875000,000002C4,false,Rx,0,8,09,20,00,00,72,02,00,00,
875000,000002C5,false,Rx,0,8,00,00,00,00,00,00,00,00,
876000,000002C6,false,Rx,0,8,32,00,7C,01,00,00,00,00,
907000,0000060D,false,Rx,0,8,0D,10,83,B6,09,20,70,00,
916000,00000054,false,Rx,0,8,01,05,00,01,72,02,00,00,
916000,00000055,false,Rx,0,8,10,27,00,00,00,00,00,00,
917000,00000056,false,Rx,0,8,10,27,00,00,00,00,00,00,
917000,00000057,false,Rx,0,8,00,00,FE,FF,FE,FF,00,00,
945000,00000625,false,Rx,0,8,25,00,59,86,01,54,5C,06,
7000,0000060D,false,Rx,0,8,0D,10,83,B6,09,20,70,00,
44000,00000625,false,Rx,0,8,25,00,59,86,01,54,5C,06,
95000,000002C4,false,Rx,0,8,09,20,00,00,72,02,00,00,
95000,000002C5,false,Rx,0,8,00,00,00,00,00,00,00,00,
95000,000002C6,false,Rx,0,8,32,00,7C,01,00,00,00,00,
106000,0000060D,false,Rx,0,8,0D,10,83,B6,09,20,70,00,
115000,00000054,false,Rx,0,8,01,05,00,01,72,02,00,00,
116000,00000055,false,Rx,0,8,10,27,00,00,00,00,00,00,
116000,00000056,false,Rx,0,8,10,27,00,00,00,00,00,00,
116000,00000057,false,Rx,0,8,00,00,FE,FF,FE,FF,00,00,
144000,00000625,false,Rx,0,8,25,00,59,86,01,54,5C,06,
207000,0000060D,false,Rx,0,8,0D,10,83,B6,09,20,70,00,
244000,00000625,false,Rx,0,8,25,00,59,86,01,54,5C,06,
307000,0000060D,false,Rx,0,8,0D,10,83,B6,09,20,70,00,
315000,000002C4,false,Rx,0,8,09,20,00,00,72,02,00,00,
315000,000002C5,false,Rx,0,8,00,00,00,00,00,00,00,00,
0,000002C6,false,Rx,0,8,32,00,7C,01,00,00,00,00,
0,00000054,false,Rx,0,8,01,05,00,01,72,02,00,00,
0,00000055,false,Rx,0,8,10,27,00,00,00,00,00,00,
0,00000056,false,Rx,0,8,10,27,00,00,00,00,00,00,
0,00000057,false,Rx,0,8,00,00,FE,FF,FE,FF,00,00,
345000,00000625,false,Rx,0,8,25,00,59,86,01,54,5C,06,
406000,0000060D,false,Rx,0,8,0D,10,83,B6,09,20,70,00,
444000,00000625,false,Rx,0,8,25,00,59,86,01,54,5C,06,
507000,0000060D,false,Rx,0,8,0D,10,83,B6,09,20,70,00,
516000,00000054,false,Rx,0,8,01,05,00,01,72,02,00,00,
517000,00000055,false,Rx,0,8,10,27,00,00,00,00,00,00,
517000,00000056,false,Rx,0,8,10,27,00,00,00,00,00,00,
517000,00000057,false,Rx,0,8,00,00,FE,FF,FE,FF,00,00,
0,000002C4,false,Rx,0,8,09,20,00,00,72,02,00,00,
0,000002C5,false,Rx,0,8,00,00,00,00,00,00,00,00,
0,000002C6,false,Rx,0,8,32,00,7C,01,00,00,00,00,
544000,00000625,false,Rx,0,8,25,00,59,86,01,54,5C,06,
606000,0000060D,false,Rx,0,8,0D,10,83,B6,09,20,70,00,
644000,00000625,false,Rx,0,8,25,00,59,86,01,54,5C,06,
706000,0000060D,false,Rx,0,8,0D,10,83,B6,09,20,70,00,
716000,00000054,false,Rx,0,8,01,05,00,01,72,02,00,00,
716000,00000055,false,Rx,0,8,10,27,00,00,00,00,00,00,
716000,00000056,false,Rx,0,8,10,27,00,00,00,00,00,00,
717000,00000057,false,Rx,0,8,00,00,FE,FF,FE,FF,00,00,
744000,00000625,false,Rx,0,8,25,00,59,86,01,54,5C,06,
755000,000002C4,false,Rx,0,8,09,20,00,00,72,02,00,00,
756000,000002C5,false,Rx,0,8,00,00,00,00,00,00,00,00,
756000,000002C6,false,Rx,0,8,32,00,7C,01,00,00,00,00,
806000,0000060D,false,Rx,0,8,0D,10,83,B6,09,20,70,00,
845000,00000625,false,Rx,0,8,25,00,59,86,01,54,5C,06,
906000,0000060D,false,Rx,0,8,0D,10,83,B6,09,20,70,00,
916000,00000054,false,Rx,0,8,01,05,00,01,72,02,00,00,
0,00000055,false,Rx,0,8,10,27,00,00,00,00,00,00,
0,00000056,false,Rx,0,8,10,27,00,00,00,00,00,00,
916000,00000057,false,Rx,0,8,00,00,FE,FF,FE,FF,00,00,
944000,00000625,false,Rx,0,8,25,00,59,86,01,54,5C,06,
976000,000002C4,false,Rx,0,8,09,20,00,00,72,02,00,00,
976000,000002C5,false,Rx,0,8,00,00,00,00,00,00,00,00,
976000,000002C6,false,Rx,0,8,32,00,7C,01,00,00,00,00,
5000,0000060D,false,Rx,0,8,0D,10,83,B6,09,20,70,00,
44000,00000625,false,Rx,0,8,25,00,59,86,01,54,5C,06,
106000,0000060D,false,Rx,0,8,0D,10,83,B6,09,20,70,00,
116000,00000054,false,Rx,0,8,01,05,00,01,72,02,00,00,
116000,00000055,false,Rx,0,8,10,27,00,00,00,00,00,00,
117000,00000056,false,Rx,0,8,10,27,00,00,00,00,00,00,
117000,00000057,false,Rx,0,8,00,00,FE,FF,FE,FF,00,00,
144000,00000625,false,Rx,0,8,25,00,59,86,01,54,5C,06,
0,000002C4,false,Rx,0,8,09,20,00,00,72,02,00,00,
0,000002C5,false,Rx,0,8,00,00,00,00,00,00,00,00,
196000,000002C6,false,Rx,0,8,32,00,7C,01,00,00,00,00,
207000,0000060D,false,Rx,0,8,0D,10,83,B6,09,20,70,00,
244000,00000625,false,Rx,0,8,25,00,59,86,01,54,5C,06,
306000,0000060D,false,Rx,0,8,0D,10,83,B6,09,20,70,00,
316000,00000054,false,Rx,0,8,01,05,00,01,72,02,00,00,
0,00000055,false,Rx,0,8,10,27,00,00,00,00,00,00,
0,00000056,false,Rx,0,8,10,27,00,00,00,00,00,00,
317000,00000057,false,Rx,0,8,00,00,FE,FF,FE,FF,00,00,
344000,00000625,false,Rx,0,8,25,00,59,86,01,54,5C,06,
407000,0000060D,false,Rx,0,8,0D,10,83,B6,09,20,70,00,
416000,000002C4,false,Rx,0,8,09,20,00,00,72,02,00,00,
416000,000002C5,false,Rx,0,8,00,00,00,00,00,00,00,00,
416000,000002C6,false,Rx,0,8,32,00,7C,01,00,00,00,00,
444000,00000625,false,Rx,0,8,25,00,59,86,01,54,5C,06,
507000,0000060D,false,Rx,0,8,0D,10,83,B6,09,20,70,00,
515000,00000054,false,Rx,0,8,01,05,00,01,72,02,00,00,
516000,00000055,false,Rx,0,8,10,27,00,00,00,00,00,00,
516000,00000056,false,Rx,0,8,10,27,00,00,00,00,00,00,
516000,00000057,false,Rx,0,8,00,00,FE,FF,FE,FF,00,00,
545000,00000625,false,Rx,0,8,25,00,59,86,01,54,5C,06,
606000,0000060D,false,Rx,0,8,0D,10,83,B6,09,20,70,00,
635000,000002C4,false,Rx,0,8,09,20,00,00,72,02,00,00,
0,000002C5,false,Rx,0,8,00,00,00,00,00,00,00,00,
0,000002C6,false,Rx,0,8,32,00,7C,01,00,00,00,00,
644000,00000625,false,Rx,0,8,25,00,59,86,01,54,5C,06,
707000,0000060D,false,Rx,0,8,0D,10,83,B6,09,20,70,00,
0,00000054,false,Rx,0,8,01,05,00,01,72,02,00,00,
0,00000055,false,Rx,0,8,10,27,00,00,00,00,00,00,
0,00000056,false,Rx,0,8,10,27,00,00,00,00,00,00,
0,00000057,false,Rx,0,8,00,00,FE,FF,FE,FF,00,00,
744000,00000625,false,Rx,0,8,25,00,59,86,01,54,5C,06,
806000,0000060D,false,Rx,0,8,0D,10,83,B6,09,20,70,00,
845000,00000625,false,Rx,0,8,25,00,59,86,01,54,5C,06,
855000,000002C4,false,Rx,0,8,09,20,00,00,72,02,00,00,
856000,000002C5,false,Rx,0,8,00,00,00,00,00,00,00,00,
856000,000002C6,false,Rx,0,8,32,00,7C,01,00,00,00,00,
907000,0000060D,false,Rx,0,8,0D,10,83,B6,09,20,70,00,
916000,00000054,false,Rx,0,8,01,05,00,01,72,02,00,00,
916000,00000055,false,Rx,0,8,10,27,00,00,00,00,00,00,
917000,00000056,false,Rx,0,8,10,27,00,00,00,00,00,00,
917000,00000057,false,Rx,0,8,00,00,FE,FF,FE,FF,00,00,
944000,00000625,false,Rx,0,8,25,00,59,86,01,54,5C,06,
7000,0000060D,false,Rx,0,8,0D,10,83,B6,09,20,70,00,
44000,00000625,false,Rx,0,8,25,00,59,86,01,54,5C,06,
0,000002C4,false,Rx,0,8,09,20,00,00,72,02,00,00,
0,000002C5,false,Rx,0,8,00,00,00,00,00,00,00,00,
76000,000002C6,false,Rx,0,8,32,00,7C,01,00,00,00,00,
107000,0000060D,false,Rx,0,8,0D,10,83,B6,09,20,70,00,
0,00000054,false,Rx,0,8,01,05,00,01,72,02,00,00,
0,00000055,false,Rx,0,8,10,27,00,00,00,00,00,00,
0,00000056,false,Rx,0,8,10,27,00,00,00,00,00,00,
0,00000057,false,Rx,0,8,00,00,FE,FF,FE,FF,00,00,
145000,00000625,false,Rx,0,8,25,00,59,86,01,54,5C,06,
206000,0000060D,false,Rx,0,8,0D,10,83,B6,09,20,70,00,
244000,00000625,false,Rx,0,8,25,00,59,86,01,54,5C,06,
0,000002C4,false,Rx,0,8,09,20,00,00,72,02,00,00,
0,000002C5,false,Rx,0,8,00,00,00,00,00,00,00,00,
296000,000002C6,false,Rx,0,8,32,00,7C,01,00,00,00,00,
306000,0000060D,false,Rx,0,8,0D,10,83,B6,09,20,70,00,
316000,00000054,false,Rx,0,8,01,05,00,01,72,02,00,00,
316000,00000055,false,Rx,0,8,10,27,00,00,00,00,00,00,
316000,00000056,false,Rx,0,8,10,27,00,00,00,00,00,00,
316000,00000057,false,Rx,0,8,00,00,FE,FF,FE,FF,00,00,
345000,00000625,false,Rx,0,8,25,00,59,86,01,54,5C,06,
406000,0000060D,false,Rx,0,8,0D,10,83,B6,09,20,70,00,
444000,00000625,false,Rx,0,8,25,00,59,86,01,54,5C,06,
506000,0000060D,false,Rx,0,8,0D,10,83,B6,09,20,70,00,
0,000002C4,false,Rx,0,8,09,20,00,00,72,02,00,00,
0,000002C5,false,Rx,0,8,00,00,00,00,00,00,00,00,
0,000002C6,false,Rx,0,8,32,00,7C,01,00,00,00,00,
516000,00000054,false,Rx,0,8,01,05,00,01,72,02,00,00,
0,00000055,false,Rx,0,8,10,27,00,00,00,00,00,00,
0,00000056,false,Rx,0,8,10,27,00,00,00,00,00,00,
0,00000057,false,Rx,0,8,00,00,FE,FF,FE,FF,00,00,
544000,00000625,false,Rx,0,8,25,00,59,86,01,54,5C,06,
606000,0000060D,false,Rx,0,8,0D,10,83,B6,09,20,70,00,
644000,00000625,false,Rx,0,8,25,00,59,86,01,54,5C,06,
706000,0000060D,false,Rx,0,8,0D,10,83,B6,09,20,70,00,
0,00000054,false,Rx,0,8,01,05,00,01,72,02,00,00,
0,00000055,false,Rx,0,8,10,27,00,00,00,00,00,00,
0,00000056,false,Rx,0,8,10,27,00,00,00,00,00,00,
0,00000057,false,Rx,0,8,00,00,FE,FF,FE,FF,00,00,
0,000002C4,false,Rx,0,8,09,20,00,00,72,02,00,00,
0,000002C5,false,Rx,0,8,00,00,00,00,00,00,00,00,
0,000002C6,false,Rx,0,8,32,00,7C,01,00,00,00,00,
744000,00000625,false,Rx,0,8,25,00,59,86,01,54,5C,06,
807000,0000060D,false,Rx,0,8,0D,10,83,B6,09,20,70,00,
845000,00000625,false,Rx,0,8,25,00,59,86,01,54,5C,06,
906000,0000060D,false,Rx,0,8,0D,10,83,B6,09,20,70,00,
0,00000054,false,Rx,0,8,01,05,00,01,72,02,00,00,
0,00000055,false,Rx,0,8,10,27,00,00,00,00,00,00,
0,00000056,false,Rx,0,8,10,27,00,00,00,00,00,00,
917000,00000057,false,Rx,0,8,00,00,FE,FF,FE,FF,00,00,
943000,00000625,false,Rx,0,8,25,00,59,86,01,54,5C,06,
955000,000002C4,false,Rx,0,8,09,20,00,00,72,02,00,00,
956000,000002C5,false,Rx,0,8,00,00,00,00,00,00,00,00,
956000,000002C6,false,Rx,0,8,32,00,7C,01,00,00,00,00,
6000,0000060D,false,Rx,0,8,0D,10,83,B6,09,20,70,00,
44000,00000625,false,Rx,0,8,25,00,59,86,01,54,5C,06,
107000,0000060D,false,Rx,0,8,0D,10,83,B6,09,20,70,00,
0,00000054,false,Rx,0,8,01,05,00,01,72,02,00,00,
0,00000055,false,Rx,0,8,10,27,00,00,00,00,00,00,
117000,00000056,false,Rx,0,8,10,27,00,00,00,00,00,00,
117000,00000057,false,Rx,0,8,00,00,FE,FF,FE,FF,00,00,
144000,00000625,false,Rx,0,8,25,00,59,86,01,54,5C,06,
175000,000002C4,false,Rx,0,8,09,20,00,00,72,02,00,00,
176000,000002C5,false,Rx,0,8,00,00,00,00,00,00,00,00,
176000,000002C6,false,Rx,0,8,32,00,7C,01,00,00,00,00,
207000,0000060D,false,Rx,0,8,0D,10,83,B6,09,20,70,00,
244000,00000625,false,Rx,0,8,25,00,59,86,01,54,5C,06,
307000,0000060D,false,Rx,0,8,0D,10,83,B6,09,20,70,00,
316000,00000054,false,Rx,0,8,01,05,00,01,72,02,00,00,
316000,00000055,false,Rx,0,8,10,27,00,00,00,00,00,00,
0,00000056,false,Rx,0,8,10,27,00,00,00,00,00,00,
0,00000057,false,Rx,0,8,00,00,FE,FF,FE,FF,00,00,
343000,00000625,false,Rx,0,8,25,00,59,86,01,54,5C,06,
0,000002C4,false,Rx,0,8,09,20,00,00,72,02,00,00,
0,000002C5,false,Rx,0,8,00,00,00,00,00,00,00,00,
396000,000002C6,false,Rx,0,8,32,00,7C,01,00,00,00,00,
406000,0000060D,false,Rx,0,8,0D,10,83,B6,09,20,70,00,
445000,00000625,false,Rx,0,8,25,00,59,86,01,54,5C,06,
506000,0000060D,false,Rx,0,8,0D,10,83,B6,09,20,70,00,
0,00000054,false,Rx,0,8,01,05,00,01,72,02,00,00,
0,00000055,false,Rx,0,8,10,27,00,00,00,00,00,00,
0,00000056,false,Rx,0,8,10,27,00,00,00,00,00,00,
0,00000057,false,Rx,0,8,00,00,FE,FF,FE,FF,00,00,
544000,00000625,false,Rx,0,8,25,00,59,86,01,54,5C,06,
606000,0000060D,false,Rx,0,8,0D,10,83,B6,09,20,70,00,
615000,000002C4,false,Rx,0,8,09,20,00,00,72,02,00,00,
615000,000002C5,false,Rx,0,8,00,00,00,00,00,00,00,00,
615000,000002C6,false,Rx,0,8,32,00,7C,01,00,00,00,00,
644000,00000625,false,Rx,0,8,25,00,59,86,01,54,5C,06,
706000,0000060D,false,Rx,0,8,0D,10,83,B6,09,20,70,00,
716000,00000054,false,Rx,0,8,01,05,00,01,72,02,00,00,
717000,00000055,false,Rx,0,8,10,27,00,00,00,00,00,00,
717000,00000056,false,Rx,0,8,10,27,00,00,00,00,00,00,
718000,00000057,false,Rx,0,8,00,00,FE,FF,FE,FF,00,00,
744000,00000625,false,Rx,0,8,25,00,59,86,01,54,5C,06,
806000,0000060D,false,Rx,0,8,0D,10,83,B6,09,20,70,00,
835000,000002C4,false,Rx,0,8,09,20,00,00,72,02,00,00,
835000,000002C5,false,Rx,0,8,00,00,00,00,00,00,00,00,
835000,000002C6,false,Rx,0,8,32,00,7C,01,00,00,00,00,
844000,00000625,false,Rx,0,8,25,00,59,86,01,54,5C,06,
906000,0000060D,false,Rx,0,8,0D,10,83,B6,09,20,70,00,
916000,00000054,false,Rx,0,8,01,05,00,01,72,02,00,00,
917000,00000055,false,Rx,0,8,10,27,00,00,00,00,00,00,
917000,00000056,false,Rx,0,8,10,27,00,00,00,00,00,00,
917000,00000057,false,Rx,0,8,00,00,FE,FF,FE,FF,00,00,
944000,00000625,false,Rx,0,8,25,00,59,86,01,54,5C,06,
6000,0000060D,false,Rx,0,8,0D,10,83,B6,09,20,70,00,
44000,00000625,false,Rx,0,8,25,00,59,86,01,54,5C,06,
0,000002C4,false,Rx,0,8,09,20,00,00,72,02,00,00,
0,000002C5,false,Rx,0,8,00,00,00,00,00,00,00,00,
0,000002C6,false,Rx,0,8,32,00,7C,01,00,00,00,00,
106000,0000060D,false,Rx,0,8,0D,10,83,B6,09,20,70,00,
0,00000054,false,Rx,0,8,01,05,00,01,72,02,00,00,
0,00000055,false,Rx,0,8,10,27,00,00,00,00,00,00,
116000,00000056,false,Rx,0,8,10,27,00,00,00,00,00,00,
117000,00000057,false,Rx,0,8,00,00,FE,FF,FE,FF,00,00,
144000,00000625,false,Rx,0,8,25,00,59,86,01,54,5C,06,
206000,0000060D,false,Rx,0,8,0D,10,83,B6,09,20,70,00,
245000,00000625,false,Rx,0,8,25,00,59,86,01,54,5C,06,
0,000002C4,false,Rx,0,8,09,20,00,00,72,02,00,00,
0,000002C5,false,Rx,0,8,00,00,00,00,00,00,00,00,
275000,000002C6,false,Rx,0,8,32,00,7C,01,00,00,00,00,
307000,0000060D,false,Rx,0,8,0D,10,83,B6,09,20,70,00,
316000,00000054,false,Rx,0,8,01,05,00,01,72,02,00,00,
316000,00000055,false,Rx,0,8,10,27,00,00,00,00,00,00,
316000,00000056,false,Rx,0,8,10,27,00,00,00,00,00,00,
317000,00000057,false,Rx,0,8,00,00,FE,FF,FE,FF,00,00,
344000,00000625,false,Rx,0,8,25,00,59,86,01,54,5C,06,
406000,0000060D,false,Rx,0,8,0D,10,83,B6,09,20,70,00,
444000,00000625,false,Rx,0,8,25,00,59,86,01,54,5C,06,
0,000002C4,false,Rx,0,8,09,20,00,00,72,02,00,00,
0,000002C5,false,Rx,0,8,00,00,00,00,00,00,00,00,
495000,000002C6,false,Rx,0,8,32,00,7C,01,00,00,00,00,
506000,0000060D,false,Rx,0,8,0D,10,83,B6,09,20,70,00,
0,00000054,false,Rx,0,8,01,05,00,01,72,02,00,00,
0,00000055,false,Rx,0,8,10,27,00,00,00,00,00,00,
516000,00000056,false,Rx,0,8,10,27,00,00,00,00,00,00,
517000,00000057,false,Rx,0,8,00,00,FE,FF,FE,FF,00,00,
544000,00000625,false,Rx,0,8,25,00,59,86,01,54,5C,06,
607000,0000060D,false,Rx,0,8,0D,10,83,B6,09,20,70,00,
645000,00000625,false,Rx,0,8,25,00,59,86,01,54,5C,06,
707000,0000060D,false,Rx,0,8,0D,10,83,B6,09,20,70,00,
0,000002C4,false,Rx,0,8,09,20,00,00,72,02,00,00,
0,000002C5,false,Rx,0,8,00,00,00,00,00,00,00,00,
0,000002C6,false,Rx,0,8,32,00,7C,01,00,00,00,00,
716000,00000054,false,Rx,0,8,01,05,00,01,72,02,00,00,
0,00000055,false,Rx,0,8,10,27,00,00,00,00,00,00,
0,00000056,false,Rx,0,8,10,27,00,00,00,00,00,00,
717000,00000057,false,Rx,0,8,00,00,FE,FF,FE,FF,00,00,
745000,00000625,false,Rx,0,8,25,00,59,86,01,54,5C,06,
806000,0000060D,false,Rx,0,8,0D,10,83,B6,09,20,70,00,
845000,00000625,false,Rx,0,8,25,00,59,86,01,54,5C,06,
906000,0000060D,false,Rx,0,8,0D,10,83,B6,09,20,70,00,
916000,00000054,false,Rx,0,8,01,05,00,01,72,02,00,00,
916000,00000055,false,Rx,0,8,10,27,00,00,00,00,00,00,
916000,00000056,false,Rx,0,8,10,27,00,00,00,00,00,00,
916000,00000057,false,Rx,0,8,00,00,FE,FF,FE,FF,00,00,
936000,000002C4,false,Rx,0,8,09,20,00,00,72,02,00,00,
936000,000002C5,false,Rx,0,8,00,00,00,00,00,00,00,00,
936000,000002C6,false,Rx,0,8,32,00,7C,01,00,00,00,00,
944000,00000625,false,Rx,0,8,25,00,59,86,01,54,5C,06,
7000,0000060D,false,Rx,0,8,0D,10,83,B6,09,20,70,00,
45000,00000625,false,Rx,0,8,25,00,59,86,01,54,5C,06,
107000,0000060D,false,Rx,0,8,0D,10,83,B6,09,20,70,00,
116000,00000054,false,Rx,0,8,01,05,00,01,72,02,00,00,
116000,00000055,false,Rx,0,8,10,27,00,00,00,00,00,00,
116000,00000056,false,Rx,0,8,10,27,00,00,00,00,00,00,
116000,00000057,false,Rx,0,8,00,00,FE,FF,FE,FF,00,00,
145000,00000625,false,Rx,0,8,25,00,59,86,01,54,5C,06,
155000,000002C4,false,Rx,0,8,09,20,00,00,72,02,00,00,
155000,000002C5,false,Rx,0,8,00,00,00,00,00,00,00,00,
155000,000002C6,false,Rx,0,8,32,00,7C,01,00,00,00,00,
206000,0000060D,false,Rx,0,8,0D,10,83,B6,09,20,70,00,
244000,00000625,false,Rx,0,8,25,00,59,86,01,54,5C,06,
306000,0000060D,false,Rx,0,8,0D,10,83,B6,09,20,70,00,
316000,00000054,false,Rx,0,8,01,05,00,01,72,02,00,00,
316000,00000055,false,Rx,0,8,10,27,00,00,00,00,00,00,
317000,00000056,false,Rx,0,8,10,27,00,00,00,00,00,00,
317000,00000057,false,Rx,0,8,00,00,FE,FF,FE,FF,00,00,
345000,00000625,false,Rx,0,8,25,00,59,86,01,54,5C,06,
376000,000002C4,false,Rx,0,8,09,20,00,00,72,02,00,00,
376000,000002C5,false,Rx,0,8,00,00,00,00,00,00,00,00,
376000,000002C6,false,Rx,0,8,32,00,7C,01,00,00,00,00,
406000,0000060D,false,Rx,0,8,0D,10,83,B6,09,20,70,00,
444000,00000625,false,Rx,0,8,25,00,59,86,01,54,5C,06,
506000,0000060D,false,Rx,0,8,0D,10,83,B6,09,20,70,00,
515000,00000054,false,Rx,0,8,01,05,00,01,72,02,00,00,
0,00000055,false,Rx,0,8,10,27,00,00,00,00,00,00,
0,00000056,false,Rx,0,8,10,27,00,00,00,00,00,00,
516000,00000057,false,Rx,0,8,00,00,FE,FF,FE,FF,00,00,
545000,00000625,false,Rx,0,8,25,00,59,86,01,54,5C,06,
596000,000002C4,false,Rx,0,8,09,20,00,00,72,02,00,00,
596000,000002C5,false,Rx,0,8,00,00,00,00,00,00,00,00,
596000,000002C6,false,Rx,0,8,32,00,7C,01,00,00,00,00,
606000,0000060D,false,Rx,0,8,0D,10,83,B6,09,20,70,00,
645000,00000625,false,Rx,0,8,25,00,59,86,01,54,5C,06,
706000,0000060D,false,Rx,0,8,0D,10,83,B6,09,20,70,00,
716000,00000054,false,Rx,0,8,01,05,00,01,72,02,00,00,
717000,00000055,false,Rx,0,8,10,27,00,00,00,00,00,00,
717000,00000056,false,Rx,0,8,10,27,00,00,00,00,00,00,
717000,00000057,false,Rx,0,8,00,00,FE,FF,FE,FF,00,00,
745000,00000625,false,Rx,0,8,25,00,59,86,01,54,5C,06,
807000,0000060D,false,Rx,0,8,0D,10,83,B6,09,20,70,00,
815000,000002C4,false,Rx,0,8,09,20,00,00,72,02,00,00,
816000,000002C5,false,Rx,0,8,00,00,00,00,00,00,00,00,
816000,000002C6,false,Rx,0,8,32,00,7C,01,00,00,00,00,
844000,00000625,false,Rx,0,8,25,00,59,86,01,54,5C,06,
906000,0000060D,false,Rx,0,8,0D,10,83,B6,09,20,70,00,
915000,00000054,false,Rx,0,8,01,05,00,01,72,02,00,00,
916000,00000055,false,Rx,0,8,10,27,00,00,00,00,00,00,
916000,00000056,false,Rx,0,8,10,27,00,00,00,00,00,00,
916000,00000057,false,Rx,0,8,00,00,FE,FF,FE,FF,00,00,
944000,00000625,false,Rx,0,8,25,00,59,86,01,54,5C,06,
6000,0000060D,false,Rx,0,8,0D,10,83,B6,09,20,70,00,
36000,000002C4,false,Rx,0,8,09,20,00,00,72,02,00,00,
36000,000002C5,false,Rx,0,8,00,00,00,00,00,00,00,00,
36000,000002C6,false,Rx,0,8,32,00,7C,01,00,00,00,00,
45000,00000625,false,Rx,0,8,25,00,59,86,01,54,5C,06,
106000,0000060D,false,Rx,0,8,0D,10,83,B6,09,20,70,00,
116000,00000054,false,Rx,0,8,01,05,00,01,72,02,00,00,
116000,00000055,false,Rx,0,8,10,27,00,00,00,00,00,00,
117000,00000056,false,Rx,0,8,10,27,00,00,00,00,00,00,
117000,00000057,false,Rx,0,8,00,00,FE,FF,FE,FF,00,00,
144000,00000625,false,Rx,0,8,25,00,59,86,01,54,5C,06,
206000,0000060D,false,Rx,0,8,0D,10,83,B6,09,20,70,00,
245000,00000625,false,Rx,0,8,25,00,59,86,01,54,5C,06,
255000,000002C4,false,Rx,0,8,09,20,00,00,72,02,00,00,
256000,000002C5,false,Rx,0,8,00,00,00,00,00,00,00,00,
256000,000002C6,false,Rx,0,8,32,00,7C,01,00,00,00,00,
306000,0000060D,false,Rx,0,8,0D,10,83,B6,09,20,70,00,
316000,00000054,false,Rx,0,8,01,05,00,01,72,02,00,00,
317000,00000055,false,Rx,0,8,10,27,00,00,00,00,00,00,
317000,00000056,false,Rx,0,8,10,27,00,00,00,00,00,00,
317000,00000057,false,Rx,0,8,00,00,FE,FF,FE,FF,00,00,
344000,00000625,false,Rx,0,8,25,00,59,86,01,54,5C,06,
407000,0000060D,false,Rx,0,8,0D,10,83,B6,09,20,70,00,
445000,00000625,false,Rx,0,8,25,00,59,86,01,54,5C,06,
475000,000002C4,false,Rx,0,8,09,20,00,00,72,02,00,00,
475000,000002C5,false,Rx,0,8,00,00,00,00,00,00,00,00,
475000,000002C6,false,Rx,0,8,32,00,7C,01,00,00,00,00,
506000,0000060D,false,Rx,0,8,0D,10,83,B6,09,20,70,00,
517000,00000054,false,Rx,0,8,01,05,00,01,72,02,00,00,
517000,00000055,false,Rx,0,8,10,27,00,00,00,00,00,00,
0,00000056,false,Rx,0,8,10,27,00,00,00,00,00,00,
0,00000057,false,Rx,0,8,00,00,FE,FF,FE,FF,00,00,
545000,00000625,false,Rx,0,8,25,00,59,86,01,54,5C,06,
607000,0000060D,false,Rx,0,8,0D,10,83,B6,09,20,70,00,
644000,00000625,false,Rx,0,8,25,00,59,86,01,54,5C,06,
0,000002C4,false,Rx,0,8,09,20,00,00,72,02,00,00,
0,000002C5,false,Rx,0,8,00,00,00,00,00,00,00,00,
0,000002C6,false,Rx,0,8,32,00,7C,01,00,00,00,00,
706000,0000060D,false,Rx,0,8,0D,10,83,B6,09,20,70,00,
716000,00000054,false,Rx,0,8,01,05,00,01,72,02,00,00,
716000,00000055,false,Rx,0,8,10,27,00,00,00,00,00,00,
717000,00000056,false,Rx,0,8,10,27,00,00,00,00,00,00,
717000,00000057,false,Rx,0,8,00,00,FE,FF,FE,FF,00,00,
744000,00000625,false,Rx,0,8,25,00,59,86,01,54,5C,06,
806000,0000060D,false,Rx,0,8,0D,10,83,B6,09,20,70,00,
844000,00000625,false,Rx,0,8,25,00,59,86,01,54,5C,06,
907000,0000060D,false,Rx,0,8,0D,10,83,B6,09,20,70,00,
0,000002C4,false,Rx,0,8,09,20,00,00,72,02,00,00,
0,000002C5,false,Rx,0,8,00,00,00,00,00,00,00,00,
0,000002C6,false,Rx,0,8,32,00,7C,01,00,00,00,00,
0,00000054,false,Rx,0,8,01,05,00,01,72,02,00,00,
0,00000055,false,Rx,0,8,10,27,00,00,00,00,00,00,
0,00000056,false,Rx,0,8,10,27,00,00,00,00,00,00,
917000,00000057,false,Rx,0,8,00,00,FE,FF,FE,FF,00,00,
944000,00000625,false,Rx,0,8,25,00,59,86,01,54,5C,06,
6000,0000060D,false,Rx,0,8,0D,10,83,B6,09,20,70,00,
45000,00000625,false,Rx,0,8,25,00,59,86,01,54,5C,06,
107000,0000060D,false,Rx,0,8,0D,10,83,B6,09,20,70,00,
116000,00000054,false,Rx,0,8,01,05,00,01,72,02,00,00,
117000,00000055,false,Rx,0,8,10,27,00,00,00,00,00,00,
0,00000056,false,Rx,0,8,10,27,00,00,00,00,00,00,
0,00000057,false,Rx,0,8,00,00,FE,FF,FE,FF,00,00,
0,000002C4,false,Rx,0,8,09,20,00,00,72,02,00,00,
0,000002C5,false,Rx,0,8,00,00,00,00,00,00,00,00,
0,000002C6,false,Rx,0,8,32,00,7C,01,00,00,00,00,
144000,00000625,false,Rx,0,8,25,00,59,86,01,54,5C,06,
206000,0000060D,false,Rx,0,8,0D,10,83,B6,09,20,70,00,
244000,00000625,false,Rx,0,8,25,00,59,86,01,54,5C,06,
306000,0000060D,false,Rx,0,8,0D,10,83,B6,09,20,70,00,
316000,00000054,false,Rx,0,8,01,05,00,01,72,02,00,00,
316000,00000055,false,Rx,0,8,10,27,00,00,00,00,00,00,
317000,00000056,false,Rx,0,8,10,27,00,00,00,00,00,00,
317000,00000057,false,Rx,0,8,00,00,FE,FF,FE,FF,00,00,
344000,00000625,false,Rx,0,8,25,00,59,86,01,54,5C,06,
356000,000002C4,false,Rx,0,8,09,20,00,00,72,02,00,00,
356000,000002C5,false,Rx,0,8,00,00,00,00,00,00,00,00,
356000,000002C6,false,Rx,0,8,32,00,7C,01,00,00,00,00,
406000,0000060D,false,Rx,0,8,0D,10,83,B6,09,20,70,00,
444000,00000625,false,Rx,0,8,25,00,59,86,01,54,5C,06,
507000,0000060D,false,Rx,0,8,0D,10,83,B6,09,20,70,00,
0,00000054,false,Rx,0,8,01,05,00,01,72,02,00,00,
0,00000055,false,Rx,0,8,10,27,00,00,00,00,00,00,
516000,00000056,false,Rx,0,8,10,27,00,00,00,00,00,00,
517000,00000057,false,Rx,0,8,00,00,FE,FF,FE,FF,00,00,
544000,00000625,false,Rx,0,8,25,00,59,86,01,54,5C,06,
576000,000002C4,false,Rx,0,8,09,20,00,00,72,02,00,00,
576000,000002C5,false,Rx,0,8,00,00,00,00,00,00,00,00,
576000,000002C6,false,Rx,0,8,32,00,7C,01,00,00,00,00,
606000,0000060D,false,Rx,0,8,0D,10,83,B6,09,20,70,00,
644000,00000625,false,Rx,0,8,25,00,59,86,01,54,5C,06,
706000,0000060D,false,Rx,0,8,0D,10,83,B6,09,20,70,00,
716000,00000054,false,Rx,0,8,01,05,00,01,72,02,00,00,
716000,00000055,false,Rx,0,8,10,27,00,00,00,00,00,00,
717000,00000056,false,Rx,0,8,10,27,00,00,00,00,00,00,
717000,00000057,false,Rx,0,8,00,00,FE,FF,FE,FF,00,00,
744000,00000625,false,Rx,0,8,25,00,59,86,01,54,5C,06,
795000,000002C4,false,Rx,0,8,09,20,00,00,72,02,00,00,
795000,000002C5,false,Rx,0,8,00,00,00,00,00,00,00,00,
796000,000002C6,false,Rx,0,8,32,00,7C,01,00,00,00,00,
807000,0000060D,false,Rx,0,8,0D,10,83,B6,09,20,70,00,
844000,00000625,false,Rx,0,8,25,00,59,86,01,54,5C,06,
906000,0000060D,false,Rx,0,8,0D,10,83,B6,09,20,70,00,
916000,00000054,false,Rx,0,8,01,05,00,01,72,02,00,00,
916000,00000055,false,Rx,0,8,10,27,00,00,00,00,00,00,
917000,00000056,false,Rx,0,8,10,27,00,00,00,00,00,00,
917000,00000057,false,Rx,0,8,00,00,FE,FF,FE,FF,00,00,
944000,00000625,false,Rx,0,8,25,00,59,86,01,54,5C,06,
6000,0000060D,false,Rx,0,8,0D,10,83,B6,09,20,70,00,
16000,000002C4,false,Rx,0,8,09,20,00,00,72,02,00,00,
16000,000002C5,false,Rx,0,8,00,00,00,00,00,00,00,00,
16000,000002C6,false,Rx,0,8,32,00,7C,01,00,00,00,00,
44000,00000625,false,Rx,0,8,25,00,59,86,01,54,5C,06,
106000,0000060D,false,Rx,0,8,0D,10,83,B6,09,20,70,00,
0,00000054,false,Rx,0,8,01,05,00,01,72,02,00,00,
0,00000055,false,Rx,0,8,10,27,00,00,00,00,00,00,
116000,00000056,false,Rx,0,8,10,27,00,00,00,00,00,00,
117000,00000057,false,Rx,0,8,00,00,FE,FF,FE,FF,00,00,
145000,00000625,false,Rx,0,8,25,00,59,86,01,54,5C,06,
206000,0000060D,false,Rx,0,8,0D,10,83,B6,09,20,70,00,
235000,000002C4,false,Rx,0,8,09,20,00,00,72,02,00,00,
236000,000002C5,false,Rx,0,8,00,00,00,00,00,00,00,00,
236000,000002C6,false,Rx,0,8,32,00,7C,01,00,00,00,00,
244000,00000625,false,Rx,0,8,25,00,59,86,01,54,5C,06,
306000,0000060D,false,Rx,0,8,0D,10,83,B6,09,20,70,00,
316000,00000054,false,Rx,0,8,01,05,00,01,72,02,00,00,
316000,00000055,false,Rx,0,8,10,27,00,00,00,00,00,00,
317000,00000056,false,Rx,0,8,10,27,00,00,00,00,00,00,
317000,00000057,false,Rx,0,8,00,00,FE,FF,FE,FF,00,00,
344000,00000625,false,Rx,0,8,25,00,59,86,01,54,5C,06,
407000,0000060D,false,Rx,0,8,0D,10,83,B6,09,20,70,00,
445000,00000625,false,Rx,0,8,25,00,59,86,01,54,5C,06,
455000,000002C4,false,Rx,0,8,09,20,00,00,72,02,00,00,
455000,000002C5,false,Rx,0,8,00,00,00,00,00,00,00,00,
456000,000002C6,false,Rx,0,8,32,00,7C,01,00,00,00,00,
506000,0000060D,false,Rx,0,8,0D,10,83,B6,09,20,70,00,
515000,00000054,false,Rx,0,8,01,05,00,01,72,02,00,00,
516000,00000055,false,Rx,0,8,10,27,00,00,00,00,00,00,
516000,00000056,false,Rx,0,8,10,27,00,00,00,00,00,00,
516000,00000057,false,Rx,0,8,00,00,FE,FF,FE,FF,00,00,
544000,00000625,false,Rx,0,8,25,00,59,86,01,54,5C,06,
607000,0000060D,false,Rx,0,8,0D,10,83,B6,09,20,70,00,
645000,00000625,false,Rx,0,8,25,00,59,86,01,54,5C,06,
676000,000002C4,false,Rx,0,8,09,20,00,00,72,02,00,00,
676000,000002C5,false,Rx,0,8,00,00,00,00,00,00,00,00,
676000,000002C6,false,Rx,0,8,32,00,7C,01,00,00,00,00,
707000,0000060D,false,Rx,0,8,0D,10,83,B6,09,20,70,00,
716000,00000054,false,Rx,0,8,01,05,00,01,72,02,00,00,
717000,00000055,false,Rx,0,8,10,27,00,00,00,00,00,00,
717000,00000056,false,Rx,0,8,10,27,00,00,00,00,00,00,
717000,00000057,false,Rx,0,8,00,00,FE,FF,FE,FF,00,00,
744000,00000625,false,Rx,0,8,25,00,59,86,01,54,5C,06,
807000,0000060D,false,Rx,0,8,0D,10,83,B6,09,20,70,00,
844000,00000625,false,Rx,0,8,25,00,59,86,01,54,5C,06,
896000,000002C4,false,Rx,0,8,09,20,00,00,72,02,00,00,
896000,000002C5,false,Rx,0,8,00,00,00,00,00,00,00,00,
896000,000002C6,false,Rx,0,8,32,00,7C,01,00,00,00,00,
907000,0000060D,false,Rx,0,8,0D,10,83,B6,09,20,70,00,
916000,00000054,false,Rx,0,8,01,05,00,01,72,02,00,00,
916000,00000055,false,Rx,0,8,10,27,00,00,00,00,00,00,
916000,00000056,false,Rx,0,8,10,27,00,00,00,00,00,00,
917000,00000057,false,Rx,0,8,00,00,FE,FF,FE,FF,00,00,
945000,00000625,false,Rx,0,8,25,00,59,86,01,54,5C,06,
6000,0000060D,false,Rx,0,8,0D,10,83,B6,09,20,70,00,
44000,00000625,false,Rx,0,8,25,00,59,86,01,54,5C,06,
106000,0000060D,false,Rx,0,8,0D,10,83,B6,09,20,70,00,
0,000002C4,false,Rx,0,8,09,20,00,00,72,02,00,00,
0,000002C5,false,Rx,0,8,00,00,00,00,00,00,00,00,
116000,000002C6,false,Rx,0,8,32,00,7C,01,00,00,00,00,
116000,00000054,false,Rx,0,8,01,05,00,01,72,02,00,00,
117000,00000055,false,Rx,0,8,10,27,00,00,00,00,00,00,
117000,00000056,false,Rx,0,8,10,27,00,00,00,00,00,00,
117000,00000057,false,Rx,0,8,00,00,FE,FF,FE,FF,00,00,
146000,00000625,false,Rx,0,8,25,00,59,86,01,54,5C,06,
206000,0000060D,false,Rx,0,8,0D,10,83,B6,09,20,70,00,
245000,00000625,false,Rx,0,8,25,00,59,86,01,54,5C,06,
307000,0000060D,false,Rx,0,8,0D,10,83,B6,09,20,70,00,
316000,00000054,false,Rx,0,8,01,05,00,01,72,02,00,00,
316000,00000055,false,Rx,0,8,10,27,00,00,00,00,00,00,
316000,00000056,false,Rx,0,8,10,27,00,00,00,00,00,00,
317000,00000057,false,Rx,0,8,00,00,FE,FF,FE,FF,00,00,
0,000002C4,false,Rx,0,8,09,20,00,00,72,02,00,00,
0,000002C5,false,Rx,0,8,00,00,00,00,00,00,00,00,
0,000002C6,false,Rx,0,8,32,00,7C,01,00,00,00,00,
345000,00000625,false,Rx,0,8,25,00,59,86,01,54,5C,06,
407000,0000060D,false,Rx,0,8,0D,10,83,B6,09,20,70,00,
444000,00000625,false,Rx,0,8,25,00,59,86,01,54,5C,06,
506000,0000060D,false,Rx,0,8,0D,10,83,B6,09,20,70,00,
516000,00000054,false,Rx,0,8,01,05,00,01,72,02,00,00,
516000,00000055,false,Rx,0,8,10,27,00,00,00,00,00,00,
517000,00000056,false,Rx,0,8,10,27,00,00,00,00,00,00,
517000,00000057,false,Rx,0,8,00,00,FE,FF,FE,FF,00,00,
544000,00000625,false,Rx,0,8,25,00,59,86,01,54,5C,06,
0,000002C4,false,Rx,0,8,09,20,00,00,72,02,00,00,
0,000002C5,false,Rx,0,8,00,00,00,00,00,00,00,00,
0,000002C6,false,Rx,0,8,32,00,7C,01,00,00,00,00,
607000,0000060D,false,Rx,0,8,0D,10,83,B6,09,20,70,00,
645000,00000625,false,Rx,0,8,25,00,59,86,01,54,5C,06,
705000,0000060D,false,Rx,0,8,0D,10,83,B6,09,20,70,00,
0,00000054,false,Rx,0,8,01,05,00,01,72,02,00,00,
0,00000055,false,Rx,0,8,10,27,00,00,00,00,00,00,
0,00000056,false,Rx,0,8,10,27,00,00,00,00,00,00,
0,00000057,false,Rx,0,8,00,00,FE,FF,FE,FF,00,00,
744000,00000625,false,Rx,0,8,25,00,59,86,01,54,5C,06,
0,000002C4,false,Rx,0,8,09,20,00,00,72,02,00,00,
0,000002C5,false,Rx,0,8,00,00,00,00,00,00,00,00,
776000,000002C6,false,Rx,0,8,32,00,7C,01,00,00,00,00,
806000,0000060D,false,Rx,0,8,0D,10,83,B6,09,20,70,00,
844000,00000625,false,Rx,0,8,25,00,59,86,01,54,5C,06,
907000,0000060D,false,Rx,0,8,0D,10,83,B6,09,20,70,00,
916000,00000054,false,Rx,0,8,01,05,00,01,72,02,00,00,
917000,00000055,false,Rx,0,8,10,27,00,00,00,00,00,00,
917000,00000056,false,Rx,0,8,10,27,00,00,00,00,00,00,
917000,00000057,false,Rx,0,8,00,00,FE,FF,FE,FF,00,00,
944000,00000625,false,Rx,0,8,25,00,59,86,01,54,5C,06,
995000,000002C4,false,Rx,0,8,09,20,00,00,72,02,00,00,
996000,000002C5,false,Rx,0,8,00,00,00,00,00,00,00,00,
996000,000002C6,false,Rx,0,8,32,00,7C,01,00,00,00,00,
6000,0000060D,false,Rx,0,8,0D,10,83,B6,09,20,70,00,
45000,00000625,false,Rx,0,8,25,00,59,86,01,54,5C,06,
106000,0000060D,false,Rx,0,8,0D,10,83,B6,09,20,70,00,
0,00000054,false,Rx,0,8,01,05,00,01,72,02,00,00,
0,00000055,false,Rx,0,8,10,27,00,00,00,00,00,00,
116000,00000056,false,Rx,0,8,10,27,00,00,00,00,00,00,
117000,00000057,false,Rx,0,8,00,00,FE,FF,FE,FF,00,00,
145000,00000625,false,Rx,0,8,25,00,59,86,01,54,5C,06,
206000,0000060D,false,Rx,0,8,0D,10,83,B6,09,20,70,00,
215000,000002C4,false,Rx,0,8,09,20,00,00,72,02,00,00,
215000,000002C5,false,Rx,0,8,00,00,00,00,00,00,00,00,
215000,000002C6,false,Rx,0,8,32,00,7C,01,00,00,00,00,
244000,00000625,false,Rx,0,8,25,00,59,86,01,54,5C,06,
305000,0000060D,false,Rx,0,8,0D,10,83,B6,09,20,70,00,
316000,00000054,false,Rx,0,8,01,05,00,01,72,02,00,00,
317000,00000055,false,Rx,0,8,10,27,00,00,00,00,00,00,
0,00000056,false,Rx,0,8,10,27,00,00,00,00,00,00,
0,00000057,false,Rx,0,8,00,00,FE,FF,FE,FF,00,00,
344000,00000625,false,Rx,0,8,25,00,59,86,01,54,5C,06,
407000,0000060D,false,Rx,0,8,0D,10,83,B6,09,20,70,00,
435000,000002C4,false,Rx,0,8,09,20,00,00,72,02,00,00,
436000,000002C5,false,Rx,0,8,00,00,00,00,00,00,00,00,
436000,000002C6,false,Rx,0,8,32,00,7C,01,00,00,00,00,
444000,00000625,false,Rx,0,8,25,00,59,86,01,54,5C,06,
506000,0000060D,false,Rx,0,8,0D,10,83,B6,09,20,70,00,
0,00000054,false,Rx,0,8,01,05,00,01,72,02,00,00,
0,00000055,false,Rx,0,8,10,27,00,00,00,00,00,00,
517000,00000056,false,Rx,0,8,10,27,00,00,00,00,00,00,
517000,00000057,false,Rx,0,8,00,00,FE,FF,FE,FF,00,00,
545000,00000625,false,Rx,0,8,25,00,59,86,01,54,5C,06,
607000,0000060D,false,Rx,0,8,0D,10,83,B6,09,20,70,00,
645000,00000625,false,Rx,0,8,25,00,59,86,01,54,5C,06,
0,000002C4,false,Rx,0,8,09,20,00,00,72,02,00,00,
0,000002C5,false,Rx,0,8,00,00,00,00,00,00,00,00,
656000,000002C6,false,Rx,0,8,32,00,7C,01,00,00,00,00,
706000,0000060D,false,Rx,0,8,0D,10,83,B6,09,20,70,00,
0,00000054,false,Rx,0,8,01,05,00,01,72,02,00,00,
0,00000055,false,Rx,0,8,10,27,00,00,00,00,00,00,
0,00000056,false,Rx,0,8,10,27,00,00,00,00,00,00,
717000,00000057,false,Rx,0,8,00,00,FE,FF,FE,FF,00,00,
744000,00000625,false,Rx,0,8,25,00,59,86,01,54,5C,06,
807000,0000060D,false,Rx,0,8,0D,10,83,B6,09,20,70,00,
844000,00000625,false,Rx,0,8,25,00,59,86,01,54,5C,06,
875000,000002C4,false,Rx,0,8,09,20,00,00,72,02,00,00,
876000,000002C5,false,Rx,0,8,00,00,00,00,00,00,00,00,
876000,000002C6,false,Rx,0,8,32,00,7C,01,00,00,00,00,
906000,0000060D,false,Rx,0,8,0D,10,83,B6,09,20,70,00,
916000,00000054,false,Rx,0,8,01,05,00,01,72,02,00,00,
916000,00000055,false,Rx,0,8,10,27,00,00,00,00,00,00,
916000,00000056,false,Rx,0,8,10,27,00,00,00,00,00,00,
916000,00000057,false,Rx,0,8,00,00,FE,FF,FE,FF,00,00,
944000,00000625,false,Rx,0,8,25,00,59,86,01,54,5C,06,
6000,0000060D,false,Rx,0,8,0D,10,83,B6,09,20,70,00,
45000,00000625,false,Rx,0,8,25,00,59,86,01,54,5C,06,
0,000002C4,false,Rx,0,8,09,20,00,00,72,02,00,00,
0,000002C5,false,Rx,0,8,00,00,00,00,00,00,00,00,
96000,000002C6,false,Rx,0,8,32,00,7C,01,00,00,00,00,
107000,0000060D,false,Rx,0,8,0D,10,83,B6,09,20,70,00,
116000,00000054,false,Rx,0,8,01,05,00,01,72,02,00,00,
116000,00000055,false,Rx,0,8,10,27,00,00,00,00,00,00,
117000,00000056,false,Rx,0,8,10,27,00,00,00,00,00,00,
117000,00000057,false,Rx,0,8,00,00,FE,FF,FE,FF,00,00,
144000,00000625,false,Rx,0,8,25,00,59,86,01,54,5C,06,
207000,0000060D,false,Rx,0,8,0D,10,83,B6,09,20,70,00,
245000,00000625,false,Rx,0,8,25,00,59,86,01,54,5C,06,
307000,0000060D,false,Rx,0,8,0D,10,83,B6,09,20,70,00,
0,000002C4,false,Rx,0,8,09,20,00,00,72,02,00,00,
0,000002C5,false,Rx,0,8,00,00,00,00,00,00,00,00,
0,000002C6,false,Rx,0,8,32,00,7C,01,00,00,00,00,
0,00000054,false,Rx,0,8,01,05,00,01,72,02,00,00,
316000,00000055,false,Rx,0,8,10,27,00,00,00,00,00,00,
317000,00000056,false,Rx,0,8,10,27,00,00,00,00,00,00,
317000,00000057,false,Rx,0,8,00,00,FE,FF,FE,FF,00,00,
345000,00000625,false,Rx,0,8,25,00,59,86,01,54,5C,06,
406000,0000060D,false,Rx,0,8,0D,10,83,B6,09,20,70,00,
444000,00000625,false,Rx,0,8,25,00,59,86,01,54,5C,06,
506000,0000060D,false,Rx,0,8,0D,10,83,B6,09,20,70,00,
0,00000054,false,Rx,0,8,01,05,00,01,72,02,00,00,
0,00000055,false,Rx,0,8,10,27,00,00,00,00,00,00,
516000,00000056,false,Rx,0,8,10,27,00,00,00,00,00,00,
516000,00000057,false,Rx,0,8,00,00,FE,FF,FE,FF,00,00,
536000,000002C4,false,Rx,0,8,09,20,00,00,72,02,00,00,
536000,000002C5,false,Rx,0,8,00,00,00,00,00,00,00,00,
536000,000002C6,false,Rx,0,8,32,00,7C,01,00,00,00,00,
545000,00000625,false,Rx,0,8,25,00,59,86,01,54,5C,06,
607000,0000060D,false,Rx,0,8,0D,10,83,B6,09,20,70,00,
644000,00000625,false,Rx,0,8,25,00,59,86,01,54,5C,06,
706000,0000060D,false,Rx,0,8,0D,10,83,B6,09,20,70,00,
716000,00000054,false,Rx,0,8,01,05,00,01,72,02,00,00,
716000,00000055,false,Rx,0,8,10,27,00,00,00,00,00,00,
716000,00000056,false,Rx,0,8,10,27,00,00,00,00,00,00,
716000,00000057,false,Rx,0,8,00,00,FE,FF,FE,FF,00,00,
744000,00000625,false,Rx,0,8,25,00,59,86,01,54,5C,06,
755000,000002C4,false,Rx,0,8,09,20,00,00,72,02,00,00,
755000,000002C5,false,Rx,0,8,00,00,00,00,00,00,00,00,
755000,000002C6,false,Rx,0,8,32,00,7C,01,00,00,00,00,
806000,0000060D,false,Rx,0,8,0D,10,83,B6,09,20,70,00,
845000,00000625,false,Rx,0,8,25,00,59,86,01,54,5C,06,
907000,0000060D,false,Rx,0,8,0D,10,83,B6,09,20,70,00,
0,00000054,false,Rx,0,8,01,05,00,01,72,02,00,00,
0,00000055,false,Rx,0,8,10,27,00,00,00,00,00,00,
916000,00000056,false,Rx,0,8,10,27,00,00,00,00,00,00,
917000,00000057,false,Rx,0,8,00,00,FE,FF,FE,FF,00,00,
945000,00000625,false,Rx,0,8,25,00,59,86,01,54,5C,06,
976000,000002C4,false,Rx,0,8,09,20,00,00,72,02,00,00,
0,000002C5,false,Rx,0,8,00,00,00,00,00,00,00,00,
0,000002C6,false,Rx,0,8,32,00,7C,01,00,00,00,00,
6000,0000060D,false,Rx,0,8,0D,10,83,B6,09,20,70,00,
45000,00000625,false,Rx,0,8,25,00,59,86,01,54,5C,06,
106000,0000060D,false,Rx,0,8,0D,10,83,B6,09,20,70,00,
116000,00000054,false,Rx,0,8,01,05,00,01,72,02,00,00,
116000,00000055,false,Rx,0,8,10,27,00,00,00,00,00,00,
116000,00000056,false,Rx,0,8,10,27,00,00,00,00,00,00,
117000,00000057,false,Rx,0,8,00,00,FE,FF,FE,FF,00,00,
144000,00000625,false,Rx,0,8,25,00,59,86,01,54,5C,06,
196000,000002C4,false,Rx,0,8,09,20,00,00,72,02,00,00,
196000,000002C5,false,Rx,0,8,00,00,00,00,00,00,00,00,
196000,000002C6,false,Rx,0,8,32,00,7C,01,00,00,00,00,
206000,0000060D,false,Rx,0,8,0D,10,83,B6,09,20,70,00,
244000,00000625,false,Rx,0,8,25,00,59,86,01,54,5C,06,
307000,0000060D,false,Rx,0,8,0D,10,83,B6,09,20,70,00,
316000,00000054,false,Rx,0,8,01,05,00,01,72,02,00,00,
317000,00000055,false,Rx,0,8,10,27,00,00,00,00,00,00,
317000,00000056,false,Rx,0,8,10,27,00,00,00,00,00,00,
317000,00000057,false,Rx,0,8,00,00,FE,FF,FE,FF,00,00,
344000,00000625,false,Rx,0,8,25,00,59,86,01,54,5C,06,
406000,0000060D,false,Rx,0,8,0D,10,83,B6,09,20,70,00,
416000,000002C4,false,Rx,0,8,09,20,00,00,72,02,00,00,
416000,000002C5,false,Rx,0,8,00,00,00,00,00,00,00,00,
416000,000002C6,false,Rx,0,8,32,00,7C,01,00,00,00,00,
444000,00000625,false,Rx,0,8,25,00,59,86,01,54,5C,06,
506000,0000060D,false,Rx,0,8,0D,10,83,B6,09,20,70,00,
516000,00000054,false,Rx,0,8,01,05,00,01,72,02,00,00,
516000,00000055,false,Rx,0,8,10,27,00,00,00,00,00,00,
517000,00000056,false,Rx,0,8,10,27,00,00,00,00,00,00,
517000,00000057,false,Rx,0,8,00,00,FE,FF,FE,FF,00,00,
545000,00000625,false,Rx,0,8,25,00,59,86,01,54,5C,06,
606000,0000060D,false,Rx,0,8,0D,10,83,B6,09,20,70,00,
636000,000002C4,false,Rx,0,8,09,20,00,00,72,02,00,00,
636000,000002C5,false,Rx,0,8,00,00,00,00,00,00,00,00,
637000,000002C6,false,Rx,0,8,32,00,7C,01,00,00,00,00,
644000,00000625,false,Rx,0,8,25,00,59,86,01,54,5C,06,
706000,0000060D,false,Rx,0,8,0D,10,83,B6,09,20,70,00,
0,00000054,false,Rx,0,8,01,05,00,01,72,02,00,00,
0,00000055,false,Rx,0,8,10,27,00,00,00,00,00,00,
717000,00000056,false,Rx,0,8,10,27,00,00,00,00,00,00,
717000,00000057,false,Rx,0,8,00,00,FE,FF,FE,FF,00,00,
744000,00000625,false,Rx,0,8,25,00,59,86,01,54,5C,06,
806000,0000060D,false,Rx,0,8,0D,10,83,B6,09,20,70,00,
844000,00000625,false,Rx,0,8,25,00,59,86,01,54,5C,06,
0,000002C4,false,Rx,0,8,09,20,00,00,72,02,00,00,
0,000002C5,false,Rx,0,8,00,00,00,00,00,00,00,00,
856000,000002C6,false,Rx,0,8,32,00,7C,01,00,00,00,00,
906000,0000060D,false,Rx,0,8,0D,10,83,B6,09,20,70,00,
0,00000054,false,Rx,0,8,01,05,00,01,72,02,00,00,
0,00000055,false,Rx,0,8,10,27,00,00,00,00,00,00,
0,00000056,false,Rx,0,8,10,27,00,00,00,00,00,00,
0,00000057,false,Rx,0,8,00,00,FE,FF,FE,FF,00,00,
944000,00000625,false,Rx,0,8,25,00,59,86,01,54,5C,06,
7000,0000060D,false,Rx,0,8,0D,10,83,B6,09,20,70,00,
44000,00000625,false,Rx,0,8,25,00,59,86,01,54,5C,06,
76000,000002C4,false,Rx,0,8,09,20,00,00,72,02,00,00,
76000,000002C5,false,Rx,0,8,00,00,00,00,00,00,00,00,
76000,000002C6,false,Rx,0,8,32,00,7C,01,00,00,00,00,
106000,0000060D,false,Rx,0,8,0D,10,83,B6,09,20,70,00,
116000,00000054,false,Rx,0,8,01,05,00,01,72,02,00,00,
116000,00000055,false,Rx,0,8,10,27,00,00,00,00,00,00,
117000,00000056,false,Rx,0,8,10,27,00,00,00,00,00,00,
117000,00000057,false,Rx,0,8,00,00,FE,FF,FE,FF,00,00,
144000,00000625,false,Rx,0,8,25,00,59,86,01,54,5C,06,
206000,0000060D,false,Rx,0,8,0D,10,83,B6,09,20,70,00,
245000,00000625,false,Rx,0,8,25,00,59,86,01,54,5C,06,
0,000002C4,false,Rx,0,8,09,20,00,00,72,02,00,00,
0,000002C5,false,Rx,0,8,00,00,00,00,00,00,00,00,
296000,000002C6,false,Rx,0,8,32,00,7C,01,00,00,00,00,
307000,0000060D,false,Rx,0,8,0D,10,83,B6,09,20,70,00,
316000,00000054,false,Rx,0,8,01,05,00,01,72,02,00,00,
317000,00000055,false,Rx,0,8,10,27,00,00,00,00,00,00,
317000,00000056,false,Rx,0,8,10,27,00,00,00,00,00,00,
317000,00000057,false,Rx,0,8,00,00,FE,FF,FE,FF,00,00,
344000,00000625,false,Rx,0,8,25,00,59,86,01,54,5C,06,
407000,0000060D,false,Rx,0,8,0D,10,83,B6,09,20,70,00,
444000,00000625,false,Rx,0,8,25,00,59,86,01,54,5C,06,
506000,0000060D,false,Rx,0,8,0D,10,83,B6,09,20,70,00,
516000,000002C4,false,Rx,0,8,09,20,00,00,72,02,00,00,
516000,000002C5,false,Rx,0,8,00,00,00,00,00,00,00,00,
516000,000002C6,false,Rx,0,8,32,00,7C,01,00,00,00,00,
516000,00000054,false,Rx,0,8,01,05,00,01,72,02,00,00,
517000,00000055,false,Rx,0,8,10,27,00,00,00,00,00,00,
517000,00000056,false,Rx,0,8,10,27,00,00,00,00,00,00,
517000,00000057,false,Rx,0,8,00,00,FE,FF,FE,FF,00,00,
544000,00000625,false,Rx,0,8,25,00,59,86,01,54,5C,06,
606000,0000060D,false,Rx,0,8,0D,10,83,B6,09,20,70,00,
644000,00000625,false,Rx,0,8,25,00,59,86,01,54,5C,06,
706000,0000060D,false,Rx,0,8,0D,10,83,B6,09,20,70,00,
0,00000054,false,Rx,0,8,01,05,00,01,72,02,00,00,
0,00000055,false,Rx,0,8,10,27,00,00,00,00,00,00,
717000,00000056,false,Rx,0,8,10,27,00,00,00,00,00,00,
717000,00000057,false,Rx,0,8,00,00,FE,FF,FE,FF,00,00,
735000,000002C4,false,Rx,0,8,09,20,00,00,72,02,00,00,
735000,000002C5,false,Rx,0,8,00,00,00,00,00,00,00,00,
736000,000002C6,false,Rx,0,8,32,00,7C,01,00,00,00,00,
744000,00000625,false,Rx,0,8,25,00,59,86,01,54,5C,06,
807000,0000060D,false,Rx,0,8,0D,10,83,B6,09,20,70,00,
844000,00000625,false,Rx,0,8,25,00,59,86,01,54,5C,06,
906000,0000060D,false,Rx,0,8,0D,10,83,B6,09,20,70,00,
916000,00000054,false,Rx,0,8,01,05,00,01,72,02,00,00,
916000,00000055,false,Rx,0,8,10,27,00,00,00,00,00,00,
917000,00000056,false,Rx,0,8,10,27,00,00,00,00,00,00,
917000,00000057,false,Rx,0,8,00,00,FE,FF,FE,FF,00,00,
945000,00000625,false,Rx,0,8,25,00,59,86,01,54,5C,06,
956000,000002C4,false,Rx,0,8,09,20,00,00,72,02,00,00,
956000,000002C5,false,Rx,0,8,00,00,00,00,00,00,00,00,
956000,000002C6,false,Rx,0,8,32,00,7C,01,00,00,00,00,
6000,0000060D,false,Rx,0,8,0D,10,83,B6,09,20,70,00,
45000,00000625,false,Rx,0,8,25,00,59,86,01,54,5C,06,
107000,0000060D,false,Rx,0,8,0D,10,83,B6,09,20,70,00,
116000,00000054,false,Rx,0,8,01,05,00,01,72,02,00,00,
116000,00000055,false,Rx,0,8,10,27,00,00,00,00,00,00,
0,00000056,false,Rx,0,8,10,27,00,00,00,00,00,00,
0,00000057,false,Rx,0,8,00,00,FE,FF,FE,FF,00,00,
145000,00000625,false,Rx,0,8,25,00,59,86,01,54,5C,06,
176000,000002C4,false,Rx,0,8,09,20,00,00,72,02,00,00,
176000,000002C5,false,Rx,0,8,00,00,00,00,00,00,00,00,
176000,000002C6,false,Rx,0,8,32,00,7C,01,00,00,00,00,
207000,0000060D,false,Rx,0,8,0D,10,83,B6,09,20,70,00,
244000,00000625,false,Rx,0,8,25,00,59,86,01,54,5C,06,
307000,0000060D,false,Rx,0,8,0D,10,83,B6,09,20,70,00,
316000,00000054,false,Rx,0,8,01,05,00,01,72,02,00,00,
316000,00000055,false,Rx,0,8,10,27,00,00,00,00,00,00,
317000,00000056,false,Rx,0,8,10,27,00,00,00,00,00,00,
317000,00000057,false,Rx,0,8,00,00,FE,FF,FE,FF,00,00,
344000,00000625,false,Rx,0,8,25,00,59,86,01,54,5C,06,
0,000002C4,false,Rx,0,8,09,20,00,00,72,02,00,00,
0,000002C5,false,Rx,0,8,00,00,00,00,00,00,00,00,
396000,000002C6,false,Rx,0,8,32,00,7C,01,00,00,00,00,
407000,0000060D,false,Rx,0,8,0D,10,83,B6,09,20,70,00,
445000,00000625,false,Rx,0,8,25,00,59,86,01,54,5C,06,
507000,0000060D,false,Rx,0,8,0D,10,83,B6,09,20,70,00,
0,00000054,false,Rx,0,8,01,05,00,01,72,02,00,00,
0,00000055,false,Rx,0,8,10,27,00,00,00,00,00,00,
517000,00000056,false,Rx,0,8,10,27,00,00,00,00,00,00,
517000,00000057,false,Rx,0,8,00,00,FE,FF,FE,FF,00,00,
545000,00000625,false,Rx,0,8,25,00,59,86,01,54,5C,06,
607000,0000060D,false,Rx,0,8,0D,10,83,B6,09,20,70,00,
0,000002C4,false,Rx,0,8,09,20,00,00,72,02,00,00,
0,000002C5,false,Rx,0,8,00,00,00,00,00,00,00,00,
0,000002C6,false,Rx,0,8,32,00,7C,01,00,00,00,00,
645000,00000625,false,Rx,0,8,25,00,59,86,01,54,5C,06,
706000,0000060D,false,Rx,0,8,0D,10,83,B6,09,20,70,00,
0,00000054,false,Rx,0,8,01,05,00,01,72,02,00,00,
0,00000055,false,Rx,0,8,10,27,00,00,00,00,00,00,
0,00000056,false,Rx,0,8,10,27,00,00,00,00,00,00,
0,00000057,false,Rx,0,8,00,00,FE,FF,FE,FF,00,00,
745000,00000625,false,Rx,0,8,25,00,59,86,01,54,5C,06,
806000,0000060D,false,Rx,0,8,0D,10,83,B6,09,20,70,00,
835000,000002C4,false,Rx,0,8,09,20,00,00,72,02,00,00,
836000,000002C5,false,Rx,0,8,00,00,00,00,00,00,00,00,
837000,000002C6,false,Rx,0,8,32,00,7C,01,00,00,00,00,
845000,00000625,false,Rx,0,8,25,00,59,86,01,54,5C,06,
907000,0000060D,false,Rx,0,8,0D,10,83,B6,09,20,70,00,
916000,00000054,false,Rx,0,8,01,05,00,01,72,02,00,00,
916000,00000055,false,Rx,0,8,10,27,00,00,00,00,00,00,
916000,00000056,false,Rx,0,8,10,27,00,00,00,00,00,00,
917000,00000057,false,Rx,0,8,00,00,FE,FF,FE,FF,00,00,
944000,00000625,false,Rx,0,8,25,00,59,86,01,54,5C,06,
7000,0000060D,false,Rx,0,8,0D,10,83,B6,09,20,70,00,
45000,00000625,false,Rx,0,8,25,00,59,86,01,54,5C,06,
0,000002C4,false,Rx,0,8,09,20,00,00,72,02,00,00,
0,000002C5,false,Rx,0,8,00,00,00,00,00,00,00,00,
56000,000002C6,false,Rx,0,8,32,00,7C,01,00,00,00,00,
106000,0000060D,false,Rx,0,8,0D,10,83,B6,09,20,70,00,
116000,00000054,false,Rx,0,8,01,05,00,01,72,02,00,00,
117000,00000055,false,Rx,0,8,10,27,00,00,00,00,00,00,
117000,00000056,false,Rx,0,8,10,27,00,00,00,00,00,00,
117000,00000057,false,Rx,0,8,00,00,FE,FF,FE,FF,00,00,
145000,00000625,false,Rx,0,8,25,00,59,86,01,54,5C,06,
207000,0000060D,false,Rx,0,8,0D,10,83,B6,09,20,70,00,
244000,00000625,false,Rx,0,8,25,00,59,86,01,54,5C,06,
276000,000002C4,false,Rx,0,8,09,20,00,00,72,02,00,00,
276000,000002C5,false,Rx,0,8,00,00,00,00,00,00,00,00,
276000,000002C6,false,Rx,0,8,32,00,7C,01,00,00,00,00,
306000,0000060D,false,Rx,0,8,0D,10,83,B6,09,20,70,00,
316000,00000054,false,Rx,0,8,01,05,00,01,72,02,00,00,
316000,00000055,false,Rx,0,8,10,27,00,00,00,00,00,00,
316000,00000056,false,Rx,0,8,10,27,00,00,00,00,00,00,
317000,00000057,false,Rx,0,8,00,00,FE,FF,FE,FF,00,00,
345000,00000625,false,Rx,0,8,25,00,59,86,01,54,5C,06,
407000,0000060D,false,Rx,0,8,0D,10,83,B6,09,20,70,00,
444000,00000625,false,Rx,0,8,25,00,59,86,01,54,5C,06,
496000,000002C4,false,Rx,0,8,09,20,00,00,72,02,00,00,
496000,000002C5,false,Rx,0,8,00,00,00,00,00,00,00,00,
496000,000002C6,false,Rx,0,8,32,00,7C,01,00,00,00,00,
506000,0000060D,false,Rx,0,8,0D,10,83,B6,09,20,70,00,
516000,00000054,false,Rx,0,8,01,05,00,01,72,02,00,00,
516000,00000055,false,Rx,0,8,10,27,00,00,00,00,00,00,
516000,00000056,false,Rx,0,8,10,27,00,00,00,00,00,00,
517000,00000057,false,Rx,0,8,00,00,FE,FF,FE,FF,00,00,
544000,00000625,false,Rx,0,8,25,00,59,86,01,54,5C,06,
607000,0000060D,false,Rx,0,8,0D,10,83,B6,09,20,70,00,
645000,00000625,false,Rx,0,8,25,00,59,86,01,54,5C,06,
706000,0000060D,false,Rx,0,8,0D,10,83,B6,09,20,70,00,
715000,000002C4,false,Rx,0,8,09,20,00,00,72,02,00,00,
716000,000002C5,false,Rx,0,8,00,00,00,00,00,00,00,00,
0,000002C6,false,Rx,0,8,32,00,7C,01,00,00,00,00,
0,00000054,false,Rx,0,8,01,05,00,01,72,02,00,00,
716000,00000055,false,Rx,0,8,10,27,00,00,00,00,00,00,
717000,00000056,false,Rx,0,8,10,27,00,00,00,00,00,00,
717000,00000057,false,Rx,0,8,00,00,FE,FF,FE,FF,00,00,
744000,00000625,false,Rx,0,8,25,00,59,86,01,54,5C,06,
806000,0000060D,false,Rx,0,8,0D,10,83,B6,09,20,70,00,
844000,00000625,false,Rx,0,8,25,00,59,86,01,54,5C,06,
907000,0000060D,false,Rx,0,8,0D,10,83,B6,09,20,70,00,
0,00000054,false,Rx,0,8,01,05,00,01,72,02,00,00,
0,00000055,false,Rx,0,8,10,27,00,00,00,00,00,00,
917000,00000056,false,Rx,0,8,10,27,00,00,00,00,00,00,
917000,00000057,false,Rx,0,8,00,00,FE,FF,FE,FF,00,00,
0,000002C4,false,Rx,0,8,09,20,00,00,72,02,00,00,
0,000002C5,false,Rx,0,8,00,00,00,00,00,00,00,00,
0,000002C6,false,Rx,0,8,32,00,7C,01,00,00,00,00,
944000,00000625,false,Rx,0,8,25,00,59,86,01,54,5C,06,
6000,0000060D,false,Rx,0,8,0D,10,83,B6,09,20,70,00,
45000,00000625,false,Rx,0,8,25,00,59,86,01,54,5C,06,
107000,0000060D,false,Rx,0,8,0D,10,83,B6,09,20,70,00,
116000,00000054,false,Rx,0,8,01,05,00,01,72,02,00,00,
0,00000055,false,Rx,0,8,10,27,00,00,00,00,00,00,
0,00000056,false,Rx,0,8,10,27,00,00,00,00,00,00,
116000,00000057,false,Rx,0,8,00,00,FE,FF,FE,FF,00,00,
144000,00000625,false,Rx,0,8,25,00,59,86,01,54,5C,06,
0,000002C4,false,Rx,0,8,09,20,00,00,72,02,00,00,
0,000002C5,false,Rx,0,8,00,00,00,00,00,00,00,00,
0,000002C6,false,Rx,0,8,32,00,7C,01,00,00,00,00,
206000,0000060D,false,Rx,0,8,0D,10,83,B6,09,20,70,00,
244000,00000625,false,Rx,0,8,25,00,59,86,01,54,5C,06,
306000,0000060D,false,Rx,0,8,0D,10,83,B6,09,20,70,00,
315000,00000054,false,Rx,0,8,01,05,00,01,72,02,00,00,
0,00000055,false,Rx,0,8,10,27,00,00,00,00,00,00,
0,00000056,false,Rx,0,8,10,27,00,00,00,00,00,00,
317000,00000057,false,Rx,0,8,00,00,FE,FF,FE,FF,00,00,
345000,00000625,false,Rx,0,8,25,00,59,86,01,54,5C,06,
375000,000002C4,false,Rx,0,8,09,20,00,00,72,02,00,00,
376000,000002C5,false,Rx,0,8,00,00,00,00,00,00,00,00,
376000,000002C6,false,Rx,0,8,32,00,7C,01,00,00,00,00,
406000,0000060D,false,Rx,0,8,0D,10,83,B6,09,20,70,00,
445000,00000625,false,Rx,0,8,25,00,59,86,01,54,5C,06,
506000,0000060D,false,Rx,0,8,0D,10,83,B6,09,20,70,00,
516000,00000054,false,Rx,0,8,01,05,00,01,72,02,00,00,
516000,00000055,false,Rx,0,8,10,27,00,00,00,00,00,00,
516000,00000056,false,Rx,0,8,10,27,00,00,00,00,00,00,
517000,00000057,false,Rx,0,8,00,00,FE,FF,FE,FF,00,00,
544000,00000625,false,Rx,0,8,25,00,59,86,01,54,5C,06,
596000,000002C4,false,Rx,0,8,09,20,00,00,72,02,00,00,
596000,000002C5,false,Rx,0,8,00,00,00,00,00,00,00,00,
596000,000002C6,false,Rx,0,8,32,00,7C,01,00,00,00,00,
607000,0000060D,false,Rx,0,8,0D,10,83,B6,09,20,70,00,
645000,00000625,false,Rx,0,8,25,00,59,86,01,54,5C,06,
707000,0000060D,false,Rx,0,8,0D,10,83,B6,09,20,70,00,
716000,00000054,false,Rx,0,8,01,05,00,01,72,02,00,00,
716000,00000055,false,Rx,0,8,10,27,00,00,00,00,00,00,
0,00000056,false,Rx,0,8,10,27,00,00,00,00,00,00,
0,00000057,false,Rx,0,8,00,00,FE,FF,FE,FF,00,00,
744000,00000625,false,Rx,0,8,25,00,59,86,01,54,5C,06,
806000,0000060D,false,Rx,0,8,0D,10,83,B6,09,20,70,00,
815000,000002C4,false,Rx,0,8,09,20,00,00,72,02,00,00,
815000,000002C5,false,Rx,0,8,00,00,00,00,00,00,00,00,
815000,000002C6,false,Rx,0,8,32,00,7C,01,00,00,00,00,
844000,00000625,false,Rx,0,8,25,00,59,86,01,54,5C,06,
907000,0000060D,false,Rx,0,8,0D,10,83,B6,09,20,70,00,
0,00000054,false,Rx,0,8,01,05,00,01,72,02,00,00,
0,00000055,false,Rx,0,8,10,27,00,00,00,00,00,00,
917000,00000056,false,Rx,0,8,10,27,00,00,00,00,00,00,
917000,00000057,false,Rx,0,8,00,00,FE,FF,FE,FF,00,00,
945000,00000625,false,Rx,0,8,25,00,59,86,01,54,5C,06,
7000,0000060D,false,Rx,0,8,0D,10,83,B6,09,20,70,00,
0,000002C4,false,Rx,0,8,09,20,00,00,72,02,00,00,
0,000002C5,false,Rx,0,8,00,00,00,00,00,00,00,00,
36000,000002C6,false,Rx,0,8,32,00,7C,01,00,00,00,00,
44000,00000625,false,Rx,0,8,25,00,59,86,01,54,5C,06,
107000,0000060D,false,Rx,0,8,0D,10,83,B6,09,20,70,00,
116000,00000054,false,Rx,0,8,01,05,00,01,72,02,00,00,
116000,00000055,false,Rx,0,8,10,27,00,00,00,00,00,00,
116000,00000056,false,Rx,0,8,10,27,00,00,00,00,00,00,
117000,00000057,false,Rx,0,8,00,00,FE,FF,FE,FF,00,00,
145000,00000625,false,Rx,0,8,25,00,59,86,01,54,5C,06,
206000,0000060D,false,Rx,0,8,0D,10,83,B6,09,20,70,00,
244000,00000625,false,Rx,0,8,25,00,59,86,01,54,5C,06,
256000,000002C4,false,Rx,0,8,09,20,00,00,72,02,00,00,
256000,000002C5,false,Rx,0,8,00,00,00,00,00,00,00,00,
256000,000002C6,false,Rx,0,8,32,00,7C,01,00,00,00,00,
307000,0000060D,false,Rx,0,8,0D,10,83,B6,09,20,70,00,
316000,00000054,false,Rx,0,8,01,05,00,01,72,02,00,00,
316000,00000055,false,Rx,0,8,10,27,00,00,00,00,00,00,
317000,00000056,false,Rx,0,8,10,27,00,00,00,00,00,00,
317000,00000057,false,Rx,0,8,00,00,FE,FF,FE,FF,00,00,
345000,00000625,false,Rx,0,8,25,00,59,86,01,54,5C,06,
407000,0000060D,false,Rx,0,8,0D,10,83,B6,09,20,70,00,
444000,00000625,false,Rx,0,8,25,00,59,86,01,54,5C,06,
476000,000002C4,false,Rx,0,8,09,20,00,00,72,02,00,00,
476000,000002C5,false,Rx,0,8,00,00,00,00,00,00,00,00,
476000,000002C6,false,Rx,0,8,32,00,7C,01,00,00,00,00,
506000,0000060D,false,Rx,0,8,0D,10,83,B6,09,20,70,00,
516000,00000054,false,Rx,0,8,01,05,00,01,72,02,00,00,
516000,00000055,false,Rx,0,8,10,27,00,00,00,00,00,00,
516000,00000056,false,Rx,0,8,10,27,00,00,00,00,00,00,
516000,00000057,false,Rx,0,8,00,00,FE,FF,FE,FF,00,00,
544000,00000625,false,Rx,0,8,25,00,59,86,01,54,5C,06,
607000,0000060D,false,Rx,0,8,0D,10,83,B6,09,20,70,00,
644000,00000625,false,Rx,0,8,25,00,59,86,01,54,5C,06,
0,000002C4,false,Rx,0,8,09,20,00,00,72,02,00,00,
0,000002C5,false,Rx,0,8,00,00,00,00,00,00,00,00,
696000,000002C6,false,Rx,0,8,32,00,7C,01,00,00,00,00,
707000,0000060D,false,Rx,0,8,0D,10,83,B6,09,20,70,00,
0,00000054,false,Rx,0,8,01,05,00,01,72,02,00,00,
0,00000055,false,Rx,0,8,10,27,00,00,00,00,00,00,
717000,00000056,false,Rx,0,8,10,27,00,00,00,00,00,00,
717000,00000057,false,Rx,0,8,00,00,FE,FF,FE,FF,00,00,
745000,00000625,false,Rx,0,8,25,00,59,86,01,54,5C,06,
806000,0000060D,false,Rx,0,8,0D,10,83,B6,09,20,70,00,
845000,00000625,false,Rx,0,8,25,00,59,86,01,54,5C,06,
907000,0000060D,false,Rx,0,8,0D,10,83,B6,09,20,70,00,
916000,000002C4,false,Rx,0,8,09,20,00,00,72,02,00,00,
916000,000002C5,false,Rx,0,8,00,00,00,00,00,00,00,00,
0,000002C6,false,Rx,0,8,32,00,7C,01,00,00,00,00,
0,00000054,false,Rx,0,8,01,05,00,01,72,02,00,00,
0,00000055,false,Rx,0,8,10,27,00,00,00,00,00,00,
0,00000056,false,Rx,0,8,10,27,00,00,00,00,00,00,
917000,00000057,false,Rx,0,8,00,00,FE,FF,FE,FF,00,00,
945000,00000625,false,Rx,0,8,25,00,59,86,01,54,5C,06,
6000,0000060D,false,Rx,0,8,0D,10,83,B6,09,20,70,00,
44000,00000625,false,Rx,0,8,25,00,59,86,01,54,5C,06,
106000,0000060D,false,Rx,0,8,0D,10,83,B6,09,20,70,00,
116000,00000054,false,Rx,0,8,01,05,00,01,72,02,00,00,
116000,00000055,false,Rx,0,8,10,27,00,00,00,00,00,00,
116000,00000056,false,Rx,0,8,10,27,00,00,00,00,00,00,
117000,00000057,false,Rx,0,8,00,00,FE,FF,FE,FF,00,00,
136000,000002C4,false,Rx,0,8,09,20,00,00,72,02,00,00,
136000,000002C5,false,Rx,0,8,00,00,00,00,00,00,00,00,
136000,000002C6,false,Rx,0,8,32,00,7C,01,00,00,00,00,
144000,00000625,false,Rx,0,8,25,00,59,86,01,54,5C,06,
206000,0000060D,false,Rx,0,8,0D,10,83,B6,09,20,70,00,
244000,00000625,false,Rx,0,8,25,00,59,86,01,54,5C,06,
307000,0000060D,false,Rx,0,8,0D,10,83,B6,09,20,70,00,
316000,00000054,false,Rx,0,8,01,05,00,01,72,02,00,00,
316000,00000055,false,Rx,0,8,10,27,00,00,00,00,00,00,
316000,00000056,false,Rx,0,8,10,27,00,00,00,00,00,00,
316000,00000057,false,Rx,0,8,00,00,FE,FF,FE,FF,00,00,
344000,00000625,false,Rx,0,8,25,00,59,86,01,54,5C,06,
355000,000002C4,false,Rx,0,8,09,20,00,00,72,02,00,00,
355000,000002C5,false,Rx,0,8,00,00,00,00,00,00,00,00,
356000,000002C6,false,Rx,0,8,32,00,7C,01,00,00,00,00,
406000,0000060D,false,Rx,0,8,0D,10,83,B6,09,20,70,00,
445000,00000625,false,Rx,0,8,25,00,59,86,01,54,5C,06,
506000,0000060D,false,Rx,0,8,0D,10,83,B6,09,20,70,00,
516000,00000054,false,Rx,0,8,01,05,00,01,72,02,00,00,
516000,00000055,false,Rx,0,8,10,27,00,00,00,00,00,00,
516000,00000056,false,Rx,0,8,10,27,00,00,00,00,00,00,
517000,00000057,false,Rx,0,8,00,00,FE,FF,FE,FF,00,00,
545000,00000625,false,Rx,0,8,25,00,59,86,01,54,5C,06,
576000,000002C4,false,Rx,0,8,09,20,00,00,72,02,00,00,
576000,000002C5,false,Rx,0,8,00,00,00,00,00,00,00,00,
576000,000002C6,false,Rx,0,8,32,00,7C,01,00,00,00,00,
607000,0000060D,false,Rx,0,8,0D,10,83,B6,09,20,70,00,
644000,00000625,false,Rx,0,8,25,00,59,86,01,54,5C,06,
706000,0000060D,false,Rx,0,8,0D,10,83,B6,09,20,70,00,
716000,00000054,false,Rx,0,8,01,05,00,01,72,02,00,00,
716000,00000055,false,Rx,0,8,10,27,00,00,00,00,00,00,
716000,00000056,false,Rx,0,8,10,27,00,00,00,00,00,00,
716000,00000057,false,Rx,0,8,00,00,FE,FF,FE,FF,00,00,
745000,00000625,false,Rx,0,8,25,00,59,86,01,54,5C,06,
796000,000002C4,false,Rx,0,8,09,20,00,00,72,02,00,00,
796000,000002C5,false,Rx,0,8,00,00,00,00,00,00,00,00,
797000,000002C6,false,Rx,0,8,32,00,7C,01,00,00,00,00,
806000,0000060D,false,Rx,0,8,0D,10,83,B6,09,20,70,00,
844000,00000625,false,Rx,0,8,25,00,59,86,01,54,5C,06,
907000,0000060D,false,Rx,0,8,0D,10,83,B6,09,20,70,00,
917000,00000054,false,Rx,0,8,01,05,00,01,72,02,00,00,
917000,00000055,false,Rx,0,8,10,27,00,00,00,00,00,00,
917000,00000056,false,Rx,0,8,10,27,00,00,00,00,00,00,
917000,00000057,false,Rx,0,8,00,00,FE,FF,FE,FF,00,00,
945000,00000625,false,Rx,0,8,25,00,59,86,01,54,5C,06,
6000,0000060D,false,Rx,0,8,0D,10,83,B6,09,20,70,00,
16000,000002C4,false,Rx,0,8,09,20,00,00,72,02,00,00,
16000,000002C5,false,Rx,0,8,00,00,00,00,00,00,00,00,
16000,000002C6,false,Rx,0,8,32,00,7C,01,00,00,00,00,
44000,00000625,false,Rx,0,8,25,00,59,86,01,54,5C,06,
106000,0000060D,false,Rx,0,8,0D,10,83,B6,09,20,70,00,
0,00000054,false,Rx,0,8,01,05,00,01,72,02,00,00,
0,00000055,false,Rx,0,8,10,27,00,00,00,00,00,00,
117000,00000056,false,Rx,0,8,10,27,00,00,00,00,00,00,
117000,00000057,false,Rx,0,8,00,00,FE,FF,FE,FF,00,00,
144000,00000625,false,Rx,0,8,25,00,59,86,01,54,5C,06,
206000,0000060D,false,Rx,0,8,0D,10,83,B6,09,20,70,00,
236000,000002C4,false,Rx,0,8,09,20,00,00,72,02,00,00,
236000,000002C5,false,Rx,0,8,00,00,00,00,00,00,00,00,
236000,000002C6,false,Rx,0,8,32,00,7C,01,00,00,00,00,
245000,00000625,false,Rx,0,8,25,00,59,86,01,54,5C,06,
307000,0000060D,false,Rx,0,8,0D,10,83,B6,09,20,70,00,
316000,00000054,false,Rx,0,8,01,05,00,01,72,02,00,00,
316000,00000055,false,Rx,0,8,10,27,00,00,00,00,00,00,
316000,00000056,false,Rx,0,8,10,27,00,00,00,00,00,00,
316000,00000057,false,Rx,0,8,00,00,FE,FF,FE,FF,00,00,
344000,00000625,false,Rx,0,8,25,00,59,86,01,54,5C,06,
