Time Stamp,ID,Extended,Dir,Bus,LEN,D1,D2,D3,D4,D5,D6,D7,D8
508000,0000060D,false,Rx,0,8,0D,10,82,B6,09,20,70,00,
518000,00000054,false,Rx,0,8,00,00,FE,FF,FE,FF,00,00,
518000,00000055,false,Rx,0,8,10,27,00,00,00,00,00,00,
518000,00000056,false,Rx,0,8,10,27,00,00,00,00,00,00,
519000,00000057,false,Rx,0,8,00,00,FE,FF,FE,FF,00,00,
537000,00000625,false,Rx,0,8,25,00,58,86,01,54,5C,06,
0,000002C4,false,Rx,0,8,02,00,00,00,60,02,00,00,
0,000002C5,false,Rx,0,8,00,00,00,00,00,00,00,00,
548000,000002C6,false,Rx,0,8,32,00,7C,01,00,00,00,00,
588000,00000065,false,Rx,0,8,7D,02,01,00,00,00,00,00,
608000,0000060D,false,Rx,0,8,0D,10,82,B6,09,20,70,00,
636000,00000625,false,Rx,0,8,25,00,58,86,01,54,5C,06,
708000,0000060D,false,Rx,0,8,0D,10,82,B6,09,20,70,00,
0,00000054,false,Rx,0,8,00,00,FE,FF,7D,02,00,00,
0,00000055,false,Rx,0,8,10,27,00,00,00,00,00,00,
719000,00000056,false,Rx,0,8,10,27,00,00,00,00,00,00,
719000,00000057,false,Rx,0,8,00,00,FE,FF,FE,FF,00,00,
736000,00000625,false,Rx,0,8,25,00,59,86,01,54,5C,06,
738000,00000065,false,Rx,0,8,7D,02,01,00,00,00,00,00,
767000,000002C4,false,Rx,0,8,02,00,00,00,61,02,00,00,
767000,000002C5,false,Rx,0,8,00,00,00,00,00,00,00,00,
767000,000002C6,false,Rx,0,8,32,00,7C,01,00,00,00,00,
809000,0000060D,false,Rx,0,8,0D,10,82,B6,09,20,70,00,
837000,00000625,false,Rx,0,8,25,00,59,86,01,54,5C,06,
888000,00000065,false,Rx,0,8,7D,02,01,00,00,00,00,00,
908000,0000060D,false,Rx,0,8,0D,10,82,B6,09,20,70,00,
917000,00000054,false,Rx,0,8,00,00,FE,FF,7D,02,00,00,
918000,00000055,false,Rx,0,8,10,27,00,00,00,00,00,00,
918000,00000056,false,Rx,0,8,10,27,00,00,00,00,00,00,
918000,00000057,false,Rx,0,8,00,00,FE,FF,FE,FF,00,00,
937000,00000625,false,Rx,0,8,25,00,59,86,01,54,5C,06,
0,000002C4,false,Rx,0,8,02,00,00,00,61,02,00,00,
0,000002C5,false,Rx,0,8,00,00,00,00,00,00,00,00,
0,000002C6,false,Rx,0,8,32,00,7C,01,00,00,00,00,
8000,0000060D,false,Rx,0,8,0D,10,82,B6,09,20,70,00,
36000,00000625,false,Rx,0,8,25,00,59,86,01,54,5C,06,
38000,00000065,false,Rx,0,8,7D,02,01,00,00,00,00,00,
108000,0000060D,false,Rx,0,8,0D,10,82,B6,09,20,70,00,
118000,00000054,false,Rx,0,8,00,00,FE,FF,7D,02,00,00,
118000,00000055,false,Rx,0,8,10,27,00,00,00,00,00,00,
119000,00000056,false,Rx,0,8,10,27,00,00,00,00,00,00,
119000,00000057,false,Rx,0,8,00,00,FE,FF,FE,FF,00,00,
137000,00000625,false,Rx,0,8,25,00,59,86,01,54,5C,06,
0,000002C4,false,Rx,0,8,02,00,00,00,61,02,00,00,
0,000002C5,false,Rx,0,8,00,00,00,00,00,00,00,00,
0,000002C6,false,Rx,0,8,32,00,7C,01,00,00,00,00,
210000,0000060D,false,Rx,0,8,0D,10,82,B6,09,20,70,00,
237000,00000625,false,Rx,0,8,25,00,59,86,01,54,5C,06,
307000,0000060D,false,Rx,0,8,0D,10,82,B6,09,20,70,00,
318000,00000054,false,Rx,0,8,00,00,FE,FF,7D,02,00,00,
318000,00000055,false,Rx,0,8,10,27,00,00,00,00,00,00,
318000,00000056,false,Rx,0,8,10,27,00,00,00,00,00,00,
318000,00000057,false,Rx,0,8,00,00,FE,FF,FE,FF,00,00,
336000,00000625,false,Rx,0,8,25,00,59,86,01,54,5C,06,
408000,0000060D,false,Rx,0,8,0D,10,82,B6,09,20,70,00,
428000,000002C4,false,Rx,0,8,03,00,00,00,61,02,00,00,
428000,000002C5,false,Rx,0,8,00,00,00,00,00,00,00,00,
428000,000002C6,false,Rx,0,8,32,00,7C,01,00,00,00,00,
436000,00000625,false,Rx,0,8,25,00,59,86,01,54,5C,06,
508000,0000060D,false,Rx,0,8,0D,10,82,B6,09,20,70,00,
518000,00000054,false,Rx,0,8,00,00,FE,FF,7D,02,00,00,
518000,00000055,false,Rx,0,8,10,27,00,00,00,00,00,00,
0,00000056,false,Rx,0,8,10,27,00,00,00,00,00,00,
0,00000057,false,Rx,0,8,00,00,FE,FF,FE,FF,00,00,
536000,00000625,false,Rx,0,8,25,00,59,86,01,54,5C,06,
608000,0000060D,false,Rx,0,8,0D,10,82,B6,09,20,70,00,
636000,00000625,false,Rx,0,8,25,00,59,86,01,54,5C,06,
647000,000002C4,false,Rx,0,8,03,00,00,00,62,02,00,00,
647000,000002C5,false,Rx,0,8,00,00,00,00,00,00,00,00,
647000,000002C6,false,Rx,0,8,32,00,7C,01,00,00,00,00,
708000,0000060D,false,Rx,0,8,0D,10,82,B6,09,20,70,00,
718000,00000054,false,Rx,0,8,00,00,FE,FF,7D,02,00,00,
718000,00000055,false,Rx,0,8,10,27,00,00,00,00,00,00,
718000,00000056,false,Rx,0,8,10,27,00,00,00,00,00,00,
718000,00000057,false,Rx,0,8,00,00,FE,FF,FE,FF,00,00,
736000,00000625,false,Rx,0,8,25,00,59,86,01,54,5C,06,
808000,0000060D,false,Rx,0,8,0D,10,82,B6,09,20,70,00,
836000,00000625,false,Rx,0,8,25,00,59,86,01,54,5C,06,
0,000002C4,false,Rx,0,8,03,00,00,00,62,02,00,00,
0,000002C5,false,Rx,0,8,00,00,00,00,00,00,00,00,
868000,000002C6,false,Rx,0,8,32,00,7C,01,00,00,00,00,
908000,0000060D,false,Rx,0,8,0D,10,82,B6,09,20,70,00,
0,00000054,false,Rx,0,8,00,00,FE,FF,7D,02,00,00,
0,00000055,false,Rx,0,8,10,27,00,00,00,00,00,00,
0,00000056,false,Rx,0,8,10,27,00,00,00,00,00,00,
918000,00000057,false,Rx,0,8,00,00,FE,FF,FE,FF,00,00,
937000,00000625,false,Rx,0,8,25,00,59,86,01,54,5C,06,
8000,0000060D,false,Rx,0,8,0D,10,82,B6,09,20,70,00,
36000,00000625,false,Rx,0,8,25,00,59,86,01,54,5C,06,
0,000002C4,false,Rx,0,8,03,00,00,00,62,02,00,00,
0,000002C5,false,Rx,0,8,00,00,00,00,00,00,00,00,
88000,000002C6,false,Rx,0,8,32,00,7C,01,00,00,00,00,
108000,0000060D,false,Rx,0,8,0D,10,82,B6,09,20,70,00,
118000,00000054,false,Rx,0,8,00,00,FE,FF,7D,02,00,00,
118000,00000055,false,Rx,0,8,10,27,00,00,00,00,00,00,
118000,00000056,false,Rx,0,8,10,27,00,00,00,00,00,00,
119000,00000057,false,Rx,0,8,00,00,FE,FF,FE,FF,00,00,
136000,00000625,false,Rx,0,8,25,00,59,86,01,54,5C,06,
208000,0000060D,false,Rx,0,8,0D,10,82,B6,09,20,70,00,
236000,00000625,false,Rx,0,8,25,00,59,86,01,54,5C,06,
307000,000002C4,false,Rx,0,8,03,00,00,00,62,02,00,00,
307000,000002C5,false,Rx,0,8,00,00,00,00,00,00,00,00,
308000,000002C6,false,Rx,0,8,32,00,7C,01,00,00,00,00,
308000,0000060D,false,Rx,0,8,0D,10,82,B6,09,20,70,00,
318000,00000054,false,Rx,0,8,00,00,FE,FF,7D,02,00,00,
0,00000055,false,Rx,0,8,10,27,00,00,00,00,00,00,
0,00000056,false,Rx,0,8,10,27,00,00,00,00,00,00,
319000,00000057,false,Rx,0,8,00,00,FE,FF,FE,FF,00,00,
336000,00000625,false,Rx,0,8,25,00,59,86,01,54,5C,06,
408000,0000060D,false,Rx,0,8,0D,10,82,B6,09,20,70,00,
437000,00000625,false,Rx,0,8,25,00,59,86,01,54,5C,06,
468000,0000005C,false,Rx,0,8,1E,00,1E,00,00,00,00,00,
0,00000062,false,Rx,0,8,12,00,00,00,00,00,00,F1,
0,00000063,false,Rx,0,8,32,01,01,00,00,00,00,00,
469000,00000064,false,Rx,0,8,3C,00,05,00,C8,00,FF,03,
470000,00000066,false,Rx,0,8,00,00,00,00,00,00,00,00,
470000,0000006D,false,Rx,0,8,12,00,00,00,00,00,00,F0,
470000,0000010A,false,Rx,0,6,10,00,01,20,10,01,00,00,
0,0000005D,false,Rx,0,8,00,00,00,00,00,00,FE,FF,
0,0000005E,false,Rx,0,8,00,00,00,00,00,00,00,00,
480000,0000005F,false,Rx,0,8,1E,00,1E,00,00,00,00,00,
480000,00000060,false,Rx,0,8,00,00,00,00,00,00,FE,FF,
480000,00000061,false,Rx,0,8,00,00,00,00,00,00,00,00,
0,00000067,false,Rx,0,8,BE,3E,27,00,01,1E,00,00,
0,00000068,false,Rx,0,8,BE,3E,27,00,01,1E,00,00,
481000,00000069,false,Rx,0,8,BE,3E,27,00,01,1E,00,00,
481000,0000006A,false,Rx,0,8,BE,3E,27,00,01,1E,00,00,
482000,0000006B,false,Rx,0,8,BE,3E,27,00,01,1E,00,00,
482000,0000006C,false,Rx,0,8,BE,3E,27,00,01,1E,00,00,
508000,0000060D,false,Rx,0,8,0D,10,82,B6,09,20,70,00,
518000,00000054,false,Rx,0,8,00,00,FE,FF,7D,02,00,00,
518000,00000055,false,Rx,0,8,10,27,00,00,00,00,00,00,
0,00000056,false,Rx,0,8,10,27,00,00,00,00,00,00,
0,00000057,false,Rx,0,8,00,00,FE,FF,FE,FF,00,00,
527000,000002C4,false,Rx,0,8,03,00,00,00,62,02,00,00,
527000,000002C5,false,Rx,0,8,00,00,00,00,00,00,00,00,
528000,000002C6,false,Rx,0,8,32,00,7C,01,00,00,00,00,
536000,00000625,false,Rx,0,8,25,00,59,86,01,54,5C,06,
608000,0000060D,false,Rx,0,8,0D,10,82,B6,09,20,70,00,
618000,0000005C,false,Rx,0,8,1E,00,1E,00,00,00,00,00,
618000,00000062,false,Rx,0,8,12,00,00,00,00,00,00,F1,
618000,00000063,false,Rx,0,8,32,01,01,00,00,00,00,00,
618000,00000064,false,Rx,0,8,3C,00,05,00,C8,00,FF,03,
619000,00000066,false,Rx,0,8,00,00,00,00,00,00,00,00,
619000,0000006D,false,Rx,0,8,12,00,00,00,00,00,00,F0,
619000,0000010A,false,Rx,0,6,10,00,01,20,10,01,00,00,
0,0000005D,false,Rx,0,8,00,00,00,00,00,00,FE,FF,
0,0000005E,false,Rx,0,8,00,00,00,00,00,00,00,00,
628000,0000005F,false,Rx,0,8,1E,00,1E,00,00,00,00,00,
628000,00000060,false,Rx,0,8,00,00,00,00,00,00,FE,FF,
628000,00000061,false,Rx,0,8,00,00,00,00,00,00,00,00,
629000,00000067,false,Rx,0,8,BE,3E,27,00,01,1E,00,00,
629000,00000068,false,Rx,0,8,BE,3E,27,00,01,1E,00,00,
629000,00000069,false,Rx,0,8,BE,3E,27,00,01,1E,00,00,
629000,0000006A,false,Rx,0,8,BE,3E,27,00,01,1E,00,00,
630000,0000006B,false,Rx,0,8,BE,3E,27,00,01,1E,00,00,
630000,0000006C,false,Rx,0,8,BE,3E,27,00,01,1E,00,00,
636000,00000625,false,Rx,0,8,25,00,59,86,01,54,5C,06,
708000,0000060D,false,Rx,0,8,0D,10,82,B6,09,20,70,00,
717000,00000054,false,Rx,0,8,00,00,FE,FF,7D,02,00,00,
717000,00000055,false,Rx,0,8,10,27,00,00,00,00,00,00,
719000,00000056,false,Rx,0,8,10,27,00,00,00,00,00,00,
719000,00000057,false,Rx,0,8,00,00,FE,FF,FE,FF,00,00,
736000,00000625,false,Rx,0,8,25,00,59,86,01,54,5C,06,
747000,000002C4,false,Rx,0,8,03,00,00,00,62,02,00,00,
747000,000002C5,false,Rx,0,8,00,00,00,00,00,00,00,00,
748000,000002C6,false,Rx,0,8,32,00,7C,01,00,00,00,00,
767000,0000005C,false,Rx,0,8,1E,00,1E,00,00,00,00,00,
768000,00000062,false,Rx,0,8,12,00,00,00,00,00,00,F1,
768000,00000063,false,Rx,0,8,32,01,01,00,00,00,00,00,
768000,00000064,false,Rx,0,8,3C,00,05,00,C8,00,FF,03,
768000,00000066,false,Rx,0,8,00,00,00,00,00,00,00,00,
769000,0000006D,false,Rx,0,8,12,00,00,00,00,00,00,F0,
769000,0000010A,false,Rx,0,6,10,00,01,20,10,01,00,00,
778000,0000005D,false,Rx,0,8,00,00,00,00,00,00,FE,FF,
778000,0000005E,false,Rx,0,8,00,00,00,00,00,00,00,00,
778000,0000005F,false,Rx,0,8,1E,00,1E,00,00,00,00,00,
778000,00000060,false,Rx,0,8,00,00,00,00,00,00,FE,FF,
779000,00000061,false,Rx,0,8,00,00,00,00,00,00,00,00,
779000,00000067,false,Rx,0,8,BE,3E,27,00,01,1E,00,00,
779000,00000068,false,Rx,0,8,BE,3E,27,00,01,1E,00,00,
780000,00000069,false,Rx,0,8,BE,3E,27,00,01,1E,00,00,
780000,0000006A,false,Rx,0,8,BE,3E,27,00,01,1E,00,00,
780000,0000006B,false,Rx,0,8,BE,3E,27,00,01,1E,00,00,
781000,0000006C,false,Rx,0,8,BE,3E,27,00,01,1E,00,00,
808000,0000060D,false,Rx,0,8,0D,10,82,B6,09,20,70,00,
836000,00000625,false,Rx,0,8,25,00,59,86,01,54,5C,06,
908000,0000060D,false,Rx,0,8,0D,10,82,B6,09,20,70,00,
917000,00000054,false,Rx,0,8,00,00,FE,FF,7D,02,00,00,
0,00000055,false,Rx,0,8,10,27,00,00,00,00,00,00,
0,00000056,false,Rx,0,8,10,27,00,00,00,00,00,00,
918000,00000057,false,Rx,0,8,00,00,FE,FF,FE,FF,00,00,
918000,0000005C,false,Rx,0,8,1E,00,1E,00,00,00,00,00,
918000,00000062,false,Rx,0,8,12,00,00,00,00,00,00,F1,
919000,00000063,false,Rx,0,8,32,01,01,00,00,00,00,00,
919000,00000064,false,Rx,0,8,3C,00,05,00,C8,00,FF,03,
919000,00000066,false,Rx,0,8,00,00,00,00,00,00,00,00,
920000,0000006D,false,Rx,0,8,12,00,00,00,00,00,00,F0,
920000,0000010A,false,Rx,0,6,10,00,01,20,10,01,00,00,
928000,0000005D,false,Rx,0,8,00,00,00,00,00,00,FE,FF,
928000,0000005E,false,Rx,0,8,00,00,00,00,00,00,00,00,
928000,0000005F,false,Rx,0,8,1E,00,1E,00,00,00,00,00,
929000,00000060,false,Rx,0,8,00,00,00,00,00,00,FE,FF,
929000,00000061,false,Rx,0,8,00,00,00,00,00,00,00,00,
929000,00000067,false,Rx,0,8,BE,3E,27,00,01,1E,00,00,
930000,00000068,false,Rx,0,8,BE,3E,27,00,01,1E,00,00,
930000,00000069,false,Rx,0,8,BE,3E,27,00,01,1E,00,00,
0,0000006A,false,Rx,0,8,BE,3E,27,00,01,1E,00,00,
0,0000006B,false,Rx,0,8,BE,3E,27,00,01,1E,00,00,
931000,0000006C,false,Rx,0,8,BE,3E,27,00,01,1E,00,00,
936000,00000625,false,Rx,0,8,25,00,59,86,01,54,5C,06,
967000,000002C4,false,Rx,0,8,03,00,00,00,63,02,00,00,
967000,000002C5,false,Rx,0,8,00,00,00,00,00,00,00,00,
968000,000002C6,false,Rx,0,8,32,00,7C,01,00,00,00,00,
8000,0000060D,false,Rx,0,8,0D,10,82,B6,09,20,70,00,
36000,00000625,false,Rx,0,8,25,00,59,86,01,54,5C,06,
108000,0000060D,false,Rx,0,8,0D,10,82,B6,09,20,70,00,
118000,00000054,false,Rx,0,8,00,00,FE,FF,7D,02,00,00,
118000,00000055,false,Rx,0,8,10,27,00,00,00,00,00,00,
118000,00000056,false,Rx,0,8,10,27,00,00,00,00,00,00,
119000,00000057,false,Rx,0,8,00,00,FE,FF,FE,FF,00,00,
136000,00000625,false,Rx,0,8,25,00,59,86,01,54,5C,06,
0,000002C4,false,Rx,0,8,03,00,00,00,63,02,00,00,
0,000002C5,false,Rx,0,8,00,00,00,00,00,00,00,00,
188000,000002C6,false,Rx,0,8,32,00,7C,01,00,00,00,00,
208000,0000060D,false,Rx,0,8,0D,10,82,B6,09,20,70,00,
236000,00000625,false,Rx,0,8,25,00,59,86,01,54,5C,06,
308000,0000060D,false,Rx,0,8,0D,10,82,B6,09,20,70,00,
318000,00000054,false,Rx,0,8,00,00,FE,FF,7D,02,00,00,
318000,00000055,false,Rx,0,8,10,27,00,00,00,00,00,00,
318000,00000056,false,Rx,0,8,10,27,00,00,00,00,00,00,
318000,00000057,false,Rx,0,8,00,00,FE,FF,FE,FF,00,00,
336000,00000625,false,Rx,0,8,25,00,59,86,01,54,5C,06,
0,000002C4,false,Rx,0,8,03,00,00,00,63,02,00,00,
0,000002C5,false,Rx,0,8,00,00,00,00,00,00,00,00,
408000,000002C6,false,Rx,0,8,32,00,7C,01,00,00,00,00,
409000,0000060D,false,Rx,0,8,0D,10,82,B6,09,20,70,00,
436000,00000625,false,Rx,0,8,25,00,59,86,01,54,5C,06,
508000,0000060D,false,Rx,0,8,0D,10,82,B6,09,20,70,00,
517000,00000054,false,Rx,0,8,00,00,FE,FF,7D,02,00,00,
517000,00000055,false,Rx,0,8,10,27,00,00,00,00,00,00,
517000,00000056,false,Rx,0,8,10,27,00,00,00,00,00,00,
519000,00000057,false,Rx,0,8,00,00,FE,FF,FE,FF,00,00,
536000,00000625,false,Rx,0,8,25,00,59,86,01,54,5C,06,
607000,0000060D,false,Rx,0,8,0D,10,82,B6,09,20,70,00,
627000,000002C4,false,Rx,0,8,03,00,00,00,63,02,00,00,
627000,000002C5,false,Rx,0,8,00,00,00,00,00,00,00,00,
627000,000002C6,false,Rx,0,8,32,00,7C,01,00,00,00,00,
636000,00000625,false,Rx,0,8,25,00,59,86,01,54,5C,06,
708000,0000060D,false,Rx,0,8,0D,10,82,B6,09,20,70,00,
717000,00000054,false,Rx,0,8,00,00,FE,FF,7D,02,00,00,
717000,00000055,false,Rx,0,8,10,27,00,00,00,00,00,00,
718000,00000056,false,Rx,0,8,10,27,00,00,00,00,00,00,
718000,00000057,false,Rx,0,8,00,00,FE,FF,FE,FF,00,00,
737000,00000625,false,Rx,0,8,25,00,59,86,01,54,5C,06,
808000,0000060D,false,Rx,0,8,0D,10,82,B6,09,20,70,00,
836000,00000625,false,Rx,0,8,25,00,59,86,01,54,5C,06,
847000,000002C4,false,Rx,0,8,03,00,00,00,63,02,00,00,
848000,000002C5,false,Rx,0,8,00,00,00,00,00,00,00,00,
848000,000002C6,false,Rx,0,8,32,00,7C,01,00,00,00,00,
908000,0000060D,false,Rx,0,8,0D,10,82,B6,09,20,70,00,
918000,00000054,false,Rx,0,8,00,00,FE,FF,7D,02,00,00,
918000,00000055,false,Rx,0,8,10,27,00,00,00,00,00,00,
918000,00000056,false,Rx,0,8,10,27,00,00,00,00,00,00,
918000,00000057,false,Rx,0,8,00,00,FE,FF,FE,FF,00,00,
936000,00000625,false,Rx,0,8,25,00,59,86,01,54,5C,06,
8000,0000060D,false,Rx,0,8,0D,10,82,B6,09,20,70,00,
36000,00000625,false,Rx,0,8,25,00,59,86,01,54,5C,06,
68000,000002C4,false,Rx,0,8,03,00,00,00,63,02,00,00,
68000,000002C5,false,Rx,0,8,00,00,00,00,00,00,00,00,
68000,000002C6,false,Rx,0,8,32,00,7C,01,00,00,00,00,
108000,0000060D,false,Rx,0,8,0D,10,82,B6,09,20,70,00,
0,00000054,false,Rx,0,8,00,00,FE,FF,7D,02,00,00,
0,00000055,false,Rx,0,8,10,27,00,00,00,00,00,00,
118000,00000056,false,Rx,0,8,10,27,00,00,00,00,00,00,
118000,00000057,false,Rx,0,8,00,00,FE,FF,FE,FF,00,00,
137000,00000625,false,Rx,0,8,25,00,59,86,01,54,5C,06,
208000,0000060D,false,Rx,0,8,0D,10,82,B6,09,20,70,00,
236000,00000625,false,Rx,0,8,25,00,59,86,01,54,5C,06,
287000,000002C4,false,Rx,0,8,03,00,00,00,63,02,00,00,
287000,000002C5,false,Rx,0,8,00,00,00,00,00,00,00,00,
287000,000002C6,false,Rx,0,8,32,00,7C,01,00,00,00,00,
308000,0000060D,false,Rx,0,8,0D,10,82,B6,09,20,70,00,
317000,00000054,false,Rx,0,8,00,00,FE,FF,7D,02,00,00,
318000,00000055,false,Rx,0,8,10,27,00,00,00,00,00,00,
318000,00000056,false,Rx,0,8,10,27,00,00,00,00,00,00,
318000,00000057,false,Rx,0,8,00,00,FE,FF,FE,FF,00,00,
336000,00000625,false,Rx,0,8,25,00,59,86,01,54,5C,06,
408000,0000060D,false,Rx,0,8,0D,10,82,B6,09,20,70,00,
436000,00000625,false,Rx,0,8,25,00,59,86,01,54,5C,06,
508000,000002C4,false,Rx,0,8,03,00,00,00,63,02,00,00,
508000,000002C5,false,Rx,0,8,00,00,00,00,00,00,00,00,
509000,000002C6,false,Rx,0,8,32,00,7C,01,00,00,00,00,
509000,0000060D,false,Rx,0,8,0D,10,82,B6,09,20,70,00,
518000,00000054,false,Rx,0,8,00,00,FE,FF,7D,02,00,00,
518000,00000055,false,Rx,0,8,10,27,00,00,00,00,00,00,
518000,00000056,false,Rx,0,8,10,27,00,00,00,00,00,00,
519000,00000057,false,Rx,0,8,00,00,FE,FF,FE,FF,00,00,
519000,0000060D,false,Rx,0,8,0D,11,82,B6,09,20,70,00,
618000,0000060D,false,Rx,0,8,0D,11,82,B6,09,20,70,00,
661000,00000625,false,Rx,0,8,25,00,59,86,01,54,5C,06,
0,00000054,false,Rx,0,8,00,00,FE,FF,7D,02,00,00,
0,00000055,false,Rx,0,8,10,27,00,00,00,00,00,00,
0,00000056,false,Rx,0,8,10,27,00,00,00,00,00,00,
719000,00000057,false,Rx,0,8,00,00,FE,FF,FE,FF,00,00,
719000,0000060D,false,Rx,0,8,0D,11,82,B6,09,20,70,00,
0,000002C4,false,Rx,0,8,03,00,00,00,64,02,00,00,
0,000002C5,false,Rx,0,8,00,00,00,00,00,00,00,00,
729000,000002C6,false,Rx,0,8,32,00,7C,01,00,00,00,00,
761000,00000625,false,Rx,0,8,25,00,59,86,01,54,5C,06,
818000,0000060D,false,Rx,0,8,0D,11,82,B6,09,20,70,00,
861000,00000625,false,Rx,0,8,25,00,59,86,01,54,5C,06,
918000,00000054,false,Rx,0,8,00,00,FE,FF,7D,02,00,00,
918000,00000055,false,Rx,0,8,10,27,00,00,00,00,00,00,
918000,00000056,false,Rx,0,8,10,27,00,00,00,00,00,00,
918000,00000057,false,Rx,0,8,00,00,FE,FF,FE,FF,00,00,
918000,0000060D,false,Rx,0,8,0D,11,82,B6,09,20,70,00,
0,000002C4,false,Rx,0,8,03,00,00,00,64,02,00,00,
0,000002C5,false,Rx,0,8,00,00,00,00,00,00,00,00,
948000,000002C6,false,Rx,0,8,32,00,7C,01,00,00,00,00,
962000,00000625,false,Rx,0,8,25,00,59,86,01,54,5C,06,
18000,0000060D,false,Rx,0,8,0D,11,82,B6,09,20,70,00,
61000,00000625,false,Rx,0,8,25,00,59,86,01,54,5C,06,
0,00000054,false,Rx,0,8,00,00,FE,FF,7D,02,00,00,
0,00000055,false,Rx,0,8,10,27,00,00,00,00,00,00,
119000,00000056,false,Rx,0,8,10,27,00,00,00,00,00,00,
119000,00000057,false,Rx,0,8,00,00,FE,FF,FE,FF,00,00,
119000,0000060D,false,Rx,0,8,0D,11,82,B6,09,20,70,00,
161000,00000625,false,Rx,0,8,25,00,59,86,01,54,5C,06,
168000,000002C4,false,Rx,0,8,03,00,00,00,64,02,00,00,
168000,000002C5,false,Rx,0,8,00,00,00,00,00,00,00,00,
168000,000002C6,false,Rx,0,8,32,00,7C,01,00,00,00,00,
218000,0000060D,false,Rx,0,8,0D,11,82,B6,09,20,70,00,
262000,00000625,false,Rx,0,8,25,00,59,86,01,54,5C,06,
318000,00000054,false,Rx,0,8,00,00,FE,FF,7D,02,00,00,
318000,00000055,false,Rx,0,8,10,27,00,00,00,00,00,00,
318000,00000056,false,Rx,0,8,10,27,00,00,00,00,00,00,
318000,00000057,false,Rx,0,8,00,00,FE,FF,FE,FF,00,00,
319000,0000060D,false,Rx,0,8,0D,11,82,B6,09,20,70,00,
361000,00000625,false,Rx,0,8,25,00,59,86,01,54,5C,06,
387000,000002C4,false,Rx,0,8,03,00,00,00,64,02,00,00,
387000,000002C5,false,Rx,0,8,00,00,00,00,00,00,00,00,
388000,000002C6,false,Rx,0,8,32,00,7C,01,00,00,00,00,
418000,0000060D,false,Rx,0,8,0D,11,82,B6,09,20,70,00,
461000,00000625,false,Rx,0,8,25,00,59,86,01,54,5C,06,
517000,00000054,false,Rx,0,8,00,00,FE,FF,7D,02,00,00,
518000,00000055,false,Rx,0,8,10,27,00,00,00,00,00,00,
518000,00000056,false,Rx,0,8,10,27,00,00,00,00,00,00,
0,00000057,false,Rx,0,8,00,00,FE,FF,FE,FF,00,00,
0,0000060D,false,Rx,0,8,0D,11,82,B6,09,20,70,00,
561000,00000625,false,Rx,0,8,25,00,59,86,01,54,5C,06,
0,000002C4,false,Rx,0,8,03,00,00,00,64,02,00,00,
0,000002C5,false,Rx,0,8,00,00,00,00,00,00,00,00,
608000,000002C6,false,Rx,0,8,32,00,7C,01,00,00,00,00,
618000,0000060D,false,Rx,0,8,0D,11,82,B6,09,20,70,00,
661000,00000625,false,Rx,0,8,25,00,59,86,01,54,5C,06,
717000,00000054,false,Rx,0,8,00,00,FE,FF,7D,02,00,00,
718000,00000055,false,Rx,0,8,10,27,00,00,00,00,00,00,
718000,00000056,false,Rx,0,8,10,27,00,00,00,00,00,00,
718000,00000057,false,Rx,0,8,00,00,FE,FF,FE,FF,00,00,
719000,0000060D,false,Rx,0,8,0D,11,82,B6,09,20,70,00,
761000,00000625,false,Rx,0,8,25,00,59,86,01,54,5C,06,
818000,0000060D,false,Rx,0,8,0D,11,82,B6,09,20,70,00,
827000,000002C4,false,Rx,0,8,03,00,00,00,64,02,00,00,
827000,000002C5,false,Rx,0,8,00,00,00,00,00,00,00,00,
828000,000002C6,false,Rx,0,8,32,00,7C,01,00,00,00,00,
861000,00000625,false,Rx,0,8,25,00,59,86,01,54,5C,06,
918000,00000054,false,Rx,0,8,00,00,FE,FF,7D,02,00,00,
918000,00000055,false,Rx,0,8,10,27,00,00,00,00,00,00,
0,00000056,false,Rx,0,8,10,27,00,00,00,00,00,00,
0,00000057,false,Rx,0,8,00,00,FE,FF,FE,FF,00,00,
919000,0000060D,false,Rx,0,8,0D,11,82,B6,09,20,70,00,
961000,00000625,false,Rx,0,8,25,00,59,86,01,54,5C,06,
17000,0000060D,false,Rx,0,8,0D,11,82,B6,09,20,70,00,
47000,000002C4,false,Rx,0,8,03,00,00,00,64,02,00,00,
47000,000002C5,false,Rx,0,8,00,00,00,00,00,00,00,00,
48000,000002C6,false,Rx,0,8,32,00,7C,01,00,00,00,00,
61000,00000625,false,Rx,0,8,25,00,59,86,01,54,5C,06,
117000,00000054,false,Rx,0,8,00,00,FE,FF,7D,02,00,00,
117000,00000055,false,Rx,0,8,10,27,00,00,00,00,00,00,
118000,00000056,false,Rx,0,8,10,27,00,00,00,00,00,00,
118000,00000057,false,Rx,0,8,00,00,FE,FF,FE,FF,00,00,
118000,0000060D,false,Rx,0,8,0D,11,82,B6,09,20,70,00,
162000,00000625,false,Rx,0,8,25,00,59,86,01,54,5C,06,
218000,0000060D,false,Rx,0,8,0D,11,82,B6,09,20,70,00,
262000,00000625,false,Rx,0,8,25,00,59,86,01,54,5C,06,
268000,000002C4,false,Rx,0,8,03,00,00,00,65,02,00,00,
0,000002C5,false,Rx,0,8,00,00,00,00,00,00,00,00,
0,000002C6,false,Rx,0,8,32,00,7C,01,00,00,00,00,
318000,00000054,false,Rx,0,8,00,00,FE,FF,7D,02,00,00,
318000,00000055,false,Rx,0,8,10,27,00,00,00,00,00,00,
318000,00000056,false,Rx,0,8,10,27,00,00,00,00,00,00,
319000,00000057,false,Rx,0,8,00,00,FE,FF,FE,FF,00,00,
319000,0000060D,false,Rx,0,8,0D,11,82,B6,09,20,70,00,
362000,00000625,false,Rx,0,8,25,00,59,86,01,54,5C,06,
419000,0000060D,false,Rx,0,8,0D,11,82,B6,09,20,70,00,
462000,00000625,false,Rx,0,8,25,00,59,86,01,54,5C,06,
0,000002C4,false,Rx,0,8,03,00,00,00,65,02,00,00,
0,000002C5,false,Rx,0,8,00,00,00,00,00,00,00,00,
487000,000002C6,false,Rx,0,8,32,00,7C,01,00,00,00,00,
517000,00000054,false,Rx,0,8,00,00,FE,FF,7D,02,00,00,
517000,00000055,false,Rx,0,8,10,27,00,00,00,00,00,00,
517000,00000056,false,Rx,0,8,10,27,00,00,00,00,00,00,
518000,00000057,false,Rx,0,8,00,00,FE,FF,FE,FF,00,00,
518000,0000060D,false,Rx,0,8,0D,11,82,B6,09,20,70,00,
561000,00000625,false,Rx,0,8,25,00,59,86,01,54,5C,06,
619000,0000060D,false,Rx,0,8,0D,11,82,B6,09,20,70,00,
662000,00000625,false,Rx,0,8,25,00,59,86,01,54,5C,06,
708000,000002C4,false,Rx,0,8,03,00,00,00,65,02,00,00,
708000,000002C5,false,Rx,0,8,00,00,00,00,00,00,00,00,
708000,000002C6,false,Rx,0,8,32,00,7C,01,00,00,00,00,
718000,00000054,false,Rx,0,8,00,00,FE,FF,7D,02,00,00,
718000,00000055,false,Rx,0,8,10,27,00,00,00,00,00,00,
0,00000056,false,Rx,0,8,10,27,00,00,00,00,00,00,
0,00000057,false,Rx,0,8,00,00,FE,FF,FE,FF,00,00,
719000,0000060D,false,Rx,0,8,0D,11,82,B6,09,20,70,00,
761000,00000625,false,Rx,0,8,25,00,59,86,01,54,5C,06,
818000,0000060D,false,Rx,0,8,0D,11,82,B6,09,20,70,00,
862000,00000625,false,Rx,0,8,25,00,59,86,01,54,5C,06,
0,00000054,false,Rx,0,8,00,00,FE,FF,7D,02,00,00,
0,00000055,false,Rx,0,8,10,27,00,00,00,00,00,00,
0,00000056,false,Rx,0,8,10,27,00,00,00,00,00,00,
919000,00000057,false,Rx,0,8,00,00,FE,FF,FE,FF,00,00,
920000,0000060D,false,Rx,0,8,0D,11,82,B6,09,20,70,00,
928000,000002C4,false,Rx,0,8,03,00,00,00,65,02,00,00,
928000,000002C5,false,Rx,0,8,00,00,00,00,00,00,00,00,
928000,000002C6,false,Rx,0,8,32,00,7C,01,00,00,00,00,
961000,00000625,false,Rx,0,8,25,00,59,86,01,54,5C,06,
17000,0000060D,false,Rx,0,8,0D,11,82,B6,09,20,70,00,
61000,00000625,false,Rx,0,8,25,00,59,86,01,54,5C,06,
0,00000054,false,Rx,0,8,00,00,FE,FF,7D,02,00,00,
0,00000055,false,Rx,0,8,10,27,00,00,00,00,00,00,
118000,00000056,false,Rx,0,8,10,27,00,00,00,00,00,00,
118000,00000057,false,Rx,0,8,00,00,FE,FF,FE,FF,00,00,
119000,0000060D,false,Rx,0,8,0D,11,82,B6,09,20,70,00,
0,000002C4,false,Rx,0,8,03,00,00,00,65,02,00,00,
0,000002C5,false,Rx,0,8,00,00,00,00,00,00,00,00,
148000,000002C6,false,Rx,0,8,32,00,7C,01,00,00,00,00,
162000,00000625,false,Rx,0,8,25,00,59,86,01,54,5C,06,
219000,0000060D,false,Rx,0,8,0D,11,82,B6,09,20,70,00,
261000,00000625,false,Rx,0,8,25,00,59,86,01,54,5C,06,
318000,00000054,false,Rx,0,8,00,00,FE,FF,7D,02,00,00,
318000,00000055,false,Rx,0,8,10,27,00,00,00,00,00,00,
319000,00000056,false,Rx,0,8,10,27,00,00,00,00,00,00,
319000,00000057,false,Rx,0,8,00,00,FE,FF,FE,FF,00,00,
319000,0000060D,false,Rx,0,8,0D,11,82,B6,09,20,70,00,
361000,00000625,false,Rx,0,8,25,00,59,86,01,54,5C,06,
0,000002C4,false,Rx,0,8,03,00,00,00,65,02,00,00,
0,000002C5,false,Rx,0,8,00,00,00,00,00,00,00,00,
368000,000002C6,false,Rx,0,8,32,00,7C,01,00,00,00,00,
418000,0000060D,false,Rx,0,8,0D,11,82,B6,09,20,70,00,
462000,00000625,false,Rx,0,8,25,00,59,86,01,54,5C,06,
518000,00000054,false,Rx,0,8,00,00,FE,FF,7D,02,00,00,
518000,00000055,false,Rx,0,8,10,27,00,00,00,00,00,00,
518000,00000056,false,Rx,0,8,10,27,00,00,00,00,00,00,
518000,00000057,false,Rx,0,8,00,00,FE,FF,FE,FF,00,00,
519000,0000060D,false,Rx,0,8,0D,11,82,B6,09,20,70,00,
561000,00000625,false,Rx,0,8,25,00,59,86,01,54,5C,06,
588000,000002C4,false,Rx,0,8,03,00,00,00,65,02,00,00,
588000,000002C5,false,Rx,0,8,00,00,00,00,00,00,00,00,
588000,000002C6,false,Rx,0,8,32,00,7C,01,00,00,00,00,
618000,0000060D,false,Rx,0,8,0D,11,82,B6,09,20,70,00,
661000,00000625,false,Rx,0,8,25,00,59,86,01,54,5C,06,
0,00000054,false,Rx,0,8,00,00,FE,FF,7D,02,00,00,
0,00000055,false,Rx,0,8,10,27,00,00,00,00,00,00,
718000,00000056,false,Rx,0,8,10,27,00,00,00,00,00,00,
719000,00000057,false,Rx,0,8,00,00,FE,FF,FE,FF,00,00,
719000,0000060D,false,Rx,0,8,0D,11,82,B6,09,20,70,00,
761000,00000625,false,Rx,0,8,25,00,59,86,01,54,5C,06,
0,000002C4,false,Rx,0,8,03,00,00,00,65,02,00,00,
0,000002C5,false,Rx,0,8,00,00,00,00,00,00,00,00,
808000,000002C6,false,Rx,0,8,32,00,7C,01,00,00,00,00,
818000,0000060D,false,Rx,0,8,0D,11,82,B6,09,20,70,00,
862000,00000625,false,Rx,0,8,25,00,59,86,01,54,5C,06,
0,00000054,false,Rx,0,8,00,00,FE,FF,7D,02,00,00,
0,00000055,false,Rx,0,8,10,27,00,00,00,00,00,00,
918000,00000056,false,Rx,0,8,10,27,00,00,00,00,00,00,
918000,00000057,false,Rx,0,8,00,00,FE,FF,FE,FF,00,00,
918000,0000060D,false,Rx,0,8,0D,11,82,B6,09,20,70,00,
962000,00000625,false,Rx,0,8,25,00,59,86,01,54,5C,06,
17000,0000060D,false,Rx,0,8,0D,11,82,B6,09,20,70,00,
27000,000002C4,false,Rx,0,8,03,00,00,00,65,02,00,00,
27000,000002C5,false,Rx,0,8,00,00,00,00,00,00,00,00,
27000,000002C6,false,Rx,0,8,32,00,7C,01,00,00,00,00,
61000,00000625,false,Rx,0,8,25,00,59,86,01,54,5C,06,
117000,00000054,false,Rx,0,8,00,00,FE,FF,7D,02,00,00,
117000,00000055,false,Rx,0,8,10,27,00,00,00,00,00,00,
118000,00000056,false,Rx,0,8,10,27,00,00,00,00,00,00,
118000,00000057,false,Rx,0,8,00,00,FE,FF,FE,FF,00,00,
118000,0000060D,false,Rx,0,8,0D,11,82,B6,09,20,70,00,
161000,00000625,false,Rx,0,8,25,00,59,86,01,54,5C,06,
218000,0000060D,false,Rx,0,8,0D,11,82,B6,09,20,70,00,
247000,000002C4,false,Rx,0,8,03,00,00,00,65,02,00,00,
248000,000002C5,false,Rx,0,8,00,00,00,00,00,00,00,00,
248000,000002C6,false,Rx,0,8,32,00,7C,01,00,00,00,00,
261000,00000625,false,Rx,0,8,25,00,59,86,01,54,5C,06,
318000,00000054,false,Rx,0,8,00,00,FE,FF,7D,02,00,00,
318000,00000055,false,Rx,0,8,10,27,00,00,00,00,00,00,
318000,00000056,false,Rx,0,8,10,27,00,00,00,00,00,00,
318000,00000057,false,Rx,0,8,00,00,FE,FF,FE,FF,00,00,
319000,0000060D,false,Rx,0,8,0D,11,82,B6,09,20,70,00,
361000,00000625,false,Rx,0,8,25,00,59,86,01,54,5C,06,
418000,0000060D,false,Rx,0,8,0D,11,82,B6,09,20,70,00,
462000,00000625,false,Rx,0,8,25,00,59,86,01,54,5C,06,
0,000002C4,false,Rx,0,8,03,00,00,00,66,02,00,00,
0,000002C5,false,Rx,0,8,00,00,00,00,00,00,00,00,
468000,000002C6,false,Rx,0,8,32,00,7C,01,00,00,00,00,
518000,00000054,false,Rx,0,8,00,00,FE,FF,7D,02,00,00,
518000,00000055,false,Rx,0,8,10,27,00,00,00,00,00,00,
0,00000056,false,Rx,0,8,10,27,00,00,00,00,00,00,
0,00000057,false,Rx,0,8,00,00,FE,FF,FE,FF,00,00,
519000,0000060D,false,Rx,0,8,0D,10,82,B6,09,20,70,00,
528000,0000060D,false,Rx,0,8,0D,11,82,B6,09,20,70,00,
628000,0000060D,false,Rx,0,8,0D,11,82,B6,09,20,70,00,
670000,00000625,false,Rx,0,8,25,00,59,86,01,54,5C,06,
687000,000002C4,false,Rx,0,8,03,00,00,00,66,02,00,00,
688000,000002C5,false,Rx,0,8,00,00,00,00,00,00,00,00,
688000,000002C6,false,Rx,0,8,32,00,7C,01,00,00,00,00,
718000,00000054,false,Rx,0,8,00,00,FE,FF,7D,02,00,00,
718000,00000055,false,Rx,0,8,10,27,00,00,00,00,00,00,
718000,00000056,false,Rx,0,8,10,27,00,00,00,00,00,00,
718000,00000057,false,Rx,0,8,00,00,FE,FF,FE,FF,00,00,
728000,0000060D,false,Rx,0,8,0D,11,82,B6,09,20,70,00,
770000,00000625,false,Rx,0,8,25,00,59,86,01,54,5C,06,
828000,0000060D,false,Rx,0,8,0D,11,82,B6,09,20,70,00,
870000,00000625,false,Rx,0,8,25,00,59,86,01,54,5C,06,
0,000002C4,false,Rx,0,8,03,00,00,00,66,02,00,00,
0,000002C5,false,Rx,0,8,00,00,00,00,00,00,00,00,
0,000002C6,false,Rx,0,8,32,00,7C,01,00,00,00,00,
0,00000054,false,Rx,0,8,00,00,FE,FF,7D,02,00,00,
0,00000055,false,Rx,0,8,10,27,00,00,00,00,00,00,
0,00000056,false,Rx,0,8,10,27,00,00,00,00,00,00,
918000,00000057,false,Rx,0,8,00,00,FE,FF,FE,FF,00,00,
928000,0000060D,false,Rx,0,8,0D,11,82,B6,09,20,70,00,
971000,00000625,false,Rx,0,8,25,00,59,86,01,54,5C,06,
28000,0000060D,false,Rx,0,8,0D,11,82,B6,09,20,70,00,
71000,00000625,false,Rx,0,8,25,00,59,86,01,54,5C,06,
117000,00000054,false,Rx,0,8,00,00,FE,FF,7D,02,00,00,
117000,00000055,false,Rx,0,8,10,27,00,00,00,00,00,00,
118000,00000056,false,Rx,0,8,10,27,00,00,00,00,00,00,
118000,00000057,false,Rx,0,8,00,00,FE,FF,FE,FF,00,00,
0,000002C4,false,Rx,0,8,03,00,00,00,66,02,00,00,
0,000002C5,false,Rx,0,8,00,00,00,00,00,00,00,00,
127000,000002C6,false,Rx,0,8,32,00,7C,01,00,00,00,00,
128000,0000060D,false,Rx,0,8,0D,11,82,B6,09,20,70,00,
170000,00000625,false,Rx,0,8,25,00,59,86,01,54,5C,06,
228000,0000060D,false,Rx,0,8,0D,11,82,B6,09,20,70,00,
270000,00000625,false,Rx,0,8,25,00,59,86,01,54,5C,06,
0,00000054,false,Rx,0,8,00,00,FE,FF,7D,02,00,00,
0,00000055,false,Rx,0,8,10,27,00,00,00,00,00,00,
318000,00000056,false,Rx,0,8,10,27,00,00,00,00,00,00,
319000,00000057,false,Rx,0,8,00,00,FE,FF,FE,FF,00,00,
328000,0000060D,false,Rx,0,8,0D,11,82,B6,09,20,70,00,
347000,000002C4,false,Rx,0,8,03,00,00,00,66,02,00,00,
347000,000002C5,false,Rx,0,8,00,00,00,00,00,00,00,00,
348000,000002C6,false,Rx,0,8,32,00,7C,01,00,00,00,00,
370000,00000625,false,Rx,0,8,25,00,59,86,01,54,5C,06,
428000,0000060D,false,Rx,0,8,0D,11,82,B6,09,20,70,00,
470000,00000625,false,Rx,0,8,25,00,59,86,01,54,5C,06,
517000,00000054,false,Rx,0,8,00,00,FE,FF,7D,02,00,00,
517000,00000055,false,Rx,0,8,10,27,00,00,00,00,00,00,
518000,00000056,false,Rx,0,8,10,27,00,00,00,00,00,00,
518000,00000057,false,Rx,0,8,00,00,FE,FF,FE,FF,00,00,
527000,0000060D,false,Rx,0,8,0D,11,82,B6,09,20,70,00,
0,000002C4,false,Rx,0,8,03,00,00,00,66,02,00,00,
0,000002C5,false,Rx,0,8,00,00,00,00,00,00,00,00,
568000,000002C6,false,Rx,0,8,32,00,7C,01,00,00,00,00,
570000,00000625,false,Rx,0,8,25,00,59,86,01,54,5C,06,
629000,0000060D,false,Rx,0,8,0D,11,82,B6,09,20,70,00,
670000,00000625,false,Rx,0,8,25,00,59,86,01,54,5C,06,
717000,00000054,false,Rx,0,8,00,00,FE,FF,7D,02,00,00,
718000,00000055,false,Rx,0,8,10,27,00,00,00,00,00,00,
718000,00000056,false,Rx,0,8,10,27,00,00,00,00,00,00,
718000,00000057,false,Rx,0,8,00,00,FE,FF,FE,FF,00,00,
728000,0000060D,false,Rx,0,8,0D,11,82,B6,09,20,70,00,
770000,00000625,false,Rx,0,8,25,00,59,86,01,54,5C,06,
787000,000002C4,false,Rx,0,8,03,00,00,00,66,02,00,00,
787000,000002C5,false,Rx,0,8,00,00,00,00,00,00,00,00,
787000,000002C6,false,Rx,0,8,32,00,7C,01,00,00,00,00,
828000,0000060D,false,Rx,0,8,0D,11,82,B6,09,20,70,00,
870000,00000625,false,Rx,0,8,25,00,59,86,01,54,5C,06,
0,00000054,false,Rx,0,8,00,00,FE,FF,7D,02,00,00,
0,00000055,false,Rx,0,8,10,27,00,00,00,00,00,00,
0,00000056,false,Rx,0,8,10,27,00,00,00,00,00,00,
918000,00000057,false,Rx,0,8,00,00,FE,FF,FE,FF,00,00,
928000,0000060D,false,Rx,0,8,0D,11,82,B6,09,20,70,00,
970000,00000625,false,Rx,0,8,25,00,59,86,01,54,5C,06,
8000,000002C4,false,Rx,0,8,03,00,00,00,66,02,00,00,
8000,000002C5,false,Rx,0,8,00,00,00,00,00,00,00,00,
8000,000002C6,false,Rx,0,8,32,00,7C,01,00,00,00,00,
28000,0000060D,false,Rx,0,8,0D,11,82,B6,09,20,70,00,
71000,00000625,false,Rx,0,8,25,00,59,86,01,54,5C,06,
0,00000054,false,Rx,0,8,00,00,FE,FF,7D,02,00,00,
0,00000055,false,Rx,0,8,10,27,00,00,00,00,00,00,
0,00000056,false,Rx,0,8,10,27,00,00,00,00,00,00,
118000,00000057,false,Rx,0,8,00,00,FE,FF,FE,FF,00,00,
128000,0000060D,false,Rx,0,8,0D,11,82,B6,09,20,70,00,
171000,00000625,false,Rx,0,8,25,00,59,86,01,54,5C,06,
0,000002C4,false,Rx,0,8,03,00,00,00,66,02,00,00,
0,000002C5,false,Rx,0,8,00,00,00,00,00,00,00,00,
228000,000002C6,false,Rx,0,8,32,00,7C,01,00,00,00,00,
229000,0000060D,false,Rx,0,8,0D,11,82,B6,09,20,70,00,
270000,00000625,false,Rx,0,8,25,00,59,86,01,54,5C,06,
0,00000054,false,Rx,0,8,00,00,FE,FF,7D,02,00,00,
0,00000055,false,Rx,0,8,10,27,00,00,00,00,00,00,
318000,00000056,false,Rx,0,8,10,27,00,00,00,00,00,00,
318000,00000057,false,Rx,0,8,00,00,FE,FF,FE,FF,00,00,
328000,0000060D,false,Rx,0,8,0D,11,82,B6,09,20,70,00,
371000,00000625,false,Rx,0,8,25,00,59,86,01,54,5C,06,
428000,0000060D,false,Rx,0,8,0D,11,82,B6,09,20,70,00,
0,000002C4,false,Rx,0,8,03,00,00,00,67,02,00,00,
0,000002C5,false,Rx,0,8,00,00,00,00,00,00,00,00,
448000,000002C6,false,Rx,0,8,32,00,7C,01,00,00,00,00,
472000,00000625,false,Rx,0,8,25,00,59,86,01,54,5C,06,
518000,00000054,false,Rx,0,8,00,00,FE,FF,7D,02,00,00,
518000,00000055,false,Rx,0,8,10,27,00,00,00,00,00,00,
519000,00000056,false,Rx,0,8,10,27,00,00,00,00,00,00,
519000,00000057,false,Rx,0,8,00,00,FE,FF,FE,FF,00,00,
528000,0000060D,false,Rx,0,8,0D,11,82,B6,09,20,70,00,
570000,00000625,false,Rx,0,8,25,00,59,86,01,54,5C,06,
629000,0000060D,false,Rx,0,8,0D,11,83,B6,09,20,70,00,
0,000002C4,false,Rx,0,8,03,00,00,00,67,02,00,00,
0,000002C5,false,Rx,0,8,00,00,00,00,00,00,00,00,
668000,000002C6,false,Rx,0,8,32,00,7C,01,00,00,00,00,
670000,00000625,false,Rx,0,8,25,00,59,86,01,54,5C,06,
0,00000054,false,Rx,0,8,00,00,FE,FF,7D,02,00,00,
0,00000055,false,Rx,0,8,10,27,00,00,00,00,00,00,
719000,00000056,false,Rx,0,8,10,27,00,00,00,00,00,00,
719000,00000057,false,Rx,0,8,00,00,FE,FF,FE,FF,00,00,
728000,0000060D,false,Rx,0,8,0D,11,83,B6,09,20,70,00,
770000,00000625,false,Rx,0,8,25,00,59,86,01,54,5C,06,
828000,0000060D,false,Rx,0,8,0D,11,83,B6,09,20,70,00,
870000,00000625,false,Rx,0,8,25,00,59,86,01,54,5C,06,
887000,000002C4,false,Rx,0,8,03,00,00,00,67,02,00,00,
888000,000002C5,false,Rx,0,8,00,00,00,00,00,00,00,00,
888000,000002C6,false,Rx,0,8,32,00,7C,01,00,00,00,00,
0,00000054,false,Rx,0,8,00,00,FE,FF,7D,02,00,00,
0,00000055,false,Rx,0,8,10,27,00,00,00,00,00,00,
918000,00000056,false,Rx,0,8,10,27,00,00,00,00,00,00,
918000,00000057,false,Rx,0,8,00,00,FE,FF,FE,FF,00,00,
928000,0000060D,false,Rx,0,8,0D,11,83,B6,09,20,70,00,
970000,00000625,false,Rx,0,8,25,00,59,86,01,54,5C,06,
28000,0000060D,false,Rx,0,8,0D,11,83,B6,09,20,70,00,
70000,00000625,false,Rx,0,8,25,00,59,86,01,54,5C,06,
0,000002C4,false,Rx,0,8,03,00,00,00,67,02,00,00,
0,000002C5,false,Rx,0,8,00,00,00,00,00,00,00,00,
108000,000002C6,false,Rx,0,8,32,00,7C,01,00,00,00,00,
0,00000054,false,Rx,0,8,00,00,FE,FF,7D,02,00,00,
0,00000055,false,Rx,0,8,10,27,00,00,00,00,00,00,
118000,00000056,false,Rx,0,8,10,27,00,00,00,00,00,00,
119000,00000057,false,Rx,0,8,00,00,FE,FF,FE,FF,00,00,
128000,0000060D,false,Rx,0,8,0D,11,83,B6,09,20,70,00,
170000,00000625,false,Rx,0,8,25,00,59,86,01,54,5C,06,
228000,0000060D,false,Rx,0,8,0D,11,83,B6,09,20,70,00,
270000,00000625,false,Rx,0,8,25,00,59,86,01,54,5C,06,
318000,00000054,false,Rx,0,8,00,00,FE,FF,7D,02,00,00,
318000,00000055,false,Rx,0,8,10,27,00,00,00,00,00,00,
318000,00000056,false,Rx,0,8,10,27,00,00,00,00,00,00,
319000,00000057,false,Rx,0,8,00,00,FE,FF,FE,FF,00,00,
327000,000002C4,false,Rx,0,8,03,00,00,00,67,02,00,00,
328000,000002C5,false,Rx,0,8,00,00,00,00,00,00,00,00,
328000,0000060D,false,Rx,0,8,0D,11,83,B6,09,20,70,00,
328000,000002C6,false,Rx,0,8,32,00,7C,01,00,00,00,00,
371000,00000625,false,Rx,0,8,25,00,59,86,01,54,5C,06,
428000,0000060D,false,Rx,0,8,0D,11,83,B6,09,20,70,00,
470000,00000625,false,Rx,0,8,25,00,59,86,01,54,5C,06,
517000,00000054,false,Rx,0,8,00,00,FE,FF,7D,02,00,00,
517000,00000055,false,Rx,0,8,10,27,00,00,00,00,00,00,
518000,00000056,false,Rx,0,8,10,27,00,00,00,00,00,00,
518000,00000057,false,Rx,0,8,00,00,FE,FF,FE,FF,00,00,
527000,0000060D,false,Rx,0,8,0D,11,83,B6,09,20,70,00,
547000,000002C4,false,Rx,0,8,03,00,00,00,67,02,00,00,
547000,000002C5,false,Rx,0,8,00,00,00,00,00,00,00,00,
548000,000002C6,false,Rx,0,8,32,00,7C,01,00,00,00,00,
571000,00000625,false,Rx,0,8,25,00,59,86,01,54,5C,06,
628000,0000060D,false,Rx,0,8,0D,11,83,B6,09,20,70,00,
670000,00000625,false,Rx,0,8,25,00,59,86,01,54,5C,06,
0,00000054,false,Rx,0,8,00,00,FE,FF,7D,02,00,00,
0,00000055,false,Rx,0,8,10,27,00,00,00,00,00,00,
718000,00000056,false,Rx,0,8,10,27,00,00,00,00,00,00,
718000,00000057,false,Rx,0,8,00,00,FE,FF,FE,FF,00,00,
728000,0000060D,false,Rx,0,8,0D,11,83,B6,09,20,70,00,
767000,000002C4,false,Rx,0,8,03,00,00,00,67,02,00,00,
767000,000002C5,false,Rx,0,8,00,00,00,00,00,00,00,00,
768000,000002C6,false,Rx,0,8,32,00,7C,01,00,00,00,00,
770000,00000625,false,Rx,0,8,25,00,59,86,01,54,5C,06,
828000,0000060D,false,Rx,0,8,0D,11,83,B6,09,20,70,00,
871000,00000625,false,Rx,0,8,25,00,59,86,01,54,5C,06,
918000,00000054,false,Rx,0,8,00,00,FE,FF,7D,02,00,00,
918000,00000055,false,Rx,0,8,10,27,00,00,00,00,00,00,
918000,00000056,false,Rx,0,8,10,27,00,00,00,00,00,00,
919000,00000057,false,Rx,0,8,00,00,FE,FF,FE,FF,00,00,
928000,0000060D,false,Rx,0,8,0D,11,83,B6,09,20,70,00,
971000,00000625,false,Rx,0,8,25,00,59,86,01,54,5C,06,
0,000002C4,false,Rx,0,8,03,00,00,00,67,02,00,00,
0,000002C5,false,Rx,0,8,00,00,00,00,00,00,00,00,
988000,000002C6,false,Rx,0,8,32,00,7C,01,00,00,00,00,
28000,0000060D,false,Rx,0,8,0D,11,83,B6,09,20,70,00,
70000,00000625,false,Rx,0,8,25,00,59,86,01,54,5C,06,
117000,00000054,false,Rx,0,8,00,00,FE,FF,7D,02,00,00,
117000,00000055,false,Rx,0,8,10,27,00,00,00,00,00,00,
118000,00000056,false,Rx,0,8,10,27,00,00,00,00,00,00,
118000,00000057,false,Rx,0,8,00,00,FE,FF,FE,FF,00,00,
128000,0000060D,false,Rx,0,8,0D,11,83,B6,09,20,70,00,
170000,00000625,false,Rx,0,8,25,00,59,86,01,54,5C,06,
208000,000002C4,false,Rx,0,8,03,00,00,00,67,02,00,00,
208000,000002C5,false,Rx,0,8,00,00,00,00,00,00,00,00,
208000,000002C6,false,Rx,0,8,32,00,7C,01,00,00,00,00,
229000,0000060D,false,Rx,0,8,0D,11,83,B6,09,20,70,00,
270000,00000625,false,Rx,0,8,25,00,59,86,01,54,5C,06,
318000,00000054,false,Rx,0,8,00,00,FE,FF,7D,02,00,00,
318000,00000055,false,Rx,0,8,10,27,00,00,00,00,00,00,
318000,00000056,false,Rx,0,8,10,27,00,00,00,00,00,00,
318000,00000057,false,Rx,0,8,00,00,FE,FF,FE,FF,00,00,
328000,0000060D,false,Rx,0,8,0D,11,83,B6,09,20,70,00,
370000,00000625,false,Rx,0,8,25,00,59,86,01,54,5C,06,
0,000002C4,false,Rx,0,8,03,00,00,00,67,02,00,00,
0,000002C5,false,Rx,0,8,00,00,00,00,00,00,00,00,
428000,0000060D,false,Rx,0,8,0D,11,83,B6,09,20,70,00,
428000,000002C6,false,Rx,0,8,32,00,7C,01,00,00,00,00,
470000,00000625,false,Rx,0,8,25,00,59,86,01,54,5C,06,
518000,00000054,false,Rx,0,8,00,00,FE,FF,7D,02,00,00,
518000,00000055,false,Rx,0,8,10,27,00,00,00,00,00,00,
518000,00000056,false,Rx,0,8,10,27,00,00,00,00,00,00,
519000,00000057,false,Rx,0,8,00,00,FE,FF,FE,FF,00,00,
571000,00000625,false,Rx,0,8,25,00,59,86,01,54,5C,06,
0,000002C4,false,Rx,0,8,03,00,00,00,68,02,00,00,
0,000002C5,false,Rx,0,8,00,00,00,00,00,00,00,00,
648000,000002C6,false,Rx,0,8,32,00,7C,01,00,00,00,00,
670000,00000625,false,Rx,0,8,25,00,59,86,01,54,5C,06,
718000,00000054,false,Rx,0,8,00,00,FE,FF,7D,02,00,00,
718000,00000055,false,Rx,0,8,10,27,00,00,00,00,00,00,
718000,00000056,false,Rx,0,8,10,27,00,00,00,00,00,00,
719000,00000057,false,Rx,0,8,00,00,FE,FF,FE,FF,00,00,
770000,00000625,false,Rx,0,8,25,00,59,86,01,54,5C,06,
0,000002C4,false,Rx,0,8,03,00,00,00,68,02,00,00,
0,000002C5,false,Rx,0,8,00,00,00,00,00,00,00,00,
868000,000002C6,false,Rx,0,8,32,00,7C,01,00,00,00,00,
870000,00000625,false,Rx,0,8,25,00,59,86,01,54,5C,06,
0,00000054,false,Rx,0,8,00,00,FE,FF,7D,02,00,00,
0,00000055,false,Rx,0,8,10,27,00,00,00,00,00,00,
919000,00000056,false,Rx,0,8,10,27,00,00,00,00,00,00,
919000,00000057,false,Rx,0,8,00,00,FE,FF,FE,FF,00,00,
970000,00000625,false,Rx,0,8,25,00,59,86,01,54,5C,06,
70000,00000625,false,Rx,0,8,25,00,59,86,01,54,5C,06,
88000,000002C4,false,Rx,0,8,03,00,00,00,68,02,00,00,
88000,000002C5,false,Rx,0,8,00,00,00,00,00,00,00,00,
88000,000002C6,false,Rx,0,8,32,00,7C,01,00,00,00,00,
118000,00000054,false,Rx,0,8,00,00,FE,FF,7D,02,00,00,
118000,00000055,false,Rx,0,8,10,27,00,00,00,00,00,00,
119000,00000056,false,Rx,0,8,10,27,00,00,00,00,00,00,
119000,00000057,false,Rx,0,8,00,00,FE,FF,FE,FF,00,00,
171000,00000625,false,Rx,0,8,25,00,59,86,01,54,5C,06,
270000,00000625,false,Rx,0,8,25,00,59,86,01,54,5C,06,
307000,000002C4,false,Rx,0,8,03,00,00,00,68,02,00,00,
308000,000002C5,false,Rx,0,8,00,00,00,00,00,00,00,00,
308000,000002C6,false,Rx,0,8,32,00,7C,01,00,00,00,00,
318000,00000054,false,Rx,0,8,00,00,FE,FF,7D,02,00,00,
318000,00000055,false,Rx,0,8,10,27,00,00,00,00,00,00,
318000,00000056,false,Rx,0,8,10,27,00,00,00,00,00,00,
319000,00000057,false,Rx,0,8,00,00,FE,FF,FE,FF,00,00,
370000,00000625,false,Rx,0,8,25,00,59,86,01,54,5C,06,
470000,00000625,false,Rx,0,8,25,00,59,86,01,54,5C,06,
517000,00000054,false,Rx,0,8,00,00,FE,FF,7D,02,00,00,
518000,00000055,false,Rx,0,8,10,27,00,00,00,00,00,00,
0,00000056,false,Rx,0,8,10,27,00,00,00,00,00,00,
0,00000057,false,Rx,0,8,00,00,FE,FF,FE,FF,00,00,
527000,000002C4,false,Rx,0,8,03,00,00,00,68,02,00,00,
527000,000002C5,false,Rx,0,8,00,00,00,00,00,00,00,00,
528000,000002C6,false,Rx,0,8,32,00,7C,01,00,00,00,00,
570000,00000625,false,Rx,0,8,25,00,59,86,01,54,5C,06,
671000,00000625,false,Rx,0,8,25,00,59,86,01,54,5C,06,
0,00000054,false,Rx,0,8,00,00,FE,FF,7D,02,00,00,
0,00000055,false,Rx,0,8,10,27,00,00,00,00,00,00,
718000,00000056,false,Rx,0,8,10,27,00,00,00,00,00,00,
718000,00000057,false,Rx,0,8,00,00,FE,FF,FE,FF,00,00,
0,000002C4,false,Rx,0,8,03,00,00,00,68,02,00,00,
0,000002C5,false,Rx,0,8,00,00,00,00,00,00,00,00,
0,000002C6,false,Rx,0,8,32,00,7C,01,00,00,00,00,
770000,00000625,false,Rx,0,8,25,00,59,86,01,54,5C,06,
871000,00000625,false,Rx,0,8,25,00,59,86,01,54,5C,06,
918000,00000054,false,Rx,0,8,00,00,FE,FF,7D,02,00,00,
918000,00000055,false,Rx,0,8,10,27,00,00,00,00,00,00,
918000,00000056,false,Rx,0,8,10,27,00,00,00,00,00,00,
919000,00000057,false,Rx,0,8,00,00,FE,FF,FE,FF,00,00,
967000,000002C4,false,Rx,0,8,03,00,00,00,68,02,00,00,
967000,000002C5,false,Rx,0,8,00,00,00,00,00,00,00,00,
967000,000002C6,false,Rx,0,8,32,00,7C,01,00,00,00,00,
970000,00000625,false,Rx,0,8,25,00,59,86,01,54,5C,06,
70000,00000625,false,Rx,0,8,25,00,59,86,01,54,5C,06,
0,00000054,false,Rx,0,8,00,00,FE,FF,7D,02,00,00,
0,00000055,false,Rx,0,8,10,27,00,00,00,00,00,00,
0,00000056,false,Rx,0,8,10,27,00,00,00,00,00,00,
0,00000057,false,Rx,0,8,00,00,FE,FF,FE,FF,00,00,
171000,00000625,false,Rx,0,8,25,00,59,86,01,54,5C,06,
188000,000002C4,false,Rx,0,8,03,00,00,00,68,02,00,00,
188000,000002C5,false,Rx,0,8,00,00,00,00,00,00,00,00,
188000,000002C6,false,Rx,0,8,32,00,7C,01,00,00,00,00,
270000,00000625,false,Rx,0,8,25,00,59,86,01,54,5C,06,
317000,00000054,false,Rx,0,8,00,00,FE,FF,7D,02,00,00,
317000,00000055,false,Rx,0,8,10,27,00,00,00,00,00,00,
318000,00000056,false,Rx,0,8,10,27,00,00,00,00,00,00,
318000,00000057,false,Rx,0,8,00,00,FE,FF,FE,FF,00,00,
371000,00000625,false,Rx,0,8,25,00,59,86,01,54,5C,06,
0,000002C4,false,Rx,0,8,03,00,00,00,68,02,00,00,
0,000002C5,false,Rx,0,8,00,00,00,00,00,00,00,00,
408000,000002C6,false,Rx,0,8,32,00,7C,01,00,00,00,00,
471000,00000625,false,Rx,0,8,25,00,59,86,01,54,5C,06,
518000,00000054,false,Rx,0,8,00,00,FE,FF,7D,02,00,00,
518000,00000055,false,Rx,0,8,10,27,00,00,00,00,00,00,
518000,00000056,false,Rx,0,8,10,27,00,00,00,00,00,00,
519000,00000057,false,Rx,0,8,00,00,FE,FF,FE,FF,00,00,
570000,00000625,false,Rx,0,8,25,00,59,86,01,54,5C,06,
627000,000002C4,false,Rx,0,8,03,00,00,00,68,02,00,00,
628000,000002C5,false,Rx,0,8,00,00,00,00,00,00,00,00,
628000,000002C6,false,Rx,0,8,32,00,7C,01,00,00,00,00,
670000,00000625,false,Rx,0,8,25,00,59,86,01,54,5C,06,
718000,00000054,false,Rx,0,8,00,00,FE,FF,7D,02,00,00,
718000,00000055,false,Rx,0,8,10,27,00,00,00,00,00,00,
718000,00000056,false,Rx,0,8,10,27,00,00,00,00,00,00,
719000,00000057,false,Rx,0,8,00,00,FE,FF,FE,FF,00,00,
770000,00000625,false,Rx,0,8,25,00,59,86,01,54,5C,06,
847000,000002C4,false,Rx,0,8,03,00,00,00,68,02,00,00,
847000,000002C5,false,Rx,0,8,00,00,00,00,00,00,00,00,
848000,000002C6,false,Rx,0,8,32,00,7C,01,00,00,00,00,
870000,00000625,false,Rx,0,8,25,00,59,86,01,54,5C,06,
917000,00000054,false,Rx,0,8,00,00,FE,FF,7D,02,00,00,
917000,00000055,false,Rx,0,8,10,27,00,00,00,00,00,00,
918000,00000056,false,Rx,0,8,10,27,00,00,00,00,00,00,
918000,00000057,false,Rx,0,8,00,00,FE,FF,FE,FF,00,00,
970000,00000625,false,Rx,0,8,25,00,59,86,01,54,5C,06,
68000,000002C4,false,Rx,0,8,03,00,00,00,69,02,00,00,
68000,000002C5,false,Rx,0,8,00,00,00,00,00,00,00,00,
68000,000002C6,false,Rx,0,8,32,00,7C,01,00,00,00,00,
70000,00000625,false,Rx,0,8,25,00,59,86,01,54,5C,06,
0,00000054,false,Rx,0,8,00,00,FE,FF,7D,02,00,00,
0,00000055,false,Rx,0,8,10,27,00,00,00,00,00,00,
119000,00000056,false,Rx,0,8,10,27,00,00,00,00,00,00,
119000,00000057,false,Rx,0,8,00,00,FE,FF,FE,FF,00,00,
171000,00000625,false,Rx,0,8,25,00,59,86,01,54,5C,06,
270000,00000625,false,Rx,0,8,25,00,59,86,01,54,5C,06,
287000,000002C4,false,Rx,0,8,03,00,00,00,69,02,00,00,
287000,000002C5,false,Rx,0,8,00,00,00,00,00,00,00,00,
288000,000002C6,false,Rx,0,8,32,00,7C,01,00,00,00,00,
317000,00000054,false,Rx,0,8,00,00,FE,FF,7D,02,00,00,
317000,00000055,false,Rx,0,8,10,27,00,00,00,00,00,00,
318000,00000056,false,Rx,0,8,10,27,00,00,00,00,00,00,
318000,00000057,false,Rx,0,8,00,00,FE,FF,FE,FF,00,00,
370000,00000625,false,Rx,0,8,25,00,59,86,01,54,5C,06,
471000,00000625,false,Rx,0,8,25,00,59,86,01,54,5C,06,
508000,000002C4,false,Rx,0,8,03,00,00,00,69,02,00,00,
508000,000002C5,false,Rx,0,8,00,00,00,00,00,00,00,00,
508000,000002C6,false,Rx,0,8,32,00,7C,01,00,00,00,00,
518000,00000054,false,Rx,0,8,00,00,FE,FF,7D,02,00,00,
518000,00000055,false,Rx,0,8,10,27,00,00,00,00,00,00,
519000,00000056,false,Rx,0,8,10,27,00,00,00,00,00,00,
519000,00000057,false,Rx,0,8,00,00,FE,FF,FE,FF,00,00,
570000,00000625,false,Rx,0,8,25,00,59,86,01,54,5C,06,
671000,00000625,false,Rx,0,8,25,00,59,86,01,54,5C,06,
0,00000054,false,Rx,0,8,00,00,FE,FF,7D,02,00,00,
0,00000055,false,Rx,0,8,10,27,00,00,00,00,00,00,
718000,00000056,false,Rx,0,8,10,27,00,00,00,00,00,00,
718000,00000057,false,Rx,0,8,00,00,FE,FF,FE,FF,00,00,
728000,000002C4,false,Rx,0,8,03,00,00,00,69,02,00,00,
728000,000002C5,false,Rx,0,8,00,00,00,00,00,00,00,00,
728000,000002C6,false,Rx,0,8,32,00,7C,01,00,00,00,00,
770000,00000625,false,Rx,0,8,25,00,59,86,01,54,5C,06,
871000,00000625,false,Rx,0,8,25,00,59,86,01,54,5C,06,
0,00000054,false,Rx,0,8,00,00,FE,FF,7D,02,00,00,
0,00000055,false,Rx,0,8,10,27,00,00,00,00,00,00,
918000,00000056,false,Rx,0,8,10,27,00,00,00,00,00,00,
918000,00000057,false,Rx,0,8,00,00,FE,FF,FE,FF,00,00,
0,000002C4,false,Rx,0,8,03,00,00,00,69,02,00,00,
0,000002C5,false,Rx,0,8,00,00,00,00,00,00,00,00,
948000,000002C6,false,Rx,0,8,32,00,7C,01,00,00,00,00,
971000,00000625,false,Rx,0,8,25,00,59,86,01,54,5C,06,
71000,00000625,false,Rx,0,8,25,00,59,86,01,54,5C,06,
0,00000054,false,Rx,0,8,00,00,FE,FF,7D,02,00,00,
0,00000055,false,Rx,0,8,10,27,00,00,00,00,00,00,
118000,00000056,false,Rx,0,8,10,27,00,00,00,00,00,00,
119000,00000057,false,Rx,0,8,00,00,FE,FF,FE,FF,00,00,
0,000002C4,false,Rx,0,8,03,00,00,00,69,02,00,00,
0,000002C5,false,Rx,0,8,00,00,00,00,00,00,00,00,
0,000002C6,false,Rx,0,8,32,00,7C,01,00,00,00,00,
171000,00000625,false,Rx,0,8,25,00,59,86,01,54,5C,06,
270000,00000625,false,Rx,0,8,25,00,59,86,01,54,5C,06,
317000,00000054,false,Rx,0,8,00,00,FE,FF,7D,02,00,00,
317000,00000055,false,Rx,0,8,10,27,00,00,00,00,00,00,
318000,00000056,false,Rx,0,8,10,27,00,00,00,00,00,00,
318000,00000057,false,Rx,0,8,00,00,FE,FF,FE,FF,00,00,
370000,00000625,false,Rx,0,8,25,00,59,86,01,54,5C,06,
387000,000002C4,false,Rx,0,8,03,00,00,00,69,02,00,00,
387000,000002C5,false,Rx,0,8,00,00,00,00,00,00,00,00,
388000,000002C6,false,Rx,0,8,32,00,7C,01,00,00,00,00,
470000,00000625,false,Rx,0,8,25,00,59,86,01,54,5C,06,
517000,00000054,false,Rx,0,8,00,00,FE,FF,7D,02,00,00,
518000,00000055,false,Rx,0,8,10,27,00,00,00,00,00,00,
518000,00000056,false,Rx,0,8,10,27,00,00,00,00,00,00,
518000,00000057,false,Rx,0,8,00,00,FE,FF,FE,FF,00,00,
571000,00000625,false,Rx,0,8,25,00,59,86,01,54,5C,06,
607000,000002C4,false,Rx,0,8,03,00,00,00,69,02,00,00,
607000,000002C5,false,Rx,0,8,00,00,00,00,00,00,00,00,
608000,000002C6,false,Rx,0,8,32,00,7C,01,00,00,00,00,
671000,00000625,false,Rx,0,8,25,00,59,86,01,54,5C,06,
0,00000054,false,Rx,0,8,00,00,FE,FF,7D,02,00,00,
0,00000055,false,Rx,0,8,10,27,00,00,00,00,00,00,
718000,00000056,false,Rx,0,8,10,27,00,00,00,00,00,00,
718000,00000057,false,Rx,0,8,00,00,FE,FF,FE,FF,00,00,
770000,00000625,false,Rx,0,8,25,00,59,86,01,54,5C,06,
827000,000002C4,false,Rx,0,8,03,00,00,00,69,02,00,00,
827000,000002C5,false,Rx,0,8,00,00,00,00,00,00,00,00,
828000,000002C6,false,Rx,0,8,32,00,7C,01,00,00,00,00,
0,00000054,false,Rx,0,8,00,00,FE,FF,7D,02,00,00,
0,00000055,false,Rx,0,8,10,27,00,00,00,00,00,00,
0,00000056,false,Rx,0,8,10,27,00,00,00,00,00,00,
919000,00000057,false,Rx,0,8,00,00,FE,FF,FE,FF,00,00,
48000,000002C4,false,Rx,0,8,03,00,00,00,69,02,00,00,
48000,000002C5,false,Rx,0,8,00,00,00,00,00,00,00,00,
48000,000002C6,false,Rx,0,8,32,00,7C,01,00,00,00,00,
118000,00000054,false,Rx,0,8,00,00,FE,FF,7D,02,00,00,
118000,00000055,false,Rx,0,8,10,27,00,00,00,00,00,00,
0,00000056,false,Rx,0,8,10,27,00,00,00,00,00,00,
0,00000057,false,Rx,0,8,00,00,FE,FF,FE,FF,00,00,
268000,000002C4,false,Rx,0,8,03,00,00,00,69,02,00,00,
268000,000002C5,false,Rx,0,8,00,00,00,00,00,00,00,00,
268000,000002C6,false,Rx,0,8,32,00,7C,01,00,00,00,00,
318000,00000054,false,Rx,0,8,00,00,FE,FF,7D,02,00,00,
318000,00000055,false,Rx,0,8,10,27,00,00,00,00,00,00,
318000,00000056,false,Rx,0,8,10,27,00,00,00,00,00,00,
319000,00000057,false,Rx,0,8,00,00,FE,FF,FE,FF,00,00,
0,000002C4,false,Rx,0,8,03,00,00,00,69,02,00,00,
0,000002C5,false,Rx,0,8,00,00,00,00,00,00,00,00,
488000,000002C6,false,Rx,0,8,32,00,7C,01,00,00,00,00,
0,00000054,false,Rx,0,8,00,00,FE,FF,7D,02,00,00,
0,00000055,false,Rx,0,8,10,27,00,00,00,00,00,00,
518000,00000056,false,Rx,0,8,10,27,00,00,00,00,00,00,
518000,00000057,false,Rx,0,8,00,00,FE,FF,FE,FF,00,00,
0,000002C4,false,Rx,0,8,03,00,00,00,6A,02,00,00,
0,000002C5,false,Rx,0,8,00,00,00,00,00,00,00,00,
708000,000002C6,false,Rx,0,8,32,00,7C,01,00,00,00,00,
718000,00000054,false,Rx,0,8,00,00,FE,FF,7D,02,00,00,
718000,00000055,false,Rx,0,8,10,27,00,00,00,00,00,00,
718000,00000056,false,Rx,0,8,10,27,00,00,00,00,00,00,
718000,00000057,false,Rx,0,8,00,00,FE,FF,FE,FF,00,00,
718000,0000060D,false,Rx,0,8,0D,10,83,B6,09,20,70,00,
0,00000054,false,Rx,0,8,00,00,FE,FF,85,02,00,00,
0,00000055,false,Rx,0,8,10,27,00,00,00,00,00,00,
729000,00000056,false,Rx,0,8,10,27,00,00,00,00,00,00,
729000,00000057,false,Rx,0,8,00,00,FE,FF,FE,FF,00,00,
738000,00000065,false,Rx,0,8,85,02,02,00,00,00,00,00,
818000,0000060D,false,Rx,0,8,0D,10,83,B6,09,20,70,00,
888000,00000065,false,Rx,0,8,85,02,02,00,00,00,00,00,
918000,0000060D,false,Rx,0,8,0D,10,83,B6,09,20,70,00,
928000,00000054,false,Rx,0,8,00,00,FE,FF,85,02,00,00,
928000,00000055,false,Rx,0,8,10,27,00,00,00,00,00,00,
928000,00000056,false,Rx,0,8,10,27,00,00,00,00,00,00,
929000,00000057,false,Rx,0,8,00,00,FE,FF,FE,FF,00,00,
955000,00000625,false,Rx,0,8,25,00,58,86,01,54,5C,06,
0,000002C4,false,Rx,0,8,02,00,00,00,6D,02,00,00,
0,000002C5,false,Rx,0,8,00,00,00,00,00,00,00,00,
0,000002C6,false,Rx,0,8,32,00,7C,01,00,00,00,00,
18000,0000060D,false,Rx,0,8,0D,10,83,B6,09,20,70,00,
38000,00000065,false,Rx,0,8,85,02,02,00,00,00,00,00,
55000,00000625,false,Rx,0,8,25,00,58,86,01,54,5C,06,
118000,0000060D,false,Rx,0,8,0D,10,83,B6,09,20,70,00,
0,00000054,false,Rx,0,8,00,00,FE,FF,85,02,00,00,
0,00000055,false,Rx,0,8,10,27,00,00,00,00,00,00,
128000,00000056,false,Rx,0,8,10,27,00,00,00,00,00,00,
129000,00000057,false,Rx,0,8,00,00,FE,FF,FE,FF,00,00,
155000,00000625,false,Rx,0,8,25,00,59,86,01,54,5C,06,
0,000002C4,false,Rx,0,8,02,00,00,00,6D,02,00,00,
0,000002C5,false,Rx,0,8,00,00,00,00,00,00,00,00,
186000,000002C6,false,Rx,0,8,32,00,7C,01,00,00,00,00,
188000,00000065,false,Rx,0,8,85,02,02,00,00,00,00,00,
218000,0000060D,false,Rx,0,8,0D,10,83,B6,09,20,70,00,
256000,00000625,false,Rx,0,8,25,00,59,86,01,54,5C,06,
318000,0000060D,false,Rx,0,8,0D,10,83,B6,09,20,70,00,
328000,00000054,false,Rx,0,8,00,00,FE,FF,85,02,00,00,
328000,00000055,false,Rx,0,8,10,27,00,00,00,00,00,00,
328000,00000056,false,Rx,0,8,10,27,00,00,00,00,00,00,
329000,00000057,false,Rx,0,8,00,00,FE,FF,FE,FF,00,00,
355000,00000625,false,Rx,0,8,25,00,59,86,01,54,5C,06,
0,000002C4,false,Rx,0,8,02,00,00,00,6E,02,00,00,
0,000002C5,false,Rx,0,8,00,00,00,00,00,00,00,00,
407000,000002C6,false,Rx,0,8,32,00,7C,01,00,00,00,00,
419000,0000060D,false,Rx,0,8,0D,10,83,B6,09,20,70,00,
456000,00000625,false,Rx,0,8,25,00,59,86,01,54,5C,06,
518000,0000060D,false,Rx,0,8,0D,10,83,B6,09,20,70,00,
528000,00000054,false,Rx,0,8,00,00,FE,FF,85,02,00,00,
528000,00000055,false,Rx,0,8,10,27,00,00,00,00,00,00,
528000,00000056,false,Rx,0,8,10,27,00,00,00,00,00,00,
529000,00000057,false,Rx,0,8,00,00,FE,FF,FE,FF,00,00,
555000,00000625,false,Rx,0,8,25,00,59,86,01,54,5C,06,
619000,0000060D,false,Rx,0,8,0D,10,83,B6,09,20,70,00,
0,000002C4,false,Rx,0,8,02,00,00,00,6E,02,00,00,
0,000002C5,false,Rx,0,8,00,00,00,00,00,00,00,00,
627000,000002C6,false,Rx,0,8,32,00,7C,01,00,00,00,00,
656000,00000625,false,Rx,0,8,25,00,59,86,01,54,5C,06,
718000,0000060D,false,Rx,0,8,0D,10,83,B6,09,20,70,00,
0,00000054,false,Rx,0,8,00,00,FE,FF,85,02,00,00,
0,00000055,false,Rx,0,8,10,27,00,00,00,00,00,00,
0,00000056,false,Rx,0,8,10,27,00,00,00,00,00,00,
728000,00000057,false,Rx,0,8,00,00,FE,FF,FE,FF,00,00,
756000,00000625,false,Rx,0,8,25,00,59,86,01,54,5C,06,
818000,0000060D,false,Rx,0,8,0D,10,83,B6,09,20,70,00,
846000,000002C4,false,Rx,0,8,03,00,00,00,6E,02,00,00,
846000,000002C5,false,Rx,0,8,00,00,00,00,00,00,00,00,
847000,000002C6,false,Rx,0,8,32,00,7C,01,00,00,00,00,
855000,00000625,false,Rx,0,8,25,00,59,86,01,54,5C,06,
918000,0000060D,false,Rx,0,8,0D,10,83,B6,09,20,70,00,
0,00000054,false,Rx,0,8,00,00,FE,FF,85,02,00,00,
0,00000055,false,Rx,0,8,10,27,00,00,00,00,00,00,
0,00000056,false,Rx,0,8,10,27,00,00,00,00,00,00,
929000,00000057,false,Rx,0,8,00,00,FE,FF,FE,FF,00,00,
955000,00000625,false,Rx,0,8,25,00,59,86,01,54,5C,06,
17000,0000060D,false,Rx,0,8,0D,10,83,B6,09,20,70,00,
55000,00000625,false,Rx,0,8,25,00,59,86,01,54,5C,06,
66000,000002C4,false,Rx,0,8,03,00,00,00,6E,02,00,00,
67000,000002C5,false,Rx,0,8,00,00,00,00,00,00,00,00,
67000,000002C6,false,Rx,0,8,32,00,7C,01,00,00,00,00,
118000,0000060D,false,Rx,0,8,0D,10,83,B6,09,20,70,00,
0,00000054,false,Rx,0,8,00,00,FE,FF,85,02,00,00,
0,00000055,false,Rx,0,8,10,27,00,00,00,00,00,00,
128000,00000056,false,Rx,0,8,10,27,00,00,00,00,00,00,
129000,00000057,false,Rx,0,8,00,00,FE,FF,FE,FF,00,00,
155000,00000625,false,Rx,0,8,25,00,59,86,01,54,5C,06,
219000,0000060D,false,Rx,0,8,0D,10,83,B6,09,20,70,00,
255000,00000625,false,Rx,0,8,25,00,59,86,01,54,5C,06,
0,000002C4,false,Rx,0,8,03,00,00,00,6E,02,00,00,
0,000002C5,false,Rx,0,8,00,00,00,00,00,00,00,00,
287000,000002C6,false,Rx,0,8,32,00,7C,01,00,00,00,00,
318000,0000060D,false,Rx,0,8,0D,10,83,B6,09,20,70,00,
0,00000054,false,Rx,0,8,00,00,FE,FF,85,02,00,00,
0,00000055,false,Rx,0,8,10,27,00,00,00,00,00,00,
328000,00000056,false,Rx,0,8,10,27,00,00,00,00,00,00,
329000,00000057,false,Rx,0,8,00,00,FE,FF,FE,FF,00,00,
355000,00000625,false,Rx,0,8,25,00,59,86,01,54,5C,06,
418000,0000060D,false,Rx,0,8,0D,10,83,B6,09,20,70,00,
456000,00000625,false,Rx,0,8,25,00,59,86,01,54,5C,06,
506000,000002C4,false,Rx,0,8,03,00,00,00,6E,02,00,00,
507000,000002C5,false,Rx,0,8,00,00,00,00,00,00,00,00,
507000,000002C6,false,Rx,0,8,32,00,7C,01,00,00,00,00,
518000,0000060D,false,Rx,0,8,0D,10,83,B6,09,20,70,00,
527000,00000054,false,Rx,0,8,00,00,FE,FF,85,02,00,00,
528000,00000055,false,Rx,0,8,10,27,00,00,00,00,00,00,
0,00000056,false,Rx,0,8,10,27,00,00,00,00,00,00,
0,00000057,false,Rx,0,8,00,00,FE,FF,FE,FF,00,00,
555000,00000625,false,Rx,0,8,25,00,59,86,01,54,5C,06,
618000,0000060D,false,Rx,0,8,0D,10,83,B6,09,20,70,00,
655000,00000625,false,Rx,0,8,25,00,59,86,01,54,5C,06,
718000,0000060D,false,Rx,0,8,0D,10,83,B6,09,20,70,00,
0,000002C4,false,Rx,0,8,03,00,00,00,6E,02,00,00,
0,000002C5,false,Rx,0,8,00,00,00,00,00,00,00,00,
0,000002C6,false,Rx,0,8,32,00,7C,01,00,00,00,00,
0,00000054,false,Rx,0,8,00,00,FE,FF,85,02,00,00,
0,00000055,false,Rx,0,8,10,27,00,00,00,00,00,00,
0,00000056,false,Rx,0,8,10,27,00,00,00,00,00,00,
728000,00000057,false,Rx,0,8,00,00,FE,FF,FE,FF,00,00,
755000,00000625,false,Rx,0,8,25,00,59,86,01,54,5C,06,
817000,0000060D,false,Rx,0,8,0D,10,83,B6,09,20,70,00,
856000,00000625,false,Rx,0,8,25,00,59,86,01,54,5C,06,
919000,0000060D,false,Rx,0,8,0D,10,83,B6,09,20,70,00,
928000,00000054,false,Rx,0,8,00,00,FE,FF,85,02,00,00,
928000,00000055,false,Rx,0,8,10,27,00,00,00,00,00,00,
928000,00000056,false,Rx,0,8,10,27,00,00,00,00,00,00,
928000,00000057,false,Rx,0,8,00,00,FE,FF,FE,FF,00,00,
0,000002C4,false,Rx,0,8,03,00,00,00,6F,02,00,00,
0,000002C5,false,Rx,0,8,00,00,00,00,00,00,00,00,
947000,000002C6,false,Rx,0,8,32,00,7C,01,00,00,00,00,
956000,00000625,false,Rx,0,8,25,00,59,86,01,54,5C,06,
17000,0000060D,false,Rx,0,8,0D,10,83,B6,09,20,70,00,
56000,00000625,false,Rx,0,8,25,00,59,86,01,54,5C,06,
118000,0000060D,false,Rx,0,8,0D,10,83,B6,09,20,70,00,
0,00000054,false,Rx,0,8,00,00,FE,FF,85,02,00,00,
0,00000055,false,Rx,0,8,10,27,00,00,00,00,00,00,
128000,00000056,false,Rx,0,8,10,27,00,00,00,00,00,00,
128000,00000057,false,Rx,0,8,00,00,FE,FF,FE,FF,00,00,
155000,00000625,false,Rx,0,8,25,00,59,86,01,54,5C,06,
0,000002C4,false,Rx,0,8,03,00,00,00,6F,02,00,00,
0,000002C5,false,Rx,0,8,00,00,00,00,00,00,00,00,
0,000002C6,false,Rx,0,8,32,00,7C,01,00,00,00,00,
218000,0000060D,false,Rx,0,8,0D,10,83,B6,09,20,70,00,
255000,00000625,false,Rx,0,8,25,00,59,86,01,54,5C,06,
318000,0000060D,false,Rx,0,8,0D,10,83,B6,09,20,70,00,
0,00000054,false,Rx,0,8,00,00,FE,FF,85,02,00,00,
0,00000055,false,Rx,0,8,10,27,00,00,00,00,00,00,
329000,00000056,false,Rx,0,8,10,27,00,00,00,00,00,00,
329000,00000057,false,Rx,0,8,00,00,FE,FF,FE,FF,00,00,
355000,00000625,false,Rx,0,8,25,00,59,86,01,54,5C,06,
386000,000002C4,false,Rx,0,8,03,00,00,00,6F,02,00,00,
386000,000002C5,false,Rx,0,8,00,00,00,00,00,00,00,00,
386000,000002C6,false,Rx,0,8,32,00,7C,01,00,00,00,00,
419000,0000060D,false,Rx,0,8,0D,10,83,B6,09,20,70,00,
455000,00000625,false,Rx,0,8,25,00,59,86,01,54,5C,06,
518000,0000060D,false,Rx,0,8,0D,10,83,B6,09,20,70,00,
528000,00000054,false,Rx,0,8,00,00,FE,FF,85,02,00,00,
528000,00000055,false,Rx,0,8,10,27,00,00,00,00,00,00,
528000,00000056,false,Rx,0,8,10,27,00,00,00,00,00,00,
529000,00000057,false,Rx,0,8,00,00,FE,FF,FE,FF,00,00,
555000,00000625,false,Rx,0,8,25,00,59,86,01,54,5C,06,
0,000002C4,false,Rx,0,8,03,00,00,00,6F,02,00,00,
0,000002C5,false,Rx,0,8,00,00,00,00,00,00,00,00,
606000,000002C6,false,Rx,0,8,32,00,7C,01,00,00,00,00,
619000,0000060D,false,Rx,0,8,0D,10,83,B6,09,20,70,00,
655000,00000625,false,Rx,0,8,25,00,59,86,01,54,5C,06,
718000,0000060D,false,Rx,0,8,0D,10,83,B6,09,20,70,00,
728000,00000054,false,Rx,0,8,00,00,FE,FF,85,02,00,00,
728000,00000055,false,Rx,0,8,10,27,00,00,00,00,00,00,
728000,00000056,false,Rx,0,8,10,27,00,00,00,00,00,00,
728000,00000057,false,Rx,0,8,00,00,FE,FF,FE,FF,00,00,
755000,00000625,false,Rx,0,8,25,00,59,86,01,54,5C,06,
818000,0000060D,false,Rx,0,8,0D,10,83,B6,09,20,70,00,
826000,000002C4,false,Rx,0,8,03,00,00,00,6F,02,00,00,
826000,000002C5,false,Rx,0,8,00,00,00,00,00,00,00,00,
827000,000002C6,false,Rx,0,8,32,00,7C,01,00,00,00,00,
855000,00000625,false,Rx,0,8,25,00,59,86,01,54,5C,06,
918000,0000060D,false,Rx,0,8,0D,10,83,B6,09,20,70,00,
0,00000054,false,Rx,0,8,00,00,FE,FF,85,02,00,00,
0,00000055,false,Rx,0,8,10,27,00,00,00,00,00,00,
0,00000056,false,Rx,0,8,10,27,00,00,00,00,00,00,
929000,00000057,false,Rx,0,8,00,00,FE,FF,FE,FF,00,00,
955000,00000625,false,Rx,0,8,25,00,59,86,01,54,5C,06,
18000,0000060D,false,Rx,0,8,0D,10,83,B6,09,20,70,00,
46000,000002C4,false,Rx,0,8,03,00,00,00,6F,02,00,00,
46000,000002C5,false,Rx,0,8,00,00,00,00,00,00,00,00,
46000,000002C6,false,Rx,0,8,32,00,7C,01,00,00,00,00,
56000,00000625,false,Rx,0,8,25,00,59,86,01,54,5C,06,
118000,0000060D,false,Rx,0,8,0D,10,83,B6,09,20,70,00,
128000,00000054,false,Rx,0,8,00,00,FE,FF,85,02,00,00,
128000,00000055,false,Rx,0,8,10,27,00,00,00,00,00,00,
128000,00000056,false,Rx,0,8,10,27,00,00,00,00,00,00,
129000,00000057,false,Rx,0,8,00,00,FE,FF,FE,FF,00,00,
156000,00000625,false,Rx,0,8,25,00,59,86,01,54,5C,06,
218000,0000060D,false,Rx,0,8,0D,10,83,B6,09,20,70,00,
255000,00000625,false,Rx,0,8,25,00,59,86,01,54,5C,06,
266000,000002C4,false,Rx,0,8,03,00,00,00,6F,02,00,00,
266000,000002C5,false,Rx,0,8,00,00,00,00,00,00,00,00,
266000,000002C6,false,Rx,0,8,32,00,7C,01,00,00,00,00,
317000,0000060D,false,Rx,0,8,0D,10,83,B6,09,20,70,00,
328000,00000054,false,Rx,0,8,00,00,FE,FF,85,02,00,00,
328000,00000055,false,Rx,0,8,10,27,00,00,00,00,00,00,
328000,00000056,false,Rx,0,8,10,27,00,00,00,00,00,00,
329000,00000057,false,Rx,0,8,00,00,FE,FF,FE,FF,00,00,
355000,00000625,false,Rx,0,8,25,00,59,86,01,54,5C,06,
418000,0000060D,false,Rx,0,8,0D,10,83,B6,09,20,70,00,
455000,00000625,false,Rx,0,8,25,00,59,86,01,54,5C,06,
0,000002C4,false,Rx,0,8,03,00,00,00,6F,02,00,00,
0,000002C5,false,Rx,0,8,00,00,00,00,00,00,00,00,
486000,000002C6,false,Rx,0,8,32,00,7C,01,00,00,00,00,
517000,0000060D,false,Rx,0,8,0D,10,83,B6,09,20,70,00,
527000,00000054,false,Rx,0,8,00,00,FE,FF,85,02,00,00,
528000,00000055,false,Rx,0,8,10,27,00,00,00,00,00,00,
528000,00000056,false,Rx,0,8,10,27,00,00,00,00,00,00,
528000,00000057,false,Rx,0,8,00,00,FE,FF,FE,FF,00,00,
555000,00000625,false,Rx,0,8,25,00,59,86,01,54,5C,06,
618000,0000060D,false,Rx,0,8,0D,10,83,B6,09,20,70,00,
656000,00000625,false,Rx,0,8,25,00,59,86,01,54,5C,06,
0,000002C4,false,Rx,0,8,03,00,00,00,70,02,00,00,
0,000002C5,false,Rx,0,8,00,00,00,00,00,00,00,00,
0,000002C6,false,Rx,0,8,32,00,7C,01,00,00,00,00,
718000,0000060D,false,Rx,0,8,0D,10,83,B6,09,20,70,00,
0,00000054,false,Rx,0,8,00,00,FE,FF,85,02,00,00,
0,00000055,false,Rx,0,8,10,27,00,00,00,00,00,00,
728000,00000056,false,Rx,0,8,10,27,00,00,00,00,00,00,
729000,00000057,false,Rx,0,8,00,00,FE,FF,FE,FF,00,00,
755000,00000625,false,Rx,0,8,25,00,59,86,01,54,5C,06,
856000,00000625,false,Rx,0,8,25,00,59,86,01,54,5C,06,
927000,000002C4,false,Rx,0,8,03,00,00,00,70,02,00,00,
927000,000002C5,false,Rx,0,8,00,00,00,00,00,00,00,00,
927000,000002C6,false,Rx,0,8,32,00,7C,01,00,00,00,00,
0,00000054,false,Rx,0,8,00,00,FE,FF,85,02,00,00,
0,00000055,false,Rx,0,8,10,27,00,00,00,00,00,00,
0,00000056,false,Rx,0,8,10,27,00,00,00,00,00,00,
0,00000057,false,Rx,0,8,00,00,FE,FF,FE,FF,00,00,
955000,00000625,false,Rx,0,8,25,00,59,86,01,54,5C,06,
55000,00000625,false,Rx,0,8,25,00,59,86,01,54,5C,06,
0,00000054,false,Rx,0,8,00,00,FE,FF,85,02,00,00,
0,00000055,false,Rx,0,8,10,27,00,00,00,00,00,00,
129000,00000056,false,Rx,0,8,10,27,00,00,00,00,00,00,
129000,00000057,false,Rx,0,8,00,00,FE,FF,FE,FF,00,00,
146000,000002C4,false,Rx,0,8,03,00,00,00,70,02,00,00,
147000,000002C5,false,Rx,0,8,00,00,00,00,00,00,00,00,
147000,000002C6,false,Rx,0,8,32,00,7C,01,00,00,00,00,
155000,00000625,false,Rx,0,8,25,00,59,86,01,54,5C,06,
255000,00000625,false,Rx,0,8,25,00,59,86,01,54,5C,06,
328000,00000054,false,Rx,0,8,00,00,FE,FF,85,02,00,00,
328000,00000055,false,Rx,0,8,10,27,00,00,00,00,00,00,
328000,00000056,false,Rx,0,8,10,27,00,00,00,00,00,00,
329000,00000057,false,Rx,0,8,00,00,FE,FF,FE,FF,00,00,
355000,00000625,false,Rx,0,8,25,00,59,86,01,54,5C,06,
366000,000002C4,false,Rx,0,8,03,00,00,00,70,02,00,00,
366000,000002C5,false,Rx,0,8,00,00,00,00,00,00,00,00,
367000,000002C6,false,Rx,0,8,32,00,7C,01,00,00,00,00,
456000,00000625,false,Rx,0,8,25,00,59,86,01,54,5C,06,
528000,00000054,false,Rx,0,8,00,00,FE,FF,85,02,00,00,
528000,00000055,false,Rx,0,8,10,27,00,00,00,00,00,00,
528000,00000056,false,Rx,0,8,10,27,00,00,00,00,00,00,
528000,00000057,false,Rx,0,8,00,00,FE,FF,FE,FF,00,00,
555000,00000625,false,Rx,0,8,25,00,59,86,01,54,5C,06,
587000,000002C4,false,Rx,0,8,03,00,00,00,70,02,00,00,
587000,000002C5,false,Rx,0,8,00,00,00,00,00,00,00,00,
587000,000002C6,false,Rx,0,8,32,00,7C,01,00,00,00,00,
655000,00000625,false,Rx,0,8,25,00,59,86,01,54,5C,06,
0,00000054,false,Rx,0,8,00,00,FE,FF,85,02,00,00,
0,00000055,false,Rx,0,8,10,27,00,00,00,00,00,00,
0,00000056,false,Rx,0,8,10,27,00,00,00,00,00,00,
729000,00000057,false,Rx,0,8,00,00,FE,FF,FE,FF,00,00,
755000,00000625,false,Rx,0,8,25,00,59,86,01,54,5C,06,
806000,000002C4,false,Rx,0,8,03,00,00,00,70,02,00,00,
806000,000002C5,false,Rx,0,8,00,00,00,00,00,00,00,00,
806000,000002C6,false,Rx,0,8,32,00,7C,01,00,00,00,00,
856000,00000625,false,Rx,0,8,25,00,59,86,01,54,5C,06,
928000,00000054,false,Rx,0,8,00,00,FE,FF,85,02,00,00,
928000,00000055,false,Rx,0,8,10,27,00,00,00,00,00,00,
928000,00000056,false,Rx,0,8,10,27,00,00,00,00,00,00,
929000,00000057,false,Rx,0,8,00,00,FE,FF,FE,FF,00,00,
955000,00000625,false,Rx,0,8,25,00,59,86,01,54,5C,06,
25000,000002C4,false,Rx,0,8,03,00,00,00,70,02,00,00,
27000,000002C5,false,Rx,0,8,00,00,00,00,00,00,00,00,
27000,000002C6,false,Rx,0,8,32,00,7C,01,00,00,00,00,
56000,00000625,false,Rx,0,8,25,00,59,86,01,54,5C,06,
127000,00000054,false,Rx,0,8,00,00,FE,FF,85,02,00,00,
129000,00000055,false,Rx,0,8,10,27,00,00,00,00,00,00,
129000,00000056,false,Rx,0,8,10,27,00,00,00,00,00,00,
129000,00000057,false,Rx,0,8,00,00,FE,FF,FE,FF,00,00,
156000,00000625,false,Rx,0,8,25,00,59,86,01,54,5C,06,
247000,000002C4,false,Rx,0,8,03,00,00,00,70,02,00,00,
247000,000002C5,false,Rx,0,8,00,00,00,00,00,00,00,00,
247000,000002C6,false,Rx,0,8,32,00,7C,01,00,00,00,00,
256000,00000625,false,Rx,0,8,25,00,59,86,01,54,5C,06,
328000,00000054,false,Rx,0,8,00,00,FE,FF,85,02,00,00,
328000,00000055,false,Rx,0,8,10,27,00,00,00,00,00,00,
328000,00000056,false,Rx,0,8,10,27,00,00,00,00,00,00,
328000,00000057,false,Rx,0,8,00,00,FE,FF,FE,FF,00,00,
355000,00000625,false,Rx,0,8,25,00,59,86,01,54,5C,06,
455000,00000625,false,Rx,0,8,25,00,59,86,01,54,5C,06,
467000,000002C4,false,Rx,0,8,03,00,00,00,70,02,00,00,
467000,000002C5,false,Rx,0,8,00,00,00,00,00,00,00,00,
467000,000002C6,false,Rx,0,8,32,00,7C,01,00,00,00,00,
527000,00000054,false,Rx,0,8,00,00,FE,FF,85,02,00,00,
528000,00000055,false,Rx,0,8,10,27,00,00,00,00,00,00,
528000,00000056,false,Rx,0,8,10,27,00,00,00,00,00,00,
528000,00000057,false,Rx,0,8,00,00,FE,FF,FE,FF,00,00,
555000,00000625,false,Rx,0,8,25,00,59,86,01,54,5C,06,
656000,00000625,false,Rx,0,8,25,00,59,86,01,54,5C,06,
0,000002C4,false,Rx,0,8,03,00,00,00,70,02,00,00,
0,000002C5,false,Rx,0,8,00,00,00,00,00,00,00,00,
0,000002C6,false,Rx,0,8,32,00,7C,01,00,00,00,00,
0,00000054,false,Rx,0,8,00,00,FE,FF,85,02,00,00,
0,00000055,false,Rx,0,8,10,27,00,00,00,00,00,00,
0,00000056,false,Rx,0,8,10,27,00,00,00,00,00,00,
729000,00000057,false,Rx,0,8,00,00,FE,FF,FE,FF,00,00,
755000,00000625,false,Rx,0,8,25,00,59,86,01,54,5C,06,
856000,00000625,false,Rx,0,8,25,00,59,86,01,54,5C,06,
907000,000002C4,false,Rx,0,8,03,00,00,00,71,02,00,00,
907000,000002C5,false,Rx,0,8,00,00,00,00,00,00,00,00,
907000,000002C6,false,Rx,0,8,32,00,7C,01,00,00,00,00,
0,00000054,false,Rx,0,8,00,00,FE,FF,85,02,00,00,
0,00000055,false,Rx,0,8,10,27,00,00,00,00,00,00,
928000,00000056,false,Rx,0,8,10,27,00,00,00,00,00,00,
928000,00000057,false,Rx,0,8,00,00,FE,FF,FE,FF,00,00,
956000,00000625,false,Rx,0,8,25,00,59,86,01,54,5C,06,
55000,00000625,false,Rx,0,8,25,00,59,86,01,54,5C,06,
0,000002C4,false,Rx,0,8,03,00,00,00,71,02,00,00,
0,000002C5,false,Rx,0,8,00,00,00,00,00,00,00,00,
0,000002C6,false,Rx,0,8,32,00,7C,01,00,00,00,00,
128000,00000054,false,Rx,0,8,00,00,FE,FF,85,02,00,00,
128000,00000055,false,Rx,0,8,10,27,00,00,00,00,00,00,
128000,00000056,false,Rx,0,8,10,27,00,00,00,00,00,00,
128000,00000057,false,Rx,0,8,00,00,FE,FF,FE,FF,00,00,
155000,00000625,false,Rx,0,8,25,00,59,86,01,54,5C,06,
256000,00000625,false,Rx,0,8,25,00,59,86,01,54,5C,06,
328000,00000054,false,Rx,0,8,00,00,FE,FF,85,02,00,00,
328000,00000055,false,Rx,0,8,10,27,00,00,00,00,00,00,
328000,00000056,false,Rx,0,8,10,27,00,00,00,00,00,00,
329000,00000057,false,Rx,0,8,00,00,FE,FF,FE,FF,00,00,
0,000002C4,false,Rx,0,8,03,00,00,00,71,02,00,00,
0,000002C5,false,Rx,0,8,00,00,00,00,00,00,00,00,
347000,000002C6,false,Rx,0,8,32,00,7C,01,00,00,00,00,
356000,00000625,false,Rx,0,8,25,00,59,86,01,54,5C,06,
456000,00000625,false,Rx,0,8,25,00,59,86,01,54,5C,06,
527000,00000054,false,Rx,0,8,00,00,FE,FF,85,02,00,00,
527000,00000055,false,Rx,0,8,10,27,00,00,00,00,00,00,
528000,00000056,false,Rx,0,8,10,27,00,00,00,00,00,00,
528000,00000057,false,Rx,0,8,00,00,FE,FF,FE,FF,00,00,
555000,00000625,false,Rx,0,8,25,00,59,86,01,54,5C,06,
566000,000002C4,false,Rx,0,8,03,00,00,00,71,02,00,00,
567000,000002C5,false,Rx,0,8,00,00,00,00,00,00,00,00,
567000,000002C6,false,Rx,0,8,32,00,7C,01,00,00,00,00,
655000,00000625,false,Rx,0,8,25,00,59,86,01,54,5C,06,
0,00000054,false,Rx,0,8,00,00,FE,FF,85,02,00,00,
0,00000055,false,Rx,0,8,10,27,00,00,00,00,00,00,
0,00000056,false,Rx,0,8,10,27,00,00,00,00,00,00,
729000,00000057,false,Rx,0,8,00,00,FE,FF,FE,FF,00,00,
756000,00000625,false,Rx,0,8,25,00,59,86,01,54,5C,06,
786000,000002C4,false,Rx,0,8,03,00,00,00,71,02,00,00,
786000,000002C5,false,Rx,0,8,00,00,00,00,00,00,00,00,
787000,000002C6,false,Rx,0,8,32,00,7C,01,00,00,00,00,
856000,00000625,false,Rx,0,8,25,00,59,86,01,54,5C,06,
928000,00000054,false,Rx,0,8,00,00,FE,FF,85,02,00,00,
928000,00000055,false,Rx,0,8,10,27,00,00,00,00,00,00,
929000,00000056,false,Rx,0,8,10,27,00,00,00,00,00,00,
929000,00000057,false,Rx,0,8,00,00,FE,FF,FE,FF,00,00,
955000,00000625,false,Rx,0,8,25,00,59,86,01,54,5C,06,
6000,000002C4,false,Rx,0,8,03,00,00,00,71,02,00,00,
6000,000002C5,false,Rx,0,8,00,00,00,00,00,00,00,00,
7000,000002C6,false,Rx,0,8,32,00,7C,01,00,00,00,00,
55000,00000625,false,Rx,0,8,25,00,59,86,01,54,5C,06,
0,00000054,false,Rx,0,8,00,00,FE,FF,85,02,00,00,
0,00000055,false,Rx,0,8,10,27,00,00,00,00,00,00,
128000,00000056,false,Rx,0,8,10,27,00,00,00,00,00,00,
129000,00000057,false,Rx,0,8,00,00,FE,FF,FE,FF,00,00,
155000,00000625,false,Rx,0,8,25,00,59,86,01,54,5C,06,
227000,000002C4,false,Rx,0,8,03,00,00,00,71,02,00,00,
227000,000002C5,false,Rx,0,8,00,00,00,00,00,00,00,00,
227000,000002C6,false,Rx,0,8,32,00,7C,01,00,00,00,00,
256000,00000625,false,Rx,0,8,25,00,59,86,01,54,5C,06,
328000,00000054,false,Rx,0,8,00,00,FE,FF,85,02,00,00,
328000,00000055,false,Rx,0,8,10,27,00,00,00,00,00,00,
328000,00000056,false,Rx,0,8,10,27,00,00,00,00,00,00,
328000,00000057,false,Rx,0,8,00,00,FE,FF,FE,FF,00,00,
356000,00000625,false,Rx,0,8,25,00,59,86,01,54,5C,06,
0,000002C4,false,Rx,0,8,03,00,00,00,71,02,00,00,
0,000002C5,false,Rx,0,8,00,00,00,00,00,00,00,00,
447000,000002C6,false,Rx,0,8,32,00,7C,01,00,00,00,00,
456000,00000625,false,Rx,0,8,25,00,59,86,01,54,5C,06,
528000,00000054,false,Rx,0,8,00,00,FE,FF,85,02,00,00,
528000,00000055,false,Rx,0,8,10,27,00,00,00,00,00,00,
528000,00000056,false,Rx,0,8,10,27,00,00,00,00,00,00,
529000,00000057,false,Rx,0,8,00,00,FE,FF,FE,FF,00,00,
555000,00000625,false,Rx,0,8,25,00,59,86,01,54,5C,06,
656000,00000625,false,Rx,0,8,25,00,59,86,01,54,5C,06,
0,000002C4,false,Rx,0,8,03,00,00,00,71,02,00,00,
0,000002C5,false,Rx,0,8,00,00,00,00,00,00,00,00,
667000,000002C6,false,Rx,0,8,32,00,7C,01,00,00,00,00,
0,00000054,false,Rx,0,8,00,00,FE,FF,85,02,00,00,
0,00000055,false,Rx,0,8,10,27,00,00,00,00,00,00,
0,00000056,false,Rx,0,8,10,27,00,00,00,00,00,00,
728000,00000057,false,Rx,0,8,00,00,FE,FF,FE,FF,00,00,
755000,00000625,false,Rx,0,8,25,00,59,86,01,54,5C,06,
855000,00000625,false,Rx,0,8,25,00,59,86,01,54,5C,06,
0,000002C4,false,Rx,0,8,03,00,00,00,71,02,00,00,
0,000002C5,false,Rx,0,8,00,00,00,00,00,00,00,00,
0,000002C6,false,Rx,0,8,32,00,7C,01,00,00,00,00,
0,00000054,false,Rx,0,8,00,00,FE,FF,85,02,00,00,
0,00000055,false,Rx,0,8,10,27,00,00,00,00,00,00,
929000,00000056,false,Rx,0,8,10,27,00,00,00,00,00,00,
929000,00000057,false,Rx,0,8,00,00,FE,FF,FE,FF,00,00,
955000,00000625,false,Rx,0,8,25,00,59,86,01,54,5C,06,
56000,00000625,false,Rx,0,8,25,00,59,86,01,54,5C,06,
0,000002C4,false,Rx,0,8,03,00,00,00,71,02,00,00,
0,000002C5,false,Rx,0,8,00,00,00,00,00,00,00,00,
107000,000002C6,false,Rx,0,8,32,00,7C,01,00,00,00,00,
0,00000054,false,Rx,0,8,00,00,FE,FF,85,02,00,00,
0,00000055,false,Rx,0,8,10,27,00,00,00,00,00,00,
0,00000056,false,Rx,0,8,10,27,00,00,00,00,00,00,
128000,00000057,false,Rx,0,8,00,00,FE,FF,FE,FF,00,00,
156000,00000625,false,Rx,0,8,25,00,59,86,01,54,5C,06,
327000,000002C4,false,Rx,0,8,03,00,00,00,72,02,00,00,
327000,000002C5,false,Rx,0,8,00,00,00,00,00,00,00,00,
327000,000002C6,false,Rx,0,8,32,00,7C,01,00,00,00,00,
0,00000054,false,Rx,0,8,00,00,FE,FF,85,02,00,00,
0,00000055,false,Rx,0,8,10,27,00,00,00,00,00,00,
328000,00000056,false,Rx,0,8,10,27,00,00,00,00,00,00,
328000,00000057,false,Rx,0,8,00,00,FE,FF,FE,FF,00,00,
527000,00000054,false,Rx,0,8,00,00,FE,FF,85,02,00,00,
528000,00000055,false,Rx,0,8,10,27,00,00,00,00,00,00,
0,00000056,false,Rx,0,8,10,27,00,00,00,00,00,00,
0,00000057,false,Rx,0,8,00,00,FE,FF,FE,FF,00,00,
546000,000002C4,false,Rx,0,8,03,00,00,00,72,02,00,00,
0,000002C5,false,Rx,0,8,00,00,00,00,00,00,00,00,
0,000002C6,false,Rx,0,8,32,00,7C,01,00,00,00,00,
0,00000054,false,Rx,0,8,00,00,FE,FF,85,02,00,00,
0,00000055,false,Rx,0,8,10,27,00,00,00,00,00,00,
0,00000056,false,Rx,0,8,10,27,00,00,00,00,00,00,
728000,00000057,false,Rx,0,8,00,00,FE,FF,FE,FF,00,00,
766000,000002C4,false,Rx,0,8,03,00,00,00,72,02,00,00,
767000,000002C5,false,Rx,0,8,00,00,00,00,00,00,00,00,
767000,000002C6,false,Rx,0,8,32,00,7C,01,00,00,00,00,
0,00000054,false,Rx,0,8,00,00,FE,FF,85,02,00,00,
0,00000055,false,Rx,0,8,10,27,00,00,00,00,00,00,
929000,00000056,false,Rx,0,8,10,27,00,00,00,00,00,00,
929000,00000057,false,Rx,0,8,00,00,FE,FF,FE,FF,00,00,
0,000002C4,false,Rx,0,8,03,00,00,00,72,02,00,00,
0,000002C5,false,Rx,0,8,00,00,00,00,00,00,00,00,
0,000002C6,false,Rx,0,8,32,00,7C,01,00,00,00,00,
0,00000054,false,Rx,0,8,00,00,FE,FF,85,02,00,00,
0,00000055,false,Rx,0,8,10,27,00,00,00,00,00,00,
129000,00000056,false,Rx,0,8,10,27,00,00,00,00,00,00,
129000,00000057,false,Rx,0,8,00,00,FE,FF,FE,FF,00,00,
89000,0000060D,false,Rx,0,8,0D,10,83,B6,09,20,70,00,
0,00000054,false,Rx,0,8,00,00,FE,FF,85,02,00,00,
0,00000055,false,Rx,0,8,10,27,00,00,00,00,00,00,
0,00000056,false,Rx,0,8,10,27,00,00,00,00,00,00,
99000,00000057,false,Rx,0,8,00,00,FE,FF,FE,FF,00,00,
189000,0000060D,false,Rx,0,8,0D,10,83,B6,09,20,70,00,
288000,0000060D,false,Rx,0,8,0D,10,83,B6,09,20,70,00,
298000,00000054,false,Rx,0,8,00,00,FE,FF,85,02,00,00,
298000,00000055,false,Rx,0,8,10,27,00,00,00,00,00,00,
298000,00000056,false,Rx,0,8,10,27,00,00,00,00,00,00,
299000,00000057,false,Rx,0,8,00,00,FE,FF,FE,FF,00,00,
325000,00000625,false,Rx,0,8,25,00,58,86,01,54,5C,06,
336000,000002C4,false,Rx,0,8,02,00,00,00,73,02,00,00,
336000,000002C5,false,Rx,0,8,00,00,00,00,00,00,00,00,
336000,000002C6,false,Rx,0,8,32,00,7C,01,00,00,00,00,
388000,0000060D,false,Rx,0,8,0D,10,83,B6,09,20,70,00,
425000,00000625,false,Rx,0,8,25,00,58,86,01,54,5C,06,
488000,0000060D,false,Rx,0,8,0D,10,83,B6,09,20,70,00,
498000,00000054,false,Rx,0,8,01,05,BD,00,85,02,00,00,
498000,00000055,false,Rx,0,8,10,27,00,00,00,00,00,00,
498000,00000056,false,Rx,0,8,10,27,00,00,00,00,00,00,
499000,00000057,false,Rx,0,8,00,00,FE,FF,FE,FF,00,00,
525000,00000625,false,Rx,0,8,25,00,59,86,01,54,5C,06,
556000,000002C4,false,Rx,0,8,02,00,00,00,73,02,00,00,
557000,000002C5,false,Rx,0,8,00,00,00,00,00,00,00,00,
557000,000002C6,false,Rx,0,8,32,00,7C,01,00,00,00,00,
588000,0000060D,false,Rx,0,8,0D,10,83,B6,09,20,70,00,
626000,00000625,false,Rx,0,8,25,00,59,86,01,54,5C,06,
689000,0000060D,false,Rx,0,8,0D,10,83,B6,09,20,70,00,
0,00000054,false,Rx,0,8,01,05,BD,00,85,02,00,00,
0,00000055,false,Rx,0,8,10,27,00,00,00,00,00,00,
0,00000056,false,Rx,0,8,10,27,00,00,00,00,00,00,
699000,00000057,false,Rx,0,8,00,00,FE,FF,FE,FF,00,00,
726000,00000625,false,Rx,0,8,25,00,59,86,01,54,5C,06,
776000,000002C4,false,Rx,0,8,08,00,00,00,85,02,00,00,
777000,000002C5,false,Rx,0,8,00,00,00,00,00,00,00,00,
777000,000002C6,false,Rx,0,8,32,00,7C,01,00,00,00,00,
788000,0000060D,false,Rx,0,8,0D,10,83,B6,09,20,70,00,
825000,00000625,false,Rx,0,8,25,00,59,86,01,54,5C,06,
888000,0000060D,false,Rx,0,8,0D,10,83,B6,09,20,70,00,
0,00000054,false,Rx,0,8,01,05,BD,00,85,02,00,00,
0,00000055,false,Rx,0,8,10,27,00,00,00,00,00,00,
898000,00000056,false,Rx,0,8,10,27,00,00,00,00,00,00,
899000,00000057,false,Rx,0,8,00,00,FE,FF,FE,FF,00,00,
925000,00000625,false,Rx,0,8,25,00,59,86,01,54,5C,06,
988000,0000060D,false,Rx,0,8,0D,10,83,B6,09,20,70,00,
997000,000002C4,false,Rx,0,8,08,00,00,00,85,02,00,00,
997000,000002C5,false,Rx,0,8,00,00,00,00,00,00,00,00,
998000,000002C6,false,Rx,0,8,32,00,7C,01,00,00,00,00,
25000,00000625,false,Rx,0,8,25,00,59,86,01,54,5C,06,
89000,0000060D,false,Rx,0,8,0D,10,83,B6,09,20,70,00,
98000,00000054,false,Rx,0,8,01,05,BD,00,85,02,00,00,
98000,00000055,false,Rx,0,8,10,27,00,00,00,00,00,00,
98000,00000056,false,Rx,0,8,10,27,00,00,00,00,00,00,
98000,00000057,false,Rx,0,8,00,00,FE,FF,FE,FF,00,00,
125000,00000625,false,Rx,0,8,25,00,59,86,01,54,5C,06,
188000,0000060D,false,Rx,0,8,0D,10,83,B6,09,20,70,00,
0,000002C4,false,Rx,0,8,09,00,00,00,85,02,00,00,
0,000002C5,false,Rx,0,8,00,00,00,00,00,00,00,00,
217000,000002C6,false,Rx,0,8,32,00,7C,01,00,00,00,00,
226000,00000625,false,Rx,0,8,25,00,59,86,01,54,5C,06,
288000,0000060D,false,Rx,0,8,0D,10,83,B6,09,20,70,00,
298000,00000054,false,Rx,0,8,01,05,BD,00,85,02,00,00,
298000,00000055,false,Rx,0,8,10,27,00,00,00,00,00,00,
298000,00000056,false,Rx,0,8,10,27,00,00,00,00,00,00,
299000,00000057,false,Rx,0,8,00,00,FE,FF,FE,FF,00,00,
325000,00000625,false,Rx,0,8,25,00,59,86,01,54,5C,06,
389000,0000060D,false,Rx,0,8,0D,10,83,B6,09,20,70,00,
425000,00000625,false,Rx,0,8,25,00,59,86,01,54,5C,06,
436000,000002C4,false,Rx,0,8,09,00,00,00,85,02,00,00,
436000,000002C5,false,Rx,0,8,00,00,00,00,00,00,00,00,
437000,000002C6,false,Rx,0,8,32,00,7C,01,00,00,00,00,
488000,0000060D,false,Rx,0,8,0D,10,83,B6,09,20,70,00,
498000,00000054,false,Rx,0,8,01,05,BD,00,85,02,00,00,
498000,00000055,false,Rx,0,8,10,27,00,00,00,00,00,00,
498000,00000056,false,Rx,0,8,10,27,00,00,00,00,00,00,
499000,00000057,false,Rx,0,8,00,00,FE,FF,FE,FF,00,00,
525000,00000625,false,Rx,0,8,25,00,59,86,01,54,5C,06,
588000,0000060D,false,Rx,0,8,0D,10,83,B6,09,20,70,00,
625000,00000625,false,Rx,0,8,25,00,59,86,01,54,5C,06,
0,000002C4,false,Rx,0,8,09,00,00,00,85,02,00,00,
0,000002C5,false,Rx,0,8,00,00,00,00,00,00,00,00,
657000,000002C6,false,Rx,0,8,32,00,7C,01,00,00,00,00,
688000,0000060D,false,Rx,0,8,0D,10,83,B6,09,20,70,00,
0,00000054,false,Rx,0,8,01,05,BD,00,85,02,00,00,
0,00000055,false,Rx,0,8,10,27,00,00,00,00,00,00,
698000,00000056,false,Rx,0,8,10,27,00,00,00,00,00,00,
699000,00000057,false,Rx,0,8,00,00,FE,FF,FE,FF,00,00,
726000,00000625,false,Rx,0,8,25,00,59,86,01,54,5C,06,
788000,0000060D,false,Rx,0,8,0D,10,83,B6,09,20,70,00,
825000,00000625,false,Rx,0,8,25,00,59,86,01,54,5C,06,
876000,000002C4,false,Rx,0,8,09,00,00,00,85,02,00,00,
877000,000002C5,false,Rx,0,8,00,00,00,00,00,00,00,00,
877000,000002C6,false,Rx,0,8,32,00,7C,01,00,00,00,00,
888000,0000060D,false,Rx,0,8,0D,10,83,B6,09,20,70,00,
898000,00000054,false,Rx,0,8,01,05,BD,00,85,02,00,00,
898000,00000055,false,Rx,0,8,10,27,00,00,00,00,00,00,
899000,00000056,false,Rx,0,8,10,27,00,00,00,00,00,00,
899000,00000057,false,Rx,0,8,00,00,FE,FF,FE,FF,00,00,
926000,00000625,false,Rx,0,8,25,00,59,86,01,54,5C,06,
988000,0000060D,false,Rx,0,8,0D,10,83,B6,09,20,70,00,
26000,00000625,false,Rx,0,8,25,00,59,86,01,54,5C,06,
89000,0000060D,false,Rx,0,8,0D,10,83,B6,09,20,70,00,
0,000002C4,false,Rx,0,8,09,00,00,00,85,02,00,00,
0,000002C5,false,Rx,0,8,00,00,00,00,00,00,00,00,
97000,000002C6,false,Rx,0,8,32,00,7C,01,00,00,00,00,
97000,00000054,false,Rx,0,8,01,05,BD,00,85,02,00,00,
98000,00000055,false,Rx,0,8,10,27,00,00,00,00,00,00,
98000,00000056,false,Rx,0,8,10,27,00,00,00,00,00,00,
98000,00000057,false,Rx,0,8,00,00,FE,FF,FE,FF,00,00,
126000,00000625,false,Rx,0,8,25,00,59,86,01,54,5C,06,
188000,0000060D,false,Rx,0,8,0D,10,83,B6,09,20,70,00,
226000,00000625,false,Rx,0,8,25,00,59,86,01,54,5C,06,
288000,0000060D,false,Rx,0,8,0D,10,83,B6,09,20,70,00,
298000,00000054,false,Rx,0,8,01,05,BD,00,85,02,00,00,
298000,00000055,false,Rx,0,8,10,27,00,00,00,00,00,00,
299000,00000056,false,Rx,0,8,10,27,00,00,00,00,00,00,
299000,00000057,false,Rx,0,8,00,00,FE,FF,FE,FF,00,00,
0,000002C4,false,Rx,0,8,09,00,00,00,85,02,00,00,
0,000002C5,false,Rx,0,8,00,00,00,00,00,00,00,00,
317000,000002C6,false,Rx,0,8,32,00,7C,01,00,00,00,00,
326000,00000625,false,Rx,0,8,25,00,59,86,01,54,5C,06,
388000,0000060D,false,Rx,0,8,0D,10,83,B6,09,20,70,00,
426000,00000625,false,Rx,0,8,25,00,59,86,01,54,5C,06,
488000,0000060D,false,Rx,0,8,0D,10,83,B6,09,20,70,00,
498000,00000054,false,Rx,0,8,01,05,BD,00,85,02,00,00,
498000,00000055,false,Rx,0,8,10,27,00,00,00,00,00,00,
498000,00000056,false,Rx,0,8,10,27,00,00,00,00,00,00,
498000,00000057,false,Rx,0,8,00,00,FE,FF,FE,FF,00,00,
525000,00000625,false,Rx,0,8,25,00,59,86,01,54,5C,06,
536000,000002C4,false,Rx,0,8,09,00,00,00,85,02,00,00,
0,000002C5,false,Rx,0,8,00,00,00,00,00,00,00,00,
0,000002C6,false,Rx,0,8,32,00,7C,01,00,00,00,00,
588000,0000060D,false,Rx,0,8,0D,10,83,B6,09,20,70,00,
625000,00000625,false,Rx,0,8,25,00,59,86,01,54,5C,06,
689000,0000060D,false,Rx,0,8,0D,10,83,B6,09,20,70,00,
0,00000054,false,Rx,0,8,01,05,BD,00,85,02,00,00,
0,00000055,false,Rx,0,8,10,27,00,00,00,00,00,00,
699000,00000056,false,Rx,0,8,10,27,00,00,00,00,00,00,
699000,00000057,false,Rx,0,8,00,00,FE,FF,FE,FF,00,00,
726000,00000625,false,Rx,0,8,25,00,59,86,01,54,5C,06,
0,000002C4,false,Rx,0,8,09,00,00,00,85,02,00,00,
0,000002C5,false,Rx,0,8,00,00,00,00,00,00,00,00,
758000,000002C6,false,Rx,0,8,32,00,7C,01,00,00,00,00,
788000,0000060D,false,Rx,0,8,0D,10,83,B6,09,20,70,00,
826000,00000625,false,Rx,0,8,25,00,59,86,01,54,5C,06,
888000,0000060D,false,Rx,0,8,0D,10,83,B6,09,20,70,00,
897000,00000054,false,Rx,0,8,01,05,BD,00,85,02,00,00,
898000,00000055,false,Rx,0,8,10,27,00,00,00,00,00,00,
898000,00000056,false,Rx,0,8,10,27,00,00,00,00,00,00,
898000,00000057,false,Rx,0,8,00,00,FE,FF,FE,FF,00,00,
925000,00000625,false,Rx,0,8,25,00,59,86,01,54,5C,06,
976000,000002C4,false,Rx,0,8,09,00,00,00,85,02,00,00,
976000,000002C5,false,Rx,0,8,00,00,00,00,00,00,00,00,
976000,000002C6,false,Rx,0,8,32,00,7C,01,00,00,00,00,
988000,0000060D,false,Rx,0,8,0D,10,83,B6,09,20,70,00,
25000,00000625,false,Rx,0,8,25,00,59,86,01,54,5C,06,
89000,0000060D,false,Rx,0,8,0D,10,83,B6,09,20,70,00,
0,00000054,false,Rx,0,8,01,05,BD,00,85,02,00,00,
0,00000055,false,Rx,0,8,10,27,00,00,00,00,00,00,
98000,00000056,false,Rx,0,8,10,27,00,00,00,00,00,00,
98000,00000057,false,Rx,0,8,00,00,FE,FF,FE,FF,00,00,
126000,00000625,false,Rx,0,8,25,00,59,86,01,54,5C,06,
189000,0000060D,false,Rx,0,8,0D,10,83,B6,09,20,70,00,
0,000002C4,false,Rx,0,8,09,00,00,00,85,02,00,00,
0,000002C5,false,Rx,0,8,00,00,00,00,00,00,00,00,
197000,000002C6,false,Rx,0,8,32,00,7C,01,00,00,00,00,
225000,00000625,false,Rx,0,8,25,00,59,86,01,54,5C,06,
287000,0000060D,false,Rx,0,8,0D,10,83,B6,09,20,70,00,
298000,00000054,false,Rx,0,8,01,05,BD,00,85,02,00,00,
0,00000055,false,Rx,0,8,10,27,00,00,00,00,00,00,
0,00000056,false,Rx,0,8,10,27,00,00,00,00,00,00,
299000,00000057,false,Rx,0,8,00,00,FE,FF,FE,FF,00,00,
325000,00000625,false,Rx,0,8,25,00,59,86,01,54,5C,06,
389000,0000060D,false,Rx,0,8,0D,10,83,B6,09,20,70,00,
0,000002C4,false,Rx,0,8,09,00,00,00,85,02,00,00,
0,000002C5,false,Rx,0,8,00,00,00,00,00,00,00,00,
0,000002C6,false,Rx,0,8,32,00,7C,01,00,00,00,00,
426000,00000625,false,Rx,0,8,25,00,59,86,01,54,5C,06,
487000,0000060D,false,Rx,0,8,0D,10,83,B6,09,20,70,00,
498000,00000054,false,Rx,0,8,01,05,BD,00,85,02,00,00,
498000,00000055,false,Rx,0,8,10,27,00,00,00,00,00,00,
498000,00000056,false,Rx,0,8,10,27,00,00,00,00,00,00,
499000,00000057,false,Rx,0,8,00,00,FE,FF,FE,FF,00,00,
525000,00000625,false,Rx,0,8,25,00,59,86,01,54,5C,06,
588000,0000060D,false,Rx,0,8,0D,10,83,B6,09,20,70,00,
625000,00000625,false,Rx,0,8,25,00,59,86,01,54,5C,06,
0,000002C4,false,Rx,0,8,09,00,00,00,85,02,00,00,
0,000002C5,false,Rx,0,8,00,00,00,00,00,00,00,00,
637000,000002C6,false,Rx,0,8,32,00,7C,01,00,00,00,00,
689000,0000060D,false,Rx,0,8,0D,10,83,B6,09,20,70,00,
0,00000054,false,Rx,0,8,01,05,BD,00,85,02,00,00,
0,00000055,false,Rx,0,8,10,27,00,00,00,00,00,00,
0,00000056,false,Rx,0,8,10,27,00,00,00,00,00,00,
699000,00000057,false,Rx,0,8,00,00,FE,FF,FE,FF,00,00,
726000,00000625,false,Rx,0,8,25,00,59,86,01,54,5C,06,
788000,0000060D,false,Rx,0,8,0D,10,83,B6,09,20,70,00,
825000,00000625,false,Rx,0,8,25,00,59,86,01,54,5C,06,
857000,000002C4,false,Rx,0,8,09,00,00,00,85,02,00,00,
857000,000002C5,false,Rx,0,8,00,00,00,00,00,00,00,00,
857000,000002C6,false,Rx,0,8,32,00,7C,01,00,00,00,00,
888000,0000060D,false,Rx,0,8,0D,10,83,B6,09,20,70,00,
0,00000054,false,Rx,0,8,01,05,BD,00,85,02,00,00,
0,00000055,false,Rx,0,8,10,27,00,00,00,00,00,00,
898000,00000056,false,Rx,0,8,10,27,00,00,00,00,00,00,
898000,00000057,false,Rx,0,8,00,00,FE,FF,FE,FF,00,00,
926000,00000625,false,Rx,0,8,25,00,59,86,01,54,5C,06,
989000,0000060D,false,Rx,0,8,0D,10,83,B6,09,20,70,00,
26000,00000625,false,Rx,0,8,25,00,59,86,01,54,5C,06,
77000,000002C4,false,Rx,0,8,09,00,00,00,85,02,00,00,
77000,000002C5,false,Rx,0,8,00,00,00,00,00,00,00,00,
78000,000002C6,false,Rx,0,8,32,00,7C,01,00,00,00,00,
88000,0000060D,false,Rx,0,8,0D,10,83,B6,09,20,70,00,
97000,00000054,false,Rx,0,8,01,05,BD,00,85,02,00,00,
98000,00000055,false,Rx,0,8,10,27,00,00,00,00,00,00,
98000,00000056,false,Rx,0,8,10,27,00,00,00,00,00,00,
98000,00000057,false,Rx,0,8,00,00,FE,FF,FE,FF,00,00,
125000,00000625,false,Rx,0,8,25,00,59,86,01,54,5C,06,
189000,0000060D,false,Rx,0,8,0D,10,83,B6,09,20,70,00,
226000,00000625,false,Rx,0,8,25,00,59,86,01,54,5C,06,
288000,0000060D,false,Rx,0,8,0D,10,83,B6,09,20,70,00,
296000,000002C4,false,Rx,0,8,09,00,00,00,85,02,00,00,
297000,000002C5,false,Rx,0,8,00,00,00,00,00,00,00,00,
297000,000002C6,false,Rx,0,8,32,00,7C,01,00,00,00,00,
0,00000054,false,Rx,0,8,01,05,BD,00,85,02,00,00,
0,00000055,false,Rx,0,8,10,27,00,00,00,00,00,00,
0,00000056,false,Rx,0,8,10,27,00,00,00,00,00,00,
0,00000057,false,Rx,0,8,00,00,FE,FF,FE,FF,00,00,
325000,00000625,false,Rx,0,8,25,00,59,86,01,54,5C,06,
388000,0000060D,false,Rx,0,8,0D,10,83,B6,09,20,70,00,
426000,00000625,false,Rx,0,8,25,00,59,86,01,54,5C,06,
488000,0000060D,false,Rx,0,8,0D,10,83,B6,09,20,70,00,
0,00000054,false,Rx,0,8,01,05,BD,00,85,02,00,00,
0,00000055,false,Rx,0,8,10,27,00,00,00,00,00,00,
499000,00000056,false,Rx,0,8,10,27,00,00,00,00,00,00,
499000,00000057,false,Rx,0,8,00,00,FE,FF,FE,FF,00,00,
517000,000002C4,false,Rx,0,8,09,00,00,00,85,02,00,00,
517000,000002C5,false,Rx,0,8,00,00,00,00,00,00,00,00,
517000,000002C6,false,Rx,0,8,32,00,7C,01,00,00,00,00,
525000,00000625,false,Rx,0,8,25,00,59,86,01,54,5C,06,
588000,0000060D,false,Rx,0,8,0D,10,83,B6,09,20,70,00,
625000,00000625,false,Rx,0,8,25,00,59,86,01,54,5C,06,
688000,0000060D,false,Rx,0,8,0D,10,83,B6,09,20,70,00,
0,00000054,false,Rx,0,8,01,05,BD,00,85,02,00,00,
0,00000055,false,Rx,0,8,10,27,00,00,00,00,00,00,
0,00000056,false,Rx,0,8,10,27,00,00,00,00,00,00,
699000,00000057,false,Rx,0,8,00,00,FE,FF,FE,FF,00,00,
726000,00000625,false,Rx,0,8,25,00,59,86,01,54,5C,06,
737000,000002C4,false,Rx,0,8,09,00,00,00,85,02,00,00,
0,000002C5,false,Rx,0,8,00,00,00,00,00,00,00,00,
0,000002C6,false,Rx,0,8,32,00,7C,01,00,00,00,00,
788000,0000060D,false,Rx,0,8,0D,10,83,B6,09,20,70,00,
826000,00000625,false,Rx,0,8,25,00,59,86,01,54,5C,06,
888000,0000060D,false,Rx,0,8,0D,10,83,B6,09,20,70,00,
0,00000054,false,Rx,0,8,01,05,BD,00,85,02,00,00,
0,00000055,false,Rx,0,8,10,27,00,00,00,00,00,00,
898000,00000056,false,Rx,0,8,10,27,00,00,00,00,00,00,
898000,00000057,false,Rx,0,8,00,00,FE,FF,FE,FF,00,00,
926000,00000625,false,Rx,0,8,25,00,59,86,01,54,5C,06,
957000,000002C4,false,Rx,0,8,09,00,00,00,85,02,00,00,
957000,000002C5,false,Rx,0,8,00,00,00,00,00,00,00,00,
957000,000002C6,false,Rx,0,8,32,00,7C,01,00,00,00,00,
988000,0000060D,false,Rx,0,8,0D,10,83,B6,09,20,70,00,
26000,00000625,false,Rx,0,8,25,00,59,86,01,54,5C,06,
88000,0000060D,false,Rx,0,8,0D,10,83,B6,09,20,70,00,
98000,00000054,false,Rx,0,8,01,05,BD,00,85,02,00,00,
98000,00000055,false,Rx,0,8,10,27,00,00,00,00,00,00,
99000,00000056,false,Rx,0,8,10,27,00,00,00,00,00,00,
99000,00000057,false,Rx,0,8,00,00,FE,FF,FE,FF,00,00,
125000,00000625,false,Rx,0,8,25,00,59,86,01,54,5C,06,
177000,000002C4,false,Rx,0,8,09,00,00,00,85,02,00,00,
177000,000002C5,false,Rx,0,8,00,00,00,00,00,00,00,00,
177000,000002C6,false,Rx,0,8,32,00,7C,01,00,00,00,00,
188000,0000060D,false,Rx,0,8,0D,10,83,B6,09,20,70,00,
226000,00000625,false,Rx,0,8,25,00,59,86,01,54,5C,06,
288000,0000060D,false,Rx,0,8,0D,10,83,B6,09,20,70,00,
0,00000054,false,Rx,0,8,01,05,BD,00,85,02,00,00,
0,00000055,false,Rx,0,8,10,27,00,00,00,00,00,00,
0,00000056,false,Rx,0,8,10,27,00,00,00,00,00,00,
298000,00000057,false,Rx,0,8,00,00,FE,FF,FE,FF,00,00,
325000,00000625,false,Rx,0,8,25,00,59,86,01,54,5C,06,
388000,0000060D,false,Rx,0,8,0D,10,83,B6,09,20,70,00,
396000,000002C4,false,Rx,0,8,09,00,00,00,85,02,00,00,
396000,000002C5,false,Rx,0,8,00,00,00,00,00,00,00,00,
397000,000002C6,false,Rx,0,8,32,00,7C,01,00,00,00,00,
426000,00000625,false,Rx,0,8,25,00,59,86,01,54,5C,06,
489000,0000060D,false,Rx,0,8,0D,10,83,B6,09,20,70,00,
0,00000054,false,Rx,0,8,01,05,BD,00,85,02,00,00,
0,00000055,false,Rx,0,8,10,27,00,00,00,00,00,00,
0,00000056,false,Rx,0,8,10,27,00,00,00,00,00,00,
499000,00000057,false,Rx,0,8,00,00,FE,FF,FE,FF,00,00,
526000,00000625,false,Rx,0,8,25,00,59,86,01,54,5C,06,
588000,0000060D,false,Rx,0,8,0D,10,83,B6,09,20,70,00,
0,000002C4,false,Rx,0,8,09,00,00,00,85,02,00,00,
0,000002C5,false,Rx,0,8,00,00,00,00,00,00,00,00,
617000,000002C6,false,Rx,0,8,32,00,7C,01,00,00,00,00,
626000,00000625,false,Rx,0,8,25,00,59,86,01,54,5C,06,
689000,0000060D,false,Rx,0,8,0D,10,83,B6,09,20,70,00,
0,00000054,false,Rx,0,8,01,05,BD,00,85,02,00,00,
0,00000055,false,Rx,0,8,10,27,00,00,00,00,00,00,
0,00000056,false,Rx,0,8,10,27,00,00,00,00,00,00,
699000,00000057,false,Rx,0,8,00,00,FE,FF,FE,FF,00,00,
727000,00000625,false,Rx,0,8,25,00,59,86,01,54,5C,06,
788000,0000060D,false,Rx,0,8,0D,10,83,B6,09,20,70,00,
825000,00000625,false,Rx,0,8,25,00,59,86,01,54,5C,06,
837000,000002C4,false,Rx,0,8,09,00,00,00,85,02,00,00,
837000,000002C5,false,Rx,0,8,00,00,00,00,00,00,00,00,
837000,000002C6,false,Rx,0,8,32,00,7C,01,00,00,00,00,
888000,0000060D,false,Rx,0,8,0D,10,83,B6,09,20,70,00,
0,00000054,false,Rx,0,8,01,05,BD,00,85,02,00,00,
0,00000055,false,Rx,0,8,10,27,00,00,00,00,00,00,
898000,00000056,false,Rx,0,8,10,27,00,00,00,00,00,00,
898000,00000057,false,Rx,0,8,00,00,FE,FF,FE,FF,00,00,
926000,00000625,false,Rx,0,8,25,00,59,86,01,54,5C,06,
988000,0000060D,false,Rx,0,8,0D,10,83,B6,09,20,70,00,
26000,00000625,false,Rx,0,8,25,00,59,86,01,54,5C,06,
56000,000002C4,false,Rx,0,8,09,00,00,00,85,02,00,00,
57000,000002C5,false,Rx,0,8,00,00,00,00,00,00,00,00,
57000,000002C6,false,Rx,0,8,32,00,7C,01,00,00,00,00,
88000,0000060D,false,Rx,0,8,0D,10,83,B6,09,20,70,00,
97000,00000054,false,Rx,0,8,01,05,BD,00,85,02,00,00,
97000,00000055,false,Rx,0,8,10,27,00,00,00,00,00,00,
98000,00000056,false,Rx,0,8,10,27,00,00,00,00,00,00,
98000,00000057,false,Rx,0,8,00,00,FE,FF,FE,FF,00,00,
126000,00000625,false,Rx,0,8,25,00,59,86,01,54,5C,06,
188000,0000060D,false,Rx,0,8,0D,10,83,B6,09,20,70,00,
226000,00000625,false,Rx,0,8,25,00,59,86,01,54,5C,06,
276000,000002C4,false,Rx,0,8,09,00,00,00,85,02,00,00,
276000,000002C5,false,Rx,0,8,00,00,00,00,00,00,00,00,
277000,000002C6,false,Rx,0,8,32,00,7C,01,00,00,00,00,
288000,0000060D,false,Rx,0,8,0D,10,83,B6,09,20,70,00,
298000,00000054,false,Rx,0,8,01,05,BD,00,85,02,00,00,
0,00000055,false,Rx,0,8,10,27,00,00,00,00,00,00,
0,00000056,false,Rx,0,8,10,27,00,00,00,00,00,00,
298000,00000057,false,Rx,0,8,00,00,FE,FF,FE,FF,00,00,
325000,00000625,false,Rx,0,8,25,00,59,86,01,54,5C,06,
389000,0000060D,false,Rx,0,8,0D,10,83,B6,09,20,70,00,
426000,00000625,false,Rx,0,8,25,00,59,86,01,54,5C,06,
488000,0000060D,false,Rx,0,8,0D,10,83,B6,09,20,70,00,
497000,000002C4,false,Rx,0,8,09,00,00,00,85,02,00,00,
497000,000002C5,false,Rx,0,8,00,00,00,00,00,00,00,00,
497000,000002C6,false,Rx,0,8,32,00,7C,01,00,00,00,00,
498000,00000054,false,Rx,0,8,01,05,BD,00,85,02,00,00,
498000,00000055,false,Rx,0,8,10,27,00,00,00,00,00,00,
0,00000056,false,Rx,0,8,10,27,00,00,00,00,00,00,
0,00000057,false,Rx,0,8,00,00,FE,FF,FE,FF,00,00,
526000,00000625,false,Rx,0,8,25,00,59,86,01,54,5C,06,
588000,0000060D,false,Rx,0,8,0D,10,83,B6,09,20,70,00,
625000,00000625,false,Rx,0,8,25,00,59,86,01,54,5C,06,
688000,0000060D,false,Rx,0,8,0D,10,83,B6,09,20,70,00,
698000,00000054,false,Rx,0,8,01,05,BD,00,85,02,00,00,
698000,00000055,false,Rx,0,8,10,27,00,00,00,00,00,00,
699000,00000056,false,Rx,0,8,10,27,00,00,00,00,00,00,
699000,00000057,false,Rx,0,8,00,00,FE,FF,FE,FF,00,00,
716000,000002C4,false,Rx,0,8,09,00,00,00,85,02,00,00,
717000,000002C5,false,Rx,0,8,00,00,00,00,00,00,00,00,
717000,000002C6,false,Rx,0,8,32,00,7C,01,00,00,00,00,
725000,00000625,false,Rx,0,8,25,00,59,86,01,54,5C,06,
788000,0000060D,false,Rx,0,8,0D,10,83,B6,09,20,70,00,
825000,00000625,false,Rx,0,8,25,00,59,86,01,54,5C,06,
888000,0000060D,false,Rx,0,8,0D,10,83,B6,09,20,70,00,
898000,00000054,false,Rx,0,8,01,05,BD,00,85,02,00,00,
898000,00000055,false,Rx,0,8,10,27,00,00,00,00,00,00,
898000,00000056,false,Rx,0,8,10,27,00,00,00,00,00,00,
898000,00000057,false,Rx,0,8,00,00,FE,FF,FE,FF,00,00,
926000,00000625,false,Rx,0,8,25,00,59,86,01,54,5C,06,
937000,000002C4,false,Rx,0,8,09,00,00,00,85,02,00,00,
937000,000002C5,false,Rx,0,8,00,00,00,00,00,00,00,00,
937000,000002C6,false,Rx,0,8,32,00,7C,01,00,00,00,00,
988000,0000060D,false,Rx,0,8,0D,10,83,B6,09,20,70,00,
25000,00000625,false,Rx,0,8,25,00,59,86,01,54,5C,06,
89000,0000060D,false,Rx,0,8,0D,10,83,B6,09,20,70,00,
98000,00000054,false,Rx,0,8,01,05,BD,00,85,02,00,00,
98000,00000055,false,Rx,0,8,10,27,00,00,00,00,00,00,
98000,00000056,false,Rx,0,8,10,27,00,00,00,00,00,00,
98000,00000057,false,Rx,0,8,00,00,FE,FF,FE,FF,00,00,
125000,00000625,false,Rx,0,8,25,00,59,86,01,54,5C,06,
0,000002C4,false,Rx,0,8,09,00,00,00,85,02,00,00,
0,000002C5,false,Rx,0,8,00,00,00,00,00,00,00,00,
157000,000002C6,false,Rx,0,8,32,00,7C,01,00,00,00,00,
188000,0000060D,false,Rx,0,8,0D,10,83,B6,09,20,70,00,
226000,00000625,false,Rx,0,8,25,00,59,86,01,54,5C,06,
288000,0000060D,false,Rx,0,8,0D,10,83,B6,09,20,70,00,
298000,00000054,false,Rx,0,8,01,05,BD,00,85,02,00,00,
298000,00000055,false,Rx,0,8,10,27,00,00,00,00,00,00,
0,00000056,false,Rx,0,8,10,27,00,00,00,00,00,00,
0,00000057,false,Rx,0,8,00,00,FE,FF,FE,FF,00,00,
325000,00000625,false,Rx,0,8,25,00,59,86,01,54,5C,06,
377000,000002C4,false,Rx,0,8,09,00,00,00,85,02,00,00,
377000,000002C5,false,Rx,0,8,00,00,00,00,00,00,00,00,
377000,000002C6,false,Rx,0,8,32,00,7C,01,00,00,00,00,
388000,0000060D,false,Rx,0,8,0D,10,83,B6,09,20,70,00,
425000,00000625,false,Rx,0,8,25,00,59,86,01,54,5C,06,
488000,0000060D,false,Rx,0,8,0D,10,83,B6,09,20,70,00,
498000,00000054,false,Rx,0,8,01,05,BD,00,85,02,00,00,
498000,00000055,false,Rx,0,8,10,27,00,00,00,00,00,00,
498000,00000056,false,Rx,0,8,10,27,00,00,00,00,00,00,
498000,00000057,false,Rx,0,8,00,00,FE,FF,FE,FF,00,00,
526000,00000625,false,Rx,0,8,25,00,59,86,01,54,5C,06,
588000,0000060D,false,Rx,0,8,0D,10,83,B6,09,20,70,00,
597000,000002C4,false,Rx,0,8,09,00,00,00,85,02,00,00,
597000,000002C5,false,Rx,0,8,00,00,00,00,00,00,00,00,
598000,000002C6,false,Rx,0,8,32,00,7C,01,00,00,00,00,
626000,00000625,false,Rx,0,8,25,00,59,86,01,54,5C,06,
689000,0000060D,false,Rx,0,8,0D,10,83,B6,09,20,70,00,
698000,00000054,false,Rx,0,8,01,05,BD,00,85,02,00,00,
698000,00000055,false,Rx,0,8,10,27,00,00,00,00,00,00,
0,00000056,false,Rx,0,8,10,27,00,00,00,00,00,00,
0,00000057,false,Rx,0,8,00,00,FE,FF,FE,FF,00,00,
725000,00000625,false,Rx,0,8,25,00,59,86,01,54,5C,06,
788000,0000060D,false,Rx,0,8,0D,10,83,B6,09,20,70,00,
816000,000002C4,false,Rx,0,8,09,00,00,00,85,02,00,00,
816000,000002C5,false,Rx,0,8,00,00,00,00,00,00,00,00,
817000,000002C6,false,Rx,0,8,32,00,7C,01,00,00,00,00,
826000,00000625,false,Rx,0,8,25,00,59,86,01,54,5C,06,
889000,0000060D,false,Rx,0,8,0D,10,83,B6,09,20,70,00,
0,00000054,false,Rx,0,8,01,05,BD,00,85,02,00,00,
0,00000055,false,Rx,0,8,10,27,00,00,00,00,00,00,
899000,00000056,false,Rx,0,8,10,27,00,00,00,00,00,00,
899000,00000057,false,Rx,0,8,00,00,FE,FF,FE,FF,00,00,
926000,00000625,false,Rx,0,8,25,00,59,86,01,54,5C,06,
988000,0000060D,false,Rx,0,8,0D,10,83,B6,09,20,70,00,
25000,00000625,false,Rx,0,8,25,00,59,86,01,54,5C,06,
36000,000002C4,false,Rx,0,8,09,00,00,00,85,02,00,00,
37000,000002C5,false,Rx,0,8,00,00,00,00,00,00,00,00,
37000,000002C6,false,Rx,0,8,32,00,7C,01,00,00,00,00,
87000,0000060D,false,Rx,0,8,0D,10,83,B6,09,20,70,00,
0,00000054,false,Rx,0,8,01,05,BD,00,85,02,00,00,
0,00000055,false,Rx,0,8,10,27,00,00,00,00,00,00,
98000,00000056,false,Rx,0,8,10,27,00,00,00,00,00,00,
99000,00000057,false,Rx,0,8,00,00,FE,FF,FE,FF,00,00,
126000,00000625,false,Rx,0,8,25,00,59,86,01,54,5C,06,
188000,0000060D,false,Rx,0,8,0D,10,83,B6,09,20,70,00,
225000,00000625,false,Rx,0,8,25,00,59,86,01,54,5C,06,
256000,000002C4,false,Rx,0,8,09,00,00,00,85,02,00,00,
256000,000002C5,false,Rx,0,8,00,00,00,00,00,00,00,00,
257000,000002C6,false,Rx,0,8,32,00,7C,01,00,00,00,00,
288000,0000060D,false,Rx,0,8,0D,10,83,B6,09,20,70,00,
298000,00000054,false,Rx,0,8,01,05,BD,00,85,02,00,00,
298000,00000055,false,Rx,0,8,10,27,00,00,00,00,00,00,
0,00000056,false,Rx,0,8,10,27,00,00,00,00,00,00,
0,00000057,false,Rx,0,8,00,00,FE,FF,FE,FF,00,00,
325000,00000625,false,Rx,0,8,25,00,59,86,01,54,5C,06,
388000,0000060D,false,Rx,0,8,0D,10,83,B6,09,20,70,00,
426000,00000625,false,Rx,0,8,25,00,59,86,01,54,5C,06,
0,000002C4,false,Rx,0,8,09,00,00,00,85,02,00,00,
0,000002C5,false,Rx,0,8,00,00,00,00,00,00,00,00,
477000,000002C6,false,Rx,0,8,32,00,7C,01,00,00,00,00,
488000,0000060D,false,Rx,0,8,0D,10,83,B6,09,20,70,00,
498000,00000054,false,Rx,0,8,01,05,BD,00,85,02,00,00,
498000,00000055,false,Rx,0,8,10,27,00,00,00,00,00,00,
498000,00000056,false,Rx,0,8,10,27,00,00,00,00,00,00,
499000,00000057,false,Rx,0,8,00,00,FE,FF,FE,FF,00,00,
525000,00000625,false,Rx,0,8,25,00,59,86,01,54,5C,06,
588000,0000060D,false,Rx,0,8,0D,10,83,B6,09,20,70,00,
626000,00000625,false,Rx,0,8,25,00,59,86,01,54,5C,06,
688000,0000060D,false,Rx,0,8,0D,10,83,B6,09,20,70,00,
0,000002C4,false,Rx,0,8,09,00,00,00,85,02,00,00,
0,000002C5,false,Rx,0,8,00,00,00,00,00,00,00,00,
0,000002C6,false,Rx,0,8,32,00,7C,01,00,00,00,00,
0,00000054,false,Rx,0,8,01,05,BD,00,85,02,00,00,
0,00000055,false,Rx,0,8,10,27,00,00,00,00,00,00,
0,00000056,false,Rx,0,8,10,27,00,00,00,00,00,00,
699000,00000057,false,Rx,0,8,00,00,FE,FF,FE,FF,00,00,
726000,00000625,false,Rx,0,8,25,00,59,86,01,54,5C,06,
787000,0000060D,false,Rx,0,8,0D,10,83,B6,09,20,70,00,
825000,00000625,false,Rx,0,8,25,00,59,86,01,54,5C,06,
888000,0000060D,false,Rx,0,8,0D,10,83,B6,09,20,70,00,
0,00000054,false,Rx,0,8,01,05,BD,00,85,02,00,00,
0,00000055,false,Rx,0,8,10,27,00,00,00,00,00,00,
899000,00000056,false,Rx,0,8,10,27,00,00,00,00,00,00,
899000,00000057,false,Rx,0,8,00,00,FE,FF,FE,FF,00,00,
0,000002C4,false,Rx,0,8,09,00,00,00,85,02,00,00,
0,000002C5,false,Rx,0,8,00,00,00,00,00,00,00,00,
918000,000002C6,false,Rx,0,8,32,00,7C,01,00,00,00,00,
926000,00000625,false,Rx,0,8,25,00,59,86,01,54,5C,06,
988000,0000060D,false,Rx,0,8,0D,10,83,B6,09,20,70,00,
25000,00000625,false,Rx,0,8,25,00,59,86,01,54,5C,06,
89000,0000060D,false,Rx,0,8,0D,10,83,B6,09,20,70,00,
0,00000054,false,Rx,0,8,01,05,BD,00,85,02,00,00,
0,00000055,false,Rx,0,8,10,27,00,00,00,00,00,00,
0,00000056,false,Rx,0,8,10,27,00,00,00,00,00,00,
0,00000057,false,Rx,0,8,00,00,FE,FF,FE,FF,00,00,
126000,00000625,false,Rx,0,8,25,00,59,86,01,54,5C,06,
0,000002C4,false,Rx,0,8,09,00,00,00,85,02,00,00,
0,000002C5,false,Rx,0,8,00,00,00,00,00,00,00,00,
137000,000002C6,false,Rx,0,8,32,00,7C,01,00,00,00,00,
188000,0000060D,false,Rx,0,8,0D,10,83,B6,09,20,70,00,
226000,00000625,false,Rx,0,8,25,00,59,86,01,54,5C,06,
288000,0000060D,false,Rx,0,8,0D,10,83,B6,09,20,70,00,
297000,00000054,false,Rx,0,8,01,05,BD,00,85,02,00,00,
298000,00000055,false,Rx,0,8,10,27,00,00,00,00,00,00,
298000,00000056,false,Rx,0,8,10,27,00,00,00,00,00,00,
298000,00000057,false,Rx,0,8,00,00,FE,FF,FE,FF,00,00,
326000,00000625,false,Rx,0,8,25,00,59,86,01,54,5C,06,
0,000002C4,false,Rx,0,8,09,00,00,00,85,02,00,00,
0,000002C5,false,Rx,0,8,00,00,00,00,00,00,00,00,
357000,000002C6,false,Rx,0,8,32,00,7C,01,00,00,00,00,
388000,0000060D,false,Rx,0,8,0D,10,83,B6,09,20,70,00,
426000,00000625,false,Rx,0,8,25,00,59,86,01,54,5C,06,
488000,0000060D,false,Rx,0,8,0D,10,83,B6,09,20,70,00,
498000,00000054,false,Rx,0,8,01,05,BD,00,85,02,00,00,
499000,00000055,false,Rx,0,8,10,27,00,00,00,00,00,00,
499000,00000056,false,Rx,0,8,10,27,00,00,00,00,00,00,
499000,00000057,false,Rx,0,8,00,00,FE,FF,FE,FF,00,00,
526000,00000625,false,Rx,0,8,25,00,59,86,01,54,5C,06,
577000,000002C4,false,Rx,0,8,09,00,00,00,85,02,00,00,
577000,000002C5,false,Rx,0,8,00,00,00,00,00,00,00,00,
577000,000002C6,false,Rx,0,8,32,00,7C,01,00,00,00,00,
588000,0000060D,false,Rx,0,8,0D,10,83,B6,09,20,70,00,
626000,00000625,false,Rx,0,8,25,00,59,86,01,54,5C,06,
689000,0000060D,false,Rx,0,8,0D,10,83,B6,09,20,70,00,
0,00000054,false,Rx,0,8,01,05,BD,00,85,02,00,00,
0,00000055,false,Rx,0,8,10,27,00,00,00,00,00,00,
699000,00000056,false,Rx,0,8,10,27,00,00,00,00,00,00,
699000,00000057,false,Rx,0,8,00,00,FE,FF,FE,FF,00,00,
726000,00000625,false,Rx,0,8,25,00,59,86,01,54,5C,06,
788000,0000060D,false,Rx,0,8,0D,10,83,B6,09,20,70,00,
797000,000002C4,false,Rx,0,8,09,00,00,00,85,02,00,00,
797000,000002C5,false,Rx,0,8,00,00,00,00,00,00,00,00,
798000,000002C6,false,Rx,0,8,32,00,7C,01,00,00,00,00,
825000,00000625,false,Rx,0,8,25,00,59,86,01,54,5C,06,
888000,0000060D,false,Rx,0,8,0D,10,83,B6,09,20,70,00,
898000,00000054,false,Rx,0,8,01,05,BD,00,85,02,00,00,
898000,00000055,false,Rx,0,8,10,27,00,00,00,00,00,00,
898000,00000056,false,Rx,0,8,10,27,00,00,00,00,00,00,
898000,00000057,false,Rx,0,8,00,00,FE,FF,FE,FF,00,00,
925000,00000625,false,Rx,0,8,25,00,59,86,01,54,5C,06,
988000,0000060D,false,Rx,0,8,0D,10,83,B6,09,20,70,00,
0,000002C4,false,Rx,0,8,09,00,00,00,85,02,00,00,
0,000002C5,false,Rx,0,8,00,00,00,00,00,00,00,00,
17000,000002C6,false,Rx,0,8,32,00,7C,01,00,00,00,00,
25000,00000625,false,Rx,0,8,25,00,59,86,01,54,5C,06,
88000,0000060D,false,Rx,0,8,0D,10,83,B6,09,20,70,00,
98000,00000054,false,Rx,0,8,01,05,BD,00,85,02,00,00,
98000,00000055,false,Rx,0,8,10,27,00,00,00,00,00,00,
98000,00000056,false,Rx,0,8,10,27,00,00,00,00,00,00,
98000,00000057,false,Rx,0,8,00,00,FE,FF,FE,FF,00,00,
126000,00000625,false,Rx,0,8,25,00,59,86,01,54,5C,06,
188000,0000060D,false,Rx,0,8,0D,10,83,B6,09,20,70,00,
226000,00000625,false,Rx,0,8,25,00,59,86,01,54,5C,06,
237000,000002C4,false,Rx,0,8,09,00,00,00,85,02,00,00,
237000,000002C5,false,Rx,0,8,00,00,00,00,00,00,00,00,
237000,000002C6,false,Rx,0,8,32,00,7C,01,00,00,00,00,
288000,0000060D,false,Rx,0,8,0D,10,83,B6,09,20,70,00,
298000,00000054,false,Rx,0,8,01,05,BD,00,85,02,00,00,
298000,00000055,false,Rx,0,8,10,27,00,00,00,00,00,00,
298000,00000056,false,Rx,0,8,10,27,00,00,00,00,00,00,
299000,00000057,false,Rx,0,8,00,00,FE,FF,FE,FF,00,00,
325000,00000625,false,Rx,0,8,25,00,59,86,01,54,5C,06,
388000,0000060D,false,Rx,0,8,0D,10,83,B6,09,20,70,00,
426000,00000625,false,Rx,0,8,25,00,59,86,01,54,5C,06,
457000,000002C4,false,Rx,0,8,09,00,00,00,85,02,00,00,
457000,000002C5,false,Rx,0,8,00,00,00,00,00,00,00,00,
457000,000002C6,false,Rx,0,8,32,00,7C,01,00,00,00,00,
487000,0000060D,false,Rx,0,8,0D,10,83,B6,09,20,70,00,
498000,00000054,false,Rx,0,8,01,05,BD,00,85,02,00,00,
498000,00000055,false,Rx,0,8,10,27,00,00,00,00,00,00,
498000,00000056,false,Rx,0,8,10,27,00,00,00,00,00,00,
498000,00000057,false,Rx,0,8,00,00,FE,FF,FE,FF,00,00,
525000,00000625,false,Rx,0,8,25,00,59,86,01,54,5C,06,
588000,0000060D,false,Rx,0,8,0D,10,83,B6,09,20,70,00,
626000,00000625,false,Rx,0,8,25,00,59,86,01,54,5C,06,
677000,000002C4,false,Rx,0,8,09,00,00,00,85,02,00,00,
677000,000002C5,false,Rx,0,8,00,00,00,00,00,00,00,00,
677000,000002C6,false,Rx,0,8,32,00,7C,01,00,00,00,00,
688000,0000060D,false,Rx,0,8,0D,10,83,B6,09,20,70,00,
697000,00000054,false,Rx,0,8,01,05,BD,00,85,02,00,00,
698000,00000055,false,Rx,0,8,10,27,00,00,00,00,00,00,
698000,00000056,false,Rx,0,8,10,27,00,00,00,00,00,00,
698000,00000057,false,Rx,0,8,00,00,FE,FF,FE,FF,00,00,
725000,00000625,false,Rx,0,8,25,00,59,86,01,54,5C,06,
788000,0000060D,false,Rx,0,8,0D,10,83,B6,09,20,70,00,
825000,00000625,false,Rx,0,8,25,00,59,86,01,54,5C,06,
888000,0000060D,false,Rx,0,8,0D,10,83,B6,09,20,70,00,
896000,000002C4,false,Rx,0,8,09,00,00,00,85,02,00,00,
896000,000002C5,false,Rx,0,8,00,00,00,00,00,00,00,00,
897000,000002C6,false,Rx,0,8,32,00,7C,01,00,00,00,00,
897000,00000054,false,Rx,0,8,01,05,BD,00,85,02,00,00,
898000,00000055,false,Rx,0,8,10,27,00,00,00,00,00,00,
898000,00000056,false,Rx,0,8,10,27,00,00,00,00,00,00,
898000,00000057,false,Rx,0,8,00,00,FE,FF,FE,FF,00,00,
925000,00000625,false,Rx,0,8,25,00,59,86,01,54,5C,06,
987000,0000060D,false,Rx,0,8,0D,10,83,B6,09,20,70,00,
26000,00000625,false,Rx,0,8,25,00,59,86,01,54,5C,06,
88000,0000060D,false,Rx,0,8,0D,10,83,B6,09,20,70,00,
98000,00000054,false,Rx,0,8,01,05,BD,00,85,02,00,00,
98000,00000055,false,Rx,0,8,10,27,00,00,00,00,00,00,
98000,00000056,false,Rx,0,8,10,27,00,00,00,00,00,00,
98000,00000057,false,Rx,0,8,00,00,FE,FF,FE,FF,00,00,
116000,000002C4,false,Rx,0,8,09,00,00,00,85,02,00,00,
117000,000002C5,false,Rx,0,8,00,00,00,00,00,00,00,00,
117000,000002C6,false,Rx,0,8,32,00,7C,01,00,00,00,00,
125000,00000625,false,Rx,0,8,25,00,59,86,01,54,5C,06,
188000,0000060D,false,Rx,0,8,0D,10,83,B6,09,20,70,00,
225000,00000625,false,Rx,0,8,25,00,59,86,01,54,5C,06,
288000,0000060D,false,Rx,0,8,0D,10,83,B6,09,20,70,00,
297000,00000054,false,Rx,0,8,01,05,BD,00,85,02,00,00,
298000,00000055,false,Rx,0,8,10,27,00,00,00,00,00,00,
298000,00000056,false,Rx,0,8,10,27,00,00,00,00,00,00,
298000,00000057,false,Rx,0,8,00,00,FE,FF,FE,FF,00,00,
326000,00000625,false,Rx,0,8,25,00,59,86,01,54,5C,06,
336000,000002C4,false,Rx,0,8,09,00,00,00,85,02,00,00,
336000,000002C5,false,Rx,0,8,00,00,00,00,00,00,00,00,
337000,000002C6,false,Rx,0,8,32,00,7C,01,00,00,00,00,
388000,0000060D,false,Rx,0,8,0D,10,83,B6,09,20,70,00,
426000,00000625,false,Rx,0,8,25,00,59,86,01,54,5C,06,
488000,0000060D,false,Rx,0,8,0D,10,83,B6,09,20,70,00,
0,00000054,false,Rx,0,8,01,05,BD,00,85,02,00,00,
0,00000055,false,Rx,0,8,10,27,00,00,00,00,00,00,
498000,00000056,false,Rx,0,8,10,27,00,00,00,00,00,00,
499000,00000057,false,Rx,0,8,00,00,FE,FF,FE,FF,00,00,
525000,00000625,false,Rx,0,8,25,00,59,86,01,54,5C,06,
557000,000002C4,false,Rx,0,8,09,00,00,00,85,02,00,00,
557000,000002C5,false,Rx,0,8,00,00,00,00,00,00,00,00,
557000,000002C6,false,Rx,0,8,32,00,7C,01,00,00,00,00,
588000,0000060D,false,Rx,0,8,0D,10,83,B6,09,20,70,00,
626000,00000625,false,Rx,0,8,25,00,59,86,01,54,5C,06,
689000,0000060D,false,Rx,0,8,0D,10,83,B6,09,20,70,00,
0,00000054,false,Rx,0,8,01,05,BD,00,85,02,00,00,
0,00000055,false,Rx,0,8,10,27,00,00,00,00,00,00,
698000,00000056,false,Rx,0,8,10,27,00,00,00,00,00,00,
699000,00000057,false,Rx,0,8,00,00,FE,FF,FE,FF,00,00,
726000,00000625,false,Rx,0,8,25,00,59,86,01,54,5C,06,
777000,000002C4,false,Rx,0,8,09,00,00,00,85,02,00,00,
777000,000002C5,false,Rx,0,8,00,00,00,00,00,00,00,00,
778000,000002C6,false,Rx,0,8,32,00,7C,01,00,00,00,00,
788000,0000060D,false,Rx,0,8,0D,10,83,B6,09,20,70,00,
825000,00000625,false,Rx,0,8,25,00,59,86,01,54,5C,06,
888000,0000060D,false,Rx,0,8,0D,10,83,B6,09,20,70,00,
898000,00000054,false,Rx,0,8,01,05,BD,00,85,02,00,00,
898000,00000055,false,Rx,0,8,10,27,00,00,00,00,00,00,
898000,00000056,false,Rx,0,8,10,27,00,00,00,00,00,00,
899000,00000057,false,Rx,0,8,00,00,FE,FF,FE,FF,00,00,
926000,00000625,false,Rx,0,8,25,00,59,86,01,54,5C,06,
988000,0000060D,false,Rx,0,8,0D,10,83,B6,09,20,70,00,
0,000002C4,false,Rx,0,8,09,00,00,00,85,02,00,00,
0,000002C5,false,Rx,0,8,00,00,00,00,00,00,00,00,
997000,000002C6,false,Rx,0,8,32,00,7C,01,00,00,00,00,
25000,00000625,false,Rx,0,8,25,00,59,86,01,54,5C,06,
88000,0000060D,false,Rx,0,8,0D,10,83,B6,09,20,70,00,
98000,00000054,false,Rx,0,8,01,05,BD,00,85,02,00,00,
98000,00000055,false,Rx,0,8,10,27,00,00,00,00,00,00,
98000,00000056,false,Rx,0,8,10,27,00,00,00,00,00,00,
98000,00000057,false,Rx,0,8,00,00,FE,FF,FE,FF,00,00,
126000,00000625,false,Rx,0,8,25,00,59,86,01,54,5C,06,
188000,0000060D,false,Rx,0,8,0D,10,83,B6,09,20,70,00,
217000,000002C4,false,Rx,0,8,09,00,00,00,85,02,00,00,
217000,000002C5,false,Rx,0,8,00,00,00,00,00,00,00,00,
217000,000002C6,false,Rx,0,8,32,00,7C,01,00,00,00,00,
226000,00000625,false,Rx,0,8,25,00,59,86,01,54,5C,06,
288000,0000060D,false,Rx,0,8,0D,10,83,B6,09,20,70,00,
297000,00000054,false,Rx,0,8,01,05,BD,00,85,02,00,00,
297000,00000055,false,Rx,0,8,10,27,00,00,00,00,00,00,
299000,00000056,false,Rx,0,8,10,27,00,00,00,00,00,00,
299000,00000057,false,Rx,0,8,00,00,FE,FF,FE,FF,00,00,
326000,00000625,false,Rx,0,8,25,00,59,86,01,54,5C,06,
388000,0000060D,false,Rx,0,8,0D,10,83,B6,09,20,70,00,
425000,00000625,false,Rx,0,8,25,00,59,86,01,54,5C,06,
437000,000002C4,false,Rx,0,8,09,00,00,00,85,02,00,00,
437000,000002C5,false,Rx,0,8,00,00,00,00,00,00,00,00,
437000,000002C6,false,Rx,0,8,32,00,7C,01,00,00,00,00,
488000,0000060D,false,Rx,0,8,0D,10,83,B6,09,20,70,00,
498000,00000054,false,Rx,0,8,01,05,BD,00,85,02,00,00,
498000,00000055,false,Rx,0,8,10,27,00,00,00,00,00,00,
498000,00000056,false,Rx,0,8,10,27,00,00,00,00,00,00,
498000,00000057,false,Rx,0,8,00,00,FE,FF,FE,FF,00,00,
525000,00000625,false,Rx,0,8,25,00,59,86,01,54,5C,06,
588000,0000060D,false,Rx,0,8,0D,10,83,B6,09,20,70,00,
626000,00000625,false,Rx,0,8,25,00,59,86,01,54,5C,06,
657000,000002C4,false,Rx,0,8,09,00,00,00,85,02,00,00,
657000,000002C5,false,Rx,0,8,00,00,00,00,00,00,00,00,
658000,000002C6,false,Rx,0,8,32,00,7C,01,00,00,00,00,
688000,0000060D,false,Rx,0,8,0D,10,83,B6,09,20,70,00,
0,00000054,false,Rx,0,8,01,05,BD,00,85,02,00,00,
0,00000055,false,Rx,0,8,10,27,00,00,00,00,00,00,
699000,00000056,false,Rx,0,8,10,27,00,00,00,00,00,00,
699000,00000057,false,Rx,0,8,00,00,FE,FF,FE,FF,00,00,
726000,00000625,false,Rx,0,8,25,00,59,86,01,54,5C,06,
788000,0000060D,false,Rx,0,8,0D,10,83,B6,09,20,70,00,
825000,00000625,false,Rx,0,8,25,00,59,86,01,54,5C,06,
0,000002C4,false,Rx,0,8,09,00,00,00,85,02,00,00,
0,000002C5,false,Rx,0,8,00,00,00,00,00,00,00,00,
877000,000002C6,false,Rx,0,8,32,00,7C,01,00,00,00,00,
888000,0000060D,false,Rx,0,8,0D,10,83,B6,09,20,70,00,
0,00000054,false,Rx,0,8,01,05,BD,00,85,02,00,00,
0,00000055,false,Rx,0,8,10,27,00,00,00,00,00,00,
899000,00000056,false,Rx,0,8,10,27,00,00,00,00,00,00,
899000,00000057,false,Rx,0,8,00,00,FE,FF,FE,FF,00,00,
926000,00000625,false,Rx,0,8,25,00,59,86,01,54,5C,06,
988000,0000060D,false,Rx,0,8,0D,10,83,B6,09,20,70,00,
25000,00000625,false,Rx,0,8,25,00,59,86,01,54,5C,06,
88000,0000060D,false,Rx,0,8,0D,10,83,B6,09,20,70,00,
97000,000002C4,false,Rx,0,8,09,00,00,00,85,02,00,00,
97000,000002C5,false,Rx,0,8,00,00,00,00,00,00,00,00,
98000,000002C6,false,Rx,0,8,32,00,7C,01,00,00,00,00,
99000,00000054,false,Rx,0,8,01,05,BD,00,85,02,00,00,
99000,00000055,false,Rx,0,8,10,27,00,00,00,00,00,00,
99000,00000056,false,Rx,0,8,10,27,00,00,00,00,00,00,
99000,00000057,false,Rx,0,8,00,00,FE,FF,FE,FF,00,00,
126000,00000625,false,Rx,0,8,25,00,59,86,01,54,5C,06,
188000,0000060D,false,Rx,0,8,0D,10,83,B6,09,20,70,00,
226000,00000625,false,Rx,0,8,25,00,59,86,01,54,5C,06,
288000,0000060D,false,Rx,0,8,0D,10,83,B6,09,20,70,00,
298000,00000054,false,Rx,0,8,01,05,BD,00,85,02,00,00,
298000,00000055,false,Rx,0,8,10,27,00,00,00,00,00,00,
299000,00000056,false,Rx,0,8,10,27,00,00,00,00,00,00,
299000,00000057,false,Rx,0,8,00,00,FE,FF,FE,FF,00,00,
316000,000002C4,false,Rx,0,8,09,00,00,00,85,02,00,00,
316000,000002C5,false,Rx,0,8,00,00,00,00,00,00,00,00,
317000,000002C6,false,Rx,0,8,32,00,7C,01,00,00,00,00,
326000,00000625,false,Rx,0,8,25,00,59,86,01,54,5C,06,
388000,0000060D,false,Rx,0,8,0D,10,83,B6,09,20,70,00,
426000,00000625,false,Rx,0,8,25,00,59,86,01,54,5C,06,
489000,0000060D,false,Rx,0,8,0D,10,83,B6,09,20,70,00,
498000,00000054,false,Rx,0,8,01,05,BD,00,85,02,00,00,
499000,00000055,false,Rx,0,8,10,27,00,00,00,00,00,00,
499000,00000056,false,Rx,0,8,10,27,00,00,00,00,00,00,
499000,00000057,false,Rx,0,8,00,00,FE,FF,FE,FF,00,00,
525000,00000625,false,Rx,0,8,25,00,59,86,01,54,5C,06,
536000,000002C4,false,Rx,0,8,09,00,00,00,85,02,00,00,
537000,000002C5,false,Rx,0,8,00,00,00,00,00,00,00,00,
537000,000002C6,false,Rx,0,8,32,00,7C,01,00,00,00,00,
588000,0000060D,false,Rx,0,8,0D,10,83,B6,09,20,70,00,
626000,00000625,false,Rx,0,8,25,00,59,86,01,54,5C,06,
688000,0000060D,false,Rx,0,8,0D,10,83,B6,09,20,70,00,
0,00000054,false,Rx,0,8,01,05,BD,00,85,02,00,00,
0,00000055,false,Rx,0,8,10,27,00,00,00,00,00,00,
699000,00000056,false,Rx,0,8,10,27,00,00,00,00,00,00,
699000,00000057,false,Rx,0,8,00,00,FE,FF,FE,FF,00,00,
726000,00000625,false,Rx,0,8,25,00,59,86,01,54,5C,06,
0,000002C4,false,Rx,0,8,09,00,00,00,85,02,00,00,
0,000002C5,false,Rx,0,8,00,00,00,00,00,00,00,00,
757000,000002C6,false,Rx,0,8,32,00,7C,01,00,00,00,00,
788000,0000060D,false,Rx,0,8,0D,10,83,B6,09,20,70,00,
825000,00000625,false,Rx,0,8,25,00,59,86,01,54,5C,06,
888000,0000060D,false,Rx,0,8,0D,10,83,B6,09,20,70,00,
898000,00000054,false,Rx,0,8,01,05,BD,00,85,02,00,00,
0,00000055,false,Rx,0,8,10,27,00,00,00,00,00,00,
0,00000056,false,Rx,0,8,10,27,00,00,00,00,00,00,
900000,00000057,false,Rx,0,8,00,00,FE,FF,FE,FF,00,00,
925000,00000625,false,Rx,0,8,25,00,59,86,01,54,5C,06,
0,000002C4,false,Rx,0,8,09,00,00,00,85,02,00,00,
0,000002C5,false,Rx,0,8,00,00,00,00,00,00,00,00,
977000,000002C6,false,Rx,0,8,32,00,7C,01,00,00,00,00,
988000,0000060D,false,Rx,0,8,0D,10,83,B6,09,20,70,00,
26000,00000625,false,Rx,0,8,25,00,59,86,01,54,5C,06,
88000,0000060D,false,Rx,0,8,0D,10,83,B6,09,20,70,00,
0,00000054,false,Rx,0,8,01,05,BD,00,85,02,00,00,
0,00000055,false,Rx,0,8,10,27,00,00,00,00,00,00,
99000,00000056,false,Rx,0,8,10,27,00,00,00,00,00,00,
99000,00000057,false,Rx,0,8,00,00,FE,FF,FE,FF,00,00,
126000,00000625,false,Rx,0,8,25,00,59,86,01,54,5C,06,
188000,0000060D,false,Rx,0,8,0D,10,83,B6,09,20,70,00,
0,000002C4,false,Rx,0,8,09,00,00,00,85,02,00,00,
0,000002C5,false,Rx,0,8,00,00,00,00,00,00,00,00,
0,000002C6,false,Rx,0,8,32,00,7C,01,00,00,00,00,
226000,00000625,false,Rx,0,8,25,00,59,86,01,54,5C,06,
288000,0000060D,false,Rx,0,8,0D,10,83,B6,09,20,70,00,
298000,00000054,false,Rx,0,8,01,05,BD,00,85,02,00,00,
298000,00000055,false,Rx,0,8,10,27,00,00,00,00,00,00,
299000,00000056,false,Rx,0,8,10,27,00,00,00,00,00,00,
299000,00000057,false,Rx,0,8,00,00,FE,FF,FE,FF,00,00,
325000,00000625,false,Rx,0,8,25,00,59,86,01,54,5C,06,
389000,0000060D,false,Rx,0,8,0D,10,83,B6,09,20,70,00,
0,000002C4,false,Rx,0,8,09,00,00,00,85,02,00,00,
0,000002C5,false,Rx,0,8,00,00,00,00,00,00,00,00,
418000,000002C6,false,Rx,0,8,32,00,7C,01,00,00,00,00,
426000,00000625,false,Rx,0,8,25,00,59,86,01,54,5C,06,
489000,0000060D,false,Rx,0,8,0D,10,83,B6,09,20,70,00,
498000,00000054,false,Rx,0,8,01,05,BD,00,85,02,00,00,
498000,00000055,false,Rx,0,8,10,27,00,00,00,00,00,00,
499000,00000056,false,Rx,0,8,10,27,00,00,00,00,00,00,
499000,00000057,false,Rx,0,8,00,00,FE,FF,FE,FF,00,00,
525000,00000625,false,Rx,0,8,25,00,59,86,01,54,5C,06,
587000,0000060D,false,Rx,0,8,0D,10,83,B6,09,20,70,00,
626000,00000625,false,Rx,0,8,25,00,59,86,01,54,5C,06,
0,000002C4,false,Rx,0,8,09,00,00,00,85,02,00,00,
0,000002C5,false,Rx,0,8,00,00,00,00,00,00,00,00,
0,000002C6,false,Rx,0,8,32,00,7C,01,00,00,00,00,
688000,0000060D,false,Rx,0,8,0D,10,83,B6,09,20,70,00,
0,00000054,false,Rx,0,8,01,05,BD,00,85,02,00,00,
0,00000055,false,Rx,0,8,10,27,00,00,00,00,00,00,
0,00000056,false,Rx,0,8,10,27,00,00,00,00,00,00,
699000,00000057,false,Rx,0,8,00,00,FE,FF,FE,FF,00,00,
726000,00000625,false,Rx,0,8,25,00,59,86,01,54,5C,06,
788000,0000060D,false,Rx,0,8,0D,10,83,B6,09,20,70,00,
825000,00000625,false,Rx,0,8,25,00,59,86,01,54,5C,06,
857000,000002C4,false,Rx,0,8,09,00,00,00,85,02,00,00,
857000,000002C5,false,Rx,0,8,00,00,00,00,00,00,00,00,
857000,000002C6,false,Rx,0,8,32,00,7C,01,00,00,00,00,
888000,0000060D,false,Rx,0,8,0D,10,83,B6,09,20,70,00,
898000,00000054,false,Rx,0,8,01,05,BD,00,85,02,00,00,
898000,00000055,false,Rx,0,8,10,27,00,00,00,00,00,00,
898000,00000056,false,Rx,0,8,10,27,00,00,00,00,00,00,
898000,00000057,false,Rx,0,8,00,00,FE,FF,FE,FF,00,00,
925000,00000625,false,Rx,0,8,25,00,59,86,01,54,5C,06,
988000,0000060D,false,Rx,0,8,0D,10,83,B6,09,20,70,00,
26000,00000625,false,Rx,0,8,25,00,59,86,01,54,5C,06,
77000,000002C4,false,Rx,0,8,09,00,00,00,85,02,00,00,
77000,000002C5,false,Rx,0,8,00,00,00,00,00,00,00,00,
77000,000002C6,false,Rx,0,8,32,00,7C,01,00,00,00,00,
88000,0000060D,false,Rx,0,8,0D,10,83,B6,09,20,70,00,
98000,00000054,false,Rx,0,8,01,05,BD,00,85,02,00,00,
98000,00000055,false,Rx,0,8,10,27,00,00,00,00,00,00,
98000,00000056,false,Rx,0,8,10,27,00,00,00,00,00,00,
98000,00000057,false,Rx,0,8,00,00,FE,FF,FE,FF,00,00,
126000,00000625,false,Rx,0,8,25,00,59,86,01,54,5C,06,
188000,0000060D,false,Rx,0,8,0D,10,83,B6,09,20,70,00,
226000,00000625,false,Rx,0,8,25,00,59,86,01,54,5C,06,
288000,0000060D,false,Rx,0,8,0D,10,83,B6,09,20,70,00,
297000,000002C4,false,Rx,0,8,09,00,00,00,85,02,00,00,
297000,000002C5,false,Rx,0,8,00,00,00,00,00,00,00,00,
297000,000002C6,false,Rx,0,8,32,00,7C,01,00,00,00,00,
298000,00000054,false,Rx,0,8,01,05,BD,00,85,02,00,00,
298000,00000055,false,Rx,0,8,10,27,00,00,00,00,00,00,
299000,00000056,false,Rx,0,8,10,27,00,00,00,00,00,00,
299000,00000057,false,Rx,0,8,00,00,FE,FF,FE,FF,00,00,
325000,00000625,false,Rx,0,8,25,00,59,86,01,54,5C,06,
388000,0000060D,false,Rx,0,8,0D,10,83,B6,09,20,70,00,
426000,00000625,false,Rx,0,8,25,00,59,86,01,54,5C,06,
488000,0000060D,false,Rx,0,8,0D,10,83,B6,09,20,70,00,
498000,00000054,false,Rx,0,8,01,05,BD,00,85,02,00,00,
498000,00000055,false,Rx,0,8,10,27,00,00,00,00,00,00,
498000,00000056,false,Rx,0,8,10,27,00,00,00,00,00,00,
499000,00000057,false,Rx,0,8,00,00,FE,FF,FE,FF,00,00,
517000,000002C4,false,Rx,0,8,09,00,00,00,85,02,00,00,
517000,000002C5,false,Rx,0,8,00,00,00,00,00,00,00,00,
518000,000002C6,false,Rx,0,8,32,00,7C,01,00,00,00,00,
526000,00000625,false,Rx,0,8,25,00,59,86,01,54,5C,06,
588000,0000060D,false,Rx,0,8,0D,10,83,B6,09,20,70,00,
626000,00000625,false,Rx,0,8,25,00,59,86,01,54,5C,06,
688000,0000060D,false,Rx,0,8,0D,10,83,B6,09,20,70,00,
698000,00000054,false,Rx,0,8,01,05,BD,00,85,02,00,00,
698000,00000055,false,Rx,0,8,10,27,00,00,00,00,00,00,
698000,00000056,false,Rx,0,8,10,27,00,00,00,00,00,00,
699000,00000057,false,Rx,0,8,00,00,FE,FF,FE,FF,00,00,
726000,00000625,false,Rx,0,8,25,00,59,86,01,54,5C,06,
737000,000002C4,false,Rx,0,8,09,00,00,00,85,02,00,00,
738000,000002C5,false,Rx,0,8,00,00,00,00,00,00,00,00,
738000,000002C6,false,Rx,0,8,32,00,7C,01,00,00,00,00,
788000,0000060D,false,Rx,0,8,0D,10,83,B6,09,20,70,00,
826000,00000625,false,Rx,0,8,25,00,59,86,01,54,5C,06,
888000,0000060D,false,Rx,0,8,0D,10,83,B6,09,20,70,00,
0,00000054,false,Rx,0,8,01,05,BD,00,85,02,00,00,
0,00000055,false,Rx,0,8,10,27,00,00,00,00,00,00,
899000,00000056,false,Rx,0,8,10,27,00,00,00,00,00,00,
899000,00000057,false,Rx,0,8,00,00,FE,FF,FE,FF,00,00,
926000,00000625,false,Rx,0,8,25,00,59,86,01,54,5C,06,
0,000002C4,false,Rx,0,8,09,00,00,00,85,02,00,00,
0,000002C5,false,Rx,0,8,00,00,00,00,00,00,00,00,
0,000002C6,false,Rx,0,8,32,00,7C,01,00,00,00,00,
988000,0000060D,false,Rx,0,8,0D,10,83,B6,09,20,70,00,
26000,00000625,false,Rx,0,8,25,00,59,86,01,54,5C,06,
88000,0000060D,false,Rx,0,8,0D,10,83,B6,09,20,70,00,
0,00000054,false,Rx,0,8,01,05,BD,00,85,02,00,00,
0,00000055,false,Rx,0,8,10,27,00,00,00,00,00,00,
98000,00000056,false,Rx,0,8,10,27,00,00,00,00,00,00,
99000,00000057,false,Rx,0,8,00,00,FE,FF,FE,FF,00,00,
126000,00000625,false,Rx,0,8,25,00,59,86,01,54,5C,06,
0,000002C4,false,Rx,0,8,09,00,00,00,85,02,00,00,
0,000002C5,false,Rx,0,8,00,00,00,00,00,00,00,00,
177000,000002C6,false,Rx,0,8,32,00,7C,01,00,00,00,00,
188000,0000060D,false,Rx,0,8,0D,10,83,B6,09,20,70,00,
226000,00000625,false,Rx,0,8,25,00,59,86,01,54,5C,06,
288000,0000060D,false,Rx,0,8,0D,10,83,B6,09,20,70,00,
298000,00000054,false,Rx,0,8,01,05,BD,00,85,02,00,00,
298000,00000055,false,Rx,0,8,10,27,00,00,00,00,00,00,
298000,00000056,false,Rx,0,8,10,27,00,00,00,00,00,00,
299000,00000057,false,Rx,0,8,00,00,FE,FF,FE,FF,00,00,
326000,00000625,false,Rx,0,8,25,00,59,86,01,54,5C,06,
388000,0000060D,false,Rx,0,8,0D,10,83,B6,09,20,70,00,
397000,000002C4,false,Rx,0,8,09,00,00,00,85,02,00,00,
397000,000002C5,false,Rx,0,8,00,00,00,00,00,00,00,00,
397000,000002C6,false,Rx,0,8,32,00,7C,01,00,00,00,00,
426000,00000625,false,Rx,0,8,25,00,59,86,01,54,5C,06,
489000,0000060D,false,Rx,0,8,0D,10,83,B6,09,20,70,00,
0,00000054,false,Rx,0,8,01,05,BD,00,85,02,00,00,
0,00000055,false,Rx,0,8,10,27,00,00,00,00,00,00,
0,00000056,false,Rx,0,8,10,27,00,00,00,00,00,00,
499000,00000057,false,Rx,0,8,00,00,FE,FF,FE,FF,00,00,
525000,00000625,false,Rx,0,8,25,00,59,86,01,54,5C,06,
588000,0000060D,false,Rx,0,8,0D,10,83,B6,09,20,70,00,
617000,000002C4,false,Rx,0,8,09,00,00,00,85,02,00,00,
617000,000002C5,false,Rx,0,8,00,00,00,00,00,00,00,00,
617000,000002C6,false,Rx,0,8,32,00,7C,01,00,00,00,00,
625000,00000625,false,Rx,0,8,25,00,59,86,01,54,5C,06,
688000,0000060D,false,Rx,0,8,0D,10,83,B6,09,20,70,00,
698000,00000054,false,Rx,0,8,01,05,BD,00,85,02,00,00,
698000,00000055,false,Rx,0,8,10,27,00,00,00,00,00,00,
698000,00000056,false,Rx,0,8,10,27,00,00,00,00,00,00,
699000,00000057,false,Rx,0,8,00,00,FE,FF,FE,FF,00,00,
726000,00000625,false,Rx,0,8,25,00,59,86,01,54,5C,06,
788000,0000060D,false,Rx,0,8,0D,10,83,B6,09,20,70,00,
826000,00000625,false,Rx,0,8,25,00,59,86,01,54,5C,06,
837000,000002C4,false,Rx,0,8,09,00,00,00,85,02,00,00,
837000,000002C5,false,Rx,0,8,00,00,00,00,00,00,00,00,
837000,000002C6,false,Rx,0,8,32,00,7C,01,00,00,00,00,
888000,0000060D,false,Rx,0,8,0D,10,83,B6,09,20,70,00,
898000,00000054,false,Rx,0,8,01,05,BD,00,85,02,00,00,
898000,00000055,false,Rx,0,8,10,27,00,00,00,00,00,00,
898000,00000056,false,Rx,0,8,10,27,00,00,00,00,00,00,
899000,00000057,false,Rx,0,8,00,00,FE,FF,FE,FF,00,00,
926000,00000625,false,Rx,0,8,25,00,59,86,01,54,5C,06,
989000,0000060D,false,Rx,0,8,0D,10,83,B6,09,20,70,00,
25000,00000625,false,Rx,0,8,25,00,59,86,01,54,5C,06,
56000,000002C4,false,Rx,0,8,09,00,00,00,85,02,00,00,
56000,000002C5,false,Rx,0,8,00,00,00,00,00,00,00,00,
58000,000002C6,false,Rx,0,8,32,00,7C,01,00,00,00,00,
88000,0000060D,false,Rx,0,8,0D,10,83,B6,09,20,70,00,
98000,00000054,false,Rx,0,8,01,05,BD,00,85,02,00,00,
98000,00000055,false,Rx,0,8,10,27,00,00,00,00,00,00,
0,00000056,false,Rx,0,8,10,27,00,00,00,00,00,00,
0,00000057,false,Rx,0,8,00,00,FE,FF,FE,FF,00,00,
126000,00000625,false,Rx,0,8,25,00,59,86,01,54,5C,06,
188000,0000060D,false,Rx,0,8,0D,10,83,B6,09,20,70,00,
226000,00000625,false,Rx,0,8,25,00,59,86,01,54,5C,06,
268000,00000065,false,Rx,0,8,83,02,03,00,00,00,00,00,
277000,000002C4,false,Rx,0,8,09,00,00,00,85,02,00,00,
277000,000002C5,false,Rx,0,8,00,00,00,00,00,00,00,00,
278000,000002C6,false,Rx,0,8,32,00,7C,01,00,00,00,00,
288000,0000060D,false,Rx,0,8,0D,10,83,B6,09,20,70,00,
298000,00000054,false,Rx,0,8,01,05,BD,00,83,02,00,00,
0,00000055,false,Rx,0,8,10,27,00,00,00,00,00,00,
0,00000056,false,Rx,0,8,10,27,00,00,00,00,00,00,
299000,00000057,false,Rx,0,8,00,00,FE,FF,FE,FF,00,00,
326000,00000625,false,Rx,0,8,25,00,59,86,01,54,5C,06,
388000,0000060D,false,Rx,0,8,0D,10,83,B6,09,20,70,00,
418000,00000065,false,Rx,0,8,83,02,03,00,00,00,00,00,
426000,00000625,false,Rx,0,8,25,00,59,86,01,54,5C,06,
489000,0000060D,false,Rx,0,8,0D,10,83,B6,09,20,70,00,
0,000002C4,false,Rx,0,8,09,00,00,00,83,02,00,00,
0,000002C5,false,Rx,0,8,00,00,00,00,00,00,00,00,
0,000002C6,false,Rx,0,8,32,00,7C,01,00,00,00,00,
0,00000054,false,Rx,0,8,01,05,BD,00,83,02,00,00,
0,00000055,false,Rx,0,8,10,27,00,00,00,00,00,00,
0,00000056,false,Rx,0,8,10,27,00,00,00,00,00,00,
0,00000057,false,Rx,0,8,00,00,FE,FF,FE,FF,00,00,
525000,00000625,false,Rx,0,8,25,00,59,86,01,54,5C,06,
567000,00000065,false,Rx,0,8,83,02,03,00,00,00,00,00,
588000,0000060D,false,Rx,0,8,0D,10,83,B6,09,20,70,00,
626000,00000625,false,Rx,0,8,25,00,59,86,01,54,5C,06,
689000,0000060D,false,Rx,0,8,0D,10,83,B6,09,20,70,00,
0,00000054,false,Rx,0,8,01,05,BD,00,83,02,00,00,
0,00000055,false,Rx,0,8,10,27,00,00,00,00,00,00,
699000,00000056,false,Rx,0,8,10,27,00,00,00,00,00,00,
699000,00000057,false,Rx,0,8,00,00,FE,FF,FE,FF,00,00,
717000,000002C4,false,Rx,0,8,09,00,00,00,83,02,00,00,
717000,000002C5,false,Rx,0,8,00,00,00,00,00,00,00,00,
718000,000002C6,false,Rx,0,8,32,00,7C,01,00,00,00,00,
719000,00000065,false,Rx,0,8,83,02,03,00,00,00,00,00,
726000,00000625,false,Rx,0,8,25,00,59,86,01,54,5C,06,
788000,0000060D,false,Rx,0,8,0D,10,83,B6,09,20,70,00,
826000,00000625,false,Rx,0,8,25,00,59,86,01,54,5C,06,
888000,0000060D,false,Rx,0,8,0D,10,83,B6,09,20,70,00,
898000,00000054,false,Rx,0,8,01,05,BD,00,83,02,00,00,
898000,00000055,false,Rx,0,8,10,27,00,00,00,00,00,00,
898000,00000056,false,Rx,0,8,10,27,00,00,00,00,00,00,
898000,00000057,false,Rx,0,8,00,00,FE,FF,FE,FF,00,00,
926000,00000625,false,Rx,0,8,25,00,59,86,01,54,5C,06,
937000,000002C4,false,Rx,0,8,09,00,00,00,83,02,00,00,
937000,000002C5,false,Rx,0,8,00,00,00,00,00,00,00,00,
937000,000002C6,false,Rx,0,8,32,00,7C,01,00,00,00,00,
989000,0000060D,false,Rx,0,8,0D,10,83,B6,09,20,70,00,
25000,00000625,false,Rx,0,8,25,00,59,86,01,54,5C,06,
88000,0000060D,false,Rx,0,8,0D,10,83,B6,09,20,70,00,
98000,00000054,false,Rx,0,8,01,05,BD,00,83,02,00,00,
98000,00000055,false,Rx,0,8,10,27,00,00,00,00,00,00,
99000,00000056,false,Rx,0,8,10,27,00,00,00,00,00,00,
99000,00000057,false,Rx,0,8,00,00,FE,FF,FE,FF,00,00,
126000,00000625,false,Rx,0,8,25,00,59,86,01,54,5C,06,
156000,000002C4,false,Rx,0,8,09,00,00,00,83,02,00,00,
158000,000002C5,false,Rx,0,8,00,00,00,00,00,00,00,00,
158000,000002C6,false,Rx,0,8,32,00,7C,01,00,00,00,00,
188000,0000060D,false,Rx,0,8,0D,10,83,B6,09,20,70,00,
226000,00000625,false,Rx,0,8,25,00,59,86,01,54,5C,06,
288000,0000060D,false,Rx,0,8,0D,10,83,B6,09,20,70,00,
297000,00000054,false,Rx,0,8,01,05,BD,00,83,02,00,00,
298000,00000055,false,Rx,0,8,10,27,00,00,00,00,00,00,
298000,00000056,false,Rx,0,8,10,27,00,00,00,00,00,00,
298000,00000057,false,Rx,0,8,00,00,FE,FF,FE,FF,00,00,
325000,00000625,false,Rx,0,8,25,00,59,86,01,54,5C,06,
377000,000002C4,false,Rx,0,8,09,00,00,00,83,02,00,00,
377000,000002C5,false,Rx,0,8,00,00,00,00,00,00,00,00,
378000,000002C6,false,Rx,0,8,32,00,7C,01,00,00,00,00,
388000,0000060D,false,Rx,0,8,0D,10,83,B6,09,20,70,00,
426000,00000625,false,Rx,0,8,25,00,59,86,01,54,5C,06,
488000,0000060D,false,Rx,0,8,0D,10,83,B6,09,20,70,00,
0,00000054,false,Rx,0,8,01,05,BD,00,83,02,00,00,
0,00000055,false,Rx,0,8,10,27,00,00,00,00,00,00,
499000,00000056,false,Rx,0,8,10,27,00,00,00,00,00,00,
499000,00000057,false,Rx,0,8,00,00,FE,FF,FE,FF,00,00,
525000,00000625,false,Rx,0,8,25,00,59,86,01,54,5C,06,
588000,0000060D,false,Rx,0,8,0D,10,83,B6,09,20,70,00,
597000,000002C4,false,Rx,0,8,09,00,00,00,83,02,00,00,
597000,000002C5,false,Rx,0,8,00,00,00,00,00,00,00,00,
597000,000002C6,false,Rx,0,8,32,00,7C,01,00,00,00,00,
626000,00000625,false,Rx,0,8,25,00,59,86,01,54,5C,06,
689000,0000060D,false,Rx,0,8,0D,10,83,B6,09,20,70,00,
0,00000054,false,Rx,0,8,01,05,BD,00,83,02,00,00,
0,00000055,false,Rx,0,8,10,27,00,00,00,00,00,00,
699000,00000056,false,Rx,0,8,10,27,00,00,00,00,00,00,
699000,00000057,false,Rx,0,8,00,00,FE,FF,FE,FF,00,00,
726000,00000625,false,Rx,0,8,25,00,59,86,01,54,5C,06,
788000,0000060D,false,Rx,0,8,0D,10,83,B6,09,20,70,00,
0,000002C4,false,Rx,0,8,09,00,00,00,83,02,00,00,
0,000002C5,false,Rx,0,8,00,00,00,00,00,00,00,00,
817000,000002C6,false,Rx,0,8,32,00,7C,01,00,00,00,00,
825000,00000625,false,Rx,0,8,25,00,59,86,01,54,5C,06,
888000,0000060D,false,Rx,0,8,0D,10,83,B6,09,20,70,00,
0,00000054,false,Rx,0,8,01,05,BD,00,83,02,00,00,
0,00000055,false,Rx,0,8,10,27,00,00,00,00,00,00,
899000,00000056,false,Rx,0,8,10,27,00,00,00,00,00,00,
899000,00000057,false,Rx,0,8,00,00,FE,FF,FE,FF,00,00,
926000,00000625,false,Rx,0,8,25,00,59,86,01,54,5C,06,
989000,0000060D,false,Rx,0,8,0D,10,83,B6,09,20,70,00,
25000,00000625,false,Rx,0,8,25,00,59,86,01,54,5C,06,
36000,000002C4,false,Rx,0,8,09,00,00,00,83,02,00,00,
36000,000002C5,false,Rx,0,8,00,00,00,00,00,00,00,00,
37000,000002C6,false,Rx,0,8,32,00,7C,01,00,00,00,00,
89000,0000060D,false,Rx,0,8,0D,10,83,B6,09,20,70,00,
98000,00000054,false,Rx,0,8,01,05,BD,00,83,02,00,00,
98000,00000055,false,Rx,0,8,10,27,00,00,00,00,00,00,
98000,00000056,false,Rx,0,8,10,27,00,00,00,00,00,00,
99000,00000057,false,Rx,0,8,00,00,FE,FF,FE,FF,00,00,
126000,00000625,false,Rx,0,8,25,00,59,86,01,54,5C,06,
189000,0000060D,false,Rx,0,8,0D,10,83,B6,09,20,70,00,
226000,00000625,false,Rx,0,8,25,00,59,86,01,54,5C,06,
0,000002C4,false,Rx,0,8,09,00,00,00,83,02,00,00,
0,000002C5,false,Rx,0,8,00,00,00,00,00,00,00,00,
257000,000002C6,false,Rx,0,8,32,00,7C,01,00,00,00,00,
288000,0000060D,false,Rx,0,8,0D,10,83,B6,09,20,70,00,
298000,00000054,false,Rx,0,8,01,05,BD,00,83,02,00,00,
298000,00000055,false,Rx,0,8,10,27,00,00,00,00,00,00,
298000,00000056,false,Rx,0,8,10,27,00,00,00,00,00,00,
298000,00000057,false,Rx,0,8,00,00,FE,FF,FE,FF,00,00,
325000,00000625,false,Rx,0,8,25,00,59,86,01,54,5C,06,
388000,0000060D,false,Rx,0,8,0D,10,83,B6,09,20,70,00,
426000,00000625,false,Rx,0,8,25,00,59,86,01,54,5C,06,
477000,000002C4,false,Rx,0,8,09,00,00,00,83,02,00,00,
477000,000002C5,false,Rx,0,8,00,00,00,00,00,00,00,00,
478000,000002C6,false,Rx,0,8,32,00,7C,01,00,00,00,00,
488000,0000060D,false,Rx,0,8,0D,10,83,B6,09,20,70,00,
0,00000054,false,Rx,0,8,01,05,BD,00,83,02,00,00,
0,00000055,false,Rx,0,8,10,27,00,00,00,00,00,00,
499000,00000056,false,Rx,0,8,10,27,00,00,00,00,00,00,
499000,00000057,false,Rx,0,8,00,00,FE,FF,FE,FF,00,00,
527000,00000625,false,Rx,0,8,25,00,59,86,01,54,5C,06,
589000,0000060D,false,Rx,0,8,0D,10,83,B6,09,20,70,00,
626000,00000625,false,Rx,0,8,25,00,59,86,01,54,5C,06,
688000,0000060D,false,Rx,0,8,0D,10,83,B6,09,20,70,00,
0,000002C4,false,Rx,0,8,09,00,00,00,83,02,00,00,
0,000002C5,false,Rx,0,8,00,00,00,00,00,00,00,00,
697000,000002C6,false,Rx,0,8,32,00,7C,01,00,00,00,00,
0,00000054,false,Rx,0,8,01,05,BD,00,83,02,00,00,
0,00000055,false,Rx,0,8,10,27,00,00,00,00,00,00,
0,00000056,false,Rx,0,8,10,27,00,00,00,00,00,00,
699000,00000057,false,Rx,0,8,00,00,FE,FF,FE,FF,00,00,
726000,00000625,false,Rx,0,8,25,00,59,86,01,54,5C,06,
789000,0000060D,false,Rx,0,8,0D,10,83,B6,09,20,70,00,
825000,00000625,false,Rx,0,8,25,00,59,86,01,54,5C,06,
889000,0000060D,false,Rx,0,8,0D,10,83,B6,09,20,70,00,
0,00000054,false,Rx,0,8,01,05,BD,00,83,02,00,00,
0,00000055,false,Rx,0,8,10,27,00,00,00,00,00,00,
899000,00000056,false,Rx,0,8,10,27,00,00,00,00,00,00,
899000,00000057,false,Rx,0,8,00,00,FE,FF,FE,FF,00,00,
0,000002C4,false,Rx,0,8,09,00,00,00,83,02,00,00,
0,000002C5,false,Rx,0,8,00,00,00,00,00,00,00,00,
917000,000002C6,false,Rx,0,8,32,00,7C,01,00,00,00,00,
925000,00000625,false,Rx,0,8,25,00,59,86,01,54,5C,06,
988000,0000060D,false,Rx,0,8,0D,10,83,B6,09,20,70,00,
25000,00000625,false,Rx,0,8,25,00,59,86,01,54,5C,06,
88000,0000060D,false,Rx,0,8,0D,10,83,B6,09,20,70,00,
0,00000054,false,Rx,0,8,01,05,BD,00,83,02,00,00,
0,00000055,false,Rx,0,8,10,27,00,00,00,00,00,00,
98000,00000056,false,Rx,0,8,10,27,00,00,00,00,00,00,
99000,00000057,false,Rx,0,8,00,00,FE,FF,FE,FF,00,00,
126000,00000625,false,Rx,0,8,25,00,59,86,01,54,5C,06,
137000,000002C4,false,Rx,0,8,09,00,00,00,83,02,00,00,
138000,000002C5,false,Rx,0,8,00,00,00,00,00,00,00,00,
138000,000002C6,false,Rx,0,8,32,00,7C,01,00,00,00,00,
189000,0000060D,false,Rx,0,8,0D,10,83,B6,09,20,70,00,
226000,00000625,false,Rx,0,8,25,00,59,86,01,54,5C,06,
288000,0000060D,false,Rx,0,8,0D,10,83,B6,09,20,70,00,
298000,00000054,false,Rx,0,8,01,05,BD,00,83,02,00,00,
0,00000055,false,Rx,0,8,10,27,00,00,00,00,00,00,
0,00000056,false,Rx,0,8,10,27,00,00,00,00,00,00,
298000,00000057,false,Rx,0,8,00,00,FE,FF,FE,FF,00,00,
325000,00000625,false,Rx,0,8,25,00,59,86,01,54,5C,06,
357000,000002C4,false,Rx,0,8,09,00,00,00,83,02,00,00,
357000,000002C5,false,Rx,0,8,00,00,00,00,00,00,00,00,
358000,000002C6,false,Rx,0,8,32,00,7C,01,00,00,00,00,
388000,0000060D,false,Rx,0,8,0D,10,83,B6,09,20,70,00,
426000,00000625,false,Rx,0,8,25,00,59,86,01,54,5C,06,
488000,0000060D,false,Rx,0,8,0D,10,83,B6,09,20,70,00,
498000,00000054,false,Rx,0,8,01,05,BD,00,83,02,00,00,
498000,00000055,false,Rx,0,8,10,27,00,00,00,00,00,00,
498000,00000056,false,Rx,0,8,10,27,00,00,00,00,00,00,
499000,00000057,false,Rx,0,8,00,00,FE,FF,FE,FF,00,00,
525000,00000625,false,Rx,0,8,25,00,59,86,01,54,5C,06,
577000,000002C4,false,Rx,0,8,09,00,00,00,83,02,00,00,
577000,000002C5,false,Rx,0,8,00,00,00,00,00,00,00,00,
577000,000002C6,false,Rx,0,8,32,00,7C,01,00,00,00,00,
588000,0000060D,false,Rx,0,8,0D,10,83,B6,09,20,70,00,
626000,00000625,false,Rx,0,8,25,00,59,86,01,54,5C,06,
688000,0000060D,false,Rx,0,8,0D,10,83,B6,09,20,70,00,
0,00000054,false,Rx,0,8,01,05,BD,00,83,02,00,00,
0,00000055,false,Rx,0,8,10,27,00,00,00,00,00,00,
699000,00000056,false,Rx,0,8,10,27,00,00,00,00,00,00,
699000,00000057,false,Rx,0,8,00,00,FE,FF,FE,FF,00,00,
726000,00000625,false,Rx,0,8,25,00,59,86,01,54,5C,06,
788000,0000060D,false,Rx,0,8,0D,10,83,B6,09,20,70,00,
797000,000002C4,false,Rx,0,8,09,00,00,00,83,02,00,00,
797000,000002C5,false,Rx,0,8,00,00,00,00,00,00,00,00,
797000,000002C6,false,Rx,0,8,32,00,7C,01,00,00,00,00,
826000,00000625,false,Rx,0,8,25,00,59,86,01,54,5C,06,
888000,0000060D,false,Rx,0,8,0D,10,83,B6,09,20,70,00,
0,00000054,false,Rx,0,8,01,05,BD,00,83,02,00,00,
0,00000055,false,Rx,0,8,10,27,00,00,00,00,00,00,
899000,00000056,false,Rx,0,8,10,27,00,00,00,00,00,00,
899000,00000057,false,Rx,0,8,00,00,FE,FF,FE,FF,00,00,
926000,00000625,false,Rx,0,8,25,00,59,86,01,54,5C,06,
988000,0000060D,false,Rx,0,8,0D,10,83,B6,09,20,70,00,
0,000002C4,false,Rx,0,8,09,00,00,00,83,02,00,00,
0,000002C5,false,Rx,0,8,00,00,00,00,00,00,00,00,
18000,000002C6,false,Rx,0,8,32,00,7C,01,00,00,00,00,
26000,00000625,false,Rx,0,8,25,00,59,86,01,54,5C,06,
88000,0000060D,false,Rx,0,8,0D,10,83,B6,09,20,70,00,
99000,00000054,false,Rx,0,8,01,05,BD,00,83,02,00,00,
99000,00000055,false,Rx,0,8,10,27,00,00,00,00,00,00,
99000,00000056,false,Rx,0,8,10,27,00,00,00,00,00,00,
99000,00000057,false,Rx,0,8,00,00,FE,FF,FE,FF,00,00,
125000,00000625,false,Rx,0,8,25,00,59,86,01,54,5C,06,
189000,0000060D,false,Rx,0,8,0D,10,83,B6,09,20,70,00,
226000,00000625,false,Rx,0,8,25,00,59,86,01,54,5C,06,
237000,000002C4,false,Rx,0,8,09,00,00,00,83,02,00,00,
237000,000002C5,false,Rx,0,8,00,00,00,00,00,00,00,00,
237000,000002C6,false,Rx,0,8,32,00,7C,01,00,00,00,00,
288000,0000060D,false,Rx,0,8,0D,10,83,B6,09,20,70,00,
298000,00000054,false,Rx,0,8,01,05,BD,00,83,02,00,00,
298000,00000055,false,Rx,0,8,10,27,00,00,00,00,00,00,
299000,00000056,false,Rx,0,8,10,27,00,00,00,00,00,00,
299000,00000057,false,Rx,0,8,00,00,FE,FF,FE,FF,00,00,
326000,00000625,false,Rx,0,8,25,00,59,86,01,54,5C,06,
388000,0000060D,false,Rx,0,8,0D,10,83,B6,09,20,70,00,
426000,00000625,false,Rx,0,8,25,00,59,86,01,54,5C,06,
457000,000002C4,false,Rx,0,8,09,00,00,00,83,02,00,00,
458000,000002C5,false,Rx,0,8,00,00,00,00,00,00,00,00,
458000,000002C6,false,Rx,0,8,32,00,7C,01,00,00,00,00,
488000,0000060D,false,Rx,0,8,0D,10,83,B6,09,20,70,00,
498000,00000054,false,Rx,0,8,01,05,BD,00,83,02,00,00,
498000,00000055,false,Rx,0,8,10,27,00,00,00,00,00,00,
498000,00000056,false,Rx,0,8,10,27,00,00,00,00,00,00,
499000,00000057,false,Rx,0,8,00,00,FE,FF,FE,FF,00,00,
526000,00000625,false,Rx,0,8,25,00,59,86,01,54,5C,06,
588000,0000060D,false,Rx,0,8,0D,10,83,B6,09,20,70,00,
626000,00000625,false,Rx,0,8,25,00,59,86,01,54,5C,06,
677000,000002C4,false,Rx,0,8,09,00,00,00,83,02,00,00,
677000,000002C5,false,Rx,0,8,00,00,00,00,00,00,00,00,
677000,000002C6,false,Rx,0,8,32,00,7C,01,00,00,00,00,
689000,0000060D,false,Rx,0,8,0D,10,83,B6,09,20,70,00,
0,00000054,false,Rx,0,8,01,05,BD,00,83,02,00,00,
0,00000055,false,Rx,0,8,10,27,00,00,00,00,00,00,
0,00000056,false,Rx,0,8,10,27,00,00,00,00,00,00,
699000,00000057,false,Rx,0,8,00,00,FE,FF,FE,FF,00,00,
725000,00000625,false,Rx,0,8,25,00,59,86,01,54,5C,06,
788000,0000060D,false,Rx,0,8,0D,10,83,B6,09,20,70,00,
826000,00000625,false,Rx,0,8,25,00,59,86,01,54,5C,06,
889000,0000060D,false,Rx,0,8,0D,10,83,B6,09,20,70,00,
0,000002C4,false,Rx,0,8,09,00,00,00,83,02,00,00,
0,000002C5,false,Rx,0,8,00,00,00,00,00,00,00,00,
898000,000002C6,false,Rx,0,8,32,00,7C,01,00,00,00,00,
0,00000054,false,Rx,0,8,01,05,BD,00,83,02,00,00,
0,00000055,false,Rx,0,8,10,27,00,00,00,00,00,00,
899000,00000056,false,Rx,0,8,10,27,00,00,00,00,00,00,
899000,00000057,false,Rx,0,8,00,00,FE,FF,FE,FF,00,00,
926000,00000625,false,Rx,0,8,25,00,59,86,01,54,5C,06,
989000,0000060D,false,Rx,0,8,0D,10,83,B6,09,20,70,00,
25000,00000625,false,Rx,0,8,25,00,59,86,01,54,5C,06,
88000,0000060D,false,Rx,0,8,0D,10,83,B6,09,20,70,00,
98000,00000054,false,Rx,0,8,01,05,BD,00,83,02,00,00,
98000,00000055,false,Rx,0,8,10,27,00,00,00,00,00,00,
98000,00000056,false,Rx,0,8,10,27,00,00,00,00,00,00,
98000,00000057,false,Rx,0,8,00,00,FE,FF,FE,FF,00,00,
117000,000002C4,false,Rx,0,8,09,00,00,00,83,02,00,00,
117000,000002C5,false,Rx,0,8,00,00,00,00,00,00,00,00,
118000,000002C6,false,Rx,0,8,32,00,7C,01,00,00,00,00,
126000,00000625,false,Rx,0,8,25,00,59,86,01,54,5C,06,
188000,0000060D,false,Rx,0,8,0D,10,83,B6,09,20,70,00,
226000,00000625,false,Rx,0,8,25,00,59,86,01,54,5C,06,
288000,0000060D,false,Rx,0,8,0D,10,83,B6,09,20,70,00,
297000,00000054,false,Rx,0,8,01,05,BD,00,83,02,00,00,
298000,00000055,false,Rx,0,8,10,27,00,00,00,00,00,00,
0,00000056,false,Rx,0,8,10,27,00,00,00,00,00,00,
0,00000057,false,Rx,0,8,00,00,FE,FF,FE,FF,00,00,
325000,00000625,false,Rx,0,8,25,00,59,86,01,54,5C,06,
337000,000002C4,false,Rx,0,8,09,00,00,00,83,02,00,00,
337000,000002C5,false,Rx,0,8,00,00,00,00,00,00,00,00,
337000,000002C6,false,Rx,0,8,32,00,7C,01,00,00,00,00,
389000,0000060D,false,Rx,0,8,0D,10,83,B6,09,20,70,00,
426000,00000625,false,Rx,0,8,25,00,59,86,01,54,5C,06,
488000,0000060D,false,Rx,0,8,0D,10,83,B6,09,20,70,00,
0,00000054,false,Rx,0,8,01,05,BD,00,83,02,00,00,
0,00000055,false,Rx,0,8,10,27,00,00,00,00,00,00,
499000,00000056,false,Rx,0,8,10,27,00,00,00,00,00,00,
499000,00000057,false,Rx,0,8,00,00,FE,FF,FE,FF,00,00,
526000,00000625,false,Rx,0,8,25,00,59,86,01,54,5C,06,
557000,000002C4,false,Rx,0,8,09,00,00,00,83,02,00,00,
557000,000002C5,false,Rx,0,8,00,00,00,00,00,00,00,00,
557000,000002C6,false,Rx,0,8,32,00,7C,01,00,00,00,00,
588000,0000060D,false,Rx,0,8,0D,10,83,B6,09,20,70,00,
626000,00000625,false,Rx,0,8,25,00,59,86,01,54,5C,06,
688000,0000060D,false,Rx,0,8,0D,10,83,B6,09,20,70,00,
0,00000054,false,Rx,0,8,01,05,BD,00,83,02,00,00,
0,00000055,false,Rx,0,8,10,27,00,00,00,00,00,00,
698000,00000056,false,Rx,0,8,10,27,00,00,00,00,00,00,
698000,00000057,false,Rx,0,8,00,00,FE,FF,FE,FF,00,00,
726000,00000625,false,Rx,0,8,25,00,59,86,01,54,5C,06,
777000,000002C4,false,Rx,0,8,09,00,00,00,83,02,00,00,
777000,000002C5,false,Rx,0,8,00,00,00,00,00,00,00,00,
777000,000002C6,false,Rx,0,8,32,00,7C,01,00,00,00,00,
788000,0000060D,false,Rx,0,8,0D,10,83,B6,09,20,70,00,
826000,00000625,false,Rx,0,8,25,00,59,86,01,54,5C,06,
889000,0000060D,false,Rx,0,8,0D,10,83,B6,09,20,70,00,
899000,00000054,false,Rx,0,8,01,05,BD,00,83,02,00,00,
899000,00000055,false,Rx,0,8,10,27,00,00,00,00,00,00,
899000,00000056,false,Rx,0,8,10,27,00,00,00,00,00,00,
899000,00000057,false,Rx,0,8,00,00,FE,FF,FE,FF,00,00,
926000,00000625,false,Rx,0,8,25,00,59,86,01,54,5C,06,
989000,0000060D,false,Rx,0,8,0D,10,83,B6,09,20,70,00,
0,000002C4,false,Rx,0,8,09,00,00,00,83,02,00,00,
0,000002C5,false,Rx,0,8,00,00,00,00,00,00,00,00,
998000,000002C6,false,Rx,0,8,32,00,7C,01,00,00,00,00,
25000,00000625,false,Rx,0,8,25,00,59,86,01,54,5C,06,
88000,0000060D,false,Rx,0,8,0D,10,83,B6,09,20,70,00,
98000,00000054,false,Rx,0,8,01,05,BD,00,83,02,00,00,
98000,00000055,false,Rx,0,8,10,27,00,00,00,00,00,00,
98000,00000056,false,Rx,0,8,10,27,00,00,00,00,00,00,
99000,00000057,false,Rx,0,8,00,00,FE,FF,FE,FF,00,00,
126000,00000625,false,Rx,0,8,25,00,59,86,01,54,5C,06,
188000,0000060D,false,Rx,0,8,0D,10,83,B6,09,20,70,00,
0,000002C4,false,Rx,0,8,09,00,00,00,83,02,00,00,
0,000002C5,false,Rx,0,8,00,00,00,00,00,00,00,00,
0,000002C6,false,Rx,0,8,32,00,7C,01,00,00,00,00,
226000,00000625,false,Rx,0,8,25,00,59,86,01,54,5C,06,
288000,0000060D,false,Rx,0,8,0D,10,83,B6,09,20,70,00,
298000,00000054,false,Rx,0,8,01,05,BD,00,83,02,00,00,
298000,00000055,false,Rx,0,8,10,27,00,00,00,00,00,00,
298000,00000056,false,Rx,0,8,10,27,00,00,00,00,00,00,
299000,00000057,false,Rx,0,8,00,00,FE,FF,FE,FF,00,00,
326000,00000625,false,Rx,0,8,25,00,59,86,01,54,5C,06,
388000,0000060D,false,Rx,0,8,0D,10,83,B6,09,20,70,00,
426000,00000625,false,Rx,0,8,25,00,59,86,01,54,5C,06,
0,000002C4,false,Rx,0,8,09,00,00,00,83,02,00,00,
0,000002C5,false,Rx,0,8,00,00,00,00,00,00,00,00,
437000,000002C6,false,Rx,0,8,32,00,7C,01,00,00,00,00,
488000,0000060D,false,Rx,0,8,0D,10,83,B6,09,20,70,00,
0,00000054,false,Rx,0,8,01,05,BD,00,83,02,00,00,
0,00000055,false,Rx,0,8,10,27,00,00,00,00,00,00,
0,00000056,false,Rx,0,8,10,27,00,00,00,00,00,00,
498000,00000057,false,Rx,0,8,00,00,FE,FF,FE,FF,00,00,
525000,00000625,false,Rx,0,8,25,00,59,86,01,54,5C,06,
588000,0000060D,false,Rx,0,8,0D,10,83,B6,09,20,70,00,
626000,00000625,false,Rx,0,8,25,00,59,86,01,54,5C,06,
0,000002C4,false,Rx,0,8,09,00,00,00,83,02,00,00,
0,000002C5,false,Rx,0,8,00,00,00,00,00,00,00,00,
658000,000002C6,false,Rx,0,8,32,00,7C,01,00,00,00,00,
689000,0000060D,false,Rx,0,8,0D,10,83,B6,09,20,70,00,
0,00000054,false,Rx,0,8,01,05,BD,00,83,02,00,00,
0,00000055,false,Rx,0,8,10,27,00,00,00,00,00,00,
699000,00000056,false,Rx,0,8,10,27,00,00,00,00,00,00,
699000,00000057,false,Rx,0,8,00,00,FE,FF,FE,FF,00,00,
726000,00000625,false,Rx,0,8,25,00,59,86,01,54,5C,06,
788000,0000060D,false,Rx,0,8,0D,10,83,B6,09,20,70,00,
825000,00000625,false,Rx,0,8,25,00,59,86,01,54,5C,06,
877000,000002C4,false,Rx,0,8,09,00,00,00,83,02,00,00,
877000,000002C5,false,Rx,0,8,00,00,00,00,00,00,00,00,
877000,000002C6,false,Rx,0,8,32,00,7C,01,00,00,00,00,
888000,0000060D,false,Rx,0,8,0D,10,83,B6,09,20,70,00,
898000,00000054,false,Rx,0,8,01,05,BD,00,83,02,00,00,
898000,00000055,false,Rx,0,8,10,27,00,00,00,00,00,00,
898000,00000056,false,Rx,0,8,10,27,00,00,00,00,00,00,
898000,00000057,false,Rx,0,8,00,00,FE,FF,FE,FF,00,00,
926000,00000625,false,Rx,0,8,25,00,59,86,01,54,5C,06,
988000,0000060D,false,Rx,0,8,0D,10,83,B6,09,20,70,00,
26000,00000625,false,Rx,0,8,25,00,59,86,01,54,5C,06,
88000,0000060D,false,Rx,0,8,0D,10,83,B6,09,20,70,00,
0,000002C4,false,Rx,0,8,09,00,00,00,83,02,00,00,
0,000002C5,false,Rx,0,8,00,00,00,00,00,00,00,00,
97000,000002C6,false,Rx,0,8,32,00,7C,01,00,00,00,00,
98000,00000054,false,Rx,0,8,01,05,BD,00,83,02,00,00,
98000,00000055,false,Rx,0,8,10,27,00,00,00,00,00,00,
98000,00000056,false,Rx,0,8,10,27,00,00,00,00,00,00,
99000,00000057,false,Rx,0,8,00,00,FE,FF,FE,FF,00,00,
125000,00000625,false,Rx,0,8,25,00,59,86,01,54,5C,06,
188000,0000060D,false,Rx,0,8,0D,10,83,B6,09,20,70,00,
225000,00000625,false,Rx,0,8,25,00,59,86,01,54,5C,06,
288000,0000060D,false,Rx,0,8,0D,10,83,B6,09,20,70,00,
297000,00000054,false,Rx,0,8,01,05,BD,00,83,02,00,00,
298000,00000055,false,Rx,0,8,10,27,00,00,00,00,00,00,
298000,00000056,false,Rx,0,8,10,27,00,00,00,00,00,00,
298000,00000057,false,Rx,0,8,00,00,FE,FF,FE,FF,00,00,
317000,000002C4,false,Rx,0,8,09,00,00,00,83,02,00,00,
317000,000002C5,false,Rx,0,8,00,00,00,00,00,00,00,00,
318000,000002C6,false,Rx,0,8,32,00,7C,01,00,00,00,00,
325000,00000625,false,Rx,0,8,25,00,59,86,01,54,5C,06,
388000,0000060D,false,Rx,0,8,0D,10,83,B6,09,20,70,00,
426000,00000625,false,Rx,0,8,25,00,59,86,01,54,5C,06,
488000,0000060D,false,Rx,0,8,0D,10,83,B6,09,20,70,00,
498000,00000054,false,Rx,0,8,01,05,BD,00,83,02,00,00,
0,00000055,false,Rx,0,8,10,27,00,00,00,00,00,00,
0,00000056,false,Rx,0,8,10,27,00,00,00,00,00,00,
498000,00000057,false,Rx,0,8,00,00,FE,FF,FE,FF,00,00,
525000,00000625,false,Rx,0,8,25,00,59,86,01,54,5C,06,
537000,000002C4,false,Rx,0,8,09,00,00,00,83,02,00,00,
537000,000002C5,false,Rx,0,8,00,00,00,00,00,00,00,00,
538000,000002C6,false,Rx,0,8,32,00,7C,01,00,00,00,00,
588000,0000060D,false,Rx,0,8,0D,10,83,B6,09,20,70,00,
625000,00000625,false,Rx,0,8,25,00,59,86,01,54,5C,06,
689000,0000060D,false,Rx,0,8,0D,10,83,B6,09,20,70,00,
0,00000054,false,Rx,0,8,01,05,BD,00,83,02,00,00,
0,00000055,false,Rx,0,8,10,27,00,00,00,00,00,00,
698000,00000056,false,Rx,0,8,10,27,00,00,00,00,00,00,
698000,00000057,false,Rx,0,8,00,00,FE,FF,FE,FF,00,00,
725000,00000625,false,Rx,0,8,25,00,59,86,01,54,5C,06,
0,000002C4,false,Rx,0,8,09,00,00,00,83,02,00,00,
0,000002C5,false,Rx,0,8,00,00,00,00,00,00,00,00,
758000,000002C6,false,Rx,0,8,32,00,7C,01,00,00,00,00,
788000,0000060D,false,Rx,0,8,0D,10,83,B6,09,20,70,00,
826000,00000625,false,Rx,0,8,25,00,59,86,01,54,5C,06,
888000,0000060D,false,Rx,0,8,0D,10,83,B6,09,20,70,00,
898000,00000054,false,Rx,0,8,01,05,BD,00,83,02,00,00,
898000,00000055,false,Rx,0,8,10,27,00,00,00,00,00,00,
898000,00000056,false,Rx,0,8,10,27,00,00,00,00,00,00,
899000,00000057,false,Rx,0,8,00,00,FE,FF,FE,FF,00,00,
925000,00000625,false,Rx,0,8,25,00,59,86,01,54,5C,06,
977000,000002C4,false,Rx,0,8,09,00,00,00,83,02,00,00,
977000,000002C5,false,Rx,0,8,00,00,00,00,00,00,00,00,
977000,000002C6,false,Rx,0,8,32,00,7C,01,00,00,00,00,
988000,0000060D,false,Rx,0,8,0D,10,83,B6,09,20,70,00,
26000,00000625,false,Rx,0,8,25,00,59,86,01,54,5C,06,
88000,0000060D,false,Rx,0,8,0D,10,83,B6,09,20,70,00,
98000,00000054,false,Rx,0,8,01,05,BD,00,83,02,00,00,
98000,00000055,false,Rx,0,8,10,27,00,00,00,00,00,00,
99000,00000056,false,Rx,0,8,10,27,00,00,00,00,00,00,
99000,00000057,false,Rx,0,8,00,00,FE,FF,FE,FF,00,00,
125000,00000625,false,Rx,0,8,25,00,59,86,01,54,5C,06,
189000,0000060D,false,Rx,0,8,0D,10,83,B6,09,20,70,00,
0,000002C4,false,Rx,0,8,09,00,00,00,83,02,00,00,
0,000002C5,false,Rx,0,8,00,00,00,00,00,00,00,00,
198000,000002C6,false,Rx,0,8,32,00,7C,01,00,00,00,00,
226000,00000625,false,Rx,0,8,25,00,59,86,01,54,5C,06,
288000,0000060D,false,Rx,0,8,0D,10,83,B6,09,20,70,00,
297000,00000054,false,Rx,0,8,01,05,BD,00,83,02,00,00,
298000,00000055,false,Rx,0,8,10,27,00,00,00,00,00,00,
298000,00000056,false,Rx,0,8,10,27,00,00,00,00,00,00,
298000,00000057,false,Rx,0,8,00,00,FE,FF,FE,FF,00,00,
325000,00000625,false,Rx,0,8,25,00,59,86,01,54,5C,06,
388000,0000060D,false,Rx,0,8,0D,10,83,B6,09,20,70,00,
417000,000002C4,false,Rx,0,8,09,00,00,00,83,02,00,00,
417000,000002C5,false,Rx,0,8,00,00,00,00,00,00,00,00,
417000,000002C6,false,Rx,0,8,32,00,7C,01,00,00,00,00,
426000,00000625,false,Rx,0,8,25,00,59,86,01,54,5C,06,
489000,0000060D,false,Rx,0,8,0D,10,83,B6,09,20,70,00,
0,00000054,false,Rx,0,8,01,05,BD,00,83,02,00,00,
0,00000055,false,Rx,0,8,10,27,00,00,00,00,00,00,
499000,00000056,false,Rx,0,8,10,27,00,00,00,00,00,00,
499000,00000057,false,Rx,0,8,00,00,FE,FF,FE,FF,00,00,
526000,00000625,false,Rx,0,8,25,00,59,86,01,54,5C,06,
588000,0000060D,false,Rx,0,8,0D,10,83,B6,09,20,70,00,
626000,00000625,false,Rx,0,8,25,00,59,86,01,54,5C,06,
0,000002C4,false,Rx,0,8,09,00,00,00,83,02,00,00,
0,000002C5,false,Rx,0,8,00,00,00,00,00,00,00,00,
0,000002C6,false,Rx,0,8,32,00,7C,01,00,00,00,00,
689000,0000060D,false,Rx,0,8,0D,10,83,B6,09,20,70,00,
0,00000054,false,Rx,0,8,01,05,BD,00,83,02,00,00,
0,00000055,false,Rx,0,8,10,27,00,00,00,00,00,00,
0,00000056,false,Rx,0,8,10,27,00,00,00,00,00,00,
699000,00000057,false,Rx,0,8,00,00,FE,FF,FE,FF,00,00,
726000,00000625,false,Rx,0,8,25,00,59,86,01,54,5C,06,
788000,0000060D,false,Rx,0,8,0D,10,83,B6,09,20,70,00,
826000,00000625,false,Rx,0,8,25,00,59,86,01,54,5C,06,
857000,000002C4,false,Rx,0,8,09,00,00,00,83,02,00,00,
857000,000002C5,false,Rx,0,8,00,00,00,00,00,00,00,00,
857000,000002C6,false,Rx,0,8,32,00,7C,01,00,00,00,00,
888000,0000060D,false,Rx,0,8,0D,10,83,B6,09,20,70,00,
898000,00000054,false,Rx,0,8,01,05,BD,00,83,02,00,00,
898000,00000055,false,Rx,0,8,10,27,00,00,00,00,00,00,
898000,00000056,false,Rx,0,8,10,27,00,00,00,00,00,00,
898000,00000057,false,Rx,0,8,00,00,FE,FF,FE,FF,00,00,
925000,00000625,false,Rx,0,8,25,00,59,86,01,54,5C,06,
988000,0000060D,false,Rx,0,8,0D,10,83,B6,09,20,70,00,
26000,00000625,false,Rx,0,8,25,00,59,86,01,54,5C,06,
76000,000002C4,false,Rx,0,8,09,00,00,00,83,02,00,00,
77000,000002C5,false,Rx,0,8,00,00,00,00,00,00,00,00,
77000,000002C6,false,Rx,0,8,32,00,7C,01,00,00,00,00,
87000,0000060D,false,Rx,0,8,0D,10,83,B6,09,20,70,00,
98000,00000054,false,Rx,0,8,01,05,BD,00,83,02,00,00,
98000,00000055,false,Rx,0,8,10,27,00,00,00,00,00,00,
98000,00000056,false,Rx,0,8,10,27,00,00,00,00,00,00,
98000,00000057,false,Rx,0,8,00,00,FE,FF,FE,FF,00,00,
125000,00000625,false,Rx,0,8,25,00,59,86,01,54,5C,06,
188000,0000060D,false,Rx,0,8,0D,10,83,B6,09,20,70,00,
226000,00000625,false,Rx,0,8,25,00,59,86,01,54,5C,06,
287000,0000060D,false,Rx,0,8,0D,10,83,B6,09,20,70,00,
296000,000002C4,false,Rx,0,8,09,00,00,00,83,02,00,00,
297000,000002C5,false,Rx,0,8,00,00,00,00,00,00,00,00,
297000,000002C6,false,Rx,0,8,32,00,7C,01,00,00,00,00,
0,00000054,false,Rx,0,8,01,05,BD,00,83,02,00,00,
0,00000055,false,Rx,0,8,10,27,00,00,00,00,00,00,
0,00000056,false,Rx,0,8,10,27,00,00,00,00,00,00,
0,00000057,false,Rx,0,8,00,00,FE,FF,FE,FF,00,00,
326000,00000625,false,Rx,0,8,25,00,59,86,01,54,5C,06,
388000,0000060D,false,Rx,0,8,0D,10,83,B6,09,20,70,00,
426000,00000625,false,Rx,0,8,25,00,59,86,01,54,5C,06,
488000,0000060D,false,Rx,0,8,0D,10,83,B6,09,20,70,00,
498000,00000054,false,Rx,0,8,01,05,BD,00,83,02,00,00,
498000,00000055,false,Rx,0,8,10,27,00,00,00,00,00,00,
498000,00000056,false,Rx,0,8,10,27,00,00,00,00,00,00,
499000,00000057,false,Rx,0,8,00,00,FE,FF,FE,FF,00,00,
517000,000002C4,false,Rx,0,8,09,00,00,00,83,02,00,00,
517000,000002C5,false,Rx,0,8,00,00,00,00,00,00,00,00,
517000,000002C6,false,Rx,0,8,32,00,7C,01,00,00,00,00,
525000,00000625,false,Rx,0,8,25,00,59,86,01,54,5C,06,
588000,0000060D,false,Rx,0,8,0D,10,83,B6,09,20,70,00,
625000,00000625,false,Rx,0,8,25,00,59,86,01,54,5C,06,
688000,0000060D,false,Rx,0,8,0D,10,83,B6,09,20,70,00,
0,00000054,false,Rx,0,8,01,05,BD,00,83,02,00,00,
0,00000055,false,Rx,0,8,10,27,00,00,00,00,00,00,
698000,00000056,false,Rx,0,8,10,27,00,00,00,00,00,00,
698000,00000057,false,Rx,0,8,00,00,FE,FF,FE,FF,00,00,
725000,00000625,false,Rx,0,8,25,00,59,86,01,54,5C,06,
737000,000002C4,false,Rx,0,8,09,00,00,00,83,02,00,00,
737000,000002C5,false,Rx,0,8,00,00,00,00,00,00,00,00,
738000,000002C6,false,Rx,0,8,32,00,7C,01,00,00,00,00,
788000,0000060D,false,Rx,0,8,0D,10,83,B6,09,20,70,00,
826000,00000625,false,Rx,0,8,25,00,59,86,01,54,5C,06,
889000,0000060D,false,Rx,0,8,0D,10,83,B6,09,20,70,00,
898000,00000054,false,Rx,0,8,01,05,BD,00,83,02,00,00,
899000,00000055,false,Rx,0,8,10,27,00,00,00,00,00,00,
899000,00000056,false,Rx,0,8,10,27,00,00,00,00,00,00,
899000,00000057,false,Rx,0,8,00,00,FE,FF,FE,FF,00,00,
926000,00000625,false,Rx,0,8,25,00,59,86,01,54,5C,06,
0,000002C4,false,Rx,0,8,09,00,00,00,83,02,00,00,
0,000002C5,false,Rx,0,8,00,00,00,00,00,00,00,00,
0,000002C6,false,Rx,0,8,32,00,7C,01,00,00,00,00,
988000,0000060D,false,Rx,0,8,0D,10,83,B6,09,20,70,00,
25000,00000625,false,Rx,0,8,25,00,59,86,01,54,5C,06,
89000,0000060D,false,Rx,0,8,0D,10,83,B6,09,20,70,00,
0,00000054,false,Rx,0,8,01,05,BD,00,83,02,00,00,
0,00000055,false,Rx,0,8,10,27,00,00,00,00,00,00,
99000,00000056,false,Rx,0,8,10,27,00,00,00,00,00,00,
99000,00000057,false,Rx,0,8,00,00,FE,FF,FE,FF,00,00,
125000,00000625,false,Rx,0,8,25,00,59,86,01,54,5C,06,
177000,000002C4,false,Rx,0,8,09,00,00,00,83,02,00,00,
177000,000002C5,false,Rx,0,8,00,00,00,00,00,00,00,00,
177000,000002C6,false,Rx,0,8,32,00,7C,01,00,00,00,00,
189000,0000060D,false,Rx,0,8,0D,10,83,B6,09,20,70,00,
226000,00000625,false,Rx,0,8,25,00,59,86,01,54,5C,06,
288000,0000060D,false,Rx,0,8,0D,10,83,B6,09,20,70,00,
298000,00000054,false,Rx,0,8,01,05,BD,00,83,02,00,00,
298000,00000055,false,Rx,0,8,10,27,00,00,00,00,00,00,
298000,00000056,false,Rx,0,8,10,27,00,00,00,00,00,00,
299000,00000057,false,Rx,0,8,00,00,FE,FF,FE,FF,00,00,
326000,00000625,false,Rx,0,8,25,00,59,86,01,54,5C,06,
388000,0000060D,false,Rx,0,8,0D,10,83,B6,09,20,70,00,
0,000002C4,false,Rx,0,8,09,00,00,00,83,02,00,00,
0,000002C5,false,Rx,0,8,00,00,00,00,00,00,00,00,
397000,000002C6,false,Rx,0,8,32,00,7C,01,00,00,00,00,
427000,00000625,false,Rx,0,8,25,00,59,86,01,54,5C,06,
489000,0000060D,false,Rx,0,8,0D,10,83,B6,09,20,70,00,
0,00000054,false,Rx,0,8,01,05,BD,00,83,02,00,00,
0,00000055,false,Rx,0,8,10,27,00,00,00,00,00,00,
499000,00000056,false,Rx,0,8,10,27,00,00,00,00,00,00,
499000,00000057,false,Rx,0,8,00,00,FE,FF,FE,FF,00,00,
526000,00000625,false,Rx,0,8,25,00,59,86,01,54,5C,06,
588000,0000060D,false,Rx,0,8,0D,10,83,B6,09,20,70,00,
0,000002C4,false,Rx,0,8,09,00,00,00,83,02,00,00,
0,000002C5,false,Rx,0,8,00,00,00,00,00,00,00,00,
617000,000002C6,false,Rx,0,8,32,00,7C,01,00,00,00,00,
626000,00000625,false,Rx,0,8,25,00,59,86,01,54,5C,06,
688000,0000060D,false,Rx,0,8,0D,10,83,B6,09,20,70,00,
0,00000054,false,Rx,0,8,01,05,BD,00,83,02,00,00,
0,00000055,false,Rx,0,8,10,27,00,00,00,00,00,00,
698000,00000056,false,Rx,0,8,10,27,00,00,00,00,00,00,
699000,00000057,false,Rx,0,8,00,00,FE,FF,FE,FF,00,00,
726000,00000625,false,Rx,0,8,25,00,59,86,01,54,5C,06,
788000,0000060D,false,Rx,0,8,0D,10,83,B6,09,20,70,00,
826000,00000625,false,Rx,0,8,25,00,59,86,01,54,5C,06,
837000,000002C4,false,Rx,0,8,09,00,00,00,83,02,00,00,
837000,000002C5,false,Rx,0,8,00,00,00,00,00,00,00,00,
837000,000002C6,false,Rx,0,8,32,00,7C,01,00,00,00,00,
889000,0000060D,false,Rx,0,8,0D,10,83,B6,09,20,70,00,
898000,00000054,false,Rx,0,8,01,05,BD,00,83,02,00,00,
898000,00000055,false,Rx,0,8,10,27,00,00,00,00,00,00,
898000,00000056,false,Rx,0,8,10,27,00,00,00,00,00,00,
898000,00000057,false,Rx,0,8,00,00,FE,FF,FE,FF,00,00,
926000,00000625,false,Rx,0,8,25,00,59,86,01,54,5C,06,
988000,0000060D,false,Rx,0,8,0D,10,83,B6,09,20,70,00,
25000,00000625,false,Rx,0,8,25,00,59,86,01,54,5C,06,
57000,000002C4,false,Rx,0,8,09,00,00,00,83,02,00,00,
57000,000002C5,false,Rx,0,8,00,00,00,00,00,00,00,00,
57000,000002C6,false,Rx,0,8,32,00,7C,01,00,00,00,00,
88000,0000060D,false,Rx,0,8,0D,10,83,B6,09,20,70,00,
0,00000054,false,Rx,0,8,01,05,BD,00,83,02,00,00,
0,00000055,false,Rx,0,8,10,27,00,00,00,00,00,00,
0,00000056,false,Rx,0,8,10,27,00,00,00,00,00,00,
98000,00000057,false,Rx,0,8,00,00,FE,FF,FE,FF,00,00,
126000,00000625,false,Rx,0,8,25,00,59,86,01,54,5C,06,
189000,0000060D,false,Rx,0,8,0D,10,83,B6,09,20,70,00,
226000,00000625,false,Rx,0,8,25,00,59,86,01,54,5C,06,
277000,000002C4,false,Rx,0,8,09,00,00,00,83,02,00,00,
277000,000002C5,false,Rx,0,8,00,00,00,00,00,00,00,00,
278000,000002C6,false,Rx,0,8,32,00,7C,01,00,00,00,00,
287000,0000060D,false,Rx,0,8,0D,10,83,B6,09,20,70,00,
298000,00000054,false,Rx,0,8,01,05,BD,00,83,02,00,00,
299000,00000055,false,Rx,0,8,10,27,00,00,00,00,00,00,
299000,00000056,false,Rx,0,8,10,27,00,00,00,00,00,00,
300000,00000057,false,Rx,0,8,00,00,FE,FF,FE,FF,00,00,
326000,00000625,false,Rx,0,8,25,00,59,86,01,54,5C,06,
389000,0000060D,false,Rx,0,8,0D,10,83,B6,09,20,70,00,
426000,00000625,false,Rx,0,8,25,00,59,86,01,54,5C,06,
488000,0000060D,false,Rx,0,8,0D,10,83,B6,09,20,70,00,
497000,000002C4,false,Rx,0,8,09,00,00,00,83,02,00,00,
497000,000002C5,false,Rx,0,8,00,00,00,00,00,00,00,00,
497000,000002C6,false,Rx,0,8,32,00,7C,01,00,00,00,00,
0,00000054,false,Rx,0,8,01,05,BD,00,83,02,00,00,
0,00000055,false,Rx,0,8,10,27,00,00,00,00,00,00,
499000,00000056,false,Rx,0,8,10,27,00,00,00,00,00,00,
499000,00000057,false,Rx,0,8,00,00,FE,FF,FE,FF,00,00,
526000,00000625,false,Rx,0,8,25,00,59,86,01,54,5C,06,
588000,0000060D,false,Rx,0,8,0D,10,83,B6,09,20,70,00,
626000,00000625,false,Rx,0,8,25,00,59,86,01,54,5C,06,
688000,0000060D,false,Rx,0,8,0D,10,83,B6,09,20,70,00,
0,00000054,false,Rx,0,8,01,05,BD,00,83,02,00,00,
0,00000055,false,Rx,0,8,10,27,00,00,00,00,00,00,
0,00000056,false,Rx,0,8,10,27,00,00,00,00,00,00,
699000,00000057,false,Rx,0,8,00,00,FE,FF,FE,FF,00,00,
717000,000002C4,false,Rx,0,8,09,00,00,00,83,02,00,00,
717000,000002C5,false,Rx,0,8,00,00,00,00,00,00,00,00,
718000,000002C6,false,Rx,0,8,32,00,7C,01,00,00,00,00,
727000,00000625,false,Rx,0,8,25,00,59,86,01,54,5C,06,
788000,0000060D,false,Rx,0,8,0D,10,83,B6,09,20,70,00,
825000,00000625,false,Rx,0,8,25,00,59,86,01,54,5C,06,
889000,0000060D,false,Rx,0,8,0D,10,83,B6,09,20,70,00,
0,00000054,false,Rx,0,8,01,05,BD,00,83,02,00,00,
0,00000055,false,Rx,0,8,10,27,00,00,00,00,00,00,
899000,00000056,false,Rx,0,8,10,27,00,00,00,00,00,00,
899000,00000057,false,Rx,0,8,00,00,FE,FF,FE,FF,00,00,
926000,00000625,false,Rx,0,8,25,00,59,86,01,54,5C,06,
0,000002C4,false,Rx,0,8,09,00,00,00,83,02,00,00,
0,000002C5,false,Rx,0,8,00,00,00,00,00,00,00,00,
0,000002C6,false,Rx,0,8,32,00,7C,01,00,00,00,00,
988000,0000060D,false,Rx,0,8,0D,10,83,B6,09,20,70,00,
26000,00000625,false,Rx,0,8,25,00,59,86,01,54,5C,06,
88000,0000060D,false,Rx,0,8,0D,10,83,B6,09,20,70,00,
98000,00000054,false,Rx,0,8,01,05,BD,00,83,02,00,00,
98000,00000055,false,Rx,0,8,10,27,00,00,00,00,00,00,
99000,00000056,false,Rx,0,8,10,27,00,00,00,00,00,00,
99000,00000057,false,Rx,0,8,00,00,FE,FF,FE,FF,00,00,
125000,00000625,false,Rx,0,8,25,00,59,86,01,54,5C,06,
157000,000002C4,false,Rx,0,8,09,00,00,00,83,02,00,00,
157000,000002C5,false,Rx,0,8,00,00,00,00,00,00,00,00,
157000,000002C6,false,Rx,0,8,32,00,7C,01,00,00,00,00,
189000,0000060D,false,Rx,0,8,0D,10,83,B6,09,20,70,00,
226000,00000625,false,Rx,0,8,25,00,59,86,01,54,5C,06,
288000,0000060D,false,Rx,0,8,0D,10,83,B6,09,20,70,00,
298000,00000054,false,Rx,0,8,01,05,BD,00,83,02,00,00,
298000,00000055,false,Rx,0,8,10,27,00,00,00,00,00,00,
298000,00000056,false,Rx,0,8,10,27,00,00,00,00,00,00,
298000,00000057,false,Rx,0,8,00,00,FE,FF,FE,FF,00,00,
326000,00000625,false,Rx,0,8,25,00,59,86,01,54,5C,06,
377000,000002C4,false,Rx,0,8,09,00,00,00,83,02,00,00,
377000,000002C5,false,Rx,0,8,00,00,00,00,00,00,00,00,
378000,000002C6,false,Rx,0,8,32,00,7C,01,00,00,00,00,
388000,0000060D,false,Rx,0,8,0D,10,83,B6,09,20,70,00,
425000,00000625,false,Rx,0,8,25,00,59,86,01,54,5C,06,
489000,0000060D,false,Rx,0,8,0D,10,83,B6,09,20,70,00,
498000,00000054,false,Rx,0,8,01,05,BD,00,83,02,00,00,
499000,00000055,false,Rx,0,8,10,27,00,00,00,00,00,00,
0,00000056,false,Rx,0,8,10,27,00,00,00,00,00,00,
0,00000057,false,Rx,0,8,00,00,FE,FF,FE,FF,00,00,
526000,00000625,false,Rx,0,8,25,00,59,86,01,54,5C,06,
588000,0000060D,false,Rx,0,8,0D,10,83,B6,09,20,70,00,
0,000002C4,false,Rx,0,8,09,00,00,00,83,02,00,00,
0,000002C5,false,Rx,0,8,00,00,00,00,00,00,00,00,
597000,000002C6,false,Rx,0,8,32,00,7C,01,00,00,00,00,
626000,00000625,false,Rx,0,8,25,00,59,86,01,54,5C,06,
689000,0000060D,false,Rx,0,8,0D,10,83,B6,09,20,70,00,
0,00000054,false,Rx,0,8,01,05,BD,00,83,02,00,00,
0,00000055,false,Rx,0,8,10,27,00,00,00,00,00,00,
0,00000056,false,Rx,0,8,10,27,00,00,00,00,00,00,
699000,00000057,false,Rx,0,8,00,00,FE,FF,FE,FF,00,00,
726000,00000625,false,Rx,0,8,25,00,59,86,01,54,5C,06,
788000,0000060D,false,Rx,0,8,0D,10,83,B6,09,20,70,00,
0,000002C4,false,Rx,0,8,09,00,00,00,83,02,00,00,
0,000002C5,false,Rx,0,8,00,00,00,00,00,00,00,00,
817000,000002C6,false,Rx,0,8,32,00,7C,01,00,00,00,00,
826000,00000625,false,Rx,0,8,25,00,59,86,01,54,5C,06,
888000,0000060D,false,Rx,0,8,0D,10,83,B6,09,20,70,00,
0,00000054,false,Rx,0,8,01,05,BD,00,83,02,00,00,
0,00000055,false,Rx,0,8,10,27,00,00,00,00,00,00,
898000,00000056,false,Rx,0,8,10,27,00,00,00,00,00,00,
899000,00000057,false,Rx,0,8,00,00,FE,FF,FE,FF,00,00,
926000,00000625,false,Rx,0,8,25,00,59,86,01,54,5C,06,
988000,0000060D,false,Rx,0,8,0D,10,83,B6,09,20,70,00,
26000,00000625,false,Rx,0,8,25,00,59,86,01,54,5C,06,
37000,000002C4,false,Rx,0,8,09,00,00,00,83,02,00,00,
37000,000002C5,false,Rx,0,8,00,00,00,00,00,00,00,00,
37000,000002C6,false,Rx,0,8,32,00,7C,01,00,00,00,00,
89000,0000060D,false,Rx,0,8,0D,10,83,B6,09,20,70,00,
98000,00000054,false,Rx,0,8,01,05,BD,00,83,02,00,00,
98000,00000055,false,Rx,0,8,10,27,00,00,00,00,00,00,
99000,00000056,false,Rx,0,8,10,27,00,00,00,00,00,00,
99000,00000057,false,Rx,0,8,00,00,FE,FF,FE,FF,00,00,
125000,00000625,false,Rx,0,8,25,00,59,86,01,54,5C,06,
189000,0000060D,false,Rx,0,8,0D,10,83,B6,09,20,70,00,
225000,00000625,false,Rx,0,8,25,00,59,86,01,54,5C,06,
257000,000002C4,false,Rx,0,8,09,00,00,00,83,02,00,00,
257000,000002C5,false,Rx,0,8,00,00,00,00,00,00,00,00,
257000,000002C6,false,Rx,0,8,32,00,7C,01,00,00,00,00,
288000,0000060D,false,Rx,0,8,0D,10,83,B6,09,20,70,00,
298000,00000054,false,Rx,0,8,01,05,BD,00,83,02,00,00,
298000,00000055,false,Rx,0,8,10,27,00,00,00,00,00,00,
299000,00000056,false,Rx,0,8,10,27,00,00,00,00,00,00,
299000,00000057,false,Rx,0,8,00,00,FE,FF,FE,FF,00,00,
326000,00000625,false,Rx,0,8,25,00,59,86,01,54,5C,06,
388000,0000060D,false,Rx,0,8,0D,10,83,B6,09,20,70,00,
426000,00000625,false,Rx,0,8,25,00,59,86,01,54,5C,06,
477000,000002C4,false,Rx,0,8,09,00,00,00,83,02,00,00,
477000,000002C5,false,Rx,0,8,00,00,00,00,00,00,00,00,
477000,000002C6,false,Rx,0,8,32,00,7C,01,00,00,00,00,
488000,0000060D,false,Rx,0,8,0D,10,83,B6,09,20,70,00,
498000,00000054,false,Rx,0,8,01,05,BD,00,83,02,00,00,
498000,00000055,false,Rx,0,8,10,27,00,00,00,00,00,00,
498000,00000056,false,Rx,0,8,10,27,00,00,00,00,00,00,
498000,00000057,false,Rx,0,8,00,00,FE,FF,FE,FF,00,00,
525000,00000625,false,Rx,0,8,25,00,59,86,01,54,5C,06,
589000,0000060D,false,Rx,0,8,0D,10,83,B6,09,20,70,00,
626000,00000625,false,Rx,0,8,25,00,59,86,01,54,5C,06,
689000,0000060D,false,Rx,0,8,0D,10,83,B6,09,20,70,00,
697000,000002C4,false,Rx,0,8,09,00,00,00,83,02,00,00,
698000,000002C5,false,Rx,0,8,00,00,00,00,00,00,00,00,
698000,000002C6,false,Rx,0,8,32,00,7C,01,00,00,00,00,
698000,00000054,false,Rx,0,8,01,05,BD,00,83,02,00,00,
699000,00000055,false,Rx,0,8,10,27,00,00,00,00,00,00,
699000,00000056,false,Rx,0,8,10,27,00,00,00,00,00,00,
699000,00000057,false,Rx,0,8,00,00,FE,FF,FE,FF,00,00,
726000,00000625,false,Rx,0,8,25,00,59,86,01,54,5C,06,
788000,0000060D,false,Rx,0,8,0D,10,83,B6,09,20,70,00,
826000,00000625,false,Rx,0,8,25,00,59,86,01,54,5C,06,
888000,0000060D,false,Rx,0,8,0D,10,83,B6,09,20,70,00,
898000,00000054,false,Rx,0,8,01,05,BD,00,83,02,00,00,
898000,00000055,false,Rx,0,8,10,27,00,00,00,00,00,00,
898000,00000056,false,Rx,0,8,10,27,00,00,00,00,00,00,
899000,00000057,false,Rx,0,8,00,00,FE,FF,FE,FF,00,00,
0,000002C4,false,Rx,0,8,09,00,00,00,83,02,00,00,
0,000002C5,false,Rx,0,8,00,00,00,00,00,00,00,00,
918000,000002C6,false,Rx,0,8,32,00,7C,01,00,00,00,00,
926000,00000625,false,Rx,0,8,25,00,59,86,01,54,5C,06,
989000,0000060D,false,Rx,0,8,0D,10,83,B6,09,20,70,00,
26000,00000625,false,Rx,0,8,25,00,59,86,01,54,5C,06,
88000,0000060D,false,Rx,0,8,0D,10,83,B6,09,20,70,00,
98000,00000054,false,Rx,0,8,01,05,BD,00,83,02,00,00,
98000,00000055,false,Rx,0,8,10,27,00,00,00,00,00,00,
98000,00000056,false,Rx,0,8,10,27,00,00,00,00,00,00,
99000,00000057,false,Rx,0,8,00,00,FE,FF,FE,FF,00,00,
126000,00000625,false,Rx,0,8,25,00,59,86,01,54,5C,06,
0,000002C4,false,Rx,0,8,09,00,00,00,83,02,00,00,
0,000002C5,false,Rx,0,8,00,00,00,00,00,00,00,00,
137000,000002C6,false,Rx,0,8,32,00,7C,01,00,00,00,00,
188000,0000060D,false,Rx,0,8,0D,10,83,B6,09,20,70,00,
226000,00000625,false,Rx,0,8,25,00,59,86,01,54,5C,06,
288000,0000060D,false,Rx,0,8,0D,10,83,B6,09,20,70,00,
298000,00000054,false,Rx,0,8,01,05,BD,00,83,02,00,00,
298000,00000055,false,Rx,0,8,10,27,00,00,00,00,00,00,
298000,00000056,false,Rx,0,8,10,27,00,00,00,00,00,00,
299000,00000057,false,Rx,0,8,00,00,FE,FF,FE,FF,00,00,
326000,00000625,false,Rx,0,8,25,00,59,86,01,54,5C,06,
357000,000002C4,false,Rx,0,8,09,00,00,00,83,02,00,00,
357000,000002C5,false,Rx,0,8,00,00,00,00,00,00,00,00,
358000,000002C6,false,Rx,0,8,32,00,7C,01,00,00,00,00,
387000,0000060D,false,Rx,0,8,0D,10,83,B6,09,20,70,00,
426000,00000625,false,Rx,0,8,25,00,59,86,01,54,5C,06,
488000,0000060D,false,Rx,0,8,0D,10,83,B6,09,20,70,00,
497000,00000054,false,Rx,0,8,01,05,BD,00,83,02,00,00,
498000,00000055,false,Rx,0,8,10,27,00,00,00,00,00,00,
498000,00000056,false,Rx,0,8,10,27,00,00,00,00,00,00,
498000,00000057,false,Rx,0,8,00,00,FE,FF,FE,FF,00,00,
525000,00000625,false,Rx,0,8,25,00,59,86,01,54,5C,06,
577000,000002C4,false,Rx,0,8,09,00,00,00,83,02,00,00,
577000,000002C5,false,Rx,0,8,00,00,00,00,00,00,00,00,
578000,000002C6,false,Rx,0,8,32,00,7C,01,00,00,00,00,
588000,0000060D,false,Rx,0,8,0D,10,83,B6,09,20,70,00,
626000,00000625,false,Rx,0,8,25,00,59,86,01,54,5C,06,
688000,0000060D,false,Rx,0,8,0D,10,83,B6,09,20,70,00,
698000,00000054,false,Rx,0,8,01,05,BD,00,83,02,00,00,
698000,00000055,false,Rx,0,8,10,27,00,00,00,00,00,00,
698000,00000056,false,Rx,0,8,10,27,00,00,00,00,00,00,
698000,00000057,false,Rx,0,8,00,00,FE,FF,FE,FF,00,00,
725000,00000625,false,Rx,0,8,25,00,59,86,01,54,5C,06,
788000,0000060D,false,Rx,0,8,0D,10,83,B6,09,20,70,00,
796000,000002C4,false,Rx,0,8,09,00,00,00,83,02,00,00,
797000,000002C5,false,Rx,0,8,00,00,00,00,00,00,00,00,
797000,000002C6,false,Rx,0,8,32,00,7C,01,00,00,00,00,
825000,00000625,false,Rx,0,8,25,00,59,86,01,54,5C,06,
888000,0000060D,false,Rx,0,8,0D,10,83,B6,09,20,70,00,
898000,00000054,false,Rx,0,8,01,05,BD,00,83,02,00,00,
898000,00000055,false,Rx,0,8,10,27,00,00,00,00,00,00,
899000,00000056,false,Rx,0,8,10,27,00,00,00,00,00,00,
899000,00000057,false,Rx,0,8,00,00,FE,FF,FE,FF,00,00,
926000,00000625,false,Rx,0,8,25,00,59,86,01,54,5C,06,
988000,0000060D,false,Rx,0,8,0D,10,83,B6,09,20,70,00,
0,000002C4,false,Rx,0,8,09,00,00,00,83,02,00,00,
0,000002C5,false,Rx,0,8,00,00,00,00,00,00,00,00,
18000,000002C6,false,Rx,0,8,32,00,7C,01,00,00,00,00,
26000,00000625,false,Rx,0,8,25,00,59,86,01,54,5C,06,
88000,0000060D,false,Rx,0,8,0D,10,83,B6,09,20,70,00,
98000,00000054,false,Rx,0,8,01,05,BD,00,83,02,00,00,
99000,00000055,false,Rx,0,8,10,27,00,00,00,00,00,00,
0,00000056,false,Rx,0,8,10,27,00,00,00,00,00,00,
0,00000057,false,Rx,0,8,00,00,FE,FF,FE,FF,00,00,
126000,00000625,false,Rx,0,8,25,00,59,86,01,54,5C,06,
188000,0000060D,false,Rx,0,8,0D,10,83,B6,09,20,70,00,
226000,00000625,false,Rx,0,8,25,00,59,86,01,54,5C,06,
0,000002C4,false,Rx,0,8,09,00,00,00,83,02,00,00,
0,000002C5,false,Rx,0,8,00,00,00,00,00,00,00,00,
237000,000002C6,false,Rx,0,8,32,00,7C,01,00,00,00,00,
288000,0000060D,false,Rx,0,8,0D,10,83,B6,09,20,70,00,
298000,00000054,false,Rx,0,8,01,05,BD,00,83,02,00,00,
298000,00000055,false,Rx,0,8,10,27,00,00,00,00,00,00,
0,00000056,false,Rx,0,8,10,27,00,00,00,00,00,00,
0,00000057,false,Rx,0,8,00,00,FE,FF,FE,FF,00,00,
326000,00000625,false,Rx,0,8,25,00,59,86,01,54,5C,06,
389000,0000060D,false,Rx,0,8,0D,10,83,B6,09,20,70,00,
426000,00000625,false,Rx,0,8,25,00,59,86,01,54,5C,06,
0,000002C4,false,Rx,0,8,09,00,00,00,83,02,00,00,
0,000002C5,false,Rx,0,8,00,00,00,00,00,00,00,00,
458000,000002C6,false,Rx,0,8,32,00,7C,01,00,00,00,00,
489000,0000060D,false,Rx,0,8,0D,10,83,B6,09,20,70,00,
0,00000054,false,Rx,0,8,01,05,BD,00,83,02,00,00,
0,00000055,false,Rx,0,8,10,27,00,00,00,00,00,00,
499000,00000056,false,Rx,0,8,10,27,00,00,00,00,00,00,
499000,00000057,false,Rx,0,8,00,00,FE,FF,FE,FF,00,00,
525000,00000625,false,Rx,0,8,25,00,59,86,01,54,5C,06,
589000,0000060D,false,Rx,0,8,0D,10,83,B6,09,20,70,00,
626000,00000625,false,Rx,0,8,25,00,59,86,01,54,5C,06,
677000,000002C4,false,Rx,0,8,09,00,00,00,83,02,00,00,
678000,000002C5,false,Rx,0,8,00,00,00,00,00,00,00,00,
678000,000002C6,false,Rx,0,8,32,00,7C,01,00,00,00,00,
689000,0000060D,false,Rx,0,8,0D,10,83,B6,09,20,70,00,
0,00000054,false,Rx,0,8,01,05,BD,00,83,02,00,00,
0,00000055,false,Rx,0,8,10,27,00,00,00,00,00,00,
699000,00000056,false,Rx,0,8,10,27,00,00,00,00,00,00,
699000,00000057,false,Rx,0,8,00,00,FE,FF,FE,FF,00,00,
726000,00000625,false,Rx,0,8,25,00,59,86,01,54,5C,06,
788000,0000060D,false,Rx,0,8,0D,10,83,B6,09,20,70,00,
826000,00000625,false,Rx,0,8,25,00,59,86,01,54,5C,06,
888000,0000060D,false,Rx,0,8,0D,10,83,B6,09,20,70,00,
0,000002C4,false,Rx,0,8,09,00,00,00,83,02,00,00,
0,000002C5,false,Rx,0,8,00,00,00,00,00,00,00,00,
897000,000002C6,false,Rx,0,8,32,00,7C,01,00,00,00,00,
898000,00000054,false,Rx,0,8,01,05,BD,00,83,02,00,00,
898000,00000055,false,Rx,0,8,10,27,00,00,00,00,00,00,
898000,00000056,false,Rx,0,8,10,27,00,00,00,00,00,00,
899000,00000057,false,Rx,0,8,00,00,FE,FF,FE,FF,00,00,
927000,00000625,false,Rx,0,8,25,00,59,86,01,54,5C,06,
989000,0000060D,false,Rx,0,8,0D,10,83,B6,09,20,70,00,
26000,00000625,false,Rx,0,8,25,00,59,86,01,54,5C,06,
88000,0000060D,false,Rx,0,8,0D,10,83,B6,09,20,70,00,
98000,00000054,false,Rx,0,8,01,05,BD,00,83,02,00,00,
98000,00000055,false,Rx,0,8,10,27,00,00,00,00,00,00,
99000,00000056,false,Rx,0,8,10,27,00,00,00,00,00,00,
99000,00000057,false,Rx,0,8,00,00,FE,FF,FE,FF,00,00,
117000,000002C4,false,Rx,0,8,09,00,00,00,83,02,00,00,
117000,000002C5,false,Rx,0,8,00,00,00,00,00,00,00,00,
118000,000002C6,false,Rx,0,8,32,00,7C,01,00,00,00,00,
126000,00000625,false,Rx,0,8,25,00,59,86,01,54,5C,06,
189000,0000060D,false,Rx,0,8,0D,10,83,B6,09,20,70,00,
226000,00000625,false,Rx,0,8,25,00,59,86,01,54,5C,06,
289000,0000060D,false,Rx,0,8,0D,10,83,B6,09,20,70,00,
0,00000054,false,Rx,0,8,01,05,BD,00,83,02,00,00,
0,00000055,false,Rx,0,8,10,27,00,00,00,00,00,00,
298000,00000056,false,Rx,0,8,10,27,00,00,00,00,00,00,
298000,00000057,false,Rx,0,8,00,00,FE,FF,FE,FF,00,00,
326000,00000625,false,Rx,0,8,25,00,59,86,01,54,5C,06,
0,000002C4,false,Rx,0,8,09,00,00,00,83,02,00,00,
0,000002C5,false,Rx,0,8,00,00,00,00,00,00,00,00,
337000,000002C6,false,Rx,0,8,32,00,7C,01,00,00,00,00,
389000,0000060D,false,Rx,0,8,0D,10,83,B6,09,20,70,00,
425000,00000625,false,Rx,0,8,25,00,59,86,01,54,5C,06,
488000,0000060D,false,Rx,0,8,0D,10,83,B6,09,20,70,00,
0,00000054,false,Rx,0,8,01,05,BD,00,83,02,00,00,
0,00000055,false,Rx,0,8,10,27,00,00,00,00,00,00,
498000,00000056,false,Rx,0,8,10,27,00,00,00,00,00,00,
499000,00000057,false,Rx,0,8,00,00,FE,FF,FE,FF,00,00,
526000,00000625,false,Rx,0,8,25,00,59,86,01,54,5C,06,
556000,000002C4,false,Rx,0,8,09,00,00,00,83,02,00,00,
557000,000002C5,false,Rx,0,8,00,00,00,00,00,00,00,00,
557000,000002C6,false,Rx,0,8,32,00,7C,01,00,00,00,00,
589000,0000060D,false,Rx,0,8,0D,10,83,B6,09,20,70,00,
626000,00000625,false,Rx,0,8,25,00,59,86,01,54,5C,06,
688000,0000060D,false,Rx,0,8,0D,10,83,B6,09,20,70,00,
0,00000054,false,Rx,0,8,01,05,BD,00,83,02,00,00,
0,00000055,false,Rx,0,8,10,27,00,00,00,00,00,00,
0,00000056,false,Rx,0,8,10,27,00,00,00,00,00,00,
698000,00000057,false,Rx,0,8,00,00,FE,FF,FE,FF,00,00,
726000,00000625,false,Rx,0,8,25,00,59,86,01,54,5C,06,
777000,000002C4,false,Rx,0,8,09,00,00,00,83,02,00,00,
778000,000002C5,false,Rx,0,8,00,00,00,00,00,00,00,00,
778000,000002C6,false,Rx,0,8,32,00,7C,01,00,00,00,00,
788000,0000060D,false,Rx,0,8,0D,10,83,B6,09,20,70,00,
825000,00000625,false,Rx,0,8,25,00,59,86,01,54,5C,06,
889000,0000060D,false,Rx,0,8,0D,10,83,B6,09,20,70,00,
898000,00000054,false,Rx,0,8,01,05,BD,00,83,02,00,00,
899000,00000055,false,Rx,0,8,10,27,00,00,00,00,00,00,
899000,00000056,false,Rx,0,8,10,27,00,00,00,00,00,00,
899000,00000057,false,Rx,0,8,00,00,FE,FF,FE,FF,00,00,
926000,00000625,false,Rx,0,8,25,00,59,86,01,54,5C,06,
988000,0000060D,false,Rx,0,8,0D,10,83,B6,09,20,70,00,
997000,000002C4,false,Rx,0,8,09,00,00,00,83,02,00,00,
997000,000002C5,false,Rx,0,8,00,00,00,00,00,00,00,00,
998000,000002C6,false,Rx,0,8,32,00,7C,01,00,00,00,00,
25000,00000625,false,Rx,0,8,25,00,59,86,01,54,5C,06,
88000,0000060D,false,Rx,0,8,0D,10,83,B6,09,20,70,00,
98000,00000054,false,Rx,0,8,01,05,BD,00,83,02,00,00,
98000,00000055,false,Rx,0,8,10,27,00,00,00,00,00,00,
98000,00000056,false,Rx,0,8,10,27,00,00,00,00,00,00,
98000,00000057,false,Rx,0,8,00,00,FE,FF,FE,FF,00,00,
126000,00000625,false,Rx,0,8,25,00,59,86,01,54,5C,06,
189000,0000060D,false,Rx,0,8,0D,10,83,B6,09,20,70,00,
0,000002C4,false,Rx,0,8,09,00,00,00,83,02,00,00,
0,000002C5,false,Rx,0,8,00,00,00,00,00,00,00,00,
217000,000002C6,false,Rx,0,8,32,00,7C,01,00,00,00,00,
226000,00000625,false,Rx,0,8,25,00,59,86,01,54,5C,06,
288000,0000060D,false,Rx,0,8,0D,10,83,B6,09,20,70,00,
298000,00000054,false,Rx,0,8,01,05,BD,00,83,02,00,00,
298000,00000055,false,Rx,0,8,10,27,00,00,00,00,00,00,
298000,00000056,false,Rx,0,8,10,27,00,00,00,00,00,00,
299000,00000057,false,Rx,0,8,00,00,FE,FF,FE,FF,00,00,
326000,00000625,false,Rx,0,8,25,00,59,86,01,54,5C,06,
388000,0000060D,false,Rx,0,8,0D,10,83,B6,09,20,70,00,
426000,00000625,false,Rx,0,8,25,00,59,86,01,54,5C,06,
0,000002C4,false,Rx,0,8,09,00,00,00,83,02,00,00,
0,000002C5,false,Rx,0,8,00,00,00,00,00,00,00,00,
438000,000002C6,false,Rx,0,8,32,00,7C,01,00,00,00,00,
488000,0000060D,false,Rx,0,8,0D,10,83,B6,09,20,70,00,
498000,00000054,false,Rx,0,8,01,05,BD,00,83,02,00,00,
498000,00000055,false,Rx,0,8,10,27,00,00,00,00,00,00,
498000,00000056,false,Rx,0,8,10,27,00,00,00,00,00,00,
499000,00000057,false,Rx,0,8,00,00,FE,FF,FE,FF,00,00,
526000,00000625,false,Rx,0,8,25,00,59,86,01,54,5C,06,
588000,0000060D,false,Rx,0,8,0D,10,83,B6,09,20,70,00,
626000,00000625,false,Rx,0,8,25,00,59,86,01,54,5C,06,
0,000002C4,false,Rx,0,8,09,00,00,00,83,02,00,00,
0,000002C5,false,Rx,0,8,00,00,00,00,00,00,00,00,
657000,000002C6,false,Rx,0,8,32,00,7C,01,00,00,00,00,
688000,0000060D,false,Rx,0,8,0D,10,83,B6,09,20,70,00,
0,00000054,false,Rx,0,8,01,05,BD,00,83,02,00,00,
0,00000055,false,Rx,0,8,10,27,00,00,00,00,00,00,
699000,00000056,false,Rx,0,8,10,27,00,00,00,00,00,00,
699000,00000057,false,Rx,0,8,00,00,FE,FF,FE,FF,00,00,
726000,00000625,false,Rx,0,8,25,00,59,86,01,54,5C,06,
788000,0000060D,false,Rx,0,8,0D,10,83,B6,09,20,70,00,
826000,00000625,false,Rx,0,8,25,00,59,86,01,54,5C,06,
0,000002C4,false,Rx,0,8,09,00,00,00,83,02,00,00,
0,000002C5,false,Rx,0,8,00,00,00,00,00,00,00,00,
877000,000002C6,false,Rx,0,8,32,00,7C,01,00,00,00,00,
889000,0000060D,false,Rx,0,8,0D,10,83,B6,09,20,70,00,
898000,00000054,false,Rx,0,8,01,05,BD,00,83,02,00,00,
899000,00000055,false,Rx,0,8,10,27,00,00,00,00,00,00,
899000,00000056,false,Rx,0,8,10,27,00,00,00,00,00,00,
899000,00000057,false,Rx,0,8,00,00,FE,FF,FE,FF,00,00,
926000,00000625,false,Rx,0,8,25,00,59,86,01,54,5C,06,
989000,0000060D,false,Rx,0,8,0D,10,83,B6,09,20,70,00,
26000,00000625,false,Rx,0,8,25,00,59,86,01,54,5C,06,
88000,0000060D,false,Rx,0,8,0D,10,83,B6,09,20,70,00,
97000,000002C4,false,Rx,0,8,09,00,00,00,83,02,00,00,
97000,000002C5,false,Rx,0,8,00,00,00,00,00,00,00,00,
97000,000002C6,false,Rx,0,8,32,00,7C,01,00,00,00,00,
99000,00000054,false,Rx,0,8,01,05,BD,00,83,02,00,00,
99000,00000055,false,Rx,0,8,10,27,00,00,00,00,00,00,
99000,00000056,false,Rx,0,8,10,27,00,00,00,00,00,00,
99000,00000057,false,Rx,0,8,00,00,FE,FF,FE,FF,00,00,
126000,00000625,false,Rx,0,8,25,00,59,86,01,54,5C,06,
189000,0000060D,false,Rx,0,8,0D,10,83,B6,09,20,70,00,
227000,00000625,false,Rx,0,8,25,00,59,86,01,54,5C,06,
288000,0000060D,false,Rx,0,8,0D,10,83,B6,09,20,70,00,
298000,00000054,false,Rx,0,8,01,05,BD,00,83,02,00,00,
298000,00000055,false,Rx,0,8,10,27,00,00,00,00,00,00,
0,00000056,false,Rx,0,8,10,27,00,00,00,00,00,00,
0,00000057,false,Rx,0,8,00,00,FE,FF,FE,FF,00,00,
317000,000002C4,false,Rx,0,8,09,00,00,00,83,02,00,00,
317000,000002C5,false,Rx,0,8,00,00,00,00,00,00,00,00,
318000,000002C6,false,Rx,0,8,32,00,7C,01,00,00,00,00,
326000,00000625,false,Rx,0,8,25,00,59,86,01,54,5C,06,
389000,0000060D,false,Rx,0,8,0D,10,83,B6,09,20,70,00,
426000,00000625,false,Rx,0,8,25,00,59,86,01,54,5C,06,
488000,0000060D,false,Rx,0,8,0D,10,83,B6,09,20,70,00,
498000,00000054,false,Rx,0,8,01,05,BD,00,83,02,00,00,
498000,00000055,false,Rx,0,8,10,27,00,00,00,00,00,00,
498000,00000056,false,Rx,0,8,10,27,00,00,00,00,00,00,
499000,00000057,false,Rx,0,8,00,00,FE,FF,FE,FF,00,00,
525000,00000625,false,Rx,0,8,25,00,59,86,01,54,5C,06,
537000,000002C4,false,Rx,0,8,09,00,00,00,83,02,00,00,
537000,000002C5,false,Rx,0,8,00,00,00,00,00,00,00,00,
537000,000002C6,false,Rx,0,8,32,00,7C,01,00,00,00,00,
588000,0000060D,false,Rx,0,8,0D,10,83,B6,09,20,70,00,
626000,00000625,false,Rx,0,8,25,00,59,86,01,54,5C,06,
689000,0000060D,false,Rx,0,8,0D,10,83,B6,09,20,70,00,
698000,00000054,false,Rx,0,8,01,05,BD,00,83,02,00,00,
699000,00000055,false,Rx,0,8,10,27,00,00,00,00,00,00,
699000,00000056,false,Rx,0,8,10,27,00,00,00,00,00,00,
699000,00000057,false,Rx,0,8,00,00,FE,FF,FE,FF,00,00,
727000,00000625,false,Rx,0,8,25,00,59,86,01,54,5C,06,
756000,000002C4,false,Rx,0,8,09,00,00,00,83,02,00,00,
757000,000002C5,false,Rx,0,8,00,00,00,00,00,00,00,00,
757000,000002C6,false,Rx,0,8,32,00,7C,01,00,00,00,00,
789000,0000060D,false,Rx,0,8,0D,10,83,B6,09,20,70,00,
826000,00000625,false,Rx,0,8,25,00,59,86,01,54,5C,06,
888000,0000060D,false,Rx,0,8,0D,10,83,B6,09,20,70,00,
0,00000054,false,Rx,0,8,01,05,BD,00,83,02,00,00,
0,00000055,false,Rx,0,8,10,27,00,00,00,00,00,00,
899000,00000056,false,Rx,0,8,10,27,00,00,00,00,00,00,
899000,00000057,false,Rx,0,8,00,00,FE,FF,FE,FF,00,00,
926000,00000625,false,Rx,0,8,25,00,59,86,01,54,5C,06,
977000,000002C4,false,Rx,0,8,09,00,00,00,83,02,00,00,
977000,000002C5,false,Rx,0,8,00,00,00,00,00,00,00,00,
977000,000002C6,false,Rx,0,8,32,00,7C,01,00,00,00,00,
988000,0000060D,false,Rx,0,8,0D,10,83,B6,09,20,70,00,
26000,00000625,false,Rx,0,8,25,00,59,86,01,54,5C,06,
88000,0000060D,false,Rx,0,8,0D,10,83,B6,09,20,70,00,
98000,00000054,false,Rx,0,8,01,05,BD,00,83,02,00,00,
98000,00000055,false,Rx,0,8,10,27,00,00,00,00,00,00,
0,00000056,false,Rx,0,8,10,27,00,00,00,00,00,00,
0,00000057,false,Rx,0,8,00,00,FE,FF,FE,FF,00,00,
126000,00000625,false,Rx,0,8,25,00,59,86,01,54,5C,06,
189000,0000060D,false,Rx,0,8,0D,10,83,B6,09,20,70,00,
0,000002C4,false,Rx,0,8,09,00,00,00,83,02,00,00,
0,000002C5,false,Rx,0,8,00,00,00,00,00,00,00,00,
198000,000002C6,false,Rx,0,8,32,00,7C,01,00,00,00,00,
226000,00000625,false,Rx,0,8,25,00,59,86,01,54,5C,06,
288000,0000060D,false,Rx,0,8,0D,10,83,B6,09,20,70,00,
298000,00000054,false,Rx,0,8,01,05,BD,00,83,02,00,00,
298000,00000055,false,Rx,0,8,10,27,00,00,00,00,00,00,
299000,00000056,false,Rx,0,8,10,27,00,00,00,00,00,00,
299000,00000057,false,Rx,0,8,00,00,FE,FF,FE,FF,00,00,
326000,00000625,false,Rx,0,8,25,00,59,86,01,54,5C,06,
388000,0000060D,false,Rx,0,8,0D,10,83,B6,09,20,70,00,
0,000002C4,false,Rx,0,8,09,00,00,00,83,02,00,00,
0,000002C5,false,Rx,0,8,00,00,00,00,00,00,00,00,
417000,000002C6,false,Rx,0,8,32,00,7C,01,00,00,00,00,
426000,00000625,false,Rx,0,8,25,00,59,86,01,54,5C,06,
489000,0000060D,false,Rx,0,8,0D,10,83,B6,09,20,70,00,
0,00000054,false,Rx,0,8,01,05,BD,00,83,02,00,00,
0,00000055,false,Rx,0,8,10,27,00,00,00,00,00,00,
499000,00000056,false,Rx,0,8,10,27,00,00,00,00,00,00,
499000,00000057,false,Rx,0,8,00,00,FE,FF,FE,FF,00,00,
526000,00000625,false,Rx,0,8,25,00,59,86,01,54,5C,06,
589000,0000060D,false,Rx,0,8,0D,10,83,B6,09,20,70,00,
626000,00000625,false,Rx,0,8,25,00,59,86,01,54,5C,06,
637000,000002C4,false,Rx,0,8,09,00,00,00,83,02,00,00,
637000,000002C5,false,Rx,0,8,00,00,00,00,00,00,00,00,
638000,000002C6,false,Rx,0,8,32,00,7C,01,00,00,00,00,
689000,0000060D,false,Rx,0,8,0D,10,83,B6,09,20,70,00,
0,00000054,false,Rx,0,8,01,05,BD,00,83,02,00,00,
0,00000055,false,Rx,0,8,10,27,00,00,00,00,00,00,
699000,00000056,false,Rx,0,8,10,27,00,00,00,00,00,00,
699000,00000057,false,Rx,0,8,00,00,FE,FF,FE,FF,00,00,
727000,00000625,false,Rx,0,8,25,00,59,86,01,54,5C,06,
787000,0000060D,false,Rx,0,8,0D,10,83,B6,09,20,70,00,
826000,00000625,false,Rx,0,8,25,00,59,86,01,54,5C,06,
0,000002C4,false,Rx,0,8,09,00,00,00,83,02,00,00,
0,000002C5,false,Rx,0,8,00,00,00,00,00,00,00,00,
857000,000002C6,false,Rx,0,8,32,00,7C,01,00,00,00,00,
889000,0000060D,false,Rx,0,8,0D,10,83,B6,09,20,70,00,
898000,00000054,false,Rx,0,8,01,05,BD,00,83,02,00,00,
898000,00000055,false,Rx,0,8,10,27,00,00,00,00,00,00,
898000,00000056,false,Rx,0,8,10,27,00,00,00,00,00,00,
898000,00000057,false,Rx,0,8,00,00,FE,FF,FE,FF,00,00,
926000,00000625,false,Rx,0,8,25,00,59,86,01,54,5C,06,
989000,0000060D,false,Rx,0,8,0D,10,83,B6,09,20,70,00,
25000,00000625,false,Rx,0,8,25,00,59,86,01,54,5C,06,
77000,000002C4,false,Rx,0,8,09,00,00,00,83,02,00,00,
77000,000002C5,false,Rx,0,8,00,00,00,00,00,00,00,00,
77000,000002C6,false,Rx,0,8,32,00,7C,01,00,00,00,00,
89000,0000060D,false,Rx,0,8,0D,10,83,B6,09,20,70,00,
98000,00000054,false,Rx,0,8,01,05,BD,00,83,02,00,00,
98000,00000055,false,Rx,0,8,10,27,00,00,00,00,00,00,
99000,00000056,false,Rx,0,8,10,27,00,00,00,00,00,00,
99000,00000057,false,Rx,0,8,00,00,FE,FF,FE,FF,00,00,
126000,00000625,false,Rx,0,8,25,00,59,86,01,54,5C,06,
189000,0000060D,false,Rx,0,8,0D,10,83,B6,09,20,70,00,
226000,00000625,false,Rx,0,8,25,00,59,86,01,54,5C,06,
288000,0000060D,false,Rx,0,8,0D,10,83,B6,09,20,70,00,
297000,000002C4,false,Rx,0,8,09,00,00,00,83,02,00,00,
297000,000002C5,false,Rx,0,8,00,00,00,00,00,00,00,00,
297000,000002C6,false,Rx,0,8,32,00,7C,01,00,00,00,00,
298000,00000054,false,Rx,0,8,01,05,BD,00,83,02,00,00,
298000,00000055,false,Rx,0,8,10,27,00,00,00,00,00,00,
298000,00000056,false,Rx,0,8,10,27,00,00,00,00,00,00,
299000,00000057,false,Rx,0,8,00,00,FE,FF,FE,FF,00,00,
326000,00000625,false,Rx,0,8,25,00,59,86,01,54,5C,06,
388000,0000060D,false,Rx,0,8,0D,10,83,B6,09,20,70,00,
426000,00000625,false,Rx,0,8,25,00,59,86,01,54,5C,06,
489000,0000060D,false,Rx,0,8,0D,10,83,B6,09,20,70,00,
0,00000054,false,Rx,0,8,01,05,BD,00,83,02,00,00,
0,00000055,false,Rx,0,8,10,27,00,00,00,00,00,00,
0,00000056,false,Rx,0,8,10,27,00,00,00,00,00,00,
0,00000057,false,Rx,0,8,00,00,FE,FF,FE,FF,00,00,
517000,000002C4,false,Rx,0,8,09,00,00,00,83,02,00,00,
517000,000002C5,false,Rx,0,8,00,00,00,00,00,00,00,00,
518000,000002C6,false,Rx,0,8,32,00,7C,01,00,00,00,00,
526000,00000625,false,Rx,0,8,25,00,59,86,01,54,5C,06,
588000,0000060D,false,Rx,0,8,0D,10,83,B6,09,20,70,00,
626000,00000625,false,Rx,0,8,25,00,59,86,01,54,5C,06,
689000,0000060D,false,Rx,0,8,0D,10,83,B6,09,20,70,00,
0,00000054,false,Rx,0,8,01,05,BD,00,83,02,00,00,
0,00000055,false,Rx,0,8,10,27,00,00,00,00,00,00,
699000,00000056,false,Rx,0,8,10,27,00,00,00,00,00,00,
699000,00000057,false,Rx,0,8,00,00,FE,FF,FE,FF,00,00,
726000,00000625,false,Rx,0,8,25,00,59,86,01,54,5C,06,
738000,000002C4,false,Rx,0,8,09,00,00,00,83,02,00,00,
738000,000002C5,false,Rx,0,8,00,00,00,00,00,00,00,00,
738000,000002C6,false,Rx,0,8,32,00,7C,01,00,00,00,00,
788000,0000060D,false,Rx,0,8,0D,10,83,B6,09,20,70,00,
826000,00000625,false,Rx,0,8,25,00,59,86,01,54,5C,06,
888000,0000060D,false,Rx,0,8,0D,10,83,B6,09,20,70,00,
898000,00000054,false,Rx,0,8,01,05,BD,00,83,02,00,00,
898000,00000055,false,Rx,0,8,10,27,00,00,00,00,00,00,
899000,00000056,false,Rx,0,8,10,27,00,00,00,00,00,00,
899000,00000057,false,Rx,0,8,00,00,FE,FF,FE,FF,00,00,
926000,00000625,false,Rx,0,8,25,00,59,86,01,54,5C,06,
0,000002C4,false,Rx,0,8,09,00,00,00,83,02,00,00,
0,000002C5,false,Rx,0,8,00,00,00,00,00,00,00,00,
958000,000002C6,false,Rx,0,8,32,00,7C,01,00,00,00,00,
988000,0000060D,false,Rx,0,8,0D,10,83,B6,09,20,70,00,
25000,00000625,false,Rx,0,8,25,00,59,86,01,54,5C,06,
88000,0000060D,false,Rx,0,8,0D,10,83,B6,09,20,70,00,
98000,00000054,false,Rx,0,8,01,05,BD,00,83,02,00,00,
98000,00000055,false,Rx,0,8,10,27,00,00,00,00,00,00,
0,00000056,false,Rx,0,8,10,27,00,00,00,00,00,00,
0,00000057,false,Rx,0,8,00,00,FE,FF,FE,FF,00,00,
126000,00000625,false,Rx,0,8,25,00,59,86,01,54,5C,06,
0,000002C4,false,Rx,0,8,09,00,00,00,83,02,00,00,
0,000002C5,false,Rx,0,8,00,00,00,00,00,00,00,00,
178000,000002C6,false,Rx,0,8,32,00,7C,01,00,00,00,00,
189000,0000060D,false,Rx,0,8,0D,10,83,B6,09,20,70,00,
227000,00000625,false,Rx,0,8,25,00,59,86,01,54,5C,06,
287000,0000060D,false,Rx,0,8,0D,10,83,B6,09,20,70,00,
297000,00000054,false,Rx,0,8,01,05,BD,00,83,02,00,00,
298000,00000055,false,Rx,0,8,10,27,00,00,00,00,00,00,
0,00000056,false,Rx,0,8,10,27,00,00,00,00,00,00,
0,00000057,false,Rx,0,8,00,00,FE,FF,FE,FF,00,00,
326000,00000625,false,Rx,0,8,25,00,59,86,01,54,5C,06,
388000,0000060D,false,Rx,0,8,0D,10,83,B6,09,20,70,00,
0,000002C4,false,Rx,0,8,09,00,00,00,83,02,00,00,
0,000002C5,false,Rx,0,8,00,00,00,00,00,00,00,00,
398000,000002C6,false,Rx,0,8,32,00,7C,01,00,00,00,00,
426000,00000625,false,Rx,0,8,25,00,59,86,01,54,5C,06,
488000,0000060D,false,Rx,0,8,0D,10,83,B6,09,20,70,00,
498000,00000054,false,Rx,0,8,01,05,BD,00,83,02,00,00,
498000,00000055,false,Rx,0,8,10,27,00,00,00,00,00,00,
498000,00000056,false,Rx,0,8,10,27,00,00,00,00,00,00,
499000,00000057,false,Rx,0,8,00,00,FE,FF,FE,FF,00,00,
525000,00000625,false,Rx,0,8,25,00,59,86,01,54,5C,06,
588000,0000060D,false,Rx,0,8,0D,10,83,B6,09,20,70,00,
617000,000002C4,false,Rx,0,8,09,00,00,00,83,02,00,00,
617000,000002C5,false,Rx,0,8,00,00,00,00,00,00,00,00,
617000,000002C6,false,Rx,0,8,32,00,7C,01,00,00,00,00,
626000,00000625,false,Rx,0,8,25,00,59,86,01,54,5C,06,
688000,0000060D,false,Rx,0,8,0D,10,83,B6,09,20,70,00,
0,00000054,false,Rx,0,8,01,05,BD,00,83,02,00,00,
0,00000055,false,Rx,0,8,10,27,00,00,00,00,00,00,
0,00000056,false,Rx,0,8,10,27,00,00,00,00,00,00,
698000,00000057,false,Rx,0,8,00,00,FE,FF,FE,FF,00,00,
726000,00000625,false,Rx,0,8,25,00,59,86,01,54,5C,06,
788000,0000060D,false,Rx,0,8,0D,10,83,B6,09,20,70,00,
826000,00000625,false,Rx,0,8,25,00,59,86,01,54,5C,06,
837000,000002C4,false,Rx,0,8,09,00,00,00,83,02,00,00,
838000,000002C5,false,Rx,0,8,00,00,00,00,00,00,00,00,
838000,000002C6,false,Rx,0,8,32,00,7C,01,00,00,00,00,
888000,0000060D,false,Rx,0,8,0D,10,83,B6,09,20,70,00,
898000,00000054,false,Rx,0,8,01,05,BD,00,83,02,00,00,
898000,00000055,false,Rx,0,8,10,27,00,00,00,00,00,00,
898000,00000056,false,Rx,0,8,10,27,00,00,00,00,00,00,
898000,00000057,false,Rx,0,8,00,00,FE,FF,FE,FF,00,00,
926000,00000625,false,Rx,0,8,25,00,59,86,01,54,5C,06,
988000,0000060D,false,Rx,0,8,0D,10,83,B6,09,20,70,00,
26000,00000625,false,Rx,0,8,25,00,59,86,01,54,5C,06,
57000,000002C4,false,Rx,0,8,09,00,00,00,83,02,00,00,
57000,000002C5,false,Rx,0,8,00,00,00,00,00,00,00,00,
57000,000002C6,false,Rx,0,8,32,00,7C,01,00,00,00,00,
89000,0000060D,false,Rx,0,8,0D,10,83,B6,09,20,70,00,
0,00000054,false,Rx,0,8,01,05,BD,00,83,02,00,00,
0,00000055,false,Rx,0,8,10,27,00,00,00,00,00,00,
99000,00000056,false,Rx,0,8,10,27,00,00,00,00,00,00,
99000,00000057,false,Rx,0,8,00,00,FE,FF,FE,FF,00,00,
126000,00000625,false,Rx,0,8,25,00,59,86,01,54,5C,06,
188000,0000060D,false,Rx,0,8,0D,10,83,B6,09,20,70,00,
227000,00000625,false,Rx,0,8,25,00,59,86,01,54,5C,06,
277000,000002C4,false,Rx,0,8,09,00,00,00,83,02,00,00,
277000,000002C5,false,Rx,0,8,00,00,00,00,00,00,00,00,
277000,000002C6,false,Rx,0,8,32,00,7C,01,00,00,00,00,
288000,0000060D,false,Rx,0,8,0D,10,83,B6,09,20,70,00,
298000,00000054,false,Rx,0,8,01,05,BD,00,83,02,00,00,
298000,00000055,false,Rx,0,8,10,27,00,00,00,00,00,00,
298000,00000056,false,Rx,0,8,10,27,00,00,00,00,00,00,
299000,00000057,false,Rx,0,8,00,00,FE,FF,FE,FF,00,00,
326000,00000625,false,Rx,0,8,25,00,59,86,01,54,5C,06,
389000,0000060D,false,Rx,0,8,0D,10,83,B6,09,20,70,00,
426000,00000625,false,Rx,0,8,25,00,59,86,01,54,5C,06,
489000,0000060D,false,Rx,0,8,0D,10,83,B6,09,20,70,00,
497000,000002C4,false,Rx,0,8,09,00,00,00,83,02,00,00,
498000,000002C5,false,Rx,0,8,00,00,00,00,00,00,00,00,
0,000002C6,false,Rx,0,8,32,00,7C,01,00,00,00,00,
0,00000054,false,Rx,0,8,01,05,BD,00,83,02,00,00,
0,00000055,false,Rx,0,8,10,27,00,00,00,00,00,00,
499000,00000056,false,Rx,0,8,10,27,00,00,00,00,00,00,
499000,00000057,false,Rx,0,8,00,00,FE,FF,FE,FF,00,00,
526000,00000625,false,Rx,0,8,25,00,59,86,01,54,5C,06,
588000,0000060D,false,Rx,0,8,0D,10,83,B6,09,20,70,00,
626000,00000625,false,Rx,0,8,25,00,59,86,01,54,5C,06,
689000,0000060D,false,Rx,0,8,0D,10,83,B6,09,20,70,00,
0,00000054,false,Rx,0,8,01,05,BD,00,83,02,00,00,
0,00000055,false,Rx,0,8,10,27,00,00,00,00,00,00,
699000,00000056,false,Rx,0,8,10,27,00,00,00,00,00,00,
699000,00000057,false,Rx,0,8,00,00,FE,FF,FE,FF,00,00,
0,000002C4,false,Rx,0,8,09,00,00,00,83,02,00,00,
0,000002C5,false,Rx,0,8,00,00,00,00,00,00,00,00,
0,000002C6,false,Rx,0,8,32,00,7C,01,00,00,00,00,
726000,00000625,false,Rx,0,8,25,00,59,86,01,54,5C,06,
788000,0000060D,false,Rx,0,8,0D,10,83,B6,09,20,70,00,
826000,00000625,false,Rx,0,8,25,00,59,86,01,54,5C,06,
888000,0000060D,false,Rx,0,8,0D,10,83,B6,09,20,70,00,
899000,00000054,false,Rx,0,8,01,05,BD,00,83,02,00,00,
899000,00000055,false,Rx,0,8,10,27,00,00,00,00,00,00,
899000,00000056,false,Rx,0,8,10,27,00,00,00,00,00,00,
899000,00000057,false,Rx,0,8,00,00,FE,FF,FE,FF,00,00,
926000,00000625,false,Rx,0,8,25,00,59,86,01,54,5C,06,
0,000002C4,false,Rx,0,8,09,00,00,00,83,02,00,00,
0,000002C5,false,Rx,0,8,00,00,00,00,00,00,00,00,
0,000002C6,false,Rx,0,8,32,00,7C,01,00,00,00,00,
989000,0000060D,false,Rx,0,8,0D,10,83,B6,09,20,70,00,
26000,00000625,false,Rx,0,8,25,00,59,86,01,54,5C,06,
88000,0000060D,false,Rx,0,8,0D,10,83,B6,09,20,70,00,
0,00000054,false,Rx,0,8,01,05,BD,00,83,02,00,00,
0,00000055,false,Rx,0,8,10,27,00,00,00,00,00,00,
98000,00000056,false,Rx,0,8,10,27,00,00,00,00,00,00,
99000,00000057,false,Rx,0,8,00,00,FE,FF,FE,FF,00,00,
127000,00000625,false,Rx,0,8,25,00,59,86,01,54,5C,06,
157000,000002C4,false,Rx,0,8,09,00,00,00,83,02,00,00,
157000,000002C5,false,Rx,0,8,00,00,00,00,00,00,00,00,
157000,000002C6,false,Rx,0,8,32,00,7C,01,00,00,00,00,
189000,0000060D,false,Rx,0,8,0D,10,83,B6,09,20,70,00,
226000,00000625,false,Rx,0,8,25,00,59,86,01,54,5C,06,
289000,0000060D,false,Rx,0,8,0D,10,83,B6,09,20,70,00,
298000,00000054,false,Rx,0,8,01,05,BD,00,83,02,00,00,
298000,00000055,false,Rx,0,8,10,27,00,00,00,00,00,00,
298000,00000056,false,Rx,0,8,10,27,00,00,00,00,00,00,
299000,00000057,false,Rx,0,8,00,00,FE,FF,FE,FF,00,00,
326000,00000625,false,Rx,0,8,25,00,59,86,01,54,5C,06,
378000,000002C4,false,Rx,0,8,09,00,00,00,83,02,00,00,
378000,000002C5,false,Rx,0,8,00,00,00,00,00,00,00,00,
378000,000002C6,false,Rx,0,8,32,00,7C,01,00,00,00,00,
389000,0000060D,false,Rx,0,8,0D,10,83,B6,09,20,70,00,
426000,00000625,false,Rx,0,8,25,00,59,86,01,54,5C,06,
488000,0000060D,false,Rx,0,8,0D,10,83,B6,09,20,70,00,
0,00000054,false,Rx,0,8,01,05,BD,00,83,02,00,00,
0,00000055,false,Rx,0,8,10,27,00,00,00,00,00,00,
499000,00000056,false,Rx,0,8,10,27,00,00,00,00,00,00,
499000,00000057,false,Rx,0,8,00,00,FE,FF,FE,FF,00,00,
525000,00000625,false,Rx,0,8,25,00,59,86,01,54,5C,06,
589000,0000060D,false,Rx,0,8,0D,10,83,B6,09,20,70,00,
597000,000002C4,false,Rx,0,8,09,00,00,00,83,02,00,00,
598000,000002C5,false,Rx,0,8,00,00,00,00,00,00,00,00,
598000,000002C6,false,Rx,0,8,32,00,7C,01,00,00,00,00,
626000,00000625,false,Rx,0,8,25,00,59,86,01,54,5C,06,
689000,0000060D,false,Rx,0,8,0D,10,83,B6,09,20,70,00,
0,00000054,false,Rx,0,8,01,05,BD,00,83,02,00,00,
0,00000055,false,Rx,0,8,10,27,00,00,00,00,00,00,
699000,00000056,false,Rx,0,8,10,27,00,00,00,00,00,00,
699000,00000057,false,Rx,0,8,00,00,FE,FF,FE,FF,00,00,
727000,00000625,false,Rx,0,8,25,00,59,86,01,54,5C,06,
788000,0000060D,false,Rx,0,8,0D,10,83,B6,09,20,70,00,
817000,000002C4,false,Rx,0,8,09,00,00,00,83,02,00,00,
818000,000002C5,false,Rx,0,8,00,00,00,00,00,00,00,00,
818000,000002C6,false,Rx,0,8,32,00,7C,01,00,00,00,00,
826000,00000625,false,Rx,0,8,25,00,59,86,01,54,5C,06,
888000,0000060D,false,Rx,0,8,0D,10,83,B6,09,20,70,00,
899000,00000054,false,Rx,0,8,01,05,BD,00,83,02,00,00,
899000,00000055,false,Rx,0,8,10,27,00,00,00,00,00,00,
899000,00000056,false,Rx,0,8,10,27,00,00,00,00,00,00,
900000,00000057,false,Rx,0,8,00,00,FE,FF,FE,FF,00,00,
926000,00000625,false,Rx,0,8,25,00,59,86,01,54,5C,06,
989000,0000060D,false,Rx,0,8,0D,10,83,B6,09,20,70,00,
26000,00000625,false,Rx,0,8,25,00,59,86,01,54,5C,06,
37000,000002C4,false,Rx,0,8,09,00,00,00,83,02,00,00,
37000,000002C5,false,Rx,0,8,00,00,00,00,00,00,00,00,
37000,000002C6,false,Rx,0,8,32,00,7C,01,00,00,00,00,
88000,0000060D,false,Rx,0,8,0D,10,83,B6,09,20,70,00,
98000,00000054,false,Rx,0,8,01,05,BD,00,83,02,00,00,
98000,00000055,false,Rx,0,8,10,27,00,00,00,00,00,00,
98000,00000056,false,Rx,0,8,10,27,00,00,00,00,00,00,
99000,00000057,false,Rx,0,8,00,00,FE,FF,FE,FF,00,00,
127000,00000625,false,Rx,0,8,25,00,59,86,01,54,5C,06,
189000,0000060D,false,Rx,0,8,0D,10,83,B6,09,20,70,00,
227000,00000625,false,Rx,0,8,25,00,59,86,01,54,5C,06,
257000,000002C4,false,Rx,0,8,09,00,00,00,83,02,00,00,
257000,000002C5,false,Rx,0,8,00,00,00,00,00,00,00,00,
258000,000002C6,false,Rx,0,8,32,00,7C,01,00,00,00,00,
288000,0000060D,false,Rx,0,8,0D,10,83,B6,09,20,70,00,
298000,00000054,false,Rx,0,8,01,05,BD,00,83,02,00,00,
299000,00000055,false,Rx,0,8,10,27,00,00,00,00,00,00,
299000,00000056,false,Rx,0,8,10,27,00,00,00,00,00,00,
299000,00000057,false,Rx,0,8,00,00,FE,FF,FE,FF,00,00,
326000,00000625,false,Rx,0,8,25,00,59,86,01,54,5C,06,
388000,0000060D,false,Rx,0,8,0D,10,83,B6,09,20,70,00,
427000,00000625,false,Rx,0,8,25,00,59,86,01,54,5C,06,
0,000002C4,false,Rx,0,8,09,00,00,00,83,02,00,00,
0,000002C5,false,Rx,0,8,00,00,00,00,00,00,00,00,
478000,000002C6,false,Rx,0,8,32,00,7C,01,00,00,00,00,
488000,0000060D,false,Rx,0,8,0D,10,83,B6,09,20,70,00,
498000,00000054,false,Rx,0,8,01,05,BD,00,83,02,00,00,
498000,00000055,false,Rx,0,8,10,27,00,00,00,00,00,00,
499000,00000056,false,Rx,0,8,10,27,00,00,00,00,00,00,
499000,00000057,false,Rx,0,8,00,00,FE,FF,FE,FF,00,00,
526000,00000625,false,Rx,0,8,25,00,59,86,01,54,5C,06,
588000,0000060D,false,Rx,0,8,0D,10,83,B6,09,20,70,00,
625000,00000625,false,Rx,0,8,25,00,59,86,01,54,5C,06,
689000,0000060D,false,Rx,0,8,0D,10,83,B6,09,20,70,00,
0,000002C4,false,Rx,0,8,09,00,00,00,83,02,00,00,
0,000002C5,false,Rx,0,8,00,00,00,00,00,00,00,00,
0,000002C6,false,Rx,0,8,32,00,7C,01,00,00,00,00,
698000,00000054,false,Rx,0,8,01,05,BD,00,83,02,00,00,
0,00000055,false,Rx,0,8,10,27,00,00,00,00,00,00,
0,00000056,false,Rx,0,8,10,27,00,00,00,00,00,00,
0,00000057,false,Rx,0,8,00,00,FE,FF,FE,FF,00,00,
726000,00000625,false,Rx,0,8,25,00,59,86,01,54,5C,06,
788000,0000060D,false,Rx,0,8,0D,10,83,B6,09,20,70,00,
826000,00000625,false,Rx,0,8,25,00,59,86,01,54,5C,06,
888000,0000060D,false,Rx,0,8,0D,10,83,B6,09,20,70,00,
899000,00000054,false,Rx,0,8,01,05,BD,00,83,02,00,00,
899000,00000055,false,Rx,0,8,10,27,00,00,00,00,00,00,
899000,00000056,false,Rx,0,8,10,27,00,00,00,00,00,00,
899000,00000057,false,Rx,0,8,00,00,FE,FF,FE,FF,00,00,
0,000002C4,false,Rx,0,8,09,00,00,00,83,02,00,00,
0,000002C5,false,Rx,0,8,00,00,00,00,00,00,00,00,
918000,000002C6,false,Rx,0,8,32,00,7C,01,00,00,00,00,
926000,00000625,false,Rx,0,8,25,00,59,86,01,54,5C,06,
988000,0000060D,false,Rx,0,8,0D,10,83,B6,09,20,70,00,
25000,00000625,false,Rx,0,8,25,00,59,86,01,54,5C,06,
88000,0000060D,false,Rx,0,8,0D,10,83,B6,09,20,70,00,
98000,00000054,false,Rx,0,8,01,05,BD,00,83,02,00,00,
98000,00000055,false,Rx,0,8,10,27,00,00,00,00,00,00,
99000,00000056,false,Rx,0,8,10,27,00,00,00,00,00,00,
99000,00000057,false,Rx,0,8,00,00,FE,FF,FE,FF,00,00,
126000,00000625,false,Rx,0,8,25,00,59,86,01,54,5C,06,
137000,000002C4,false,Rx,0,8,09,00,00,00,83,02,00,00,
137000,000002C5,false,Rx,0,8,00,00,00,00,00,00,00,00,
138000,000002C6,false,Rx,0,8,32,00,7C,01,00,00,00,00,
189000,0000060D,false,Rx,0,8,0D,10,83,B6,09,20,70,00,
226000,00000625,false,Rx,0,8,25,00,59,86,01,54,5C,06,
288000,0000060D,false,Rx,0,8,0D,10,83,B6,09,20,70,00,
298000,00000054,false,Rx,0,8,01,05,BD,00,83,02,00,00,
0,00000055,false,Rx,0,8,10,27,00,00,00,00,00,00,
0,00000056,false,Rx,0,8,10,27,00,00,00,00,00,00,
298000,00000057,false,Rx,0,8,00,00,FE,FF,FE,FF,00,00,
326000,00000625,false,Rx,0,8,25,00,59,86,01,54,5C,06,
357000,000002C4,false,Rx,0,8,09,00,00,00,83,02,00,00,
357000,000002C5,false,Rx,0,8,00,00,00,00,00,00,00,00,
358000,000002C6,false,Rx,0,8,32,00,7C,01,00,00,00,00,
388000,0000060D,false,Rx,0,8,0D,10,83,B6,09,20,70,00,
426000,00000625,false,Rx,0,8,25,00,59,86,01,54,5C,06,
488000,0000060D,false,Rx,0,8,0D,10,83,B6,09,20,70,00,
0,00000054,false,Rx,0,8,01,05,BD,00,83,02,00,00,
0,00000055,false,Rx,0,8,10,27,00,00,00,00,00,00,
499000,00000056,false,Rx,0,8,10,27,00,00,00,00,00,00,
499000,00000057,false,Rx,0,8,00,00,FE,FF,FE,FF,00,00,
526000,00000625,false,Rx,0,8,25,00,59,86,01,54,5C,06,
0,000002C4,false,Rx,0,8,09,00,00,00,83,02,00,00,
0,000002C5,false,Rx,0,8,00,00,00,00,00,00,00,00,
578000,000002C6,false,Rx,0,8,32,00,7C,01,00,00,00,00,
588000,0000060D,false,Rx,0,8,0D,10,83,B6,09,20,70,00,
626000,00000625,false,Rx,0,8,25,00,59,86,01,54,5C,06,
688000,0000060D,false,Rx,0,8,0D,10,83,B6,09,20,70,00,
0,00000054,false,Rx,0,8,01,05,BD,00,83,02,00,00,
0,00000055,false,Rx,0,8,10,27,00,00,00,00,00,00,
698000,00000056,false,Rx,0,8,10,27,00,00,00,00,00,00,
699000,00000057,false,Rx,0,8,00,00,FE,FF,FE,FF,00,00,
726000,00000625,false,Rx,0,8,25,00,59,86,01,54,5C,06,
788000,0000060D,false,Rx,0,8,0D,10,83,B6,09,20,70,00,
797000,000002C4,false,Rx,0,8,09,00,00,00,83,02,00,00,
797000,000002C5,false,Rx,0,8,00,00,00,00,00,00,00,00,
798000,000002C6,false,Rx,0,8,32,00,7C,01,00,00,00,00,
826000,00000625,false,Rx,0,8,25,00,59,86,01,54,5C,06,
888000,0000060D,false,Rx,0,8,0D,10,83,B6,09,20,70,00,
0,00000054,false,Rx,0,8,01,05,BD,00,83,02,00,00,
0,00000055,false,Rx,0,8,10,27,00,00,00,00,00,00,
899000,00000056,false,Rx,0,8,10,27,00,00,00,00,00,00,
899000,00000057,false,Rx,0,8,00,00,FE,FF,FE,FF,00,00,
927000,00000625,false,Rx,0,8,25,00,59,86,01,54,5C,06,
988000,0000060D,false,Rx,0,8,0D,10,83,B6,09,20,70,00,
17000,000002C4,false,Rx,0,8,09,00,00,00,83,02,00,00,
18000,000002C5,false,Rx,0,8,00,00,00,00,00,00,00,00,
18000,000002C6,false,Rx,0,8,32,00,7C,01,00,00,00,00,
26000,00000625,false,Rx,0,8,25,00,59,86,01,54,5C,06,
88000,0000060D,false,Rx,0,8,0D,10,83,B6,09,20,70,00,
98000,00000054,false,Rx,0,8,01,05,BD,00,83,02,00,00,
98000,00000055,false,Rx,0,8,10,27,00,00,00,00,00,00,
98000,00000056,false,Rx,0,8,10,27,00,00,00,00,00,00,
99000,00000057,false,Rx,0,8,00,00,FE,FF,FE,FF,00,00,
126000,00000625,false,Rx,0,8,25,00,59,86,01,54,5C,06,
188000,0000060D,false,Rx,0,8,0D,10,83,B6,09,20,70,00,
227000,00000625,false,Rx,0,8,25,00,59,86,01,54,5C,06,
0,000002C4,false,Rx,0,8,09,00,00,00,83,02,00,00,
0,000002C5,false,Rx,0,8,00,00,00,00,00,00,00,00,
238000,000002C6,false,Rx,0,8,32,00,7C,01,00,00,00,00,
288000,0000060D,false,Rx,0,8,0D,10,83,B6,09,20,70,00,
298000,00000054,false,Rx,0,8,01,05,BD,00,83,02,00,00,
0,00000055,false,Rx,0,8,10,27,00,00,00,00,00,00,
0,00000056,false,Rx,0,8,10,27,00,00,00,00,00,00,
299000,00000057,false,Rx,0,8,00,00,FE,FF,FE,FF,00,00,
326000,00000625,false,Rx,0,8,25,00,59,86,01,54,5C,06,
388000,0000060D,false,Rx,0,8,0D,10,83,B6,09,20,70,00,
426000,00000625,false,Rx,0,8,25,00,59,86,01,54,5C,06,
457000,000002C4,false,Rx,0,8,09,00,00,00,83,02,00,00,
457000,000002C5,false,Rx,0,8,00,00,00,00,00,00,00,00,
458000,000002C6,false,Rx,0,8,32,00,7C,01,00,00,00,00,
489000,0000060D,false,Rx,0,8,0D,10,83,B6,09,20,70,00,
498000,00000054,false,Rx,0,8,01,05,BD,00,83,02,00,00,
498000,00000055,false,Rx,0,8,10,27,00,00,00,00,00,00,
0,00000056,false,Rx,0,8,10,27,00,00,00,00,00,00,
0,00000057,false,Rx,0,8,00,00,FE,FF,FE,FF,00,00,
526000,00000625,false,Rx,0,8,25,00,59,86,01,54,5C,06,
588000,0000060D,false,Rx,0,8,0D,10,83,B6,09,20,70,00,
626000,00000625,false,Rx,0,8,25,00,59,86,01,54,5C,06,
0,000002C4,false,Rx,0,8,09,00,00,00,83,02,00,00,
0,000002C5,false,Rx,0,8,00,00,00,00,00,00,00,00,
678000,000002C6,false,Rx,0,8,32,00,7C,01,00,00,00,00,
689000,0000060D,false,Rx,0,8,0D,10,83,B6,09,20,70,00,
0,00000054,false,Rx,0,8,01,05,BD,00,83,02,00,00,
0,00000055,false,Rx,0,8,10,27,00,00,00,00,00,00,
0,00000056,false,Rx,0,8,10,27,00,00,00,00,00,00,
698000,00000057,false,Rx,0,8,00,00,FE,FF,FE,FF,00,00,
726000,00000625,false,Rx,0,8,25,00,59,86,01,54,5C,06,
788000,0000060D,false,Rx,0,8,0D,10,83,B6,09,20,70,00,
826000,00000625,false,Rx,0,8,25,00,59,86,01,54,5C,06,
888000,0000060D,false,Rx,0,8,0D,10,83,B6,09,20,70,00,
898000,000002C4,false,Rx,0,8,09,00,00,00,83,02,00,00,
898000,000002C5,false,Rx,0,8,00,00,00,00,00,00,00,00,
898000,000002C6,false,Rx,0,8,32,00,7C,01,00,00,00,00,
898000,00000054,false,Rx,0,8,01,05,BD,00,83,02,00,00,
899000,00000055,false,Rx,0,8,10,27,00,00,00,00,00,00,
899000,00000056,false,Rx,0,8,10,27,00,00,00,00,00,00,
899000,00000057,false,Rx,0,8,00,00,FE,FF,FE,FF,00,00,
926000,00000625,false,Rx,0,8,25,00,59,86,01,54,5C,06,
988000,0000060D,false,Rx,0,8,0D,10,83,B6,09,20,70,00,
25000,00000625,false,Rx,0,8,25,00,59,86,01,54,5C,06,
88000,0000060D,false,Rx,0,8,0D,10,83,B6,09,20,70,00,
0,00000054,false,Rx,0,8,01,05,BD,00,83,02,00,00,
0,00000055,false,Rx,0,8,10,27,00,00,00,00,00,00,
98000,00000056,false,Rx,0,8,10,27,00,00,00,00,00,00,
99000,00000057,false,Rx,0,8,00,00,FE,FF,FE,FF,00,00,
0,000002C4,false,Rx,0,8,09,00,00,00,83,02,00,00,
0,000002C5,false,Rx,0,8,00,00,00,00,00,00,00,00,
117000,000002C6,false,Rx,0,8,32,00,7C,01,00,00,00,00,
126000,00000625,false,Rx,0,8,25,00,59,86,01,54,5C,06,
188000,0000060D,false,Rx,0,8,0D,10,83,B6,09,20,70,00,
226000,00000625,false,Rx,0,8,25,00,59,86,01,54,5C,06,
288000,0000060D,false,Rx,0,8,0D,10,83,B6,09,20,70,00,
0,00000054,false,Rx,0,8,01,05,BD,00,83,02,00,00,
0,00000055,false,Rx,0,8,10,27,00,00,00,00,00,00,
0,00000056,false,Rx,0,8,10,27,00,00,00,00,00,00,
299000,00000057,false,Rx,0,8,00,00,FE,FF,FE,FF,00,00,
326000,00000625,false,Rx,0,8,25,00,59,86,01,54,5C,06,
337000,000002C4,false,Rx,0,8,09,00,00,00,83,02,00,00,
337000,000002C5,false,Rx,0,8,00,00,00,00,00,00,00,00,
338000,000002C6,false,Rx,0,8,32,00,7C,01,00,00,00,00,
389000,0000060D,false,Rx,0,8,0D,10,83,B6,09,20,70,00,
426000,00000625,false,Rx,0,8,25,00,59,86,01,54,5C,06,
488000,0000060D,false,Rx,0,8,0D,10,83,B6,09,20,70,00,
0,00000054,false,Rx,0,8,01,05,BD,00,83,02,00,00,
0,00000055,false,Rx,0,8,10,27,00,00,00,00,00,00,
498000,00000056,false,Rx,0,8,10,27,00,00,00,00,00,00,
499000,00000057,false,Rx,0,8,00,00,FE,FF,FE,FF,00,00,
525000,00000625,false,Rx,0,8,25,00,59,86,01,54,5C,06,
558000,000002C4,false,Rx,0,8,09,00,00,00,83,02,00,00,
558000,000002C5,false,Rx,0,8,00,00,00,00,00,00,00,00,
558000,000002C6,false,Rx,0,8,32,00,7C,01,00,00,00,00,
588000,0000060D,false,Rx,0,8,0D,10,83,B6,09,20,70,00,
627000,00000625,false,Rx,0,8,25,00,59,86,01,54,5C,06,
688000,0000060D,false,Rx,0,8,0D,10,83,B6,09,20,70,00,
0,00000054,false,Rx,0,8,01,05,BD,00,83,02,00,00,
0,00000055,false,Rx,0,8,10,27,00,00,00,00,00,00,
699000,00000056,false,Rx,0,8,10,27,00,00,00,00,00,00,
699000,00000057,false,Rx,0,8,00,00,FE,FF,FE,FF,00,00,
726000,00000625,false,Rx,0,8,25,00,59,86,01,54,5C,06,
777000,000002C4,false,Rx,0,8,09,00,00,00,83,02,00,00,
777000,000002C5,false,Rx,0,8,00,00,00,00,00,00,00,00,
777000,000002C6,false,Rx,0,8,32,00,7C,01,00,00,00,00,
789000,0000060D,false,Rx,0,8,0D,10,83,B6,09,20,70,00,
826000,00000625,false,Rx,0,8,25,00,59,86,01,54,5C,06,
889000,0000060D,false,Rx,0,8,0D,10,83,B6,09,20,70,00,
0,00000054,false,Rx,0,8,01,05,BD,00,83,02,00,00,
0,00000055,false,Rx,0,8,10,27,00,00,00,00,00,00,
0,00000056,false,Rx,0,8,10,27,00,00,00,00,00,00,
900000,00000057,false,Rx,0,8,00,00,FE,FF,FE,FF,00,00,
927000,00000625,false,Rx,0,8,25,00,59,86,01,54,5C,06,
989000,0000060D,false,Rx,0,8,0D,10,83,B6,09,20,70,00,
997000,000002C4,false,Rx,0,8,09,00,00,00,83,02,00,00,
998000,000002C5,false,Rx,0,8,00,00,00,00,00,00,00,00,
998000,000002C6,false,Rx,0,8,32,00,7C,01,00,00,00,00,
26000,00000625,false,Rx,0,8,25,00,59,86,01,54,5C,06,
88000,0000060D,false,Rx,0,8,0D,10,83,B6,09,20,70,00,
98000,00000054,false,Rx,0,8,01,05,BD,00,83,02,00,00,
98000,00000055,false,Rx,0,8,10,27,00,00,00,00,00,00,
99000,00000056,false,Rx,0,8,10,27,00,00,00,00,00,00,
99000,00000057,false,Rx,0,8,00,00,FE,FF,FE,FF,00,00,
126000,00000625,false,Rx,0,8,25,00,59,86,01,54,5C,06,
189000,0000060D,false,Rx,0,8,0D,10,83,B6,09,20,70,00,
0,000002C4,false,Rx,0,8,09,00,00,00,83,02,00,00,
0,000002C5,false,Rx,0,8,00,00,00,00,00,00,00,00,
218000,000002C6,false,Rx,0,8,32,00,7C,01,00,00,00,00,
226000,00000625,false,Rx,0,8,25,00,59,86,01,54,5C,06,
288000,0000060D,false,Rx,0,8,0D,10,83,B6,09,20,70,00,
298000,00000054,false,Rx,0,8,01,05,BD,00,83,02,00,00,
0,00000055,false,Rx,0,8,10,27,00,00,00,00,00,00,
0,00000056,false,Rx,0,8,10,27,00,00,00,00,00,00,
299000,00000057,false,Rx,0,8,00,00,FE,FF,FE,FF,00,00,
326000,00000625,false,Rx,0,8,25,00,59,86,01,54,5C,06,
388000,0000060D,false,Rx,0,8,0D,10,83,B6,09,20,70,00,
427000,00000625,false,Rx,0,8,25,00,59,86,01,54,5C,06,
0,000002C4,false,Rx,0,8,09,20,00,00,83,02,00,00,
0,000002C5,false,Rx,0,8,00,00,00,00,00,00,00,00,
438000,000002C6,false,Rx,0,8,32,00,7C,01,00,00,00,00,
488000,0000060D,false,Rx,0,8,0D,10,83,B6,09,20,70,00,
0,00000054,false,Rx,0,8,01,05,BD,00,83,02,00,00,
0,00000055,false,Rx,0,8,10,27,00,00,00,00,00,00,
498000,00000056,false,Rx,0,8,10,27,00,00,00,00,00,00,
499000,00000057,false,Rx,0,8,00,00,FE,FF,FE,FF,00,00,
526000,00000625,false,Rx,0,8,25,00,59,86,01,54,5C,06,
588000,0000060D,false,Rx,0,8,0D,10,83,B6,09,20,70,00,
626000,00000625,false,Rx,0,8,25,00,59,86,01,54,5C,06,
657000,000002C4,false,Rx,0,8,09,20,00,00,83,02,00,00,
657000,000002C5,false,Rx,0,8,00,00,00,00,00,00,00,00,
658000,000002C6,false,Rx,0,8,32,00,7C,01,00,00,00,00,
688000,0000060D,false,Rx,0,8,0D,10,83,B6,09,20,70,00,
0,00000054,false,Rx,0,8,01,05,BD,00,83,02,00,00,
0,00000055,false,Rx,0,8,10,27,00,00,00,00,00,00,
699000,00000056,false,Rx,0,8,10,27,00,00,00,00,00,00,
699000,00000057,false,Rx,0,8,00,00,FE,FF,FE,FF,00,00,
726000,00000625,false,Rx,0,8,25,00,59,86,01,54,5C,06,
788000,0000060D,false,Rx,0,8,0D,10,83,B6,09,20,70,00,
826000,00000625,false,Rx,0,8,25,00,59,86,01,54,5C,06,
0,000002C4,false,Rx,0,8,09,20,00,00,83,02,00,00,
0,000002C5,false,Rx,0,8,00,00,00,00,00,00,00,00,
878000,000002C6,false,Rx,0,8,32,00,7C,01,00,00,00,00,
889000,0000060D,false,Rx,0,8,0D,10,83,B6,09,20,70,00,
0,00000054,false,Rx,0,8,01,05,BD,00,83,02,00,00,
0,00000055,false,Rx,0,8,10,27,00,00,00,00,00,00,
899000,00000056,false,Rx,0,8,10,27,00,00,00,00,00,00,
899000,00000057,false,Rx,0,8,00,00,FE,FF,FE,FF,00,00,
926000,00000625,false,Rx,0,8,25,00,59,86,01,54,5C,06,
989000,0000060D,false,Rx,0,8,0D,10,83,B6,09,20,70,00,
26000,00000625,false,Rx,0,8,25,00,59,86,01,54,5C,06,
89000,0000060D,false,Rx,0,8,0D,10,83,B6,09,20,70,00,
97000,000002C4,false,Rx,0,8,09,20,00,00,83,02,00,00,
97000,000002C5,false,Rx,0,8,00,00,00,00,00,00,00,00,
97000,000002C6,false,Rx,0,8,32,00,7C,01,00,00,00,00,
98000,00000054,false,Rx,0,8,01,05,BD,00,83,02,00,00,
98000,00000055,false,Rx,0,8,10,27,00,00,00,00,00,00,
98000,00000056,false,Rx,0,8,10,27,00,00,00,00,00,00,
98000,00000057,false,Rx,0,8,00,00,FE,FF,FE,FF,00,00,
126000,00000625,false,Rx,0,8,25,00,59,86,01,54,5C,06,
189000,0000060D,false,Rx,0,8,0D,10,83,B6,09,20,70,00,
226000,00000625,false,Rx,0,8,25,00,59,86,01,54,5C,06,
288000,0000060D,false,Rx,0,8,0D,10,83,B6,09,20,70,00,
299000,00000054,false,Rx,0,8,01,05,BD,00,83,02,00,00,
299000,00000055,false,Rx,0,8,10,27,00,00,00,00,00,00,
299000,00000056,false,Rx,0,8,10,27,00,00,00,00,00,00,
299000,00000057,false,Rx,0,8,00,00,FE,FF,FE,FF,00,00,
317000,000002C4,false,Rx,0,8,09,20,00,00,83,02,00,00,
318000,000002C5,false,Rx,0,8,00,00,00,00,00,00,00,00,
318000,000002C6,false,Rx,0,8,32,00,7C,01,00,00,00,00,
326000,00000625,false,Rx,0,8,25,00,59,86,01,54,5C,06,
389000,0000060D,false,Rx,0,8,0D,10,83,B6,09,20,70,00,
426000,00000625,false,Rx,0,8,25,00,59,86,01,54,5C,06,
488000,0000060D,false,Rx,0,8,0D,10,83,B6,09,20,70,00,
0,00000054,false,Rx,0,8,01,05,BD,00,83,02,00,00,
0,00000055,false,Rx,0,8,10,27,00,00,00,00,00,00,
498000,00000056,false,Rx,0,8,10,27,00,00,00,00,00,00,
499000,00000057,false,Rx,0,8,00,00,FE,FF,FE,FF,00,00,
526000,00000625,false,Rx,0,8,25,00,59,86,01,54,5C,06,
537000,000002C4,false,Rx,0,8,09,20,00,00,83,02,00,00,
537000,000002C5,false,Rx,0,8,00,00,00,00,00,00,00,00,
537000,000002C6,false,Rx,0,8,32,00,7C,01,00,00,00,00,
588000,0000060D,false,Rx,0,8,0D,10,83,B6,09,20,70,00,
626000,00000625,false,Rx,0,8,25,00,59,86,01,54,5C,06,
689000,0000060D,false,Rx,0,8,0D,10,83,B6,09,20,70,00,
0,00000054,false,Rx,0,8,01,05,BD,00,83,02,00,00,
0,00000055,false,Rx,0,8,10,27,00,00,00,00,00,00,
699000,00000056,false,Rx,0,8,10,27,00,00,00,00,00,00,
699000,00000057,false,Rx,0,8,00,00,FE,FF,FE,FF,00,00,
726000,00000625,false,Rx,0,8,25,00,59,86,01,54,5C,06,
757000,000002C4,false,Rx,0,8,09,20,00,00,83,02,00,00,
758000,000002C5,false,Rx,0,8,00,00,00,00,00,00,00,00,
758000,000002C6,false,Rx,0,8,32,00,7C,01,00,00,00,00,
788000,0000060D,false,Rx,0,8,0D,10,83,B6,09,20,70,00,
826000,00000625,false,Rx,0,8,25,00,59,86,01,54,5C,06,
889000,0000060D,false,Rx,0,8,0D,10,83,B6,09,20,70,00,
0,00000054,false,Rx,0,8,01,05,BD,00,83,02,00,00,
0,00000055,false,Rx,0,8,10,27,00,00,00,00,00,00,
899000,00000056,false,Rx,0,8,10,27,00,00,00,00,00,00,
899000,00000057,false,Rx,0,8,00,00,FE,FF,FE,FF,00,00,
926000,00000625,false,Rx,0,8,25,00,59,86,01,54,5C,06,
978000,000002C4,false,Rx,0,8,09,20,00,00,83,02,00,00,
978000,000002C5,false,Rx,0,8,00,00,00,00,00,00,00,00,
978000,000002C6,false,Rx,0,8,32,00,7C,01,00,00,00,00,
988000,0000060D,false,Rx,0,8,0D,10,83,B6,09,20,70,00,
26000,00000625,false,Rx,0,8,25,00,59,86,01,54,5C,06,
88000,0000060D,false,Rx,0,8,0D,10,83,B6,09,20,70,00,
98000,00000054,false,Rx,0,8,01,05,BD,00,83,02,00,00,
98000,00000055,false,Rx,0,8,10,27,00,00,00,00,00,00,
0,00000056,false,Rx,0,8,10,27,00,00,00,00,00,00,
0,00000057,false,Rx,0,8,00,00,FE,FF,FE,FF,00,00,
127000,00000625,false,Rx,0,8,25,00,59,86,01,54,5C,06,
189000,0000060D,false,Rx,0,8,0D,10,83,B6,09,20,70,00,
0,000002C4,false,Rx,0,8,09,20,00,00,83,02,00,00,
0,000002C5,false,Rx,0,8,00,00,00,00,00,00,00,00,
198000,000002C6,false,Rx,0,8,32,00,7C,01,00,00,00,00,
227000,00000625,false,Rx,0,8,25,00,59,86,01,54,5C,06,
288000,0000060D,false,Rx,0,8,0D,10,83,B6,09,20,70,00,
0,00000054,false,Rx,0,8,01,05,BD,00,83,02,00,00,
0,00000055,false,Rx,0,8,10,27,00,00,00,00,00,00,
298000,00000056,false,Rx,0,8,10,27,00,00,00,00,00,00,
299000,00000057,false,Rx,0,8,00,00,FE,FF,FE,FF,00,00,
326000,00000625,false,Rx,0,8,25,00,59,86,01,54,5C,06,
388000,0000060D,false,Rx,0,8,0D,10,83,B6,09,20,70,00,
0,000002C4,false,Rx,0,8,09,20,00,00,83,02,00,00,
0,000002C5,false,Rx,0,8,00,00,00,00,00,00,00,00,
418000,000002C6,false,Rx,0,8,32,00,7C,01,00,00,00,00,
426000,00000625,false,Rx,0,8,25,00,59,86,01,54,5C,06,
489000,0000060D,false,Rx,0,8,0D,10,83,B6,09,20,70,00,
0,00000054,false,Rx,0,8,01,05,BD,00,83,02,00,00,
0,00000055,false,Rx,0,8,10,27,00,00,00,00,00,00,
499000,00000056,false,Rx,0,8,10,27,00,00,00,00,00,00,
499000,00000057,false,Rx,0,8,00,00,FE,FF,FE,FF,00,00,
526000,00000625,false,Rx,0,8,25,00,59,86,01,54,5C,06,
588000,0000060D,false,Rx,0,8,0D,10,83,B6,09,20,70,00,
626000,00000625,false,Rx,0,8,25,00,59,86,01,54,5C,06,
0,000002C4,false,Rx,0,8,09,20,00,00,83,02,00,00,
0,000002C5,false,Rx,0,8,00,00,00,00,00,00,00,00,
0,000002C6,false,Rx,0,8,32,00,7C,01,00,00,00,00,
689000,0000060D,false,Rx,0,8,0D,10,83,B6,09,20,70,00,
0,00000054,false,Rx,0,8,01,05,BD,00,83,02,00,00,
0,00000055,false,Rx,0,8,10,27,00,00,00,00,00,00,
698000,00000056,false,Rx,0,8,10,27,00,00,00,00,00,00,
698000,00000057,false,Rx,0,8,00,00,FE,FF,FE,FF,00,00,
726000,00000625,false,Rx,0,8,25,00,59,86,01,54,5C,06,
788000,0000060D,false,Rx,0,8,0D,10,83,B6,09,20,70,00,
826000,00000625,false,Rx,0,8,25,00,59,86,01,54,5C,06,
0,000002C4,false,Rx,0,8,09,20,00,00,83,02,00,00,
0,000002C5,false,Rx,0,8,00,00,00,00,00,00,00,00,
0,000002C6,false,Rx,0,8,32,00,7C,01,00,00,00,00,
888000,0000060D,false,Rx,0,8,0D,10,83,B6,09,20,70,00,
0,00000054,false,Rx,0,8,01,05,BD,00,83,02,00,00,
0,00000055,false,Rx,0,8,10,27,00,00,00,00,00,00,
898000,00000056,false,Rx,0,8,10,27,00,00,00,00,00,00,
899000,00000057,false,Rx,0,8,00,00,FE,FF,FE,FF,00,00,
926000,00000625,false,Rx,0,8,25,00,59,86,01,54,5C,06,
988000,0000060D,false,Rx,0,8,0D,10,83,B6,09,20,70,00,
25000,00000625,false,Rx,0,8,25,00,59,86,01,54,5C,06,
77000,000002C4,false,Rx,0,8,09,20,00,00,83,02,00,00,
77000,000002C5,false,Rx,0,8,00,00,00,00,00,00,00,00,
78000,000002C6,false,Rx,0,8,32,00,7C,01,00,00,00,00,
88000,0000060D,false,Rx,0,8,0D,10,83,B6,09,20,70,00,
0,00000054,false,Rx,0,8,01,05,BD,00,83,02,00,00,
0,00000055,false,Rx,0,8,10,27,00,00,00,00,00,00,
98000,00000056,false,Rx,0,8,10,27,00,00,00,00,00,00,
99000,00000057,false,Rx,0,8,00,00,FE,FF,FE,FF,00,00,
127000,00000625,false,Rx,0,8,25,00,59,86,01,54,5C,06,
188000,0000060D,false,Rx,0,8,0D,10,83,B6,09,20,70,00,
227000,00000625,false,Rx,0,8,25,00,59,86,01,54,5C,06,
288000,0000060D,false,Rx,0,8,0D,10,83,B6,09,20,70,00,
297000,000002C4,false,Rx,0,8,09,20,00,00,83,02,00,00,
297000,000002C5,false,Rx,0,8,00,00,00,00,00,00,00,00,
297000,000002C6,false,Rx,0,8,32,00,7C,01,00,00,00,00,
298000,00000054,false,Rx,0,8,01,05,BD,00,83,02,00,00,
298000,00000055,false,Rx,0,8,10,27,00,00,00,00,00,00,
298000,00000056,false,Rx,0,8,10,27,00,00,00,00,00,00,
298000,00000057,false,Rx,0,8,00,00,FE,FF,FE,FF,00,00,
326000,00000625,false,Rx,0,8,25,00,59,86,01,54,5C,06,
388000,0000060D,false,Rx,0,8,0D,10,83,B6,09,20,70,00,
426000,00000625,false,Rx,0,8,25,00,59,86,01,54,5C,06,
488000,0000060D,false,Rx,0,8,0D,10,83,B6,09,20,70,00,
498000,00000054,false,Rx,0,8,01,05,BD,00,83,02,00,00,
498000,00000055,false,Rx,0,8,10,27,00,00,00,00,00,00,
0,00000056,false,Rx,0,8,10,27,00,00,00,00,00,00,
0,00000057,false,Rx,0,8,00,00,FE,FF,FE,FF,00,00,
517000,000002C4,false,Rx,0,8,09,20,00,00,83,02,00,00,
517000,000002C5,false,Rx,0,8,00,00,00,00,00,00,00,00,
517000,000002C6,false,Rx,0,8,32,00,7C,01,00,00,00,00,
525000,00000625,false,Rx,0,8,25,00,59,86,01,54,5C,06,
588000,0000060D,false,Rx,0,8,0D,10,83,B6,09,20,70,00,
626000,00000625,false,Rx,0,8,25,00,59,86,01,54,5C,06,
688000,0000060D,false,Rx,0,8,0D,10,83,B6,09,20,70,00,
0,00000054,false,Rx,0,8,01,05,BD,00,83,02,00,00,
0,00000055,false,Rx,0,8,10,27,00,00,00,00,00,00,
699000,00000056,false,Rx,0,8,10,27,00,00,00,00,00,00,
699000,00000057,false,Rx,0,8,00,00,FE,FF,FE,FF,00,00,
725000,00000625,false,Rx,0,8,25,00,59,86,01,54,5C,06,
0,000002C4,false,Rx,0,8,09,20,00,00,83,02,00,00,
0,000002C5,false,Rx,0,8,00,00,00,00,00,00,00,00,
738000,000002C6,false,Rx,0,8,32,00,7C,01,00,00,00,00,
788000,0000060D,false,Rx,0,8,0D,10,83,B6,09,20,70,00,
826000,00000625,false,Rx,0,8,25,00,59,86,01,54,5C,06,
888000,0000060D,false,Rx,0,8,0D,10,83,B6,09,20,70,00,
898000,00000054,false,Rx,0,8,01,05,BD,00,83,02,00,00,
898000,00000055,false,Rx,0,8,10,27,00,00,00,00,00,00,
899000,00000056,false,Rx,0,8,10,27,00,00,00,00,00,00,
899000,00000057,false,Rx,0,8,00,00,FE,FF,FE,FF,00,00,
926000,00000625,false,Rx,0,8,25,00,59,86,01,54,5C,06,
958000,000002C4,false,Rx,0,8,09,20,00,00,83,02,00,00,
958000,000002C5,false,Rx,0,8,00,00,00,00,00,00,00,00,
958000,000002C6,false,Rx,0,8,32,00,7C,01,00,00,00,00,
989000,0000060D,false,Rx,0,8,0D,10,83,B6,09,20,70,00,
26000,00000625,false,Rx,0,8,25,00,59,86,01,54,5C,06,
89000,0000060D,false,Rx,0,8,0D,10,83,B6,09,20,70,00,
98000,00000054,false,Rx,0,8,01,05,BD,00,83,02,00,00,
98000,00000055,false,Rx,0,8,10,27,00,00,00,00,00,00,
99000,00000056,false,Rx,0,8,10,27,00,00,00,00,00,00,
99000,00000057,false,Rx,0,8,00,00,FE,FF,FE,FF,00,00,
126000,00000625,false,Rx,0,8,25,00,59,86,01,54,5C,06,
177000,000002C4,false,Rx,0,8,09,20,00,00,83,02,00,00,
177000,000002C5,false,Rx,0,8,00,00,00,00,00,00,00,00,
177000,000002C6,false,Rx,0,8,32,00,7C,01,00,00,00,00,
188000,0000060D,false,Rx,0,8,0D,10,83,B6,09,20,70,00,
226000,00000625,false,Rx,0,8,25,00,59,86,01,54,5C,06,
289000,0000060D,false,Rx,0,8,0D,10,83,B6,09,20,70,00,
298000,00000054,false,Rx,0,8,01,05,BD,00,83,02,00,00,
298000,00000055,false,Rx,0,8,10,27,00,00,00,00,00,00,
298000,00000056,false,Rx,0,8,10,27,00,00,00,00,00,00,
299000,00000057,false,Rx,0,8,00,00,FE,FF,FE,FF,00,00,
326000,00000625,false,Rx,0,8,25,00,59,86,01,54,5C,06,
388000,0000060D,false,Rx,0,8,0D,10,83,B6,09,20,70,00,
398000,000002C4,false,Rx,0,8,09,20,00,00,83,02,00,00,
398000,000002C5,false,Rx,0,8,00,00,00,00,00,00,00,00,
398000,000002C6,false,Rx,0,8,32,00,7C,01,00,00,00,00,
426000,00000625,false,Rx,0,8,25,00,59,86,01,54,5C,06,
488000,0000060D,false,Rx,0,8,0D,10,83,B6,09,20,70,00,
0,00000054,false,Rx,0,8,01,05,BD,00,83,02,00,00,
0,00000055,false,Rx,0,8,10,27,00,00,00,00,00,00,
0,00000056,false,Rx,0,8,10,27,00,00,00,00,00,00,
0,00000057,false,Rx,0,8,00,00,FE,FF,FE,FF,00,00,
526000,00000625,false,Rx,0,8,25,00,59,86,01,54,5C,06,
588000,0000060D,false,Rx,0,8,0D,10,83,B6,09,20,70,00,
617000,000002C4,false,Rx,0,8,09,20,00,00,83,02,00,00,
618000,000002C5,false,Rx,0,8,00,00,00,00,00,00,00,00,
618000,000002C6,false,Rx,0,8,32,00,7C,01,00,00,00,00,
626000,00000625,false,Rx,0,8,25,00,59,86,01,54,5C,06,
688000,0000060D,false,Rx,0,8,0D,10,83,B6,09,20,70,00,
0,00000054,false,Rx,0,8,01,05,BD,00,83,02,00,00,
0,00000055,false,Rx,0,8,10,27,00,00,00,00,00,00,
0,00000056,false,Rx,0,8,10,27,00,00,00,00,00,00,
699000,00000057,false,Rx,0,8,00,00,FE,FF,FE,FF,00,00,
726000,00000625,false,Rx,0,8,25,00,59,86,01,54,5C,06,
788000,0000060D,false,Rx,0,8,0D,10,83,B6,09,20,70,00,
826000,00000625,false,Rx,0,8,25,00,59,86,01,54,5C,06,
837000,000002C4,false,Rx,0,8,09,20,00,00,83,02,00,00,
837000,000002C5,false,Rx,0,8,00,00,00,00,00,00,00,00,
838000,000002C6,false,Rx,0,8,32,00,7C,01,00,00,00,00,
888000,0000060D,false,Rx,0,8,0D,10,83,B6,09,20,70,00,
0,00000054,false,Rx,0,8,01,05,BD,00,83,02,00,00,
0,00000055,false,Rx,0,8,10,27,00,00,00,00,00,00,
898000,00000056,false,Rx,0,8,10,27,00,00,00,00,00,00,
899000,00000057,false,Rx,0,8,00,00,FE,FF,FE,FF,00,00,
926000,00000625,false,Rx,0,8,25,00,59,86,01,54,5C,06,
989000,0000060D,false,Rx,0,8,0D,10,83,B6,09,20,70,00,
26000,00000625,false,Rx,0,8,25,00,59,86,01,54,5C,06,
57000,000002C4,false,Rx,0,8,09,20,00,00,83,02,00,00,
57000,000002C5,false,Rx,0,8,00,00,00,00,00,00,00,00,
58000,000002C6,false,Rx,0,8,32,00,7C,01,00,00,00,00,
88000,0000060D,false,Rx,0,8,0D,10,83,B6,09,20,70,00,
98000,00000054,false,Rx,0,8,01,05,BD,00,83,02,00,00,
98000,00000055,false,Rx,0,8,10,27,00,00,00,00,00,00,
98000,00000056,false,Rx,0,8,10,27,00,00,00,00,00,00,
99000,00000057,false,Rx,0,8,00,00,FE,FF,FE,FF,00,00,
127000,00000625,false,Rx,0,8,25,00,59,86,01,54,5C,06,
188000,0000060D,false,Rx,0,8,0D,10,83,B6,09,20,70,00,
226000,00000625,false,Rx,0,8,25,00,59,86,01,54,5C,06,
277000,000002C4,false,Rx,0,8,09,20,00,00,83,02,00,00,
278000,000002C5,false,Rx,0,8,00,00,00,00,00,00,00,00,
278000,000002C6,false,Rx,0,8,32,00,7C,01,00,00,00,00,
288000,0000060D,false,Rx,0,8,0D,10,83,B6,09,20,70,00,
298000,00000054,false,Rx,0,8,01,05,BD,00,83,02,00,00,
298000,00000055,false,Rx,0,8,10,27,00,00,00,00,00,00,
298000,00000056,false,Rx,0,8,10,27,00,00,00,00,00,00,
299000,00000057,false,Rx,0,8,00,00,FE,FF,FE,FF,00,00,
326000,00000625,false,Rx,0,8,25,00,59,86,01,54,5C,06,
389000,0000060D,false,Rx,0,8,0D,10,83,B6,09,20,70,00,
426000,00000625,false,Rx,0,8,25,00,59,86,01,54,5C,06,
489000,0000060D,false,Rx,0,8,0D,10,83,B6,09,20,70,00,
0,000002C4,false,Rx,0,8,09,20,00,00,83,02,00,00,
0,000002C5,false,Rx,0,8,00,00,00,00,00,00,00,00,
498000,000002C6,false,Rx,0,8,32,00,7C,01,00,00,00,00,
0,00000054,false,Rx,0,8,01,05,BD,00,83,02,00,00,
0,00000055,false,Rx,0,8,10,27,00,00,00,00,00,00,
499000,00000056,false,Rx,0,8,10,27,00,00,00,00,00,00,
499000,00000057,false,Rx,0,8,00,00,FE,FF,FE,FF,00,00,
526000,00000625,false,Rx,0,8,25,00,59,86,01,54,5C,06,
588000,0000060D,false,Rx,0,8,0D,10,83,B6,09,20,70,00,
626000,00000625,false,Rx,0,8,25,00,59,86,01,54,5C,06,
689000,0000060D,false,Rx,0,8,0D,10,83,B6,09,20,70,00,
0,00000054,false,Rx,0,8,01,05,BD,00,83,02,00,00,
0,00000055,false,Rx,0,8,10,27,00,00,00,00,00,00,
699000,00000056,false,Rx,0,8,10,27,00,00,00,00,00,00,
699000,00000057,false,Rx,0,8,00,00,FE,FF,FE,FF,00,00,
717000,000002C4,false,Rx,0,8,09,20,00,00,83,02,00,00,
717000,000002C5,false,Rx,0,8,00,00,00,00,00,00,00,00,
718000,000002C6,false,Rx,0,8,32,00,7C,01,00,00,00,00,
726000,00000625,false,Rx,0,8,25,00,59,86,01,54,5C,06,
789000,0000060D,false,Rx,0,8,0D,10,83,B6,09,20,70,00,
826000,00000625,false,Rx,0,8,25,00,59,86,01,54,5C,06,
889000,0000060D,false,Rx,0,8,0D,10,83,B6,09,20,70,00,
0,00000054,false,Rx,0,8,01,05,BD,00,83,02,00,00,
0,00000055,false,Rx,0,8,10,27,00,00,00,00,00,00,
898000,00000056,false,Rx,0,8,10,27,00,00,00,00,00,00,
899000,00000057,false,Rx,0,8,00,00,FE,FF,FE,FF,00,00,
927000,00000625,false,Rx,0,8,25,00,59,86,01,54,5C,06,
0,000002C4,false,Rx,0,8,09,20,00,00,83,02,00,00,
0,000002C5,false,Rx,0,8,00,00,00,00,00,00,00,00,
938000,000002C6,false,Rx,0,8,32,00,7C,01,00,00,00,00,
988000,0000060D,false,Rx,0,8,0D,10,83,B6,09,20,70,00,
26000,00000625,false,Rx,0,8,25,00,59,86,01,54,5C,06,
88000,0000060D,false,Rx,0,8,0D,10,83,B6,09,20,70,00,
0,00000054,false,Rx,0,8,01,05,BD,00,83,02,00,00,
0,00000055,false,Rx,0,8,10,27,00,00,00,00,00,00,
98000,00000056,false,Rx,0,8,10,27,00,00,00,00,00,00,
98000,00000057,false,Rx,0,8,00,00,FE,FF,FE,FF,00,00,
127000,00000625,false,Rx,0,8,25,00,59,86,01,54,5C,06,
158000,000002C4,false,Rx,0,8,09,20,00,00,83,02,00,00,
158000,000002C5,false,Rx,0,8,00,00,00,00,00,00,00,00,
158000,000002C6,false,Rx,0,8,32,00,7C,01,00,00,00,00,
189000,0000060D,false,Rx,0,8,0D,10,83,B6,09,20,70,00,
227000,00000625,false,Rx,0,8,25,00,59,86,01,54,5C,06,
288000,0000060D,false,Rx,0,8,0D,10,83,B6,09,20,70,00,
298000,00000054,false,Rx,0,8,01,05,BD,00,83,02,00,00,
298000,00000055,false,Rx,0,8,10,27,00,00,00,00,00,00,
299000,00000056,false,Rx,0,8,10,27,00,00,00,00,00,00,
299000,00000057,false,Rx,0,8,00,00,FE,FF,FE,FF,00,00,
326000,00000625,false,Rx,0,8,25,00,59,86,01,54,5C,06,
0,000002C4,false,Rx,0,8,09,20,00,00,83,02,00,00,
0,000002C5,false,Rx,0,8,00,00,00,00,00,00,00,00,
377000,000002C6,false,Rx,0,8,32,00,7C,01,00,00,00,00,
389000,0000060D,false,Rx,0,8,0D,10,83,B6,09,20,70,00,
426000,00000625,false,Rx,0,8,25,00,59,86,01,54,5C,06,
488000,0000060D,false,Rx,0,8,0D,10,83,B6,09,20,70,00,
0,00000054,false,Rx,0,8,01,05,BD,00,83,02,00,00,
0,00000055,false,Rx,0,8,10,27,00,00,00,00,00,00,
498000,00000056,false,Rx,0,8,10,27,00,00,00,00,00,00,
498000,00000057,false,Rx,0,8,00,00,FE,FF,FE,FF,00,00,
527000,00000625,false,Rx,0,8,25,00,59,86,01,54,5C,06,
588000,0000060D,false,Rx,0,8,0D,10,83,B6,09,20,70,00,
598000,000002C4,false,Rx,0,8,09,20,00,00,83,02,00,00,
598000,000002C5,false,Rx,0,8,00,00,00,00,00,00,00,00,
598000,000002C6,false,Rx,0,8,32,00,7C,01,00,00,00,00,
626000,00000625,false,Rx,0,8,25,00,59,86,01,54,5C,06,
689000,0000060D,false,Rx,0,8,0D,10,83,B6,09,20,70,00,
0,00000054,false,Rx,0,8,01,05,BD,00,83,02,00,00,
0,00000055,false,Rx,0,8,10,27,00,00,00,00,00,00,
699000,00000056,false,Rx,0,8,10,27,00,00,00,00,00,00,
699000,00000057,false,Rx,0,8,00,00,FE,FF,FE,FF,00,00,
726000,00000625,false,Rx,0,8,25,00,59,86,01,54,5C,06,
788000,0000060D,false,Rx,0,8,0D,10,83,B6,09,20,70,00,
817000,000002C4,false,Rx,0,8,09,20,00,00,83,02,00,00,
817000,000002C5,false,Rx,0,8,00,00,00,00,00,00,00,00,
817000,000002C6,false,Rx,0,8,32,00,7C,01,00,00,00,00,
826000,00000625,false,Rx,0,8,25,00,59,86,01,54,5C,06,
889000,0000060D,false,Rx,0,8,0D,10,83,B6,09,20,70,00,
0,00000054,false,Rx,0,8,01,05,BD,00,83,02,00,00,
0,00000055,false,Rx,0,8,10,27,00,00,00,00,00,00,
899000,00000056,false,Rx,0,8,10,27,00,00,00,00,00,00,
899000,00000057,false,Rx,0,8,00,00,FE,FF,FE,FF,00,00,
926000,00000625,false,Rx,0,8,25,00,59,86,01,54,5C,06,
989000,0000060D,false,Rx,0,8,0D,10,83,B6,09,20,70,00,
26000,00000625,false,Rx,0,8,25,00,59,86,01,54,5C,06,
37000,000002C4,false,Rx,0,8,09,20,00,00,83,02,00,00,
0,000002C5,false,Rx,0,8,00,00,00,00,00,00,00,00,
0,000002C6,false,Rx,0,8,32,00,7C,01,00,00,00,00,
88000,0000060D,false,Rx,0,8,0D,10,83,B6,09,20,70,00,
98000,00000054,false,Rx,0,8,01,05,BD,00,83,02,00,00,
98000,00000055,false,Rx,0,8,10,27,00,00,00,00,00,00,
99000,00000056,false,Rx,0,8,10,27,00,00,00,00,00,00,
99000,00000057,false,Rx,0,8,00,00,FE,FF,FE,FF,00,00,
126000,00000625,false,Rx,0,8,25,00,59,86,01,54,5C,06,
189000,0000060D,false,Rx,0,8,0D,10,83,B6,09,20,70,00,
226000,00000625,false,Rx,0,8,25,00,59,86,01,54,5C,06,
0,000002C4,false,Rx,0,8,09,20,00,00,83,02,00,00,
0,000002C5,false,Rx,0,8,00,00,00,00,00,00,00,00,
258000,000002C6,false,Rx,0,8,32,00,7C,01,00,00,00,00,
288000,0000060D,false,Rx,0,8,0D,10,83,B6,09,20,70,00,
297000,00000054,false,Rx,0,8,01,05,BD,00,83,02,00,00,
297000,00000055,false,Rx,0,8,10,27,00,00,00,00,00,00,
0,00000056,false,Rx,0,8,10,27,00,00,00,00,00,00,
0,00000057,false,Rx,0,8,00,00,FE,FF,FE,FF,00,00,
326000,00000625,false,Rx,0,8,25,00,59,86,01,54,5C,06,
389000,0000060D,false,Rx,0,8,0D,10,83,B6,09,20,70,00,
426000,00000625,false,Rx,0,8,25,00,59,86,01,54,5C,06,
478000,000002C4,false,Rx,0,8,09,20,00,00,83,02,00,00,
478000,000002C5,false,Rx,0,8,00,00,00,00,00,00,00,00,
478000,000002C6,false,Rx,0,8,32,00,7C,01,00,00,00,00,
489000,0000060D,false,Rx,0,8,0D,10,83,B6,09,20,70,00,
0,00000054,false,Rx,0,8,01,05,BD,00,83,02,00,00,
0,00000055,false,Rx,0,8,10,27,00,00,00,00,00,00,
498000,00000056,false,Rx,0,8,10,27,00,00,00,00,00,00,
499000,00000057,false,Rx,0,8,00,00,FE,FF,FE,FF,00,00,
526000,00000625,false,Rx,0,8,25,00,59,86,01,54,5C,06,
588000,0000060D,false,Rx,0,8,0D,10,83,B6,09,20,70,00,
626000,00000625,false,Rx,0,8,25,00,59,86,01,54,5C,06,
688000,0000060D,false,Rx,0,8,0D,10,83,B6,09,20,70,00,
0,000002C4,false,Rx,0,8,09,20,00,00,83,02,00,00,
0,000002C5,false,Rx,0,8,00,00,00,00,00,00,00,00,
698000,000002C6,false,Rx,0,8,32,00,7C,01,00,00,00,00,
698000,00000054,false,Rx,0,8,01,05,BD,00,83,02,00,00,
698000,00000055,false,Rx,0,8,10,27,00,00,00,00,00,00,
698000,00000056,false,Rx,0,8,10,27,00,00,00,00,00,00,
700000,00000057,false,Rx,0,8,00,00,FE,FF,FE,FF,00,00,
727000,00000625,false,Rx,0,8,25,00,59,86,01,54,5C,06,
788000,0000060D,false,Rx,0,8,0D,10,83,B6,09,20,70,00,
826000,00000625,false,Rx,0,8,25,00,59,86,01,54,5C,06,
888000,0000060D,false,Rx,0,8,0D,10,83,B6,09,20,70,00,
898000,00000054,false,Rx,0,8,01,05,BD,00,83,02,00,00,
899000,00000055,false,Rx,0,8,10,27,00,00,00,00,00,00,
899000,00000056,false,Rx,0,8,10,27,00,00,00,00,00,00,
899000,00000057,false,Rx,0,8,00,00,FE,FF,FE,FF,00,00,
918000,000002C4,false,Rx,0,8,09,20,00,00,83,02,00,00,
918000,000002C5,false,Rx,0,8,00,00,00,00,00,00,00,00,
918000,000002C6,false,Rx,0,8,32,00,7C,01,00,00,00,00,
926000,00000625,false,Rx,0,8,25,00,59,86,01,54,5C,06,
988000,0000060D,false,Rx,0,8,0D,10,83,B6,09,20,70,00,
26000,00000625,false,Rx,0,8,25,00,59,86,01,54,5C,06,
89000,0000060D,false,Rx,0,8,0D,10,83,B6,09,20,70,00,
98000,00000054,false,Rx,0,8,01,05,BD,00,83,02,00,00,
99000,00000055,false,Rx,0,8,10,27,00,00,00,00,00,00,
99000,00000056,false,Rx,0,8,10,27,00,00,00,00,00,00,
99000,00000057,false,Rx,0,8,00,00,FE,FF,FE,FF,00,00,
126000,00000625,false,Rx,0,8,25,00,59,86,01,54,5C,06,
0,000002C4,false,Rx,0,8,09,20,00,00,83,02,00,00,
0,000002C5,false,Rx,0,8,00,00,00,00,00,00,00,00,
138000,000002C6,false,Rx,0,8,32,00,7C,01,00,00,00,00,
189000,0000060D,false,Rx,0,8,0D,10,83,B6,09,20,70,00,
226000,00000625,false,Rx,0,8,25,00,59,86,01,54,5C,06,
288000,0000060D,false,Rx,0,8,0D,10,83,B6,09,20,70,00,
298000,00000054,false,Rx,0,8,01,05,BD,00,83,02,00,00,
298000,00000055,false,Rx,0,8,10,27,00,00,00,00,00,00,
298000,00000056,false,Rx,0,8,10,27,00,00,00,00,00,00,
298000,00000057,false,Rx,0,8,00,00,FE,FF,FE,FF,00,00,
326000,00000625,false,Rx,0,8,25,00,59,86,01,54,5C,06,
358000,000002C4,false,Rx,0,8,09,20,00,00,83,02,00,00,
358000,000002C5,false,Rx,0,8,00,00,00,00,00,00,00,00,
358000,000002C6,false,Rx,0,8,32,00,7C,01,00,00,00,00,
388000,0000060D,false,Rx,0,8,0D,10,83,B6,09,20,70,00,
427000,00000625,false,Rx,0,8,25,00,59,86,01,54,5C,06,
489000,0000060D,false,Rx,0,8,0D,10,83,B6,09,20,70,00,
499000,00000054,false,Rx,0,8,01,05,BD,00,83,02,00,00,
499000,00000055,false,Rx,0,8,10,27,00,00,00,00,00,00,
499000,00000056,false,Rx,0,8,10,27,00,00,00,00,00,00,
499000,00000057,false,Rx,0,8,00,00,FE,FF,FE,FF,00,00,
526000,00000625,false,Rx,0,8,25,00,59,86,01,54,5C,06,
577000,000002C4,false,Rx,0,8,09,20,00,00,83,02,00,00,
577000,000002C5,false,Rx,0,8,00,00,00,00,00,00,00,00,
577000,000002C6,false,Rx,0,8,32,00,7C,01,00,00,00,00,
588000,0000060D,false,Rx,0,8,0D,10,83,B6,09,20,70,00,
626000,00000625,false,Rx,0,8,25,00,59,86,01,54,5C,06,
689000,0000060D,false,Rx,0,8,0D,10,83,B6,09,20,70,00,
0,00000054,false,Rx,0,8,01,05,BD,00,83,02,00,00,
0,00000055,false,Rx,0,8,10,27,00,00,00,00,00,00,
0,00000056,false,Rx,0,8,10,27,00,00,00,00,00,00,
699000,00000057,false,Rx,0,8,00,00,FE,FF,FE,FF,00,00,
726000,00000625,false,Rx,0,8,25,00,59,86,01,54,5C,06,
788000,0000060D,false,Rx,0,8,0D,10,83,B6,09,20,70,00,
797000,000002C4,false,Rx,0,8,09,20,00,00,83,02,00,00,
0,000002C5,false,Rx,0,8,00,00,00,00,00,00,00,00,
0,000002C6,false,Rx,0,8,32,00,7C,01,00,00,00,00,
826000,00000625,false,Rx,0,8,25,00,59,86,01,54,5C,06,
889000,0000060D,false,Rx,0,8,0D,10,83,B6,09,20,70,00,
0,00000054,false,Rx,0,8,01,05,BD,00,83,02,00,00,
0,00000055,false,Rx,0,8,10,27,00,00,00,00,00,00,
898000,00000056,false,Rx,0,8,10,27,00,00,00,00,00,00,
898000,00000057,false,Rx,0,8,00,00,FE,FF,FE,FF,00,00,
926000,00000625,false,Rx,0,8,25,00,59,86,01,54,5C,06,
989000,0000060D,false,Rx,0,8,0D,10,83,B6,09,20,70,00,
17000,000002C4,false,Rx,0,8,09,20,00,00,83,02,00,00,
18000,000002C5,false,Rx,0,8,00,00,00,00,00,00,00,00,
18000,000002C6,false,Rx,0,8,32,00,7C,01,00,00,00,00,
26000,00000625,false,Rx,0,8,25,00,59,86,01,54,5C,06,
88000,0000060D,false,Rx,0,8,0D,10,83,B6,09,20,70,00,
0,00000054,false,Rx,0,8,01,05,BD,00,83,02,00,00,
0,00000055,false,Rx,0,8,10,27,00,00,00,00,00,00,
98000,00000056,false,Rx,0,8,10,27,00,00,00,00,00,00,
99000,00000057,false,Rx,0,8,00,00,FE,FF,FE,FF,00,00,
127000,00000625,false,Rx,0,8,25,00,59,86,01,54,5C,06,
189000,0000060D,false,Rx,0,8,0D,10,83,B6,09,20,70,00,
227000,00000625,false,Rx,0,8,25,00,59,86,01,54,5C,06,
238000,000002C4,false,Rx,0,8,09,20,00,00,83,02,00,00,
238000,000002C5,false,Rx,0,8,00,00,00,00,00,00,00,00,
238000,000002C6,false,Rx,0,8,32,00,7C,01,00,00,00,00,
288000,0000060D,false,Rx,0,8,0D,10,83,B6,09,20,70,00,
298000,00000054,false,Rx,0,8,01,05,BD,00,83,02,00,00,
298000,00000055,false,Rx,0,8,10,27,00,00,00,00,00,00,
298000,00000056,false,Rx,0,8,10,27,00,00,00,00,00,00,
298000,00000057,false,Rx,0,8,00,00,FE,FF,FE,FF,00,00,
326000,00000625,false,Rx,0,8,25,00,59,86,01,54,5C,06,
388000,0000060D,false,Rx,0,8,0D,10,83,B6,09,20,70,00,
426000,00000625,false,Rx,0,8,25,00,59,86,01,54,5C,06,
0,000002C4,false,Rx,0,8,09,20,00,00,83,02,00,00,
0,000002C5,false,Rx,0,8,00,00,00,00,00,00,00,00,
458000,000002C6,false,Rx,0,8,32,00,7C,01,00,00,00,00,
489000,0000060D,false,Rx,0,8,0D,10,83,B6,09,20,70,00,
498000,00000054,false,Rx,0,8,01,05,BD,00,83,02,00,00,
498000,00000055,false,Rx,0,8,10,27,00,00,00,00,00,00,
498000,00000056,false,Rx,0,8,10,27,00,00,00,00,00,00,
499000,00000057,false,Rx,0,8,00,00,FE,FF,FE,FF,00,00,
526000,00000625,false,Rx,0,8,25,00,59,86,01,54,5C,06,
589000,0000060D,false,Rx,0,8,0D,10,83,B6,09,20,70,00,
626000,00000625,false,Rx,0,8,25,00,59,86,01,54,5C,06,
677000,000002C4,false,Rx,0,8,09,20,00,00,83,02,00,00,
677000,000002C5,false,Rx,0,8,00,00,00,00,00,00,00,00,
677000,000002C6,false,Rx,0,8,32,00,7C,01,00,00,00,00,
689000,0000060D,false,Rx,0,8,0D,10,83,B6,09,20,70,00,
0,00000054,false,Rx,0,8,01,05,BD,00,83,02,00,00,
0,00000055,false,Rx,0,8,10,27,00,00,00,00,00,00,
698000,00000056,false,Rx,0,8,10,27,00,00,00,00,00,00,
698000,00000057,false,Rx,0,8,00,00,FE,FF,FE,FF,00,00,
726000,00000625,false,Rx,0,8,25,00,59,86,01,54,5C,06,
788000,0000060D,false,Rx,0,8,0D,10,83,B6,09,20,70,00,
826000,00000625,false,Rx,0,8,25,00,59,86,01,54,5C,06,
888000,0000060D,false,Rx,0,8,0D,10,83,B6,09,20,70,00,
897000,000002C4,false,Rx,0,8,09,20,00,00,83,02,00,00,
898000,000002C5,false,Rx,0,8,00,00,00,00,00,00,00,00,
898000,000002C6,false,Rx,0,8,32,00,7C,01,00,00,00,00,
899000,00000054,false,Rx,0,8,01,05,BD,00,83,02,00,00,
899000,00000055,false,Rx,0,8,10,27,00,00,00,00,00,00,
899000,00000056,false,Rx,0,8,10,27,00,00,00,00,00,00,
899000,00000057,false,Rx,0,8,00,00,FE,FF,FE,FF,00,00,
926000,00000625,false,Rx,0,8,25,00,59,86,01,54,5C,06,
988000,0000060D,false,Rx,0,8,0D,10,83,B6,09,20,70,00,
26000,00000625,false,Rx,0,8,25,00,59,86,01,54,5C,06,
89000,0000060D,false,Rx,0,8,0D,10,83,B6,09,20,70,00,
98000,00000054,false,Rx,0,8,01,05,BD,00,83,02,00,00,
98000,00000055,false,Rx,0,8,10,27,00,00,00,00,00,00,
0,00000056,false,Rx,0,8,10,27,00,00,00,00,00,00,
0,00000057,false,Rx,0,8,00,00,FE,FF,FE,FF,00,00,
117000,000002C4,false,Rx,0,8,09,20,00,00,83,02,00,00,
117000,000002C5,false,Rx,0,8,00,00,00,00,00,00,00,00,
118000,000002C6,false,Rx,0,8,32,00,7C,01,00,00,00,00,
127000,00000625,false,Rx,0,8,25,00,59,86,01,54,5C,06,
189000,0000060D,false,Rx,0,8,0D,10,83,B6,09,20,70,00,
227000,00000625,false,Rx,0,8,25,00,59,86,01,54,5C,06,
288000,0000060D,false,Rx,0,8,0D,10,83,B6,09,20,70,00,
299000,00000054,false,Rx,0,8,01,05,BD,00,83,02,00,00,
299000,00000055,false,Rx,0,8,10,27,00,00,00,00,00,00,
299000,00000056,false,Rx,0,8,10,27,00,00,00,00,00,00,
299000,00000057,false,Rx,0,8,00,00,FE,FF,FE,FF,00,00,
326000,00000625,false,Rx,0,8,25,00,59,86,01,54,5C,06,
337000,000002C4,false,Rx,0,8,09,20,00,00,83,02,00,00,
337000,000002C5,false,Rx,0,8,00,00,00,00,00,00,00,00,
337000,000002C6,false,Rx,0,8,32,00,7C,01,00,00,00,00,
388000,0000060D,false,Rx,0,8,0D,10,83,B6,09,20,70,00,
426000,00000625,false,Rx,0,8,25,00,59,86,01,54,5C,06,
488000,0000060D,false,Rx,0,8,0D,10,83,B6,09,20,70,00,
0,00000054,false,Rx,0,8,01,05,BD,00,83,02,00,00,
0,00000055,false,Rx,0,8,10,27,00,00,00,00,00,00,
498000,00000056,false,Rx,0,8,10,27,00,00,00,00,00,00,
499000,00000057,false,Rx,0,8,00,00,FE,FF,FE,FF,00,00,
525000,00000625,false,Rx,0,8,25,00,59,86,01,54,5C,06,
558000,000002C4,false,Rx,0,8,09,20,00,00,83,02,00,00,
0,000002C5,false,Rx,0,8,00,00,00,00,00,00,00,00,
0,000002C6,false,Rx,0,8,32,00,7C,01,00,00,00,00,
589000,0000060D,false,Rx,0,8,0D,10,83,B6,09,20,70,00,
626000,00000625,false,Rx,0,8,25,00,59,86,01,54,5C,06,
688000,0000060D,false,Rx,0,8,0D,10,83,B6,09,20,70,00,
0,00000054,false,Rx,0,8,01,05,BD,00,83,02,00,00,
0,00000055,false,Rx,0,8,10,27,00,00,00,00,00,00,
0,00000056,false,Rx,0,8,10,27,00,00,00,00,00,00,
698000,00000057,false,Rx,0,8,00,00,FE,FF,FE,FF,00,00,
727000,00000625,false,Rx,0,8,25,00,59,86,01,54,5C,06,
777000,000002C4,false,Rx,0,8,09,20,00,00,83,02,00,00,
777000,000002C5,false,Rx,0,8,00,00,00,00,00,00,00,00,
778000,000002C6,false,Rx,0,8,32,00,7C,01,00,00,00,00,
788000,0000060D,false,Rx,0,8,0D,10,83,B6,09,20,70,00,
827000,00000625,false,Rx,0,8,25,00,59,86,01,54,5C,06,
888000,0000060D,false,Rx,0,8,0D,10,83,B6,09,20,70,00,
0,00000054,false,Rx,0,8,01,05,BD,00,83,02,00,00,
0,00000055,false,Rx,0,8,10,27,00,00,00,00,00,00,
898000,00000056,false,Rx,0,8,10,27,00,00,00,00,00,00,
900000,00000057,false,Rx,0,8,00,00,FE,FF,FE,FF,00,00,
926000,00000625,false,Rx,0,8,25,00,59,86,01,54,5C,06,
988000,0000060D,false,Rx,0,8,0D,10,83,B6,09,20,70,00,
997000,000002C4,false,Rx,0,8,09,20,00,00,83,02,00,00,
997000,000002C5,false,Rx,0,8,00,00,00,00,00,00,00,00,
998000,000002C6,false,Rx,0,8,32,00,7C,01,00,00,00,00,
26000,00000625,false,Rx,0,8,25,00,59,86,01,54,5C,06,
88000,0000060D,false,Rx,0,8,0D,10,83,B6,09,20,70,00,
98000,00000054,false,Rx,0,8,01,05,BD,00,83,02,00,00,
98000,00000055,false,Rx,0,8,10,27,00,00,00,00,00,00,
98000,00000056,false,Rx,0,8,10,27,00,00,00,00,00,00,
98000,00000057,false,Rx,0,8,00,00,FE,FF,FE,FF,00,00,
108000,00000065,false,Rx,0,8,80,02,01,00,00,00,00,00,
126000,00000625,false,Rx,0,8,25,00,59,86,01,54,5C,06,
189000,0000060D,false,Rx,0,8,0D,10,83,B6,09,20,70,00,
0,000002C4,false,Rx,0,8,09,20,00,00,83,02,00,00,
0,000002C5,false,Rx,0,8,00,00,00,00,00,00,00,00,
218000,000002C6,false,Rx,0,8,32,00,7C,01,00,00,00,00,
226000,00000625,false,Rx,0,8,25,00,59,86,01,54,5C,06,
258000,00000065,false,Rx,0,8,80,02,01,00,00,00,00,00,
288000,0000060D,false,Rx,0,8,0D,10,83,B6,09,20,70,00,
297000,00000054,false,Rx,0,8,01,05,BD,00,80,02,00,00,
0,00000055,false,Rx,0,8,10,27,00,00,00,00,00,00,
0,00000056,false,Rx,0,8,10,27,00,00,00,00,00,00,
299000,00000057,false,Rx,0,8,00,00,FE,FF,FE,FF,00,00,
326000,00000625,false,Rx,0,8,25,00,59,86,01,54,5C,06,
389000,0000060D,false,Rx,0,8,0D,10,83,B6,09,20,70,00,
408000,00000065,false,Rx,0,8,80,02,01,00,00,00,00,00,
426000,00000625,false,Rx,0,8,25,00,59,86,01,54,5C,06,
437000,000002C4,false,Rx,0,8,09,20,00,00,80,02,00,00,
437000,000002C5,false,Rx,0,8,00,00,00,00,00,00,00,00,
438000,000002C6,false,Rx,0,8,32,00,7C,01,00,00,00,00,
488000,0000060D,false,Rx,0,8,0D,10,83,B6,09,20,70,00,
498000,00000054,false,Rx,0,8,01,05,BD,00,80,02,00,00,
498000,00000055,false,Rx,0,8,10,27,00,00,00,00,00,00,
0,00000056,false,Rx,0,8,10,27,00,00,00,00,00,00,
0,00000057,false,Rx,0,8,00,00,FE,FF,FE,FF,00,00,
526000,00000625,false,Rx,0,8,25,00,59,86,01,54,5C,06,
558000,00000065,false,Rx,0,8,80,02,01,00,00,00,00,00,
588000,0000060D,false,Rx,0,8,0D,10,83,B6,09,20,70,00,
626000,00000625,false,Rx,0,8,25,00,59,86,01,54,5C,06,
0,000002C4,false,Rx,0,8,09,20,00,00,80,02,00,00,
0,000002C5,false,Rx,0,8,00,00,00,00,00,00,00,00,
657000,000002C6,false,Rx,0,8,32,00,7C,01,00,00,00,00,
688000,0000060D,false,Rx,0,8,0D,10,83,B6,09,20,70,00,
0,00000054,false,Rx,0,8,01,05,BD,00,80,02,00,00,
0,00000055,false,Rx,0,8,10,27,00,00,00,00,00,00,
699000,00000056,false,Rx,0,8,10,27,00,00,00,00,00,00,
699000,00000057,false,Rx,0,8,00,00,FE,FF,FE,FF,00,00,
726000,00000625,false,Rx,0,8,25,00,59,86,01,54,5C,06,
788000,0000060D,false,Rx,0,8,0D,10,83,B6,09,20,70,00,
826000,00000625,false,Rx,0,8,25,00,59,86,01,54,5C,06,
0,000002C4,false,Rx,0,8,09,20,00,00,80,02,00,00,
0,000002C5,false,Rx,0,8,00,00,00,00,00,00,00,00,
878000,000002C6,false,Rx,0,8,32,00,7C,01,00,00,00,00,
889000,0000060D,false,Rx,0,8,0D,10,83,B6,09,20,70,00,
0,00000054,false,Rx,0,8,01,05,BD,00,80,02,00,00,
0,00000055,false,Rx,0,8,10,27,00,00,00,00,00,00,
899000,00000056,false,Rx,0,8,10,27,00,00,00,00,00,00,
899000,00000057,false,Rx,0,8,00,00,FE,FF,FE,FF,00,00,
927000,00000625,false,Rx,0,8,25,00,59,86,01,54,5C,06,
988000,0000060D,false,Rx,0,8,0D,10,83,B6,09,20,70,00,
27000,00000625,false,Rx,0,8,25,00,59,86,01,54,5C,06,
88000,0000060D,false,Rx,0,8,0D,10,83,B6,09,20,70,00,
97000,000002C4,false,Rx,0,8,09,20,00,00,80,02,00,00,
97000,000002C5,false,Rx,0,8,00,00,00,00,00,00,00,00,
0,000002C6,false,Rx,0,8,32,00,7C,01,00,00,00,00,
0,00000054,false,Rx,0,8,01,05,BD,00,80,02,00,00,
98000,00000055,false,Rx,0,8,10,27,00,00,00,00,00,00,
98000,00000056,false,Rx,0,8,10,27,00,00,00,00,00,00,
99000,00000057,false,Rx,0,8,00,00,FE,FF,FE,FF,00,00,
126000,00000625,false,Rx,0,8,25,00,59,86,01,54,5C,06,
189000,0000060D,false,Rx,0,8,0D,10,83,B6,09,20,70,00,
227000,00000625,false,Rx,0,8,25,00,59,86,01,54,5C,06,
288000,0000060D,false,Rx,0,8,0D,10,83,B6,09,20,70,00,
298000,00000054,false,Rx,0,8,01,05,BD,00,80,02,00,00,
298000,00000055,false,Rx,0,8,10,27,00,00,00,00,00,00,
299000,00000056,false,Rx,0,8,10,27,00,00,00,00,00,00,
299000,00000057,false,Rx,0,8,00,00,FE,FF,FE,FF,00,00,
318000,000002C4,false,Rx,0,8,09,20,00,00,80,02,00,00,
318000,000002C5,false,Rx,0,8,00,00,00,00,00,00,00,00,
318000,000002C6,false,Rx,0,8,32,00,7C,01,00,00,00,00,
326000,00000625,false,Rx,0,8,25,00,59,86,01,54,5C,06,
388000,0000060D,false,Rx,0,8,0D,10,83,B6,09,20,70,00,
426000,00000625,false,Rx,0,8,25,00,59,86,01,54,5C,06,
489000,0000060D,false,Rx,0,8,0D,10,83,B6,09,20,70,00,
498000,00000054,false,Rx,0,8,01,05,BD,00,80,02,00,00,
0,00000055,false,Rx,0,8,10,27,00,00,00,00,00,00,
0,00000056,false,Rx,0,8,10,27,00,00,00,00,00,00,
500000,00000057,false,Rx,0,8,00,00,FE,FF,FE,FF,00,00,
526000,00000625,false,Rx,0,8,25,00,59,86,01,54,5C,06,
538000,000002C4,false,Rx,0,8,09,20,00,00,80,02,00,00,
538000,000002C5,false,Rx,0,8,00,00,00,00,00,00,00,00,
538000,000002C6,false,Rx,0,8,32,00,7C,01,00,00,00,00,
589000,0000060D,false,Rx,0,8,0D,10,83,B6,09,20,70,00,
