Time Stamp,ID,Extended,Dir,Bus,LEN,D1,D2,D3,D4,D5,D6,D7,D8
899000,00000625,false,Rx,0,8,25,00,59,86,01,54,5C,06,
950000,0000060D,false,Rx,0,8,0D,10,83,B6,09,20,70,00,
960000,00000054,false,Rx,0,8,01,05,EF,00,08,03,00,00,
960000,00000055,false,Rx,0,8,10,27,00,00,00,00,00,00,
961000,00000056,false,Rx,0,8,10,27,00,00,00,00,00,00,
961000,00000057,false,Rx,0,8,00,00,FE,FF,FE,FF,00,00,
999000,00000625,false,Rx,0,8,25,00,59,86,01,54,5C,06,
30000,000002C4,false,Rx,0,8,09,08,00,00,08,03,00,00,
30000,000002C5,false,Rx,0,8,00,00,00,00,00,00,00,00,
30000,000002C6,false,Rx,0,8,32,00,7C,01,00,00,00,00,
49000,0000060D,false,Rx,0,8,0D,10,83,B6,09,20,70,00,
99000,00000625,false,Rx,0,8,25,00,59,86,01,54,5C,06,
150000,0000060D,false,Rx,0,8,0D,10,83,B6,09,20,70,00,
159000,00000054,false,Rx,0,8,01,05,EF,00,08,03,00,00,
160000,00000055,false,Rx,0,8,10,27,00,00,00,00,00,00,
160000,00000056,false,Rx,0,8,10,27,00,00,00,00,00,00,
160000,00000057,false,Rx,0,8,00,00,FE,FF,FE,FF,00,00,
199000,00000625,false,Rx,0,8,25,00,59,86,01,54,5C,06,
0,0000060D,false,Rx,0,8,0D,10,83,B6,09,20,70,00,
0,000002C4,false,Rx,0,8,09,08,00,00,08,03,00,00,
251000,000002C5,false,Rx,0,8,00,00,00,00,00,00,00,00,
251000,000002C6,false,Rx,0,8,32,00,7C,01,00,00,00,00,
299000,00000625,false,Rx,0,8,25,00,59,86,01,54,5C,06,
350000,0000060D,false,Rx,0,8,0D,10,83,B6,09,20,70,00,
0,00000054,false,Rx,0,8,01,05,EF,00,08,03,00,00,
0,00000055,false,Rx,0,8,10,27,00,00,00,00,00,00,
360000,00000056,false,Rx,0,8,10,27,00,00,00,00,00,00,
361000,00000057,false,Rx,0,8,00,00,FE,FF,FE,FF,00,00,
399000,00000625,false,Rx,0,8,25,00,59,86,01,54,5C,06,
450000,0000060D,false,Rx,0,8,0D,10,83,B6,09,20,70,00,
470000,000002C4,false,Rx,0,8,09,08,00,00,08,03,00,00,
470000,000002C5,false,Rx,0,8,00,00,00,00,00,00,00,00,
470000,000002C6,false,Rx,0,8,32,00,7C,01,00,00,00,00,
499000,00000625,false,Rx,0,8,25,00,59,86,01,54,5C,06,
550000,0000060D,false,Rx,0,8,0D,10,83,B6,09,20,70,00,
560000,00000054,false,Rx,0,8,01,05,EF,00,08,03,00,00,
560000,00000055,false,Rx,0,8,10,27,00,00,00,00,00,00,
561000,00000056,false,Rx,0,8,10,27,00,00,00,00,00,00,
561000,00000057,false,Rx,0,8,00,00,FE,FF,FE,FF,00,00,
599000,00000625,false,Rx,0,8,25,00,59,86,01,54,5C,06,
650000,0000060D,false,Rx,0,8,0D,10,83,B6,09,20,70,00,
690000,000002C4,false,Rx,0,8,09,08,00,00,08,03,00,00,
690000,000002C5,false,Rx,0,8,00,00,00,00,00,00,00,00,
690000,000002C6,false,Rx,0,8,32,00,7C,01,00,00,00,00,
699000,00000625,false,Rx,0,8,25,00,59,86,01,54,5C,06,
750000,0000060D,false,Rx,0,8,0D,10,83,B6,09,20,70,00,
760000,00000054,false,Rx,0,8,01,05,EF,00,08,03,00,00,
760000,00000055,false,Rx,0,8,10,27,00,00,00,00,00,00,
761000,00000056,false,Rx,0,8,10,27,00,00,00,00,00,00,
761000,00000057,false,Rx,0,8,00,00,FE,FF,FE,FF,00,00,
799000,00000625,false,Rx,0,8,25,00,59,86,01,54,5C,06,
850000,0000060D,false,Rx,0,8,0D,10,83,B6,09,20,70,00,
898000,00000625,false,Rx,0,8,25,00,59,86,01,54,5C,06,
910000,000002C4,false,Rx,0,8,09,08,00,00,08,03,00,00,
910000,000002C5,false,Rx,0,8,00,00,00,00,00,00,00,00,
910000,000002C6,false,Rx,0,8,32,00,7C,01,00,00,00,00,
950000,0000060D,false,Rx,0,8,0D,10,83,B6,09,20,70,00,
960000,00000054,false,Rx,0,8,01,05,EF,00,08,03,00,00,
960000,00000055,false,Rx,0,8,10,27,00,00,00,00,00,00,
960000,00000056,false,Rx,0,8,10,27,00,00,00,00,00,00,
961000,00000057,false,Rx,0,8,00,00,FE,FF,FE,FF,00,00,
999000,00000625,false,Rx,0,8,25,00,59,86,01,54,5C,06,
50000,0000060D,false,Rx,0,8,0D,10,83,B6,09,20,70,00,
98000,00000625,false,Rx,0,8,25,00,59,86,01,54,5C,06,
130000,000002C4,false,Rx,0,8,09,08,00,00,08,03,00,00,
130000,000002C5,false,Rx,0,8,00,00,00,00,00,00,00,00,
130000,000002C6,false,Rx,0,8,32,00,7C,01,00,00,00,00,
150000,0000060D,false,Rx,0,8,0D,10,83,B6,09,20,70,00,
160000,00000054,false,Rx,0,8,01,05,EF,00,08,03,00,00,
160000,00000055,false,Rx,0,8,10,27,00,00,00,00,00,00,
160000,00000056,false,Rx,0,8,10,27,00,00,00,00,00,00,
161000,00000057,false,Rx,0,8,00,00,FE,FF,FE,FF,00,00,
199000,00000625,false,Rx,0,8,25,00,59,86,01,54,5C,06,
251000,0000060D,false,Rx,0,8,0D,10,83,B6,09,20,70,00,
299000,00000625,false,Rx,0,8,25,00,59,86,01,54,5C,06,
350000,0000060D,false,Rx,0,8,0D,10,83,B6,09,20,70,00,
350000,000002C4,false,Rx,0,8,09,08,00,00,08,03,00,00,
350000,000002C5,false,Rx,0,8,00,00,00,00,00,00,00,00,
351000,000002C6,false,Rx,0,8,32,00,7C,01,00,00,00,00,
0,00000054,false,Rx,0,8,01,05,EF,00,08,03,00,00,
0,00000055,false,Rx,0,8,10,27,00,00,00,00,00,00,
360000,00000056,false,Rx,0,8,10,27,00,00,00,00,00,00,
361000,00000057,false,Rx,0,8,00,00,FE,FF,FE,FF,00,00,
399000,00000625,false,Rx,0,8,25,00,59,86,01,54,5C,06,
450000,0000060D,false,Rx,0,8,0D,10,83,B6,09,20,70,00,
500000,00000625,false,Rx,0,8,25,00,59,86,01,54,5C,06,
550000,0000060D,false,Rx,0,8,0D,10,83,B6,09,20,70,00,
559000,00000054,false,Rx,0,8,01,05,EF,00,08,03,00,00,
560000,00000055,false,Rx,0,8,10,27,00,00,00,00,00,00,
560000,00000056,false,Rx,0,8,10,27,00,00,00,00,00,00,
560000,00000057,false,Rx,0,8,00,00,FE,FF,FE,FF,00,00,
570000,000002C4,false,Rx,0,8,09,08,00,00,08,03,00,00,
570000,000002C5,false,Rx,0,8,00,00,00,00,00,00,00,00,
570000,000002C6,false,Rx,0,8,32,00,7C,01,00,00,00,00,
599000,00000625,false,Rx,0,8,25,00,59,86,01,54,5C,06,
650000,0000060D,false,Rx,0,8,0D,10,83,B6,09,20,70,00,
699000,00000625,false,Rx,0,8,25,00,59,86,01,54,5C,06,
750000,0000060D,false,Rx,0,8,0D,10,83,B6,09,20,70,00,
759000,00000054,false,Rx,0,8,01,05,EF,00,08,03,00,00,
759000,00000055,false,Rx,0,8,10,27,00,00,00,00,00,00,
760000,00000056,false,Rx,0,8,10,27,00,00,00,00,00,00,
760000,00000057,false,Rx,0,8,00,00,FE,FF,FE,FF,00,00,
790000,000002C4,false,Rx,0,8,09,08,00,00,08,03,00,00,
790000,000002C5,false,Rx,0,8,00,00,00,00,00,00,00,00,
790000,000002C6,false,Rx,0,8,32,00,7C,01,00,00,00,00,
799000,00000625,false,Rx,0,8,25,00,59,86,01,54,5C,06,
850000,0000060D,false,Rx,0,8,0D,10,83,B6,09,20,70,00,
899000,00000625,false,Rx,0,8,25,00,59,86,01,54,5C,06,
950000,0000060D,false,Rx,0,8,0D,10,83,B6,09,20,70,00,
960000,00000054,false,Rx,0,8,01,05,EF,00,08,03,00,00,
960000,00000055,false,Rx,0,8,10,27,00,00,00,00,00,00,
960000,00000056,false,Rx,0,8,10,27,00,00,00,00,00,00,
961000,00000057,false,Rx,0,8,00,00,FE,FF,FE,FF,00,00,
999000,00000625,false,Rx,0,8,25,00,59,86,01,54,5C,06,
10000,000002C4,false,Rx,0,8,09,08,00,00,08,03,00,00,
10000,000002C5,false,Rx,0,8,00,00,00,00,00,00,00,00,
10000,000002C6,false,Rx,0,8,32,00,7C,01,00,00,00,00,
50000,0000060D,false,Rx,0,8,0D,10,83,B6,09,20,70,00,
99000,00000625,false,Rx,0,8,25,00,59,86,01,54,5C,06,
150000,0000060D,false,Rx,0,8,0D,10,83,B6,09,20,70,00,
160000,00000054,false,Rx,0,8,01,05,EF,00,08,03,00,00,
160000,00000055,false,Rx,0,8,10,27,00,00,00,00,00,00,
160000,00000056,false,Rx,0,8,10,27,00,00,00,00,00,00,
161000,00000057,false,Rx,0,8,00,00,FE,FF,FE,FF,00,00,
199000,00000625,false,Rx,0,8,25,00,59,86,01,54,5C,06,
231000,000002C4,false,Rx,0,8,09,08,00,00,08,03,00,00,
231000,000002C5,false,Rx,0,8,00,00,00,00,00,00,00,00,
231000,000002C6,false,Rx,0,8,32,00,7C,01,00,00,00,00,
250000,0000060D,false,Rx,0,8,0D,10,83,B6,09,20,70,00,
299000,00000625,false,Rx,0,8,25,00,59,86,01,54,5C,06,
350000,0000060D,false,Rx,0,8,0D,10,83,B6,09,20,70,00,
0,00000054,false,Rx,0,8,01,05,EF,00,08,03,00,00,
0,00000055,false,Rx,0,8,10,27,00,00,00,00,00,00,
0,00000056,false,Rx,0,8,10,27,00,00,00,00,00,00,
0,00000057,false,Rx,0,8,00,00,FE,FF,FE,FF,00,00,
399000,00000625,false,Rx,0,8,25,00,59,86,01,54,5C,06,
450000,0000060D,false,Rx,0,8,0D,10,83,B6,09,20,70,00,
450000,000002C4,false,Rx,0,8,09,08,00,00,08,03,00,00,
450000,000002C5,false,Rx,0,8,00,00,00,00,00,00,00,00,
450000,000002C6,false,Rx,0,8,32,00,7C,01,00,00,00,00,
499000,00000625,false,Rx,0,8,25,00,59,86,01,54,5C,06,
550000,0000060D,false,Rx,0,8,0D,10,83,B6,09,20,70,00,
560000,00000054,false,Rx,0,8,01,05,EF,00,08,03,00,00,
0,00000055,false,Rx,0,8,10,27,00,00,00,00,00,00,
0,00000056,false,Rx,0,8,10,27,00,00,00,00,00,00,
560000,00000057,false,Rx,0,8,00,00,FE,FF,FE,FF,00,00,
599000,00000625,false,Rx,0,8,25,00,59,86,01,54,5C,06,
649000,0000060D,false,Rx,0,8,0D,10,83,B6,09,20,70,00,
670000,000002C4,false,Rx,0,8,09,08,00,00,08,03,00,00,
670000,000002C5,false,Rx,0,8,00,00,00,00,00,00,00,00,
671000,000002C6,false,Rx,0,8,32,00,7C,01,00,00,00,00,
699000,00000625,false,Rx,0,8,25,00,59,86,01,54,5C,06,
750000,0000060D,false,Rx,0,8,0D,10,83,B6,09,20,70,00,
759000,00000054,false,Rx,0,8,01,05,EF,00,08,03,00,00,
759000,00000055,false,Rx,0,8,10,27,00,00,00,00,00,00,
760000,00000056,false,Rx,0,8,10,27,00,00,00,00,00,00,
760000,00000057,false,Rx,0,8,00,00,FE,FF,FE,FF,00,00,
799000,00000625,false,Rx,0,8,25,00,59,86,01,54,5C,06,
850000,0000060D,false,Rx,0,8,0D,10,83,B6,09,20,70,00,
0,000002C4,false,Rx,0,8,09,08,00,00,08,03,00,00,
0,000002C5,false,Rx,0,8,00,00,00,00,00,00,00,00,
0,000002C6,false,Rx,0,8,32,00,7C,01,00,00,00,00,
899000,00000625,false,Rx,0,8,25,00,59,86,01,54,5C,06,
950000,0000060D,false,Rx,0,8,0D,10,83,B6,09,20,70,00,
960000,00000054,false,Rx,0,8,01,05,EF,00,08,03,00,00,
960000,00000055,false,Rx,0,8,10,27,00,00,00,00,00,00,
960000,00000056,false,Rx,0,8,10,27,00,00,00,00,00,00,
961000,00000057,false,Rx,0,8,00,00,FE,FF,FE,FF,00,00,
999000,00000625,false,Rx,0,8,25,00,59,86,01,54,5C,06,
50000,0000060D,false,Rx,0,8,0D,10,83,B6,09,20,70,00,
99000,00000625,false,Rx,0,8,25,00,59,86,01,54,5C,06,
110000,000002C4,false,Rx,0,8,09,08,00,00,08,03,00,00,
110000,000002C5,false,Rx,0,8,00,00,00,00,00,00,00,00,
110000,000002C6,false,Rx,0,8,32,00,7C,01,00,00,00,00,
149000,0000060D,false,Rx,0,8,0D,10,83,B6,09,20,70,00,
160000,00000054,false,Rx,0,8,01,05,EF,00,08,03,00,00,
160000,00000055,false,Rx,0,8,10,27,00,00,00,00,00,00,
160000,00000056,false,Rx,0,8,10,27,00,00,00,00,00,00,
160000,00000057,false,Rx,0,8,00,00,FE,FF,FE,FF,00,00,
199000,00000625,false,Rx,0,8,25,00,59,86,01,54,5C,06,
250000,0000060D,false,Rx,0,8,0D,10,83,B6,09,20,70,00,
299000,00000625,false,Rx,0,8,25,00,59,86,01,54,5C,06,
329000,000002C4,false,Rx,0,8,09,08,00,00,08,03,00,00,
331000,000002C5,false,Rx,0,8,00,00,00,00,00,00,00,00,
331000,000002C6,false,Rx,0,8,32,00,7C,01,00,00,00,00,
350000,0000060D,false,Rx,0,8,0D,10,83,B6,09,20,70,00,
0,00000054,false,Rx,0,8,01,05,EF,00,08,03,00,00,
0,00000055,false,Rx,0,8,10,27,00,00,00,00,00,00,
0,00000056,false,Rx,0,8,10,27,00,00,00,00,00,00,
361000,00000057,false,Rx,0,8,00,00,FE,FF,FE,FF,00,00,
399000,00000625,false,Rx,0,8,25,00,59,86,01,54,5C,06,
450000,0000060D,false,Rx,0,8,0D,10,83,B6,09,20,70,00,
499000,00000625,false,Rx,0,8,25,00,59,86,01,54,5C,06,
550000,0000060D,false,Rx,0,8,0D,10,83,B6,09,20,70,00,
550000,000002C4,false,Rx,0,8,09,08,00,00,08,03,00,00,
550000,000002C5,false,Rx,0,8,00,00,00,00,00,00,00,00,
551000,000002C6,false,Rx,0,8,32,00,7C,01,00,00,00,00,
559000,00000054,false,Rx,0,8,01,05,EF,00,08,03,00,00,
560000,00000055,false,Rx,0,8,10,27,00,00,00,00,00,00,
560000,00000056,false,Rx,0,8,10,27,00,00,00,00,00,00,
560000,00000057,false,Rx,0,8,00,00,FE,FF,FE,FF,00,00,
599000,00000625,false,Rx,0,8,25,00,59,86,01,54,5C,06,
650000,0000060D,false,Rx,0,8,0D,10,83,B6,09,20,70,00,
699000,00000625,false,Rx,0,8,25,00,59,86,01,54,5C,06,
750000,0000060D,false,Rx,0,8,0D,10,83,B6,09,20,70,00,
760000,00000054,false,Rx,0,8,01,05,EF,00,08,03,00,00,
760000,00000055,false,Rx,0,8,10,27,00,00,00,00,00,00,
760000,00000056,false,Rx,0,8,10,27,00,00,00,00,00,00,
760000,00000057,false,Rx,0,8,00,00,FE,FF,FE,FF,00,00,
770000,000002C4,false,Rx,0,8,09,08,00,00,08,03,00,00,
771000,000002C5,false,Rx,0,8,00,00,00,00,00,00,00,00,
771000,000002C6,false,Rx,0,8,32,00,7C,01,00,00,00,00,
799000,00000625,false,Rx,0,8,25,00,59,86,01,54,5C,06,
850000,0000060D,false,Rx,0,8,0D,10,83,B6,09,20,70,00,
899000,00000625,false,Rx,0,8,25,00,59,86,01,54,5C,06,
950000,0000060D,false,Rx,0,8,0D,10,83,B6,09,20,70,00,
959000,00000054,false,Rx,0,8,01,05,EF,00,08,03,00,00,
959000,00000055,false,Rx,0,8,10,27,00,00,00,00,00,00,
960000,00000056,false,Rx,0,8,10,27,00,00,00,00,00,00,
960000,00000057,false,Rx,0,8,00,00,FE,FF,FE,FF,00,00,
990000,000002C4,false,Rx,0,8,09,08,00,00,08,03,00,00,
990000,000002C5,false,Rx,0,8,00,00,00,00,00,00,00,00,
991000,000002C6,false,Rx,0,8,32,00,7C,01,00,00,00,00,
999000,00000625,false,Rx,0,8,25,00,59,86,01,54,5C,06,
49000,0000060D,false,Rx,0,8,0D,10,83,B6,09,20,70,00,
99000,00000625,false,Rx,0,8,25,00,59,86,01,54,5C,06,
150000,0000060D,false,Rx,0,8,0D,10,83,B6,09,20,70,00,
160000,00000054,false,Rx,0,8,01,05,EF,00,08,03,00,00,
160000,00000055,false,Rx,0,8,10,27,00,00,00,00,00,00,
160000,00000056,false,Rx,0,8,10,27,00,00,00,00,00,00,
161000,00000057,false,Rx,0,8,00,00,FE,FF,FE,FF,00,00,
199000,00000625,false,Rx,0,8,25,00,59,86,01,54,5C,06,
210000,000002C4,false,Rx,0,8,09,08,00,00,08,03,00,00,
210000,000002C5,false,Rx,0,8,00,00,00,00,00,00,00,00,
211000,000002C6,false,Rx,0,8,32,00,7C,01,00,00,00,00,
250000,0000060D,false,Rx,0,8,0D,10,83,B6,09,20,70,00,
299000,00000625,false,Rx,0,8,25,00,59,86,01,54,5C,06,
350000,0000060D,false,Rx,0,8,0D,10,83,B6,09,20,70,00,
0,00000054,false,Rx,0,8,01,05,EF,00,08,03,00,00,
0,00000055,false,Rx,0,8,10,27,00,00,00,00,00,00,
0,00000056,false,Rx,0,8,10,27,00,00,00,00,00,00,
361000,00000057,false,Rx,0,8,00,00,FE,FF,FE,FF,00,00,
399000,00000625,false,Rx,0,8,25,00,59,86,01,54,5C,06,
430000,000002C4,false,Rx,0,8,09,08,00,00,08,03,00,00,
430000,000002C5,false,Rx,0,8,00,00,00,00,00,00,00,00,
431000,000002C6,false,Rx,0,8,32,00,7C,01,00,00,00,00,
450000,0000060D,false,Rx,0,8,0D,10,83,B6,09,20,70,00,
498000,00000625,false,Rx,0,8,25,00,59,86,01,54,5C,06,
550000,0000060D,false,Rx,0,8,0D,10,83,B6,09,20,70,00,
560000,00000054,false,Rx,0,8,01,05,EF,00,08,03,00,00,
560000,00000055,false,Rx,0,8,10,27,00,00,00,00,00,00,
560000,00000056,false,Rx,0,8,10,27,00,00,00,00,00,00,
561000,00000057,false,Rx,0,8,00,00,FE,FF,FE,FF,00,00,
599000,00000625,false,Rx,0,8,25,00,59,86,01,54,5C,06,
650000,0000060D,false,Rx,0,8,0D,10,83,B6,09,20,70,00,
650000,000002C4,false,Rx,0,8,09,08,00,00,08,03,00,00,
651000,000002C5,false,Rx,0,8,00,00,00,00,00,00,00,00,
651000,000002C6,false,Rx,0,8,32,00,7C,01,00,00,00,00,
699000,00000625,false,Rx,0,8,25,00,59,86,01,54,5C,06,
750000,0000060D,false,Rx,0,8,0D,10,83,B6,09,20,70,00,
760000,00000054,false,Rx,0,8,01,05,EF,00,08,03,00,00,
760000,00000055,false,Rx,0,8,10,27,00,00,00,00,00,00,
761000,00000056,false,Rx,0,8,10,27,00,00,00,00,00,00,
761000,00000057,false,Rx,0,8,00,00,FE,FF,FE,FF,00,00,
800000,00000625,false,Rx,0,8,25,00,59,86,01,54,5C,06,
850000,0000060D,false,Rx,0,8,0D,10,83,B6,09,20,70,00,
870000,000002C4,false,Rx,0,8,09,08,00,00,08,03,00,00,
871000,000002C5,false,Rx,0,8,00,00,00,00,00,00,00,00,
871000,000002C6,false,Rx,0,8,32,00,7C,01,00,00,00,00,
899000,00000625,false,Rx,0,8,25,00,59,86,01,54,5C,06,
950000,0000060D,false,Rx,0,8,0D,10,83,B6,09,20,70,00,
960000,00000054,false,Rx,0,8,01,05,EF,00,08,03,00,00,
960000,00000055,false,Rx,0,8,10,27,00,00,00,00,00,00,
960000,00000056,false,Rx,0,8,10,27,00,00,00,00,00,00,
961000,00000057,false,Rx,0,8,00,00,FE,FF,FE,FF,00,00,
999000,00000625,false,Rx,0,8,25,00,59,86,01,54,5C,06,
50000,0000060D,false,Rx,0,8,0D,10,83,B6,09,20,70,00,
90000,000002C4,false,Rx,0,8,09,08,00,00,08,03,00,00,
90000,000002C5,false,Rx,0,8,00,00,00,00,00,00,00,00,
90000,000002C6,false,Rx,0,8,32,00,7C,01,00,00,00,00,
99000,00000625,false,Rx,0,8,25,00,59,86,01,54,5C,06,
150000,0000060D,false,Rx,0,8,0D,10,83,B6,09,20,70,00,
159000,00000054,false,Rx,0,8,01,05,EF,00,08,03,00,00,
160000,00000055,false,Rx,0,8,10,27,00,00,00,00,00,00,
160000,00000056,false,Rx,0,8,10,27,00,00,00,00,00,00,
160000,00000057,false,Rx,0,8,00,00,FE,FF,FE,FF,00,00,
199000,00000625,false,Rx,0,8,25,00,59,86,01,54,5C,06,
250000,0000060D,false,Rx,0,8,0D,10,83,B6,09,20,70,00,
299000,00000625,false,Rx,0,8,25,00,59,86,01,54,5C,06,
310000,000002C4,false,Rx,0,8,09,08,00,00,08,03,00,00,
310000,000002C5,false,Rx,0,8,00,00,00,00,00,00,00,00,
310000,000002C6,false,Rx,0,8,32,00,7C,01,00,00,00,00,
350000,0000060D,false,Rx,0,8,0D,10,83,B6,09,20,70,00,
0,00000054,false,Rx,0,8,01,05,EF,00,08,03,00,00,
0,00000055,false,Rx,0,8,10,27,00,00,00,00,00,00,
360000,00000056,false,Rx,0,8,10,27,00,00,00,00,00,00,
361000,00000057,false,Rx,0,8,00,00,FE,FF,FE,FF,00,00,
399000,00000625,false,Rx,0,8,25,00,59,86,01,54,5C,06,
450000,0000060D,false,Rx,0,8,0D,10,83,B6,09,20,70,00,
499000,00000625,false,Rx,0,8,25,00,59,86,01,54,5C,06,
530000,000002C4,false,Rx,0,8,09,08,00,00,08,03,00,00,
531000,000002C5,false,Rx,0,8,00,00,00,00,00,00,00,00,
531000,000002C6,false,Rx,0,8,32,00,7C,01,00,00,00,00,
550000,0000060D,false,Rx,0,8,0D,10,83,B6,09,20,70,00,
560000,00000054,false,Rx,0,8,01,05,EF,00,08,03,00,00,
560000,00000055,false,Rx,0,8,10,27,00,00,00,00,00,00,
560000,00000056,false,Rx,0,8,10,27,00,00,00,00,00,00,
561000,00000057,false,Rx,0,8,00,00,FE,FF,FE,FF,00,00,
599000,00000625,false,Rx,0,8,25,00,59,86,01,54,5C,06,
650000,0000060D,false,Rx,0,8,0D,10,83,B6,09,20,70,00,
699000,00000625,false,Rx,0,8,25,00,59,86,01,54,5C,06,
0,0000060D,false,Rx,0,8,0D,10,83,B6,09,20,70,00,
0,000002C4,false,Rx,0,8,09,08,00,00,08,03,00,00,
0,000002C5,false,Rx,0,8,00,00,00,00,00,00,00,00,
0,000002C6,false,Rx,0,8,32,00,7C,01,00,00,00,00,
760000,00000054,false,Rx,0,8,01,05,EF,00,08,03,00,00,
0,00000055,false,Rx,0,8,10,27,00,00,00,00,00,00,
0,00000056,false,Rx,0,8,10,27,00,00,00,00,00,00,
761000,00000057,false,Rx,0,8,00,00,FE,FF,FE,FF,00,00,
800000,00000625,false,Rx,0,8,25,00,59,86,01,54,5C,06,
850000,0000060D,false,Rx,0,8,0D,10,83,B6,09,20,70,00,
899000,00000625,false,Rx,0,8,25,00,59,86,01,54,5C,06,
950000,0000060D,false,Rx,0,8,0D,10,83,B6,09,20,70,00,
960000,00000054,false,Rx,0,8,01,05,EF,00,08,03,00,00,
960000,00000055,false,Rx,0,8,10,27,00,00,00,00,00,00,
960000,00000056,false,Rx,0,8,10,27,00,00,00,00,00,00,
961000,00000057,false,Rx,0,8,00,00,FE,FF,FE,FF,00,00,
0,000002C4,false,Rx,0,8,09,08,00,00,08,03,00,00,
0,000002C5,false,Rx,0,8,00,00,00,00,00,00,00,00,
970000,000002C6,false,Rx,0,8,32,00,7C,01,00,00,00,00,
999000,00000625,false,Rx,0,8,25,00,59,86,01,54,5C,06,
50000,0000060D,false,Rx,0,8,0D,10,83,B6,09,20,70,00,
99000,00000625,false,Rx,0,8,25,00,59,86,01,54,5C,06,
150000,0000060D,false,Rx,0,8,0D,10,83,B6,09,20,70,00,
160000,00000054,false,Rx,0,8,01,05,EF,00,08,03,00,00,
160000,00000055,false,Rx,0,8,10,27,00,00,00,00,00,00,
160000,00000056,false,Rx,0,8,10,27,00,00,00,00,00,00,
160000,00000057,false,Rx,0,8,00,00,FE,FF,FE,FF,00,00,
189000,000002C4,false,Rx,0,8,09,08,00,00,08,03,00,00,
191000,000002C5,false,Rx,0,8,00,00,00,00,00,00,00,00,
191000,000002C6,false,Rx,0,8,32,00,7C,01,00,00,00,00,
199000,00000625,false,Rx,0,8,25,00,59,86,01,54,5C,06,
250000,0000060D,false,Rx,0,8,0D,10,83,B6,09,20,70,00,
300000,00000625,false,Rx,0,8,25,00,59,86,01,54,5C,06,
350000,0000060D,false,Rx,0,8,0D,10,83,B6,09,20,70,00,
0,00000054,false,Rx,0,8,01,05,EF,00,08,03,00,00,
0,00000055,false,Rx,0,8,10,27,00,00,00,00,00,00,
360000,00000056,false,Rx,0,8,10,27,00,00,00,00,00,00,
360000,00000057,false,Rx,0,8,00,00,FE,FF,FE,FF,00,00,
399000,00000625,false,Rx,0,8,25,00,59,86,01,54,5C,06,
410000,000002C4,false,Rx,0,8,09,08,00,00,08,03,00,00,
410000,000002C5,false,Rx,0,8,00,00,00,00,00,00,00,00,
411000,000002C6,false,Rx,0,8,32,00,7C,01,00,00,00,00,
450000,0000060D,false,Rx,0,8,0D,10,83,B6,09,20,70,00,
499000,00000625,false,Rx,0,8,25,00,59,86,01,54,5C,06,
550000,0000060D,false,Rx,0,8,0D,10,83,B6,09,20,70,00,
559000,00000054,false,Rx,0,8,01,05,EF,00,08,03,00,00,
560000,00000055,false,Rx,0,8,10,27,00,00,00,00,00,00,
0,00000056,false,Rx,0,8,10,27,00,00,00,00,00,00,
0,00000057,false,Rx,0,8,00,00,FE,FF,FE,FF,00,00,
599000,00000625,false,Rx,0,8,25,00,59,86,01,54,5C,06,
630000,000002C4,false,Rx,0,8,09,08,00,00,08,03,00,00,
630000,000002C5,false,Rx,0,8,00,00,00,00,00,00,00,00,
630000,000002C6,false,Rx,0,8,32,00,7C,01,00,00,00,00,
650000,0000060D,false,Rx,0,8,0D,10,83,B6,09,20,70,00,
699000,00000625,false,Rx,0,8,25,00,59,86,01,54,5C,06,
750000,0000060D,false,Rx,0,8,0D,10,83,B6,09,20,70,00,
759000,00000054,false,Rx,0,8,01,05,EF,00,08,03,00,00,
759000,00000055,false,Rx,0,8,10,27,00,00,00,00,00,00,
760000,00000056,false,Rx,0,8,10,27,00,00,00,00,00,00,
760000,00000057,false,Rx,0,8,00,00,FE,FF,FE,FF,00,00,
799000,00000625,false,Rx,0,8,25,00,59,86,01,54,5C,06,
850000,0000060D,false,Rx,0,8,0D,10,83,B6,09,20,70,00,
850000,000002C4,false,Rx,0,8,09,08,00,00,08,03,00,00,
850000,000002C5,false,Rx,0,8,00,00,00,00,00,00,00,00,
851000,000002C6,false,Rx,0,8,32,00,7C,01,00,00,00,00,
899000,00000625,false,Rx,0,8,25,00,59,86,01,54,5C,06,
950000,0000060D,false,Rx,0,8,0D,10,83,B6,09,20,70,00,
960000,00000054,false,Rx,0,8,01,05,EF,00,08,03,00,00,
960000,00000055,false,Rx,0,8,10,27,00,00,00,00,00,00,
961000,00000056,false,Rx,0,8,10,27,00,00,00,00,00,00,
961000,00000057,false,Rx,0,8,00,00,FE,FF,FE,FF,00,00,
999000,00000625,false,Rx,0,8,25,00,59,86,01,54,5C,06,
50000,0000060D,false,Rx,0,8,0D,10,83,B6,09,20,70,00,
70000,000002C4,false,Rx,0,8,09,08,00,00,08,03,00,00,
71000,000002C5,false,Rx,0,8,00,00,00,00,00,00,00,00,
71000,000002C6,false,Rx,0,8,32,00,7C,01,00,00,00,00,
99000,00000625,false,Rx,0,8,25,00,59,86,01,54,5C,06,
150000,0000060D,false,Rx,0,8,0D,10,83,B6,09,20,70,00,
160000,00000054,false,Rx,0,8,01,05,EF,00,08,03,00,00,
160000,00000055,false,Rx,0,8,10,27,00,00,00,00,00,00,
160000,00000056,false,Rx,0,8,10,27,00,00,00,00,00,00,
160000,00000057,false,Rx,0,8,00,00,FE,FF,FE,FF,00,00,
199000,00000625,false,Rx,0,8,25,00,59,86,01,54,5C,06,
250000,0000060D,false,Rx,0,8,0D,10,83,B6,09,20,70,00,
290000,000002C4,false,Rx,0,8,09,08,00,00,08,03,00,00,
291000,000002C5,false,Rx,0,8,00,00,00,00,00,00,00,00,
291000,000002C6,false,Rx,0,8,32,00,7C,01,00,00,00,00,
299000,00000625,false,Rx,0,8,25,00,59,86,01,54,5C,06,
350000,0000060D,false,Rx,0,8,0D,10,83,B6,09,20,70,00,
0,00000054,false,Rx,0,8,01,05,EF,00,08,03,00,00,
0,00000055,false,Rx,0,8,10,27,00,00,00,00,00,00,
360000,00000056,false,Rx,0,8,10,27,00,00,00,00,00,00,
360000,00000057,false,Rx,0,8,00,00,FE,FF,FE,FF,00,00,
399000,00000625,false,Rx,0,8,25,00,59,86,01,54,5C,06,
450000,0000060D,false,Rx,0,8,0D,10,83,B6,09,20,70,00,
499000,00000625,false,Rx,0,8,25,00,59,86,01,54,5C,06,
510000,000002C4,false,Rx,0,8,09,08,00,00,08,03,00,00,
510000,000002C5,false,Rx,0,8,00,00,00,00,00,00,00,00,
510000,000002C6,false,Rx,0,8,32,00,7C,01,00,00,00,00,
549000,0000060D,false,Rx,0,8,0D,10,83,B6,09,20,70,00,
560000,00000054,false,Rx,0,8,01,05,EF,00,08,03,00,00,
560000,00000055,false,Rx,0,8,10,27,00,00,00,00,00,00,
560000,00000056,false,Rx,0,8,10,27,00,00,00,00,00,00,
561000,00000057,false,Rx,0,8,00,00,FE,FF,FE,FF,00,00,
599000,00000625,false,Rx,0,8,25,00,59,86,01,54,5C,06,
650000,0000060D,false,Rx,0,8,0D,10,83,B6,09,20,70,00,
699000,00000625,false,Rx,0,8,25,00,59,86,01,54,5C,06,
730000,000002C4,false,Rx,0,8,09,08,00,00,08,03,00,00,
730000,000002C5,false,Rx,0,8,00,00,00,00,00,00,00,00,
731000,000002C6,false,Rx,0,8,32,00,7C,01,00,00,00,00,
750000,0000060D,false,Rx,0,8,0D,10,83,B6,09,20,70,00,
760000,00000054,false,Rx,0,8,01,05,EF,00,08,03,00,00,
760000,00000055,false,Rx,0,8,10,27,00,00,00,00,00,00,
760000,00000056,false,Rx,0,8,10,27,00,00,00,00,00,00,
761000,00000057,false,Rx,0,8,00,00,FE,FF,FE,FF,00,00,
799000,00000625,false,Rx,0,8,25,00,59,86,01,54,5C,06,
850000,0000060D,false,Rx,0,8,0D,10,83,B6,09,20,70,00,
899000,00000625,false,Rx,0,8,25,00,59,86,01,54,5C,06,
950000,0000060D,false,Rx,0,8,0D,10,83,B6,09,20,70,00,
950000,000002C4,false,Rx,0,8,09,08,00,00,08,03,00,00,
950000,000002C5,false,Rx,0,8,00,00,00,00,00,00,00,00,
951000,000002C6,false,Rx,0,8,32,00,7C,01,00,00,00,00,
960000,00000054,false,Rx,0,8,01,05,EF,00,08,03,00,00,
960000,00000055,false,Rx,0,8,10,27,00,00,00,00,00,00,
960000,00000056,false,Rx,0,8,10,27,00,00,00,00,00,00,
961000,00000057,false,Rx,0,8,00,00,FE,FF,FE,FF,00,00,
999000,00000625,false,Rx,0,8,25,00,59,86,01,54,5C,06,
50000,0000060D,false,Rx,0,8,0D,10,83,B6,09,20,70,00,
99000,00000625,false,Rx,0,8,25,00,59,86,01,54,5C,06,
150000,0000060D,false,Rx,0,8,0D,10,83,B6,09,20,70,00,
160000,00000054,false,Rx,0,8,01,05,EF,00,08,03,00,00,
160000,00000055,false,Rx,0,8,10,27,00,00,00,00,00,00,
160000,00000056,false,Rx,0,8,10,27,00,00,00,00,00,00,
160000,00000057,false,Rx,0,8,00,00,FE,FF,FE,FF,00,00,
170000,000002C4,false,Rx,0,8,09,08,00,00,08,03,00,00,
170000,000002C5,false,Rx,0,8,00,00,00,00,00,00,00,00,
170000,000002C6,false,Rx,0,8,32,00,7C,01,00,00,00,00,
199000,00000625,false,Rx,0,8,25,00,59,86,01,54,5C,06,
250000,0000060D,false,Rx,0,8,0D,10,83,B6,09,20,70,00,
299000,00000625,false,Rx,0,8,25,00,59,86,01,54,5C,06,
350000,0000060D,false,Rx,0,8,0D,10,83,B6,09,20,70,00,
0,00000054,false,Rx,0,8,01,05,EF,00,08,03,00,00,
0,00000055,false,Rx,0,8,10,27,00,00,00,00,00,00,
360000,00000056,false,Rx,0,8,10,27,00,00,00,00,00,00,
361000,00000057,false,Rx,0,8,00,00,FE,FF,FE,FF,00,00,
0,000002C4,false,Rx,0,8,09,08,00,00,08,03,00,00,
0,000002C5,false,Rx,0,8,00,00,00,00,00,00,00,00,
391000,000002C6,false,Rx,0,8,32,00,7C,01,00,00,00,00,
399000,00000625,false,Rx,0,8,25,00,59,86,01,54,5C,06,
450000,0000060D,false,Rx,0,8,0D,10,83,B6,09,20,70,00,
498000,00000625,false,Rx,0,8,25,00,59,86,01,54,5C,06,
550000,0000060D,false,Rx,0,8,0D,10,83,B6,09,20,70,00,
559000,00000054,false,Rx,0,8,01,05,EF,00,08,03,00,00,
560000,00000055,false,Rx,0,8,10,27,00,00,00,00,00,00,
560000,00000056,false,Rx,0,8,10,27,00,00,00,00,00,00,
561000,00000057,false,Rx,0,8,00,00,FE,FF,FE,FF,00,00,
599000,00000625,false,Rx,0,8,25,00,59,86,01,54,5C,06,
610000,000002C4,false,Rx,0,8,09,08,00,00,08,03,00,00,
610000,000002C5,false,Rx,0,8,00,00,00,00,00,00,00,00,
610000,000002C6,false,Rx,0,8,32,00,7C,01,00,00,00,00,
650000,0000060D,false,Rx,0,8,0D,10,83,B6,09,20,70,00,
699000,00000625,false,Rx,0,8,25,00,59,86,01,54,5C,06,
751000,0000060D,false,Rx,0,8,0D,10,83,B6,09,20,70,00,
760000,00000054,false,Rx,0,8,01,05,EF,00,08,03,00,00,
760000,00000055,false,Rx,0,8,10,27,00,00,00,00,00,00,
760000,00000056,false,Rx,0,8,10,27,00,00,00,00,00,00,
761000,00000057,false,Rx,0,8,00,00,FE,FF,FE,FF,00,00,
799000,00000625,false,Rx,0,8,25,00,59,86,01,54,5C,06,
0,000002C4,false,Rx,0,8,09,08,00,00,08,03,00,00,
0,000002C5,false,Rx,0,8,00,00,00,00,00,00,00,00,
830000,000002C6,false,Rx,0,8,32,00,7C,01,00,00,00,00,
850000,0000060D,false,Rx,0,8,0D,10,83,B6,09,20,70,00,
899000,00000625,false,Rx,0,8,25,00,59,86,01,54,5C,06,
950000,0000060D,false,Rx,0,8,0D,10,83,B6,09,20,70,00,
960000,00000054,false,Rx,0,8,01,05,EF,00,08,03,00,00,
960000,00000055,false,Rx,0,8,10,27,00,00,00,00,00,00,
960000,00000056,false,Rx,0,8,10,27,00,00,00,00,00,00,
960000,00000057,false,Rx,0,8,00,00,FE,FF,FE,FF,00,00,
999000,00000625,false,Rx,0,8,25,00,59,86,01,54,5C,06,
0,0000060D,false,Rx,0,8,0D,10,83,B6,09,20,70,00,
0,000002C4,false,Rx,0,8,09,08,00,00,08,03,00,00,
50000,000002C5,false,Rx,0,8,00,00,00,00,00,00,00,00,
51000,000002C6,false,Rx,0,8,32,00,7C,01,00,00,00,00,
99000,00000625,false,Rx,0,8,25,00,59,86,01,54,5C,06,
150000,0000060D,false,Rx,0,8,0D,10,83,B6,09,20,70,00,
160000,00000054,false,Rx,0,8,01,05,EF,00,08,03,00,00,
160000,00000055,false,Rx,0,8,10,27,00,00,00,00,00,00,
160000,00000056,false,Rx,0,8,10,27,00,00,00,00,00,00,
161000,00000057,false,Rx,0,8,00,00,FE,FF,FE,FF,00,00,
199000,00000625,false,Rx,0,8,25,00,59,86,01,54,5C,06,
251000,0000060D,false,Rx,0,8,0D,10,83,B6,09,20,70,00,
270000,000002C4,false,Rx,0,8,09,08,00,00,08,03,00,00,
270000,000002C5,false,Rx,0,8,00,00,00,00,00,00,00,00,
271000,000002C6,false,Rx,0,8,32,00,7C,01,00,00,00,00,
299000,00000625,false,Rx,0,8,25,00,59,86,01,54,5C,06,
350000,0000060D,false,Rx,0,8,0D,10,83,B6,09,20,70,00,
0,00000054,false,Rx,0,8,01,05,EF,00,08,03,00,00,
0,00000055,false,Rx,0,8,10,27,00,00,00,00,00,00,
360000,00000056,false,Rx,0,8,10,27,00,00,00,00,00,00,
361000,00000057,false,Rx,0,8,00,00,FE,FF,FE,FF,00,00,
399000,00000625,false,Rx,0,8,25,00,59,86,01,54,5C,06,
450000,0000060D,false,Rx,0,8,0D,10,83,B6,09,20,70,00,
490000,000002C4,false,Rx,0,8,09,08,00,00,08,03,00,00,
490000,000002C5,false,Rx,0,8,00,00,00,00,00,00,00,00,
490000,000002C6,false,Rx,0,8,32,00,7C,01,00,00,00,00,
499000,00000625,false,Rx,0,8,25,00,59,86,01,54,5C,06,
550000,0000060D,false,Rx,0,8,0D,10,83,B6,09,20,70,00,
560000,00000054,false,Rx,0,8,01,05,EF,00,08,03,00,00,
560000,00000055,false,Rx,0,8,10,27,00,00,00,00,00,00,
560000,00000056,false,Rx,0,8,10,27,00,00,00,00,00,00,
561000,00000057,false,Rx,0,8,00,00,FE,FF,FE,FF,00,00,
599000,00000625,false,Rx,0,8,25,00,59,86,01,54,5C,06,
650000,0000060D,false,Rx,0,8,0D,10,83,B6,09,20,70,00,
699000,00000625,false,Rx,0,8,25,00,59,86,01,54,5C,06,
710000,000002C4,false,Rx,0,8,09,08,00,00,08,03,00,00,
710000,000002C5,false,Rx,0,8,00,00,00,00,00,00,00,00,
710000,000002C6,false,Rx,0,8,32,00,7C,01,00,00,00,00,
750000,0000060D,false,Rx,0,8,0D,10,83,B6,09,20,70,00,
0,00000054,false,Rx,0,8,01,05,EF,00,08,03,00,00,
0,00000055,false,Rx,0,8,10,27,00,00,00,00,00,00,
760000,00000056,false,Rx,0,8,10,27,00,00,00,00,00,00,
760000,00000057,false,Rx,0,8,00,00,FE,FF,FE,FF,00,00,
799000,00000625,false,Rx,0,8,25,00,59,86,01,54,5C,06,
850000,0000060D,false,Rx,0,8,0D,10,83,B6,09,20,70,00,
899000,00000625,false,Rx,0,8,25,00,59,86,01,54,5C,06,
930000,000002C4,false,Rx,0,8,09,08,00,00,08,03,00,00,
930000,000002C5,false,Rx,0,8,00,00,00,00,00,00,00,00,
931000,000002C6,false,Rx,0,8,32,00,7C,01,00,00,00,00,
950000,0000060D,false,Rx,0,8,0D,10,83,B6,09,20,70,00,
959000,00000054,false,Rx,0,8,01,05,EF,00,08,03,00,00,
960000,00000055,false,Rx,0,8,10,27,00,00,00,00,00,00,
960000,00000056,false,Rx,0,8,10,27,00,00,00,00,00,00,
961000,00000057,false,Rx,0,8,00,00,FE,FF,FE,FF,00,00,
999000,00000625,false,Rx,0,8,25,00,59,86,01,54,5C,06,
50000,0000060D,false,Rx,0,8,0D,10,83,B6,09,20,70,00,
99000,00000625,false,Rx,0,8,25,00,59,86,01,54,5C,06,
0,0000060D,false,Rx,0,8,0D,10,83,B6,09,20,70,00,
0,000002C4,false,Rx,0,8,09,08,00,00,08,03,00,00,
151000,000002C5,false,Rx,0,8,00,00,00,00,00,00,00,00,
151000,000002C6,false,Rx,0,8,32,00,7C,01,00,00,00,00,
160000,00000054,false,Rx,0,8,01,05,EF,00,08,03,00,00,
160000,00000055,false,Rx,0,8,10,27,00,00,00,00,00,00,
160000,00000056,false,Rx,0,8,10,27,00,00,00,00,00,00,
160000,00000057,false,Rx,0,8,00,00,FE,FF,FE,FF,00,00,
199000,00000625,false,Rx,0,8,25,00,59,86,01,54,5C,06,
250000,0000060D,false,Rx,0,8,0D,10,83,B6,09,20,70,00,
299000,00000625,false,Rx,0,8,25,00,59,86,01,54,5C,06,
351000,0000060D,false,Rx,0,8,0D,10,83,B6,09,20,70,00,
0,00000054,false,Rx,0,8,01,05,EF,00,08,03,00,00,
0,00000055,false,Rx,0,8,10,27,00,00,00,00,00,00,
361000,00000056,false,Rx,0,8,10,27,00,00,00,00,00,00,
361000,00000057,false,Rx,0,8,00,00,FE,FF,FE,FF,00,00,
370000,000002C4,false,Rx,0,8,09,08,00,00,08,03,00,00,
370000,000002C5,false,Rx,0,8,00,00,00,00,00,00,00,00,
370000,000002C6,false,Rx,0,8,32,00,7C,01,00,00,00,00,
399000,00000625,false,Rx,0,8,25,00,59,86,01,54,5C,06,
450000,0000060D,false,Rx,0,8,0D,10,83,B6,09,20,70,00,
499000,00000625,false,Rx,0,8,25,00,59,86,01,54,5C,06,
550000,0000060D,false,Rx,0,8,0D,10,83,B6,09,20,70,00,
560000,00000054,false,Rx,0,8,01,05,EF,00,08,03,00,00,
560000,00000055,false,Rx,0,8,10,27,00,00,00,00,00,00,
560000,00000056,false,Rx,0,8,10,27,00,00,00,00,00,00,
561000,00000057,false,Rx,0,8,00,00,FE,FF,FE,FF,00,00,
590000,000002C4,false,Rx,0,8,09,08,00,00,08,03,00,00,
590000,000002C5,false,Rx,0,8,00,00,00,00,00,00,00,00,
591000,000002C6,false,Rx,0,8,32,00,7C,01,00,00,00,00,
599000,00000625,false,Rx,0,8,25,00,59,86,01,54,5C,06,
650000,0000060D,false,Rx,0,8,0D,10,83,B6,09,20,70,00,
699000,00000625,false,Rx,0,8,25,00,59,86,01,54,5C,06,
750000,0000060D,false,Rx,0,8,0D,10,83,B6,09,20,70,00,
760000,00000054,false,Rx,0,8,01,05,EF,00,08,03,00,00,
760000,00000055,false,Rx,0,8,10,27,00,00,00,00,00,00,
761000,00000056,false,Rx,0,8,10,27,00,00,00,00,00,00,
761000,00000057,false,Rx,0,8,00,00,FE,FF,FE,FF,00,00,
799000,00000625,false,Rx,0,8,25,00,59,86,01,54,5C,06,
810000,000002C4,false,Rx,0,8,09,08,00,00,08,03,00,00,
810000,000002C5,false,Rx,0,8,00,00,00,00,00,00,00,00,
810000,000002C6,false,Rx,0,8,32,00,7C,01,00,00,00,00,
850000,0000060D,false,Rx,0,8,0D,10,83,B6,09,20,70,00,
899000,00000625,false,Rx,0,8,25,00,59,86,01,54,5C,06,
950000,0000060D,false,Rx,0,8,0D,10,83,B6,09,20,70,00,
960000,00000054,false,Rx,0,8,01,05,EF,00,08,03,00,00,
960000,00000055,false,Rx,0,8,10,27,00,00,00,00,00,00,
960000,00000056,false,Rx,0,8,10,27,00,00,00,00,00,00,
961000,00000057,false,Rx,0,8,00,00,FE,FF,FE,FF,00,00,
999000,00000625,false,Rx,0,8,25,00,59,86,01,54,5C,06,
30000,000002C4,false,Rx,0,8,09,08,00,00,08,03,00,00,
30000,000002C5,false,Rx,0,8,00,00,00,00,00,00,00,00,
31000,000002C6,false,Rx,0,8,32,00,7C,01,00,00,00,00,
50000,0000060D,false,Rx,0,8,0D,10,83,B6,09,20,70,00,
99000,00000625,false,Rx,0,8,25,00,59,86,01,54,5C,06,
150000,0000060D,false,Rx,0,8,0D,10,83,B6,09,20,70,00,
160000,00000054,false,Rx,0,8,01,05,EF,00,08,03,00,00,
160000,00000055,false,Rx,0,8,10,27,00,00,00,00,00,00,
160000,00000056,false,Rx,0,8,10,27,00,00,00,00,00,00,
161000,00000057,false,Rx,0,8,00,00,FE,FF,FE,FF,00,00,
199000,00000625,false,Rx,0,8,25,00,59,86,01,54,5C,06,
0,0000060D,false,Rx,0,8,0D,10,83,B6,09,20,70,00,
0,000002C4,false,Rx,0,8,09,08,00,00,08,03,00,00,
250000,000002C5,false,Rx,0,8,00,00,00,00,00,00,00,00,
251000,000002C6,false,Rx,0,8,32,00,7C,01,00,00,00,00,
299000,00000625,false,Rx,0,8,25,00,59,86,01,54,5C,06,
350000,0000060D,false,Rx,0,8,0D,10,83,B6,09,20,70,00,
0,00000054,false,Rx,0,8,01,05,EF,00,08,03,00,00,
0,00000055,false,Rx,0,8,10,27,00,00,00,00,00,00,
0,00000056,false,Rx,0,8,10,27,00,00,00,00,00,00,
0,00000057,false,Rx,0,8,00,00,FE,FF,FE,FF,00,00,
399000,00000625,false,Rx,0,8,25,00,59,86,01,54,5C,06,
450000,0000060D,false,Rx,0,8,0D,10,83,B6,09,20,70,00,
471000,000002C4,false,Rx,0,8,09,08,00,00,08,03,00,00,
471000,000002C5,false,Rx,0,8,00,00,00,00,00,00,00,00,
471000,000002C6,false,Rx,0,8,32,00,7C,01,00,00,00,00,
499000,00000625,false,Rx,0,8,25,00,59,86,01,54,5C,06,
550000,0000060D,false,Rx,0,8,0D,10,83,B6,09,20,70,00,
560000,00000054,false,Rx,0,8,01,05,EF,00,08,03,00,00,
560000,00000055,false,Rx,0,8,10,27,00,00,00,00,00,00,
560000,00000056,false,Rx,0,8,10,27,00,00,00,00,00,00,
560000,00000057,false,Rx,0,8,00,00,FE,FF,FE,FF,00,00,
599000,00000625,false,Rx,0,8,25,00,59,86,01,54,5C,06,
650000,0000060D,false,Rx,0,8,0D,10,83,B6,09,20,70,00,
690000,000002C4,false,Rx,0,8,09,08,00,00,08,03,00,00,
690000,000002C5,false,Rx,0,8,00,00,00,00,00,00,00,00,
690000,000002C6,false,Rx,0,8,32,00,7C,01,00,00,00,00,
699000,00000625,false,Rx,0,8,25,00,59,86,01,54,5C,06,
750000,0000060D,false,Rx,0,8,0D,10,83,B6,09,20,70,00,
759000,00000054,false,Rx,0,8,01,05,EF,00,08,03,00,00,
760000,00000055,false,Rx,0,8,10,27,00,00,00,00,00,00,
760000,00000056,false,Rx,0,8,10,27,00,00,00,00,00,00,
760000,00000057,false,Rx,0,8,00,00,FE,FF,FE,FF,00,00,
799000,00000625,false,Rx,0,8,25,00,59,86,01,54,5C,06,
850000,0000060D,false,Rx,0,8,0D,10,83,B6,09,20,70,00,
899000,00000625,false,Rx,0,8,25,00,59,86,01,54,5C,06,
910000,000002C4,false,Rx,0,8,09,08,00,00,08,03,00,00,
910000,000002C5,false,Rx,0,8,00,00,00,00,00,00,00,00,
911000,000002C6,false,Rx,0,8,32,00,7C,01,00,00,00,00,
951000,0000060D,false,Rx,0,8,0D,10,83,B6,09,20,70,00,
960000,00000054,false,Rx,0,8,01,05,EF,00,08,03,00,00,
960000,00000055,false,Rx,0,8,10,27,00,00,00,00,00,00,
960000,00000056,false,Rx,0,8,10,27,00,00,00,00,00,00,
961000,00000057,false,Rx,0,8,00,00,FE,FF,FE,FF,00,00,
999000,00000625,false,Rx,0,8,25,00,59,86,01,54,5C,06,
50000,0000060D,false,Rx,0,8,0D,10,83,B6,09,20,70,00,
99000,00000625,false,Rx,0,8,25,00,59,86,01,54,5C,06,
130000,000002C4,false,Rx,0,8,09,08,00,00,08,03,00,00,
130000,000002C5,false,Rx,0,8,00,00,00,00,00,00,00,00,
131000,000002C6,false,Rx,0,8,32,00,7C,01,00,00,00,00,
150000,0000060D,false,Rx,0,8,0D,10,83,B6,09,20,70,00,
160000,00000054,false,Rx,0,8,01,05,EF,00,08,03,00,00,
160000,00000055,false,Rx,0,8,10,27,00,00,00,00,00,00,
160000,00000056,false,Rx,0,8,10,27,00,00,00,00,00,00,
161000,00000057,false,Rx,0,8,00,00,FE,FF,FE,FF,00,00,
199000,00000625,false,Rx,0,8,25,00,59,86,01,54,5C,06,
250000,0000060D,false,Rx,0,8,0D,10,83,B6,09,20,70,00,
299000,00000625,false,Rx,0,8,25,00,59,86,01,54,5C,06,
0,0000060D,false,Rx,0,8,0D,10,83,B6,09,20,70,00,
0,000002C4,false,Rx,0,8,09,08,00,00,08,03,00,00,
350000,000002C5,false,Rx,0,8,00,00,00,00,00,00,00,00,
351000,000002C6,false,Rx,0,8,32,00,7C,01,00,00,00,00,
0,00000054,false,Rx,0,8,01,05,EF,00,08,03,00,00,
0,00000055,false,Rx,0,8,10,27,00,00,00,00,00,00,
360000,00000056,false,Rx,0,8,10,27,00,00,00,00,00,00,
361000,00000057,false,Rx,0,8,00,00,FE,FF,FE,FF,00,00,
399000,00000625,false,Rx,0,8,25,00,59,86,01,54,5C,06,
450000,0000060D,false,Rx,0,8,0D,10,83,B6,09,20,70,00,
500000,00000625,false,Rx,0,8,25,00,59,86,01,54,5C,06,
550000,0000060D,false,Rx,0,8,0D,10,83,B6,09,20,70,00,
560000,00000054,false,Rx,0,8,01,05,EF,00,08,03,00,00,
560000,00000055,false,Rx,0,8,10,27,00,00,00,00,00,00,
560000,00000056,false,Rx,0,8,10,27,00,00,00,00,00,00,
560000,00000057,false,Rx,0,8,00,00,FE,FF,FE,FF,00,00,
570000,000002C4,false,Rx,0,8,09,08,00,00,08,03,00,00,
570000,000002C5,false,Rx,0,8,00,00,00,00,00,00,00,00,
571000,000002C6,false,Rx,0,8,32,00,7C,01,00,00,00,00,
599000,00000625,false,Rx,0,8,25,00,59,86,01,54,5C,06,
650000,0000060D,false,Rx,0,8,0D,10,83,B6,09,20,70,00,
699000,00000625,false,Rx,0,8,25,00,59,86,01,54,5C,06,
750000,0000060D,false,Rx,0,8,0D,10,83,B6,09,20,70,00,
760000,00000054,false,Rx,0,8,01,05,EF,00,08,03,00,00,
760000,00000055,false,Rx,0,8,10,27,00,00,00,00,00,00,
761000,00000056,false,Rx,0,8,10,27,00,00,00,00,00,00,
761000,00000057,false,Rx,0,8,00,00,FE,FF,FE,FF,00,00,
790000,000002C4,false,Rx,0,8,09,08,00,00,08,03,00,00,
790000,000002C5,false,Rx,0,8,00,00,00,00,00,00,00,00,
791000,000002C6,false,Rx,0,8,32,00,7C,01,00,00,00,00,
799000,00000625,false,Rx,0,8,25,00,59,86,01,54,5C,06,
850000,0000060D,false,Rx,0,8,0D,10,83,B6,09,20,70,00,
899000,00000625,false,Rx,0,8,25,00,59,86,01,54,5C,06,
950000,0000060D,false,Rx,0,8,0D,10,83,B6,09,20,70,00,
960000,00000054,false,Rx,0,8,01,05,EF,00,08,03,00,00,
960000,00000055,false,Rx,0,8,10,27,00,00,00,00,00,00,
960000,00000056,false,Rx,0,8,10,27,00,00,00,00,00,00,
960000,00000057,false,Rx,0,8,00,00,FE,FF,FE,FF,00,00,
999000,00000625,false,Rx,0,8,25,00,59,86,01,54,5C,06,
11000,000002C4,false,Rx,0,8,09,08,00,00,08,03,00,00,
11000,000002C5,false,Rx,0,8,00,00,00,00,00,00,00,00,
11000,000002C6,false,Rx,0,8,32,00,7C,01,00,00,00,00,
50000,0000060D,false,Rx,0,8,0D,10,83,B6,09,20,70,00,
99000,00000625,false,Rx,0,8,25,00,59,86,01,54,5C,06,
150000,0000060D,false,Rx,0,8,0D,10,83,B6,09,20,70,00,
160000,00000054,false,Rx,0,8,01,05,EF,00,08,03,00,00,
160000,00000055,false,Rx,0,8,10,27,00,00,00,00,00,00,
160000,00000056,false,Rx,0,8,10,27,00,00,00,00,00,00,
161000,00000057,false,Rx,0,8,00,00,FE,FF,FE,FF,00,00,
199000,00000625,false,Rx,0,8,25,00,59,86,01,54,5C,06,
230000,000002C4,false,Rx,0,8,09,08,00,00,08,03,00,00,
230000,000002C5,false,Rx,0,8,00,00,00,00,00,00,00,00,
230000,000002C6,false,Rx,0,8,32,00,7C,01,00,00,00,00,
250000,0000060D,false,Rx,0,8,0D,10,83,B6,09,20,70,00,
299000,00000625,false,Rx,0,8,25,00,59,86,01,54,5C,06,
350000,0000060D,false,Rx,0,8,0D,10,83,B6,09,20,70,00,
360000,00000054,false,Rx,0,8,01,05,EF,00,08,03,00,00,
360000,00000055,false,Rx,0,8,10,27,00,00,00,00,00,00,
360000,00000056,false,Rx,0,8,10,27,00,00,00,00,00,00,
361000,00000057,false,Rx,0,8,00,00,FE,FF,FE,FF,00,00,
399000,00000625,false,Rx,0,8,25,00,59,86,01,54,5C,06,
450000,0000060D,false,Rx,0,8,0D,10,83,B6,09,20,70,00,
450000,000002C4,false,Rx,0,8,09,08,00,00,08,03,00,00,
450000,000002C5,false,Rx,0,8,00,00,00,00,00,00,00,00,
451000,000002C6,false,Rx,0,8,32,00,7C,01,00,00,00,00,
499000,00000625,false,Rx,0,8,25,00,59,86,01,54,5C,06,
550000,0000060D,false,Rx,0,8,0D,10,83,B6,09,20,70,00,
559000,00000054,false,Rx,0,8,01,05,EF,00,08,03,00,00,
560000,00000055,false,Rx,0,8,10,27,00,00,00,00,00,00,
560000,00000056,false,Rx,0,8,10,27,00,00,00,00,00,00,
560000,00000057,false,Rx,0,8,00,00,FE,FF,FE,FF,00,00,
599000,00000625,false,Rx,0,8,25,00,59,86,01,54,5C,06,
650000,0000060D,false,Rx,0,8,0D,10,83,B6,09,20,70,00,
670000,000002C4,false,Rx,0,8,09,08,00,00,08,03,00,00,
670000,000002C5,false,Rx,0,8,00,00,00,00,00,00,00,00,
671000,000002C6,false,Rx,0,8,32,00,7C,01,00,00,00,00,
699000,00000625,false,Rx,0,8,25,00,59,86,01,54,5C,06,
751000,0000060D,false,Rx,0,8,0D,10,83,B6,09,20,70,00,
760000,00000054,false,Rx,0,8,01,05,EF,00,08,03,00,00,
760000,00000055,false,Rx,0,8,10,27,00,00,00,00,00,00,
760000,00000056,false,Rx,0,8,10,27,00,00,00,00,00,00,
760000,00000057,false,Rx,0,8,00,00,FE,FF,FE,FF,00,00,
799000,00000625,false,Rx,0,8,25,00,59,86,01,54,5C,06,
850000,0000060D,false,Rx,0,8,0D,10,83,B6,09,20,70,00,
0,000002C4,false,Rx,0,8,09,08,00,00,08,03,00,00,
0,000002C5,false,Rx,0,8,00,00,00,00,00,00,00,00,
0,000002C6,false,Rx,0,8,32,00,7C,01,00,00,00,00,
899000,00000625,false,Rx,0,8,25,00,59,86,01,54,5C,06,
950000,0000060D,false,Rx,0,8,0D,10,83,B6,09,20,70,00,
960000,00000054,false,Rx,0,8,01,05,EF,00,08,03,00,00,
960000,00000055,false,Rx,0,8,10,27,00,00,00,00,00,00,
960000,00000056,false,Rx,0,8,10,27,00,00,00,00,00,00,
960000,00000057,false,Rx,0,8,00,00,FE,FF,FE,FF,00,00,
999000,00000625,false,Rx,0,8,25,00,59,86,01,54,5C,06,
49000,0000060D,false,Rx,0,8,0D,10,83,B6,09,20,70,00,
99000,00000625,false,Rx,0,8,25,00,59,86,01,54,5C,06,
111000,000002C4,false,Rx,0,8,09,08,00,00,08,03,00,00,
111000,000002C5,false,Rx,0,8,00,00,00,00,00,00,00,00,
111000,000002C6,false,Rx,0,8,32,00,7C,01,00,00,00,00,
150000,0000060D,false,Rx,0,8,0D,10,83,B6,09,20,70,00,
160000,00000054,false,Rx,0,8,01,05,EF,00,08,03,00,00,
160000,00000055,false,Rx,0,8,10,27,00,00,00,00,00,00,
160000,00000056,false,Rx,0,8,10,27,00,00,00,00,00,00,
160000,00000057,false,Rx,0,8,00,00,FE,FF,FE,FF,00,00,
199000,00000625,false,Rx,0,8,25,00,59,86,01,54,5C,06,
250000,0000060D,false,Rx,0,8,0D,10,83,B6,09,20,70,00,
299000,00000625,false,Rx,0,8,25,00,59,86,01,54,5C,06,
330000,000002C4,false,Rx,0,8,09,08,00,00,08,03,00,00,
330000,000002C5,false,Rx,0,8,00,00,00,00,00,00,00,00,
331000,000002C6,false,Rx,0,8,32,00,7C,01,00,00,00,00,
350000,0000060D,false,Rx,0,8,0D,10,83,B6,09,20,70,00,
0,00000054,false,Rx,0,8,01,05,EF,00,08,03,00,00,
0,00000055,false,Rx,0,8,10,27,00,00,00,00,00,00,
0,00000056,false,Rx,0,8,10,27,00,00,00,00,00,00,
0,00000057,false,Rx,0,8,00,00,FE,FF,FE,FF,00,00,
399000,00000625,false,Rx,0,8,25,00,59,86,01,54,5C,06,
450000,0000060D,false,Rx,0,8,0D,10,83,B6,09,20,70,00,
499000,00000625,false,Rx,0,8,25,00,59,86,01,54,5C,06,
550000,0000060D,false,Rx,0,8,0D,10,83,B6,09,20,70,00,
551000,000002C4,false,Rx,0,8,09,08,00,00,08,03,00,00,
551000,000002C5,false,Rx,0,8,00,00,00,00,00,00,00,00,
551000,000002C6,false,Rx,0,8,32,00,7C,01,00,00,00,00,
560000,00000054,false,Rx,0,8,01,05,EF,00,08,03,00,00,
0,00000055,false,Rx,0,8,10,27,00,00,00,00,00,00,
0,00000056,false,Rx,0,8,10,27,00,00,00,00,00,00,
560000,00000057,false,Rx,0,8,00,00,FE,FF,FE,FF,00,00,
599000,00000625,false,Rx,0,8,25,00,59,86,01,54,5C,06,
650000,0000060D,false,Rx,0,8,0D,10,83,B6,09,20,70,00,
699000,00000625,false,Rx,0,8,25,00,59,86,01,54,5C,06,
750000,0000060D,false,Rx,0,8,0D,10,83,B6,09,20,70,00,
760000,00000054,false,Rx,0,8,01,05,EF,00,08,03,00,00,
760000,00000055,false,Rx,0,8,10,27,00,00,00,00,00,00,
760000,00000056,false,Rx,0,8,10,27,00,00,00,00,00,00,
762000,00000057,false,Rx,0,8,00,00,FE,FF,FE,FF,00,00,
771000,000002C4,false,Rx,0,8,09,08,00,00,08,03,00,00,
771000,000002C5,false,Rx,0,8,00,00,00,00,00,00,00,00,
771000,000002C6,false,Rx,0,8,32,00,7C,01,00,00,00,00,
799000,00000625,false,Rx,0,8,25,00,59,86,01,54,5C,06,
850000,0000060D,false,Rx,0,8,0D,10,83,B6,09,20,70,00,
899000,00000625,false,Rx,0,8,25,00,59,86,01,54,5C,06,
950000,0000060D,false,Rx,0,8,0D,10,83,B6,09,20,70,00,
960000,00000054,false,Rx,0,8,01,05,EF,00,08,03,00,00,
960000,00000055,false,Rx,0,8,10,27,00,00,00,00,00,00,
960000,00000056,false,Rx,0,8,10,27,00,00,00,00,00,00,
961000,00000057,false,Rx,0,8,00,00,FE,FF,FE,FF,00,00,
990000,000002C4,false,Rx,0,8,09,08,00,00,08,03,00,00,
990000,000002C5,false,Rx,0,8,00,00,00,00,00,00,00,00,
990000,000002C6,false,Rx,0,8,32,00,7C,01,00,00,00,00,
999000,00000625,false,Rx,0,8,25,00,59,86,01,54,5C,06,
50000,0000060D,false,Rx,0,8,0D,10,83,B6,09,20,70,00,
99000,00000625,false,Rx,0,8,25,00,59,86,01,54,5C,06,
150000,0000060D,false,Rx,0,8,0D,10,83,B6,09,20,70,00,
160000,00000054,false,Rx,0,8,01,05,EF,00,08,03,00,00,
161000,00000055,false,Rx,0,8,10,27,00,00,00,00,00,00,
161000,00000056,false,Rx,0,8,10,27,00,00,00,00,00,00,
161000,00000057,false,Rx,0,8,00,00,FE,FF,FE,FF,00,00,
199000,00000625,false,Rx,0,8,25,00,59,86,01,54,5C,06,
210000,000002C4,false,Rx,0,8,09,08,00,00,08,03,00,00,
210000,000002C5,false,Rx,0,8,00,00,00,00,00,00,00,00,
210000,000002C6,false,Rx,0,8,32,00,7C,01,00,00,00,00,
250000,0000060D,false,Rx,0,8,0D,10,83,B6,09,20,70,00,
299000,00000625,false,Rx,0,8,25,00,59,86,01,54,5C,06,
350000,0000060D,false,Rx,0,8,0D,10,83,B6,09,20,70,00,
360000,00000054,false,Rx,0,8,01,05,EF,00,08,03,00,00,
360000,00000055,false,Rx,0,8,10,27,00,00,00,00,00,00,
360000,00000056,false,Rx,0,8,10,27,00,00,00,00,00,00,
360000,00000057,false,Rx,0,8,00,00,FE,FF,FE,FF,00,00,
399000,00000625,false,Rx,0,8,25,00,59,86,01,54,5C,06,
431000,000002C4,false,Rx,0,8,09,08,00,00,08,03,00,00,
431000,000002C5,false,Rx,0,8,00,00,00,00,00,00,00,00,
431000,000002C6,false,Rx,0,8,32,00,7C,01,00,00,00,00,
450000,0000060D,false,Rx,0,8,0D,10,83,B6,09,20,70,00,
499000,00000625,false,Rx,0,8,25,00,59,86,01,54,5C,06,
550000,0000060D,false,Rx,0,8,0D,10,83,B6,09,20,70,00,
560000,00000054,false,Rx,0,8,01,05,EF,00,08,03,00,00,
560000,00000055,false,Rx,0,8,10,27,00,00,00,00,00,00,
560000,00000056,false,Rx,0,8,10,27,00,00,00,00,00,00,
560000,00000057,false,Rx,0,8,00,00,FE,FF,FE,FF,00,00,
599000,00000625,false,Rx,0,8,25,00,59,86,01,54,5C,06,
650000,0000060D,false,Rx,0,8,0D,10,83,B6,09,20,70,00,
650000,000002C4,false,Rx,0,8,09,08,00,00,08,03,00,00,
650000,000002C5,false,Rx,0,8,00,00,00,00,00,00,00,00,
650000,000002C6,false,Rx,0,8,32,00,7C,01,00,00,00,00,
699000,00000625,false,Rx,0,8,25,00,59,86,01,54,5C,06,
751000,0000060D,false,Rx,0,8,0D,10,83,B6,09,20,70,00,
760000,00000054,false,Rx,0,8,01,05,EF,00,08,03,00,00,
760000,00000055,false,Rx,0,8,10,27,00,00,00,00,00,00,
760000,00000056,false,Rx,0,8,10,27,00,00,00,00,00,00,
760000,00000057,false,Rx,0,8,00,00,FE,FF,FE,FF,00,00,
799000,00000625,false,Rx,0,8,25,00,59,86,01,54,5C,06,
850000,0000060D,false,Rx,0,8,0D,10,83,B6,09,20,70,00,
871000,000002C4,false,Rx,0,8,09,08,00,00,08,03,00,00,
871000,000002C5,false,Rx,0,8,00,00,00,00,00,00,00,00,
871000,000002C6,false,Rx,0,8,32,00,7C,01,00,00,00,00,
899000,00000625,false,Rx,0,8,25,00,59,86,01,54,5C,06,
950000,0000060D,false,Rx,0,8,0D,10,83,B6,09,20,70,00,
960000,00000054,false,Rx,0,8,01,05,EF,00,08,03,00,00,
960000,00000055,false,Rx,0,8,10,27,00,00,00,00,00,00,
960000,00000056,false,Rx,0,8,10,27,00,00,00,00,00,00,
961000,00000057,false,Rx,0,8,00,00,FE,FF,FE,FF,00,00,
999000,00000625,false,Rx,0,8,25,00,59,86,01,54,5C,06,
50000,0000060D,false,Rx,0,8,0D,10,83,B6,09,20,70,00,
91000,000002C4,false,Rx,0,8,09,08,00,00,08,03,00,00,
91000,000002C5,false,Rx,0,8,00,00,00,00,00,00,00,00,
91000,000002C6,false,Rx,0,8,32,00,7C,01,00,00,00,00,
99000,00000625,false,Rx,0,8,25,00,59,86,01,54,5C,06,
151000,0000060D,false,Rx,0,8,0D,10,83,B6,09,20,70,00,
160000,00000054,false,Rx,0,8,01,05,EF,00,08,03,00,00,
160000,00000055,false,Rx,0,8,10,27,00,00,00,00,00,00,
160000,00000056,false,Rx,0,8,10,27,00,00,00,00,00,00,
160000,00000057,false,Rx,0,8,00,00,FE,FF,FE,FF,00,00,
199000,00000625,false,Rx,0,8,25,00,59,86,01,54,5C,06,
250000,0000060D,false,Rx,0,8,0D,10,83,B6,09,20,70,00,
299000,00000625,false,Rx,0,8,25,00,59,86,01,54,5C,06,
311000,000002C4,false,Rx,0,8,09,08,00,00,08,03,00,00,
311000,000002C5,false,Rx,0,8,00,00,00,00,00,00,00,00,
311000,000002C6,false,Rx,0,8,32,00,7C,01,00,00,00,00,
350000,0000060D,false,Rx,0,8,0D,10,83,B6,09,20,70,00,
0,00000054,false,Rx,0,8,01,05,EF,00,08,03,00,00,
0,00000055,false,Rx,0,8,10,27,00,00,00,00,00,00,
360000,00000056,false,Rx,0,8,10,27,00,00,00,00,00,00,
361000,00000057,false,Rx,0,8,00,00,FE,FF,FE,FF,00,00,
399000,00000625,false,Rx,0,8,25,00,59,86,01,54,5C,06,
450000,0000060D,false,Rx,0,8,0D,10,83,B6,09,20,70,00,
499000,00000625,false,Rx,0,8,25,00,59,86,01,54,5C,06,
0,000002C4,false,Rx,0,8,09,08,00,00,08,03,00,00,
0,000002C5,false,Rx,0,8,00,00,00,00,00,00,00,00,
531000,000002C6,false,Rx,0,8,32,00,7C,01,00,00,00,00,
550000,0000060D,false,Rx,0,8,0D,10,83,B6,09,20,70,00,
560000,00000054,false,Rx,0,8,01,05,EF,00,08,03,00,00,
560000,00000055,false,Rx,0,8,10,27,00,00,00,00,00,00,
560000,00000056,false,Rx,0,8,10,27,00,00,00,00,00,00,
561000,00000057,false,Rx,0,8,00,00,FE,FF,FE,FF,00,00,
599000,00000625,false,Rx,0,8,25,00,59,86,01,54,5C,06,
650000,0000060D,false,Rx,0,8,0D,10,83,B6,09,20,70,00,
699000,00000625,false,Rx,0,8,25,00,59,86,01,54,5C,06,
750000,0000060D,false,Rx,0,8,0D,10,83,B6,09,20,70,00,
750000,000002C4,false,Rx,0,8,09,08,00,00,08,03,00,00,
750000,000002C5,false,Rx,0,8,00,00,00,00,00,00,00,00,
751000,000002C6,false,Rx,0,8,32,00,7C,01,00,00,00,00,
760000,00000054,false,Rx,0,8,01,05,EF,00,08,03,00,00,
760000,00000055,false,Rx,0,8,10,27,00,00,00,00,00,00,
760000,00000056,false,Rx,0,8,10,27,00,00,00,00,00,00,
761000,00000057,false,Rx,0,8,00,00,FE,FF,FE,FF,00,00,
800000,00000625,false,Rx,0,8,25,00,59,86,01,54,5C,06,
850000,0000060D,false,Rx,0,8,0D,10,83,B6,09,20,70,00,
899000,00000625,false,Rx,0,8,25,00,59,86,01,54,5C,06,
950000,0000060D,false,Rx,0,8,0D,10,83,B6,09,20,70,00,
960000,00000054,false,Rx,0,8,01,05,EF,00,08,03,00,00,
960000,00000055,false,Rx,0,8,10,27,00,00,00,00,00,00,
961000,00000056,false,Rx,0,8,10,27,00,00,00,00,00,00,
961000,00000057,false,Rx,0,8,00,00,FE,FF,FE,FF,00,00,
970000,000002C4,false,Rx,0,8,09,08,00,00,08,03,00,00,
970000,000002C5,false,Rx,0,8,00,00,00,00,00,00,00,00,
970000,000002C6,false,Rx,0,8,32,00,7C,01,00,00,00,00,
999000,00000625,false,Rx,0,8,25,00,59,86,01,54,5C,06,
50000,0000060D,false,Rx,0,8,0D,10,83,B6,09,20,70,00,
99000,00000625,false,Rx,0,8,25,00,59,86,01,54,5C,06,
150000,0000060D,false,Rx,0,8,0D,10,83,B6,09,20,70,00,
160000,00000054,false,Rx,0,8,01,05,EF,00,08,03,00,00,
160000,00000055,false,Rx,0,8,10,27,00,00,00,00,00,00,
160000,00000056,false,Rx,0,8,10,27,00,00,00,00,00,00,
160000,00000057,false,Rx,0,8,00,00,FE,FF,FE,FF,00,00,
190000,000002C4,false,Rx,0,8,09,08,00,00,08,03,00,00,
190000,000002C5,false,Rx,0,8,00,00,00,00,00,00,00,00,
191000,000002C6,false,Rx,0,8,32,00,7C,01,00,00,00,00,
199000,00000625,false,Rx,0,8,25,00,59,86,01,54,5C,06,
250000,0000060D,false,Rx,0,8,0D,10,83,B6,09,20,70,00,
299000,00000625,false,Rx,0,8,25,00,59,86,01,54,5C,06,
350000,0000060D,false,Rx,0,8,0D,10,83,B6,09,20,70,00,
360000,00000054,false,Rx,0,8,01,05,EF,00,08,03,00,00,
360000,00000055,false,Rx,0,8,10,27,00,00,00,00,00,00,
360000,00000056,false,Rx,0,8,10,27,00,00,00,00,00,00,
360000,00000057,false,Rx,0,8,00,00,FE,FF,FE,FF,00,00,
399000,00000625,false,Rx,0,8,25,00,59,86,01,54,5C,06,
410000,000002C4,false,Rx,0,8,09,08,00,00,08,03,00,00,
410000,000002C5,false,Rx,0,8,00,00,00,00,00,00,00,00,
411000,000002C6,false,Rx,0,8,32,00,7C,01,00,00,00,00,
449000,0000060D,false,Rx,0,8,0D,10,83,B6,09,20,70,00,
499000,00000625,false,Rx,0,8,25,00,59,86,01,54,5C,06,
549000,0000060D,false,Rx,0,8,0D,10,83,B6,09,20,70,00,
560000,00000054,false,Rx,0,8,01,05,EF,00,08,03,00,00,
560000,00000055,false,Rx,0,8,10,27,00,00,00,00,00,00,
560000,00000056,false,Rx,0,8,10,27,00,00,00,00,00,00,
560000,00000057,false,Rx,0,8,00,00,FE,FF,FE,FF,00,00,
599000,00000625,false,Rx,0,8,25,00,59,86,01,54,5C,06,
630000,000002C4,false,Rx,0,8,09,08,00,00,08,03,00,00,
630000,000002C5,false,Rx,0,8,00,00,00,00,00,00,00,00,
631000,000002C6,false,Rx,0,8,32,00,7C,01,00,00,00,00,
650000,0000060D,false,Rx,0,8,0D,10,83,B6,09,20,70,00,
699000,00000625,false,Rx,0,8,25,00,59,86,01,54,5C,06,
750000,0000060D,false,Rx,0,8,0D,10,83,B6,09,20,70,00,
760000,00000054,false,Rx,0,8,01,05,EF,00,08,03,00,00,
761000,00000055,false,Rx,0,8,10,27,00,00,00,00,00,00,
761000,00000056,false,Rx,0,8,10,27,00,00,00,00,00,00,
761000,00000057,false,Rx,0,8,00,00,FE,FF,FE,FF,00,00,
799000,00000625,false,Rx,0,8,25,00,59,86,01,54,5C,06,
851000,0000060D,false,Rx,0,8,0D,10,83,B6,09,20,70,00,
851000,000002C4,false,Rx,0,8,09,08,00,00,08,03,00,00,
851000,000002C5,false,Rx,0,8,00,00,00,00,00,00,00,00,
851000,000002C6,false,Rx,0,8,32,00,7C,01,00,00,00,00,
899000,00000625,false,Rx,0,8,25,00,59,86,01,54,5C,06,
950000,0000060D,false,Rx,0,8,0D,10,83,B6,09,20,70,00,
960000,00000054,false,Rx,0,8,01,05,EF,00,08,03,00,00,
960000,00000055,false,Rx,0,8,10,27,00,00,00,00,00,00,
960000,00000056,false,Rx,0,8,10,27,00,00,00,00,00,00,
961000,00000057,false,Rx,0,8,00,00,FE,FF,FE,FF,00,00,
999000,00000625,false,Rx,0,8,25,00,59,86,01,54,5C,06,
50000,0000060D,false,Rx,0,8,0D,10,83,B6,09,20,70,00,
70000,000002C4,false,Rx,0,8,09,08,00,00,08,03,00,00,
70000,000002C5,false,Rx,0,8,00,00,00,00,00,00,00,00,
71000,000002C6,false,Rx,0,8,32,00,7C,01,00,00,00,00,
99000,00000625,false,Rx,0,8,25,00,59,86,01,54,5C,06,
149000,0000060D,false,Rx,0,8,0D,10,83,B6,09,20,70,00,
160000,00000054,false,Rx,0,8,01,05,EF,00,08,03,00,00,
160000,00000055,false,Rx,0,8,10,27,00,00,00,00,00,00,
160000,00000056,false,Rx,0,8,10,27,00,00,00,00,00,00,
160000,00000057,false,Rx,0,8,00,00,FE,FF,FE,FF,00,00,
199000,00000625,false,Rx,0,8,25,00,59,86,01,54,5C,06,
249000,0000060D,false,Rx,0,8,0D,10,83,B6,09,20,70,00,
290000,000002C4,false,Rx,0,8,09,08,00,00,08,03,00,00,
291000,000002C5,false,Rx,0,8,00,00,00,00,00,00,00,00,
291000,000002C6,false,Rx,0,8,32,00,7C,01,00,00,00,00,
299000,00000625,false,Rx,0,8,25,00,59,86,01,54,5C,06,
350000,0000060D,false,Rx,0,8,0D,10,83,B6,09,20,70,00,
0,00000054,false,Rx,0,8,01,05,EF,00,08,03,00,00,
0,00000055,false,Rx,0,8,10,27,00,00,00,00,00,00,
0,00000056,false,Rx,0,8,10,27,00,00,00,00,00,00,
361000,00000057,false,Rx,0,8,00,00,FE,FF,FE,FF,00,00,
399000,00000625,false,Rx,0,8,25,00,59,86,01,54,5C,06,
450000,0000060D,false,Rx,0,8,0D,10,83,B6,09,20,70,00,
499000,00000625,false,Rx,0,8,25,00,59,86,01,54,5C,06,
510000,000002C4,false,Rx,0,8,09,08,00,00,08,03,00,00,
511000,000002C5,false,Rx,0,8,00,00,00,00,00,00,00,00,
511000,000002C6,false,Rx,0,8,32,00,7C,01,00,00,00,00,
550000,0000060D,false,Rx,0,8,0D,10,83,B6,09,20,70,00,
560000,00000054,false,Rx,0,8,01,05,EF,00,08,03,00,00,
560000,00000055,false,Rx,0,8,10,27,00,00,00,00,00,00,
561000,00000056,false,Rx,0,8,10,27,00,00,00,00,00,00,
561000,00000057,false,Rx,0,8,00,00,FE,FF,FE,FF,00,00,
599000,00000625,false,Rx,0,8,25,00,59,86,01,54,5C,06,
650000,0000060D,false,Rx,0,8,0D,10,83,B6,09,20,70,00,
699000,00000625,false,Rx,0,8,25,00,59,86,01,54,5C,06,
731000,000002C4,false,Rx,0,8,09,08,00,00,08,03,00,00,
731000,000002C5,false,Rx,0,8,00,00,00,00,00,00,00,00,
731000,000002C6,false,Rx,0,8,32,00,7C,01,00,00,00,00,
751000,0000060D,false,Rx,0,8,0D,10,83,B6,09,20,70,00,
760000,00000054,false,Rx,0,8,01,05,EF,00,08,03,00,00,
0,00000055,false,Rx,0,8,10,27,00,00,00,00,00,00,
0,00000056,false,Rx,0,8,10,27,00,00,00,00,00,00,
760000,00000057,false,Rx,0,8,00,00,FE,FF,FE,FF,00,00,
799000,00000625,false,Rx,0,8,25,00,59,86,01,54,5C,06,
850000,0000060D,false,Rx,0,8,0D,10,83,B6,09,20,70,00,
899000,00000625,false,Rx,0,8,25,00,59,86,01,54,5C,06,
950000,0000060D,false,Rx,0,8,0D,10,83,B6,09,20,70,00,
950000,000002C4,false,Rx,0,8,09,08,00,00,08,03,00,00,
951000,000002C5,false,Rx,0,8,00,00,00,00,00,00,00,00,
951000,000002C6,false,Rx,0,8,32,00,7C,01,00,00,00,00,
960000,00000054,false,Rx,0,8,01,05,EF,00,08,03,00,00,
960000,00000055,false,Rx,0,8,10,27,00,00,00,00,00,00,
960000,00000056,false,Rx,0,8,10,27,00,00,00,00,00,00,
961000,00000057,false,Rx,0,8,00,00,FE,FF,FE,FF,00,00,
999000,00000625,false,Rx,0,8,25,00,59,86,01,54,5C,06,
50000,0000060D,false,Rx,0,8,0D,10,83,B6,09,20,70,00,
99000,00000625,false,Rx,0,8,25,00,59,86,01,54,5C,06,
150000,0000060D,false,Rx,0,8,0D,10,83,B6,09,20,70,00,
160000,00000054,false,Rx,0,8,01,05,EF,00,08,03,00,00,
160000,00000055,false,Rx,0,8,10,27,00,00,00,00,00,00,
160000,00000056,false,Rx,0,8,10,27,00,00,00,00,00,00,
160000,00000057,false,Rx,0,8,00,00,FE,FF,FE,FF,00,00,
170000,000002C4,false,Rx,0,8,09,08,00,00,08,03,00,00,
170000,000002C5,false,Rx,0,8,00,00,00,00,00,00,00,00,
170000,000002C6,false,Rx,0,8,32,00,7C,01,00,00,00,00,
199000,00000625,false,Rx,0,8,25,00,59,86,01,54,5C,06,
250000,0000060D,false,Rx,0,8,0D,10,83,B6,09,20,70,00,
299000,00000625,false,Rx,0,8,25,00,59,86,01,54,5C,06,
350000,0000060D,false,Rx,0,8,0D,10,83,B6,09,20,70,00,
0,00000054,false,Rx,0,8,01,05,EF,00,08,03,00,00,
0,00000055,false,Rx,0,8,10,27,00,00,00,00,00,00,
0,00000056,false,Rx,0,8,10,27,00,00,00,00,00,00,
361000,00000057,false,Rx,0,8,00,00,FE,FF,FE,FF,00,00,
0,000002C4,false,Rx,0,8,09,08,00,00,08,03,00,00,
0,000002C5,false,Rx,0,8,00,00,00,00,00,00,00,00,
391000,000002C6,false,Rx,0,8,32,00,7C,01,00,00,00,00,
400000,00000625,false,Rx,0,8,25,00,59,86,01,54,5C,06,
450000,0000060D,false,Rx,0,8,0D,10,83,B6,09,20,70,00,
499000,00000625,false,Rx,0,8,25,00,59,86,01,54,5C,06,
550000,0000060D,false,Rx,0,8,0D,10,83,B6,09,20,70,00,
560000,00000054,false,Rx,0,8,01,05,EF,00,08,03,00,00,
560000,00000055,false,Rx,0,8,10,27,00,00,00,00,00,00,
560000,00000056,false,Rx,0,8,10,27,00,00,00,00,00,00,
561000,00000057,false,Rx,0,8,00,00,FE,FF,FE,FF,00,00,
599000,00000625,false,Rx,0,8,25,00,59,86,01,54,5C,06,
0,000002C4,false,Rx,0,8,09,08,00,00,08,03,00,00,
0,000002C5,false,Rx,0,8,00,00,00,00,00,00,00,00,
0,000002C6,false,Rx,0,8,32,00,7C,01,00,00,00,00,
650000,0000060D,false,Rx,0,8,0D,10,83,B6,09,20,70,00,
699000,00000625,false,Rx,0,8,25,00,59,86,01,54,5C,06,
751000,0000060D,false,Rx,0,8,0D,10,83,B6,09,20,70,00,
760000,00000054,false,Rx,0,8,01,05,EF,00,08,03,00,00,
760000,00000055,false,Rx,0,8,10,27,00,00,00,00,00,00,
760000,00000056,false,Rx,0,8,10,27,00,00,00,00,00,00,
760000,00000057,false,Rx,0,8,00,00,FE,FF,FE,FF,00,00,
799000,00000625,false,Rx,0,8,25,00,59,86,01,54,5C,06,
830000,000002C4,false,Rx,0,8,09,08,00,00,08,03,00,00,
831000,000002C5,false,Rx,0,8,00,00,00,00,00,00,00,00,
831000,000002C6,false,Rx,0,8,32,00,7C,01,00,00,00,00,
850000,0000060D,false,Rx,0,8,0D,10,83,B6,09,20,70,00,
899000,00000625,false,Rx,0,8,25,00,59,86,01,54,5C,06,
950000,0000060D,false,Rx,0,8,0D,10,83,B6,09,20,70,00,
960000,00000054,false,Rx,0,8,01,05,EF,00,08,03,00,00,
960000,00000055,false,Rx,0,8,10,27,00,00,00,00,00,00,
960000,00000056,false,Rx,0,8,10,27,00,00,00,00,00,00,
961000,00000057,false,Rx,0,8,00,00,FE,FF,FE,FF,00,00,
0,00000625,false,Rx,0,8,25,00,59,86,01,54,5C,06,
51000,0000060D,false,Rx,0,8,0D,10,83,B6,09,20,70,00,
0,000002C4,false,Rx,0,8,09,08,00,00,08,03,00,00,
0,000002C5,false,Rx,0,8,00,00,00,00,00,00,00,00,
51000,000002C6,false,Rx,0,8,32,00,7C,01,00,00,00,00,
99000,00000625,false,Rx,0,8,25,00,59,86,01,54,5C,06,
150000,0000060D,false,Rx,0,8,0D,10,83,B6,09,20,70,00,
159000,00000054,false,Rx,0,8,01,05,EF,00,08,03,00,00,
160000,00000055,false,Rx,0,8,10,27,00,00,00,00,00,00,
160000,00000056,false,Rx,0,8,10,27,00,00,00,00,00,00,
160000,00000057,false,Rx,0,8,00,00,FE,FF,FE,FF,00,00,
199000,00000625,false,Rx,0,8,25,00,59,86,01,54,5C,06,
250000,0000060D,false,Rx,0,8,0D,10,83,B6,09,20,70,00,
270000,000002C4,false,Rx,0,8,09,08,00,00,08,03,00,00,
270000,000002C5,false,Rx,0,8,00,00,00,00,00,00,00,00,
271000,000002C6,false,Rx,0,8,32,00,7C,01,00,00,00,00,
299000,00000625,false,Rx,0,8,25,00,59,86,01,54,5C,06,
350000,0000060D,false,Rx,0,8,0D,10,83,B6,09,20,70,00,
360000,00000054,false,Rx,0,8,01,05,EF,00,08,03,00,00,
360000,00000055,false,Rx,0,8,10,27,00,00,00,00,00,00,
360000,00000056,false,Rx,0,8,10,27,00,00,00,00,00,00,
360000,00000057,false,Rx,0,8,00,00,FE,FF,FE,FF,00,00,
399000,00000625,false,Rx,0,8,25,00,59,86,01,54,5C,06,
450000,0000060D,false,Rx,0,8,0D,10,83,B6,09,20,70,00,
490000,000002C4,false,Rx,0,8,09,08,00,00,08,03,00,00,
491000,000002C5,false,Rx,0,8,00,00,00,00,00,00,00,00,
491000,000002C6,false,Rx,0,8,32,00,7C,01,00,00,00,00,
499000,00000625,false,Rx,0,8,25,00,59,86,01,54,5C,06,
550000,0000060D,false,Rx,0,8,0D,10,83,B6,09,20,70,00,
560000,00000054,false,Rx,0,8,01,05,EF,00,08,03,00,00,
560000,00000055,false,Rx,0,8,10,27,00,00,00,00,00,00,
560000,00000056,false,Rx,0,8,10,27,00,00,00,00,00,00,
561000,00000057,false,Rx,0,8,00,00,FE,FF,FE,FF,00,00,
599000,00000625,false,Rx,0,8,25,00,59,86,01,54,5C,06,
650000,0000060D,false,Rx,0,8,0D,10,83,B6,09,20,70,00,
699000,00000625,false,Rx,0,8,25,00,59,86,01,54,5C,06,
710000,000002C4,false,Rx,0,8,09,08,00,00,08,03,00,00,
710000,000002C5,false,Rx,0,8,00,00,00,00,00,00,00,00,
711000,000002C6,false,Rx,0,8,32,00,7C,01,00,00,00,00,
750000,0000060D,false,Rx,0,8,0D,10,83,B6,09,20,70,00,
760000,00000054,false,Rx,0,8,01,05,EF,00,08,03,00,00,
760000,00000055,false,Rx,0,8,10,27,00,00,00,00,00,00,
0,00000056,false,Rx,0,8,10,27,00,00,00,00,00,00,
0,00000057,false,Rx,0,8,00,00,FE,FF,FE,FF,00,00,
799000,00000625,false,Rx,0,8,25,00,59,86,01,54,5C,06,
850000,0000060D,false,Rx,0,8,0D,10,83,B6,09,20,70,00,
899000,00000625,false,Rx,0,8,25,00,59,86,01,54,5C,06,
931000,000002C4,false,Rx,0,8,09,08,00,00,08,03,00,00,
931000,000002C5,false,Rx,0,8,00,00,00,00,00,00,00,00,
931000,000002C6,false,Rx,0,8,32,00,7C,01,00,00,00,00,
950000,0000060D,false,Rx,0,8,0D,10,83,B6,09,20,70,00,
960000,00000054,false,Rx,0,8,01,05,EF,00,08,03,00,00,
960000,00000055,false,Rx,0,8,10,27,00,00,00,00,00,00,
961000,00000056,false,Rx,0,8,10,27,00,00,00,00,00,00,
961000,00000057,false,Rx,0,8,00,00,FE,FF,FE,FF,00,00,
0,00000625,false,Rx,0,8,25,00,59,86,01,54,5C,06,
50000,0000060D,false,Rx,0,8,0D,10,83,B6,09,20,70,00,
99000,00000625,false,Rx,0,8,25,00,59,86,01,54,5C,06,
150000,0000060D,false,Rx,0,8,0D,10,83,B6,09,20,70,00,
151000,000002C4,false,Rx,0,8,09,08,00,00,08,03,00,00,
151000,000002C5,false,Rx,0,8,00,00,00,00,00,00,00,00,
151000,000002C6,false,Rx,0,8,32,00,7C,01,00,00,00,00,
160000,00000054,false,Rx,0,8,01,05,EF,00,08,03,00,00,
160000,00000055,false,Rx,0,8,10,27,00,00,00,00,00,00,
160000,00000056,false,Rx,0,8,10,27,00,00,00,00,00,00,
160000,00000057,false,Rx,0,8,00,00,FE,FF,FE,FF,00,00,
199000,00000625,false,Rx,0,8,25,00,59,86,01,54,5C,06,
250000,0000060D,false,Rx,0,8,0D,10,83,B6,09,20,70,00,
299000,00000625,false,Rx,0,8,25,00,59,86,01,54,5C,06,
350000,0000060D,false,Rx,0,8,0D,10,83,B6,09,20,70,00,
0,00000054,false,Rx,0,8,01,05,EF,00,08,03,00,00,
0,00000055,false,Rx,0,8,10,27,00,00,00,00,00,00,
360000,00000056,false,Rx,0,8,10,27,00,00,00,00,00,00,
361000,00000057,false,Rx,0,8,00,00,FE,FF,FE,FF,00,00,
370000,000002C4,false,Rx,0,8,09,08,00,00,08,03,00,00,
370000,000002C5,false,Rx,0,8,00,00,00,00,00,00,00,00,
371000,000002C6,false,Rx,0,8,32,00,7C,01,00,00,00,00,
399000,00000625,false,Rx,0,8,25,00,59,86,01,54,5C,06,
450000,0000060D,false,Rx,0,8,0D,10,83,B6,09,20,70,00,
499000,00000625,false,Rx,0,8,25,00,59,86,01,54,5C,06,
550000,0000060D,false,Rx,0,8,0D,10,83,B6,09,20,70,00,
560000,00000054,false,Rx,0,8,01,05,EF,00,08,03,00,00,
560000,00000055,false,Rx,0,8,10,27,00,00,00,00,00,00,
560000,00000056,false,Rx,0,8,10,27,00,00,00,00,00,00,
560000,00000057,false,Rx,0,8,00,00,FE,FF,FE,FF,00,00,
590000,000002C4,false,Rx,0,8,09,08,00,00,08,03,00,00,
590000,000002C5,false,Rx,0,8,00,00,00,00,00,00,00,00,
591000,000002C6,false,Rx,0,8,32,00,7C,01,00,00,00,00,
599000,00000625,false,Rx,0,8,25,00,59,86,01,54,5C,06,
650000,0000060D,false,Rx,0,8,0D,10,83,B6,09,20,70,00,
699000,00000625,false,Rx,0,8,25,00,59,86,01,54,5C,06,
751000,0000060D,false,Rx,0,8,0D,10,83,B6,09,20,70,00,
760000,00000054,false,Rx,0,8,01,05,EF,00,08,03,00,00,
760000,00000055,false,Rx,0,8,10,27,00,00,00,00,00,00,
761000,00000056,false,Rx,0,8,10,27,00,00,00,00,00,00,
761000,00000057,false,Rx,0,8,00,00,FE,FF,FE,FF,00,00,
800000,00000625,false,Rx,0,8,25,00,59,86,01,54,5C,06,
810000,000002C4,false,Rx,0,8,09,08,00,00,08,03,00,00,
810000,000002C5,false,Rx,0,8,00,00,00,00,00,00,00,00,
810000,000002C6,false,Rx,0,8,32,00,7C,01,00,00,00,00,
850000,0000060D,false,Rx,0,8,0D,10,83,B6,09,20,70,00,
899000,00000625,false,Rx,0,8,25,00,59,86,01,54,5C,06,
951000,0000060D,false,Rx,0,8,0D,10,83,B6,09,20,70,00,
960000,00000054,false,Rx,0,8,01,05,EF,00,08,03,00,00,
960000,00000055,false,Rx,0,8,10,27,00,00,00,00,00,00,
960000,00000056,false,Rx,0,8,10,27,00,00,00,00,00,00,
961000,00000057,false,Rx,0,8,00,00,FE,FF,FE,FF,00,00,
999000,00000625,false,Rx,0,8,25,00,59,86,01,54,5C,06,
0,000002C4,false,Rx,0,8,09,08,00,00,08,03,00,00,
0,000002C5,false,Rx,0,8,00,00,00,00,00,00,00,00,
31000,000002C6,false,Rx,0,8,32,00,7C,01,00,00,00,00,
50000,0000060D,false,Rx,0,8,0D,10,83,B6,09,20,70,00,
99000,00000625,false,Rx,0,8,25,00,59,86,01,54,5C,06,
150000,0000060D,false,Rx,0,8,0D,10,83,B6,09,20,70,00,
160000,00000054,false,Rx,0,8,01,05,EF,00,08,03,00,00,
160000,00000055,false,Rx,0,8,10,27,00,00,00,00,00,00,
160000,00000056,false,Rx,0,8,10,27,00,00,00,00,00,00,
160000,00000057,false,Rx,0,8,00,00,FE,FF,FE,FF,00,00,
199000,00000625,false,Rx,0,8,25,00,59,86,01,54,5C,06,
250000,0000060D,false,Rx,0,8,0D,10,83,B6,09,20,70,00,
251000,000002C4,false,Rx,0,8,09,08,00,00,08,03,00,00,
251000,000002C5,false,Rx,0,8,00,00,00,00,00,00,00,00,
251000,000002C6,false,Rx,0,8,32,00,7C,01,00,00,00,00,
299000,00000625,false,Rx,0,8,25,00,59,86,01,54,5C,06,
350000,0000060D,false,Rx,0,8,0D,10,83,B6,09,20,70,00,
360000,00000054,false,Rx,0,8,01,05,EF,00,08,03,00,00,
360000,00000055,false,Rx,0,8,10,27,00,00,00,00,00,00,
361000,00000056,false,Rx,0,8,10,27,00,00,00,00,00,00,
361000,00000057,false,Rx,0,8,00,00,FE,FF,FE,FF,00,00,
399000,00000625,false,Rx,0,8,25,00,59,86,01,54,5C,06,
450000,0000060D,false,Rx,0,8,0D,10,83,B6,09,20,70,00,
470000,000002C4,false,Rx,0,8,09,08,00,00,08,03,00,00,
470000,000002C5,false,Rx,0,8,00,00,00,00,00,00,00,00,
470000,000002C6,false,Rx,0,8,32,00,7C,01,00,00,00,00,
499000,00000625,false,Rx,0,8,25,00,59,86,01,54,5C,06,
550000,0000060D,false,Rx,0,8,0D,10,83,B6,09,20,70,00,
0,00000054,false,Rx,0,8,01,05,EF,00,08,03,00,00,
0,00000055,false,Rx,0,8,10,27,00,00,00,00,00,00,
561000,00000056,false,Rx,0,8,10,27,00,00,00,00,00,00,
561000,00000057,false,Rx,0,8,00,00,FE,FF,FE,FF,00,00,
599000,00000625,false,Rx,0,8,25,00,59,86,01,54,5C,06,
650000,0000060D,false,Rx,0,8,0D,10,83,B6,09,20,70,00,
690000,000002C4,false,Rx,0,8,09,08,00,00,08,03,00,00,
691000,000002C5,false,Rx,0,8,00,00,00,00,00,00,00,00,
692000,000002C6,false,Rx,0,8,32,00,7C,01,00,00,00,00,
699000,00000625,false,Rx,0,8,25,00,59,86,01,54,5C,06,
751000,0000060D,false,Rx,0,8,0D,10,83,B6,09,20,70,00,
760000,00000054,false,Rx,0,8,01,05,EF,00,08,03,00,00,
760000,00000055,false,Rx,0,8,10,27,00,00,00,00,00,00,
760000,00000056,false,Rx,0,8,10,27,00,00,00,00,00,00,
761000,00000057,false,Rx,0,8,00,00,FE,FF,FE,FF,00,00,
799000,00000625,false,Rx,0,8,25,00,59,86,01,54,5C,06,
850000,0000060D,false,Rx,0,8,0D,10,83,B6,09,20,70,00,
899000,00000625,false,Rx,0,8,25,00,59,86,01,54,5C,06,
911000,000002C4,false,Rx,0,8,09,08,00,00,08,03,00,00,
911000,000002C5,false,Rx,0,8,00,00,00,00,00,00,00,00,
911000,000002C6,false,Rx,0,8,32,00,7C,01,00,00,00,00,
951000,0000060D,false,Rx,0,8,0D,10,83,B6,09,20,70,00,
959000,00000054,false,Rx,0,8,01,05,EF,00,08,03,00,00,
959000,00000055,false,Rx,0,8,10,27,00,00,00,00,00,00,
959000,00000056,false,Rx,0,8,10,27,00,00,00,00,00,00,
961000,00000057,false,Rx,0,8,00,00,FE,FF,FE,FF,00,00,
999000,00000625,false,Rx,0,8,25,00,59,86,01,54,5C,06,
50000,0000060D,false,Rx,0,8,0D,10,83,B6,09,20,70,00,
99000,00000625,false,Rx,0,8,25,00,59,86,01,54,5C,06,
131000,000002C4,false,Rx,0,8,09,08,00,00,08,03,00,00,
131000,000002C5,false,Rx,0,8,00,00,00,00,00,00,00,00,
131000,000002C6,false,Rx,0,8,32,00,7C,01,00,00,00,00,
150000,0000060D,false,Rx,0,8,0D,10,83,B6,09,20,70,00,
160000,00000054,false,Rx,0,8,01,05,EF,00,08,03,00,00,
160000,00000055,false,Rx,0,8,10,27,00,00,00,00,00,00,
160000,00000056,false,Rx,0,8,10,27,00,00,00,00,00,00,
161000,00000057,false,Rx,0,8,00,00,FE,FF,FE,FF,00,00,
199000,00000625,false,Rx,0,8,25,00,59,86,01,54,5C,06,
250000,0000060D,false,Rx,0,8,0D,10,83,B6,09,20,70,00,
299000,00000625,false,Rx,0,8,25,00,59,86,01,54,5C,06,
350000,0000060D,false,Rx,0,8,0D,10,83,B6,09,20,70,00,
351000,000002C4,false,Rx,0,8,09,08,00,00,08,03,00,00,
351000,000002C5,false,Rx,0,8,00,00,00,00,00,00,00,00,
351000,000002C6,false,Rx,0,8,32,00,7C,01,00,00,00,00,
0,00000054,false,Rx,0,8,01,05,EF,00,08,03,00,00,
0,00000055,false,Rx,0,8,10,27,00,00,00,00,00,00,
360000,00000056,false,Rx,0,8,10,27,00,00,00,00,00,00,
361000,00000057,false,Rx,0,8,00,00,FE,FF,FE,FF,00,00,
399000,00000625,false,Rx,0,8,25,00,59,86,01,54,5C,06,
450000,0000060D,false,Rx,0,8,0D,10,83,B6,09,20,70,00,
499000,00000625,false,Rx,0,8,25,00,59,86,01,54,5C,06,
550000,0000060D,false,Rx,0,8,0D,10,83,B6,09,20,70,00,
560000,00000054,false,Rx,0,8,01,05,EF,00,08,03,00,00,
560000,00000055,false,Rx,0,8,10,27,00,00,00,00,00,00,
561000,00000056,false,Rx,0,8,10,27,00,00,00,00,00,00,
561000,00000057,false,Rx,0,8,00,00,FE,FF,FE,FF,00,00,
571000,000002C4,false,Rx,0,8,09,08,00,00,08,03,00,00,
571000,000002C5,false,Rx,0,8,00,00,00,00,00,00,00,00,
571000,000002C6,false,Rx,0,8,32,00,7C,01,00,00,00,00,
599000,00000625,false,Rx,0,8,25,00,59,86,01,54,5C,06,
650000,0000060D,false,Rx,0,8,0D,10,83,B6,09,20,70,00,
700000,00000625,false,Rx,0,8,25,00,59,86,01,54,5C,06,
750000,0000060D,false,Rx,0,8,0D,10,83,B6,09,20,70,00,
760000,00000054,false,Rx,0,8,01,05,EF,00,08,03,00,00,
760000,00000055,false,Rx,0,8,10,27,00,00,00,00,00,00,
761000,00000056,false,Rx,0,8,10,27,00,00,00,00,00,00,
762000,00000057,false,Rx,0,8,00,00,FE,FF,FE,FF,00,00,
791000,000002C4,false,Rx,0,8,09,08,00,00,08,03,00,00,
791000,000002C5,false,Rx,0,8,00,00,00,00,00,00,00,00,
791000,000002C6,false,Rx,0,8,32,00,7C,01,00,00,00,00,
799000,00000625,false,Rx,0,8,25,00,59,86,01,54,5C,06,
850000,0000060D,false,Rx,0,8,0D,10,83,B6,09,20,70,00,
899000,00000625,false,Rx,0,8,25,00,59,86,01,54,5C,06,
950000,0000060D,false,Rx,0,8,0D,10,83,B6,09,20,70,00,
960000,00000054,false,Rx,0,8,01,05,EF,00,08,03,00,00,
960000,00000055,false,Rx,0,8,10,27,00,00,00,00,00,00,
960000,00000056,false,Rx,0,8,10,27,00,00,00,00,00,00,
961000,00000057,false,Rx,0,8,00,00,FE,FF,FE,FF,00,00,
999000,00000625,false,Rx,0,8,25,00,59,86,01,54,5C,06,
11000,000002C4,false,Rx,0,8,09,08,00,00,08,03,00,00,
11000,000002C5,false,Rx,0,8,00,00,00,00,00,00,00,00,
11000,000002C6,false,Rx,0,8,32,00,7C,01,00,00,00,00,
50000,0000060D,false,Rx,0,8,0D,10,83,B6,09,20,70,00,
99000,00000625,false,Rx,0,8,25,00,59,86,01,54,5C,06,
150000,0000060D,false,Rx,0,8,0D,10,83,B6,09,20,70,00,
160000,00000054,false,Rx,0,8,01,05,EF,00,08,03,00,00,
160000,00000055,false,Rx,0,8,10,27,00,00,00,00,00,00,
160000,00000056,false,Rx,0,8,10,27,00,00,00,00,00,00,
160000,00000057,false,Rx,0,8,00,00,FE,FF,FE,FF,00,00,
199000,00000625,false,Rx,0,8,25,00,59,86,01,54,5C,06,
230000,000002C4,false,Rx,0,8,09,08,00,00,08,03,00,00,
230000,000002C5,false,Rx,0,8,00,00,00,00,00,00,00,00,
231000,000002C6,false,Rx,0,8,32,00,7C,01,00,00,00,00,
250000,0000060D,false,Rx,0,8,0D,10,83,B6,09,20,70,00,
300000,00000625,false,Rx,0,8,25,00,59,86,01,54,5C,06,
350000,0000060D,false,Rx,0,8,0D,10,83,B6,09,20,70,00,
0,00000054,false,Rx,0,8,01,05,EF,00,08,03,00,00,
0,00000055,false,Rx,0,8,10,27,00,00,00,00,00,00,
360000,00000056,false,Rx,0,8,10,27,00,00,00,00,00,00,
361000,00000057,false,Rx,0,8,00,00,FE,FF,FE,FF,00,00,
399000,00000625,false,Rx,0,8,25,00,59,86,01,54,5C,06,
450000,0000060D,false,Rx,0,8,0D,10,83,B6,09,20,70,00,
451000,000002C4,false,Rx,0,8,09,08,00,00,08,03,00,00,
451000,000002C5,false,Rx,0,8,00,00,00,00,00,00,00,00,
451000,000002C6,false,Rx,0,8,32,00,7C,01,00,00,00,00,
499000,00000625,false,Rx,0,8,25,00,59,86,01,54,5C,06,
550000,0000060D,false,Rx,0,8,0D,10,83,B6,09,20,70,00,
560000,00000054,false,Rx,0,8,01,05,EF,00,08,03,00,00,
560000,00000055,false,Rx,0,8,10,27,00,00,00,00,00,00,
561000,00000056,false,Rx,0,8,10,27,00,00,00,00,00,00,
561000,00000057,false,Rx,0,8,00,00,FE,FF,FE,FF,00,00,
600000,00000625,false,Rx,0,8,25,00,59,86,01,54,5C,06,
650000,0000060D,false,Rx,0,8,0D,10,83,B6,09,20,70,00,
670000,000002C4,false,Rx,0,8,09,08,00,00,08,03,00,00,
671000,000002C5,false,Rx,0,8,00,00,00,00,00,00,00,00,
671000,000002C6,false,Rx,0,8,32,00,7C,01,00,00,00,00,
699000,00000625,false,Rx,0,8,25,00,59,86,01,54,5C,06,
750000,0000060D,false,Rx,0,8,0D,10,83,B6,09,20,70,00,
0,00000054,false,Rx,0,8,01,05,EF,00,08,03,00,00,
0,00000055,false,Rx,0,8,10,27,00,00,00,00,00,00,
760000,00000056,false,Rx,0,8,10,27,00,00,00,00,00,00,
761000,00000057,false,Rx,0,8,00,00,FE,FF,FE,FF,00,00,
799000,00000625,false,Rx,0,8,25,00,59,86,01,54,5C,06,
850000,0000060D,false,Rx,0,8,0D,10,83,B6,09,20,70,00,
0,000002C4,false,Rx,0,8,09,08,00,00,08,03,00,00,
0,000002C5,false,Rx,0,8,00,00,00,00,00,00,00,00,
891000,000002C6,false,Rx,0,8,32,00,7C,01,00,00,00,00,
899000,00000625,false,Rx,0,8,25,00,59,86,01,54,5C,06,
950000,0000060D,false,Rx,0,8,0D,10,83,B6,09,20,70,00,
960000,00000054,false,Rx,0,8,01,05,EF,00,08,03,00,00,
960000,00000055,false,Rx,0,8,10,27,00,00,00,00,00,00,
961000,00000056,false,Rx,0,8,10,27,00,00,00,00,00,00,
961000,00000057,false,Rx,0,8,00,00,FE,FF,FE,FF,00,00,
999000,00000625,false,Rx,0,8,25,00,59,86,01,54,5C,06,
50000,0000060D,false,Rx,0,8,0D,10,83,B6,09,20,70,00,
80000,00000065,false,Rx,0,8,0A,03,02,00,00,00,00,00,
99000,00000625,false,Rx,0,8,25,00,59,86,01,54,5C,06,
0,000002C4,false,Rx,0,8,09,08,00,00,08,03,00,00,
0,000002C5,false,Rx,0,8,00,00,00,00,00,00,00,00,
111000,000002C6,false,Rx,0,8,32,00,7C,01,00,00,00,00,
150000,0000060D,false,Rx,0,8,0D,10,83,B6,09,20,70,00,
160000,00000054,false,Rx,0,8,01,05,EF,00,0A,03,00,00,
160000,00000055,false,Rx,0,8,10,27,00,00,00,00,00,00,
161000,00000056,false,Rx,0,8,10,27,00,00,00,00,00,00,
161000,00000057,false,Rx,0,8,00,00,FE,FF,FE,FF,00,00,
199000,00000625,false,Rx,0,8,25,00,59,86,01,54,5C,06,
231000,00000065,false,Rx,0,8,0A,03,02,00,00,00,00,00,
250000,0000060D,false,Rx,0,8,0D,10,83,B6,09,20,70,00,
299000,00000625,false,Rx,0,8,25,00,59,86,01,54,5C,06,
330000,000002C4,false,Rx,0,8,09,08,00,00,0A,03,00,00,
330000,000002C5,false,Rx,0,8,00,00,00,00,00,00,00,00,
330000,000002C6,false,Rx,0,8,32,00,7C,01,00,00,00,00,
350000,0000060D,false,Rx,0,8,0D,10,83,B6,09,20,70,00,
0,00000054,false,Rx,0,8,01,05,EF,00,0A,03,00,00,
0,00000055,false,Rx,0,8,10,27,00,00,00,00,00,00,
361000,00000056,false,Rx,0,8,10,27,00,00,00,00,00,00,
361000,00000057,false,Rx,0,8,00,00,FE,FF,FE,FF,00,00,
380000,00000065,false,Rx,0,8,0A,03,02,00,00,00,00,00,
399000,00000625,false,Rx,0,8,25,00,59,86,01,54,5C,06,
450000,0000060D,false,Rx,0,8,0D,10,83,B6,09,20,70,00,
499000,00000625,false,Rx,0,8,25,00,59,86,01,54,5C,06,
530000,00000065,false,Rx,0,8,0A,03,02,00,00,00,00,00,
550000,0000060D,false,Rx,0,8,0D,10,83,B6,09,20,70,00,
550000,000002C4,false,Rx,0,8,09,08,00,00,0A,03,00,00,
550000,000002C5,false,Rx,0,8,00,00,00,00,00,00,00,00,
551000,000002C6,false,Rx,0,8,32,00,7C,01,00,00,00,00,
560000,00000054,false,Rx,0,8,01,05,EF,00,0A,03,00,00,
560000,00000055,false,Rx,0,8,10,27,00,00,00,00,00,00,
560000,00000056,false,Rx,0,8,10,27,00,00,00,00,00,00,
561000,00000057,false,Rx,0,8,00,00,FE,FF,FE,FF,00,00,
599000,00000625,false,Rx,0,8,25,00,59,86,01,54,5C,06,
650000,0000060D,false,Rx,0,8,0D,10,83,B6,09,20,70,00,
699000,00000625,false,Rx,0,8,25,00,59,86,01,54,5C,06,
750000,0000060D,false,Rx,0,8,0D,10,83,B6,09,20,70,00,
0,00000054,false,Rx,0,8,01,05,EF,00,0A,03,00,00,
0,00000055,false,Rx,0,8,10,27,00,00,00,00,00,00,
760000,00000056,false,Rx,0,8,10,27,00,00,00,00,00,00,
761000,00000057,false,Rx,0,8,00,00,FE,FF,FE,FF,00,00,
770000,000002C4,false,Rx,0,8,09,08,00,00,0A,03,00,00,
770000,000002C5,false,Rx,0,8,00,00,00,00,00,00,00,00,
770000,000002C6,false,Rx,0,8,32,00,7C,01,00,00,00,00,
799000,00000625,false,Rx,0,8,25,00,59,86,01,54,5C,06,
850000,0000060D,false,Rx,0,8,0D,10,83,B6,09,20,70,00,
899000,00000625,false,Rx,0,8,25,00,59,86,01,54,5C,06,
950000,0000060D,false,Rx,0,8,0D,10,83,B6,09,20,70,00,
960000,00000054,false,Rx,0,8,01,05,EF,00,0A,03,00,00,
960000,00000055,false,Rx,0,8,10,27,00,00,00,00,00,00,
960000,00000056,false,Rx,0,8,10,27,00,00,00,00,00,00,
960000,00000057,false,Rx,0,8,00,00,FE,FF,FE,FF,00,00,
991000,000002C4,false,Rx,0,8,09,08,00,00,0A,03,00,00,
991000,000002C5,false,Rx,0,8,00,00,00,00,00,00,00,00,
991000,000002C6,false,Rx,0,8,32,00,7C,01,00,00,00,00,
999000,00000625,false,Rx,0,8,25,00,59,86,01,54,5C,06,
50000,0000060D,false,Rx,0,8,0D,10,83,B6,09,20,70,00,
100000,00000625,false,Rx,0,8,25,00,59,86,01,54,5C,06,
150000,0000060D,false,Rx,0,8,0D,10,83,B6,09,20,70,00,
159000,00000054,false,Rx,0,8,01,05,EF,00,0A,03,00,00,
160000,00000055,false,Rx,0,8,10,27,00,00,00,00,00,00,
160000,00000056,false,Rx,0,8,10,27,00,00,00,00,00,00,
160000,00000057,false,Rx,0,8,00,00,FE,FF,FE,FF,00,00,
199000,00000625,false,Rx,0,8,25,00,59,86,01,54,5C,06,
210000,000002C4,false,Rx,0,8,09,08,00,00,0A,03,00,00,
211000,000002C5,false,Rx,0,8,00,00,00,00,00,00,00,00,
211000,000002C6,false,Rx,0,8,32,00,7C,01,00,00,00,00,
251000,0000060D,false,Rx,0,8,0D,10,83,B6,09,20,70,00,
299000,00000625,false,Rx,0,8,25,00,59,86,01,54,5C,06,
350000,0000060D,false,Rx,0,8,0D,10,83,B6,09,20,70,00,
0,00000054,false,Rx,0,8,01,05,EF,00,0A,03,00,00,
0,00000055,false,Rx,0,8,10,27,00,00,00,00,00,00,
360000,00000056,false,Rx,0,8,10,27,00,00,00,00,00,00,
361000,00000057,false,Rx,0,8,00,00,FE,FF,FE,FF,00,00,
399000,00000625,false,Rx,0,8,25,00,59,86,01,54,5C,06,
430000,000002C4,false,Rx,0,8,09,08,00,00,0A,03,00,00,
431000,000002C5,false,Rx,0,8,00,00,00,00,00,00,00,00,
431000,000002C6,false,Rx,0,8,32,00,7C,01,00,00,00,00,
450000,0000060D,false,Rx,0,8,0D,10,83,B6,09,20,70,00,
499000,00000625,false,Rx,0,8,25,00,59,86,01,54,5C,06,
550000,0000060D,false,Rx,0,8,0D,10,83,B6,09,20,70,00,
560000,00000054,false,Rx,0,8,01,05,EF,00,0A,03,00,00,
560000,00000055,false,Rx,0,8,10,27,00,00,00,00,00,00,
560000,00000056,false,Rx,0,8,10,27,00,00,00,00,00,00,
560000,00000057,false,Rx,0,8,00,00,FE,FF,FE,FF,00,00,
599000,00000625,false,Rx,0,8,25,00,59,86,01,54,5C,06,
650000,0000060D,false,Rx,0,8,0D,10,83,B6,09,20,70,00,
651000,000002C4,false,Rx,0,8,09,08,00,00,0A,03,00,00,
651000,000002C5,false,Rx,0,8,00,00,00,00,00,00,00,00,
651000,000002C6,false,Rx,0,8,32,00,7C,01,00,00,00,00,
699000,00000625,false,Rx,0,8,25,00,59,86,01,54,5C,06,
750000,0000060D,false,Rx,0,8,0D,10,83,B6,09,20,70,00,
759000,00000054,false,Rx,0,8,01,05,EF,00,0A,03,00,00,
761000,00000055,false,Rx,0,8,10,27,00,00,00,00,00,00,
0,00000056,false,Rx,0,8,10,27,00,00,00,00,00,00,
0,00000057,false,Rx,0,8,00,00,FE,FF,FE,FF,00,00,
799000,00000625,false,Rx,0,8,25,00,59,86,01,54,5C,06,
850000,0000060D,false,Rx,0,8,0D,10,83,B6,09,20,70,00,
870000,000002C4,false,Rx,0,8,09,08,00,00,0A,03,00,00,
870000,000002C5,false,Rx,0,8,00,00,00,00,00,00,00,00,
870000,000002C6,false,Rx,0,8,32,00,7C,01,00,00,00,00,
899000,00000625,false,Rx,0,8,25,00,59,86,01,54,5C,06,
950000,0000060D,false,Rx,0,8,0D,10,83,B6,09,20,70,00,
960000,00000054,false,Rx,0,8,01,05,EF,00,0A,03,00,00,
960000,00000055,false,Rx,0,8,10,27,00,00,00,00,00,00,
960000,00000056,false,Rx,0,8,10,27,00,00,00,00,00,00,
961000,00000057,false,Rx,0,8,00,00,FE,FF,FE,FF,00,00,
999000,00000625,false,Rx,0,8,25,00,59,86,01,54,5C,06,
50000,0000060D,false,Rx,0,8,0D,10,83,B6,09,20,70,00,
90000,000002C4,false,Rx,0,8,09,08,00,00,0A,03,00,00,
90000,000002C5,false,Rx,0,8,00,00,00,00,00,00,00,00,
91000,000002C6,false,Rx,0,8,32,00,7C,01,00,00,00,00,
99000,00000625,false,Rx,0,8,25,00,59,86,01,54,5C,06,
150000,0000060D,false,Rx,0,8,0D,10,83,B6,09,20,70,00,
160000,00000054,false,Rx,0,8,01,05,EF,00,0A,03,00,00,
160000,00000055,false,Rx,0,8,10,27,00,00,00,00,00,00,
160000,00000056,false,Rx,0,8,10,27,00,00,00,00,00,00,
161000,00000057,false,Rx,0,8,00,00,FE,FF,FE,FF,00,00,
199000,00000625,false,Rx,0,8,25,00,59,86,01,54,5C,06,
250000,0000060D,false,Rx,0,8,0D,10,83,B6,09,20,70,00,
300000,00000625,false,Rx,0,8,25,00,59,86,01,54,5C,06,
310000,000002C4,false,Rx,0,8,09,08,00,00,0A,03,00,00,
310000,000002C5,false,Rx,0,8,00,00,00,00,00,00,00,00,
311000,000002C6,false,Rx,0,8,32,00,7C,01,00,00,00,00,
350000,0000060D,false,Rx,0,8,0D,10,83,B6,09,20,70,00,
0,00000054,false,Rx,0,8,01,05,EF,00,0A,03,00,00,
0,00000055,false,Rx,0,8,10,27,00,00,00,00,00,00,
361000,00000056,false,Rx,0,8,10,27,00,00,00,00,00,00,
361000,00000057,false,Rx,0,8,00,00,FE,FF,FE,FF,00,00,
399000,00000625,false,Rx,0,8,25,00,59,86,01,54,5C,06,
450000,0000060D,false,Rx,0,8,0D,10,83,B6,09,20,70,00,
500000,00000625,false,Rx,0,8,25,00,59,86,01,54,5C,06,
0,000002C4,false,Rx,0,8,09,08,00,00,0A,03,00,00,
0,000002C5,false,Rx,0,8,00,00,00,00,00,00,00,00,
532000,000002C6,false,Rx,0,8,32,00,7C,01,00,00,00,00,
550000,0000060D,false,Rx,0,8,0D,10,83,B6,09,20,70,00,
559000,00000054,false,Rx,0,8,01,05,EF,00,0A,03,00,00,
561000,00000055,false,Rx,0,8,10,27,00,00,00,00,00,00,
0,00000056,false,Rx,0,8,10,27,00,00,00,00,00,00,
0,00000057,false,Rx,0,8,00,00,FE,FF,FE,FF,00,00,
599000,00000625,false,Rx,0,8,25,00,59,86,01,54,5C,06,
650000,0000060D,false,Rx,0,8,0D,10,83,B6,09,20,70,00,
699000,00000625,false,Rx,0,8,25,00,59,86,01,54,5C,06,
751000,0000060D,false,Rx,0,8,0D,10,83,B6,09,20,70,00,
751000,000002C4,false,Rx,0,8,09,08,00,00,0A,03,00,00,
0,000002C5,false,Rx,0,8,00,00,00,00,00,00,00,00,
0,000002C6,false,Rx,0,8,32,00,7C,01,00,00,00,00,
760000,00000054,false,Rx,0,8,01,05,EF,00,0A,03,00,00,
0,00000055,false,Rx,0,8,10,27,00,00,00,00,00,00,
0,00000056,false,Rx,0,8,10,27,00,00,00,00,00,00,
760000,00000057,false,Rx,0,8,00,00,FE,FF,FE,FF,00,00,
800000,00000625,false,Rx,0,8,25,00,59,86,01,54,5C,06,
850000,0000060D,false,Rx,0,8,0D,10,83,B6,09,20,70,00,
900000,00000625,false,Rx,0,8,25,00,59,86,01,54,5C,06,
950000,0000060D,false,Rx,0,8,0D,10,83,B6,09,20,70,00,
960000,00000054,false,Rx,0,8,01,05,EF,00,0A,03,00,00,
960000,00000055,false,Rx,0,8,10,27,00,00,00,00,00,00,
960000,00000056,false,Rx,0,8,10,27,00,00,00,00,00,00,
960000,00000057,false,Rx,0,8,00,00,FE,FF,FE,FF,00,00,
970000,000002C4,false,Rx,0,8,09,08,00,00,0A,03,00,00,
971000,000002C5,false,Rx,0,8,00,00,00,00,00,00,00,00,
971000,000002C6,false,Rx,0,8,32,00,7C,01,00,00,00,00,
999000,00000625,false,Rx,0,8,25,00,59,86,01,54,5C,06,
50000,0000060D,false,Rx,0,8,0D,10,83,B6,09,20,70,00,
99000,00000625,false,Rx,0,8,25,00,59,86,01,54,5C,06,
150000,0000060D,false,Rx,0,8,0D,10,83,B6,09,20,70,00,
159000,00000054,false,Rx,0,8,01,05,EF,00,0A,03,00,00,
161000,00000055,false,Rx,0,8,10,27,00,00,00,00,00,00,
0,00000056,false,Rx,0,8,10,27,00,00,00,00,00,00,
0,00000057,false,Rx,0,8,00,00,FE,FF,FE,FF,00,00,
191000,000002C4,false,Rx,0,8,09,08,00,00,0A,03,00,00,
191000,000002C5,false,Rx,0,8,00,00,00,00,00,00,00,00,
191000,000002C6,false,Rx,0,8,32,00,7C,01,00,00,00,00,
199000,00000625,false,Rx,0,8,25,00,59,86,01,54,5C,06,
250000,0000060D,false,Rx,0,8,0D,10,83,B6,09,20,70,00,
299000,00000625,false,Rx,0,8,25,00,59,86,01,54,5C,06,
350000,0000060D,false,Rx,0,8,0D,10,83,B6,09,20,70,00,
0,00000054,false,Rx,0,8,01,05,EF,00,0A,03,00,00,
0,00000055,false,Rx,0,8,10,27,00,00,00,00,00,00,
0,00000056,false,Rx,0,8,10,27,00,00,00,00,00,00,
0,00000057,false,Rx,0,8,00,00,FE,FF,FE,FF,00,00,
399000,00000625,false,Rx,0,8,25,00,59,86,01,54,5C,06,
410000,000002C4,false,Rx,0,8,09,08,00,00,0A,03,00,00,
410000,000002C5,false,Rx,0,8,00,00,00,00,00,00,00,00,
411000,000002C6,false,Rx,0,8,32,00,7C,01,00,00,00,00,
451000,0000060D,false,Rx,0,8,0D,10,83,B6,09,20,70,00,
500000,00000625,false,Rx,0,8,25,00,59,86,01,54,5C,06,
550000,0000060D,false,Rx,0,8,0D,10,83,B6,09,20,70,00,
559000,00000054,false,Rx,0,8,01,05,EF,00,0A,03,00,00,
559000,00000055,false,Rx,0,8,10,27,00,00,00,00,00,00,
561000,00000056,false,Rx,0,8,10,27,00,00,00,00,00,00,
561000,00000057,false,Rx,0,8,00,00,FE,FF,FE,FF,00,00,
599000,00000625,false,Rx,0,8,25,00,59,86,01,54,5C,06,
631000,000002C4,false,Rx,0,8,09,08,00,00,0A,03,00,00,
631000,000002C5,false,Rx,0,8,00,00,00,00,00,00,00,00,
631000,000002C6,false,Rx,0,8,32,00,7C,01,00,00,00,00,
650000,0000060D,false,Rx,0,8,0D,10,83,B6,09,20,70,00,
699000,00000625,false,Rx,0,8,25,00,59,86,01,54,5C,06,
751000,0000060D,false,Rx,0,8,0D,10,83,B6,09,20,70,00,
759000,00000054,false,Rx,0,8,01,05,EF,00,0A,03,00,00,
759000,00000055,false,Rx,0,8,10,27,00,00,00,00,00,00,
761000,00000056,false,Rx,0,8,10,27,00,00,00,00,00,00,
761000,00000057,false,Rx,0,8,00,00,FE,FF,FE,FF,00,00,
799000,00000625,false,Rx,0,8,25,00,59,86,01,54,5C,06,
850000,0000060D,false,Rx,0,8,0D,10,83,B6,09,20,70,00,
851000,000002C4,false,Rx,0,8,09,08,00,00,0A,03,00,00,
851000,000002C5,false,Rx,0,8,00,00,00,00,00,00,00,00,
851000,000002C6,false,Rx,0,8,32,00,7C,01,00,00,00,00,
900000,00000625,false,Rx,0,8,25,00,59,86,01,54,5C,06,
950000,0000060D,false,Rx,0,8,0D,10,83,B6,09,20,70,00,
960000,00000054,false,Rx,0,8,01,05,EF,00,0A,03,00,00,
960000,00000055,false,Rx,0,8,10,27,00,00,00,00,00,00,
960000,00000056,false,Rx,0,8,10,27,00,00,00,00,00,00,
961000,00000057,false,Rx,0,8,00,00,FE,FF,FE,FF,00,00,
999000,00000625,false,Rx,0,8,25,00,59,86,01,54,5C,06,
50000,0000060D,false,Rx,0,8,0D,10,83,B6,09,20,70,00,
71000,000002C4,false,Rx,0,8,09,08,00,00,0A,03,00,00,
71000,000002C5,false,Rx,0,8,00,00,00,00,00,00,00,00,
71000,000002C6,false,Rx,0,8,32,00,7C,01,00,00,00,00,
100000,00000625,false,Rx,0,8,25,00,59,86,01,54,5C,06,
150000,0000060D,false,Rx,0,8,0D,10,83,B6,09,20,70,00,
160000,00000054,false,Rx,0,8,01,05,EF,00,0A,03,00,00,
160000,00000055,false,Rx,0,8,10,27,00,00,00,00,00,00,
160000,00000056,false,Rx,0,8,10,27,00,00,00,00,00,00,
160000,00000057,false,Rx,0,8,00,00,FE,FF,FE,FF,00,00,
199000,00000625,false,Rx,0,8,25,00,59,86,01,54,5C,06,
250000,0000060D,false,Rx,0,8,0D,10,83,B6,09,20,70,00,
291000,000002C4,false,Rx,0,8,09,08,00,00,0A,03,00,00,
291000,000002C5,false,Rx,0,8,00,00,00,00,00,00,00,00,
291000,000002C6,false,Rx,0,8,32,00,7C,01,00,00,00,00,
299000,00000625,false,Rx,0,8,25,00,59,86,01,54,5C,06,
350000,0000060D,false,Rx,0,8,0D,10,83,B6,09,20,70,00,
360000,00000054,false,Rx,0,8,01,05,EF,00,0A,03,00,00,
360000,00000055,false,Rx,0,8,10,27,00,00,00,00,00,00,
360000,00000056,false,Rx,0,8,10,27,00,00,00,00,00,00,
360000,00000057,false,Rx,0,8,00,00,FE,FF,FE,FF,00,00,
399000,00000625,false,Rx,0,8,25,00,59,86,01,54,5C,06,
450000,0000060D,false,Rx,0,8,0D,10,83,B6,09,20,70,00,
499000,00000625,false,Rx,0,8,25,00,59,86,01,54,5C,06,
510000,000002C4,false,Rx,0,8,09,08,00,00,0A,03,00,00,
510000,000002C5,false,Rx,0,8,00,00,00,00,00,00,00,00,
511000,000002C6,false,Rx,0,8,32,00,7C,01,00,00,00,00,
550000,0000060D,false,Rx,0,8,0D,10,83,B6,09,20,70,00,
560000,00000054,false,Rx,0,8,01,05,EF,00,0A,03,00,00,
560000,00000055,false,Rx,0,8,10,27,00,00,00,00,00,00,
561000,00000056,false,Rx,0,8,10,27,00,00,00,00,00,00,
561000,00000057,false,Rx,0,8,00,00,FE,FF,FE,FF,00,00,
600000,00000625,false,Rx,0,8,25,00,59,86,01,54,5C,06,
650000,0000060D,false,Rx,0,8,0D,10,83,B6,09,20,70,00,
699000,00000625,false,Rx,0,8,25,00,59,86,01,54,5C,06,
730000,000002C4,false,Rx,0,8,09,08,00,00,0A,03,00,00,
0,000002C5,false,Rx,0,8,00,00,00,00,00,00,00,00,
0,000002C6,false,Rx,0,8,32,00,7C,01,00,00,00,00,
751000,0000060D,false,Rx,0,8,0D,10,83,B6,09,20,70,00,
759000,00000054,false,Rx,0,8,01,05,EF,00,0A,03,00,00,
760000,00000055,false,Rx,0,8,10,27,00,00,00,00,00,00,
760000,00000056,false,Rx,0,8,10,27,00,00,00,00,00,00,
760000,00000057,false,Rx,0,8,00,00,FE,FF,FE,FF,00,00,
800000,00000625,false,Rx,0,8,25,00,59,86,01,54,5C,06,
850000,0000060D,false,Rx,0,8,0D,10,83,B6,09,20,70,00,
899000,00000625,false,Rx,0,8,25,00,59,86,01,54,5C,06,
950000,0000060D,false,Rx,0,8,0D,10,83,B6,09,20,70,00,
951000,000002C4,false,Rx,0,8,09,08,00,00,0A,03,00,00,
951000,000002C5,false,Rx,0,8,00,00,00,00,00,00,00,00,
951000,000002C6,false,Rx,0,8,32,00,7C,01,00,00,00,00,
960000,00000054,false,Rx,0,8,01,05,EF,00,0A,03,00,00,
960000,00000055,false,Rx,0,8,10,27,00,00,00,00,00,00,
961000,00000056,false,Rx,0,8,10,27,00,00,00,00,00,00,
961000,00000057,false,Rx,0,8,00,00,FE,FF,FE,FF,00,00,
999000,00000625,false,Rx,0,8,25,00,59,86,01,54,5C,06,
50000,0000060D,false,Rx,0,8,0D,10,83,B6,09,20,70,00,
99000,00000625,false,Rx,0,8,25,00,59,86,01,54,5C,06,
150000,0000060D,false,Rx,0,8,0D,10,83,B6,09,20,70,00,
160000,00000054,false,Rx,0,8,01,05,EF,00,0A,03,00,00,
160000,00000055,false,Rx,0,8,10,27,00,00,00,00,00,00,
160000,00000056,false,Rx,0,8,10,27,00,00,00,00,00,00,
161000,00000057,false,Rx,0,8,00,00,FE,FF,FE,FF,00,00,
171000,000002C4,false,Rx,0,8,09,08,00,00,0A,03,00,00,
171000,000002C5,false,Rx,0,8,00,00,00,00,00,00,00,00,
172000,000002C6,false,Rx,0,8,32,00,7C,01,00,00,00,00,
199000,00000625,false,Rx,0,8,25,00,59,86,01,54,5C,06,
250000,0000060D,false,Rx,0,8,0D,10,83,B6,09,20,70,00,
300000,00000625,false,Rx,0,8,25,00,59,86,01,54,5C,06,
350000,0000060D,false,Rx,0,8,0D,10,83,B6,09,20,70,00,
360000,00000054,false,Rx,0,8,01,05,EF,00,0A,03,00,00,
360000,00000055,false,Rx,0,8,10,27,00,00,00,00,00,00,
361000,00000056,false,Rx,0,8,10,27,00,00,00,00,00,00,
361000,00000057,false,Rx,0,8,00,00,FE,FF,FE,FF,00,00,
0,000002C4,false,Rx,0,8,09,08,00,00,0A,03,00,00,
0,000002C5,false,Rx,0,8,00,00,00,00,00,00,00,00,
0,000002C6,false,Rx,0,8,32,00,7C,01,00,00,00,00,
400000,00000625,false,Rx,0,8,25,00,59,86,01,54,5C,06,
450000,0000060D,false,Rx,0,8,0D,10,83,B6,09,20,70,00,
500000,00000625,false,Rx,0,8,25,00,59,86,01,54,5C,06,
550000,0000060D,false,Rx,0,8,0D,10,83,B6,09,20,70,00,
0,00000054,false,Rx,0,8,01,05,EF,00,0A,03,00,00,
0,00000055,false,Rx,0,8,10,27,00,00,00,00,00,00,
561000,00000056,false,Rx,0,8,10,27,00,00,00,00,00,00,
561000,00000057,false,Rx,0,8,00,00,FE,FF,FE,FF,00,00,
599000,00000625,false,Rx,0,8,25,00,59,86,01,54,5C,06,
611000,000002C4,false,Rx,0,8,09,08,00,00,0A,03,00,00,
611000,000002C5,false,Rx,0,8,00,00,00,00,00,00,00,00,
611000,000002C6,false,Rx,0,8,32,00,7C,01,00,00,00,00,
650000,0000060D,false,Rx,0,8,0D,10,83,B6,09,20,70,00,
699000,00000625,false,Rx,0,8,25,00,59,86,01,54,5C,06,
750000,0000060D,false,Rx,0,8,0D,10,83,B6,09,20,70,00,
760000,00000054,false,Rx,0,8,01,05,EF,00,0A,03,00,00,
760000,00000055,false,Rx,0,8,10,27,00,00,00,00,00,00,
760000,00000056,false,Rx,0,8,10,27,00,00,00,00,00,00,
760000,00000057,false,Rx,0,8,00,00,FE,FF,FE,FF,00,00,
799000,00000625,false,Rx,0,8,25,00,59,86,01,54,5C,06,
0,000002C4,false,Rx,0,8,09,08,00,00,0A,03,00,00,
0,000002C5,false,Rx,0,8,00,00,00,00,00,00,00,00,
0,000002C6,false,Rx,0,8,32,00,7C,01,00,00,00,00,
850000,0000060D,false,Rx,0,8,0D,10,83,B6,09,20,70,00,
899000,00000625,false,Rx,0,8,25,00,59,86,01,54,5C,06,
950000,0000060D,false,Rx,0,8,0D,10,83,B6,09,20,70,00,
960000,00000054,false,Rx,0,8,01,05,EF,00,0A,03,00,00,
960000,00000055,false,Rx,0,8,10,27,00,00,00,00,00,00,
960000,00000056,false,Rx,0,8,10,27,00,00,00,00,00,00,
961000,00000057,false,Rx,0,8,00,00,FE,FF,FE,FF,00,00,
999000,00000625,false,Rx,0,8,25,00,59,86,01,54,5C,06,
50000,0000060D,false,Rx,0,8,0D,10,83,B6,09,20,70,00,
50000,000002C4,false,Rx,0,8,09,08,00,00,0A,03,00,00,
50000,000002C5,false,Rx,0,8,00,00,00,00,00,00,00,00,
51000,000002C6,false,Rx,0,8,32,00,7C,01,00,00,00,00,
100000,00000625,false,Rx,0,8,25,00,59,86,01,54,5C,06,
150000,0000060D,false,Rx,0,8,0D,10,83,B6,09,20,70,00,
160000,00000054,false,Rx,0,8,01,05,EF,00,0A,03,00,00,
160000,00000055,false,Rx,0,8,10,27,00,00,00,00,00,00,
160000,00000056,false,Rx,0,8,10,27,00,00,00,00,00,00,
160000,00000057,false,Rx,0,8,00,00,FE,FF,FE,FF,00,00,
199000,00000625,false,Rx,0,8,25,00,59,86,01,54,5C,06,
251000,0000060D,false,Rx,0,8,0D,10,83,B6,09,20,70,00,
270000,000002C4,false,Rx,0,8,09,08,00,00,0A,03,00,00,
270000,000002C5,false,Rx,0,8,00,00,00,00,00,00,00,00,
271000,000002C6,false,Rx,0,8,32,00,7C,01,00,00,00,00,
299000,00000625,false,Rx,0,8,25,00,59,86,01,54,5C,06,
351000,0000060D,false,Rx,0,8,0D,10,83,B6,09,20,70,00,
0,00000054,false,Rx,0,8,01,05,EF,00,0A,03,00,00,
0,00000055,false,Rx,0,8,10,27,00,00,00,00,00,00,
361000,00000056,false,Rx,0,8,10,27,00,00,00,00,00,00,
361000,00000057,false,Rx,0,8,00,00,FE,FF,FE,FF,00,00,
399000,00000625,false,Rx,0,8,25,00,59,86,01,54,5C,06,
450000,0000060D,false,Rx,0,8,0D,10,83,B6,09,20,70,00,
491000,000002C4,false,Rx,0,8,09,08,00,00,0A,03,00,00,
0,000002C5,false,Rx,0,8,00,00,00,00,00,00,00,00,
0,000002C6,false,Rx,0,8,32,00,7C,01,00,00,00,00,
499000,00000625,false,Rx,0,8,25,00,59,86,01,54,5C,06,
550000,0000060D,false,Rx,0,8,0D,10,83,B6,09,20,70,00,
560000,00000054,false,Rx,0,8,01,05,EF,00,0A,03,00,00,
560000,00000055,false,Rx,0,8,10,27,00,00,00,00,00,00,
561000,00000056,false,Rx,0,8,10,27,00,00,00,00,00,00,
561000,00000057,false,Rx,0,8,00,00,FE,FF,FE,FF,00,00,
600000,00000625,false,Rx,0,8,25,00,59,86,01,54,5C,06,
650000,0000060D,false,Rx,0,8,0D,10,83,B6,09,20,70,00,
699000,00000625,false,Rx,0,8,25,00,59,86,01,54,5C,06,
711000,000002C4,false,Rx,0,8,09,08,00,00,0A,03,00,00,
711000,000002C5,false,Rx,0,8,00,00,00,00,00,00,00,00,
711000,000002C6,false,Rx,0,8,32,00,7C,01,00,00,00,00,
750000,0000060D,false,Rx,0,8,0D,10,83,B6,09,20,70,00,
760000,00000054,false,Rx,0,8,01,05,EF,00,0A,03,00,00,
0,00000055,false,Rx,0,8,10,27,00,00,00,00,00,00,
0,00000056,false,Rx,0,8,10,27,00,00,00,00,00,00,
760000,00000057,false,Rx,0,8,00,00,FE,FF,FE,FF,00,00,
800000,00000625,false,Rx,0,8,25,00,59,86,01,54,5C,06,
850000,0000060D,false,Rx,0,8,0D,10,83,B6,09,20,70,00,
899000,00000625,false,Rx,0,8,25,00,59,86,01,54,5C,06,
931000,000002C4,false,Rx,0,8,09,08,00,00,0A,03,00,00,
931000,000002C5,false,Rx,0,8,00,00,00,00,00,00,00,00,
931000,000002C6,false,Rx,0,8,32,00,7C,01,00,00,00,00,
950000,0000060D,false,Rx,0,8,0D,10,83,B6,09,20,70,00,
960000,00000054,false,Rx,0,8,01,05,EF,00,0A,03,00,00,
960000,00000055,false,Rx,0,8,10,27,00,00,00,00,00,00,
961000,00000056,false,Rx,0,8,10,27,00,00,00,00,00,00,
961000,00000057,false,Rx,0,8,00,00,FE,FF,FE,FF,00,00,
0,00000625,false,Rx,0,8,25,00,59,86,01,54,5C,06,
50000,0000060D,false,Rx,0,8,0D,10,83,B6,09,20,70,00,
99000,00000625,false,Rx,0,8,25,00,59,86,01,54,5C,06,
150000,0000060D,false,Rx,0,8,0D,10,83,B6,09,20,70,00,
150000,000002C4,false,Rx,0,8,09,08,00,00,0A,03,00,00,
151000,000002C5,false,Rx,0,8,00,00,00,00,00,00,00,00,
151000,000002C6,false,Rx,0,8,32,00,7C,01,00,00,00,00,
160000,00000054,false,Rx,0,8,01,05,EF,00,0A,03,00,00,
160000,00000055,false,Rx,0,8,10,27,00,00,00,00,00,00,
160000,00000056,false,Rx,0,8,10,27,00,00,00,00,00,00,
161000,00000057,false,Rx,0,8,00,00,FE,FF,FE,FF,00,00,
200000,00000625,false,Rx,0,8,25,00,59,86,01,54,5C,06,
250000,0000060D,false,Rx,0,8,0D,10,83,B6,09,20,70,00,
299000,00000625,false,Rx,0,8,25,00,59,86,01,54,5C,06,
350000,0000060D,false,Rx,0,8,0D,10,83,B6,09,20,70,00,
0,00000054,false,Rx,0,8,01,05,EF,00,0A,03,00,00,
0,00000055,false,Rx,0,8,10,27,00,00,00,00,00,00,
0,00000056,false,Rx,0,8,10,27,00,00,00,00,00,00,
0,00000057,false,Rx,0,8,00,00,FE,FF,FE,FF,00,00,
370000,000002C4,false,Rx,0,8,09,08,00,00,0A,03,00,00,
371000,000002C5,false,Rx,0,8,00,00,00,00,00,00,00,00,
371000,000002C6,false,Rx,0,8,32,00,7C,01,00,00,00,00,
399000,00000625,false,Rx,0,8,25,00,59,86,01,54,5C,06,
450000,0000060D,false,Rx,0,8,0D,10,83,B6,09,20,70,00,
500000,00000625,false,Rx,0,8,25,00,59,86,01,54,5C,06,
550000,0000060D,false,Rx,0,8,0D,10,83,B6,09,20,70,00,
560000,00000054,false,Rx,0,8,01,05,EF,00,0A,03,00,00,
560000,00000055,false,Rx,0,8,10,27,00,00,00,00,00,00,
560000,00000056,false,Rx,0,8,10,27,00,00,00,00,00,00,
561000,00000057,false,Rx,0,8,00,00,FE,FF,FE,FF,00,00,
591000,000002C4,false,Rx,0,8,09,08,00,00,0A,03,00,00,
591000,000002C5,false,Rx,0,8,00,00,00,00,00,00,00,00,
591000,000002C6,false,Rx,0,8,32,00,7C,01,00,00,00,00,
599000,00000625,false,Rx,0,8,25,00,59,86,01,54,5C,06,
650000,0000060D,false,Rx,0,8,0D,10,83,B6,09,20,70,00,
699000,00000625,false,Rx,0,8,25,00,59,86,01,54,5C,06,
750000,0000060D,false,Rx,0,8,0D,10,83,B6,09,20,70,00,
760000,00000054,false,Rx,0,8,01,05,EF,00,0A,03,00,00,
760000,00000055,false,Rx,0,8,10,27,00,00,00,00,00,00,
760000,00000056,false,Rx,0,8,10,27,00,00,00,00,00,00,
761000,00000057,false,Rx,0,8,00,00,FE,FF,FE,FF,00,00,
800000,00000625,false,Rx,0,8,25,00,59,86,01,54,5C,06,
811000,000002C4,false,Rx,0,8,09,08,00,00,0A,03,00,00,
811000,000002C5,false,Rx,0,8,00,00,00,00,00,00,00,00,
811000,000002C6,false,Rx,0,8,32,00,7C,01,00,00,00,00,
850000,0000060D,false,Rx,0,8,0D,10,83,B6,09,20,70,00,
900000,00000625,false,Rx,0,8,25,00,59,86,01,54,5C,06,
950000,0000060D,false,Rx,0,8,0D,10,83,B6,09,20,70,00,
960000,00000054,false,Rx,0,8,01,05,EF,00,0A,03,00,00,
960000,00000055,false,Rx,0,8,10,27,00,00,00,00,00,00,
961000,00000056,false,Rx,0,8,10,27,00,00,00,00,00,00,
961000,00000057,false,Rx,0,8,00,00,FE,FF,FE,FF,00,00,
999000,00000625,false,Rx,0,8,25,00,59,86,01,54,5C,06,
0,000002C4,false,Rx,0,8,09,08,00,00,0A,03,00,00,
0,000002C5,false,Rx,0,8,00,00,00,00,00,00,00,00,
31000,000002C6,false,Rx,0,8,32,00,7C,01,00,00,00,00,
50000,0000060D,false,Rx,0,8,0D,10,83,B6,09,20,70,00,
100000,00000625,false,Rx,0,8,25,00,59,86,01,54,5C,06,
150000,0000060D,false,Rx,0,8,0D,10,83,B6,09,20,70,00,
160000,00000054,false,Rx,0,8,01,05,EF,00,0A,03,00,00,
160000,00000055,false,Rx,0,8,10,27,00,00,00,00,00,00,
161000,00000056,false,Rx,0,8,10,27,00,00,00,00,00,00,
161000,00000057,false,Rx,0,8,00,00,FE,FF,FE,FF,00,00,
200000,00000625,false,Rx,0,8,25,00,59,86,01,54,5C,06,
251000,0000060D,false,Rx,0,8,0D,10,83,B6,09,20,70,00,
251000,000002C4,false,Rx,0,8,09,08,00,00,0A,03,00,00,
251000,000002C5,false,Rx,0,8,00,00,00,00,00,00,00,00,
251000,000002C6,false,Rx,0,8,32,00,7C,01,00,00,00,00,
299000,00000625,false,Rx,0,8,25,00,59,86,01,54,5C,06,
350000,0000060D,false,Rx,0,8,0D,10,83,B6,09,20,70,00,
360000,00000054,false,Rx,0,8,01,05,EF,00,0A,03,00,00,
360000,00000055,false,Rx,0,8,10,27,00,00,00,00,00,00,
360000,00000056,false,Rx,0,8,10,27,00,00,00,00,00,00,
361000,00000057,false,Rx,0,8,00,00,FE,FF,FE,FF,00,00,
399000,00000625,false,Rx,0,8,25,00,59,86,01,54,5C,06,
450000,0000060D,false,Rx,0,8,0D,10,83,B6,09,20,70,00,
471000,000002C4,false,Rx,0,8,09,08,00,00,0A,03,00,00,
0,000002C5,false,Rx,0,8,00,00,00,00,00,00,00,00,
0,000002C6,false,Rx,0,8,32,00,7C,01,00,00,00,00,
499000,00000625,false,Rx,0,8,25,00,59,86,01,54,5C,06,
550000,0000060D,false,Rx,0,8,0D,10,83,B6,09,20,70,00,
559000,00000054,false,Rx,0,8,01,05,EF,00,0A,03,00,00,
560000,00000055,false,Rx,0,8,10,27,00,00,00,00,00,00,
560000,00000056,false,Rx,0,8,10,27,00,00,00,00,00,00,
560000,00000057,false,Rx,0,8,00,00,FE,FF,FE,FF,00,00,
599000,00000625,false,Rx,0,8,25,00,59,86,01,54,5C,06,
650000,0000060D,false,Rx,0,8,0D,10,83,B6,09,20,70,00,
690000,000002C4,false,Rx,0,8,09,08,00,00,0A,03,00,00,
691000,000002C5,false,Rx,0,8,00,00,00,00,00,00,00,00,
691000,000002C6,false,Rx,0,8,32,00,7C,01,00,00,00,00,
699000,00000625,false,Rx,0,8,25,00,59,86,01,54,5C,06,
750000,0000060D,false,Rx,0,8,0D,10,83,B6,09,20,70,00,
760000,00000054,false,Rx,0,8,01,05,EF,00,0A,03,00,00,
760000,00000055,false,Rx,0,8,10,27,00,00,00,00,00,00,
0,00000056,false,Rx,0,8,10,27,00,00,00,00,00,00,
0,00000057,false,Rx,0,8,00,00,FE,FF,FE,FF,00,00,
800000,00000625,false,Rx,0,8,25,00,59,86,01,54,5C,06,
850000,0000060D,false,Rx,0,8,0D,10,83,B6,09,20,70,00,
899000,00000625,false,Rx,0,8,25,00,59,86,01,54,5C,06,
911000,000002C4,false,Rx,0,8,09,08,00,00,0A,03,00,00,
911000,000002C5,false,Rx,0,8,00,00,00,00,00,00,00,00,
911000,000002C6,false,Rx,0,8,32,00,7C,01,00,00,00,00,
951000,0000060D,false,Rx,0,8,0D,10,83,B6,09,20,70,00,
960000,00000054,false,Rx,0,8,01,05,EF,00,0A,03,00,00,
960000,00000055,false,Rx,0,8,10,27,00,00,00,00,00,00,
960000,00000056,false,Rx,0,8,10,27,00,00,00,00,00,00,
961000,00000057,false,Rx,0,8,00,00,FE,FF,FE,FF,00,00,
0,00000625,false,Rx,0,8,25,00,59,86,01,54,5C,06,
50000,0000060D,false,Rx,0,8,0D,10,83,B6,09,20,70,00,
99000,00000625,false,Rx,0,8,25,00,59,86,01,54,5C,06,
130000,000002C4,false,Rx,0,8,09,08,00,00,0A,03,00,00,
131000,000002C5,false,Rx,0,8,00,00,00,00,00,00,00,00,
131000,000002C6,false,Rx,0,8,32,00,7C,01,00,00,00,00,
151000,0000060D,false,Rx,0,8,0D,10,83,B6,09,20,70,00,
160000,00000054,false,Rx,0,8,01,05,EF,00,0A,03,00,00,
160000,00000055,false,Rx,0,8,10,27,00,00,00,00,00,00,
160000,00000056,false,Rx,0,8,10,27,00,00,00,00,00,00,
161000,00000057,false,Rx,0,8,00,00,FE,FF,FE,FF,00,00,
199000,00000625,false,Rx,0,8,25,00,59,86,01,54,5C,06,
251000,0000060D,false,Rx,0,8,0D,10,83,B6,09,20,70,00,
300000,00000625,false,Rx,0,8,25,00,59,86,01,54,5C,06,
350000,0000060D,false,Rx,0,8,0D,10,83,B6,09,20,70,00,
350000,000002C4,false,Rx,0,8,09,08,00,00,0A,03,00,00,
351000,000002C5,false,Rx,0,8,00,00,00,00,00,00,00,00,
351000,000002C6,false,Rx,0,8,32,00,7C,01,00,00,00,00,
0,00000054,false,Rx,0,8,01,05,EF,00,0A,03,00,00,
0,00000055,false,Rx,0,8,10,27,00,00,00,00,00,00,
0,00000056,false,Rx,0,8,10,27,00,00,00,00,00,00,
0,00000057,false,Rx,0,8,00,00,FE,FF,FE,FF,00,00,
399000,00000625,false,Rx,0,8,25,00,59,86,01,54,5C,06,
450000,0000060D,false,Rx,0,8,0D,10,83,B6,09,20,70,00,
500000,00000625,false,Rx,0,8,25,00,59,86,01,54,5C,06,
550000,0000060D,false,Rx,0,8,0D,10,83,B6,09,20,70,00,
560000,00000054,false,Rx,0,8,01,05,EF,00,0A,03,00,00,
560000,00000055,false,Rx,0,8,10,27,00,00,00,00,00,00,
560000,00000056,false,Rx,0,8,10,27,00,00,00,00,00,00,
560000,00000057,false,Rx,0,8,00,00,FE,FF,FE,FF,00,00,
570000,000002C4,false,Rx,0,8,09,08,00,00,0A,03,00,00,
570000,000002C5,false,Rx,0,8,00,00,00,00,00,00,00,00,
571000,000002C6,false,Rx,0,8,32,00,7C,01,00,00,00,00,
600000,00000625,false,Rx,0,8,25,00,59,86,01,54,5C,06,
650000,0000060D,false,Rx,0,8,0D,10,83,B6,09,20,70,00,
700000,00000625,false,Rx,0,8,25,00,59,86,01,54,5C,06,
751000,0000060D,false,Rx,0,8,0D,10,83,B6,09,20,70,00,
760000,00000054,false,Rx,0,8,01,05,EF,00,0A,03,00,00,
760000,00000055,false,Rx,0,8,10,27,00,00,00,00,00,00,
761000,00000056,false,Rx,0,8,10,27,00,00,00,00,00,00,
761000,00000057,false,Rx,0,8,00,00,FE,FF,FE,FF,00,00,
790000,000002C4,false,Rx,0,8,09,08,00,00,0A,03,00,00,
790000,000002C5,false,Rx,0,8,00,00,00,00,00,00,00,00,
791000,000002C6,false,Rx,0,8,32,00,7C,01,00,00,00,00,
799000,00000625,false,Rx,0,8,25,00,59,86,01,54,5C,06,
850000,0000060D,false,Rx,0,8,0D,10,83,B6,09,20,70,00,
899000,00000625,false,Rx,0,8,25,00,59,86,01,54,5C,06,
950000,0000060D,false,Rx,0,8,0D,10,83,B6,09,20,70,00,
960000,00000054,false,Rx,0,8,01,05,EF,00,0A,03,00,00,
960000,00000055,false,Rx,0,8,10,27,00,00,00,00,00,00,
960000,00000056,false,Rx,0,8,10,27,00,00,00,00,00,00,
961000,00000057,false,Rx,0,8,00,00,FE,FF,FE,FF,00,00,
1000,00000625,false,Rx,0,8,25,00,59,86,01,54,5C,06,
10000,000002C4,false,Rx,0,8,09,08,00,00,0A,03,00,00,
10000,000002C5,false,Rx,0,8,00,00,00,00,00,00,00,00,
11000,000002C6,false,Rx,0,8,32,00,7C,01,00,00,00,00,
50000,0000060D,false,Rx,0,8,0D,10,83,B6,09,20,70,00,
99000,00000625,false,Rx,0,8,25,00,59,86,01,54,5C,06,
150000,0000060D,false,Rx,0,8,0D,10,83,B6,09,20,70,00,
159000,00000054,false,Rx,0,8,01,05,EF,00,0A,03,00,00,
160000,00000055,false,Rx,0,8,10,27,00,00,00,00,00,00,
160000,00000056,false,Rx,0,8,10,27,00,00,00,00,00,00,
160000,00000057,false,Rx,0,8,00,00,FE,FF,FE,FF,00,00,
200000,00000625,false,Rx,0,8,25,00,59,86,01,54,5C,06,
231000,000002C4,false,Rx,0,8,09,08,00,00,0A,03,00,00,
231000,000002C5,false,Rx,0,8,00,00,00,00,00,00,00,00,
231000,000002C6,false,Rx,0,8,32,00,7C,01,00,00,00,00,
251000,0000060D,false,Rx,0,8,0D,10,83,B6,09,20,70,00,
300000,00000625,false,Rx,0,8,25,00,59,86,01,54,5C,06,
350000,0000060D,false,Rx,0,8,0D,10,83,B6,09,20,70,00,
0,00000054,false,Rx,0,8,01,05,EF,00,0A,03,00,00,
0,00000055,false,Rx,0,8,10,27,00,00,00,00,00,00,
360000,00000056,false,Rx,0,8,10,27,00,00,00,00,00,00,
360000,00000057,false,Rx,0,8,00,00,FE,FF,FE,FF,00,00,
399000,00000625,false,Rx,0,8,25,00,59,86,01,54,5C,06,
450000,0000060D,false,Rx,0,8,0D,10,83,B6,09,20,70,00,
451000,000002C4,false,Rx,0,8,09,08,00,00,0A,03,00,00,
451000,000002C5,false,Rx,0,8,00,00,00,00,00,00,00,00,
451000,000002C6,false,Rx,0,8,32,00,7C,01,00,00,00,00,
500000,00000625,false,Rx,0,8,25,00,59,86,01,54,5C,06,
550000,0000060D,false,Rx,0,8,0D,10,83,B6,09,20,70,00,
560000,00000054,false,Rx,0,8,01,05,EF,00,0A,03,00,00,
560000,00000055,false,Rx,0,8,10,27,00,00,00,00,00,00,
561000,00000056,false,Rx,0,8,10,27,00,00,00,00,00,00,
561000,00000057,false,Rx,0,8,00,00,FE,FF,FE,FF,00,00,
599000,00000625,false,Rx,0,8,25,00,59,86,01,54,5C,06,
650000,0000060D,false,Rx,0,8,0D,10,83,B6,09,20,70,00,
670000,000002C4,false,Rx,0,8,09,08,00,00,0A,03,00,00,
670000,000002C5,false,Rx,0,8,00,00,00,00,00,00,00,00,
671000,000002C6,false,Rx,0,8,32,00,7C,01,00,00,00,00,
700000,00000625,false,Rx,0,8,25,00,59,86,01,54,5C,06,
751000,0000060D,false,Rx,0,8,0D,10,83,B6,09,20,70,00,
760000,00000054,false,Rx,0,8,01,05,EF,00,0A,03,00,00,
760000,00000055,false,Rx,0,8,10,27,00,00,00,00,00,00,
760000,00000056,false,Rx,0,8,10,27,00,00,00,00,00,00,
760000,00000057,false,Rx,0,8,00,00,FE,FF,FE,FF,00,00,
800000,00000625,false,Rx,0,8,25,00,59,86,01,54,5C,06,
850000,0000060D,false,Rx,0,8,0D,10,83,B6,09,20,70,00,
0,000002C4,false,Rx,0,8,09,08,00,00,0A,03,00,00,
0,000002C5,false,Rx,0,8,00,00,00,00,00,00,00,00,
891000,000002C6,false,Rx,0,8,32,00,7C,01,00,00,00,00,
900000,00000625,false,Rx,0,8,25,00,59,86,01,54,5C,06,
950000,0000060D,false,Rx,0,8,0D,10,83,B6,09,20,70,00,
960000,00000054,false,Rx,0,8,01,05,EF,00,0A,03,00,00,
960000,00000055,false,Rx,0,8,10,27,00,00,00,00,00,00,
960000,00000056,false,Rx,0,8,10,27,00,00,00,00,00,00,
961000,00000057,false,Rx,0,8,00,00,FE,FF,FE,FF,00,00,
0,00000625,false,Rx,0,8,25,00,59,86,01,54,5C,06,
51000,0000060D,false,Rx,0,8,0D,10,83,B6,09,20,70,00,
100000,00000625,false,Rx,0,8,25,00,59,86,01,54,5C,06,
110000,000002C4,false,Rx,0,8,09,08,00,00,0A,03,00,00,
110000,000002C5,false,Rx,0,8,00,00,00,00,00,00,00,00,
111000,000002C6,false,Rx,0,8,32,00,7C,01,00,00,00,00,
150000,0000060D,false,Rx,0,8,0D,10,83,B6,09,20,70,00,
160000,00000054,false,Rx,0,8,01,05,EF,00,0A,03,00,00,
160000,00000055,false,Rx,0,8,10,27,00,00,00,00,00,00,
161000,00000056,false,Rx,0,8,10,27,00,00,00,00,00,00,
161000,00000057,false,Rx,0,8,00,00,FE,FF,FE,FF,00,00,
200000,00000625,false,Rx,0,8,25,00,59,86,01,54,5C,06,
251000,0000060D,false,Rx,0,8,0D,10,83,B6,09,20,70,00,
300000,00000625,false,Rx,0,8,25,00,59,86,01,54,5C,06,
331000,000002C4,false,Rx,0,8,09,08,00,00,0A,03,00,00,
331000,000002C5,false,Rx,0,8,00,00,00,00,00,00,00,00,
331000,000002C6,false,Rx,0,8,32,00,7C,01,00,00,00,00,
350000,0000060D,false,Rx,0,8,0D,10,83,B6,09,20,70,00,
0,00000054,false,Rx,0,8,01,05,EF,00,0A,03,00,00,
0,00000055,false,Rx,0,8,10,27,00,00,00,00,00,00,
360000,00000056,false,Rx,0,8,10,27,00,00,00,00,00,00,
361000,00000057,false,Rx,0,8,00,00,FE,FF,FE,FF,00,00,
399000,00000625,false,Rx,0,8,25,00,59,86,01,54,5C,06,
450000,0000060D,false,Rx,0,8,0D,10,83,B6,09,20,70,00,
499000,00000625,false,Rx,0,8,25,00,59,86,01,54,5C,06,
550000,0000060D,false,Rx,0,8,0D,10,83,B6,09,20,70,00,
551000,000002C4,false,Rx,0,8,09,08,00,00,0A,03,00,00,
551000,000002C5,false,Rx,0,8,00,00,00,00,00,00,00,00,
551000,000002C6,false,Rx,0,8,32,00,7C,01,00,00,00,00,
559000,00000054,false,Rx,0,8,01,05,EF,00,0A,03,00,00,
560000,00000055,false,Rx,0,8,10,27,00,00,00,00,00,00,
560000,00000056,false,Rx,0,8,10,27,00,00,00,00,00,00,
560000,00000057,false,Rx,0,8,00,00,FE,FF,FE,FF,00,00,
600000,00000625,false,Rx,0,8,25,00,59,86,01,54,5C,06,
650000,0000060D,false,Rx,0,8,0D,10,83,B6,09,20,70,00,
699000,00000625,false,Rx,0,8,25,00,59,86,01,54,5C,06,
750000,0000060D,false,Rx,0,8,0D,10,83,B6,09,20,70,00,
760000,00000054,false,Rx,0,8,01,05,EF,00,0A,03,00,00,
760000,00000055,false,Rx,0,8,10,27,00,00,00,00,00,00,
760000,00000056,false,Rx,0,8,10,27,00,00,00,00,00,00,
760000,00000057,false,Rx,0,8,00,00,FE,FF,FE,FF,00,00,
770000,000002C4,false,Rx,0,8,09,08,00,00,0A,03,00,00,
770000,000002C5,false,Rx,0,8,00,00,00,00,00,00,00,00,
771000,000002C6,false,Rx,0,8,32,00,7C,01,00,00,00,00,
800000,00000625,false,Rx,0,8,25,00,59,86,01,54,5C,06,
850000,0000060D,false,Rx,0,8,0D,10,83,B6,09,20,70,00,
900000,00000625,false,Rx,0,8,25,00,59,86,01,54,5C,06,
951000,0000060D,false,Rx,0,8,0D,10,83,B6,09,20,70,00,
961000,00000054,false,Rx,0,8,01,05,EF,00,0A,03,00,00,
961000,00000055,false,Rx,0,8,10,27,00,00,00,00,00,00,
961000,00000056,false,Rx,0,8,10,27,00,00,00,00,00,00,
961000,00000057,false,Rx,0,8,00,00,FE,FF,FE,FF,00,00,
991000,000002C4,false,Rx,0,8,09,08,00,00,0A,03,00,00,
991000,000002C5,false,Rx,0,8,00,00,00,00,00,00,00,00,
991000,000002C6,false,Rx,0,8,32,00,7C,01,00,00,00,00,
0,00000625,false,Rx,0,8,25,00,59,86,01,54,5C,06,
50000,0000060D,false,Rx,0,8,0D,10,83,B6,09,20,70,00,
100000,00000625,false,Rx,0,8,25,00,59,86,01,54,5C,06,
150000,0000060D,false,Rx,0,8,0D,10,83,B6,09,20,70,00,
160000,00000054,false,Rx,0,8,01,05,EF,00,0A,03,00,00,
160000,00000055,false,Rx,0,8,10,27,00,00,00,00,00,00,
160000,00000056,false,Rx,0,8,10,27,00,00,00,00,00,00,
160000,00000057,false,Rx,0,8,00,00,FE,FF,FE,FF,00,00,
199000,00000625,false,Rx,0,8,25,00,59,86,01,54,5C,06,
211000,000002C4,false,Rx,0,8,09,08,00,00,0A,03,00,00,
211000,000002C5,false,Rx,0,8,00,00,00,00,00,00,00,00,
211000,000002C6,false,Rx,0,8,32,00,7C,01,00,00,00,00,
251000,0000060D,false,Rx,0,8,0D,10,83,B6,09,20,70,00,
300000,00000625,false,Rx,0,8,25,00,59,86,01,54,5C,06,
350000,0000060D,false,Rx,0,8,0D,10,83,B6,09,20,70,00,
360000,00000054,false,Rx,0,8,01,05,EF,00,0A,03,00,00,
360000,00000055,false,Rx,0,8,10,27,00,00,00,00,00,00,
360000,00000056,false,Rx,0,8,10,27,00,00,00,00,00,00,
361000,00000057,false,Rx,0,8,00,00,FE,FF,FE,FF,00,00,
399000,00000625,false,Rx,0,8,25,00,59,86,01,54,5C,06,
431000,000002C4,false,Rx,0,8,09,08,00,00,0A,03,00,00,
431000,000002C5,false,Rx,0,8,00,00,00,00,00,00,00,00,
431000,000002C6,false,Rx,0,8,32,00,7C,01,00,00,00,00,
450000,0000060D,false,Rx,0,8,0D,10,83,B6,09,20,70,00,
500000,00000625,false,Rx,0,8,25,00,59,86,01,54,5C,06,
550000,0000060D,false,Rx,0,8,0D,10,83,B6,09,20,70,00,
560000,00000054,false,Rx,0,8,01,05,EF,00,0A,03,00,00,
561000,00000055,false,Rx,0,8,10,27,00,00,00,00,00,00,
0,00000056,false,Rx,0,8,10,27,00,00,00,00,00,00,
0,00000057,false,Rx,0,8,00,00,FE,FF,FE,FF,00,00,
600000,00000625,false,Rx,0,8,25,00,59,86,01,54,5C,06,
650000,0000060D,false,Rx,0,8,0D,10,83,B6,09,20,70,00,
650000,000002C4,false,Rx,0,8,09,08,00,00,0A,03,00,00,
651000,000002C5,false,Rx,0,8,00,00,00,00,00,00,00,00,
651000,000002C6,false,Rx,0,8,32,00,7C,01,00,00,00,00,
700000,00000625,false,Rx,0,8,25,00,59,86,01,54,5C,06,
751000,0000060D,false,Rx,0,8,0D,10,83,B6,09,20,70,00,
760000,00000054,false,Rx,0,8,01,05,EF,00,0A,03,00,00,
760000,00000055,false,Rx,0,8,10,27,00,00,00,00,00,00,
760000,00000056,false,Rx,0,8,10,27,00,00,00,00,00,00,
761000,00000057,false,Rx,0,8,00,00,FE,FF,FE,FF,00,00,
800000,00000625,false,Rx,0,8,25,00,59,86,01,54,5C,06,
850000,0000060D,false,Rx,0,8,0D,10,83,B6,09,20,70,00,
871000,000002C4,false,Rx,0,8,09,08,00,00,0A,03,00,00,
871000,000002C5,false,Rx,0,8,00,00,00,00,00,00,00,00,
871000,000002C6,false,Rx,0,8,32,00,7C,01,00,00,00,00,
900000,00000625,false,Rx,0,8,25,00,59,86,01,54,5C,06,
951000,0000060D,false,Rx,0,8,0D,10,83,B6,09,20,70,00,
960000,00000054,false,Rx,0,8,01,05,EF,00,0A,03,00,00,
960000,00000055,false,Rx,0,8,10,27,00,00,00,00,00,00,
960000,00000056,false,Rx,0,8,10,27,00,00,00,00,00,00,
961000,00000057,false,Rx,0,8,00,00,FE,FF,FE,FF,00,00,
0,00000625,false,Rx,0,8,25,00,59,86,01,54,5C,06,
50000,0000060D,false,Rx,0,8,0D,10,83,B6,09,20,70,00,
91000,000002C4,false,Rx,0,8,09,08,00,00,0A,03,00,00,
91000,000002C5,false,Rx,0,8,00,00,00,00,00,00,00,00,
91000,000002C6,false,Rx,0,8,32,00,7C,01,00,00,00,00,
100000,00000625,false,Rx,0,8,25,00,59,86,01,54,5C,06,
150000,0000060D,false,Rx,0,8,0D,10,83,B6,09,20,70,00,
160000,00000054,false,Rx,0,8,01,05,EF,00,0A,03,00,00,
160000,00000055,false,Rx,0,8,10,27,00,00,00,00,00,00,
160000,00000056,false,Rx,0,8,10,27,00,00,00,00,00,00,
160000,00000057,false,Rx,0,8,00,00,FE,FF,FE,FF,00,00,
200000,00000625,false,Rx,0,8,25,00,59,86,01,54,5C,06,
250000,0000060D,false,Rx,0,8,0D,10,83,B6,09,20,70,00,
300000,00000625,false,Rx,0,8,25,00,59,86,01,54,5C,06,
310000,000002C4,false,Rx,0,8,09,08,00,00,0A,03,00,00,
311000,000002C5,false,Rx,0,8,00,00,00,00,00,00,00,00,
311000,000002C6,false,Rx,0,8,32,00,7C,01,00,00,00,00,
350000,0000060D,false,Rx,0,8,0D,10,83,B6,09,20,70,00,
0,00000054,false,Rx,0,8,01,05,EF,00,0A,03,00,00,
0,00000055,false,Rx,0,8,10,27,00,00,00,00,00,00,
0,00000056,false,Rx,0,8,10,27,00,00,00,00,00,00,
0,00000057,false,Rx,0,8,00,00,FE,FF,FE,FF,00,00,
399000,00000625,false,Rx,0,8,25,00,59,86,01,54,5C,06,
450000,0000060D,false,Rx,0,8,0D,10,83,B6,09,20,70,00,
500000,00000625,false,Rx,0,8,25,00,59,86,01,54,5C,06,
531000,000002C4,false,Rx,0,8,09,08,00,00,0A,03,00,00,
531000,000002C5,false,Rx,0,8,00,00,00,00,00,00,00,00,
531000,000002C6,false,Rx,0,8,32,00,7C,01,00,00,00,00,
551000,0000060D,false,Rx,0,8,0D,10,83,B6,09,20,70,00,
560000,00000054,false,Rx,0,8,01,05,EF,00,0A,03,00,00,
560000,00000055,false,Rx,0,8,10,27,00,00,00,00,00,00,
560000,00000056,false,Rx,0,8,10,27,00,00,00,00,00,00,
560000,00000057,false,Rx,0,8,00,00,FE,FF,FE,FF,00,00,
600000,00000625,false,Rx,0,8,25,00,59,86,01,54,5C,06,
651000,0000060D,false,Rx,0,8,0D,10,83,B6,09,20,70,00,
700000,00000625,false,Rx,0,8,25,00,59,86,01,54,5C,06,
751000,0000060D,false,Rx,0,8,0D,10,83,B6,09,20,70,00,
0,000002C4,false,Rx,0,8,09,08,00,00,0A,03,00,00,
0,000002C5,false,Rx,0,8,00,00,00,00,00,00,00,00,
0,000002C6,false,Rx,0,8,32,00,7C,01,00,00,00,00,
760000,00000054,false,Rx,0,8,01,05,EF,00,0A,03,00,00,
760000,00000055,false,Rx,0,8,10,27,00,00,00,00,00,00,
0,00000056,false,Rx,0,8,10,27,00,00,00,00,00,00,
0,00000057,false,Rx,0,8,00,00,FE,FF,FE,FF,00,00,
799000,00000625,false,Rx,0,8,25,00,59,86,01,54,5C,06,
850000,0000060D,false,Rx,0,8,0D,10,83,B6,09,20,70,00,
899000,00000625,false,Rx,0,8,25,00,59,86,01,54,5C,06,
950000,0000060D,false,Rx,0,8,0D,10,83,B6,09,20,70,00,
960000,00000054,false,Rx,0,8,01,05,EF,00,0A,03,00,00,
960000,00000055,false,Rx,0,8,10,27,00,00,00,00,00,00,
960000,00000056,false,Rx,0,8,10,27,00,00,00,00,00,00,
960000,00000057,false,Rx,0,8,00,00,FE,FF,FE,FF,00,00,
970000,000002C4,false,Rx,0,8,09,08,00,00,0A,03,00,00,
970000,000002C5,false,Rx,0,8,00,00,00,00,00,00,00,00,
971000,000002C6,false,Rx,0,8,32,00,7C,01,00,00,00,00,
999000,00000625,false,Rx,0,8,25,00,59,86,01,54,5C,06,
50000,0000060D,false,Rx,0,8,0D,10,83,B6,09,20,70,00,
99000,00000625,false,Rx,0,8,25,00,59,86,01,54,5C,06,
150000,0000060D,false,Rx,0,8,0D,10,83,B6,09,20,70,00,
160000,00000054,false,Rx,0,8,01,05,EF,00,0A,03,00,00,
160000,00000055,false,Rx,0,8,10,27,00,00,00,00,00,00,
160000,00000056,false,Rx,0,8,10,27,00,00,00,00,00,00,
161000,00000057,false,Rx,0,8,00,00,FE,FF,FE,FF,00,00,
191000,000002C4,false,Rx,0,8,09,08,00,00,0A,03,00,00,
191000,000002C5,false,Rx,0,8,00,00,00,00,00,00,00,00,
191000,000002C6,false,Rx,0,8,32,00,7C,01,00,00,00,00,
200000,00000625,false,Rx,0,8,25,00,59,86,01,54,5C,06,
250000,0000060D,false,Rx,0,8,0D,10,83,B6,09,20,70,00,
300000,00000625,false,Rx,0,8,25,00,59,86,01,54,5C,06,
350000,0000060D,false,Rx,0,8,0D,10,83,B6,09,20,70,00,
361000,00000054,false,Rx,0,8,01,05,EF,00,0A,03,00,00,
361000,00000055,false,Rx,0,8,10,27,00,00,00,00,00,00,
361000,00000056,false,Rx,0,8,10,27,00,00,00,00,00,00,
361000,00000057,false,Rx,0,8,00,00,FE,FF,FE,FF,00,00,
400000,00000625,false,Rx,0,8,25,00,59,86,01,54,5C,06,
411000,000002C4,false,Rx,0,8,09,08,00,00,0A,03,00,00,
411000,000002C5,false,Rx,0,8,00,00,00,00,00,00,00,00,
411000,000002C6,false,Rx,0,8,32,00,7C,01,00,00,00,00,
450000,0000060D,false,Rx,0,8,0D,10,83,B6,09,20,70,00,
500000,00000625,false,Rx,0,8,25,00,59,86,01,54,5C,06,
550000,0000060D,false,Rx,0,8,0D,10,83,B6,09,20,70,00,
560000,00000054,false,Rx,0,8,01,05,EF,00,0A,03,00,00,
560000,00000055,false,Rx,0,8,10,27,00,00,00,00,00,00,
561000,00000056,false,Rx,0,8,10,27,00,00,00,00,00,00,
561000,00000057,false,Rx,0,8,00,00,FE,FF,FE,FF,00,00,
599000,00000625,false,Rx,0,8,25,00,59,86,01,54,5C,06,
631000,000002C4,false,Rx,0,8,09,08,00,00,0A,03,00,00,
631000,000002C5,false,Rx,0,8,00,00,00,00,00,00,00,00,
631000,000002C6,false,Rx,0,8,32,00,7C,01,00,00,00,00,
651000,0000060D,false,Rx,0,8,0D,10,83,B6,09,20,70,00,
700000,00000625,false,Rx,0,8,25,00,59,86,01,54,5C,06,
751000,0000060D,false,Rx,0,8,0D,10,83,B6,09,20,70,00,
760000,00000054,false,Rx,0,8,01,05,EF,00,0A,03,00,00,
760000,00000055,false,Rx,0,8,10,27,00,00,00,00,00,00,
761000,00000056,false,Rx,0,8,10,27,00,00,00,00,00,00,
761000,00000057,false,Rx,0,8,00,00,FE,FF,FE,FF,00,00,
800000,00000625,false,Rx,0,8,25,00,59,86,01,54,5C,06,
850000,0000060D,false,Rx,0,8,0D,10,83,B6,09,20,70,00,
851000,000002C4,false,Rx,0,8,09,08,00,00,0A,03,00,00,
851000,000002C5,false,Rx,0,8,00,00,00,00,00,00,00,00,
851000,000002C6,false,Rx,0,8,32,00,7C,01,00,00,00,00,
900000,00000625,false,Rx,0,8,25,00,59,86,01,54,5C,06,
950000,0000060D,false,Rx,0,8,0D,10,83,B6,09,20,70,00,
960000,00000054,false,Rx,0,8,01,05,EF,00,0A,03,00,00,
961000,00000055,false,Rx,0,8,10,27,00,00,00,00,00,00,
961000,00000056,false,Rx,0,8,10,27,00,00,00,00,00,00,
961000,00000057,false,Rx,0,8,00,00,FE,FF,FE,FF,00,00,
0,00000625,false,Rx,0,8,25,00,59,86,01,54,5C,06,
51000,0000060D,false,Rx,0,8,0D,10,83,B6,09,20,70,00,
71000,000002C4,false,Rx,0,8,09,08,00,00,0A,03,00,00,
71000,000002C5,false,Rx,0,8,00,00,00,00,00,00,00,00,
71000,000002C6,false,Rx,0,8,32,00,7C,01,00,00,00,00,
100000,00000625,false,Rx,0,8,25,00,59,86,01,54,5C,06,
150000,0000060D,false,Rx,0,8,0D,10,83,B6,09,20,70,00,
160000,00000054,false,Rx,0,8,01,05,EF,00,0A,03,00,00,
160000,00000055,false,Rx,0,8,10,27,00,00,00,00,00,00,
161000,00000056,false,Rx,0,8,10,27,00,00,00,00,00,00,
161000,00000057,false,Rx,0,8,00,00,FE,FF,FE,FF,00,00,
200000,00000625,false,Rx,0,8,25,00,59,86,01,54,5C,06,
251000,0000060D,false,Rx,0,8,0D,10,83,B6,09,20,70,00,
291000,000002C4,false,Rx,0,8,09,08,00,00,0A,03,00,00,
291000,000002C5,false,Rx,0,8,00,00,00,00,00,00,00,00,
292000,000002C6,false,Rx,0,8,32,00,7C,01,00,00,00,00,
299000,00000625,false,Rx,0,8,25,00,59,86,01,54,5C,06,
350000,0000060D,false,Rx,0,8,0D,10,83,B6,09,20,70,00,
0,00000054,false,Rx,0,8,01,05,EF,00,0A,03,00,00,
0,00000055,false,Rx,0,8,10,27,00,00,00,00,00,00,
360000,00000056,false,Rx,0,8,10,27,00,00,00,00,00,00,
360000,00000057,false,Rx,0,8,00,00,FE,FF,FE,FF,00,00,
400000,00000625,false,Rx,0,8,25,00,59,86,01,54,5C,06,
451000,0000060D,false,Rx,0,8,0D,10,83,B6,09,20,70,00,
500000,00000625,false,Rx,0,8,25,00,59,86,01,54,5C,06,
510000,000002C4,false,Rx,0,8,09,08,00,00,0A,03,00,00,
511000,000002C5,false,Rx,0,8,00,00,00,00,00,00,00,00,
511000,000002C6,false,Rx,0,8,32,00,7C,01,00,00,00,00,
550000,0000060D,false,Rx,0,8,0D,10,83,B6,09,20,70,00,
560000,00000054,false,Rx,0,8,01,05,EF,00,0A,03,00,00,
560000,00000055,false,Rx,0,8,10,27,00,00,00,00,00,00,
0,00000056,false,Rx,0,8,10,27,00,00,00,00,00,00,
0,00000057,false,Rx,0,8,00,00,FE,FF,FE,FF,00,00,
599000,00000625,false,Rx,0,8,25,00,59,86,01,54,5C,06,
650000,0000060D,false,Rx,0,8,0D,10,83,B6,09,20,70,00,
700000,00000625,false,Rx,0,8,25,00,59,86,01,54,5C,06,
0,000002C4,false,Rx,0,8,09,08,00,00,0A,03,00,00,
0,000002C5,false,Rx,0,8,00,00,00,00,00,00,00,00,
0,000002C6,false,Rx,0,8,32,00,7C,01,00,00,00,00,
750000,0000060D,false,Rx,0,8,0D,10,83,B6,09,20,70,00,
760000,00000054,false,Rx,0,8,01,05,EF,00,0A,03,00,00,
761000,00000055,false,Rx,0,8,10,27,00,00,00,00,00,00,
761000,00000056,false,Rx,0,8,10,27,00,00,00,00,00,00,
761000,00000057,false,Rx,0,8,00,00,FE,FF,FE,FF,00,00,
800000,00000625,false,Rx,0,8,25,00,59,86,01,54,5C,06,
850000,0000060D,false,Rx,0,8,0D,10,83,B6,09,20,70,00,
899000,00000625,false,Rx,0,8,25,00,59,86,01,54,5C,06,
0,0000060D,false,Rx,0,8,0D,10,83,B6,09,20,70,00,
0,000002C4,false,Rx,0,8,09,08,00,00,0A,03,00,00,
951000,000002C5,false,Rx,0,8,00,00,00,00,00,00,00,00,
951000,000002C6,false,Rx,0,8,32,00,7C,01,00,00,00,00,
960000,00000054,false,Rx,0,8,01,05,EF,00,0A,03,00,00,
960000,00000055,false,Rx,0,8,10,27,00,00,00,00,00,00,
961000,00000056,false,Rx,0,8,10,27,00,00,00,00,00,00,
961000,00000057,false,Rx,0,8,00,00,FE,FF,FE,FF,00,00,
0,00000625,false,Rx,0,8,25,00,59,86,01,54,5C,06,
50000,0000060D,false,Rx,0,8,0D,10,83,B6,09,20,70,00,
99000,00000625,false,Rx,0,8,25,00,59,86,01,54,5C,06,
150000,0000060D,false,Rx,0,8,0D,10,83,B6,09,20,70,00,
160000,00000054,false,Rx,0,8,01,05,EF,00,0A,03,00,00,
161000,00000055,false,Rx,0,8,10,27,00,00,00,00,00,00,
161000,00000056,false,Rx,0,8,10,27,00,00,00,00,00,00,
161000,00000057,false,Rx,0,8,00,00,FE,FF,FE,FF,00,00,
170000,000002C4,false,Rx,0,8,09,08,00,00,0A,03,00,00,
171000,000002C5,false,Rx,0,8,00,00,00,00,00,00,00,00,
173000,000002C6,false,Rx,0,8,32,00,7C,01,00,00,00,00,
199000,00000625,false,Rx,0,8,25,00,59,86,01,54,5C,06,
251000,0000060D,false,Rx,0,8,0D,10,83,B6,09,20,70,00,
299000,00000625,false,Rx,0,8,25,00,59,86,01,54,5C,06,
351000,0000060D,false,Rx,0,8,0D,10,83,B6,09,20,70,00,
0,00000054,false,Rx,0,8,01,05,EF,00,0A,03,00,00,
0,00000055,false,Rx,0,8,10,27,00,00,00,00,00,00,
360000,00000056,false,Rx,0,8,10,27,00,00,00,00,00,00,
360000,00000057,false,Rx,0,8,00,00,FE,FF,FE,FF,00,00,
0,000002C4,false,Rx,0,8,09,08,00,00,0A,03,00,00,
0,000002C5,false,Rx,0,8,00,00,00,00,00,00,00,00,
392000,000002C6,false,Rx,0,8,32,00,7C,01,00,00,00,00,
400000,00000625,false,Rx,0,8,25,00,59,86,01,54,5C,06,
450000,0000060D,false,Rx,0,8,0D,10,83,B6,09,20,70,00,
500000,00000625,false,Rx,0,8,25,00,59,86,01,54,5C,06,
550000,0000060D,false,Rx,0,8,0D,10,83,B6,09,20,70,00,
560000,00000054,false,Rx,0,8,01,05,EF,00,0A,03,00,00,
560000,00000055,false,Rx,0,8,10,27,00,00,00,00,00,00,
560000,00000056,false,Rx,0,8,10,27,00,00,00,00,00,00,
560000,00000057,false,Rx,0,8,00,00,FE,FF,FE,FF,00,00,
599000,00000625,false,Rx,0,8,25,00,59,86,01,54,5C,06,
0,000002C4,false,Rx,0,8,09,08,00,00,0A,03,00,00,
0,000002C5,false,Rx,0,8,00,00,00,00,00,00,00,00,
612000,000002C6,false,Rx,0,8,32,00,7C,01,00,00,00,00,
650000,0000060D,false,Rx,0,8,0D,10,83,B6,09,20,70,00,
700000,00000625,false,Rx,0,8,25,00,59,86,01,54,5C,06,
750000,0000060D,false,Rx,0,8,0D,10,83,B6,09,20,70,00,
760000,00000054,false,Rx,0,8,01,05,EF,00,0A,03,00,00,
760000,00000055,false,Rx,0,8,10,27,00,00,00,00,00,00,
0,00000056,false,Rx,0,8,10,27,00,00,00,00,00,00,
0,00000057,false,Rx,0,8,00,00,FE,FF,FE,FF,00,00,
800000,00000625,false,Rx,0,8,25,00,59,86,01,54,5C,06,
831000,000002C4,false,Rx,0,8,09,08,00,00,0A,03,00,00,
831000,000002C5,false,Rx,0,8,00,00,00,00,00,00,00,00,
831000,000002C6,false,Rx,0,8,32,00,7C,01,00,00,00,00,
850000,0000060D,false,Rx,0,8,0D,10,83,B6,09,20,70,00,
899000,00000625,false,Rx,0,8,25,00,59,86,01,54,5C,06,
950000,0000060D,false,Rx,0,8,0D,10,83,B6,09,20,70,00,
960000,00000054,false,Rx,0,8,01,05,EF,00,0A,03,00,00,
960000,00000055,false,Rx,0,8,10,27,00,00,00,00,00,00,
960000,00000056,false,Rx,0,8,10,27,00,00,00,00,00,00,
961000,00000057,false,Rx,0,8,00,00,FE,FF,FE,FF,00,00,
0,00000625,false,Rx,0,8,25,00,59,86,01,54,5C,06,
50000,0000060D,false,Rx,0,8,0D,10,83,B6,09,20,70,00,
50000,000002C4,false,Rx,0,8,09,08,00,00,0A,03,00,00,
51000,000002C5,false,Rx,0,8,00,00,00,00,00,00,00,00,
51000,000002C6,false,Rx,0,8,32,00,7C,01,00,00,00,00,
100000,00000625,false,Rx,0,8,25,00,59,86,01,54,5C,06,
150000,0000060D,false,Rx,0,8,0D,10,83,B6,09,20,70,00,
160000,00000054,false,Rx,0,8,01,05,EF,00,0A,03,00,00,
160000,00000055,false,Rx,0,8,10,27,00,00,00,00,00,00,
161000,00000056,false,Rx,0,8,10,27,00,00,00,00,00,00,
161000,00000057,false,Rx,0,8,00,00,FE,FF,FE,FF,00,00,
199000,00000625,false,Rx,0,8,25,00,59,86,01,54,5C,06,
250000,0000060D,false,Rx,0,8,0D,10,83,B6,09,20,70,00,
271000,000002C4,false,Rx,0,8,09,08,00,00,0A,03,00,00,
271000,000002C5,false,Rx,0,8,00,00,00,00,00,00,00,00,
271000,000002C6,false,Rx,0,8,32,00,7C,01,00,00,00,00,
300000,00000625,false,Rx,0,8,25,00,59,86,01,54,5C,06,
350000,0000060D,false,Rx,0,8,0D,10,83,B6,09,20,70,00,
360000,00000054,false,Rx,0,8,01,05,EF,00,0A,03,00,00,
360000,00000055,false,Rx,0,8,10,27,00,00,00,00,00,00,
360000,00000056,false,Rx,0,8,10,27,00,00,00,00,00,00,
360000,00000057,false,Rx,0,8,00,00,FE,FF,FE,FF,00,00,
399000,00000625,false,Rx,0,8,25,00,59,86,01,54,5C,06,
450000,0000060D,false,Rx,0,8,0D,10,83,B6,09,20,70,00,
490000,000002C4,false,Rx,0,8,09,08,00,00,0A,03,00,00,
491000,000002C5,false,Rx,0,8,00,00,00,00,00,00,00,00,
491000,000002C6,false,Rx,0,8,32,00,7C,01,00,00,00,00,
500000,00000625,false,Rx,0,8,25,00,59,86,01,54,5C,06,
550000,0000060D,false,Rx,0,8,0D,10,83,B6,09,20,70,00,
560000,00000054,false,Rx,0,8,01,05,EF,00,0A,03,00,00,
561000,00000055,false,Rx,0,8,10,27,00,00,00,00,00,00,
561000,00000056,false,Rx,0,8,10,27,00,00,00,00,00,00,
561000,00000057,false,Rx,0,8,00,00,FE,FF,FE,FF,00,00,
600000,00000625,false,Rx,0,8,25,00,59,86,01,54,5C,06,
650000,0000060D,false,Rx,0,8,0D,10,83,B6,09,20,70,00,
700000,00000625,false,Rx,0,8,25,00,59,86,01,54,5C,06,
0,000002C4,false,Rx,0,8,09,08,00,00,0A,03,00,00,
0,000002C5,false,Rx,0,8,00,00,00,00,00,00,00,00,
712000,000002C6,false,Rx,0,8,32,00,7C,01,00,00,00,00,
750000,0000060D,false,Rx,0,8,0D,10,83,B6,09,20,70,00,
760000,00000054,false,Rx,0,8,01,05,EF,00,0A,03,00,00,
760000,00000055,false,Rx,0,8,10,27,00,00,00,00,00,00,
760000,00000056,false,Rx,0,8,10,27,00,00,00,00,00,00,
761000,00000057,false,Rx,0,8,00,00,FE,FF,FE,FF,00,00,
800000,00000625,false,Rx,0,8,25,00,59,86,01,54,5C,06,
850000,0000060D,false,Rx,0,8,0D,10,83,B6,09,20,70,00,
900000,00000625,false,Rx,0,8,25,00,59,86,01,54,5C,06,
931000,000002C4,false,Rx,0,8,09,08,00,00,0A,03,00,00,
931000,000002C5,false,Rx,0,8,00,00,00,00,00,00,00,00,
931000,000002C6,false,Rx,0,8,32,00,7C,01,00,00,00,00,
951000,0000060D,false,Rx,0,8,0D,10,83,B6,09,20,70,00,
960000,00000054,false,Rx,0,8,01,05,EF,00,0A,03,00,00,
960000,00000055,false,Rx,0,8,10,27,00,00,00,00,00,00,
960000,00000056,false,Rx,0,8,10,27,00,00,00,00,00,00,
961000,00000057,false,Rx,0,8,00,00,FE,FF,FE,FF,00,00,
999000,00000625,false,Rx,0,8,25,00,59,86,01,54,5C,06,
51000,0000060D,false,Rx,0,8,0D,10,83,B6,09,20,70,00,
100000,00000625,false,Rx,0,8,25,00,59,86,01,54,5C,06,
150000,0000060D,false,Rx,0,8,0D,10,83,B6,09,20,70,00,
151000,000002C4,false,Rx,0,8,09,08,00,00,0A,03,00,00,
151000,000002C5,false,Rx,0,8,00,00,00,00,00,00,00,00,
151000,000002C6,false,Rx,0,8,32,00,7C,01,00,00,00,00,
160000,00000054,false,Rx,0,8,01,05,EF,00,0A,03,00,00,
160000,00000055,false,Rx,0,8,10,27,00,00,00,00,00,00,
160000,00000056,false,Rx,0,8,10,27,00,00,00,00,00,00,
161000,00000057,false,Rx,0,8,00,00,FE,FF,FE,FF,00,00,
199000,00000625,false,Rx,0,8,25,00,59,86,01,54,5C,06,
251000,0000060D,false,Rx,0,8,0D,10,83,B6,09,20,70,00,
299000,00000625,false,Rx,0,8,25,00,59,86,01,54,5C,06,
351000,0000060D,false,Rx,0,8,0D,10,83,B6,09,20,70,00,
0,00000054,false,Rx,0,8,01,05,EF,00,0A,03,00,00,
0,00000055,false,Rx,0,8,10,27,00,00,00,00,00,00,
361000,00000056,false,Rx,0,8,10,27,00,00,00,00,00,00,
362000,00000057,false,Rx,0,8,00,00,FE,FF,FE,FF,00,00,
371000,000002C4,false,Rx,0,8,09,08,00,00,0A,03,00,00,
371000,000002C5,false,Rx,0,8,00,00,00,00,00,00,00,00,
371000,000002C6,false,Rx,0,8,32,00,7C,01,00,00,00,00,
400000,00000625,false,Rx,0,8,25,00,59,86,01,54,5C,06,
450000,0000060D,false,Rx,0,8,0D,10,83,B6,09,20,70,00,
500000,00000625,false,Rx,0,8,25,00,59,86,01,54,5C,06,
550000,0000060D,false,Rx,0,8,0D,10,83,B6,09,20,70,00,
560000,00000054,false,Rx,0,8,01,05,EF,00,0A,03,00,00,
560000,00000055,false,Rx,0,8,10,27,00,00,00,00,00,00,
561000,00000056,false,Rx,0,8,10,27,00,00,00,00,00,00,
561000,00000057,false,Rx,0,8,00,00,FE,FF,FE,FF,00,00,
591000,000002C4,false,Rx,0,8,09,08,00,00,0A,03,00,00,
591000,000002C5,false,Rx,0,8,00,00,00,00,00,00,00,00,
591000,000002C6,false,Rx,0,8,32,00,7C,01,00,00,00,00,
600000,00000625,false,Rx,0,8,25,00,59,86,01,54,5C,06,
650000,0000060D,false,Rx,0,8,0D,10,83,B6,09,20,70,00,
699000,00000625,false,Rx,0,8,25,00,59,86,01,54,5C,06,
751000,0000060D,false,Rx,0,8,0D,10,83,B6,09,20,70,00,
760000,00000054,false,Rx,0,8,01,05,EF,00,0A,03,00,00,
760000,00000055,false,Rx,0,8,10,27,00,00,00,00,00,00,
761000,00000056,false,Rx,0,8,10,27,00,00,00,00,00,00,
761000,00000057,false,Rx,0,8,00,00,FE,FF,FE,FF,00,00,
799000,00000625,false,Rx,0,8,25,00,59,86,01,54,5C,06,
811000,000002C4,false,Rx,0,8,09,08,00,00,0A,03,00,00,
811000,000002C5,false,Rx,0,8,00,00,00,00,00,00,00,00,
811000,000002C6,false,Rx,0,8,32,00,7C,01,00,00,00,00,
850000,0000060D,false,Rx,0,8,0D,10,83,B6,09,20,70,00,
900000,00000625,false,Rx,0,8,25,00,59,86,01,54,5C,06,
950000,0000060D,false,Rx,0,8,0D,10,83,B6,09,20,70,00,
960000,00000054,false,Rx,0,8,01,05,EF,00,0A,03,00,00,
0,00000055,false,Rx,0,8,10,27,00,00,00,00,00,00,
0,00000056,false,Rx,0,8,10,27,00,00,00,00,00,00,
0,00000057,false,Rx,0,8,00,00,FE,FF,FE,FF,00,00,
0,00000625,false,Rx,0,8,25,00,59,86,01,54,5C,06,
31000,000002C4,false,Rx,0,8,09,08,00,00,0A,03,00,00,
31000,000002C5,false,Rx,0,8,00,00,00,00,00,00,00,00,
31000,000002C6,false,Rx,0,8,32,00,7C,01,00,00,00,00,
50000,0000060D,false,Rx,0,8,0D,10,83,B6,09,20,70,00,
100000,00000625,false,Rx,0,8,25,00,59,86,01,54,5C,06,
151000,0000060D,false,Rx,0,8,0D,10,83,B6,09,20,70,00,
160000,00000054,false,Rx,0,8,01,05,EF,00,0A,03,00,00,
160000,00000055,false,Rx,0,8,10,27,00,00,00,00,00,00,
160000,00000056,false,Rx,0,8,10,27,00,00,00,00,00,00,
161000,00000057,false,Rx,0,8,00,00,FE,FF,FE,FF,00,00,
199000,00000625,false,Rx,0,8,25,00,59,86,01,54,5C,06,
250000,0000060D,false,Rx,0,8,0D,10,83,B6,09,20,70,00,
251000,000002C4,false,Rx,0,8,09,08,00,00,0A,03,00,00,
251000,000002C5,false,Rx,0,8,00,00,00,00,00,00,00,00,
251000,000002C6,false,Rx,0,8,32,00,7C,01,00,00,00,00,
300000,00000625,false,Rx,0,8,25,00,59,86,01,54,5C,06,
351000,0000060D,false,Rx,0,8,0D,10,83,B6,09,20,70,00,
360000,00000054,false,Rx,0,8,01,05,EF,00,0A,03,00,00,
361000,00000055,false,Rx,0,8,10,27,00,00,00,00,00,00,
361000,00000056,false,Rx,0,8,10,27,00,00,00,00,00,00,
361000,00000057,false,Rx,0,8,00,00,FE,FF,FE,FF,00,00,
400000,00000625,false,Rx,0,8,25,00,59,86,01,54,5C,06,
450000,0000060D,false,Rx,0,8,0D,10,83,B6,09,20,70,00,
471000,000002C4,false,Rx,0,8,09,08,00,00,0A,03,00,00,
471000,000002C5,false,Rx,0,8,00,00,00,00,00,00,00,00,
471000,000002C6,false,Rx,0,8,32,00,7C,01,00,00,00,00,
499000,00000625,false,Rx,0,8,25,00,59,86,01,54,5C,06,
550000,0000060D,false,Rx,0,8,0D,10,83,B6,09,20,70,00,
560000,00000054,false,Rx,0,8,01,05,EF,00,0A,03,00,00,
561000,00000055,false,Rx,0,8,10,27,00,00,00,00,00,00,
561000,00000056,false,Rx,0,8,10,27,00,00,00,00,00,00,
561000,00000057,false,Rx,0,8,00,00,FE,FF,FE,FF,00,00,
600000,00000625,false,Rx,0,8,25,00,59,86,01,54,5C,06,
650000,0000060D,false,Rx,0,8,0D,10,83,B6,09,20,70,00,
691000,000002C4,false,Rx,0,8,09,08,00,00,0A,03,00,00,
691000,000002C5,false,Rx,0,8,00,00,00,00,00,00,00,00,
691000,000002C6,false,Rx,0,8,32,00,7C,01,00,00,00,00,
700000,00000625,false,Rx,0,8,25,00,59,86,01,54,5C,06,
750000,0000060D,false,Rx,0,8,0D,10,83,B6,09,20,70,00,
760000,00000054,false,Rx,0,8,01,05,EF,00,0A,03,00,00,
760000,00000055,false,Rx,0,8,10,27,00,00,00,00,00,00,
760000,00000056,false,Rx,0,8,10,27,00,00,00,00,00,00,
760000,00000057,false,Rx,0,8,00,00,FE,FF,FE,FF,00,00,
800000,00000625,false,Rx,0,8,25,00,59,86,01,54,5C,06,
851000,0000060D,false,Rx,0,8,0D,10,83,B6,09,20,70,00,
900000,00000625,false,Rx,0,8,25,00,59,86,01,54,5C,06,
910000,000002C4,false,Rx,0,8,09,08,00,00,0A,03,00,00,
911000,000002C5,false,Rx,0,8,00,00,00,00,00,00,00,00,
911000,000002C6,false,Rx,0,8,32,00,7C,01,00,00,00,00,
950000,0000060D,false,Rx,0,8,0D,10,83,B6,09,20,70,00,
960000,00000054,false,Rx,0,8,01,05,EF,00,0A,03,00,00,
960000,00000055,false,Rx,0,8,10,27,00,00,00,00,00,00,
961000,00000056,false,Rx,0,8,10,27,00,00,00,00,00,00,
961000,00000057,false,Rx,0,8,00,00,FE,FF,FE,FF,00,00,
1000,00000625,false,Rx,0,8,25,00,59,86,01,54,5C,06,
51000,0000060D,false,Rx,0,8,0D,10,83,B6,09,20,70,00,
100000,00000625,false,Rx,0,8,25,00,59,86,01,54,5C,06,
131000,000002C4,false,Rx,0,8,09,08,00,00,0A,03,00,00,
131000,000002C5,false,Rx,0,8,00,00,00,00,00,00,00,00,
131000,000002C6,false,Rx,0,8,32,00,7C,01,00,00,00,00,
150000,0000060D,false,Rx,0,8,0D,10,83,B6,09,20,70,00,
160000,00000054,false,Rx,0,8,01,05,EF,00,0A,03,00,00,
160000,00000055,false,Rx,0,8,10,27,00,00,00,00,00,00,
161000,00000056,false,Rx,0,8,10,27,00,00,00,00,00,00,
161000,00000057,false,Rx,0,8,00,00,FE,FF,FE,FF,00,00,
199000,00000625,false,Rx,0,8,25,00,59,86,01,54,5C,06,
250000,0000060D,false,Rx,0,8,0D,10,83,B6,09,20,70,00,
300000,00000625,false,Rx,0,8,25,00,59,86,01,54,5C,06,
350000,0000060D,false,Rx,0,8,0D,10,83,B6,09,20,70,00,
351000,000002C4,false,Rx,0,8,09,08,00,00,0A,03,00,00,
351000,000002C5,false,Rx,0,8,00,00,00,00,00,00,00,00,
351000,000002C6,false,Rx,0,8,32,00,7C,01,00,00,00,00,
360000,00000054,false,Rx,0,8,01,05,EF,00,0A,03,00,00,
360000,00000055,false,Rx,0,8,10,27,00,00,00,00,00,00,
360000,00000056,false,Rx,0,8,10,27,00,00,00,00,00,00,
361000,00000057,false,Rx,0,8,00,00,FE,FF,FE,FF,00,00,
400000,00000625,false,Rx,0,8,25,00,59,86,01,54,5C,06,
450000,0000060D,false,Rx,0,8,0D,10,83,B6,09,20,70,00,
500000,00000625,false,Rx,0,8,25,00,59,86,01,54,5C,06,
551000,0000060D,false,Rx,0,8,0D,10,83,B6,09,20,70,00,
560000,00000054,false,Rx,0,8,01,05,EF,00,0A,03,00,00,
560000,00000055,false,Rx,0,8,10,27,00,00,00,00,00,00,
560000,00000056,false,Rx,0,8,10,27,00,00,00,00,00,00,
561000,00000057,false,Rx,0,8,00,00,FE,FF,FE,FF,00,00,
570000,000002C4,false,Rx,0,8,09,08,00,00,0A,03,00,00,
571000,000002C5,false,Rx,0,8,00,00,00,00,00,00,00,00,
571000,000002C6,false,Rx,0,8,32,00,7C,01,00,00,00,00,
600000,00000625,false,Rx,0,8,25,00,59,86,01,54,5C,06,
650000,0000060D,false,Rx,0,8,0D,10,83,B6,09,20,70,00,
699000,00000625,false,Rx,0,8,25,00,59,86,01,54,5C,06,
751000,0000060D,false,Rx,0,8,0D,10,83,B6,09,20,70,00,
760000,00000054,false,Rx,0,8,01,05,EF,00,0A,03,00,00,
760000,00000055,false,Rx,0,8,10,27,00,00,00,00,00,00,
760000,00000056,false,Rx,0,8,10,27,00,00,00,00,00,00,
761000,00000057,false,Rx,0,8,00,00,FE,FF,FE,FF,00,00,
791000,000002C4,false,Rx,0,8,09,08,00,00,0A,03,00,00,
791000,000002C5,false,Rx,0,8,00,00,00,00,00,00,00,00,
791000,000002C6,false,Rx,0,8,32,00,7C,01,00,00,00,00,
800000,00000625,false,Rx,0,8,25,00,59,86,01,54,5C,06,
851000,0000060D,false,Rx,0,8,0D,10,83,B6,09,20,70,00,
900000,00000625,false,Rx,0,8,25,00,59,86,01,54,5C,06,
950000,0000060D,false,Rx,0,8,0D,10,83,B6,09,20,70,00,
960000,00000054,false,Rx,0,8,01,05,EF,00,0A,03,00,00,
960000,00000055,false,Rx,0,8,10,27,00,00,00,00,00,00,
960000,00000056,false,Rx,0,8,10,27,00,00,00,00,00,00,
961000,00000057,false,Rx,0,8,00,00,FE,FF,FE,FF,00,00,
0,00000625,false,Rx,0,8,25,00,59,86,01,54,5C,06,
10000,000002C4,false,Rx,0,8,09,08,00,00,0A,03,00,00,
10000,000002C5,false,Rx,0,8,00,00,00,00,00,00,00,00,
11000,000002C6,false,Rx,0,8,32,00,7C,01,00,00,00,00,
50000,0000060D,false,Rx,0,8,0D,10,83,B6,09,20,70,00,
99000,00000625,false,Rx,0,8,25,00,59,86,01,54,5C,06,
151000,0000060D,false,Rx,0,8,0D,10,83,B6,09,20,70,00,
160000,00000054,false,Rx,0,8,01,05,EF,00,0A,03,00,00,
0,00000055,false,Rx,0,8,10,27,00,00,00,00,00,00,
0,00000056,false,Rx,0,8,10,27,00,00,00,00,00,00,
161000,00000057,false,Rx,0,8,00,00,FE,FF,FE,FF,00,00,
200000,00000625,false,Rx,0,8,25,00,59,86,01,54,5C,06,
231000,000002C4,false,Rx,0,8,09,08,00,00,0A,03,00,00,
231000,000002C5,false,Rx,0,8,00,00,00,00,00,00,00,00,
232000,000002C6,false,Rx,0,8,32,00,7C,01,00,00,00,00,
251000,0000060D,false,Rx,0,8,0D,10,83,B6,09,20,70,00,
300000,00000625,false,Rx,0,8,25,00,59,86,01,54,5C,06,
350000,0000060D,false,Rx,0,8,0D,10,83,B6,09,20,70,00,
0,00000054,false,Rx,0,8,01,05,EF,00,0A,03,00,00,
0,00000055,false,Rx,0,8,10,27,00,00,00,00,00,00,
360000,00000056,false,Rx,0,8,10,27,00,00,00,00,00,00,
362000,00000057,false,Rx,0,8,00,00,FE,FF,FE,FF,00,00,
399000,00000625,false,Rx,0,8,25,00,59,86,01,54,5C,06,
450000,0000060D,false,Rx,0,8,0D,10,83,B6,09,20,70,00,
451000,000002C4,false,Rx,0,8,09,08,00,00,0A,03,00,00,
451000,000002C5,false,Rx,0,8,00,00,00,00,00,00,00,00,
451000,000002C6,false,Rx,0,8,32,00,7C,01,00,00,00,00,
500000,00000625,false,Rx,0,8,25,00,59,86,01,54,5C,06,
551000,0000060D,false,Rx,0,8,0D,10,83,B6,09,20,70,00,
560000,00000054,false,Rx,0,8,01,05,EF,00,0A,03,00,00,
560000,00000055,false,Rx,0,8,10,27,00,00,00,00,00,00,
561000,00000056,false,Rx,0,8,10,27,00,00,00,00,00,00,
561000,00000057,false,Rx,0,8,00,00,FE,FF,FE,FF,00,00,
600000,00000625,false,Rx,0,8,25,00,59,86,01,54,5C,06,
651000,0000060D,false,Rx,0,8,0D,10,83,B6,09,20,70,00,
670000,000002C4,false,Rx,0,8,09,08,00,00,0A,03,00,00,
671000,000002C5,false,Rx,0,8,00,00,00,00,00,00,00,00,
671000,000002C6,false,Rx,0,8,32,00,7C,01,00,00,00,00,
699000,00000625,false,Rx,0,8,25,00,59,86,01,54,5C,06,
750000,0000060D,false,Rx,0,8,0D,10,83,B6,09,20,70,00,
760000,00000054,false,Rx,0,8,01,05,EF,00,0A,03,00,00,
0,00000055,false,Rx,0,8,10,27,00,00,00,00,00,00,
0,00000056,false,Rx,0,8,10,27,00,00,00,00,00,00,
760000,00000057,false,Rx,0,8,00,00,FE,FF,FE,FF,00,00,
800000,00000625,false,Rx,0,8,25,00,59,86,01,54,5C,06,
850000,0000060D,false,Rx,0,8,0D,10,83,B6,09,20,70,00,
891000,000002C4,false,Rx,0,8,09,08,00,00,0A,03,00,00,
0,000002C5,false,Rx,0,8,00,00,00,00,00,00,00,00,
0,000002C6,false,Rx,0,8,32,00,7C,01,00,00,00,00,
900000,00000625,false,Rx,0,8,25,00,59,86,01,54,5C,06,
950000,0000060D,false,Rx,0,8,0D,10,83,B6,09,20,70,00,
960000,00000054,false,Rx,0,8,01,05,EF,00,0A,03,00,00,
961000,00000055,false,Rx,0,8,10,27,00,00,00,00,00,00,
961000,00000056,false,Rx,0,8,10,27,00,00,00,00,00,00,
961000,00000057,false,Rx,0,8,00,00,FE,FF,FE,FF,00,00,
999000,00000625,false,Rx,0,8,25,00,59,86,01,54,5C,06,
50000,0000060D,false,Rx,0,8,0D,10,83,B6,09,20,70,00,
99000,00000625,false,Rx,0,8,25,00,59,86,01,54,5C,06,
111000,000002C4,false,Rx,0,8,09,08,00,00,0A,03,00,00,
111000,000002C5,false,Rx,0,8,00,00,00,00,00,00,00,00,
111000,000002C6,false,Rx,0,8,32,00,7C,01,00,00,00,00,
151000,0000060D,false,Rx,0,8,0D,10,83,B6,09,20,70,00,
160000,00000054,false,Rx,0,8,01,05,EF,00,0A,03,00,00,
160000,00000055,false,Rx,0,8,10,27,00,00,00,00,00,00,
160000,00000056,false,Rx,0,8,10,27,00,00,00,00,00,00,
161000,00000057,false,Rx,0,8,00,00,FE,FF,FE,FF,00,00,
200000,00000625,false,Rx,0,8,25,00,59,86,01,54,5C,06,
250000,0000060D,false,Rx,0,8,0D,10,83,B6,09,20,70,00,
300000,00000625,false,Rx,0,8,25,00,59,86,01,54,5C,06,
331000,000002C4,false,Rx,0,8,09,08,00,00,0A,03,00,00,
331000,000002C5,false,Rx,0,8,00,00,00,00,00,00,00,00,
331000,000002C6,false,Rx,0,8,32,00,7C,01,00,00,00,00,
351000,0000060D,false,Rx,0,8,0D,10,83,B6,09,20,70,00,
0,00000054,false,Rx,0,8,01,05,EF,00,0A,03,00,00,
0,00000055,false,Rx,0,8,10,27,00,00,00,00,00,00,
0,00000056,false,Rx,0,8,10,27,00,00,00,00,00,00,
0,00000057,false,Rx,0,8,00,00,FE,FF,FE,FF,00,00,
400000,00000625,false,Rx,0,8,25,00,59,86,01,54,5C,06,
451000,0000060D,false,Rx,0,8,0D,10,83,B6,09,20,70,00,
500000,00000625,false,Rx,0,8,25,00,59,86,01,54,5C,06,
551000,0000060D,false,Rx,0,8,0D,10,83,B6,09,20,70,00,
551000,000002C4,false,Rx,0,8,09,08,00,00,0A,03,00,00,
551000,000002C5,false,Rx,0,8,00,00,00,00,00,00,00,00,
551000,000002C6,false,Rx,0,8,32,00,7C,01,00,00,00,00,
560000,00000054,false,Rx,0,8,01,05,EF,00,0A,03,00,00,
560000,00000055,false,Rx,0,8,10,27,00,00,00,00,00,00,
560000,00000056,false,Rx,0,8,10,27,00,00,00,00,00,00,
560000,00000057,false,Rx,0,8,00,00,FE,FF,FE,FF,00,00,
599000,00000625,false,Rx,0,8,25,00,59,86,01,54,5C,06,
650000,0000060D,false,Rx,0,8,0D,10,83,B6,09,20,70,00,
700000,00000625,false,Rx,0,8,25,00,59,86,01,54,5C,06,
750000,0000060D,false,Rx,0,8,0D,10,83,B6,09,20,70,00,
760000,00000054,false,Rx,0,8,01,05,EF,00,0A,03,00,00,
761000,00000055,false,Rx,0,8,10,27,00,00,00,00,00,00,
0,00000056,false,Rx,0,8,10,27,00,00,00,00,00,00,
0,00000057,false,Rx,0,8,00,00,FE,FF,FE,FF,00,00,
771000,000002C4,false,Rx,0,8,09,08,00,00,0A,03,00,00,
771000,000002C5,false,Rx,0,8,00,00,00,00,00,00,00,00,
771000,000002C6,false,Rx,0,8,32,00,7C,01,00,00,00,00,
800000,00000625,false,Rx,0,8,25,00,59,86,01,54,5C,06,
850000,0000060D,false,Rx,0,8,0D,10,83,B6,09,20,70,00,
899000,00000625,false,Rx,0,8,25,00,59,86,01,54,5C,06,
950000,0000060D,false,Rx,0,8,0D,10,83,B6,09,20,70,00,
960000,00000054,false,Rx,0,8,01,05,EF,00,0A,03,00,00,
960000,00000055,false,Rx,0,8,10,27,00,00,00,00,00,00,
960000,00000056,false,Rx,0,8,10,27,00,00,00,00,00,00,
961000,00000057,false,Rx,0,8,00,00,FE,FF,FE,FF,00,00,
991000,000002C4,false,Rx,0,8,09,08,00,00,0A,03,00,00,
991000,000002C5,false,Rx,0,8,00,00,00,00,00,00,00,00,
991000,000002C6,false,Rx,0,8,32,00,7C,01,00,00,00,00,
0,00000625,false,Rx,0,8,25,00,59,86,01,54,5C,06,
51000,0000060D,false,Rx,0,8,0D,10,83,B6,09,20,70,00,
100000,00000625,false,Rx,0,8,25,00,59,86,01,54,5C,06,
151000,0000060D,false,Rx,0,8,0D,10,83,B6,09,20,70,00,
160000,00000054,false,Rx,0,8,01,05,EF,00,0A,03,00,00,
160000,00000055,false,Rx,0,8,10,27,00,00,00,00,00,00,
161000,00000056,false,Rx,0,8,10,27,00,00,00,00,00,00,
161000,00000057,false,Rx,0,8,00,00,FE,FF,FE,FF,00,00,
199000,00000625,false,Rx,0,8,25,00,59,86,01,54,5C,06,
211000,000002C4,false,Rx,0,8,09,08,00,00,0A,03,00,00,
211000,000002C5,false,Rx,0,8,00,00,00,00,00,00,00,00,
211000,000002C6,false,Rx,0,8,32,00,7C,01,00,00,00,00,
251000,0000060D,false,Rx,0,8,0D,10,83,B6,09,20,70,00,
299000,00000625,false,Rx,0,8,25,00,59,86,01,54,5C,06,
350000,0000060D,false,Rx,0,8,0D,10,83,B6,09,20,70,00,
0,00000054,false,Rx,0,8,01,05,EF,00,0A,03,00,00,
0,00000055,false,Rx,0,8,10,27,00,00,00,00,00,00,
360000,00000056,false,Rx,0,8,10,27,00,00,00,00,00,00,
361000,00000057,false,Rx,0,8,00,00,FE,FF,FE,FF,00,00,
399000,00000625,false,Rx,0,8,25,00,59,86,01,54,5C,06,
431000,000002C4,false,Rx,0,8,09,08,00,00,0A,03,00,00,
431000,000002C5,false,Rx,0,8,00,00,00,00,00,00,00,00,
431000,000002C6,false,Rx,0,8,32,00,7C,01,00,00,00,00,
450000,0000060D,false,Rx,0,8,0D,10,83,B6,09,20,70,00,
500000,00000625,false,Rx,0,8,25,00,59,86,01,54,5C,06,
550000,0000060D,false,Rx,0,8,0D,10,83,B6,09,20,70,00,
560000,00000054,false,Rx,0,8,01,05,EF,00,0A,03,00,00,
560000,00000055,false,Rx,0,8,10,27,00,00,00,00,00,00,
560000,00000056,false,Rx,0,8,10,27,00,00,00,00,00,00,
561000,00000057,false,Rx,0,8,00,00,FE,FF,FE,FF,00,00,
599000,00000625,false,Rx,0,8,25,00,59,86,01,54,5C,06,
650000,0000060D,false,Rx,0,8,0D,10,83,B6,09,20,70,00,
651000,000002C4,false,Rx,0,8,09,08,00,00,0A,03,00,00,
651000,000002C5,false,Rx,0,8,00,00,00,00,00,00,00,00,
651000,000002C6,false,Rx,0,8,32,00,7C,01,00,00,00,00,
700000,00000625,false,Rx,0,8,25,00,59,86,01,54,5C,06,
750000,0000060D,false,Rx,0,8,0D,10,83,B6,09,20,70,00,
760000,00000054,false,Rx,0,8,01,05,EF,00,0A,03,00,00,
761000,00000055,false,Rx,0,8,10,27,00,00,00,00,00,00,
761000,00000056,false,Rx,0,8,10,27,00,00,00,00,00,00,
761000,00000057,false,Rx,0,8,00,00,FE,FF,FE,FF,00,00,
800000,00000625,false,Rx,0,8,25,00,59,86,01,54,5C,06,
850000,0000060D,false,Rx,0,8,0D,10,83,B6,09,20,70,00,
870000,000002C4,false,Rx,0,8,09,08,00,00,0A,03,00,00,
871000,000002C5,false,Rx,0,8,00,00,00,00,00,00,00,00,
871000,000002C6,false,Rx,0,8,32,00,7C,01,00,00,00,00,
900000,00000625,false,Rx,0,8,25,00,59,86,01,54,5C,06,
950000,0000060D,false,Rx,0,8,0D,10,83,B6,09,20,70,00,
960000,00000054,false,Rx,0,8,01,05,EF,00,0A,03,00,00,
961000,00000055,false,Rx,0,8,10,27,00,00,00,00,00,00,
961000,00000056,false,Rx,0,8,10,27,00,00,00,00,00,00,
961000,00000057,false,Rx,0,8,00,00,FE,FF,FE,FF,00,00,
0,00000625,false,Rx,0,8,25,00,59,86,01,54,5C,06,
50000,0000060D,false,Rx,0,8,0D,10,83,B6,09,20,70,00,
91000,000002C4,false,Rx,0,8,09,08,00,00,0A,03,00,00,
91000,000002C5,false,Rx,0,8,00,00,00,00,00,00,00,00,
91000,000002C6,false,Rx,0,8,32,00,7C,01,00,00,00,00,
99000,00000625,false,Rx,0,8,25,00,59,86,01,54,5C,06,
150000,0000060D,false,Rx,0,8,0D,10,83,B6,09,20,70,00,
160000,00000054,false,Rx,0,8,01,05,EF,00,0A,03,00,00,
160000,00000055,false,Rx,0,8,10,27,00,00,00,00,00,00,
161000,00000056,false,Rx,0,8,10,27,00,00,00,00,00,00,
161000,00000057,false,Rx,0,8,00,00,FE,FF,FE,FF,00,00,
199000,00000625,false,Rx,0,8,25,00,59,86,01,54,5C,06,
250000,0000060D,false,Rx,0,8,0D,10,83,B6,09,20,70,00,
300000,00000625,false,Rx,0,8,25,00,59,86,01,54,5C,06,
311000,000002C4,false,Rx,0,8,09,08,00,00,0A,03,00,00,
311000,000002C5,false,Rx,0,8,00,00,00,00,00,00,00,00,
312000,000002C6,false,Rx,0,8,32,00,7C,01,00,00,00,00,
350000,0000060D,false,Rx,0,8,0D,10,83,B6,09,20,70,00,
0,00000054,false,Rx,0,8,01,05,EF,00,0A,03,00,00,
0,00000055,false,Rx,0,8,10,27,00,00,00,00,00,00,
0,00000056,false,Rx,0,8,10,27,00,00,00,00,00,00,
0,00000057,false,Rx,0,8,00,00,FE,FF,FE,FF,00,00,
400000,00000625,false,Rx,0,8,25,00,59,86,01,54,5C,06,
450000,0000060D,false,Rx,0,8,0D,10,83,B6,09,20,70,00,
500000,00000625,false,Rx,0,8,25,00,59,86,01,54,5C,06,
0,000002C4,false,Rx,0,8,09,08,00,00,0A,03,00,00,
0,000002C5,false,Rx,0,8,00,00,00,00,00,00,00,00,
532000,000002C6,false,Rx,0,8,32,00,7C,01,00,00,00,00,
550000,0000060D,false,Rx,0,8,0D,10,83,B6,09,20,70,00,
0,00000054,false,Rx,0,8,01,05,EF,00,0A,03,00,00,
0,00000055,false,Rx,0,8,10,27,00,00,00,00,00,00,
0,00000056,false,Rx,0,8,10,27,00,00,00,00,00,00,
0,00000057,false,Rx,0,8,00,00,FE,FF,FE,FF,00,00,
600000,00000625,false,Rx,0,8,25,00,59,86,01,54,5C,06,
650000,0000060D,false,Rx,0,8,0D,10,83,B6,09,20,70,00,
699000,00000625,false,Rx,0,8,25,00,59,86,01,54,5C,06,
750000,0000060D,false,Rx,0,8,0D,10,83,B6,09,20,70,00,
751000,000002C4,false,Rx,0,8,09,08,00,00,0A,03,00,00,
751000,000002C5,false,Rx,0,8,00,00,00,00,00,00,00,00,
751000,000002C6,false,Rx,0,8,32,00,7C,01,00,00,00,00,
0,00000054,false,Rx,0,8,01,05,EF,00,0A,03,00,00,
0,00000055,false,Rx,0,8,10,27,00,00,00,00,00,00,
760000,00000056,false,Rx,0,8,10,27,00,00,00,00,00,00,
761000,00000057,false,Rx,0,8,00,00,FE,FF,FE,FF,00,00,
800000,00000625,false,Rx,0,8,25,00,59,86,01,54,5C,06,
850000,0000060D,false,Rx,0,8,0D,10,83,B6,09,20,70,00,
899000,00000625,false,Rx,0,8,25,00,59,86,01,54,5C,06,
950000,0000060D,false,Rx,0,8,0D,10,83,B6,09,20,70,00,
960000,00000054,false,Rx,0,8,01,05,EF,00,0A,03,00,00,
960000,00000055,false,Rx,0,8,10,27,00,00,00,00,00,00,
961000,00000056,false,Rx,0,8,10,27,00,00,00,00,00,00,
961000,00000057,false,Rx,0,8,00,00,FE,FF,FE,FF,00,00,
970000,000002C4,false,Rx,0,8,09,08,00,00,0A,03,00,00,
971000,000002C5,false,Rx,0,8,00,00,00,00,00,00,00,00,
971000,000002C6,false,Rx,0,8,32,00,7C,01,00,00,00,00,
999000,00000625,false,Rx,0,8,25,00,59,86,01,54,5C,06,
51000,0000060D,false,Rx,0,8,0D,10,83,B6,09,20,70,00,
100000,00000625,false,Rx,0,8,25,00,59,86,01,54,5C,06,
151000,0000060D,false,Rx,0,8,0D,10,83,B6,09,20,70,00,
160000,00000054,false,Rx,0,8,01,05,EF,00,0A,03,00,00,
160000,00000055,false,Rx,0,8,10,27,00,00,00,00,00,00,
160000,00000056,false,Rx,0,8,10,27,00,00,00,00,00,00,
161000,00000057,false,Rx,0,8,00,00,FE,FF,FE,FF,00,00,
191000,000002C4,false,Rx,0,8,09,08,00,00,0A,03,00,00,
191000,000002C5,false,Rx,0,8,00,00,00,00,00,00,00,00,
191000,000002C6,false,Rx,0,8,32,00,7C,01,00,00,00,00,
199000,00000625,false,Rx,0,8,25,00,59,86,01,54,5C,06,
250000,0000060D,false,Rx,0,8,0D,10,83,B6,09,20,70,00,
300000,00000625,false,Rx,0,8,25,00,59,86,01,54,5C,06,
350000,0000060D,false,Rx,0,8,0D,10,83,B6,09,20,70,00,
0,00000054,false,Rx,0,8,01,05,EF,00,0A,03,00,00,
0,00000055,false,Rx,0,8,10,27,00,00,00,00,00,00,
361000,00000056,false,Rx,0,8,10,27,00,00,00,00,00,00,
361000,00000057,false,Rx,0,8,00,00,FE,FF,FE,FF,00,00,
400000,00000625,false,Rx,0,8,25,00,59,86,01,54,5C,06,
411000,000002C4,false,Rx,0,8,09,08,00,00,0A,03,00,00,
412000,000002C5,false,Rx,0,8,00,00,00,00,00,00,00,00,
412000,000002C6,false,Rx,0,8,32,00,7C,01,00,00,00,00,
451000,0000060D,false,Rx,0,8,0D,10,83,B6,09,20,70,00,
500000,00000625,false,Rx,0,8,25,00,59,86,01,54,5C,06,
550000,0000060D,false,Rx,0,8,0D,10,83,B6,09,20,70,00,
560000,00000054,false,Rx,0,8,01,05,EF,00,0A,03,00,00,
560000,00000055,false,Rx,0,8,10,27,00,00,00,00,00,00,
560000,00000056,false,Rx,0,8,10,27,00,00,00,00,00,00,
561000,00000057,false,Rx,0,8,00,00,FE,FF,FE,FF,00,00,
600000,00000625,false,Rx,0,8,25,00,59,86,01,54,5C,06,
0,000002C4,false,Rx,0,8,09,08,00,00,0A,03,00,00,
0,000002C5,false,Rx,0,8,00,00,00,00,00,00,00,00,
631000,000002C6,false,Rx,0,8,32,00,7C,01,00,00,00,00,
650000,0000060D,false,Rx,0,8,0D,10,83,B6,09,20,70,00,
700000,00000625,false,Rx,0,8,25,00,59,86,01,54,5C,06,
750000,0000060D,false,Rx,0,8,0D,10,83,B6,09,20,70,00,
761000,00000054,false,Rx,0,8,01,05,EF,00,0A,03,00,00,
761000,00000055,false,Rx,0,8,10,27,00,00,00,00,00,00,
761000,00000056,false,Rx,0,8,10,27,00,00,00,00,00,00,
761000,00000057,false,Rx,0,8,00,00,FE,FF,FE,FF,00,00,
799000,00000625,false,Rx,0,8,25,00,59,86,01,54,5C,06,
851000,0000060D,false,Rx,0,8,0D,10,83,B6,09,20,70,00,
0,000002C4,false,Rx,0,8,09,08,00,00,0A,03,00,00,
0,000002C5,false,Rx,0,8,00,00,00,00,00,00,00,00,
851000,000002C6,false,Rx,0,8,32,00,7C,01,00,00,00,00,
900000,00000625,false,Rx,0,8,25,00,59,86,01,54,5C,06,
950000,0000060D,false,Rx,0,8,0D,10,83,B6,09,20,70,00,
961000,00000054,false,Rx,0,8,01,05,EF,00,0A,03,00,00,
961000,00000055,false,Rx,0,8,10,27,00,00,00,00,00,00,
961000,00000056,false,Rx,0,8,10,27,00,00,00,00,00,00,
961000,00000057,false,Rx,0,8,00,00,FE,FF,FE,FF,00,00,
999000,00000625,false,Rx,0,8,25,00,59,86,01,54,5C,06,
51000,0000060D,false,Rx,0,8,0D,10,83,B6,09,20,70,00,
71000,000002C4,false,Rx,0,8,09,08,00,00,0A,03,00,00,
71000,000002C5,false,Rx,0,8,00,00,00,00,00,00,00,00,
72000,000002C6,false,Rx,0,8,32,00,7C,01,00,00,00,00,
100000,00000625,false,Rx,0,8,25,00,59,86,01,54,5C,06,
150000,0000060D,false,Rx,0,8,0D,10,83,B6,09,20,70,00,
160000,00000054,false,Rx,0,8,01,05,EF,00,0A,03,00,00,
160000,00000055,false,Rx,0,8,10,27,00,00,00,00,00,00,
161000,00000056,false,Rx,0,8,10,27,00,00,00,00,00,00,
161000,00000057,false,Rx,0,8,00,00,FE,FF,FE,FF,00,00,
199000,00000625,false,Rx,0,8,25,00,59,86,01,54,5C,06,
250000,0000060D,false,Rx,0,8,0D,10,83,B6,09,20,70,00,
291000,000002C4,false,Rx,0,8,09,08,00,00,0A,03,00,00,
291000,000002C5,false,Rx,0,8,00,00,00,00,00,00,00,00,
292000,000002C6,false,Rx,0,8,32,00,7C,01,00,00,00,00,
300000,00000625,false,Rx,0,8,25,00,59,86,01,54,5C,06,
350000,0000060D,false,Rx,0,8,0D,10,83,B6,09,20,70,00,
0,00000054,false,Rx,0,8,01,05,EF,00,0A,03,00,00,
0,00000055,false,Rx,0,8,10,27,00,00,00,00,00,00,
361000,00000056,false,Rx,0,8,10,27,00,00,00,00,00,00,
361000,00000057,false,Rx,0,8,00,00,FE,FF,FE,FF,00,00,
400000,00000625,false,Rx,0,8,25,00,59,86,01,54,5C,06,
450000,0000060D,false,Rx,0,8,0D,10,83,B6,09,20,70,00,
500000,00000625,false,Rx,0,8,25,00,59,86,01,54,5C,06,
0,000002C4,false,Rx,0,8,09,08,00,00,0A,03,00,00,
0,000002C5,false,Rx,0,8,00,00,00,00,00,00,00,00,
511000,000002C6,false,Rx,0,8,32,00,7C,01,00,00,00,00,
550000,0000060D,false,Rx,0,8,0D,10,83,B6,09,20,70,00,
560000,00000054,false,Rx,0,8,01,05,EF,00,0A,03,00,00,
560000,00000055,false,Rx,0,8,10,27,00,00,00,00,00,00,
561000,00000056,false,Rx,0,8,10,27,00,00,00,00,00,00,
561000,00000057,false,Rx,0,8,00,00,FE,FF,FE,FF,00,00,
600000,00000625,false,Rx,0,8,25,00,59,86,01,54,5C,06,
650000,0000060D,false,Rx,0,8,0D,10,83,B6,09,20,70,00,
700000,00000625,false,Rx,0,8,25,00,59,86,01,54,5C,06,
731000,000002C4,false,Rx,0,8,09,08,00,00,0A,03,00,00,
731000,000002C5,false,Rx,0,8,00,00,00,00,00,00,00,00,
732000,000002C6,false,Rx,0,8,32,00,7C,01,00,00,00,00,
752000,0000060D,false,Rx,0,8,0D,10,83,B6,09,20,70,00,
760000,00000054,false,Rx,0,8,01,05,EF,00,0A,03,00,00,
760000,00000055,false,Rx,0,8,10,27,00,00,00,00,00,00,
761000,00000056,false,Rx,0,8,10,27,00,00,00,00,00,00,
761000,00000057,false,Rx,0,8,00,00,FE,FF,FE,FF,00,00,
800000,00000625,false,Rx,0,8,25,00,59,86,01,54,5C,06,
851000,0000060D,false,Rx,0,8,0D,10,83,B6,09,20,70,00,
900000,00000625,false,Rx,0,8,25,00,59,86,01,54,5C,06,
951000,0000060D,false,Rx,0,8,0D,10,83,B6,09,20,70,00,
951000,000002C4,false,Rx,0,8,09,08,00,00,0A,03,00,00,
951000,000002C5,false,Rx,0,8,00,00,00,00,00,00,00,00,
952000,000002C6,false,Rx,0,8,32,00,7C,01,00,00,00,00,
960000,00000054,false,Rx,0,8,01,05,EF,00,0A,03,00,00,
961000,00000055,false,Rx,0,8,10,27,00,00,00,00,00,00,
961000,00000056,false,Rx,0,8,10,27,00,00,00,00,00,00,
961000,00000057,false,Rx,0,8,00,00,FE,FF,FE,FF,00,00,
0,00000625,false,Rx,0,8,25,00,59,86,01,54,5C,06,
50000,0000060D,false,Rx,0,8,0D,10,83,B6,09,20,70,00,
100000,00000625,false,Rx,0,8,25,00,59,86,01,54,5C,06,
150000,0000060D,false,Rx,0,8,0D,10,83,B6,09,20,70,00,
160000,00000054,false,Rx,0,8,01,05,EF,00,0A,03,00,00,
160000,00000055,false,Rx,0,8,10,27,00,00,00,00,00,00,
160000,00000056,false,Rx,0,8,10,27,00,00,00,00,00,00,
161000,00000057,false,Rx,0,8,00,00,FE,FF,FE,FF,00,00,
0,000002C4,false,Rx,0,8,09,08,00,00,0A,03,00,00,
0,000002C5,false,Rx,0,8,00,00,00,00,00,00,00,00,
172000,000002C6,false,Rx,0,8,32,00,7C,01,00,00,00,00,
200000,00000625,false,Rx,0,8,25,00,59,86,01,54,5C,06,
250000,0000060D,false,Rx,0,8,0D,10,83,B6,09,20,70,00,
299000,00000625,false,Rx,0,8,25,00,59,86,01,54,5C,06,
350000,0000060D,false,Rx,0,8,0D,10,83,B6,09,20,70,00,
360000,00000054,false,Rx,0,8,01,05,EF,00,0A,03,00,00,
360000,00000055,false,Rx,0,8,10,27,00,00,00,00,00,00,
360000,00000056,false,Rx,0,8,10,27,00,00,00,00,00,00,
361000,00000057,false,Rx,0,8,00,00,FE,FF,FE,FF,00,00,
0,000002C4,false,Rx,0,8,09,08,00,00,0A,03,00,00,
0,000002C5,false,Rx,0,8,00,00,00,00,00,00,00,00,
391000,000002C6,false,Rx,0,8,32,00,7C,01,00,00,00,00,
400000,00000625,false,Rx,0,8,25,00,59,86,01,54,5C,06,
450000,0000060D,false,Rx,0,8,0D,10,83,B6,09,20,70,00,
500000,00000625,false,Rx,0,8,25,00,59,86,01,54,5C,06,
550000,0000060D,false,Rx,0,8,0D,10,83,B6,09,20,70,00,
560000,00000054,false,Rx,0,8,01,05,EF,00,0A,03,00,00,
560000,00000055,false,Rx,0,8,10,27,00,00,00,00,00,00,
0,00000056,false,Rx,0,8,10,27,00,00,00,00,00,00,
0,00000057,false,Rx,0,8,00,00,FE,FF,FE,FF,00,00,
600000,00000625,false,Rx,0,8,25,00,59,86,01,54,5C,06,
611000,000002C4,false,Rx,0,8,09,08,00,00,0A,03,00,00,
611000,000002C5,false,Rx,0,8,00,00,00,00,00,00,00,00,
611000,000002C6,false,Rx,0,8,32,00,7C,01,00,00,00,00,
651000,0000060D,false,Rx,0,8,0D,10,83,B6,09,20,70,00,
700000,00000625,false,Rx,0,8,25,00,59,86,01,54,5C,06,
751000,0000060D,false,Rx,0,8,0D,10,83,B6,09,20,70,00,
0,00000054,false,Rx,0,8,01,05,EF,00,0A,03,00,00,
0,00000055,false,Rx,0,8,10,27,00,00,00,00,00,00,
760000,00000056,false,Rx,0,8,10,27,00,00,00,00,00,00,
762000,00000057,false,Rx,0,8,00,00,FE,FF,FE,FF,00,00,
800000,00000625,false,Rx,0,8,25,00,59,86,01,54,5C,06,
831000,000002C4,false,Rx,0,8,09,08,00,00,0A,03,00,00,
831000,000002C5,false,Rx,0,8,00,00,00,00,00,00,00,00,
832000,000002C6,false,Rx,0,8,32,00,7C,01,00,00,00,00,
851000,0000060D,false,Rx,0,8,0D,10,83,B6,09,20,70,00,
900000,00000625,false,Rx,0,8,25,00,59,86,01,54,5C,06,
950000,0000060D,false,Rx,0,8,0D,10,83,B6,09,20,70,00,
960000,00000054,false,Rx,0,8,01,05,EF,00,0A,03,00,00,
960000,00000055,false,Rx,0,8,10,27,00,00,00,00,00,00,
961000,00000056,false,Rx,0,8,10,27,00,00,00,00,00,00,
961000,00000057,false,Rx,0,8,00,00,FE,FF,FE,FF,00,00,
0,00000625,false,Rx,0,8,25,00,59,86,01,54,5C,06,
50000,0000060D,false,Rx,0,8,0D,10,83,B6,09,20,70,00,
51000,000002C4,false,Rx,0,8,09,08,00,00,0A,03,00,00,
52000,000002C5,false,Rx,0,8,00,00,00,00,00,00,00,00,
52000,000002C6,false,Rx,0,8,32,00,7C,01,00,00,00,00,
100000,00000625,false,Rx,0,8,25,00,59,86,01,54,5C,06,
151000,0000060D,false,Rx,0,8,0D,10,83,B6,09,20,70,00,
160000,00000054,false,Rx,0,8,01,05,EF,00,0A,03,00,00,
161000,00000055,false,Rx,0,8,10,27,00,00,00,00,00,00,
161000,00000056,false,Rx,0,8,10,27,00,00,00,00,00,00,
161000,00000057,false,Rx,0,8,00,00,FE,FF,FE,FF,00,00,
200000,00000625,false,Rx,0,8,25,00,59,86,01,54,5C,06,
250000,0000060D,false,Rx,0,8,0D,10,83,B6,09,20,70,00,
271000,000002C4,false,Rx,0,8,09,08,00,00,0A,03,00,00,
271000,000002C5,false,Rx,0,8,00,00,00,00,00,00,00,00,
272000,000002C6,false,Rx,0,8,32,00,7C,01,00,00,00,00,
300000,00000625,false,Rx,0,8,25,00,59,86,01,54,5C,06,
350000,0000060D,false,Rx,0,8,0D,10,83,B6,09,20,70,00,
0,00000054,false,Rx,0,8,01,05,EF,00,0A,03,00,00,
0,00000055,false,Rx,0,8,10,27,00,00,00,00,00,00,
361000,00000056,false,Rx,0,8,10,27,00,00,00,00,00,00,
362000,00000057,false,Rx,0,8,00,00,FE,FF,FE,FF,00,00,
400000,00000625,false,Rx,0,8,25,00,59,86,01,54,5C,06,
450000,0000060D,false,Rx,0,8,0D,10,83,B6,09,20,70,00,
491000,000002C4,false,Rx,0,8,09,08,00,00,0A,03,00,00,
491000,000002C5,false,Rx,0,8,00,00,00,00,00,00,00,00,
491000,000002C6,false,Rx,0,8,32,00,7C,01,00,00,00,00,
500000,00000625,false,Rx,0,8,25,00,59,86,01,54,5C,06,
550000,0000060D,false,Rx,0,8,0D,10,83,B6,09,20,70,00,
560000,00000054,false,Rx,0,8,01,05,EF,00,0A,03,00,00,
560000,00000055,false,Rx,0,8,10,27,00,00,00,00,00,00,
561000,00000056,false,Rx,0,8,10,27,00,00,00,00,00,00,
561000,00000057,false,Rx,0,8,00,00,FE,FF,FE,FF,00,00,
600000,00000625,false,Rx,0,8,25,00,59,86,01,54,5C,06,
650000,0000060D,false,Rx,0,8,0D,10,83,B6,09,20,70,00,
700000,00000625,false,Rx,0,8,25,00,59,86,01,54,5C,06,
711000,000002C4,false,Rx,0,8,09,08,00,00,0A,03,00,00,
711000,000002C5,false,Rx,0,8,00,00,00,00,00,00,00,00,
711000,000002C6,false,Rx,0,8,32,00,7C,01,00,00,00,00,
750000,0000060D,false,Rx,0,8,0D,10,83,B6,09,20,70,00,
761000,00000054,false,Rx,0,8,01,05,EF,00,0A,03,00,00,
761000,00000055,false,Rx,0,8,10,27,00,00,00,00,00,00,
761000,00000056,false,Rx,0,8,10,27,00,00,00,00,00,00,
761000,00000057,false,Rx,0,8,00,00,FE,FF,FE,FF,00,00,
800000,00000625,false,Rx,0,8,25,00,59,86,01,54,5C,06,
851000,0000060D,false,Rx,0,8,0D,10,83,B6,09,20,70,00,
899000,00000625,false,Rx,0,8,25,00,59,86,01,54,5C,06,
931000,000002C4,false,Rx,0,8,09,08,00,00,0A,03,00,00,
931000,000002C5,false,Rx,0,8,00,00,00,00,00,00,00,00,
931000,000002C6,false,Rx,0,8,32,00,7C,01,00,00,00,00,
951000,0000060D,false,Rx,0,8,0D,10,83,B6,09,20,70,00,
960000,00000054,false,Rx,0,8,01,05,EF,00,0A,03,00,00,
960000,00000055,false,Rx,0,8,10,27,00,00,00,00,00,00,
961000,00000056,false,Rx,0,8,10,27,00,00,00,00,00,00,
961000,00000057,false,Rx,0,8,00,00,FE,FF,FE,FF,00,00,
0,00000625,false,Rx,0,8,25,00,59,86,01,54,5C,06,
51000,0000060D,false,Rx,0,8,0D,10,83,B6,09,20,70,00,
100000,00000625,false,Rx,0,8,25,00,59,86,01,54,5C,06,
150000,0000060D,false,Rx,0,8,0D,10,83,B6,09,20,70,00,
150000,000002C4,false,Rx,0,8,09,08,00,00,0A,03,00,00,
151000,000002C5,false,Rx,0,8,00,00,00,00,00,00,00,00,
151000,000002C6,false,Rx,0,8,32,00,7C,01,00,00,00,00,
0,00000054,false,Rx,0,8,01,05,EF,00,0A,03,00,00,
0,00000055,false,Rx,0,8,10,27,00,00,00,00,00,00,
161000,00000056,false,Rx,0,8,10,27,00,00,00,00,00,00,
161000,00000057,false,Rx,0,8,00,00,FE,FF,FE,FF,00,00,
200000,00000625,false,Rx,0,8,25,00,59,86,01,54,5C,06,
251000,0000060D,false,Rx,0,8,0D,10,83,B6,09,20,70,00,
300000,00000625,false,Rx,0,8,25,00,59,86,01,54,5C,06,
351000,0000060D,false,Rx,0,8,0D,10,83,B6,09,20,70,00,
360000,00000054,false,Rx,0,8,01,05,EF,00,0A,03,00,00,
360000,00000055,false,Rx,0,8,10,27,00,00,00,00,00,00,
360000,00000056,false,Rx,0,8,10,27,00,00,00,00,00,00,
361000,00000057,false,Rx,0,8,00,00,FE,FF,FE,FF,00,00,
371000,000002C4,false,Rx,0,8,09,08,00,00,0A,03,00,00,
371000,000002C5,false,Rx,0,8,00,00,00,00,00,00,00,00,
372000,000002C6,false,Rx,0,8,32,00,7C,01,00,00,00,00,
400000,00000625,false,Rx,0,8,25,00,59,86,01,54,5C,06,
450000,0000060D,false,Rx,0,8,0D,10,83,B6,09,20,70,00,
500000,00000625,false,Rx,0,8,25,00,59,86,01,54,5C,06,
550000,0000060D,false,Rx,0,8,0D,10,83,B6,09,20,70,00,
560000,00000054,false,Rx,0,8,01,05,EF,00,0A,03,00,00,
560000,00000055,false,Rx,0,8,10,27,00,00,00,00,00,00,
0,00000056,false,Rx,0,8,10,27,00,00,00,00,00,00,
0,00000057,false,Rx,0,8,00,00,FE,FF,FE,FF,00,00,
591000,000002C4,false,Rx,0,8,09,08,00,00,0A,03,00,00,
591000,000002C5,false,Rx,0,8,00,00,00,00,00,00,00,00,
591000,000002C6,false,Rx,0,8,32,00,7C,01,00,00,00,00,
600000,00000625,false,Rx,0,8,25,00,59,86,01,54,5C,06,
651000,0000060D,false,Rx,0,8,0D,10,83,B6,09,20,70,00,
700000,00000625,false,Rx,0,8,25,00,59,86,01,54,5C,06,
750000,0000060D,false,Rx,0,8,0D,10,83,B6,09,20,70,00,
760000,00000054,false,Rx,0,8,01,05,EF,00,0A,03,00,00,
761000,00000055,false,Rx,0,8,10,27,00,00,00,00,00,00,
761000,00000056,false,Rx,0,8,10,27,00,00,00,00,00,00,
761000,00000057,false,Rx,0,8,00,00,FE,FF,FE,FF,00,00,
799000,00000625,false,Rx,0,8,25,00,59,86,01,54,5C,06,
811000,000002C4,false,Rx,0,8,09,08,00,00,0A,03,00,00,
811000,000002C5,false,Rx,0,8,00,00,00,00,00,00,00,00,
812000,000002C6,false,Rx,0,8,32,00,7C,01,00,00,00,00,
851000,0000060D,false,Rx,0,8,0D,10,83,B6,09,20,70,00,
900000,00000625,false,Rx,0,8,25,00,59,86,01,54,5C,06,
951000,0000060D,false,Rx,0,8,0D,10,83,B6,09,20,70,00,
961000,00000054,false,Rx,0,8,01,05,EF,00,0A,03,00,00,
961000,00000055,false,Rx,0,8,10,27,00,00,00,00,00,00,
961000,00000056,false,Rx,0,8,10,27,00,00,00,00,00,00,
961000,00000057,false,Rx,0,8,00,00,FE,FF,FE,FF,00,00,
0,00000625,false,Rx,0,8,25,00,59,86,01,54,5C,06,
0,000002C4,false,Rx,0,8,09,08,00,00,0A,03,00,00,
0,000002C5,false,Rx,0,8,00,00,00,00,00,00,00,00,
32000,000002C6,false,Rx,0,8,32,00,7C,01,00,00,00,00,
50000,0000060D,false,Rx,0,8,0D,10,83,B6,09,20,70,00,
100000,00000625,false,Rx,0,8,25,00,59,86,01,54,5C,06,
150000,0000060D,false,Rx,0,8,0D,10,83,B6,09,20,70,00,
160000,00000054,false,Rx,0,8,01,05,EF,00,0A,03,00,00,
160000,00000055,false,Rx,0,8,10,27,00,00,00,00,00,00,
160000,00000056,false,Rx,0,8,10,27,00,00,00,00,00,00,
161000,00000057,false,Rx,0,8,00,00,FE,FF,FE,FF,00,00,
200000,00000625,false,Rx,0,8,25,00,59,86,01,54,5C,06,
251000,0000060D,false,Rx,0,8,0D,10,83,B6,09,20,70,00,
251000,000002C4,false,Rx,0,8,09,08,00,00,0A,03,00,00,
252000,000002C5,false,Rx,0,8,00,00,00,00,00,00,00,00,
252000,000002C6,false,Rx,0,8,32,00,7C,01,00,00,00,00,
300000,00000625,false,Rx,0,8,25,00,59,86,01,54,5C,06,
350000,0000060D,false,Rx,0,8,0D,10,83,B6,09,20,70,00,
0,00000054,false,Rx,0,8,01,05,EF,00,0A,03,00,00,
0,00000055,false,Rx,0,8,10,27,00,00,00,00,00,00,
0,00000056,false,Rx,0,8,10,27,00,00,00,00,00,00,
361000,00000057,false,Rx,0,8,00,00,FE,FF,FE,FF,00,00,
399000,00000625,false,Rx,0,8,25,00,59,86,01,54,5C,06,
450000,0000060D,false,Rx,0,8,0D,10,83,B6,09,20,70,00,
471000,000002C4,false,Rx,0,8,09,08,00,00,0A,03,00,00,
471000,000002C5,false,Rx,0,8,00,00,00,00,00,00,00,00,
471000,000002C6,false,Rx,0,8,32,00,7C,01,00,00,00,00,
501000,00000625,false,Rx,0,8,25,00,59,86,01,54,5C,06,
551000,0000060D,false,Rx,0,8,0D,10,83,B6,09,20,70,00,
560000,00000054,false,Rx,0,8,01,05,EF,00,0A,03,00,00,
560000,00000055,false,Rx,0,8,10,27,00,00,00,00,00,00,
561000,00000056,false,Rx,0,8,10,27,00,00,00,00,00,00,
561000,00000057,false,Rx,0,8,00,00,FE,FF,FE,FF,00,00,
600000,00000625,false,Rx,0,8,25,00,59,86,01,54,5C,06,
650000,0000060D,false,Rx,0,8,0D,10,83,B6,09,20,70,00,
691000,000002C4,false,Rx,0,8,09,08,00,00,0A,03,00,00,
691000,000002C5,false,Rx,0,8,00,00,00,00,00,00,00,00,
692000,000002C6,false,Rx,0,8,32,00,7C,01,00,00,00,00,
700000,00000625,false,Rx,0,8,25,00,59,86,01,54,5C,06,
751000,0000060D,false,Rx,0,8,0D,10,83,B6,09,20,70,00,
760000,00000054,false,Rx,0,8,01,05,EF,00,0A,03,00,00,
760000,00000055,false,Rx,0,8,10,27,00,00,00,00,00,00,
760000,00000056,false,Rx,0,8,10,27,00,00,00,00,00,00,
760000,00000057,false,Rx,0,8,00,00,FE,FF,FE,FF,00,00,
800000,00000625,false,Rx,0,8,25,00,59,86,01,54,5C,06,
851000,0000060D,false,Rx,0,8,0D,10,83,B6,09,20,70,00,
900000,00000625,false,Rx,0,8,25,00,59,86,01,54,5C,06,
911000,000002C4,false,Rx,0,8,09,08,00,00,0A,03,00,00,
911000,000002C5,false,Rx,0,8,00,00,00,00,00,00,00,00,
912000,000002C6,false,Rx,0,8,32,00,7C,01,00,00,00,00,
950000,0000060D,false,Rx,0,8,0D,10,83,B6,09,20,70,00,
960000,00000054,false,Rx,0,8,01,05,EF,00,0A,03,00,00,
960000,00000055,false,Rx,0,8,10,27,00,00,00,00,00,00,
960000,00000056,false,Rx,0,8,10,27,00,00,00,00,00,00,
961000,00000057,false,Rx,0,8,00,00,FE,FF,FE,FF,00,00,
0,00000625,false,Rx,0,8,25,00,59,86,01,54,5C,06,
50000,0000060D,false,Rx,0,8,0D,10,83,B6,09,20,70,00,
100000,00000625,false,Rx,0,8,25,00,59,86,01,54,5C,06,
131000,000002C4,false,Rx,0,8,09,08,00,00,0A,03,00,00,
131000,000002C5,false,Rx,0,8,00,00,00,00,00,00,00,00,
131000,000002C6,false,Rx,0,8,32,00,7C,01,00,00,00,00,
150000,0000060D,false,Rx,0,8,0D,10,83,B6,09,20,70,00,
161000,00000054,false,Rx,0,8,01,05,EF,00,0A,03,00,00,
161000,00000055,false,Rx,0,8,10,27,00,00,00,00,00,00,
161000,00000056,false,Rx,0,8,10,27,00,00,00,00,00,00,
161000,00000057,false,Rx,0,8,00,00,FE,FF,FE,FF,00,00,
200000,00000625,false,Rx,0,8,25,00,59,86,01,54,5C,06,
250000,0000060D,false,Rx,0,8,0D,10,83,B6,09,20,70,00,
300000,00000625,false,Rx,0,8,25,00,59,86,01,54,5C,06,
350000,0000060D,false,Rx,0,8,0D,10,83,B6,09,20,70,00,
351000,000002C4,false,Rx,0,8,09,08,00,00,0A,03,00,00,
351000,000002C5,false,Rx,0,8,00,00,00,00,00,00,00,00,
352000,000002C6,false,Rx,0,8,32,00,7C,01,00,00,00,00,
0,00000054,false,Rx,0,8,01,05,EF,00,0A,03,00,00,
0,00000055,false,Rx,0,8,10,27,00,00,00,00,00,00,
0,00000056,false,Rx,0,8,10,27,00,00,00,00,00,00,
361000,00000057,false,Rx,0,8,00,00,FE,FF,FE,FF,00,00,
400000,00000625,false,Rx,0,8,25,00,59,86,01,54,5C,06,
451000,0000060D,false,Rx,0,8,0D,10,83,B6,09,20,70,00,
500000,00000625,false,Rx,0,8,25,00,59,86,01,54,5C,06,
550000,0000060D,false,Rx,0,8,0D,10,83,B6,09,20,70,00,
561000,00000054,false,Rx,0,8,01,05,EF,00,0A,03,00,00,
561000,00000055,false,Rx,0,8,10,27,00,00,00,00,00,00,
561000,00000056,false,Rx,0,8,10,27,00,00,00,00,00,00,
561000,00000057,false,Rx,0,8,00,00,FE,FF,FE,FF,00,00,
571000,000002C4,false,Rx,0,8,09,08,00,00,0A,03,00,00,
571000,000002C5,false,Rx,0,8,00,00,00,00,00,00,00,00,
571000,000002C6,false,Rx,0,8,32,00,7C,01,00,00,00,00,
600000,00000625,false,Rx,0,8,25,00,59,86,01,54,5C,06,
651000,0000060D,false,Rx,0,8,0D,10,83,B6,09,20,70,00,
700000,00000625,false,Rx,0,8,25,00,59,86,01,54,5C,06,
751000,0000060D,false,Rx,0,8,0D,10,83,B6,09,20,70,00,
761000,00000054,false,Rx,0,8,01,05,EF,00,0A,03,00,00,
761000,00000055,false,Rx,0,8,10,27,00,00,00,00,00,00,
761000,00000056,false,Rx,0,8,10,27,00,00,00,00,00,00,
762000,00000057,false,Rx,0,8,00,00,FE,FF,FE,FF,00,00,
790000,000002C4,false,Rx,0,8,09,08,00,00,0A,03,00,00,
792000,000002C5,false,Rx,0,8,00,00,00,00,00,00,00,00,
792000,000002C6,false,Rx,0,8,32,00,7C,01,00,00,00,00,
800000,00000625,false,Rx,0,8,25,00,59,86,01,54,5C,06,
850000,0000060D,false,Rx,0,8,0D,10,83,B6,09,20,70,00,
900000,00000625,false,Rx,0,8,25,00,59,86,01,54,5C,06,
951000,0000060D,false,Rx,0,8,0D,10,83,B6,09,20,70,00,
959000,00000054,false,Rx,0,8,01,05,EF,00,0A,03,00,00,
959000,00000055,false,Rx,0,8,10,27,00,00,00,00,00,00,
961000,00000056,false,Rx,0,8,10,27,00,00,00,00,00,00,
961000,00000057,false,Rx,0,8,00,00,FE,FF,FE,FF,00,00,
999000,00000625,false,Rx,0,8,25,00,59,86,01,54,5C,06,
11000,000002C4,false,Rx,0,8,09,08,00,00,0A,03,00,00,
11000,000002C5,false,Rx,0,8,00,00,00,00,00,00,00,00,
12000,000002C6,false,Rx,0,8,32,00,7C,01,00,00,00,00,
50000,0000060D,false,Rx,0,8,0D,10,83,B6,09,20,70,00,
99000,00000625,false,Rx,0,8,25,00,59,86,01,54,5C,06,
150000,0000060D,false,Rx,0,8,0D,10,83,B6,09,20,70,00,
160000,00000054,false,Rx,0,8,01,05,EF,00,0A,03,00,00,
161000,00000055,false,Rx,0,8,10,27,00,00,00,00,00,00,
0,00000056,false,Rx,0,8,10,27,00,00,00,00,00,00,
0,00000057,false,Rx,0,8,00,00,FE,FF,FE,FF,00,00,
199000,00000625,false,Rx,0,8,25,00,59,86,01,54,5C,06,
231000,000002C4,false,Rx,0,8,09,08,00,00,0A,03,00,00,
231000,000002C5,false,Rx,0,8,00,00,00,00,00,00,00,00,
232000,000002C6,false,Rx,0,8,32,00,7C,01,00,00,00,00,
251000,0000060D,false,Rx,0,8,0D,10,83,B6,09,20,70,00,
300000,00000625,false,Rx,0,8,25,00,59,86,01,54,5C,06,
351000,0000060D,false,Rx,0,8,0D,10,83,B6,09,20,70,00,
360000,00000054,false,Rx,0,8,01,05,EF,00,0A,03,00,00,
361000,00000055,false,Rx,0,8,10,27,00,00,00,00,00,00,
361000,00000056,false,Rx,0,8,10,27,00,00,00,00,00,00,
361000,00000057,false,Rx,0,8,00,00,FE,FF,FE,FF,00,00,
400000,00000625,false,Rx,0,8,25,00,59,86,01,54,5C,06,
450000,0000060D,false,Rx,0,8,0D,10,83,B6,09,20,70,00,
451000,000002C4,false,Rx,0,8,09,08,00,00,0A,03,00,00,
451000,000002C5,false,Rx,0,8,00,00,00,00,00,00,00,00,
452000,000002C6,false,Rx,0,8,32,00,7C,01,00,00,00,00,
500000,00000625,false,Rx,0,8,25,00,59,86,01,54,5C,06,
551000,0000060D,false,Rx,0,8,0D,10,83,B6,09,20,70,00,
0,00000054,false,Rx,0,8,01,05,EF,00,0A,03,00,00,
0,00000055,false,Rx,0,8,10,27,00,00,00,00,00,00,
560000,00000056,false,Rx,0,8,10,27,00,00,00,00,00,00,
561000,00000057,false,Rx,0,8,00,00,FE,FF,FE,FF,00,00,
600000,00000625,false,Rx,0,8,25,00,59,86,01,54,5C,06,
650000,0000060D,false,Rx,0,8,0D,10,83,B6,09,20,70,00,
671000,000002C4,false,Rx,0,8,09,08,00,00,0A,03,00,00,
0,000002C5,false,Rx,0,8,00,00,00,00,00,00,00,00,
0,000002C6,false,Rx,0,8,32,00,7C,01,00,00,00,00,
700000,00000625,false,Rx,0,8,25,00,59,86,01,54,5C,06,
751000,0000060D,false,Rx,0,8,0D,10,83,B6,09,20,70,00,
760000,00000054,false,Rx,0,8,01,05,EF,00,0A,03,00,00,
760000,00000055,false,Rx,0,8,10,27,00,00,00,00,00,00,
760000,00000056,false,Rx,0,8,10,27,00,00,00,00,00,00,
761000,00000057,false,Rx,0,8,00,00,FE,FF,FE,FF,00,00,
800000,00000625,false,Rx,0,8,25,00,59,86,01,54,5C,06,
850000,0000060D,false,Rx,0,8,0D,10,83,B6,09,20,70,00,
891000,000002C4,false,Rx,0,8,09,08,00,00,0A,03,00,00,
891000,000002C5,false,Rx,0,8,00,00,00,00,00,00,00,00,
892000,000002C6,false,Rx,0,8,32,00,7C,01,00,00,00,00,
900000,00000625,false,Rx,0,8,25,00,59,86,01,54,5C,06,
950000,0000060D,false,Rx,0,8,0D,10,83,B6,09,20,70,00,
0,00000054,false,Rx,0,8,01,05,EF,00,0A,03,00,00,
0,00000055,false,Rx,0,8,10,27,00,00,00,00,00,00,
960000,00000056,false,Rx,0,8,10,27,00,00,00,00,00,00,
960000,00000057,false,Rx,0,8,00,00,FE,FF,FE,FF,00,00,
0,00000625,false,Rx,0,8,25,00,59,86,01,54,5C,06,
50000,0000060D,false,Rx,0,8,0D,10,83,B6,09,20,70,00,
100000,00000625,false,Rx,0,8,25,00,59,86,01,54,5C,06,
111000,000002C4,false,Rx,0,8,09,08,00,00,0A,03,00,00,
111000,000002C5,false,Rx,0,8,00,00,00,00,00,00,00,00,
112000,000002C6,false,Rx,0,8,32,00,7C,01,00,00,00,00,
150000,0000060D,false,Rx,0,8,0D,10,83,B6,09,20,70,00,
160000,00000054,false,Rx,0,8,01,05,EF,00,0A,03,00,00,
161000,00000055,false,Rx,0,8,10,27,00,00,00,00,00,00,
161000,00000056,false,Rx,0,8,10,27,00,00,00,00,00,00,
161000,00000057,false,Rx,0,8,00,00,FE,FF,FE,FF,00,00,
200000,00000625,false,Rx,0,8,25,00,59,86,01,54,5C,06,
251000,0000060D,false,Rx,0,8,0D,10,83,B6,09,20,70,00,
300000,00000625,false,Rx,0,8,25,00,59,86,01,54,5C,06,
331000,000002C4,false,Rx,0,8,09,08,00,00,0A,03,00,00,
331000,000002C5,false,Rx,0,8,00,00,00,00,00,00,00,00,
331000,000002C6,false,Rx,0,8,32,00,7C,01,00,00,00,00,
351000,0000060D,false,Rx,0,8,0D,10,83,B6,09,20,70,00,
360000,00000054,false,Rx,0,8,01,05,EF,00,0A,03,00,00,
360000,00000055,false,Rx,0,8,10,27,00,00,00,00,00,00,
361000,00000056,false,Rx,0,8,10,27,00,00,00,00,00,00,
361000,00000057,false,Rx,0,8,00,00,FE,FF,FE,FF,00,00,
400000,00000625,false,Rx,0,8,25,00,59,86,01,54,5C,06,
451000,0000060D,false,Rx,0,8,0D,10,83,B6,09,20,70,00,
500000,00000625,false,Rx,0,8,25,00,59,86,01,54,5C,06,
551000,0000060D,false,Rx,0,8,0D,10,83,B6,09,20,70,00,
0,000002C4,false,Rx,0,8,09,08,00,00,0A,03,00,00,
0,000002C5,false,Rx,0,8,00,00,00,00,00,00,00,00,
552000,000002C6,false,Rx,0,8,32,00,7C,01,00,00,00,00,
560000,00000054,false,Rx,0,8,01,05,EF,00,0A,03,00,00,
561000,00000055,false,Rx,0,8,10,27,00,00,00,00,00,00,
561000,00000056,false,Rx,0,8,10,27,00,00,00,00,00,00,
561000,00000057,false,Rx,0,8,00,00,FE,FF,FE,FF,00,00,
600000,00000625,false,Rx,0,8,25,00,59,86,01,54,5C,06,
650000,0000060D,false,Rx,0,8,0D,10,83,B6,09,20,70,00,
700000,00000625,false,Rx,0,8,25,00,59,86,01,54,5C,06,
751000,0000060D,false,Rx,0,8,0D,10,83,B6,09,20,70,00,
760000,00000054,false,Rx,0,8,01,05,EF,00,0A,03,00,00,
760000,00000055,false,Rx,0,8,10,27,00,00,00,00,00,00,
761000,00000056,false,Rx,0,8,10,27,00,00,00,00,00,00,
761000,00000057,false,Rx,0,8,00,00,FE,FF,FE,FF,00,00,
771000,000002C4,false,Rx,0,8,09,08,00,00,0A,03,00,00,
771000,000002C5,false,Rx,0,8,00,00,00,00,00,00,00,00,
771000,000002C6,false,Rx,0,8,32,00,7C,01,00,00,00,00,
800000,00000625,false,Rx,0,8,25,00,59,86,01,54,5C,06,
851000,0000060D,false,Rx,0,8,0D,10,83,B6,09,20,70,00,
900000,00000625,false,Rx,0,8,25,00,59,86,01,54,5C,06,
950000,0000060D,false,Rx,0,8,0D,10,83,B6,09,20,70,00,
960000,00000054,false,Rx,0,8,01,05,EF,00,0A,03,00,00,
961000,00000055,false,Rx,0,8,10,27,00,00,00,00,00,00,
961000,00000056,false,Rx,0,8,10,27,00,00,00,00,00,00,
961000,00000057,false,Rx,0,8,00,00,FE,FF,FE,FF,00,00,
991000,000002C4,false,Rx,0,8,09,08,00,00,0A,03,00,00,
991000,000002C5,false,Rx,0,8,00,00,00,00,00,00,00,00,
992000,000002C6,false,Rx,0,8,32,00,7C,01,00,00,00,00,
0,00000625,false,Rx,0,8,25,00,59,86,01,54,5C,06,
50000,0000060D,false,Rx,0,8,0D,10,83,B6,09,20,70,00,
100000,00000625,false,Rx,0,8,25,00,59,86,01,54,5C,06,
151000,0000060D,false,Rx,0,8,0D,10,83,B6,09,20,70,00,
160000,00000054,false,Rx,0,8,01,05,EF,00,0A,03,00,00,
160000,00000055,false,Rx,0,8,10,27,00,00,00,00,00,00,
160000,00000056,false,Rx,0,8,10,27,00,00,00,00,00,00,
161000,00000057,false,Rx,0,8,00,00,FE,FF,FE,FF,00,00,
200000,00000625,false,Rx,0,8,25,00,59,86,01,54,5C,06,
211000,000002C4,false,Rx,0,8,09,08,00,00,0A,03,00,00,
212000,000002C5,false,Rx,0,8,00,00,00,00,00,00,00,00,
212000,000002C6,false,Rx,0,8,32,00,7C,01,00,00,00,00,
251000,0000060D,false,Rx,0,8,0D,10,83,B6,09,20,70,00,
300000,00000625,false,Rx,0,8,25,00,59,86,01,54,5C,06,
350000,0000060D,false,Rx,0,8,0D,10,83,B6,09,20,70,00,
0,00000054,false,Rx,0,8,01,05,EF,00,0A,03,00,00,
0,00000055,false,Rx,0,8,10,27,00,00,00,00,00,00,
0,00000056,false,Rx,0,8,10,27,00,00,00,00,00,00,
0,00000057,false,Rx,0,8,00,00,FE,FF,FE,FF,00,00,
400000,00000625,false,Rx,0,8,25,00,59,86,01,54,5C,06,
431000,000002C4,false,Rx,0,8,09,08,00,00,0A,03,00,00,
431000,000002C5,false,Rx,0,8,00,00,00,00,00,00,00,00,
431000,000002C6,false,Rx,0,8,32,00,7C,01,00,00,00,00,
450000,0000060D,false,Rx,0,8,0D,10,83,B6,09,20,70,00,
500000,00000625,false,Rx,0,8,25,00,59,86,01,54,5C,06,
550000,0000060D,false,Rx,0,8,0D,10,83,B6,09,20,70,00,
560000,00000054,false,Rx,0,8,01,05,EF,00,0A,03,00,00,
560000,00000055,false,Rx,0,8,10,27,00,00,00,00,00,00,
561000,00000056,false,Rx,0,8,10,27,00,00,00,00,00,00,
561000,00000057,false,Rx,0,8,00,00,FE,FF,FE,FF,00,00,
600000,00000625,false,Rx,0,8,25,00,59,86,01,54,5C,06,
650000,0000060D,false,Rx,0,8,0D,10,83,B6,09,20,70,00,
651000,000002C4,false,Rx,0,8,09,08,00,00,0A,03,00,00,
651000,000002C5,false,Rx,0,8,00,00,00,00,00,00,00,00,
651000,000002C6,false,Rx,0,8,32,00,7C,01,00,00,00,00,
700000,00000625,false,Rx,0,8,25,00,59,86,01,54,5C,06,
750000,0000060D,false,Rx,0,8,0D,10,83,B6,09,20,70,00,
761000,00000054,false,Rx,0,8,01,05,EF,00,0A,03,00,00,
761000,00000055,false,Rx,0,8,10,27,00,00,00,00,00,00,
761000,00000056,false,Rx,0,8,10,27,00,00,00,00,00,00,
761000,00000057,false,Rx,0,8,00,00,FE,FF,FE,FF,00,00,
800000,00000625,false,Rx,0,8,25,00,59,86,01,54,5C,06,
851000,0000060D,false,Rx,0,8,0D,10,83,B6,09,20,70,00,
871000,000002C4,false,Rx,0,8,09,08,00,00,0A,03,00,00,
872000,000002C5,false,Rx,0,8,00,00,00,00,00,00,00,00,
872000,000002C6,false,Rx,0,8,32,00,7C,01,00,00,00,00,
900000,00000625,false,Rx,0,8,25,00,59,86,01,54,5C,06,
950000,0000060D,false,Rx,0,8,0D,10,83,B6,09,20,70,00,
960000,00000054,false,Rx,0,8,01,05,EF,00,0A,03,00,00,
961000,00000055,false,Rx,0,8,10,27,00,00,00,00,00,00,
961000,00000056,false,Rx,0,8,10,27,00,00,00,00,00,00,
961000,00000057,false,Rx,0,8,00,00,FE,FF,FE,FF,00,00,
0,00000625,false,Rx,0,8,25,00,59,86,01,54,5C,06,
50000,0000060D,false,Rx,0,8,0D,10,83,B6,09,20,70,00,
91000,000002C4,false,Rx,0,8,09,08,00,00,0A,03,00,00,
91000,000002C5,false,Rx,0,8,00,00,00,00,00,00,00,00,
91000,000002C6,false,Rx,0,8,32,00,7C,01,00,00,00,00,
100000,00000625,false,Rx,0,8,25,00,59,86,01,54,5C,06,
151000,0000060D,false,Rx,0,8,0D,10,83,B6,09,20,70,00,
160000,00000054,false,Rx,0,8,01,05,EF,00,0A,03,00,00,
160000,00000055,false,Rx,0,8,10,27,00,00,00,00,00,00,
160000,00000056,false,Rx,0,8,10,27,00,00,00,00,00,00,
161000,00000057,false,Rx,0,8,00,00,FE,FF,FE,FF,00,00,
200000,00000625,false,Rx,0,8,25,00,59,86,01,54,5C,06,
251000,0000060D,false,Rx,0,8,0D,10,83,B6,09,20,70,00,
300000,00000625,false,Rx,0,8,25,00,59,86,01,54,5C,06,
311000,000002C4,false,Rx,0,8,09,08,00,00,0A,03,00,00,
312000,000002C5,false,Rx,0,8,00,00,00,00,00,00,00,00,
312000,000002C6,false,Rx,0,8,32,00,7C,01,00,00,00,00,
351000,0000060D,false,Rx,0,8,0D,10,83,B6,09,20,70,00,
360000,00000054,false,Rx,0,8,01,05,EF,00,0A,03,00,00,
360000,00000055,false,Rx,0,8,10,27,00,00,00,00,00,00,
360000,00000056,false,Rx,0,8,10,27,00,00,00,00,00,00,
361000,00000057,false,Rx,0,8,00,00,FE,FF,FE,FF,00,00,
400000,00000625,false,Rx,0,8,25,00,59,86,01,54,5C,06,
450000,0000060D,false,Rx,0,8,0D,10,83,B6,09,20,70,00,
500000,00000625,false,Rx,0,8,25,00,59,86,01,54,5C,06,
0,000002C4,false,Rx,0,8,09,08,00,00,0A,03,00,00,
0,000002C5,false,Rx,0,8,00,00,00,00,00,00,00,00,
0,000002C6,false,Rx,0,8,32,00,7C,01,00,00,00,00,
550000,0000060D,false,Rx,0,8,0D,10,83,B6,09,20,70,00,
560000,00000054,false,Rx,0,8,01,05,EF,00,0A,03,00,00,
560000,00000055,false,Rx,0,8,10,27,00,00,00,00,00,00,
560000,00000056,false,Rx,0,8,10,27,00,00,00,00,00,00,
561000,00000057,false,Rx,0,8,00,00,FE,FF,FE,FF,00,00,
600000,00000625,false,Rx,0,8,25,00,59,86,01,54,5C,06,
650000,0000060D,false,Rx,0,8,0D,10,83,B6,09,20,70,00,
700000,00000625,false,Rx,0,8,25,00,59,86,01,54,5C,06,
751000,0000060D,false,Rx,0,8,0D,10,83,B6,09,20,70,00,
0,000002C4,false,Rx,0,8,09,08,00,00,0A,03,00,00,
0,000002C5,false,Rx,0,8,00,00,00,00,00,00,00,00,
0,000002C6,false,Rx,0,8,32,00,7C,01,00,00,00,00,
760000,00000054,false,Rx,0,8,01,05,EF,00,0A,03,00,00,
760000,00000055,false,Rx,0,8,10,27,00,00,00,00,00,00,
760000,00000056,false,Rx,0,8,10,27,00,00,00,00,00,00,
761000,00000057,false,Rx,0,8,00,00,FE,FF,FE,FF,00,00,
799000,00000625,false,Rx,0,8,25,00,59,86,01,54,5C,06,
851000,0000060D,false,Rx,0,8,0D,10,83,B6,09,20,70,00,
900000,00000625,false,Rx,0,8,25,00,59,86,01,54,5C,06,
950000,0000060D,false,Rx,0,8,0D,10,83,B6,09,20,70,00,
960000,00000054,false,Rx,0,8,01,05,EF,00,0A,03,00,00,
960000,00000055,false,Rx,0,8,10,27,00,00,00,00,00,00,
961000,00000056,false,Rx,0,8,10,27,00,00,00,00,00,00,
961000,00000057,false,Rx,0,8,00,00,FE,FF,FE,FF,00,00,
971000,000002C4,false,Rx,0,8,09,08,00,00,0A,03,00,00,
971000,000002C5,false,Rx,0,8,00,00,00,00,00,00,00,00,
972000,000002C6,false,Rx,0,8,32,00,7C,01,00,00,00,00,
0,00000625,false,Rx,0,8,25,00,59,86,01,54,5C,06,
50000,0000060D,false,Rx,0,8,0D,10,83,B6,09,20,70,00,
100000,00000625,false,Rx,0,8,25,00,59,86,01,54,5C,06,
151000,0000060D,false,Rx,0,8,0D,10,83,B6,09,20,70,00,
160000,00000054,false,Rx,0,8,01,05,EF,00,0A,03,00,00,
161000,00000055,false,Rx,0,8,10,27,00,00,00,00,00,00,
161000,00000056,false,Rx,0,8,10,27,00,00,00,00,00,00,
161000,00000057,false,Rx,0,8,00,00,FE,FF,FE,FF,00,00,
191000,000002C4,false,Rx,0,8,09,00,00,00,0A,03,00,00,
191000,000002C5,false,Rx,0,8,00,00,00,00,00,00,00,00,
191000,000002C6,false,Rx,0,8,32,00,7C,01,00,00,00,00,
199000,00000625,false,Rx,0,8,25,00,59,86,01,54,5C,06,
251000,0000060D,false,Rx,0,8,0D,10,83,B6,09,20,70,00,
300000,00000625,false,Rx,0,8,25,00,59,86,01,54,5C,06,
351000,0000060D,false,Rx,0,8,0D,10,83,B6,09,20,70,00,
0,00000054,false,Rx,0,8,01,05,EF,00,0A,03,00,00,
0,00000055,false,Rx,0,8,10,27,00,00,00,00,00,00,
360000,00000056,false,Rx,0,8,10,27,00,00,00,00,00,00,
361000,00000057,false,Rx,0,8,00,00,FE,FF,FE,FF,00,00,
400000,00000625,false,Rx,0,8,25,00,59,86,01,54,5C,06,
411000,000002C4,false,Rx,0,8,09,00,00,00,0A,03,00,00,
411000,000002C5,false,Rx,0,8,00,00,00,00,00,00,00,00,
411000,000002C6,false,Rx,0,8,32,00,7C,01,00,00,00,00,
450000,0000060D,false,Rx,0,8,0D,10,83,B6,09,20,70,00,
500000,00000625,false,Rx,0,8,25,00,59,86,01,54,5C,06,
551000,0000060D,false,Rx,0,8,0D,10,83,B6,09,20,70,00,
560000,00000054,false,Rx,0,8,01,05,EF,00,0A,03,00,00,
560000,00000055,false,Rx,0,8,10,27,00,00,00,00,00,00,
560000,00000056,false,Rx,0,8,10,27,00,00,00,00,00,00,
561000,00000057,false,Rx,0,8,00,00,FE,FF,FE,FF,00,00,
599000,00000625,false,Rx,0,8,25,00,59,86,01,54,5C,06,
631000,000002C4,false,Rx,0,8,09,00,00,00,0A,03,00,00,
631000,000002C5,false,Rx,0,8,00,00,00,00,00,00,00,00,
632000,000002C6,false,Rx,0,8,32,00,7C,01,00,00,00,00,
651000,0000060D,false,Rx,0,8,0D,10,83,B6,09,20,70,00,
700000,00000625,false,Rx,0,8,25,00,59,86,01,54,5C,06,
751000,0000060D,false,Rx,0,8,0D,10,83,B6,09,20,70,00,
0,00000054,false,Rx,0,8,01,05,EF,00,0A,03,00,00,
0,00000055,false,Rx,0,8,10,27,00,00,00,00,00,00,
761000,00000056,false,Rx,0,8,10,27,00,00,00,00,00,00,
761000,00000057,false,Rx,0,8,00,00,FE,FF,FE,FF,00,00,
800000,00000625,false,Rx,0,8,25,00,59,86,01,54,5C,06,
850000,0000060D,false,Rx,0,8,0D,10,83,B6,09,20,70,00,
851000,000002C4,false,Rx,0,8,09,00,00,00,0A,03,00,00,
851000,000002C5,false,Rx,0,8,00,00,00,00,00,00,00,00,
851000,000002C6,false,Rx,0,8,32,00,7C,01,00,00,00,00,
900000,00000625,false,Rx,0,8,25,00,59,86,01,54,5C,06,
951000,0000060D,false,Rx,0,8,0D,10,83,B6,09,20,70,00,
960000,00000054,false,Rx,0,8,01,05,EF,00,0A,03,00,00,
961000,00000055,false,Rx,0,8,10,27,00,00,00,00,00,00,
961000,00000056,false,Rx,0,8,10,27,00,00,00,00,00,00,
961000,00000057,false,Rx,0,8,00,00,FE,FF,FE,FF,00,00,
0,00000625,false,Rx,0,8,25,00,59,86,01,54,5C,06,
51000,0000060D,false,Rx,0,8,0D,10,83,B6,09,20,70,00,
71000,000002C4,false,Rx,0,8,09,00,00,00,0A,03,00,00,
72000,000002C5,false,Rx,0,8,00,00,00,00,00,00,00,00,
72000,000002C6,false,Rx,0,8,32,00,7C,01,00,00,00,00,
100000,00000625,false,Rx,0,8,25,00,59,86,01,54,5C,06,
150000,0000060D,false,Rx,0,8,0D,10,83,B6,09,20,70,00,
160000,00000054,false,Rx,0,8,01,05,EF,00,0A,03,00,00,
161000,00000055,false,Rx,0,8,10,27,00,00,00,00,00,00,
161000,00000056,false,Rx,0,8,10,27,00,00,00,00,00,00,
161000,00000057,false,Rx,0,8,00,00,FE,FF,FE,FF,00,00,
200000,00000625,false,Rx,0,8,25,00,59,86,01,54,5C,06,
250000,0000060D,false,Rx,0,8,0D,10,83,B6,09,20,70,00,
292000,000002C4,false,Rx,0,8,09,00,00,00,0A,03,00,00,
292000,000002C5,false,Rx,0,8,00,00,00,00,00,00,00,00,
292000,000002C6,false,Rx,0,8,32,00,7C,01,00,00,00,00,
300000,00000625,false,Rx,0,8,25,00,59,86,01,54,5C,06,
350000,0000060D,false,Rx,0,8,0D,10,83,B6,09,20,70,00,
360000,00000054,false,Rx,0,8,01,05,EF,00,0A,03,00,00,
360000,00000055,false,Rx,0,8,10,27,00,00,00,00,00,00,
360000,00000056,false,Rx,0,8,10,27,00,00,00,00,00,00,
361000,00000057,false,Rx,0,8,00,00,FE,FF,FE,FF,00,00,
400000,00000625,false,Rx,0,8,25,00,59,86,01,54,5C,06,
450000,0000060D,false,Rx,0,8,0D,10,83,B6,09,20,70,00,
500000,00000625,false,Rx,0,8,25,00,59,86,01,54,5C,06,
511000,000002C4,false,Rx,0,8,09,00,00,00,0A,03,00,00,
511000,000002C5,false,Rx,0,8,00,00,00,00,00,00,00,00,
512000,000002C6,false,Rx,0,8,32,00,7C,01,00,00,00,00,
551000,0000060D,false,Rx,0,8,0D,10,83,B6,09,20,70,00,
0,00000054,false,Rx,0,8,01,05,EF,00,0A,03,00,00,
0,00000055,false,Rx,0,8,10,27,00,00,00,00,00,00,
561000,00000056,false,Rx,0,8,10,27,00,00,00,00,00,00,
561000,00000057,false,Rx,0,8,00,00,FE,FF,FE,FF,00,00,
599000,00000625,false,Rx,0,8,25,00,59,86,01,54,5C,06,
650000,0000060D,false,Rx,0,8,0D,10,83,B6,09,20,70,00,
700000,00000625,false,Rx,0,8,25,00,59,86,01,54,5C,06,
0,000002C4,false,Rx,0,8,09,00,00,00,0A,03,00,00,
0,000002C5,false,Rx,0,8,00,00,00,00,00,00,00,00,
732000,000002C6,false,Rx,0,8,32,00,7C,01,00,00,00,00,
751000,0000060D,false,Rx,0,8,0D,10,83,B6,09,20,70,00,
0,00000054,false,Rx,0,8,01,05,EF,00,0A,03,00,00,
0,00000055,false,Rx,0,8,10,27,00,00,00,00,00,00,
761000,00000056,false,Rx,0,8,10,27,00,00,00,00,00,00,
762000,00000057,false,Rx,0,8,00,00,FE,FF,FE,FF,00,00,
800000,00000625,false,Rx,0,8,25,00,59,86,01,54,5C,06,
850000,0000060D,false,Rx,0,8,0D,10,83,B6,09,20,70,00,
900000,00000625,false,Rx,0,8,25,00,59,86,01,54,5C,06,
950000,0000060D,false,Rx,0,8,0D,10,83,B6,09,20,70,00,
951000,000002C4,false,Rx,0,8,09,00,00,00,0A,03,00,00,
951000,000002C5,false,Rx,0,8,00,00,00,00,00,00,00,00,
951000,000002C6,false,Rx,0,8,32,00,7C,01,00,00,00,00,
960000,00000054,false,Rx,0,8,01,05,EF,00,0A,03,00,00,
961000,00000055,false,Rx,0,8,10,27,00,00,00,00,00,00,
961000,00000056,false,Rx,0,8,10,27,00,00,00,00,00,00,
961000,00000057,false,Rx,0,8,00,00,FE,FF,FE,FF,00,00,
0,00000625,false,Rx,0,8,25,00,59,86,01,54,5C,06,
50000,0000060D,false,Rx,0,8,0D,10,83,B6,09,20,70,00,
100000,00000625,false,Rx,0,8,25,00,59,86,01,54,5C,06,
150000,0000060D,false,Rx,0,8,0D,10,83,B6,09,20,70,00,
160000,00000054,false,Rx,0,8,01,05,EF,00,0A,03,00,00,
160000,00000055,false,Rx,0,8,10,27,00,00,00,00,00,00,
160000,00000056,false,Rx,0,8,10,27,00,00,00,00,00,00,
161000,00000057,false,Rx,0,8,00,00,FE,FF,FE,FF,00,00,
0,000002C4,false,Rx,0,8,09,00,00,00,0A,03,00,00,
0,000002C5,false,Rx,0,8,00,00,00,00,00,00,00,00,
172000,000002C6,false,Rx,0,8,32,00,7C,01,00,00,00,00,
201000,00000625,false,Rx,0,8,25,00,59,86,01,54,5C,06,
251000,0000060D,false,Rx,0,8,0D,10,83,B6,09,20,70,00,
300000,00000625,false,Rx,0,8,25,00,59,86,01,54,5C,06,
351000,0000060D,false,Rx,0,8,0D,10,83,B6,09,20,70,00,
360000,00000054,false,Rx,0,8,01,05,EF,00,0A,03,00,00,
360000,00000055,false,Rx,0,8,10,27,00,00,00,00,00,00,
360000,00000056,false,Rx,0,8,10,27,00,00,00,00,00,00,
361000,00000057,false,Rx,0,8,00,00,FE,FF,FE,FF,00,00,
391000,000002C4,false,Rx,0,8,09,00,00,00,0A,03,00,00,
391000,000002C5,false,Rx,0,8,00,00,00,00,00,00,00,00,
391000,000002C6,false,Rx,0,8,32,00,7C,01,00,00,00,00,
400000,00000625,false,Rx,0,8,25,00,59,86,01,54,5C,06,
450000,0000060D,false,Rx,0,8,0D,10,83,B6,09,20,70,00,
500000,00000625,false,Rx,0,8,25,00,59,86,01,54,5C,06,
551000,0000060D,false,Rx,0,8,0D,10,83,B6,09,20,70,00,
560000,00000054,false,Rx,0,8,01,05,EF,00,0A,03,00,00,
560000,00000055,false,Rx,0,8,10,27,00,00,00,00,00,00,
560000,00000056,false,Rx,0,8,10,27,00,00,00,00,00,00,
561000,00000057,false,Rx,0,8,00,00,FE,FF,FE,FF,00,00,
600000,00000625,false,Rx,0,8,25,00,59,86,01,54,5C,06,
611000,000002C4,false,Rx,0,8,09,00,00,00,0A,03,00,00,
611000,000002C5,false,Rx,0,8,00,00,00,00,00,00,00,00,
612000,000002C6,false,Rx,0,8,32,00,7C,01,00,00,00,00,
651000,0000060D,false,Rx,0,8,0D,10,83,B6,09,20,70,00,
700000,00000625,false,Rx,0,8,25,00,59,86,01,54,5C,06,
751000,0000060D,false,Rx,0,8,0D,10,83,B6,09,20,70,00,
760000,00000054,false,Rx,0,8,01,05,EF,00,0A,03,00,00,
760000,00000055,false,Rx,0,8,10,27,00,00,00,00,00,00,
760000,00000056,false,Rx,0,8,10,27,00,00,00,00,00,00,
761000,00000057,false,Rx,0,8,00,00,FE,FF,FE,FF,00,00,
800000,00000625,false,Rx,0,8,25,00,59,86,01,54,5C,06,
831000,000002C4,false,Rx,0,8,09,00,00,00,0A,03,00,00,
831000,000002C5,false,Rx,0,8,00,00,00,00,00,00,00,00,
832000,000002C6,false,Rx,0,8,32,00,7C,01,00,00,00,00,
851000,0000060D,false,Rx,0,8,0D,10,83,B6,09,20,70,00,
900000,00000625,false,Rx,0,8,25,00,59,86,01,54,5C,06,
950000,0000060D,false,Rx,0,8,0D,10,83,B6,09,20,70,00,
0,00000054,false,Rx,0,8,01,05,EF,00,0A,03,00,00,
0,00000055,false,Rx,0,8,10,27,00,00,00,00,00,00,
961000,00000056,false,Rx,0,8,10,27,00,00,00,00,00,00,
961000,00000057,false,Rx,0,8,00,00,FE,FF,FE,FF,00,00,
0,00000625,false,Rx,0,8,25,00,59,86,01,54,5C,06,
50000,0000060D,false,Rx,0,8,0D,10,83,B6,09,20,70,00,
50000,000002C4,false,Rx,0,8,09,00,00,00,0A,03,00,00,
51000,000002C5,false,Rx,0,8,00,00,00,00,00,00,00,00,
51000,000002C6,false,Rx,0,8,32,00,7C,01,00,00,00,00,
100000,00000625,false,Rx,0,8,25,00,59,86,01,54,5C,06,
151000,0000060D,false,Rx,0,8,0D,10,83,B6,09,20,70,00,
160000,00000054,false,Rx,0,8,01,05,EF,00,0A,03,00,00,
161000,00000055,false,Rx,0,8,10,27,00,00,00,00,00,00,
0,00000056,false,Rx,0,8,10,27,00,00,00,00,00,00,
0,00000057,false,Rx,0,8,00,00,FE,FF,FE,FF,00,00,
200000,00000625,false,Rx,0,8,25,00,59,86,01,54,5C,06,
251000,0000060D,false,Rx,0,8,0D,10,83,B6,09,20,70,00,
271000,000002C4,false,Rx,0,8,09,00,00,00,0A,03,00,00,
271000,000002C5,false,Rx,0,8,00,00,00,00,00,00,00,00,
272000,000002C6,false,Rx,0,8,32,00,7C,01,00,00,00,00,
300000,00000625,false,Rx,0,8,25,00,59,86,01,54,5C,06,
351000,0000060D,false,Rx,0,8,0D,10,83,B6,09,20,70,00,
360000,00000054,false,Rx,0,8,01,05,EF,00,0A,03,00,00,
360000,00000055,false,Rx,0,8,10,27,00,00,00,00,00,00,
361000,00000056,false,Rx,0,8,10,27,00,00,00,00,00,00,
361000,00000057,false,Rx,0,8,00,00,FE,FF,FE,FF,00,00,
400000,00000625,false,Rx,0,8,25,00,59,86,01,54,5C,06,
450000,0000060D,false,Rx,0,8,0D,10,83,B6,09,20,70,00,
491000,000002C4,false,Rx,0,8,09,00,00,00,0A,03,00,00,
491000,000002C5,false,Rx,0,8,00,00,00,00,00,00,00,00,
491000,000002C6,false,Rx,0,8,32,00,7C,01,00,00,00,00,
500000,00000625,false,Rx,0,8,25,00,59,86,01,54,5C,06,
550000,0000060D,false,Rx,0,8,0D,10,83,B6,09,20,70,00,
560000,00000054,false,Rx,0,8,01,05,EF,00,0A,03,00,00,
560000,00000055,false,Rx,0,8,10,27,00,00,00,00,00,00,
561000,00000056,false,Rx,0,8,10,27,00,00,00,00,00,00,
561000,00000057,false,Rx,0,8,00,00,FE,FF,FE,FF,00,00,
601000,00000625,false,Rx,0,8,25,00,59,86,01,54,5C,06,
650000,0000060D,false,Rx,0,8,0D,10,83,B6,09,20,70,00,
700000,00000625,false,Rx,0,8,25,00,59,86,01,54,5C,06,
711000,000002C4,false,Rx,0,8,09,00,00,00,0A,03,00,00,
711000,000002C5,false,Rx,0,8,00,00,00,00,00,00,00,00,
711000,000002C6,false,Rx,0,8,32,00,7C,01,00,00,00,00,
751000,0000060D,false,Rx,0,8,0D,10,83,B6,09,20,70,00,
761000,00000054,false,Rx,0,8,01,05,EF,00,0A,03,00,00,
761000,00000055,false,Rx,0,8,10,27,00,00,00,00,00,00,
761000,00000056,false,Rx,0,8,10,27,00,00,00,00,00,00,
761000,00000057,false,Rx,0,8,00,00,FE,FF,FE,FF,00,00,
800000,00000625,false,Rx,0,8,25,00,59,86,01,54,5C,06,
851000,0000060D,false,Rx,0,8,0D,10,83,B6,09,20,70,00,
900000,00000625,false,Rx,0,8,25,00,59,86,01,54,5C,06,
931000,000002C4,false,Rx,0,8,09,00,00,00,0A,03,00,00,
931000,000002C5,false,Rx,0,8,00,00,00,00,00,00,00,00,
931000,000002C6,false,Rx,0,8,32,00,7C,01,00,00,00,00,
950000,0000060D,false,Rx,0,8,0D,10,83,B6,09,20,70,00,
960000,00000054,false,Rx,0,8,01,05,EF,00,0A,03,00,00,
960000,00000055,false,Rx,0,8,10,27,00,00,00,00,00,00,
961000,00000056,false,Rx,0,8,10,27,00,00,00,00,00,00,
961000,00000057,false,Rx,0,8,00,00,FE,FF,FE,FF,00,00,
999000,00000625,false,Rx,0,8,25,00,59,86,01,54,5C,06,
50000,0000060D,false,Rx,0,8,0D,10,83,B6,09,20,70,00,
99000,00000625,false,Rx,0,8,25,00,59,86,01,54,5C,06,
150000,0000060D,false,Rx,0,8,0D,10,83,B6,09,20,70,00,
151000,000002C4,false,Rx,0,8,09,00,00,00,0A,03,00,00,
151000,000002C5,false,Rx,0,8,00,00,00,00,00,00,00,00,
151000,000002C6,false,Rx,0,8,32,00,7C,01,00,00,00,00,
160000,00000054,false,Rx,0,8,01,05,EF,00,0A,03,00,00,
160000,00000055,false,Rx,0,8,10,27,00,00,00,00,00,00,
161000,00000056,false,Rx,0,8,10,27,00,00,00,00,00,00,
161000,00000057,false,Rx,0,8,00,00,FE,FF,FE,FF,00,00,
199000,00000625,false,Rx,0,8,25,00,59,86,01,54,5C,06,
250000,0000060D,false,Rx,0,8,0D,10,83,B6,09,20,70,00,
300000,00000625,false,Rx,0,8,25,00,59,86,01,54,5C,06,
350000,0000060D,false,Rx,0,8,0D,10,83,B6,09,20,70,00,
0,00000054,false,Rx,0,8,01,05,EF,00,0A,03,00,00,
0,00000055,false,Rx,0,8,10,27,00,00,00,00,00,00,
360000,00000056,false,Rx,0,8,10,27,00,00,00,00,00,00,
361000,00000057,false,Rx,0,8,00,00,FE,FF,FE,FF,00,00,
371000,000002C4,false,Rx,0,8,09,00,00,00,0A,03,00,00,
371000,000002C5,false,Rx,0,8,00,00,00,00,00,00,00,00,
372000,000002C6,false,Rx,0,8,32,00,7C,01,00,00,00,00,
400000,00000625,false,Rx,0,8,25,00,59,86,01,54,5C,06,
451000,0000060D,false,Rx,0,8,0D,10,83,B6,09,20,70,00,
502000,00000625,false,Rx,0,8,25,00,59,86,01,54,5C,06,
550000,0000060D,false,Rx,0,8,0D,10,83,B6,09,20,70,00,
560000,00000054,false,Rx,0,8,01,05,EF,00,0A,03,00,00,
560000,00000055,false,Rx,0,8,10,27,00,00,00,00,00,00,
0,00000056,false,Rx,0,8,10,27,00,00,00,00,00,00,
0,00000057,false,Rx,0,8,00,00,FE,FF,FE,FF,00,00,
591000,000002C4,false,Rx,0,8,09,00,00,00,0A,03,00,00,
592000,000002C5,false,Rx,0,8,00,00,00,00,00,00,00,00,
592000,000002C6,false,Rx,0,8,32,00,7C,01,00,00,00,00,
600000,00000625,false,Rx,0,8,25,00,59,86,01,54,5C,06,
650000,0000060D,false,Rx,0,8,0D,10,83,B6,09,20,70,00,
700000,00000625,false,Rx,0,8,25,00,59,86,01,54,5C,06,
751000,0000060D,false,Rx,0,8,0D,10,83,B6,09,20,70,00,
760000,00000054,false,Rx,0,8,01,05,EF,00,0A,03,00,00,
760000,00000055,false,Rx,0,8,10,27,00,00,00,00,00,00,
0,00000056,false,Rx,0,8,10,27,00,00,00,00,00,00,
0,00000057,false,Rx,0,8,00,00,FE,FF,FE,FF,00,00,
800000,00000625,false,Rx,0,8,25,00,59,86,01,54,5C,06,
811000,000002C4,false,Rx,0,8,09,00,00,00,0A,03,00,00,
811000,000002C5,false,Rx,0,8,00,00,00,00,00,00,00,00,
812000,000002C6,false,Rx,0,8,32,00,7C,01,00,00,00,00,
851000,0000060D,false,Rx,0,8,0D,10,83,B6,09,20,70,00,
900000,00000625,false,Rx,0,8,25,00,59,86,01,54,5C,06,
950000,0000060D,false,Rx,0,8,0D,10,83,B6,09,20,70,00,
960000,00000054,false,Rx,0,8,01,05,EF,00,0A,03,00,00,
961000,00000055,false,Rx,0,8,10,27,00,00,00,00,00,00,
961000,00000056,false,Rx,0,8,10,27,00,00,00,00,00,00,
961000,00000057,false,Rx,0,8,00,00,FE,FF,FE,FF,00,00,
0,00000625,false,Rx,0,8,25,00,59,86,01,54,5C,06,
31000,000002C4,false,Rx,0,8,09,00,00,00,0A,03,00,00,
0,000002C5,false,Rx,0,8,00,00,00,00,00,00,00,00,
0,000002C6,false,Rx,0,8,32,00,7C,01,00,00,00,00,
50000,0000060D,false,Rx,0,8,0D,10,83,B6,09,20,70,00,
100000,00000625,false,Rx,0,8,25,00,59,86,01,54,5C,06,
151000,0000060D,false,Rx,0,8,0D,10,83,B6,09,20,70,00,
160000,00000054,false,Rx,0,8,01,05,EF,00,0A,03,00,00,
160000,00000055,false,Rx,0,8,10,27,00,00,00,00,00,00,
160000,00000056,false,Rx,0,8,10,27,00,00,00,00,00,00,
161000,00000057,false,Rx,0,8,00,00,FE,FF,FE,FF,00,00,
200000,00000625,false,Rx,0,8,25,00,59,86,01,54,5C,06,
251000,0000060D,false,Rx,0,8,0D,10,83,B6,09,20,70,00,
0,000002C4,false,Rx,0,8,09,00,00,00,0A,03,00,00,
0,000002C5,false,Rx,0,8,00,00,00,00,00,00,00,00,
252000,000002C6,false,Rx,0,8,32,00,7C,01,00,00,00,00,
300000,00000625,false,Rx,0,8,25,00,59,86,01,54,5C,06,
351000,0000060D,false,Rx,0,8,0D,10,83,B6,09,20,70,00,
0,00000054,false,Rx,0,8,01,05,EF,00,0A,03,00,00,
0,00000055,false,Rx,0,8,10,27,00,00,00,00,00,00,
361000,00000056,false,Rx,0,8,10,27,00,00,00,00,00,00,
361000,00000057,false,Rx,0,8,00,00,FE,FF,FE,FF,00,00,
399000,00000625,false,Rx,0,8,25,00,59,86,01,54,5C,06,
451000,0000060D,false,Rx,0,8,0D,10,83,B6,09,20,70,00,
471000,000002C4,false,Rx,0,8,09,00,00,00,0A,03,00,00,
471000,000002C5,false,Rx,0,8,00,00,00,00,00,00,00,00,
471000,000002C6,false,Rx,0,8,32,00,7C,01,00,00,00,00,
500000,00000625,false,Rx,0,8,25,00,59,86,01,54,5C,06,
551000,0000060D,false,Rx,0,8,0D,10,83,B6,09,20,70,00,
561000,00000054,false,Rx,0,8,01,05,EF,00,0A,03,00,00,
561000,00000055,false,Rx,0,8,10,27,00,00,00,00,00,00,
561000,00000056,false,Rx,0,8,10,27,00,00,00,00,00,00,
561000,00000057,false,Rx,0,8,00,00,FE,FF,FE,FF,00,00,
600000,00000625,false,Rx,0,8,25,00,59,86,01,54,5C,06,
651000,0000060D,false,Rx,0,8,0D,10,83,B6,09,20,70,00,
691000,000002C4,false,Rx,0,8,09,00,00,00,0A,03,00,00,
691000,000002C5,false,Rx,0,8,00,00,00,00,00,00,00,00,
691000,000002C6,false,Rx,0,8,32,00,7C,01,00,00,00,00,
700000,00000625,false,Rx,0,8,25,00,59,86,01,54,5C,06,
751000,0000060D,false,Rx,0,8,0D,10,83,B6,09,20,70,00,
760000,00000054,false,Rx,0,8,01,05,EF,00,0A,03,00,00,
760000,00000055,false,Rx,0,8,10,27,00,00,00,00,00,00,
760000,00000056,false,Rx,0,8,10,27,00,00,00,00,00,00,
760000,00000057,false,Rx,0,8,00,00,FE,FF,FE,FF,00,00,
800000,00000625,false,Rx,0,8,25,00,59,86,01,54,5C,06,
851000,0000060D,false,Rx,0,8,0D,10,83,B6,09,20,70,00,
900000,00000625,false,Rx,0,8,25,00,59,86,01,54,5C,06,
911000,000002C4,false,Rx,0,8,09,00,00,00,0A,03,00,00,
912000,000002C5,false,Rx,0,8,00,00,00,00,00,00,00,00,
912000,000002C6,false,Rx,0,8,32,00,7C,01,00,00,00,00,
951000,0000060D,false,Rx,0,8,0D,10,83,B6,09,20,70,00,
960000,00000054,false,Rx,0,8,01,05,EF,00,0A,03,00,00,
960000,00000055,false,Rx,0,8,10,27,00,00,00,00,00,00,
961000,00000056,false,Rx,0,8,10,27,00,00,00,00,00,00,
961000,00000057,false,Rx,0,8,00,00,FE,FF,FE,FF,00,00,
0,00000625,false,Rx,0,8,25,00,59,86,01,54,5C,06,
50000,0000060D,false,Rx,0,8,0D,10,83,B6,09,20,70,00,
100000,00000625,false,Rx,0,8,25,00,59,86,01,54,5C,06,
131000,000002C4,false,Rx,0,8,09,00,00,00,0A,03,00,00,
131000,000002C5,false,Rx,0,8,00,00,00,00,00,00,00,00,
131000,000002C6,false,Rx,0,8,32,00,7C,01,00,00,00,00,
150000,0000060D,false,Rx,0,8,0D,10,83,B6,09,20,70,00,
160000,00000054,false,Rx,0,8,01,05,EF,00,0A,03,00,00,
161000,00000055,false,Rx,0,8,10,27,00,00,00,00,00,00,
161000,00000056,false,Rx,0,8,10,27,00,00,00,00,00,00,
161000,00000057,false,Rx,0,8,00,00,FE,FF,FE,FF,00,00,
201000,00000625,false,Rx,0,8,25,00,59,86,01,54,5C,06,
250000,0000060D,false,Rx,0,8,0D,10,83,B6,09,20,70,00,
300000,00000625,false,Rx,0,8,25,00,59,86,01,54,5C,06,
351000,0000060D,false,Rx,0,8,0D,10,83,B6,09,20,70,00,
351000,000002C4,false,Rx,0,8,09,00,00,00,0A,03,00,00,
351000,000002C5,false,Rx,0,8,00,00,00,00,00,00,00,00,
352000,000002C6,false,Rx,0,8,32,00,7C,01,00,00,00,00,
360000,00000054,false,Rx,0,8,01,05,EF,00,0A,03,00,00,
360000,00000055,false,Rx,0,8,10,27,00,00,00,00,00,00,
361000,00000056,false,Rx,0,8,10,27,00,00,00,00,00,00,
361000,00000057,false,Rx,0,8,00,00,FE,FF,FE,FF,00,00,
400000,00000625,false,Rx,0,8,25,00,59,86,01,54,5C,06,
451000,0000060D,false,Rx,0,8,0D,10,83,B6,09,20,70,00,
501000,00000625,false,Rx,0,8,25,00,59,86,01,54,5C,06,
551000,0000060D,false,Rx,0,8,0D,10,83,B6,09,20,70,00,
560000,00000054,false,Rx,0,8,01,05,EF,00,0A,03,00,00,
560000,00000055,false,Rx,0,8,10,27,00,00,00,00,00,00,
560000,00000056,false,Rx,0,8,10,27,00,00,00,00,00,00,
561000,00000057,false,Rx,0,8,00,00,FE,FF,FE,FF,00,00,
571000,000002C4,false,Rx,0,8,09,00,00,00,0A,03,00,00,
572000,000002C5,false,Rx,0,8,00,00,00,00,00,00,00,00,
572000,000002C6,false,Rx,0,8,32,00,7C,01,00,00,00,00,
600000,00000625,false,Rx,0,8,25,00,59,86,01,54,5C,06,
651000,0000060D,false,Rx,0,8,0D,10,83,B6,09,20,70,00,
700000,00000625,false,Rx,0,8,25,00,59,86,01,54,5C,06,
751000,0000060D,false,Rx,0,8,0D,10,83,B6,09,20,70,00,
760000,00000054,false,Rx,0,8,01,05,EF,00,0A,03,00,00,
761000,00000055,false,Rx,0,8,10,27,00,00,00,00,00,00,
761000,00000056,false,Rx,0,8,10,27,00,00,00,00,00,00,
761000,00000057,false,Rx,0,8,00,00,FE,FF,FE,FF,00,00,
792000,000002C4,false,Rx,0,8,09,00,00,00,0A,03,00,00,
792000,000002C5,false,Rx,0,8,00,00,00,00,00,00,00,00,
792000,000002C6,false,Rx,0,8,32,00,7C,01,00,00,00,00,
800000,00000625,false,Rx,0,8,25,00,59,86,01,54,5C,06,
850000,0000060D,false,Rx,0,8,0D,10,83,B6,09,20,70,00,
900000,00000625,false,Rx,0,8,25,00,59,86,01,54,5C,06,
951000,0000060D,false,Rx,0,8,0D,10,83,B6,09,20,70,00,
960000,00000054,false,Rx,0,8,01,05,EF,00,0A,03,00,00,
960000,00000055,false,Rx,0,8,10,27,00,00,00,00,00,00,
960000,00000056,false,Rx,0,8,10,27,00,00,00,00,00,00,
961000,00000057,false,Rx,0,8,00,00,FE,FF,FE,FF,00,00,
0,00000625,false,Rx,0,8,25,00,59,86,01,54,5C,06,
0,000002C4,false,Rx,0,8,09,00,00,00,0A,03,00,00,
0,000002C5,false,Rx,0,8,00,00,00,00,00,00,00,00,
12000,000002C6,false,Rx,0,8,32,00,7C,01,00,00,00,00,
50000,0000060D,false,Rx,0,8,0D,10,83,B6,09,20,70,00,
100000,00000625,false,Rx,0,8,25,00,59,86,01,54,5C,06,
150000,0000060D,false,Rx,0,8,0D,10,83,B6,09,20,70,00,
161000,00000054,false,Rx,0,8,01,05,EF,00,0A,03,00,00,
161000,00000055,false,Rx,0,8,10,27,00,00,00,00,00,00,
161000,00000056,false,Rx,0,8,10,27,00,00,00,00,00,00,
162000,00000057,false,Rx,0,8,00,00,FE,FF,FE,FF,00,00,
200000,00000625,false,Rx,0,8,25,00,59,86,01,54,5C,06,
231000,000002C4,false,Rx,0,8,09,00,00,00,0A,03,00,00,
231000,000002C5,false,Rx,0,8,00,00,00,00,00,00,00,00,
232000,000002C6,false,Rx,0,8,32,00,7C,01,00,00,00,00,
251000,0000060D,false,Rx,0,8,0D,10,83,B6,09,20,70,00,
300000,00000625,false,Rx,0,8,25,00,59,86,01,54,5C,06,
350000,0000060D,false,Rx,0,8,0D,10,83,B6,09,20,70,00,
0,00000054,false,Rx,0,8,01,05,EF,00,0A,03,00,00,
0,00000055,false,Rx,0,8,10,27,00,00,00,00,00,00,
361000,00000056,false,Rx,0,8,10,27,00,00,00,00,00,00,
361000,00000057,false,Rx,0,8,00,00,FE,FF,FE,FF,00,00,
400000,00000625,false,Rx,0,8,25,00,59,86,01,54,5C,06,
451000,0000060D,false,Rx,0,8,0D,10,83,B6,09,20,70,00,
451000,000002C4,false,Rx,0,8,09,00,00,00,0A,03,00,00,
452000,000002C5,false,Rx,0,8,00,00,00,00,00,00,00,00,
452000,000002C6,false,Rx,0,8,32,00,7C,01,00,00,00,00,
500000,00000625,false,Rx,0,8,25,00,59,86,01,54,5C,06,
551000,0000060D,false,Rx,0,8,0D,10,83,B6,09,20,70,00,
560000,00000054,false,Rx,0,8,01,05,EF,00,0A,03,00,00,
561000,00000055,false,Rx,0,8,10,27,00,00,00,00,00,00,
561000,00000056,false,Rx,0,8,10,27,00,00,00,00,00,00,
561000,00000057,false,Rx,0,8,00,00,FE,FF,FE,FF,00,00,
600000,00000625,false,Rx,0,8,25,00,59,86,01,54,5C,06,
651000,0000060D,false,Rx,0,8,0D,10,83,B6,09,20,70,00,
671000,000002C4,false,Rx,0,8,09,00,00,00,0A,03,00,00,
671000,000002C5,false,Rx,0,8,00,00,00,00,00,00,00,00,
672000,000002C6,false,Rx,0,8,32,00,7C,01,00,00,00,00,
700000,00000625,false,Rx,0,8,25,00,59,86,01,54,5C,06,
750000,0000060D,false,Rx,0,8,0D,10,83,B6,09,20,70,00,
0,00000054,false,Rx,0,8,01,05,EF,00,0A,03,00,00,
0,00000055,false,Rx,0,8,10,27,00,00,00,00,00,00,
761000,00000056,false,Rx,0,8,10,27,00,00,00,00,00,00,
761000,00000057,false,Rx,0,8,00,00,FE,FF,FE,FF,00,00,
800000,00000625,false,Rx,0,8,25,00,59,86,01,54,5C,06,
850000,0000060D,false,Rx,0,8,0D,10,83,B6,09,20,70,00,
0,000002C4,false,Rx,0,8,09,00,00,00,0A,03,00,00,
0,000002C5,false,Rx,0,8,00,00,00,00,00,00,00,00,
0,000002C6,false,Rx,0,8,32,00,7C,01,00,00,00,00,
900000,00000625,false,Rx,0,8,25,00,59,86,01,54,5C,06,
951000,0000060D,false,Rx,0,8,0D,10,83,B6,09,20,70,00,
960000,00000054,false,Rx,0,8,01,05,EF,00,0A,03,00,00,
960000,00000055,false,Rx,0,8,10,27,00,00,00,00,00,00,
961000,00000056,false,Rx,0,8,10,27,00,00,00,00,00,00,
961000,00000057,false,Rx,0,8,00,00,FE,FF,FE,FF,00,00,
0,00000625,false,Rx,0,8,25,00,59,86,01,54,5C,06,
50000,0000060D,false,Rx,0,8,0D,10,83,B6,09,20,70,00,
100000,00000625,false,Rx,0,8,25,00,59,86,01,54,5C,06,
111000,000002C4,false,Rx,0,8,09,00,00,00,0A,03,00,00,
111000,000002C5,false,Rx,0,8,00,00,00,00,00,00,00,00,
111000,000002C6,false,Rx,0,8,32,00,7C,01,00,00,00,00,
150000,0000060D,false,Rx,0,8,0D,10,83,B6,09,20,70,00,
160000,00000054,false,Rx,0,8,01,05,EF,00,0A,03,00,00,
160000,00000055,false,Rx,0,8,10,27,00,00,00,00,00,00,
161000,00000056,false,Rx,0,8,10,27,00,00,00,00,00,00,
161000,00000057,false,Rx,0,8,00,00,FE,FF,FE,FF,00,00,
200000,00000625,false,Rx,0,8,25,00,59,86,01,54,5C,06,
251000,0000060D,false,Rx,0,8,0D,10,83,B6,09,20,70,00,
299000,00000625,false,Rx,0,8,25,00,59,86,01,54,5C,06,
332000,000002C4,false,Rx,0,8,09,00,00,00,0A,03,00,00,
332000,000002C5,false,Rx,0,8,00,00,00,00,00,00,00,00,
332000,000002C6,false,Rx,0,8,32,00,7C,01,00,00,00,00,
351000,0000060D,false,Rx,0,8,0D,10,83,B6,09,20,70,00,
0,00000054,false,Rx,0,8,01,05,EF,00,0A,03,00,00,
0,00000055,false,Rx,0,8,10,27,00,00,00,00,00,00,
361000,00000056,false,Rx,0,8,10,27,00,00,00,00,00,00,
362000,00000057,false,Rx,0,8,00,00,FE,FF,FE,FF,00,00,
400000,00000625,false,Rx,0,8,25,00,59,86,01,54,5C,06,
451000,0000060D,false,Rx,0,8,0D,10,83,B6,09,20,70,00,
501000,00000625,false,Rx,0,8,25,00,59,86,01,54,5C,06,
550000,0000060D,false,Rx,0,8,0D,10,83,B6,09,20,70,00,
551000,000002C4,false,Rx,0,8,09,00,00,00,0A,03,00,00,
551000,000002C5,false,Rx,0,8,00,00,00,00,00,00,00,00,
552000,000002C6,false,Rx,0,8,32,00,7C,01,00,00,00,00,
560000,00000054,false,Rx,0,8,01,05,EF,00,0A,03,00,00,
560000,00000055,false,Rx,0,8,10,27,00,00,00,00,00,00,
561000,00000056,false,Rx,0,8,10,27,00,00,00,00,00,00,
562000,00000057,false,Rx,0,8,00,00,FE,FF,FE,FF,00,00,
600000,00000625,false,Rx,0,8,25,00,59,86,01,54,5C,06,
651000,0000060D,false,Rx,0,8,0D,10,83,B6,09,20,70,00,
700000,00000625,false,Rx,0,8,25,00,59,86,01,54,5C,06,
751000,0000060D,false,Rx,0,8,0D,10,83,B6,09,20,70,00,
760000,00000054,false,Rx,0,8,01,05,EF,00,0A,03,00,00,
0,00000055,false,Rx,0,8,10,27,00,00,00,00,00,00,
0,00000056,false,Rx,0,8,10,27,00,00,00,00,00,00,
762000,00000057,false,Rx,0,8,00,00,FE,FF,FE,FF,00,00,
771000,000002C4,false,Rx,0,8,09,00,00,00,0A,03,00,00,
772000,000002C5,false,Rx,0,8,00,00,00,00,00,00,00,00,
772000,000002C6,false,Rx,0,8,32,00,7C,01,00,00,00,00,
800000,00000625,false,Rx,0,8,25,00,59,86,01,54,5C,06,
850000,0000060D,false,Rx,0,8,0D,10,83,B6,09,20,70,00,
900000,00000625,false,Rx,0,8,25,00,59,86,01,54,5C,06,
950000,0000060D,false,Rx,0,8,0D,10,83,B6,09,20,70,00,
961000,00000054,false,Rx,0,8,01,05,EF,00,0A,03,00,00,
961000,00000055,false,Rx,0,8,10,27,00,00,00,00,00,00,
961000,00000056,false,Rx,0,8,10,27,00,00,00,00,00,00,
961000,00000057,false,Rx,0,8,00,00,FE,FF,FE,FF,00,00,
991000,000002C4,false,Rx,0,8,09,00,00,00,0A,03,00,00,
991000,000002C5,false,Rx,0,8,00,00,00,00,00,00,00,00,
991000,000002C6,false,Rx,0,8,32,00,7C,01,00,00,00,00,
0,00000625,false,Rx,0,8,25,00,59,86,01,54,5C,06,
50000,0000060D,false,Rx,0,8,0D,10,83,B6,09,20,70,00,
99000,00000625,false,Rx,0,8,25,00,59,86,01,54,5C,06,
150000,0000060D,false,Rx,0,8,0D,10,83,B6,09,20,70,00,
161000,00000054,false,Rx,0,8,01,05,EF,00,0A,03,00,00,
161000,00000055,false,Rx,0,8,10,27,00,00,00,00,00,00,
161000,00000056,false,Rx,0,8,10,27,00,00,00,00,00,00,
162000,00000057,false,Rx,0,8,00,00,FE,FF,FE,FF,00,00,
200000,00000625,false,Rx,0,8,25,00,59,86,01,54,5C,06,
211000,000002C4,false,Rx,0,8,09,00,00,00,0A,03,00,00,
211000,000002C5,false,Rx,0,8,00,00,00,00,00,00,00,00,
211000,000002C6,false,Rx,0,8,32,00,7C,01,00,00,00,00,
250000,0000060D,false,Rx,0,8,0D,10,83,B6,09,20,70,00,
300000,00000625,false,Rx,0,8,25,00,59,86,01,54,5C,06,
350000,0000060D,false,Rx,0,8,0D,10,83,B6,09,20,70,00,
361000,00000054,false,Rx,0,8,01,05,EF,00,0A,03,00,00,
361000,00000055,false,Rx,0,8,10,27,00,00,00,00,00,00,
361000,00000056,false,Rx,0,8,10,27,00,00,00,00,00,00,
361000,00000057,false,Rx,0,8,00,00,FE,FF,FE,FF,00,00,
400000,00000625,false,Rx,0,8,25,00,59,86,01,54,5C,06,
431000,000002C4,false,Rx,0,8,09,00,00,00,0A,03,00,00,
431000,000002C5,false,Rx,0,8,00,00,00,00,00,00,00,00,
431000,000002C6,false,Rx,0,8,32,00,7C,01,00,00,00,00,
451000,0000060D,false,Rx,0,8,0D,10,83,B6,09,20,70,00,
500000,00000625,false,Rx,0,8,25,00,59,86,01,54,5C,06,
550000,0000060D,false,Rx,0,8,0D,10,83,B6,09,20,70,00,
560000,00000054,false,Rx,0,8,01,05,EF,00,0A,03,00,00,
561000,00000055,false,Rx,0,8,10,27,00,00,00,00,00,00,
0,00000056,false,Rx,0,8,10,27,00,00,00,00,00,00,
0,00000057,false,Rx,0,8,00,00,FE,FF,FE,FF,00,00,
600000,00000625,false,Rx,0,8,25,00,59,86,01,54,5C,06,
651000,0000060D,false,Rx,0,8,0D,10,83,B6,09,20,70,00,
651000,000002C4,false,Rx,0,8,09,00,00,00,0A,03,00,00,
652000,000002C5,false,Rx,0,8,00,00,00,00,00,00,00,00,
652000,000002C6,false,Rx,0,8,32,00,7C,01,00,00,00,00,
700000,00000625,false,Rx,0,8,25,00,59,86,01,54,5C,06,
750000,0000060D,false,Rx,0,8,0D,10,83,B6,09,20,70,00,
760000,00000054,false,Rx,0,8,01,05,EF,00,0A,03,00,00,
760000,00000055,false,Rx,0,8,10,27,00,00,00,00,00,00,
761000,00000056,false,Rx,0,8,10,27,00,00,00,00,00,00,
761000,00000057,false,Rx,0,8,00,00,FE,FF,FE,FF,00,00,
800000,00000625,false,Rx,0,8,25,00,59,86,01,54,5C,06,
851000,0000060D,false,Rx,0,8,0D,10,83,B6,09,20,70,00,
872000,000002C4,false,Rx,0,8,09,00,00,00,0A,03,00,00,
872000,000002C5,false,Rx,0,8,00,00,00,00,00,00,00,00,
872000,000002C6,false,Rx,0,8,32,00,7C,01,00,00,00,00,
900000,00000625,false,Rx,0,8,25,00,59,86,01,54,5C,06,
951000,0000060D,false,Rx,0,8,0D,10,83,B6,09,20,70,00,
960000,00000054,false,Rx,0,8,01,05,EF,00,0A,03,00,00,
960000,00000055,false,Rx,0,8,10,27,00,00,00,00,00,00,
960000,00000056,false,Rx,0,8,10,27,00,00,00,00,00,00,
961000,00000057,false,Rx,0,8,00,00,FE,FF,FE,FF,00,00,
0,00000625,false,Rx,0,8,25,00,59,86,01,54,5C,06,
51000,0000060D,false,Rx,0,8,0D,10,83,B6,09,20,70,00,
91000,000002C4,false,Rx,0,8,09,00,00,00,0A,03,00,00,
92000,000002C5,false,Rx,0,8,00,00,00,00,00,00,00,00,
92000,000002C6,false,Rx,0,8,32,00,7C,01,00,00,00,00,
100000,00000625,false,Rx,0,8,25,00,59,86,01,54,5C,06,
150000,0000060D,false,Rx,0,8,0D,10,83,B6,09,20,70,00,
0,00000054,false,Rx,0,8,01,05,EF,00,0A,03,00,00,
0,00000055,false,Rx,0,8,10,27,00,00,00,00,00,00,
161000,00000056,false,Rx,0,8,10,27,00,00,00,00,00,00,
161000,00000057,false,Rx,0,8,00,00,FE,FF,FE,FF,00,00,
200000,00000625,false,Rx,0,8,25,00,59,86,01,54,5C,06,
251000,0000060D,false,Rx,0,8,0D,10,83,B6,09,20,70,00,
300000,00000625,false,Rx,0,8,25,00,59,86,01,54,5C,06,
312000,000002C4,false,Rx,0,8,09,00,00,00,0A,03,00,00,
312000,000002C5,false,Rx,0,8,00,00,00,00,00,00,00,00,
312000,000002C6,false,Rx,0,8,32,00,7C,01,00,00,00,00,
350000,0000060D,false,Rx,0,8,0D,10,83,B6,09,20,70,00,
0,00000054,false,Rx,0,8,01,05,EF,00,0A,03,00,00,
0,00000055,false,Rx,0,8,10,27,00,00,00,00,00,00,
361000,00000056,false,Rx,0,8,10,27,00,00,00,00,00,00,
361000,00000057,false,Rx,0,8,00,00,FE,FF,FE,FF,00,00,
400000,00000625,false,Rx,0,8,25,00,59,86,01,54,5C,06,
450000,0000060D,false,Rx,0,8,0D,10,83,B6,09,20,70,00,
500000,00000625,false,Rx,0,8,25,00,59,86,01,54,5C,06,
531000,000002C4,false,Rx,0,8,09,00,00,00,0A,03,00,00,
531000,000002C5,false,Rx,0,8,00,00,00,00,00,00,00,00,
531000,000002C6,false,Rx,0,8,32,00,7C,01,00,00,00,00,
550000,0000060D,false,Rx,0,8,0D,10,83,B6,09,20,70,00,
560000,00000054,false,Rx,0,8,01,05,EF,00,0A,03,00,00,
560000,00000055,false,Rx,0,8,10,27,00,00,00,00,00,00,
561000,00000056,false,Rx,0,8,10,27,00,00,00,00,00,00,
561000,00000057,false,Rx,0,8,00,00,FE,FF,FE,FF,00,00,
600000,00000625,false,Rx,0,8,25,00,59,86,01,54,5C,06,
651000,0000060D,false,Rx,0,8,0D,10,83,B6,09,20,70,00,
700000,00000625,false,Rx,0,8,25,00,59,86,01,54,5C,06,
750000,0000060D,false,Rx,0,8,0D,10,83,B6,09,20,70,00,
751000,000002C4,false,Rx,0,8,09,00,00,00,0A,03,00,00,
751000,000002C5,false,Rx,0,8,00,00,00,00,00,00,00,00,
751000,000002C6,false,Rx,0,8,32,00,7C,01,00,00,00,00,
760000,00000054,false,Rx,0,8,01,05,EF,00,0A,03,00,00,
761000,00000055,false,Rx,0,8,10,27,00,00,00,00,00,00,
761000,00000056,false,Rx,0,8,10,27,00,00,00,00,00,00,
761000,00000057,false,Rx,0,8,00,00,FE,FF,FE,FF,00,00,
799000,00000625,false,Rx,0,8,25,00,59,86,01,54,5C,06,
850000,0000060D,false,Rx,0,8,0D,10,83,B6,09,20,70,00,
900000,00000625,false,Rx,0,8,25,00,59,86,01,54,5C,06,
951000,0000060D,false,Rx,0,8,0D,10,83,B6,09,20,70,00,
960000,00000054,false,Rx,0,8,01,05,EF,00,0A,03,00,00,
961000,00000055,false,Rx,0,8,10,27,00,00,00,00,00,00,
961000,00000056,false,Rx,0,8,10,27,00,00,00,00,00,00,
961000,00000057,false,Rx,0,8,00,00,FE,FF,FE,FF,00,00,
971000,000002C4,false,Rx,0,8,09,00,00,00,0A,03,00,00,
971000,000002C5,false,Rx,0,8,00,00,00,00,00,00,00,00,
971000,000002C6,false,Rx,0,8,32,00,7C,01,00,00,00,00,
0,00000625,false,Rx,0,8,25,00,59,86,01,54,5C,06,
50000,0000060D,false,Rx,0,8,0D,10,83,B6,09,20,70,00,
100000,00000625,false,Rx,0,8,25,00,59,86,01,54,5C,06,
151000,0000060D,false,Rx,0,8,0D,10,83,B6,09,20,70,00,
0,00000054,false,Rx,0,8,01,05,EF,00,0A,03,00,00,
0,00000055,false,Rx,0,8,10,27,00,00,00,00,00,00,
161000,00000056,false,Rx,0,8,10,27,00,00,00,00,00,00,
161000,00000057,false,Rx,0,8,00,00,FE,FF,FE,FF,00,00,
191000,000002C4,false,Rx,0,8,09,00,00,00,0A,03,00,00,
191000,000002C5,false,Rx,0,8,00,00,00,00,00,00,00,00,
192000,000002C6,false,Rx,0,8,32,00,7C,01,00,00,00,00,
200000,00000625,false,Rx,0,8,25,00,59,86,01,54,5C,06,
251000,0000060D,false,Rx,0,8,0D,10,83,B6,09,20,70,00,
300000,00000625,false,Rx,0,8,25,00,59,86,01,54,5C,06,
351000,0000060D,false,Rx,0,8,0D,10,83,B6,09,20,70,00,
0,00000054,false,Rx,0,8,01,05,EF,00,0A,03,00,00,
0,00000055,false,Rx,0,8,10,27,00,00,00,00,00,00,
0,00000056,false,Rx,0,8,10,27,00,00,00,00,00,00,
361000,00000057,false,Rx,0,8,00,00,FE,FF,FE,FF,00,00,
400000,00000625,false,Rx,0,8,25,00,59,86,01,54,5C,06,
411000,000002C4,false,Rx,0,8,09,00,00,00,0A,03,00,00,
412000,000002C5,false,Rx,0,8,00,00,00,00,00,00,00,00,
412000,000002C6,false,Rx,0,8,32,00,7C,01,00,00,00,00,
451000,0000060D,false,Rx,0,8,0D,10,83,B6,09,20,70,00,
500000,00000625,false,Rx,0,8,25,00,59,86,01,54,5C,06,
550000,0000060D,false,Rx,0,8,0D,10,83,B6,09,20,70,00,
561000,00000054,false,Rx,0,8,01,05,EF,00,0A,03,00,00,
561000,00000055,false,Rx,0,8,10,27,00,00,00,00,00,00,
561000,00000056,false,Rx,0,8,10,27,00,00,00,00,00,00,
561000,00000057,false,Rx,0,8,00,00,FE,FF,FE,FF,00,00,
600000,00000625,false,Rx,0,8,25,00,59,86,01,54,5C,06,
631000,000002C4,false,Rx,0,8,09,00,00,00,0A,03,00,00,
631000,000002C5,false,Rx,0,8,00,00,00,00,00,00,00,00,
631000,000002C6,false,Rx,0,8,32,00,7C,01,00,00,00,00,
651000,0000060D,false,Rx,0,8,0D,10,83,B6,09,20,70,00,
700000,00000625,false,Rx,0,8,25,00,59,86,01,54,5C,06,
750000,0000060D,false,Rx,0,8,0D,10,83,B6,09,20,70,00,
761000,00000054,false,Rx,0,8,01,05,EF,00,0A,03,00,00,
761000,00000055,false,Rx,0,8,10,27,00,00,00,00,00,00,
761000,00000056,false,Rx,0,8,10,27,00,00,00,00,00,00,
761000,00000057,false,Rx,0,8,00,00,FE,FF,FE,FF,00,00,
800000,00000625,false,Rx,0,8,25,00,59,86,01,54,5C,06,
851000,0000060D,false,Rx,0,8,0D,10,83,B6,09,20,70,00,
851000,000002C4,false,Rx,0,8,09,00,00,00,0A,03,00,00,
852000,000002C5,false,Rx,0,8,00,00,00,00,00,00,00,00,
852000,000002C6,false,Rx,0,8,32,00,7C,01,00,00,00,00,
900000,00000625,false,Rx,0,8,25,00,59,86,01,54,5C,06,
950000,0000060D,false,Rx,0,8,0D,10,83,B6,09,20,70,00,
961000,00000054,false,Rx,0,8,01,05,EF,00,0A,03,00,00,
961000,00000055,false,Rx,0,8,10,27,00,00,00,00,00,00,
961000,00000056,false,Rx,0,8,10,27,00,00,00,00,00,00,
961000,00000057,false,Rx,0,8,00,00,FE,FF,FE,FF,00,00,
0,00000625,false,Rx,0,8,25,00,59,86,01,54,5C,06,
50000,0000060D,false,Rx,0,8,0D,10,83,B6,09,20,70,00,
71000,000002C4,false,Rx,0,8,09,00,00,00,0A,03,00,00,
71000,000002C5,false,Rx,0,8,00,00,00,00,00,00,00,00,
71000,000002C6,false,Rx,0,8,32,00,7C,01,00,00,00,00,
100000,00000625,false,Rx,0,8,25,00,59,86,01,54,5C,06,
150000,0000060D,false,Rx,0,8,0D,10,83,B6,09,20,70,00,
161000,00000054,false,Rx,0,8,01,05,EF,00,0A,03,00,00,
161000,00000055,false,Rx,0,8,10,27,00,00,00,00,00,00,
0,00000056,false,Rx,0,8,10,27,00,00,00,00,00,00,
0,00000057,false,Rx,0,8,00,00,FE,FF,FE,FF,00,00,
200000,00000625,false,Rx,0,8,25,00,59,86,01,54,5C,06,
251000,0000060D,false,Rx,0,8,0D,10,83,B6,09,20,70,00,
291000,000002C4,false,Rx,0,8,09,00,00,00,0A,03,00,00,
291000,000002C5,false,Rx,0,8,00,00,00,00,00,00,00,00,
292000,000002C6,false,Rx,0,8,32,00,7C,01,00,00,00,00,
300000,00000625,false,Rx,0,8,25,00,59,86,01,54,5C,06,
350000,0000060D,false,Rx,0,8,0D,10,83,B6,09,20,70,00,
0,00000054,false,Rx,0,8,01,05,EF,00,0A,03,00,00,
0,00000055,false,Rx,0,8,10,27,00,00,00,00,00,00,
361000,00000056,false,Rx,0,8,10,27,00,00,00,00,00,00,
362000,00000057,false,Rx,0,8,00,00,FE,FF,FE,FF,00,00,
400000,00000625,false,Rx,0,8,25,00,59,86,01,54,5C,06,
451000,0000060D,false,Rx,0,8,0D,10,83,B6,09,20,70,00,
500000,00000625,false,Rx,0,8,25,00,59,86,01,54,5C,06,
0,000002C4,false,Rx,0,8,09,00,00,00,0A,03,00,00,
0,000002C5,false,Rx,0,8,00,00,00,00,00,00,00,00,
511000,000002C6,false,Rx,0,8,32,00,7C,01,00,00,00,00,
551000,0000060D,false,Rx,0,8,0D,10,83,B6,09,20,70,00,
0,00000054,false,Rx,0,8,01,05,EF,00,0A,03,00,00,
0,00000055,false,Rx,0,8,10,27,00,00,00,00,00,00,
560000,00000056,false,Rx,0,8,10,27,00,00,00,00,00,00,
561000,00000057,false,Rx,0,8,00,00,FE,FF,FE,FF,00,00,
600000,00000625,false,Rx,0,8,25,00,59,86,01,54,5C,06,
650000,0000060D,false,Rx,0,8,0D,10,83,B6,09,20,70,00,
700000,00000625,false,Rx,0,8,25,00,59,86,01,54,5C,06,
731000,000002C4,false,Rx,0,8,09,00,00,00,0A,03,00,00,
732000,000002C5,false,Rx,0,8,00,00,00,00,00,00,00,00,
732000,000002C6,false,Rx,0,8,32,00,7C,01,00,00,00,00,
751000,0000060D,false,Rx,0,8,0D,10,83,B6,09,20,70,00,
760000,00000054,false,Rx,0,8,01,05,EF,00,0A,03,00,00,
760000,00000055,false,Rx,0,8,10,27,00,00,00,00,00,00,
760000,00000056,false,Rx,0,8,10,27,00,00,00,00,00,00,
761000,00000057,false,Rx,0,8,00,00,FE,FF,FE,FF,00,00,
800000,00000625,false,Rx,0,8,25,00,59,86,01,54,5C,06,
850000,0000060D,false,Rx,0,8,0D,10,83,B6,09,20,70,00,
899000,00000625,false,Rx,0,8,25,00,59,86,01,54,5C,06,
951000,0000060D,false,Rx,0,8,0D,10,83,B6,09,20,70,00,
951000,000002C4,false,Rx,0,8,09,00,00,00,0A,03,00,00,
951000,000002C5,false,Rx,0,8,00,00,00,00,00,00,00,00,
952000,000002C6,false,Rx,0,8,32,00,7C,01,00,00,00,00,
960000,00000054,false,Rx,0,8,01,05,EF,00,0A,03,00,00,
960000,00000055,false,Rx,0,8,10,27,00,00,00,00,00,00,
961000,00000056,false,Rx,0,8,10,27,00,00,00,00,00,00,
961000,00000057,false,Rx,0,8,00,00,FE,FF,FE,FF,00,00,
0,00000625,false,Rx,0,8,25,00,59,86,01,54,5C,06,
51000,0000060D,false,Rx,0,8,0D,10,83,B6,09,20,70,00,
100000,00000625,false,Rx,0,8,25,00,59,86,01,54,5C,06,
150000,0000060D,false,Rx,0,8,0D,10,83,B6,09,20,70,00,
161000,00000054,false,Rx,0,8,01,05,EF,00,0A,03,00,00,
161000,00000055,false,Rx,0,8,10,27,00,00,00,00,00,00,
161000,00000056,false,Rx,0,8,10,27,00,00,00,00,00,00,
161000,00000057,false,Rx,0,8,00,00,FE,FF,FE,FF,00,00,
0,000002C4,false,Rx,0,8,09,00,00,00,0A,03,00,00,
0,000002C5,false,Rx,0,8,00,00,00,00,00,00,00,00,
172000,000002C6,false,Rx,0,8,32,00,7C,01,00,00,00,00,
200000,00000625,false,Rx,0,8,25,00,59,86,01,54,5C,06,
250000,0000060D,false,Rx,0,8,0D,10,83,B6,09,20,70,00,
300000,00000625,false,Rx,0,8,25,00,59,86,01,54,5C,06,
351000,0000060D,false,Rx,0,8,0D,10,83,B6,09,20,70,00,
0,00000054,false,Rx,0,8,01,05,EF,00,0A,03,00,00,
0,00000055,false,Rx,0,8,10,27,00,00,00,00,00,00,
361000,00000056,false,Rx,0,8,10,27,00,00,00,00,00,00,
361000,00000057,false,Rx,0,8,00,00,FE,FF,FE,FF,00,00,
0,000002C4,false,Rx,0,8,09,00,00,00,0A,03,00,00,
0,000002C5,false,Rx,0,8,00,00,00,00,00,00,00,00,
392000,000002C6,false,Rx,0,8,32,00,7C,01,00,00,00,00,
400000,00000625,false,Rx,0,8,25,00,59,86,01,54,5C,06,
451000,0000060D,false,Rx,0,8,0D,10,83,B6,09,20,70,00,
500000,00000625,false,Rx,0,8,25,00,59,86,01,54,5C,06,
550000,0000060D,false,Rx,0,8,0D,10,83,B6,09,20,70,00,
560000,00000054,false,Rx,0,8,01,05,EF,00,0A,03,00,00,
560000,00000055,false,Rx,0,8,10,27,00,00,00,00,00,00,
561000,00000056,false,Rx,0,8,10,27,00,00,00,00,00,00,
561000,00000057,false,Rx,0,8,00,00,FE,FF,FE,FF,00,00,
601000,00000625,false,Rx,0,8,25,00,59,86,01,54,5C,06,
611000,000002C4,false,Rx,0,8,09,00,00,00,0A,03,00,00,
611000,000002C5,false,Rx,0,8,00,00,00,00,00,00,00,00,
611000,000002C6,false,Rx,0,8,32,00,7C,01,00,00,00,00,
650000,0000060D,false,Rx,0,8,0D,10,83,B6,09,20,70,00,
700000,00000625,false,Rx,0,8,25,00,59,86,01,54,5C,06,
751000,0000060D,false,Rx,0,8,0D,10,83,B6,09,20,70,00,
0,00000054,false,Rx,0,8,01,05,EF,00,0A,03,00,00,
0,00000055,false,Rx,0,8,10,27,00,00,00,00,00,00,
760000,00000056,false,Rx,0,8,10,27,00,00,00,00,00,00,
760000,00000057,false,Rx,0,8,00,00,FE,FF,FE,FF,00,00,
800000,00000625,false,Rx,0,8,25,00,59,86,01,54,5C,06,
831000,000002C4,false,Rx,0,8,09,00,00,00,0A,03,00,00,
831000,000002C5,false,Rx,0,8,00,00,00,00,00,00,00,00,
832000,000002C6,false,Rx,0,8,32,00,7C,01,00,00,00,00,
850000,0000060D,false,Rx,0,8,0D,10,83,B6,09,20,70,00,
900000,00000625,false,Rx,0,8,25,00,59,86,01,54,5C,06,
951000,0000060D,false,Rx,0,8,0D,10,83,B6,09,20,70,00,
960000,00000054,false,Rx,0,8,01,05,EF,00,0A,03,00,00,
961000,00000055,false,Rx,0,8,10,27,00,00,00,00,00,00,
961000,00000056,false,Rx,0,8,10,27,00,00,00,00,00,00,
961000,00000057,false,Rx,0,8,00,00,FE,FF,FE,FF,00,00,
0,00000625,false,Rx,0,8,25,00,59,86,01,54,5C,06,
50000,0000060D,false,Rx,0,8,0D,10,83,B6,09,20,70,00,
51000,000002C4,false,Rx,0,8,09,00,00,00,0A,03,00,00,
51000,000002C5,false,Rx,0,8,00,00,00,00,00,00,00,00,
52000,000002C6,false,Rx,0,8,32,00,7C,01,00,00,00,00,
100000,00000625,false,Rx,0,8,25,00,59,86,01,54,5C,06,
151000,0000060D,false,Rx,0,8,0D,10,83,B6,09,20,70,00,
160000,00000054,false,Rx,0,8,01,05,EF,00,0A,03,00,00,
160000,00000055,false,Rx,0,8,10,27,00,00,00,00,00,00,
160000,00000056,false,Rx,0,8,10,27,00,00,00,00,00,00,
161000,00000057,false,Rx,0,8,00,00,FE,FF,FE,FF,00,00,
200000,00000625,false,Rx,0,8,25,00,59,86,01,54,5C,06,
250000,0000060D,false,Rx,0,8,0D,10,83,B6,09,20,70,00,
271000,000002C4,false,Rx,0,8,09,00,00,00,0A,03,00,00,
272000,000002C5,false,Rx,0,8,00,00,00,00,00,00,00,00,
272000,000002C6,false,Rx,0,8,32,00,7C,01,00,00,00,00,
300000,00000625,false,Rx,0,8,25,00,59,86,01,54,5C,06,
351000,0000060D,false,Rx,0,8,0D,10,83,B6,09,20,70,00,
360000,00000054,false,Rx,0,8,01,05,EF,00,0A,03,00,00,
360000,00000055,false,Rx,0,8,10,27,00,00,00,00,00,00,
360000,00000056,false,Rx,0,8,10,27,00,00,00,00,00,00,
360000,00000057,false,Rx,0,8,00,00,FE,FF,FE,FF,00,00,
400000,00000625,false,Rx,0,8,25,00,59,86,01,54,5C,06,
451000,0000060D,false,Rx,0,8,0D,10,83,B6,09,20,70,00,
491000,000002C4,false,Rx,0,8,09,00,00,00,0A,03,00,00,
491000,000002C5,false,Rx,0,8,00,00,00,00,00,00,00,00,
491000,000002C6,false,Rx,0,8,32,00,7C,01,00,00,00,00,
500000,00000625,false,Rx,0,8,25,00,59,86,01,54,5C,06,
551000,0000060D,false,Rx,0,8,0D,10,83,B6,09,20,70,00,
560000,00000054,false,Rx,0,8,01,05,EF,00,0A,03,00,00,
560000,00000055,false,Rx,0,8,10,27,00,00,00,00,00,00,
561000,00000056,false,Rx,0,8,10,27,00,00,00,00,00,00,
561000,00000057,false,Rx,0,8,00,00,FE,FF,FE,FF,00,00,
600000,00000625,false,Rx,0,8,25,00,59,86,01,54,5C,06,
650000,0000060D,false,Rx,0,8,0D,10,83,B6,09,20,70,00,
700000,00000625,false,Rx,0,8,25,00,59,86,01,54,5C,06,
712000,000002C4,false,Rx,0,8,09,00,00,00,0A,03,00,00,
712000,000002C5,false,Rx,0,8,00,00,00,00,00,00,00,00,
712000,000002C6,false,Rx,0,8,32,00,7C,01,00,00,00,00,
751000,0000060D,false,Rx,0,8,0D,10,83,B6,09,20,70,00,
0,00000054,false,Rx,0,8,01,05,EF,00,0A,03,00,00,
0,00000055,false,Rx,0,8,10,27,00,00,00,00,00,00,
761000,00000056,false,Rx,0,8,10,27,00,00,00,00,00,00,
761000,00000057,false,Rx,0,8,00,00,FE,FF,FE,FF,00,00,
800000,00000625,false,Rx,0,8,25,00,59,86,01,54,5C,06,
851000,0000060D,false,Rx,0,8,0D,10,83,B6,09,20,70,00,
900000,00000625,false,Rx,0,8,25,00,59,86,01,54,5C,06,
931000,000002C4,false,Rx,0,8,09,00,00,00,0A,03,00,00,
931000,000002C5,false,Rx,0,8,00,00,00,00,00,00,00,00,
932000,000002C6,false,Rx,0,8,32,00,7C,01,00,00,00,00,
950000,0000060D,false,Rx,0,8,0D,10,83,B6,09,20,70,00,
960000,00000054,false,Rx,0,8,01,05,EF,00,0A,03,00,00,
961000,00000055,false,Rx,0,8,10,27,00,00,00,00,00,00,
961000,00000056,false,Rx,0,8,10,27,00,00,00,00,00,00,
961000,00000057,false,Rx,0,8,00,00,FE,FF,FE,FF,00,00,
0,00000625,false,Rx,0,8,25,00,59,86,01,54,5C,06,
51000,0000060D,false,Rx,0,8,0D,10,83,B6,09,20,70,00,
100000,00000625,false,Rx,0,8,25,00,59,86,01,54,5C,06,
151000,0000060D,false,Rx,0,8,0D,10,83,B6,09,20,70,00,
151000,000002C4,false,Rx,0,8,09,00,00,00,0A,03,00,00,
152000,000002C5,false,Rx,0,8,00,00,00,00,00,00,00,00,
152000,000002C6,false,Rx,0,8,32,00,7C,01,00,00,00,00,
160000,00000054,false,Rx,0,8,01,05,EF,00,0A,03,00,00,
160000,00000055,false,Rx,0,8,10,27,00,00,00,00,00,00,
160000,00000056,false,Rx,0,8,10,27,00,00,00,00,00,00,
161000,00000057,false,Rx,0,8,00,00,FE,FF,FE,FF,00,00,
200000,00000625,false,Rx,0,8,25,00,59,86,01,54,5C,06,
250000,0000060D,false,Rx,0,8,0D,10,83,B6,09,20,70,00,
300000,00000625,false,Rx,0,8,25,00,59,86,01,54,5C,06,
351000,0000060D,false,Rx,0,8,0D,10,83,B6,09,20,70,00,
0,00000054,false,Rx,0,8,01,05,EF,00,0A,03,00,00,
0,00000055,false,Rx,0,8,10,27,00,00,00,00,00,00,
0,00000056,false,Rx,0,8,10,27,00,00,00,00,00,00,
361000,00000057,false,Rx,0,8,00,00,FE,FF,FE,FF,00,00,
372000,000002C4,false,Rx,0,8,09,00,00,00,0A,03,00,00,
372000,000002C5,false,Rx,0,8,00,00,00,00,00,00,00,00,
372000,000002C6,false,Rx,0,8,32,00,7C,01,00,00,00,00,
400000,00000625,false,Rx,0,8,25,00,59,86,01,54,5C,06,
450000,0000060D,false,Rx,0,8,0D,10,83,B6,09,20,70,00,
500000,00000625,false,Rx,0,8,25,00,59,86,01,54,5C,06,
551000,0000060D,false,Rx,0,8,0D,10,83,B6,09,20,70,00,
560000,00000054,false,Rx,0,8,01,05,EF,00,0A,03,00,00,
560000,00000055,false,Rx,0,8,10,27,00,00,00,00,00,00,
561000,00000056,false,Rx,0,8,10,27,00,00,00,00,00,00,
561000,00000057,false,Rx,0,8,00,00,FE,FF,FE,FF,00,00,
0,000002C4,false,Rx,0,8,09,00,00,00,0A,03,00,00,
0,000002C5,false,Rx,0,8,00,00,00,00,00,00,00,00,
592000,000002C6,false,Rx,0,8,32,00,7C,01,00,00,00,00,
601000,00000625,false,Rx,0,8,25,00,59,86,01,54,5C,06,
651000,0000060D,false,Rx,0,8,0D,10,83,B6,09,20,70,00,
700000,00000625,false,Rx,0,8,25,00,59,86,01,54,5C,06,
751000,0000060D,false,Rx,0,8,0D,10,83,B6,09,20,70,00,
760000,00000054,false,Rx,0,8,01,05,EF,00,0A,03,00,00,
760000,00000055,false,Rx,0,8,10,27,00,00,00,00,00,00,
761000,00000056,false,Rx,0,8,10,27,00,00,00,00,00,00,
761000,00000057,false,Rx,0,8,00,00,FE,FF,FE,FF,00,00,
800000,00000625,false,Rx,0,8,25,00,59,86,01,54,5C,06,
811000,000002C4,false,Rx,0,8,09,00,00,00,0A,03,00,00,
812000,000002C5,false,Rx,0,8,00,00,00,00,00,00,00,00,
812000,000002C6,false,Rx,0,8,32,00,7C,01,00,00,00,00,
850000,0000060D,false,Rx,0,8,0D,10,83,B6,09,20,70,00,
900000,00000625,false,Rx,0,8,25,00,59,86,01,54,5C,06,
951000,0000060D,false,Rx,0,8,0D,10,83,B6,09,20,70,00,
961000,00000054,false,Rx,0,8,01,05,EF,00,0A,03,00,00,
961000,00000055,false,Rx,0,8,10,27,00,00,00,00,00,00,
961000,00000056,false,Rx,0,8,10,27,00,00,00,00,00,00,
961000,00000057,false,Rx,0,8,00,00,FE,FF,FE,FF,00,00,
0,00000625,false,Rx,0,8,25,00,59,86,01,54,5C,06,
31000,000002C4,false,Rx,0,8,09,00,00,00,0A,03,00,00,
32000,000002C5,false,Rx,0,8,00,00,00,00,00,00,00,00,
32000,000002C6,false,Rx,0,8,32,00,7C,01,00,00,00,00,
51000,0000060D,false,Rx,0,8,0D,10,83,B6,09,20,70,00,
100000,00000625,false,Rx,0,8,25,00,59,86,01,54,5C,06,
151000,0000060D,false,Rx,0,8,0D,10,83,B6,09,20,70,00,
160000,00000054,false,Rx,0,8,01,05,EF,00,0A,03,00,00,
160000,00000055,false,Rx,0,8,10,27,00,00,00,00,00,00,
161000,00000056,false,Rx,0,8,10,27,00,00,00,00,00,00,
161000,00000057,false,Rx,0,8,00,00,FE,FF,FE,FF,00,00,
200000,00000625,false,Rx,0,8,25,00,59,86,01,54,5C,06,
250000,0000060D,false,Rx,0,8,0D,10,83,B6,09,20,70,00,
251000,000002C4,false,Rx,0,8,09,00,00,00,0A,03,00,00,
251000,000002C5,false,Rx,0,8,00,00,00,00,00,00,00,00,
252000,000002C6,false,Rx,0,8,32,00,7C,01,00,00,00,00,
300000,00000625,false,Rx,0,8,25,00,59,86,01,54,5C,06,
351000,0000060D,false,Rx,0,8,0D,10,83,B6,09,20,70,00,
0,00000054,false,Rx,0,8,01,05,EF,00,0A,03,00,00,
0,00000055,false,Rx,0,8,10,27,00,00,00,00,00,00,
361000,00000056,false,Rx,0,8,10,27,00,00,00,00,00,00,
361000,00000057,false,Rx,0,8,00,00,FE,FF,FE,FF,00,00,
400000,00000625,false,Rx,0,8,25,00,59,86,01,54,5C,06,
451000,0000060D,false,Rx,0,8,0D,10,83,B6,09,20,70,00,
471000,000002C4,false,Rx,0,8,09,00,00,00,0A,03,00,00,
471000,000002C5,false,Rx,0,8,00,00,00,00,00,00,00,00,
471000,000002C6,false,Rx,0,8,32,00,7C,01,00,00,00,00,
501000,00000625,false,Rx,0,8,25,00,59,86,01,54,5C,06,
551000,0000060D,false,Rx,0,8,0D,10,83,B6,09,20,70,00,
560000,00000054,false,Rx,0,8,01,05,EF,00,0A,03,00,00,
560000,00000055,false,Rx,0,8,10,27,00,00,00,00,00,00,
561000,00000056,false,Rx,0,8,10,27,00,00,00,00,00,00,
561000,00000057,false,Rx,0,8,00,00,FE,FF,FE,FF,00,00,
600000,00000625,false,Rx,0,8,25,00,59,86,01,54,5C,06,
650000,0000060D,false,Rx,0,8,0D,10,83,B6,09,20,70,00,
0,000002C4,false,Rx,0,8,09,00,00,00,0A,03,00,00,
0,000002C5,false,Rx,0,8,00,00,00,00,00,00,00,00,
692000,000002C6,false,Rx,0,8,32,00,7C,01,00,00,00,00,
700000,00000625,false,Rx,0,8,25,00,59,86,01,54,5C,06,
750000,0000060D,false,Rx,0,8,0D,10,83,B6,09,20,70,00,
760000,00000054,false,Rx,0,8,01,05,EF,00,0A,03,00,00,
761000,00000055,false,Rx,0,8,10,27,00,00,00,00,00,00,
761000,00000056,false,Rx,0,8,10,27,00,00,00,00,00,00,
761000,00000057,false,Rx,0,8,00,00,FE,FF,FE,FF,00,00,
800000,00000625,false,Rx,0,8,25,00,59,86,01,54,5C,06,
851000,0000060D,false,Rx,0,8,0D,10,83,B6,09,20,70,00,
900000,00000625,false,Rx,0,8,25,00,59,86,01,54,5C,06,
911000,000002C4,false,Rx,0,8,09,00,00,00,0A,03,00,00,
911000,000002C5,false,Rx,0,8,00,00,00,00,00,00,00,00,
912000,000002C6,false,Rx,0,8,32,00,7C,01,00,00,00,00,
951000,0000060D,false,Rx,0,8,0D,10,83,B6,09,20,70,00,
961000,00000054,false,Rx,0,8,01,05,EF,00,0A,03,00,00,
961000,00000055,false,Rx,0,8,10,27,00,00,00,00,00,00,
961000,00000056,false,Rx,0,8,10,27,00,00,00,00,00,00,
961000,00000057,false,Rx,0,8,00,00,FE,FF,FE,FF,00,00,
0,00000625,false,Rx,0,8,25,00,59,86,01,54,5C,06,
50000,0000060D,false,Rx,0,8,0D,10,83,B6,09,20,70,00,
100000,00000625,false,Rx,0,8,25,00,59,86,01,54,5C,06,
131000,000002C4,false,Rx,0,8,09,00,00,00,0A,03,00,00,
132000,000002C5,false,Rx,0,8,00,00,00,00,00,00,00,00,
132000,000002C6,false,Rx,0,8,32,00,7C,01,00,00,00,00,
151000,0000060D,false,Rx,0,8,0D,10,83,B6,09,20,70,00,
160000,00000054,false,Rx,0,8,01,05,EF,00,0A,03,00,00,
160000,00000055,false,Rx,0,8,10,27,00,00,00,00,00,00,
161000,00000056,false,Rx,0,8,10,27,00,00,00,00,00,00,
161000,00000057,false,Rx,0,8,00,00,FE,FF,FE,FF,00,00,
200000,00000625,false,Rx,0,8,25,00,59,86,01,54,5C,06,
251000,0000060D,false,Rx,0,8,0D,10,83,B6,09,20,70,00,
300000,00000625,false,Rx,0,8,25,00,59,86,01,54,5C,06,
350000,0000060D,false,Rx,0,8,0D,10,83,B6,09,20,70,00,
351000,000002C4,false,Rx,0,8,09,00,00,00,0A,03,00,00,
352000,000002C5,false,Rx,0,8,00,00,00,00,00,00,00,00,
352000,000002C6,false,Rx,0,8,32,00,7C,01,00,00,00,00,
0,00000054,false,Rx,0,8,01,05,EF,00,0A,03,00,00,
0,00000055,false,Rx,0,8,10,27,00,00,00,00,00,00,
0,00000056,false,Rx,0,8,10,27,00,00,00,00,00,00,
361000,00000057,false,Rx,0,8,00,00,FE,FF,FE,FF,00,00,
400000,00000625,false,Rx,0,8,25,00,59,86,01,54,5C,06,
450000,0000060D,false,Rx,0,8,0D,10,83,B6,09,20,70,00,
500000,00000625,false,Rx,0,8,25,00,59,86,01,54,5C,06,
550000,0000060D,false,Rx,0,8,0D,10,83,B6,09,20,70,00,
561000,00000054,false,Rx,0,8,01,05,EF,00,0A,03,00,00,
561000,00000055,false,Rx,0,8,10,27,00,00,00,00,00,00,
561000,00000056,false,Rx,0,8,10,27,00,00,00,00,00,00,
561000,00000057,false,Rx,0,8,00,00,FE,FF,FE,FF,00,00,
571000,000002C4,false,Rx,0,8,09,00,00,00,0A,03,00,00,
572000,000002C5,false,Rx,0,8,00,00,00,00,00,00,00,00,
572000,000002C6,false,Rx,0,8,32,00,7C,01,00,00,00,00,
600000,00000625,false,Rx,0,8,25,00,59,86,01,54,5C,06,
651000,0000060D,false,Rx,0,8,0D,10,83,B6,09,20,70,00,
700000,00000625,false,Rx,0,8,25,00,59,86,01,54,5C,06,
750000,0000060D,false,Rx,0,8,0D,10,83,B6,09,20,70,00,
760000,00000054,false,Rx,0,8,01,05,EF,00,0A,03,00,00,
760000,00000055,false,Rx,0,8,10,27,00,00,00,00,00,00,
761000,00000056,false,Rx,0,8,10,27,00,00,00,00,00,00,
761000,00000057,false,Rx,0,8,00,00,FE,FF,FE,FF,00,00,
792000,000002C4,false,Rx,0,8,09,00,00,00,0A,03,00,00,
792000,000002C5,false,Rx,0,8,00,00,00,00,00,00,00,00,
793000,000002C6,false,Rx,0,8,32,00,7C,01,00,00,00,00,
800000,00000625,false,Rx,0,8,25,00,59,86,01,54,5C,06,
850000,0000060D,false,Rx,0,8,0D,10,83,B6,09,20,70,00,
900000,00000625,false,Rx,0,8,25,00,59,86,01,54,5C,06,
951000,0000060D,false,Rx,0,8,0D,10,83,B6,09,20,70,00,
960000,00000054,false,Rx,0,8,01,05,EF,00,0A,03,00,00,
960000,00000055,false,Rx,0,8,10,27,00,00,00,00,00,00,
961000,00000056,false,Rx,0,8,10,27,00,00,00,00,00,00,
961000,00000057,false,Rx,0,8,00,00,FE,FF,FE,FF,00,00,
0,00000625,false,Rx,0,8,25,00,59,86,01,54,5C,06,
11000,000002C4,false,Rx,0,8,09,00,00,00,0A,03,00,00,
11000,000002C5,false,Rx,0,8,00,00,00,00,00,00,00,00,
12000,000002C6,false,Rx,0,8,32,00,7C,01,00,00,00,00,
51000,0000060D,false,Rx,0,8,0D,10,83,B6,09,20,70,00,
100000,00000625,false,Rx,0,8,25,00,59,86,01,54,5C,06,
150000,0000060D,false,Rx,0,8,0D,10,83,B6,09,20,70,00,
160000,00000054,false,Rx,0,8,01,05,EF,00,0A,03,00,00,
161000,00000055,false,Rx,0,8,10,27,00,00,00,00,00,00,
161000,00000056,false,Rx,0,8,10,27,00,00,00,00,00,00,
161000,00000057,false,Rx,0,8,00,00,FE,FF,FE,FF,00,00,
200000,00000625,false,Rx,0,8,25,00,59,86,01,54,5C,06,
231000,000002C4,false,Rx,0,8,09,00,00,00,0A,03,00,00,
231000,000002C5,false,Rx,0,8,00,00,00,00,00,00,00,00,
232000,000002C6,false,Rx,0,8,32,00,7C,01,00,00,00,00,
251000,0000060D,false,Rx,0,8,0D,10,83,B6,09,20,70,00,
300000,00000625,false,Rx,0,8,25,00,59,86,01,54,5C,06,
350000,0000060D,false,Rx,0,8,0D,10,83,B6,09,20,70,00,
0,00000054,false,Rx,0,8,01,05,EF,00,0A,03,00,00,
0,00000055,false,Rx,0,8,10,27,00,00,00,00,00,00,
0,00000056,false,Rx,0,8,10,27,00,00,00,00,00,00,
361000,00000057,false,Rx,0,8,00,00,FE,FF,FE,FF,00,00,
400000,00000625,false,Rx,0,8,25,00,59,86,01,54,5C,06,
451000,0000060D,false,Rx,0,8,0D,10,83,B6,09,20,70,00,
0,000002C4,false,Rx,0,8,09,00,00,00,0A,03,00,00,
0,000002C5,false,Rx,0,8,00,00,00,00,00,00,00,00,
0,000002C6,false,Rx,0,8,32,00,7C,01,00,00,00,00,
501000,00000625,false,Rx,0,8,25,00,59,86,01,54,5C,06,
551000,0000060D,false,Rx,0,8,0D,10,83,B6,09,20,70,00,
0,00000054,false,Rx,0,8,01,05,EF,00,0A,03,00,00,
0,00000055,false,Rx,0,8,10,27,00,00,00,00,00,00,
561000,00000056,false,Rx,0,8,10,27,00,00,00,00,00,00,
561000,00000057,false,Rx,0,8,00,00,FE,FF,FE,FF,00,00,
600000,00000625,false,Rx,0,8,25,00,59,86,01,54,5C,06,
650000,0000060D,false,Rx,0,8,0D,10,83,B6,09,20,70,00,
0,000002C4,false,Rx,0,8,09,00,00,00,0A,03,00,00,
0,000002C5,false,Rx,0,8,00,00,00,00,00,00,00,00,
672000,000002C6,false,Rx,0,8,32,00,7C,01,00,00,00,00,
700000,00000625,false,Rx,0,8,25,00,59,86,01,54,5C,06,
751000,0000060D,false,Rx,0,8,0D,10,83,B6,09,20,70,00,
760000,00000054,false,Rx,0,8,01,05,EF,00,0A,03,00,00,
760000,00000055,false,Rx,0,8,10,27,00,00,00,00,00,00,
761000,00000056,false,Rx,0,8,10,27,00,00,00,00,00,00,
761000,00000057,false,Rx,0,8,00,00,FE,FF,FE,FF,00,00,
800000,00000625,false,Rx,0,8,25,00,59,86,01,54,5C,06,
851000,0000060D,false,Rx,0,8,0D,10,83,B6,09,20,70,00,
0,000002C4,false,Rx,0,8,09,00,00,00,0A,03,00,00,
0,000002C5,false,Rx,0,8,00,00,00,00,00,00,00,00,
892000,000002C6,false,Rx,0,8,32,00,7C,01,00,00,00,00,
901000,00000625,false,Rx,0,8,25,00,59,86,01,54,5C,06,
951000,0000060D,false,Rx,0,8,0D,10,83,B6,09,20,70,00,
960000,00000054,false,Rx,0,8,01,05,EF,00,0A,03,00,00,
961000,00000055,false,Rx,0,8,10,27,00,00,00,00,00,00,
961000,00000056,false,Rx,0,8,10,27,00,00,00,00,00,00,
961000,00000057,false,Rx,0,8,00,00,FE,FF,FE,FF,00,00,
0,00000625,false,Rx,0,8,25,00,59,86,01,54,5C,06,
50000,0000060D,false,Rx,0,8,0D,10,83,B6,09,20,70,00,
100000,00000625,false,Rx,0,8,25,00,59,86,01,54,5C,06,
0,000002C4,false,Rx,0,8,09,00,00,00,0A,03,00,00,
0,000002C5,false,Rx,0,8,00,00,00,00,00,00,00,00,
113000,000002C6,false,Rx,0,8,32,00,7C,01,00,00,00,00,
151000,0000060D,false,Rx,0,8,0D,10,83,B6,09,20,70,00,
160000,00000054,false,Rx,0,8,01,05,EF,00,0A,03,00,00,
161000,00000055,false,Rx,0,8,10,27,00,00,00,00,00,00,
161000,00000056,false,Rx,0,8,10,27,00,00,00,00,00,00,
161000,00000057,false,Rx,0,8,00,00,FE,FF,FE,FF,00,00,
200000,00000625,false,Rx,0,8,25,00,59,86,01,54,5C,06,
251000,0000060D,false,Rx,0,8,0D,10,83,B6,09,20,70,00,
300000,00000625,false,Rx,0,8,25,00,59,86,01,54,5C,06,
331000,000002C4,false,Rx,0,8,09,00,00,00,0A,03,00,00,
331000,000002C5,false,Rx,0,8,00,00,00,00,00,00,00,00,
331000,000002C6,false,Rx,0,8,32,00,7C,01,00,00,00,00,
351000,0000060D,false,Rx,0,8,0D,10,83,B6,09,20,70,00,
360000,00000054,false,Rx,0,8,01,05,EF,00,0A,03,00,00,
360000,00000055,false,Rx,0,8,10,27,00,00,00,00,00,00,
360000,00000056,false,Rx,0,8,10,27,00,00,00,00,00,00,
361000,00000057,false,Rx,0,8,00,00,FE,FF,FE,FF,00,00,
401000,00000625,false,Rx,0,8,25,00,59,86,01,54,5C,06,
451000,0000060D,false,Rx,0,8,0D,10,83,B6,09,20,70,00,
500000,00000625,false,Rx,0,8,25,00,59,86,01,54,5C,06,
551000,0000060D,false,Rx,0,8,0D,10,83,B6,09,20,70,00,
552000,000002C4,false,Rx,0,8,09,00,00,00,0A,03,00,00,
552000,000002C5,false,Rx,0,8,00,00,00,00,00,00,00,00,
552000,000002C6,false,Rx,0,8,32,00,7C,01,00,00,00,00,
560000,00000054,false,Rx,0,8,01,05,EF,00,0A,03,00,00,
560000,00000055,false,Rx,0,8,10,27,00,00,00,00,00,00,
561000,00000056,false,Rx,0,8,10,27,00,00,00,00,00,00,
561000,00000057,false,Rx,0,8,00,00,FE,FF,FE,FF,00,00,
600000,00000625,false,Rx,0,8,25,00,59,86,01,54,5C,06,
651000,0000060D,false,Rx,0,8,0D,10,83,B6,09,20,70,00,
700000,00000625,false,Rx,0,8,25,00,59,86,01,54,5C,06,
751000,0000060D,false,Rx,0,8,0D,10,83,B6,09,20,70,00,
760000,00000054,false,Rx,0,8,01,05,EF,00,0A,03,00,00,
760000,00000055,false,Rx,0,8,10,27,00,00,00,00,00,00,
761000,00000056,false,Rx,0,8,10,27,00,00,00,00,00,00,
761000,00000057,false,Rx,0,8,00,00,FE,FF,FE,FF,00,00,
0,000002C4,false,Rx,0,8,09,00,00,00,0A,03,00,00,
0,000002C5,false,Rx,0,8,00,00,00,00,00,00,00,00,
772000,000002C6,false,Rx,0,8,32,00,7C,01,00,00,00,00,
800000,00000625,false,Rx,0,8,25,00,59,86,01,54,5C,06,
851000,0000060D,false,Rx,0,8,0D,10,83,B6,09,20,70,00,
900000,00000625,false,Rx,0,8,25,00,59,86,01,54,5C,06,
951000,0000060D,false,Rx,0,8,0D,10,83,B6,09,20,70,00,
960000,00000054,false,Rx,0,8,01,05,EF,00,0A,03,00,00,
960000,00000055,false,Rx,0,8,10,27,00,00,00,00,00,00,
961000,00000056,false,Rx,0,8,10,27,00,00,00,00,00,00,
961000,00000057,false,Rx,0,8,00,00,FE,FF,FE,FF,00,00,
992000,000002C4,false,Rx,0,8,09,00,00,00,0A,03,00,00,
992000,000002C5,false,Rx,0,8,00,00,00,00,00,00,00,00,
992000,000002C6,false,Rx,0,8,32,00,7C,01,00,00,00,00,
0,00000625,false,Rx,0,8,25,00,59,86,01,54,5C,06,
50000,0000060D,false,Rx,0,8,0D,10,83,B6,09,20,70,00,
100000,00000625,false,Rx,0,8,25,00,59,86,01,54,5C,06,
151000,0000060D,false,Rx,0,8,0D,10,83,B6,09,20,70,00,
160000,00000054,false,Rx,0,8,01,05,EF,00,0A,03,00,00,
161000,00000055,false,Rx,0,8,10,27,00,00,00,00,00,00,
161000,00000056,false,Rx,0,8,10,27,00,00,00,00,00,00,
161000,00000057,false,Rx,0,8,00,00,FE,FF,FE,FF,00,00,
200000,00000625,false,Rx,0,8,25,00,59,86,01,54,5C,06,
212000,000002C4,false,Rx,0,8,09,00,00,00,0A,03,00,00,
212000,000002C5,false,Rx,0,8,00,00,00,00,00,00,00,00,
212000,000002C6,false,Rx,0,8,32,00,7C,01,00,00,00,00,
250000,0000060D,false,Rx,0,8,0D,10,83,B6,09,20,70,00,
300000,00000625,false,Rx,0,8,25,00,59,86,01,54,5C,06,
351000,0000060D,false,Rx,0,8,0D,10,83,B6,09,20,70,00,
0,00000054,false,Rx,0,8,01,05,EF,00,0A,03,00,00,
0,00000055,false,Rx,0,8,10,27,00,00,00,00,00,00,
0,00000056,false,Rx,0,8,10,27,00,00,00,00,00,00,
362000,00000057,false,Rx,0,8,00,00,FE,FF,FE,FF,00,00,
400000,00000625,false,Rx,0,8,25,00,59,86,01,54,5C,06,
431000,000002C4,false,Rx,0,8,09,00,00,00,0A,03,00,00,
0,000002C5,false,Rx,0,8,00,00,00,00,00,00,00,00,
0,000002C6,false,Rx,0,8,32,00,7C,01,00,00,00,00,
451000,0000060D,false,Rx,0,8,0D,10,83,B6,09,20,70,00,
500000,00000625,false,Rx,0,8,25,00,59,86,01,54,5C,06,
551000,0000060D,false,Rx,0,8,0D,10,83,B6,09,20,70,00,
560000,00000054,false,Rx,0,8,01,05,EF,00,0A,03,00,00,
560000,00000055,false,Rx,0,8,10,27,00,00,00,00,00,00,
560000,00000056,false,Rx,0,8,10,27,00,00,00,00,00,00,
561000,00000057,false,Rx,0,8,00,00,FE,FF,FE,FF,00,00,
600000,00000625,false,Rx,0,8,25,00,59,86,01,54,5C,06,
650000,0000060D,false,Rx,0,8,0D,10,83,B6,09,20,70,00,
651000,000002C4,false,Rx,0,8,09,00,00,00,0A,03,00,00,
651000,000002C5,false,Rx,0,8,00,00,00,00,00,00,00,00,
652000,000002C6,false,Rx,0,8,32,00,7C,01,00,00,00,00,
700000,00000625,false,Rx,0,8,25,00,59,86,01,54,5C,06,
751000,0000060D,false,Rx,0,8,0D,10,83,B6,09,20,70,00,
0,00000054,false,Rx,0,8,01,05,EF,00,0A,03,00,00,
0,00000055,false,Rx,0,8,10,27,00,00,00,00,00,00,
0,00000056,false,Rx,0,8,10,27,00,00,00,00,00,00,
761000,00000057,false,Rx,0,8,00,00,FE,FF,FE,FF,00,00,
800000,00000625,false,Rx,0,8,25,00,59,86,01,54,5C,06,
851000,0000060D,false,Rx,0,8,0D,10,83,B6,09,20,70,00,
871000,000002C4,false,Rx,0,8,09,00,00,00,0A,03,00,00,
871000,000002C5,false,Rx,0,8,00,00,00,00,00,00,00,00,
872000,000002C6,false,Rx,0,8,32,00,7C,01,00,00,00,00,
900000,00000625,false,Rx,0,8,25,00,59,86,01,54,5C,06,
951000,0000060D,false,Rx,0,8,0D,10,83,B6,09,20,70,00,
961000,00000054,false,Rx,0,8,01,05,EF,00,0A,03,00,00,
961000,00000055,false,Rx,0,8,10,27,00,00,00,00,00,00,
962000,00000056,false,Rx,0,8,10,27,00,00,00,00,00,00,
962000,00000057,false,Rx,0,8,00,00,FE,FF,FE,FF,00,00,
1000,00000625,false,Rx,0,8,25,00,59,86,01,54,5C,06,
51000,0000060D,false,Rx,0,8,0D,10,83,B6,09,20,70,00,
91000,000002C4,false,Rx,0,8,09,00,00,00,0A,03,00,00,
92000,000002C5,false,Rx,0,8,00,00,00,00,00,00,00,00,
92000,000002C6,false,Rx,0,8,32,00,7C,01,00,00,00,00,
100000,00000625,false,Rx,0,8,25,00,59,86,01,54,5C,06,
151000,0000060D,false,Rx,0,8,0D,10,83,B6,09,20,70,00,
161000,00000054,false,Rx,0,8,01,05,EF,00,0A,03,00,00,
161000,00000055,false,Rx,0,8,10,27,00,00,00,00,00,00,
161000,00000056,false,Rx,0,8,10,27,00,00,00,00,00,00,
161000,00000057,false,Rx,0,8,00,00,FE,FF,FE,FF,00,00,
200000,00000625,false,Rx,0,8,25,00,59,86,01,54,5C,06,
251000,0000060D,false,Rx,0,8,0D,10,83,B6,09,20,70,00,
300000,00000625,false,Rx,0,8,25,00,59,86,01,54,5C,06,
312000,000002C4,false,Rx,0,8,09,00,00,00,0A,03,00,00,
312000,000002C5,false,Rx,0,8,00,00,00,00,00,00,00,00,
312000,000002C6,false,Rx,0,8,32,00,7C,01,00,00,00,00,
351000,0000060D,false,Rx,0,8,0D,10,83,B6,09,20,70,00,
0,00000054,false,Rx,0,8,01,05,EF,00,0A,03,00,00,
0,00000055,false,Rx,0,8,10,27,00,00,00,00,00,00,
0,00000056,false,Rx,0,8,10,27,00,00,00,00,00,00,
0,00000057,false,Rx,0,8,00,00,FE,FF,FE,FF,00,00,
401000,00000625,false,Rx,0,8,25,00,59,86,01,54,5C,06,
451000,0000060D,false,Rx,0,8,0D,10,83,B6,09,20,70,00,
500000,00000625,false,Rx,0,8,25,00,59,86,01,54,5C,06,
531000,000002C4,false,Rx,0,8,09,00,00,00,0A,03,00,00,
531000,000002C5,false,Rx,0,8,00,00,00,00,00,00,00,00,
532000,000002C6,false,Rx,0,8,32,00,7C,01,00,00,00,00,
551000,0000060D,false,Rx,0,8,0D,10,83,B6,09,20,70,00,
561000,00000054,false,Rx,0,8,01,05,EF,00,0A,03,00,00,
561000,00000055,false,Rx,0,8,10,27,00,00,00,00,00,00,
561000,00000056,false,Rx,0,8,10,27,00,00,00,00,00,00,
561000,00000057,false,Rx,0,8,00,00,FE,FF,FE,FF,00,00,
600000,00000625,false,Rx,0,8,25,00,59,86,01,54,5C,06,
651000,0000060D,false,Rx,0,8,0D,10,83,B6,09,20,70,00,
700000,00000625,false,Rx,0,8,25,00,59,86,01,54,5C,06,
750000,0000060D,false,Rx,0,8,0D,10,83,B6,09,20,70,00,
0,000002C4,false,Rx,0,8,09,00,00,00,0A,03,00,00,
0,000002C5,false,Rx,0,8,00,00,00,00,00,00,00,00,
752000,000002C6,false,Rx,0,8,32,00,7C,01,00,00,00,00,
760000,00000054,false,Rx,0,8,01,05,EF,00,0A,03,00,00,
761000,00000055,false,Rx,0,8,10,27,00,00,00,00,00,00,
761000,00000056,false,Rx,0,8,10,27,00,00,00,00,00,00,
761000,00000057,false,Rx,0,8,00,00,FE,FF,FE,FF,00,00,
801000,00000625,false,Rx,0,8,25,00,59,86,01,54,5C,06,
851000,0000060D,false,Rx,0,8,0D,10,83,B6,09,20,70,00,
900000,00000625,false,Rx,0,8,25,00,59,86,01,54,5C,06,
951000,0000060D,false,Rx,0,8,0D,10,83,B6,09,20,70,00,
0,00000054,false,Rx,0,8,01,05,EF,00,0A,03,00,00,
0,00000055,false,Rx,0,8,10,27,00,00,00,00,00,00,
961000,00000056,false,Rx,0,8,10,27,00,00,00,00,00,00,
961000,00000057,false,Rx,0,8,00,00,FE,FF,FE,FF,00,00,
971000,000002C4,false,Rx,0,8,09,00,00,00,0A,03,00,00,
971000,000002C5,false,Rx,0,8,00,00,00,00,00,00,00,00,
972000,000002C6,false,Rx,0,8,32,00,7C,01,00,00,00,00,
0,00000625,false,Rx,0,8,25,00,59,86,01,54,5C,06,
50000,0000060D,false,Rx,0,8,0D,10,83,B6,09,20,70,00,
100000,00000625,false,Rx,0,8,25,00,59,86,01,54,5C,06,
151000,0000060D,false,Rx,0,8,0D,10,83,B6,09,20,70,00,
160000,00000054,false,Rx,0,8,01,05,EF,00,0A,03,00,00,
160000,00000055,false,Rx,0,8,10,27,00,00,00,00,00,00,
161000,00000056,false,Rx,0,8,10,27,00,00,00,00,00,00,
161000,00000057,false,Rx,0,8,00,00,FE,FF,FE,FF,00,00,
191000,000002C4,false,Rx,0,8,09,00,00,00,0A,03,00,00,
191000,000002C5,false,Rx,0,8,00,00,00,00,00,00,00,00,
192000,000002C6,false,Rx,0,8,32,00,7C,01,00,00,00,00,
200000,00000625,false,Rx,0,8,25,00,59,86,01,54,5C,06,
250000,0000060D,false,Rx,0,8,0D,10,83,B6,09,20,70,00,
300000,00000625,false,Rx,0,8,25,00,59,86,01,54,5C,06,
351000,0000060D,false,Rx,0,8,0D,10,83,B6,09,20,70,00,
360000,00000054,false,Rx,0,8,01,05,EF,00,0A,03,00,00,
360000,00000055,false,Rx,0,8,10,27,00,00,00,00,00,00,
360000,00000056,false,Rx,0,8,10,27,00,00,00,00,00,00,
361000,00000057,false,Rx,0,8,00,00,FE,FF,FE,FF,00,00,
400000,00000625,false,Rx,0,8,25,00,59,86,01,54,5C,06,
412000,000002C4,false,Rx,0,8,09,00,00,00,0A,03,00,00,
412000,000002C5,false,Rx,0,8,00,00,00,00,00,00,00,00,
412000,000002C6,false,Rx,0,8,32,00,7C,01,00,00,00,00,
451000,0000060D,false,Rx,0,8,0D,10,83,B6,09,20,70,00,
500000,00000625,false,Rx,0,8,25,00,59,86,01,54,5C,06,
550000,0000060D,false,Rx,0,8,0D,10,83,B6,09,20,70,00,
560000,00000054,false,Rx,0,8,01,05,EF,00,0A,03,00,00,
561000,00000055,false,Rx,0,8,10,27,00,00,00,00,00,00,
561000,00000056,false,Rx,0,8,10,27,00,00,00,00,00,00,
561000,00000057,false,Rx,0,8,00,00,FE,FF,FE,FF,00,00,
600000,00000625,false,Rx,0,8,25,00,59,86,01,54,5C,06,
631000,000002C4,false,Rx,0,8,09,00,00,00,0A,03,00,00,
631000,000002C5,false,Rx,0,8,00,00,00,00,00,00,00,00,
632000,000002C6,false,Rx,0,8,32,00,7C,01,00,00,00,00,
650000,0000060D,false,Rx,0,8,0D,10,83,B6,09,20,70,00,
701000,00000625,false,Rx,0,8,25,00,59,86,01,54,5C,06,
751000,0000060D,false,Rx,0,8,0D,10,83,B6,09,20,70,00,
0,00000054,false,Rx,0,8,01,05,EF,00,0A,03,00,00,
0,00000055,false,Rx,0,8,10,27,00,00,00,00,00,00,
760000,00000056,false,Rx,0,8,10,27,00,00,00,00,00,00,
761000,00000057,false,Rx,0,8,00,00,FE,FF,FE,FF,00,00,
801000,00000625,false,Rx,0,8,25,00,59,86,01,54,5C,06,
850000,0000060D,false,Rx,0,8,0D,10,83,B6,09,20,70,00,
851000,000002C4,false,Rx,0,8,09,00,00,00,0A,03,00,00,
852000,000002C5,false,Rx,0,8,00,00,00,00,00,00,00,00,
852000,000002C6,false,Rx,0,8,32,00,7C,01,00,00,00,00,
901000,00000625,false,Rx,0,8,25,00,59,86,01,54,5C,06,
951000,0000060D,false,Rx,0,8,0D,10,83,B6,09,20,70,00,
961000,00000054,false,Rx,0,8,01,05,EF,00,0A,03,00,00,
961000,00000055,false,Rx,0,8,10,27,00,00,00,00,00,00,
961000,00000056,false,Rx,0,8,10,27,00,00,00,00,00,00,
961000,00000057,false,Rx,0,8,00,00,FE,FF,FE,FF,00,00,
0,00000625,false,Rx,0,8,25,00,59,86,01,54,5C,06,
50000,0000060D,false,Rx,0,8,0D,10,83,B6,09,20,70,00,
0,000002C4,false,Rx,0,8,09,00,00,00,0A,03,00,00,
0,000002C5,false,Rx,0,8,00,00,00,00,00,00,00,00,
72000,000002C6,false,Rx,0,8,32,00,7C,01,00,00,00,00,
100000,00000625,false,Rx,0,8,25,00,59,86,01,54,5C,06,
151000,0000060D,false,Rx,0,8,0D,10,83,B6,09,20,70,00,
160000,00000054,false,Rx,0,8,01,05,EF,00,0A,03,00,00,
161000,00000055,false,Rx,0,8,10,27,00,00,00,00,00,00,
161000,00000056,false,Rx,0,8,10,27,00,00,00,00,00,00,
161000,00000057,false,Rx,0,8,00,00,FE,FF,FE,FF,00,00,
200000,00000625,false,Rx,0,8,25,00,59,86,01,54,5C,06,
251000,0000060D,false,Rx,0,8,0D,10,83,B6,09,20,70,00,
291000,000002C4,false,Rx,0,8,09,00,00,00,0A,03,00,00,
292000,000002C5,false,Rx,0,8,00,00,00,00,00,00,00,00,
292000,000002C6,false,Rx,0,8,32,00,7C,01,00,00,00,00,
301000,00000625,false,Rx,0,8,25,00,59,86,01,54,5C,06,
351000,0000060D,false,Rx,0,8,0D,10,83,B6,09,20,70,00,
360000,00000054,false,Rx,0,8,01,05,EF,00,0A,03,00,00,
360000,00000055,false,Rx,0,8,10,27,00,00,00,00,00,00,
0,00000056,false,Rx,0,8,10,27,00,00,00,00,00,00,
0,00000057,false,Rx,0,8,00,00,FE,FF,FE,FF,00,00,
401000,00000625,false,Rx,0,8,25,00,59,86,01,54,5C,06,
451000,0000060D,false,Rx,0,8,0D,10,83,B6,09,20,70,00,
500000,00000625,false,Rx,0,8,25,00,59,86,01,54,5C,06,
511000,000002C4,false,Rx,0,8,09,00,00,00,0A,03,00,00,
0,000002C5,false,Rx,0,8,00,00,00,00,00,00,00,00,
0,000002C6,false,Rx,0,8,32,00,7C,01,00,00,00,00,
551000,0000060D,false,Rx,0,8,0D,10,83,B6,09,20,70,00,
560000,00000054,false,Rx,0,8,01,05,EF,00,0A,03,00,00,
560000,00000055,false,Rx,0,8,10,27,00,00,00,00,00,00,
561000,00000056,false,Rx,0,8,10,27,00,00,00,00,00,00,
561000,00000057,false,Rx,0,8,00,00,FE,FF,FE,FF,00,00,
600000,00000625,false,Rx,0,8,25,00,59,86,01,54,5C,06,
650000,0000060D,false,Rx,0,8,0D,10,83,B6,09,20,70,00,
701000,00000625,false,Rx,0,8,25,00,59,86,01,54,5C,06,
731000,000002C4,false,Rx,0,8,09,00,00,00,0A,03,00,00,
0,000002C5,false,Rx,0,8,00,00,00,00,00,00,00,00,
0,000002C6,false,Rx,0,8,32,00,7C,01,00,00,00,00,
751000,0000060D,false,Rx,0,8,0D,10,83,B6,09,20,70,00,
760000,00000054,false,Rx,0,8,01,05,EF,00,0A,03,00,00,
760000,00000055,false,Rx,0,8,10,27,00,00,00,00,00,00,
760000,00000056,false,Rx,0,8,10,27,00,00,00,00,00,00,
761000,00000057,false,Rx,0,8,00,00,FE,FF,FE,FF,00,00,
800000,00000625,false,Rx,0,8,25,00,59,86,01,54,5C,06,
851000,0000060D,false,Rx,0,8,0D,10,83,B6,09,20,70,00,
900000,00000625,false,Rx,0,8,25,00,59,86,01,54,5C,06,
951000,0000060D,false,Rx,0,8,0D,10,83,B6,09,20,70,00,
951000,000002C4,false,Rx,0,8,09,00,00,00,0A,03,00,00,
952000,000002C5,false,Rx,0,8,00,00,00,00,00,00,00,00,
952000,000002C6,false,Rx,0,8,32,00,7C,01,00,00,00,00,
0,00000054,false,Rx,0,8,01,05,EF,00,0A,03,00,00,
0,00000055,false,Rx,0,8,10,27,00,00,00,00,00,00,
960000,00000056,false,Rx,0,8,10,27,00,00,00,00,00,00,
962000,00000057,false,Rx,0,8,00,00,FE,FF,FE,FF,00,00,
0,00000625,false,Rx,0,8,25,00,59,86,01,54,5C,06,
50000,0000060D,false,Rx,0,8,0D,10,83,B6,09,20,70,00,
100000,00000625,false,Rx,0,8,25,00,59,86,01,54,5C,06,
151000,0000060D,false,Rx,0,8,0D,10,83,B6,09,20,70,00,
160000,00000054,false,Rx,0,8,01,05,EF,00,0A,03,00,00,
160000,00000055,false,Rx,0,8,10,27,00,00,00,00,00,00,
160000,00000056,false,Rx,0,8,10,27,00,00,00,00,00,00,
161000,00000057,false,Rx,0,8,00,00,FE,FF,FE,FF,00,00,
172000,000002C4,false,Rx,0,8,09,00,00,00,0A,03,00,00,
172000,000002C5,false,Rx,0,8,00,00,00,00,00,00,00,00,
172000,000002C6,false,Rx,0,8,32,00,7C,01,00,00,00,00,
201000,00000625,false,Rx,0,8,25,00,59,86,01,54,5C,06,
251000,0000060D,false,Rx,0,8,0D,10,83,B6,09,20,70,00,
300000,00000625,false,Rx,0,8,25,00,59,86,01,54,5C,06,
350000,0000060D,false,Rx,0,8,0D,10,83,B6,09,20,70,00,
0,00000054,false,Rx,0,8,01,05,EF,00,0A,03,00,00,
0,00000055,false,Rx,0,8,10,27,00,00,00,00,00,00,
0,00000056,false,Rx,0,8,10,27,00,00,00,00,00,00,
361000,00000057,false,Rx,0,8,00,00,FE,FF,FE,FF,00,00,
392000,000002C4,false,Rx,0,8,09,00,00,00,0A,03,00,00,
0,000002C5,false,Rx,0,8,00,00,00,00,00,00,00,00,
0,000002C6,false,Rx,0,8,32,00,7C,01,00,00,00,00,
400000,00000625,false,Rx,0,8,25,00,59,86,01,54,5C,06,
451000,0000060D,false,Rx,0,8,0D,10,83,B6,09,20,70,00,
501000,00000625,false,Rx,0,8,25,00,59,86,01,54,5C,06,
550000,0000060D,false,Rx,0,8,0D,10,83,B6,09,20,70,00,
561000,00000054,false,Rx,0,8,01,05,EF,00,0A,03,00,00,
561000,00000055,false,Rx,0,8,10,27,00,00,00,00,00,00,
561000,00000056,false,Rx,0,8,10,27,00,00,00,00,00,00,
561000,00000057,false,Rx,0,8,00,00,FE,FF,FE,FF,00,00,
600000,00000625,false,Rx,0,8,25,00,59,86,01,54,5C,06,
611000,000002C4,false,Rx,0,8,09,00,00,00,0A,03,00,00,
612000,000002C5,false,Rx,0,8,00,00,00,00,00,00,00,00,
612000,000002C6,false,Rx,0,8,32,00,7C,01,00,00,00,00,
651000,0000060D,false,Rx,0,8,0D,10,83,B6,09,20,70,00,
700000,00000625,false,Rx,0,8,25,00,59,86,01,54,5C,06,
750000,0000060D,false,Rx,0,8,0D,10,83,B6,09,20,70,00,
761000,00000054,false,Rx,0,8,01,05,EF,00,0A,03,00,00,
761000,00000055,false,Rx,0,8,10,27,00,00,00,00,00,00,
761000,00000056,false,Rx,0,8,10,27,00,00,00,00,00,00,
761000,00000057,false,Rx,0,8,00,00,FE,FF,FE,FF,00,00,
800000,00000625,false,Rx,0,8,25,00,59,86,01,54,5C,06,
0,000002C4,false,Rx,0,8,09,00,00,00,0A,03,00,00,
0,000002C5,false,Rx,0,8,00,00,00,00,00,00,00,00,
0,000002C6,false,Rx,0,8,32,00,7C,01,00,00,00,00,
851000,0000060D,false,Rx,0,8,0D,10,83,B6,09,20,70,00,
901000,00000625,false,Rx,0,8,25,00,59,86,01,54,5C,06,
951000,0000060D,false,Rx,0,8,0D,10,83,B6,09,20,70,00,
960000,00000054,false,Rx,0,8,01,05,EF,00,0A,03,00,00,
960000,00000055,false,Rx,0,8,10,27,00,00,00,00,00,00,
961000,00000056,false,Rx,0,8,10,27,00,00,00,00,00,00,
961000,00000057,false,Rx,0,8,00,00,FE,FF,FE,FF,00,00,
0,00000625,false,Rx,0,8,25,00,59,86,01,54,5C,06,
51000,0000060D,false,Rx,0,8,0D,10,83,B6,09,20,70,00,
52000,000002C4,false,Rx,0,8,09,00,00,00,0A,03,00,00,
52000,000002C5,false,Rx,0,8,00,00,00,00,00,00,00,00,
52000,000002C6,false,Rx,0,8,32,00,7C,01,00,00,00,00,
100000,00000625,false,Rx,0,8,25,00,59,86,01,54,5C,06,
150000,0000060D,false,Rx,0,8,0D,10,83,B6,09,20,70,00,
161000,00000054,false,Rx,0,8,01,05,EF,00,0A,03,00,00,
161000,00000055,false,Rx,0,8,10,27,00,00,00,00,00,00,
161000,00000056,false,Rx,0,8,10,27,00,00,00,00,00,00,
161000,00000057,false,Rx,0,8,00,00,FE,FF,FE,FF,00,00,
201000,00000625,false,Rx,0,8,25,00,59,86,01,54,5C,06,
251000,0000060D,false,Rx,0,8,0D,10,83,B6,09,20,70,00,
271000,000002C4,false,Rx,0,8,09,00,00,00,0A,03,00,00,
271000,000002C5,false,Rx,0,8,00,00,00,00,00,00,00,00,
271000,000002C6,false,Rx,0,8,32,00,7C,01,00,00,00,00,
300000,00000625,false,Rx,0,8,25,00,59,86,01,54,5C,06,
351000,0000060D,false,Rx,0,8,0D,10,83,B6,09,20,70,00,
360000,00000054,false,Rx,0,8,01,05,EF,00,0A,03,00,00,
360000,00000055,false,Rx,0,8,10,27,00,00,00,00,00,00,
361000,00000056,false,Rx,0,8,10,27,00,00,00,00,00,00,
361000,00000057,false,Rx,0,8,00,00,FE,FF,FE,FF,00,00,
400000,00000625,false,Rx,0,8,25,00,59,86,01,54,5C,06,
451000,0000060D,false,Rx,0,8,0D,10,83,B6,09,20,70,00,
491000,000002C4,false,Rx,0,8,09,00,00,00,0A,03,00,00,
491000,000002C5,false,Rx,0,8,00,00,00,00,00,00,00,00,
492000,000002C6,false,Rx,0,8,32,00,7C,01,00,00,00,00,
500000,00000625,false,Rx,0,8,25,00,59,86,01,54,5C,06,
551000,0000060D,false,Rx,0,8,0D,10,83,B6,09,20,70,00,
560000,00000054,false,Rx,0,8,01,05,EF,00,0A,03,00,00,
560000,00000055,false,Rx,0,8,10,27,00,00,00,00,00,00,
560000,00000056,false,Rx,0,8,10,27,00,00,00,00,00,00,
562000,00000057,false,Rx,0,8,00,00,FE,FF,FE,FF,00,00,
600000,00000625,false,Rx,0,8,25,00,59,86,01,54,5C,06,
651000,0000060D,false,Rx,0,8,0D,10,83,B6,09,20,70,00,
700000,00000625,false,Rx,0,8,25,00,59,86,01,54,5C,06,
711000,000002C4,false,Rx,0,8,09,00,00,00,0A,03,00,00,
712000,000002C5,false,Rx,0,8,00,00,00,00,00,00,00,00,
712000,000002C6,false,Rx,0,8,32,00,7C,01,00,00,00,00,
751000,0000060D,false,Rx,0,8,0D,10,83,B6,09,20,70,00,
760000,00000054,false,Rx,0,8,01,05,EF,00,0A,03,00,00,
760000,00000055,false,Rx,0,8,10,27,00,00,00,00,00,00,
760000,00000056,false,Rx,0,8,10,27,00,00,00,00,00,00,
761000,00000057,false,Rx,0,8,00,00,FE,FF,FE,FF,00,00,
800000,00000625,false,Rx,0,8,25,00,59,86,01,54,5C,06,
850000,0000060D,false,Rx,0,8,0D,10,83,B6,09,20,70,00,
900000,00000625,false,Rx,0,8,25,00,59,86,01,54,5C,06,
932000,000002C4,false,Rx,0,8,09,00,00,00,0A,03,00,00,
932000,000002C5,false,Rx,0,8,00,00,00,00,00,00,00,00,
932000,000002C6,false,Rx,0,8,32,00,7C,01,00,00,00,00,
951000,0000060D,false,Rx,0,8,0D,10,83,B6,09,20,70,00,
961000,00000054,false,Rx,0,8,01,05,EF,00,0A,03,00,00,
961000,00000055,false,Rx,0,8,10,27,00,00,00,00,00,00,
961000,00000056,false,Rx,0,8,10,27,00,00,00,00,00,00,
962000,00000057,false,Rx,0,8,00,00,FE,FF,FE,FF,00,00,
1000,00000625,false,Rx,0,8,25,00,59,86,01,54,5C,06,
51000,0000060D,false,Rx,0,8,0D,10,83,B6,09,20,70,00,
100000,00000625,false,Rx,0,8,25,00,59,86,01,54,5C,06,
151000,0000060D,false,Rx,0,8,0D,10,83,B6,09,20,70,00,
151000,000002C4,false,Rx,0,8,09,00,00,00,0A,03,00,00,
152000,000002C5,false,Rx,0,8,00,00,00,00,00,00,00,00,
152000,000002C6,false,Rx,0,8,32,00,7C,01,00,00,00,00,
161000,00000054,false,Rx,0,8,01,05,EF,00,0A,03,00,00,
161000,00000055,false,Rx,0,8,10,27,00,00,00,00,00,00,
161000,00000056,false,Rx,0,8,10,27,00,00,00,00,00,00,
161000,00000057,false,Rx,0,8,00,00,FE,FF,FE,FF,00,00,
200000,00000625,false,Rx,0,8,25,00,59,86,01,54,5C,06,
251000,0000060D,false,Rx,0,8,0D,10,83,B6,09,20,70,00,
300000,00000625,false,Rx,0,8,25,00,59,86,01,54,5C,06,
351000,0000060D,false,Rx,0,8,0D,10,83,B6,09,20,70,00,
0,00000054,false,Rx,0,8,01,05,EF,00,0A,03,00,00,
0,00000055,false,Rx,0,8,10,27,00,00,00,00,00,00,
361000,00000056,false,Rx,0,8,10,27,00,00,00,00,00,00,
361000,00000057,false,Rx,0,8,00,00,FE,FF,FE,FF,00,00,
372000,000002C4,false,Rx,0,8,09,00,00,00,0A,03,00,00,
372000,000002C5,false,Rx,0,8,00,00,00,00,00,00,00,00,
372000,000002C6,false,Rx,0,8,32,00,7C,01,00,00,00,00,
400000,00000625,false,Rx,0,8,25,00,59,86,01,54,5C,06,
451000,0000060D,false,Rx,0,8,0D,10,83,B6,09,20,70,00,
501000,00000625,false,Rx,0,8,25,00,59,86,01,54,5C,06,
551000,0000060D,false,Rx,0,8,0D,10,83,B6,09,20,70,00,
560000,00000054,false,Rx,0,8,01,05,EF,00,0A,03,00,00,
560000,00000055,false,Rx,0,8,10,27,00,00,00,00,00,00,
560000,00000056,false,Rx,0,8,10,27,00,00,00,00,00,00,
561000,00000057,false,Rx,0,8,00,00,FE,FF,FE,FF,00,00,
592000,000002C4,false,Rx,0,8,09,00,00,00,0A,03,00,00,
592000,000002C5,false,Rx,0,8,00,00,00,00,00,00,00,00,
592000,000002C6,false,Rx,0,8,32,00,7C,01,00,00,00,00,
601000,00000625,false,Rx,0,8,25,00,59,86,01,54,5C,06,
650000,0000060D,false,Rx,0,8,0D,10,83,B6,09,20,70,00,
701000,00000625,false,Rx,0,8,25,00,59,86,01,54,5C,06,
751000,0000060D,false,Rx,0,8,0D,10,83,B6,09,20,70,00,
760000,00000054,false,Rx,0,8,01,05,EF,00,0A,03,00,00,
760000,00000055,false,Rx,0,8,10,27,00,00,00,00,00,00,
761000,00000056,false,Rx,0,8,10,27,00,00,00,00,00,00,
761000,00000057,false,Rx,0,8,00,00,FE,FF,FE,FF,00,00,
800000,00000625,false,Rx,0,8,25,00,59,86,01,54,5C,06,
812000,000002C4,false,Rx,0,8,09,00,00,00,0A,03,00,00,
0,000002C5,false,Rx,0,8,00,00,00,00,00,00,00,00,
0,000002C6,false,Rx,0,8,32,00,7C,01,00,00,00,00,
851000,0000060D,false,Rx,0,8,0D,10,83,B6,09,20,70,00,
900000,00000625,false,Rx,0,8,25,00,59,86,01,54,5C,06,
951000,0000060D,false,Rx,0,8,0D,10,83,B6,09,20,70,00,
961000,00000054,false,Rx,0,8,01,05,EF,00,0A,03,00,00,
961000,00000055,false,Rx,0,8,10,27,00,00,00,00,00,00,
961000,00000056,false,Rx,0,8,10,27,00,00,00,00,00,00,
961000,00000057,false,Rx,0,8,00,00,FE,FF,FE,FF,00,00,
0,00000625,false,Rx,0,8,25,00,59,86,01,54,5C,06,
0,000002C4,false,Rx,0,8,09,00,00,00,0A,03,00,00,
0,000002C5,false,Rx,0,8,00,00,00,00,00,00,00,00,
0,000002C6,false,Rx,0,8,32,00,7C,01,00,00,00,00,
50000,0000060D,false,Rx,0,8,0D,10,83,B6,09,20,70,00,
100000,00000625,false,Rx,0,8,25,00,59,86,01,54,5C,06,
150000,0000060D,false,Rx,0,8,0D,10,83,B6,09,20,70,00,
160000,00000054,false,Rx,0,8,01,05,EF,00,0A,03,00,00,
161000,00000055,false,Rx,0,8,10,27,00,00,00,00,00,00,
161000,00000056,false,Rx,0,8,10,27,00,00,00,00,00,00,
161000,00000057,false,Rx,0,8,00,00,FE,FF,FE,FF,00,00,
200000,00000625,false,Rx,0,8,25,00,59,86,01,54,5C,06,
251000,0000060D,false,Rx,0,8,0D,10,83,B6,09,20,70,00,
0,000002C4,false,Rx,0,8,09,00,00,00,0A,03,00,00,
0,000002C5,false,Rx,0,8,00,00,00,00,00,00,00,00,
0,000002C6,false,Rx,0,8,32,00,7C,01,00,00,00,00,
300000,00000625,false,Rx,0,8,25,00,59,86,01,54,5C,06,
351000,0000060D,false,Rx,0,8,0D,10,83,B6,09,20,70,00,
361000,00000054,false,Rx,0,8,01,05,EF,00,0A,03,00,00,
361000,00000055,false,Rx,0,8,10,27,00,00,00,00,00,00,
362000,00000056,false,Rx,0,8,10,27,00,00,00,00,00,00,
362000,00000057,false,Rx,0,8,00,00,FE,FF,FE,FF,00,00,
401000,00000625,false,Rx,0,8,25,00,59,86,01,54,5C,06,
450000,0000060D,false,Rx,0,8,0D,10,83,B6,09,20,70,00,
472000,000002C4,false,Rx,0,8,09,00,00,00,0A,03,00,00,
472000,000002C5,false,Rx,0,8,00,00,00,00,00,00,00,00,
472000,000002C6,false,Rx,0,8,32,00,7C,01,00,00,00,00,
501000,00000625,false,Rx,0,8,25,00,59,86,01,54,5C,06,
551000,0000060D,false,Rx,0,8,0D,10,83,B6,09,20,70,00,
0,00000054,false,Rx,0,8,01,05,EF,00,0A,03,00,00,
0,00000055,false,Rx,0,8,10,27,00,00,00,00,00,00,
561000,00000056,false,Rx,0,8,10,27,00,00,00,00,00,00,
562000,00000057,false,Rx,0,8,00,00,FE,FF,FE,FF,00,00,
601000,00000625,false,Rx,0,8,25,00,59,86,01,54,5C,06,
650000,0000060D,false,Rx,0,8,0D,10,83,B6,09,20,70,00,
691000,000002C4,false,Rx,0,8,09,00,00,00,0A,03,00,00,
692000,000002C5,false,Rx,0,8,00,00,00,00,00,00,00,00,
692000,000002C6,false,Rx,0,8,32,00,7C,01,00,00,00,00,
700000,00000625,false,Rx,0,8,25,00,59,86,01,54,5C,06,
751000,0000060D,false,Rx,0,8,0D,10,83,B6,09,20,70,00,
760000,00000054,false,Rx,0,8,01,05,EF,00,0A,03,00,00,
760000,00000055,false,Rx,0,8,10,27,00,00,00,00,00,00,
760000,00000056,false,Rx,0,8,10,27,00,00,00,00,00,00,
761000,00000057,false,Rx,0,8,00,00,FE,FF,FE,FF,00,00,
801000,00000625,false,Rx,0,8,25,00,59,86,01,54,5C,06,
851000,0000060D,false,Rx,0,8,0D,10,83,B6,09,20,70,00,
901000,00000625,false,Rx,0,8,25,00,59,86,01,54,5C,06,
912000,000002C4,false,Rx,0,8,09,00,00,00,0A,03,00,00,
912000,000002C5,false,Rx,0,8,00,00,00,00,00,00,00,00,
912000,000002C6,false,Rx,0,8,32,00,7C,01,00,00,00,00,
951000,0000060D,false,Rx,0,8,0D,10,83,B6,09,20,70,00,
960000,00000054,false,Rx,0,8,01,05,EF,00,0A,03,00,00,
960000,00000055,false,Rx,0,8,10,27,00,00,00,00,00,00,
960000,00000056,false,Rx,0,8,10,27,00,00,00,00,00,00,
961000,00000057,false,Rx,0,8,00,00,FE,FF,FE,FF,00,00,
0,00000625,false,Rx,0,8,25,00,59,86,01,54,5C,06,
51000,0000060D,false,Rx,0,8,0D,10,83,B6,09,20,70,00,
101000,00000625,false,Rx,0,8,25,00,59,86,01,54,5C,06,
131000,000002C4,false,Rx,0,8,09,00,00,00,0A,03,00,00,
131000,000002C5,false,Rx,0,8,00,00,00,00,00,00,00,00,
132000,000002C6,false,Rx,0,8,32,00,7C,01,00,00,00,00,
150000,0000060D,false,Rx,0,8,0D,10,83,B6,09,20,70,00,
160000,00000054,false,Rx,0,8,01,05,EF,00,0A,03,00,00,
160000,00000055,false,Rx,0,8,10,27,00,00,00,00,00,00,
161000,00000056,false,Rx,0,8,10,27,00,00,00,00,00,00,
161000,00000057,false,Rx,0,8,00,00,FE,FF,FE,FF,00,00,
201000,00000625,false,Rx,0,8,25,00,59,86,01,54,5C,06,
251000,0000060D,false,Rx,0,8,0D,10,83,B6,09,20,70,00,
301000,00000625,false,Rx,0,8,25,00,59,86,01,54,5C,06,
351000,0000060D,false,Rx,0,8,0D,10,83,B6,09,20,70,00,
352000,000002C4,false,Rx,0,8,09,00,00,00,0A,03,00,00,
352000,000002C5,false,Rx,0,8,00,00,00,00,00,00,00,00,
352000,000002C6,false,Rx,0,8,32,00,7C,01,00,00,00,00,
360000,00000054,false,Rx,0,8,01,05,EF,00,0A,03,00,00,
361000,00000055,false,Rx,0,8,10,27,00,00,00,00,00,00,
0,00000056,false,Rx,0,8,10,27,00,00,00,00,00,00,
0,00000057,false,Rx,0,8,00,00,FE,FF,FE,FF,00,00,
401000,00000625,false,Rx,0,8,25,00,59,86,01,54,5C,06,
451000,0000060D,false,Rx,0,8,0D,10,83,B6,09,20,70,00,
501000,00000625,false,Rx,0,8,25,00,59,86,01,54,5C,06,
551000,0000060D,false,Rx,0,8,0D,10,83,B6,09,20,70,00,
560000,00000054,false,Rx,0,8,01,05,EF,00,0A,03,00,00,
561000,00000055,false,Rx,0,8,10,27,00,00,00,00,00,00,
561000,00000056,false,Rx,0,8,10,27,00,00,00,00,00,00,
561000,00000057,false,Rx,0,8,00,00,FE,FF,FE,FF,00,00,
572000,000002C4,false,Rx,0,8,09,00,00,00,0A,03,00,00,
572000,000002C5,false,Rx,0,8,00,00,00,00,00,00,00,00,
572000,000002C6,false,Rx,0,8,32,00,7C,01,00,00,00,00,
601000,00000625,false,Rx,0,8,25,00,59,86,01,54,5C,06,
651000,0000060D,false,Rx,0,8,0D,10,83,B6,09,20,70,00,
700000,00000625,false,Rx,0,8,25,00,59,86,01,54,5C,06,
751000,0000060D,false,Rx,0,8,0D,10,83,B6,09,20,70,00,
760000,00000054,false,Rx,0,8,01,05,EF,00,0A,03,00,00,
760000,00000055,false,Rx,0,8,10,27,00,00,00,00,00,00,
760000,00000056,false,Rx,0,8,10,27,00,00,00,00,00,00,
761000,00000057,false,Rx,0,8,00,00,FE,FF,FE,FF,00,00,
791000,000002C4,false,Rx,0,8,09,00,00,00,0A,03,00,00,
791000,000002C5,false,Rx,0,8,00,00,00,00,00,00,00,00,
791000,000002C6,false,Rx,0,8,32,00,7C,01,00,00,00,00,
800000,00000625,false,Rx,0,8,25,00,59,86,01,54,5C,06,
851000,0000060D,false,Rx,0,8,0D,10,83,B6,09,20,70,00,
900000,00000625,false,Rx,0,8,25,00,59,86,01,54,5C,06,
950000,0000060D,false,Rx,0,8,0D,10,83,B6,09,20,70,00,
961000,00000054,false,Rx,0,8,01,05,EF,00,0A,03,00,00,
961000,00000055,false,Rx,0,8,10,27,00,00,00,00,00,00,
961000,00000056,false,Rx,0,8,10,27,00,00,00,00,00,00,
961000,00000057,false,Rx,0,8,00,00,FE,FF,FE,FF,00,00,
1000,00000625,false,Rx,0,8,25,00,59,86,01,54,5C,06,
11000,000002C4,false,Rx,0,8,09,00,00,00,0A,03,00,00,
12000,000002C5,false,Rx,0,8,00,00,00,00,00,00,00,00,
12000,000002C6,false,Rx,0,8,32,00,7C,01,00,00,00,00,
51000,0000060D,false,Rx,0,8,0D,10,83,B6,09,20,70,00,
101000,00000625,false,Rx,0,8,25,00,59,86,01,54,5C,06,
151000,0000060D,false,Rx,0,8,0D,10,83,B6,09,20,70,00,
160000,00000054,false,Rx,0,8,01,05,EF,00,0A,03,00,00,
160000,00000055,false,Rx,0,8,10,27,00,00,00,00,00,00,
160000,00000056,false,Rx,0,8,10,27,00,00,00,00,00,00,
161000,00000057,false,Rx,0,8,00,00,FE,FF,FE,FF,00,00,
201000,00000625,false,Rx,0,8,25,00,59,86,01,54,5C,06,
232000,000002C4,false,Rx,0,8,09,00,00,00,0A,03,00,00,
232000,000002C5,false,Rx,0,8,00,00,00,00,00,00,00,00,
232000,000002C6,false,Rx,0,8,32,00,7C,01,00,00,00,00,
251000,0000060D,false,Rx,0,8,0D,10,83,B6,09,20,70,00,
300000,00000625,false,Rx,0,8,25,00,59,86,01,54,5C,06,
351000,0000060D,false,Rx,0,8,0D,10,83,B6,09,20,70,00,
0,00000054,false,Rx,0,8,01,05,EF,00,0A,03,00,00,
0,00000055,false,Rx,0,8,10,27,00,00,00,00,00,00,
361000,00000056,false,Rx,0,8,10,27,00,00,00,00,00,00,
362000,00000057,false,Rx,0,8,00,00,FE,FF,FE,FF,00,00,
400000,00000625,false,Rx,0,8,25,00,59,86,01,54,5C,06,
451000,0000060D,false,Rx,0,8,0D,10,83,B6,09,20,70,00,
452000,000002C4,false,Rx,0,8,09,00,00,00,0A,03,00,00,
0,000002C5,false,Rx,0,8,00,00,00,00,00,00,00,00,
0,000002C6,false,Rx,0,8,32,00,7C,01,00,00,00,00,
501000,00000625,false,Rx,0,8,25,00,59,86,01,54,5C,06,
551000,0000060D,false,Rx,0,8,0D,10,83,B6,09,20,70,00,
560000,00000054,false,Rx,0,8,01,05,EF,00,0A,03,00,00,
560000,00000055,false,Rx,0,8,10,27,00,00,00,00,00,00,
560000,00000056,false,Rx,0,8,10,27,00,00,00,00,00,00,
561000,00000057,false,Rx,0,8,00,00,FE,FF,FE,FF,00,00,
600000,00000625,false,Rx,0,8,25,00,59,86,01,54,5C,06,
651000,0000060D,false,Rx,0,8,0D,10,83,B6,09,20,70,00,
0,000002C4,false,Rx,0,8,09,00,00,00,0A,03,00,00,
0,000002C5,false,Rx,0,8,00,00,00,00,00,00,00,00,
672000,000002C6,false,Rx,0,8,32,00,7C,01,00,00,00,00,
701000,00000625,false,Rx,0,8,25,00,59,86,01,54,5C,06,
751000,0000060D,false,Rx,0,8,0D,10,83,B6,09,20,70,00,
760000,00000054,false,Rx,0,8,01,05,EF,00,0A,03,00,00,
760000,00000055,false,Rx,0,8,10,27,00,00,00,00,00,00,
761000,00000056,false,Rx,0,8,10,27,00,00,00,00,00,00,
761000,00000057,false,Rx,0,8,00,00,FE,FF,FE,FF,00,00,
800000,00000625,false,Rx,0,8,25,00,59,86,01,54,5C,06,
850000,0000060D,false,Rx,0,8,0D,10,83,B6,09,20,70,00,
0,000002C4,false,Rx,0,8,09,00,00,00,0A,03,00,00,
0,000002C5,false,Rx,0,8,00,00,00,00,00,00,00,00,
892000,000002C6,false,Rx,0,8,32,00,7C,01,00,00,00,00,
901000,00000625,false,Rx,0,8,25,00,59,86,01,54,5C,06,
951000,0000060D,false,Rx,0,8,0D,10,83,B6,09,20,70,00,
961000,00000054,false,Rx,0,8,01,05,EF,00,0A,03,00,00,
961000,00000055,false,Rx,0,8,10,27,00,00,00,00,00,00,
961000,00000056,false,Rx,0,8,10,27,00,00,00,00,00,00,
961000,00000057,false,Rx,0,8,00,00,FE,FF,FE,FF,00,00,
0,00000625,false,Rx,0,8,25,00,59,86,01,54,5C,06,
51000,0000060D,false,Rx,0,8,0D,10,83,B6,09,20,70,00,
100000,00000625,false,Rx,0,8,25,00,59,86,01,54,5C,06,
111000,000002C4,false,Rx,0,8,09,00,00,00,0A,03,00,00,
111000,000002C5,false,Rx,0,8,00,00,00,00,00,00,00,00,
112000,000002C6,false,Rx,0,8,32,00,7C,01,00,00,00,00,
151000,0000060D,false,Rx,0,8,0D,10,83,B6,09,20,70,00,
160000,00000054,false,Rx,0,8,01,05,EF,00,0A,03,00,00,
160000,00000055,false,Rx,0,8,10,27,00,00,00,00,00,00,
161000,00000056,false,Rx,0,8,10,27,00,00,00,00,00,00,
161000,00000057,false,Rx,0,8,00,00,FE,FF,FE,FF,00,00,
201000,00000625,false,Rx,0,8,25,00,59,86,01,54,5C,06,
251000,0000060D,false,Rx,0,8,0D,10,83,B6,09,20,70,00,
300000,00000625,false,Rx,0,8,25,00,59,86,01,54,5C,06,
331000,000002C4,false,Rx,0,8,09,00,00,00,0A,03,00,00,
332000,000002C5,false,Rx,0,8,00,00,00,00,00,00,00,00,
332000,000002C6,false,Rx,0,8,32,00,7C,01,00,00,00,00,
350000,0000060D,false,Rx,0,8,0D,10,83,B6,09,20,70,00,
361000,00000054,false,Rx,0,8,01,05,EF,00,0A,03,00,00,
361000,00000055,false,Rx,0,8,10,27,00,00,00,00,00,00,
0,00000056,false,Rx,0,8,10,27,00,00,00,00,00,00,
0,00000057,false,Rx,0,8,00,00,FE,FF,FE,FF,00,00,
400000,00000625,false,Rx,0,8,25,00,59,86,01,54,5C,06,
450000,0000060D,false,Rx,0,8,0D,10,83,B6,09,20,70,00,
502000,00000625,false,Rx,0,8,25,00,59,86,01,54,5C,06,
550000,0000060D,false,Rx,0,8,0D,10,83,B6,09,20,70,00,
551000,000002C4,false,Rx,0,8,09,00,00,00,0A,03,00,00,
551000,000002C5,false,Rx,0,8,00,00,00,00,00,00,00,00,
552000,000002C6,false,Rx,0,8,32,00,7C,01,00,00,00,00,
560000,00000054,false,Rx,0,8,01,05,EF,00,0A,03,00,00,
560000,00000055,false,Rx,0,8,10,27,00,00,00,00,00,00,
561000,00000056,false,Rx,0,8,10,27,00,00,00,00,00,00,
561000,00000057,false,Rx,0,8,00,00,FE,FF,FE,FF,00,00,
600000,00000625,false,Rx,0,8,25,00,59,86,01,54,5C,06,
651000,0000060D,false,Rx,0,8,0D,10,83,B6,09,20,70,00,
700000,00000625,false,Rx,0,8,25,00,59,86,01,54,5C,06,
751000,0000060D,false,Rx,0,8,0D,10,83,B6,09,20,70,00,
0,00000054,false,Rx,0,8,01,05,EF,00,0A,03,00,00,
0,00000055,false,Rx,0,8,10,27,00,00,00,00,00,00,
761000,00000056,false,Rx,0,8,10,27,00,00,00,00,00,00,
762000,00000057,false,Rx,0,8,00,00,FE,FF,FE,FF,00,00,
772000,000002C4,false,Rx,0,8,09,00,00,00,0A,03,00,00,
772000,000002C5,false,Rx,0,8,00,00,00,00,00,00,00,00,
772000,000002C6,false,Rx,0,8,32,00,7C,01,00,00,00,00,
800000,00000625,false,Rx,0,8,25,00,59,86,01,54,5C,06,
850000,0000060D,false,Rx,0,8,0D,10,83,B6,09,20,70,00,
901000,00000625,false,Rx,0,8,25,00,59,86,01,54,5C,06,
951000,0000060D,false,Rx,0,8,0D,10,83,B6,09,20,70,00,
960000,00000054,false,Rx,0,8,01,05,EF,00,0A,03,00,00,
960000,00000055,false,Rx,0,8,10,27,00,00,00,00,00,00,
961000,00000056,false,Rx,0,8,10,27,00,00,00,00,00,00,
961000,00000057,false,Rx,0,8,00,00,FE,FF,FE,FF,00,00,
992000,000002C4,false,Rx,0,8,09,00,00,00,0A,03,00,00,
992000,000002C5,false,Rx,0,8,00,00,00,00,00,00,00,00,
992000,000002C6,false,Rx,0,8,32,00,7C,01,00,00,00,00,
1000,00000625,false,Rx,0,8,25,00,59,86,01,54,5C,06,
51000,0000060D,false,Rx,0,8,0D,10,83,B6,09,20,70,00,
100000,00000625,false,Rx,0,8,25,00,59,86,01,54,5C,06,
150000,0000060D,false,Rx,0,8,0D,10,83,B6,09,20,70,00,
160000,00000054,false,Rx,0,8,01,05,EF,00,0A,03,00,00,
161000,00000055,false,Rx,0,8,10,27,00,00,00,00,00,00,
161000,00000056,false,Rx,0,8,10,27,00,00,00,00,00,00,
161000,00000057,false,Rx,0,8,00,00,FE,FF,FE,FF,00,00,
200000,00000625,false,Rx,0,8,25,00,59,86,01,54,5C,06,
211000,000002C4,false,Rx,0,8,09,00,00,00,0A,03,00,00,
212000,000002C5,false,Rx,0,8,00,00,00,00,00,00,00,00,
212000,000002C6,false,Rx,0,8,32,00,7C,01,00,00,00,00,
251000,0000060D,false,Rx,0,8,0D,10,83,B6,09,20,70,00,
301000,00000625,false,Rx,0,8,25,00,59,86,01,54,5C,06,
351000,0000060D,false,Rx,0,8,0D,10,83,B6,09,20,70,00,
360000,00000054,false,Rx,0,8,01,05,EF,00,0A,03,00,00,
360000,00000055,false,Rx,0,8,10,27,00,00,00,00,00,00,
360000,00000056,false,Rx,0,8,10,27,00,00,00,00,00,00,
361000,00000057,false,Rx,0,8,00,00,FE,FF,FE,FF,00,00,
401000,00000625,false,Rx,0,8,25,00,59,86,01,54,5C,06,
431000,000002C4,false,Rx,0,8,09,00,00,00,0A,03,00,00,
432000,000002C5,false,Rx,0,8,00,00,00,00,00,00,00,00,
432000,000002C6,false,Rx,0,8,32,00,7C,01,00,00,00,00,
450000,0000060D,false,Rx,0,8,0D,10,83,B6,09,20,70,00,
500000,00000625,false,Rx,0,8,25,00,59,86,01,54,5C,06,
550000,0000060D,false,Rx,0,8,0D,10,83,B6,09,20,70,00,
560000,00000054,false,Rx,0,8,01,05,EF,00,0A,03,00,00,
561000,00000055,false,Rx,0,8,10,27,00,00,00,00,00,00,
0,00000056,false,Rx,0,8,10,27,00,00,00,00,00,00,
0,00000057,false,Rx,0,8,00,00,FE,FF,FE,FF,00,00,
600000,00000625,false,Rx,0,8,25,00,59,86,01,54,5C,06,
650000,0000060D,false,Rx,0,8,0D,10,83,B6,09,20,70,00,
651000,000002C4,false,Rx,0,8,09,00,00,00,0A,03,00,00,
651000,000002C5,false,Rx,0,8,00,00,00,00,00,00,00,00,
652000,000002C6,false,Rx,0,8,32,00,7C,01,00,00,00,00,
700000,00000625,false,Rx,0,8,25,00,59,86,01,54,5C,06,
751000,0000060D,false,Rx,0,8,0D,10,83,B6,09,20,70,00,
761000,00000054,false,Rx,0,8,01,05,EF,00,0A,03,00,00,
761000,00000055,false,Rx,0,8,10,27,00,00,00,00,00,00,
0,00000056,false,Rx,0,8,10,27,00,00,00,00,00,00,
0,00000057,false,Rx,0,8,00,00,FE,FF,FE,FF,00,00,
800000,00000625,false,Rx,0,8,25,00,59,86,01,54,5C,06,
851000,0000060D,false,Rx,0,8,0D,10,83,B6,09,20,70,00,
871000,000002C4,false,Rx,0,8,09,00,00,00,0A,03,00,00,
871000,000002C5,false,Rx,0,8,00,00,00,00,00,00,00,00,
872000,000002C6,false,Rx,0,8,32,00,7C,01,00,00,00,00,
901000,00000625,false,Rx,0,8,25,00,59,86,01,54,5C,06,
951000,0000060D,false,Rx,0,8,0D,10,83,B6,09,20,70,00,
960000,00000054,false,Rx,0,8,01,05,EF,00,0A,03,00,00,
960000,00000055,false,Rx,0,8,10,27,00,00,00,00,00,00,
960000,00000056,false,Rx,0,8,10,27,00,00,00,00,00,00,
961000,00000057,false,Rx,0,8,00,00,FE,FF,FE,FF,00,00,
0,00000625,false,Rx,0,8,25,00,59,86,01,54,5C,06,
50000,0000060D,false,Rx,0,8,0D,10,83,B6,09,20,70,00,
92000,000002C4,false,Rx,0,8,09,00,00,00,0A,03,00,00,
92000,000002C5,false,Rx,0,8,00,00,00,00,00,00,00,00,
92000,000002C6,false,Rx,0,8,32,00,7C,01,00,00,00,00,
100000,00000625,false,Rx,0,8,25,00,59,86,01,54,5C,06,
151000,0000060D,false,Rx,0,8,0D,10,83,B6,09,20,70,00,
160000,00000054,false,Rx,0,8,01,05,EF,00,0A,03,00,00,
161000,00000055,false,Rx,0,8,10,27,00,00,00,00,00,00,
161000,00000056,false,Rx,0,8,10,27,00,00,00,00,00,00,
161000,00000057,false,Rx,0,8,00,00,FE,FF,FE,FF,00,00,
200000,00000625,false,Rx,0,8,25,00,59,86,01,54,5C,06,
251000,0000060D,false,Rx,0,8,0D,10,83,B6,09,20,70,00,
300000,00000625,false,Rx,0,8,25,00,59,86,01,54,5C,06,
312000,000002C4,false,Rx,0,8,09,00,00,00,0A,03,00,00,
312000,000002C5,false,Rx,0,8,00,00,00,00,00,00,00,00,
312000,000002C6,false,Rx,0,8,32,00,7C,01,00,00,00,00,
351000,0000060D,false,Rx,0,8,0D,10,83,B6,09,20,70,00,
0,00000054,false,Rx,0,8,01,05,EF,00,0A,03,00,00,
0,00000055,false,Rx,0,8,10,27,00,00,00,00,00,00,
361000,00000056,false,Rx,0,8,10,27,00,00,00,00,00,00,
362000,00000057,false,Rx,0,8,00,00,FE,FF,FE,FF,00,00,
400000,00000625,false,Rx,0,8,25,00,59,86,01,54,5C,06,
451000,0000060D,false,Rx,0,8,0D,10,83,B6,09,20,70,00,
501000,00000625,false,Rx,0,8,25,00,59,86,01,54,5C,06,
531000,000002C4,false,Rx,0,8,09,00,00,00,0A,03,00,00,
532000,000002C5,false,Rx,0,8,00,00,00,00,00,00,00,00,
532000,000002C6,false,Rx,0,8,32,00,7C,01,00,00,00,00,
551000,0000060D,false,Rx,0,8,0D,10,83,B6,09,20,70,00,
560000,00000054,false,Rx,0,8,01,05,EF,00,0A,03,00,00,
561000,00000055,false,Rx,0,8,10,27,00,00,00,00,00,00,
561000,00000056,false,Rx,0,8,10,27,00,00,00,00,00,00,
561000,00000057,false,Rx,0,8,00,00,FE,FF,FE,FF,00,00,
601000,00000625,false,Rx,0,8,25,00,59,86,01,54,5C,06,
651000,0000060D,false,Rx,0,8,0D,10,83,B6,09,20,70,00,
701000,00000625,false,Rx,0,8,25,00,59,86,01,54,5C,06,
751000,0000060D,false,Rx,0,8,0D,10,83,B6,09,20,70,00,
751000,000002C4,false,Rx,0,8,09,00,00,00,0A,03,00,00,
752000,000002C5,false,Rx,0,8,00,00,00,00,00,00,00,00,
752000,000002C6,false,Rx,0,8,32,00,7C,01,00,00,00,00,
761000,00000054,false,Rx,0,8,01,05,EF,00,0A,03,00,00,
761000,00000055,false,Rx,0,8,10,27,00,00,00,00,00,00,
0,00000056,false,Rx,0,8,10,27,00,00,00,00,00,00,
0,00000057,false,Rx,0,8,00,00,FE,FF,FE,FF,00,00,
800000,00000625,false,Rx,0,8,25,00,59,86,01,54,5C,06,
851000,0000060D,false,Rx,0,8,0D,10,83,B6,09,20,70,00,
900000,00000625,false,Rx,0,8,25,00,59,86,01,54,5C,06,
951000,0000060D,false,Rx,0,8,0D,10,83,B6,09,20,70,00,
961000,00000054,false,Rx,0,8,01,05,EF,00,0A,03,00,00,
961000,00000055,false,Rx,0,8,10,27,00,00,00,00,00,00,
961000,00000056,false,Rx,0,8,10,27,00,00,00,00,00,00,
961000,00000057,false,Rx,0,8,00,00,FE,FF,FE,FF,00,00,
0,000002C4,false,Rx,0,8,09,00,00,00,0A,03,00,00,
0,000002C5,false,Rx,0,8,00,00,00,00,00,00,00,00,
0,000002C6,false,Rx,0,8,32,00,7C,01,00,00,00,00,
0,00000625,false,Rx,0,8,25,00,59,86,01,54,5C,06,
50000,0000060D,false,Rx,0,8,0D,10,83,B6,09,20,70,00,
100000,00000625,false,Rx,0,8,25,00,59,86,01,54,5C,06,
151000,0000060D,false,Rx,0,8,0D,10,83,B6,09,20,70,00,
161000,00000054,false,Rx,0,8,01,05,EF,00,0A,03,00,00,
161000,00000055,false,Rx,0,8,10,27,00,00,00,00,00,00,
161000,00000056,false,Rx,0,8,10,27,00,00,00,00,00,00,
161000,00000057,false,Rx,0,8,00,00,FE,FF,FE,FF,00,00,
192000,000002C4,false,Rx,0,8,09,00,00,00,0A,03,00,00,
192000,000002C5,false,Rx,0,8,00,00,00,00,00,00,00,00,
192000,000002C6,false,Rx,0,8,32,00,7C,01,00,00,00,00,
201000,00000625,false,Rx,0,8,25,00,59,86,01,54,5C,06,
251000,0000060D,false,Rx,0,8,0D,10,83,B6,09,20,70,00,
301000,00000625,false,Rx,0,8,25,00,59,86,01,54,5C,06,
351000,0000060D,false,Rx,0,8,0D,10,83,B6,09,20,70,00,
0,00000054,false,Rx,0,8,01,05,EF,00,0A,03,00,00,
0,00000055,false,Rx,0,8,10,27,00,00,00,00,00,00,
361000,00000056,false,Rx,0,8,10,27,00,00,00,00,00,00,
362000,00000057,false,Rx,0,8,00,00,FE,FF,FE,FF,00,00,
401000,00000625,false,Rx,0,8,25,00,59,86,01,54,5C,06,
411000,000002C4,false,Rx,0,8,09,00,00,00,0A,03,00,00,
411000,000002C5,false,Rx,0,8,00,00,00,00,00,00,00,00,
412000,000002C6,false,Rx,0,8,32,00,7C,01,00,00,00,00,
451000,0000060D,false,Rx,0,8,0D,10,83,B6,09,20,70,00,
501000,00000625,false,Rx,0,8,25,00,59,86,01,54,5C,06,
550000,0000060D,false,Rx,0,8,0D,10,83,B6,09,20,70,00,
560000,00000054,false,Rx,0,8,01,05,EF,00,0A,03,00,00,
561000,00000055,false,Rx,0,8,10,27,00,00,00,00,00,00,
561000,00000056,false,Rx,0,8,10,27,00,00,00,00,00,00,
561000,00000057,false,Rx,0,8,00,00,FE,FF,FE,FF,00,00,
600000,00000625,false,Rx,0,8,25,00,59,86,01,54,5C,06,
632000,000002C4,false,Rx,0,8,09,00,00,00,0A,03,00,00,
632000,000002C5,false,Rx,0,8,00,00,00,00,00,00,00,00,
632000,000002C6,false,Rx,0,8,32,00,7C,01,00,00,00,00,
651000,0000060D,false,Rx,0,8,0D,10,83,B6,09,20,70,00,
701000,00000625,false,Rx,0,8,25,00,59,86,01,54,5C,06,
751000,0000060D,false,Rx,0,8,0D,10,83,B6,09,20,70,00,
761000,00000054,false,Rx,0,8,01,05,EF,00,0A,03,00,00,
761000,00000055,false,Rx,0,8,10,27,00,00,00,00,00,00,
761000,00000056,false,Rx,0,8,10,27,00,00,00,00,00,00,
761000,00000057,false,Rx,0,8,00,00,FE,FF,FE,FF,00,00,
801000,00000625,false,Rx,0,8,25,00,59,86,01,54,5C,06,
851000,0000060D,false,Rx,0,8,0D,10,83,B6,09,20,70,00,
0,000002C4,false,Rx,0,8,09,00,00,00,0A,03,00,00,
0,000002C5,false,Rx,0,8,00,00,00,00,00,00,00,00,
852000,000002C6,false,Rx,0,8,32,00,7C,01,00,00,00,00,
901000,00000625,false,Rx,0,8,25,00,59,86,01,54,5C,06,
950000,0000060D,false,Rx,0,8,0D,10,83,B6,09,20,70,00,
960000,00000054,false,Rx,0,8,01,05,EF,00,0A,03,00,00,
960000,00000055,false,Rx,0,8,10,27,00,00,00,00,00,00,
961000,00000056,false,Rx,0,8,10,27,00,00,00,00,00,00,
961000,00000057,false,Rx,0,8,00,00,FE,FF,FE,FF,00,00,
0,00000625,false,Rx,0,8,25,00,59,86,01,54,5C,06,
51000,0000060D,false,Rx,0,8,0D,10,83,B6,09,20,70,00,
72000,000002C4,false,Rx,0,8,09,00,00,00,0A,03,00,00,
72000,000002C5,false,Rx,0,8,00,00,00,00,00,00,00,00,
72000,000002C6,false,Rx,0,8,32,00,7C,01,00,00,00,00,
101000,00000625,false,Rx,0,8,25,00,59,86,01,54,5C,06,
151000,0000060D,false,Rx,0,8,0D,10,83,B6,09,20,70,00,
161000,00000054,false,Rx,0,8,01,05,EF,00,0A,03,00,00,
0,00000055,false,Rx,0,8,10,27,00,00,00,00,00,00,
0,00000056,false,Rx,0,8,10,27,00,00,00,00,00,00,
162000,00000057,false,Rx,0,8,00,00,FE,FF,FE,FF,00,00,
200000,00000625,false,Rx,0,8,25,00,59,86,01,54,5C,06,
251000,0000060D,false,Rx,0,8,0D,10,83,B6,09,20,70,00,
292000,000002C4,false,Rx,0,8,09,00,00,00,0A,03,00,00,
292000,000002C5,false,Rx,0,8,00,00,00,00,00,00,00,00,
292000,000002C6,false,Rx,0,8,32,00,7C,01,00,00,00,00,
301000,00000625,false,Rx,0,8,25,00,59,86,01,54,5C,06,
351000,0000060D,false,Rx,0,8,0D,10,83,B6,09,20,70,00,
0,00000054,false,Rx,0,8,01,05,EF,00,0A,03,00,00,
0,00000055,false,Rx,0,8,10,27,00,00,00,00,00,00,
0,00000056,false,Rx,0,8,10,27,00,00,00,00,00,00,
361000,00000057,false,Rx,0,8,00,00,FE,FF,FE,FF,00,00,
400000,00000625,false,Rx,0,8,25,00,59,86,01,54,5C,06,
450000,0000060D,false,Rx,0,8,0D,10,83,B6,09,20,70,00,
501000,00000625,false,Rx,0,8,25,00,59,86,01,54,5C,06,
511000,000002C4,false,Rx,0,8,09,00,00,00,0A,03,00,00,
511000,000002C5,false,Rx,0,8,00,00,00,00,00,00,00,00,
512000,000002C6,false,Rx,0,8,32,00,7C,01,00,00,00,00,
550000,0000060D,false,Rx,0,8,0D,10,83,B6,09,20,70,00,
560000,00000054,false,Rx,0,8,01,05,EF,00,0A,03,00,00,
561000,00000055,false,Rx,0,8,10,27,00,00,00,00,00,00,
561000,00000056,false,Rx,0,8,10,27,00,00,00,00,00,00,
561000,00000057,false,Rx,0,8,00,00,FE,FF,FE,FF,00,00,
601000,00000625,false,Rx,0,8,25,00,59,86,01,54,5C,06,
651000,0000060D,false,Rx,0,8,0D,10,83,B6,09,20,70,00,
701000,00000625,false,Rx,0,8,25,00,59,86,01,54,5C,06,
731000,000002C4,false,Rx,0,8,09,00,00,00,0A,03,00,00,
731000,000002C5,false,Rx,0,8,00,00,00,00,00,00,00,00,
732000,000002C6,false,Rx,0,8,32,00,7C,01,00,00,00,00,
751000,0000060D,false,Rx,0,8,0D,10,83,B6,09,20,70,00,
760000,00000054,false,Rx,0,8,01,05,EF,00,0A,03,00,00,
760000,00000055,false,Rx,0,8,10,27,00,00,00,00,00,00,
761000,00000056,false,Rx,0,8,10,27,00,00,00,00,00,00,
761000,00000057,false,Rx,0,8,00,00,FE,FF,FE,FF,00,00,
801000,00000625,false,Rx,0,8,25,00,59,86,01,54,5C,06,
851000,0000060D,false,Rx,0,8,0D,10,83,B6,09,20,70,00,
900000,00000625,false,Rx,0,8,25,00,59,86,01,54,5C,06,
951000,0000060D,false,Rx,0,8,0D,10,83,B6,09,20,70,00,
952000,000002C4,false,Rx,0,8,09,00,00,00,0A,03,00,00,
952000,000002C5,false,Rx,0,8,00,00,00,00,00,00,00,00,
953000,000002C6,false,Rx,0,8,32,00,7C,01,00,00,00,00,
961000,00000054,false,Rx,0,8,01,05,EF,00,0A,03,00,00,
961000,00000055,false,Rx,0,8,10,27,00,00,00,00,00,00,
961000,00000056,false,Rx,0,8,10,27,00,00,00,00,00,00,
961000,00000057,false,Rx,0,8,00,00,FE,FF,FE,FF,00,00,
1000,00000625,false,Rx,0,8,25,00,59,86,01,54,5C,06,
50000,0000060D,false,Rx,0,8,0D,10,83,B6,09,20,70,00,
101000,00000625,false,Rx,0,8,25,00,59,86,01,54,5C,06,
151000,0000060D,false,Rx,0,8,0D,10,83,B6,09,20,70,00,
160000,00000054,false,Rx,0,8,01,05,EF,00,0A,03,00,00,
160000,00000055,false,Rx,0,8,10,27,00,00,00,00,00,00,
161000,00000056,false,Rx,0,8,10,27,00,00,00,00,00,00,
161000,00000057,false,Rx,0,8,00,00,FE,FF,FE,FF,00,00,
0,000002C4,false,Rx,0,8,09,00,00,00,0A,03,00,00,
0,000002C5,false,Rx,0,8,00,00,00,00,00,00,00,00,
172000,000002C6,false,Rx,0,8,32,00,7C,01,00,00,00,00,
200000,00000625,false,Rx,0,8,25,00,59,86,01,54,5C,06,
251000,0000060D,false,Rx,0,8,0D,10,83,B6,09,20,70,00,
301000,00000625,false,Rx,0,8,25,00,59,86,01,54,5C,06,
351000,0000060D,false,Rx,0,8,0D,10,83,B6,09,20,70,00,
361000,00000054,false,Rx,0,8,01,05,EF,00,0A,03,00,00,
361000,00000055,false,Rx,0,8,10,27,00,00,00,00,00,00,
361000,00000056,false,Rx,0,8,10,27,00,00,00,00,00,00,
362000,00000057,false,Rx,0,8,00,00,FE,FF,FE,FF,00,00,
392000,000002C4,false,Rx,0,8,09,00,00,00,0A,03,00,00,
392000,000002C5,false,Rx,0,8,00,00,00,00,00,00,00,00,
392000,000002C6,false,Rx,0,8,32,00,7C,01,00,00,00,00,
401000,00000625,false,Rx,0,8,25,00,59,86,01,54,5C,06,
451000,0000060D,false,Rx,0,8,0D,10,83,B6,09,20,70,00,
500000,00000625,false,Rx,0,8,25,00,59,86,01,54,5C,06,
551000,0000060D,false,Rx,0,8,0D,10,83,B6,09,20,70,00,
560000,00000054,false,Rx,0,8,01,05,EF,00,0A,03,00,00,
560000,00000055,false,Rx,0,8,10,27,00,00,00,00,00,00,
561000,00000056,false,Rx,0,8,10,27,00,00,00,00,00,00,
561000,00000057,false,Rx,0,8,00,00,FE,FF,FE,FF,00,00,
601000,00000625,false,Rx,0,8,25,00,59,86,01,54,5C,06,
611000,000002C4,false,Rx,0,8,09,00,00,00,0A,03,00,00,
611000,000002C5,false,Rx,0,8,00,00,00,00,00,00,00,00,
612000,000002C6,false,Rx,0,8,32,00,7C,01,00,00,00,00,
651000,0000060D,false,Rx,0,8,0D,10,83,B6,09,20,70,00,
700000,00000625,false,Rx,0,8,25,00,59,86,01,54,5C,06,
750000,0000060D,false,Rx,0,8,0D,10,83,B6,09,20,70,00,
761000,00000054,false,Rx,0,8,01,05,EF,00,0A,03,00,00,
761000,00000055,false,Rx,0,8,10,27,00,00,00,00,00,00,
0,00000056,false,Rx,0,8,10,27,00,00,00,00,00,00,
0,00000057,false,Rx,0,8,00,00,FE,FF,FE,FF,00,00,
800000,00000625,false,Rx,0,8,25,00,59,86,01,54,5C,06,
832000,000002C4,false,Rx,0,8,09,00,00,00,0A,03,00,00,
832000,000002C5,false,Rx,0,8,00,00,00,00,00,00,00,00,
832000,000002C6,false,Rx,0,8,32,00,7C,01,00,00,00,00,
851000,0000060D,false,Rx,0,8,0D,10,83,B6,09,20,70,00,
901000,00000625,false,Rx,0,8,25,00,59,86,01,54,5C,06,
951000,0000060D,false,Rx,0,8,0D,10,83,B6,09,20,70,00,
960000,00000054,false,Rx,0,8,01,05,EF,00,0A,03,00,00,
960000,00000055,false,Rx,0,8,10,27,00,00,00,00,00,00,
961000,00000056,false,Rx,0,8,10,27,00,00,00,00,00,00,
961000,00000057,false,Rx,0,8,00,00,FE,FF,FE,FF,00,00,
0,00000625,false,Rx,0,8,25,00,59,86,01,54,5C,06,
51000,0000060D,false,Rx,0,8,0D,10,83,B6,09,20,70,00,
52000,000002C4,false,Rx,0,8,09,00,00,00,0A,03,00,00,
52000,000002C5,false,Rx,0,8,00,00,00,00,00,00,00,00,
52000,000002C6,false,Rx,0,8,32,00,7C,01,00,00,00,00,
101000,00000625,false,Rx,0,8,25,00,59,86,01,54,5C,06,
150000,0000060D,false,Rx,0,8,0D,10,83,B6,09,20,70,00,
160000,00000054,false,Rx,0,8,01,05,EF,00,0A,03,00,00,
160000,00000055,false,Rx,0,8,10,27,00,00,00,00,00,00,
160000,00000056,false,Rx,0,8,10,27,00,00,00,00,00,00,
161000,00000057,false,Rx,0,8,00,00,FE,FF,FE,FF,00,00,
201000,00000625,false,Rx,0,8,25,00,59,86,01,54,5C,06,
251000,0000060D,false,Rx,0,8,0D,10,83,B6,09,20,70,00,
272000,000002C4,false,Rx,0,8,09,00,00,00,0A,03,00,00,
272000,000002C5,false,Rx,0,8,00,00,00,00,00,00,00,00,
273000,000002C6,false,Rx,0,8,32,00,7C,01,00,00,00,00,
300000,00000625,false,Rx,0,8,25,00,59,86,01,54,5C,06,
351000,0000060D,false,Rx,0,8,0D,10,83,B6,09,20,70,00,
361000,00000054,false,Rx,0,8,01,05,EF,00,0A,03,00,00,
361000,00000055,false,Rx,0,8,10,27,00,00,00,00,00,00,
0,00000056,false,Rx,0,8,10,27,00,00,00,00,00,00,
0,00000057,false,Rx,0,8,00,00,FE,FF,FE,FF,00,00,
401000,00000625,false,Rx,0,8,25,00,59,86,01,54,5C,06,
451000,0000060D,false,Rx,0,8,0D,10,83,B6,09,20,70,00,
492000,000002C4,false,Rx,0,8,09,00,00,00,0A,03,00,00,
492000,000002C5,false,Rx,0,8,00,00,00,00,00,00,00,00,
492000,000002C6,false,Rx,0,8,32,00,7C,01,00,00,00,00,
501000,00000625,false,Rx,0,8,25,00,59,86,01,54,5C,06,
550000,0000060D,false,Rx,0,8,0D,10,83,B6,09,20,70,00,
560000,00000054,false,Rx,0,8,01,05,EF,00,0A,03,00,00,
561000,00000055,false,Rx,0,8,10,27,00,00,00,00,00,00,
561000,00000056,false,Rx,0,8,10,27,00,00,00,00,00,00,
561000,00000057,false,Rx,0,8,00,00,FE,FF,FE,FF,00,00,
601000,00000625,false,Rx,0,8,25,00,59,86,01,54,5C,06,
650000,0000060D,false,Rx,0,8,0D,10,83,B6,09,20,70,00,
701000,00000625,false,Rx,0,8,25,00,59,86,01,54,5C,06,
711000,000002C4,false,Rx,0,8,09,00,00,00,0A,03,00,00,
712000,000002C5,false,Rx,0,8,00,00,00,00,00,00,00,00,
712000,000002C6,false,Rx,0,8,32,00,7C,01,00,00,00,00,
751000,0000060D,false,Rx,0,8,0D,10,83,B6,09,20,70,00,
0,00000054,false,Rx,0,8,01,05,EF,00,0A,03,00,00,
0,00000055,false,Rx,0,8,10,27,00,00,00,00,00,00,
0,00000056,false,Rx,0,8,10,27,00,00,00,00,00,00,
0,00000057,false,Rx,0,8,00,00,FE,FF,FE,FF,00,00,
800000,00000625,false,Rx,0,8,25,00,59,86,01,54,5C,06,
851000,0000060D,false,Rx,0,8,0D,10,83,B6,09,20,70,00,
900000,00000625,false,Rx,0,8,25,00,59,86,01,54,5C,06,
931000,000002C4,false,Rx,0,8,09,00,00,00,0A,03,00,00,
931000,000002C5,false,Rx,0,8,00,00,00,00,00,00,00,00,
932000,000002C6,false,Rx,0,8,32,00,7C,01,00,00,00,00,
951000,0000060D,false,Rx,0,8,0D,10,83,B6,09,20,70,00,
960000,00000054,false,Rx,0,8,01,05,EF,00,0A,03,00,00,
960000,00000055,false,Rx,0,8,10,27,00,00,00,00,00,00,
961000,00000056,false,Rx,0,8,10,27,00,00,00,00,00,00,
961000,00000057,false,Rx,0,8,00,00,FE,FF,FE,FF,00,00,
0,00000625,false,Rx,0,8,25,00,59,86,01,54,5C,06,
51000,0000060D,false,Rx,0,8,0D,10,83,B6,09,20,70,00,
101000,00000625,false,Rx,0,8,25,00,59,86,01,54,5C,06,
150000,0000060D,false,Rx,0,8,0D,10,83,B6,09,20,70,00,
151000,000002C4,false,Rx,0,8,09,00,00,00,0A,03,00,00,
152000,000002C5,false,Rx,0,8,00,00,00,00,00,00,00,00,
152000,000002C6,false,Rx,0,8,32,00,7C,01,00,00,00,00,
160000,00000054,false,Rx,0,8,01,05,EF,00,0A,03,00,00,
161000,00000055,false,Rx,0,8,10,27,00,00,00,00,00,00,
161000,00000056,false,Rx,0,8,10,27,00,00,00,00,00,00,
161000,00000057,false,Rx,0,8,00,00,FE,FF,FE,FF,00,00,
200000,00000625,false,Rx,0,8,25,00,59,86,01,54,5C,06,
251000,0000060D,false,Rx,0,8,0D,10,83,B6,09,20,70,00,
300000,00000625,false,Rx,0,8,25,00,59,86,01,54,5C,06,
350000,0000060D,false,Rx,0,8,0D,10,83,B6,09,20,70,00,
0,00000054,false,Rx,0,8,01,05,EF,00,0A,03,00,00,
0,00000055,false,Rx,0,8,10,27,00,00,00,00,00,00,
361000,00000056,false,Rx,0,8,10,27,00,00,00,00,00,00,
361000,00000057,false,Rx,0,8,00,00,FE,FF,FE,FF,00,00,
372000,000002C4,false,Rx,0,8,09,00,00,00,0A,03,00,00,
372000,000002C5,false,Rx,0,8,00,00,00,00,00,00,00,00,
372000,000002C6,false,Rx,0,8,32,00,7C,01,00,00,00,00,
401000,00000625,false,Rx,0,8,25,00,59,86,01,54,5C,06,
451000,0000060D,false,Rx,0,8,0D,10,83,B6,09,20,70,00,
500000,00000625,false,Rx,0,8,25,00,59,86,01,54,5C,06,
551000,0000060D,false,Rx,0,8,0D,10,83,B6,09,20,70,00,
560000,00000054,false,Rx,0,8,01,05,EF,00,0A,03,00,00,
560000,00000055,false,Rx,0,8,10,27,00,00,00,00,00,00,
561000,00000056,false,Rx,0,8,10,27,00,00,00,00,00,00,
561000,00000057,false,Rx,0,8,00,00,FE,FF,FE,FF,00,00,
592000,000002C4,false,Rx,0,8,09,00,00,00,0A,03,00,00,
592000,000002C5,false,Rx,0,8,00,00,00,00,00,00,00,00,
592000,000002C6,false,Rx,0,8,32,00,7C,01,00,00,00,00,
601000,00000625,false,Rx,0,8,25,00,59,86,01,54,5C,06,
651000,0000060D,false,Rx,0,8,0D,10,83,B6,09,20,70,00,
701000,00000625,false,Rx,0,8,25,00,59,86,01,54,5C,06,
751000,0000060D,false,Rx,0,8,0D,10,83,B6,09,20,70,00,
760000,00000054,false,Rx,0,8,01,05,EF,00,0A,03,00,00,
760000,00000055,false,Rx,0,8,10,27,00,00,00,00,00,00,
760000,00000056,false,Rx,0,8,10,27,00,00,00,00,00,00,
761000,00000057,false,Rx,0,8,00,00,FE,FF,FE,FF,00,00,
801000,00000625,false,Rx,0,8,25,00,59,86,01,54,5C,06,
812000,000002C4,false,Rx,0,8,09,00,00,00,0A,03,00,00,
812000,000002C5,false,Rx,0,8,00,00,00,00,00,00,00,00,
812000,000002C6,false,Rx,0,8,32,00,7C,01,00,00,00,00,
850000,0000060D,false,Rx,0,8,0D,10,83,B6,09,20,70,00,
901000,00000625,false,Rx,0,8,25,00,59,86,01,54,5C,06,
951000,0000060D,false,Rx,0,8,0D,10,83,B6,09,20,70,00,
0,00000054,false,Rx,0,8,01,05,EF,00,0A,03,00,00,
0,00000055,false,Rx,0,8,10,27,00,00,00,00,00,00,
961000,00000056,false,Rx,0,8,10,27,00,00,00,00,00,00,
962000,00000057,false,Rx,0,8,00,00,FE,FF,FE,FF,00,00,
1000,00000625,false,Rx,0,8,25,00,59,86,01,54,5C,06,
0,000002C4,false,Rx,0,8,09,00,00,00,0A,03,00,00,
0,000002C5,false,Rx,0,8,00,00,00,00,00,00,00,00,
32000,000002C6,false,Rx,0,8,32,00,7C,01,00,00,00,00,
51000,0000060D,false,Rx,0,8,0D,10,83,B6,09,20,70,00,
101000,00000625,false,Rx,0,8,25,00,59,86,01,54,5C,06,
151000,0000060D,false,Rx,0,8,0D,10,83,B6,09,20,70,00,
160000,00000054,false,Rx,0,8,01,05,EF,00,0A,03,00,00,
160000,00000055,false,Rx,0,8,10,27,00,00,00,00,00,00,
161000,00000056,false,Rx,0,8,10,27,00,00,00,00,00,00,
161000,00000057,false,Rx,0,8,00,00,FE,FF,FE,FF,00,00,
200000,00000625,false,Rx,0,8,25,00,59,86,01,54,5C,06,
251000,0000060D,false,Rx,0,8,0D,10,83,B6,09,20,70,00,
252000,000002C4,false,Rx,0,8,09,00,00,00,0A,03,00,00,
252000,000002C5,false,Rx,0,8,00,00,00,00,00,00,00,00,
253000,000002C6,false,Rx,0,8,32,00,7C,01,00,00,00,00,
301000,00000625,false,Rx,0,8,25,00,59,86,01,54,5C,06,
351000,0000060D,false,Rx,0,8,0D,10,83,B6,09,20,70,00,
361000,00000054,false,Rx,0,8,01,05,EF,00,0A,03,00,00,
361000,00000055,false,Rx,0,8,10,27,00,00,00,00,00,00,
361000,00000056,false,Rx,0,8,10,27,00,00,00,00,00,00,
362000,00000057,false,Rx,0,8,00,00,FE,FF,FE,FF,00,00,
401000,00000625,false,Rx,0,8,25,00,59,86,01,54,5C,06,
451000,0000060D,false,Rx,0,8,0D,10,83,B6,09,20,70,00,
472000,000002C4,false,Rx,0,8,09,00,00,00,0A,03,00,00,
472000,000002C5,false,Rx,0,8,00,00,00,00,00,00,00,00,
472000,000002C6,false,Rx,0,8,32,00,7C,01,00,00,00,00,
500000,00000625,false,Rx,0,8,25,00,59,86,01,54,5C,06,
551000,0000060D,false,Rx,0,8,0D,10,83,B6,09,20,70,00,
561000,00000054,false,Rx,0,8,01,05,EF,00,0A,03,00,00,
561000,00000055,false,Rx,0,8,10,27,00,00,00,00,00,00,
561000,00000056,false,Rx,0,8,10,27,00,00,00,00,00,00,
561000,00000057,false,Rx,0,8,00,00,FE,FF,FE,FF,00,00,
601000,00000625,false,Rx,0,8,25,00,59,86,01,54,5C,06,
651000,0000060D,false,Rx,0,8,0D,10,83,B6,09,20,70,00,
692000,000002C4,false,Rx,0,8,09,00,00,00,0A,03,00,00,
692000,000002C5,false,Rx,0,8,00,00,00,00,00,00,00,00,
692000,000002C6,false,Rx,0,8,32,00,7C,01,00,00,00,00,
700000,00000625,false,Rx,0,8,25,00,59,86,01,54,5C,06,
751000,0000060D,false,Rx,0,8,0D,10,83,B6,09,20,70,00,
760000,00000054,false,Rx,0,8,01,05,EF,00,0A,03,00,00,
760000,00000055,false,Rx,0,8,10,27,00,00,00,00,00,00,
761000,00000056,false,Rx,0,8,10,27,00,00,00,00,00,00,
761000,00000057,false,Rx,0,8,00,00,FE,FF,FE,FF,00,00,
801000,00000625,false,Rx,0,8,25,00,59,86,01,54,5C,06,
851000,0000060D,false,Rx,0,8,0D,10,83,B6,09,20,70,00,
901000,00000625,false,Rx,0,8,25,00,59,86,01,54,5C,06,
911000,000002C4,false,Rx,0,8,09,00,00,00,0A,03,00,00,
911000,000002C5,false,Rx,0,8,00,00,00,00,00,00,00,00,
912000,000002C6,false,Rx,0,8,32,00,7C,01,00,00,00,00,
951000,0000060D,false,Rx,0,8,0D,10,83,B6,09,20,70,00,
961000,00000054,false,Rx,0,8,01,05,EF,00,0A,03,00,00,
961000,00000055,false,Rx,0,8,10,27,00,00,00,00,00,00,
961000,00000056,false,Rx,0,8,10,27,00,00,00,00,00,00,
961000,00000057,false,Rx,0,8,00,00,FE,FF,FE,FF,00,00,
0,00000625,false,Rx,0,8,25,00,59,86,01,54,5C,06,
51000,0000060D,false,Rx,0,8,0D,10,83,B6,09,20,70,00,
100000,00000625,false,Rx,0,8,25,00,59,86,01,54,5C,06,
132000,000002C4,false,Rx,0,8,09,00,00,00,0A,03,00,00,
132000,000002C5,false,Rx,0,8,00,00,00,00,00,00,00,00,
132000,000002C6,false,Rx,0,8,32,00,7C,01,00,00,00,00,
151000,0000060D,false,Rx,0,8,0D,10,83,B6,09,20,70,00,
161000,00000054,false,Rx,0,8,01,05,EF,00,0A,03,00,00,
161000,00000055,false,Rx,0,8,10,27,00,00,00,00,00,00,
161000,00000056,false,Rx,0,8,10,27,00,00,00,00,00,00,
162000,00000057,false,Rx,0,8,00,00,FE,FF,FE,FF,00,00,
201000,00000625,false,Rx,0,8,25,00,59,86,01,54,5C,06,
251000,0000060D,false,Rx,0,8,0D,10,83,B6,09,20,70,00,
300000,00000625,false,Rx,0,8,25,00,59,86,01,54,5C,06,
351000,0000060D,false,Rx,0,8,0D,10,83,B6,09,20,70,00,
352000,000002C4,false,Rx,0,8,09,00,00,00,0A,03,00,00,
352000,000002C5,false,Rx,0,8,00,00,00,00,00,00,00,00,
352000,000002C6,false,Rx,0,8,32,00,7C,01,00,00,00,00,
0,00000054,false,Rx,0,8,01,05,EF,00,0A,03,00,00,
0,00000055,false,Rx,0,8,10,27,00,00,00,00,00,00,
361000,00000056,false,Rx,0,8,10,27,00,00,00,00,00,00,
361000,00000057,false,Rx,0,8,00,00,FE,FF,FE,FF,00,00,
400000,00000625,false,Rx,0,8,25,00,59,86,01,54,5C,06,
451000,0000060D,false,Rx,0,8,0D,10,83,B6,09,20,70,00,
501000,00000625,false,Rx,0,8,25,00,59,86,01,54,5C,06,
551000,0000060D,false,Rx,0,8,0D,10,83,B6,09,20,70,00,
560000,00000054,false,Rx,0,8,01,05,EF,00,0A,03,00,00,
560000,00000055,false,Rx,0,8,10,27,00,00,00,00,00,00,
560000,00000056,false,Rx,0,8,10,27,00,00,00,00,00,00,
561000,00000057,false,Rx,0,8,00,00,FE,FF,FE,FF,00,00,
0,000002C4,false,Rx,0,8,09,00,00,00,0A,03,00,00,
0,000002C5,false,Rx,0,8,00,00,00,00,00,00,00,00,
0,000002C6,false,Rx,0,8,32,00,7C,01,00,00,00,00,
601000,00000625,false,Rx,0,8,25,00,59,86,01,54,5C,06,
651000,0000060D,false,Rx,0,8,0D,10,83,B6,09,20,70,00,
700000,00000625,false,Rx,0,8,25,00,59,86,01,54,5C,06,
751000,0000060D,false,Rx,0,8,0D,10,83,B6,09,20,70,00,
760000,00000054,false,Rx,0,8,01,05,EF,00,0A,03,00,00,
760000,00000055,false,Rx,0,8,10,27,00,00,00,00,00,00,
761000,00000056,false,Rx,0,8,10,27,00,00,00,00,00,00,
761000,00000057,false,Rx,0,8,00,00,FE,FF,FE,FF,00,00,
791000,000002C4,false,Rx,0,8,09,00,00,00,0A,03,00,00,
791000,000002C5,false,Rx,0,8,00,00,00,00,00,00,00,00,
792000,000002C6,false,Rx,0,8,32,00,7C,01,00,00,00,00,
800000,00000625,false,Rx,0,8,25,00,59,86,01,54,5C,06,
851000,0000060D,false,Rx,0,8,0D,10,83,B6,09,20,70,00,
901000,00000625,false,Rx,0,8,25,00,59,86,01,54,5C,06,
951000,0000060D,false,Rx,0,8,0D,10,83,B6,09,20,70,00,
961000,00000054,false,Rx,0,8,01,05,EF,00,0A,03,00,00,
961000,00000055,false,Rx,0,8,10,27,00,00,00,00,00,00,
961000,00000056,false,Rx,0,8,10,27,00,00,00,00,00,00,
961000,00000057,false,Rx,0,8,00,00,FE,FF,FE,FF,00,00,
1000,00000625,false,Rx,0,8,25,00,59,86,01,54,5C,06,
12000,000002C4,false,Rx,0,8,09,00,00,00,0A,03,00,00,
12000,000002C5,false,Rx,0,8,00,00,00,00,00,00,00,00,
12000,000002C6,false,Rx,0,8,32,00,7C,01,00,00,00,00,
50000,0000060D,false,Rx,0,8,0D,10,83,B6,09,20,70,00,
100000,00000625,false,Rx,0,8,25,00,59,86,01,54,5C,06,
151000,0000060D,false,Rx,0,8,0D,10,83,B6,09,20,70,00,
160000,00000054,false,Rx,0,8,01,05,EF,00,0A,03,00,00,
160000,00000055,false,Rx,0,8,10,27,00,00,00,00,00,00,
160000,00000056,false,Rx,0,8,10,27,00,00,00,00,00,00,
161000,00000057,false,Rx,0,8,00,00,FE,FF,FE,FF,00,00,
201000,00000625,false,Rx,0,8,25,00,59,86,01,54,5C,06,
231000,000002C4,false,Rx,0,8,09,00,00,00,0A,03,00,00,
0,000002C5,false,Rx,0,8,00,00,00,00,00,00,00,00,
0,000002C6,false,Rx,0,8,32,00,7C,01,00,00,00,00,
250000,0000060D,false,Rx,0,8,0D,10,83,B6,09,20,70,00,
301000,00000625,false,Rx,0,8,25,00,59,86,01,54,5C,06,
351000,0000060D,false,Rx,0,8,0D,10,83,B6,09,20,70,00,
360000,00000054,false,Rx,0,8,01,05,EF,00,0A,03,00,00,
361000,00000055,false,Rx,0,8,10,27,00,00,00,00,00,00,
361000,00000056,false,Rx,0,8,10,27,00,00,00,00,00,00,
361000,00000057,false,Rx,0,8,00,00,FE,FF,FE,FF,00,00,
400000,00000625,false,Rx,0,8,25,00,59,86,01,54,5C,06,
451000,0000060D,false,Rx,0,8,0D,10,83,B6,09,20,70,00,
452000,000002C4,false,Rx,0,8,09,00,00,00,0A,03,00,00,
0,000002C5,false,Rx,0,8,00,00,00,00,00,00,00,00,
0,000002C6,false,Rx,0,8,32,00,7C,01,00,00,00,00,
501000,00000625,false,Rx,0,8,25,00,59,86,01,54,5C,06,
551000,0000060D,false,Rx,0,8,0D,10,83,B6,09,20,70,00,
561000,00000054,false,Rx,0,8,01,05,EF,00,0A,03,00,00,
561000,00000055,false,Rx,0,8,10,27,00,00,00,00,00,00,
561000,00000056,false,Rx,0,8,10,27,00,00,00,00,00,00,
562000,00000057,false,Rx,0,8,00,00,FE,FF,FE,FF,00,00,
601000,00000625,false,Rx,0,8,25,00,59,86,01,54,5C,06,
651000,0000060D,false,Rx,0,8,0D,10,83,B6,09,20,70,00,
0,000002C4,false,Rx,0,8,09,00,00,00,0A,03,00,00,
0,000002C5,false,Rx,0,8,00,00,00,00,00,00,00,00,
672000,000002C6,false,Rx,0,8,32,00,7C,01,00,00,00,00,
701000,00000625,false,Rx,0,8,25,00,59,86,01,54,5C,06,
751000,0000060D,false,Rx,0,8,0D,10,83,B6,09,20,70,00,
760000,00000054,false,Rx,0,8,01,05,EF,00,0A,03,00,00,
760000,00000055,false,Rx,0,8,10,27,00,00,00,00,00,00,
761000,00000056,false,Rx,0,8,10,27,00,00,00,00,00,00,
761000,00000057,false,Rx,0,8,00,00,FE,FF,FE,FF,00,00,
800000,00000625,false,Rx,0,8,25,00,59,86,01,54,5C,06,
851000,0000060D,false,Rx,0,8,0D,10,83,B6,09,20,70,00,
892000,000002C4,false,Rx,0,8,09,00,00,00,0A,03,00,00,
892000,000002C5,false,Rx,0,8,00,00,00,00,00,00,00,00,
892000,000002C6,false,Rx,0,8,32,00,7C,01,00,00,00,00,
900000,00000625,false,Rx,0,8,25,00,59,86,01,54,5C,06,
951000,0000060D,false,Rx,0,8,0D,10,83,B6,09,20,70,00,
960000,00000054,false,Rx,0,8,01,05,EF,00,0A,03,00,00,
961000,00000055,false,Rx,0,8,10,27,00,00,00,00,00,00,
0,00000056,false,Rx,0,8,10,27,00,00,00,00,00,00,
0,00000057,false,Rx,0,8,00,00,FE,FF,FE,FF,00,00,
0,00000625,false,Rx,0,8,25,00,59,86,01,54,5C,06,
51000,0000060D,false,Rx,0,8,0D,10,83,B6,09,20,70,00,
101000,00000625,false,Rx,0,8,25,00,59,86,01,54,5C,06,
112000,000002C4,false,Rx,0,8,09,00,00,00,0A,03,00,00,
112000,000002C5,false,Rx,0,8,00,00,00,00,00,00,00,00,
112000,000002C6,false,Rx,0,8,32,00,7C,01,00,00,00,00,
151000,0000060D,false,Rx,0,8,0D,10,83,B6,09,20,70,00,
161000,00000054,false,Rx,0,8,01,05,EF,00,0A,03,00,00,
161000,00000055,false,Rx,0,8,10,27,00,00,00,00,00,00,
161000,00000056,false,Rx,0,8,10,27,00,00,00,00,00,00,
162000,00000057,false,Rx,0,8,00,00,FE,FF,FE,FF,00,00,
201000,00000625,false,Rx,0,8,25,00,59,86,01,54,5C,06,
251000,0000060D,false,Rx,0,8,0D,10,83,B6,09,20,70,00,
300000,00000625,false,Rx,0,8,25,00,59,86,01,54,5C,06,
332000,000002C4,false,Rx,0,8,09,00,00,00,0A,03,00,00,
332000,000002C5,false,Rx,0,8,00,00,00,00,00,00,00,00,
332000,000002C6,false,Rx,0,8,32,00,7C,01,00,00,00,00,
351000,0000060D,false,Rx,0,8,0D,10,83,B6,09,20,70,00,
0,00000054,false,Rx,0,8,01,05,EF,00,0A,03,00,00,
0,00000055,false,Rx,0,8,10,27,00,00,00,00,00,00,
361000,00000056,false,Rx,0,8,10,27,00,00,00,00,00,00,
361000,00000057,false,Rx,0,8,00,00,FE,FF,FE,FF,00,00,
400000,00000625,false,Rx,0,8,25,00,59,86,01,54,5C,06,
451000,0000060D,false,Rx,0,8,0D,10,83,B6,09,20,70,00,
500000,00000625,false,Rx,0,8,25,00,59,86,01,54,5C,06,
551000,0000060D,false,Rx,0,8,0D,10,83,B6,09,20,70,00,
552000,000002C4,false,Rx,0,8,09,00,00,00,0A,03,00,00,
552000,000002C5,false,Rx,0,8,00,00,00,00,00,00,00,00,
552000,000002C6,false,Rx,0,8,32,00,7C,01,00,00,00,00,
560000,00000054,false,Rx,0,8,01,05,EF,00,0A,03,00,00,
560000,00000055,false,Rx,0,8,10,27,00,00,00,00,00,00,
561000,00000056,false,Rx,0,8,10,27,00,00,00,00,00,00,
562000,00000057,false,Rx,0,8,00,00,FE,FF,FE,FF,00,00,
600000,00000625,false,Rx,0,8,25,00,59,86,01,54,5C,06,
651000,0000060D,false,Rx,0,8,0D,10,83,B6,09,20,70,00,
701000,00000625,false,Rx,0,8,25,00,59,86,01,54,5C,06,
751000,0000060D,false,Rx,0,8,0D,10,83,B6,09,20,70,00,
761000,00000054,false,Rx,0,8,01,05,EF,00,0A,03,00,00,
761000,00000055,false,Rx,0,8,10,27,00,00,00,00,00,00,
761000,00000056,false,Rx,0,8,10,27,00,00,00,00,00,00,
761000,00000057,false,Rx,0,8,00,00,FE,FF,FE,FF,00,00,
771000,000002C4,false,Rx,0,8,09,00,00,00,0A,03,00,00,
0,000002C5,false,Rx,0,8,00,00,00,00,00,00,00,00,
0,000002C6,false,Rx,0,8,32,00,7C,01,00,00,00,00,
801000,00000625,false,Rx,0,8,25,00,59,86,01,54,5C,06,
851000,0000060D,false,Rx,0,8,0D,10,83,B6,09,20,70,00,
900000,00000625,false,Rx,0,8,25,00,59,86,01,54,5C,06,
950000,0000060D,false,Rx,0,8,0D,10,83,B6,09,20,70,00,
961000,00000054,false,Rx,0,8,01,05,EF,00,0A,03,00,00,
961000,00000055,false,Rx,0,8,10,27,00,00,00,00,00,00,
961000,00000056,false,Rx,0,8,10,27,00,00,00,00,00,00,
962000,00000057,false,Rx,0,8,00,00,FE,FF,FE,FF,00,00,
991000,000002C4,false,Rx,0,8,09,00,00,00,0A,03,00,00,
992000,000002C5,false,Rx,0,8,00,00,00,00,00,00,00,00,
992000,000002C6,false,Rx,0,8,32,00,7C,01,00,00,00,00,
0,00000625,false,Rx,0,8,25,00,59,86,01,54,5C,06,
50000,0000060D,false,Rx,0,8,0D,10,83,B6,09,20,70,00,
100000,00000625,false,Rx,0,8,25,00,59,86,01,54,5C,06,
150000,0000060D,false,Rx,0,8,0D,10,83,B6,09,20,70,00,
161000,00000054,false,Rx,0,8,01,05,EF,00,0A,03,00,00,
0,00000055,false,Rx,0,8,10,27,00,00,00,00,00,00,
0,00000056,false,Rx,0,8,10,27,00,00,00,00,00,00,
163000,00000057,false,Rx,0,8,00,00,FE,FF,FE,FF,00,00,
201000,00000625,false,Rx,0,8,25,00,59,86,01,54,5C,06,
211000,000002C4,false,Rx,0,8,09,00,00,00,0A,03,00,00,
212000,000002C5,false,Rx,0,8,00,00,00,00,00,00,00,00,
212000,000002C6,false,Rx,0,8,32,00,7C,01,00,00,00,00,
251000,0000060D,false,Rx,0,8,0D,10,83,B6,09,20,70,00,
300000,00000625,false,Rx,0,8,25,00,59,86,01,54,5C,06,
351000,0000060D,false,Rx,0,8,0D,10,83,B6,09,20,70,00,
361000,00000054,false,Rx,0,8,01,05,EF,00,0A,03,00,00,
361000,00000055,false,Rx,0,8,10,27,00,00,00,00,00,00,
0,00000056,false,Rx,0,8,10,27,00,00,00,00,00,00,
0,00000057,false,Rx,0,8,00,00,FE,FF,FE,FF,00,00,
400000,00000625,false,Rx,0,8,25,00,59,86,01,54,5C,06,
432000,000002C4,false,Rx,0,8,09,00,00,00,0A,03,00,00,
432000,000002C5,false,Rx,0,8,00,00,00,00,00,00,00,00,
433000,000002C6,false,Rx,0,8,32,00,7C,01,00,00,00,00,
451000,0000060D,false,Rx,0,8,0D,10,83,B6,09,20,70,00,
501000,00000625,false,Rx,0,8,25,00,59,86,01,54,5C,06,
550000,0000060D,false,Rx,0,8,0D,10,83,B6,09,20,70,00,
561000,00000054,false,Rx,0,8,01,05,EF,00,0A,03,00,00,
561000,00000055,false,Rx,0,8,10,27,00,00,00,00,00,00,
561000,00000056,false,Rx,0,8,10,27,00,00,00,00,00,00,
562000,00000057,false,Rx,0,8,00,00,FE,FF,FE,FF,00,00,
600000,00000625,false,Rx,0,8,25,00,59,86,01,54,5C,06,
651000,0000060D,false,Rx,0,8,0D,10,83,B6,09,20,70,00,
652000,000002C4,false,Rx,0,8,09,00,00,00,0A,03,00,00,
652000,000002C5,false,Rx,0,8,00,00,00,00,00,00,00,00,
652000,000002C6,false,Rx,0,8,32,00,7C,01,00,00,00,00,
700000,00000625,false,Rx,0,8,25,00,59,86,01,54,5C,06,
751000,0000060D,false,Rx,0,8,0D,10,83,B6,09,20,70,00,
0,00000054,false,Rx,0,8,01,05,EF,00,0A,03,00,00,
0,00000055,false,Rx,0,8,10,27,00,00,00,00,00,00,
761000,00000056,false,Rx,0,8,10,27,00,00,00,00,00,00,
761000,00000057,false,Rx,0,8,00,00,FE,FF,FE,FF,00,00,
800000,00000625,false,Rx,0,8,25,00,59,86,01,54,5C,06,
851000,0000060D,false,Rx,0,8,0D,10,83,B6,09,20,70,00,
872000,000002C4,false,Rx,0,8,09,00,00,00,0A,03,00,00,
872000,000002C5,false,Rx,0,8,00,00,00,00,00,00,00,00,
873000,000002C6,false,Rx,0,8,32,00,7C,01,00,00,00,00,
901000,00000625,false,Rx,0,8,25,00,59,86,01,54,5C,06,
950000,0000060D,false,Rx,0,8,0D,10,83,B6,09,20,70,00,
961000,00000054,false,Rx,0,8,01,05,EF,00,0A,03,00,00,
961000,00000055,false,Rx,0,8,10,27,00,00,00,00,00,00,
961000,00000056,false,Rx,0,8,10,27,00,00,00,00,00,00,
961000,00000057,false,Rx,0,8,00,00,FE,FF,FE,FF,00,00,
1000,00000625,false,Rx,0,8,25,00,59,86,01,54,5C,06,
51000,0000060D,false,Rx,0,8,0D,10,83,B6,09,20,70,00,
92000,000002C4,false,Rx,0,8,09,00,00,00,0A,03,00,00,
92000,000002C5,false,Rx,0,8,00,00,00,00,00,00,00,00,
92000,000002C6,false,Rx,0,8,32,00,7C,01,00,00,00,00,
101000,00000625,false,Rx,0,8,25,00,59,86,01,54,5C,06,
150000,0000060D,false,Rx,0,8,0D,10,83,B6,09,20,70,00,
161000,00000054,false,Rx,0,8,01,05,EF,00,0A,03,00,00,
161000,00000055,false,Rx,0,8,10,27,00,00,00,00,00,00,
161000,00000056,false,Rx,0,8,10,27,00,00,00,00,00,00,
161000,00000057,false,Rx,0,8,00,00,FE,FF,FE,FF,00,00,
201000,00000625,false,Rx,0,8,25,00,59,86,01,54,5C,06,
251000,0000060D,false,Rx,0,8,0D,10,83,B6,09,20,70,00,
300000,00000625,false,Rx,0,8,25,00,59,86,01,54,5C,06,
312000,000002C4,false,Rx,0,8,09,00,00,00,0A,03,00,00,
312000,000002C5,false,Rx,0,8,00,00,00,00,00,00,00,00,
313000,000002C6,false,Rx,0,8,32,00,7C,01,00,00,00,00,
351000,0000060D,false,Rx,0,8,0D,10,83,B6,09,20,70,00,
0,00000054,false,Rx,0,8,01,05,EF,00,0A,03,00,00,
0,00000055,false,Rx,0,8,10,27,00,00,00,00,00,00,
361000,00000056,false,Rx,0,8,10,27,00,00,00,00,00,00,
361000,00000057,false,Rx,0,8,00,00,FE,FF,FE,FF,00,00,
400000,00000625,false,Rx,0,8,25,00,59,86,01,54,5C,06,
451000,0000060D,false,Rx,0,8,0D,10,83,B6,09,20,70,00,
500000,00000625,false,Rx,0,8,25,00,59,86,01,54,5C,06,
532000,000002C4,false,Rx,0,8,09,00,00,00,0A,03,00,00,
532000,000002C5,false,Rx,0,8,00,00,00,00,00,00,00,00,
532000,000002C6,false,Rx,0,8,32,00,7C,01,00,00,00,00,
551000,0000060D,false,Rx,0,8,0D,10,83,B6,09,20,70,00,
560000,00000054,false,Rx,0,8,01,05,EF,00,0A,03,00,00,
560000,00000055,false,Rx,0,8,10,27,00,00,00,00,00,00,
560000,00000056,false,Rx,0,8,10,27,00,00,00,00,00,00,
561000,00000057,false,Rx,0,8,00,00,FE,FF,FE,FF,00,00,
601000,00000625,false,Rx,0,8,25,00,59,86,01,54,5C,06,
651000,0000060D,false,Rx,0,8,0D,10,83,B6,09,20,70,00,
701000,00000625,false,Rx,0,8,25,00,59,86,01,54,5C,06,
751000,0000060D,false,Rx,0,8,0D,10,83,B6,09,20,70,00,
752000,000002C4,false,Rx,0,8,09,00,00,00,0A,03,00,00,
752000,000002C5,false,Rx,0,8,00,00,00,00,00,00,00,00,
752000,000002C6,false,Rx,0,8,32,00,7C,01,00,00,00,00,
761000,00000054,false,Rx,0,8,01,05,EF,00,0A,03,00,00,
761000,00000055,false,Rx,0,8,10,27,00,00,00,00,00,00,
761000,00000056,false,Rx,0,8,10,27,00,00,00,00,00,00,
761000,00000057,false,Rx,0,8,00,00,FE,FF,FE,FF,00,00,
801000,00000625,false,Rx,0,8,25,00,59,86,01,54,5C,06,
851000,0000060D,false,Rx,0,8,0D,10,83,B6,09,20,70,00,
901000,00000625,false,Rx,0,8,25,00,59,86,01,54,5C,06,
950000,0000060D,false,Rx,0,8,0D,10,83,B6,09,20,70,00,
961000,00000054,false,Rx,0,8,01,05,EF,00,0A,03,00,00,
961000,00000055,false,Rx,0,8,10,27,00,00,00,00,00,00,
961000,00000056,false,Rx,0,8,10,27,00,00,00,00,00,00,
962000,00000057,false,Rx,0,8,00,00,FE,FF,FE,FF,00,00,
972000,000002C4,false,Rx,0,8,09,00,00,00,0A,03,00,00,
972000,000002C5,false,Rx,0,8,00,00,00,00,00,00,00,00,
972000,000002C6,false,Rx,0,8,32,00,7C,01,00,00,00,00,
1000,00000625,false,Rx,0,8,25,00,59,86,01,54,5C,06,
51000,0000060D,false,Rx,0,8,0D,10,83,B6,09,20,70,00,
100000,00000625,false,Rx,0,8,25,00,59,86,01,54,5C,06,
151000,0000060D,false,Rx,0,8,0D,10,83,B6,09,20,70,00,
161000,00000054,false,Rx,0,8,01,05,EF,00,0A,03,00,00,
161000,00000055,false,Rx,0,8,10,27,00,00,00,00,00,00,
161000,00000056,false,Rx,0,8,10,27,00,00,00,00,00,00,
161000,00000057,false,Rx,0,8,00,00,FE,FF,FE,FF,00,00,
192000,000002C4,false,Rx,0,8,09,00,00,00,0A,03,00,00,
192000,000002C5,false,Rx,0,8,00,00,00,00,00,00,00,00,
192000,000002C6,false,Rx,0,8,32,00,7C,01,00,00,00,00,
201000,00000625,false,Rx,0,8,25,00,59,86,01,54,5C,06,
251000,0000060D,false,Rx,0,8,0D,10,83,B6,09,20,70,00,
301000,00000625,false,Rx,0,8,25,00,59,86,01,54,5C,06,
351000,0000060D,false,Rx,0,8,0D,10,83,B6,09,20,70,00,
360000,00000054,false,Rx,0,8,01,05,EF,00,0A,03,00,00,
360000,00000055,false,Rx,0,8,10,27,00,00,00,00,00,00,
360000,00000056,false,Rx,0,8,10,27,00,00,00,00,00,00,
361000,00000057,false,Rx,0,8,00,00,FE,FF,FE,FF,00,00,
401000,00000625,false,Rx,0,8,25,00,59,86,01,54,5C,06,
412000,000002C4,false,Rx,0,8,09,00,00,00,0A,03,00,00,
412000,000002C5,false,Rx,0,8,00,00,00,00,00,00,00,00,
412000,000002C6,false,Rx,0,8,32,00,7C,01,00,00,00,00,
451000,0000060D,false,Rx,0,8,0D,10,83,B6,09,20,70,00,
500000,00000625,false,Rx,0,8,25,00,59,86,01,54,5C,06,
551000,0000060D,false,Rx,0,8,0D,10,83,B6,09,20,70,00,
561000,00000054,false,Rx,0,8,01,05,EF,00,0A,03,00,00,
561000,00000055,false,Rx,0,8,10,27,00,00,00,00,00,00,
561000,00000056,false,Rx,0,8,10,27,00,00,00,00,00,00,
562000,00000057,false,Rx,0,8,00,00,FE,FF,FE,FF,00,00,
600000,00000625,false,Rx,0,8,25,00,59,86,01,54,5C,06,
632000,000002C4,false,Rx,0,8,09,00,00,00,0A,03,00,00,
632000,000002C5,false,Rx,0,8,00,00,00,00,00,00,00,00,
632000,000002C6,false,Rx,0,8,32,00,7C,01,00,00,00,00,
651000,0000060D,false,Rx,0,8,0D,10,83,B6,09,20,70,00,
700000,00000625,false,Rx,0,8,25,00,59,86,01,54,5C,06,
751000,0000060D,false,Rx,0,8,0D,10,83,B6,09,20,70,00,
760000,00000054,false,Rx,0,8,01,05,EF,00,0A,03,00,00,
760000,00000055,false,Rx,0,8,10,27,00,00,00,00,00,00,
0,00000056,false,Rx,0,8,10,27,00,00,00,00,00,00,
0,00000057,false,Rx,0,8,00,00,FE,FF,FE,FF,00,00,
800000,00000625,false,Rx,0,8,25,00,59,86,01,54,5C,06,
851000,0000060D,false,Rx,0,8,0D,10,83,B6,09,20,70,00,
852000,000002C4,false,Rx,0,8,09,00,00,00,0A,03,00,00,
852000,000002C5,false,Rx,0,8,00,00,00,00,00,00,00,00,
852000,000002C6,false,Rx,0,8,32,00,7C,01,00,00,00,00,
900000,00000625,false,Rx,0,8,25,00,59,86,01,54,5C,06,
951000,0000060D,false,Rx,0,8,0D,10,83,B6,09,20,70,00,
960000,00000054,false,Rx,0,8,01,05,EF,00,0A,03,00,00,
961000,00000055,false,Rx,0,8,10,27,00,00,00,00,00,00,
961000,00000056,false,Rx,0,8,10,27,00,00,00,00,00,00,
961000,00000057,false,Rx,0,8,00,00,FE,FF,FE,FF,00,00,
1000,00000625,false,Rx,0,8,25,00,59,86,01,54,5C,06,
50000,0000060D,false,Rx,0,8,0D,10,83,B6,09,20,70,00,
72000,000002C4,false,Rx,0,8,09,00,00,00,0A,03,00,00,
72000,000002C5,false,Rx,0,8,00,00,00,00,00,00,00,00,
72000,000002C6,false,Rx,0,8,32,00,7C,01,00,00,00,00,
100000,00000625,false,Rx,0,8,25,00,59,86,01,54,5C,06,
151000,0000060D,false,Rx,0,8,0D,10,83,B6,09,20,70,00,
161000,00000054,false,Rx,0,8,01,05,EF,00,0A,03,00,00,
161000,00000055,false,Rx,0,8,10,27,00,00,00,00,00,00,
161000,00000056,false,Rx,0,8,10,27,00,00,00,00,00,00,
162000,00000057,false,Rx,0,8,00,00,FE,FF,FE,FF,00,00,
200000,00000625,false,Rx,0,8,25,00,59,86,01,54,5C,06,
251000,0000060D,false,Rx,0,8,0D,10,83,B6,09,20,70,00,
291000,000002C4,false,Rx,0,8,09,00,00,00,0A,03,00,00,
292000,000002C5,false,Rx,0,8,00,00,00,00,00,00,00,00,
292000,000002C6,false,Rx,0,8,32,00,7C,01,00,00,00,00,
301000,00000625,false,Rx,0,8,25,00,59,86,01,54,5C,06,
351000,0000060D,false,Rx,0,8,0D,10,83,B6,09,20,70,00,
0,00000054,false,Rx,0,8,01,05,EF,00,0A,03,00,00,
0,00000055,false,Rx,0,8,10,27,00,00,00,00,00,00,
361000,00000056,false,Rx,0,8,10,27,00,00,00,00,00,00,
361000,00000057,false,Rx,0,8,00,00,FE,FF,FE,FF,00,00,
401000,00000625,false,Rx,0,8,25,00,59,86,01,54,5C,06,
451000,0000060D,false,Rx,0,8,0D,10,83,B6,09,20,70,00,
501000,00000625,false,Rx,0,8,25,00,59,86,01,54,5C,06,
511000,000002C4,false,Rx,0,8,09,00,00,00,0A,03,00,00,
512000,000002C5,false,Rx,0,8,00,00,00,00,00,00,00,00,
512000,000002C6,false,Rx,0,8,32,00,7C,01,00,00,00,00,
551000,0000060D,false,Rx,0,8,0D,10,83,B6,09,20,70,00,
560000,00000054,false,Rx,0,8,01,05,EF,00,0A,03,00,00,
561000,00000055,false,Rx,0,8,10,27,00,00,00,00,00,00,
561000,00000056,false,Rx,0,8,10,27,00,00,00,00,00,00,
562000,00000057,false,Rx,0,8,00,00,FE,FF,FE,FF,00,00,
601000,00000625,false,Rx,0,8,25,00,59,86,01,54,5C,06,
651000,0000060D,false,Rx,0,8,0D,10,83,B6,09,20,70,00,
700000,00000625,false,Rx,0,8,25,00,59,86,01,54,5C,06,
732000,000002C4,false,Rx,0,8,09,00,00,00,0A,03,00,00,
0,000002C5,false,Rx,0,8,00,00,00,00,00,00,00,00,
0,000002C6,false,Rx,0,8,32,00,7C,01,00,00,00,00,
751000,0000060D,false,Rx,0,8,0D,10,83,B6,09,20,70,00,
0,00000054,false,Rx,0,8,01,05,EF,00,0A,03,00,00,
0,00000055,false,Rx,0,8,10,27,00,00,00,00,00,00,
761000,00000056,false,Rx,0,8,10,27,00,00,00,00,00,00,
761000,00000057,false,Rx,0,8,00,00,FE,FF,FE,FF,00,00,
800000,00000625,false,Rx,0,8,25,00,59,86,01,54,5C,06,
851000,0000060D,false,Rx,0,8,0D,10,83,B6,09,20,70,00,
900000,00000625,false,Rx,0,8,25,00,59,86,01,54,5C,06,
951000,0000060D,false,Rx,0,8,0D,10,83,B6,09,20,70,00,
0,000002C4,false,Rx,0,8,09,00,00,00,0A,03,00,00,
0,000002C5,false,Rx,0,8,00,00,00,00,00,00,00,00,
952000,000002C6,false,Rx,0,8,32,00,7C,01,00,00,00,00,
961000,00000054,false,Rx,0,8,01,05,EF,00,0A,03,00,00,
961000,00000055,false,Rx,0,8,10,27,00,00,00,00,00,00,
961000,00000056,false,Rx,0,8,10,27,00,00,00,00,00,00,
961000,00000057,false,Rx,0,8,00,00,FE,FF,FE,FF,00,00,
1000,00000625,false,Rx,0,8,25,00,59,86,01,54,5C,06,
50000,0000060D,false,Rx,0,8,0D,10,83,B6,09,20,70,00,
101000,00000625,false,Rx,0,8,25,00,59,86,01,54,5C,06,
151000,0000060D,false,Rx,0,8,0D,10,83,B6,09,20,70,00,
160000,00000054,false,Rx,0,8,01,05,EF,00,0A,03,00,00,
161000,00000055,false,Rx,0,8,10,27,00,00,00,00,00,00,
161000,00000056,false,Rx,0,8,10,27,00,00,00,00,00,00,
161000,00000057,false,Rx,0,8,00,00,FE,FF,FE,FF,00,00,
0,000002C4,false,Rx,0,8,09,00,00,00,0A,03,00,00,
0,000002C5,false,Rx,0,8,00,00,00,00,00,00,00,00,
174000,000002C6,false,Rx,0,8,32,00,7C,01,00,00,00,00,
200000,00000625,false,Rx,0,8,25,00,59,86,01,54,5C,06,
251000,0000060D,false,Rx,0,8,0D,10,83,B6,09,20,70,00,
301000,00000625,false,Rx,0,8,25,00,59,86,01,54,5C,06,
350000,0000060D,false,Rx,0,8,0D,10,83,B6,09,20,70,00,
0,00000054,false,Rx,0,8,01,05,EF,00,0A,03,00,00,
0,00000055,false,Rx,0,8,10,27,00,00,00,00,00,00,
0,00000056,false,Rx,0,8,10,27,00,00,00,00,00,00,
0,00000057,false,Rx,0,8,00,00,FE,FF,FE,FF,00,00,
0,000002C4,false,Rx,0,8,09,00,00,00,0A,03,00,00,
0,000002C5,false,Rx,0,8,00,00,00,00,00,00,00,00,
0,000002C6,false,Rx,0,8,32,00,7C,01,00,00,00,00,
401000,00000625,false,Rx,0,8,25,00,59,86,01,54,5C,06,
450000,0000060D,false,Rx,0,8,0D,10,83,B6,09,20,70,00,
500000,00000625,false,Rx,0,8,25,00,59,86,01,54,5C,06,
551000,0000060D,false,Rx,0,8,0D,10,83,B6,09,20,70,00,
560000,00000054,false,Rx,0,8,01,05,EF,00,0A,03,00,00,
560000,00000055,false,Rx,0,8,10,27,00,00,00,00,00,00,
560000,00000056,false,Rx,0,8,10,27,00,00,00,00,00,00,
561000,00000057,false,Rx,0,8,00,00,FE,FF,FE,FF,00,00,
600000,00000625,false,Rx,0,8,25,00,59,86,01,54,5C,06,
612000,000002C4,false,Rx,0,8,09,00,00,00,0A,03,00,00,
612000,000002C5,false,Rx,0,8,00,00,00,00,00,00,00,00,
612000,000002C6,false,Rx,0,8,32,00,7C,01,00,00,00,00,
650000,0000060D,false,Rx,0,8,0D,10,83,B6,09,20,70,00,
701000,00000625,false,Rx,0,8,25,00,59,86,01,54,5C,06,
751000,0000060D,false,Rx,0,8,0D,10,83,B6,09,20,70,00,
760000,00000054,false,Rx,0,8,01,05,EF,00,0A,03,00,00,
760000,00000055,false,Rx,0,8,10,27,00,00,00,00,00,00,
761000,00000056,false,Rx,0,8,10,27,00,00,00,00,00,00,
761000,00000057,false,Rx,0,8,00,00,FE,FF,FE,FF,00,00,
800000,00000625,false,Rx,0,8,25,00,59,86,01,54,5C,06,
832000,000002C4,false,Rx,0,8,09,00,00,00,0A,03,00,00,
832000,000002C5,false,Rx,0,8,00,00,00,00,00,00,00,00,
833000,000002C6,false,Rx,0,8,32,00,7C,01,00,00,00,00,
851000,0000060D,false,Rx,0,8,0D,10,83,B6,09,20,70,00,
901000,00000625,false,Rx,0,8,25,00,59,86,01,54,5C,06,
951000,0000060D,false,Rx,0,8,0D,10,83,B6,09,20,70,00,
961000,00000054,false,Rx,0,8,01,05,EF,00,0A,03,00,00,
961000,00000055,false,Rx,0,8,10,27,00,00,00,00,00,00,
961000,00000056,false,Rx,0,8,10,27,00,00,00,00,00,00,
962000,00000057,false,Rx,0,8,00,00,FE,FF,FE,FF,00,00,
1000,00000625,false,Rx,0,8,25,00,59,86,01,54,5C,06,
50000,0000060D,false,Rx,0,8,0D,10,83,B6,09,20,70,00,
51000,000002C4,false,Rx,0,8,09,00,00,00,0A,03,00,00,
52000,000002C5,false,Rx,0,8,00,00,00,00,00,00,00,00,
52000,000002C6,false,Rx,0,8,32,00,7C,01,00,00,00,00,
101000,00000625,false,Rx,0,8,25,00,59,86,01,54,5C,06,
150000,0000060D,false,Rx,0,8,0D,10,83,B6,09,20,70,00,
161000,00000054,false,Rx,0,8,01,05,EF,00,0A,03,00,00,
161000,00000055,false,Rx,0,8,10,27,00,00,00,00,00,00,
161000,00000056,false,Rx,0,8,10,27,00,00,00,00,00,00,
161000,00000057,false,Rx,0,8,00,00,FE,FF,FE,FF,00,00,
201000,00000625,false,Rx,0,8,25,00,59,86,01,54,5C,06,
251000,0000060D,false,Rx,0,8,0D,10,83,B6,09,20,70,00,
272000,000002C4,false,Rx,0,8,09,00,00,00,0A,03,00,00,
272000,000002C5,false,Rx,0,8,00,00,00,00,00,00,00,00,
272000,000002C6,false,Rx,0,8,32,00,7C,01,00,00,00,00,
300000,00000625,false,Rx,0,8,25,00,59,86,01,54,5C,06,
351000,0000060D,false,Rx,0,8,0D,10,83,B6,09,20,70,00,
0,00000054,false,Rx,0,8,01,05,EF,00,0A,03,00,00,
0,00000055,false,Rx,0,8,10,27,00,00,00,00,00,00,
0,00000056,false,Rx,0,8,10,27,00,00,00,00,00,00,
361000,00000057,false,Rx,0,8,00,00,FE,FF,FE,FF,00,00,
401000,00000625,false,Rx,0,8,25,00,59,86,01,54,5C,06,
451000,0000060D,false,Rx,0,8,0D,10,83,B6,09,20,70,00,
491000,000002C4,false,Rx,0,8,09,00,00,00,0A,03,00,00,
492000,000002C5,false,Rx,0,8,00,00,00,00,00,00,00,00,
492000,000002C6,false,Rx,0,8,32,00,7C,01,00,00,00,00,
501000,00000625,false,Rx,0,8,25,00,59,86,01,54,5C,06,
551000,0000060D,false,Rx,0,8,0D,10,83,B6,09,20,70,00,
0,00000054,false,Rx,0,8,01,05,EF,00,0A,03,00,00,
0,00000055,false,Rx,0,8,10,27,00,00,00,00,00,00,
561000,00000056,false,Rx,0,8,10,27,00,00,00,00,00,00,
561000,00000057,false,Rx,0,8,00,00,FE,FF,FE,FF,00,00,
601000,00000625,false,Rx,0,8,25,00,59,86,01,54,5C,06,
651000,0000060D,false,Rx,0,8,0D,10,83,B6,09,20,70,00,
701000,00000625,false,Rx,0,8,25,00,59,86,01,54,5C,06,
712000,000002C4,false,Rx,0,8,09,00,00,00,0A,03,00,00,
712000,000002C5,false,Rx,0,8,00,00,00,00,00,00,00,00,
712000,000002C6,false,Rx,0,8,32,00,7C,01,00,00,00,00,
751000,0000060D,false,Rx,0,8,0D,10,83,B6,09,20,70,00,
761000,00000054,false,Rx,0,8,01,05,EF,00,0A,03,00,00,
761000,00000055,false,Rx,0,8,10,27,00,00,00,00,00,00,
761000,00000056,false,Rx,0,8,10,27,00,00,00,00,00,00,
761000,00000057,false,Rx,0,8,00,00,FE,FF,FE,FF,00,00,
800000,00000625,false,Rx,0,8,25,00,59,86,01,54,5C,06,
851000,0000060D,false,Rx,0,8,0D,10,83,B6,09,20,70,00,
901000,00000625,false,Rx,0,8,25,00,59,86,01,54,5C,06,
932000,000002C4,false,Rx,0,8,09,00,00,00,0A,03,00,00,
932000,000002C5,false,Rx,0,8,00,00,00,00,00,00,00,00,
932000,000002C6,false,Rx,0,8,32,00,7C,01,00,00,00,00,
951000,0000060D,false,Rx,0,8,0D,10,83,B6,09,20,70,00,
960000,00000054,false,Rx,0,8,01,05,EF,00,0A,03,00,00,
961000,00000055,false,Rx,0,8,10,27,00,00,00,00,00,00,
961000,00000056,false,Rx,0,8,10,27,00,00,00,00,00,00,
961000,00000057,false,Rx,0,8,00,00,FE,FF,FE,FF,00,00,
0,00000625,false,Rx,0,8,25,00,59,86,01,54,5C,06,
51000,0000060D,false,Rx,0,8,0D,10,83,B6,09,20,70,00,
100000,00000625,false,Rx,0,8,25,00,59,86,01,54,5C,06,
151000,0000060D,false,Rx,0,8,0D,10,83,B6,09,20,70,00,
152000,000002C4,false,Rx,0,8,09,00,00,00,0A,03,00,00,
0,000002C5,false,Rx,0,8,00,00,00,00,00,00,00,00,
0,000002C6,false,Rx,0,8,32,00,7C,01,00,00,00,00,
161000,00000054,false,Rx,0,8,01,05,EF,00,0A,03,00,00,
161000,00000055,false,Rx,0,8,10,27,00,00,00,00,00,00,
161000,00000056,false,Rx,0,8,10,27,00,00,00,00,00,00,
162000,00000057,false,Rx,0,8,00,00,FE,FF,FE,FF,00,00,
201000,00000625,false,Rx,0,8,25,00,59,86,01,54,5C,06,
250000,0000060D,false,Rx,0,8,0D,10,83,B6,09,20,70,00,
301000,00000625,false,Rx,0,8,25,00,59,86,01,54,5C,06,
351000,0000060D,false,Rx,0,8,0D,10,83,B6,09,20,70,00,
0,00000054,false,Rx,0,8,01,05,EF,00,0A,03,00,00,
0,00000055,false,Rx,0,8,10,27,00,00,00,00,00,00,
0,00000056,false,Rx,0,8,10,27,00,00,00,00,00,00,
361000,00000057,false,Rx,0,8,00,00,FE,FF,FE,FF,00,00,
372000,000002C4,false,Rx,0,8,09,00,00,00,0A,03,00,00,
372000,000002C5,false,Rx,0,8,00,00,00,00,00,00,00,00,
373000,000002C6,false,Rx,0,8,32,00,7C,01,00,00,00,00,
401000,00000625,false,Rx,0,8,25,00,59,86,01,54,5C,06,
450000,0000060D,false,Rx,0,8,0D,10,83,B6,09,20,70,00,
500000,00000625,false,Rx,0,8,25,00,59,86,01,54,5C,06,
550000,0000060D,false,Rx,0,8,0D,10,83,B6,09,20,70,00,
561000,00000054,false,Rx,0,8,01,05,EF,00,0A,03,00,00,
561000,00000055,false,Rx,0,8,10,27,00,00,00,00,00,00,
561000,00000056,false,Rx,0,8,10,27,00,00,00,00,00,00,
561000,00000057,false,Rx,0,8,00,00,FE,FF,FE,FF,00,00,
592000,000002C4,false,Rx,0,8,09,00,00,00,0A,03,00,00,
592000,000002C5,false,Rx,0,8,00,00,00,00,00,00,00,00,
592000,000002C6,false,Rx,0,8,32,00,7C,01,00,00,00,00,
601000,00000625,false,Rx,0,8,25,00,59,86,01,54,5C,06,
651000,0000060D,false,Rx,0,8,0D,10,83,B6,09,20,70,00,
701000,00000625,false,Rx,0,8,25,00,59,86,01,54,5C,06,
751000,0000060D,false,Rx,0,8,0D,10,83,B6,09,20,70,00,
760000,00000054,false,Rx,0,8,01,05,EF,00,0A,03,00,00,
760000,00000055,false,Rx,0,8,10,27,00,00,00,00,00,00,
760000,00000056,false,Rx,0,8,10,27,00,00,00,00,00,00,
761000,00000057,false,Rx,0,8,00,00,FE,FF,FE,FF,00,00,
801000,00000625,false,Rx,0,8,25,00,59,86,01,54,5C,06,
0,000002C4,false,Rx,0,8,09,00,00,00,0A,03,00,00,
0,000002C5,false,Rx,0,8,00,00,00,00,00,00,00,00,
812000,000002C6,false,Rx,0,8,32,00,7C,01,00,00,00,00,
851000,0000060D,false,Rx,0,8,0D,10,83,B6,09,20,70,00,
901000,00000625,false,Rx,0,8,25,00,59,86,01,54,5C,06,
950000,0000060D,false,Rx,0,8,0D,10,83,B6,09,20,70,00,
960000,00000054,false,Rx,0,8,01,05,EF,00,0A,03,00,00,
961000,00000055,false,Rx,0,8,10,27,00,00,00,00,00,00,
961000,00000056,false,Rx,0,8,10,27,00,00,00,00,00,00,
961000,00000057,false,Rx,0,8,00,00,FE,FF,FE,FF,00,00,
1000,00000625,false,Rx,0,8,25,00,59,86,01,54,5C,06,
0,000002C4,false,Rx,0,8,09,00,00,00,0A,03,00,00,
0,000002C5,false,Rx,0,8,00,00,00,00,00,00,00,00,
32000,000002C6,false,Rx,0,8,32,00,7C,01,00,00,00,00,
50000,0000060D,false,Rx,0,8,0D,10,83,B6,09,20,70,00,
101000,00000625,false,Rx,0,8,25,00,59,86,01,54,5C,06,
151000,0000060D,false,Rx,0,8,0D,10,83,B6,09,20,70,00,
161000,00000054,false,Rx,0,8,01,05,EF,00,0A,03,00,00,
161000,00000055,false,Rx,0,8,10,27,00,00,00,00,00,00,
161000,00000056,false,Rx,0,8,10,27,00,00,00,00,00,00,
162000,00000057,false,Rx,0,8,00,00,FE,FF,FE,FF,00,00,
201000,00000625,false,Rx,0,8,25,00,59,86,01,54,5C,06,
250000,0000060D,false,Rx,0,8,0D,10,83,B6,09,20,70,00,
252000,000002C4,false,Rx,0,8,09,00,00,00,0A,03,00,00,
252000,000002C5,false,Rx,0,8,00,00,00,00,00,00,00,00,
252000,000002C6,false,Rx,0,8,32,00,7C,01,00,00,00,00,
300000,00000625,false,Rx,0,8,25,00,59,86,01,54,5C,06,
351000,0000060D,false,Rx,0,8,0D,10,83,B6,09,20,70,00,
0,00000054,false,Rx,0,8,01,05,EF,00,0A,03,00,00,
0,00000055,false,Rx,0,8,10,27,00,00,00,00,00,00,
361000,00000056,false,Rx,0,8,10,27,00,00,00,00,00,00,
362000,00000057,false,Rx,0,8,00,00,FE,FF,FE,FF,00,00,
401000,00000625,false,Rx,0,8,25,00,59,86,01,54,5C,06,
451000,0000060D,false,Rx,0,8,0D,10,83,B6,09,20,70,00,
471000,000002C4,false,Rx,0,8,09,00,00,00,0A,03,00,00,
472000,000002C5,false,Rx,0,8,00,00,00,00,00,00,00,00,
472000,000002C6,false,Rx,0,8,32,00,7C,01,00,00,00,00,
501000,00000625,false,Rx,0,8,25,00,59,86,01,54,5C,06,
551000,0000060D,false,Rx,0,8,0D,10,83,B6,09,20,70,00,
560000,00000054,false,Rx,0,8,01,05,EF,00,0A,03,00,00,
560000,00000055,false,Rx,0,8,10,27,00,00,00,00,00,00,
0,00000056,false,Rx,0,8,10,27,00,00,00,00,00,00,
0,00000057,false,Rx,0,8,00,00,FE,FF,FE,FF,00,00,
601000,00000625,false,Rx,0,8,25,00,59,86,01,54,5C,06,
651000,0000060D,false,Rx,0,8,0D,10,83,B6,09,20,70,00,
692000,000002C4,false,Rx,0,8,09,00,00,00,0A,03,00,00,
692000,000002C5,false,Rx,0,8,00,00,00,00,00,00,00,00,
693000,000002C6,false,Rx,0,8,32,00,7C,01,00,00,00,00,
701000,00000625,false,Rx,0,8,25,00,59,86,01,54,5C,06,
750000,0000060D,false,Rx,0,8,0D,10,83,B6,09,20,70,00,
761000,00000054,false,Rx,0,8,01,05,EF,00,0A,03,00,00,
761000,00000055,false,Rx,0,8,10,27,00,00,00,00,00,00,
761000,00000056,false,Rx,0,8,10,27,00,00,00,00,00,00,
761000,00000057,false,Rx,0,8,00,00,FE,FF,FE,FF,00,00,
800000,00000625,false,Rx,0,8,25,00,59,86,01,54,5C,06,
851000,0000060D,false,Rx,0,8,0D,10,83,B6,09,20,70,00,
901000,00000625,false,Rx,0,8,25,00,59,86,01,54,5C,06,
912000,000002C4,false,Rx,0,8,09,00,00,00,0A,03,00,00,
912000,000002C5,false,Rx,0,8,00,00,00,00,00,00,00,00,
912000,000002C6,false,Rx,0,8,32,00,7C,01,00,00,00,00,
951000,0000060D,false,Rx,0,8,0D,10,83,B6,09,20,70,00,
960000,00000054,false,Rx,0,8,01,05,EF,00,0A,03,00,00,
961000,00000055,false,Rx,0,8,10,27,00,00,00,00,00,00,
961000,00000056,false,Rx,0,8,10,27,00,00,00,00,00,00,
961000,00000057,false,Rx,0,8,00,00,FE,FF,FE,FF,00,00,
0,00000625,false,Rx,0,8,25,00,59,86,01,54,5C,06,
51000,0000060D,false,Rx,0,8,0D,10,83,B6,09,20,70,00,
101000,00000625,false,Rx,0,8,25,00,59,86,01,54,5C,06,
132000,000002C4,false,Rx,0,8,09,00,00,00,0A,03,00,00,
132000,000002C5,false,Rx,0,8,00,00,00,00,00,00,00,00,
132000,000002C6,false,Rx,0,8,32,00,7C,01,00,00,00,00,
150000,0000060D,false,Rx,0,8,0D,10,83,B6,09,20,70,00,
161000,00000054,false,Rx,0,8,01,05,EF,00,0A,03,00,00,
161000,00000055,false,Rx,0,8,10,27,00,00,00,00,00,00,
161000,00000056,false,Rx,0,8,10,27,00,00,00,00,00,00,
162000,00000057,false,Rx,0,8,00,00,FE,FF,FE,FF,00,00,
201000,00000625,false,Rx,0,8,25,00,59,86,01,54,5C,06,
251000,0000060D,false,Rx,0,8,0D,10,83,B6,09,20,70,00,
301000,00000625,false,Rx,0,8,25,00,59,86,01,54,5C,06,
351000,0000060D,false,Rx,0,8,0D,10,83,B6,09,20,70,00,
352000,000002C4,false,Rx,0,8,09,00,00,00,0A,03,00,00,
352000,000002C5,false,Rx,0,8,00,00,00,00,00,00,00,00,
352000,000002C6,false,Rx,0,8,32,00,7C,01,00,00,00,00,
360000,00000054,false,Rx,0,8,01,05,EF,00,0A,03,00,00,
360000,00000055,false,Rx,0,8,10,27,00,00,00,00,00,00,
361000,00000056,false,Rx,0,8,10,27,00,00,00,00,00,00,
361000,00000057,false,Rx,0,8,00,00,FE,FF,FE,FF,00,00,
401000,00000625,false,Rx,0,8,25,00,59,86,01,54,5C,06,
451000,0000060D,false,Rx,0,8,0D,10,83,B6,09,20,70,00,
500000,00000625,false,Rx,0,8,25,00,59,86,01,54,5C,06,
551000,0000060D,false,Rx,0,8,0D,10,83,B6,09,20,70,00,
561000,00000054,false,Rx,0,8,01,05,EF,00,0A,03,00,00,
0,00000055,false,Rx,0,8,10,27,00,00,00,00,00,00,
0,00000056,false,Rx,0,8,10,27,00,00,00,00,00,00,
561000,00000057,false,Rx,0,8,00,00,FE,FF,FE,FF,00,00,
572000,000002C4,false,Rx,0,8,09,00,00,00,0A,03,00,00,
0,000002C5,false,Rx,0,8,00,00,00,00,00,00,00,00,
0,000002C6,false,Rx,0,8,32,00,7C,01,00,00,00,00,
601000,00000625,false,Rx,0,8,25,00,59,86,01,54,5C,06,
651000,0000060D,false,Rx,0,8,0D,10,83,B6,09,20,70,00,
701000,00000625,false,Rx,0,8,25,00,59,86,01,54,5C,06,
750000,0000060D,false,Rx,0,8,0D,10,83,B6,09,20,70,00,
761000,00000054,false,Rx,0,8,01,05,EF,00,0A,03,00,00,
0,00000055,false,Rx,0,8,10,27,00,00,00,00,00,00,
0,00000056,false,Rx,0,8,10,27,00,00,00,00,00,00,
762000,00000057,false,Rx,0,8,00,00,FE,FF,FE,FF,00,00,
792000,000002C4,false,Rx,0,8,09,00,00,00,0A,03,00,00,
792000,000002C5,false,Rx,0,8,00,00,00,00,00,00,00,00,
792000,000002C6,false,Rx,0,8,32,00,7C,01,00,00,00,00,
801000,00000625,false,Rx,0,8,25,00,59,86,01,54,5C,06,
851000,0000060D,false,Rx,0,8,0D,10,83,B6,09,20,70,00,
901000,00000625,false,Rx,0,8,25,00,59,86,01,54,5C,06,
951000,0000060D,false,Rx,0,8,0D,10,83,B6,09,20,70,00,
0,00000054,false,Rx,0,8,01,05,EF,00,0A,03,00,00,
0,00000055,false,Rx,0,8,10,27,00,00,00,00,00,00,
0,00000056,false,Rx,0,8,10,27,00,00,00,00,00,00,
962000,00000057,false,Rx,0,8,00,00,FE,FF,FE,FF,00,00,
1000,00000625,false,Rx,0,8,25,00,59,86,01,54,5C,06,
12000,000002C4,false,Rx,0,8,09,00,00,00,0A,03,00,00,
12000,000002C5,false,Rx,0,8,00,00,00,00,00,00,00,00,
12000,000002C6,false,Rx,0,8,32,00,7C,01,00,00,00,00,
50000,0000060D,false,Rx,0,8,0D,10,83,B6,09,20,70,00,
101000,00000625,false,Rx,0,8,25,00,59,86,01,54,5C,06,
151000,0000060D,false,Rx,0,8,0D,10,83,B6,09,20,70,00,
161000,00000054,false,Rx,0,8,01,05,EF,00,0A,03,00,00,
161000,00000055,false,Rx,0,8,10,27,00,00,00,00,00,00,
161000,00000056,false,Rx,0,8,10,27,00,00,00,00,00,00,
162000,00000057,false,Rx,0,8,00,00,FE,FF,FE,FF,00,00,
201000,00000625,false,Rx,0,8,25,00,59,86,01,54,5C,06,
232000,000002C4,false,Rx,0,8,09,00,00,00,0A,03,00,00,
232000,000002C5,false,Rx,0,8,00,00,00,00,00,00,00,00,
233000,000002C6,false,Rx,0,8,32,00,7C,01,00,00,00,00,
250000,0000060D,false,Rx,0,8,0D,10,83,B6,09,20,70,00,
301000,00000625,false,Rx,0,8,25,00,59,86,01,54,5C,06,
350000,0000060D,false,Rx,0,8,0D,10,83,B6,09,20,70,00,
360000,00000054,false,Rx,0,8,01,05,EF,00,0A,03,00,00,
361000,00000055,false,Rx,0,8,10,27,00,00,00,00,00,00,
361000,00000056,false,Rx,0,8,10,27,00,00,00,00,00,00,
361000,00000057,false,Rx,0,8,00,00,FE,FF,FE,FF,00,00,
401000,00000625,false,Rx,0,8,25,00,59,86,01,54,5C,06,
451000,0000060D,false,Rx,0,8,0D,10,83,B6,09,20,70,00,
452000,000002C4,false,Rx,0,8,09,00,00,00,0A,03,00,00,
0,000002C5,false,Rx,0,8,00,00,00,00,00,00,00,00,
0,000002C6,false,Rx,0,8,32,00,7C,01,00,00,00,00,
501000,00000625,false,Rx,0,8,25,00,59,86,01,54,5C,06,
551000,0000060D,false,Rx,0,8,0D,10,83,B6,09,20,70,00,
561000,00000054,false,Rx,0,8,01,05,EF,00,0A,03,00,00,
561000,00000055,false,Rx,0,8,10,27,00,00,00,00,00,00,
561000,00000056,false,Rx,0,8,10,27,00,00,00,00,00,00,
562000,00000057,false,Rx,0,8,00,00,FE,FF,FE,FF,00,00,
601000,00000625,false,Rx,0,8,25,00,59,86,01,54,5C,06,
650000,0000060D,false,Rx,0,8,0D,10,83,B6,09,20,70,00,
672000,000002C4,false,Rx,0,8,09,00,00,00,0A,03,00,00,
673000,000002C5,false,Rx,0,8,00,00,00,00,00,00,00,00,
673000,000002C6,false,Rx,0,8,32,00,7C,01,00,00,00,00,
701000,00000625,false,Rx,0,8,25,00,59,86,01,54,5C,06,
750000,0000060D,false,Rx,0,8,0D,10,83,B6,09,20,70,00,
0,00000054,false,Rx,0,8,01,05,EF,00,0A,03,00,00,
0,00000055,false,Rx,0,8,10,27,00,00,00,00,00,00,
0,00000056,false,Rx,0,8,10,27,00,00,00,00,00,00,
0,00000057,false,Rx,0,8,00,00,FE,FF,FE,FF,00,00,
801000,00000625,false,Rx,0,8,25,00,59,86,01,54,5C,06,
851000,0000060D,false,Rx,0,8,0D,10,83,B6,09,20,70,00,
892000,000002C4,false,Rx,0,8,09,00,00,00,0A,03,00,00,
892000,000002C5,false,Rx,0,8,00,00,00,00,00,00,00,00,
892000,000002C6,false,Rx,0,8,32,00,7C,01,00,00,00,00,
901000,00000625,false,Rx,0,8,25,00,59,86,01,54,5C,06,
951000,0000060D,false,Rx,0,8,0D,10,83,B6,09,20,70,00,
960000,00000054,false,Rx,0,8,01,05,EF,00,0A,03,00,00,
960000,00000055,false,Rx,0,8,10,27,00,00,00,00,00,00,
960000,00000056,false,Rx,0,8,10,27,00,00,00,00,00,00,
961000,00000057,false,Rx,0,8,00,00,FE,FF,FE,FF,00,00,
1000,00000625,false,Rx,0,8,25,00,59,86,01,54,5C,06,
51000,0000060D,false,Rx,0,8,0D,10,83,B6,09,20,70,00,
100000,00000625,false,Rx,0,8,25,00,59,86,01,54,5C,06,
112000,000002C4,false,Rx,0,8,09,00,00,00,0A,03,00,00,
112000,000002C5,false,Rx,0,8,00,00,00,00,00,00,00,00,
112000,000002C6,false,Rx,0,8,32,00,7C,01,00,00,00,00,
150000,0000060D,false,Rx,0,8,0D,10,83,B6,09,20,70,00,
161000,00000054,false,Rx,0,8,01,05,EF,00,0A,03,00,00,
161000,00000055,false,Rx,0,8,10,27,00,00,00,00,00,00,
161000,00000056,false,Rx,0,8,10,27,00,00,00,00,00,00,
161000,00000057,false,Rx,0,8,00,00,FE,FF,FE,FF,00,00,
201000,00000625,false,Rx,0,8,25,00,59,86,01,54,5C,06,
250000,0000060D,false,Rx,0,8,0D,10,83,B6,09,20,70,00,
301000,00000625,false,Rx,0,8,25,00,59,86,01,54,5C,06,
0,000002C4,false,Rx,0,8,09,00,00,00,0A,03,00,00,
0,000002C5,false,Rx,0,8,00,00,00,00,00,00,00,00,
332000,000002C6,false,Rx,0,8,32,00,7C,01,00,00,00,00,
350000,0000060D,false,Rx,0,8,0D,10,83,B6,09,20,70,00,
0,00000054,false,Rx,0,8,01,05,EF,00,0A,03,00,00,
0,00000055,false,Rx,0,8,10,27,00,00,00,00,00,00,
0,00000056,false,Rx,0,8,10,27,00,00,00,00,00,00,
361000,00000057,false,Rx,0,8,00,00,FE,FF,FE,FF,00,00,
401000,00000625,false,Rx,0,8,25,00,59,86,01,54,5C,06,
451000,0000060D,false,Rx,0,8,0D,10,83,B6,09,20,70,00,
501000,00000625,false,Rx,0,8,25,00,59,86,01,54,5C,06,
550000,0000060D,false,Rx,0,8,0D,10,83,B6,09,20,70,00,
552000,000002C4,false,Rx,0,8,09,00,00,00,0A,03,00,00,
552000,000002C5,false,Rx,0,8,00,00,00,00,00,00,00,00,
552000,000002C6,false,Rx,0,8,32,00,7C,01,00,00,00,00,
561000,00000054,false,Rx,0,8,01,05,EF,00,0A,03,00,00,
561000,00000055,false,Rx,0,8,10,27,00,00,00,00,00,00,
561000,00000056,false,Rx,0,8,10,27,00,00,00,00,00,00,
561000,00000057,false,Rx,0,8,00,00,FE,FF,FE,FF,00,00,
601000,00000625,false,Rx,0,8,25,00,59,86,01,54,5C,06,
650000,0000060D,false,Rx,0,8,0D,10,83,B6,09,20,70,00,
701000,00000625,false,Rx,0,8,25,00,59,86,01,54,5C,06,
750000,0000060D,false,Rx,0,8,0D,10,83,B6,09,20,70,00,
761000,00000054,false,Rx,0,8,01,05,EF,00,0A,03,00,00,
761000,00000055,false,Rx,0,8,10,27,00,00,00,00,00,00,
0,00000056,false,Rx,0,8,10,27,00,00,00,00,00,00,
0,00000057,false,Rx,0,8,00,00,FE,FF,FE,FF,00,00,
772000,000002C4,false,Rx,0,8,09,00,00,00,0A,03,00,00,
772000,000002C5,false,Rx,0,8,00,00,00,00,00,00,00,00,
773000,000002C6,false,Rx,0,8,32,00,7C,01,00,00,00,00,
801000,00000625,false,Rx,0,8,25,00,59,86,01,54,5C,06,
850000,0000060D,false,Rx,0,8,0D,10,83,B6,09,20,70,00,
901000,00000625,false,Rx,0,8,25,00,59,86,01,54,5C,06,
951000,0000060D,false,Rx,0,8,0D,10,83,B6,09,20,70,00,
961000,00000054,false,Rx,0,8,01,05,EF,00,0A,03,00,00,
961000,00000055,false,Rx,0,8,10,27,00,00,00,00,00,00,
961000,00000056,false,Rx,0,8,10,27,00,00,00,00,00,00,
962000,00000057,false,Rx,0,8,00,00,FE,FF,FE,FF,00,00,
992000,000002C4,false,Rx,0,8,09,00,00,00,0A,03,00,00,
993000,000002C5,false,Rx,0,8,00,00,00,00,00,00,00,00,
993000,000002C6,false,Rx,0,8,32,00,7C,01,00,00,00,00,
1000,00000625,false,Rx,0,8,25,00,59,86,01,54,5C,06,
50000,0000060D,false,Rx,0,8,0D,10,83,B6,09,20,70,00,
101000,00000625,false,Rx,0,8,25,00,59,86,01,54,5C,06,
151000,0000060D,false,Rx,0,8,0D,10,83,B6,09,20,70,00,
160000,00000054,false,Rx,0,8,01,05,EF,00,0A,03,00,00,
161000,00000055,false,Rx,0,8,10,27,00,00,00,00,00,00,
161000,00000056,false,Rx,0,8,10,27,00,00,00,00,00,00,
161000,00000057,false,Rx,0,8,00,00,FE,FF,FE,FF,00,00,
200000,00000625,false,Rx,0,8,25,00,59,86,01,54,5C,06,
212000,000002C4,false,Rx,0,8,09,00,00,00,0A,03,00,00,
212000,000002C5,false,Rx,0,8,00,00,00,00,00,00,00,00,
213000,000002C6,false,Rx,0,8,32,00,7C,01,00,00,00,00,
251000,0000060D,false,Rx,0,8,0D,10,83,B6,09,20,70,00,
300000,00000625,false,Rx,0,8,25,00,59,86,01,54,5C,06,
351000,0000060D,false,Rx,0,8,0D,10,83,B6,09,20,70,00,
0,00000054,false,Rx,0,8,01,05,EF,00,0A,03,00,00,
0,00000055,false,Rx,0,8,10,27,00,00,00,00,00,00,
0,00000056,false,Rx,0,8,10,27,00,00,00,00,00,00,
0,00000057,false,Rx,0,8,00,00,FE,FF,FE,FF,00,00,
400000,00000625,false,Rx,0,8,25,00,59,86,01,54,5C,06,
432000,000002C4,false,Rx,0,8,09,00,00,00,0A,03,00,00,
432000,000002C5,false,Rx,0,8,00,00,00,00,00,00,00,00,
433000,000002C6,false,Rx,0,8,32,00,7C,01,00,00,00,00,
451000,0000060D,false,Rx,0,8,0D,10,83,B6,09,20,70,00,
501000,00000625,false,Rx,0,8,25,00,59,86,01,54,5C,06,
551000,0000060D,false,Rx,0,8,0D,10,83,B6,09,20,70,00,
560000,00000054,false,Rx,0,8,01,05,EF,00,0A,03,00,00,
561000,00000055,false,Rx,0,8,10,27,00,00,00,00,00,00,
561000,00000056,false,Rx,0,8,10,27,00,00,00,00,00,00,
561000,00000057,false,Rx,0,8,00,00,FE,FF,FE,FF,00,00,
601000,00000625,false,Rx,0,8,25,00,59,86,01,54,5C,06,
651000,0000060D,false,Rx,0,8,0D,10,83,B6,09,20,70,00,
652000,000002C4,false,Rx,0,8,09,00,00,00,0A,03,00,00,
652000,000002C5,false,Rx,0,8,00,00,00,00,00,00,00,00,
652000,000002C6,false,Rx,0,8,32,00,7C,01,00,00,00,00,
701000,00000625,false,Rx,0,8,25,00,59,86,01,54,5C,06,
751000,0000060D,false,Rx,0,8,0D,10,83,B6,09,20,70,00,
761000,00000054,false,Rx,0,8,01,05,EF,00,0A,03,00,00,
761000,00000055,false,Rx,0,8,10,27,00,00,00,00,00,00,
761000,00000056,false,Rx,0,8,10,27,00,00,00,00,00,00,
761000,00000057,false,Rx,0,8,00,00,FE,FF,FE,FF,00,00,
801000,00000625,false,Rx,0,8,25,00,59,86,01,54,5C,06,
851000,0000060D,false,Rx,0,8,0D,10,83,B6,09,20,70,00,
872000,000002C4,false,Rx,0,8,09,00,00,00,0A,03,00,00,
872000,000002C5,false,Rx,0,8,00,00,00,00,00,00,00,00,
873000,000002C6,false,Rx,0,8,32,00,7C,01,00,00,00,00,
901000,00000625,false,Rx,0,8,25,00,59,86,01,54,5C,06,
950000,0000060D,false,Rx,0,8,0D,10,83,B6,09,20,70,00,
961000,00000054,false,Rx,0,8,01,05,EF,00,0A,03,00,00,
961000,00000055,false,Rx,0,8,10,27,00,00,00,00,00,00,
961000,00000056,false,Rx,0,8,10,27,00,00,00,00,00,00,
962000,00000057,false,Rx,0,8,00,00,FE,FF,FE,FF,00,00,
1000,00000625,false,Rx,0,8,25,00,59,86,01,54,5C,06,
51000,0000060D,false,Rx,0,8,0D,10,83,B6,09,20,70,00,
92000,000002C4,false,Rx,0,8,09,00,00,00,0A,03,00,00,
92000,000002C5,false,Rx,0,8,00,00,00,00,00,00,00,00,
92000,000002C6,false,Rx,0,8,32,00,7C,01,00,00,00,00,
101000,00000625,false,Rx,0,8,25,00,59,86,01,54,5C,06,
150000,0000060D,false,Rx,0,8,0D,10,83,B6,09,20,70,00,
160000,00000054,false,Rx,0,8,01,05,EF,00,0A,03,00,00,
160000,00000055,false,Rx,0,8,10,27,00,00,00,00,00,00,
161000,00000056,false,Rx,0,8,10,27,00,00,00,00,00,00,
161000,00000057,false,Rx,0,8,00,00,FE,FF,FE,FF,00,00,
201000,00000625,false,Rx,0,8,25,00,59,86,01,54,5C,06,
251000,0000060D,false,Rx,0,8,0D,10,83,B6,09,20,70,00,
301000,00000625,false,Rx,0,8,25,00,59,86,01,54,5C,06,
0,000002C4,false,Rx,0,8,09,00,00,00,0A,03,00,00,
0,000002C5,false,Rx,0,8,00,00,00,00,00,00,00,00,
312000,000002C6,false,Rx,0,8,32,00,7C,01,00,00,00,00,
351000,0000060D,false,Rx,0,8,0D,10,83,B6,09,20,70,00,
361000,00000054,false,Rx,0,8,01,05,EF,00,0A,03,00,00,
361000,00000055,false,Rx,0,8,10,27,00,00,00,00,00,00,
361000,00000056,false,Rx,0,8,10,27,00,00,00,00,00,00,
362000,00000057,false,Rx,0,8,00,00,FE,FF,FE,FF,00,00,
401000,00000625,false,Rx,0,8,25,00,59,86,01,54,5C,06,
451000,0000060D,false,Rx,0,8,0D,10,83,B6,09,20,70,00,
500000,00000625,false,Rx,0,8,25,00,59,86,01,54,5C,06,
532000,000002C4,false,Rx,0,8,09,00,00,00,0A,03,00,00,
532000,000002C5,false,Rx,0,8,00,00,00,00,00,00,00,00,
532000,000002C6,false,Rx,0,8,32,00,7C,01,00,00,00,00,
551000,0000060D,false,Rx,0,8,0D,10,83,B6,09,20,70,00,
560000,00000054,false,Rx,0,8,01,05,EF,00,0A,03,00,00,
561000,00000055,false,Rx,0,8,10,27,00,00,00,00,00,00,
561000,00000056,false,Rx,0,8,10,27,00,00,00,00,00,00,
561000,00000057,false,Rx,0,8,00,00,FE,FF,FE,FF,00,00,
601000,00000625,false,Rx,0,8,25,00,59,86,01,54,5C,06,
651000,0000060D,false,Rx,0,8,0D,10,83,B6,09,20,70,00,
700000,00000625,false,Rx,0,8,25,00,59,86,01,54,5C,06,
751000,0000060D,false,Rx,0,8,0D,10,83,B6,09,20,70,00,
752000,000002C4,false,Rx,0,8,09,00,00,00,0A,03,00,00,
752000,000002C5,false,Rx,0,8,00,00,00,00,00,00,00,00,
752000,000002C6,false,Rx,0,8,32,00,7C,01,00,00,00,00,
760000,00000054,false,Rx,0,8,01,05,EF,00,0A,03,00,00,
760000,00000055,false,Rx,0,8,10,27,00,00,00,00,00,00,
761000,00000056,false,Rx,0,8,10,27,00,00,00,00,00,00,
761000,00000057,false,Rx,0,8,00,00,FE,FF,FE,FF,00,00,
800000,00000625,false,Rx,0,8,25,00,59,86,01,54,5C,06,
851000,0000060D,false,Rx,0,8,0D,10,83,B6,09,20,70,00,
900000,00000625,false,Rx,0,8,25,00,59,86,01,54,5C,06,
951000,0000060D,false,Rx,0,8,0D,10,83,B6,09,20,70,00,
960000,00000054,false,Rx,0,8,01,05,EF,00,0A,03,00,00,
961000,00000055,false,Rx,0,8,10,27,00,00,00,00,00,00,
961000,00000056,false,Rx,0,8,10,27,00,00,00,00,00,00,
961000,00000057,false,Rx,0,8,00,00,FE,FF,FE,FF,00,00,
972000,000002C4,false,Rx,0,8,09,00,00,00,0A,03,00,00,
972000,000002C5,false,Rx,0,8,00,00,00,00,00,00,00,00,
973000,000002C6,false,Rx,0,8,32,00,7C,01,00,00,00,00,
1000,00000625,false,Rx,0,8,25,00,59,86,01,54,5C,06,
50000,0000060D,false,Rx,0,8,0D,10,83,B6,09,20,70,00,
101000,00000625,false,Rx,0,8,25,00,59,86,01,54,5C,06,
151000,0000060D,false,Rx,0,8,0D,10,83,B6,09,20,70,00,
160000,00000054,false,Rx,0,8,01,05,EF,00,0A,03,00,00,
161000,00000055,false,Rx,0,8,10,27,00,00,00,00,00,00,
0,00000056,false,Rx,0,8,10,27,00,00,00,00,00,00,
0,00000057,false,Rx,0,8,00,00,FE,FF,FE,FF,00,00,
192000,000002C4,false,Rx,0,8,09,00,00,00,0A,03,00,00,
192000,000002C5,false,Rx,0,8,00,00,00,00,00,00,00,00,
193000,000002C6,false,Rx,0,8,32,00,7C,01,00,00,00,00,
200000,00000625,false,Rx,0,8,25,00,59,86,01,54,5C,06,
250000,0000060D,false,Rx,0,8,0D,10,83,B6,09,20,70,00,
301000,00000625,false,Rx,0,8,25,00,59,86,01,54,5C,06,
351000,0000060D,false,Rx,0,8,0D,10,83,B6,09,20,70,00,
361000,00000054,false,Rx,0,8,01,05,EF,00,0A,03,00,00,
361000,00000055,false,Rx,0,8,10,27,00,00,00,00,00,00,
361000,00000056,false,Rx,0,8,10,27,00,00,00,00,00,00,
362000,00000057,false,Rx,0,8,00,00,FE,FF,FE,FF,00,00,
401000,00000625,false,Rx,0,8,25,00,59,86,01,54,5C,06,
412000,000002C4,false,Rx,0,8,09,00,00,00,0A,03,00,00,
412000,000002C5,false,Rx,0,8,00,00,00,00,00,00,00,00,
414000,000002C6,false,Rx,0,8,32,00,7C,01,00,00,00,00,
451000,0000060D,false,Rx,0,8,0D,10,83,B6,09,20,70,00,
501000,00000625,false,Rx,0,8,25,00,59,86,01,54,5C,06,
551000,0000060D,false,Rx,0,8,0D,10,83,B6,09,20,70,00,
561000,00000054,false,Rx,0,8,01,05,EF,00,0A,03,00,00,
561000,00000055,false,Rx,0,8,10,27,00,00,00,00,00,00,
561000,00000056,false,Rx,0,8,10,27,00,00,00,00,00,00,
562000,00000057,false,Rx,0,8,00,00,FE,FF,FE,FF,00,00,
601000,00000625,false,Rx,0,8,25,00,59,86,01,54,5C,06,
632000,000002C4,false,Rx,0,8,09,00,00,00,0A,03,00,00,
632000,000002C5,false,Rx,0,8,00,00,00,00,00,00,00,00,
633000,000002C6,false,Rx,0,8,32,00,7C,01,00,00,00,00,
651000,0000060D,false,Rx,0,8,0D,10,83,B6,09,20,70,00,
701000,00000625,false,Rx,0,8,25,00,59,86,01,54,5C,06,
751000,0000060D,false,Rx,0,8,0D,10,83,B6,09,20,70,00,
760000,00000054,false,Rx,0,8,01,05,EF,00,0A,03,00,00,
760000,00000055,false,Rx,0,8,10,27,00,00,00,00,00,00,
761000,00000056,false,Rx,0,8,10,27,00,00,00,00,00,00,
761000,00000057,false,Rx,0,8,00,00,FE,FF,FE,FF,00,00,
802000,00000625,false,Rx,0,8,25,00,59,86,01,54,5C,06,
851000,0000060D,false,Rx,0,8,0D,10,83,B6,09,20,70,00,
852000,000002C4,false,Rx,0,8,09,00,00,00,0A,03,00,00,
852000,000002C5,false,Rx,0,8,00,00,00,00,00,00,00,00,
852000,000002C6,false,Rx,0,8,32,00,7C,01,00,00,00,00,
901000,00000625,false,Rx,0,8,25,00,59,86,01,54,5C,06,
951000,0000060D,false,Rx,0,8,0D,10,83,B6,09,20,70,00,
961000,00000054,false,Rx,0,8,01,05,EF,00,0A,03,00,00,
961000,00000055,false,Rx,0,8,10,27,00,00,00,00,00,00,
961000,00000056,false,Rx,0,8,10,27,00,00,00,00,00,00,
961000,00000057,false,Rx,0,8,00,00,FE,FF,FE,FF,00,00,
1000,00000625,false,Rx,0,8,25,00,59,86,01,54,5C,06,
51000,0000060D,false,Rx,0,8,0D,10,83,B6,09,20,70,00,
72000,000002C4,false,Rx,0,8,09,00,00,00,0A,03,00,00,
72000,000002C5,false,Rx,0,8,00,00,00,00,00,00,00,00,
72000,000002C6,false,Rx,0,8,32,00,7C,01,00,00,00,00,
100000,00000625,false,Rx,0,8,25,00,59,86,01,54,5C,06,
151000,0000060D,false,Rx,0,8,0D,10,83,B6,09,20,70,00,
160000,00000054,false,Rx,0,8,01,05,EF,00,0A,03,00,00,
160000,00000055,false,Rx,0,8,10,27,00,00,00,00,00,00,
161000,00000056,false,Rx,0,8,10,27,00,00,00,00,00,00,
161000,00000057,false,Rx,0,8,00,00,FE,FF,FE,FF,00,00,
201000,00000625,false,Rx,0,8,25,00,59,86,01,54,5C,06,
251000,0000060D,false,Rx,0,8,0D,10,83,B6,09,20,70,00,
292000,000002C4,false,Rx,0,8,09,00,00,00,0A,03,00,00,
292000,000002C5,false,Rx,0,8,00,00,00,00,00,00,00,00,
293000,000002C6,false,Rx,0,8,32,00,7C,01,00,00,00,00,
301000,00000625,false,Rx,0,8,25,00,59,86,01,54,5C,06,
351000,0000060D,false,Rx,0,8,0D,10,83,B6,09,20,70,00,
360000,00000054,false,Rx,0,8,01,05,EF,00,0A,03,00,00,
360000,00000055,false,Rx,0,8,10,27,00,00,00,00,00,00,
361000,00000056,false,Rx,0,8,10,27,00,00,00,00,00,00,
361000,00000057,false,Rx,0,8,00,00,FE,FF,FE,FF,00,00,
401000,00000625,false,Rx,0,8,25,00,59,86,01,54,5C,06,
451000,0000060D,false,Rx,0,8,0D,10,83,B6,09,20,70,00,
501000,00000625,false,Rx,0,8,25,00,59,86,01,54,5C,06,
512000,000002C4,false,Rx,0,8,09,00,00,00,0A,03,00,00,
512000,000002C5,false,Rx,0,8,00,00,00,00,00,00,00,00,
512000,000002C6,false,Rx,0,8,32,00,7C,01,00,00,00,00,
551000,0000060D,false,Rx,0,8,0D,10,83,B6,09,20,70,00,
560000,00000054,false,Rx,0,8,01,05,EF,00,0A,03,00,00,
560000,00000055,false,Rx,0,8,10,27,00,00,00,00,00,00,
0,00000056,false,Rx,0,8,10,27,00,00,00,00,00,00,
0,00000057,false,Rx,0,8,00,00,FE,FF,FE,FF,00,00,
601000,00000625,false,Rx,0,8,25,00,59,86,01,54,5C,06,
651000,0000060D,false,Rx,0,8,0D,10,83,B6,09,20,70,00,
701000,00000625,false,Rx,0,8,25,00,59,86,01,54,5C,06,
732000,000002C4,false,Rx,0,8,09,00,00,00,0A,03,00,00,
733000,000002C5,false,Rx,0,8,00,00,00,00,00,00,00,00,
734000,000002C6,false,Rx,0,8,32,00,7C,01,00,00,00,00,
751000,0000060D,false,Rx,0,8,0D,10,83,B6,09,20,70,00,
760000,00000054,false,Rx,0,8,01,05,EF,00,0A,03,00,00,
761000,00000055,false,Rx,0,8,10,27,00,00,00,00,00,00,
761000,00000056,false,Rx,0,8,10,27,00,00,00,00,00,00,
762000,00000057,false,Rx,0,8,00,00,FE,FF,FE,FF,00,00,
801000,00000625,false,Rx,0,8,25,00,59,86,01,54,5C,06,
851000,0000060D,false,Rx,0,8,0D,10,83,B6,09,20,70,00,
901000,00000625,false,Rx,0,8,25,00,59,86,01,54,5C,06,
951000,0000060D,false,Rx,0,8,0D,10,83,B6,09,20,70,00,
952000,000002C4,false,Rx,0,8,09,00,00,00,0A,03,00,00,
0,000002C5,false,Rx,0,8,00,00,00,00,00,00,00,00,
0,000002C6,false,Rx,0,8,32,00,7C,01,00,00,00,00,
960000,00000054,false,Rx,0,8,01,05,EF,00,0A,03,00,00,
960000,00000055,false,Rx,0,8,10,27,00,00,00,00,00,00,
961000,00000056,false,Rx,0,8,10,27,00,00,00,00,00,00,
961000,00000057,false,Rx,0,8,00,00,FE,FF,FE,FF,00,00,
0,00000625,false,Rx,0,8,25,00,59,86,01,54,5C,06,
51000,0000060D,false,Rx,0,8,0D,10,83,B6,09,20,70,00,
101000,00000625,false,Rx,0,8,25,00,59,86,01,54,5C,06,
151000,0000060D,false,Rx,0,8,0D,10,83,B6,09,20,70,00,
161000,00000054,false,Rx,0,8,01,05,EF,00,0A,03,00,00,
161000,00000055,false,Rx,0,8,10,27,00,00,00,00,00,00,
161000,00000056,false,Rx,0,8,10,27,00,00,00,00,00,00,
162000,00000057,false,Rx,0,8,00,00,FE,FF,FE,FF,00,00,
0,000002C4,false,Rx,0,8,09,00,00,00,0A,03,00,00,
0,000002C5,false,Rx,0,8,00,00,00,00,00,00,00,00,
172000,000002C6,false,Rx,0,8,32,00,7C,01,00,00,00,00,
201000,00000625,false,Rx,0,8,25,00,59,86,01,54,5C,06,
251000,0000060D,false,Rx,0,8,0D,10,83,B6,09,20,70,00,
300000,00000625,false,Rx,0,8,25,00,59,86,01,54,5C,06,
351000,0000060D,false,Rx,0,8,0D,10,83,B6,09,20,70,00,
361000,00000054,false,Rx,0,8,01,05,EF,00,0A,03,00,00,
361000,00000055,false,Rx,0,8,10,27,00,00,00,00,00,00,
361000,00000056,false,Rx,0,8,10,27,00,00,00,00,00,00,
361000,00000057,false,Rx,0,8,00,00,FE,FF,FE,FF,00,00,
0,000002C4,false,Rx,0,8,09,00,00,00,0A,03,00,00,
0,000002C5,false,Rx,0,8,00,00,00,00,00,00,00,00,
0,000002C6,false,Rx,0,8,32,00,7C,01,00,00,00,00,
401000,00000625,false,Rx,0,8,25,00,59,86,01,54,5C,06,
450000,0000060D,false,Rx,0,8,0D,10,83,B6,09,20,70,00,
501000,00000625,false,Rx,0,8,25,00,59,86,01,54,5C,06,
551000,0000060D,false,Rx,0,8,0D,10,83,B6,09,20,70,00,
560000,00000054,false,Rx,0,8,01,05,EF,00,0A,03,00,00,
560000,00000055,false,Rx,0,8,10,27,00,00,00,00,00,00,
0,00000056,false,Rx,0,8,10,27,00,00,00,00,00,00,
0,00000057,false,Rx,0,8,00,00,FE,FF,FE,FF,00,00,
601000,00000625,false,Rx,0,8,25,00,59,86,01,54,5C,06,
612000,000002C4,false,Rx,0,8,09,00,00,00,0A,03,00,00,
612000,000002C5,false,Rx,0,8,00,00,00,00,00,00,00,00,
612000,000002C6,false,Rx,0,8,32,00,7C,01,00,00,00,00,
651000,0000060D,false,Rx,0,8,0D,10,83,B6,09,20,70,00,
701000,00000625,false,Rx,0,8,25,00,59,86,01,54,5C,06,
751000,0000060D,false,Rx,0,8,0D,10,83,B6,09,20,70,00,
760000,00000054,false,Rx,0,8,01,05,EF,00,0A,03,00,00,
761000,00000055,false,Rx,0,8,10,27,00,00,00,00,00,00,
761000,00000056,false,Rx,0,8,10,27,00,00,00,00,00,00,
761000,00000057,false,Rx,0,8,00,00,FE,FF,FE,FF,00,00,
800000,00000625,false,Rx,0,8,25,00,59,86,01,54,5C,06,
832000,000002C4,false,Rx,0,8,09,00,00,00,0A,03,00,00,
832000,000002C5,false,Rx,0,8,00,00,00,00,00,00,00,00,
832000,000002C6,false,Rx,0,8,32,00,7C,01,00,00,00,00,
851000,0000060D,false,Rx,0,8,0D,10,83,B6,09,20,70,00,
901000,00000625,false,Rx,0,8,25,00,59,86,01,54,5C,06,
951000,0000060D,false,Rx,0,8,0D,10,83,B6,09,20,70,00,
960000,00000054,false,Rx,0,8,01,05,EF,00,0A,03,00,00,
960000,00000055,false,Rx,0,8,10,27,00,00,00,00,00,00,
961000,00000056,false,Rx,0,8,10,27,00,00,00,00,00,00,
961000,00000057,false,Rx,0,8,00,00,FE,FF,FE,FF,00,00,
1000,00000625,false,Rx,0,8,25,00,59,86,01,54,5C,06,
51000,0000060D,false,Rx,0,8,0D,10,83,B6,09,20,70,00,
52000,000002C4,false,Rx,0,8,09,00,00,00,0A,03,00,00,
52000,000002C5,false,Rx,0,8,00,00,00,00,00,00,00,00,
52000,000002C6,false,Rx,0,8,32,00,7C,01,00,00,00,00,
101000,00000625,false,Rx,0,8,25,00,59,86,01,54,5C,06,
150000,0000060D,false,Rx,0,8,0D,10,83,B6,09,20,70,00,
161000,00000054,false,Rx,0,8,01,05,EF,00,0A,03,00,00,
161000,00000055,false,Rx,0,8,10,27,00,00,00,00,00,00,
161000,00000056,false,Rx,0,8,10,27,00,00,00,00,00,00,
162000,00000057,false,Rx,0,8,00,00,FE,FF,FE,FF,00,00,
201000,00000625,false,Rx,0,8,25,00,59,86,01,54,5C,06,
251000,0000060D,false,Rx,0,8,0D,10,83,B6,09,20,70,00,
272000,000002C4,false,Rx,0,8,09,00,00,00,0A,03,00,00,
272000,000002C5,false,Rx,0,8,00,00,00,00,00,00,00,00,
272000,000002C6,false,Rx,0,8,32,00,7C,01,00,00,00,00,
301000,00000625,false,Rx,0,8,25,00,59,86,01,54,5C,06,
351000,0000060D,false,Rx,0,8,0D,10,83,B6,09,20,70,00,
360000,00000054,false,Rx,0,8,01,05,EF,00,0A,03,00,00,
360000,00000055,false,Rx,0,8,10,27,00,00,00,00,00,00,
361000,00000056,false,Rx,0,8,10,27,00,00,00,00,00,00,
361000,00000057,false,Rx,0,8,00,00,FE,FF,FE,FF,00,00,
401000,00000625,false,Rx,0,8,25,00,59,86,01,54,5C,06,
451000,0000060D,false,Rx,0,8,0D,10,83,B6,09,20,70,00,
492000,000002C4,false,Rx,0,8,09,00,00,00,0A,03,00,00,
492000,000002C5,false,Rx,0,8,00,00,00,00,00,00,00,00,
493000,000002C6,false,Rx,0,8,32,00,7C,01,00,00,00,00,
501000,00000625,false,Rx,0,8,25,00,59,86,01,54,5C,06,
551000,0000060D,false,Rx,0,8,0D,10,83,B6,09,20,70,00,
560000,00000054,false,Rx,0,8,01,05,EF,00,0A,03,00,00,
561000,00000055,false,Rx,0,8,10,27,00,00,00,00,00,00,
561000,00000056,false,Rx,0,8,10,27,00,00,00,00,00,00,
561000,00000057,false,Rx,0,8,00,00,FE,FF,FE,FF,00,00,
601000,00000625,false,Rx,0,8,25,00,59,86,01,54,5C,06,
651000,0000060D,false,Rx,0,8,0D,10,83,B6,09,20,70,00,
701000,00000625,false,Rx,0,8,25,00,59,86,01,54,5C,06,
712000,000002C4,false,Rx,0,8,09,00,00,00,0A,03,00,00,
713000,000002C5,false,Rx,0,8,00,00,00,00,00,00,00,00,
713000,000002C6,false,Rx,0,8,32,00,7C,01,00,00,00,00,
751000,0000060D,false,Rx,0,8,0D,10,83,B6,09,20,70,00,
760000,00000054,false,Rx,0,8,01,05,EF,00,0A,03,00,00,
760000,00000055,false,Rx,0,8,10,27,00,00,00,00,00,00,
0,00000056,false,Rx,0,8,10,27,00,00,00,00,00,00,
0,00000057,false,Rx,0,8,00,00,FE,FF,FE,FF,00,00,
801000,00000625,false,Rx,0,8,25,00,59,86,01,54,5C,06,
851000,0000060D,false,Rx,0,8,0D,10,83,B6,09,20,70,00,
901000,00000625,false,Rx,0,8,25,00,59,86,01,54,5C,06,
932000,000002C4,false,Rx,0,8,09,00,00,00,0A,03,00,00,
932000,000002C5,false,Rx,0,8,00,00,00,00,00,00,00,00,
932000,000002C6,false,Rx,0,8,32,00,7C,01,00,00,00,00,
950000,0000060D,false,Rx,0,8,0D,10,83,B6,09,20,70,00,
960000,00000054,false,Rx,0,8,01,05,EF,00,0A,03,00,00,
960000,00000055,false,Rx,0,8,10,27,00,00,00,00,00,00,
961000,00000056,false,Rx,0,8,10,27,00,00,00,00,00,00,
961000,00000057,false,Rx,0,8,00,00,FE,FF,FE,FF,00,00,
1000,00000625,false,Rx,0,8,25,00,59,86,01,54,5C,06,
50000,0000060D,false,Rx,0,8,0D,10,83,B6,09,20,70,00,
101000,00000625,false,Rx,0,8,25,00,59,86,01,54,5C,06,
151000,0000060D,false,Rx,0,8,0D,10,83,B6,09,20,70,00,
152000,000002C4,false,Rx,0,8,09,00,00,00,0A,03,00,00,
152000,000002C5,false,Rx,0,8,00,00,00,00,00,00,00,00,
152000,000002C6,false,Rx,0,8,32,00,7C,01,00,00,00,00,
161000,00000054,false,Rx,0,8,01,05,EF,00,0A,03,00,00,
161000,00000055,false,Rx,0,8,10,27,00,00,00,00,00,00,
161000,00000056,false,Rx,0,8,10,27,00,00,00,00,00,00,
161000,00000057,false,Rx,0,8,00,00,FE,FF,FE,FF,00,00,
201000,00000625,false,Rx,0,8,25,00,59,86,01,54,5C,06,
251000,0000060D,false,Rx,0,8,0D,10,83,B6,09,20,70,00,
301000,00000625,false,Rx,0,8,25,00,59,86,01,54,5C,06,
351000,0000060D,false,Rx,0,8,0D,10,83,B6,09,20,70,00,
361000,00000054,false,Rx,0,8,01,05,EF,00,0A,03,00,00,
361000,00000055,false,Rx,0,8,10,27,00,00,00,00,00,00,
361000,00000056,false,Rx,0,8,10,27,00,00,00,00,00,00,
362000,00000057,false,Rx,0,8,00,00,FE,FF,FE,FF,00,00,
372000,000002C4,false,Rx,0,8,09,00,00,00,0A,03,00,00,
372000,000002C5,false,Rx,0,8,00,00,00,00,00,00,00,00,
372000,000002C6,false,Rx,0,8,32,00,7C,01,00,00,00,00,
401000,00000625,false,Rx,0,8,25,00,59,86,01,54,5C,06,
451000,0000060D,false,Rx,0,8,0D,10,83,B6,09,20,70,00,
501000,00000625,false,Rx,0,8,25,00,59,86,01,54,5C,06,
551000,0000060D,false,Rx,0,8,0D,10,83,B6,09,20,70,00,
561000,00000054,false,Rx,0,8,01,05,EF,00,0A,03,00,00,
561000,00000055,false,Rx,0,8,10,27,00,00,00,00,00,00,
561000,00000056,false,Rx,0,8,10,27,00,00,00,00,00,00,
562000,00000057,false,Rx,0,8,00,00,FE,FF,FE,FF,00,00,
592000,000002C4,false,Rx,0,8,09,00,00,00,0A,03,00,00,
592000,000002C5,false,Rx,0,8,00,00,00,00,00,00,00,00,
592000,000002C6,false,Rx,0,8,32,00,7C,01,00,00,00,00,
601000,00000625,false,Rx,0,8,25,00,59,86,01,54,5C,06,
651000,0000060D,false,Rx,0,8,0D,10,83,B6,09,20,70,00,
701000,00000625,false,Rx,0,8,25,00,59,86,01,54,5C,06,
751000,0000060D,false,Rx,0,8,0D,10,83,B6,09,20,70,00,
760000,00000054,false,Rx,0,8,01,05,EF,00,0A,03,00,00,
760000,00000055,false,Rx,0,8,10,27,00,00,00,00,00,00,
760000,00000056,false,Rx,0,8,10,27,00,00,00,00,00,00,
760000,00000057,false,Rx,0,8,00,00,FE,FF,FE,FF,00,00,
801000,00000625,false,Rx,0,8,25,00,59,86,01,54,5C,06,
812000,000002C4,false,Rx,0,8,09,00,00,00,0A,03,00,00,
813000,000002C5,false,Rx,0,8,00,00,00,00,00,00,00,00,
813000,000002C6,false,Rx,0,8,32,00,7C,01,00,00,00,00,
850000,0000060D,false,Rx,0,8,0D,10,83,B6,09,20,70,00,
901000,00000625,false,Rx,0,8,25,00,59,86,01,54,5C,06,
951000,0000060D,false,Rx,0,8,0D,10,83,B6,09,20,70,00,
961000,00000054,false,Rx,0,8,01,05,EF,00,0A,03,00,00,
961000,00000055,false,Rx,0,8,10,27,00,00,00,00,00,00,
961000,00000056,false,Rx,0,8,10,27,00,00,00,00,00,00,
962000,00000057,false,Rx,0,8,00,00,FE,FF,FE,FF,00,00,
1000,00000625,false,Rx,0,8,25,00,59,86,01,54,5C,06,
32000,000002C4,false,Rx,0,8,09,00,00,00,0A,03,00,00,
32000,000002C5,false,Rx,0,8,00,00,00,00,00,00,00,00,
33000,000002C6,false,Rx,0,8,32,00,7C,01,00,00,00,00,
51000,0000060D,false,Rx,0,8,0D,10,83,B6,09,20,70,00,
101000,00000625,false,Rx,0,8,25,00,59,86,01,54,5C,06,
152000,0000060D,false,Rx,0,8,0D,10,83,B6,09,20,70,00,
160000,00000054,false,Rx,0,8,01,05,EF,00,0A,03,00,00,
161000,00000055,false,Rx,0,8,10,27,00,00,00,00,00,00,
161000,00000056,false,Rx,0,8,10,27,00,00,00,00,00,00,
162000,00000057,false,Rx,0,8,00,00,FE,FF,FE,FF,00,00,
201000,00000625,false,Rx,0,8,25,00,59,86,01,54,5C,06,
251000,0000060D,false,Rx,0,8,0D,10,83,B6,09,20,70,00,
252000,000002C4,false,Rx,0,8,09,00,00,00,0A,03,00,00,
252000,000002C5,false,Rx,0,8,00,00,00,00,00,00,00,00,
253000,000002C6,false,Rx,0,8,32,00,7C,01,00,00,00,00,
301000,00000625,false,Rx,0,8,25,00,59,86,01,54,5C,06,
351000,0000060D,false,Rx,0,8,0D,10,83,B6,09,20,70,00,
360000,00000054,false,Rx,0,8,01,05,EF,00,0A,03,00,00,
360000,00000055,false,Rx,0,8,10,27,00,00,00,00,00,00,
361000,00000056,false,Rx,0,8,10,27,00,00,00,00,00,00,
361000,00000057,false,Rx,0,8,00,00,FE,FF,FE,FF,00,00,
401000,00000625,false,Rx,0,8,25,00,59,86,01,54,5C,06,
451000,0000060D,false,Rx,0,8,0D,10,83,B6,09,20,70,00,
472000,000002C4,false,Rx,0,8,09,00,00,00,0A,03,00,00,
473000,000002C5,false,Rx,0,8,00,00,00,00,00,00,00,00,
473000,000002C6,false,Rx,0,8,32,00,7C,01,00,00,00,00,
501000,00000625,false,Rx,0,8,25,00,59,86,01,54,5C,06,
551000,0000060D,false,Rx,0,8,0D,10,83,B6,09,20,70,00,
560000,00000054,false,Rx,0,8,01,05,EF,00,0A,03,00,00,
560000,00000055,false,Rx,0,8,10,27,00,00,00,00,00,00,
560000,00000056,false,Rx,0,8,10,27,00,00,00,00,00,00,
560000,00000057,false,Rx,0,8,00,00,FE,FF,FE,FF,00,00,
601000,00000625,false,Rx,0,8,25,00,59,86,01,54,5C,06,
651000,0000060D,false,Rx,0,8,0D,10,83,B6,09,20,70,00,
692000,000002C4,false,Rx,0,8,09,00,00,00,0A,03,00,00,
692000,000002C5,false,Rx,0,8,00,00,00,00,00,00,00,00,
692000,000002C6,false,Rx,0,8,32,00,7C,01,00,00,00,00,
701000,00000625,false,Rx,0,8,25,00,59,86,01,54,5C,06,
752000,0000060D,false,Rx,0,8,0D,10,83,B6,09,20,70,00,
760000,00000054,false,Rx,0,8,01,05,EF,00,0A,03,00,00,
761000,00000055,false,Rx,0,8,10,27,00,00,00,00,00,00,
0,00000056,false,Rx,0,8,10,27,00,00,00,00,00,00,
0,00000057,false,Rx,0,8,00,00,FE,FF,FE,FF,00,00,
801000,00000625,false,Rx,0,8,25,00,59,86,01,54,5C,06,
851000,0000060D,false,Rx,0,8,0D,10,83,B6,09,20,70,00,
901000,00000625,false,Rx,0,8,25,00,59,86,01,54,5C,06,
912000,000002C4,false,Rx,0,8,09,00,00,00,0A,03,00,00,
912000,000002C5,false,Rx,0,8,00,00,00,00,00,00,00,00,
913000,000002C6,false,Rx,0,8,32,00,7C,01,00,00,00,00,
951000,0000060D,false,Rx,0,8,0D,10,83,B6,09,20,70,00,
961000,00000054,false,Rx,0,8,01,05,EF,00,0A,03,00,00,
961000,00000055,false,Rx,0,8,10,27,00,00,00,00,00,00,
961000,00000056,false,Rx,0,8,10,27,00,00,00,00,00,00,
961000,00000057,false,Rx,0,8,00,00,FE,FF,FE,FF,00,00,
1000,00000625,false,Rx,0,8,25,00,59,86,01,54,5C,06,
50000,0000060D,false,Rx,0,8,0D,10,83,B6,09,20,70,00,
101000,00000625,false,Rx,0,8,25,00,59,86,01,54,5C,06,
132000,000002C4,false,Rx,0,8,09,00,00,00,0A,03,00,00,
132000,000002C5,false,Rx,0,8,00,00,00,00,00,00,00,00,
133000,000002C6,false,Rx,0,8,32,00,7C,01,00,00,00,00,
151000,0000060D,false,Rx,0,8,0D,10,83,B6,09,20,70,00,
161000,00000054,false,Rx,0,8,01,05,EF,00,0A,03,00,00,
161000,00000055,false,Rx,0,8,10,27,00,00,00,00,00,00,
161000,00000056,false,Rx,0,8,10,27,00,00,00,00,00,00,
162000,00000057,false,Rx,0,8,00,00,FE,FF,FE,FF,00,00,
201000,00000625,false,Rx,0,8,25,00,59,86,01,54,5C,06,
251000,0000060D,false,Rx,0,8,0D,10,83,B6,09,20,70,00,
301000,00000625,false,Rx,0,8,25,00,59,86,01,54,5C,06,
351000,0000060D,false,Rx,0,8,0D,10,83,B6,09,20,70,00,
352000,000002C4,false,Rx,0,8,09,00,00,00,0A,03,00,00,
352000,000002C5,false,Rx,0,8,00,00,00,00,00,00,00,00,
352000,000002C6,false,Rx,0,8,32,00,7C,01,00,00,00,00,
0,00000054,false,Rx,0,8,01,05,EF,00,0A,03,00,00,
0,00000055,false,Rx,0,8,10,27,00,00,00,00,00,00,
362000,00000056,false,Rx,0,8,10,27,00,00,00,00,00,00,
362000,00000057,false,Rx,0,8,00,00,FE,FF,FE,FF,00,00,
401000,00000625,false,Rx,0,8,25,00,59,86,01,54,5C,06,
451000,0000060D,false,Rx,0,8,0D,10,83,B6,09,20,70,00,
501000,00000625,false,Rx,0,8,25,00,59,86,01,54,5C,06,
551000,0000060D,false,Rx,0,8,0D,10,83,B6,09,20,70,00,
560000,00000054,false,Rx,0,8,01,05,EF,00,0A,03,00,00,
561000,00000055,false,Rx,0,8,10,27,00,00,00,00,00,00,
561000,00000056,false,Rx,0,8,10,27,00,00,00,00,00,00,
561000,00000057,false,Rx,0,8,00,00,FE,FF,FE,FF,00,00,
572000,000002C4,false,Rx,0,8,09,00,00,00,0A,03,00,00,
573000,000002C5,false,Rx,0,8,00,00,00,00,00,00,00,00,
573000,000002C6,false,Rx,0,8,32,00,7C,01,00,00,00,00,
601000,00000625,false,Rx,0,8,25,00,59,86,01,54,5C,06,
651000,0000060D,false,Rx,0,8,0D,10,83,B6,09,20,70,00,
701000,00000625,false,Rx,0,8,25,00,59,86,01,54,5C,06,
751000,0000060D,false,Rx,0,8,0D,10,83,B6,09,20,70,00,
760000,00000054,false,Rx,0,8,01,05,EF,00,0A,03,00,00,
760000,00000055,false,Rx,0,8,10,27,00,00,00,00,00,00,
760000,00000056,false,Rx,0,8,10,27,00,00,00,00,00,00,
761000,00000057,false,Rx,0,8,00,00,FE,FF,FE,FF,00,00,
792000,000002C4,false,Rx,0,8,09,00,00,00,0A,03,00,00,
793000,000002C5,false,Rx,0,8,00,00,00,00,00,00,00,00,
793000,000002C6,false,Rx,0,8,32,00,7C,01,00,00,00,00,
801000,00000625,false,Rx,0,8,25,00,59,86,01,54,5C,06,
851000,0000060D,false,Rx,0,8,0D,10,83,B6,09,20,70,00,
901000,00000625,false,Rx,0,8,25,00,59,86,01,54,5C,06,
951000,0000060D,false,Rx,0,8,0D,10,83,B6,09,20,70,00,
960000,00000054,false,Rx,0,8,01,05,EF,00,0A,03,00,00,
960000,00000055,false,Rx,0,8,10,27,00,00,00,00,00,00,
961000,00000056,false,Rx,0,8,10,27,00,00,00,00,00,00,
961000,00000057,false,Rx,0,8,00,00,FE,FF,FE,FF,00,00,
2000,00000625,false,Rx,0,8,25,00,59,86,01,54,5C,06,
12000,000002C4,false,Rx,0,8,09,00,00,00,0A,03,00,00,
12000,000002C5,false,Rx,0,8,00,00,00,00,00,00,00,00,
13000,000002C6,false,Rx,0,8,32,00,7C,01,00,00,00,00,
51000,0000060D,false,Rx,0,8,0D,10,83,B6,09,20,70,00,
101000,00000625,false,Rx,0,8,25,00,59,86,01,54,5C,06,
151000,0000060D,false,Rx,0,8,0D,10,83,B6,09,20,70,00,
160000,00000054,false,Rx,0,8,01,05,EF,00,0A,03,00,00,
161000,00000055,false,Rx,0,8,10,27,00,00,00,00,00,00,
161000,00000056,false,Rx,0,8,10,27,00,00,00,00,00,00,
161000,00000057,false,Rx,0,8,00,00,FE,FF,FE,FF,00,00,
201000,00000625,false,Rx,0,8,25,00,59,86,01,54,5C,06,
232000,000002C4,false,Rx,0,8,09,00,00,00,0A,03,00,00,
232000,000002C5,false,Rx,0,8,00,00,00,00,00,00,00,00,
233000,000002C6,false,Rx,0,8,32,00,7C,01,00,00,00,00,
251000,0000060D,false,Rx,0,8,0D,10,83,B6,09,20,70,00,
301000,00000625,false,Rx,0,8,25,00,59,86,01,54,5C,06,
351000,0000060D,false,Rx,0,8,0D,10,83,B6,09,20,70,00,
361000,00000054,false,Rx,0,8,01,05,EF,00,0A,03,00,00,
361000,00000055,false,Rx,0,8,10,27,00,00,00,00,00,00,
361000,00000056,false,Rx,0,8,10,27,00,00,00,00,00,00,
362000,00000057,false,Rx,0,8,00,00,FE,FF,FE,FF,00,00,
401000,00000625,false,Rx,0,8,25,00,59,86,01,54,5C,06,
451000,0000060D,false,Rx,0,8,0D,10,83,B6,09,20,70,00,
0,000002C4,false,Rx,0,8,09,00,00,00,0A,03,00,00,
0,000002C5,false,Rx,0,8,00,00,00,00,00,00,00,00,
452000,000002C6,false,Rx,0,8,32,00,7C,01,00,00,00,00,
501000,00000625,false,Rx,0,8,25,00,59,86,01,54,5C,06,
551000,0000060D,false,Rx,0,8,0D,10,83,B6,09,20,70,00,
561000,00000054,false,Rx,0,8,01,05,EF,00,0A,03,00,00,
0,00000055,false,Rx,0,8,10,27,00,00,00,00,00,00,
0,00000056,false,Rx,0,8,10,27,00,00,00,00,00,00,
562000,00000057,false,Rx,0,8,00,00,FE,FF,FE,FF,00,00,
601000,00000625,false,Rx,0,8,25,00,59,86,01,54,5C,06,
650000,0000060D,false,Rx,0,8,0D,10,83,B6,09,20,70,00,
672000,000002C4,false,Rx,0,8,09,00,00,00,0A,03,00,00,
672000,000002C5,false,Rx,0,8,00,00,00,00,00,00,00,00,
672000,000002C6,false,Rx,0,8,32,00,7C,01,00,00,00,00,
701000,00000625,false,Rx,0,8,25,00,59,86,01,54,5C,06,
751000,0000060D,false,Rx,0,8,0D,10,83,B6,09,20,70,00,
0,00000054,false,Rx,0,8,01,05,EF,00,0A,03,00,00,
0,00000055,false,Rx,0,8,10,27,00,00,00,00,00,00,
761000,00000056,false,Rx,0,8,10,27,00,00,00,00,00,00,
762000,00000057,false,Rx,0,8,00,00,FE,FF,FE,FF,00,00,
801000,00000625,false,Rx,0,8,25,00,59,86,01,54,5C,06,
851000,0000060D,false,Rx,0,8,0D,10,83,B6,09,20,70,00,
0,000002C4,false,Rx,0,8,09,00,00,00,0A,03,00,00,
0,000002C5,false,Rx,0,8,00,00,00,00,00,00,00,00,
893000,000002C6,false,Rx,0,8,32,00,7C,01,00,00,00,00,
901000,00000625,false,Rx,0,8,25,00,59,86,01,54,5C,06,
951000,0000060D,false,Rx,0,8,0D,10,83,B6,09,20,70,00,
960000,00000054,false,Rx,0,8,01,05,EF,00,0A,03,00,00,
961000,00000055,false,Rx,0,8,10,27,00,00,00,00,00,00,
961000,00000056,false,Rx,0,8,10,27,00,00,00,00,00,00,
961000,00000057,false,Rx,0,8,00,00,FE,FF,FE,FF,00,00,
0,00000625,false,Rx,0,8,25,00,59,86,01,54,5C,06,
50000,0000060D,false,Rx,0,8,0D,10,83,B6,09,20,70,00,
101000,00000625,false,Rx,0,8,25,00,59,86,01,54,5C,06,
113000,000002C4,false,Rx,0,8,09,00,00,00,0A,03,00,00,
113000,000002C5,false,Rx,0,8,00,00,00,00,00,00,00,00,
113000,000002C6,false,Rx,0,8,32,00,7C,01,00,00,00,00,
151000,0000060D,false,Rx,0,8,0D,10,83,B6,09,20,70,00,
161000,00000054,false,Rx,0,8,01,05,EF,00,0A,03,00,00,
161000,00000055,false,Rx,0,8,10,27,00,00,00,00,00,00,
161000,00000056,false,Rx,0,8,10,27,00,00,00,00,00,00,
161000,00000057,false,Rx,0,8,00,00,FE,FF,FE,FF,00,00,
201000,00000625,false,Rx,0,8,25,00,59,86,01,54,5C,06,
251000,0000060D,false,Rx,0,8,0D,10,83,B6,09,20,70,00,
301000,00000625,false,Rx,0,8,25,00,59,86,01,54,5C,06,
332000,000002C4,false,Rx,0,8,09,00,00,00,0A,03,00,00,
332000,000002C5,false,Rx,0,8,00,00,00,00,00,00,00,00,
332000,000002C6,false,Rx,0,8,32,00,7C,01,00,00,00,00,
351000,0000060D,false,Rx,0,8,0D,10,83,B6,09,20,70,00,
361000,00000054,false,Rx,0,8,01,05,EF,00,0A,03,00,00,
361000,00000055,false,Rx,0,8,10,27,00,00,00,00,00,00,
361000,00000056,false,Rx,0,8,10,27,00,00,00,00,00,00,
361000,00000057,false,Rx,0,8,00,00,FE,FF,FE,FF,00,00,
400000,00000625,false,Rx,0,8,25,00,59,86,01,54,5C,06,
451000,0000060D,false,Rx,0,8,0D,10,83,B6,09,20,70,00,
501000,00000625,false,Rx,0,8,25,00,59,86,01,54,5C,06,
551000,0000060D,false,Rx,0,8,0D,10,83,B6,09,20,70,00,
552000,000002C4,false,Rx,0,8,09,00,00,00,0A,03,00,00,
552000,000002C5,false,Rx,0,8,00,00,00,00,00,00,00,00,
552000,000002C6,false,Rx,0,8,32,00,7C,01,00,00,00,00,
561000,00000054,false,Rx,0,8,01,05,EF,00,0A,03,00,00,
561000,00000055,false,Rx,0,8,10,27,00,00,00,00,00,00,
561000,00000056,false,Rx,0,8,10,27,00,00,00,00,00,00,
562000,00000057,false,Rx,0,8,00,00,FE,FF,FE,FF,00,00,
600000,00000625,false,Rx,0,8,25,00,59,86,01,54,5C,06,
651000,0000060D,false,Rx,0,8,0D,10,83,B6,09,20,70,00,
701000,00000625,false,Rx,0,8,25,00,59,86,01,54,5C,06,
751000,0000060D,false,Rx,0,8,0D,10,83,B6,09,20,70,00,
0,00000054,false,Rx,0,8,01,05,EF,00,0A,03,00,00,
0,00000055,false,Rx,0,8,10,27,00,00,00,00,00,00,
0,00000056,false,Rx,0,8,10,27,00,00,00,00,00,00,
0,00000057,false,Rx,0,8,00,00,FE,FF,FE,FF,00,00,
772000,000002C4,false,Rx,0,8,09,00,00,00,0A,03,00,00,
772000,000002C5,false,Rx,0,8,00,00,00,00,00,00,00,00,
772000,000002C6,false,Rx,0,8,32,00,7C,01,00,00,00,00,
800000,00000625,false,Rx,0,8,25,00,59,86,01,54,5C,06,
850000,0000060D,false,Rx,0,8,0D,10,83,B6,09,20,70,00,
901000,00000625,false,Rx,0,8,25,00,59,86,01,54,5C,06,
951000,0000060D,false,Rx,0,8,0D,10,83,B6,09,20,70,00,
961000,00000054,false,Rx,0,8,01,05,EF,00,0A,03,00,00,
961000,00000055,false,Rx,0,8,10,27,00,00,00,00,00,00,
961000,00000056,false,Rx,0,8,10,27,00,00,00,00,00,00,
961000,00000057,false,Rx,0,8,00,00,FE,FF,FE,FF,00,00,
992000,000002C4,false,Rx,0,8,09,00,00,00,0A,03,00,00,
992000,000002C5,false,Rx,0,8,00,00,00,00,00,00,00,00,
992000,000002C6,false,Rx,0,8,32,00,7C,01,00,00,00,00,
1000,00000625,false,Rx,0,8,25,00,59,86,01,54,5C,06,
51000,0000060D,false,Rx,0,8,0D,10,83,B6,09,20,70,00,
101000,00000625,false,Rx,0,8,25,00,59,86,01,54,5C,06,
151000,0000060D,false,Rx,0,8,0D,10,83,B6,09,20,70,00,
161000,00000054,false,Rx,0,8,01,05,EF,00,0A,03,00,00,
161000,00000055,false,Rx,0,8,10,27,00,00,00,00,00,00,
161000,00000056,false,Rx,0,8,10,27,00,00,00,00,00,00,
162000,00000057,false,Rx,0,8,00,00,FE,FF,FE,FF,00,00,
201000,00000625,false,Rx,0,8,25,00,59,86,01,54,5C,06,
212000,000002C4,false,Rx,0,8,09,00,00,00,0A,03,00,00,
212000,000002C5,false,Rx,0,8,00,00,00,00,00,00,00,00,
213000,000002C6,false,Rx,0,8,32,00,7C,01,00,00,00,00,
251000,0000060D,false,Rx,0,8,0D,10,83,B6,09,20,70,00,
301000,00000625,false,Rx,0,8,25,00,59,86,01,54,5C,06,
351000,0000060D,false,Rx,0,8,0D,10,83,B6,09,20,70,00,
361000,00000054,false,Rx,0,8,01,05,EF,00,0A,03,00,00,
361000,00000055,false,Rx,0,8,10,27,00,00,00,00,00,00,
361000,00000056,false,Rx,0,8,10,27,00,00,00,00,00,00,
362000,00000057,false,Rx,0,8,00,00,FE,FF,FE,FF,00,00,
401000,00000625,false,Rx,0,8,25,00,59,86,01,54,5C,06,
432000,000002C4,false,Rx,0,8,09,00,00,00,0A,03,00,00,
432000,000002C5,false,Rx,0,8,00,00,00,00,00,00,00,00,
432000,000002C6,false,Rx,0,8,32,00,7C,01,00,00,00,00,
450000,0000060D,false,Rx,0,8,0D,10,83,B6,09,20,70,00,
501000,00000625,false,Rx,0,8,25,00,59,86,01,54,5C,06,
551000,0000060D,false,Rx,0,8,0D,10,83,B6,09,20,70,00,
561000,00000054,false,Rx,0,8,01,05,EF,00,0A,03,00,00,
561000,00000055,false,Rx,0,8,10,27,00,00,00,00,00,00,
561000,00000056,false,Rx,0,8,10,27,00,00,00,00,00,00,
562000,00000057,false,Rx,0,8,00,00,FE,FF,FE,FF,00,00,
601000,00000625,false,Rx,0,8,25,00,59,86,01,54,5C,06,
651000,0000060D,false,Rx,0,8,0D,10,83,B6,09,20,70,00,
652000,000002C4,false,Rx,0,8,09,00,00,00,0A,03,00,00,
652000,000002C5,false,Rx,0,8,00,00,00,00,00,00,00,00,
652000,000002C6,false,Rx,0,8,32,00,7C,01,00,00,00,00,
701000,00000625,false,Rx,0,8,25,00,59,86,01,54,5C,06,
751000,0000060D,false,Rx,0,8,0D,10,83,B6,09,20,70,00,
761000,00000054,false,Rx,0,8,01,05,EF,00,0A,03,00,00,
761000,00000055,false,Rx,0,8,10,27,00,00,00,00,00,00,
761000,00000056,false,Rx,0,8,10,27,00,00,00,00,00,00,
762000,00000057,false,Rx,0,8,00,00,FE,FF,FE,FF,00,00,
801000,00000625,false,Rx,0,8,25,00,59,86,01,54,5C,06,
850000,0000060D,false,Rx,0,8,0D,10,83,B6,09,20,70,00,
872000,000002C4,false,Rx,0,8,09,00,00,00,0A,03,00,00,
872000,000002C5,false,Rx,0,8,00,00,00,00,00,00,00,00,
872000,000002C6,false,Rx,0,8,32,00,7C,01,00,00,00,00,
901000,00000625,false,Rx,0,8,25,00,59,86,01,54,5C,06,
951000,0000060D,false,Rx,0,8,0D,10,83,B6,09,20,70,00,
961000,00000054,false,Rx,0,8,01,05,EF,00,0A,03,00,00,
961000,00000055,false,Rx,0,8,10,27,00,00,00,00,00,00,
961000,00000056,false,Rx,0,8,10,27,00,00,00,00,00,00,
962000,00000057,false,Rx,0,8,00,00,FE,FF,FE,FF,00,00,
1000,00000625,false,Rx,0,8,25,00,59,86,01,54,5C,06,
51000,0000060D,false,Rx,0,8,0D,10,83,B6,09,20,70,00,
92000,000002C4,false,Rx,0,8,09,00,00,00,0A,03,00,00,
92000,000002C5,false,Rx,0,8,00,00,00,00,00,00,00,00,
92000,000002C6,false,Rx,0,8,32,00,7C,01,00,00,00,00,
101000,00000625,false,Rx,0,8,25,00,59,86,01,54,5C,06,
151000,0000060D,false,Rx,0,8,0D,10,83,B6,09,20,70,00,
161000,00000054,false,Rx,0,8,01,05,EF,00,0A,03,00,00,
161000,00000055,false,Rx,0,8,10,27,00,00,00,00,00,00,
161000,00000056,false,Rx,0,8,10,27,00,00,00,00,00,00,
162000,00000057,false,Rx,0,8,00,00,FE,FF,FE,FF,00,00,
201000,00000625,false,Rx,0,8,25,00,59,86,01,54,5C,06,
251000,0000060D,false,Rx,0,8,0D,10,83,B6,09,20,70,00,
300000,00000625,false,Rx,0,8,25,00,59,86,01,54,5C,06,
0,000002C4,false,Rx,0,8,09,00,00,00,0A,03,00,00,
0,000002C5,false,Rx,0,8,00,00,00,00,00,00,00,00,
0,000002C6,false,Rx,0,8,32,00,7C,01,00,00,00,00,
351000,0000060D,false,Rx,0,8,0D,10,83,B6,09,20,70,00,
0,00000054,false,Rx,0,8,01,05,EF,00,0A,03,00,00,
0,00000055,false,Rx,0,8,10,27,00,00,00,00,00,00,
0,00000056,false,Rx,0,8,10,27,00,00,00,00,00,00,
0,00000057,false,Rx,0,8,00,00,FE,FF,FE,FF,00,00,
401000,00000625,false,Rx,0,8,25,00,59,86,01,54,5C,06,
451000,0000060D,false,Rx,0,8,0D,10,83,B6,09,20,70,00,
500000,00000625,false,Rx,0,8,25,00,59,86,01,54,5C,06,
532000,000002C4,false,Rx,0,8,09,00,00,00,0A,03,00,00,
533000,000002C5,false,Rx,0,8,00,00,00,00,00,00,00,00,
533000,000002C6,false,Rx,0,8,32,00,7C,01,00,00,00,00,
550000,0000060D,false,Rx,0,8,0D,10,83,B6,09,20,70,00,
561000,00000054,false,Rx,0,8,01,05,EF,00,0A,03,00,00,
561000,00000055,false,Rx,0,8,10,27,00,00,00,00,00,00,
561000,00000056,false,Rx,0,8,10,27,00,00,00,00,00,00,
562000,00000057,false,Rx,0,8,00,00,FE,FF,FE,FF,00,00,
601000,00000625,false,Rx,0,8,25,00,59,86,01,54,5C,06,
651000,0000060D,false,Rx,0,8,0D,10,83,B6,09,20,70,00,
701000,00000625,false,Rx,0,8,25,00,59,86,01,54,5C,06,
751000,0000060D,false,Rx,0,8,0D,10,83,B6,09,20,70,00,
752000,000002C4,false,Rx,0,8,09,00,00,00,0A,03,00,00,
752000,000002C5,false,Rx,0,8,00,00,00,00,00,00,00,00,
752000,000002C6,false,Rx,0,8,32,00,7C,01,00,00,00,00,
0,00000054,false,Rx,0,8,01,05,EF,00,0A,03,00,00,
0,00000055,false,Rx,0,8,10,27,00,00,00,00,00,00,
761000,00000056,false,Rx,0,8,10,27,00,00,00,00,00,00,
762000,00000057,false,Rx,0,8,00,00,FE,FF,FE,FF,00,00,
801000,00000625,false,Rx,0,8,25,00,59,86,01,54,5C,06,
851000,0000060D,false,Rx,0,8,0D,10,83,B6,09,20,70,00,
900000,00000625,false,Rx,0,8,25,00,59,86,01,54,5C,06,
951000,0000060D,false,Rx,0,8,0D,10,83,B6,09,20,70,00,
961000,00000054,false,Rx,0,8,01,05,EF,00,0A,03,00,00,
961000,00000055,false,Rx,0,8,10,27,00,00,00,00,00,00,
961000,00000056,false,Rx,0,8,10,27,00,00,00,00,00,00,
962000,00000057,false,Rx,0,8,00,00,FE,FF,FE,FF,00,00,
972000,000002C4,false,Rx,0,8,09,00,00,00,0A,03,00,00,
972000,000002C5,false,Rx,0,8,00,00,00,00,00,00,00,00,
973000,000002C6,false,Rx,0,8,32,00,7C,01,00,00,00,00,
1000,00000625,false,Rx,0,8,25,00,59,86,01,54,5C,06,
51000,0000060D,false,Rx,0,8,0D,10,83,B6,09,20,70,00,
100000,00000625,false,Rx,0,8,25,00,59,86,01,54,5C,06,
150000,0000060D,false,Rx,0,8,0D,10,83,B6,09,20,70,00,
161000,00000054,false,Rx,0,8,01,05,EF,00,0A,03,00,00,
161000,00000055,false,Rx,0,8,10,27,00,00,00,00,00,00,
161000,00000056,false,Rx,0,8,10,27,00,00,00,00,00,00,
162000,00000057,false,Rx,0,8,00,00,FE,FF,FE,FF,00,00,
0,000002C4,false,Rx,0,8,09,00,00,00,0A,03,00,00,
0,000002C5,false,Rx,0,8,00,00,00,00,00,00,00,00,
192000,000002C6,false,Rx,0,8,32,00,7C,01,00,00,00,00,
201000,00000625,false,Rx,0,8,25,00,59,86,01,54,5C,06,
251000,0000060D,false,Rx,0,8,0D,10,83,B6,09,20,70,00,
301000,00000625,false,Rx,0,8,25,00,59,86,01,54,5C,06,
351000,0000060D,false,Rx,0,8,0D,10,83,B6,09,20,70,00,
360000,00000054,false,Rx,0,8,01,05,EF,00,0A,03,00,00,
360000,00000055,false,Rx,0,8,10,27,00,00,00,00,00,00,
361000,00000056,false,Rx,0,8,10,27,00,00,00,00,00,00,
361000,00000057,false,Rx,0,8,00,00,FE,FF,FE,FF,00,00,
401000,00000625,false,Rx,0,8,25,00,59,86,01,54,5C,06,
412000,000002C4,false,Rx,0,8,09,00,00,00,0A,03,00,00,
412000,000002C5,false,Rx,0,8,00,00,00,00,00,00,00,00,
412000,000002C6,false,Rx,0,8,32,00,7C,01,00,00,00,00,
450000,0000060D,false,Rx,0,8,0D,10,83,B6,09,20,70,00,
501000,00000625,false,Rx,0,8,25,00,59,86,01,54,5C,06,
551000,0000060D,false,Rx,0,8,0D,10,83,B6,09,20,70,00,
560000,00000054,false,Rx,0,8,01,05,EF,00,0A,03,00,00,
561000,00000055,false,Rx,0,8,10,27,00,00,00,00,00,00,
561000,00000056,false,Rx,0,8,10,27,00,00,00,00,00,00,
561000,00000057,false,Rx,0,8,00,00,FE,FF,FE,FF,00,00,
601000,00000625,false,Rx,0,8,25,00,59,86,01,54,5C,06,
632000,000002C4,false,Rx,0,8,09,00,00,00,0A,03,00,00,
632000,000002C5,false,Rx,0,8,00,00,00,00,00,00,00,00,
632000,000002C6,false,Rx,0,8,32,00,7C,01,00,00,00,00,
650000,0000060D,false,Rx,0,8,0D,10,83,B6,09,20,70,00,
701000,00000625,false,Rx,0,8,25,00,59,86,01,54,5C,06,
751000,0000060D,false,Rx,0,8,0D,10,83,B6,09,20,70,00,
760000,00000054,false,Rx,0,8,01,05,EF,00,0A,03,00,00,
760000,00000055,false,Rx,0,8,10,27,00,00,00,00,00,00,
761000,00000056,false,Rx,0,8,10,27,00,00,00,00,00,00,
761000,00000057,false,Rx,0,8,00,00,FE,FF,FE,FF,00,00,
801000,00000625,false,Rx,0,8,25,00,59,86,01,54,5C,06,
851000,0000060D,false,Rx,0,8,0D,10,83,B6,09,20,70,00,
852000,000002C4,false,Rx,0,8,09,00,00,00,0A,03,00,00,
853000,000002C5,false,Rx,0,8,00,00,00,00,00,00,00,00,
853000,000002C6,false,Rx,0,8,32,00,7C,01,00,00,00,00,
901000,00000625,false,Rx,0,8,25,00,59,86,01,54,5C,06,
951000,0000060D,false,Rx,0,8,0D,10,83,B6,09,20,70,00,
961000,00000054,false,Rx,0,8,01,05,EF,00,0A,03,00,00,
961000,00000055,false,Rx,0,8,10,27,00,00,00,00,00,00,
961000,00000056,false,Rx,0,8,10,27,00,00,00,00,00,00,
962000,00000057,false,Rx,0,8,00,00,FE,FF,FE,FF,00,00,
1000,00000625,false,Rx,0,8,25,00,59,86,01,54,5C,06,
50000,0000060D,false,Rx,0,8,0D,10,83,B6,09,20,70,00,
72000,000002C4,false,Rx,0,8,09,00,00,00,0A,03,00,00,
72000,000002C5,false,Rx,0,8,00,00,00,00,00,00,00,00,
72000,000002C6,false,Rx,0,8,32,00,7C,01,00,00,00,00,
102000,00000625,false,Rx,0,8,25,00,59,86,01,54,5C,06,
151000,0000060D,false,Rx,0,8,0D,10,83,B6,09,20,70,00,
161000,00000054,false,Rx,0,8,01,05,EF,00,0A,03,00,00,
161000,00000055,false,Rx,0,8,10,27,00,00,00,00,00,00,
161000,00000056,false,Rx,0,8,10,27,00,00,00,00,00,00,
161000,00000057,false,Rx,0,8,00,00,FE,FF,FE,FF,00,00,
201000,00000625,false,Rx,0,8,25,00,59,86,01,54,5C,06,
251000,0000060D,false,Rx,0,8,0D,10,83,B6,09,20,70,00,
292000,000002C4,false,Rx,0,8,09,00,00,00,0A,03,00,00,
292000,000002C5,false,Rx,0,8,00,00,00,00,00,00,00,00,
293000,000002C6,false,Rx,0,8,32,00,7C,01,00,00,00,00,
301000,00000625,false,Rx,0,8,25,00,59,86,01,54,5C,06,
350000,0000060D,false,Rx,0,8,0D,10,83,B6,09,20,70,00,
361000,00000054,false,Rx,0,8,01,05,EF,00,0A,03,00,00,
361000,00000055,false,Rx,0,8,10,27,00,00,00,00,00,00,
361000,00000056,false,Rx,0,8,10,27,00,00,00,00,00,00,
362000,00000057,false,Rx,0,8,00,00,FE,FF,FE,FF,00,00,
401000,00000625,false,Rx,0,8,25,00,59,86,01,54,5C,06,
451000,0000060D,false,Rx,0,8,0D,10,83,B6,09,20,70,00,
502000,00000625,false,Rx,0,8,25,00,59,86,01,54,5C,06,
512000,000002C4,false,Rx,0,8,09,00,00,00,0A,03,00,00,
512000,000002C5,false,Rx,0,8,00,00,00,00,00,00,00,00,
512000,000002C6,false,Rx,0,8,32,00,7C,01,00,00,00,00,
551000,0000060D,false,Rx,0,8,0D,10,83,B6,09,20,70,00,
560000,00000054,false,Rx,0,8,01,05,EF,00,0A,03,00,00,
560000,00000055,false,Rx,0,8,10,27,00,00,00,00,00,00,
561000,00000056,false,Rx,0,8,10,27,00,00,00,00,00,00,
561000,00000057,false,Rx,0,8,00,00,FE,FF,FE,FF,00,00,
601000,00000625,false,Rx,0,8,25,00,59,86,01,54,5C,06,
651000,0000060D,false,Rx,0,8,0D,10,83,B6,09,20,70,00,
701000,00000625,false,Rx,0,8,25,00,59,86,01,54,5C,06,
732000,000002C4,false,Rx,0,8,09,00,00,00,0A,03,00,00,
732000,000002C5,false,Rx,0,8,00,00,00,00,00,00,00,00,
732000,000002C6,false,Rx,0,8,32,00,7C,01,00,00,00,00,
751000,0000060D,false,Rx,0,8,0D,10,83,B6,09,20,70,00,
761000,00000054,false,Rx,0,8,01,05,EF,00,0A,03,00,00,
761000,00000055,false,Rx,0,8,10,27,00,00,00,00,00,00,
762000,00000056,false,Rx,0,8,10,27,00,00,00,00,00,00,
762000,00000057,false,Rx,0,8,00,00,FE,FF,FE,FF,00,00,
801000,00000625,false,Rx,0,8,25,00,59,86,01,54,5C,06,
851000,0000060D,false,Rx,0,8,0D,10,83,B6,09,20,70,00,
900000,00000625,false,Rx,0,8,25,00,59,86,01,54,5C,06,
951000,0000060D,false,Rx,0,8,0D,10,83,B6,09,20,70,00,
952000,000002C4,false,Rx,0,8,09,00,00,00,0A,03,00,00,
952000,000002C5,false,Rx,0,8,00,00,00,00,00,00,00,00,
952000,000002C6,false,Rx,0,8,32,00,7C,01,00,00,00,00,
961000,00000054,false,Rx,0,8,01,05,EF,00,0A,03,00,00,
961000,00000055,false,Rx,0,8,10,27,00,00,00,00,00,00,
961000,00000056,false,Rx,0,8,10,27,00,00,00,00,00,00,
962000,00000057,false,Rx,0,8,00,00,FE,FF,FE,FF,00,00,
2000,00000625,false,Rx,0,8,25,00,59,86,01,54,5C,06,
51000,0000060D,false,Rx,0,8,0D,10,83,B6,09,20,70,00,
101000,00000625,false,Rx,0,8,25,00,59,86,01,54,5C,06,
151000,0000060D,false,Rx,0,8,0D,10,83,B6,09,20,70,00,
161000,00000054,false,Rx,0,8,01,05,EF,00,0A,03,00,00,
161000,00000055,false,Rx,0,8,10,27,00,00,00,00,00,00,
161000,00000056,false,Rx,0,8,10,27,00,00,00,00,00,00,
162000,00000057,false,Rx,0,8,00,00,FE,FF,FE,FF,00,00,
0,000002C4,false,Rx,0,8,09,00,00,00,0A,03,00,00,
0,000002C5,false,Rx,0,8,00,00,00,00,00,00,00,00,
173000,000002C6,false,Rx,0,8,32,00,7C,01,00,00,00,00,
201000,00000625,false,Rx,0,8,25,00,59,86,01,54,5C,06,
251000,0000060D,false,Rx,0,8,0D,10,83,B6,09,20,70,00,
301000,00000625,false,Rx,0,8,25,00,59,86,01,54,5C,06,
351000,0000060D,false,Rx,0,8,0D,10,83,B6,09,20,70,00,
0,00000054,false,Rx,0,8,01,05,EF,00,0A,03,00,00,
0,00000055,false,Rx,0,8,10,27,00,00,00,00,00,00,
0,00000056,false,Rx,0,8,10,27,00,00,00,00,00,00,
361000,00000057,false,Rx,0,8,00,00,FE,FF,FE,FF,00,00,
0,000002C4,false,Rx,0,8,09,00,00,00,0A,03,00,00,
0,000002C5,false,Rx,0,8,00,00,00,00,00,00,00,00,
393000,000002C6,false,Rx,0,8,32,00,7C,01,00,00,00,00,
401000,00000625,false,Rx,0,8,25,00,59,86,01,54,5C,06,
451000,0000060D,false,Rx,0,8,0D,10,83,B6,09,20,70,00,
501000,00000625,false,Rx,0,8,25,00,59,86,01,54,5C,06,
551000,0000060D,false,Rx,0,8,0D,10,83,B6,09,20,70,00,
560000,00000054,false,Rx,0,8,01,05,EF,00,0A,03,00,00,
561000,00000055,false,Rx,0,8,10,27,00,00,00,00,00,00,
0,00000056,false,Rx,0,8,10,27,00,00,00,00,00,00,
0,00000057,false,Rx,0,8,00,00,FE,FF,FE,FF,00,00,
601000,00000625,false,Rx,0,8,25,00,59,86,01,54,5C,06,
612000,000002C4,false,Rx,0,8,09,00,00,00,0A,03,00,00,
613000,000002C5,false,Rx,0,8,00,00,00,00,00,00,00,00,
613000,000002C6,false,Rx,0,8,32,00,7C,01,00,00,00,00,
651000,0000060D,false,Rx,0,8,0D,10,83,B6,09,20,70,00,
701000,00000625,false,Rx,0,8,25,00,59,86,01,54,5C,06,
751000,0000060D,false,Rx,0,8,0D,10,83,B6,09,20,70,00,
760000,00000054,false,Rx,0,8,01,05,EF,00,0A,03,00,00,
760000,00000055,false,Rx,0,8,10,27,00,00,00,00,00,00,
0,00000056,false,Rx,0,8,10,27,00,00,00,00,00,00,
0,00000057,false,Rx,0,8,00,00,FE,FF,FE,FF,00,00,
801000,00000625,false,Rx,0,8,25,00,59,86,01,54,5C,06,
832000,000002C4,false,Rx,0,8,09,00,00,00,0A,03,00,00,
832000,000002C5,false,Rx,0,8,00,00,00,00,00,00,00,00,
832000,000002C6,false,Rx,0,8,32,00,7C,01,00,00,00,00,
851000,0000060D,false,Rx,0,8,0D,10,83,B6,09,20,70,00,
901000,00000625,false,Rx,0,8,25,00,59,86,01,54,5C,06,
951000,0000060D,false,Rx,0,8,0D,10,83,B6,09,20,70,00,
961000,00000054,false,Rx,0,8,01,05,EF,00,0A,03,00,00,
961000,00000055,false,Rx,0,8,10,27,00,00,00,00,00,00,
961000,00000056,false,Rx,0,8,10,27,00,00,00,00,00,00,
961000,00000057,false,Rx,0,8,00,00,FE,FF,FE,FF,00,00,
1000,00000625,false,Rx,0,8,25,00,59,86,01,54,5C,06,
51000,0000060D,false,Rx,0,8,0D,10,83,B6,09,20,70,00,
52000,000002C4,false,Rx,0,8,09,00,00,00,0A,03,00,00,
52000,000002C5,false,Rx,0,8,00,00,00,00,00,00,00,00,
52000,000002C6,false,Rx,0,8,32,00,7C,01,00,00,00,00,
101000,00000625,false,Rx,0,8,25,00,59,86,01,54,5C,06,
150000,0000060D,false,Rx,0,8,0D,10,83,B6,09,20,70,00,
0,00000054,false,Rx,0,8,01,05,EF,00,0A,03,00,00,
0,00000055,false,Rx,0,8,10,27,00,00,00,00,00,00,
0,00000056,false,Rx,0,8,10,27,00,00,00,00,00,00,
162000,00000057,false,Rx,0,8,00,00,FE,FF,FE,FF,00,00,
201000,00000625,false,Rx,0,8,25,00,59,86,01,54,5C,06,
251000,0000060D,false,Rx,0,8,0D,10,83,B6,09,20,70,00,
272000,000002C4,false,Rx,0,8,09,00,00,00,0A,03,00,00,
272000,000002C5,false,Rx,0,8,00,00,00,00,00,00,00,00,
272000,000002C6,false,Rx,0,8,32,00,7C,01,00,00,00,00,
301000,00000625,false,Rx,0,8,25,00,59,86,01,54,5C,06,
351000,0000060D,false,Rx,0,8,0D,10,83,B6,09,20,70,00,
361000,00000054,false,Rx,0,8,01,05,EF,00,0A,03,00,00,
361000,00000055,false,Rx,0,8,10,27,00,00,00,00,00,00,
361000,00000056,false,Rx,0,8,10,27,00,00,00,00,00,00,
362000,00000057,false,Rx,0,8,00,00,FE,FF,FE,FF,00,00,
401000,00000625,false,Rx,0,8,25,00,59,86,01,54,5C,06,
451000,0000060D,false,Rx,0,8,0D,10,83,B6,09,20,70,00,
492000,000002C4,false,Rx,0,8,09,00,00,00,0A,03,00,00,
492000,000002C5,false,Rx,0,8,00,00,00,00,00,00,00,00,
492000,000002C6,false,Rx,0,8,32,00,7C,01,00,00,00,00,
501000,00000625,false,Rx,0,8,25,00,59,86,01,54,5C,06,
550000,0000060D,false,Rx,0,8,0D,10,83,B6,09,20,70,00,
560000,00000054,false,Rx,0,8,01,05,EF,00,0A,03,00,00,
560000,00000055,false,Rx,0,8,10,27,00,00,00,00,00,00,
0,00000056,false,Rx,0,8,10,27,00,00,00,00,00,00,
0,00000057,false,Rx,0,8,00,00,FE,FF,FE,FF,00,00,
601000,00000625,false,Rx,0,8,25,00,59,86,01,54,5C,06,
651000,0000060D,false,Rx,0,8,0D,10,83,B6,09,20,70,00,
701000,00000625,false,Rx,0,8,25,00,59,86,01,54,5C,06,
713000,000002C4,false,Rx,0,8,09,00,00,00,0A,03,00,00,
713000,000002C5,false,Rx,0,8,00,00,00,00,00,00,00,00,
713000,000002C6,false,Rx,0,8,32,00,7C,01,00,00,00,00,
751000,0000060D,false,Rx,0,8,0D,10,83,B6,09,20,70,00,
760000,00000054,false,Rx,0,8,01,05,EF,00,0A,03,00,00,
761000,00000055,false,Rx,0,8,10,27,00,00,00,00,00,00,
761000,00000056,false,Rx,0,8,10,27,00,00,00,00,00,00,
761000,00000057,false,Rx,0,8,00,00,FE,FF,FE,FF,00,00,
801000,00000625,false,Rx,0,8,25,00,59,86,01,54,5C,06,
851000,0000060D,false,Rx,0,8,0D,10,83,B6,09,20,70,00,
901000,00000625,false,Rx,0,8,25,00,59,86,01,54,5C,06,
932000,000002C4,false,Rx,0,8,09,00,00,00,0A,03,00,00,
932000,000002C5,false,Rx,0,8,00,00,00,00,00,00,00,00,
932000,000002C6,false,Rx,0,8,32,00,7C,01,00,00,00,00,
951000,0000060D,false,Rx,0,8,0D,10,83,B6,09,20,70,00,
961000,00000054,false,Rx,0,8,01,05,EF,00,0A,03,00,00,
961000,00000055,false,Rx,0,8,10,27,00,00,00,00,00,00,
961000,00000056,false,Rx,0,8,10,27,00,00,00,00,00,00,
961000,00000057,false,Rx,0,8,00,00,FE,FF,FE,FF,00,00,
1000,00000625,false,Rx,0,8,25,00,59,86,01,54,5C,06,
51000,0000060D,false,Rx,0,8,0D,10,83,B6,09,20,70,00,
101000,00000625,false,Rx,0,8,25,00,59,86,01,54,5C,06,
151000,0000060D,false,Rx,0,8,0D,10,83,B6,09,20,70,00,
152000,000002C4,false,Rx,0,8,09,00,00,00,0A,03,00,00,
152000,000002C5,false,Rx,0,8,00,00,00,00,00,00,00,00,
152000,000002C6,false,Rx,0,8,32,00,7C,01,00,00,00,00,
161000,00000054,false,Rx,0,8,01,05,EF,00,0A,03,00,00,
161000,00000055,false,Rx,0,8,10,27,00,00,00,00,00,00,
161000,00000056,false,Rx,0,8,10,27,00,00,00,00,00,00,
162000,00000057,false,Rx,0,8,00,00,FE,FF,FE,FF,00,00,
201000,00000625,false,Rx,0,8,25,00,59,86,01,54,5C,06,
251000,0000060D,false,Rx,0,8,0D,10,83,B6,09,20,70,00,
301000,00000625,false,Rx,0,8,25,00,59,86,01,54,5C,06,
351000,0000060D,false,Rx,0,8,0D,10,83,B6,09,20,70,00,
0,00000054,false,Rx,0,8,01,05,EF,00,0A,03,00,00,
0,00000055,false,Rx,0,8,10,27,00,00,00,00,00,00,
362000,00000056,false,Rx,0,8,10,27,00,00,00,00,00,00,
362000,00000057,false,Rx,0,8,00,00,FE,FF,FE,FF,00,00,
372000,000002C4,false,Rx,0,8,09,00,00,00,0A,03,00,00,
372000,000002C5,false,Rx,0,8,00,00,00,00,00,00,00,00,
372000,000002C6,false,Rx,0,8,32,00,7C,01,00,00,00,00,
401000,00000625,false,Rx,0,8,25,00,59,86,01,54,5C,06,
451000,0000060D,false,Rx,0,8,0D,10,83,B6,09,20,70,00,
501000,00000625,false,Rx,0,8,25,00,59,86,01,54,5C,06,
551000,0000060D,false,Rx,0,8,0D,10,83,B6,09,20,70,00,
0,00000054,false,Rx,0,8,01,05,EF,00,0A,03,00,00,
0,00000055,false,Rx,0,8,10,27,00,00,00,00,00,00,
0,00000056,false,Rx,0,8,10,27,00,00,00,00,00,00,
562000,00000057,false,Rx,0,8,00,00,FE,FF,FE,FF,00,00,
0,000002C4,false,Rx,0,8,09,00,00,00,0A,03,00,00,
0,000002C5,false,Rx,0,8,00,00,00,00,00,00,00,00,
592000,000002C6,false,Rx,0,8,32,00,7C,01,00,00,00,00,
601000,00000625,false,Rx,0,8,25,00,59,86,01,54,5C,06,
651000,0000060D,false,Rx,0,8,0D,10,83,B6,09,20,70,00,
700000,00000625,false,Rx,0,8,25,00,59,86,01,54,5C,06,
751000,0000060D,false,Rx,0,8,0D,10,83,B6,09,20,70,00,
760000,00000054,false,Rx,0,8,01,05,EF,00,0A,03,00,00,
760000,00000055,false,Rx,0,8,10,27,00,00,00,00,00,00,
0,00000056,false,Rx,0,8,10,27,00,00,00,00,00,00,
0,00000057,false,Rx,0,8,00,00,FE,FF,FE,FF,00,00,
801000,00000625,false,Rx,0,8,25,00,59,86,01,54,5C,06,
813000,000002C4,false,Rx,0,8,09,00,00,00,0A,03,00,00,
813000,000002C5,false,Rx,0,8,00,00,00,00,00,00,00,00,
814000,000002C6,false,Rx,0,8,32,00,7C,01,00,00,00,00,
851000,0000060D,false,Rx,0,8,0D,10,83,B6,09,20,70,00,
901000,00000625,false,Rx,0,8,25,00,59,86,01,54,5C,06,
951000,0000060D,false,Rx,0,8,0D,10,83,B6,09,20,70,00,
960000,00000054,false,Rx,0,8,01,05,EF,00,0A,03,00,00,
961000,00000055,false,Rx,0,8,10,27,00,00,00,00,00,00,
961000,00000056,false,Rx,0,8,10,27,00,00,00,00,00,00,
961000,00000057,false,Rx,0,8,00,00,FE,FF,FE,FF,00,00,
1000,00000625,false,Rx,0,8,25,00,59,86,01,54,5C,06,
32000,000002C4,false,Rx,0,8,09,00,00,00,0A,03,00,00,
32000,000002C5,false,Rx,0,8,00,00,00,00,00,00,00,00,
32000,000002C6,false,Rx,0,8,32,00,7C,01,00,00,00,00,
51000,0000060D,false,Rx,0,8,0D,10,83,B6,09,20,70,00,
101000,00000625,false,Rx,0,8,25,00,59,86,01,54,5C,06,
151000,0000060D,false,Rx,0,8,0D,10,83,B6,09,20,70,00,
161000,00000054,false,Rx,0,8,01,05,EF,00,0A,03,00,00,
161000,00000055,false,Rx,0,8,10,27,00,00,00,00,00,00,
162000,00000056,false,Rx,0,8,10,27,00,00,00,00,00,00,
162000,00000057,false,Rx,0,8,00,00,FE,FF,FE,FF,00,00,
201000,00000625,false,Rx,0,8,25,00,59,86,01,54,5C,06,
251000,0000060D,false,Rx,0,8,0D,10,83,B6,09,20,70,00,
252000,000002C4,false,Rx,0,8,09,00,00,00,0A,03,00,00,
252000,000002C5,false,Rx,0,8,00,00,00,00,00,00,00,00,
252000,000002C6,false,Rx,0,8,32,00,7C,01,00,00,00,00,
300000,00000625,false,Rx,0,8,25,00,59,86,01,54,5C,06,
351000,0000060D,false,Rx,0,8,0D,10,83,B6,09,20,70,00,
0,00000054,false,Rx,0,8,01,05,EF,00,0A,03,00,00,
0,00000055,false,Rx,0,8,10,27,00,00,00,00,00,00,
361000,00000056,false,Rx,0,8,10,27,00,00,00,00,00,00,
362000,00000057,false,Rx,0,8,00,00,FE,FF,FE,FF,00,00,
401000,00000625,false,Rx,0,8,25,00,59,86,01,54,5C,06,
451000,0000060D,false,Rx,0,8,0D,10,83,B6,09,20,70,00,
472000,000002C4,false,Rx,0,8,09,00,00,00,0A,03,00,00,
0,000002C5,false,Rx,0,8,00,00,00,00,00,00,00,00,
0,000002C6,false,Rx,0,8,32,00,7C,01,00,00,00,00,
501000,00000625,false,Rx,0,8,25,00,59,86,01,54,5C,06,
551000,0000060D,false,Rx,0,8,0D,10,83,B6,09,20,70,00,
561000,00000054,false,Rx,0,8,01,05,EF,00,0A,03,00,00,
561000,00000055,false,Rx,0,8,10,27,00,00,00,00,00,00,
561000,00000056,false,Rx,0,8,10,27,00,00,00,00,00,00,
562000,00000057,false,Rx,0,8,00,00,FE,FF,FE,FF,00,00,
601000,00000625,false,Rx,0,8,25,00,59,86,01,54,5C,06,
651000,0000060D,false,Rx,0,8,0D,10,83,B6,09,20,70,00,
692000,000002C4,false,Rx,0,8,09,00,00,00,0A,03,00,00,
693000,000002C5,false,Rx,0,8,00,00,00,00,00,00,00,00,
693000,000002C6,false,Rx,0,8,32,00,7C,01,00,00,00,00,
701000,00000625,false,Rx,0,8,25,00,59,86,01,54,5C,06,
751000,0000060D,false,Rx,0,8,0D,10,83,B6,09,20,70,00,
761000,00000054,false,Rx,0,8,01,05,EF,00,0A,03,00,00,
761000,00000055,false,Rx,0,8,10,27,00,00,00,00,00,00,
761000,00000056,false,Rx,0,8,10,27,00,00,00,00,00,00,
762000,00000057,false,Rx,0,8,00,00,FE,FF,FE,FF,00,00,
801000,00000625,false,Rx,0,8,25,00,59,86,01,54,5C,06,
851000,0000060D,false,Rx,0,8,0D,10,83,B6,09,20,70,00,
901000,00000625,false,Rx,0,8,25,00,59,86,01,54,5C,06,
912000,000002C4,false,Rx,0,8,09,00,00,00,0A,03,00,00,
912000,000002C5,false,Rx,0,8,00,00,00,00,00,00,00,00,
912000,000002C6,false,Rx,0,8,32,00,7C,01,00,00,00,00,
951000,0000060D,false,Rx,0,8,0D,10,83,B6,09,20,70,00,
960000,00000054,false,Rx,0,8,01,05,EF,00,0A,03,00,00,
960000,00000055,false,Rx,0,8,10,27,00,00,00,00,00,00,
961000,00000056,false,Rx,0,8,10,27,00,00,00,00,00,00,
961000,00000057,false,Rx,0,8,00,00,FE,FF,FE,FF,00,00,
1000,00000625,false,Rx,0,8,25,00,59,86,01,54,5C,06,
50000,0000060D,false,Rx,0,8,0D,10,83,B6,09,20,70,00,
101000,00000625,false,Rx,0,8,25,00,59,86,01,54,5C,06,
132000,000002C4,false,Rx,0,8,09,00,00,00,0A,03,00,00,
132000,000002C5,false,Rx,0,8,00,00,00,00,00,00,00,00,
132000,000002C6,false,Rx,0,8,32,00,7C,01,00,00,00,00,
151000,0000060D,false,Rx,0,8,0D,10,83,B6,09,20,70,00,
161000,00000054,false,Rx,0,8,01,05,EF,00,0A,03,00,00,
161000,00000055,false,Rx,0,8,10,27,00,00,00,00,00,00,
161000,00000056,false,Rx,0,8,10,27,00,00,00,00,00,00,
162000,00000057,false,Rx,0,8,00,00,FE,FF,FE,FF,00,00,
201000,00000625,false,Rx,0,8,25,00,59,86,01,54,5C,06,
251000,0000060D,false,Rx,0,8,0D,10,83,B6,09,20,70,00,
301000,00000625,false,Rx,0,8,25,00,59,86,01,54,5C,06,
351000,0000060D,false,Rx,0,8,0D,10,83,B6,09,20,70,00,
352000,000002C4,false,Rx,0,8,09,00,00,00,0A,03,00,00,
352000,000002C5,false,Rx,0,8,00,00,00,00,00,00,00,00,
352000,000002C6,false,Rx,0,8,32,00,7C,01,00,00,00,00,
0,00000054,false,Rx,0,8,01,05,EF,00,0A,03,00,00,
0,00000055,false,Rx,0,8,10,27,00,00,00,00,00,00,
361000,00000056,false,Rx,0,8,10,27,00,00,00,00,00,00,
362000,00000057,false,Rx,0,8,00,00,FE,FF,FE,FF,00,00,
401000,00000625,false,Rx,0,8,25,00,59,86,01,54,5C,06,
452000,0000060D,false,Rx,0,8,0D,10,83,B6,09,20,70,00,
501000,00000625,false,Rx,0,8,25,00,59,86,01,54,5C,06,
551000,0000060D,false,Rx,0,8,0D,10,83,B6,09,20,70,00,
561000,00000054,false,Rx,0,8,01,05,EF,00,0A,03,00,00,
561000,00000055,false,Rx,0,8,10,27,00,00,00,00,00,00,
561000,00000056,false,Rx,0,8,10,27,00,00,00,00,00,00,
562000,00000057,false,Rx,0,8,00,00,FE,FF,FE,FF,00,00,
572000,000002C4,false,Rx,0,8,09,00,00,00,0A,03,00,00,
573000,000002C5,false,Rx,0,8,00,00,00,00,00,00,00,00,
573000,000002C6,false,Rx,0,8,32,00,7C,01,00,00,00,00,
600000,00000625,false,Rx,0,8,25,00,59,86,01,54,5C,06,
651000,0000060D,false,Rx,0,8,0D,10,83,B6,09,20,70,00,
700000,00000625,false,Rx,0,8,25,00,59,86,01,54,5C,06,
751000,0000060D,false,Rx,0,8,0D,10,83,B6,09,20,70,00,
761000,00000054,false,Rx,0,8,01,05,EF,00,0A,03,00,00,
761000,00000055,false,Rx,0,8,10,27,00,00,00,00,00,00,
762000,00000056,false,Rx,0,8,10,27,00,00,00,00,00,00,
762000,00000057,false,Rx,0,8,00,00,FE,FF,FE,FF,00,00,
793000,000002C4,false,Rx,0,8,09,00,00,00,0A,03,00,00,
0,000002C5,false,Rx,0,8,00,00,00,00,00,00,00,00,
0,000002C6,false,Rx,0,8,32,00,7C,01,00,00,00,00,
801000,00000625,false,Rx,0,8,25,00,59,86,01,54,5C,06,
850000,0000060D,false,Rx,0,8,0D,10,83,B6,09,20,70,00,
901000,00000625,false,Rx,0,8,25,00,59,86,01,54,5C,06,
951000,0000060D,false,Rx,0,8,0D,10,83,B6,09,20,70,00,
961000,00000054,false,Rx,0,8,01,05,EF,00,0A,03,00,00,
961000,00000055,false,Rx,0,8,10,27,00,00,00,00,00,00,
961000,00000056,false,Rx,0,8,10,27,00,00,00,00,00,00,
962000,00000057,false,Rx,0,8,00,00,FE,FF,FE,FF,00,00,
1000,00000625,false,Rx,0,8,25,00,59,86,01,54,5C,06,
13000,000002C4,false,Rx,0,8,09,00,00,00,0A,03,00,00,
0,000002C5,false,Rx,0,8,00,00,00,00,00,00,00,00,
0,000002C6,false,Rx,0,8,32,00,7C,01,00,00,00,00,
50000,0000060D,false,Rx,0,8,0D,10,83,B6,09,20,70,00,
101000,00000625,false,Rx,0,8,25,00,59,86,01,54,5C,06,
151000,0000060D,false,Rx,0,8,0D,10,83,B6,09,20,70,00,
161000,00000054,false,Rx,0,8,01,05,EF,00,0A,03,00,00,
161000,00000055,false,Rx,0,8,10,27,00,00,00,00,00,00,
161000,00000056,false,Rx,0,8,10,27,00,00,00,00,00,00,
161000,00000057,false,Rx,0,8,00,00,FE,FF,FE,FF,00,00,
202000,00000625,false,Rx,0,8,25,00,59,86,01,54,5C,06,
232000,000002C4,false,Rx,0,8,09,00,00,00,0A,03,00,00,
232000,000002C5,false,Rx,0,8,00,00,00,00,00,00,00,00,
233000,000002C6,false,Rx,0,8,32,00,7C,01,00,00,00,00,
251000,0000060D,false,Rx,0,8,0D,10,83,B6,09,20,70,00,
301000,00000625,false,Rx,0,8,25,00,59,86,01,54,5C,06,
351000,0000060D,false,Rx,0,8,0D,10,83,B6,09,20,70,00,
0,00000054,false,Rx,0,8,01,05,EF,00,0A,03,00,00,
0,00000055,false,Rx,0,8,10,27,00,00,00,00,00,00,
0,00000056,false,Rx,0,8,10,27,00,00,00,00,00,00,
361000,00000057,false,Rx,0,8,00,00,FE,FF,FE,FF,00,00,
402000,00000625,false,Rx,0,8,25,00,59,86,01,54,5C,06,
451000,0000060D,false,Rx,0,8,0D,10,83,B6,09,20,70,00,
0,000002C4,false,Rx,0,8,09,00,00,00,0A,03,00,00,
0,000002C5,false,Rx,0,8,00,00,00,00,00,00,00,00,
452000,000002C6,false,Rx,0,8,32,00,7C,01,00,00,00,00,
501000,00000625,false,Rx,0,8,25,00,59,86,01,54,5C,06,
551000,0000060D,false,Rx,0,8,0D,10,83,B6,09,20,70,00,
561000,00000054,false,Rx,0,8,01,05,EF,00,0A,03,00,00,
561000,00000055,false,Rx,0,8,10,27,00,00,00,00,00,00,
561000,00000056,false,Rx,0,8,10,27,00,00,00,00,00,00,
561000,00000057,false,Rx,0,8,00,00,FE,FF,FE,FF,00,00,
601000,00000625,false,Rx,0,8,25,00,59,86,01,54,5C,06,
651000,0000060D,false,Rx,0,8,0D,10,83,B6,09,20,70,00,
672000,000002C4,false,Rx,0,8,09,00,00,00,0A,03,00,00,
672000,000002C5,false,Rx,0,8,00,00,00,00,00,00,00,00,
672000,000002C6,false,Rx,0,8,32,00,7C,01,00,00,00,00,
701000,00000625,false,Rx,0,8,25,00,59,86,01,54,5C,06,
751000,0000060D,false,Rx,0,8,0D,10,83,B6,09,20,70,00,
0,00000054,false,Rx,0,8,01,05,EF,00,0A,03,00,00,
0,00000055,false,Rx,0,8,10,27,00,00,00,00,00,00,
0,00000056,false,Rx,0,8,10,27,00,00,00,00,00,00,
762000,00000057,false,Rx,0,8,00,00,FE,FF,FE,FF,00,00,
801000,00000625,false,Rx,0,8,25,00,59,86,01,54,5C,06,
851000,0000060D,false,Rx,0,8,0D,10,83,B6,09,20,70,00,
0,000002C4,false,Rx,0,8,09,00,00,00,0A,03,00,00,
0,000002C5,false,Rx,0,8,00,00,00,00,00,00,00,00,
892000,000002C6,false,Rx,0,8,32,00,7C,01,00,00,00,00,
901000,00000625,false,Rx,0,8,25,00,59,86,01,54,5C,06,
951000,0000060D,false,Rx,0,8,0D,10,83,B6,09,20,70,00,
961000,00000054,false,Rx,0,8,01,05,EF,00,0A,03,00,00,
961000,00000055,false,Rx,0,8,10,27,00,00,00,00,00,00,
962000,00000056,false,Rx,0,8,10,27,00,00,00,00,00,00,
962000,00000057,false,Rx,0,8,00,00,FE,FF,FE,FF,00,00,
1000,00000625,false,Rx,0,8,25,00,59,86,01,54,5C,06,
51000,0000060D,false,Rx,0,8,0D,10,83,B6,09,20,70,00,
101000,00000625,false,Rx,0,8,25,00,59,86,01,54,5C,06,
112000,000002C4,false,Rx,0,8,09,00,00,00,0A,03,00,00,
113000,000002C5,false,Rx,0,8,00,00,00,00,00,00,00,00,
113000,000002C6,false,Rx,0,8,32,00,7C,01,00,00,00,00,
151000,0000060D,false,Rx,0,8,0D,10,83,B6,09,20,70,00,
161000,00000054,false,Rx,0,8,01,05,EF,00,0A,03,00,00,
161000,00000055,false,Rx,0,8,10,27,00,00,00,00,00,00,
161000,00000056,false,Rx,0,8,10,27,00,00,00,00,00,00,
162000,00000057,false,Rx,0,8,00,00,FE,FF,FE,FF,00,00,
201000,00000625,false,Rx,0,8,25,00,59,86,01,54,5C,06,
251000,0000060D,false,Rx,0,8,0D,10,83,B6,09,20,70,00,
301000,00000625,false,Rx,0,8,25,00,59,86,01,54,5C,06,
332000,000002C4,false,Rx,0,8,09,00,00,00,0A,03,00,00,
332000,000002C5,false,Rx,0,8,00,00,00,00,00,00,00,00,
332000,000002C6,false,Rx,0,8,32,00,7C,01,00,00,00,00,
350000,0000060D,false,Rx,0,8,0D,10,83,B6,09,20,70,00,
0,00000054,false,Rx,0,8,01,05,EF,00,0A,03,00,00,
0,00000055,false,Rx,0,8,10,27,00,00,00,00,00,00,
0,00000056,false,Rx,0,8,10,27,00,00,00,00,00,00,
0,00000057,false,Rx,0,8,00,00,FE,FF,FE,FF,00,00,
401000,00000625,false,Rx,0,8,25,00,59,86,01,54,5C,06,
450000,0000060D,false,Rx,0,8,0D,10,83,B6,09,20,70,00,
501000,00000625,false,Rx,0,8,25,00,59,86,01,54,5C,06,
551000,0000060D,false,Rx,0,8,0D,10,83,B6,09,20,70,00,
552000,000002C4,false,Rx,0,8,09,00,00,00,0A,03,00,00,
0,000002C5,false,Rx,0,8,00,00,00,00,00,00,00,00,
0,000002C6,false,Rx,0,8,32,00,7C,01,00,00,00,00,
560000,00000054,false,Rx,0,8,01,05,EF,00,0A,03,00,00,
561000,00000055,false,Rx,0,8,10,27,00,00,00,00,00,00,
561000,00000056,false,Rx,0,8,10,27,00,00,00,00,00,00,
561000,00000057,false,Rx,0,8,00,00,FE,FF,FE,FF,00,00,
601000,00000625,false,Rx,0,8,25,00,59,86,01,54,5C,06,
651000,0000060D,false,Rx,0,8,0D,10,83,B6,09,20,70,00,
701000,00000625,false,Rx,0,8,25,00,59,86,01,54,5C,06,
751000,0000060D,false,Rx,0,8,0D,10,83,B6,09,20,70,00,
761000,00000054,false,Rx,0,8,01,05,EF,00,0A,03,00,00,
761000,00000055,false,Rx,0,8,10,27,00,00,00,00,00,00,
762000,00000056,false,Rx,0,8,10,27,00,00,00,00,00,00,
762000,00000057,false,Rx,0,8,00,00,FE,FF,FE,FF,00,00,
772000,000002C4,false,Rx,0,8,09,00,00,00,0A,03,00,00,
773000,000002C5,false,Rx,0,8,00,00,00,00,00,00,00,00,
773000,000002C6,false,Rx,0,8,32,00,7C,01,00,00,00,00,
801000,00000625,false,Rx,0,8,25,00,59,86,01,54,5C,06,
851000,0000060D,false,Rx,0,8,0D,10,83,B6,09,20,70,00,
901000,00000625,false,Rx,0,8,25,00,59,86,01,54,5C,06,
951000,0000060D,false,Rx,0,8,0D,10,83,B6,09,20,70,00,
961000,00000054,false,Rx,0,8,01,05,EF,00,0A,03,00,00,
961000,00000055,false,Rx,0,8,10,27,00,00,00,00,00,00,
961000,00000056,false,Rx,0,8,10,27,00,00,00,00,00,00,
962000,00000057,false,Rx,0,8,00,00,FE,FF,FE,FF,00,00,
993000,000002C4,false,Rx,0,8,09,00,00,00,0A,03,00,00,
0,000002C5,false,Rx,0,8,00,00,00,00,00,00,00,00,
0,000002C6,false,Rx,0,8,32,00,7C,01,00,00,00,00,
1000,00000625,false,Rx,0,8,25,00,59,86,01,54,5C,06,
51000,0000060D,false,Rx,0,8,0D,10,83,B6,09,20,70,00,
101000,00000625,false,Rx,0,8,25,00,59,86,01,54,5C,06,
151000,0000060D,false,Rx,0,8,0D,10,83,B6,09,20,70,00,
161000,00000054,false,Rx,0,8,01,05,EF,00,0A,03,00,00,
161000,00000055,false,Rx,0,8,10,27,00,00,00,00,00,00,
161000,00000056,false,Rx,0,8,10,27,00,00,00,00,00,00,
161000,00000057,false,Rx,0,8,00,00,FE,FF,FE,FF,00,00,
201000,00000625,false,Rx,0,8,25,00,59,86,01,54,5C,06,
212000,000002C4,false,Rx,0,8,09,00,00,00,0A,03,00,00,
212000,000002C5,false,Rx,0,8,00,00,00,00,00,00,00,00,
212000,000002C6,false,Rx,0,8,32,00,7C,01,00,00,00,00,
250000,0000060D,false,Rx,0,8,0D,10,83,B6,09,20,70,00,
301000,00000625,false,Rx,0,8,25,00,59,86,01,54,5C,06,
351000,0000060D,false,Rx,0,8,0D,10,83,B6,09,20,70,00,
360000,00000054,false,Rx,0,8,01,05,EF,00,0A,03,00,00,
361000,00000055,false,Rx,0,8,10,27,00,00,00,00,00,00,
361000,00000056,false,Rx,0,8,10,27,00,00,00,00,00,00,
361000,00000057,false,Rx,0,8,00,00,FE,FF,FE,FF,00,00,
402000,00000625,false,Rx,0,8,25,00,59,86,01,54,5C,06,
433000,000002C4,false,Rx,0,8,09,00,00,00,0A,03,00,00,
433000,000002C5,false,Rx,0,8,00,00,00,00,00,00,00,00,
433000,000002C6,false,Rx,0,8,32,00,7C,01,00,00,00,00,
451000,0000060D,false,Rx,0,8,0D,10,83,B6,09,20,70,00,
500000,00000625,false,Rx,0,8,25,00,59,86,01,54,5C,06,
550000,0000060D,false,Rx,0,8,0D,10,83,B6,09,20,70,00,
560000,00000054,false,Rx,0,8,01,05,EF,00,0A,03,00,00,
560000,00000055,false,Rx,0,8,10,27,00,00,00,00,00,00,
561000,00000056,false,Rx,0,8,10,27,00,00,00,00,00,00,
561000,00000057,false,Rx,0,8,00,00,FE,FF,FE,FF,00,00,
601000,00000625,false,Rx,0,8,25,00,59,86,01,54,5C,06,
651000,0000060D,false,Rx,0,8,0D,10,83,B6,09,20,70,00,
653000,000002C4,false,Rx,0,8,09,00,00,00,0A,03,00,00,
653000,000002C5,false,Rx,0,8,00,00,00,00,00,00,00,00,
653000,000002C6,false,Rx,0,8,32,00,7C,01,00,00,00,00,
701000,00000625,false,Rx,0,8,25,00,59,86,01,54,5C,06,
751000,0000060D,false,Rx,0,8,0D,10,83,B6,09,20,70,00,
760000,00000054,false,Rx,0,8,01,05,EF,00,0A,03,00,00,
761000,00000055,false,Rx,0,8,10,27,00,00,00,00,00,00,
761000,00000056,false,Rx,0,8,10,27,00,00,00,00,00,00,
761000,00000057,false,Rx,0,8,00,00,FE,FF,FE,FF,00,00,
801000,00000625,false,Rx,0,8,25,00,59,86,01,54,5C,06,
851000,0000060D,false,Rx,0,8,0D,10,83,B6,09,20,70,00,
872000,000002C4,false,Rx,0,8,09,00,00,00,0A,03,00,00,
872000,000002C5,false,Rx,0,8,00,00,00,00,00,00,00,00,
872000,000002C6,false,Rx,0,8,32,00,7C,01,00,00,00,00,
901000,00000625,false,Rx,0,8,25,00,59,86,01,54,5C,06,
951000,0000060D,false,Rx,0,8,0D,10,83,B6,09,20,70,00,
961000,00000054,false,Rx,0,8,01,05,EF,00,0A,03,00,00,
961000,00000055,false,Rx,0,8,10,27,00,00,00,00,00,00,
961000,00000056,false,Rx,0,8,10,27,00,00,00,00,00,00,
962000,00000057,false,Rx,0,8,00,00,FE,FF,FE,FF,00,00,
1000,00000625,false,Rx,0,8,25,00,59,86,01,54,5C,06,
51000,0000060D,false,Rx,0,8,0D,10,83,B6,09,20,70,00,
92000,000002C4,false,Rx,0,8,09,00,00,00,0A,03,00,00,
92000,000002C5,false,Rx,0,8,00,00,00,00,00,00,00,00,
92000,000002C6,false,Rx,0,8,32,00,7C,01,00,00,00,00,
101000,00000625,false,Rx,0,8,25,00,59,86,01,54,5C,06,
151000,0000060D,false,Rx,0,8,0D,10,83,B6,09,20,70,00,
161000,00000054,false,Rx,0,8,01,05,EF,00,0A,03,00,00,
161000,00000055,false,Rx,0,8,10,27,00,00,00,00,00,00,
162000,00000056,false,Rx,0,8,10,27,00,00,00,00,00,00,
162000,00000057,false,Rx,0,8,00,00,FE,FF,FE,FF,00,00,
201000,00000625,false,Rx,0,8,25,00,59,86,01,54,5C,06,
251000,0000060D,false,Rx,0,8,0D,10,83,B6,09,20,70,00,
301000,00000625,false,Rx,0,8,25,00,59,86,01,54,5C,06,
0,000002C4,false,Rx,0,8,09,00,00,00,0A,03,00,00,
0,000002C5,false,Rx,0,8,00,00,00,00,00,00,00,00,
312000,000002C6,false,Rx,0,8,32,00,7C,01,00,00,00,00,
350000,0000060D,false,Rx,0,8,0D,10,83,B6,09,20,70,00,
361000,00000054,false,Rx,0,8,01,05,EF,00,0A,03,00,00,
361000,00000055,false,Rx,0,8,10,27,00,00,00,00,00,00,
361000,00000056,false,Rx,0,8,10,27,00,00,00,00,00,00,
362000,00000057,false,Rx,0,8,00,00,FE,FF,FE,FF,00,00,
401000,00000625,false,Rx,0,8,25,00,59,86,01,54,5C,06,
451000,0000060D,false,Rx,0,8,0D,10,83,B6,09,20,70,00,
501000,00000625,false,Rx,0,8,25,00,59,86,01,54,5C,06,
532000,000002C4,false,Rx,0,8,09,00,00,00,0A,03,00,00,
532000,000002C5,false,Rx,0,8,00,00,00,00,00,00,00,00,
532000,000002C6,false,Rx,0,8,32,00,7C,01,00,00,00,00,
551000,0000060D,false,Rx,0,8,0D,10,83,B6,09,20,70,00,
561000,00000054,false,Rx,0,8,01,05,EF,00,0A,03,00,00,
561000,00000055,false,Rx,0,8,10,27,00,00,00,00,00,00,
0,00000056,false,Rx,0,8,10,27,00,00,00,00,00,00,
0,00000057,false,Rx,0,8,00,00,FE,FF,FE,FF,00,00,
601000,00000625,false,Rx,0,8,25,00,59,86,01,54,5C,06,
651000,0000060D,false,Rx,0,8,0D,10,83,B6,09,20,70,00,
701000,00000625,false,Rx,0,8,25,00,59,86,01,54,5C,06,
751000,0000060D,false,Rx,0,8,0D,10,83,B6,09,20,70,00,
752000,000002C4,false,Rx,0,8,09,00,00,00,0A,03,00,00,
753000,000002C5,false,Rx,0,8,00,00,00,00,00,00,00,00,
753000,000002C6,false,Rx,0,8,32,00,7C,01,00,00,00,00,
760000,00000054,false,Rx,0,8,01,05,EF,00,0A,03,00,00,
0,00000055,false,Rx,0,8,10,27,00,00,00,00,00,00,
0,00000056,false,Rx,0,8,10,27,00,00,00,00,00,00,
762000,00000057,false,Rx,0,8,00,00,FE,FF,FE,FF,00,00,
801000,00000625,false,Rx,0,8,25,00,59,86,01,54,5C,06,
851000,0000060D,false,Rx,0,8,0D,10,83,B6,09,20,70,00,
901000,00000625,false,Rx,0,8,25,00,59,86,01,54,5C,06,
951000,0000060D,false,Rx,0,8,0D,10,83,B6,09,20,70,00,
961000,00000054,false,Rx,0,8,01,05,EF,00,0A,03,00,00,
961000,00000055,false,Rx,0,8,10,27,00,00,00,00,00,00,
962000,00000056,false,Rx,0,8,10,27,00,00,00,00,00,00,
962000,00000057,false,Rx,0,8,00,00,FE,FF,FE,FF,00,00,
0,000002C4,false,Rx,0,8,09,00,00,00,0A,03,00,00,
0,000002C5,false,Rx,0,8,00,00,00,00,00,00,00,00,
972000,000002C6,false,Rx,0,8,32,00,7C,01,00,00,00,00,
1000,00000625,false,Rx,0,8,25,00,59,86,01,54,5C,06,
51000,0000060D,false,Rx,0,8,0D,10,83,B6,09,20,70,00,
101000,00000625,false,Rx,0,8,25,00,59,86,01,54,5C,06,
151000,0000060D,false,Rx,0,8,0D,10,83,B6,09,20,70,00,
161000,00000054,false,Rx,0,8,01,05,EF,00,0A,03,00,00,
161000,00000055,false,Rx,0,8,10,27,00,00,00,00,00,00,
162000,00000056,false,Rx,0,8,10,27,00,00,00,00,00,00,
162000,00000057,false,Rx,0,8,00,00,FE,FF,FE,FF,00,00,
192000,000002C4,false,Rx,0,8,09,00,00,00,0A,03,00,00,
192000,000002C5,false,Rx,0,8,00,00,00,00,00,00,00,00,
192000,000002C6,false,Rx,0,8,32,00,7C,01,00,00,00,00,
201000,00000625,false,Rx,0,8,25,00,59,86,01,54,5C,06,
251000,0000060D,false,Rx,0,8,0D,10,83,B6,09,20,70,00,
301000,00000625,false,Rx,0,8,25,00,59,86,01,54,5C,06,
351000,0000060D,false,Rx,0,8,0D,10,83,B6,09,20,70,00,
0,00000054,false,Rx,0,8,01,05,EF,00,0A,03,00,00,
0,00000055,false,Rx,0,8,10,27,00,00,00,00,00,00,
361000,00000056,false,Rx,0,8,10,27,00,00,00,00,00,00,
361000,00000057,false,Rx,0,8,00,00,FE,FF,FE,FF,00,00,
401000,00000625,false,Rx,0,8,25,00,59,86,01,54,5C,06,
0,000002C4,false,Rx,0,8,09,00,00,00,0A,03,00,00,
0,000002C5,false,Rx,0,8,00,00,00,00,00,00,00,00,
413000,000002C6,false,Rx,0,8,32,00,7C,01,00,00,00,00,
451000,0000060D,false,Rx,0,8,0D,10,83,B6,09,20,70,00,
501000,00000625,false,Rx,0,8,25,00,59,86,01,54,5C,06,
550000,0000060D,false,Rx,0,8,0D,10,83,B6,09,20,70,00,
560000,00000054,false,Rx,0,8,01,05,EF,00,0A,03,00,00,
561000,00000055,false,Rx,0,8,10,27,00,00,00,00,00,00,
561000,00000056,false,Rx,0,8,10,27,00,00,00,00,00,00,
562000,00000057,false,Rx,0,8,00,00,FE,FF,FE,FF,00,00,
601000,00000625,false,Rx,0,8,25,00,59,86,01,54,5C,06,
632000,000002C4,false,Rx,0,8,09,00,00,00,0A,03,00,00,
632000,000002C5,false,Rx,0,8,00,00,00,00,00,00,00,00,
632000,000002C6,false,Rx,0,8,32,00,7C,01,00,00,00,00,
651000,0000060D,false,Rx,0,8,0D,10,83,B6,09,20,70,00,
701000,00000625,false,Rx,0,8,25,00,59,86,01,54,5C,06,
750000,0000060D,false,Rx,0,8,0D,10,83,B6,09,20,70,00,
761000,00000054,false,Rx,0,8,01,05,EF,00,0A,03,00,00,
761000,00000055,false,Rx,0,8,10,27,00,00,00,00,00,00,
761000,00000056,false,Rx,0,8,10,27,00,00,00,00,00,00,
762000,00000057,false,Rx,0,8,00,00,FE,FF,FE,FF,00,00,
801000,00000625,false,Rx,0,8,25,00,59,86,01,54,5C,06,
851000,0000060D,false,Rx,0,8,0D,10,83,B6,09,20,70,00,
852000,000002C4,false,Rx,0,8,09,00,00,00,0A,03,00,00,
853000,000002C5,false,Rx,0,8,00,00,00,00,00,00,00,00,
853000,000002C6,false,Rx,0,8,32,00,7C,01,00,00,00,00,
901000,00000625,false,Rx,0,8,25,00,59,86,01,54,5C,06,
951000,0000060D,false,Rx,0,8,0D,10,83,B6,09,20,70,00,
961000,00000054,false,Rx,0,8,01,05,EF,00,0A,03,00,00,
961000,00000055,false,Rx,0,8,10,27,00,00,00,00,00,00,
961000,00000056,false,Rx,0,8,10,27,00,00,00,00,00,00,
962000,00000057,false,Rx,0,8,00,00,FE,FF,FE,FF,00,00,
1000,00000625,false,Rx,0,8,25,00,59,86,01,54,5C,06,
51000,0000060D,false,Rx,0,8,0D,10,83,B6,09,20,70,00,
72000,000002C4,false,Rx,0,8,09,00,00,00,0A,03,00,00,
72000,000002C5,false,Rx,0,8,00,00,00,00,00,00,00,00,
72000,000002C6,false,Rx,0,8,32,00,7C,01,00,00,00,00,
101000,00000625,false,Rx,0,8,25,00,59,86,01,54,5C,06,
151000,0000060D,false,Rx,0,8,0D,10,83,B6,09,20,70,00,
161000,00000054,false,Rx,0,8,01,05,EF,00,0A,03,00,00,
161000,00000055,false,Rx,0,8,10,27,00,00,00,00,00,00,
162000,00000056,false,Rx,0,8,10,27,00,00,00,00,00,00,
162000,00000057,false,Rx,0,8,00,00,FE,FF,FE,FF,00,00,
201000,00000625,false,Rx,0,8,25,00,59,86,01,54,5C,06,
251000,0000060D,false,Rx,0,8,0D,10,83,B6,09,20,70,00,
292000,000002C4,false,Rx,0,8,09,00,00,00,0A,03,00,00,
292000,000002C5,false,Rx,0,8,00,00,00,00,00,00,00,00,
292000,000002C6,false,Rx,0,8,32,00,7C,01,00,00,00,00,
301000,00000625,false,Rx,0,8,25,00,59,86,01,54,5C,06,
351000,0000060D,false,Rx,0,8,0D,10,83,B6,09,20,70,00,
361000,00000054,false,Rx,0,8,01,05,EF,00,0A,03,00,00,
361000,00000055,false,Rx,0,8,10,27,00,00,00,00,00,00,
361000,00000056,false,Rx,0,8,10,27,00,00,00,00,00,00,
362000,00000057,false,Rx,0,8,00,00,FE,FF,FE,FF,00,00,
402000,00000625,false,Rx,0,8,25,00,59,86,01,54,5C,06,
452000,0000060D,false,Rx,0,8,0D,10,83,B6,09,20,70,00,
502000,00000625,false,Rx,0,8,25,00,59,86,01,54,5C,06,
512000,000002C4,false,Rx,0,8,09,00,00,00,0A,03,00,00,
512000,000002C5,false,Rx,0,8,00,00,00,00,00,00,00,00,
512000,000002C6,false,Rx,0,8,32,00,7C,01,00,00,00,00,
551000,0000060D,false,Rx,0,8,0D,10,83,B6,09,20,70,00,
560000,00000054,false,Rx,0,8,01,05,EF,00,0A,03,00,00,
560000,00000055,false,Rx,0,8,10,27,00,00,00,00,00,00,
561000,00000056,false,Rx,0,8,10,27,00,00,00,00,00,00,
561000,00000057,false,Rx,0,8,00,00,FE,FF,FE,FF,00,00,
601000,00000625,false,Rx,0,8,25,00,59,86,01,54,5C,06,
651000,0000060D,false,Rx,0,8,0D,10,83,B6,09,20,70,00,
702000,00000625,false,Rx,0,8,25,00,59,86,01,54,5C,06,
732000,000002C4,false,Rx,0,8,09,00,00,00,0A,03,00,00,
0,000002C5,false,Rx,0,8,00,00,00,00,00,00,00,00,
0,000002C6,false,Rx,0,8,32,00,7C,01,00,00,00,00,
751000,0000060D,false,Rx,0,8,0D,10,83,B6,09,20,70,00,
760000,00000054,false,Rx,0,8,01,05,EF,00,0A,03,00,00,
760000,00000055,false,Rx,0,8,10,27,00,00,00,00,00,00,
761000,00000056,false,Rx,0,8,10,27,00,00,00,00,00,00,
761000,00000057,false,Rx,0,8,00,00,FE,FF,FE,FF,00,00,
801000,00000625,false,Rx,0,8,25,00,59,86,01,54,5C,06,
851000,0000060D,false,Rx,0,8,0D,10,83,B6,09,20,70,00,
902000,00000625,false,Rx,0,8,25,00,59,86,01,54,5C,06,
951000,0000060D,false,Rx,0,8,0D,10,83,B6,09,20,70,00,
952000,000002C4,false,Rx,0,8,09,00,00,00,0A,03,00,00,
952000,000002C5,false,Rx,0,8,00,00,00,00,00,00,00,00,
954000,000002C6,false,Rx,0,8,32,00,7C,01,00,00,00,00,
960000,00000054,false,Rx,0,8,01,05,EF,00,0A,03,00,00,
960000,00000055,false,Rx,0,8,10,27,00,00,00,00,00,00,
961000,00000056,false,Rx,0,8,10,27,00,00,00,00,00,00,
962000,00000057,false,Rx,0,8,00,00,FE,FF,FE,FF,00,00,
1000,00000625,false,Rx,0,8,25,00,59,86,01,54,5C,06,
50000,0000060D,false,Rx,0,8,0D,10,83,B6,09,20,70,00,
101000,00000625,false,Rx,0,8,25,00,59,86,01,54,5C,06,
151000,0000060D,false,Rx,0,8,0D,10,83,B6,09,20,70,00,
160000,00000054,false,Rx,0,8,01,05,EF,00,0A,03,00,00,
160000,00000055,false,Rx,0,8,10,27,00,00,00,00,00,00,
161000,00000056,false,Rx,0,8,10,27,00,00,00,00,00,00,
161000,00000057,false,Rx,0,8,00,00,FE,FF,FE,FF,00,00,
172000,000002C4,false,Rx,0,8,09,00,00,00,0A,03,00,00,
172000,000002C5,false,Rx,0,8,00,00,00,00,00,00,00,00,
172000,000002C6,false,Rx,0,8,32,00,7C,01,00,00,00,00,
201000,00000625,false,Rx,0,8,25,00,59,86,01,54,5C,06,
251000,0000060D,false,Rx,0,8,0D,10,83,B6,09,20,70,00,
301000,00000625,false,Rx,0,8,25,00,59,86,01,54,5C,06,
351000,0000060D,false,Rx,0,8,0D,10,83,B6,09,20,70,00,
361000,00000054,false,Rx,0,8,01,05,EF,00,0A,03,00,00,
361000,00000055,false,Rx,0,8,10,27,00,00,00,00,00,00,
361000,00000056,false,Rx,0,8,10,27,00,00,00,00,00,00,
362000,00000057,false,Rx,0,8,00,00,FE,FF,FE,FF,00,00,
392000,000002C4,false,Rx,0,8,09,00,00,00,0A,03,00,00,
392000,000002C5,false,Rx,0,8,00,00,00,00,00,00,00,00,
392000,000002C6,false,Rx,0,8,32,00,7C,01,00,00,00,00,
402000,00000625,false,Rx,0,8,25,00,59,86,01,54,5C,06,
451000,0000060D,false,Rx,0,8,0D,10,83,B6,09,20,70,00,
501000,00000625,false,Rx,0,8,25,00,59,86,01,54,5C,06,
551000,0000060D,false,Rx,0,8,0D,10,83,B6,09,20,70,00,
561000,00000054,false,Rx,0,8,01,05,EF,00,0A,03,00,00,
561000,00000055,false,Rx,0,8,10,27,00,00,00,00,00,00,
561000,00000056,false,Rx,0,8,10,27,00,00,00,00,00,00,
562000,00000057,false,Rx,0,8,00,00,FE,FF,FE,FF,00,00,
601000,00000625,false,Rx,0,8,25,00,59,86,01,54,5C,06,
612000,000002C4,false,Rx,0,8,09,00,00,00,0A,03,00,00,
612000,000002C5,false,Rx,0,8,00,00,00,00,00,00,00,00,
612000,000002C6,false,Rx,0,8,32,00,7C,01,00,00,00,00,
651000,0000060D,false,Rx,0,8,0D,10,83,B6,09,20,70,00,
701000,00000625,false,Rx,0,8,25,00,59,86,01,54,5C,06,
751000,0000060D,false,Rx,0,8,0D,10,83,B6,09,20,70,00,
761000,00000054,false,Rx,0,8,01,05,EF,00,0A,03,00,00,
761000,00000055,false,Rx,0,8,10,27,00,00,00,00,00,00,
761000,00000056,false,Rx,0,8,10,27,00,00,00,00,00,00,
762000,00000057,false,Rx,0,8,00,00,FE,FF,FE,FF,00,00,
801000,00000625,false,Rx,0,8,25,00,59,86,01,54,5C,06,
832000,000002C4,false,Rx,0,8,09,00,00,00,0A,03,00,00,
832000,000002C5,false,Rx,0,8,00,00,00,00,00,00,00,00,
832000,000002C6,false,Rx,0,8,32,00,7C,01,00,00,00,00,
851000,0000060D,false,Rx,0,8,0D,10,83,B6,09,20,70,00,
901000,00000625,false,Rx,0,8,25,00,59,86,01,54,5C,06,
951000,0000060D,false,Rx,0,8,0D,10,83,B6,09,20,70,00,
961000,00000054,false,Rx,0,8,01,05,EF,00,0A,03,00,00,
961000,00000055,false,Rx,0,8,10,27,00,00,00,00,00,00,
961000,00000056,false,Rx,0,8,10,27,00,00,00,00,00,00,
962000,00000057,false,Rx,0,8,00,00,FE,FF,FE,FF,00,00,
1000,00000625,false,Rx,0,8,25,00,59,86,01,54,5C,06,
51000,0000060D,false,Rx,0,8,0D,10,83,B6,09,20,70,00,
52000,000002C4,false,Rx,0,8,09,00,00,00,0A,03,00,00,
52000,000002C5,false,Rx,0,8,00,00,00,00,00,00,00,00,
52000,000002C6,false,Rx,0,8,32,00,7C,01,00,00,00,00,
101000,00000625,false,Rx,0,8,25,00,59,86,01,54,5C,06,
151000,0000060D,false,Rx,0,8,0D,10,83,B6,09,20,70,00,
160000,00000054,false,Rx,0,8,01,05,EF,00,0A,03,00,00,
160000,00000055,false,Rx,0,8,10,27,00,00,00,00,00,00,
161000,00000056,false,Rx,0,8,10,27,00,00,00,00,00,00,
161000,00000057,false,Rx,0,8,00,00,FE,FF,FE,FF,00,00,
201000,00000625,false,Rx,0,8,25,00,59,86,01,54,5C,06,
250000,0000060D,false,Rx,0,8,0D,10,83,B6,09,20,70,00,
272000,000002C4,false,Rx,0,8,09,00,00,00,0A,03,00,00,
272000,000002C5,false,Rx,0,8,00,00,00,00,00,00,00,00,
272000,000002C6,false,Rx,0,8,32,00,7C,01,00,00,00,00,
302000,00000625,false,Rx,0,8,25,00,59,86,01,54,5C,06,
352000,0000060D,false,Rx,0,8,0D,10,83,B6,09,20,70,00,
0,00000054,false,Rx,0,8,01,05,EF,00,0A,03,00,00,
0,00000055,false,Rx,0,8,10,27,00,00,00,00,00,00,
362000,00000056,false,Rx,0,8,10,27,00,00,00,00,00,00,
362000,00000057,false,Rx,0,8,00,00,FE,FF,FE,FF,00,00,
401000,00000625,false,Rx,0,8,25,00,59,86,01,54,5C,06,
451000,0000060D,false,Rx,0,8,0D,10,83,B6,09,20,70,00,
492000,000002C4,false,Rx,0,8,09,00,00,00,0A,03,00,00,
492000,000002C5,false,Rx,0,8,00,00,00,00,00,00,00,00,
492000,000002C6,false,Rx,0,8,32,00,7C,01,00,00,00,00,
501000,00000625,false,Rx,0,8,25,00,59,86,01,54,5C,06,
551000,0000060D,false,Rx,0,8,0D,10,83,B6,09,20,70,00,
561000,00000054,false,Rx,0,8,01,05,EF,00,0A,03,00,00,
561000,00000055,false,Rx,0,8,10,27,00,00,00,00,00,00,
561000,00000056,false,Rx,0,8,10,27,00,00,00,00,00,00,
562000,00000057,false,Rx,0,8,00,00,FE,FF,FE,FF,00,00,
602000,00000625,false,Rx,0,8,25,00,59,86,01,54,5C,06,
651000,0000060D,false,Rx,0,8,0D,10,83,B6,09,20,70,00,
701000,00000625,false,Rx,0,8,25,00,59,86,01,54,5C,06,
0,000002C4,false,Rx,0,8,09,00,00,00,0A,03,00,00,
0,000002C5,false,Rx,0,8,00,00,00,00,00,00,00,00,
714000,000002C6,false,Rx,0,8,32,00,7C,01,00,00,00,00,
751000,0000060D,false,Rx,0,8,0D,10,83,B6,09,20,70,00,
760000,00000054,false,Rx,0,8,01,05,EF,00,0A,03,00,00,
761000,00000055,false,Rx,0,8,10,27,00,00,00,00,00,00,
0,00000056,false,Rx,0,8,10,27,00,00,00,00,00,00,
0,00000057,false,Rx,0,8,00,00,FE,FF,FE,FF,00,00,
801000,00000625,false,Rx,0,8,25,00,59,86,01,54,5C,06,
851000,0000060D,false,Rx,0,8,0D,10,83,B6,09,20,70,00,
901000,00000625,false,Rx,0,8,25,00,59,86,01,54,5C,06,
933000,000002C4,false,Rx,0,8,09,00,00,00,0A,03,00,00,
933000,000002C5,false,Rx,0,8,00,00,00,00,00,00,00,00,
933000,000002C6,false,Rx,0,8,32,00,7C,01,00,00,00,00,
951000,0000060D,false,Rx,0,8,0D,10,83,B6,09,20,70,00,
961000,00000054,false,Rx,0,8,01,05,EF,00,0A,03,00,00,
961000,00000055,false,Rx,0,8,10,27,00,00,00,00,00,00,
0,00000056,false,Rx,0,8,10,27,00,00,00,00,00,00,
0,00000057,false,Rx,0,8,00,00,FE,FF,FE,FF,00,00,
2000,00000625,false,Rx,0,8,25,00,59,86,01,54,5C,06,
50000,0000060D,false,Rx,0,8,0D,10,83,B6,09,20,70,00,
101000,00000625,false,Rx,0,8,25,00,59,86,01,54,5C,06,
151000,0000060D,false,Rx,0,8,0D,10,83,B6,09,20,70,00,
152000,000002C4,false,Rx,0,8,09,00,00,00,0A,03,00,00,
152000,000002C5,false,Rx,0,8,00,00,00,00,00,00,00,00,
152000,000002C6,false,Rx,0,8,32,00,7C,01,00,00,00,00,
160000,00000054,false,Rx,0,8,01,05,EF,00,0A,03,00,00,
160000,00000055,false,Rx,0,8,10,27,00,00,00,00,00,00,
161000,00000056,false,Rx,0,8,10,27,00,00,00,00,00,00,
161000,00000057,false,Rx,0,8,00,00,FE,FF,FE,FF,00,00,
201000,00000625,false,Rx,0,8,25,00,59,86,01,54,5C,06,
251000,0000060D,false,Rx,0,8,0D,10,83,B6,09,20,70,00,
301000,00000625,false,Rx,0,8,25,00,59,86,01,54,5C,06,
351000,0000060D,false,Rx,0,8,0D,10,83,B6,09,20,70,00,
0,00000054,false,Rx,0,8,01,05,EF,00,0A,03,00,00,
0,00000055,false,Rx,0,8,10,27,00,00,00,00,00,00,
361000,00000056,false,Rx,0,8,10,27,00,00,00,00,00,00,
362000,00000057,false,Rx,0,8,00,00,FE,FF,FE,FF,00,00,
372000,000002C4,false,Rx,0,8,09,00,00,00,0A,03,00,00,
372000,000002C5,false,Rx,0,8,00,00,00,00,00,00,00,00,
372000,000002C6,false,Rx,0,8,32,00,7C,01,00,00,00,00,
401000,00000625,false,Rx,0,8,25,00,59,86,01,54,5C,06,
451000,0000060D,false,Rx,0,8,0D,10,83,B6,09,20,70,00,
501000,00000625,false,Rx,0,8,25,00,59,86,01,54,5C,06,
551000,0000060D,false,Rx,0,8,0D,10,83,B6,09,20,70,00,
561000,00000054,false,Rx,0,8,01,05,EF,00,0A,03,00,00,
561000,00000055,false,Rx,0,8,10,27,00,00,00,00,00,00,
561000,00000056,false,Rx,0,8,10,27,00,00,00,00,00,00,
562000,00000057,false,Rx,0,8,00,00,FE,FF,FE,FF,00,00,
592000,000002C4,false,Rx,0,8,09,00,00,00,0A,03,00,00,
593000,000002C5,false,Rx,0,8,00,00,00,00,00,00,00,00,
593000,000002C6,false,Rx,0,8,32,00,7C,01,00,00,00,00,
601000,00000625,false,Rx,0,8,25,00,59,86,01,54,5C,06,
651000,0000060D,false,Rx,0,8,0D,10,83,B6,09,20,70,00,
701000,00000625,false,Rx,0,8,25,00,59,86,01,54,5C,06,
751000,0000060D,false,Rx,0,8,0D,10,83,B6,09,20,70,00,
760000,00000054,false,Rx,0,8,01,05,EF,00,0A,03,00,00,
760000,00000055,false,Rx,0,8,10,27,00,00,00,00,00,00,
761000,00000056,false,Rx,0,8,10,27,00,00,00,00,00,00,
761000,00000057,false,Rx,0,8,00,00,FE,FF,FE,FF,00,00,
801000,00000625,false,Rx,0,8,25,00,59,86,01,54,5C,06,
0,000002C4,false,Rx,0,8,09,00,00,00,0A,03,00,00,
0,000002C5,false,Rx,0,8,00,00,00,00,00,00,00,00,
814000,000002C6,false,Rx,0,8,32,00,7C,01,00,00,00,00,
851000,0000060D,false,Rx,0,8,0D,10,83,B6,09,20,70,00,
901000,00000625,false,Rx,0,8,25,00,59,86,01,54,5C,06,
951000,0000060D,false,Rx,0,8,0D,10,83,B6,09,20,70,00,
0,00000054,false,Rx,0,8,01,05,EF,00,0A,03,00,00,
0,00000055,false,Rx,0,8,10,27,00,00,00,00,00,00,
961000,00000056,false,Rx,0,8,10,27,00,00,00,00,00,00,
962000,00000057,false,Rx,0,8,00,00,FE,FF,FE,FF,00,00,
2000,00000625,false,Rx,0,8,25,00,59,86,01,54,5C,06,
32000,000002C4,false,Rx,0,8,09,00,00,00,0A,03,00,00,
32000,000002C5,false,Rx,0,8,00,00,00,00,00,00,00,00,
32000,000002C6,false,Rx,0,8,32,00,7C,01,00,00,00,00,
51000,0000060D,false,Rx,0,8,0D,10,83,B6,09,20,70,00,
102000,00000625,false,Rx,0,8,25,00,59,86,01,54,5C,06,
151000,0000060D,false,Rx,0,8,0D,10,83,B6,09,20,70,00,
161000,00000054,false,Rx,0,8,01,05,EF,00,0A,03,00,00,
161000,00000055,false,Rx,0,8,10,27,00,00,00,00,00,00,
162000,00000056,false,Rx,0,8,10,27,00,00,00,00,00,00,
162000,00000057,false,Rx,0,8,00,00,FE,FF,FE,FF,00,00,
201000,00000625,false,Rx,0,8,25,00,59,86,01,54,5C,06,
251000,0000060D,false,Rx,0,8,0D,10,83,B6,09,20,70,00,
0,000002C4,false,Rx,0,8,09,00,00,00,0A,03,00,00,
0,000002C5,false,Rx,0,8,00,00,00,00,00,00,00,00,
0,000002C6,false,Rx,0,8,32,00,7C,01,00,00,00,00,
301000,00000625,false,Rx,0,8,25,00,59,86,01,54,5C,06,
351000,0000060D,false,Rx,0,8,0D,10,83,B6,09,20,70,00,
0,00000054,false,Rx,0,8,01,05,EF,00,0A,03,00,00,
0,00000055,false,Rx,0,8,10,27,00,00,00,00,00,00,
361000,00000056,false,Rx,0,8,10,27,00,00,00,00,00,00,
362000,00000057,false,Rx,0,8,00,00,FE,FF,FE,FF,00,00,
401000,00000625,false,Rx,0,8,25,00,59,86,01,54,5C,06,
451000,0000060D,false,Rx,0,8,0D,10,83,B6,09,20,70,00,
472000,000002C4,false,Rx,0,8,09,00,00,00,0A,03,00,00,
472000,000002C5,false,Rx,0,8,00,00,00,00,00,00,00,00,
472000,000002C6,false,Rx,0,8,32,00,7C,01,00,00,00,00,
502000,00000625,false,Rx,0,8,25,00,59,86,01,54,5C,06,
551000,0000060D,false,Rx,0,8,0D,10,83,B6,09,20,70,00,
560000,00000054,false,Rx,0,8,01,05,EF,00,0A,03,00,00,
561000,00000055,false,Rx,0,8,10,27,00,00,00,00,00,00,
561000,00000056,false,Rx,0,8,10,27,00,00,00,00,00,00,
561000,00000057,false,Rx,0,8,00,00,FE,FF,FE,FF,00,00,
601000,00000625,false,Rx,0,8,25,00,59,86,01,54,5C,06,
651000,0000060D,false,Rx,0,8,0D,10,83,B6,09,20,70,00,
692000,000002C4,false,Rx,0,8,09,00,00,00,0A,03,00,00,
692000,000002C5,false,Rx,0,8,00,00,00,00,00,00,00,00,
692000,000002C6,false,Rx,0,8,32,00,7C,01,00,00,00,00,
701000,00000625,false,Rx,0,8,25,00,59,86,01,54,5C,06,
750000,0000060D,false,Rx,0,8,0D,10,83,B6,09,20,70,00,
761000,00000054,false,Rx,0,8,01,05,EF,00,0A,03,00,00,
761000,00000055,false,Rx,0,8,10,27,00,00,00,00,00,00,
761000,00000056,false,Rx,0,8,10,27,00,00,00,00,00,00,
761000,00000057,false,Rx,0,8,00,00,FE,FF,FE,FF,00,00,
802000,00000625,false,Rx,0,8,25,00,59,86,01,54,5C,06,
851000,0000060D,false,Rx,0,8,0D,10,83,B6,09,20,70,00,
901000,00000625,false,Rx,0,8,25,00,59,86,01,54,5C,06,
913000,000002C4,false,Rx,0,8,09,00,00,00,0A,03,00,00,
0,000002C5,false,Rx,0,8,00,00,00,00,00,00,00,00,
0,000002C6,false,Rx,0,8,32,00,7C,01,00,00,00,00,
951000,0000060D,false,Rx,0,8,0D,10,83,B6,09,20,70,00,
961000,00000054,false,Rx,0,8,01,05,EF,00,0A,03,00,00,
961000,00000055,false,Rx,0,8,10,27,00,00,00,00,00,00,
961000,00000056,false,Rx,0,8,10,27,00,00,00,00,00,00,
961000,00000057,false,Rx,0,8,00,00,FE,FF,FE,FF,00,00,
1000,00000625,false,Rx,0,8,25,00,59,86,01,54,5C,06,
51000,0000060D,false,Rx,0,8,0D,10,83,B6,09,20,70,00,
101000,00000625,false,Rx,0,8,25,00,59,86,01,54,5C,06,
133000,000002C4,false,Rx,0,8,09,00,00,00,0A,03,00,00,
133000,000002C5,false,Rx,0,8,00,00,00,00,00,00,00,00,
133000,000002C6,false,Rx,0,8,32,00,7C,01,00,00,00,00,
150000,0000060D,false,Rx,0,8,0D,10,83,B6,09,20,70,00,
161000,00000054,false,Rx,0,8,01,05,EF,00,0A,03,00,00,
161000,00000055,false,Rx,0,8,10,27,00,00,00,00,00,00,
161000,00000056,false,Rx,0,8,10,27,00,00,00,00,00,00,
161000,00000057,false,Rx,0,8,00,00,FE,FF,FE,FF,00,00,
201000,00000625,false,Rx,0,8,25,00,59,86,01,54,5C,06,
251000,0000060D,false,Rx,0,8,0D,10,83,B6,09,20,70,00,
301000,00000625,false,Rx,0,8,25,00,59,86,01,54,5C,06,
351000,0000060D,false,Rx,0,8,0D,10,83,B6,09,20,70,00,
352000,000002C4,false,Rx,0,8,09,00,00,00,0A,03,00,00,
352000,000002C5,false,Rx,0,8,00,00,00,00,00,00,00,00,
352000,000002C6,false,Rx,0,8,32,00,7C,01,00,00,00,00,
0,00000054,false,Rx,0,8,01,05,EF,00,0A,03,00,00,
0,00000055,false,Rx,0,8,10,27,00,00,00,00,00,00,
361000,00000056,false,Rx,0,8,10,27,00,00,00,00,00,00,
361000,00000057,false,Rx,0,8,00,00,FE,FF,FE,FF,00,00,
401000,00000625,false,Rx,0,8,25,00,59,86,01,54,5C,06,
451000,0000060D,false,Rx,0,8,0D,10,83,B6,09,20,70,00,
501000,00000625,false,Rx,0,8,25,00,59,86,01,54,5C,06,
551000,0000060D,false,Rx,0,8,0D,10,83,B6,09,20,70,00,
560000,00000054,false,Rx,0,8,01,05,EF,00,0A,03,00,00,
560000,00000055,false,Rx,0,8,10,27,00,00,00,00,00,00,
561000,00000056,false,Rx,0,8,10,27,00,00,00,00,00,00,
561000,00000057,false,Rx,0,8,00,00,FE,FF,FE,FF,00,00,
572000,000002C4,false,Rx,0,8,09,00,00,00,0A,03,00,00,
572000,000002C5,false,Rx,0,8,00,00,00,00,00,00,00,00,
572000,000002C6,false,Rx,0,8,32,00,7C,01,00,00,00,00,
601000,00000625,false,Rx,0,8,25,00,59,86,01,54,5C,06,
650000,0000060D,false,Rx,0,8,0D,10,83,B6,09,20,70,00,
701000,00000625,false,Rx,0,8,25,00,59,86,01,54,5C,06,
751000,0000060D,false,Rx,0,8,0D,10,83,B6,09,20,70,00,
761000,00000054,false,Rx,0,8,01,05,EF,00,0A,03,00,00,
761000,00000055,false,Rx,0,8,10,27,00,00,00,00,00,00,
761000,00000056,false,Rx,0,8,10,27,00,00,00,00,00,00,
762000,00000057,false,Rx,0,8,00,00,FE,FF,FE,FF,00,00,
792000,000002C4,false,Rx,0,8,09,00,00,00,0A,03,00,00,
792000,000002C5,false,Rx,0,8,00,00,00,00,00,00,00,00,
792000,000002C6,false,Rx,0,8,32,00,7C,01,00,00,00,00,
801000,00000625,false,Rx,0,8,25,00,59,86,01,54,5C,06,
851000,0000060D,false,Rx,0,8,0D,10,83,B6,09,20,70,00,
902000,00000625,false,Rx,0,8,25,00,59,86,01,54,5C,06,
951000,0000060D,false,Rx,0,8,0D,10,83,B6,09,20,70,00,
961000,00000054,false,Rx,0,8,01,05,EF,00,0A,03,00,00,
961000,00000055,false,Rx,0,8,10,27,00,00,00,00,00,00,
962000,00000056,false,Rx,0,8,10,27,00,00,00,00,00,00,
962000,00000057,false,Rx,0,8,00,00,FE,FF,FE,FF,00,00,
1000,00000625,false,Rx,0,8,25,00,59,86,01,54,5C,06,
11000,000002C4,false,Rx,0,8,09,00,00,00,0A,03,00,00,
13000,000002C5,false,Rx,0,8,00,00,00,00,00,00,00,00,
14000,000002C6,false,Rx,0,8,32,00,7C,01,00,00,00,00,
51000,0000060D,false,Rx,0,8,0D,10,83,B6,09,20,70,00,
101000,00000625,false,Rx,0,8,25,00,59,86,01,54,5C,06,
151000,0000060D,false,Rx,0,8,0D,10,83,B6,09,20,70,00,
161000,00000054,false,Rx,0,8,01,05,EF,00,0A,03,00,00,
161000,00000055,false,Rx,0,8,10,27,00,00,00,00,00,00,
162000,00000056,false,Rx,0,8,10,27,00,00,00,00,00,00,
162000,00000057,false,Rx,0,8,00,00,FE,FF,FE,FF,00,00,
201000,00000625,false,Rx,0,8,25,00,59,86,01,54,5C,06,
232000,000002C4,false,Rx,0,8,09,00,00,00,0A,03,00,00,
232000,000002C5,false,Rx,0,8,00,00,00,00,00,00,00,00,
232000,000002C6,false,Rx,0,8,32,00,7C,01,00,00,00,00,
251000,0000060D,false,Rx,0,8,0D,10,83,B6,09,20,70,00,
301000,00000625,false,Rx,0,8,25,00,59,86,01,54,5C,06,
351000,0000060D,false,Rx,0,8,0D,10,83,B6,09,20,70,00,
0,00000054,false,Rx,0,8,01,05,EF,00,0A,03,00,00,
0,00000055,false,Rx,0,8,10,27,00,00,00,00,00,00,
362000,00000056,false,Rx,0,8,10,27,00,00,00,00,00,00,
362000,00000057,false,Rx,0,8,00,00,FE,FF,FE,FF,00,00,
401000,00000625,false,Rx,0,8,25,00,59,86,01,54,5C,06,
451000,0000060D,false,Rx,0,8,0D,10,83,B6,09,20,70,00,
453000,000002C4,false,Rx,0,8,09,00,00,00,0A,03,00,00,
0,000002C5,false,Rx,0,8,00,00,00,00,00,00,00,00,
0,000002C6,false,Rx,0,8,32,00,7C,01,00,00,00,00,
501000,00000625,false,Rx,0,8,25,00,59,86,01,54,5C,06,
551000,0000060D,false,Rx,0,8,0D,10,83,B6,09,20,70,00,
560000,00000054,false,Rx,0,8,01,05,EF,00,0A,03,00,00,
561000,00000055,false,Rx,0,8,10,27,00,00,00,00,00,00,
561000,00000056,false,Rx,0,8,10,27,00,00,00,00,00,00,
561000,00000057,false,Rx,0,8,00,00,FE,FF,FE,FF,00,00,
601000,00000625,false,Rx,0,8,25,00,59,86,01,54,5C,06,
651000,0000060D,false,Rx,0,8,0D,10,83,B6,09,20,70,00,
0,000002C4,false,Rx,0,8,09,00,00,00,0A,03,00,00,
0,000002C5,false,Rx,0,8,00,00,00,00,00,00,00,00,
673000,000002C6,false,Rx,0,8,32,00,7C,01,00,00,00,00,
701000,00000625,false,Rx,0,8,25,00,59,86,01,54,5C,06,
752000,0000060D,false,Rx,0,8,0D,10,83,B6,09,20,70,00,
760000,00000054,false,Rx,0,8,01,05,EF,00,0A,03,00,00,
761000,00000055,false,Rx,0,8,10,27,00,00,00,00,00,00,
761000,00000056,false,Rx,0,8,10,27,00,00,00,00,00,00,
761000,00000057,false,Rx,0,8,00,00,FE,FF,FE,FF,00,00,
802000,00000625,false,Rx,0,8,25,00,59,86,01,54,5C,06,
851000,0000060D,false,Rx,0,8,0D,10,83,B6,09,20,70,00,
893000,000002C4,false,Rx,0,8,09,00,00,00,0A,03,00,00,
893000,000002C5,false,Rx,0,8,00,00,00,00,00,00,00,00,
894000,000002C6,false,Rx,0,8,32,00,7C,01,00,00,00,00,
901000,00000625,false,Rx,0,8,25,00,59,86,01,54,5C,06,
951000,0000060D,false,Rx,0,8,0D,10,83,B6,09,20,70,00,
961000,00000054,false,Rx,0,8,01,05,EF,00,0A,03,00,00,
961000,00000055,false,Rx,0,8,10,27,00,00,00,00,00,00,
961000,00000056,false,Rx,0,8,10,27,00,00,00,00,00,00,
961000,00000057,false,Rx,0,8,00,00,FE,FF,FE,FF,00,00,
2000,00000625,false,Rx,0,8,25,00,59,86,01,54,5C,06,
51000,0000060D,false,Rx,0,8,0D,10,83,B6,09,20,70,00,
101000,00000625,false,Rx,0,8,25,00,59,86,01,54,5C,06,
112000,000002C4,false,Rx,0,8,09,00,00,00,0A,03,00,00,
112000,000002C5,false,Rx,0,8,00,00,00,00,00,00,00,00,
112000,000002C6,false,Rx,0,8,32,00,7C,01,00,00,00,00,
151000,0000060D,false,Rx,0,8,0D,10,83,B6,09,20,70,00,
161000,00000054,false,Rx,0,8,01,05,EF,00,0A,03,00,00,
161000,00000055,false,Rx,0,8,10,27,00,00,00,00,00,00,
161000,00000056,false,Rx,0,8,10,27,00,00,00,00,00,00,
162000,00000057,false,Rx,0,8,00,00,FE,FF,FE,FF,00,00,
201000,00000625,false,Rx,0,8,25,00,59,86,01,54,5C,06,
251000,0000060D,false,Rx,0,8,0D,10,83,B6,09,20,70,00,
301000,00000625,false,Rx,0,8,25,00,59,86,01,54,5C,06,
332000,000002C4,false,Rx,0,8,09,00,00,00,0A,03,00,00,
332000,000002C5,false,Rx,0,8,00,00,00,00,00,00,00,00,
333000,000002C6,false,Rx,0,8,32,00,7C,01,00,00,00,00,
351000,0000060D,false,Rx,0,8,0D,10,83,B6,09,20,70,00,
361000,00000054,false,Rx,0,8,01,05,EF,00,0A,03,00,00,
361000,00000055,false,Rx,0,8,10,27,00,00,00,00,00,00,
0,00000056,false,Rx,0,8,10,27,00,00,00,00,00,00,
0,00000057,false,Rx,0,8,00,00,FE,FF,FE,FF,00,00,
401000,00000625,false,Rx,0,8,25,00,59,86,01,54,5C,06,
451000,0000060D,false,Rx,0,8,0D,10,83,B6,09,20,70,00,
501000,00000625,false,Rx,0,8,25,00,59,86,01,54,5C,06,
551000,0000060D,false,Rx,0,8,0D,10,83,B6,09,20,70,00,
552000,000002C4,false,Rx,0,8,09,00,00,00,0A,03,00,00,
552000,000002C5,false,Rx,0,8,00,00,00,00,00,00,00,00,
553000,000002C6,false,Rx,0,8,32,00,7C,01,00,00,00,00,
561000,00000054,false,Rx,0,8,01,05,EF,00,0A,03,00,00,
561000,00000055,false,Rx,0,8,10,27,00,00,00,00,00,00,
562000,00000056,false,Rx,0,8,10,27,00,00,00,00,00,00,
562000,00000057,false,Rx,0,8,00,00,FE,FF,FE,FF,00,00,
601000,00000625,false,Rx,0,8,25,00,59,86,01,54,5C,06,
651000,0000060D,false,Rx,0,8,0D,10,83,B6,09,20,70,00,
701000,00000625,false,Rx,0,8,25,00,59,86,01,54,5C,06,
752000,0000060D,false,Rx,0,8,0D,10,83,B6,09,20,70,00,
761000,00000054,false,Rx,0,8,01,05,EF,00,0A,03,00,00,
761000,00000055,false,Rx,0,8,10,27,00,00,00,00,00,00,
762000,00000056,false,Rx,0,8,10,27,00,00,00,00,00,00,
762000,00000057,false,Rx,0,8,00,00,FE,FF,FE,FF,00,00,
773000,000002C4,false,Rx,0,8,09,00,00,00,0A,03,00,00,
773000,000002C5,false,Rx,0,8,00,00,00,00,00,00,00,00,
773000,000002C6,false,Rx,0,8,32,00,7C,01,00,00,00,00,
801000,00000625,false,Rx,0,8,25,00,59,86,01,54,5C,06,
851000,0000060D,false,Rx,0,8,0D,10,83,B6,09,20,70,00,
901000,00000625,false,Rx,0,8,25,00,59,86,01,54,5C,06,
951000,0000060D,false,Rx,0,8,0D,10,83,B6,09,20,70,00,
960000,00000054,false,Rx,0,8,01,05,EF,00,0A,03,00,00,
961000,00000055,false,Rx,0,8,10,27,00,00,00,00,00,00,
961000,00000056,false,Rx,0,8,10,27,00,00,00,00,00,00,
961000,00000057,false,Rx,0,8,00,00,FE,FF,FE,FF,00,00,
993000,000002C4,false,Rx,0,8,09,00,00,00,0A,03,00,00,
993000,000002C5,false,Rx,0,8,00,00,00,00,00,00,00,00,
993000,000002C6,false,Rx,0,8,32,00,7C,01,00,00,00,00,
1000,00000625,false,Rx,0,8,25,00,59,86,01,54,5C,06,
51000,0000060D,false,Rx,0,8,0D,10,83,B6,09,20,70,00,
101000,00000625,false,Rx,0,8,25,00,59,86,01,54,5C,06,
151000,0000060D,false,Rx,0,8,0D,10,83,B6,09,20,70,00,
160000,00000054,false,Rx,0,8,01,05,EF,00,0A,03,00,00,
160000,00000055,false,Rx,0,8,10,27,00,00,00,00,00,00,
162000,00000056,false,Rx,0,8,10,27,00,00,00,00,00,00,
162000,00000057,false,Rx,0,8,00,00,FE,FF,FE,FF,00,00,
201000,00000625,false,Rx,0,8,25,00,59,86,01,54,5C,06,
212000,000002C4,false,Rx,0,8,09,00,00,00,0A,03,00,00,
212000,000002C5,false,Rx,0,8,00,00,00,00,00,00,00,00,
213000,000002C6,false,Rx,0,8,32,00,7C,01,00,00,00,00,
251000,0000060D,false,Rx,0,8,0D,10,83,B6,09,20,70,00,
301000,00000625,false,Rx,0,8,25,00,59,86,01,54,5C,06,
351000,0000060D,false,Rx,0,8,0D,10,83,B6,09,20,70,00,
0,00000054,false,Rx,0,8,01,05,EF,00,0A,03,00,00,
0,00000055,false,Rx,0,8,10,27,00,00,00,00,00,00,
362000,00000056,false,Rx,0,8,10,27,00,00,00,00,00,00,
362000,00000057,false,Rx,0,8,00,00,FE,FF,FE,FF,00,00,
401000,00000625,false,Rx,0,8,25,00,59,86,01,54,5C,06,
432000,000002C4,false,Rx,0,8,09,00,00,00,0A,03,00,00,
432000,000002C5,false,Rx,0,8,00,00,00,00,00,00,00,00,
433000,000002C6,false,Rx,0,8,32,00,7C,01,00,00,00,00,
451000,0000060D,false,Rx,0,8,0D,10,83,B6,09,20,70,00,
502000,00000625,false,Rx,0,8,25,00,59,86,01,54,5C,06,
550000,0000060D,false,Rx,0,8,0D,10,83,B6,09,20,70,00,
561000,00000054,false,Rx,0,8,01,05,EF,00,0A,03,00,00,
561000,00000055,false,Rx,0,8,10,27,00,00,00,00,00,00,
562000,00000056,false,Rx,0,8,10,27,00,00,00,00,00,00,
562000,00000057,false,Rx,0,8,00,00,FE,FF,FE,FF,00,00,
601000,00000625,false,Rx,0,8,25,00,59,86,01,54,5C,06,
651000,0000060D,false,Rx,0,8,0D,10,83,B6,09,20,70,00,
652000,000002C4,false,Rx,0,8,09,00,00,00,0A,03,00,00,
652000,000002C5,false,Rx,0,8,00,00,00,00,00,00,00,00,
652000,000002C6,false,Rx,0,8,32,00,7C,01,00,00,00,00,
701000,00000625,false,Rx,0,8,25,00,59,86,01,54,5C,06,
752000,0000060D,false,Rx,0,8,0D,10,83,B6,09,20,70,00,
761000,00000054,false,Rx,0,8,01,05,EF,00,0A,03,00,00,
761000,00000055,false,Rx,0,8,10,27,00,00,00,00,00,00,
761000,00000056,false,Rx,0,8,10,27,00,00,00,00,00,00,
761000,00000057,false,Rx,0,8,00,00,FE,FF,FE,FF,00,00,
801000,00000625,false,Rx,0,8,25,00,59,86,01,54,5C,06,
850000,0000060D,false,Rx,0,8,0D,10,83,B6,09,20,70,00,
872000,000002C4,false,Rx,0,8,09,00,00,00,0A,03,00,00,
872000,000002C5,false,Rx,0,8,00,00,00,00,00,00,00,00,
873000,000002C6,false,Rx,0,8,32,00,7C,01,00,00,00,00,
901000,00000625,false,Rx,0,8,25,00,59,86,01,54,5C,06,
951000,0000060D,false,Rx,0,8,0D,10,83,B6,09,20,70,00,
961000,00000054,false,Rx,0,8,01,05,EF,00,0A,03,00,00,
961000,00000055,false,Rx,0,8,10,27,00,00,00,00,00,00,
961000,00000056,false,Rx,0,8,10,27,00,00,00,00,00,00,
962000,00000057,false,Rx,0,8,00,00,FE,FF,FE,FF,00,00,
1000,00000625,false,Rx,0,8,25,00,59,86,01,54,5C,06,
51000,0000060D,false,Rx,0,8,0D,10,83,B6,09,20,70,00,
92000,000002C4,false,Rx,0,8,09,00,00,00,0A,03,00,00,
92000,000002C5,false,Rx,0,8,00,00,00,00,00,00,00,00,
92000,000002C6,false,Rx,0,8,32,00,7C,01,00,00,00,00,
101000,00000625,false,Rx,0,8,25,00,59,86,01,54,5C,06,
151000,0000060D,false,Rx,0,8,0D,10,83,B6,09,20,70,00,
161000,00000054,false,Rx,0,8,01,05,EF,00,0A,03,00,00,
161000,00000055,false,Rx,0,8,10,27,00,00,00,00,00,00,
161000,00000056,false,Rx,0,8,10,27,00,00,00,00,00,00,
161000,00000057,false,Rx,0,8,00,00,FE,FF,FE,FF,00,00,
201000,00000625,false,Rx,0,8,25,00,59,86,01,54,5C,06,
251000,0000060D,false,Rx,0,8,0D,10,83,B6,09,20,70,00,
302000,00000625,false,Rx,0,8,25,00,59,86,01,54,5C,06,
312000,000002C4,false,Rx,0,8,09,00,00,00,0A,03,00,00,
312000,000002C5,false,Rx,0,8,00,00,00,00,00,00,00,00,
313000,000002C6,false,Rx,0,8,32,00,7C,01,00,00,00,00,
350000,0000060D,false,Rx,0,8,0D,10,83,B6,09,20,70,00,
0,00000054,false,Rx,0,8,01,05,EF,00,0A,03,00,00,
0,00000055,false,Rx,0,8,10,27,00,00,00,00,00,00,
361000,00000056,false,Rx,0,8,10,27,00,00,00,00,00,00,
362000,00000057,false,Rx,0,8,00,00,FE,FF,FE,FF,00,00,
402000,00000625,false,Rx,0,8,25,00,59,86,01,54,5C,06,
451000,0000060D,false,Rx,0,8,0D,10,83,B6,09,20,70,00,
502000,00000625,false,Rx,0,8,25,00,59,86,01,54,5C,06,
0,000002C4,false,Rx,0,8,09,00,00,00,0A,03,00,00,
0,000002C5,false,Rx,0,8,00,00,00,00,00,00,00,00,
533000,000002C6,false,Rx,0,8,32,00,7C,01,00,00,00,00,
551000,0000060D,false,Rx,0,8,0D,10,83,B6,09,20,70,00,
561000,00000054,false,Rx,0,8,01,05,EF,00,0A,03,00,00,
561000,00000055,false,Rx,0,8,10,27,00,00,00,00,00,00,
562000,00000056,false,Rx,0,8,10,27,00,00,00,00,00,00,
562000,00000057,false,Rx,0,8,00,00,FE,FF,FE,FF,00,00,
601000,00000625,false,Rx,0,8,25,00,59,86,01,54,5C,06,
651000,0000060D,false,Rx,0,8,0D,10,83,B6,09,20,70,00,
701000,00000625,false,Rx,0,8,25,00,59,86,01,54,5C,06,
751000,0000060D,false,Rx,0,8,0D,10,83,B6,09,20,70,00,
752000,000002C4,false,Rx,0,8,09,00,00,00,0A,03,00,00,
752000,000002C5,false,Rx,0,8,00,00,00,00,00,00,00,00,
752000,000002C6,false,Rx,0,8,32,00,7C,01,00,00,00,00,
760000,00000054,false,Rx,0,8,01,05,EF,00,0A,03,00,00,
760000,00000055,false,Rx,0,8,10,27,00,00,00,00,00,00,
761000,00000056,false,Rx,0,8,10,27,00,00,00,00,00,00,
761000,00000057,false,Rx,0,8,00,00,FE,FF,FE,FF,00,00,
801000,00000625,false,Rx,0,8,25,00,59,86,01,54,5C,06,
851000,0000060D,false,Rx,0,8,0D,10,83,B6,09,20,70,00,
901000,00000625,false,Rx,0,8,25,00,59,86,01,54,5C,06,
951000,0000060D,false,Rx,0,8,0D,10,83,B6,09,20,70,00,
961000,00000054,false,Rx,0,8,01,05,EF,00,0A,03,00,00,
961000,00000055,false,Rx,0,8,10,27,00,00,00,00,00,00,
961000,00000056,false,Rx,0,8,10,27,00,00,00,00,00,00,
962000,00000057,false,Rx,0,8,00,00,FE,FF,FE,FF,00,00,
973000,000002C4,false,Rx,0,8,09,00,00,00,0A,03,00,00,
973000,000002C5,false,Rx,0,8,00,00,00,00,00,00,00,00,
973000,000002C6,false,Rx,0,8,32,00,7C,01,00,00,00,00,
2000,00000625,false,Rx,0,8,25,00,59,86,01,54,5C,06,
50000,0000060D,false,Rx,0,8,0D,10,83,B6,09,20,70,00,
102000,00000625,false,Rx,0,8,25,00,59,86,01,54,5C,06,
151000,0000060D,false,Rx,0,8,0D,10,83,B6,09,20,70,00,
161000,00000054,false,Rx,0,8,01,05,EF,00,0A,03,00,00,
161000,00000055,false,Rx,0,8,10,27,00,00,00,00,00,00,
162000,00000056,false,Rx,0,8,10,27,00,00,00,00,00,00,
162000,00000057,false,Rx,0,8,00,00,FE,FF,FE,FF,00,00,
193000,000002C4,false,Rx,0,8,09,00,00,00,0A,03,00,00,
193000,000002C5,false,Rx,0,8,00,00,00,00,00,00,00,00,
193000,000002C6,false,Rx,0,8,32,00,7C,01,00,00,00,00,
202000,00000625,false,Rx,0,8,25,00,59,86,01,54,5C,06,
251000,0000060D,false,Rx,0,8,0D,10,83,B6,09,20,70,00,
301000,00000625,false,Rx,0,8,25,00,59,86,01,54,5C,06,
351000,0000060D,false,Rx,0,8,0D,10,83,B6,09,20,70,00,
361000,00000054,false,Rx,0,8,01,05,EF,00,0A,03,00,00,
0,00000055,false,Rx,0,8,10,27,00,00,00,00,00,00,
0,00000056,false,Rx,0,8,10,27,00,00,00,00,00,00,
362000,00000057,false,Rx,0,8,00,00,FE,FF,FE,FF,00,00,
401000,00000625,false,Rx,0,8,25,00,59,86,01,54,5C,06,
412000,000002C4,false,Rx,0,8,09,00,00,00,0A,03,00,00,
412000,000002C5,false,Rx,0,8,00,00,00,00,00,00,00,00,
412000,000002C6,false,Rx,0,8,32,00,7C,01,00,00,00,00,
450000,0000060D,false,Rx,0,8,0D,10,83,B6,09,20,70,00,
502000,00000625,false,Rx,0,8,25,00,59,86,01,54,5C,06,
551000,0000060D,false,Rx,0,8,0D,10,83,B6,09,20,70,00,
561000,00000054,false,Rx,0,8,01,05,EF,00,0A,03,00,00,
561000,00000055,false,Rx,0,8,10,27,00,00,00,00,00,00,
561000,00000056,false,Rx,0,8,10,27,00,00,00,00,00,00,
561000,00000057,false,Rx,0,8,00,00,FE,FF,FE,FF,00,00,
601000,00000625,false,Rx,0,8,25,00,59,86,01,54,5C,06,
632000,000002C4,false,Rx,0,8,09,00,00,00,0A,03,00,00,
632000,000002C5,false,Rx,0,8,00,00,00,00,00,00,00,00,
632000,000002C6,false,Rx,0,8,32,00,7C,01,00,00,00,00,
650000,0000060D,false,Rx,0,8,0D,10,83,B6,09,20,70,00,
702000,00000625,false,Rx,0,8,25,00,59,86,01,54,5C,06,
752000,0000060D,false,Rx,0,8,0D,10,83,B6,09,20,70,00,
760000,00000054,false,Rx,0,8,01,05,EF,00,0A,03,00,00,
761000,00000055,false,Rx,0,8,10,27,00,00,00,00,00,00,
761000,00000056,false,Rx,0,8,10,27,00,00,00,00,00,00,
761000,00000057,false,Rx,0,8,00,00,FE,FF,FE,FF,00,00,
802000,00000625,false,Rx,0,8,25,00,59,86,01,54,5C,06,
851000,0000060D,false,Rx,0,8,0D,10,83,B6,09,20,70,00,
852000,000002C4,false,Rx,0,8,09,00,00,00,0A,03,00,00,
852000,000002C5,false,Rx,0,8,00,00,00,00,00,00,00,00,
852000,000002C6,false,Rx,0,8,32,00,7C,01,00,00,00,00,
902000,00000625,false,Rx,0,8,25,00,59,86,01,54,5C,06,
951000,0000060D,false,Rx,0,8,0D,10,83,B6,09,20,70,00,
961000,00000054,false,Rx,0,8,01,05,EF,00,0A,03,00,00,
961000,00000055,false,Rx,0,8,10,27,00,00,00,00,00,00,
962000,00000056,false,Rx,0,8,10,27,00,00,00,00,00,00,
962000,00000057,false,Rx,0,8,00,00,FE,FF,FE,FF,00,00,
1000,00000625,false,Rx,0,8,25,00,59,86,01,54,5C,06,
51000,0000060D,false,Rx,0,8,0D,10,83,B6,09,20,70,00,
73000,000002C4,false,Rx,0,8,09,00,00,00,0A,03,00,00,
73000,000002C5,false,Rx,0,8,00,00,00,00,00,00,00,00,
74000,000002C6,false,Rx,0,8,32,00,7C,01,00,00,00,00,
101000,00000625,false,Rx,0,8,25,00,59,86,01,54,5C,06,
151000,0000060D,false,Rx,0,8,0D,10,83,B6,09,20,70,00,
161000,00000054,false,Rx,0,8,01,05,EF,00,0A,03,00,00,
161000,00000055,false,Rx,0,8,10,27,00,00,00,00,00,00,
161000,00000056,false,Rx,0,8,10,27,00,00,00,00,00,00,
161000,00000057,false,Rx,0,8,00,00,FE,FF,FE,FF,00,00,
201000,00000625,false,Rx,0,8,25,00,59,86,01,54,5C,06,
251000,0000060D,false,Rx,0,8,0D,10,83,B6,09,20,70,00,
292000,000002C4,false,Rx,0,8,09,00,00,00,0A,03,00,00,
292000,000002C5,false,Rx,0,8,00,00,00,00,00,00,00,00,
292000,000002C6,false,Rx,0,8,32,00,7C,01,00,00,00,00,
302000,00000625,false,Rx,0,8,25,00,59,86,01,54,5C,06,
350000,0000060D,false,Rx,0,8,0D,10,83,B6,09,20,70,00,
0,00000054,false,Rx,0,8,01,05,EF,00,0A,03,00,00,
0,00000055,false,Rx,0,8,10,27,00,00,00,00,00,00,
361000,00000056,false,Rx,0,8,10,27,00,00,00,00,00,00,
362000,00000057,false,Rx,0,8,00,00,FE,FF,FE,FF,00,00,
401000,00000625,false,Rx,0,8,25,00,59,86,01,54,5C,06,
451000,0000060D,false,Rx,0,8,0D,10,83,B6,09,20,70,00,
501000,00000625,false,Rx,0,8,25,00,59,86,01,54,5C,06,
512000,000002C4,false,Rx,0,8,09,00,00,00,0A,03,00,00,
512000,000002C5,false,Rx,0,8,00,00,00,00,00,00,00,00,
513000,000002C6,false,Rx,0,8,32,00,7C,01,00,00,00,00,
551000,0000060D,false,Rx,0,8,0D,10,83,B6,09,20,70,00,
560000,00000054,false,Rx,0,8,01,05,EF,00,0A,03,00,00,
561000,00000055,false,Rx,0,8,10,27,00,00,00,00,00,00,
0,00000056,false,Rx,0,8,10,27,00,00,00,00,00,00,
0,00000057,false,Rx,0,8,00,00,FE,FF,FE,FF,00,00,
602000,00000625,false,Rx,0,8,25,00,59,86,01,54,5C,06,
651000,0000060D,false,Rx,0,8,0D,10,83,B6,09,20,70,00,
702000,00000625,false,Rx,0,8,25,00,59,86,01,54,5C,06,
732000,000002C4,false,Rx,0,8,09,00,00,00,0A,03,00,00,
732000,000002C5,false,Rx,0,8,00,00,00,00,00,00,00,00,
732000,000002C6,false,Rx,0,8,32,00,7C,01,00,00,00,00,
751000,0000060D,false,Rx,0,8,0D,10,83,B6,09,20,70,00,
760000,00000054,false,Rx,0,8,01,05,EF,00,0A,03,00,00,
0,00000055,false,Rx,0,8,10,27,00,00,00,00,00,00,
0,00000056,false,Rx,0,8,10,27,00,00,00,00,00,00,
761000,00000057,false,Rx,0,8,00,00,FE,FF,FE,FF,00,00,
802000,00000625,false,Rx,0,8,25,00,59,86,01,54,5C,06,
851000,0000060D,false,Rx,0,8,0D,10,83,B6,09,20,70,00,
901000,00000625,false,Rx,0,8,25,00,59,86,01,54,5C,06,
951000,0000060D,false,Rx,0,8,0D,10,83,B6,09,20,70,00,
0,000002C4,false,Rx,0,8,09,00,00,00,0A,03,00,00,
0,000002C5,false,Rx,0,8,00,00,00,00,00,00,00,00,
952000,000002C6,false,Rx,0,8,32,00,7C,01,00,00,00,00,
961000,00000054,false,Rx,0,8,01,05,EF,00,0A,03,00,00,
961000,00000055,false,Rx,0,8,10,27,00,00,00,00,00,00,
961000,00000056,false,Rx,0,8,10,27,00,00,00,00,00,00,
962000,00000057,false,Rx,0,8,00,00,FE,FF,FE,FF,00,00,
1000,00000625,false,Rx,0,8,25,00,59,86,01,54,5C,06,
51000,0000060D,false,Rx,0,8,0D,10,83,B6,09,20,70,00,
101000,00000625,false,Rx,0,8,25,00,59,86,01,54,5C,06,
151000,0000060D,false,Rx,0,8,0D,10,83,B6,09,20,70,00,
160000,00000054,false,Rx,0,8,01,05,EF,00,0A,03,00,00,
160000,00000055,false,Rx,0,8,10,27,00,00,00,00,00,00,
161000,00000056,false,Rx,0,8,10,27,00,00,00,00,00,00,
161000,00000057,false,Rx,0,8,00,00,FE,FF,FE,FF,00,00,
172000,000002C4,false,Rx,0,8,09,00,00,00,0A,03,00,00,
172000,000002C5,false,Rx,0,8,00,00,00,00,00,00,00,00,
172000,000002C6,false,Rx,0,8,32,00,7C,01,00,00,00,00,
201000,00000625,false,Rx,0,8,25,00,59,86,01,54,5C,06,
251000,0000060D,false,Rx,0,8,0D,10,83,B6,09,20,70,00,
302000,00000625,false,Rx,0,8,25,00,59,86,01,54,5C,06,
351000,0000060D,false,Rx,0,8,0D,10,83,B6,09,20,70,00,
361000,00000054,false,Rx,0,8,01,05,EF,00,0A,03,00,00,
361000,00000055,false,Rx,0,8,10,27,00,00,00,00,00,00,
0,00000056,false,Rx,0,8,10,27,00,00,00,00,00,00,
0,00000057,false,Rx,0,8,00,00,FE,FF,FE,FF,00,00,
393000,000002C4,false,Rx,0,8,09,00,00,00,0A,03,00,00,
393000,000002C5,false,Rx,0,8,00,00,00,00,00,00,00,00,
393000,000002C6,false,Rx,0,8,32,00,7C,01,00,00,00,00,
402000,00000625,false,Rx,0,8,25,00,59,86,01,54,5C,06,
451000,0000060D,false,Rx,0,8,0D,10,83,B6,09,20,70,00,
501000,00000625,false,Rx,0,8,25,00,59,86,01,54,5C,06,
551000,0000060D,false,Rx,0,8,0D,10,83,B6,09,20,70,00,
560000,00000054,false,Rx,0,8,01,05,EF,00,0A,03,00,00,
561000,00000055,false,Rx,0,8,10,27,00,00,00,00,00,00,
561000,00000056,false,Rx,0,8,10,27,00,00,00,00,00,00,
561000,00000057,false,Rx,0,8,00,00,FE,FF,FE,FF,00,00,
601000,00000625,false,Rx,0,8,25,00,59,86,01,54,5C,06,
612000,000002C4,false,Rx,0,8,09,00,00,00,0A,03,00,00,
612000,000002C5,false,Rx,0,8,00,00,00,00,00,00,00,00,
613000,000002C6,false,Rx,0,8,32,00,7C,01,00,00,00,00,
651000,0000060D,false,Rx,0,8,0D,10,83,B6,09,20,70,00,
702000,00000625,false,Rx,0,8,25,00,59,86,01,54,5C,06,
751000,0000060D,false,Rx,0,8,0D,10,83,B6,09,20,70,00,
761000,00000054,false,Rx,0,8,01,05,EF,00,0A,03,00,00,
761000,00000055,false,Rx,0,8,10,27,00,00,00,00,00,00,
761000,00000056,false,Rx,0,8,10,27,00,00,00,00,00,00,
762000,00000057,false,Rx,0,8,00,00,FE,FF,FE,FF,00,00,
801000,00000625,false,Rx,0,8,25,00,59,86,01,54,5C,06,
832000,000002C4,false,Rx,0,8,09,00,00,00,0A,03,00,00,
832000,000002C5,false,Rx,0,8,00,00,00,00,00,00,00,00,
832000,000002C6,false,Rx,0,8,32,00,7C,01,00,00,00,00,
851000,0000060D,false,Rx,0,8,0D,10,83,B6,09,20,70,00,
902000,00000625,false,Rx,0,8,25,00,59,86,01,54,5C,06,
951000,0000060D,false,Rx,0,8,0D,10,83,B6,09,20,70,00,
961000,00000054,false,Rx,0,8,01,05,EF,00,0A,03,00,00,
961000,00000055,false,Rx,0,8,10,27,00,00,00,00,00,00,
961000,00000056,false,Rx,0,8,10,27,00,00,00,00,00,00,
962000,00000057,false,Rx,0,8,00,00,FE,FF,FE,FF,00,00,
1000,00000625,false,Rx,0,8,25,00,59,86,01,54,5C,06,
51000,0000060D,false,Rx,0,8,0D,10,83,B6,09,20,70,00,
52000,000002C4,false,Rx,0,8,09,00,00,00,0A,03,00,00,
0,000002C5,false,Rx,0,8,00,00,00,00,00,00,00,00,
0,000002C6,false,Rx,0,8,32,00,7C,01,00,00,00,00,
101000,00000625,false,Rx,0,8,25,00,59,86,01,54,5C,06,
151000,0000060D,false,Rx,0,8,0D,10,83,B6,09,20,70,00,
161000,00000054,false,Rx,0,8,01,05,EF,00,0A,03,00,00,
161000,00000055,false,Rx,0,8,10,27,00,00,00,00,00,00,
161000,00000056,false,Rx,0,8,10,27,00,00,00,00,00,00,
162000,00000057,false,Rx,0,8,00,00,FE,FF,FE,FF,00,00,
201000,00000625,false,Rx,0,8,25,00,59,86,01,54,5C,06,
251000,0000060D,false,Rx,0,8,0D,10,83,B6,09,20,70,00,
273000,000002C4,false,Rx,0,8,09,00,00,00,0A,03,00,00,
273000,000002C5,false,Rx,0,8,00,00,00,00,00,00,00,00,
273000,000002C6,false,Rx,0,8,32,00,7C,01,00,00,00,00,
301000,00000625,false,Rx,0,8,25,00,59,86,01,54,5C,06,
351000,0000060D,false,Rx,0,8,0D,10,83,B6,09,20,70,00,
361000,00000054,false,Rx,0,8,01,05,EF,00,0A,03,00,00,
361000,00000055,false,Rx,0,8,10,27,00,00,00,00,00,00,
361000,00000056,false,Rx,0,8,10,27,00,00,00,00,00,00,
362000,00000057,false,Rx,0,8,00,00,FE,FF,FE,FF,00,00,
401000,00000625,false,Rx,0,8,25,00,59,86,01,54,5C,06,
451000,0000060D,false,Rx,0,8,0D,10,83,B6,09,20,70,00,
492000,000002C4,false,Rx,0,8,09,00,00,00,0A,03,00,00,
492000,000002C5,false,Rx,0,8,00,00,00,00,00,00,00,00,
493000,000002C6,false,Rx,0,8,32,00,7C,01,00,00,00,00,
502000,00000625,false,Rx,0,8,25,00,59,86,01,54,5C,06,
551000,0000060D,false,Rx,0,8,0D,10,83,B6,09,20,70,00,
561000,00000054,false,Rx,0,8,01,05,EF,00,0A,03,00,00,
561000,00000055,false,Rx,0,8,10,27,00,00,00,00,00,00,
561000,00000056,false,Rx,0,8,10,27,00,00,00,00,00,00,
561000,00000057,false,Rx,0,8,00,00,FE,FF,FE,FF,00,00,
601000,00000625,false,Rx,0,8,25,00,59,86,01,54,5C,06,
651000,0000060D,false,Rx,0,8,0D,10,83,B6,09,20,70,00,
701000,00000625,false,Rx,0,8,25,00,59,86,01,54,5C,06,
712000,000002C4,false,Rx,0,8,09,00,00,00,0A,03,00,00,
712000,000002C5,false,Rx,0,8,00,00,00,00,00,00,00,00,
713000,000002C6,false,Rx,0,8,32,00,7C,01,00,00,00,00,
751000,0000060D,false,Rx,0,8,0D,10,83,B6,09,20,70,00,
761000,00000054,false,Rx,0,8,01,05,EF,00,0A,03,00,00,
761000,00000055,false,Rx,0,8,10,27,00,00,00,00,00,00,
761000,00000056,false,Rx,0,8,10,27,00,00,00,00,00,00,
762000,00000057,false,Rx,0,8,00,00,FE,FF,FE,FF,00,00,
801000,00000625,false,Rx,0,8,25,00,59,86,01,54,5C,06,
851000,0000060D,false,Rx,0,8,0D,10,83,B6,09,20,70,00,
901000,00000625,false,Rx,0,8,25,00,59,86,01,54,5C,06,
932000,000002C4,false,Rx,0,8,09,00,00,00,0A,03,00,00,
932000,000002C5,false,Rx,0,8,00,00,00,00,00,00,00,00,
933000,000002C6,false,Rx,0,8,32,00,7C,01,00,00,00,00,
951000,0000060D,false,Rx,0,8,0D,10,83,B6,09,20,70,00,
960000,00000054,false,Rx,0,8,01,05,EF,00,0A,03,00,00,
960000,00000055,false,Rx,0,8,10,27,00,00,00,00,00,00,
961000,00000056,false,Rx,0,8,10,27,00,00,00,00,00,00,
961000,00000057,false,Rx,0,8,00,00,FE,FF,FE,FF,00,00,
2000,00000625,false,Rx,0,8,25,00,59,86,01,54,5C,06,
50000,0000060D,false,Rx,0,8,0D,10,83,B6,09,20,70,00,
101000,00000625,false,Rx,0,8,25,00,59,86,01,54,5C,06,
151000,0000060D,false,Rx,0,8,0D,10,83,B6,09,20,70,00,
152000,000002C4,false,Rx,0,8,09,00,00,00,0A,03,00,00,
152000,000002C5,false,Rx,0,8,00,00,00,00,00,00,00,00,
152000,000002C6,false,Rx,0,8,32,00,7C,01,00,00,00,00,
161000,00000054,false,Rx,0,8,01,05,EF,00,0A,03,00,00,
161000,00000055,false,Rx,0,8,10,27,00,00,00,00,00,00,
161000,00000056,false,Rx,0,8,10,27,00,00,00,00,00,00,
161000,00000057,false,Rx,0,8,00,00,FE,FF,FE,FF,00,00,
201000,00000625,false,Rx,0,8,25,00,59,86,01,54,5C,06,
251000,0000060D,false,Rx,0,8,0D,10,83,B6,09,20,70,00,
302000,00000625,false,Rx,0,8,25,00,59,86,01,54,5C,06,
351000,0000060D,false,Rx,0,8,0D,10,83,B6,09,20,70,00,
0,00000054,false,Rx,0,8,01,05,EF,00,0A,03,00,00,
0,00000055,false,Rx,0,8,10,27,00,00,00,00,00,00,
0,00000056,false,Rx,0,8,10,27,00,00,00,00,00,00,
362000,00000057,false,Rx,0,8,00,00,FE,FF,FE,FF,00,00,
372000,000002C4,false,Rx,0,8,09,00,00,00,0A,03,00,00,
372000,000002C5,false,Rx,0,8,00,00,00,00,00,00,00,00,
372000,000002C6,false,Rx,0,8,32,00,7C,01,00,00,00,00,
401000,00000625,false,Rx,0,8,25,00,59,86,01,54,5C,06,
451000,0000060D,false,Rx,0,8,0D,10,83,B6,09,20,70,00,
502000,00000625,false,Rx,0,8,25,00,59,86,01,54,5C,06,
551000,0000060D,false,Rx,0,8,0D,10,83,B6,09,20,70,00,
561000,00000054,false,Rx,0,8,01,05,EF,00,0A,03,00,00,
561000,00000055,false,Rx,0,8,10,27,00,00,00,00,00,00,
561000,00000056,false,Rx,0,8,10,27,00,00,00,00,00,00,
561000,00000057,false,Rx,0,8,00,00,FE,FF,FE,FF,00,00,
0,000002C4,false,Rx,0,8,09,00,00,00,0A,03,00,00,
0,000002C5,false,Rx,0,8,00,00,00,00,00,00,00,00,
593000,000002C6,false,Rx,0,8,32,00,7C,01,00,00,00,00,
601000,00000625,false,Rx,0,8,25,00,59,86,01,54,5C,06,
651000,0000060D,false,Rx,0,8,0D,10,83,B6,09,20,70,00,
701000,00000625,false,Rx,0,8,25,00,59,86,01,54,5C,06,
752000,0000060D,false,Rx,0,8,0D,10,83,B6,09,20,70,00,
761000,00000054,false,Rx,0,8,01,05,EF,00,0A,03,00,00,
0,00000055,false,Rx,0,8,10,27,00,00,00,00,00,00,
0,00000056,false,Rx,0,8,10,27,00,00,00,00,00,00,
761000,00000057,false,Rx,0,8,00,00,FE,FF,FE,FF,00,00,
801000,00000625,false,Rx,0,8,25,00,59,86,01,54,5C,06,
813000,000002C4,false,Rx,0,8,09,00,00,00,0A,03,00,00,
813000,000002C5,false,Rx,0,8,00,00,00,00,00,00,00,00,
814000,000002C6,false,Rx,0,8,32,00,7C,01,00,00,00,00,
851000,0000060D,false,Rx,0,8,0D,10,83,B6,09,20,70,00,
902000,00000625,false,Rx,0,8,25,00,59,86,01,54,5C,06,
951000,0000060D,false,Rx,0,8,0D,10,83,B6,09,20,70,00,
961000,00000054,false,Rx,0,8,01,05,EF,00,0A,03,00,00,
961000,00000055,false,Rx,0,8,10,27,00,00,00,00,00,00,
962000,00000056,false,Rx,0,8,10,27,00,00,00,00,00,00,
962000,00000057,false,Rx,0,8,00,00,FE,FF,FE,FF,00,00,
2000,00000625,false,Rx,0,8,25,00,59,86,01,54,5C,06,
0,000002C4,false,Rx,0,8,09,00,00,00,0A,03,00,00,
0,000002C5,false,Rx,0,8,00,00,00,00,00,00,00,00,
34000,000002C6,false,Rx,0,8,32,00,7C,01,00,00,00,00,
51000,0000060D,false,Rx,0,8,0D,10,83,B6,09,20,70,00,
102000,00000625,false,Rx,0,8,25,00,59,86,01,54,5C,06,
151000,0000060D,false,Rx,0,8,0D,10,83,B6,09,20,70,00,
161000,00000054,false,Rx,0,8,01,05,EF,00,0A,03,00,00,
161000,00000055,false,Rx,0,8,10,27,00,00,00,00,00,00,
162000,00000056,false,Rx,0,8,10,27,00,00,00,00,00,00,
162000,00000057,false,Rx,0,8,00,00,FE,FF,FE,FF,00,00,
202000,00000625,false,Rx,0,8,25,00,59,86,01,54,5C,06,
251000,0000060D,false,Rx,0,8,0D,10,83,B6,09,20,70,00,
0,000002C4,false,Rx,0,8,09,00,00,00,0A,03,00,00,
0,000002C5,false,Rx,0,8,00,00,00,00,00,00,00,00,
253000,000002C6,false,Rx,0,8,32,00,7C,01,00,00,00,00,
301000,00000625,false,Rx,0,8,25,00,59,86,01,54,5C,06,
351000,0000060D,false,Rx,0,8,0D,10,83,B6,09,20,70,00,
361000,00000054,false,Rx,0,8,01,05,EF,00,0A,03,00,00,
361000,00000055,false,Rx,0,8,10,27,00,00,00,00,00,00,
361000,00000056,false,Rx,0,8,10,27,00,00,00,00,00,00,
362000,00000057,false,Rx,0,8,00,00,FE,FF,FE,FF,00,00,
401000,00000625,false,Rx,0,8,25,00,59,86,01,54,5C,06,
451000,0000060D,false,Rx,0,8,0D,10,83,B6,09,20,70,00,
473000,000002C4,false,Rx,0,8,09,00,00,00,0A,03,00,00,
473000,000002C5,false,Rx,0,8,00,00,00,00,00,00,00,00,
474000,000002C6,false,Rx,0,8,32,00,7C,01,00,00,00,00,
501000,00000625,false,Rx,0,8,25,00,59,86,01,54,5C,06,
551000,0000060D,false,Rx,0,8,0D,10,83,B6,09,20,70,00,
561000,00000054,false,Rx,0,8,01,05,EF,00,0A,03,00,00,
561000,00000055,false,Rx,0,8,10,27,00,00,00,00,00,00,
561000,00000056,false,Rx,0,8,10,27,00,00,00,00,00,00,
561000,00000057,false,Rx,0,8,00,00,FE,FF,FE,FF,00,00,
601000,00000625,false,Rx,0,8,25,00,59,86,01,54,5C,06,
651000,0000060D,false,Rx,0,8,0D,10,83,B6,09,20,70,00,
692000,000002C4,false,Rx,0,8,09,00,00,00,0A,03,00,00,
692000,000002C5,false,Rx,0,8,00,00,00,00,00,00,00,00,
693000,000002C6,false,Rx,0,8,32,00,7C,01,00,00,00,00,
701000,00000625,false,Rx,0,8,25,00,59,86,01,54,5C,06,
752000,0000060D,false,Rx,0,8,0D,10,83,B6,09,20,70,00,
760000,00000054,false,Rx,0,8,01,05,EF,00,0A,03,00,00,
761000,00000055,false,Rx,0,8,10,27,00,00,00,00,00,00,
761000,00000056,false,Rx,0,8,10,27,00,00,00,00,00,00,
761000,00000057,false,Rx,0,8,00,00,FE,FF,FE,FF,00,00,
802000,00000625,false,Rx,0,8,25,00,59,86,01,54,5C,06,
851000,0000060D,false,Rx,0,8,0D,10,83,B6,09,20,70,00,
901000,00000625,false,Rx,0,8,25,00,59,86,01,54,5C,06,
912000,000002C4,false,Rx,0,8,09,00,00,00,0A,03,00,00,
912000,000002C5,false,Rx,0,8,00,00,00,00,00,00,00,00,
912000,000002C6,false,Rx,0,8,32,00,7C,01,00,00,00,00,
951000,0000060D,false,Rx,0,8,0D,10,83,B6,09,20,70,00,
960000,00000054,false,Rx,0,8,01,05,EF,00,0A,03,00,00,
960000,00000055,false,Rx,0,8,10,27,00,00,00,00,00,00,
961000,00000056,false,Rx,0,8,10,27,00,00,00,00,00,00,
961000,00000057,false,Rx,0,8,00,00,FE,FF,FE,FF,00,00,
1000,00000625,false,Rx,0,8,25,00,59,86,01,54,5C,06,
51000,0000060D,false,Rx,0,8,0D,10,83,B6,09,20,70,00,
101000,00000625,false,Rx,0,8,25,00,59,86,01,54,5C,06,
132000,000002C4,false,Rx,0,8,09,00,00,00,0A,03,00,00,
132000,000002C5,false,Rx,0,8,00,00,00,00,00,00,00,00,
133000,000002C6,false,Rx,0,8,32,00,7C,01,00,00,00,00,
151000,0000060D,false,Rx,0,8,0D,10,83,B6,09,20,70,00,
161000,00000054,false,Rx,0,8,01,05,EF,00,0A,03,00,00,
161000,00000055,false,Rx,0,8,10,27,00,00,00,00,00,00,
161000,00000056,false,Rx,0,8,10,27,00,00,00,00,00,00,
162000,00000057,false,Rx,0,8,00,00,FE,FF,FE,FF,00,00,
201000,00000625,false,Rx,0,8,25,00,59,86,01,54,5C,06,
251000,0000060D,false,Rx,0,8,0D,10,83,B6,09,20,70,00,
301000,00000625,false,Rx,0,8,25,00,59,86,01,54,5C,06,
350000,0000060D,false,Rx,0,8,0D,10,83,B6,09,20,70,00,
353000,000002C4,false,Rx,0,8,09,00,00,00,0A,03,00,00,
0,000002C5,false,Rx,0,8,00,00,00,00,00,00,00,00,
0,000002C6,false,Rx,0,8,32,00,7C,01,00,00,00,00,
0,00000054,false,Rx,0,8,01,05,EF,00,0A,03,00,00,
0,00000055,false,Rx,0,8,10,27,00,00,00,00,00,00,
361000,00000056,false,Rx,0,8,10,27,00,00,00,00,00,00,
362000,00000057,false,Rx,0,8,00,00,FE,FF,FE,FF,00,00,
401000,00000625,false,Rx,0,8,25,00,59,86,01,54,5C,06,
