Time Stamp,ID,Extended,Dir,Bus,LEN,D1,D2,D3,D4,D5,D6,D7,D8
956000,00000055,false,Rx,0,8,10,27,00,00,00,00,00,00,
956000,00000056,false,Rx,0,8,10,27,00,00,00,00,00,00,
957000,00000057,false,Rx,0,8,00,00,FE,FF,FE,FF,00,00,
988000,00000625,false,Rx,0,8,25,00,59,86,01,54,5C,06,
46000,0000060D,false,Rx,0,8,0D,10,83,B6,09,20,70,00,
88000,00000625,false,Rx,0,8,25,00,59,86,01,54,5C,06,
119000,000002C4,false,Rx,0,8,09,20,00,00,E3,02,00,00,
119000,000002C5,false,Rx,0,8,00,00,00,00,00,00,00,00,
119000,000002C6,false,Rx,0,8,32,00,7C,01,00,00,00,00,
146000,0000060D,false,Rx,0,8,0D,10,83,B6,09,20,70,00,
0,00000054,false,Rx,0,8,01,05,EF,00,E3,02,00,00,
0,00000055,false,Rx,0,8,10,27,00,00,00,00,00,00,
157000,00000056,false,Rx,0,8,10,27,00,00,00,00,00,00,
157000,00000057,false,Rx,0,8,00,00,FE,FF,FE,FF,00,00,
188000,00000625,false,Rx,0,8,25,00,59,86,01,54,5C,06,
246000,0000060D,false,Rx,0,8,0D,10,83,B6,09,20,70,00,
288000,00000625,false,Rx,0,8,25,00,59,86,01,54,5C,06,
339000,000002C4,false,Rx,0,8,09,20,00,00,E3,02,00,00,
339000,000002C5,false,Rx,0,8,00,00,00,00,00,00,00,00,
339000,000002C6,false,Rx,0,8,32,00,7C,01,00,00,00,00,
346000,0000060D,false,Rx,0,8,0D,10,83,B6,09,20,70,00,
356000,00000054,false,Rx,0,8,01,05,EF,00,E3,02,00,00,
356000,00000055,false,Rx,0,8,10,27,00,00,00,00,00,00,
356000,00000056,false,Rx,0,8,10,27,00,00,00,00,00,00,
357000,00000057,false,Rx,0,8,00,00,FE,FF,FE,FF,00,00,
388000,00000625,false,Rx,0,8,25,00,59,86,01,54,5C,06,
446000,0000060D,false,Rx,0,8,0D,10,83,B6,09,20,70,00,
488000,00000625,false,Rx,0,8,25,00,59,86,01,54,5C,06,
547000,0000060D,false,Rx,0,8,0D,10,83,B6,09,20,70,00,
556000,00000054,false,Rx,0,8,01,05,EF,00,E3,02,00,00,
556000,00000055,false,Rx,0,8,10,27,00,00,00,00,00,00,
557000,00000056,false,Rx,0,8,10,27,00,00,00,00,00,00,
557000,00000057,false,Rx,0,8,00,00,FE,FF,FE,FF,00,00,
559000,000002C4,false,Rx,0,8,09,20,00,00,E3,02,00,00,
560000,000002C5,false,Rx,0,8,00,00,00,00,00,00,00,00,
560000,000002C6,false,Rx,0,8,32,00,7C,01,00,00,00,00,
588000,00000625,false,Rx,0,8,25,00,59,86,01,54,5C,06,
646000,0000060D,false,Rx,0,8,0D,10,83,B6,09,20,70,00,
688000,00000625,false,Rx,0,8,25,00,59,86,01,54,5C,06,
746000,0000060D,false,Rx,0,8,0D,10,83,B6,09,20,70,00,
0,00000054,false,Rx,0,8,01,05,EF,00,E3,02,00,00,
0,00000055,false,Rx,0,8,10,27,00,00,00,00,00,00,
756000,00000056,false,Rx,0,8,10,27,00,00,00,00,00,00,
756000,00000057,false,Rx,0,8,00,00,FE,FF,FE,FF,00,00,
779000,000002C4,false,Rx,0,8,09,20,00,00,E3,02,00,00,
779000,000002C5,false,Rx,0,8,00,00,00,00,00,00,00,00,
779000,000002C6,false,Rx,0,8,32,00,7C,01,00,00,00,00,
788000,00000625,false,Rx,0,8,25,00,59,86,01,54,5C,06,
846000,0000060D,false,Rx,0,8,0D,10,83,B6,09,20,70,00,
888000,00000625,false,Rx,0,8,25,00,59,86,01,54,5C,06,
946000,0000060D,false,Rx,0,8,0D,10,83,B6,09,20,70,00,
956000,00000054,false,Rx,0,8,01,05,EF,00,E3,02,00,00,
956000,00000055,false,Rx,0,8,10,27,00,00,00,00,00,00,
956000,00000056,false,Rx,0,8,10,27,00,00,00,00,00,00,
957000,00000057,false,Rx,0,8,00,00,FE,FF,FE,FF,00,00,
987000,00000625,false,Rx,0,8,25,00,59,86,01,54,5C,06,
999000,000002C4,false,Rx,0,8,09,20,00,00,E3,02,00,00,
999000,000002C5,false,Rx,0,8,00,00,00,00,00,00,00,00,
0,000002C6,false,Rx,0,8,32,00,7C,01,00,00,00,00,
47000,0000060D,false,Rx,0,8,0D,10,83,B6,09,20,70,00,
88000,00000625,false,Rx,0,8,25,00,59,86,01,54,5C,06,
146000,0000060D,false,Rx,0,8,0D,10,83,B6,09,20,70,00,
156000,00000054,false,Rx,0,8,01,05,EF,00,E3,02,00,00,
156000,00000055,false,Rx,0,8,10,27,00,00,00,00,00,00,
0,00000056,false,Rx,0,8,10,27,00,00,00,00,00,00,
0,00000057,false,Rx,0,8,00,00,FE,FF,FE,FF,00,00,
188000,00000625,false,Rx,0,8,25,00,59,86,01,54,5C,06,
0,000002C4,false,Rx,0,8,09,20,00,00,E3,02,00,00,
0,000002C5,false,Rx,0,8,00,00,00,00,00,00,00,00,
220000,000002C6,false,Rx,0,8,32,00,7C,01,00,00,00,00,
246000,0000060D,false,Rx,0,8,0D,10,83,B6,09,20,70,00,
288000,00000625,false,Rx,0,8,25,00,59,86,01,54,5C,06,
346000,0000060D,false,Rx,0,8,0D,10,83,B6,09,20,70,00,
356000,00000054,false,Rx,0,8,01,05,EF,00,E3,02,00,00,
356000,00000055,false,Rx,0,8,10,27,00,00,00,00,00,00,
356000,00000056,false,Rx,0,8,10,27,00,00,00,00,00,00,
356000,00000057,false,Rx,0,8,00,00,FE,FF,FE,FF,00,00,
388000,00000625,false,Rx,0,8,25,00,59,86,01,54,5C,06,
439000,000002C4,false,Rx,0,8,09,20,00,00,E3,02,00,00,
439000,000002C5,false,Rx,0,8,00,00,00,00,00,00,00,00,
439000,000002C6,false,Rx,0,8,32,00,7C,01,00,00,00,00,
446000,0000060D,false,Rx,0,8,0D,10,83,B6,09,20,70,00,
488000,00000625,false,Rx,0,8,25,00,59,86,01,54,5C,06,
546000,0000060D,false,Rx,0,8,0D,10,83,B6,09,20,70,00,
556000,00000054,false,Rx,0,8,01,05,EF,00,E3,02,00,00,
556000,00000055,false,Rx,0,8,10,27,00,00,00,00,00,00,
556000,00000056,false,Rx,0,8,10,27,00,00,00,00,00,00,
557000,00000057,false,Rx,0,8,00,00,FE,FF,FE,FF,00,00,
588000,00000625,false,Rx,0,8,25,00,59,86,01,54,5C,06,
646000,0000060D,false,Rx,0,8,0D,10,83,B6,09,20,70,00,
659000,000002C4,false,Rx,0,8,09,20,00,00,E3,02,00,00,
659000,000002C5,false,Rx,0,8,00,00,00,00,00,00,00,00,
660000,000002C6,false,Rx,0,8,32,00,7C,01,00,00,00,00,
688000,00000625,false,Rx,0,8,25,00,59,86,01,54,5C,06,
746000,0000060D,false,Rx,0,8,0D,10,83,B6,09,20,70,00,
0,00000054,false,Rx,0,8,01,05,EF,00,E3,02,00,00,
0,00000055,false,Rx,0,8,10,27,00,00,00,00,00,00,
756000,00000056,false,Rx,0,8,10,27,00,00,00,00,00,00,
756000,00000057,false,Rx,0,8,00,00,FE,FF,FE,FF,00,00,
788000,00000625,false,Rx,0,8,25,00,59,86,01,54,5C,06,
846000,0000060D,false,Rx,0,8,0D,10,83,B6,09,20,70,00,
879000,000002C4,false,Rx,0,8,09,20,00,00,E3,02,00,00,
879000,000002C5,false,Rx,0,8,00,00,00,00,00,00,00,00,
879000,000002C6,false,Rx,0,8,32,00,7C,01,00,00,00,00,
888000,00000625,false,Rx,0,8,25,00,59,86,01,54,5C,06,
947000,0000060D,false,Rx,0,8,0D,10,83,B6,09,20,70,00,
956000,00000054,false,Rx,0,8,01,05,EF,00,E3,02,00,00,
956000,00000055,false,Rx,0,8,10,27,00,00,00,00,00,00,
956000,00000056,false,Rx,0,8,10,27,00,00,00,00,00,00,
957000,00000057,false,Rx,0,8,00,00,FE,FF,FE,FF,00,00,
988000,00000625,false,Rx,0,8,25,00,59,86,01,54,5C,06,
46000,0000060D,false,Rx,0,8,0D,10,83,B6,09,20,70,00,
88000,00000625,false,Rx,0,8,25,00,59,86,01,54,5C,06,
99000,000002C4,false,Rx,0,8,09,20,00,00,E3,02,00,00,
99000,000002C5,false,Rx,0,8,00,00,00,00,00,00,00,00,
99000,000002C6,false,Rx,0,8,32,00,7C,01,00,00,00,00,
146000,0000060D,false,Rx,0,8,0D,10,83,B6,09,20,70,00,
0,00000054,false,Rx,0,8,01,05,EF,00,E3,02,00,00,
0,00000055,false,Rx,0,8,10,27,00,00,00,00,00,00,
0,00000056,false,Rx,0,8,10,27,00,00,00,00,00,00,
0,00000057,false,Rx,0,8,00,00,FE,FF,FE,FF,00,00,
188000,00000625,false,Rx,0,8,25,00,59,86,01,54,5C,06,
246000,0000060D,false,Rx,0,8,0D,10,83,B6,09,20,70,00,
288000,00000625,false,Rx,0,8,25,00,59,86,01,54,5C,06,
0,000002C4,false,Rx,0,8,09,20,00,00,E3,02,00,00,
0,000002C5,false,Rx,0,8,00,00,00,00,00,00,00,00,
320000,000002C6,false,Rx,0,8,32,00,7C,01,00,00,00,00,
346000,0000060D,false,Rx,0,8,0D,10,83,B6,09,20,70,00,
356000,00000054,false,Rx,0,8,01,05,EF,00,E3,02,00,00,
356000,00000055,false,Rx,0,8,10,27,00,00,00,00,00,00,
356000,00000056,false,Rx,0,8,10,27,00,00,00,00,00,00,
357000,00000057,false,Rx,0,8,00,00,FE,FF,FE,FF,00,00,
388000,00000625,false,Rx,0,8,25,00,59,86,01,54,5C,06,
446000,0000060D,false,Rx,0,8,0D,10,83,B6,09,20,70,00,
488000,00000625,false,Rx,0,8,25,00,59,86,01,54,5C,06,
0,000002C4,false,Rx,0,8,09,20,00,00,E3,02,00,00,
0,000002C5,false,Rx,0,8,00,00,00,00,00,00,00,00,
540000,000002C6,false,Rx,0,8,32,00,7C,01,00,00,00,00,
546000,0000060D,false,Rx,0,8,0D,10,83,B6,09,20,70,00,
0,00000054,false,Rx,0,8,01,05,EF,00,E3,02,00,00,
0,00000055,false,Rx,0,8,10,27,00,00,00,00,00,00,
557000,00000056,false,Rx,0,8,10,27,00,00,00,00,00,00,
557000,00000057,false,Rx,0,8,00,00,FE,FF,FE,FF,00,00,
588000,00000625,false,Rx,0,8,25,00,59,86,01,54,5C,06,
646000,0000060D,false,Rx,0,8,0D,10,83,B6,09,20,70,00,
688000,00000625,false,Rx,0,8,25,00,59,86,01,54,5C,06,
746000,0000060D,false,Rx,0,8,0D,10,83,B6,09,20,70,00,
756000,00000054,false,Rx,0,8,01,05,EF,00,E3,02,00,00,
756000,00000055,false,Rx,0,8,10,27,00,00,00,00,00,00,
757000,00000056,false,Rx,0,8,10,27,00,00,00,00,00,00,
757000,00000057,false,Rx,0,8,00,00,FE,FF,FE,FF,00,00,
760000,000002C4,false,Rx,0,8,09,20,00,00,E3,02,00,00,
760000,000002C5,false,Rx,0,8,00,00,00,00,00,00,00,00,
760000,000002C6,false,Rx,0,8,32,00,7C,01,00,00,00,00,
788000,00000625,false,Rx,0,8,25,00,59,86,01,54,5C,06,
846000,0000060D,false,Rx,0,8,0D,10,83,B6,09,20,70,00,
888000,00000625,false,Rx,0,8,25,00,59,86,01,54,5C,06,
946000,0000060D,false,Rx,0,8,0D,10,83,B6,09,20,70,00,
0,00000054,false,Rx,0,8,01,05,EF,00,E3,02,00,00,
0,00000055,false,Rx,0,8,10,27,00,00,00,00,00,00,
956000,00000056,false,Rx,0,8,10,27,00,00,00,00,00,00,
957000,00000057,false,Rx,0,8,00,00,FE,FF,FE,FF,00,00,
979000,000002C4,false,Rx,0,8,09,20,00,00,E3,02,00,00,
979000,000002C5,false,Rx,0,8,00,00,00,00,00,00,00,00,
980000,000002C6,false,Rx,0,8,32,00,7C,01,00,00,00,00,
988000,00000625,false,Rx,0,8,25,00,59,86,01,54,5C,06,
46000,0000060D,false,Rx,0,8,0D,10,83,B6,09,20,70,00,
88000,00000625,false,Rx,0,8,25,00,59,86,01,54,5C,06,
146000,0000060D,false,Rx,0,8,0D,10,83,B6,09,20,70,00,
156000,00000054,false,Rx,0,8,01,05,EF,00,E3,02,00,00,
0,00000055,false,Rx,0,8,10,27,00,00,00,00,00,00,
0,00000056,false,Rx,0,8,10,27,00,00,00,00,00,00,
156000,00000057,false,Rx,0,8,00,00,FE,FF,FE,FF,00,00,
188000,00000625,false,Rx,0,8,25,00,59,86,01,54,5C,06,
199000,000002C4,false,Rx,0,8,09,20,00,00,E3,02,00,00,
200000,000002C5,false,Rx,0,8,00,00,00,00,00,00,00,00,
200000,000002C6,false,Rx,0,8,32,00,7C,01,00,00,00,00,
246000,0000060D,false,Rx,0,8,0D,10,83,B6,09,20,70,00,
288000,00000625,false,Rx,0,8,25,00,59,86,01,54,5C,06,
346000,0000060D,false,Rx,0,8,0D,10,83,B6,09,20,70,00,
356000,00000054,false,Rx,0,8,01,05,EF,00,E3,02,00,00,
356000,00000055,false,Rx,0,8,10,27,00,00,00,00,00,00,
357000,00000056,false,Rx,0,8,10,27,00,00,00,00,00,00,
357000,00000057,false,Rx,0,8,00,00,FE,FF,FE,FF,00,00,
388000,00000625,false,Rx,0,8,25,00,59,86,01,54,5C,06,
419000,000002C4,false,Rx,0,8,09,20,00,00,E3,02,00,00,
420000,000002C5,false,Rx,0,8,00,00,00,00,00,00,00,00,
420000,000002C6,false,Rx,0,8,32,00,7C,01,00,00,00,00,
446000,0000060D,false,Rx,0,8,0D,10,83,B6,09,20,70,00,
488000,00000625,false,Rx,0,8,25,00,59,86,01,54,5C,06,
546000,0000060D,false,Rx,0,8,0D,10,83,B6,09,20,70,00,
556000,00000054,false,Rx,0,8,01,05,EF,00,E3,02,00,00,
556000,00000055,false,Rx,0,8,10,27,00,00,00,00,00,00,
556000,00000056,false,Rx,0,8,10,27,00,00,00,00,00,00,
557000,00000057,false,Rx,0,8,00,00,FE,FF,FE,FF,00,00,
588000,00000625,false,Rx,0,8,25,00,59,86,01,54,5C,06,
639000,000002C4,false,Rx,0,8,09,20,00,00,E3,02,00,00,
639000,000002C5,false,Rx,0,8,00,00,00,00,00,00,00,00,
639000,000002C6,false,Rx,0,8,32,00,7C,01,00,00,00,00,
646000,0000060D,false,Rx,0,8,0D,10,83,B6,09,20,70,00,
688000,00000625,false,Rx,0,8,25,00,59,86,01,54,5C,06,
746000,0000060D,false,Rx,0,8,0D,10,83,B6,09,20,70,00,
756000,00000054,false,Rx,0,8,01,05,EF,00,E3,02,00,00,
756000,00000055,false,Rx,0,8,10,27,00,00,00,00,00,00,
757000,00000056,false,Rx,0,8,10,27,00,00,00,00,00,00,
757000,00000057,false,Rx,0,8,00,00,FE,FF,FE,FF,00,00,
788000,00000625,false,Rx,0,8,25,00,59,86,01,54,5C,06,
846000,0000060D,false,Rx,0,8,0D,10,83,B6,09,20,70,00,
0,000002C4,false,Rx,0,8,09,20,00,00,E3,02,00,00,
0,000002C5,false,Rx,0,8,00,00,00,00,00,00,00,00,
860000,000002C6,false,Rx,0,8,32,00,7C,01,00,00,00,00,
888000,00000625,false,Rx,0,8,25,00,59,86,01,54,5C,06,
946000,0000060D,false,Rx,0,8,0D,10,83,B6,09,20,70,00,
0,00000054,false,Rx,0,8,01,05,EF,00,E3,02,00,00,
0,00000055,false,Rx,0,8,10,27,00,00,00,00,00,00,
0,00000056,false,Rx,0,8,10,27,00,00,00,00,00,00,
957000,00000057,false,Rx,0,8,00,00,FE,FF,FE,FF,00,00,
988000,00000625,false,Rx,0,8,25,00,59,86,01,54,5C,06,
46000,0000060D,false,Rx,0,8,0D,10,83,B6,09,20,70,00,
0,000002C4,false,Rx,0,8,09,20,00,00,E3,02,00,00,
0,000002C5,false,Rx,0,8,00,00,00,00,00,00,00,00,
80000,000002C6,false,Rx,0,8,32,00,7C,01,00,00,00,00,
88000,00000625,false,Rx,0,8,25,00,59,86,01,54,5C,06,
146000,0000060D,false,Rx,0,8,0D,10,83,B6,09,20,70,00,
156000,00000054,false,Rx,0,8,01,05,EF,00,E3,02,00,00,
0,00000055,false,Rx,0,8,10,27,00,00,00,00,00,00,
0,00000056,false,Rx,0,8,10,27,00,00,00,00,00,00,
0,00000057,false,Rx,0,8,00,00,FE,FF,FE,FF,00,00,
188000,00000625,false,Rx,0,8,25,00,59,86,01,54,5C,06,
246000,0000060D,false,Rx,0,8,0D,10,83,B6,09,20,70,00,
288000,00000625,false,Rx,0,8,25,00,59,86,01,54,5C,06,
299000,000002C4,false,Rx,0,8,09,20,00,00,E3,02,00,00,
300000,000002C5,false,Rx,0,8,00,00,00,00,00,00,00,00,
300000,000002C6,false,Rx,0,8,32,00,7C,01,00,00,00,00,
346000,0000060D,false,Rx,0,8,0D,10,83,B6,09,20,70,00,
356000,00000054,false,Rx,0,8,01,05,EF,00,E3,02,00,00,
356000,00000055,false,Rx,0,8,10,27,00,00,00,00,00,00,
356000,00000056,false,Rx,0,8,10,27,00,00,00,00,00,00,
357000,00000057,false,Rx,0,8,00,00,FE,FF,FE,FF,00,00,
388000,00000625,false,Rx,0,8,25,00,59,86,01,54,5C,06,
446000,0000060D,false,Rx,0,8,0D,10,83,B6,09,20,70,00,
488000,00000625,false,Rx,0,8,25,00,59,86,01,54,5C,06,
520000,000002C4,false,Rx,0,8,09,20,00,00,E3,02,00,00,
520000,000002C5,false,Rx,0,8,00,00,00,00,00,00,00,00,
520000,000002C6,false,Rx,0,8,32,00,7C,01,00,00,00,00,
546000,0000060D,false,Rx,0,8,0D,10,83,B6,09,20,70,00,
556000,00000054,false,Rx,0,8,01,05,EF,00,E3,02,00,00,
556000,00000055,false,Rx,0,8,10,27,00,00,00,00,00,00,
556000,00000056,false,Rx,0,8,10,27,00,00,00,00,00,00,
556000,00000057,false,Rx,0,8,00,00,FE,FF,FE,FF,00,00,
588000,00000625,false,Rx,0,8,25,00,59,86,01,54,5C,06,
646000,0000060D,false,Rx,0,8,0D,10,83,B6,09,20,70,00,
688000,00000625,false,Rx,0,8,25,00,59,86,01,54,5C,06,
739000,000002C4,false,Rx,0,8,09,20,00,00,E3,02,00,00,
740000,000002C5,false,Rx,0,8,00,00,00,00,00,00,00,00,
740000,000002C6,false,Rx,0,8,32,00,7C,01,00,00,00,00,
746000,0000060D,false,Rx,0,8,0D,10,83,B6,09,20,70,00,
756000,00000054,false,Rx,0,8,01,05,EF,00,E3,02,00,00,
756000,00000055,false,Rx,0,8,10,27,00,00,00,00,00,00,
757000,00000056,false,Rx,0,8,10,27,00,00,00,00,00,00,
757000,00000057,false,Rx,0,8,00,00,FE,FF,FE,FF,00,00,
788000,00000625,false,Rx,0,8,25,00,59,86,01,54,5C,06,
846000,0000060D,false,Rx,0,8,0D,10,83,B6,09,20,70,00,
888000,00000625,false,Rx,0,8,25,00,59,86,01,54,5C,06,
946000,0000060D,false,Rx,0,8,0D,10,83,B6,09,20,70,00,
0,00000054,false,Rx,0,8,01,05,EF,00,E3,02,00,00,
0,00000055,false,Rx,0,8,10,27,00,00,00,00,00,00,
956000,00000056,false,Rx,0,8,10,27,00,00,00,00,00,00,
957000,00000057,false,Rx,0,8,00,00,FE,FF,FE,FF,00,00,
959000,000002C4,false,Rx,0,8,09,20,00,00,E3,02,00,00,
960000,000002C5,false,Rx,0,8,00,00,00,00,00,00,00,00,
960000,000002C6,false,Rx,0,8,32,00,7C,01,00,00,00,00,
988000,00000625,false,Rx,0,8,25,00,59,86,01,54,5C,06,
46000,0000060D,false,Rx,0,8,0D,10,83,B6,09,20,70,00,
88000,00000625,false,Rx,0,8,25,00,59,86,01,54,5C,06,
146000,0000060D,false,Rx,0,8,0D,10,83,B6,09,20,70,00,
156000,00000054,false,Rx,0,8,01,05,EF,00,E3,02,00,00,
156000,00000055,false,Rx,0,8,10,27,00,00,00,00,00,00,
0,00000056,false,Rx,0,8,10,27,00,00,00,00,00,00,
0,00000057,false,Rx,0,8,00,00,FE,FF,FE,FF,00,00,
179000,000002C4,false,Rx,0,8,09,20,00,00,E3,02,00,00,
179000,000002C5,false,Rx,0,8,00,00,00,00,00,00,00,00,
180000,000002C6,false,Rx,0,8,32,00,7C,01,00,00,00,00,
188000,00000625,false,Rx,0,8,25,00,59,86,01,54,5C,06,
246000,0000060D,false,Rx,0,8,0D,10,83,B6,09,20,70,00,
288000,00000625,false,Rx,0,8,25,00,59,86,01,54,5C,06,
346000,0000060D,false,Rx,0,8,0D,10,83,B6,09,20,70,00,
356000,00000054,false,Rx,0,8,01,05,EF,00,E3,02,00,00,
356000,00000055,false,Rx,0,8,10,27,00,00,00,00,00,00,
356000,00000056,false,Rx,0,8,10,27,00,00,00,00,00,00,
356000,00000057,false,Rx,0,8,00,00,FE,FF,FE,FF,00,00,
388000,00000625,false,Rx,0,8,25,00,59,86,01,54,5C,06,
400000,000002C4,false,Rx,0,8,09,20,00,00,E3,02,00,00,
400000,000002C5,false,Rx,0,8,00,00,00,00,00,00,00,00,
400000,000002C6,false,Rx,0,8,32,00,7C,01,00,00,00,00,
446000,0000060D,false,Rx,0,8,0D,10,83,B6,09,20,70,00,
488000,00000625,false,Rx,0,8,25,00,59,86,01,54,5C,06,
546000,0000060D,false,Rx,0,8,0D,10,83,B6,09,20,70,00,
0,00000054,false,Rx,0,8,01,05,EF,00,E3,02,00,00,
0,00000055,false,Rx,0,8,10,27,00,00,00,00,00,00,
0,00000056,false,Rx,0,8,10,27,00,00,00,00,00,00,
0,00000057,false,Rx,0,8,00,00,FE,FF,FE,FF,00,00,
588000,00000625,false,Rx,0,8,25,00,59,86,01,54,5C,06,
619000,000002C4,false,Rx,0,8,09,20,00,00,E3,02,00,00,
619000,000002C5,false,Rx,0,8,00,00,00,00,00,00,00,00,
620000,000002C6,false,Rx,0,8,32,00,7C,01,00,00,00,00,
646000,0000060D,false,Rx,0,8,0D,10,83,B6,09,20,70,00,
688000,00000625,false,Rx,0,8,25,00,59,86,01,54,5C,06,
746000,0000060D,false,Rx,0,8,0D,10,83,B6,09,20,70,00,
756000,00000054,false,Rx,0,8,01,05,EF,00,E3,02,00,00,
756000,00000055,false,Rx,0,8,10,27,00,00,00,00,00,00,
756000,00000056,false,Rx,0,8,10,27,00,00,00,00,00,00,
756000,00000057,false,Rx,0,8,00,00,FE,FF,FE,FF,00,00,
788000,00000625,false,Rx,0,8,25,00,59,86,01,54,5C,06,
839000,000002C4,false,Rx,0,8,09,20,00,00,E3,02,00,00,
840000,000002C5,false,Rx,0,8,00,00,00,00,00,00,00,00,
840000,000002C6,false,Rx,0,8,32,00,7C,01,00,00,00,00,
846000,0000060D,false,Rx,0,8,0D,10,83,B6,09,20,70,00,
888000,00000625,false,Rx,0,8,25,00,59,86,01,54,5C,06,
946000,0000060D,false,Rx,0,8,0D,10,83,B6,09,20,70,00,
0,00000054,false,Rx,0,8,01,05,EF,00,E3,02,00,00,
0,00000055,false,Rx,0,8,10,27,00,00,00,00,00,00,
956000,00000056,false,Rx,0,8,10,27,00,00,00,00,00,00,
956000,00000057,false,Rx,0,8,00,00,FE,FF,FE,FF,00,00,
988000,00000625,false,Rx,0,8,25,00,59,86,01,54,5C,06,
46000,0000060D,false,Rx,0,8,0D,10,83,B6,09,20,70,00,
59000,000002C4,false,Rx,0,8,09,20,00,00,E3,02,00,00,
60000,000002C5,false,Rx,0,8,00,00,00,00,00,00,00,00,
60000,000002C6,false,Rx,0,8,32,00,7C,01,00,00,00,00,
88000,00000625,false,Rx,0,8,25,00,59,86,01,54,5C,06,
146000,0000060D,false,Rx,0,8,0D,10,83,B6,09,20,70,00,
0,00000054,false,Rx,0,8,01,05,EF,00,E3,02,00,00,
0,00000055,false,Rx,0,8,10,27,00,00,00,00,00,00,
0,00000056,false,Rx,0,8,10,27,00,00,00,00,00,00,
0,00000057,false,Rx,0,8,00,00,FE,FF,FE,FF,00,00,
189000,00000625,false,Rx,0,8,25,00,59,86,01,54,5C,06,
246000,0000060D,false,Rx,0,8,0D,10,83,B6,09,20,70,00,
279000,000002C4,false,Rx,0,8,09,20,00,00,E3,02,00,00,
279000,000002C5,false,Rx,0,8,00,00,00,00,00,00,00,00,
279000,000002C6,false,Rx,0,8,32,00,7C,01,00,00,00,00,
288000,00000625,false,Rx,0,8,25,00,59,86,01,54,5C,06,
346000,0000060D,false,Rx,0,8,0D,10,83,B6,09,20,70,00,
356000,00000054,false,Rx,0,8,01,05,EF,00,E3,02,00,00,
356000,00000055,false,Rx,0,8,10,27,00,00,00,00,00,00,
0,00000056,false,Rx,0,8,10,27,00,00,00,00,00,00,
0,00000057,false,Rx,0,8,00,00,FE,FF,FE,FF,00,00,
388000,00000625,false,Rx,0,8,25,00,59,86,01,54,5C,06,
446000,0000060D,false,Rx,0,8,0D,10,83,B6,09,20,70,00,
488000,00000625,false,Rx,0,8,25,00,59,86,01,54,5C,06,
0,000002C4,false,Rx,0,8,09,20,00,00,E3,02,00,00,
0,000002C5,false,Rx,0,8,00,00,00,00,00,00,00,00,
500000,000002C6,false,Rx,0,8,32,00,7C,01,00,00,00,00,
546000,0000060D,false,Rx,0,8,0D,10,83,B6,09,20,70,00,
556000,00000054,false,Rx,0,8,01,05,EF,00,E3,02,00,00,
556000,00000055,false,Rx,0,8,10,27,00,00,00,00,00,00,
556000,00000056,false,Rx,0,8,10,27,00,00,00,00,00,00,
557000,00000057,false,Rx,0,8,00,00,FE,FF,FE,FF,00,00,
588000,00000625,false,Rx,0,8,25,00,59,86,01,54,5C,06,
646000,0000060D,false,Rx,0,8,0D,10,83,B6,09,20,70,00,
689000,00000625,false,Rx,0,8,25,00,59,86,01,54,5C,06,
0,000002C4,false,Rx,0,8,09,20,00,00,E3,02,00,00,
0,000002C5,false,Rx,0,8,00,00,00,00,00,00,00,00,
720000,000002C6,false,Rx,0,8,32,00,7C,01,00,00,00,00,
746000,0000060D,false,Rx,0,8,0D,10,83,B6,09,20,70,00,
756000,00000054,false,Rx,0,8,01,05,EF,00,E3,02,00,00,
0,00000055,false,Rx,0,8,10,27,00,00,00,00,00,00,
0,00000056,false,Rx,0,8,10,27,00,00,00,00,00,00,
756000,00000057,false,Rx,0,8,00,00,FE,FF,FE,FF,00,00,
788000,00000625,false,Rx,0,8,25,00,59,86,01,54,5C,06,
846000,0000060D,false,Rx,0,8,0D,10,83,B6,09,20,70,00,
888000,00000625,false,Rx,0,8,25,00,59,86,01,54,5C,06,
939000,000002C4,false,Rx,0,8,09,20,00,00,E3,02,00,00,
939000,000002C5,false,Rx,0,8,00,00,00,00,00,00,00,00,
940000,000002C6,false,Rx,0,8,32,00,7C,01,00,00,00,00,
946000,0000060D,false,Rx,0,8,0D,10,83,B6,09,20,70,00,
956000,00000054,false,Rx,0,8,01,05,EF,00,E3,02,00,00,
956000,00000055,false,Rx,0,8,10,27,00,00,00,00,00,00,
956000,00000056,false,Rx,0,8,10,27,00,00,00,00,00,00,
956000,00000057,false,Rx,0,8,00,00,FE,FF,FE,FF,00,00,
988000,00000625,false,Rx,0,8,25,00,59,86,01,54,5C,06,
46000,0000060D,false,Rx,0,8,0D,10,83,B6,09,20,70,00,
88000,00000625,false,Rx,0,8,25,00,59,86,01,54,5C,06,
146000,0000060D,false,Rx,0,8,0D,10,83,B6,09,20,70,00,
0,00000054,false,Rx,0,8,01,05,EF,00,E3,02,00,00,
0,00000055,false,Rx,0,8,10,27,00,00,00,00,00,00,
0,00000056,false,Rx,0,8,10,27,00,00,00,00,00,00,
157000,00000057,false,Rx,0,8,00,00,FE,FF,FE,FF,00,00,
0,000002C4,false,Rx,0,8,09,20,00,00,E3,02,00,00,
0,000002C5,false,Rx,0,8,00,00,00,00,00,00,00,00,
160000,000002C6,false,Rx,0,8,32,00,7C,01,00,00,00,00,
188000,00000625,false,Rx,0,8,25,00,59,86,01,54,5C,06,
246000,0000060D,false,Rx,0,8,0D,10,83,B6,09,20,70,00,
289000,00000625,false,Rx,0,8,25,00,59,86,01,54,5C,06,
346000,0000060D,false,Rx,0,8,0D,10,83,B6,09,20,70,00,
356000,00000054,false,Rx,0,8,01,05,EF,00,E3,02,00,00,
356000,00000055,false,Rx,0,8,10,27,00,00,00,00,00,00,
356000,00000056,false,Rx,0,8,10,27,00,00,00,00,00,00,
356000,00000057,false,Rx,0,8,00,00,FE,FF,FE,FF,00,00,
380000,000002C4,false,Rx,0,8,09,20,00,00,E3,02,00,00,
380000,000002C5,false,Rx,0,8,00,00,00,00,00,00,00,00,
380000,000002C6,false,Rx,0,8,32,00,7C,01,00,00,00,00,
388000,00000625,false,Rx,0,8,25,00,59,86,01,54,5C,06,
446000,0000060D,false,Rx,0,8,0D,10,83,B6,09,20,70,00,
488000,00000625,false,Rx,0,8,25,00,59,86,01,54,5C,06,
546000,0000060D,false,Rx,0,8,0D,10,83,B6,09,20,70,00,
556000,00000054,false,Rx,0,8,01,05,EF,00,E3,02,00,00,
556000,00000055,false,Rx,0,8,10,27,00,00,00,00,00,00,
556000,00000056,false,Rx,0,8,10,27,00,00,00,00,00,00,
556000,00000057,false,Rx,0,8,00,00,FE,FF,FE,FF,00,00,
588000,00000625,false,Rx,0,8,25,00,59,86,01,54,5C,06,
599000,000002C4,false,Rx,0,8,09,20,00,00,E3,02,00,00,
599000,000002C5,false,Rx,0,8,00,00,00,00,00,00,00,00,
600000,000002C6,false,Rx,0,8,32,00,7C,01,00,00,00,00,
646000,0000060D,false,Rx,0,8,0D,10,83,B6,09,20,70,00,
688000,00000625,false,Rx,0,8,25,00,59,86,01,54,5C,06,
746000,0000060D,false,Rx,0,8,0D,10,83,B6,09,20,70,00,
756000,00000054,false,Rx,0,8,01,05,EF,00,E3,02,00,00,
756000,00000055,false,Rx,0,8,10,27,00,00,00,00,00,00,
756000,00000056,false,Rx,0,8,10,27,00,00,00,00,00,00,
757000,00000057,false,Rx,0,8,00,00,FE,FF,FE,FF,00,00,
788000,00000625,false,Rx,0,8,25,00,59,86,01,54,5C,06,
819000,000002C4,false,Rx,0,8,09,20,00,00,E3,02,00,00,
819000,000002C5,false,Rx,0,8,00,00,00,00,00,00,00,00,
820000,000002C6,false,Rx,0,8,32,00,7C,01,00,00,00,00,
846000,0000060D,false,Rx,0,8,0D,10,83,B6,09,20,70,00,
888000,00000625,false,Rx,0,8,25,00,59,86,01,54,5C,06,
946000,0000060D,false,Rx,0,8,0D,10,83,B6,09,20,70,00,
956000,00000054,false,Rx,0,8,01,05,EF,00,E3,02,00,00,
956000,00000055,false,Rx,0,8,10,27,00,00,00,00,00,00,
957000,00000056,false,Rx,0,8,10,27,00,00,00,00,00,00,
957000,00000057,false,Rx,0,8,00,00,FE,FF,FE,FF,00,00,
988000,00000625,false,Rx,0,8,25,00,59,86,01,54,5C,06,
40000,000002C4,false,Rx,0,8,09,20,00,00,E3,02,00,00,
40000,000002C5,false,Rx,0,8,00,00,00,00,00,00,00,00,
40000,000002C6,false,Rx,0,8,32,00,7C,01,00,00,00,00,
46000,0000060D,false,Rx,0,8,0D,10,83,B6,09,20,70,00,
88000,00000625,false,Rx,0,8,25,00,59,86,01,54,5C,06,
146000,0000060D,false,Rx,0,8,0D,10,83,B6,09,20,70,00,
156000,00000054,false,Rx,0,8,01,05,EF,00,E3,02,00,00,
156000,00000055,false,Rx,0,8,10,27,00,00,00,00,00,00,
0,00000056,false,Rx,0,8,10,27,00,00,00,00,00,00,
0,00000057,false,Rx,0,8,00,00,FE,FF,FE,FF,00,00,
188000,00000625,false,Rx,0,8,25,00,59,86,01,54,5C,06,
246000,0000060D,false,Rx,0,8,0D,10,83,B6,09,20,70,00,
259000,000002C4,false,Rx,0,8,09,20,00,00,E3,02,00,00,
259000,000002C5,false,Rx,0,8,00,00,00,00,00,00,00,00,
260000,000002C6,false,Rx,0,8,32,00,7C,01,00,00,00,00,
288000,00000625,false,Rx,0,8,25,00,59,86,01,54,5C,06,
346000,0000060D,false,Rx,0,8,0D,10,83,B6,09,20,70,00,
356000,00000054,false,Rx,0,8,01,05,EF,00,E3,02,00,00,
0,00000055,false,Rx,0,8,10,27,00,00,00,00,00,00,
0,00000056,false,Rx,0,8,10,27,00,00,00,00,00,00,
0,00000057,false,Rx,0,8,00,00,FE,FF,FE,FF,00,00,
388000,00000625,false,Rx,0,8,25,00,59,86,01,54,5C,06,
446000,0000060D,false,Rx,0,8,0D,10,83,B6,09,20,70,00,
479000,000002C4,false,Rx,0,8,09,20,00,00,E3,02,00,00,
479000,000002C5,false,Rx,0,8,00,00,00,00,00,00,00,00,
480000,000002C6,false,Rx,0,8,32,00,7C,01,00,00,00,00,
488000,00000625,false,Rx,0,8,25,00,59,86,01,54,5C,06,
546000,0000060D,false,Rx,0,8,0D,10,83,B6,09,20,70,00,
556000,00000054,false,Rx,0,8,01,05,EF,00,E3,02,00,00,
556000,00000055,false,Rx,0,8,10,27,00,00,00,00,00,00,
556000,00000056,false,Rx,0,8,10,27,00,00,00,00,00,00,
557000,00000057,false,Rx,0,8,00,00,FE,FF,FE,FF,00,00,
588000,00000625,false,Rx,0,8,25,00,59,86,01,54,5C,06,
646000,0000060D,false,Rx,0,8,0D,10,83,B6,09,20,70,00,
688000,00000625,false,Rx,0,8,25,00,59,86,01,54,5C,06,
0,000002C4,false,Rx,0,8,09,20,00,00,E3,02,00,00,
0,000002C5,false,Rx,0,8,00,00,00,00,00,00,00,00,
700000,000002C6,false,Rx,0,8,32,00,7C,01,00,00,00,00,
746000,0000060D,false,Rx,0,8,0D,10,83,B6,09,20,70,00,
756000,00000054,false,Rx,0,8,01,05,EF,00,E3,02,00,00,
756000,00000055,false,Rx,0,8,10,27,00,00,00,00,00,00,
757000,00000056,false,Rx,0,8,10,27,00,00,00,00,00,00,
757000,00000057,false,Rx,0,8,00,00,FE,FF,FE,FF,00,00,
788000,00000625,false,Rx,0,8,25,00,59,86,01,54,5C,06,
846000,0000060D,false,Rx,0,8,0D,10,83,B6,09,20,70,00,
889000,00000625,false,Rx,0,8,25,00,59,86,01,54,5C,06,
919000,000002C4,false,Rx,0,8,09,20,00,00,E3,02,00,00,
920000,000002C5,false,Rx,0,8,00,00,00,00,00,00,00,00,
920000,000002C6,false,Rx,0,8,32,00,7C,01,00,00,00,00,
946000,0000060D,false,Rx,0,8,0D,10,83,B6,09,20,70,00,
0,00000054,false,Rx,0,8,01,05,EF,00,E3,02,00,00,
0,00000055,false,Rx,0,8,10,27,00,00,00,00,00,00,
957000,00000056,false,Rx,0,8,10,27,00,00,00,00,00,00,
957000,00000057,false,Rx,0,8,00,00,FE,FF,FE,FF,00,00,
988000,00000625,false,Rx,0,8,25,00,59,86,01,54,5C,06,
46000,0000060D,false,Rx,0,8,0D,10,83,B6,09,20,70,00,
88000,00000625,false,Rx,0,8,25,00,59,86,01,54,5C,06,
139000,000002C4,false,Rx,0,8,09,20,00,00,E3,02,00,00,
140000,000002C5,false,Rx,0,8,00,00,00,00,00,00,00,00,
140000,000002C6,false,Rx,0,8,32,00,7C,01,00,00,00,00,
146000,0000060D,false,Rx,0,8,0D,10,83,B6,09,20,70,00,
0,00000054,false,Rx,0,8,01,05,EF,00,E3,02,00,00,
0,00000055,false,Rx,0,8,10,27,00,00,00,00,00,00,
0,00000056,false,Rx,0,8,10,27,00,00,00,00,00,00,
0,00000057,false,Rx,0,8,00,00,FE,FF,FE,FF,00,00,
188000,00000625,false,Rx,0,8,25,00,59,86,01,54,5C,06,
246000,0000060D,false,Rx,0,8,0D,10,83,B6,09,20,70,00,
288000,00000625,false,Rx,0,8,25,00,59,86,01,54,5C,06,
346000,0000060D,false,Rx,0,8,0D,10,83,B6,09,20,70,00,
356000,00000054,false,Rx,0,8,01,05,EF,00,E3,02,00,00,
356000,00000055,false,Rx,0,8,10,27,00,00,00,00,00,00,
0,00000056,false,Rx,0,8,10,27,00,00,00,00,00,00,
0,00000057,false,Rx,0,8,00,00,FE,FF,FE,FF,00,00,
0,000002C4,false,Rx,0,8,09,20,00,00,E3,02,00,00,
0,000002C5,false,Rx,0,8,00,00,00,00,00,00,00,00,
360000,000002C6,false,Rx,0,8,32,00,7C,01,00,00,00,00,
388000,00000625,false,Rx,0,8,25,00,59,86,01,54,5C,06,
446000,0000060D,false,Rx,0,8,0D,10,83,B6,09,20,70,00,
488000,00000625,false,Rx,0,8,25,00,59,86,01,54,5C,06,
547000,0000060D,false,Rx,0,8,0D,10,83,B6,09,20,70,00,
556000,00000054,false,Rx,0,8,01,05,EF,00,E3,02,00,00,
556000,00000055,false,Rx,0,8,10,27,00,00,00,00,00,00,
0,00000056,false,Rx,0,8,10,27,00,00,00,00,00,00,
0,00000057,false,Rx,0,8,00,00,FE,FF,FE,FF,00,00,
0,000002C4,false,Rx,0,8,09,20,00,00,E3,02,00,00,
0,000002C5,false,Rx,0,8,00,00,00,00,00,00,00,00,
580000,000002C6,false,Rx,0,8,32,00,7C,01,00,00,00,00,
589000,00000625,false,Rx,0,8,25,00,59,86,01,54,5C,06,
645000,0000060D,false,Rx,0,8,0D,10,83,B6,09,20,70,00,
688000,00000625,false,Rx,0,8,25,00,59,86,01,54,5C,06,
746000,0000060D,false,Rx,0,8,0D,10,83,B6,09,20,70,00,
756000,00000054,false,Rx,0,8,01,05,EF,00,E3,02,00,00,
756000,00000055,false,Rx,0,8,10,27,00,00,00,00,00,00,
0,00000056,false,Rx,0,8,10,27,00,00,00,00,00,00,
0,00000057,false,Rx,0,8,00,00,FE,FF,FE,FF,00,00,
788000,00000625,false,Rx,0,8,25,00,59,86,01,54,5C,06,
800000,000002C4,false,Rx,0,8,09,20,00,00,E3,02,00,00,
800000,000002C5,false,Rx,0,8,00,00,00,00,00,00,00,00,
800000,000002C6,false,Rx,0,8,32,00,7C,01,00,00,00,00,
846000,0000060D,false,Rx,0,8,0D,10,83,B6,09,20,70,00,
888000,00000625,false,Rx,0,8,25,00,59,86,01,54,5C,06,
946000,0000060D,false,Rx,0,8,0D,10,83,B6,09,20,70,00,
956000,00000054,false,Rx,0,8,01,05,EF,00,E3,02,00,00,
956000,00000055,false,Rx,0,8,10,27,00,00,00,00,00,00,
957000,00000056,false,Rx,0,8,10,27,00,00,00,00,00,00,
957000,00000057,false,Rx,0,8,00,00,FE,FF,FE,FF,00,00,
988000,00000625,false,Rx,0,8,25,00,59,86,01,54,5C,06,
20000,000002C4,false,Rx,0,8,09,20,00,00,E3,02,00,00,
20000,000002C5,false,Rx,0,8,00,00,00,00,00,00,00,00,
20000,000002C6,false,Rx,0,8,32,00,7C,01,00,00,00,00,
46000,0000060D,false,Rx,0,8,0D,10,83,B6,09,20,70,00,
88000,00000625,false,Rx,0,8,25,00,59,86,01,54,5C,06,
146000,0000060D,false,Rx,0,8,0D,10,83,B6,09,20,70,00,
0,00000054,false,Rx,0,8,01,05,EF,00,E3,02,00,00,
0,00000055,false,Rx,0,8,10,27,00,00,00,00,00,00,
156000,00000056,false,Rx,0,8,10,27,00,00,00,00,00,00,
158000,00000057,false,Rx,0,8,00,00,FE,FF,FE,FF,00,00,
188000,00000625,false,Rx,0,8,25,00,59,86,01,54,5C,06,
239000,000002C4,false,Rx,0,8,09,20,00,00,E3,02,00,00,
240000,000002C5,false,Rx,0,8,00,00,00,00,00,00,00,00,
240000,000002C6,false,Rx,0,8,32,00,7C,01,00,00,00,00,
246000,0000060D,false,Rx,0,8,0D,10,83,B6,09,20,70,00,
288000,00000625,false,Rx,0,8,25,00,59,86,01,54,5C,06,
346000,0000060D,false,Rx,0,8,0D,10,83,B6,09,20,70,00,
356000,00000054,false,Rx,0,8,01,05,EF,00,E3,02,00,00,
356000,00000055,false,Rx,0,8,10,27,00,00,00,00,00,00,
357000,00000056,false,Rx,0,8,10,27,00,00,00,00,00,00,
357000,00000057,false,Rx,0,8,00,00,FE,FF,FE,FF,00,00,
388000,00000625,false,Rx,0,8,25,00,59,86,01,54,5C,06,
446000,0000060D,false,Rx,0,8,0D,10,83,B6,09,20,70,00,
459000,000002C4,false,Rx,0,8,09,20,00,00,E3,02,00,00,
459000,000002C5,false,Rx,0,8,00,00,00,00,00,00,00,00,
460000,000002C6,false,Rx,0,8,32,00,7C,01,00,00,00,00,
488000,00000625,false,Rx,0,8,25,00,59,86,01,54,5C,06,
547000,0000060D,false,Rx,0,8,0D,10,83,B6,09,20,70,00,
556000,00000054,false,Rx,0,8,01,05,EF,00,E3,02,00,00,
556000,00000055,false,Rx,0,8,10,27,00,00,00,00,00,00,
556000,00000056,false,Rx,0,8,10,27,00,00,00,00,00,00,
557000,00000057,false,Rx,0,8,00,00,FE,FF,FE,FF,00,00,
588000,00000625,false,Rx,0,8,25,00,59,86,01,54,5C,06,
646000,0000060D,false,Rx,0,8,0D,10,83,B6,09,20,70,00,
679000,000002C4,false,Rx,0,8,09,20,00,00,E3,02,00,00,
0,000002C5,false,Rx,0,8,00,00,00,00,00,00,00,00,
0,000002C6,false,Rx,0,8,32,00,7C,01,00,00,00,00,
688000,00000625,false,Rx,0,8,25,00,59,86,01,54,5C,06,
746000,0000060D,false,Rx,0,8,0D,10,83,B6,09,20,70,00,
756000,00000054,false,Rx,0,8,01,05,EF,00,E3,02,00,00,
756000,00000055,false,Rx,0,8,10,27,00,00,00,00,00,00,
756000,00000056,false,Rx,0,8,10,27,00,00,00,00,00,00,
757000,00000057,false,Rx,0,8,00,00,FE,FF,FE,FF,00,00,
788000,00000625,false,Rx,0,8,25,00,59,86,01,54,5C,06,
846000,0000060D,false,Rx,0,8,0D,10,83,B6,09,20,70,00,
888000,00000625,false,Rx,0,8,25,00,59,86,01,54,5C,06,
900000,000002C4,false,Rx,0,8,09,20,00,00,E3,02,00,00,
900000,000002C5,false,Rx,0,8,00,00,00,00,00,00,00,00,
900000,000002C6,false,Rx,0,8,32,00,7C,01,00,00,00,00,
916000,00000065,false,Rx,0,8,E7,02,03,00,00,00,00,00,
946000,0000060D,false,Rx,0,8,0D,10,83,B6,09,20,70,00,
956000,00000054,false,Rx,0,8,01,05,EF,00,E7,02,00,00,
956000,00000055,false,Rx,0,8,10,27,00,00,00,00,00,00,
956000,00000056,false,Rx,0,8,10,27,00,00,00,00,00,00,
957000,00000057,false,Rx,0,8,00,00,FE,FF,FE,FF,00,00,
988000,00000625,false,Rx,0,8,25,00,59,86,01,54,5C,06,
46000,0000060D,false,Rx,0,8,0D,10,83,B6,09,20,70,00,
66000,00000065,false,Rx,0,8,E7,02,03,00,00,00,00,00,
88000,00000625,false,Rx,0,8,25,00,59,86,01,54,5C,06,
119000,000002C4,false,Rx,0,8,09,20,00,00,E7,02,00,00,
119000,000002C5,false,Rx,0,8,00,00,00,00,00,00,00,00,
120000,000002C6,false,Rx,0,8,32,00,7C,01,00,00,00,00,
146000,0000060D,false,Rx,0,8,0D,10,83,B6,09,20,70,00,
156000,00000054,false,Rx,0,8,01,05,EF,00,E7,02,00,00,
156000,00000055,false,Rx,0,8,10,27,00,00,00,00,00,00,
156000,00000056,false,Rx,0,8,10,27,00,00,00,00,00,00,
156000,00000057,false,Rx,0,8,00,00,FE,FF,FE,FF,00,00,
188000,00000625,false,Rx,0,8,25,00,59,86,01,54,5C,06,
216000,00000065,false,Rx,0,8,E7,02,03,00,00,00,00,00,
246000,0000060D,false,Rx,0,8,0D,10,83,B6,09,20,70,00,
288000,00000625,false,Rx,0,8,25,00,59,86,01,54,5C,06,
339000,000002C4,false,Rx,0,8,09,20,00,00,E7,02,00,00,
339000,000002C5,false,Rx,0,8,00,00,00,00,00,00,00,00,
339000,000002C6,false,Rx,0,8,32,00,7C,01,00,00,00,00,
346000,0000060D,false,Rx,0,8,0D,10,83,B6,09,20,70,00,
356000,00000054,false,Rx,0,8,01,05,EF,00,E7,02,00,00,
356000,00000055,false,Rx,0,8,10,27,00,00,00,00,00,00,
356000,00000056,false,Rx,0,8,10,27,00,00,00,00,00,00,
357000,00000057,false,Rx,0,8,00,00,FE,FF,FE,FF,00,00,
366000,00000065,false,Rx,0,8,E7,02,03,00,00,00,00,00,
388000,00000625,false,Rx,0,8,25,00,59,86,01,54,5C,06,
446000,0000060D,false,Rx,0,8,0D,10,83,B6,09,20,70,00,
488000,00000625,false,Rx,0,8,25,00,59,86,01,54,5C,06,
547000,0000060D,false,Rx,0,8,0D,10,83,B6,09,20,70,00,
556000,00000054,false,Rx,0,8,01,05,EF,00,E7,02,00,00,
556000,00000055,false,Rx,0,8,10,27,00,00,00,00,00,00,
556000,00000056,false,Rx,0,8,10,27,00,00,00,00,00,00,
557000,00000057,false,Rx,0,8,00,00,FE,FF,FE,FF,00,00,
559000,000002C4,false,Rx,0,8,09,20,00,00,E7,02,00,00,
560000,000002C5,false,Rx,0,8,00,00,00,00,00,00,00,00,
560000,000002C6,false,Rx,0,8,32,00,7C,01,00,00,00,00,
588000,00000625,false,Rx,0,8,25,00,59,86,01,54,5C,06,
646000,0000060D,false,Rx,0,8,0D,10,83,B6,09,20,70,00,
688000,00000625,false,Rx,0,8,25,00,59,86,01,54,5C,06,
746000,0000060D,false,Rx,0,8,0D,10,83,B6,09,20,70,00,
756000,00000054,false,Rx,0,8,01,05,EF,00,E7,02,00,00,
756000,00000055,false,Rx,0,8,10,27,00,00,00,00,00,00,
756000,00000056,false,Rx,0,8,10,27,00,00,00,00,00,00,
756000,00000057,false,Rx,0,8,00,00,FE,FF,FE,FF,00,00,
780000,000002C4,false,Rx,0,8,09,20,00,00,E7,02,00,00,
780000,000002C5,false,Rx,0,8,00,00,00,00,00,00,00,00,
780000,000002C6,false,Rx,0,8,32,00,7C,01,00,00,00,00,
788000,00000625,false,Rx,0,8,25,00,59,86,01,54,5C,06,
846000,0000060D,false,Rx,0,8,0D,10,83,B6,09,20,70,00,
888000,00000625,false,Rx,0,8,25,00,59,86,01,54,5C,06,
947000,0000060D,false,Rx,0,8,0D,10,83,B6,09,20,70,00,
956000,00000054,false,Rx,0,8,01,05,EF,00,E7,02,00,00,
956000,00000055,false,Rx,0,8,10,27,00,00,00,00,00,00,
957000,00000056,false,Rx,0,8,10,27,00,00,00,00,00,00,
957000,00000057,false,Rx,0,8,00,00,FE,FF,FE,FF,00,00,
988000,00000625,false,Rx,0,8,25,00,59,86,01,54,5C,06,
0,000002C4,false,Rx,0,8,09,20,00,00,E7,02,00,00,
0,000002C5,false,Rx,0,8,00,00,00,00,00,00,00,00,
0,000002C6,false,Rx,0,8,32,00,7C,01,00,00,00,00,
47000,0000060D,false,Rx,0,8,0D,10,83,B6,09,20,70,00,
88000,00000625,false,Rx,0,8,25,00,59,86,01,54,5C,06,
146000,0000060D,false,Rx,0,8,0D,10,83,B6,09,20,70,00,
156000,00000054,false,Rx,0,8,01,05,EF,00,E7,02,00,00,
0,00000055,false,Rx,0,8,10,27,00,00,00,00,00,00,
0,00000056,false,Rx,0,8,10,27,00,00,00,00,00,00,
0,00000057,false,Rx,0,8,00,00,FE,FF,FE,FF,00,00,
188000,00000625,false,Rx,0,8,25,00,59,86,01,54,5C,06,
220000,000002C4,false,Rx,0,8,09,20,00,00,E7,02,00,00,
220000,000002C5,false,Rx,0,8,00,00,00,00,00,00,00,00,
220000,000002C6,false,Rx,0,8,32,00,7C,01,00,00,00,00,
246000,0000060D,false,Rx,0,8,0D,10,83,B6,09,20,70,00,
288000,00000625,false,Rx,0,8,25,00,59,86,01,54,5C,06,
346000,0000060D,false,Rx,0,8,0D,10,83,B6,09,20,70,00,
356000,00000054,false,Rx,0,8,01,05,EF,00,E7,02,00,00,
356000,00000055,false,Rx,0,8,10,27,00,00,00,00,00,00,
356000,00000056,false,Rx,0,8,10,27,00,00,00,00,00,00,
356000,00000057,false,Rx,0,8,00,00,FE,FF,FE,FF,00,00,
388000,00000625,false,Rx,0,8,25,00,59,86,01,54,5C,06,
439000,000002C4,false,Rx,0,8,09,20,00,00,E7,02,00,00,
439000,000002C5,false,Rx,0,8,00,00,00,00,00,00,00,00,
439000,000002C6,false,Rx,0,8,32,00,7C,01,00,00,00,00,
446000,0000060D,false,Rx,0,8,0D,10,83,B6,09,20,70,00,
489000,00000625,false,Rx,0,8,25,00,59,86,01,54,5C,06,
547000,0000060D,false,Rx,0,8,0D,10,83,B6,09,20,70,00,
556000,00000054,false,Rx,0,8,01,05,EF,00,E7,02,00,00,
556000,00000055,false,Rx,0,8,10,27,00,00,00,00,00,00,
0,00000056,false,Rx,0,8,10,27,00,00,00,00,00,00,
0,00000057,false,Rx,0,8,00,00,FE,FF,FE,FF,00,00,
588000,00000625,false,Rx,0,8,25,00,59,86,01,54,5C,06,
646000,0000060D,false,Rx,0,8,0D,10,83,B6,09,20,70,00,
659000,000002C4,false,Rx,0,8,09,20,00,00,E7,02,00,00,
660000,000002C5,false,Rx,0,8,00,00,00,00,00,00,00,00,
660000,000002C6,false,Rx,0,8,32,00,7C,01,00,00,00,00,
688000,00000625,false,Rx,0,8,25,00,59,86,01,54,5C,06,
746000,0000060D,false,Rx,0,8,0D,10,83,B6,09,20,70,00,
756000,00000054,false,Rx,0,8,01,05,EF,00,E7,02,00,00,
756000,00000055,false,Rx,0,8,10,27,00,00,00,00,00,00,
756000,00000056,false,Rx,0,8,10,27,00,00,00,00,00,00,
757000,00000057,false,Rx,0,8,00,00,FE,FF,FE,FF,00,00,
788000,00000625,false,Rx,0,8,25,00,59,86,01,54,5C,06,
846000,0000060D,false,Rx,0,8,0D,10,83,B6,09,20,70,00,
879000,000002C4,false,Rx,0,8,09,20,00,00,E7,02,00,00,
879000,000002C5,false,Rx,0,8,00,00,00,00,00,00,00,00,
879000,000002C6,false,Rx,0,8,32,00,7C,01,00,00,00,00,
888000,00000625,false,Rx,0,8,25,00,59,86,01,54,5C,06,
946000,0000060D,false,Rx,0,8,0D,10,83,B6,09,20,70,00,
956000,00000054,false,Rx,0,8,01,05,EF,00,E7,02,00,00,
956000,00000055,false,Rx,0,8,10,27,00,00,00,00,00,00,
956000,00000056,false,Rx,0,8,10,27,00,00,00,00,00,00,
957000,00000057,false,Rx,0,8,00,00,FE,FF,FE,FF,00,00,
988000,00000625,false,Rx,0,8,25,00,59,86,01,54,5C,06,
46000,0000060D,false,Rx,0,8,0D,10,83,B6,09,20,70,00,
88000,00000625,false,Rx,0,8,25,00,59,86,01,54,5C,06,
99000,000002C4,false,Rx,0,8,09,20,00,00,E7,02,00,00,
99000,000002C5,false,Rx,0,8,00,00,00,00,00,00,00,00,
100000,000002C6,false,Rx,0,8,32,00,7C,01,00,00,00,00,
146000,0000060D,false,Rx,0,8,0D,10,83,B6,09,20,70,00,
0,00000054,false,Rx,0,8,01,05,EF,00,E7,02,00,00,
0,00000055,false,Rx,0,8,10,27,00,00,00,00,00,00,
156000,00000056,false,Rx,0,8,10,27,00,00,00,00,00,00,
157000,00000057,false,Rx,0,8,00,00,FE,FF,FE,FF,00,00,
188000,00000625,false,Rx,0,8,25,00,59,86,01,54,5C,06,
246000,0000060D,false,Rx,0,8,0D,10,83,B6,09,20,70,00,
288000,00000625,false,Rx,0,8,25,00,59,86,01,54,5C,06,
319000,000002C4,false,Rx,0,8,09,20,00,00,E7,02,00,00,
319000,000002C5,false,Rx,0,8,00,00,00,00,00,00,00,00,
320000,000002C6,false,Rx,0,8,32,00,7C,01,00,00,00,00,
346000,0000060D,false,Rx,0,8,0D,10,83,B6,09,20,70,00,
356000,00000054,false,Rx,0,8,01,05,EF,00,E7,02,00,00,
356000,00000055,false,Rx,0,8,10,27,00,00,00,00,00,00,
357000,00000056,false,Rx,0,8,10,27,00,00,00,00,00,00,
357000,00000057,false,Rx,0,8,00,00,FE,FF,FE,FF,00,00,
388000,00000625,false,Rx,0,8,25,00,59,86,01,54,5C,06,
446000,0000060D,false,Rx,0,8,0D,10,83,B6,09,20,70,00,
488000,00000625,false,Rx,0,8,25,00,59,86,01,54,5C,06,
539000,000002C4,false,Rx,0,8,09,20,00,00,E7,02,00,00,
540000,000002C5,false,Rx,0,8,00,00,00,00,00,00,00,00,
540000,000002C6,false,Rx,0,8,32,00,7C,01,00,00,00,00,
546000,0000060D,false,Rx,0,8,0D,10,83,B6,09,20,70,00,
556000,00000054,false,Rx,0,8,01,05,EF,00,E7,02,00,00,
556000,00000055,false,Rx,0,8,10,27,00,00,00,00,00,00,
0,00000056,false,Rx,0,8,10,27,00,00,00,00,00,00,
0,00000057,false,Rx,0,8,00,00,FE,FF,FE,FF,00,00,
588000,00000625,false,Rx,0,8,25,00,59,86,01,54,5C,06,
646000,0000060D,false,Rx,0,8,0D,10,83,B6,09,20,70,00,
688000,00000625,false,Rx,0,8,25,00,59,86,01,54,5C,06,
746000,0000060D,false,Rx,0,8,0D,10,83,B6,09,20,70,00,
756000,00000054,false,Rx,0,8,01,05,EF,00,E7,02,00,00,
756000,00000055,false,Rx,0,8,10,27,00,00,00,00,00,00,
756000,00000056,false,Rx,0,8,10,27,00,00,00,00,00,00,
756000,00000057,false,Rx,0,8,00,00,FE,FF,FE,FF,00,00,
0,000002C4,false,Rx,0,8,09,20,00,00,E7,02,00,00,
0,000002C5,false,Rx,0,8,00,00,00,00,00,00,00,00,
760000,000002C6,false,Rx,0,8,32,00,7C,01,00,00,00,00,
788000,00000625,false,Rx,0,8,25,00,59,86,01,54,5C,06,
846000,0000060D,false,Rx,0,8,0D,10,83,B6,09,20,70,00,
888000,00000625,false,Rx,0,8,25,00,59,86,01,54,5C,06,
946000,0000060D,false,Rx,0,8,0D,10,83,B6,09,20,70,00,
0,00000054,false,Rx,0,8,01,05,EF,00,E7,02,00,00,
0,00000055,false,Rx,0,8,10,27,00,00,00,00,00,00,
0,00000056,false,Rx,0,8,10,27,00,00,00,00,00,00,
0,00000057,false,Rx,0,8,00,00,FE,FF,FE,FF,00,00,
980000,000002C4,false,Rx,0,8,09,20,00,00,E7,02,00,00,
980000,000002C5,false,Rx,0,8,00,00,00,00,00,00,00,00,
980000,000002C6,false,Rx,0,8,32,00,7C,01,00,00,00,00,
988000,00000625,false,Rx,0,8,25,00,59,86,01,54,5C,06,
46000,0000060D,false,Rx,0,8,0D,10,83,B6,09,20,70,00,
88000,00000625,false,Rx,0,8,25,00,59,86,01,54,5C,06,
146000,0000060D,false,Rx,0,8,0D,10,83,B6,09,20,70,00,
0,00000054,false,Rx,0,8,01,05,EF,00,E7,02,00,00,
0,00000055,false,Rx,0,8,10,27,00,00,00,00,00,00,
156000,00000056,false,Rx,0,8,10,27,00,00,00,00,00,00,
157000,00000057,false,Rx,0,8,00,00,FE,FF,FE,FF,00,00,
188000,00000625,false,Rx,0,8,25,00,59,86,01,54,5C,06,
199000,000002C4,false,Rx,0,8,09,20,00,00,E7,02,00,00,
199000,000002C5,false,Rx,0,8,00,00,00,00,00,00,00,00,
199000,000002C6,false,Rx,0,8,32,00,7C,01,00,00,00,00,
246000,0000060D,false,Rx,0,8,0D,10,83,B6,09,20,70,00,
288000,00000625,false,Rx,0,8,25,00,59,86,01,54,5C,06,
346000,0000060D,false,Rx,0,8,0D,10,83,B6,09,20,70,00,
356000,00000054,false,Rx,0,8,01,05,EF,00,E7,02,00,00,
356000,00000055,false,Rx,0,8,10,27,00,00,00,00,00,00,
0,00000056,false,Rx,0,8,10,27,00,00,00,00,00,00,
0,00000057,false,Rx,0,8,00,00,FE,FF,FE,FF,00,00,
389000,00000625,false,Rx,0,8,25,00,59,86,01,54,5C,06,
419000,000002C4,false,Rx,0,8,09,20,00,00,E7,02,00,00,
420000,000002C5,false,Rx,0,8,00,00,00,00,00,00,00,00,
420000,000002C6,false,Rx,0,8,32,00,7C,01,00,00,00,00,
446000,0000060D,false,Rx,0,8,0D,10,83,B6,09,20,70,00,
488000,00000625,false,Rx,0,8,25,00,59,86,01,54,5C,06,
546000,0000060D,false,Rx,0,8,0D,10,83,B6,09,20,70,00,
556000,00000054,false,Rx,0,8,01,05,EF,00,E7,02,00,00,
556000,00000055,false,Rx,0,8,10,27,00,00,00,00,00,00,
556000,00000056,false,Rx,0,8,10,27,00,00,00,00,00,00,
557000,00000057,false,Rx,0,8,00,00,FE,FF,FE,FF,00,00,
588000,00000625,false,Rx,0,8,25,00,59,86,01,54,5C,06,
639000,000002C4,false,Rx,0,8,09,20,00,00,E7,02,00,00,
640000,000002C5,false,Rx,0,8,00,00,00,00,00,00,00,00,
641000,000002C6,false,Rx,0,8,32,00,7C,01,00,00,00,00,
646000,0000060D,false,Rx,0,8,0D,10,83,B6,09,20,70,00,
688000,00000625,false,Rx,0,8,25,00,59,86,01,54,5C,06,
746000,0000060D,false,Rx,0,8,0D,10,83,B6,09,20,70,00,
756000,00000054,false,Rx,0,8,01,05,EF,00,E7,02,00,00,
756000,00000055,false,Rx,0,8,10,27,00,00,00,00,00,00,
756000,00000056,false,Rx,0,8,10,27,00,00,00,00,00,00,
757000,00000057,false,Rx,0,8,00,00,FE,FF,FE,FF,00,00,
788000,00000625,false,Rx,0,8,25,00,59,86,01,54,5C,06,
846000,0000060D,false,Rx,0,8,0D,10,83,B6,09,20,70,00,
859000,000002C4,false,Rx,0,8,09,20,00,00,E7,02,00,00,
859000,000002C5,false,Rx,0,8,00,00,00,00,00,00,00,00,
860000,000002C6,false,Rx,0,8,32,00,7C,01,00,00,00,00,
889000,00000625,false,Rx,0,8,25,00,59,86,01,54,5C,06,
946000,0000060D,false,Rx,0,8,0D,10,83,B6,09,20,70,00,
956000,00000054,false,Rx,0,8,01,05,EF,00,E7,02,00,00,
956000,00000055,false,Rx,0,8,10,27,00,00,00,00,00,00,
956000,00000056,false,Rx,0,8,10,27,00,00,00,00,00,00,
956000,00000057,false,Rx,0,8,00,00,FE,FF,FE,FF,00,00,
988000,00000625,false,Rx,0,8,25,00,59,86,01,54,5C,06,
47000,0000060D,false,Rx,0,8,0D,10,83,B6,09,20,70,00,
0,000002C4,false,Rx,0,8,09,20,00,00,E7,02,00,00,
0,000002C5,false,Rx,0,8,00,00,00,00,00,00,00,00,
81000,000002C6,false,Rx,0,8,32,00,7C,01,00,00,00,00,
88000,00000625,false,Rx,0,8,25,00,59,86,01,54,5C,06,
146000,0000060D,false,Rx,0,8,0D,10,83,B6,09,20,70,00,
0,00000054,false,Rx,0,8,01,05,EF,00,E7,02,00,00,
0,00000055,false,Rx,0,8,10,27,00,00,00,00,00,00,
0,00000056,false,Rx,0,8,10,27,00,00,00,00,00,00,
0,00000057,false,Rx,0,8,00,00,FE,FF,FE,FF,00,00,
188000,00000625,false,Rx,0,8,25,00,59,86,01,54,5C,06,
246000,0000060D,false,Rx,0,8,0D,10,83,B6,09,20,70,00,
288000,00000625,false,Rx,0,8,25,00,59,86,01,54,5C,06,
299000,000002C4,false,Rx,0,8,09,20,00,00,E7,02,00,00,
300000,000002C5,false,Rx,0,8,00,00,00,00,00,00,00,00,
300000,000002C6,false,Rx,0,8,32,00,7C,01,00,00,00,00,
345000,0000060D,false,Rx,0,8,0D,10,83,B6,09,20,70,00,
356000,00000054,false,Rx,0,8,01,05,EF,00,E7,02,00,00,
356000,00000055,false,Rx,0,8,10,27,00,00,00,00,00,00,
356000,00000056,false,Rx,0,8,10,27,00,00,00,00,00,00,
357000,00000057,false,Rx,0,8,00,00,FE,FF,FE,FF,00,00,
388000,00000625,false,Rx,0,8,25,00,59,86,01,54,5C,06,
446000,0000060D,false,Rx,0,8,0D,10,83,B6,09,20,70,00,
488000,00000625,false,Rx,0,8,25,00,59,86,01,54,5C,06,
519000,000002C4,false,Rx,0,8,09,20,00,00,E7,02,00,00,
519000,000002C5,false,Rx,0,8,00,00,00,00,00,00,00,00,
520000,000002C6,false,Rx,0,8,32,00,7C,01,00,00,00,00,
546000,0000060D,false,Rx,0,8,0D,10,83,B6,09,20,70,00,
0,00000054,false,Rx,0,8,01,05,EF,00,E7,02,00,00,
0,00000055,false,Rx,0,8,10,27,00,00,00,00,00,00,
556000,00000056,false,Rx,0,8,10,27,00,00,00,00,00,00,
557000,00000057,false,Rx,0,8,00,00,FE,FF,FE,FF,00,00,
588000,00000625,false,Rx,0,8,25,00,59,86,01,54,5C,06,
646000,0000060D,false,Rx,0,8,0D,10,83,B6,09,20,70,00,
688000,00000625,false,Rx,0,8,25,00,59,86,01,54,5C,06,
740000,000002C4,false,Rx,0,8,09,20,00,00,E7,02,00,00,
740000,000002C5,false,Rx,0,8,00,00,00,00,00,00,00,00,
740000,000002C6,false,Rx,0,8,32,00,7C,01,00,00,00,00,
746000,0000060D,false,Rx,0,8,0D,10,83,B6,09,20,70,00,
0,00000054,false,Rx,0,8,01,05,EF,00,E7,02,00,00,
0,00000055,false,Rx,0,8,10,27,00,00,00,00,00,00,
0,00000056,false,Rx,0,8,10,27,00,00,00,00,00,00,
0,00000057,false,Rx,0,8,00,00,FE,FF,FE,FF,00,00,
788000,00000625,false,Rx,0,8,25,00,59,86,01,54,5C,06,
847000,0000060D,false,Rx,0,8,0D,10,83,B6,09,20,70,00,
888000,00000625,false,Rx,0,8,25,00,59,86,01,54,5C,06,
946000,0000060D,false,Rx,0,8,0D,10,83,B6,09,20,70,00,
956000,00000054,false,Rx,0,8,01,05,EF,00,E7,02,00,00,
956000,00000055,false,Rx,0,8,10,27,00,00,00,00,00,00,
956000,00000056,false,Rx,0,8,10,27,00,00,00,00,00,00,
956000,00000057,false,Rx,0,8,00,00,FE,FF,FE,FF,00,00,
959000,000002C4,false,Rx,0,8,09,20,00,00,E7,02,00,00,
960000,000002C5,false,Rx,0,8,00,00,00,00,00,00,00,00,
960000,000002C6,false,Rx,0,8,32,00,7C,01,00,00,00,00,
988000,00000625,false,Rx,0,8,25,00,59,86,01,54,5C,06,
46000,0000060D,false,Rx,0,8,0D,10,83,B6,09,20,70,00,
89000,00000625,false,Rx,0,8,25,00,59,86,01,54,5C,06,
146000,0000060D,false,Rx,0,8,0D,10,83,B6,09,20,70,00,
0,00000054,false,Rx,0,8,01,05,EF,00,E7,02,00,00,
0,00000055,false,Rx,0,8,10,27,00,00,00,00,00,00,
0,00000056,false,Rx,0,8,10,27,00,00,00,00,00,00,
157000,00000057,false,Rx,0,8,00,00,FE,FF,FE,FF,00,00,
180000,000002C4,false,Rx,0,8,09,20,00,00,E7,02,00,00,
180000,000002C5,false,Rx,0,8,00,00,00,00,00,00,00,00,
180000,000002C6,false,Rx,0,8,32,00,7C,01,00,00,00,00,
188000,00000625,false,Rx,0,8,25,00,59,86,01,54,5C,06,
246000,0000060D,false,Rx,0,8,0D,10,83,B6,09,20,70,00,
288000,00000625,false,Rx,0,8,25,00,59,86,01,54,5C,06,
346000,0000060D,false,Rx,0,8,0D,10,83,B6,09,20,70,00,
356000,00000054,false,Rx,0,8,01,05,EF,00,E7,02,00,00,
356000,00000055,false,Rx,0,8,10,27,00,00,00,00,00,00,
356000,00000056,false,Rx,0,8,10,27,00,00,00,00,00,00,
356000,00000057,false,Rx,0,8,00,00,FE,FF,FE,FF,00,00,
388000,00000625,false,Rx,0,8,25,00,59,86,01,54,5C,06,
399000,000002C4,false,Rx,0,8,09,20,00,00,E7,02,00,00,
399000,000002C5,false,Rx,0,8,00,00,00,00,00,00,00,00,
399000,000002C6,false,Rx,0,8,32,00,7C,01,00,00,00,00,
446000,0000060D,false,Rx,0,8,0D,10,83,B6,09,20,70,00,
488000,00000625,false,Rx,0,8,25,00,59,86,01,54,5C,06,
546000,0000060D,false,Rx,0,8,0D,10,83,B6,09,20,70,00,
556000,00000054,false,Rx,0,8,01,05,EF,00,E7,02,00,00,
556000,00000055,false,Rx,0,8,10,27,00,00,00,00,00,00,
556000,00000056,false,Rx,0,8,10,27,00,00,00,00,00,00,
556000,00000057,false,Rx,0,8,00,00,FE,FF,FE,FF,00,00,
589000,00000625,false,Rx,0,8,25,00,59,86,01,54,5C,06,
619000,000002C4,false,Rx,0,8,09,20,00,00,E7,02,00,00,
620000,000002C5,false,Rx,0,8,00,00,00,00,00,00,00,00,
620000,000002C6,false,Rx,0,8,32,00,7C,01,00,00,00,00,
646000,0000060D,false,Rx,0,8,0D,10,83,B6,09,20,70,00,
689000,00000625,false,Rx,0,8,25,00,59,86,01,54,5C,06,
746000,0000060D,false,Rx,0,8,0D,10,83,B6,09,20,70,00,
756000,00000054,false,Rx,0,8,01,05,EF,00,E7,02,00,00,
756000,00000055,false,Rx,0,8,10,27,00,00,00,00,00,00,
756000,00000056,false,Rx,0,8,10,27,00,00,00,00,00,00,
756000,00000057,false,Rx,0,8,00,00,FE,FF,FE,FF,00,00,
788000,00000625,false,Rx,0,8,25,00,59,86,01,54,5C,06,
840000,000002C4,false,Rx,0,8,09,20,00,00,E7,02,00,00,
840000,000002C5,false,Rx,0,8,00,00,00,00,00,00,00,00,
840000,000002C6,false,Rx,0,8,32,00,7C,01,00,00,00,00,
846000,0000060D,false,Rx,0,8,0D,10,83,B6,09,20,70,00,
888000,00000625,false,Rx,0,8,25,00,59,86,01,54,5C,06,
947000,0000060D,false,Rx,0,8,0D,10,83,B6,09,20,70,00,
956000,00000054,false,Rx,0,8,01,05,EF,00,E7,02,00,00,
957000,00000055,false,Rx,0,8,10,27,00,00,00,00,00,00,
957000,00000056,false,Rx,0,8,10,27,00,00,00,00,00,00,
957000,00000057,false,Rx,0,8,00,00,FE,FF,FE,FF,00,00,
988000,00000625,false,Rx,0,8,25,00,59,86,01,54,5C,06,
46000,0000060D,false,Rx,0,8,0D,10,83,B6,09,20,70,00,
59000,000002C4,false,Rx,0,8,09,20,00,00,E7,02,00,00,
60000,000002C5,false,Rx,0,8,00,00,00,00,00,00,00,00,
60000,000002C6,false,Rx,0,8,32,00,7C,01,00,00,00,00,
88000,00000625,false,Rx,0,8,25,00,59,86,01,54,5C,06,
146000,0000060D,false,Rx,0,8,0D,10,83,B6,09,20,70,00,
156000,00000054,false,Rx,0,8,01,05,EF,00,E7,02,00,00,
156000,00000055,false,Rx,0,8,10,27,00,00,00,00,00,00,
0,00000056,false,Rx,0,8,10,27,00,00,00,00,00,00,
0,00000057,false,Rx,0,8,00,00,FE,FF,FE,FF,00,00,
188000,00000625,false,Rx,0,8,25,00,59,86,01,54,5C,06,
246000,0000060D,false,Rx,0,8,0D,10,83,B6,09,20,70,00,
280000,000002C4,false,Rx,0,8,09,20,00,00,E7,02,00,00,
280000,000002C5,false,Rx,0,8,00,00,00,00,00,00,00,00,
280000,000002C6,false,Rx,0,8,32,00,7C,01,00,00,00,00,
288000,00000625,false,Rx,0,8,25,00,59,86,01,54,5C,06,
346000,0000060D,false,Rx,0,8,0D,10,83,B6,09,20,70,00,
356000,00000054,false,Rx,0,8,01,05,EF,00,E7,02,00,00,
356000,00000055,false,Rx,0,8,10,27,00,00,00,00,00,00,
357000,00000056,false,Rx,0,8,10,27,00,00,00,00,00,00,
357000,00000057,false,Rx,0,8,00,00,FE,FF,FE,FF,00,00,
388000,00000625,false,Rx,0,8,25,00,59,86,01,54,5C,06,
446000,0000060D,false,Rx,0,8,0D,10,83,B6,09,20,70,00,
489000,00000625,false,Rx,0,8,25,00,59,86,01,54,5C,06,
499000,000002C4,false,Rx,0,8,09,20,00,00,E7,02,00,00,
499000,000002C5,false,Rx,0,8,00,00,00,00,00,00,00,00,
500000,000002C6,false,Rx,0,8,32,00,7C,01,00,00,00,00,
546000,0000060D,false,Rx,0,8,0D,10,83,B6,09,20,70,00,
556000,00000054,false,Rx,0,8,01,05,EF,00,E7,02,00,00,
556000,00000055,false,Rx,0,8,10,27,00,00,00,00,00,00,
557000,00000056,false,Rx,0,8,10,27,00,00,00,00,00,00,
557000,00000057,false,Rx,0,8,00,00,FE,FF,FE,FF,00,00,
588000,00000625,false,Rx,0,8,25,00,59,86,01,54,5C,06,
646000,0000060D,false,Rx,0,8,0D,10,83,B6,09,20,70,00,
688000,00000625,false,Rx,0,8,25,00,59,86,01,54,5C,06,
719000,000002C4,false,Rx,0,8,09,20,00,00,E7,02,00,00,
0,000002C5,false,Rx,0,8,00,00,00,00,00,00,00,00,
0,000002C6,false,Rx,0,8,32,00,7C,01,00,00,00,00,
746000,0000060D,false,Rx,0,8,0D,10,83,B6,09,20,70,00,
756000,00000054,false,Rx,0,8,01,05,EF,00,E7,02,00,00,
756000,00000055,false,Rx,0,8,10,27,00,00,00,00,00,00,
757000,00000056,false,Rx,0,8,10,27,00,00,00,00,00,00,
757000,00000057,false,Rx,0,8,00,00,FE,FF,FE,FF,00,00,
788000,00000625,false,Rx,0,8,25,00,59,86,01,54,5C,06,
847000,0000060D,false,Rx,0,8,0D,10,83,B6,09,20,70,00,
888000,00000625,false,Rx,0,8,25,00,59,86,01,54,5C,06,
940000,000002C4,false,Rx,0,8,09,20,00,00,E7,02,00,00,
940000,000002C5,false,Rx,0,8,00,00,00,00,00,00,00,00,
940000,000002C6,false,Rx,0,8,32,00,7C,01,00,00,00,00,
946000,0000060D,false,Rx,0,8,0D,10,83,B6,09,20,70,00,
956000,00000054,false,Rx,0,8,01,05,EF,00,E7,02,00,00,
956000,00000055,false,Rx,0,8,10,27,00,00,00,00,00,00,
957000,00000056,false,Rx,0,8,10,27,00,00,00,00,00,00,
957000,00000057,false,Rx,0,8,00,00,FE,FF,FE,FF,00,00,
988000,00000625,false,Rx,0,8,25,00,59,86,01,54,5C,06,
46000,0000060D,false,Rx,0,8,0D,10,83,B6,09,20,70,00,
88000,00000625,false,Rx,0,8,25,00,59,86,01,54,5C,06,
146000,0000060D,false,Rx,0,8,0D,10,83,B6,09,20,70,00,
0,00000054,false,Rx,0,8,01,05,EF,00,E7,02,00,00,
0,00000055,false,Rx,0,8,10,27,00,00,00,00,00,00,
157000,00000056,false,Rx,0,8,10,27,00,00,00,00,00,00,
157000,00000057,false,Rx,0,8,00,00,FE,FF,FE,FF,00,00,
159000,000002C4,false,Rx,0,8,09,20,00,00,E7,02,00,00,
160000,000002C5,false,Rx,0,8,00,00,00,00,00,00,00,00,
160000,000002C6,false,Rx,0,8,32,00,7C,01,00,00,00,00,
188000,00000625,false,Rx,0,8,25,00,59,86,01,54,5C,06,
246000,0000060D,false,Rx,0,8,0D,10,83,B6,09,20,70,00,
288000,00000625,false,Rx,0,8,25,00,59,86,01,54,5C,06,
346000,0000060D,false,Rx,0,8,0D,10,83,B6,09,20,70,00,
356000,00000054,false,Rx,0,8,01,05,EF,00,E7,02,00,00,
356000,00000055,false,Rx,0,8,10,27,00,00,00,00,00,00,
356000,00000056,false,Rx,0,8,10,27,00,00,00,00,00,00,
356000,00000057,false,Rx,0,8,00,00,FE,FF,FE,FF,00,00,
0,000002C4,false,Rx,0,8,09,20,00,00,E7,02,00,00,
0,000002C5,false,Rx,0,8,00,00,00,00,00,00,00,00,
380000,000002C6,false,Rx,0,8,32,00,7C,01,00,00,00,00,
388000,00000625,false,Rx,0,8,25,00,59,86,01,54,5C,06,
446000,0000060D,false,Rx,0,8,0D,10,83,B6,09,20,70,00,
488000,00000625,false,Rx,0,8,25,00,59,86,01,54,5C,06,
547000,0000060D,false,Rx,0,8,0D,10,83,B6,09,20,70,00,
556000,00000054,false,Rx,0,8,01,05,EF,00,E7,02,00,00,
556000,00000055,false,Rx,0,8,10,27,00,00,00,00,00,00,
556000,00000056,false,Rx,0,8,10,27,00,00,00,00,00,00,
556000,00000057,false,Rx,0,8,00,00,FE,FF,FE,FF,00,00,
588000,00000625,false,Rx,0,8,25,00,59,86,01,54,5C,06,
600000,000002C4,false,Rx,0,8,09,20,00,00,E7,02,00,00,
600000,000002C5,false,Rx,0,8,00,00,00,00,00,00,00,00,
600000,000002C6,false,Rx,0,8,32,00,7C,01,00,00,00,00,
646000,0000060D,false,Rx,0,8,0D,10,83,B6,09,20,70,00,
688000,00000625,false,Rx,0,8,25,00,59,86,01,54,5C,06,
747000,0000060D,false,Rx,0,8,0D,10,83,B6,09,20,70,00,
756000,00000054,false,Rx,0,8,01,05,EF,00,E7,02,00,00,
756000,00000055,false,Rx,0,8,10,27,00,00,00,00,00,00,
756000,00000056,false,Rx,0,8,10,27,00,00,00,00,00,00,
757000,00000057,false,Rx,0,8,00,00,FE,FF,FE,FF,00,00,
788000,00000625,false,Rx,0,8,25,00,59,86,01,54,5C,06,
819000,000002C4,false,Rx,0,8,09,20,00,00,E7,02,00,00,
820000,000002C5,false,Rx,0,8,00,00,00,00,00,00,00,00,
820000,000002C6,false,Rx,0,8,32,00,7C,01,00,00,00,00,
847000,0000060D,false,Rx,0,8,0D,10,83,B6,09,20,70,00,
889000,00000625,false,Rx,0,8,25,00,59,86,01,54,5C,06,
946000,0000060D,false,Rx,0,8,0D,10,83,B6,09,20,70,00,
956000,00000054,false,Rx,0,8,01,05,EF,00,E7,02,00,00,
956000,00000055,false,Rx,0,8,10,27,00,00,00,00,00,00,
0,00000056,false,Rx,0,8,10,27,00,00,00,00,00,00,
0,00000057,false,Rx,0,8,00,00,FE,FF,FE,FF,00,00,
988000,00000625,false,Rx,0,8,25,00,59,86,01,54,5C,06,
40000,000002C4,false,Rx,0,8,09,20,00,00,E7,02,00,00,
40000,000002C5,false,Rx,0,8,00,00,00,00,00,00,00,00,
40000,000002C6,false,Rx,0,8,32,00,7C,01,00,00,00,00,
46000,0000060D,false,Rx,0,8,0D,10,83,B6,09,20,70,00,
88000,00000625,false,Rx,0,8,25,00,59,86,01,54,5C,06,
146000,0000060D,false,Rx,0,8,0D,10,83,B6,09,20,70,00,
0,00000054,false,Rx,0,8,01,05,EF,00,E7,02,00,00,
0,00000055,false,Rx,0,8,10,27,00,00,00,00,00,00,
0,00000056,false,Rx,0,8,10,27,00,00,00,00,00,00,
0,00000057,false,Rx,0,8,00,00,FE,FF,FE,FF,00,00,
188000,00000625,false,Rx,0,8,25,00,59,86,01,54,5C,06,
246000,0000060D,false,Rx,0,8,0D,10,83,B6,09,20,70,00,
260000,000002C4,false,Rx,0,8,09,20,00,00,E7,02,00,00,
260000,000002C5,false,Rx,0,8,00,00,00,00,00,00,00,00,
260000,000002C6,false,Rx,0,8,32,00,7C,01,00,00,00,00,
288000,00000625,false,Rx,0,8,25,00,59,86,01,54,5C,06,
346000,0000060D,false,Rx,0,8,0D,10,83,B6,09,20,70,00,
356000,00000054,false,Rx,0,8,01,05,EF,00,E7,02,00,00,
356000,00000055,false,Rx,0,8,10,27,00,00,00,00,00,00,
357000,00000056,false,Rx,0,8,10,27,00,00,00,00,00,00,
357000,00000057,false,Rx,0,8,00,00,FE,FF,FE,FF,00,00,
389000,00000625,false,Rx,0,8,25,00,59,86,01,54,5C,06,
446000,0000060D,false,Rx,0,8,0D,10,83,B6,09,20,70,00,
479000,000002C4,false,Rx,0,8,09,20,00,00,E7,02,00,00,
480000,000002C5,false,Rx,0,8,00,00,00,00,00,00,00,00,
480000,000002C6,false,Rx,0,8,32,00,7C,01,00,00,00,00,
489000,00000625,false,Rx,0,8,25,00,59,86,01,54,5C,06,
546000,0000060D,false,Rx,0,8,0D,10,83,B6,09,20,70,00,
556000,00000054,false,Rx,0,8,01,05,EF,00,E7,02,00,00,
556000,00000055,false,Rx,0,8,10,27,00,00,00,00,00,00,
556000,00000056,false,Rx,0,8,10,27,00,00,00,00,00,00,
557000,00000057,false,Rx,0,8,00,00,FE,FF,FE,FF,00,00,
588000,00000625,false,Rx,0,8,25,00,59,86,01,54,5C,06,
646000,0000060D,false,Rx,0,8,0D,10,83,B6,09,20,70,00,
688000,00000625,false,Rx,0,8,25,00,59,86,01,54,5C,06,
700000,000002C4,false,Rx,0,8,09,20,00,00,E7,02,00,00,
700000,000002C5,false,Rx,0,8,00,00,00,00,00,00,00,00,
700000,000002C6,false,Rx,0,8,32,00,7C,01,00,00,00,00,
746000,0000060D,false,Rx,0,8,0D,10,83,B6,09,20,70,00,
756000,00000054,false,Rx,0,8,01,05,EF,00,E7,02,00,00,
756000,00000055,false,Rx,0,8,10,27,00,00,00,00,00,00,
756000,00000056,false,Rx,0,8,10,27,00,00,00,00,00,00,
756000,00000057,false,Rx,0,8,00,00,FE,FF,FE,FF,00,00,
788000,00000625,false,Rx,0,8,25,00,59,86,01,54,5C,06,
846000,0000060D,false,Rx,0,8,0D,10,83,B6,09,20,70,00,
889000,00000625,false,Rx,0,8,25,00,59,86,01,54,5C,06,
920000,000002C4,false,Rx,0,8,09,20,00,00,E7,02,00,00,
920000,000002C5,false,Rx,0,8,00,00,00,00,00,00,00,00,
920000,000002C6,false,Rx,0,8,32,00,7C,01,00,00,00,00,
946000,0000060D,false,Rx,0,8,0D,10,83,B6,09,20,70,00,
956000,00000054,false,Rx,0,8,01,05,EF,00,E7,02,00,00,
956000,00000055,false,Rx,0,8,10,27,00,00,00,00,00,00,
957000,00000056,false,Rx,0,8,10,27,00,00,00,00,00,00,
957000,00000057,false,Rx,0,8,00,00,FE,FF,FE,FF,00,00,
988000,00000625,false,Rx,0,8,25,00,59,86,01,54,5C,06,
46000,0000060D,false,Rx,0,8,0D,10,83,B6,09,20,70,00,
88000,00000625,false,Rx,0,8,25,00,59,86,01,54,5C,06,
139000,000002C4,false,Rx,0,8,09,20,00,00,E7,02,00,00,
140000,000002C5,false,Rx,0,8,00,00,00,00,00,00,00,00,
140000,000002C6,false,Rx,0,8,32,00,7C,01,00,00,00,00,
146000,0000060D,false,Rx,0,8,0D,10,83,B6,09,20,70,00,
0,00000054,false,Rx,0,8,01,05,EF,00,E7,02,00,00,
0,00000055,false,Rx,0,8,10,27,00,00,00,00,00,00,
0,00000056,false,Rx,0,8,10,27,00,00,00,00,00,00,
157000,00000057,false,Rx,0,8,00,00,FE,FF,FE,FF,00,00,
189000,00000625,false,Rx,0,8,25,00,59,86,01,54,5C,06,
246000,0000060D,false,Rx,0,8,0D,10,83,B6,09,20,70,00,
288000,00000625,false,Rx,0,8,25,00,59,86,01,54,5C,06,
346000,0000060D,false,Rx,0,8,0D,10,83,B6,09,20,70,00,
356000,00000054,false,Rx,0,8,01,05,EF,00,E7,02,00,00,
356000,00000055,false,Rx,0,8,10,27,00,00,00,00,00,00,
356000,00000056,false,Rx,0,8,10,27,00,00,00,00,00,00,
357000,00000057,false,Rx,0,8,00,00,FE,FF,FE,FF,00,00,
0,000002C4,false,Rx,0,8,09,20,00,00,E7,02,00,00,
0,000002C5,false,Rx,0,8,00,00,00,00,00,00,00,00,
360000,000002C6,false,Rx,0,8,32,00,7C,01,00,00,00,00,
389000,00000625,false,Rx,0,8,25,00,59,86,01,54,5C,06,
446000,0000060D,false,Rx,0,8,0D,10,83,B6,09,20,70,00,
488000,00000625,false,Rx,0,8,25,00,59,86,01,54,5C,06,
546000,0000060D,false,Rx,0,8,0D,10,83,B6,09,20,70,00,
556000,00000054,false,Rx,0,8,01,05,EF,00,E7,02,00,00,
556000,00000055,false,Rx,0,8,10,27,00,00,00,00,00,00,
557000,00000056,false,Rx,0,8,10,27,00,00,00,00,00,00,
557000,00000057,false,Rx,0,8,00,00,FE,FF,FE,FF,00,00,
0,000002C4,false,Rx,0,8,09,20,00,00,E7,02,00,00,
0,000002C5,false,Rx,0,8,00,00,00,00,00,00,00,00,
580000,000002C6,false,Rx,0,8,32,00,7C,01,00,00,00,00,
588000,00000625,false,Rx,0,8,25,00,59,86,01,54,5C,06,
646000,0000060D,false,Rx,0,8,0D,10,83,B6,09,20,70,00,
688000,00000625,false,Rx,0,8,25,00,59,86,01,54,5C,06,
746000,0000060D,false,Rx,0,8,0D,10,83,B6,09,20,70,00,
756000,00000054,false,Rx,0,8,01,05,EF,00,E7,02,00,00,
756000,00000055,false,Rx,0,8,10,27,00,00,00,00,00,00,
756000,00000056,false,Rx,0,8,10,27,00,00,00,00,00,00,
756000,00000057,false,Rx,0,8,00,00,FE,FF,FE,FF,00,00,
788000,00000625,false,Rx,0,8,25,00,59,86,01,54,5C,06,
799000,000002C4,false,Rx,0,8,09,20,00,00,E7,02,00,00,
799000,000002C5,false,Rx,0,8,00,00,00,00,00,00,00,00,
800000,000002C6,false,Rx,0,8,32,00,7C,01,00,00,00,00,
846000,0000060D,false,Rx,0,8,0D,10,83,B6,09,20,70,00,
889000,00000625,false,Rx,0,8,25,00,59,86,01,54,5C,06,
946000,0000060D,false,Rx,0,8,0D,10,83,B6,09,20,70,00,
956000,00000054,false,Rx,0,8,01,05,EF,00,E7,02,00,00,
956000,00000055,false,Rx,0,8,10,27,00,00,00,00,00,00,
956000,00000056,false,Rx,0,8,10,27,00,00,00,00,00,00,
956000,00000057,false,Rx,0,8,00,00,FE,FF,FE,FF,00,00,
988000,00000625,false,Rx,0,8,25,00,59,86,01,54,5C,06,
0,000002C4,false,Rx,0,8,09,20,00,00,E7,02,00,00,
0,000002C5,false,Rx,0,8,00,00,00,00,00,00,00,00,
20000,000002C6,false,Rx,0,8,32,00,7C,01,00,00,00,00,
47000,0000060D,false,Rx,0,8,0D,10,83,B6,09,20,70,00,
88000,00000625,false,Rx,0,8,25,00,59,86,01,54,5C,06,
146000,0000060D,false,Rx,0,8,0D,10,83,B6,09,20,70,00,
0,00000054,false,Rx,0,8,01,05,EF,00,E7,02,00,00,
0,00000055,false,Rx,0,8,10,27,00,00,00,00,00,00,
157000,00000056,false,Rx,0,8,10,27,00,00,00,00,00,00,
158000,00000057,false,Rx,0,8,00,00,FE,FF,FE,FF,00,00,
189000,00000625,false,Rx,0,8,25,00,59,86,01,54,5C,06,
239000,000002C4,false,Rx,0,8,09,20,00,00,E7,02,00,00,
240000,000002C5,false,Rx,0,8,00,00,00,00,00,00,00,00,
240000,000002C6,false,Rx,0,8,32,00,7C,01,00,00,00,00,
247000,0000060D,false,Rx,0,8,0D,10,83,B6,09,20,70,00,
288000,00000625,false,Rx,0,8,25,00,59,86,01,54,5C,06,
346000,0000060D,false,Rx,0,8,0D,10,83,B6,09,20,70,00,
0,00000054,false,Rx,0,8,01,05,EF,00,E7,02,00,00,
0,00000055,false,Rx,0,8,10,27,00,00,00,00,00,00,
0,00000056,false,Rx,0,8,10,27,00,00,00,00,00,00,
0,00000057,false,Rx,0,8,00,00,FE,FF,FE,FF,00,00,
389000,00000625,false,Rx,0,8,25,00,59,86,01,54,5C,06,
446000,0000060D,false,Rx,0,8,0D,10,83,B6,09,20,70,00,
460000,000002C4,false,Rx,0,8,09,20,00,00,E7,02,00,00,
460000,000002C5,false,Rx,0,8,00,00,00,00,00,00,00,00,
460000,000002C6,false,Rx,0,8,32,00,7C,01,00,00,00,00,
488000,00000625,false,Rx,0,8,25,00,59,86,01,54,5C,06,
547000,0000060D,false,Rx,0,8,0D,10,83,B6,09,20,70,00,
556000,00000054,false,Rx,0,8,01,05,EF,00,E7,02,00,00,
556000,00000055,false,Rx,0,8,10,27,00,00,00,00,00,00,
556000,00000056,false,Rx,0,8,10,27,00,00,00,00,00,00,
557000,00000057,false,Rx,0,8,00,00,FE,FF,FE,FF,00,00,
589000,00000625,false,Rx,0,8,25,00,59,86,01,54,5C,06,
646000,0000060D,false,Rx,0,8,0D,10,83,B6,09,20,70,00,
679000,000002C4,false,Rx,0,8,09,20,00,00,E7,02,00,00,
680000,000002C5,false,Rx,0,8,00,00,00,00,00,00,00,00,
680000,000002C6,false,Rx,0,8,32,00,7C,01,00,00,00,00,
688000,00000625,false,Rx,0,8,25,00,59,86,01,54,5C,06,
746000,0000060D,false,Rx,0,8,0D,10,83,B6,09,20,70,00,
756000,00000054,false,Rx,0,8,01,05,EF,00,E7,02,00,00,
756000,00000055,false,Rx,0,8,10,27,00,00,00,00,00,00,
756000,00000056,false,Rx,0,8,10,27,00,00,00,00,00,00,
756000,00000057,false,Rx,0,8,00,00,FE,FF,FE,FF,00,00,
789000,00000625,false,Rx,0,8,25,00,59,86,01,54,5C,06,
846000,0000060D,false,Rx,0,8,0D,10,83,B6,09,20,70,00,
889000,00000625,false,Rx,0,8,25,00,59,86,01,54,5C,06,
899000,000002C4,false,Rx,0,8,09,20,00,00,E7,02,00,00,
900000,000002C5,false,Rx,0,8,00,00,00,00,00,00,00,00,
900000,000002C6,false,Rx,0,8,32,00,7C,01,00,00,00,00,
947000,0000060D,false,Rx,0,8,0D,10,83,B6,09,20,70,00,
956000,00000054,false,Rx,0,8,01,05,EF,00,E7,02,00,00,
957000,00000055,false,Rx,0,8,10,27,00,00,00,00,00,00,
0,00000056,false,Rx,0,8,10,27,00,00,00,00,00,00,
0,00000057,false,Rx,0,8,00,00,FE,FF,FE,FF,00,00,
989000,00000625,false,Rx,0,8,25,00,59,86,01,54,5C,06,
46000,0000060D,false,Rx,0,8,0D,10,83,B6,09,20,70,00,
89000,00000625,false,Rx,0,8,25,00,59,86,01,54,5C,06,
120000,000002C4,false,Rx,0,8,09,20,00,00,E7,02,00,00,
120000,000002C5,false,Rx,0,8,00,00,00,00,00,00,00,00,
120000,000002C6,false,Rx,0,8,32,00,7C,01,00,00,00,00,
146000,0000060D,false,Rx,0,8,0D,10,83,B6,09,20,70,00,
0,00000054,false,Rx,0,8,01,05,EF,00,E7,02,00,00,
0,00000055,false,Rx,0,8,10,27,00,00,00,00,00,00,
157000,00000056,false,Rx,0,8,10,27,00,00,00,00,00,00,
157000,00000057,false,Rx,0,8,00,00,FE,FF,FE,FF,00,00,
188000,00000625,false,Rx,0,8,25,00,59,86,01,54,5C,06,
246000,0000060D,false,Rx,0,8,0D,10,83,B6,09,20,70,00,
288000,00000625,false,Rx,0,8,25,00,59,86,01,54,5C,06,
340000,000002C4,false,Rx,0,8,09,20,00,00,E7,02,00,00,
340000,000002C5,false,Rx,0,8,00,00,00,00,00,00,00,00,
340000,000002C6,false,Rx,0,8,32,00,7C,01,00,00,00,00,
346000,0000060D,false,Rx,0,8,0D,10,83,B6,09,20,70,00,
356000,00000054,false,Rx,0,8,01,05,EF,00,E7,02,00,00,
356000,00000055,false,Rx,0,8,10,27,00,00,00,00,00,00,
357000,00000056,false,Rx,0,8,10,27,00,00,00,00,00,00,
357000,00000057,false,Rx,0,8,00,00,FE,FF,FE,FF,00,00,
388000,00000625,false,Rx,0,8,25,00,59,86,01,54,5C,06,
446000,0000060D,false,Rx,0,8,0D,10,83,B6,09,20,70,00,
488000,00000625,false,Rx,0,8,25,00,59,86,01,54,5C,06,
546000,0000060D,false,Rx,0,8,0D,10,83,B6,09,20,70,00,
556000,00000054,false,Rx,0,8,01,05,EF,00,E7,02,00,00,
556000,00000055,false,Rx,0,8,10,27,00,00,00,00,00,00,
556000,00000056,false,Rx,0,8,10,27,00,00,00,00,00,00,
556000,00000057,false,Rx,0,8,00,00,FE,FF,FE,FF,00,00,
559000,000002C4,false,Rx,0,8,09,20,00,00,E7,02,00,00,
559000,000002C5,false,Rx,0,8,00,00,00,00,00,00,00,00,
559000,000002C6,false,Rx,0,8,32,00,7C,01,00,00,00,00,
588000,00000625,false,Rx,0,8,25,00,59,86,01,54,5C,06,
646000,0000060D,false,Rx,0,8,0D,10,83,B6,09,20,70,00,
688000,00000625,false,Rx,0,8,25,00,59,86,01,54,5C,06,
746000,0000060D,false,Rx,0,8,0D,10,83,B6,09,20,70,00,
756000,00000054,false,Rx,0,8,01,05,EF,00,E7,02,00,00,
756000,00000055,false,Rx,0,8,10,27,00,00,00,00,00,00,
0,00000056,false,Rx,0,8,10,27,00,00,00,00,00,00,
0,00000057,false,Rx,0,8,00,00,FE,FF,FE,FF,00,00,
779000,000002C4,false,Rx,0,8,09,20,00,00,E7,02,00,00,
780000,000002C5,false,Rx,0,8,00,00,00,00,00,00,00,00,
780000,000002C6,false,Rx,0,8,32,00,7C,01,00,00,00,00,
788000,00000625,false,Rx,0,8,25,00,59,86,01,54,5C,06,
846000,0000060D,false,Rx,0,8,0D,10,83,B6,09,20,70,00,
888000,00000625,false,Rx,0,8,25,00,59,86,01,54,5C,06,
946000,0000060D,false,Rx,0,8,0D,10,83,B6,09,20,70,00,
956000,00000054,false,Rx,0,8,01,05,EF,00,E7,02,00,00,
956000,00000055,false,Rx,0,8,10,27,00,00,00,00,00,00,
957000,00000056,false,Rx,0,8,10,27,00,00,00,00,00,00,
957000,00000057,false,Rx,0,8,00,00,FE,FF,FE,FF,00,00,
988000,00000625,false,Rx,0,8,25,00,59,86,01,54,5C,06,
0,000002C4,false,Rx,0,8,09,20,00,00,E7,02,00,00,
0,000002C5,false,Rx,0,8,00,00,00,00,00,00,00,00,
0,000002C6,false,Rx,0,8,32,00,7C,01,00,00,00,00,
47000,0000060D,false,Rx,0,8,0D,10,83,B6,09,20,70,00,
88000,00000625,false,Rx,0,8,25,00,59,86,01,54,5C,06,
146000,0000060D,false,Rx,0,8,0D,10,83,B6,09,20,70,00,
156000,00000054,false,Rx,0,8,01,05,EF,00,E7,02,00,00,
156000,00000055,false,Rx,0,8,10,27,00,00,00,00,00,00,
0,00000056,false,Rx,0,8,10,27,00,00,00,00,00,00,
0,00000057,false,Rx,0,8,00,00,FE,FF,FE,FF,00,00,
188000,00000625,false,Rx,0,8,25,00,59,86,01,54,5C,06,
220000,000002C4,false,Rx,0,8,09,20,00,00,E7,02,00,00,
220000,000002C5,false,Rx,0,8,00,00,00,00,00,00,00,00,
220000,000002C6,false,Rx,0,8,32,00,7C,01,00,00,00,00,
246000,0000060D,false,Rx,0,8,0D,10,83,B6,09,20,70,00,
288000,00000625,false,Rx,0,8,25,00,59,86,01,54,5C,06,
346000,0000060D,false,Rx,0,8,0D,10,83,B6,09,20,70,00,
356000,00000054,false,Rx,0,8,01,05,EF,00,E7,02,00,00,
356000,00000055,false,Rx,0,8,10,27,00,00,00,00,00,00,
356000,00000056,false,Rx,0,8,10,27,00,00,00,00,00,00,
357000,00000057,false,Rx,0,8,00,00,FE,FF,FE,FF,00,00,
388000,00000625,false,Rx,0,8,25,00,59,86,01,54,5C,06,
439000,000002C4,false,Rx,0,8,09,20,00,00,E7,02,00,00,
440000,000002C5,false,Rx,0,8,00,00,00,00,00,00,00,00,
440000,000002C6,false,Rx,0,8,32,00,7C,01,00,00,00,00,
446000,0000060D,false,Rx,0,8,0D,10,83,B6,09,20,70,00,
489000,00000625,false,Rx,0,8,25,00,59,86,01,54,5C,06,
546000,0000060D,false,Rx,0,8,0D,10,83,B6,09,20,70,00,
556000,00000054,false,Rx,0,8,01,05,EF,00,E7,02,00,00,
556000,00000055,false,Rx,0,8,10,27,00,00,00,00,00,00,
556000,00000056,false,Rx,0,8,10,27,00,00,00,00,00,00,
557000,00000057,false,Rx,0,8,00,00,FE,FF,FE,FF,00,00,
588000,00000625,false,Rx,0,8,25,00,59,86,01,54,5C,06,
646000,0000060D,false,Rx,0,8,0D,10,83,B6,09,20,70,00,
659000,000002C4,false,Rx,0,8,09,20,00,00,E7,02,00,00,
659000,000002C5,false,Rx,0,8,00,00,00,00,00,00,00,00,
660000,000002C6,false,Rx,0,8,32,00,7C,01,00,00,00,00,
689000,00000625,false,Rx,0,8,25,00,59,86,01,54,5C,06,
746000,0000060D,false,Rx,0,8,0D,10,83,B6,09,20,70,00,
756000,00000054,false,Rx,0,8,01,05,EF,00,E7,02,00,00,
756000,00000055,false,Rx,0,8,10,27,00,00,00,00,00,00,
756000,00000056,false,Rx,0,8,10,27,00,00,00,00,00,00,
757000,00000057,false,Rx,0,8,00,00,FE,FF,FE,FF,00,00,
789000,00000625,false,Rx,0,8,25,00,59,86,01,54,5C,06,
846000,0000060D,false,Rx,0,8,0D,10,83,B6,09,20,70,00,
880000,000002C4,false,Rx,0,8,09,20,00,00,E7,02,00,00,
880000,000002C5,false,Rx,0,8,00,00,00,00,00,00,00,00,
880000,000002C6,false,Rx,0,8,32,00,7C,01,00,00,00,00,
889000,00000625,false,Rx,0,8,25,00,59,86,01,54,5C,06,
946000,0000060D,false,Rx,0,8,0D,10,83,B6,09,20,70,00,
956000,00000054,false,Rx,0,8,01,05,EF,00,E7,02,00,00,
956000,00000055,false,Rx,0,8,10,27,00,00,00,00,00,00,
956000,00000056,false,Rx,0,8,10,27,00,00,00,00,00,00,
956000,00000057,false,Rx,0,8,00,00,FE,FF,FE,FF,00,00,
988000,00000625,false,Rx,0,8,25,00,59,86,01,54,5C,06,
46000,0000060D,false,Rx,0,8,0D,10,83,B6,09,20,70,00,
88000,00000625,false,Rx,0,8,25,00,59,86,01,54,5C,06,
100000,000002C4,false,Rx,0,8,09,20,00,00,E7,02,00,00,
100000,000002C5,false,Rx,0,8,00,00,00,00,00,00,00,00,
100000,000002C6,false,Rx,0,8,32,00,7C,01,00,00,00,00,
146000,0000060D,false,Rx,0,8,0D,10,83,B6,09,20,70,00,
156000,00000054,false,Rx,0,8,01,05,EF,00,E7,02,00,00,
156000,00000055,false,Rx,0,8,10,27,00,00,00,00,00,00,
157000,00000056,false,Rx,0,8,10,27,00,00,00,00,00,00,
157000,00000057,false,Rx,0,8,00,00,FE,FF,FE,FF,00,00,
188000,00000625,false,Rx,0,8,25,00,59,86,01,54,5C,06,
246000,0000060D,false,Rx,0,8,0D,10,83,B6,09,20,70,00,
288000,00000625,false,Rx,0,8,25,00,59,86,01,54,5C,06,
320000,000002C4,false,Rx,0,8,09,20,00,00,E7,02,00,00,
320000,000002C5,false,Rx,0,8,00,00,00,00,00,00,00,00,
320000,000002C6,false,Rx,0,8,32,00,7C,01,00,00,00,00,
346000,0000060D,false,Rx,0,8,0D,10,83,B6,09,20,70,00,
356000,00000054,false,Rx,0,8,01,05,EF,00,E7,02,00,00,
0,00000055,false,Rx,0,8,10,27,00,00,00,00,00,00,
0,00000056,false,Rx,0,8,10,27,00,00,00,00,00,00,
0,00000057,false,Rx,0,8,00,00,FE,FF,FE,FF,00,00,
389000,00000625,false,Rx,0,8,25,00,59,86,01,54,5C,06,
446000,0000060D,false,Rx,0,8,0D,10,83,B6,09,20,70,00,
488000,00000625,false,Rx,0,8,25,00,59,86,01,54,5C,06,
540000,000002C4,false,Rx,0,8,09,20,00,00,E7,02,00,00,
540000,000002C5,false,Rx,0,8,00,00,00,00,00,00,00,00,
540000,000002C6,false,Rx,0,8,32,00,7C,01,00,00,00,00,
546000,0000060D,false,Rx,0,8,0D,10,83,B6,09,20,70,00,
556000,00000054,false,Rx,0,8,01,05,EF,00,E7,02,00,00,
556000,00000055,false,Rx,0,8,10,27,00,00,00,00,00,00,
556000,00000056,false,Rx,0,8,10,27,00,00,00,00,00,00,
556000,00000057,false,Rx,0,8,00,00,FE,FF,FE,FF,00,00,
589000,00000625,false,Rx,0,8,25,00,59,86,01,54,5C,06,
646000,0000060D,false,Rx,0,8,0D,10,83,B6,09,20,70,00,
688000,00000625,false,Rx,0,8,25,00,59,86,01,54,5C,06,
746000,0000060D,false,Rx,0,8,0D,10,83,B6,09,20,70,00,
756000,00000054,false,Rx,0,8,01,05,EF,00,E7,02,00,00,
756000,00000055,false,Rx,0,8,10,27,00,00,00,00,00,00,
757000,00000056,false,Rx,0,8,10,27,00,00,00,00,00,00,
757000,00000057,false,Rx,0,8,00,00,FE,FF,FE,FF,00,00,
0,000002C4,false,Rx,0,8,09,20,00,00,E7,02,00,00,
0,000002C5,false,Rx,0,8,00,00,00,00,00,00,00,00,
760000,000002C6,false,Rx,0,8,32,00,7C,01,00,00,00,00,
788000,00000625,false,Rx,0,8,25,00,59,86,01,54,5C,06,
846000,0000060D,false,Rx,0,8,0D,10,83,B6,09,20,70,00,
888000,00000625,false,Rx,0,8,25,00,59,86,01,54,5C,06,
946000,0000060D,false,Rx,0,8,0D,10,83,B6,09,20,70,00,
956000,00000054,false,Rx,0,8,01,05,EF,00,E7,02,00,00,
956000,00000055,false,Rx,0,8,10,27,00,00,00,00,00,00,
956000,00000056,false,Rx,0,8,10,27,00,00,00,00,00,00,
957000,00000057,false,Rx,0,8,00,00,FE,FF,FE,FF,00,00,
980000,000002C4,false,Rx,0,8,09,20,00,00,E7,02,00,00,
980000,000002C5,false,Rx,0,8,00,00,00,00,00,00,00,00,
980000,000002C6,false,Rx,0,8,32,00,7C,01,00,00,00,00,
988000,00000625,false,Rx,0,8,25,00,59,86,01,54,5C,06,
46000,0000060D,false,Rx,0,8,0D,10,83,B6,09,20,70,00,
88000,00000625,false,Rx,0,8,25,00,59,86,01,54,5C,06,
146000,0000060D,false,Rx,0,8,0D,10,83,B6,09,20,70,00,
0,00000054,false,Rx,0,8,01,05,EF,00,E7,02,00,00,
0,00000055,false,Rx,0,8,10,27,00,00,00,00,00,00,
157000,00000056,false,Rx,0,8,10,27,00,00,00,00,00,00,
157000,00000057,false,Rx,0,8,00,00,FE,FF,FE,FF,00,00,
188000,00000625,false,Rx,0,8,25,00,59,86,01,54,5C,06,
0,000002C4,false,Rx,0,8,09,20,00,00,E7,02,00,00,
0,000002C5,false,Rx,0,8,00,00,00,00,00,00,00,00,
200000,000002C6,false,Rx,0,8,32,00,7C,01,00,00,00,00,
246000,0000060D,false,Rx,0,8,0D,10,83,B6,09,20,70,00,
288000,00000625,false,Rx,0,8,25,00,59,86,01,54,5C,06,
346000,0000060D,false,Rx,0,8,0D,10,83,B6,09,20,70,00,
0,00000054,false,Rx,0,8,01,05,EF,00,E7,02,00,00,
0,00000055,false,Rx,0,8,10,27,00,00,00,00,00,00,
356000,00000056,false,Rx,0,8,10,27,00,00,00,00,00,00,
357000,00000057,false,Rx,0,8,00,00,FE,FF,FE,FF,00,00,
388000,00000625,false,Rx,0,8,25,00,59,86,01,54,5C,06,
0,000002C4,false,Rx,0,8,09,20,00,00,E7,02,00,00,
0,000002C5,false,Rx,0,8,00,00,00,00,00,00,00,00,
420000,000002C6,false,Rx,0,8,32,00,7C,01,00,00,00,00,
446000,0000060D,false,Rx,0,8,0D,10,83,B6,09,20,70,00,
489000,00000625,false,Rx,0,8,25,00,59,86,01,54,5C,06,
546000,0000060D,false,Rx,0,8,0D,10,83,B6,09,20,70,00,
556000,00000054,false,Rx,0,8,01,05,EF,00,E7,02,00,00,
556000,00000055,false,Rx,0,8,10,27,00,00,00,00,00,00,
556000,00000056,false,Rx,0,8,10,27,00,00,00,00,00,00,
557000,00000057,false,Rx,0,8,00,00,FE,FF,FE,FF,00,00,
588000,00000625,false,Rx,0,8,25,00,59,86,01,54,5C,06,
640000,000002C4,false,Rx,0,8,09,20,00,00,E7,02,00,00,
640000,000002C5,false,Rx,0,8,00,00,00,00,00,00,00,00,
640000,000002C6,false,Rx,0,8,32,00,7C,01,00,00,00,00,
646000,0000060D,false,Rx,0,8,0D,10,83,B6,09,20,70,00,
688000,00000625,false,Rx,0,8,25,00,59,86,01,54,5C,06,
746000,0000060D,false,Rx,0,8,0D,10,83,B6,09,20,70,00,
756000,00000054,false,Rx,0,8,01,05,EF,00,E7,02,00,00,
756000,00000055,false,Rx,0,8,10,27,00,00,00,00,00,00,
756000,00000056,false,Rx,0,8,10,27,00,00,00,00,00,00,
757000,00000057,false,Rx,0,8,00,00,FE,FF,FE,FF,00,00,
788000,00000625,false,Rx,0,8,25,00,59,86,01,54,5C,06,
846000,0000060D,false,Rx,0,8,0D,10,83,B6,09,20,70,00,
0,000002C4,false,Rx,0,8,09,20,00,00,E7,02,00,00,
0,000002C5,false,Rx,0,8,00,00,00,00,00,00,00,00,
0,000002C6,false,Rx,0,8,32,00,7C,01,00,00,00,00,
888000,00000625,false,Rx,0,8,25,00,59,86,01,54,5C,06,
946000,0000060D,false,Rx,0,8,0D,10,83,B6,09,20,70,00,
956000,00000054,false,Rx,0,8,01,05,EF,00,E7,02,00,00,
956000,00000055,false,Rx,0,8,10,27,00,00,00,00,00,00,
956000,00000056,false,Rx,0,8,10,27,00,00,00,00,00,00,
957000,00000057,false,Rx,0,8,00,00,FE,FF,FE,FF,00,00,
988000,00000625,false,Rx,0,8,25,00,59,86,01,54,5C,06,
46000,0000060D,false,Rx,0,8,0D,10,83,B6,09,20,70,00,
80000,000002C4,false,Rx,0,8,09,20,00,00,E7,02,00,00,
80000,000002C5,false,Rx,0,8,00,00,00,00,00,00,00,00,
80000,000002C6,false,Rx,0,8,32,00,7C,01,00,00,00,00,
88000,00000625,false,Rx,0,8,25,00,59,86,01,54,5C,06,
146000,0000060D,false,Rx,0,8,0D,10,83,B6,09,20,70,00,
0,00000054,false,Rx,0,8,01,05,EF,00,E7,02,00,00,
0,00000055,false,Rx,0,8,10,27,00,00,00,00,00,00,
156000,00000056,false,Rx,0,8,10,27,00,00,00,00,00,00,
156000,00000057,false,Rx,0,8,00,00,FE,FF,FE,FF,00,00,
188000,00000625,false,Rx,0,8,25,00,59,86,01,54,5C,06,
246000,0000060D,false,Rx,0,8,0D,10,83,B6,09,20,70,00,
289000,00000625,false,Rx,0,8,25,00,59,86,01,54,5C,06,
300000,000002C4,false,Rx,0,8,09,20,00,00,E7,02,00,00,
300000,000002C5,false,Rx,0,8,00,00,00,00,00,00,00,00,
301000,000002C6,false,Rx,0,8,32,00,7C,01,00,00,00,00,
346000,0000060D,false,Rx,0,8,0D,10,83,B6,09,20,70,00,
356000,00000054,false,Rx,0,8,01,05,EF,00,E7,02,00,00,
356000,00000055,false,Rx,0,8,10,27,00,00,00,00,00,00,
356000,00000056,false,Rx,0,8,10,27,00,00,00,00,00,00,
356000,00000057,false,Rx,0,8,00,00,FE,FF,FE,FF,00,00,
388000,00000625,false,Rx,0,8,25,00,59,86,01,54,5C,06,
446000,0000060D,false,Rx,0,8,0D,10,83,B6,09,20,70,00,
489000,00000625,false,Rx,0,8,25,00,59,86,01,54,5C,06,
519000,000002C4,false,Rx,0,8,09,20,00,00,E7,02,00,00,
520000,000002C5,false,Rx,0,8,00,00,00,00,00,00,00,00,
520000,000002C6,false,Rx,0,8,32,00,7C,01,00,00,00,00,
546000,0000060D,false,Rx,0,8,0D,10,83,B6,09,20,70,00,
556000,00000054,false,Rx,0,8,01,05,EF,00,E7,02,00,00,
556000,00000055,false,Rx,0,8,10,27,00,00,00,00,00,00,
557000,00000056,false,Rx,0,8,10,27,00,00,00,00,00,00,
557000,00000057,false,Rx,0,8,00,00,FE,FF,FE,FF,00,00,
588000,00000625,false,Rx,0,8,25,00,59,86,01,54,5C,06,
646000,0000060D,false,Rx,0,8,0D,10,83,B6,09,20,70,00,
688000,00000625,false,Rx,0,8,25,00,59,86,01,54,5C,06,
740000,000002C4,false,Rx,0,8,09,20,00,00,E7,02,00,00,
740000,000002C5,false,Rx,0,8,00,00,00,00,00,00,00,00,
740000,000002C6,false,Rx,0,8,32,00,7C,01,00,00,00,00,
747000,0000060D,false,Rx,0,8,0D,10,83,B6,09,20,70,00,
756000,00000054,false,Rx,0,8,01,05,EF,00,E7,02,00,00,
756000,00000055,false,Rx,0,8,10,27,00,00,00,00,00,00,
756000,00000056,false,Rx,0,8,10,27,00,00,00,00,00,00,
756000,00000057,false,Rx,0,8,00,00,FE,FF,FE,FF,00,00,
789000,00000625,false,Rx,0,8,25,00,59,86,01,54,5C,06,
847000,0000060D,false,Rx,0,8,0D,10,83,B6,09,20,70,00,
888000,00000625,false,Rx,0,8,25,00,59,86,01,54,5C,06,
946000,0000060D,false,Rx,0,8,0D,10,83,B6,09,20,70,00,
957000,00000054,false,Rx,0,8,01,05,EF,00,E7,02,00,00,
957000,00000055,false,Rx,0,8,10,27,00,00,00,00,00,00,
957000,00000056,false,Rx,0,8,10,27,00,00,00,00,00,00,
957000,00000057,false,Rx,0,8,00,00,FE,FF,FE,FF,00,00,
960000,000002C4,false,Rx,0,8,09,20,00,00,E7,02,00,00,
960000,000002C5,false,Rx,0,8,00,00,00,00,00,00,00,00,
960000,000002C6,false,Rx,0,8,32,00,7C,01,00,00,00,00,
988000,00000625,false,Rx,0,8,25,00,59,86,01,54,5C,06,
46000,0000060D,false,Rx,0,8,0D,10,83,B6,09,20,70,00,
88000,00000625,false,Rx,0,8,25,00,59,86,01,54,5C,06,
146000,0000060D,false,Rx,0,8,0D,10,83,B6,09,20,70,00,
0,00000054,false,Rx,0,8,01,05,EF,00,E7,02,00,00,
0,00000055,false,Rx,0,8,10,27,00,00,00,00,00,00,
0,00000056,false,Rx,0,8,10,27,00,00,00,00,00,00,
157000,00000057,false,Rx,0,8,00,00,FE,FF,FE,FF,00,00,
180000,000002C4,false,Rx,0,8,09,20,00,00,E7,02,00,00,
180000,000002C5,false,Rx,0,8,00,00,00,00,00,00,00,00,
180000,000002C6,false,Rx,0,8,32,00,7C,01,00,00,00,00,
189000,00000625,false,Rx,0,8,25,00,59,86,01,54,5C,06,
246000,0000060D,false,Rx,0,8,0D,10,83,B6,09,20,70,00,
289000,00000625,false,Rx,0,8,25,00,59,86,01,54,5C,06,
346000,0000060D,false,Rx,0,8,0D,10,83,B6,09,20,70,00,
356000,00000054,false,Rx,0,8,01,05,EF,00,E7,02,00,00,
356000,00000055,false,Rx,0,8,10,27,00,00,00,00,00,00,
357000,00000056,false,Rx,0,8,10,27,00,00,00,00,00,00,
357000,00000057,false,Rx,0,8,00,00,FE,FF,FE,FF,00,00,
389000,00000625,false,Rx,0,8,25,00,59,86,01,54,5C,06,
399000,000002C4,false,Rx,0,8,09,20,00,00,E7,02,00,00,
400000,000002C5,false,Rx,0,8,00,00,00,00,00,00,00,00,
400000,000002C6,false,Rx,0,8,32,00,7C,01,00,00,00,00,
446000,0000060D,false,Rx,0,8,0D,10,83,B6,09,20,70,00,
489000,00000625,false,Rx,0,8,25,00,59,86,01,54,5C,06,
547000,0000060D,false,Rx,0,8,0D,10,83,B6,09,20,70,00,
555000,00000054,false,Rx,0,8,01,05,EF,00,E7,02,00,00,
555000,00000055,false,Rx,0,8,10,27,00,00,00,00,00,00,
0,00000056,false,Rx,0,8,10,27,00,00,00,00,00,00,
0,00000057,false,Rx,0,8,00,00,FE,FF,FE,FF,00,00,
589000,00000625,false,Rx,0,8,25,00,59,86,01,54,5C,06,
620000,000002C4,false,Rx,0,8,09,20,00,00,E7,02,00,00,
620000,000002C5,false,Rx,0,8,00,00,00,00,00,00,00,00,
620000,000002C6,false,Rx,0,8,32,00,7C,01,00,00,00,00,
646000,0000060D,false,Rx,0,8,0D,10,83,B6,09,20,70,00,
689000,00000625,false,Rx,0,8,25,00,59,86,01,54,5C,06,
746000,0000060D,false,Rx,0,8,0D,10,83,B6,09,20,70,00,
756000,00000054,false,Rx,0,8,01,05,EF,00,E7,02,00,00,
756000,00000055,false,Rx,0,8,10,27,00,00,00,00,00,00,
756000,00000056,false,Rx,0,8,10,27,00,00,00,00,00,00,
757000,00000057,false,Rx,0,8,00,00,FE,FF,FE,FF,00,00,
788000,00000625,false,Rx,0,8,25,00,59,86,01,54,5C,06,
840000,000002C4,false,Rx,0,8,09,20,00,00,E7,02,00,00,
840000,000002C5,false,Rx,0,8,00,00,00,00,00,00,00,00,
840000,000002C6,false,Rx,0,8,32,00,7C,01,00,00,00,00,
846000,0000060D,false,Rx,0,8,0D,10,83,B6,09,20,70,00,
889000,00000625,false,Rx,0,8,25,00,59,86,01,54,5C,06,
946000,0000060D,false,Rx,0,8,0D,10,83,B6,09,20,70,00,
956000,00000054,false,Rx,0,8,01,05,EF,00,E7,02,00,00,
956000,00000055,false,Rx,0,8,10,27,00,00,00,00,00,00,
956000,00000056,false,Rx,0,8,10,27,00,00,00,00,00,00,
957000,00000057,false,Rx,0,8,00,00,FE,FF,FE,FF,00,00,
988000,00000625,false,Rx,0,8,25,00,59,86,01,54,5C,06,
46000,0000060D,false,Rx,0,8,0D,10,83,B6,09,20,70,00,
59000,000002C4,false,Rx,0,8,09,20,00,00,E7,02,00,00,
60000,000002C5,false,Rx,0,8,00,00,00,00,00,00,00,00,
60000,000002C6,false,Rx,0,8,32,00,7C,01,00,00,00,00,
88000,00000625,false,Rx,0,8,25,00,59,86,01,54,5C,06,
146000,0000060D,false,Rx,0,8,0D,10,83,B6,09,20,70,00,
0,00000054,false,Rx,0,8,01,05,EF,00,E7,02,00,00,
0,00000055,false,Rx,0,8,10,27,00,00,00,00,00,00,
0,00000056,false,Rx,0,8,10,27,00,00,00,00,00,00,
157000,00000057,false,Rx,0,8,00,00,FE,FF,FE,FF,00,00,
188000,00000625,false,Rx,0,8,25,00,59,86,01,54,5C,06,
246000,0000060D,false,Rx,0,8,0D,10,83,B6,09,20,70,00,
279000,000002C4,false,Rx,0,8,09,20,00,00,E7,02,00,00,
280000,000002C5,false,Rx,0,8,00,00,00,00,00,00,00,00,
280000,000002C6,false,Rx,0,8,32,00,7C,01,00,00,00,00,
289000,00000625,false,Rx,0,8,25,00,59,86,01,54,5C,06,
346000,0000060D,false,Rx,0,8,0D,10,83,B6,09,20,70,00,
356000,00000054,false,Rx,0,8,01,05,EF,00,E7,02,00,00,
356000,00000055,false,Rx,0,8,10,27,00,00,00,00,00,00,
356000,00000056,false,Rx,0,8,10,27,00,00,00,00,00,00,
357000,00000057,false,Rx,0,8,00,00,FE,FF,FE,FF,00,00,
389000,00000625,false,Rx,0,8,25,00,59,86,01,54,5C,06,
446000,0000060D,false,Rx,0,8,0D,10,83,B6,09,20,70,00,
488000,00000625,false,Rx,0,8,25,00,59,86,01,54,5C,06,
499000,000002C4,false,Rx,0,8,09,20,00,00,E7,02,00,00,
500000,000002C5,false,Rx,0,8,00,00,00,00,00,00,00,00,
500000,000002C6,false,Rx,0,8,32,00,7C,01,00,00,00,00,
546000,0000060D,false,Rx,0,8,0D,10,83,B6,09,20,70,00,
556000,00000054,false,Rx,0,8,01,05,EF,00,E7,02,00,00,
556000,00000055,false,Rx,0,8,10,27,00,00,00,00,00,00,
0,00000056,false,Rx,0,8,10,27,00,00,00,00,00,00,
0,00000057,false,Rx,0,8,00,00,FE,FF,FE,FF,00,00,
589000,00000625,false,Rx,0,8,25,00,59,86,01,54,5C,06,
646000,0000060D,false,Rx,0,8,0D,10,83,B6,09,20,70,00,
689000,00000625,false,Rx,0,8,25,00,59,86,01,54,5C,06,
0,000002C4,false,Rx,0,8,09,20,00,00,E7,02,00,00,
0,000002C5,false,Rx,0,8,00,00,00,00,00,00,00,00,
721000,000002C6,false,Rx,0,8,32,00,7C,01,00,00,00,00,
746000,0000060D,false,Rx,0,8,0D,10,83,B6,09,20,70,00,
756000,00000054,false,Rx,0,8,01,05,EF,00,E7,02,00,00,
756000,00000055,false,Rx,0,8,10,27,00,00,00,00,00,00,
757000,00000056,false,Rx,0,8,10,27,00,00,00,00,00,00,
757000,00000057,false,Rx,0,8,00,00,FE,FF,FE,FF,00,00,
789000,00000625,false,Rx,0,8,25,00,59,86,01,54,5C,06,
847000,0000060D,false,Rx,0,8,0D,10,83,B6,09,20,70,00,
888000,00000625,false,Rx,0,8,25,00,59,86,01,54,5C,06,
939000,000002C4,false,Rx,0,8,09,20,00,00,E7,02,00,00,
940000,000002C5,false,Rx,0,8,00,00,00,00,00,00,00,00,
940000,000002C6,false,Rx,0,8,32,00,7C,01,00,00,00,00,
946000,0000060D,false,Rx,0,8,0D,10,83,B6,09,20,70,00,
956000,00000054,false,Rx,0,8,01,05,EF,00,E7,02,00,00,
956000,00000055,false,Rx,0,8,10,27,00,00,00,00,00,00,
957000,00000056,false,Rx,0,8,10,27,00,00,00,00,00,00,
957000,00000057,false,Rx,0,8,00,00,FE,FF,FE,FF,00,00,
988000,00000625,false,Rx,0,8,25,00,59,86,01,54,5C,06,
47000,0000060D,false,Rx,0,8,0D,10,83,B6,09,20,70,00,
88000,00000625,false,Rx,0,8,25,00,59,86,01,54,5C,06,
146000,0000060D,false,Rx,0,8,0D,10,83,B6,09,20,70,00,
0,00000054,false,Rx,0,8,01,05,EF,00,E7,02,00,00,
0,00000055,false,Rx,0,8,10,27,00,00,00,00,00,00,
156000,00000056,false,Rx,0,8,10,27,00,00,00,00,00,00,
157000,00000057,false,Rx,0,8,00,00,FE,FF,FE,FF,00,00,
159000,000002C4,false,Rx,0,8,09,20,00,00,E7,02,00,00,
160000,000002C5,false,Rx,0,8,00,00,00,00,00,00,00,00,
160000,000002C6,false,Rx,0,8,32,00,7C,01,00,00,00,00,
188000,00000625,false,Rx,0,8,25,00,59,86,01,54,5C,06,
246000,0000060D,false,Rx,0,8,0D,10,83,B6,09,20,70,00,
288000,00000625,false,Rx,0,8,25,00,59,86,01,54,5C,06,
346000,0000060D,false,Rx,0,8,0D,10,83,B6,09,20,70,00,
356000,00000054,false,Rx,0,8,01,05,EF,00,E7,02,00,00,
356000,00000055,false,Rx,0,8,10,27,00,00,00,00,00,00,
356000,00000056,false,Rx,0,8,10,27,00,00,00,00,00,00,
357000,00000057,false,Rx,0,8,00,00,FE,FF,FE,FF,00,00,
0,000002C4,false,Rx,0,8,09,20,00,00,E7,02,00,00,
0,000002C5,false,Rx,0,8,00,00,00,00,00,00,00,00,
380000,000002C6,false,Rx,0,8,32,00,7C,01,00,00,00,00,
388000,00000625,false,Rx,0,8,25,00,59,86,01,54,5C,06,
446000,0000060D,false,Rx,0,8,0D,10,83,B6,09,20,70,00,
488000,00000625,false,Rx,0,8,25,00,59,86,01,54,5C,06,
547000,0000060D,false,Rx,0,8,0D,10,83,B6,09,20,70,00,
556000,00000054,false,Rx,0,8,01,05,EF,00,E7,02,00,00,
556000,00000055,false,Rx,0,8,10,27,00,00,00,00,00,00,
556000,00000056,false,Rx,0,8,10,27,00,00,00,00,00,00,
557000,00000057,false,Rx,0,8,00,00,FE,FF,FE,FF,00,00,
588000,00000625,false,Rx,0,8,25,00,59,86,01,54,5C,06,
600000,000002C4,false,Rx,0,8,09,20,00,00,E7,02,00,00,
600000,000002C5,false,Rx,0,8,00,00,00,00,00,00,00,00,
600000,000002C6,false,Rx,0,8,32,00,7C,01,00,00,00,00,
646000,0000060D,false,Rx,0,8,0D,10,83,B6,09,20,70,00,
688000,00000625,false,Rx,0,8,25,00,59,86,01,54,5C,06,
746000,0000060D,false,Rx,0,8,0D,10,83,B6,09,20,70,00,
0,00000054,false,Rx,0,8,01,05,EF,00,E7,02,00,00,
0,00000055,false,Rx,0,8,10,27,00,00,00,00,00,00,
757000,00000056,false,Rx,0,8,10,27,00,00,00,00,00,00,
758000,00000057,false,Rx,0,8,00,00,FE,FF,FE,FF,00,00,
789000,00000625,false,Rx,0,8,25,00,59,86,01,54,5C,06,
819000,000002C4,false,Rx,0,8,09,20,00,00,E7,02,00,00,
819000,000002C5,false,Rx,0,8,00,00,00,00,00,00,00,00,
820000,000002C6,false,Rx,0,8,32,00,7C,01,00,00,00,00,
846000,0000060D,false,Rx,0,8,0D,10,83,B6,09,20,70,00,
888000,00000625,false,Rx,0,8,25,00,59,86,01,54,5C,06,
946000,0000060D,false,Rx,0,8,0D,10,83,B6,09,20,70,00,
956000,00000054,false,Rx,0,8,01,05,EF,00,E7,02,00,00,
956000,00000055,false,Rx,0,8,10,27,00,00,00,00,00,00,
957000,00000056,false,Rx,0,8,10,27,00,00,00,00,00,00,
957000,00000057,false,Rx,0,8,00,00,FE,FF,FE,FF,00,00,
989000,00000625,false,Rx,0,8,25,00,59,86,01,54,5C,06,
40000,000002C4,false,Rx,0,8,09,20,00,00,E7,02,00,00,
40000,000002C5,false,Rx,0,8,00,00,00,00,00,00,00,00,
40000,000002C6,false,Rx,0,8,32,00,7C,01,00,00,00,00,
46000,0000060D,false,Rx,0,8,0D,10,83,B6,09,20,70,00,
89000,00000625,false,Rx,0,8,25,00,59,86,01,54,5C,06,
146000,0000060D,false,Rx,0,8,0D,10,83,B6,09,20,70,00,
0,00000054,false,Rx,0,8,01,05,EF,00,E7,02,00,00,
0,00000055,false,Rx,0,8,10,27,00,00,00,00,00,00,
0,00000056,false,Rx,0,8,10,27,00,00,00,00,00,00,
158000,00000057,false,Rx,0,8,00,00,FE,FF,FE,FF,00,00,
189000,00000625,false,Rx,0,8,25,00,59,86,01,54,5C,06,
246000,0000060D,false,Rx,0,8,0D,10,83,B6,09,20,70,00,
260000,000002C4,false,Rx,0,8,09,20,00,00,E7,02,00,00,
260000,000002C5,false,Rx,0,8,00,00,00,00,00,00,00,00,
260000,000002C6,false,Rx,0,8,32,00,7C,01,00,00,00,00,
288000,00000625,false,Rx,0,8,25,00,59,86,01,54,5C,06,
346000,0000060D,false,Rx,0,8,0D,10,83,B6,09,20,70,00,
356000,00000054,false,Rx,0,8,01,05,EF,00,E7,02,00,00,
356000,00000055,false,Rx,0,8,10,27,00,00,00,00,00,00,
356000,00000056,false,Rx,0,8,10,27,00,00,00,00,00,00,
357000,00000057,false,Rx,0,8,00,00,FE,FF,FE,FF,00,00,
389000,00000625,false,Rx,0,8,25,00,59,86,01,54,5C,06,
446000,0000060D,false,Rx,0,8,0D,10,83,B6,09,20,70,00,
480000,000002C4,false,Rx,0,8,09,20,00,00,E7,02,00,00,
480000,000002C5,false,Rx,0,8,00,00,00,00,00,00,00,00,
480000,000002C6,false,Rx,0,8,32,00,7C,01,00,00,00,00,
488000,00000625,false,Rx,0,8,25,00,59,86,01,54,5C,06,
547000,0000060D,false,Rx,0,8,0D,10,83,B6,09,20,70,00,
556000,00000054,false,Rx,0,8,01,05,EF,00,E7,02,00,00,
556000,00000055,false,Rx,0,8,10,27,00,00,00,00,00,00,
556000,00000056,false,Rx,0,8,10,27,00,00,00,00,00,00,
557000,00000057,false,Rx,0,8,00,00,FE,FF,FE,FF,00,00,
589000,00000625,false,Rx,0,8,25,00,59,86,01,54,5C,06,
646000,0000060D,false,Rx,0,8,0D,10,83,B6,09,20,70,00,
688000,00000625,false,Rx,0,8,25,00,59,86,01,54,5C,06,
700000,000002C4,false,Rx,0,8,09,20,00,00,E7,02,00,00,
700000,000002C5,false,Rx,0,8,00,00,00,00,00,00,00,00,
700000,000002C6,false,Rx,0,8,32,00,7C,01,00,00,00,00,
746000,0000060D,false,Rx,0,8,0D,10,83,B6,09,20,70,00,
755000,00000054,false,Rx,0,8,01,05,EF,00,E7,02,00,00,
755000,00000055,false,Rx,0,8,10,27,00,00,00,00,00,00,
757000,00000056,false,Rx,0,8,10,27,00,00,00,00,00,00,
757000,00000057,false,Rx,0,8,00,00,FE,FF,FE,FF,00,00,
788000,00000625,false,Rx,0,8,25,00,59,86,01,54,5C,06,
846000,0000060D,false,Rx,0,8,0D,10,83,B6,09,20,70,00,
889000,00000625,false,Rx,0,8,25,00,59,86,01,54,5C,06,
919000,000002C4,false,Rx,0,8,09,20,00,00,E7,02,00,00,
920000,000002C5,false,Rx,0,8,00,00,00,00,00,00,00,00,
920000,000002C6,false,Rx,0,8,32,00,7C,01,00,00,00,00,
946000,0000060D,false,Rx,0,8,0D,10,83,B6,09,20,70,00,
0,00000054,false,Rx,0,8,01,05,EF,00,E7,02,00,00,
0,00000055,false,Rx,0,8,10,27,00,00,00,00,00,00,
0,00000056,false,Rx,0,8,10,27,00,00,00,00,00,00,
0,00000057,false,Rx,0,8,00,00,FE,FF,FE,FF,00,00,
988000,00000625,false,Rx,0,8,25,00,59,86,01,54,5C,06,
46000,0000060D,false,Rx,0,8,0D,10,83,B6,09,20,70,00,
88000,00000625,false,Rx,0,8,25,00,59,86,01,54,5C,06,
139000,000002C4,false,Rx,0,8,09,20,00,00,E7,02,00,00,
140000,000002C5,false,Rx,0,8,00,00,00,00,00,00,00,00,
140000,000002C6,false,Rx,0,8,32,00,7C,01,00,00,00,00,
146000,0000060D,false,Rx,0,8,0D,10,83,B6,09,20,70,00,
0,00000054,false,Rx,0,8,01,05,EF,00,E7,02,00,00,
0,00000055,false,Rx,0,8,10,27,00,00,00,00,00,00,
0,00000056,false,Rx,0,8,10,27,00,00,00,00,00,00,
157000,00000057,false,Rx,0,8,00,00,FE,FF,FE,FF,00,00,
188000,00000625,false,Rx,0,8,25,00,59,86,01,54,5C,06,
246000,0000060D,false,Rx,0,8,0D,10,83,B6,09,20,70,00,
288000,00000625,false,Rx,0,8,25,00,59,86,01,54,5C,06,
346000,0000060D,false,Rx,0,8,0D,10,83,B6,09,20,70,00,
356000,00000054,false,Rx,0,8,01,05,EF,00,E7,02,00,00,
356000,00000055,false,Rx,0,8,10,27,00,00,00,00,00,00,
356000,00000056,false,Rx,0,8,10,27,00,00,00,00,00,00,
357000,00000057,false,Rx,0,8,00,00,FE,FF,FE,FF,00,00,
360000,000002C4,false,Rx,0,8,09,20,00,00,E7,02,00,00,
360000,000002C5,false,Rx,0,8,00,00,00,00,00,00,00,00,
360000,000002C6,false,Rx,0,8,32,00,7C,01,00,00,00,00,
388000,00000625,false,Rx,0,8,25,00,59,86,01,54,5C,06,
446000,0000060D,false,Rx,0,8,0D,10,83,B6,09,20,70,00,
489000,00000625,false,Rx,0,8,25,00,59,86,01,54,5C,06,
546000,0000060D,false,Rx,0,8,0D,10,83,B6,09,20,70,00,
556000,00000054,false,Rx,0,8,01,05,EF,00,E7,02,00,00,
556000,00000055,false,Rx,0,8,10,27,00,00,00,00,00,00,
556000,00000056,false,Rx,0,8,10,27,00,00,00,00,00,00,
556000,00000057,false,Rx,0,8,00,00,FE,FF,FE,FF,00,00,
580000,000002C4,false,Rx,0,8,09,20,00,00,E7,02,00,00,
580000,000002C5,false,Rx,0,8,00,00,00,00,00,00,00,00,
580000,000002C6,false,Rx,0,8,32,00,7C,01,00,00,00,00,
588000,00000625,false,Rx,0,8,25,00,59,86,01,54,5C,06,
646000,0000060D,false,Rx,0,8,0D,10,83,B6,09,20,70,00,
689000,00000625,false,Rx,0,8,25,00,59,86,01,54,5C,06,
746000,0000060D,false,Rx,0,8,0D,10,83,B6,09,20,70,00,
0,00000054,false,Rx,0,8,01,05,EF,00,E7,02,00,00,
0,00000055,false,Rx,0,8,10,27,00,00,00,00,00,00,
757000,00000056,false,Rx,0,8,10,27,00,00,00,00,00,00,
757000,00000057,false,Rx,0,8,00,00,FE,FF,FE,FF,00,00,
789000,00000625,false,Rx,0,8,25,00,59,86,01,54,5C,06,
0,000002C4,false,Rx,0,8,09,20,00,00,E7,02,00,00,
0,000002C5,false,Rx,0,8,00,00,00,00,00,00,00,00,
800000,000002C6,false,Rx,0,8,32,00,7C,01,00,00,00,00,
847000,0000060D,false,Rx,0,8,0D,10,83,B6,09,20,70,00,
889000,00000625,false,Rx,0,8,25,00,59,86,01,54,5C,06,
947000,0000060D,false,Rx,0,8,0D,10,83,B6,09,20,70,00,
957000,00000054,false,Rx,0,8,01,05,EF,00,E7,02,00,00,
957000,00000055,false,Rx,0,8,10,27,00,00,00,00,00,00,
957000,00000056,false,Rx,0,8,10,27,00,00,00,00,00,00,
957000,00000057,false,Rx,0,8,00,00,FE,FF,FE,FF,00,00,
988000,00000625,false,Rx,0,8,25,00,59,86,01,54,5C,06,
20000,000002C4,false,Rx,0,8,09,20,00,00,E7,02,00,00,
20000,000002C5,false,Rx,0,8,00,00,00,00,00,00,00,00,
21000,000002C6,false,Rx,0,8,32,00,7C,01,00,00,00,00,
46000,0000060D,false,Rx,0,8,0D,10,83,B6,09,20,70,00,
89000,00000625,false,Rx,0,8,25,00,59,86,01,54,5C,06,
146000,0000060D,false,Rx,0,8,0D,10,83,B6,09,20,70,00,
156000,00000054,false,Rx,0,8,01,05,EF,00,E7,02,00,00,
0,00000055,false,Rx,0,8,10,27,00,00,00,00,00,00,
0,00000056,false,Rx,0,8,10,27,00,00,00,00,00,00,
0,00000057,false,Rx,0,8,00,00,FE,FF,FE,FF,00,00,
188000,00000625,false,Rx,0,8,25,00,59,86,01,54,5C,06,
240000,000002C4,false,Rx,0,8,09,20,00,00,E7,02,00,00,
240000,000002C5,false,Rx,0,8,00,00,00,00,00,00,00,00,
240000,000002C6,false,Rx,0,8,32,00,7C,01,00,00,00,00,
246000,0000060D,false,Rx,0,8,0D,10,83,B6,09,20,70,00,
289000,00000625,false,Rx,0,8,25,00,59,86,01,54,5C,06,
346000,0000060D,false,Rx,0,8,0D,10,83,B6,09,20,70,00,
356000,00000054,false,Rx,0,8,01,05,EF,00,E7,02,00,00,
356000,00000055,false,Rx,0,8,10,27,00,00,00,00,00,00,
356000,00000056,false,Rx,0,8,10,27,00,00,00,00,00,00,
356000,00000057,false,Rx,0,8,00,00,FE,FF,FE,FF,00,00,
388000,00000625,false,Rx,0,8,25,00,59,86,01,54,5C,06,
446000,0000060D,false,Rx,0,8,0D,10,83,B6,09,20,70,00,
460000,000002C4,false,Rx,0,8,09,20,00,00,E7,02,00,00,
460000,000002C5,false,Rx,0,8,00,00,00,00,00,00,00,00,
460000,000002C6,false,Rx,0,8,32,00,7C,01,00,00,00,00,
489000,00000625,false,Rx,0,8,25,00,59,86,01,54,5C,06,
546000,0000060D,false,Rx,0,8,0D,10,83,B6,09,20,70,00,
556000,00000054,false,Rx,0,8,01,05,EF,00,E7,02,00,00,
556000,00000055,false,Rx,0,8,10,27,00,00,00,00,00,00,
556000,00000056,false,Rx,0,8,10,27,00,00,00,00,00,00,
557000,00000057,false,Rx,0,8,00,00,FE,FF,FE,FF,00,00,
588000,00000625,false,Rx,0,8,25,00,59,86,01,54,5C,06,
646000,0000060D,false,Rx,0,8,0D,10,83,B6,09,20,70,00,
680000,000002C4,false,Rx,0,8,09,20,00,00,E7,02,00,00,
680000,000002C5,false,Rx,0,8,00,00,00,00,00,00,00,00,
680000,000002C6,false,Rx,0,8,32,00,7C,01,00,00,00,00,
688000,00000625,false,Rx,0,8,25,00,59,86,01,54,5C,06,
746000,0000060D,false,Rx,0,8,0D,10,83,B6,09,20,70,00,
756000,00000054,false,Rx,0,8,01,05,EF,00,E7,02,00,00,
0,00000055,false,Rx,0,8,10,27,00,00,00,00,00,00,
0,00000056,false,Rx,0,8,10,27,00,00,00,00,00,00,
757000,00000057,false,Rx,0,8,00,00,FE,FF,FE,FF,00,00,
788000,00000625,false,Rx,0,8,25,00,59,86,01,54,5C,06,
846000,0000060D,false,Rx,0,8,0D,10,83,B6,09,20,70,00,
889000,00000625,false,Rx,0,8,25,00,59,86,01,54,5C,06,
900000,000002C4,false,Rx,0,8,09,20,00,00,E7,02,00,00,
900000,000002C5,false,Rx,0,8,00,00,00,00,00,00,00,00,
900000,000002C6,false,Rx,0,8,32,00,7C,01,00,00,00,00,
946000,0000060D,false,Rx,0,8,0D,10,83,B6,09,20,70,00,
956000,00000054,false,Rx,0,8,01,05,EF,00,E7,02,00,00,
956000,00000055,false,Rx,0,8,10,27,00,00,00,00,00,00,
956000,00000056,false,Rx,0,8,10,27,00,00,00,00,00,00,
956000,00000057,false,Rx,0,8,00,00,FE,FF,FE,FF,00,00,
990000,00000625,false,Rx,0,8,25,00,59,86,01,54,5C,06,
46000,0000060D,false,Rx,0,8,0D,10,83,B6,09,20,70,00,
89000,00000625,false,Rx,0,8,25,00,59,86,01,54,5C,06,
119000,000002C4,false,Rx,0,8,09,20,00,00,E7,02,00,00,
120000,000002C5,false,Rx,0,8,00,00,00,00,00,00,00,00,
120000,000002C6,false,Rx,0,8,32,00,7C,01,00,00,00,00,
146000,0000060D,false,Rx,0,8,0D,10,83,B6,09,20,70,00,
0,00000054,false,Rx,0,8,01,05,EF,00,E7,02,00,00,
0,00000055,false,Rx,0,8,10,27,00,00,00,00,00,00,
0,00000056,false,Rx,0,8,10,27,00,00,00,00,00,00,
157000,00000057,false,Rx,0,8,00,00,FE,FF,FE,FF,00,00,
189000,00000625,false,Rx,0,8,25,00,59,86,01,54,5C,06,
246000,0000060D,false,Rx,0,8,0D,10,83,B6,09,20,70,00,
289000,00000625,false,Rx,0,8,25,00,59,86,01,54,5C,06,
340000,000002C4,false,Rx,0,8,09,20,00,00,E7,02,00,00,
340000,000002C5,false,Rx,0,8,00,00,00,00,00,00,00,00,
341000,000002C6,false,Rx,0,8,32,00,7C,01,00,00,00,00,
346000,0000060D,false,Rx,0,8,0D,10,83,B6,09,20,70,00,
356000,00000054,false,Rx,0,8,01,05,EF,00,E7,02,00,00,
357000,00000055,false,Rx,0,8,10,27,00,00,00,00,00,00,
357000,00000056,false,Rx,0,8,10,27,00,00,00,00,00,00,
357000,00000057,false,Rx,0,8,00,00,FE,FF,FE,FF,00,00,
388000,00000625,false,Rx,0,8,25,00,59,86,01,54,5C,06,
445000,0000060D,false,Rx,0,8,0D,10,83,B6,09,20,70,00,
489000,00000625,false,Rx,0,8,25,00,59,86,01,54,5C,06,
547000,0000060D,false,Rx,0,8,0D,10,83,B6,09,20,70,00,
556000,00000054,false,Rx,0,8,01,05,EF,00,E7,02,00,00,
556000,00000055,false,Rx,0,8,10,27,00,00,00,00,00,00,
556000,00000056,false,Rx,0,8,10,27,00,00,00,00,00,00,
557000,00000057,false,Rx,0,8,00,00,FE,FF,FE,FF,00,00,
560000,000002C4,false,Rx,0,8,09,20,00,00,E7,02,00,00,
560000,000002C5,false,Rx,0,8,00,00,00,00,00,00,00,00,
560000,000002C6,false,Rx,0,8,32,00,7C,01,00,00,00,00,
588000,00000625,false,Rx,0,8,25,00,59,86,01,54,5C,06,
646000,0000060D,false,Rx,0,8,0D,10,83,B6,09,20,70,00,
688000,00000625,false,Rx,0,8,25,00,59,86,01,54,5C,06,
746000,0000060D,false,Rx,0,8,0D,10,83,B6,09,20,70,00,
755000,00000054,false,Rx,0,8,01,05,EF,00,E7,02,00,00,
757000,00000055,false,Rx,0,8,10,27,00,00,00,00,00,00,
757000,00000056,false,Rx,0,8,10,27,00,00,00,00,00,00,
757000,00000057,false,Rx,0,8,00,00,FE,FF,FE,FF,00,00,
0,000002C4,false,Rx,0,8,09,20,00,00,E7,02,00,00,
0,000002C5,false,Rx,0,8,00,00,00,00,00,00,00,00,
780000,000002C6,false,Rx,0,8,32,00,7C,01,00,00,00,00,
788000,00000625,false,Rx,0,8,25,00,59,86,01,54,5C,06,
846000,0000060D,false,Rx,0,8,0D,10,83,B6,09,20,70,00,
889000,00000625,false,Rx,0,8,25,00,59,86,01,54,5C,06,
946000,0000060D,false,Rx,0,8,0D,10,83,B6,09,20,70,00,
0,00000054,false,Rx,0,8,01,05,EF,00,E7,02,00,00,
0,00000055,false,Rx,0,8,10,27,00,00,00,00,00,00,
957000,00000056,false,Rx,0,8,10,27,00,00,00,00,00,00,
957000,00000057,false,Rx,0,8,00,00,FE,FF,FE,FF,00,00,
988000,00000625,false,Rx,0,8,25,00,59,86,01,54,5C,06,
0,000002C4,false,Rx,0,8,09,20,00,00,E7,02,00,00,
0,000002C5,false,Rx,0,8,00,00,00,00,00,00,00,00,
0,000002C6,false,Rx,0,8,32,00,7C,01,00,00,00,00,
46000,0000060D,false,Rx,0,8,0D,10,83,B6,09,20,70,00,
88000,00000625,false,Rx,0,8,25,00,59,86,01,54,5C,06,
146000,0000060D,false,Rx,0,8,0D,10,83,B6,09,20,70,00,
0,00000054,false,Rx,0,8,01,05,EF,00,E7,02,00,00,
0,00000055,false,Rx,0,8,10,27,00,00,00,00,00,00,
0,00000056,false,Rx,0,8,10,27,00,00,00,00,00,00,
157000,00000057,false,Rx,0,8,00,00,FE,FF,FE,FF,00,00,
189000,00000625,false,Rx,0,8,25,00,59,86,01,54,5C,06,
219000,000002C4,false,Rx,0,8,09,20,00,00,E7,02,00,00,
220000,000002C5,false,Rx,0,8,00,00,00,00,00,00,00,00,
220000,000002C6,false,Rx,0,8,32,00,7C,01,00,00,00,00,
246000,0000060D,false,Rx,0,8,0D,10,83,B6,09,20,70,00,
289000,00000625,false,Rx,0,8,25,00,59,86,01,54,5C,06,
346000,0000060D,false,Rx,0,8,0D,10,83,B6,09,20,70,00,
356000,00000054,false,Rx,0,8,01,05,EF,00,E7,02,00,00,
356000,00000055,false,Rx,0,8,10,27,00,00,00,00,00,00,
356000,00000056,false,Rx,0,8,10,27,00,00,00,00,00,00,
356000,00000057,false,Rx,0,8,00,00,FE,FF,FE,FF,00,00,
389000,00000625,false,Rx,0,8,25,00,59,86,01,54,5C,06,
440000,000002C4,false,Rx,0,8,09,20,00,00,E7,02,00,00,
440000,000002C5,false,Rx,0,8,00,00,00,00,00,00,00,00,
440000,000002C6,false,Rx,0,8,32,00,7C,01,00,00,00,00,
446000,0000060D,false,Rx,0,8,0D,10,83,B6,09,20,70,00,
488000,00000625,false,Rx,0,8,25,00,59,86,01,54,5C,06,
546000,0000060D,false,Rx,0,8,0D,10,83,B6,09,20,70,00,
556000,00000054,false,Rx,0,8,01,05,EF,00,E7,02,00,00,
556000,00000055,false,Rx,0,8,10,27,00,00,00,00,00,00,
557000,00000056,false,Rx,0,8,10,27,00,00,00,00,00,00,
557000,00000057,false,Rx,0,8,00,00,FE,FF,FE,FF,00,00,
589000,00000625,false,Rx,0,8,25,00,59,86,01,54,5C,06,
646000,0000060D,false,Rx,0,8,0D,10,83,B6,09,20,70,00,
0,000002C4,false,Rx,0,8,09,20,00,00,E7,02,00,00,
0,000002C5,false,Rx,0,8,00,00,00,00,00,00,00,00,
661000,000002C6,false,Rx,0,8,32,00,7C,01,00,00,00,00,
689000,00000625,false,Rx,0,8,25,00,59,86,01,54,5C,06,
745000,0000060D,false,Rx,0,8,0D,10,83,B6,09,20,70,00,
755000,00000054,false,Rx,0,8,01,05,EF,00,E7,02,00,00,
756000,00000055,false,Rx,0,8,10,27,00,00,00,00,00,00,
0,00000056,false,Rx,0,8,10,27,00,00,00,00,00,00,
0,00000057,false,Rx,0,8,00,00,FE,FF,FE,FF,00,00,
789000,00000625,false,Rx,0,8,25,00,59,86,01,54,5C,06,
846000,0000060D,false,Rx,0,8,0D,10,83,B6,09,20,70,00,
880000,000002C4,false,Rx,0,8,09,20,00,00,E7,02,00,00,
880000,000002C5,false,Rx,0,8,00,00,00,00,00,00,00,00,
880000,000002C6,false,Rx,0,8,32,00,7C,01,00,00,00,00,
889000,00000625,false,Rx,0,8,25,00,59,86,01,54,5C,06,
946000,0000060D,false,Rx,0,8,0D,10,83,B6,09,20,70,00,
955000,00000054,false,Rx,0,8,01,05,EF,00,E7,02,00,00,
956000,00000055,false,Rx,0,8,10,27,00,00,00,00,00,00,
956000,00000056,false,Rx,0,8,10,27,00,00,00,00,00,00,
956000,00000057,false,Rx,0,8,00,00,FE,FF,FE,FF,00,00,
989000,00000625,false,Rx,0,8,25,00,59,86,01,54,5C,06,
47000,0000060D,false,Rx,0,8,0D,10,83,B6,09,20,70,00,
89000,00000625,false,Rx,0,8,25,00,59,86,01,54,5C,06,
99000,000002C4,false,Rx,0,8,09,20,00,00,E7,02,00,00,
100000,000002C5,false,Rx,0,8,00,00,00,00,00,00,00,00,
100000,000002C6,false,Rx,0,8,32,00,7C,01,00,00,00,00,
146000,0000060D,false,Rx,0,8,0D,10,83,B6,09,20,70,00,
0,00000054,false,Rx,0,8,01,05,EF,00,E7,02,00,00,
0,00000055,false,Rx,0,8,10,27,00,00,00,00,00,00,
157000,00000056,false,Rx,0,8,10,27,00,00,00,00,00,00,
158000,00000057,false,Rx,0,8,00,00,FE,FF,FE,FF,00,00,
189000,00000625,false,Rx,0,8,25,00,59,86,01,54,5C,06,
246000,0000060D,false,Rx,0,8,0D,10,83,B6,09,20,70,00,
288000,00000625,false,Rx,0,8,25,00,59,86,01,54,5C,06,
320000,000002C4,false,Rx,0,8,09,20,00,00,E7,02,00,00,
320000,000002C5,false,Rx,0,8,00,00,00,00,00,00,00,00,
320000,000002C6,false,Rx,0,8,32,00,7C,01,00,00,00,00,
346000,0000060D,false,Rx,0,8,0D,10,83,B6,09,20,70,00,
356000,00000054,false,Rx,0,8,01,05,EF,00,E7,02,00,00,
356000,00000055,false,Rx,0,8,10,27,00,00,00,00,00,00,
357000,00000056,false,Rx,0,8,10,27,00,00,00,00,00,00,
357000,00000057,false,Rx,0,8,00,00,FE,FF,FE,FF,00,00,
389000,00000625,false,Rx,0,8,25,00,59,86,01,54,5C,06,
446000,0000060D,false,Rx,0,8,0D,10,83,B6,09,20,70,00,
489000,00000625,false,Rx,0,8,25,00,59,86,01,54,5C,06,
0,000002C4,false,Rx,0,8,09,20,00,00,E7,02,00,00,
0,000002C5,false,Rx,0,8,00,00,00,00,00,00,00,00,
540000,000002C6,false,Rx,0,8,32,00,7C,01,00,00,00,00,
546000,0000060D,false,Rx,0,8,0D,10,83,B6,09,20,70,00,
556000,00000054,false,Rx,0,8,01,05,EF,00,E7,02,00,00,
556000,00000055,false,Rx,0,8,10,27,00,00,00,00,00,00,
556000,00000056,false,Rx,0,8,10,27,00,00,00,00,00,00,
556000,00000057,false,Rx,0,8,00,00,FE,FF,FE,FF,00,00,
589000,00000625,false,Rx,0,8,25,00,59,86,01,54,5C,06,
646000,0000060D,false,Rx,0,8,0D,10,83,B6,09,20,70,00,
688000,00000625,false,Rx,0,8,25,00,59,86,01,54,5C,06,
745000,0000060D,false,Rx,0,8,0D,10,83,B6,09,20,70,00,
756000,00000054,false,Rx,0,8,01,05,EF,00,E7,02,00,00,
756000,00000055,false,Rx,0,8,10,27,00,00,00,00,00,00,
757000,00000056,false,Rx,0,8,10,27,00,00,00,00,00,00,
757000,00000057,false,Rx,0,8,00,00,FE,FF,FE,FF,00,00,
760000,000002C4,false,Rx,0,8,09,20,00,00,E7,02,00,00,
760000,000002C5,false,Rx,0,8,00,00,00,00,00,00,00,00,
760000,000002C6,false,Rx,0,8,32,00,7C,01,00,00,00,00,
788000,00000625,false,Rx,0,8,25,00,59,86,01,54,5C,06,
846000,0000060D,false,Rx,0,8,0D,10,83,B6,09,20,70,00,
889000,00000625,false,Rx,0,8,25,00,59,86,01,54,5C,06,
946000,0000060D,false,Rx,0,8,0D,10,83,B6,09,20,70,00,
955000,00000054,false,Rx,0,8,01,05,EF,00,E7,02,00,00,
956000,00000055,false,Rx,0,8,10,27,00,00,00,00,00,00,
956000,00000056,false,Rx,0,8,10,27,00,00,00,00,00,00,
956000,00000057,false,Rx,0,8,00,00,FE,FF,FE,FF,00,00,
0,000002C4,false,Rx,0,8,09,20,00,00,E7,02,00,00,
0,000002C5,false,Rx,0,8,00,00,00,00,00,00,00,00,
981000,000002C6,false,Rx,0,8,32,00,7C,01,00,00,00,00,
989000,00000625,false,Rx,0,8,25,00,59,86,01,54,5C,06,
46000,0000060D,false,Rx,0,8,0D,10,83,B6,09,20,70,00,
89000,00000625,false,Rx,0,8,25,00,59,86,01,54,5C,06,
146000,0000060D,false,Rx,0,8,0D,10,83,B6,09,20,70,00,
0,00000054,false,Rx,0,8,01,05,EF,00,E7,02,00,00,
0,00000055,false,Rx,0,8,10,27,00,00,00,00,00,00,
0,00000056,false,Rx,0,8,10,27,00,00,00,00,00,00,
0,00000057,false,Rx,0,8,00,00,FE,FF,FE,FF,00,00,
189000,00000625,false,Rx,0,8,25,00,59,86,01,54,5C,06,
199000,000002C4,false,Rx,0,8,09,20,00,00,E7,02,00,00,
200000,000002C5,false,Rx,0,8,00,00,00,00,00,00,00,00,
200000,000002C6,false,Rx,0,8,32,00,7C,01,00,00,00,00,
246000,0000060D,false,Rx,0,8,0D,10,83,B6,09,20,70,00,
288000,00000625,false,Rx,0,8,25,00,59,86,01,54,5C,06,
346000,0000060D,false,Rx,0,8,0D,10,83,B6,09,20,70,00,
356000,00000054,false,Rx,0,8,01,05,EF,00,E7,02,00,00,
356000,00000055,false,Rx,0,8,10,27,00,00,00,00,00,00,
357000,00000056,false,Rx,0,8,10,27,00,00,00,00,00,00,
357000,00000057,false,Rx,0,8,00,00,FE,FF,FE,FF,00,00,
388000,00000625,false,Rx,0,8,25,00,59,86,01,54,5C,06,
420000,000002C4,false,Rx,0,8,09,20,00,00,E7,02,00,00,
420000,000002C5,false,Rx,0,8,00,00,00,00,00,00,00,00,
420000,000002C6,false,Rx,0,8,32,00,7C,01,00,00,00,00,
446000,0000060D,false,Rx,0,8,0D,10,83,B6,09,20,70,00,
489000,00000625,false,Rx,0,8,25,00,59,86,01,54,5C,06,
545000,0000060D,false,Rx,0,8,0D,10,83,B6,09,20,70,00,
556000,00000054,false,Rx,0,8,01,05,EF,00,E7,02,00,00,
556000,00000055,false,Rx,0,8,10,27,00,00,00,00,00,00,
557000,00000056,false,Rx,0,8,10,27,00,00,00,00,00,00,
557000,00000057,false,Rx,0,8,00,00,FE,FF,FE,FF,00,00,
588000,00000625,false,Rx,0,8,25,00,59,86,01,54,5C,06,
0,000002C4,false,Rx,0,8,09,20,00,00,E7,02,00,00,
0,000002C5,false,Rx,0,8,00,00,00,00,00,00,00,00,
640000,000002C6,false,Rx,0,8,32,00,7C,01,00,00,00,00,
646000,0000060D,false,Rx,0,8,0D,10,83,B6,09,20,70,00,
689000,00000625,false,Rx,0,8,25,00,59,86,01,54,5C,06,
746000,0000060D,false,Rx,0,8,0D,10,83,B6,09,20,70,00,
755000,00000054,false,Rx,0,8,01,05,EF,00,E7,02,00,00,
756000,00000055,false,Rx,0,8,10,27,00,00,00,00,00,00,
756000,00000056,false,Rx,0,8,10,27,00,00,00,00,00,00,
756000,00000057,false,Rx,0,8,00,00,FE,FF,FE,FF,00,00,
789000,00000625,false,Rx,0,8,25,00,59,86,01,54,5C,06,
846000,0000060D,false,Rx,0,8,0D,10,83,B6,09,20,70,00,
0,000002C4,false,Rx,0,8,09,20,00,00,E7,02,00,00,
0,000002C5,false,Rx,0,8,00,00,00,00,00,00,00,00,
860000,000002C6,false,Rx,0,8,32,00,7C,01,00,00,00,00,
889000,00000625,false,Rx,0,8,25,00,59,86,01,54,5C,06,
946000,0000060D,false,Rx,0,8,0D,10,83,B6,09,20,70,00,
956000,00000054,false,Rx,0,8,01,05,EF,00,E7,02,00,00,
956000,00000055,false,Rx,0,8,10,27,00,00,00,00,00,00,
956000,00000056,false,Rx,0,8,10,27,00,00,00,00,00,00,
957000,00000057,false,Rx,0,8,00,00,FE,FF,FE,FF,00,00,
989000,00000625,false,Rx,0,8,25,00,59,86,01,54,5C,06,
47000,0000060D,false,Rx,0,8,0D,10,83,B6,09,20,70,00,
80000,000002C4,false,Rx,0,8,09,20,00,00,E7,02,00,00,
80000,000002C5,false,Rx,0,8,00,00,00,00,00,00,00,00,
80000,000002C6,false,Rx,0,8,32,00,7C,01,00,00,00,00,
88000,00000625,false,Rx,0,8,25,00,59,86,01,54,5C,06,
146000,0000060D,false,Rx,0,8,0D,10,83,B6,09,20,70,00,
0,00000054,false,Rx,0,8,01,05,EF,00,E7,02,00,00,
0,00000055,false,Rx,0,8,10,27,00,00,00,00,00,00,
156000,00000056,false,Rx,0,8,10,27,00,00,00,00,00,00,
157000,00000057,false,Rx,0,8,00,00,FE,FF,FE,FF,00,00,
189000,00000625,false,Rx,0,8,25,00,59,86,01,54,5C,06,
246000,0000060D,false,Rx,0,8,0D,10,83,B6,09,20,70,00,
289000,00000625,false,Rx,0,8,25,00,59,86,01,54,5C,06,
299000,000002C4,false,Rx,0,8,09,20,00,00,E7,02,00,00,
300000,000002C5,false,Rx,0,8,00,00,00,00,00,00,00,00,
300000,000002C6,false,Rx,0,8,32,00,7C,01,00,00,00,00,
346000,0000060D,false,Rx,0,8,0D,10,83,B6,09,20,70,00,
356000,00000054,false,Rx,0,8,01,05,EF,00,E7,02,00,00,
356000,00000055,false,Rx,0,8,10,27,00,00,00,00,00,00,
356000,00000056,false,Rx,0,8,10,27,00,00,00,00,00,00,
357000,00000057,false,Rx,0,8,00,00,FE,FF,FE,FF,00,00,
389000,00000625,false,Rx,0,8,25,00,59,86,01,54,5C,06,
446000,0000060D,false,Rx,0,8,0D,10,83,B6,09,20,70,00,
488000,00000625,false,Rx,0,8,25,00,59,86,01,54,5C,06,
520000,000002C4,false,Rx,0,8,09,20,00,00,E7,02,00,00,
520000,000002C5,false,Rx,0,8,00,00,00,00,00,00,00,00,
520000,000002C6,false,Rx,0,8,32,00,7C,01,00,00,00,00,
547000,0000060D,false,Rx,0,8,0D,10,83,B6,09,20,70,00,
0,00000054,false,Rx,0,8,01,05,EF,00,E7,02,00,00,
0,00000055,false,Rx,0,8,10,27,00,00,00,00,00,00,
0,00000056,false,Rx,0,8,10,27,00,00,00,00,00,00,
557000,00000057,false,Rx,0,8,00,00,FE,FF,FE,FF,00,00,
589000,00000625,false,Rx,0,8,25,00,59,86,01,54,5C,06,
647000,0000060D,false,Rx,0,8,0D,10,83,B6,09,20,70,00,
689000,00000625,false,Rx,0,8,25,00,59,86,01,54,5C,06,
740000,000002C4,false,Rx,0,8,09,20,00,00,E7,02,00,00,
740000,000002C5,false,Rx,0,8,00,00,00,00,00,00,00,00,
741000,000002C6,false,Rx,0,8,32,00,7C,01,00,00,00,00,
746000,0000060D,false,Rx,0,8,0D,10,83,B6,09,20,70,00,
756000,00000054,false,Rx,0,8,01,05,EF,00,E7,02,00,00,
756000,00000055,false,Rx,0,8,10,27,00,00,00,00,00,00,
756000,00000056,false,Rx,0,8,10,27,00,00,00,00,00,00,
756000,00000057,false,Rx,0,8,00,00,FE,FF,FE,FF,00,00,
789000,00000625,false,Rx,0,8,25,00,59,86,01,54,5C,06,
846000,0000060D,false,Rx,0,8,0D,10,83,B6,09,20,70,00,
889000,00000625,false,Rx,0,8,25,00,59,86,01,54,5C,06,
947000,0000060D,false,Rx,0,8,0D,10,83,B6,09,20,70,00,
956000,00000054,false,Rx,0,8,01,05,EF,00,E7,02,00,00,
956000,00000055,false,Rx,0,8,10,27,00,00,00,00,00,00,
957000,00000056,false,Rx,0,8,10,27,00,00,00,00,00,00,
957000,00000057,false,Rx,0,8,00,00,FE,FF,FE,FF,00,00,
960000,000002C4,false,Rx,0,8,09,20,00,00,E7,02,00,00,
960000,000002C5,false,Rx,0,8,00,00,00,00,00,00,00,00,
960000,000002C6,false,Rx,0,8,32,00,7C,01,00,00,00,00,
989000,00000625,false,Rx,0,8,25,00,59,86,01,54,5C,06,
46000,0000060D,false,Rx,0,8,0D,10,83,B6,09,20,70,00,
88000,00000625,false,Rx,0,8,25,00,59,86,01,54,5C,06,
146000,0000060D,false,Rx,0,8,0D,10,83,B6,09,20,70,00,
0,00000054,false,Rx,0,8,01,05,EF,00,E7,02,00,00,
0,00000055,false,Rx,0,8,10,27,00,00,00,00,00,00,
0,00000056,false,Rx,0,8,10,27,00,00,00,00,00,00,
0,00000057,false,Rx,0,8,00,00,FE,FF,FE,FF,00,00,
180000,000002C4,false,Rx,0,8,09,20,00,00,E7,02,00,00,
180000,000002C5,false,Rx,0,8,00,00,00,00,00,00,00,00,
181000,000002C6,false,Rx,0,8,32,00,7C,01,00,00,00,00,
189000,00000625,false,Rx,0,8,25,00,59,86,01,54,5C,06,
246000,0000060D,false,Rx,0,8,0D,10,83,B6,09,20,70,00,
289000,00000625,false,Rx,0,8,25,00,59,86,01,54,5C,06,
346000,0000060D,false,Rx,0,8,0D,10,83,B6,09,20,70,00,
356000,00000054,false,Rx,0,8,01,05,EF,00,E7,02,00,00,
356000,00000055,false,Rx,0,8,10,27,00,00,00,00,00,00,
357000,00000056,false,Rx,0,8,10,27,00,00,00,00,00,00,
357000,00000057,false,Rx,0,8,00,00,FE,FF,FE,FF,00,00,
389000,00000625,false,Rx,0,8,25,00,59,86,01,54,5C,06,
400000,000002C4,false,Rx,0,8,09,20,00,00,E7,02,00,00,
400000,000002C5,false,Rx,0,8,00,00,00,00,00,00,00,00,
400000,000002C6,false,Rx,0,8,32,00,7C,01,00,00,00,00,
447000,0000060D,false,Rx,0,8,0D,10,83,B6,09,20,70,00,
489000,00000625,false,Rx,0,8,25,00,59,86,01,54,5C,06,
547000,0000060D,false,Rx,0,8,0D,10,83,B6,09,20,70,00,
556000,00000054,false,Rx,0,8,01,05,EF,00,E7,02,00,00,
556000,00000055,false,Rx,0,8,10,27,00,00,00,00,00,00,
556000,00000056,false,Rx,0,8,10,27,00,00,00,00,00,00,
556000,00000057,false,Rx,0,8,00,00,FE,FF,FE,FF,00,00,
589000,00000625,false,Rx,0,8,25,00,59,86,01,54,5C,06,
620000,000002C4,false,Rx,0,8,09,20,00,00,E7,02,00,00,
620000,000002C5,false,Rx,0,8,00,00,00,00,00,00,00,00,
620000,000002C6,false,Rx,0,8,32,00,7C,01,00,00,00,00,
647000,0000060D,false,Rx,0,8,0D,10,83,B6,09,20,70,00,
689000,00000625,false,Rx,0,8,25,00,59,86,01,54,5C,06,
746000,0000060D,false,Rx,0,8,0D,10,83,B6,09,20,70,00,
756000,00000054,false,Rx,0,8,01,05,EF,00,E7,02,00,00,
756000,00000055,false,Rx,0,8,10,27,00,00,00,00,00,00,
757000,00000056,false,Rx,0,8,10,27,00,00,00,00,00,00,
757000,00000057,false,Rx,0,8,00,00,FE,FF,FE,FF,00,00,
789000,00000625,false,Rx,0,8,25,00,59,86,01,54,5C,06,
840000,000002C4,false,Rx,0,8,09,20,00,00,E7,02,00,00,
840000,000002C5,false,Rx,0,8,00,00,00,00,00,00,00,00,
840000,000002C6,false,Rx,0,8,32,00,7C,01,00,00,00,00,
846000,0000060D,false,Rx,0,8,0D,10,83,B6,09,20,70,00,
889000,00000625,false,Rx,0,8,25,00,59,86,01,54,5C,06,
946000,0000060D,false,Rx,0,8,0D,10,83,B6,09,20,70,00,
955000,00000054,false,Rx,0,8,01,05,EF,00,E7,02,00,00,
956000,00000055,false,Rx,0,8,10,27,00,00,00,00,00,00,
956000,00000056,false,Rx,0,8,10,27,00,00,00,00,00,00,
956000,00000057,false,Rx,0,8,00,00,FE,FF,FE,FF,00,00,
989000,00000625,false,Rx,0,8,25,00,59,86,01,54,5C,06,
46000,0000060D,false,Rx,0,8,0D,10,83,B6,09,20,70,00,
60000,000002C4,false,Rx,0,8,09,20,00,00,E7,02,00,00,
60000,000002C5,false,Rx,0,8,00,00,00,00,00,00,00,00,
61000,000002C6,false,Rx,0,8,32,00,7C,01,00,00,00,00,
88000,00000625,false,Rx,0,8,25,00,59,86,01,54,5C,06,
146000,0000060D,false,Rx,0,8,0D,10,83,B6,09,20,70,00,
0,00000054,false,Rx,0,8,01,05,EF,00,E7,02,00,00,
0,00000055,false,Rx,0,8,10,27,00,00,00,00,00,00,
0,00000056,false,Rx,0,8,10,27,00,00,00,00,00,00,
0,00000057,false,Rx,0,8,00,00,FE,FF,FE,FF,00,00,
188000,00000625,false,Rx,0,8,25,00,59,86,01,54,5C,06,
246000,0000060D,false,Rx,0,8,0D,10,83,B6,09,20,70,00,
280000,000002C4,false,Rx,0,8,09,20,00,00,E7,02,00,00,
280000,000002C5,false,Rx,0,8,00,00,00,00,00,00,00,00,
280000,000002C6,false,Rx,0,8,32,00,7C,01,00,00,00,00,
288000,00000625,false,Rx,0,8,25,00,59,86,01,54,5C,06,
347000,0000060D,false,Rx,0,8,0D,10,83,B6,09,20,70,00,
356000,00000054,false,Rx,0,8,01,05,EF,00,E7,02,00,00,
356000,00000055,false,Rx,0,8,10,27,00,00,00,00,00,00,
357000,00000056,false,Rx,0,8,10,27,00,00,00,00,00,00,
357000,00000057,false,Rx,0,8,00,00,FE,FF,FE,FF,00,00,
389000,00000625,false,Rx,0,8,25,00,59,86,01,54,5C,06,
446000,0000060D,false,Rx,0,8,0D,10,83,B6,09,20,70,00,
489000,00000625,false,Rx,0,8,25,00,59,86,01,54,5C,06,
0,000002C4,false,Rx,0,8,09,20,00,00,E7,02,00,00,
0,000002C5,false,Rx,0,8,00,00,00,00,00,00,00,00,
500000,000002C6,false,Rx,0,8,32,00,7C,01,00,00,00,00,
547000,0000060D,false,Rx,0,8,0D,10,83,B6,09,20,70,00,
556000,00000054,false,Rx,0,8,01,05,EF,00,E7,02,00,00,
556000,00000055,false,Rx,0,8,10,27,00,00,00,00,00,00,
556000,00000056,false,Rx,0,8,10,27,00,00,00,00,00,00,
556000,00000057,false,Rx,0,8,00,00,FE,FF,FE,FF,00,00,
589000,00000625,false,Rx,0,8,25,00,59,86,01,54,5C,06,
646000,0000060D,false,Rx,0,8,0D,10,83,B6,09,20,70,00,
689000,00000625,false,Rx,0,8,25,00,59,86,01,54,5C,06,
0,000002C4,false,Rx,0,8,09,20,00,00,E7,02,00,00,
0,000002C5,false,Rx,0,8,00,00,00,00,00,00,00,00,
721000,000002C6,false,Rx,0,8,32,00,7C,01,00,00,00,00,
746000,0000060D,false,Rx,0,8,0D,10,83,B6,09,20,70,00,
756000,00000054,false,Rx,0,8,01,05,EF,00,E7,02,00,00,
756000,00000055,false,Rx,0,8,10,27,00,00,00,00,00,00,
757000,00000056,false,Rx,0,8,10,27,00,00,00,00,00,00,
757000,00000057,false,Rx,0,8,00,00,FE,FF,FE,FF,00,00,
789000,00000625,false,Rx,0,8,25,00,59,86,01,54,5C,06,
846000,0000060D,false,Rx,0,8,0D,10,83,B6,09,20,70,00,
889000,00000625,false,Rx,0,8,25,00,59,86,01,54,5C,06,
940000,000002C4,false,Rx,0,8,09,20,00,00,E7,02,00,00,
940000,000002C5,false,Rx,0,8,00,00,00,00,00,00,00,00,
940000,000002C6,false,Rx,0,8,32,00,7C,01,00,00,00,00,
946000,0000060D,false,Rx,0,8,0D,10,83,B6,09,20,70,00,
956000,00000054,false,Rx,0,8,01,05,EF,00,E7,02,00,00,
956000,00000055,false,Rx,0,8,10,27,00,00,00,00,00,00,
957000,00000056,false,Rx,0,8,10,27,00,00,00,00,00,00,
957000,00000057,false,Rx,0,8,00,00,FE,FF,FE,FF,00,00,
989000,00000625,false,Rx,0,8,25,00,59,86,01,54,5C,06,
47000,0000060D,false,Rx,0,8,0D,10,83,B6,09,20,70,00,
89000,00000625,false,Rx,0,8,25,00,59,86,01,54,5C,06,
145000,0000060D,false,Rx,0,8,0D,10,83,B6,09,20,70,00,
0,00000054,false,Rx,0,8,01,05,EF,00,E7,02,00,00,
0,00000055,false,Rx,0,8,10,27,00,00,00,00,00,00,
0,00000056,false,Rx,0,8,10,27,00,00,00,00,00,00,
157000,00000057,false,Rx,0,8,00,00,FE,FF,FE,FF,00,00,
160000,000002C4,false,Rx,0,8,09,20,00,00,E7,02,00,00,
160000,000002C5,false,Rx,0,8,00,00,00,00,00,00,00,00,
161000,000002C6,false,Rx,0,8,32,00,7C,01,00,00,00,00,
188000,00000625,false,Rx,0,8,25,00,59,86,01,54,5C,06,
245000,0000060D,false,Rx,0,8,0D,10,83,B6,09,20,70,00,
288000,00000625,false,Rx,0,8,25,00,59,86,01,54,5C,06,
346000,0000060D,false,Rx,0,8,0D,10,83,B6,09,20,70,00,
356000,00000054,false,Rx,0,8,01,05,EF,00,E7,02,00,00,
356000,00000055,false,Rx,0,8,10,27,00,00,00,00,00,00,
356000,00000056,false,Rx,0,8,10,27,00,00,00,00,00,00,
356000,00000057,false,Rx,0,8,00,00,FE,FF,FE,FF,00,00,
380000,000002C4,false,Rx,0,8,09,20,00,00,E7,02,00,00,
380000,000002C5,false,Rx,0,8,00,00,00,00,00,00,00,00,
380000,000002C6,false,Rx,0,8,32,00,7C,01,00,00,00,00,
388000,00000625,false,Rx,0,8,25,00,59,86,01,54,5C,06,
446000,0000060D,false,Rx,0,8,0D,10,83,B6,09,20,70,00,
489000,00000625,false,Rx,0,8,25,00,59,86,01,54,5C,06,
547000,0000060D,false,Rx,0,8,0D,10,83,B6,09,20,70,00,
556000,00000054,false,Rx,0,8,01,05,EF,00,E7,02,00,00,
556000,00000055,false,Rx,0,8,10,27,00,00,00,00,00,00,
556000,00000056,false,Rx,0,8,10,27,00,00,00,00,00,00,
556000,00000057,false,Rx,0,8,00,00,FE,FF,FE,FF,00,00,
589000,00000625,false,Rx,0,8,25,00,59,86,01,54,5C,06,
599000,000002C4,false,Rx,0,8,09,20,00,00,E7,02,00,00,
600000,000002C5,false,Rx,0,8,00,00,00,00,00,00,00,00,
600000,000002C6,false,Rx,0,8,32,00,7C,01,00,00,00,00,
646000,0000060D,false,Rx,0,8,0D,10,83,B6,09,20,70,00,
688000,00000625,false,Rx,0,8,25,00,59,86,01,54,5C,06,
746000,0000060D,false,Rx,0,8,0D,10,83,B6,09,20,70,00,
0,00000054,false,Rx,0,8,01,05,EF,00,E7,02,00,00,
0,00000055,false,Rx,0,8,10,27,00,00,00,00,00,00,
756000,00000056,false,Rx,0,8,10,27,00,00,00,00,00,00,
756000,00000057,false,Rx,0,8,00,00,FE,FF,FE,FF,00,00,
789000,00000625,false,Rx,0,8,25,00,59,86,01,54,5C,06,
820000,000002C4,false,Rx,0,8,09,20,00,00,E7,02,00,00,
820000,000002C5,false,Rx,0,8,00,00,00,00,00,00,00,00,
820000,000002C6,false,Rx,0,8,32,00,7C,01,00,00,00,00,
846000,0000060D,false,Rx,0,8,0D,10,83,B6,09,20,70,00,
889000,00000625,false,Rx,0,8,25,00,59,86,01,54,5C,06,
947000,0000060D,false,Rx,0,8,0D,10,83,B6,09,20,70,00,
955000,00000054,false,Rx,0,8,01,05,EF,00,E7,02,00,00,
957000,00000055,false,Rx,0,8,10,27,00,00,00,00,00,00,
957000,00000056,false,Rx,0,8,10,27,00,00,00,00,00,00,
957000,00000057,false,Rx,0,8,00,00,FE,FF,FE,FF,00,00,
989000,00000625,false,Rx,0,8,25,00,59,86,01,54,5C,06,
39000,000002C4,false,Rx,0,8,09,20,00,00,E7,02,00,00,
39000,000002C5,false,Rx,0,8,00,00,00,00,00,00,00,00,
40000,000002C6,false,Rx,0,8,32,00,7C,01,00,00,00,00,
47000,0000060D,false,Rx,0,8,0D,10,83,B6,09,20,70,00,
88000,00000625,false,Rx,0,8,25,00,59,86,01,54,5C,06,
146000,0000060D,false,Rx,0,8,0D,10,83,B6,09,20,70,00,
0,00000054,false,Rx,0,8,01,05,EF,00,E7,02,00,00,
0,00000055,false,Rx,0,8,10,27,00,00,00,00,00,00,
0,00000056,false,Rx,0,8,10,27,00,00,00,00,00,00,
0,00000057,false,Rx,0,8,00,00,FE,FF,FE,FF,00,00,
189000,00000625,false,Rx,0,8,25,00,59,86,01,54,5C,06,
246000,0000060D,false,Rx,0,8,0D,10,83,B6,09,20,70,00,
0,000002C4,false,Rx,0,8,09,20,00,00,E7,02,00,00,
0,000002C5,false,Rx,0,8,00,00,00,00,00,00,00,00,
0,000002C6,false,Rx,0,8,32,00,7C,01,00,00,00,00,
289000,00000625,false,Rx,0,8,25,00,59,86,01,54,5C,06,
346000,0000060D,false,Rx,0,8,0D,10,83,B6,09,20,70,00,
356000,00000054,false,Rx,0,8,01,05,EF,00,E7,02,00,00,
356000,00000055,false,Rx,0,8,10,27,00,00,00,00,00,00,
0,00000056,false,Rx,0,8,10,27,00,00,00,00,00,00,
0,00000057,false,Rx,0,8,00,00,FE,FF,FE,FF,00,00,
389000,00000625,false,Rx,0,8,25,00,59,86,01,54,5C,06,
445000,0000060D,false,Rx,0,8,0D,10,83,B6,09,20,70,00,
480000,000002C4,false,Rx,0,8,09,20,00,00,E7,02,00,00,
480000,000002C5,false,Rx,0,8,00,00,00,00,00,00,00,00,
480000,000002C6,false,Rx,0,8,32,00,7C,01,00,00,00,00,
488000,00000625,false,Rx,0,8,25,00,59,86,01,54,5C,06,
546000,0000060D,false,Rx,0,8,0D,10,83,B6,09,20,70,00,
555000,00000054,false,Rx,0,8,01,05,EF,00,E7,02,00,00,
556000,00000055,false,Rx,0,8,10,27,00,00,00,00,00,00,
0,00000056,false,Rx,0,8,10,27,00,00,00,00,00,00,
0,00000057,false,Rx,0,8,00,00,FE,FF,FE,FF,00,00,
589000,00000625,false,Rx,0,8,25,00,59,86,01,54,5C,06,
646000,0000060D,false,Rx,0,8,0D,10,83,B6,09,20,70,00,
689000,00000625,false,Rx,0,8,25,00,59,86,01,54,5C,06,
700000,000002C4,false,Rx,0,8,09,20,00,00,E7,02,00,00,
700000,000002C5,false,Rx,0,8,00,00,00,00,00,00,00,00,
700000,000002C6,false,Rx,0,8,32,00,7C,01,00,00,00,00,
746000,0000060D,false,Rx,0,8,0D,10,83,B6,09,20,70,00,
756000,00000054,false,Rx,0,8,01,05,EF,00,E7,02,00,00,
756000,00000055,false,Rx,0,8,10,27,00,00,00,00,00,00,
756000,00000056,false,Rx,0,8,10,27,00,00,00,00,00,00,
757000,00000057,false,Rx,0,8,00,00,FE,FF,FE,FF,00,00,
788000,00000625,false,Rx,0,8,25,00,59,86,01,54,5C,06,
846000,0000060D,false,Rx,0,8,0D,10,83,B6,09,20,70,00,
889000,00000625,false,Rx,0,8,25,00,59,86,01,54,5C,06,
920000,000002C4,false,Rx,0,8,09,20,00,00,E7,02,00,00,
920000,000002C5,false,Rx,0,8,00,00,00,00,00,00,00,00,
920000,000002C6,false,Rx,0,8,32,00,7C,01,00,00,00,00,
947000,0000060D,false,Rx,0,8,0D,10,83,B6,09,20,70,00,
956000,00000054,false,Rx,0,8,01,05,EF,00,E7,02,00,00,
957000,00000055,false,Rx,0,8,10,27,00,00,00,00,00,00,
957000,00000056,false,Rx,0,8,10,27,00,00,00,00,00,00,
957000,00000057,false,Rx,0,8,00,00,FE,FF,FE,FF,00,00,
989000,00000625,false,Rx,0,8,25,00,59,86,01,54,5C,06,
46000,0000060D,false,Rx,0,8,0D,10,83,B6,09,20,70,00,
89000,00000625,false,Rx,0,8,25,00,59,86,01,54,5C,06,
140000,000002C4,false,Rx,0,8,09,20,00,00,E7,02,00,00,
140000,000002C5,false,Rx,0,8,00,00,00,00,00,00,00,00,
141000,000002C6,false,Rx,0,8,32,00,7C,01,00,00,00,00,
147000,0000060D,false,Rx,0,8,0D,10,83,B6,09,20,70,00,
0,00000054,false,Rx,0,8,01,05,EF,00,E7,02,00,00,
0,00000055,false,Rx,0,8,10,27,00,00,00,00,00,00,
157000,00000056,false,Rx,0,8,10,27,00,00,00,00,00,00,
157000,00000057,false,Rx,0,8,00,00,FE,FF,FE,FF,00,00,
188000,00000625,false,Rx,0,8,25,00,59,86,01,54,5C,06,
246000,0000060D,false,Rx,0,8,0D,10,83,B6,09,20,70,00,
289000,00000625,false,Rx,0,8,25,00,59,86,01,54,5C,06,
346000,0000060D,false,Rx,0,8,0D,10,83,B6,09,20,70,00,
356000,00000054,false,Rx,0,8,01,05,EF,00,E7,02,00,00,
356000,00000055,false,Rx,0,8,10,27,00,00,00,00,00,00,
357000,00000056,false,Rx,0,8,10,27,00,00,00,00,00,00,
357000,00000057,false,Rx,0,8,00,00,FE,FF,FE,FF,00,00,
0,000002C4,false,Rx,0,8,09,20,00,00,E7,02,00,00,
0,000002C5,false,Rx,0,8,00,00,00,00,00,00,00,00,
361000,000002C6,false,Rx,0,8,32,00,7C,01,00,00,00,00,
389000,00000625,false,Rx,0,8,25,00,59,86,01,54,5C,06,
446000,0000060D,false,Rx,0,8,0D,10,83,B6,09,20,70,00,
489000,00000625,false,Rx,0,8,25,00,59,86,01,54,5C,06,
546000,0000060D,false,Rx,0,8,0D,10,83,B6,09,20,70,00,
0,00000054,false,Rx,0,8,01,05,EF,00,E7,02,00,00,
0,00000055,false,Rx,0,8,10,27,00,00,00,00,00,00,
557000,00000056,false,Rx,0,8,10,27,00,00,00,00,00,00,
557000,00000057,false,Rx,0,8,00,00,FE,FF,FE,FF,00,00,
0,000002C4,false,Rx,0,8,09,20,00,00,E7,02,00,00,
0,000002C5,false,Rx,0,8,00,00,00,00,00,00,00,00,
580000,000002C6,false,Rx,0,8,32,00,7C,01,00,00,00,00,
589000,00000625,false,Rx,0,8,25,00,59,86,01,54,5C,06,
646000,0000060D,false,Rx,0,8,0D,10,83,B6,09,20,70,00,
689000,00000625,false,Rx,0,8,25,00,59,86,01,54,5C,06,
746000,0000060D,false,Rx,0,8,0D,10,83,B6,09,20,70,00,
756000,00000054,false,Rx,0,8,01,05,EF,00,E7,02,00,00,
756000,00000055,false,Rx,0,8,10,27,00,00,00,00,00,00,
757000,00000056,false,Rx,0,8,10,27,00,00,00,00,00,00,
757000,00000057,false,Rx,0,8,00,00,FE,FF,FE,FF,00,00,
789000,00000625,false,Rx,0,8,25,00,59,86,01,54,5C,06,
799000,000002C4,false,Rx,0,8,09,20,00,00,E7,02,00,00,
799000,000002C5,false,Rx,0,8,00,00,00,00,00,00,00,00,
800000,000002C6,false,Rx,0,8,32,00,7C,01,00,00,00,00,
846000,0000060D,false,Rx,0,8,0D,10,83,B6,09,20,70,00,
889000,00000625,false,Rx,0,8,25,00,59,86,01,54,5C,06,
946000,0000060D,false,Rx,0,8,0D,10,83,B6,09,20,70,00,
955000,00000054,false,Rx,0,8,01,05,EF,00,E7,02,00,00,
955000,00000055,false,Rx,0,8,10,27,00,00,00,00,00,00,
957000,00000056,false,Rx,0,8,10,27,00,00,00,00,00,00,
957000,00000057,false,Rx,0,8,00,00,FE,FF,FE,FF,00,00,
989000,00000625,false,Rx,0,8,25,00,59,86,01,54,5C,06,
19000,000002C4,false,Rx,0,8,09,20,00,00,E7,02,00,00,
19000,000002C5,false,Rx,0,8,00,00,00,00,00,00,00,00,
20000,000002C6,false,Rx,0,8,32,00,7C,01,00,00,00,00,
47000,0000060D,false,Rx,0,8,0D,10,83,B6,09,20,70,00,
89000,00000625,false,Rx,0,8,25,00,59,86,01,54,5C,06,
147000,0000060D,false,Rx,0,8,0D,10,83,B6,09,20,70,00,
0,00000054,false,Rx,0,8,01,05,EF,00,E7,02,00,00,
0,00000055,false,Rx,0,8,10,27,00,00,00,00,00,00,
0,00000056,false,Rx,0,8,10,27,00,00,00,00,00,00,
157000,00000057,false,Rx,0,8,00,00,FE,FF,FE,FF,00,00,
189000,00000625,false,Rx,0,8,25,00,59,86,01,54,5C,06,
240000,000002C4,false,Rx,0,8,09,20,00,00,E7,02,00,00,
240000,000002C5,false,Rx,0,8,00,00,00,00,00,00,00,00,
240000,000002C6,false,Rx,0,8,32,00,7C,01,00,00,00,00,
246000,0000060D,false,Rx,0,8,0D,10,83,B6,09,20,70,00,
289000,00000625,false,Rx,0,8,25,00,59,86,01,54,5C,06,
346000,0000060D,false,Rx,0,8,0D,10,83,B6,09,20,70,00,
356000,00000054,false,Rx,0,8,01,05,EF,00,E7,02,00,00,
356000,00000055,false,Rx,0,8,10,27,00,00,00,00,00,00,
357000,00000056,false,Rx,0,8,10,27,00,00,00,00,00,00,
357000,00000057,false,Rx,0,8,00,00,FE,FF,FE,FF,00,00,
389000,00000625,false,Rx,0,8,25,00,59,86,01,54,5C,06,
446000,0000060D,false,Rx,0,8,0D,10,83,B6,09,20,70,00,
460000,000002C4,false,Rx,0,8,09,20,00,00,E7,02,00,00,
460000,000002C5,false,Rx,0,8,00,00,00,00,00,00,00,00,
461000,000002C6,false,Rx,0,8,32,00,7C,01,00,00,00,00,
488000,00000625,false,Rx,0,8,25,00,59,86,01,54,5C,06,
546000,0000060D,false,Rx,0,8,0D,10,83,B6,09,20,70,00,
556000,00000054,false,Rx,0,8,01,05,EF,00,E7,02,00,00,
557000,00000055,false,Rx,0,8,10,27,00,00,00,00,00,00,
0,00000056,false,Rx,0,8,10,27,00,00,00,00,00,00,
0,00000057,false,Rx,0,8,00,00,FE,FF,FE,FF,00,00,
589000,00000625,false,Rx,0,8,25,00,59,86,01,54,5C,06,
646000,0000060D,false,Rx,0,8,0D,10,83,B6,09,20,70,00,
680000,000002C4,false,Rx,0,8,09,20,00,00,E7,02,00,00,
680000,000002C5,false,Rx,0,8,00,00,00,00,00,00,00,00,
680000,000002C6,false,Rx,0,8,32,00,7C,01,00,00,00,00,
688000,00000625,false,Rx,0,8,25,00,59,86,01,54,5C,06,
746000,0000060D,false,Rx,0,8,0D,10,83,B6,09,20,70,00,
756000,00000054,false,Rx,0,8,01,05,EF,00,E7,02,00,00,
0,00000055,false,Rx,0,8,10,27,00,00,00,00,00,00,
0,00000056,false,Rx,0,8,10,27,00,00,00,00,00,00,
757000,00000057,false,Rx,0,8,00,00,FE,FF,FE,FF,00,00,
789000,00000625,false,Rx,0,8,25,00,59,86,01,54,5C,06,
846000,0000060D,false,Rx,0,8,0D,10,83,B6,09,20,70,00,
889000,00000625,false,Rx,0,8,25,00,59,86,01,54,5C,06,
900000,000002C4,false,Rx,0,8,09,20,00,00,E7,02,00,00,
900000,000002C5,false,Rx,0,8,00,00,00,00,00,00,00,00,
900000,000002C6,false,Rx,0,8,32,00,7C,01,00,00,00,00,
946000,0000060D,false,Rx,0,8,0D,10,83,B6,09,20,70,00,
955000,00000054,false,Rx,0,8,01,05,EF,00,E7,02,00,00,
957000,00000055,false,Rx,0,8,10,27,00,00,00,00,00,00,
957000,00000056,false,Rx,0,8,10,27,00,00,00,00,00,00,
957000,00000057,false,Rx,0,8,00,00,FE,FF,FE,FF,00,00,
989000,00000625,false,Rx,0,8,25,00,59,86,01,54,5C,06,
47000,0000060D,false,Rx,0,8,0D,10,83,B6,09,20,70,00,
89000,00000625,false,Rx,0,8,25,00,59,86,01,54,5C,06,
120000,000002C4,false,Rx,0,8,09,20,00,00,E7,02,00,00,
120000,000002C5,false,Rx,0,8,00,00,00,00,00,00,00,00,
120000,000002C6,false,Rx,0,8,32,00,7C,01,00,00,00,00,
146000,0000060D,false,Rx,0,8,0D,10,83,B6,09,20,70,00,
0,00000054,false,Rx,0,8,01,05,EF,00,E7,02,00,00,
0,00000055,false,Rx,0,8,10,27,00,00,00,00,00,00,
157000,00000056,false,Rx,0,8,10,27,00,00,00,00,00,00,
157000,00000057,false,Rx,0,8,00,00,FE,FF,FE,FF,00,00,
189000,00000625,false,Rx,0,8,25,00,59,86,01,54,5C,06,
247000,0000060D,false,Rx,0,8,0D,10,83,B6,09,20,70,00,
289000,00000625,false,Rx,0,8,25,00,59,86,01,54,5C,06,
340000,000002C4,false,Rx,0,8,09,20,00,00,E7,02,00,00,
340000,000002C5,false,Rx,0,8,00,00,00,00,00,00,00,00,
340000,000002C6,false,Rx,0,8,32,00,7C,01,00,00,00,00,
346000,0000060D,false,Rx,0,8,0D,10,83,B6,09,20,70,00,
356000,00000054,false,Rx,0,8,01,05,EF,00,E7,02,00,00,
356000,00000055,false,Rx,0,8,10,27,00,00,00,00,00,00,
356000,00000056,false,Rx,0,8,10,27,00,00,00,00,00,00,
357000,00000057,false,Rx,0,8,00,00,FE,FF,FE,FF,00,00,
389000,00000625,false,Rx,0,8,25,00,59,86,01,54,5C,06,
446000,0000060D,false,Rx,0,8,0D,10,83,B6,09,20,70,00,
489000,00000625,false,Rx,0,8,25,00,59,86,01,54,5C,06,
547000,0000060D,false,Rx,0,8,0D,10,83,B6,09,20,70,00,
556000,00000054,false,Rx,0,8,01,05,EF,00,E7,02,00,00,
0,00000055,false,Rx,0,8,10,27,00,00,00,00,00,00,
0,00000056,false,Rx,0,8,10,27,00,00,00,00,00,00,
556000,00000057,false,Rx,0,8,00,00,FE,FF,FE,FF,00,00,
559000,000002C4,false,Rx,0,8,09,20,00,00,E7,02,00,00,
560000,000002C5,false,Rx,0,8,00,00,00,00,00,00,00,00,
560000,000002C6,false,Rx,0,8,32,00,7C,01,00,00,00,00,
589000,00000625,false,Rx,0,8,25,00,59,86,01,54,5C,06,
646000,0000060D,false,Rx,0,8,0D,10,83,B6,09,20,70,00,
689000,00000625,false,Rx,0,8,25,00,59,86,01,54,5C,06,
746000,0000060D,false,Rx,0,8,0D,10,83,B6,09,20,70,00,
755000,00000054,false,Rx,0,8,01,05,EF,00,E7,02,00,00,
756000,00000055,false,Rx,0,8,10,27,00,00,00,00,00,00,
756000,00000056,false,Rx,0,8,10,27,00,00,00,00,00,00,
756000,00000057,false,Rx,0,8,00,00,FE,FF,FE,FF,00,00,
780000,000002C4,false,Rx,0,8,09,20,00,00,E7,02,00,00,
780000,000002C5,false,Rx,0,8,00,00,00,00,00,00,00,00,
781000,000002C6,false,Rx,0,8,32,00,7C,01,00,00,00,00,
788000,00000625,false,Rx,0,8,25,00,59,86,01,54,5C,06,
846000,0000060D,false,Rx,0,8,0D,10,83,B6,09,20,70,00,
889000,00000625,false,Rx,0,8,25,00,59,86,01,54,5C,06,
946000,0000060D,false,Rx,0,8,0D,10,83,B6,09,20,70,00,
956000,00000054,false,Rx,0,8,01,05,EF,00,E7,02,00,00,
957000,00000055,false,Rx,0,8,10,27,00,00,00,00,00,00,
0,00000056,false,Rx,0,8,10,27,00,00,00,00,00,00,
0,00000057,false,Rx,0,8,00,00,FE,FF,FE,FF,00,00,
989000,00000625,false,Rx,0,8,25,00,59,86,01,54,5C,06,
0,000002C4,false,Rx,0,8,09,20,00,00,E7,02,00,00,
0,000002C5,false,Rx,0,8,00,00,00,00,00,00,00,00,
0,000002C6,false,Rx,0,8,32,00,7C,01,00,00,00,00,
47000,0000060D,false,Rx,0,8,0D,10,83,B6,09,20,70,00,
89000,00000625,false,Rx,0,8,25,00,59,86,01,54,5C,06,
146000,0000060D,false,Rx,0,8,0D,10,83,B6,09,20,70,00,
0,00000054,false,Rx,0,8,01,05,EF,00,E7,02,00,00,
0,00000055,false,Rx,0,8,10,27,00,00,00,00,00,00,
157000,00000056,false,Rx,0,8,10,27,00,00,00,00,00,00,
158000,00000057,false,Rx,0,8,00,00,FE,FF,FE,FF,00,00,
189000,00000625,false,Rx,0,8,25,00,59,86,01,54,5C,06,
220000,000002C4,false,Rx,0,8,09,20,00,00,E7,02,00,00,
220000,000002C5,false,Rx,0,8,00,00,00,00,00,00,00,00,
221000,000002C6,false,Rx,0,8,32,00,7C,01,00,00,00,00,
246000,0000060D,false,Rx,0,8,0D,10,83,B6,09,20,70,00,
289000,00000625,false,Rx,0,8,25,00,59,86,01,54,5C,06,
346000,0000060D,false,Rx,0,8,0D,10,83,B6,09,20,70,00,
356000,00000054,false,Rx,0,8,01,05,EF,00,E7,02,00,00,
356000,00000055,false,Rx,0,8,10,27,00,00,00,00,00,00,
357000,00000056,false,Rx,0,8,10,27,00,00,00,00,00,00,
357000,00000057,false,Rx,0,8,00,00,FE,FF,FE,FF,00,00,
389000,00000625,false,Rx,0,8,25,00,59,86,01,54,5C,06,
440000,000002C4,false,Rx,0,8,09,20,00,00,E7,02,00,00,
440000,000002C5,false,Rx,0,8,00,00,00,00,00,00,00,00,
440000,000002C6,false,Rx,0,8,32,00,7C,01,00,00,00,00,
446000,0000060D,false,Rx,0,8,0D,10,83,B6,09,20,70,00,
489000,00000625,false,Rx,0,8,25,00,59,86,01,54,5C,06,
546000,0000060D,false,Rx,0,8,0D,10,83,B6,09,20,70,00,
556000,00000054,false,Rx,0,8,01,05,EF,00,E7,02,00,00,
556000,00000055,false,Rx,0,8,10,27,00,00,00,00,00,00,
556000,00000056,false,Rx,0,8,10,27,00,00,00,00,00,00,
557000,00000057,false,Rx,0,8,00,00,FE,FF,FE,FF,00,00,
589000,00000625,false,Rx,0,8,25,00,59,86,01,54,5C,06,
646000,0000060D,false,Rx,0,8,0D,10,83,B6,09,20,70,00,
660000,000002C4,false,Rx,0,8,09,20,00,00,E7,02,00,00,
660000,000002C5,false,Rx,0,8,00,00,00,00,00,00,00,00,
661000,000002C6,false,Rx,0,8,32,00,7C,01,00,00,00,00,
689000,00000625,false,Rx,0,8,25,00,59,86,01,54,5C,06,
746000,0000060D,false,Rx,0,8,0D,10,83,B6,09,20,70,00,
757000,00000054,false,Rx,0,8,01,05,EF,00,E7,02,00,00,
757000,00000055,false,Rx,0,8,10,27,00,00,00,00,00,00,
0,00000056,false,Rx,0,8,10,27,00,00,00,00,00,00,
0,00000057,false,Rx,0,8,00,00,FE,FF,FE,FF,00,00,
789000,00000625,false,Rx,0,8,25,00,59,86,01,54,5C,06,
846000,0000060D,false,Rx,0,8,0D,10,83,B6,09,20,70,00,
0,000002C4,false,Rx,0,8,09,20,00,00,E7,02,00,00,
0,000002C5,false,Rx,0,8,00,00,00,00,00,00,00,00,
881000,000002C6,false,Rx,0,8,32,00,7C,01,00,00,00,00,
888000,00000625,false,Rx,0,8,25,00,59,86,01,54,5C,06,
947000,0000060D,false,Rx,0,8,0D,10,83,B6,09,20,70,00,
0,00000054,false,Rx,0,8,01,05,EF,00,E7,02,00,00,
0,00000055,false,Rx,0,8,10,27,00,00,00,00,00,00,
0,00000056,false,Rx,0,8,10,27,00,00,00,00,00,00,
0,00000057,false,Rx,0,8,00,00,FE,FF,FE,FF,00,00,
989000,00000625,false,Rx,0,8,25,00,59,86,01,54,5C,06,
47000,0000060D,false,Rx,0,8,0D,10,83,B6,09,20,70,00,
88000,00000625,false,Rx,0,8,25,00,59,86,01,54,5C,06,
0,000002C4,false,Rx,0,8,09,20,00,00,E7,02,00,00,
0,000002C5,false,Rx,0,8,00,00,00,00,00,00,00,00,
0,000002C6,false,Rx,0,8,32,00,7C,01,00,00,00,00,
146000,0000060D,false,Rx,0,8,0D,10,83,B6,09,20,70,00,
156000,00000054,false,Rx,0,8,01,05,EF,00,E7,02,00,00,
0,00000055,false,Rx,0,8,10,27,00,00,00,00,00,00,
0,00000056,false,Rx,0,8,10,27,00,00,00,00,00,00,
0,00000057,false,Rx,0,8,00,00,FE,FF,FE,FF,00,00,
189000,00000625,false,Rx,0,8,25,00,59,86,01,54,5C,06,
247000,0000060D,false,Rx,0,8,0D,10,83,B6,09,20,70,00,
289000,00000625,false,Rx,0,8,25,00,59,86,01,54,5C,06,
0,000002C4,false,Rx,0,8,09,20,00,00,E7,02,00,00,
0,000002C5,false,Rx,0,8,00,00,00,00,00,00,00,00,
321000,000002C6,false,Rx,0,8,32,00,7C,01,00,00,00,00,
347000,0000060D,false,Rx,0,8,0D,10,83,B6,09,20,70,00,
356000,00000054,false,Rx,0,8,01,05,EF,00,E7,02,00,00,
356000,00000055,false,Rx,0,8,10,27,00,00,00,00,00,00,
357000,00000056,false,Rx,0,8,10,27,00,00,00,00,00,00,
357000,00000057,false,Rx,0,8,00,00,FE,FF,FE,FF,00,00,
389000,00000625,false,Rx,0,8,25,00,59,86,01,54,5C,06,
447000,0000060D,false,Rx,0,8,0D,10,83,B6,09,20,70,00,
489000,00000625,false,Rx,0,8,25,00,59,86,01,54,5C,06,
0,000002C4,false,Rx,0,8,09,20,00,00,E7,02,00,00,
0,000002C5,false,Rx,0,8,00,00,00,00,00,00,00,00,
541000,000002C6,false,Rx,0,8,32,00,7C,01,00,00,00,00,
547000,0000060D,false,Rx,0,8,0D,10,83,B6,09,20,70,00,
556000,00000054,false,Rx,0,8,01,05,EF,00,E7,02,00,00,
0,00000055,false,Rx,0,8,10,27,00,00,00,00,00,00,
0,00000056,false,Rx,0,8,10,27,00,00,00,00,00,00,
556000,00000057,false,Rx,0,8,00,00,FE,FF,FE,FF,00,00,
589000,00000625,false,Rx,0,8,25,00,59,86,01,54,5C,06,
646000,0000060D,false,Rx,0,8,0D,10,83,B6,09,20,70,00,
689000,00000625,false,Rx,0,8,25,00,59,86,01,54,5C,06,
746000,0000060D,false,Rx,0,8,0D,10,83,B6,09,20,70,00,
756000,00000054,false,Rx,0,8,01,05,EF,00,E7,02,00,00,
756000,00000055,false,Rx,0,8,10,27,00,00,00,00,00,00,
756000,00000056,false,Rx,0,8,10,27,00,00,00,00,00,00,
757000,00000057,false,Rx,0,8,00,00,FE,FF,FE,FF,00,00,
760000,000002C4,false,Rx,0,8,09,20,00,00,E7,02,00,00,
760000,000002C5,false,Rx,0,8,00,00,00,00,00,00,00,00,
760000,000002C6,false,Rx,0,8,32,00,7C,01,00,00,00,00,
788000,00000625,false,Rx,0,8,25,00,59,86,01,54,5C,06,
847000,0000060D,false,Rx,0,8,0D,10,83,B6,09,20,70,00,
889000,00000625,false,Rx,0,8,25,00,59,86,01,54,5C,06,
947000,0000060D,false,Rx,0,8,0D,10,83,B6,09,20,70,00,
956000,00000054,false,Rx,0,8,01,05,EF,00,E7,02,00,00,
956000,00000055,false,Rx,0,8,10,27,00,00,00,00,00,00,
957000,00000056,false,Rx,0,8,10,27,00,00,00,00,00,00,
957000,00000057,false,Rx,0,8,00,00,FE,FF,FE,FF,00,00,
980000,000002C4,false,Rx,0,8,09,20,00,00,E7,02,00,00,
980000,000002C5,false,Rx,0,8,00,00,00,00,00,00,00,00,
981000,000002C6,false,Rx,0,8,32,00,7C,01,00,00,00,00,
989000,00000625,false,Rx,0,8,25,00,59,86,01,54,5C,06,
47000,0000060D,false,Rx,0,8,0D,10,83,B6,09,20,70,00,
88000,00000625,false,Rx,0,8,25,00,59,86,01,54,5C,06,
146000,0000060D,false,Rx,0,8,0D,10,83,B6,09,20,70,00,
0,00000054,false,Rx,0,8,01,05,EF,00,E7,02,00,00,
0,00000055,false,Rx,0,8,10,27,00,00,00,00,00,00,
156000,00000056,false,Rx,0,8,10,27,00,00,00,00,00,00,
156000,00000057,false,Rx,0,8,00,00,FE,FF,FE,FF,00,00,
189000,00000625,false,Rx,0,8,25,00,59,86,01,54,5C,06,
200000,000002C4,false,Rx,0,8,09,20,00,00,E7,02,00,00,
200000,000002C5,false,Rx,0,8,00,00,00,00,00,00,00,00,
201000,000002C6,false,Rx,0,8,32,00,7C,01,00,00,00,00,
247000,0000060D,false,Rx,0,8,0D,10,83,B6,09,20,70,00,
288000,00000625,false,Rx,0,8,25,00,59,86,01,54,5C,06,
347000,0000060D,false,Rx,0,8,0D,10,83,B6,09,20,70,00,
356000,00000054,false,Rx,0,8,01,05,EF,00,E7,02,00,00,
356000,00000055,false,Rx,0,8,10,27,00,00,00,00,00,00,
356000,00000056,false,Rx,0,8,10,27,00,00,00,00,00,00,
357000,00000057,false,Rx,0,8,00,00,FE,FF,FE,FF,00,00,
389000,00000625,false,Rx,0,8,25,00,59,86,01,54,5C,06,
420000,000002C4,false,Rx,0,8,09,20,00,00,E7,02,00,00,
420000,000002C5,false,Rx,0,8,00,00,00,00,00,00,00,00,
420000,000002C6,false,Rx,0,8,32,00,7C,01,00,00,00,00,
447000,0000060D,false,Rx,0,8,0D,10,83,B6,09,20,70,00,
489000,00000625,false,Rx,0,8,25,00,59,86,01,54,5C,06,
547000,0000060D,false,Rx,0,8,0D,10,83,B6,09,20,70,00,
556000,00000054,false,Rx,0,8,01,05,EF,00,E7,02,00,00,
556000,00000055,false,Rx,0,8,10,27,00,00,00,00,00,00,
556000,00000056,false,Rx,0,8,10,27,00,00,00,00,00,00,
557000,00000057,false,Rx,0,8,00,00,FE,FF,FE,FF,00,00,
589000,00000625,false,Rx,0,8,25,00,59,86,01,54,5C,06,
640000,000002C4,false,Rx,0,8,09,20,00,00,E7,02,00,00,
0,000002C5,false,Rx,0,8,00,00,00,00,00,00,00,00,
0,000002C6,false,Rx,0,8,32,00,7C,01,00,00,00,00,
647000,0000060D,false,Rx,0,8,0D,10,83,B6,09,20,70,00,
689000,00000625,false,Rx,0,8,25,00,59,86,01,54,5C,06,
746000,0000060D,false,Rx,0,8,0D,10,83,B6,09,20,70,00,
755000,00000054,false,Rx,0,8,01,05,EF,00,E7,02,00,00,
757000,00000055,false,Rx,0,8,10,27,00,00,00,00,00,00,
0,00000056,false,Rx,0,8,10,27,00,00,00,00,00,00,
0,00000057,false,Rx,0,8,00,00,FE,FF,FE,FF,00,00,
789000,00000625,false,Rx,0,8,25,00,59,86,01,54,5C,06,
847000,0000060D,false,Rx,0,8,0D,10,83,B6,09,20,70,00,
0,000002C4,false,Rx,0,8,09,20,00,00,E7,02,00,00,
0,000002C5,false,Rx,0,8,00,00,00,00,00,00,00,00,
0,000002C6,false,Rx,0,8,32,00,7C,01,00,00,00,00,
889000,00000625,false,Rx,0,8,25,00,59,86,01,54,5C,06,
946000,0000060D,false,Rx,0,8,0D,10,83,B6,09,20,70,00,
956000,00000054,false,Rx,0,8,01,05,EF,00,E7,02,00,00,
957000,00000055,false,Rx,0,8,10,27,00,00,00,00,00,00,
957000,00000056,false,Rx,0,8,10,27,00,00,00,00,00,00,
957000,00000057,false,Rx,0,8,00,00,FE,FF,FE,FF,00,00,
989000,00000625,false,Rx,0,8,25,00,59,86,01,54,5C,06,
46000,0000060D,false,Rx,0,8,0D,10,83,B6,09,20,70,00,
80000,000002C4,false,Rx,0,8,09,20,00,00,E7,02,00,00,
80000,000002C5,false,Rx,0,8,00,00,00,00,00,00,00,00,
81000,000002C6,false,Rx,0,8,32,00,7C,01,00,00,00,00,
88000,00000625,false,Rx,0,8,25,00,59,86,01,54,5C,06,
146000,0000060D,false,Rx,0,8,0D,10,83,B6,09,20,70,00,
0,00000054,false,Rx,0,8,01,05,EF,00,E7,02,00,00,
0,00000055,false,Rx,0,8,10,27,00,00,00,00,00,00,
0,00000056,false,Rx,0,8,10,27,00,00,00,00,00,00,
158000,00000057,false,Rx,0,8,00,00,FE,FF,FE,FF,00,00,
189000,00000625,false,Rx,0,8,25,00,59,86,01,54,5C,06,
247000,0000060D,false,Rx,0,8,0D,10,83,B6,09,20,70,00,
289000,00000625,false,Rx,0,8,25,00,59,86,01,54,5C,06,
300000,000002C4,false,Rx,0,8,09,20,00,00,E7,02,00,00,
300000,000002C5,false,Rx,0,8,00,00,00,00,00,00,00,00,
301000,000002C6,false,Rx,0,8,32,00,7C,01,00,00,00,00,
347000,0000060D,false,Rx,0,8,0D,10,83,B6,09,20,70,00,
356000,00000054,false,Rx,0,8,01,05,EF,00,E7,02,00,00,
356000,00000055,false,Rx,0,8,10,27,00,00,00,00,00,00,
357000,00000056,false,Rx,0,8,10,27,00,00,00,00,00,00,
357000,00000057,false,Rx,0,8,00,00,FE,FF,FE,FF,00,00,
388000,00000625,false,Rx,0,8,25,00,59,86,01,54,5C,06,
446000,0000060D,false,Rx,0,8,0D,10,83,B6,09,20,70,00,
489000,00000625,false,Rx,0,8,25,00,59,86,01,54,5C,06,
520000,000002C4,false,Rx,0,8,09,20,00,00,E7,02,00,00,
520000,000002C5,false,Rx,0,8,00,00,00,00,00,00,00,00,
520000,000002C6,false,Rx,0,8,32,00,7C,01,00,00,00,00,
546000,0000060D,false,Rx,0,8,0D,10,83,B6,09,20,70,00,
555000,00000054,false,Rx,0,8,01,05,EF,00,E7,02,00,00,
557000,00000055,false,Rx,0,8,10,27,00,00,00,00,00,00,
0,00000056,false,Rx,0,8,10,27,00,00,00,00,00,00,
0,00000057,false,Rx,0,8,00,00,FE,FF,FE,FF,00,00,
589000,00000625,false,Rx,0,8,25,00,59,86,01,54,5C,06,
647000,0000060D,false,Rx,0,8,0D,10,83,B6,09,20,70,00,
689000,00000625,false,Rx,0,8,25,00,59,86,01,54,5C,06,
739000,000002C4,false,Rx,0,8,09,20,00,00,E7,02,00,00,
740000,000002C5,false,Rx,0,8,00,00,00,00,00,00,00,00,
740000,000002C6,false,Rx,0,8,32,00,7C,01,00,00,00,00,
746000,0000060D,false,Rx,0,8,0D,10,83,B6,09,20,70,00,
756000,00000054,false,Rx,0,8,01,05,EF,00,E7,02,00,00,
756000,00000055,false,Rx,0,8,10,27,00,00,00,00,00,00,
757000,00000056,false,Rx,0,8,10,27,00,00,00,00,00,00,
757000,00000057,false,Rx,0,8,00,00,FE,FF,FE,FF,00,00,
789000,00000625,false,Rx,0,8,25,00,59,86,01,54,5C,06,
847000,0000060D,false,Rx,0,8,0D,10,83,B6,09,20,70,00,
888000,00000625,false,Rx,0,8,25,00,59,86,01,54,5C,06,
947000,0000060D,false,Rx,0,8,0D,10,83,B6,09,20,70,00,
0,00000054,false,Rx,0,8,01,05,EF,00,E7,02,00,00,
0,00000055,false,Rx,0,8,10,27,00,00,00,00,00,00,
0,00000056,false,Rx,0,8,10,27,00,00,00,00,00,00,
0,00000057,false,Rx,0,8,00,00,FE,FF,FE,FF,00,00,
960000,000002C4,false,Rx,0,8,09,20,00,00,E7,02,00,00,
960000,000002C5,false,Rx,0,8,00,00,00,00,00,00,00,00,
960000,000002C6,false,Rx,0,8,32,00,7C,01,00,00,00,00,
989000,00000625,false,Rx,0,8,25,00,59,86,01,54,5C,06,
47000,0000060D,false,Rx,0,8,0D,10,83,B6,09,20,70,00,
89000,00000625,false,Rx,0,8,25,00,59,86,01,54,5C,06,
147000,0000060D,false,Rx,0,8,0D,10,83,B6,09,20,70,00,
0,00000054,false,Rx,0,8,01,05,EF,00,E7,02,00,00,
0,00000055,false,Rx,0,8,10,27,00,00,00,00,00,00,
0,00000056,false,Rx,0,8,10,27,00,00,00,00,00,00,
157000,00000057,false,Rx,0,8,00,00,FE,FF,FE,FF,00,00,
180000,000002C4,false,Rx,0,8,09,20,00,00,E7,02,00,00,
181000,000002C5,false,Rx,0,8,00,00,00,00,00,00,00,00,
181000,000002C6,false,Rx,0,8,32,00,7C,01,00,00,00,00,
189000,00000625,false,Rx,0,8,25,00,59,86,01,54,5C,06,
246000,0000060D,false,Rx,0,8,0D,10,83,B6,09,20,70,00,
288000,00000625,false,Rx,0,8,25,00,59,86,01,54,5C,06,
347000,0000060D,false,Rx,0,8,0D,10,83,B6,09,20,70,00,
356000,00000054,false,Rx,0,8,01,05,EF,00,E7,02,00,00,
356000,00000055,false,Rx,0,8,10,27,00,00,00,00,00,00,
356000,00000056,false,Rx,0,8,10,27,00,00,00,00,00,00,
357000,00000057,false,Rx,0,8,00,00,FE,FF,FE,FF,00,00,
389000,00000625,false,Rx,0,8,25,00,59,86,01,54,5C,06,
400000,000002C4,false,Rx,0,8,09,20,00,00,E7,02,00,00,
400000,000002C5,false,Rx,0,8,00,00,00,00,00,00,00,00,
400000,000002C6,false,Rx,0,8,32,00,7C,01,00,00,00,00,
446000,0000060D,false,Rx,0,8,0D,10,83,B6,09,20,70,00,
488000,00000625,false,Rx,0,8,25,00,59,86,01,54,5C,06,
547000,0000060D,false,Rx,0,8,0D,10,83,B6,09,20,70,00,
556000,00000054,false,Rx,0,8,01,05,EF,00,E7,02,00,00,
556000,00000055,false,Rx,0,8,10,27,00,00,00,00,00,00,
556000,00000056,false,Rx,0,8,10,27,00,00,00,00,00,00,
557000,00000057,false,Rx,0,8,00,00,FE,FF,FE,FF,00,00,
589000,00000625,false,Rx,0,8,25,00,59,86,01,54,5C,06,
616000,00000065,false,Rx,0,8,EC,02,01,00,00,00,00,00,
620000,000002C4,false,Rx,0,8,09,20,00,00,E7,02,00,00,
620000,000002C5,false,Rx,0,8,00,00,00,00,00,00,00,00,
621000,000002C6,false,Rx,0,8,32,00,7C,01,00,00,00,00,
646000,0000060D,false,Rx,0,8,0D,10,83,B6,09,20,70,00,
689000,00000625,false,Rx,0,8,25,00,59,86,01,54,5C,06,
746000,0000060D,false,Rx,0,8,0D,10,83,B6,09,20,70,00,
756000,00000054,false,Rx,0,8,01,05,EF,00,EC,02,00,00,
756000,00000055,false,Rx,0,8,10,27,00,00,00,00,00,00,
757000,00000056,false,Rx,0,8,10,27,00,00,00,00,00,00,
757000,00000057,false,Rx,0,8,00,00,FE,FF,FE,FF,00,00,
766000,00000065,false,Rx,0,8,EC,02,01,00,00,00,00,00,
789000,00000625,false,Rx,0,8,25,00,59,86,01,54,5C,06,
840000,000002C4,false,Rx,0,8,09,20,00,00,E7,02,00,00,
840000,000002C5,false,Rx,0,8,00,00,00,00,00,00,00,00,
840000,000002C6,false,Rx,0,8,32,00,7C,01,00,00,00,00,
846000,0000060D,false,Rx,0,8,0D,10,83,B6,09,20,70,00,
889000,00000625,false,Rx,0,8,25,00,59,86,01,54,5C,06,
916000,00000065,false,Rx,0,8,EC,02,01,00,00,00,00,00,
946000,0000060D,false,Rx,0,8,0D,10,83,B6,09,20,70,00,
956000,00000054,false,Rx,0,8,01,05,EF,00,EC,02,00,00,
957000,00000055,false,Rx,0,8,10,27,00,00,00,00,00,00,
957000,00000056,false,Rx,0,8,10,27,00,00,00,00,00,00,
957000,00000057,false,Rx,0,8,00,00,FE,FF,FE,FF,00,00,
989000,00000625,false,Rx,0,8,25,00,59,86,01,54,5C,06,
46000,0000060D,false,Rx,0,8,0D,10,83,B6,09,20,70,00,
60000,000002C4,false,Rx,0,8,09,20,00,00,EC,02,00,00,
60000,000002C5,false,Rx,0,8,00,00,00,00,00,00,00,00,
60000,000002C6,false,Rx,0,8,32,00,7C,01,00,00,00,00,
66000,00000065,false,Rx,0,8,EC,02,01,00,00,00,00,00,
89000,00000625,false,Rx,0,8,25,00,59,86,01,54,5C,06,
147000,0000060D,false,Rx,0,8,0D,10,83,B6,09,20,70,00,
0,00000054,false,Rx,0,8,01,05,EF,00,EC,02,00,00,
0,00000055,false,Rx,0,8,10,27,00,00,00,00,00,00,
0,00000056,false,Rx,0,8,10,27,00,00,00,00,00,00,
0,00000057,false,Rx,0,8,00,00,FE,FF,FE,FF,00,00,
188000,00000625,false,Rx,0,8,25,00,59,86,01,54,5C,06,
246000,0000060D,false,Rx,0,8,0D,10,83,B6,09,20,70,00,
0,000002C4,false,Rx,0,8,09,20,00,00,EC,02,00,00,
0,000002C5,false,Rx,0,8,00,00,00,00,00,00,00,00,
281000,000002C6,false,Rx,0,8,32,00,7C,01,00,00,00,00,
289000,00000625,false,Rx,0,8,25,00,59,86,01,54,5C,06,
346000,0000060D,false,Rx,0,8,0D,10,83,B6,09,20,70,00,
356000,00000054,false,Rx,0,8,01,05,EF,00,EC,02,00,00,
357000,00000055,false,Rx,0,8,10,27,00,00,00,00,00,00,
357000,00000056,false,Rx,0,8,10,27,00,00,00,00,00,00,
357000,00000057,false,Rx,0,8,00,00,FE,FF,FE,FF,00,00,
389000,00000625,false,Rx,0,8,25,00,59,86,01,54,5C,06,
446000,0000060D,false,Rx,0,8,0D,10,83,B6,09,20,70,00,
489000,00000625,false,Rx,0,8,25,00,59,86,01,54,5C,06,
500000,000002C4,false,Rx,0,8,09,20,00,00,EC,02,00,00,
500000,000002C5,false,Rx,0,8,00,00,00,00,00,00,00,00,
500000,000002C6,false,Rx,0,8,32,00,7C,01,00,00,00,00,
547000,0000060D,false,Rx,0,8,0D,10,83,B6,09,20,70,00,
556000,00000054,false,Rx,0,8,01,05,EF,00,EC,02,00,00,
556000,00000055,false,Rx,0,8,10,27,00,00,00,00,00,00,
556000,00000056,false,Rx,0,8,10,27,00,00,00,00,00,00,
557000,00000057,false,Rx,0,8,00,00,FE,FF,FE,FF,00,00,
589000,00000625,false,Rx,0,8,25,00,59,86,01,54,5C,06,
646000,0000060D,false,Rx,0,8,0D,10,83,B6,09,20,70,00,
689000,00000625,false,Rx,0,8,25,00,59,86,01,54,5C,06,
721000,000002C4,false,Rx,0,8,09,20,00,00,EC,02,00,00,
721000,000002C5,false,Rx,0,8,00,00,00,00,00,00,00,00,
721000,000002C6,false,Rx,0,8,32,00,7C,01,00,00,00,00,
746000,0000060D,false,Rx,0,8,0D,10,83,B6,09,20,70,00,
756000,00000054,false,Rx,0,8,01,05,EF,00,EC,02,00,00,
757000,00000055,false,Rx,0,8,10,27,00,00,00,00,00,00,
757000,00000056,false,Rx,0,8,10,27,00,00,00,00,00,00,
757000,00000057,false,Rx,0,8,00,00,FE,FF,FE,FF,00,00,
789000,00000625,false,Rx,0,8,25,00,59,86,01,54,5C,06,
846000,0000060D,false,Rx,0,8,0D,10,83,B6,09,20,70,00,
889000,00000625,false,Rx,0,8,25,00,59,86,01,54,5C,06,
939000,000002C4,false,Rx,0,8,09,20,00,00,EC,02,00,00,
939000,000002C5,false,Rx,0,8,00,00,00,00,00,00,00,00,
939000,000002C6,false,Rx,0,8,32,00,7C,01,00,00,00,00,
947000,0000060D,false,Rx,0,8,0D,10,83,B6,09,20,70,00,
956000,00000054,false,Rx,0,8,01,05,EF,00,EC,02,00,00,
956000,00000055,false,Rx,0,8,10,27,00,00,00,00,00,00,
957000,00000056,false,Rx,0,8,10,27,00,00,00,00,00,00,
957000,00000057,false,Rx,0,8,00,00,FE,FF,FE,FF,00,00,
989000,00000625,false,Rx,0,8,25,00,59,86,01,54,5C,06,
47000,0000060D,false,Rx,0,8,0D,10,83,B6,09,20,70,00,
89000,00000625,false,Rx,0,8,25,00,59,86,01,54,5C,06,
146000,0000060D,false,Rx,0,8,0D,10,83,B6,09,20,70,00,
0,00000054,false,Rx,0,8,01,05,EF,00,EC,02,00,00,
0,00000055,false,Rx,0,8,10,27,00,00,00,00,00,00,
0,00000056,false,Rx,0,8,10,27,00,00,00,00,00,00,
158000,00000057,false,Rx,0,8,00,00,FE,FF,FE,FF,00,00,
160000,000002C4,false,Rx,0,8,09,20,00,00,EC,02,00,00,
160000,000002C5,false,Rx,0,8,00,00,00,00,00,00,00,00,
161000,000002C6,false,Rx,0,8,32,00,7C,01,00,00,00,00,
189000,00000625,false,Rx,0,8,25,00,59,86,01,54,5C,06,
247000,0000060D,false,Rx,0,8,0D,10,83,B6,09,20,70,00,
289000,00000625,false,Rx,0,8,25,00,59,86,01,54,5C,06,
346000,0000060D,false,Rx,0,8,0D,10,83,B6,09,20,70,00,
356000,00000054,false,Rx,0,8,01,05,EF,00,EC,02,00,00,
357000,00000055,false,Rx,0,8,10,27,00,00,00,00,00,00,
357000,00000056,false,Rx,0,8,10,27,00,00,00,00,00,00,
357000,00000057,false,Rx,0,8,00,00,FE,FF,FE,FF,00,00,
380000,000002C4,false,Rx,0,8,09,20,00,00,EC,02,00,00,
380000,000002C5,false,Rx,0,8,00,00,00,00,00,00,00,00,
380000,000002C6,false,Rx,0,8,32,00,7C,01,00,00,00,00,
389000,00000625,false,Rx,0,8,25,00,59,86,01,54,5C,06,
447000,0000060D,false,Rx,0,8,0D,10,83,B6,09,20,70,00,
489000,00000625,false,Rx,0,8,25,00,59,86,01,54,5C,06,
547000,0000060D,false,Rx,0,8,0D,10,83,B6,09,20,70,00,
556000,00000054,false,Rx,0,8,01,05,EF,00,EC,02,00,00,
556000,00000055,false,Rx,0,8,10,27,00,00,00,00,00,00,
557000,00000056,false,Rx,0,8,10,27,00,00,00,00,00,00,
557000,00000057,false,Rx,0,8,00,00,FE,FF,FE,FF,00,00,
589000,00000625,false,Rx,0,8,25,00,59,86,01,54,5C,06,
600000,000002C4,false,Rx,0,8,09,20,00,00,EC,02,00,00,
601000,000002C5,false,Rx,0,8,00,00,00,00,00,00,00,00,
601000,000002C6,false,Rx,0,8,32,00,7C,01,00,00,00,00,
646000,0000060D,false,Rx,0,8,0D,10,83,B6,09,20,70,00,
689000,00000625,false,Rx,0,8,25,00,59,86,01,54,5C,06,
746000,0000060D,false,Rx,0,8,0D,10,83,B6,09,20,70,00,
756000,00000054,false,Rx,0,8,01,05,EF,00,EC,02,00,00,
757000,00000055,false,Rx,0,8,10,27,00,00,00,00,00,00,
757000,00000056,false,Rx,0,8,10,27,00,00,00,00,00,00,
757000,00000057,false,Rx,0,8,00,00,FE,FF,FE,FF,00,00,
789000,00000625,false,Rx,0,8,25,00,59,86,01,54,5C,06,
820000,000002C4,false,Rx,0,8,09,20,00,00,EC,02,00,00,
820000,000002C5,false,Rx,0,8,00,00,00,00,00,00,00,00,
820000,000002C6,false,Rx,0,8,32,00,7C,01,00,00,00,00,
846000,0000060D,false,Rx,0,8,0D,10,83,B6,09,20,70,00,
889000,00000625,false,Rx,0,8,25,00,59,86,01,54,5C,06,
947000,0000060D,false,Rx,0,8,0D,10,83,B6,09,20,70,00,
957000,00000054,false,Rx,0,8,01,05,EF,00,EC,02,00,00,
957000,00000055,false,Rx,0,8,10,27,00,00,00,00,00,00,
957000,00000056,false,Rx,0,8,10,27,00,00,00,00,00,00,
957000,00000057,false,Rx,0,8,00,00,FE,FF,FE,FF,00,00,
989000,00000625,false,Rx,0,8,25,00,59,86,01,54,5C,06,
40000,000002C4,false,Rx,0,8,09,20,00,00,EC,02,00,00,
40000,000002C5,false,Rx,0,8,00,00,00,00,00,00,00,00,
41000,000002C6,false,Rx,0,8,32,00,7C,01,00,00,00,00,
46000,0000060D,false,Rx,0,8,0D,10,83,B6,09,20,70,00,
89000,00000625,false,Rx,0,8,25,00,59,86,01,54,5C,06,
146000,0000060D,false,Rx,0,8,0D,10,83,B6,09,20,70,00,
0,00000054,false,Rx,0,8,01,05,EF,00,EC,02,00,00,
0,00000055,false,Rx,0,8,10,27,00,00,00,00,00,00,
0,00000056,false,Rx,0,8,10,27,00,00,00,00,00,00,
157000,00000057,false,Rx,0,8,00,00,FE,FF,FE,FF,00,00,
189000,00000625,false,Rx,0,8,25,00,59,86,01,54,5C,06,
246000,0000060D,false,Rx,0,8,0D,10,83,B6,09,20,70,00,
260000,000002C4,false,Rx,0,8,09,20,00,00,EC,02,00,00,
260000,000002C5,false,Rx,0,8,00,00,00,00,00,00,00,00,
261000,000002C6,false,Rx,0,8,32,00,7C,01,00,00,00,00,
289000,00000625,false,Rx,0,8,25,00,59,86,01,54,5C,06,
347000,0000060D,false,Rx,0,8,0D,10,83,B6,09,20,70,00,
356000,00000054,false,Rx,0,8,01,05,EF,00,EC,02,00,00,
356000,00000055,false,Rx,0,8,10,27,00,00,00,00,00,00,
356000,00000056,false,Rx,0,8,10,27,00,00,00,00,00,00,
357000,00000057,false,Rx,0,8,00,00,FE,FF,FE,FF,00,00,
389000,00000625,false,Rx,0,8,25,00,59,86,01,54,5C,06,
447000,0000060D,false,Rx,0,8,0D,10,83,B6,09,20,70,00,
480000,000002C4,false,Rx,0,8,09,20,00,00,EC,02,00,00,
480000,000002C5,false,Rx,0,8,00,00,00,00,00,00,00,00,
481000,000002C6,false,Rx,0,8,32,00,7C,01,00,00,00,00,
489000,00000625,false,Rx,0,8,25,00,59,86,01,54,5C,06,
547000,0000060D,false,Rx,0,8,0D,10,83,B6,09,20,70,00,
556000,00000054,false,Rx,0,8,01,05,EF,00,EC,02,00,00,
556000,00000055,false,Rx,0,8,10,27,00,00,00,00,00,00,
556000,00000056,false,Rx,0,8,10,27,00,00,00,00,00,00,
557000,00000057,false,Rx,0,8,00,00,FE,FF,FE,FF,00,00,
588000,00000625,false,Rx,0,8,25,00,59,86,01,54,5C,06,
647000,0000060D,false,Rx,0,8,0D,10,83,B6,09,20,70,00,
689000,00000625,false,Rx,0,8,25,00,59,86,01,54,5C,06,
700000,000002C4,false,Rx,0,8,09,20,00,00,EC,02,00,00,
700000,000002C5,false,Rx,0,8,00,00,00,00,00,00,00,00,
700000,000002C6,false,Rx,0,8,32,00,7C,01,00,00,00,00,
746000,0000060D,false,Rx,0,8,0D,10,83,B6,09,20,70,00,
756000,00000054,false,Rx,0,8,01,05,EF,00,EC,02,00,00,
0,00000055,false,Rx,0,8,10,27,00,00,00,00,00,00,
0,00000056,false,Rx,0,8,10,27,00,00,00,00,00,00,
757000,00000057,false,Rx,0,8,00,00,FE,FF,FE,FF,00,00,
789000,00000625,false,Rx,0,8,25,00,59,86,01,54,5C,06,
846000,0000060D,false,Rx,0,8,0D,10,83,B6,09,20,70,00,
889000,00000625,false,Rx,0,8,25,00,59,86,01,54,5C,06,
920000,000002C4,false,Rx,0,8,09,20,00,00,EC,02,00,00,
921000,000002C5,false,Rx,0,8,00,00,00,00,00,00,00,00,
921000,000002C6,false,Rx,0,8,32,00,7C,01,00,00,00,00,
946000,0000060D,false,Rx,0,8,0D,10,83,B6,09,20,70,00,
956000,00000054,false,Rx,0,8,01,05,EF,00,EC,02,00,00,
956000,00000055,false,Rx,0,8,10,27,00,00,00,00,00,00,
957000,00000056,false,Rx,0,8,10,27,00,00,00,00,00,00,
957000,00000057,false,Rx,0,8,00,00,FE,FF,FE,FF,00,00,
989000,00000625,false,Rx,0,8,25,00,59,86,01,54,5C,06,
46000,0000060D,false,Rx,0,8,0D,10,83,B6,09,20,70,00,
89000,00000625,false,Rx,0,8,25,00,59,86,01,54,5C,06,
0,000002C4,false,Rx,0,8,09,20,00,00,EC,02,00,00,
0,000002C5,false,Rx,0,8,00,00,00,00,00,00,00,00,
0,000002C6,false,Rx,0,8,32,00,7C,01,00,00,00,00,
146000,0000060D,false,Rx,0,8,0D,10,83,B6,09,20,70,00,
0,00000054,false,Rx,0,8,01,05,EF,00,EC,02,00,00,
0,00000055,false,Rx,0,8,10,27,00,00,00,00,00,00,
0,00000056,false,Rx,0,8,10,27,00,00,00,00,00,00,
0,00000057,false,Rx,0,8,00,00,FE,FF,FE,FF,00,00,
188000,00000625,false,Rx,0,8,25,00,59,86,01,54,5C,06,
246000,0000060D,false,Rx,0,8,0D,10,83,B6,09,20,70,00,
288000,00000625,false,Rx,0,8,25,00,59,86,01,54,5C,06,
346000,0000060D,false,Rx,0,8,0D,10,83,B6,09,20,70,00,
356000,00000054,false,Rx,0,8,01,05,EF,00,EC,02,00,00,
356000,00000055,false,Rx,0,8,10,27,00,00,00,00,00,00,
356000,00000056,false,Rx,0,8,10,27,00,00,00,00,00,00,
357000,00000057,false,Rx,0,8,00,00,FE,FF,FE,FF,00,00,
360000,000002C4,false,Rx,0,8,09,20,00,00,EC,02,00,00,
360000,000002C5,false,Rx,0,8,00,00,00,00,00,00,00,00,
360000,000002C6,false,Rx,0,8,32,00,7C,01,00,00,00,00,
389000,00000625,false,Rx,0,8,25,00,59,86,01,54,5C,06,
447000,0000060D,false,Rx,0,8,0D,10,83,B6,09,20,70,00,
489000,00000625,false,Rx,0,8,25,00,59,86,01,54,5C,06,
547000,0000060D,false,Rx,0,8,0D,10,83,B6,09,20,70,00,
556000,00000054,false,Rx,0,8,01,05,EF,00,EC,02,00,00,
556000,00000055,false,Rx,0,8,10,27,00,00,00,00,00,00,
556000,00000056,false,Rx,0,8,10,27,00,00,00,00,00,00,
557000,00000057,false,Rx,0,8,00,00,FE,FF,FE,FF,00,00,
580000,000002C4,false,Rx,0,8,09,20,00,00,EC,02,00,00,
580000,000002C5,false,Rx,0,8,00,00,00,00,00,00,00,00,
580000,000002C6,false,Rx,0,8,32,00,7C,01,00,00,00,00,
589000,00000625,false,Rx,0,8,25,00,59,86,01,54,5C,06,
646000,0000060D,false,Rx,0,8,0D,10,83,B6,09,20,70,00,
689000,00000625,false,Rx,0,8,25,00,59,86,01,54,5C,06,
746000,0000060D,false,Rx,0,8,0D,10,83,B6,09,20,70,00,
756000,00000054,false,Rx,0,8,01,05,EF,00,EC,02,00,00,
756000,00000055,false,Rx,0,8,10,27,00,00,00,00,00,00,
757000,00000056,false,Rx,0,8,10,27,00,00,00,00,00,00,
757000,00000057,false,Rx,0,8,00,00,FE,FF,FE,FF,00,00,
790000,00000625,false,Rx,0,8,25,00,59,86,01,54,5C,06,
800000,000002C4,false,Rx,0,8,09,20,00,00,EC,02,00,00,
800000,000002C5,false,Rx,0,8,00,00,00,00,00,00,00,00,
800000,000002C6,false,Rx,0,8,32,00,7C,01,00,00,00,00,
846000,0000060D,false,Rx,0,8,0D,10,83,B6,09,20,70,00,
889000,00000625,false,Rx,0,8,25,00,59,86,01,54,5C,06,
946000,0000060D,false,Rx,0,8,0D,10,83,B6,09,20,70,00,
956000,00000054,false,Rx,0,8,01,05,EF,00,EC,02,00,00,
956000,00000055,false,Rx,0,8,10,27,00,00,00,00,00,00,
957000,00000056,false,Rx,0,8,10,27,00,00,00,00,00,00,
957000,00000057,false,Rx,0,8,00,00,FE,FF,FE,FF,00,00,
988000,00000625,false,Rx,0,8,25,00,59,86,01,54,5C,06,
20000,000002C4,false,Rx,0,8,09,20,00,00,EC,02,00,00,
20000,000002C5,false,Rx,0,8,00,00,00,00,00,00,00,00,
21000,000002C6,false,Rx,0,8,32,00,7C,01,00,00,00,00,
47000,0000060D,false,Rx,0,8,0D,10,83,B6,09,20,70,00,
88000,00000625,false,Rx,0,8,25,00,59,86,01,54,5C,06,
146000,0000060D,false,Rx,0,8,0D,10,83,B6,09,20,70,00,
0,00000054,false,Rx,0,8,01,05,EF,00,EC,02,00,00,
0,00000055,false,Rx,0,8,10,27,00,00,00,00,00,00,
0,00000056,false,Rx,0,8,10,27,00,00,00,00,00,00,
157000,00000057,false,Rx,0,8,00,00,FE,FF,FE,FF,00,00,
189000,00000625,false,Rx,0,8,25,00,59,86,01,54,5C,06,
240000,000002C4,false,Rx,0,8,09,20,00,00,EC,02,00,00,
240000,000002C5,false,Rx,0,8,00,00,00,00,00,00,00,00,
241000,000002C6,false,Rx,0,8,32,00,7C,01,00,00,00,00,
246000,0000060D,false,Rx,0,8,0D,10,83,B6,09,20,70,00,
288000,00000625,false,Rx,0,8,25,00,59,86,01,54,5C,06,
346000,0000060D,false,Rx,0,8,0D,10,83,B6,09,20,70,00,
356000,00000054,false,Rx,0,8,01,05,EF,00,EC,02,00,00,
356000,00000055,false,Rx,0,8,10,27,00,00,00,00,00,00,
357000,00000056,false,Rx,0,8,10,27,00,00,00,00,00,00,
357000,00000057,false,Rx,0,8,00,00,FE,FF,FE,FF,00,00,
389000,00000625,false,Rx,0,8,25,00,59,86,01,54,5C,06,
447000,0000060D,false,Rx,0,8,0D,10,83,B6,09,20,70,00,
460000,000002C4,false,Rx,0,8,09,20,00,00,EC,02,00,00,
460000,000002C5,false,Rx,0,8,00,00,00,00,00,00,00,00,
461000,000002C6,false,Rx,0,8,32,00,7C,01,00,00,00,00,
489000,00000625,false,Rx,0,8,25,00,59,86,01,54,5C,06,
547000,0000060D,false,Rx,0,8,0D,10,83,B6,09,20,70,00,
556000,00000054,false,Rx,0,8,01,05,EF,00,EC,02,00,00,
556000,00000055,false,Rx,0,8,10,27,00,00,00,00,00,00,
557000,00000056,false,Rx,0,8,10,27,00,00,00,00,00,00,
557000,00000057,false,Rx,0,8,00,00,FE,FF,FE,FF,00,00,
589000,00000625,false,Rx,0,8,25,00,59,86,01,54,5C,06,
646000,0000060D,false,Rx,0,8,0D,10,83,B6,09,20,70,00,
680000,000002C4,false,Rx,0,8,09,20,00,00,EC,02,00,00,
680000,000002C5,false,Rx,0,8,00,00,00,00,00,00,00,00,
680000,000002C6,false,Rx,0,8,32,00,7C,01,00,00,00,00,
689000,00000625,false,Rx,0,8,25,00,59,86,01,54,5C,06,
746000,0000060D,false,Rx,0,8,0D,10,83,B6,09,20,70,00,
756000,00000054,false,Rx,0,8,01,05,EF,00,EC,02,00,00,
757000,00000055,false,Rx,0,8,10,27,00,00,00,00,00,00,
757000,00000056,false,Rx,0,8,10,27,00,00,00,00,00,00,
757000,00000057,false,Rx,0,8,00,00,FE,FF,FE,FF,00,00,
789000,00000625,false,Rx,0,8,25,00,59,86,01,54,5C,06,
846000,0000060D,false,Rx,0,8,0D,10,83,B6,09,20,70,00,
888000,00000625,false,Rx,0,8,25,00,59,86,01,54,5C,06,
900000,000002C4,false,Rx,0,8,09,20,00,00,EC,02,00,00,
900000,000002C5,false,Rx,0,8,00,00,00,00,00,00,00,00,
901000,000002C6,false,Rx,0,8,32,00,7C,01,00,00,00,00,
946000,0000060D,false,Rx,0,8,0D,10,83,B6,09,20,70,00,
956000,00000054,false,Rx,0,8,01,05,EF,00,EC,02,00,00,
956000,00000055,false,Rx,0,8,10,27,00,00,00,00,00,00,
957000,00000056,false,Rx,0,8,10,27,00,00,00,00,00,00,
957000,00000057,false,Rx,0,8,00,00,FE,FF,FE,FF,00,00,
989000,00000625,false,Rx,0,8,25,00,59,86,01,54,5C,06,
46000,0000060D,false,Rx,0,8,0D,10,83,B6,09,20,70,00,
89000,00000625,false,Rx,0,8,25,00,59,86,01,54,5C,06,
120000,000002C4,false,Rx,0,8,09,20,00,00,EC,02,00,00,
120000,000002C5,false,Rx,0,8,00,00,00,00,00,00,00,00,
121000,000002C6,false,Rx,0,8,32,00,7C,01,00,00,00,00,
146000,0000060D,false,Rx,0,8,0D,10,83,B6,09,20,70,00,
157000,00000054,false,Rx,0,8,01,05,EF,00,EC,02,00,00,
157000,00000055,false,Rx,0,8,10,27,00,00,00,00,00,00,
0,00000056,false,Rx,0,8,10,27,00,00,00,00,00,00,
0,00000057,false,Rx,0,8,00,00,FE,FF,FE,FF,00,00,
189000,00000625,false,Rx,0,8,25,00,59,86,01,54,5C,06,
246000,0000060D,false,Rx,0,8,0D,10,83,B6,09,20,70,00,
289000,00000625,false,Rx,0,8,25,00,59,86,01,54,5C,06,
340000,000002C4,false,Rx,0,8,09,20,00,00,EC,02,00,00,
340000,000002C5,false,Rx,0,8,00,00,00,00,00,00,00,00,
341000,000002C6,false,Rx,0,8,32,00,7C,01,00,00,00,00,
346000,0000060D,false,Rx,0,8,0D,10,83,B6,09,20,70,00,
356000,00000054,false,Rx,0,8,01,05,EF,00,EC,02,00,00,
357000,00000055,false,Rx,0,8,10,27,00,00,00,00,00,00,
357000,00000056,false,Rx,0,8,10,27,00,00,00,00,00,00,
357000,00000057,false,Rx,0,8,00,00,FE,FF,FE,FF,00,00,
389000,00000625,false,Rx,0,8,25,00,59,86,01,54,5C,06,
447000,0000060D,false,Rx,0,8,0D,10,83,B6,09,20,70,00,
489000,00000625,false,Rx,0,8,25,00,59,86,01,54,5C,06,
546000,0000060D,false,Rx,0,8,0D,10,83,B6,09,20,70,00,
555000,00000054,false,Rx,0,8,01,05,EF,00,EC,02,00,00,
556000,00000055,false,Rx,0,8,10,27,00,00,00,00,00,00,
556000,00000056,false,Rx,0,8,10,27,00,00,00,00,00,00,
556000,00000057,false,Rx,0,8,00,00,FE,FF,FE,FF,00,00,
559000,000002C4,false,Rx,0,8,09,20,00,00,EC,02,00,00,
560000,000002C5,false,Rx,0,8,00,00,00,00,00,00,00,00,
560000,000002C6,false,Rx,0,8,32,00,7C,01,00,00,00,00,
589000,00000625,false,Rx,0,8,25,00,59,86,01,54,5C,06,
646000,0000060D,false,Rx,0,8,0D,10,83,B6,09,20,70,00,
689000,00000625,false,Rx,0,8,25,00,59,86,01,54,5C,06,
746000,0000060D,false,Rx,0,8,0D,10,83,B6,09,20,70,00,
756000,00000054,false,Rx,0,8,01,05,EF,00,EC,02,00,00,
757000,00000055,false,Rx,0,8,10,27,00,00,00,00,00,00,
757000,00000056,false,Rx,0,8,10,27,00,00,00,00,00,00,
757000,00000057,false,Rx,0,8,00,00,FE,FF,FE,FF,00,00,
779000,000002C4,false,Rx,0,8,09,20,00,00,EC,02,00,00,
0,000002C5,false,Rx,0,8,00,00,00,00,00,00,00,00,
0,000002C6,false,Rx,0,8,32,00,7C,01,00,00,00,00,
789000,00000625,false,Rx,0,8,25,00,59,86,01,54,5C,06,
847000,0000060D,false,Rx,0,8,0D,10,83,B6,09,20,70,00,
889000,00000625,false,Rx,0,8,25,00,59,86,01,54,5C,06,
946000,0000060D,false,Rx,0,8,0D,10,83,B6,09,20,70,00,
956000,00000054,false,Rx,0,8,01,05,EF,00,EC,02,00,00,
956000,00000055,false,Rx,0,8,10,27,00,00,00,00,00,00,
957000,00000056,false,Rx,0,8,10,27,00,00,00,00,00,00,
957000,00000057,false,Rx,0,8,00,00,FE,FF,FE,FF,00,00,
989000,00000625,false,Rx,0,8,25,00,59,86,01,54,5C,06,
0,000002C4,false,Rx,0,8,09,20,00,00,EC,02,00,00,
0,000002C5,false,Rx,0,8,00,00,00,00,00,00,00,00,
1000,000002C6,false,Rx,0,8,32,00,7C,01,00,00,00,00,
46000,0000060D,false,Rx,0,8,0D,10,83,B6,09,20,70,00,
89000,00000625,false,Rx,0,8,25,00,59,86,01,54,5C,06,
146000,0000060D,false,Rx,0,8,0D,10,83,B6,09,20,70,00,
0,00000054,false,Rx,0,8,01,05,EF,00,EC,02,00,00,
0,00000055,false,Rx,0,8,10,27,00,00,00,00,00,00,
157000,00000056,false,Rx,0,8,10,27,00,00,00,00,00,00,
158000,00000057,false,Rx,0,8,00,00,FE,FF,FE,FF,00,00,
189000,00000625,false,Rx,0,8,25,00,59,86,01,54,5C,06,
0,000002C4,false,Rx,0,8,09,20,00,00,EC,02,00,00,
0,000002C5,false,Rx,0,8,00,00,00,00,00,00,00,00,
0,000002C6,false,Rx,0,8,32,00,7C,01,00,00,00,00,
246000,0000060D,false,Rx,0,8,0D,10,83,B6,09,20,70,00,
289000,00000625,false,Rx,0,8,25,00,59,86,01,54,5C,06,
346000,0000060D,false,Rx,0,8,0D,10,83,B6,09,20,70,00,
356000,00000054,false,Rx,0,8,01,05,EF,00,EC,02,00,00,
356000,00000055,false,Rx,0,8,10,27,00,00,00,00,00,00,
357000,00000056,false,Rx,0,8,10,27,00,00,00,00,00,00,
357000,00000057,false,Rx,0,8,00,00,FE,FF,FE,FF,00,00,
389000,00000625,false,Rx,0,8,25,00,59,86,01,54,5C,06,
440000,000002C4,false,Rx,0,8,09,20,00,00,EC,02,00,00,
440000,000002C5,false,Rx,0,8,00,00,00,00,00,00,00,00,
440000,000002C6,false,Rx,0,8,32,00,7C,01,00,00,00,00,
446000,0000060D,false,Rx,0,8,0D,10,83,B6,09,20,70,00,
489000,00000625,false,Rx,0,8,25,00,59,86,01,54,5C,06,
547000,0000060D,false,Rx,0,8,0D,10,83,B6,09,20,70,00,
556000,00000054,false,Rx,0,8,01,05,EF,00,EC,02,00,00,
556000,00000055,false,Rx,0,8,10,27,00,00,00,00,00,00,
557000,00000056,false,Rx,0,8,10,27,00,00,00,00,00,00,
557000,00000057,false,Rx,0,8,00,00,FE,FF,FE,FF,00,00,
589000,00000625,false,Rx,0,8,25,00,59,86,01,54,5C,06,
646000,0000060D,false,Rx,0,8,0D,10,83,B6,09,20,70,00,
660000,000002C4,false,Rx,0,8,09,20,00,00,EC,02,00,00,
660000,000002C5,false,Rx,0,8,00,00,00,00,00,00,00,00,
661000,000002C6,false,Rx,0,8,32,00,7C,01,00,00,00,00,
689000,00000625,false,Rx,0,8,25,00,59,86,01,54,5C,06,
746000,0000060D,false,Rx,0,8,0D,10,83,B6,09,20,70,00,
756000,00000054,false,Rx,0,8,01,05,EF,00,EC,02,00,00,
757000,00000055,false,Rx,0,8,10,27,00,00,00,00,00,00,
757000,00000056,false,Rx,0,8,10,27,00,00,00,00,00,00,
757000,00000057,false,Rx,0,8,00,00,FE,FF,FE,FF,00,00,
789000,00000625,false,Rx,0,8,25,00,59,86,01,54,5C,06,
845000,0000060D,false,Rx,0,8,0D,10,83,B6,09,20,70,00,
880000,000002C4,false,Rx,0,8,09,20,00,00,EC,02,00,00,
881000,000002C5,false,Rx,0,8,00,00,00,00,00,00,00,00,
881000,000002C6,false,Rx,0,8,32,00,7C,01,00,00,00,00,
889000,00000625,false,Rx,0,8,25,00,59,86,01,54,5C,06,
946000,0000060D,false,Rx,0,8,0D,10,83,B6,09,20,70,00,
956000,00000054,false,Rx,0,8,01,05,EF,00,EC,02,00,00,
956000,00000055,false,Rx,0,8,10,27,00,00,00,00,00,00,
956000,00000056,false,Rx,0,8,10,27,00,00,00,00,00,00,
957000,00000057,false,Rx,0,8,00,00,FE,FF,FE,FF,00,00,
989000,00000625,false,Rx,0,8,25,00,59,86,01,54,5C,06,
47000,0000060D,false,Rx,0,8,0D,10,83,B6,09,20,70,00,
89000,00000625,false,Rx,0,8,25,00,59,86,01,54,5C,06,
100000,000002C4,false,Rx,0,8,09,20,00,00,EC,02,00,00,
100000,000002C5,false,Rx,0,8,00,00,00,00,00,00,00,00,
100000,000002C6,false,Rx,0,8,32,00,7C,01,00,00,00,00,
147000,0000060D,false,Rx,0,8,0D,10,83,B6,09,20,70,00,
157000,00000054,false,Rx,0,8,01,05,EF,00,EC,02,00,00,
157000,00000055,false,Rx,0,8,10,27,00,00,00,00,00,00,
157000,00000056,false,Rx,0,8,10,27,00,00,00,00,00,00,
159000,00000057,false,Rx,0,8,00,00,FE,FF,FE,FF,00,00,
189000,00000625,false,Rx,0,8,25,00,59,86,01,54,5C,06,
246000,0000060D,false,Rx,0,8,0D,10,83,B6,09,20,70,00,
289000,00000625,false,Rx,0,8,25,00,59,86,01,54,5C,06,
320000,000002C4,false,Rx,0,8,09,20,00,00,EC,02,00,00,
320000,000002C5,false,Rx,0,8,00,00,00,00,00,00,00,00,
321000,000002C6,false,Rx,0,8,32,00,7C,01,00,00,00,00,
346000,0000060D,false,Rx,0,8,0D,10,83,B6,09,20,70,00,
356000,00000054,false,Rx,0,8,01,05,EF,00,EC,02,00,00,
356000,00000055,false,Rx,0,8,10,27,00,00,00,00,00,00,
357000,00000056,false,Rx,0,8,10,27,00,00,00,00,00,00,
358000,00000057,false,Rx,0,8,00,00,FE,FF,FE,FF,00,00,
389000,00000625,false,Rx,0,8,25,00,59,86,01,54,5C,06,
446000,0000060D,false,Rx,0,8,0D,10,83,B6,09,20,70,00,
489000,00000625,false,Rx,0,8,25,00,59,86,01,54,5C,06,
540000,000002C4,false,Rx,0,8,09,20,00,00,EC,02,00,00,
540000,000002C5,false,Rx,0,8,00,00,00,00,00,00,00,00,
540000,000002C6,false,Rx,0,8,32,00,7C,01,00,00,00,00,
547000,0000060D,false,Rx,0,8,0D,10,83,B6,09,20,70,00,
556000,00000054,false,Rx,0,8,01,05,EF,00,EC,02,00,00,
556000,00000055,false,Rx,0,8,10,27,00,00,00,00,00,00,
557000,00000056,false,Rx,0,8,10,27,00,00,00,00,00,00,
557000,00000057,false,Rx,0,8,00,00,FE,FF,FE,FF,00,00,
589000,00000625,false,Rx,0,8,25,00,59,86,01,54,5C,06,
646000,0000060D,false,Rx,0,8,0D,10,83,B6,09,20,70,00,
689000,00000625,false,Rx,0,8,25,00,59,86,01,54,5C,06,
747000,0000060D,false,Rx,0,8,0D,10,83,B6,09,20,70,00,
756000,00000054,false,Rx,0,8,01,05,EF,00,EC,02,00,00,
756000,00000055,false,Rx,0,8,10,27,00,00,00,00,00,00,
756000,00000056,false,Rx,0,8,10,27,00,00,00,00,00,00,
756000,00000057,false,Rx,0,8,00,00,FE,FF,FE,FF,00,00,
760000,000002C4,false,Rx,0,8,09,20,00,00,EC,02,00,00,
760000,000002C5,false,Rx,0,8,00,00,00,00,00,00,00,00,
760000,000002C6,false,Rx,0,8,32,00,7C,01,00,00,00,00,
788000,00000625,false,Rx,0,8,25,00,59,86,01,54,5C,06,
847000,0000060D,false,Rx,0,8,0D,10,83,B6,09,20,70,00,
889000,00000625,false,Rx,0,8,25,00,59,86,01,54,5C,06,
946000,0000060D,false,Rx,0,8,0D,10,83,B6,09,20,70,00,
956000,00000054,false,Rx,0,8,01,05,EF,00,EC,02,00,00,
956000,00000055,false,Rx,0,8,10,27,00,00,00,00,00,00,
957000,00000056,false,Rx,0,8,10,27,00,00,00,00,00,00,
957000,00000057,false,Rx,0,8,00,00,FE,FF,FE,FF,00,00,
980000,000002C4,false,Rx,0,8,09,20,00,00,EC,02,00,00,
980000,000002C5,false,Rx,0,8,00,00,00,00,00,00,00,00,
981000,000002C6,false,Rx,0,8,32,00,7C,01,00,00,00,00,
989000,00000625,false,Rx,0,8,25,00,59,86,01,54,5C,06,
47000,0000060D,false,Rx,0,8,0D,10,83,B6,09,20,70,00,
89000,00000625,false,Rx,0,8,25,00,59,86,01,54,5C,06,
146000,0000060D,false,Rx,0,8,0D,10,83,B6,09,20,70,00,
0,00000054,false,Rx,0,8,01,05,EF,00,EC,02,00,00,
0,00000055,false,Rx,0,8,10,27,00,00,00,00,00,00,
0,00000056,false,Rx,0,8,10,27,00,00,00,00,00,00,
157000,00000057,false,Rx,0,8,00,00,FE,FF,FE,FF,00,00,
189000,00000625,false,Rx,0,8,25,00,59,86,01,54,5C,06,
200000,000002C4,false,Rx,0,8,09,20,00,00,EC,02,00,00,
200000,000002C5,false,Rx,0,8,00,00,00,00,00,00,00,00,
201000,000002C6,false,Rx,0,8,32,00,7C,01,00,00,00,00,
246000,0000060D,false,Rx,0,8,0D,10,83,B6,09,20,70,00,
289000,00000625,false,Rx,0,8,25,00,59,86,01,54,5C,06,
347000,0000060D,false,Rx,0,8,0D,10,83,B6,09,20,70,00,
356000,00000054,false,Rx,0,8,01,05,EF,00,EC,02,00,00,
356000,00000055,false,Rx,0,8,10,27,00,00,00,00,00,00,
357000,00000056,false,Rx,0,8,10,27,00,00,00,00,00,00,
357000,00000057,false,Rx,0,8,00,00,FE,FF,FE,FF,00,00,
389000,00000625,false,Rx,0,8,25,00,59,86,01,54,5C,06,
420000,000002C4,false,Rx,0,8,09,20,00,00,EC,02,00,00,
420000,000002C5,false,Rx,0,8,00,00,00,00,00,00,00,00,
420000,000002C6,false,Rx,0,8,32,00,7C,01,00,00,00,00,
447000,0000060D,false,Rx,0,8,0D,10,83,B6,09,20,70,00,
488000,00000625,false,Rx,0,8,25,00,59,86,01,54,5C,06,
547000,0000060D,false,Rx,0,8,0D,10,83,B6,09,20,70,00,
555000,00000054,false,Rx,0,8,01,05,EF,00,EC,02,00,00,
0,00000055,false,Rx,0,8,10,27,00,00,00,00,00,00,
0,00000056,false,Rx,0,8,10,27,00,00,00,00,00,00,
0,00000057,false,Rx,0,8,00,00,FE,FF,FE,FF,00,00,
589000,00000625,false,Rx,0,8,25,00,59,86,01,54,5C,06,
0,000002C4,false,Rx,0,8,09,20,00,00,EC,02,00,00,
0,000002C5,false,Rx,0,8,00,00,00,00,00,00,00,00,
641000,000002C6,false,Rx,0,8,32,00,7C,01,00,00,00,00,
647000,0000060D,false,Rx,0,8,0D,10,83,B6,09,20,70,00,
689000,00000625,false,Rx,0,8,25,00,59,86,01,54,5C,06,
746000,0000060D,false,Rx,0,8,0D,10,83,B6,09,20,70,00,
756000,00000054,false,Rx,0,8,01,05,EF,00,EC,02,00,00,
756000,00000055,false,Rx,0,8,10,27,00,00,00,00,00,00,
756000,00000056,false,Rx,0,8,10,27,00,00,00,00,00,00,
757000,00000057,false,Rx,0,8,00,00,FE,FF,FE,FF,00,00,
789000,00000625,false,Rx,0,8,25,00,59,86,01,54,5C,06,
847000,0000060D,false,Rx,0,8,0D,10,83,B6,09,20,70,00,
860000,000002C4,false,Rx,0,8,09,20,00,00,EC,02,00,00,
860000,000002C5,false,Rx,0,8,00,00,00,00,00,00,00,00,
860000,000002C6,false,Rx,0,8,32,00,7C,01,00,00,00,00,
889000,00000625,false,Rx,0,8,25,00,59,86,01,54,5C,06,
946000,0000060D,false,Rx,0,8,0D,10,83,B6,09,20,70,00,
0,00000054,false,Rx,0,8,01,05,EF,00,EC,02,00,00,
0,00000055,false,Rx,0,8,10,27,00,00,00,00,00,00,
957000,00000056,false,Rx,0,8,10,27,00,00,00,00,00,00,
957000,00000057,false,Rx,0,8,00,00,FE,FF,FE,FF,00,00,
989000,00000625,false,Rx,0,8,25,00,59,86,01,54,5C,06,
46000,0000060D,false,Rx,0,8,0D,10,83,B6,09,20,70,00,
80000,000002C4,false,Rx,0,8,09,20,00,00,EC,02,00,00,
80000,000002C5,false,Rx,0,8,00,00,00,00,00,00,00,00,
81000,000002C6,false,Rx,0,8,32,00,7C,01,00,00,00,00,
89000,00000625,false,Rx,0,8,25,00,59,86,01,54,5C,06,
147000,0000060D,false,Rx,0,8,0D,10,83,B6,09,20,70,00,
0,00000054,false,Rx,0,8,01,05,EF,00,EC,02,00,00,
0,00000055,false,Rx,0,8,10,27,00,00,00,00,00,00,
157000,00000056,false,Rx,0,8,10,27,00,00,00,00,00,00,
158000,00000057,false,Rx,0,8,00,00,FE,FF,FE,FF,00,00,
189000,00000625,false,Rx,0,8,25,00,59,86,01,54,5C,06,
246000,0000060D,false,Rx,0,8,0D,10,83,B6,09,20,70,00,
289000,00000625,false,Rx,0,8,25,00,59,86,01,54,5C,06,
300000,000002C4,false,Rx,0,8,09,20,00,00,EC,02,00,00,
300000,000002C5,false,Rx,0,8,00,00,00,00,00,00,00,00,
300000,000002C6,false,Rx,0,8,32,00,7C,01,00,00,00,00,
346000,0000060D,false,Rx,0,8,0D,10,83,B6,09,20,70,00,
356000,00000054,false,Rx,0,8,01,05,EF,00,EC,02,00,00,
357000,00000055,false,Rx,0,8,10,27,00,00,00,00,00,00,
357000,00000056,false,Rx,0,8,10,27,00,00,00,00,00,00,
357000,00000057,false,Rx,0,8,00,00,FE,FF,FE,FF,00,00,
388000,00000625,false,Rx,0,8,25,00,59,86,01,54,5C,06,
447000,0000060D,false,Rx,0,8,0D,10,83,B6,09,20,70,00,
489000,00000625,false,Rx,0,8,25,00,59,86,01,54,5C,06,
0,000002C4,false,Rx,0,8,09,20,00,00,EC,02,00,00,
0,000002C5,false,Rx,0,8,00,00,00,00,00,00,00,00,
521000,000002C6,false,Rx,0,8,32,00,7C,01,00,00,00,00,
547000,0000060D,false,Rx,0,8,0D,10,83,B6,09,20,70,00,
556000,00000054,false,Rx,0,8,01,05,EF,00,EC,02,00,00,
0,00000055,false,Rx,0,8,10,27,00,00,00,00,00,00,
0,00000056,false,Rx,0,8,10,27,00,00,00,00,00,00,
556000,00000057,false,Rx,0,8,00,00,FE,FF,FE,FF,00,00,
589000,00000625,false,Rx,0,8,25,00,59,86,01,54,5C,06,
647000,0000060D,false,Rx,0,8,0D,10,83,B6,09,20,70,00,
689000,00000625,false,Rx,0,8,25,00,59,86,01,54,5C,06,
740000,000002C4,false,Rx,0,8,09,20,00,00,EC,02,00,00,
740000,000002C5,false,Rx,0,8,00,00,00,00,00,00,00,00,
740000,000002C6,false,Rx,0,8,32,00,7C,01,00,00,00,00,
746000,0000060D,false,Rx,0,8,0D,10,83,B6,09,20,70,00,
756000,00000054,false,Rx,0,8,01,05,EF,00,EC,02,00,00,
756000,00000055,false,Rx,0,8,10,27,00,00,00,00,00,00,
757000,00000056,false,Rx,0,8,10,27,00,00,00,00,00,00,
757000,00000057,false,Rx,0,8,00,00,FE,FF,FE,FF,00,00,
789000,00000625,false,Rx,0,8,25,00,59,86,01,54,5C,06,
847000,0000060D,false,Rx,0,8,0D,10,83,B6,09,20,70,00,
889000,00000625,false,Rx,0,8,25,00,59,86,01,54,5C,06,
947000,0000060D,false,Rx,0,8,0D,10,83,B6,09,20,70,00,
956000,00000054,false,Rx,0,8,01,05,EF,00,EC,02,00,00,
0,00000055,false,Rx,0,8,10,27,00,00,00,00,00,00,
0,00000056,false,Rx,0,8,10,27,00,00,00,00,00,00,
956000,00000057,false,Rx,0,8,00,00,FE,FF,FE,FF,00,00,
960000,000002C4,false,Rx,0,8,09,20,00,00,EC,02,00,00,
961000,000002C5,false,Rx,0,8,00,00,00,00,00,00,00,00,
961000,000002C6,false,Rx,0,8,32,00,7C,01,00,00,00,00,
989000,00000625,false,Rx,0,8,25,00,59,86,01,54,5C,06,
47000,0000060D,false,Rx,0,8,0D,10,83,B6,09,20,70,00,
89000,00000625,false,Rx,0,8,25,00,59,86,01,54,5C,06,
146000,0000060D,false,Rx,0,8,0D,10,83,B6,09,20,70,00,
0,00000054,false,Rx,0,8,01,05,EF,00,EC,02,00,00,
0,00000055,false,Rx,0,8,10,27,00,00,00,00,00,00,
157000,00000056,false,Rx,0,8,10,27,00,00,00,00,00,00,
157000,00000057,false,Rx,0,8,00,00,FE,FF,FE,FF,00,00,
180000,000002C4,false,Rx,0,8,09,20,00,00,EC,02,00,00,
180000,000002C5,false,Rx,0,8,00,00,00,00,00,00,00,00,
181000,000002C6,false,Rx,0,8,32,00,7C,01,00,00,00,00,
189000,00000625,false,Rx,0,8,25,00,59,86,01,54,5C,06,
247000,0000060D,false,Rx,0,8,0D,10,83,B6,09,20,70,00,
289000,00000625,false,Rx,0,8,25,00,59,86,01,54,5C,06,
347000,0000060D,false,Rx,0,8,0D,10,83,B6,09,20,70,00,
356000,00000054,false,Rx,0,8,01,05,EF,00,EC,02,00,00,
356000,00000055,false,Rx,0,8,10,27,00,00,00,00,00,00,
356000,00000056,false,Rx,0,8,10,27,00,00,00,00,00,00,
357000,00000057,false,Rx,0,8,00,00,FE,FF,FE,FF,00,00,
389000,00000625,false,Rx,0,8,25,00,59,86,01,54,5C,06,
400000,000002C4,false,Rx,0,8,09,20,00,00,EC,02,00,00,
400000,000002C5,false,Rx,0,8,00,00,00,00,00,00,00,00,
401000,000002C6,false,Rx,0,8,32,00,7C,01,00,00,00,00,
447000,0000060D,false,Rx,0,8,0D,10,83,B6,09,20,70,00,
488000,00000625,false,Rx,0,8,25,00,59,86,01,54,5C,06,
547000,0000060D,false,Rx,0,8,0D,10,83,B6,09,20,70,00,
556000,00000054,false,Rx,0,8,01,05,EF,00,EC,02,00,00,
556000,00000055,false,Rx,0,8,10,27,00,00,00,00,00,00,
557000,00000056,false,Rx,0,8,10,27,00,00,00,00,00,00,
557000,00000057,false,Rx,0,8,00,00,FE,FF,FE,FF,00,00,
589000,00000625,false,Rx,0,8,25,00,59,86,01,54,5C,06,
0,000002C4,false,Rx,0,8,09,20,00,00,EC,02,00,00,
0,000002C5,false,Rx,0,8,00,00,00,00,00,00,00,00,
620000,000002C6,false,Rx,0,8,32,00,7C,01,00,00,00,00,
646000,0000060D,false,Rx,0,8,0D,10,83,B6,09,20,70,00,
689000,00000625,false,Rx,0,8,25,00,59,86,01,54,5C,06,
746000,0000060D,false,Rx,0,8,0D,10,83,B6,09,20,70,00,
756000,00000054,false,Rx,0,8,01,05,EF,00,EC,02,00,00,
756000,00000055,false,Rx,0,8,10,27,00,00,00,00,00,00,
756000,00000056,false,Rx,0,8,10,27,00,00,00,00,00,00,
757000,00000057,false,Rx,0,8,00,00,FE,FF,FE,FF,00,00,
788000,00000625,false,Rx,0,8,25,00,59,86,01,54,5C,06,
840000,000002C4,false,Rx,0,8,09,20,00,00,EC,02,00,00,
840000,000002C5,false,Rx,0,8,00,00,00,00,00,00,00,00,
841000,000002C6,false,Rx,0,8,32,00,7C,01,00,00,00,00,
847000,0000060D,false,Rx,0,8,0D,10,83,B6,09,20,70,00,
889000,00000625,false,Rx,0,8,25,00,59,86,01,54,5C,06,
946000,0000060D,false,Rx,0,8,0D,10,83,B6,09,20,70,00,
956000,00000054,false,Rx,0,8,01,05,EF,00,EC,02,00,00,
956000,00000055,false,Rx,0,8,10,27,00,00,00,00,00,00,
957000,00000056,false,Rx,0,8,10,27,00,00,00,00,00,00,
957000,00000057,false,Rx,0,8,00,00,FE,FF,FE,FF,00,00,
988000,00000625,false,Rx,0,8,25,00,59,86,01,54,5C,06,
47000,0000060D,false,Rx,0,8,0D,10,83,B6,09,20,70,00,
60000,000002C4,false,Rx,0,8,09,20,00,00,EC,02,00,00,
60000,000002C5,false,Rx,0,8,00,00,00,00,00,00,00,00,
60000,000002C6,false,Rx,0,8,32,00,7C,01,00,00,00,00,
89000,00000625,false,Rx,0,8,25,00,59,86,01,54,5C,06,
146000,0000060D,false,Rx,0,8,0D,10,83,B6,09,20,70,00,
0,00000054,false,Rx,0,8,01,05,EF,00,EC,02,00,00,
0,00000055,false,Rx,0,8,10,27,00,00,00,00,00,00,
0,00000056,false,Rx,0,8,10,27,00,00,00,00,00,00,
157000,00000057,false,Rx,0,8,00,00,FE,FF,FE,FF,00,00,
189000,00000625,false,Rx,0,8,25,00,59,86,01,54,5C,06,
246000,0000060D,false,Rx,0,8,0D,10,83,B6,09,20,70,00,
280000,000002C4,false,Rx,0,8,09,20,00,00,EC,02,00,00,
280000,000002C5,false,Rx,0,8,00,00,00,00,00,00,00,00,
281000,000002C6,false,Rx,0,8,32,00,7C,01,00,00,00,00,
290000,00000625,false,Rx,0,8,25,00,59,86,01,54,5C,06,
346000,0000060D,false,Rx,0,8,0D,10,83,B6,09,20,70,00,
356000,00000054,false,Rx,0,8,01,05,EF,00,EC,02,00,00,
356000,00000055,false,Rx,0,8,10,27,00,00,00,00,00,00,
357000,00000056,false,Rx,0,8,10,27,00,00,00,00,00,00,
357000,00000057,false,Rx,0,8,00,00,FE,FF,FE,FF,00,00,
389000,00000625,false,Rx,0,8,25,00,59,86,01,54,5C,06,
447000,0000060D,false,Rx,0,8,0D,10,83,B6,09,20,70,00,
489000,00000625,false,Rx,0,8,25,00,59,86,01,54,5C,06,
500000,000002C4,false,Rx,0,8,09,20,00,00,EC,02,00,00,
500000,000002C5,false,Rx,0,8,00,00,00,00,00,00,00,00,
501000,000002C6,false,Rx,0,8,32,00,7C,01,00,00,00,00,
547000,0000060D,false,Rx,0,8,0D,10,83,B6,09,20,70,00,
556000,00000054,false,Rx,0,8,01,05,EF,00,EC,02,00,00,
557000,00000055,false,Rx,0,8,10,27,00,00,00,00,00,00,
0,00000056,false,Rx,0,8,10,27,00,00,00,00,00,00,
0,00000057,false,Rx,0,8,00,00,FE,FF,FE,FF,00,00,
589000,00000625,false,Rx,0,8,25,00,59,86,01,54,5C,06,
647000,0000060D,false,Rx,0,8,0D,10,83,B6,09,20,70,00,
689000,00000625,false,Rx,0,8,25,00,59,86,01,54,5C,06,
0,000002C4,false,Rx,0,8,09,20,00,00,EC,02,00,00,
0,000002C5,false,Rx,0,8,00,00,00,00,00,00,00,00,
721000,000002C6,false,Rx,0,8,32,00,7C,01,00,00,00,00,
746000,0000060D,false,Rx,0,8,0D,10,83,B6,09,20,70,00,
756000,00000054,false,Rx,0,8,01,05,EF,00,EC,02,00,00,
756000,00000055,false,Rx,0,8,10,27,00,00,00,00,00,00,
0,00000056,false,Rx,0,8,10,27,00,00,00,00,00,00,
0,00000057,false,Rx,0,8,00,00,FE,FF,FE,FF,00,00,
789000,00000625,false,Rx,0,8,25,00,59,86,01,54,5C,06,
847000,0000060D,false,Rx,0,8,0D,10,83,B6,09,20,70,00,
889000,00000625,false,Rx,0,8,25,00,59,86,01,54,5C,06,
940000,000002C4,false,Rx,0,8,09,20,00,00,EC,02,00,00,
941000,000002C5,false,Rx,0,8,00,00,00,00,00,00,00,00,
941000,000002C6,false,Rx,0,8,32,00,7C,01,00,00,00,00,
946000,0000060D,false,Rx,0,8,0D,10,83,B6,09,20,70,00,
955000,00000054,false,Rx,0,8,01,05,EF,00,EC,02,00,00,
957000,00000055,false,Rx,0,8,10,27,00,00,00,00,00,00,
957000,00000056,false,Rx,0,8,10,27,00,00,00,00,00,00,
957000,00000057,false,Rx,0,8,00,00,FE,FF,FE,FF,00,00,
989000,00000625,false,Rx,0,8,25,00,59,86,01,54,5C,06,
47000,0000060D,false,Rx,0,8,0D,10,83,B6,09,20,70,00,
89000,00000625,false,Rx,0,8,25,00,59,86,01,54,5C,06,
146000,0000060D,false,Rx,0,8,0D,10,83,B6,09,20,70,00,
0,00000054,false,Rx,0,8,01,05,EF,00,EC,02,00,00,
0,00000055,false,Rx,0,8,10,27,00,00,00,00,00,00,
0,00000056,false,Rx,0,8,10,27,00,00,00,00,00,00,
158000,00000057,false,Rx,0,8,00,00,FE,FF,FE,FF,00,00,
160000,000002C4,false,Rx,0,8,09,20,00,00,EC,02,00,00,
161000,000002C5,false,Rx,0,8,00,00,00,00,00,00,00,00,
161000,000002C6,false,Rx,0,8,32,00,7C,01,00,00,00,00,
189000,00000625,false,Rx,0,8,25,00,59,86,01,54,5C,06,
246000,0000060D,false,Rx,0,8,0D,10,83,B6,09,20,70,00,
289000,00000625,false,Rx,0,8,25,00,59,86,01,54,5C,06,
346000,0000060D,false,Rx,0,8,0D,10,83,B6,09,20,70,00,
356000,00000054,false,Rx,0,8,01,05,EF,00,EC,02,00,00,
357000,00000055,false,Rx,0,8,10,27,00,00,00,00,00,00,
357000,00000056,false,Rx,0,8,10,27,00,00,00,00,00,00,
357000,00000057,false,Rx,0,8,00,00,FE,FF,FE,FF,00,00,
380000,000002C4,false,Rx,0,8,09,20,00,00,EC,02,00,00,
380000,000002C5,false,Rx,0,8,00,00,00,00,00,00,00,00,
381000,000002C6,false,Rx,0,8,32,00,7C,01,00,00,00,00,
389000,00000625,false,Rx,0,8,25,00,59,86,01,54,5C,06,
446000,0000060D,false,Rx,0,8,0D,10,83,B6,09,20,70,00,
488000,00000625,false,Rx,0,8,25,00,59,86,01,54,5C,06,
547000,0000060D,false,Rx,0,8,0D,10,83,B6,09,20,70,00,
556000,00000054,false,Rx,0,8,01,05,EF,00,EC,02,00,00,
556000,00000055,false,Rx,0,8,10,27,00,00,00,00,00,00,
557000,00000056,false,Rx,0,8,10,27,00,00,00,00,00,00,
557000,00000057,false,Rx,0,8,00,00,FE,FF,FE,FF,00,00,
589000,00000625,false,Rx,0,8,25,00,59,86,01,54,5C,06,
600000,000002C4,false,Rx,0,8,09,20,00,00,EC,02,00,00,
600000,000002C5,false,Rx,0,8,00,00,00,00,00,00,00,00,
601000,000002C6,false,Rx,0,8,32,00,7C,01,00,00,00,00,
646000,0000060D,false,Rx,0,8,0D,10,83,B6,09,20,70,00,
689000,00000625,false,Rx,0,8,25,00,59,86,01,54,5C,06,
747000,0000060D,false,Rx,0,8,0D,10,83,B6,09,20,70,00,
0,00000054,false,Rx,0,8,01,05,EF,00,EC,02,00,00,
0,00000055,false,Rx,0,8,10,27,00,00,00,00,00,00,
757000,00000056,false,Rx,0,8,10,27,00,00,00,00,00,00,
757000,00000057,false,Rx,0,8,00,00,FE,FF,FE,FF,00,00,
789000,00000625,false,Rx,0,8,25,00,59,86,01,54,5C,06,
820000,000002C4,false,Rx,0,8,09,20,00,00,EC,02,00,00,
820000,000002C5,false,Rx,0,8,00,00,00,00,00,00,00,00,
820000,000002C6,false,Rx,0,8,32,00,7C,01,00,00,00,00,
846000,0000060D,false,Rx,0,8,0D,10,83,B6,09,20,70,00,
889000,00000625,false,Rx,0,8,25,00,59,86,01,54,5C,06,
947000,0000060D,false,Rx,0,8,0D,10,83,B6,09,20,70,00,
956000,00000054,false,Rx,0,8,01,05,EF,00,EC,02,00,00,
957000,00000055,false,Rx,0,8,10,27,00,00,00,00,00,00,
957000,00000056,false,Rx,0,8,10,27,00,00,00,00,00,00,
957000,00000057,false,Rx,0,8,00,00,FE,FF,FE,FF,00,00,
989000,00000625,false,Rx,0,8,25,00,59,86,01,54,5C,06,
41000,000002C4,false,Rx,0,8,09,20,00,00,EC,02,00,00,
41000,000002C5,false,Rx,0,8,00,00,00,00,00,00,00,00,
41000,000002C6,false,Rx,0,8,32,00,7C,01,00,00,00,00,
47000,0000060D,false,Rx,0,8,0D,10,83,B6,09,20,70,00,
89000,00000625,false,Rx,0,8,25,00,59,86,01,54,5C,06,
146000,0000060D,false,Rx,0,8,0D,10,83,B6,09,20,70,00,
0,00000054,false,Rx,0,8,01,05,EF,00,EC,02,00,00,
0,00000055,false,Rx,0,8,10,27,00,00,00,00,00,00,
156000,00000056,false,Rx,0,8,10,27,00,00,00,00,00,00,
158000,00000057,false,Rx,0,8,00,00,FE,FF,FE,FF,00,00,
189000,00000625,false,Rx,0,8,25,00,59,86,01,54,5C,06,
246000,0000060D,false,Rx,0,8,0D,10,83,B6,09,20,70,00,
260000,000002C4,false,Rx,0,8,09,20,00,00,EC,02,00,00,
260000,000002C5,false,Rx,0,8,00,00,00,00,00,00,00,00,
262000,000002C6,false,Rx,0,8,32,00,7C,01,00,00,00,00,
289000,00000625,false,Rx,0,8,25,00,59,86,01,54,5C,06,
346000,0000060D,false,Rx,0,8,0D,10,83,B6,09,20,70,00,
357000,00000054,false,Rx,0,8,01,05,EF,00,EC,02,00,00,
0,00000055,false,Rx,0,8,10,27,00,00,00,00,00,00,
0,00000056,false,Rx,0,8,10,27,00,00,00,00,00,00,
357000,00000057,false,Rx,0,8,00,00,FE,FF,FE,FF,00,00,
389000,00000625,false,Rx,0,8,25,00,59,86,01,54,5C,06,
447000,0000060D,false,Rx,0,8,0D,10,83,B6,09,20,70,00,
0,000002C4,false,Rx,0,8,09,20,00,00,EC,02,00,00,
0,000002C5,false,Rx,0,8,00,00,00,00,00,00,00,00,
480000,000002C6,false,Rx,0,8,32,00,7C,01,00,00,00,00,
489000,00000625,false,Rx,0,8,25,00,59,86,01,54,5C,06,
547000,0000060D,false,Rx,0,8,0D,10,83,B6,09,20,70,00,
556000,00000054,false,Rx,0,8,01,05,EF,00,EC,02,00,00,
0,00000055,false,Rx,0,8,10,27,00,00,00,00,00,00,
0,00000056,false,Rx,0,8,10,27,00,00,00,00,00,00,
557000,00000057,false,Rx,0,8,00,00,FE,FF,FE,FF,00,00,
589000,00000625,false,Rx,0,8,25,00,59,86,01,54,5C,06,
646000,0000060D,false,Rx,0,8,0D,10,83,B6,09,20,70,00,
689000,00000625,false,Rx,0,8,25,00,59,86,01,54,5C,06,
700000,000002C4,false,Rx,0,8,09,20,00,00,EC,02,00,00,
701000,000002C5,false,Rx,0,8,00,00,00,00,00,00,00,00,
701000,000002C6,false,Rx,0,8,32,00,7C,01,00,00,00,00,
746000,0000060D,false,Rx,0,8,0D,10,83,B6,09,20,70,00,
756000,00000054,false,Rx,0,8,01,05,EF,00,EC,02,00,00,
757000,00000055,false,Rx,0,8,10,27,00,00,00,00,00,00,
0,00000056,false,Rx,0,8,10,27,00,00,00,00,00,00,
0,00000057,false,Rx,0,8,00,00,FE,FF,FE,FF,00,00,
789000,00000625,false,Rx,0,8,25,00,59,86,01,54,5C,06,
847000,0000060D,false,Rx,0,8,0D,10,83,B6,09,20,70,00,
889000,00000625,false,Rx,0,8,25,00,59,86,01,54,5C,06,
920000,000002C4,false,Rx,0,8,09,20,00,00,EC,02,00,00,
921000,000002C5,false,Rx,0,8,00,00,00,00,00,00,00,00,
921000,000002C6,false,Rx,0,8,32,00,7C,01,00,00,00,00,
946000,0000060D,false,Rx,0,8,0D,10,83,B6,09,20,70,00,
956000,00000054,false,Rx,0,8,01,05,EF,00,EC,02,00,00,
956000,00000055,false,Rx,0,8,10,27,00,00,00,00,00,00,
956000,00000056,false,Rx,0,8,10,27,00,00,00,00,00,00,
957000,00000057,false,Rx,0,8,00,00,FE,FF,FE,FF,00,00,
989000,00000625,false,Rx,0,8,25,00,59,86,01,54,5C,06,
47000,0000060D,false,Rx,0,8,0D,10,83,B6,09,20,70,00,
89000,00000625,false,Rx,0,8,25,00,59,86,01,54,5C,06,
0,000002C4,false,Rx,0,8,09,20,00,00,EC,02,00,00,
0,000002C5,false,Rx,0,8,00,00,00,00,00,00,00,00,
0,000002C6,false,Rx,0,8,32,00,7C,01,00,00,00,00,
146000,0000060D,false,Rx,0,8,0D,10,83,B6,09,20,70,00,
0,00000054,false,Rx,0,8,01,05,EF,00,EC,02,00,00,
0,00000055,false,Rx,0,8,10,27,00,00,00,00,00,00,
0,00000056,false,Rx,0,8,10,27,00,00,00,00,00,00,
0,00000057,false,Rx,0,8,00,00,FE,FF,FE,FF,00,00,
190000,00000625,false,Rx,0,8,25,00,59,86,01,54,5C,06,
246000,0000060D,false,Rx,0,8,0D,10,83,B6,09,20,70,00,
289000,00000625,false,Rx,0,8,25,00,59,86,01,54,5C,06,
347000,0000060D,false,Rx,0,8,0D,10,83,B6,09,20,70,00,
356000,00000054,false,Rx,0,8,01,05,EF,00,EC,02,00,00,
356000,00000055,false,Rx,0,8,10,27,00,00,00,00,00,00,
357000,00000056,false,Rx,0,8,10,27,00,00,00,00,00,00,
357000,00000057,false,Rx,0,8,00,00,FE,FF,FE,FF,00,00,
0,000002C4,false,Rx,0,8,09,20,00,00,EC,02,00,00,
0,000002C5,false,Rx,0,8,00,00,00,00,00,00,00,00,
360000,000002C6,false,Rx,0,8,32,00,7C,01,00,00,00,00,
389000,00000625,false,Rx,0,8,25,00,59,86,01,54,5C,06,
447000,0000060D,false,Rx,0,8,0D,10,83,B6,09,20,70,00,
489000,00000625,false,Rx,0,8,25,00,59,86,01,54,5C,06,
547000,0000060D,false,Rx,0,8,0D,10,83,B6,09,20,70,00,
556000,00000054,false,Rx,0,8,01,05,EF,00,EC,02,00,00,
556000,00000055,false,Rx,0,8,10,27,00,00,00,00,00,00,
556000,00000056,false,Rx,0,8,10,27,00,00,00,00,00,00,
556000,00000057,false,Rx,0,8,00,00,FE,FF,FE,FF,00,00,
580000,000002C4,false,Rx,0,8,09,20,00,00,EC,02,00,00,
580000,000002C5,false,Rx,0,8,00,00,00,00,00,00,00,00,
581000,000002C6,false,Rx,0,8,32,00,7C,01,00,00,00,00,
589000,00000625,false,Rx,0,8,25,00,59,86,01,54,5C,06,
646000,0000060D,false,Rx,0,8,0D,10,83,B6,09,20,70,00,
689000,00000625,false,Rx,0,8,25,00,59,86,01,54,5C,06,
746000,0000060D,false,Rx,0,8,0D,10,83,B6,09,20,70,00,
756000,00000054,false,Rx,0,8,01,05,EF,00,EC,02,00,00,
756000,00000055,false,Rx,0,8,10,27,00,00,00,00,00,00,
757000,00000056,false,Rx,0,8,10,27,00,00,00,00,00,00,
757000,00000057,false,Rx,0,8,00,00,FE,FF,FE,FF,00,00,
789000,00000625,false,Rx,0,8,25,00,59,86,01,54,5C,06,
800000,000002C4,false,Rx,0,8,09,20,00,00,EC,02,00,00,
800000,000002C5,false,Rx,0,8,00,00,00,00,00,00,00,00,
801000,000002C6,false,Rx,0,8,32,00,7C,01,00,00,00,00,
846000,0000060D,false,Rx,0,8,0D,10,83,B6,09,20,70,00,
889000,00000625,false,Rx,0,8,25,00,59,86,01,54,5C,06,
946000,0000060D,false,Rx,0,8,0D,10,83,B6,09,20,70,00,
956000,00000054,false,Rx,0,8,01,05,EF,00,EC,02,00,00,
957000,00000055,false,Rx,0,8,10,27,00,00,00,00,00,00,
957000,00000056,false,Rx,0,8,10,27,00,00,00,00,00,00,
957000,00000057,false,Rx,0,8,00,00,FE,FF,FE,FF,00,00,
989000,00000625,false,Rx,0,8,25,00,59,86,01,54,5C,06,
20000,000002C4,false,Rx,0,8,09,20,00,00,EC,02,00,00,
20000,000002C5,false,Rx,0,8,00,00,00,00,00,00,00,00,
21000,000002C6,false,Rx,0,8,32,00,7C,01,00,00,00,00,
47000,0000060D,false,Rx,0,8,0D,10,83,B6,09,20,70,00,
89000,00000625,false,Rx,0,8,25,00,59,86,01,54,5C,06,
146000,0000060D,false,Rx,0,8,0D,10,83,B6,09,20,70,00,
0,00000054,false,Rx,0,8,01,05,EF,00,EC,02,00,00,
0,00000055,false,Rx,0,8,10,27,00,00,00,00,00,00,
0,00000056,false,Rx,0,8,10,27,00,00,00,00,00,00,
0,00000057,false,Rx,0,8,00,00,FE,FF,FE,FF,00,00,
189000,00000625,false,Rx,0,8,25,00,59,86,01,54,5C,06,
241000,000002C4,false,Rx,0,8,09,20,00,00,EC,02,00,00,
241000,000002C5,false,Rx,0,8,00,00,00,00,00,00,00,00,
241000,000002C6,false,Rx,0,8,32,00,7C,01,00,00,00,00,
247000,0000060D,false,Rx,0,8,0D,10,83,B6,09,20,70,00,
289000,00000625,false,Rx,0,8,25,00,59,86,01,54,5C,06,
347000,0000060D,false,Rx,0,8,0D,10,83,B6,09,20,70,00,
356000,00000054,false,Rx,0,8,01,05,EF,00,EC,02,00,00,
356000,00000055,false,Rx,0,8,10,27,00,00,00,00,00,00,
356000,00000056,false,Rx,0,8,10,27,00,00,00,00,00,00,
357000,00000057,false,Rx,0,8,00,00,FE,FF,FE,FF,00,00,
389000,00000625,false,Rx,0,8,25,00,59,86,01,54,5C,06,
446000,0000060D,false,Rx,0,8,0D,10,83,B6,09,20,70,00,
460000,000002C4,false,Rx,0,8,09,20,00,00,EC,02,00,00,
460000,000002C5,false,Rx,0,8,00,00,00,00,00,00,00,00,
460000,000002C6,false,Rx,0,8,32,00,7C,01,00,00,00,00,
489000,00000625,false,Rx,0,8,25,00,59,86,01,54,5C,06,
547000,0000060D,false,Rx,0,8,0D,10,83,B6,09,20,70,00,
556000,00000054,false,Rx,0,8,01,05,EF,00,EC,02,00,00,
556000,00000055,false,Rx,0,8,10,27,00,00,00,00,00,00,
556000,00000056,false,Rx,0,8,10,27,00,00,00,00,00,00,
557000,00000057,false,Rx,0,8,00,00,FE,FF,FE,FF,00,00,
589000,00000625,false,Rx,0,8,25,00,59,86,01,54,5C,06,
647000,0000060D,false,Rx,0,8,0D,10,83,B6,09,20,70,00,
681000,000002C4,false,Rx,0,8,09,20,00,00,EC,02,00,00,
681000,000002C5,false,Rx,0,8,00,00,00,00,00,00,00,00,
681000,000002C6,false,Rx,0,8,32,00,7C,01,00,00,00,00,
689000,00000625,false,Rx,0,8,25,00,59,86,01,54,5C,06,
747000,0000060D,false,Rx,0,8,0D,10,83,B6,09,20,70,00,
756000,00000054,false,Rx,0,8,01,05,EF,00,EC,02,00,00,
756000,00000055,false,Rx,0,8,10,27,00,00,00,00,00,00,
757000,00000056,false,Rx,0,8,10,27,00,00,00,00,00,00,
757000,00000057,false,Rx,0,8,00,00,FE,FF,FE,FF,00,00,
789000,00000625,false,Rx,0,8,25,00,59,86,01,54,5C,06,
846000,0000060D,false,Rx,0,8,0D,10,83,B6,09,20,70,00,
889000,00000625,false,Rx,0,8,25,00,59,86,01,54,5C,06,
900000,000002C4,false,Rx,0,8,09,20,00,00,EC,02,00,00,
900000,000002C5,false,Rx,0,8,00,00,00,00,00,00,00,00,
901000,000002C6,false,Rx,0,8,32,00,7C,01,00,00,00,00,
945000,0000060D,false,Rx,0,8,0D,10,83,B6,09,20,70,00,
956000,00000054,false,Rx,0,8,01,05,EF,00,EC,02,00,00,
956000,00000055,false,Rx,0,8,10,27,00,00,00,00,00,00,
957000,00000056,false,Rx,0,8,10,27,00,00,00,00,00,00,
957000,00000057,false,Rx,0,8,00,00,FE,FF,FE,FF,00,00,
989000,00000625,false,Rx,0,8,25,00,59,86,01,54,5C,06,
47000,0000060D,false,Rx,0,8,0D,10,83,B6,09,20,70,00,
90000,00000625,false,Rx,0,8,25,00,59,86,01,54,5C,06,
120000,000002C4,false,Rx,0,8,09,20,00,00,EC,02,00,00,
120000,000002C5,false,Rx,0,8,00,00,00,00,00,00,00,00,
121000,000002C6,false,Rx,0,8,32,00,7C,01,00,00,00,00,
147000,0000060D,false,Rx,0,8,0D,10,83,B6,09,20,70,00,
0,00000054,false,Rx,0,8,01,05,EF,00,EC,02,00,00,
0,00000055,false,Rx,0,8,10,27,00,00,00,00,00,00,
0,00000056,false,Rx,0,8,10,27,00,00,00,00,00,00,
157000,00000057,false,Rx,0,8,00,00,FE,FF,FE,FF,00,00,
189000,00000625,false,Rx,0,8,25,00,59,86,01,54,5C,06,
246000,0000060D,false,Rx,0,8,0D,10,83,B6,09,20,70,00,
289000,00000625,false,Rx,0,8,25,00,59,86,01,54,5C,06,
340000,000002C4,false,Rx,0,8,09,20,00,00,EC,02,00,00,
341000,000002C5,false,Rx,0,8,00,00,00,00,00,00,00,00,
341000,000002C6,false,Rx,0,8,32,00,7C,01,00,00,00,00,
346000,0000060D,false,Rx,0,8,0D,10,83,B6,09,20,70,00,
355000,00000054,false,Rx,0,8,01,05,EF,00,EC,02,00,00,
356000,00000055,false,Rx,0,8,10,27,00,00,00,00,00,00,
356000,00000056,false,Rx,0,8,10,27,00,00,00,00,00,00,
356000,00000057,false,Rx,0,8,00,00,FE,FF,FE,FF,00,00,
389000,00000625,false,Rx,0,8,25,00,59,86,01,54,5C,06,
447000,0000060D,false,Rx,0,8,0D,10,83,B6,09,20,70,00,
489000,00000625,false,Rx,0,8,25,00,59,86,01,54,5C,06,
546000,0000060D,false,Rx,0,8,0D,10,83,B6,09,20,70,00,
556000,00000054,false,Rx,0,8,01,05,EF,00,EC,02,00,00,
557000,00000055,false,Rx,0,8,10,27,00,00,00,00,00,00,
557000,00000056,false,Rx,0,8,10,27,00,00,00,00,00,00,
558000,00000057,false,Rx,0,8,00,00,FE,FF,FE,FF,00,00,
560000,000002C4,false,Rx,0,8,09,20,00,00,EC,02,00,00,
560000,000002C5,false,Rx,0,8,00,00,00,00,00,00,00,00,
560000,000002C6,false,Rx,0,8,32,00,7C,01,00,00,00,00,
589000,00000625,false,Rx,0,8,25,00,59,86,01,54,5C,06,
647000,0000060D,false,Rx,0,8,0D,10,83,B6,09,20,70,00,
689000,00000625,false,Rx,0,8,25,00,59,86,01,54,5C,06,
746000,0000060D,false,Rx,0,8,0D,10,83,B6,09,20,70,00,
756000,00000054,false,Rx,0,8,01,05,EF,00,EC,02,00,00,
756000,00000055,false,Rx,0,8,10,27,00,00,00,00,00,00,
757000,00000056,false,Rx,0,8,10,27,00,00,00,00,00,00,
757000,00000057,false,Rx,0,8,00,00,FE,FF,FE,FF,00,00,
780000,000002C4,false,Rx,0,8,09,20,00,00,EC,02,00,00,
781000,000002C5,false,Rx,0,8,00,00,00,00,00,00,00,00,
781000,000002C6,false,Rx,0,8,32,00,7C,01,00,00,00,00,
788000,00000625,false,Rx,0,8,25,00,59,86,01,54,5C,06,
847000,0000060D,false,Rx,0,8,0D,10,83,B6,09,20,70,00,
889000,00000625,false,Rx,0,8,25,00,59,86,01,54,5C,06,
946000,0000060D,false,Rx,0,8,0D,10,83,B6,09,20,70,00,
956000,00000054,false,Rx,0,8,01,05,EF,00,EC,02,00,00,
956000,00000055,false,Rx,0,8,10,27,00,00,00,00,00,00,
957000,00000056,false,Rx,0,8,10,27,00,00,00,00,00,00,
957000,00000057,false,Rx,0,8,00,00,FE,FF,FE,FF,00,00,
989000,00000625,false,Rx,0,8,25,00,59,86,01,54,5C,06,
1000,000002C4,false,Rx,0,8,09,20,00,00,EC,02,00,00,
1000,000002C5,false,Rx,0,8,00,00,00,00,00,00,00,00,
1000,000002C6,false,Rx,0,8,32,00,7C,01,00,00,00,00,
46000,0000060D,false,Rx,0,8,0D,10,83,B6,09,20,70,00,
89000,00000625,false,Rx,0,8,25,00,59,86,01,54,5C,06,
146000,0000060D,false,Rx,0,8,0D,10,83,B6,09,20,70,00,
0,00000054,false,Rx,0,8,01,05,EF,00,EC,02,00,00,
0,00000055,false,Rx,0,8,10,27,00,00,00,00,00,00,
156000,00000056,false,Rx,0,8,10,27,00,00,00,00,00,00,
157000,00000057,false,Rx,0,8,00,00,FE,FF,FE,FF,00,00,
189000,00000625,false,Rx,0,8,25,00,59,86,01,54,5C,06,
220000,000002C4,false,Rx,0,8,09,20,00,00,EC,02,00,00,
220000,000002C5,false,Rx,0,8,00,00,00,00,00,00,00,00,
221000,000002C6,false,Rx,0,8,32,00,7C,01,00,00,00,00,
247000,0000060D,false,Rx,0,8,0D,10,83,B6,09,20,70,00,
289000,00000625,false,Rx,0,8,25,00,59,86,01,54,5C,06,
347000,0000060D,false,Rx,0,8,0D,10,83,B6,09,20,70,00,
356000,00000054,false,Rx,0,8,01,05,EF,00,EC,02,00,00,
357000,00000055,false,Rx,0,8,10,27,00,00,00,00,00,00,
357000,00000056,false,Rx,0,8,10,27,00,00,00,00,00,00,
357000,00000057,false,Rx,0,8,00,00,FE,FF,FE,FF,00,00,
389000,00000625,false,Rx,0,8,25,00,59,86,01,54,5C,06,
440000,000002C4,false,Rx,0,8,09,20,00,00,EC,02,00,00,
440000,000002C5,false,Rx,0,8,00,00,00,00,00,00,00,00,
441000,000002C6,false,Rx,0,8,32,00,7C,01,00,00,00,00,
447000,0000060D,false,Rx,0,8,0D,10,83,B6,09,20,70,00,
489000,00000625,false,Rx,0,8,25,00,59,86,01,54,5C,06,
547000,0000060D,false,Rx,0,8,0D,10,83,B6,09,20,70,00,
556000,00000054,false,Rx,0,8,01,05,EF,00,EC,02,00,00,
556000,00000055,false,Rx,0,8,10,27,00,00,00,00,00,00,
0,00000056,false,Rx,0,8,10,27,00,00,00,00,00,00,
0,00000057,false,Rx,0,8,00,00,FE,FF,FE,FF,00,00,
589000,00000625,false,Rx,0,8,25,00,59,86,01,54,5C,06,
646000,0000060D,false,Rx,0,8,0D,10,83,B6,09,20,70,00,
660000,000002C4,false,Rx,0,8,09,20,00,00,EC,02,00,00,
660000,000002C5,false,Rx,0,8,00,00,00,00,00,00,00,00,
660000,000002C6,false,Rx,0,8,32,00,7C,01,00,00,00,00,
689000,00000625,false,Rx,0,8,25,00,59,86,01,54,5C,06,
746000,0000060D,false,Rx,0,8,0D,10,83,B6,09,20,70,00,
756000,00000054,false,Rx,0,8,01,05,EF,00,EC,02,00,00,
756000,00000055,false,Rx,0,8,10,27,00,00,00,00,00,00,
757000,00000056,false,Rx,0,8,10,27,00,00,00,00,00,00,
757000,00000057,false,Rx,0,8,00,00,FE,FF,FE,FF,00,00,
789000,00000625,false,Rx,0,8,25,00,59,86,01,54,5C,06,
846000,0000060D,false,Rx,0,8,0D,10,83,B6,09,20,70,00,
880000,000002C4,false,Rx,0,8,09,20,00,00,EC,02,00,00,
880000,000002C5,false,Rx,0,8,00,00,00,00,00,00,00,00,
881000,000002C6,false,Rx,0,8,32,00,7C,01,00,00,00,00,
889000,00000625,false,Rx,0,8,25,00,59,86,01,54,5C,06,
946000,0000060D,false,Rx,0,8,0D,10,83,B6,09,20,70,00,
955000,00000054,false,Rx,0,8,01,05,EF,00,EC,02,00,00,
957000,00000055,false,Rx,0,8,10,27,00,00,00,00,00,00,
0,00000056,false,Rx,0,8,10,27,00,00,00,00,00,00,
0,00000057,false,Rx,0,8,00,00,FE,FF,FE,FF,00,00,
989000,00000625,false,Rx,0,8,25,00,59,86,01,54,5C,06,
47000,0000060D,false,Rx,0,8,0D,10,83,B6,09,20,70,00,
89000,00000625,false,Rx,0,8,25,00,59,86,01,54,5C,06,
100000,000002C4,false,Rx,0,8,09,20,00,00,EC,02,00,00,
100000,000002C5,false,Rx,0,8,00,00,00,00,00,00,00,00,
101000,000002C6,false,Rx,0,8,32,00,7C,01,00,00,00,00,
147000,0000060D,false,Rx,0,8,0D,10,83,B6,09,20,70,00,
0,00000054,false,Rx,0,8,01,05,EF,00,EC,02,00,00,
0,00000055,false,Rx,0,8,10,27,00,00,00,00,00,00,
0,00000056,false,Rx,0,8,10,27,00,00,00,00,00,00,
157000,00000057,false,Rx,0,8,00,00,FE,FF,FE,FF,00,00,
189000,00000625,false,Rx,0,8,25,00,59,86,01,54,5C,06,
247000,0000060D,false,Rx,0,8,0D,10,83,B6,09,20,70,00,
289000,00000625,false,Rx,0,8,25,00,59,86,01,54,5C,06,
0,000002C4,false,Rx,0,8,09,20,00,00,EC,02,00,00,
0,000002C5,false,Rx,0,8,00,00,00,00,00,00,00,00,
321000,000002C6,false,Rx,0,8,32,00,7C,01,00,00,00,00,
347000,0000060D,false,Rx,0,8,0D,10,83,B6,09,20,70,00,
356000,00000054,false,Rx,0,8,01,05,EF,00,EC,02,00,00,
356000,00000055,false,Rx,0,8,10,27,00,00,00,00,00,00,
357000,00000056,false,Rx,0,8,10,27,00,00,00,00,00,00,
357000,00000057,false,Rx,0,8,00,00,FE,FF,FE,FF,00,00,
389000,00000625,false,Rx,0,8,25,00,59,86,01,54,5C,06,
446000,0000060D,false,Rx,0,8,0D,10,83,B6,09,20,70,00,
488000,00000625,false,Rx,0,8,25,00,59,86,01,54,5C,06,
540000,000002C4,false,Rx,0,8,09,20,00,00,EC,02,00,00,
540000,000002C5,false,Rx,0,8,00,00,00,00,00,00,00,00,
540000,000002C6,false,Rx,0,8,32,00,7C,01,00,00,00,00,
547000,0000060D,false,Rx,0,8,0D,10,83,B6,09,20,70,00,
556000,00000054,false,Rx,0,8,01,05,EF,00,EC,02,00,00,
556000,00000055,false,Rx,0,8,10,27,00,00,00,00,00,00,
556000,00000056,false,Rx,0,8,10,27,00,00,00,00,00,00,
557000,00000057,false,Rx,0,8,00,00,FE,FF,FE,FF,00,00,
589000,00000625,false,Rx,0,8,25,00,59,86,01,54,5C,06,
646000,0000060D,false,Rx,0,8,0D,10,83,B6,09,20,70,00,
689000,00000625,false,Rx,0,8,25,00,59,86,01,54,5C,06,
746000,0000060D,false,Rx,0,8,0D,10,83,B6,09,20,70,00,
756000,00000054,false,Rx,0,8,01,05,EF,00,EC,02,00,00,
756000,00000055,false,Rx,0,8,10,27,00,00,00,00,00,00,
757000,00000056,false,Rx,0,8,10,27,00,00,00,00,00,00,
757000,00000057,false,Rx,0,8,00,00,FE,FF,FE,FF,00,00,
0,000002C4,false,Rx,0,8,09,20,00,00,EC,02,00,00,
0,000002C5,false,Rx,0,8,00,00,00,00,00,00,00,00,
761000,000002C6,false,Rx,0,8,32,00,7C,01,00,00,00,00,
789000,00000625,false,Rx,0,8,25,00,59,86,01,54,5C,06,
847000,0000060D,false,Rx,0,8,0D,10,83,B6,09,20,70,00,
889000,00000625,false,Rx,0,8,25,00,59,86,01,54,5C,06,
947000,0000060D,false,Rx,0,8,0D,10,83,B6,09,20,70,00,
956000,00000054,false,Rx,0,8,01,05,EF,00,EC,02,00,00,
956000,00000055,false,Rx,0,8,10,27,00,00,00,00,00,00,
957000,00000056,false,Rx,0,8,10,27,00,00,00,00,00,00,
957000,00000057,false,Rx,0,8,00,00,FE,FF,FE,FF,00,00,
981000,000002C4,false,Rx,0,8,09,20,00,00,EC,02,00,00,
981000,000002C5,false,Rx,0,8,00,00,00,00,00,00,00,00,
981000,000002C6,false,Rx,0,8,32,00,7C,01,00,00,00,00,
989000,00000625,false,Rx,0,8,25,00,59,86,01,54,5C,06,
46000,0000060D,false,Rx,0,8,0D,10,83,B6,09,20,70,00,
90000,00000625,false,Rx,0,8,25,00,59,86,01,54,5C,06,
146000,0000060D,false,Rx,0,8,0D,10,83,B6,09,20,70,00,
0,00000054,false,Rx,0,8,01,05,EF,00,EC,02,00,00,
0,00000055,false,Rx,0,8,10,27,00,00,00,00,00,00,
156000,00000056,false,Rx,0,8,10,27,00,00,00,00,00,00,
157000,00000057,false,Rx,0,8,00,00,FE,FF,FE,FF,00,00,
189000,00000625,false,Rx,0,8,25,00,59,86,01,54,5C,06,
200000,000002C4,false,Rx,0,8,09,20,00,00,EC,02,00,00,
200000,000002C5,false,Rx,0,8,00,00,00,00,00,00,00,00,
200000,000002C6,false,Rx,0,8,32,00,7C,01,00,00,00,00,
245000,0000060D,false,Rx,0,8,0D,10,83,B6,09,20,70,00,
289000,00000625,false,Rx,0,8,25,00,59,86,01,54,5C,06,
346000,0000060D,false,Rx,0,8,0D,10,83,B6,09,20,70,00,
355000,00000054,false,Rx,0,8,01,05,EF,00,EC,02,00,00,
357000,00000055,false,Rx,0,8,10,27,00,00,00,00,00,00,
357000,00000056,false,Rx,0,8,10,27,00,00,00,00,00,00,
357000,00000057,false,Rx,0,8,00,00,FE,FF,FE,FF,00,00,
389000,00000625,false,Rx,0,8,25,00,59,86,01,54,5C,06,
421000,000002C4,false,Rx,0,8,09,20,00,00,EC,02,00,00,
0,000002C5,false,Rx,0,8,00,00,00,00,00,00,00,00,
0,000002C6,false,Rx,0,8,32,00,7C,01,00,00,00,00,
447000,0000060D,false,Rx,0,8,0D,10,83,B6,09,20,70,00,
489000,00000625,false,Rx,0,8,25,00,59,86,01,54,5C,06,
546000,0000060D,false,Rx,0,8,0D,10,83,B6,09,20,70,00,
556000,00000054,false,Rx,0,8,01,05,EF,00,EC,02,00,00,
557000,00000055,false,Rx,0,8,10,27,00,00,00,00,00,00,
557000,00000056,false,Rx,0,8,10,27,00,00,00,00,00,00,
557000,00000057,false,Rx,0,8,00,00,FE,FF,FE,FF,00,00,
589000,00000625,false,Rx,0,8,25,00,59,86,01,54,5C,06,
640000,000002C4,false,Rx,0,8,09,20,00,00,EC,02,00,00,
640000,000002C5,false,Rx,0,8,00,00,00,00,00,00,00,00,
641000,000002C6,false,Rx,0,8,32,00,7C,01,00,00,00,00,
647000,0000060D,false,Rx,0,8,0D,10,83,B6,09,20,70,00,
689000,00000625,false,Rx,0,8,25,00,59,86,01,54,5C,06,
747000,0000060D,false,Rx,0,8,0D,10,83,B6,09,20,70,00,
755000,00000054,false,Rx,0,8,01,05,EF,00,EC,02,00,00,
0,00000055,false,Rx,0,8,10,27,00,00,00,00,00,00,
0,00000056,false,Rx,0,8,10,27,00,00,00,00,00,00,
0,00000057,false,Rx,0,8,00,00,FE,FF,FE,FF,00,00,
788000,00000625,false,Rx,0,8,25,00,59,86,01,54,5C,06,
846000,0000060D,false,Rx,0,8,0D,10,83,B6,09,20,70,00,
0,000002C4,false,Rx,0,8,09,20,00,00,EC,02,00,00,
0,000002C5,false,Rx,0,8,00,00,00,00,00,00,00,00,
861000,000002C6,false,Rx,0,8,32,00,7C,01,00,00,00,00,
889000,00000625,false,Rx,0,8,25,00,59,86,01,54,5C,06,
947000,0000060D,false,Rx,0,8,0D,10,83,B6,09,20,70,00,
956000,00000054,false,Rx,0,8,01,05,EF,00,EC,02,00,00,
956000,00000055,false,Rx,0,8,10,27,00,00,00,00,00,00,
956000,00000056,false,Rx,0,8,10,27,00,00,00,00,00,00,
957000,00000057,false,Rx,0,8,00,00,FE,FF,FE,FF,00,00,
989000,00000625,false,Rx,0,8,25,00,59,86,01,54,5C,06,
47000,0000060D,false,Rx,0,8,0D,10,83,B6,09,20,70,00,
81000,000002C4,false,Rx,0,8,09,20,00,00,EC,02,00,00,
81000,000002C5,false,Rx,0,8,00,00,00,00,00,00,00,00,
81000,000002C6,false,Rx,0,8,32,00,7C,01,00,00,00,00,
89000,00000625,false,Rx,0,8,25,00,59,86,01,54,5C,06,
146000,0000060D,false,Rx,0,8,0D,10,83,B6,09,20,70,00,
0,00000054,false,Rx,0,8,01,05,EF,00,EC,02,00,00,
0,00000055,false,Rx,0,8,10,27,00,00,00,00,00,00,
157000,00000056,false,Rx,0,8,10,27,00,00,00,00,00,00,
158000,00000057,false,Rx,0,8,00,00,FE,FF,FE,FF,00,00,
189000,00000625,false,Rx,0,8,25,00,59,86,01,54,5C,06,
246000,0000060D,false,Rx,0,8,0D,10,83,B6,09,20,70,00,
288000,00000625,false,Rx,0,8,25,00,59,86,01,54,5C,06,
300000,000002C4,false,Rx,0,8,09,20,00,00,EC,02,00,00,
301000,000002C5,false,Rx,0,8,00,00,00,00,00,00,00,00,
301000,000002C6,false,Rx,0,8,32,00,7C,01,00,00,00,00,
346000,0000060D,false,Rx,0,8,0D,10,83,B6,09,20,70,00,
355000,00000054,false,Rx,0,8,01,05,EF,00,EC,02,00,00,
357000,00000055,false,Rx,0,8,10,27,00,00,00,00,00,00,
357000,00000056,false,Rx,0,8,10,27,00,00,00,00,00,00,
357000,00000057,false,Rx,0,8,00,00,FE,FF,FE,FF,00,00,
389000,00000625,false,Rx,0,8,25,00,59,86,01,54,5C,06,
446000,0000060D,false,Rx,0,8,0D,10,83,B6,09,20,70,00,
489000,00000625,false,Rx,0,8,25,00,59,86,01,54,5C,06,
520000,000002C4,false,Rx,0,8,09,20,00,00,EC,02,00,00,
520000,000002C5,false,Rx,0,8,00,00,00,00,00,00,00,00,
520000,000002C6,false,Rx,0,8,32,00,7C,01,00,00,00,00,
547000,0000060D,false,Rx,0,8,0D,10,83,B6,09,20,70,00,
556000,00000054,false,Rx,0,8,01,05,EF,00,EC,02,00,00,
0,00000055,false,Rx,0,8,10,27,00,00,00,00,00,00,
0,00000056,false,Rx,0,8,10,27,00,00,00,00,00,00,
556000,00000057,false,Rx,0,8,00,00,FE,FF,FE,FF,00,00,
589000,00000625,false,Rx,0,8,25,00,59,86,01,54,5C,06,
645000,0000060D,false,Rx,0,8,0D,10,83,B6,09,20,70,00,
689000,00000625,false,Rx,0,8,25,00,59,86,01,54,5C,06,
740000,000002C4,false,Rx,0,8,09,20,00,00,EC,02,00,00,
740000,000002C5,false,Rx,0,8,00,00,00,00,00,00,00,00,
741000,000002C6,false,Rx,0,8,32,00,7C,01,00,00,00,00,
746000,0000060D,false,Rx,0,8,0D,10,83,B6,09,20,70,00,
0,00000054,false,Rx,0,8,01,05,EF,00,EC,02,00,00,
0,00000055,false,Rx,0,8,10,27,00,00,00,00,00,00,
756000,00000056,false,Rx,0,8,10,27,00,00,00,00,00,00,
757000,00000057,false,Rx,0,8,00,00,FE,FF,FE,FF,00,00,
789000,00000625,false,Rx,0,8,25,00,59,86,01,54,5C,06,
846000,0000060D,false,Rx,0,8,0D,10,83,B6,09,20,70,00,
889000,00000625,false,Rx,0,8,25,00,59,86,01,54,5C,06,
946000,0000060D,false,Rx,0,8,0D,10,83,B6,09,20,70,00,
956000,00000054,false,Rx,0,8,01,05,EF,00,EC,02,00,00,
956000,00000055,false,Rx,0,8,10,27,00,00,00,00,00,00,
957000,00000056,false,Rx,0,8,10,27,00,00,00,00,00,00,
957000,00000057,false,Rx,0,8,00,00,FE,FF,FE,FF,00,00,
960000,000002C4,false,Rx,0,8,09,20,00,00,EC,02,00,00,
960000,000002C5,false,Rx,0,8,00,00,00,00,00,00,00,00,
961000,000002C6,false,Rx,0,8,32,00,7C,01,00,00,00,00,
989000,00000625,false,Rx,0,8,25,00,59,86,01,54,5C,06,
46000,0000060D,false,Rx,0,8,0D,10,83,B6,09,20,70,00,
89000,00000625,false,Rx,0,8,25,00,59,86,01,54,5C,06,
147000,0000060D,false,Rx,0,8,0D,10,83,B6,09,20,70,00,
0,00000054,false,Rx,0,8,01,05,EF,00,EC,02,00,00,
0,00000055,false,Rx,0,8,10,27,00,00,00,00,00,00,
0,00000056,false,Rx,0,8,10,27,00,00,00,00,00,00,
157000,00000057,false,Rx,0,8,00,00,FE,FF,FE,FF,00,00,
180000,000002C4,false,Rx,0,8,09,20,00,00,EC,02,00,00,
181000,000002C5,false,Rx,0,8,00,00,00,00,00,00,00,00,
181000,000002C6,false,Rx,0,8,32,00,7C,01,00,00,00,00,
189000,00000625,false,Rx,0,8,25,00,59,86,01,54,5C,06,
246000,0000060D,false,Rx,0,8,0D,10,83,B6,09,20,70,00,
289000,00000625,false,Rx,0,8,25,00,59,86,01,54,5C,06,
347000,0000060D,false,Rx,0,8,0D,10,83,B6,09,20,70,00,
356000,00000054,false,Rx,0,8,01,05,EF,00,EC,02,00,00,
357000,00000055,false,Rx,0,8,10,27,00,00,00,00,00,00,
357000,00000056,false,Rx,0,8,10,27,00,00,00,00,00,00,
357000,00000057,false,Rx,0,8,00,00,FE,FF,FE,FF,00,00,
389000,00000625,false,Rx,0,8,25,00,59,86,01,54,5C,06,
400000,000002C4,false,Rx,0,8,09,20,00,00,EC,02,00,00,
400000,000002C5,false,Rx,0,8,00,00,00,00,00,00,00,00,
400000,000002C6,false,Rx,0,8,32,00,7C,01,00,00,00,00,
446000,0000060D,false,Rx,0,8,0D,10,83,B6,09,20,70,00,
489000,00000625,false,Rx,0,8,25,00,59,86,01,54,5C,06,
547000,0000060D,false,Rx,0,8,0D,10,83,B6,09,20,70,00,
556000,00000054,false,Rx,0,8,01,05,EF,00,EC,02,00,00,
556000,00000055,false,Rx,0,8,10,27,00,00,00,00,00,00,
557000,00000056,false,Rx,0,8,10,27,00,00,00,00,00,00,
557000,00000057,false,Rx,0,8,00,00,FE,FF,FE,FF,00,00,
589000,00000625,false,Rx,0,8,25,00,59,86,01,54,5C,06,
620000,000002C4,false,Rx,0,8,09,20,00,00,EC,02,00,00,
621000,000002C5,false,Rx,0,8,00,00,00,00,00,00,00,00,
621000,000002C6,false,Rx,0,8,32,00,7C,01,00,00,00,00,
646000,0000060D,false,Rx,0,8,0D,10,83,B6,09,20,70,00,
689000,00000625,false,Rx,0,8,25,00,59,86,01,54,5C,06,
746000,0000060D,false,Rx,0,8,0D,10,83,B6,09,20,70,00,
756000,00000054,false,Rx,0,8,01,05,EF,00,EC,02,00,00,
757000,00000055,false,Rx,0,8,10,27,00,00,00,00,00,00,
757000,00000056,false,Rx,0,8,10,27,00,00,00,00,00,00,
757000,00000057,false,Rx,0,8,00,00,FE,FF,FE,FF,00,00,
789000,00000625,false,Rx,0,8,25,00,59,86,01,54,5C,06,
840000,000002C4,false,Rx,0,8,09,20,00,00,EC,02,00,00,
840000,000002C5,false,Rx,0,8,00,00,00,00,00,00,00,00,
841000,000002C6,false,Rx,0,8,32,00,7C,01,00,00,00,00,
847000,0000060D,false,Rx,0,8,0D,10,83,B6,09,20,70,00,
889000,00000625,false,Rx,0,8,25,00,59,86,01,54,5C,06,
946000,0000060D,false,Rx,0,8,0D,10,83,B6,09,20,70,00,
956000,00000054,false,Rx,0,8,01,05,EF,00,EC,02,00,00,
956000,00000055,false,Rx,0,8,10,27,00,00,00,00,00,00,
957000,00000056,false,Rx,0,8,10,27,00,00,00,00,00,00,
957000,00000057,false,Rx,0,8,00,00,FE,FF,FE,FF,00,00,
989000,00000625,false,Rx,0,8,25,00,59,86,01,54,5C,06,
47000,0000060D,false,Rx,0,8,0D,10,83,B6,09,20,70,00,
60000,000002C4,false,Rx,0,8,09,20,00,00,EC,02,00,00,
60000,000002C5,false,Rx,0,8,00,00,00,00,00,00,00,00,
61000,000002C6,false,Rx,0,8,32,00,7C,01,00,00,00,00,
89000,00000625,false,Rx,0,8,25,00,59,86,01,54,5C,06,
146000,0000060D,false,Rx,0,8,0D,10,83,B6,09,20,70,00,
0,00000054,false,Rx,0,8,01,05,EF,00,EC,02,00,00,
0,00000055,false,Rx,0,8,10,27,00,00,00,00,00,00,
0,00000056,false,Rx,0,8,10,27,00,00,00,00,00,00,
157000,00000057,false,Rx,0,8,00,00,FE,FF,FE,FF,00,00,
189000,00000625,false,Rx,0,8,25,00,59,86,01,54,5C,06,
247000,0000060D,false,Rx,0,8,0D,10,83,B6,09,20,70,00,
281000,000002C4,false,Rx,0,8,09,20,00,00,EC,02,00,00,
281000,000002C5,false,Rx,0,8,00,00,00,00,00,00,00,00,
282000,000002C6,false,Rx,0,8,32,00,7C,01,00,00,00,00,
289000,00000625,false,Rx,0,8,25,00,59,86,01,54,5C,06,
347000,0000060D,false,Rx,0,8,0D,10,83,B6,09,20,70,00,
356000,00000054,false,Rx,0,8,01,05,EF,00,EC,02,00,00,
356000,00000055,false,Rx,0,8,10,27,00,00,00,00,00,00,
357000,00000056,false,Rx,0,8,10,27,00,00,00,00,00,00,
357000,00000057,false,Rx,0,8,00,00,FE,FF,FE,FF,00,00,
389000,00000625,false,Rx,0,8,25,00,59,86,01,54,5C,06,
446000,0000060D,false,Rx,0,8,0D,10,83,B6,09,20,70,00,
489000,00000625,false,Rx,0,8,25,00,59,86,01,54,5C,06,
500000,000002C4,false,Rx,0,8,09,20,00,00,EC,02,00,00,
500000,000002C5,false,Rx,0,8,00,00,00,00,00,00,00,00,
500000,000002C6,false,Rx,0,8,32,00,7C,01,00,00,00,00,
547000,0000060D,false,Rx,0,8,0D,10,83,B6,09,20,70,00,
556000,00000054,false,Rx,0,8,01,05,EF,00,EC,02,00,00,
556000,00000055,false,Rx,0,8,10,27,00,00,00,00,00,00,
556000,00000056,false,Rx,0,8,10,27,00,00,00,00,00,00,
556000,00000057,false,Rx,0,8,00,00,FE,FF,FE,FF,00,00,
589000,00000625,false,Rx,0,8,25,00,59,86,01,54,5C,06,
646000,0000060D,false,Rx,0,8,0D,10,83,B6,09,20,70,00,
689000,00000625,false,Rx,0,8,25,00,59,86,01,54,5C,06,
0,000002C4,false,Rx,0,8,09,20,00,00,EC,02,00,00,
0,000002C5,false,Rx,0,8,00,00,00,00,00,00,00,00,
721000,000002C6,false,Rx,0,8,32,00,7C,01,00,00,00,00,
746000,0000060D,false,Rx,0,8,0D,10,83,B6,09,20,70,00,
756000,00000054,false,Rx,0,8,01,05,EF,00,EC,02,00,00,
757000,00000055,false,Rx,0,8,10,27,00,00,00,00,00,00,
757000,00000056,false,Rx,0,8,10,27,00,00,00,00,00,00,
757000,00000057,false,Rx,0,8,00,00,FE,FF,FE,FF,00,00,
789000,00000625,false,Rx,0,8,25,00,59,86,01,54,5C,06,
846000,0000060D,false,Rx,0,8,0D,10,83,B6,09,20,70,00,
889000,00000625,false,Rx,0,8,25,00,59,86,01,54,5C,06,
940000,000002C4,false,Rx,0,8,09,20,00,00,EC,02,00,00,
941000,000002C5,false,Rx,0,8,00,00,00,00,00,00,00,00,
941000,000002C6,false,Rx,0,8,32,00,7C,01,00,00,00,00,
946000,0000060D,false,Rx,0,8,0D,10,83,B6,09,20,70,00,
956000,00000054,false,Rx,0,8,01,05,EF,00,EC,02,00,00,
956000,00000055,false,Rx,0,8,10,27,00,00,00,00,00,00,
957000,00000056,false,Rx,0,8,10,27,00,00,00,00,00,00,
957000,00000057,false,Rx,0,8,00,00,FE,FF,FE,FF,00,00,
989000,00000625,false,Rx,0,8,25,00,59,86,01,54,5C,06,
47000,0000060D,false,Rx,0,8,0D,10,83,B6,09,20,70,00,
89000,00000625,false,Rx,0,8,25,00,59,86,01,54,5C,06,
146000,0000060D,false,Rx,0,8,0D,10,83,B6,09,20,70,00,
0,00000054,false,Rx,0,8,01,05,EF,00,EC,02,00,00,
0,00000055,false,Rx,0,8,10,27,00,00,00,00,00,00,
157000,00000056,false,Rx,0,8,10,27,00,00,00,00,00,00,
157000,00000057,false,Rx,0,8,00,00,FE,FF,FE,FF,00,00,
160000,000002C4,false,Rx,0,8,09,20,00,00,EC,02,00,00,
160000,000002C5,false,Rx,0,8,00,00,00,00,00,00,00,00,
161000,000002C6,false,Rx,0,8,32,00,7C,01,00,00,00,00,
189000,00000625,false,Rx,0,8,25,00,59,86,01,54,5C,06,
246000,0000060D,false,Rx,0,8,0D,10,83,B6,09,20,70,00,
289000,00000625,false,Rx,0,8,25,00,59,86,01,54,5C,06,
346000,0000060D,false,Rx,0,8,0D,10,83,B6,09,20,70,00,
356000,00000054,false,Rx,0,8,01,05,EF,00,EC,02,00,00,
356000,00000055,false,Rx,0,8,10,27,00,00,00,00,00,00,
357000,00000056,false,Rx,0,8,10,27,00,00,00,00,00,00,
357000,00000057,false,Rx,0,8,00,00,FE,FF,FE,FF,00,00,
380000,000002C4,false,Rx,0,8,09,20,00,00,EC,02,00,00,
380000,000002C5,false,Rx,0,8,00,00,00,00,00,00,00,00,
381000,000002C6,false,Rx,0,8,32,00,7C,01,00,00,00,00,
389000,00000625,false,Rx,0,8,25,00,59,86,01,54,5C,06,
446000,0000060D,false,Rx,0,8,0D,10,83,B6,09,20,70,00,
489000,00000625,false,Rx,0,8,25,00,59,86,01,54,5C,06,
547000,0000060D,false,Rx,0,8,0D,10,83,B6,09,20,70,00,
555000,00000054,false,Rx,0,8,01,05,EF,00,EC,02,00,00,
557000,00000055,false,Rx,0,8,10,27,00,00,00,00,00,00,
557000,00000056,false,Rx,0,8,10,27,00,00,00,00,00,00,
557000,00000057,false,Rx,0,8,00,00,FE,FF,FE,FF,00,00,
589000,00000625,false,Rx,0,8,25,00,59,86,01,54,5C,06,
600000,000002C4,false,Rx,0,8,09,20,00,00,EC,02,00,00,
600000,000002C5,false,Rx,0,8,00,00,00,00,00,00,00,00,
601000,000002C6,false,Rx,0,8,32,00,7C,01,00,00,00,00,
647000,0000060D,false,Rx,0,8,0D,10,83,B6,09,20,70,00,
689000,00000625,false,Rx,0,8,25,00,59,86,01,54,5C,06,
746000,0000060D,false,Rx,0,8,0D,10,83,B6,09,20,70,00,
756000,00000054,false,Rx,0,8,01,05,EF,00,EC,02,00,00,
756000,00000055,false,Rx,0,8,10,27,00,00,00,00,00,00,
757000,00000056,false,Rx,0,8,10,27,00,00,00,00,00,00,
757000,00000057,false,Rx,0,8,00,00,FE,FF,FE,FF,00,00,
789000,00000625,false,Rx,0,8,25,00,59,86,01,54,5C,06,
820000,000002C4,false,Rx,0,8,09,20,00,00,EC,02,00,00,
820000,000002C5,false,Rx,0,8,00,00,00,00,00,00,00,00,
821000,000002C6,false,Rx,0,8,32,00,7C,01,00,00,00,00,
846000,0000060D,false,Rx,0,8,0D,10,83,B6,09,20,70,00,
890000,00000625,false,Rx,0,8,25,00,59,86,01,54,5C,06,
946000,0000060D,false,Rx,0,8,0D,10,83,B6,09,20,70,00,
956000,00000054,false,Rx,0,8,01,05,EF,00,EC,02,00,00,
956000,00000055,false,Rx,0,8,10,27,00,00,00,00,00,00,
956000,00000056,false,Rx,0,8,10,27,00,00,00,00,00,00,
957000,00000057,false,Rx,0,8,00,00,FE,FF,FE,FF,00,00,
989000,00000625,false,Rx,0,8,25,00,59,86,01,54,5C,06,
40000,000002C4,false,Rx,0,8,09,20,00,00,EC,02,00,00,
40000,000002C5,false,Rx,0,8,00,00,00,00,00,00,00,00,
41000,000002C6,false,Rx,0,8,32,00,7C,01,00,00,00,00,
47000,0000060D,false,Rx,0,8,0D,10,83,B6,09,20,70,00,
89000,00000625,false,Rx,0,8,25,00,59,86,01,54,5C,06,
147000,0000060D,false,Rx,0,8,0D,10,83,B6,09,20,70,00,
0,00000054,false,Rx,0,8,01,05,EF,00,EC,02,00,00,
0,00000055,false,Rx,0,8,10,27,00,00,00,00,00,00,
0,00000056,false,Rx,0,8,10,27,00,00,00,00,00,00,
0,00000057,false,Rx,0,8,00,00,FE,FF,FE,FF,00,00,
189000,00000625,false,Rx,0,8,25,00,59,86,01,54,5C,06,
245000,0000060D,false,Rx,0,8,0D,10,83,B6,09,20,70,00,
260000,000002C4,false,Rx,0,8,09,20,00,00,EC,02,00,00,
260000,000002C5,false,Rx,0,8,00,00,00,00,00,00,00,00,
260000,000002C6,false,Rx,0,8,32,00,7C,01,00,00,00,00,
289000,00000625,false,Rx,0,8,25,00,59,86,01,54,5C,06,
346000,0000060D,false,Rx,0,8,0D,10,83,B6,09,20,70,00,
356000,00000054,false,Rx,0,8,01,05,EF,00,EC,02,00,00,
357000,00000055,false,Rx,0,8,10,27,00,00,00,00,00,00,
0,00000056,false,Rx,0,8,10,27,00,00,00,00,00,00,
0,00000057,false,Rx,0,8,00,00,FE,FF,FE,FF,00,00,
390000,00000625,false,Rx,0,8,25,00,59,86,01,54,5C,06,
447000,0000060D,false,Rx,0,8,0D,10,83,B6,09,20,70,00,
480000,000002C4,false,Rx,0,8,09,20,00,00,EC,02,00,00,
480000,000002C5,false,Rx,0,8,00,00,00,00,00,00,00,00,
481000,000002C6,false,Rx,0,8,32,00,7C,01,00,00,00,00,
490000,00000625,false,Rx,0,8,25,00,59,86,01,54,5C,06,
547000,0000060D,false,Rx,0,8,0D,10,83,B6,09,20,70,00,
556000,00000054,false,Rx,0,8,01,05,EF,00,EC,02,00,00,
556000,00000055,false,Rx,0,8,10,27,00,00,00,00,00,00,
556000,00000056,false,Rx,0,8,10,27,00,00,00,00,00,00,
557000,00000057,false,Rx,0,8,00,00,FE,FF,FE,FF,00,00,
590000,00000625,false,Rx,0,8,25,00,59,86,01,54,5C,06,
647000,0000060D,false,Rx,0,8,0D,10,83,B6,09,20,70,00,
689000,00000625,false,Rx,0,8,25,00,59,86,01,54,5C,06,
700000,000002C4,false,Rx,0,8,09,20,00,00,EC,02,00,00,
701000,000002C5,false,Rx,0,8,00,00,00,00,00,00,00,00,
701000,000002C6,false,Rx,0,8,32,00,7C,01,00,00,00,00,
747000,0000060D,false,Rx,0,8,0D,10,83,B6,09,20,70,00,
756000,00000054,false,Rx,0,8,01,05,EF,00,EC,02,00,00,
756000,00000055,false,Rx,0,8,10,27,00,00,00,00,00,00,
757000,00000056,false,Rx,0,8,10,27,00,00,00,00,00,00,
757000,00000057,false,Rx,0,8,00,00,FE,FF,FE,FF,00,00,
789000,00000625,false,Rx,0,8,25,00,59,86,01,54,5C,06,
846000,0000060D,false,Rx,0,8,0D,10,83,B6,09,20,70,00,
890000,00000625,false,Rx,0,8,25,00,59,86,01,54,5C,06,
920000,000002C4,false,Rx,0,8,09,20,00,00,EC,02,00,00,
920000,000002C5,false,Rx,0,8,00,00,00,00,00,00,00,00,
920000,000002C6,false,Rx,0,8,32,00,7C,01,00,00,00,00,
947000,0000060D,false,Rx,0,8,0D,10,83,B6,09,20,70,00,
956000,00000054,false,Rx,0,8,01,05,EF,00,EC,02,00,00,
956000,00000055,false,Rx,0,8,10,27,00,00,00,00,00,00,
956000,00000056,false,Rx,0,8,10,27,00,00,00,00,00,00,
957000,00000057,false,Rx,0,8,00,00,FE,FF,FE,FF,00,00,
989000,00000625,false,Rx,0,8,25,00,59,86,01,54,5C,06,
47000,0000060D,false,Rx,0,8,0D,10,83,B6,09,20,70,00,
89000,00000625,false,Rx,0,8,25,00,59,86,01,54,5C,06,
0,000002C4,false,Rx,0,8,09,20,00,00,EC,02,00,00,
0,000002C5,false,Rx,0,8,00,00,00,00,00,00,00,00,
0,000002C6,false,Rx,0,8,32,00,7C,01,00,00,00,00,
146000,0000060D,false,Rx,0,8,0D,10,83,B6,09,20,70,00,
0,00000054,false,Rx,0,8,01,05,EF,00,EC,02,00,00,
0,00000055,false,Rx,0,8,10,27,00,00,00,00,00,00,
0,00000056,false,Rx,0,8,10,27,00,00,00,00,00,00,
157000,00000057,false,Rx,0,8,00,00,FE,FF,FE,FF,00,00,
189000,00000625,false,Rx,0,8,25,00,59,86,01,54,5C,06,
247000,0000060D,false,Rx,0,8,0D,10,83,B6,09,20,70,00,
289000,00000625,false,Rx,0,8,25,00,59,86,01,54,5C,06,
347000,0000060D,false,Rx,0,8,0D,10,83,B6,09,20,70,00,
0,00000054,false,Rx,0,8,01,05,EF,00,EC,02,00,00,
0,00000055,false,Rx,0,8,10,27,00,00,00,00,00,00,
356000,00000056,false,Rx,0,8,10,27,00,00,00,00,00,00,
356000,00000057,false,Rx,0,8,00,00,FE,FF,FE,FF,00,00,
0,000002C4,false,Rx,0,8,09,20,00,00,EC,02,00,00,
0,000002C5,false,Rx,0,8,00,00,00,00,00,00,00,00,
360000,000002C6,false,Rx,0,8,32,00,7C,01,00,00,00,00,
389000,00000625,false,Rx,0,8,25,00,59,86,01,54,5C,06,
446000,0000060D,false,Rx,0,8,0D,10,83,B6,09,20,70,00,
490000,00000625,false,Rx,0,8,25,00,59,86,01,54,5C,06,
547000,0000060D,false,Rx,0,8,0D,10,83,B6,09,20,70,00,
556000,00000054,false,Rx,0,8,01,05,EF,00,EC,02,00,00,
556000,00000055,false,Rx,0,8,10,27,00,00,00,00,00,00,
557000,00000056,false,Rx,0,8,10,27,00,00,00,00,00,00,
557000,00000057,false,Rx,0,8,00,00,FE,FF,FE,FF,00,00,
0,000002C4,false,Rx,0,8,09,20,00,00,EC,02,00,00,
0,000002C5,false,Rx,0,8,00,00,00,00,00,00,00,00,
581000,000002C6,false,Rx,0,8,32,00,7C,01,00,00,00,00,
589000,00000625,false,Rx,0,8,25,00,59,86,01,54,5C,06,
647000,0000060D,false,Rx,0,8,0D,10,83,B6,09,20,70,00,
689000,00000625,false,Rx,0,8,25,00,59,86,01,54,5C,06,
747000,0000060D,false,Rx,0,8,0D,10,83,B6,09,20,70,00,
756000,00000054,false,Rx,0,8,01,05,EF,00,EC,02,00,00,
756000,00000055,false,Rx,0,8,10,27,00,00,00,00,00,00,
0,00000056,false,Rx,0,8,10,27,00,00,00,00,00,00,
0,00000057,false,Rx,0,8,00,00,FE,FF,FE,FF,00,00,
789000,00000625,false,Rx,0,8,25,00,59,86,01,54,5C,06,
800000,000002C4,false,Rx,0,8,09,20,00,00,EC,02,00,00,
801000,000002C5,false,Rx,0,8,00,00,00,00,00,00,00,00,
801000,000002C6,false,Rx,0,8,32,00,7C,01,00,00,00,00,
847000,0000060D,false,Rx,0,8,0D,10,83,B6,09,20,70,00,
890000,00000625,false,Rx,0,8,25,00,59,86,01,54,5C,06,
947000,0000060D,false,Rx,0,8,0D,10,83,B6,09,20,70,00,
956000,00000054,false,Rx,0,8,01,05,EF,00,EC,02,00,00,
956000,00000055,false,Rx,0,8,10,27,00,00,00,00,00,00,
957000,00000056,false,Rx,0,8,10,27,00,00,00,00,00,00,
957000,00000057,false,Rx,0,8,00,00,FE,FF,FE,FF,00,00,
989000,00000625,false,Rx,0,8,25,00,59,86,01,54,5C,06,
20000,000002C4,false,Rx,0,8,09,20,00,00,EC,02,00,00,
21000,000002C5,false,Rx,0,8,00,00,00,00,00,00,00,00,
21000,000002C6,false,Rx,0,8,32,00,7C,01,00,00,00,00,
47000,0000060D,false,Rx,0,8,0D,10,83,B6,09,20,70,00,
89000,00000625,false,Rx,0,8,25,00,59,86,01,54,5C,06,
146000,0000060D,false,Rx,0,8,0D,10,83,B6,09,20,70,00,
0,00000054,false,Rx,0,8,01,05,EF,00,EC,02,00,00,
0,00000055,false,Rx,0,8,10,27,00,00,00,00,00,00,
157000,00000056,false,Rx,0,8,10,27,00,00,00,00,00,00,
157000,00000057,false,Rx,0,8,00,00,FE,FF,FE,FF,00,00,
189000,00000625,false,Rx,0,8,25,00,59,86,01,54,5C,06,
240000,000002C4,false,Rx,0,8,09,20,00,00,EC,02,00,00,
241000,000002C5,false,Rx,0,8,00,00,00,00,00,00,00,00,
241000,000002C6,false,Rx,0,8,32,00,7C,01,00,00,00,00,
246000,0000060D,false,Rx,0,8,0D,10,83,B6,09,20,70,00,
289000,00000625,false,Rx,0,8,25,00,59,86,01,54,5C,06,
347000,0000060D,false,Rx,0,8,0D,10,83,B6,09,20,70,00,
356000,00000054,false,Rx,0,8,01,05,EF,00,EC,02,00,00,
356000,00000055,false,Rx,0,8,10,27,00,00,00,00,00,00,
357000,00000056,false,Rx,0,8,10,27,00,00,00,00,00,00,
357000,00000057,false,Rx,0,8,00,00,FE,FF,FE,FF,00,00,
389000,00000625,false,Rx,0,8,25,00,59,86,01,54,5C,06,
447000,0000060D,false,Rx,0,8,0D,10,83,B6,09,20,70,00,
461000,000002C4,false,Rx,0,8,09,20,00,00,EC,02,00,00,
461000,000002C5,false,Rx,0,8,00,00,00,00,00,00,00,00,
461000,000002C6,false,Rx,0,8,32,00,7C,01,00,00,00,00,
489000,00000625,false,Rx,0,8,25,00,59,86,01,54,5C,06,
546000,0000060D,false,Rx,0,8,0D,10,83,B6,09,20,70,00,
556000,00000054,false,Rx,0,8,01,05,EF,00,EC,02,00,00,
556000,00000055,false,Rx,0,8,10,27,00,00,00,00,00,00,
556000,00000056,false,Rx,0,8,10,27,00,00,00,00,00,00,
556000,00000057,false,Rx,0,8,00,00,FE,FF,FE,FF,00,00,
589000,00000625,false,Rx,0,8,25,00,59,86,01,54,5C,06,
646000,0000060D,false,Rx,0,8,0D,10,83,B6,09,20,70,00,
680000,000002C4,false,Rx,0,8,09,20,00,00,EC,02,00,00,
681000,000002C5,false,Rx,0,8,00,00,00,00,00,00,00,00,
681000,000002C6,false,Rx,0,8,32,00,7C,01,00,00,00,00,
689000,00000625,false,Rx,0,8,25,00,59,86,01,54,5C,06,
747000,0000060D,false,Rx,0,8,0D,10,83,B6,09,20,70,00,
756000,00000054,false,Rx,0,8,01,05,EF,00,EC,02,00,00,
756000,00000055,false,Rx,0,8,10,27,00,00,00,00,00,00,
756000,00000056,false,Rx,0,8,10,27,00,00,00,00,00,00,
757000,00000057,false,Rx,0,8,00,00,FE,FF,FE,FF,00,00,
789000,00000625,false,Rx,0,8,25,00,59,86,01,54,5C,06,
846000,0000060D,false,Rx,0,8,0D,10,83,B6,09,20,70,00,
889000,00000625,false,Rx,0,8,25,00,59,86,01,54,5C,06,
900000,000002C4,false,Rx,0,8,09,20,00,00,EC,02,00,00,
900000,000002C5,false,Rx,0,8,00,00,00,00,00,00,00,00,
901000,000002C6,false,Rx,0,8,32,00,7C,01,00,00,00,00,
947000,0000060D,false,Rx,0,8,0D,10,83,B6,09,20,70,00,
957000,00000054,false,Rx,0,8,01,05,EF,00,EC,02,00,00,
957000,00000055,false,Rx,0,8,10,27,00,00,00,00,00,00,
957000,00000056,false,Rx,0,8,10,27,00,00,00,00,00,00,
957000,00000057,false,Rx,0,8,00,00,FE,FF,FE,FF,00,00,
989000,00000625,false,Rx,0,8,25,00,59,86,01,54,5C,06,
47000,0000060D,false,Rx,0,8,0D,10,83,B6,09,20,70,00,
89000,00000625,false,Rx,0,8,25,00,59,86,01,54,5C,06,
121000,000002C4,false,Rx,0,8,09,20,00,00,EC,02,00,00,
121000,000002C5,false,Rx,0,8,00,00,00,00,00,00,00,00,
121000,000002C6,false,Rx,0,8,32,00,7C,01,00,00,00,00,
146000,0000060D,false,Rx,0,8,0D,10,83,B6,09,20,70,00,
0,00000054,false,Rx,0,8,01,05,EF,00,EC,02,00,00,
0,00000055,false,Rx,0,8,10,27,00,00,00,00,00,00,
0,00000056,false,Rx,0,8,10,27,00,00,00,00,00,00,
157000,00000057,false,Rx,0,8,00,00,FE,FF,FE,FF,00,00,
189000,00000625,false,Rx,0,8,25,00,59,86,01,54,5C,06,
247000,0000060D,false,Rx,0,8,0D,10,83,B6,09,20,70,00,
289000,00000625,false,Rx,0,8,25,00,59,86,01,54,5C,06,
341000,000002C4,false,Rx,0,8,09,20,00,00,EC,02,00,00,
341000,000002C5,false,Rx,0,8,00,00,00,00,00,00,00,00,
341000,000002C6,false,Rx,0,8,32,00,7C,01,00,00,00,00,
346000,0000060D,false,Rx,0,8,0D,10,83,B6,09,20,70,00,
356000,00000054,false,Rx,0,8,01,05,EF,00,EC,02,00,00,
356000,00000055,false,Rx,0,8,10,27,00,00,00,00,00,00,
356000,00000056,false,Rx,0,8,10,27,00,00,00,00,00,00,
356000,00000057,false,Rx,0,8,00,00,FE,FF,FE,FF,00,00,
389000,00000625,false,Rx,0,8,25,00,59,86,01,54,5C,06,
447000,0000060D,false,Rx,0,8,0D,10,83,B6,09,20,70,00,
489000,00000625,false,Rx,0,8,25,00,59,86,01,54,5C,06,
547000,0000060D,false,Rx,0,8,0D,10,83,B6,09,20,70,00,
556000,00000054,false,Rx,0,8,01,05,EF,00,EC,02,00,00,
557000,00000055,false,Rx,0,8,10,27,00,00,00,00,00,00,
557000,00000056,false,Rx,0,8,10,27,00,00,00,00,00,00,
557000,00000057,false,Rx,0,8,00,00,FE,FF,FE,FF,00,00,
561000,000002C4,false,Rx,0,8,09,20,00,00,EC,02,00,00,
561000,000002C5,false,Rx,0,8,00,00,00,00,00,00,00,00,
561000,000002C6,false,Rx,0,8,32,00,7C,01,00,00,00,00,
589000,00000625,false,Rx,0,8,25,00,59,86,01,54,5C,06,
646000,0000060D,false,Rx,0,8,0D,10,83,B6,09,20,70,00,
689000,00000625,false,Rx,0,8,25,00,59,86,01,54,5C,06,
746000,0000060D,false,Rx,0,8,0D,10,83,B6,09,20,70,00,
756000,00000054,false,Rx,0,8,01,05,EF,00,EC,02,00,00,
756000,00000055,false,Rx,0,8,10,27,00,00,00,00,00,00,
757000,00000056,false,Rx,0,8,10,27,00,00,00,00,00,00,
757000,00000057,false,Rx,0,8,00,00,FE,FF,FE,FF,00,00,
781000,000002C4,false,Rx,0,8,09,20,00,00,EC,02,00,00,
0,000002C5,false,Rx,0,8,00,00,00,00,00,00,00,00,
0,000002C6,false,Rx,0,8,32,00,7C,01,00,00,00,00,
789000,00000625,false,Rx,0,8,25,00,59,86,01,54,5C,06,
846000,0000060D,false,Rx,0,8,0D,10,83,B6,09,20,70,00,
889000,00000625,false,Rx,0,8,25,00,59,86,01,54,5C,06,
946000,0000060D,false,Rx,0,8,0D,10,83,B6,09,20,70,00,
957000,00000054,false,Rx,0,8,01,05,EF,00,EC,02,00,00,
957000,00000055,false,Rx,0,8,10,27,00,00,00,00,00,00,
957000,00000056,false,Rx,0,8,10,27,00,00,00,00,00,00,
957000,00000057,false,Rx,0,8,00,00,FE,FF,FE,FF,00,00,
989000,00000625,false,Rx,0,8,25,00,59,86,01,54,5C,06,
0,000002C4,false,Rx,0,8,09,20,00,00,EC,02,00,00,
0,000002C5,false,Rx,0,8,00,00,00,00,00,00,00,00,
1000,000002C6,false,Rx,0,8,32,00,7C,01,00,00,00,00,
46000,0000060D,false,Rx,0,8,0D,10,83,B6,09,20,70,00,
89000,00000625,false,Rx,0,8,25,00,59,86,01,54,5C,06,
146000,0000060D,false,Rx,0,8,0D,10,83,B6,09,20,70,00,
0,00000054,false,Rx,0,8,01,05,EF,00,EC,02,00,00,
0,00000055,false,Rx,0,8,10,27,00,00,00,00,00,00,
0,00000056,false,Rx,0,8,10,27,00,00,00,00,00,00,
157000,00000057,false,Rx,0,8,00,00,FE,FF,FE,FF,00,00,
189000,00000625,false,Rx,0,8,25,00,59,86,01,54,5C,06,
220000,000002C4,false,Rx,0,8,09,20,00,00,EC,02,00,00,
221000,000002C5,false,Rx,0,8,00,00,00,00,00,00,00,00,
221000,000002C6,false,Rx,0,8,32,00,7C,01,00,00,00,00,
246000,0000060D,false,Rx,0,8,0D,10,83,B6,09,20,70,00,
289000,00000625,false,Rx,0,8,25,00,59,86,01,54,5C,06,
347000,0000060D,false,Rx,0,8,0D,10,83,B6,09,20,70,00,
357000,00000054,false,Rx,0,8,01,05,EF,00,EC,02,00,00,
0,00000055,false,Rx,0,8,10,27,00,00,00,00,00,00,
0,00000056,false,Rx,0,8,10,27,00,00,00,00,00,00,
357000,00000057,false,Rx,0,8,00,00,FE,FF,FE,FF,00,00,
389000,00000625,false,Rx,0,8,25,00,59,86,01,54,5C,06,
441000,000002C4,false,Rx,0,8,09,20,00,00,EC,02,00,00,
441000,000002C5,false,Rx,0,8,00,00,00,00,00,00,00,00,
441000,000002C6,false,Rx,0,8,32,00,7C,01,00,00,00,00,
446000,0000060D,false,Rx,0,8,0D,10,83,B6,09,20,70,00,
489000,00000625,false,Rx,0,8,25,00,59,86,01,54,5C,06,
546000,0000060D,false,Rx,0,8,0D,10,83,B6,09,20,70,00,
555000,00000054,false,Rx,0,8,01,05,EF,00,EC,02,00,00,
0,00000055,false,Rx,0,8,10,27,00,00,00,00,00,00,
0,00000056,false,Rx,0,8,10,27,00,00,00,00,00,00,
557000,00000057,false,Rx,0,8,00,00,FE,FF,FE,FF,00,00,
589000,00000625,false,Rx,0,8,25,00,59,86,01,54,5C,06,
647000,0000060D,false,Rx,0,8,0D,10,83,B6,09,20,70,00,
660000,000002C4,false,Rx,0,8,09,20,00,00,EC,02,00,00,
660000,000002C5,false,Rx,0,8,00,00,00,00,00,00,00,00,
660000,000002C6,false,Rx,0,8,32,00,7C,01,00,00,00,00,
689000,00000625,false,Rx,0,8,25,00,59,86,01,54,5C,06,
746000,0000060D,false,Rx,0,8,0D,10,83,B6,09,20,70,00,
756000,00000054,false,Rx,0,8,01,05,EF,00,EC,02,00,00,
756000,00000055,false,Rx,0,8,10,27,00,00,00,00,00,00,
756000,00000056,false,Rx,0,8,10,27,00,00,00,00,00,00,
756000,00000057,false,Rx,0,8,00,00,FE,FF,FE,FF,00,00,
789000,00000625,false,Rx,0,8,25,00,59,86,01,54,5C,06,
846000,0000060D,false,Rx,0,8,0D,10,83,B6,09,20,70,00,
880000,000002C4,false,Rx,0,8,09,20,00,00,EC,02,00,00,
881000,000002C5,false,Rx,0,8,00,00,00,00,00,00,00,00,
881000,000002C6,false,Rx,0,8,32,00,7C,01,00,00,00,00,
889000,00000625,false,Rx,0,8,25,00,59,86,01,54,5C,06,
947000,0000060D,false,Rx,0,8,0D,10,83,B6,09,20,70,00,
0,00000054,false,Rx,0,8,01,05,EF,00,EC,02,00,00,
0,00000055,false,Rx,0,8,10,27,00,00,00,00,00,00,
957000,00000056,false,Rx,0,8,10,27,00,00,00,00,00,00,
957000,00000057,false,Rx,0,8,00,00,FE,FF,FE,FF,00,00,
989000,00000625,false,Rx,0,8,25,00,59,86,01,54,5C,06,
46000,0000060D,false,Rx,0,8,0D,10,83,B6,09,20,70,00,
90000,00000625,false,Rx,0,8,25,00,59,86,01,54,5C,06,
100000,000002C4,false,Rx,0,8,09,20,00,00,EC,02,00,00,
100000,000002C5,false,Rx,0,8,00,00,00,00,00,00,00,00,
101000,000002C6,false,Rx,0,8,32,00,7C,01,00,00,00,00,
146000,0000060D,false,Rx,0,8,0D,10,83,B6,09,20,70,00,
0,00000054,false,Rx,0,8,01,05,EF,00,EC,02,00,00,
0,00000055,false,Rx,0,8,10,27,00,00,00,00,00,00,
0,00000056,false,Rx,0,8,10,27,00,00,00,00,00,00,
0,00000057,false,Rx,0,8,00,00,FE,FF,FE,FF,00,00,
189000,00000625,false,Rx,0,8,25,00,59,86,01,54,5C,06,
247000,0000060D,false,Rx,0,8,0D,10,83,B6,09,20,70,00,
289000,00000625,false,Rx,0,8,25,00,59,86,01,54,5C,06,
320000,000002C4,false,Rx,0,8,09,20,00,00,EC,02,00,00,
321000,000002C5,false,Rx,0,8,00,00,00,00,00,00,00,00,
321000,000002C6,false,Rx,0,8,32,00,7C,01,00,00,00,00,
347000,0000060D,false,Rx,0,8,0D,10,83,B6,09,20,70,00,
356000,00000054,false,Rx,0,8,01,05,EF,00,EC,02,00,00,
356000,00000055,false,Rx,0,8,10,27,00,00,00,00,00,00,
357000,00000056,false,Rx,0,8,10,27,00,00,00,00,00,00,
357000,00000057,false,Rx,0,8,00,00,FE,FF,FE,FF,00,00,
389000,00000625,false,Rx,0,8,25,00,59,86,01,54,5C,06,
447000,0000060D,false,Rx,0,8,0D,10,83,B6,09,20,70,00,
490000,00000625,false,Rx,0,8,25,00,59,86,01,54,5C,06,
540000,000002C4,false,Rx,0,8,09,20,00,00,EC,02,00,00,
541000,000002C5,false,Rx,0,8,00,00,00,00,00,00,00,00,
541000,000002C6,false,Rx,0,8,32,00,7C,01,00,00,00,00,
546000,0000060D,false,Rx,0,8,0D,10,83,B6,09,20,70,00,
555000,00000054,false,Rx,0,8,01,05,EF,00,EC,02,00,00,
557000,00000055,false,Rx,0,8,10,27,00,00,00,00,00,00,
557000,00000056,false,Rx,0,8,10,27,00,00,00,00,00,00,
557000,00000057,false,Rx,0,8,00,00,FE,FF,FE,FF,00,00,
589000,00000625,false,Rx,0,8,25,00,59,86,01,54,5C,06,
646000,0000060D,false,Rx,0,8,0D,10,83,B6,09,20,70,00,
690000,00000625,false,Rx,0,8,25,00,59,86,01,54,5C,06,
746000,0000060D,false,Rx,0,8,0D,10,83,B6,09,20,70,00,
756000,00000054,false,Rx,0,8,01,05,EF,00,EC,02,00,00,
756000,00000055,false,Rx,0,8,10,27,00,00,00,00,00,00,
757000,00000056,false,Rx,0,8,10,27,00,00,00,00,00,00,
757000,00000057,false,Rx,0,8,00,00,FE,FF,FE,FF,00,00,
760000,000002C4,false,Rx,0,8,09,20,00,00,EC,02,00,00,
761000,000002C5,false,Rx,0,8,00,00,00,00,00,00,00,00,
761000,000002C6,false,Rx,0,8,32,00,7C,01,00,00,00,00,
789000,00000625,false,Rx,0,8,25,00,59,86,01,54,5C,06,
847000,0000060D,false,Rx,0,8,0D,10,83,B6,09,20,70,00,
890000,00000625,false,Rx,0,8,25,00,59,86,01,54,5C,06,
946000,0000060D,false,Rx,0,8,0D,10,83,B6,09,20,70,00,
957000,00000054,false,Rx,0,8,01,05,EF,00,EC,02,00,00,
957000,00000055,false,Rx,0,8,10,27,00,00,00,00,00,00,
957000,00000056,false,Rx,0,8,10,27,00,00,00,00,00,00,
957000,00000057,false,Rx,0,8,00,00,FE,FF,FE,FF,00,00,
981000,000002C4,false,Rx,0,8,09,20,00,00,EC,02,00,00,
981000,000002C5,false,Rx,0,8,00,00,00,00,00,00,00,00,
981000,000002C6,false,Rx,0,8,32,00,7C,01,00,00,00,00,
989000,00000625,false,Rx,0,8,25,00,59,86,01,54,5C,06,
47000,0000060D,false,Rx,0,8,0D,10,83,B6,09,20,70,00,
89000,00000625,false,Rx,0,8,25,00,59,86,01,54,5C,06,
146000,0000060D,false,Rx,0,8,0D,10,83,B6,09,20,70,00,
0,00000054,false,Rx,0,8,01,05,EF,00,EC,02,00,00,
0,00000055,false,Rx,0,8,10,27,00,00,00,00,00,00,
0,00000056,false,Rx,0,8,10,27,00,00,00,00,00,00,
157000,00000057,false,Rx,0,8,00,00,FE,FF,FE,FF,00,00,
190000,00000625,false,Rx,0,8,25,00,59,86,01,54,5C,06,
200000,000002C4,false,Rx,0,8,09,20,00,00,EC,02,00,00,
201000,000002C5,false,Rx,0,8,00,00,00,00,00,00,00,00,
201000,000002C6,false,Rx,0,8,32,00,7C,01,00,00,00,00,
246000,0000060D,false,Rx,0,8,0D,10,83,B6,09,20,70,00,
289000,00000625,false,Rx,0,8,25,00,59,86,01,54,5C,06,
347000,0000060D,false,Rx,0,8,0D,10,83,B6,09,20,70,00,
0,00000054,false,Rx,0,8,01,05,EF,00,EC,02,00,00,
0,00000055,false,Rx,0,8,10,27,00,00,00,00,00,00,
356000,00000056,false,Rx,0,8,10,27,00,00,00,00,00,00,
356000,00000057,false,Rx,0,8,00,00,FE,FF,FE,FF,00,00,
389000,00000625,false,Rx,0,8,25,00,59,86,01,54,5C,06,
420000,000002C4,false,Rx,0,8,09,20,00,00,EC,02,00,00,
420000,000002C5,false,Rx,0,8,00,00,00,00,00,00,00,00,
420000,000002C6,false,Rx,0,8,32,00,7C,01,00,00,00,00,
447000,0000060D,false,Rx,0,8,0D,10,83,B6,09,20,70,00,
489000,00000625,false,Rx,0,8,25,00,59,86,01,54,5C,06,
547000,0000060D,false,Rx,0,8,0D,10,83,B6,09,20,70,00,
556000,00000054,false,Rx,0,8,01,05,EF,00,EC,02,00,00,
556000,00000055,false,Rx,0,8,10,27,00,00,00,00,00,00,
557000,00000056,false,Rx,0,8,10,27,00,00,00,00,00,00,
557000,00000057,false,Rx,0,8,00,00,FE,FF,FE,FF,00,00,
589000,00000625,false,Rx,0,8,25,00,59,86,01,54,5C,06,
0,000002C4,false,Rx,0,8,09,20,00,00,EC,02,00,00,
0,000002C5,false,Rx,0,8,00,00,00,00,00,00,00,00,
641000,000002C6,false,Rx,0,8,32,00,7C,01,00,00,00,00,
647000,0000060D,false,Rx,0,8,0D,10,83,B6,09,20,70,00,
689000,00000625,false,Rx,0,8,25,00,59,86,01,54,5C,06,
747000,0000060D,false,Rx,0,8,0D,10,83,B6,09,20,70,00,
0,00000054,false,Rx,0,8,01,05,EF,00,EC,02,00,00,
0,00000055,false,Rx,0,8,10,27,00,00,00,00,00,00,
757000,00000056,false,Rx,0,8,10,27,00,00,00,00,00,00,
757000,00000057,false,Rx,0,8,00,00,FE,FF,FE,FF,00,00,
789000,00000625,false,Rx,0,8,25,00,59,86,01,54,5C,06,
847000,0000060D,false,Rx,0,8,0D,10,83,B6,09,20,70,00,
0,000002C4,false,Rx,0,8,09,20,00,00,EC,02,00,00,
0,000002C5,false,Rx,0,8,00,00,00,00,00,00,00,00,
861000,000002C6,false,Rx,0,8,32,00,7C,01,00,00,00,00,
890000,00000625,false,Rx,0,8,25,00,59,86,01,54,5C,06,
947000,0000060D,false,Rx,0,8,0D,10,83,B6,09,20,70,00,
956000,00000054,false,Rx,0,8,01,05,EF,00,EC,02,00,00,
956000,00000055,false,Rx,0,8,10,27,00,00,00,00,00,00,
957000,00000056,false,Rx,0,8,10,27,00,00,00,00,00,00,
957000,00000057,false,Rx,0,8,00,00,FE,FF,FE,FF,00,00,
989000,00000625,false,Rx,0,8,25,00,59,86,01,54,5C,06,
46000,0000060D,false,Rx,0,8,0D,10,83,B6,09,20,70,00,
80000,000002C4,false,Rx,0,8,09,20,00,00,EC,02,00,00,
81000,000002C5,false,Rx,0,8,00,00,00,00,00,00,00,00,
81000,000002C6,false,Rx,0,8,32,00,7C,01,00,00,00,00,
90000,00000625,false,Rx,0,8,25,00,59,86,01,54,5C,06,
146000,0000060D,false,Rx,0,8,0D,10,83,B6,09,20,70,00,
0,00000054,false,Rx,0,8,01,05,EF,00,EC,02,00,00,
0,00000055,false,Rx,0,8,10,27,00,00,00,00,00,00,
157000,00000056,false,Rx,0,8,10,27,00,00,00,00,00,00,
157000,00000057,false,Rx,0,8,00,00,FE,FF,FE,FF,00,00,
189000,00000625,false,Rx,0,8,25,00,59,86,01,54,5C,06,
246000,0000060D,false,Rx,0,8,0D,10,83,B6,09,20,70,00,
289000,00000625,false,Rx,0,8,25,00,59,86,01,54,5C,06,
300000,000002C4,false,Rx,0,8,09,20,00,00,EC,02,00,00,
300000,000002C5,false,Rx,0,8,00,00,00,00,00,00,00,00,
301000,000002C6,false,Rx,0,8,32,00,7C,01,00,00,00,00,
346000,0000060D,false,Rx,0,8,0D,10,83,B6,09,20,70,00,
355000,00000054,false,Rx,0,8,01,05,EF,00,EC,02,00,00,
357000,00000055,false,Rx,0,8,10,27,00,00,00,00,00,00,
357000,00000056,false,Rx,0,8,10,27,00,00,00,00,00,00,
357000,00000057,false,Rx,0,8,00,00,FE,FF,FE,FF,00,00,
389000,00000625,false,Rx,0,8,25,00,59,86,01,54,5C,06,
446000,0000060D,false,Rx,0,8,0D,10,83,B6,09,20,70,00,
490000,00000625,false,Rx,0,8,25,00,59,86,01,54,5C,06,
520000,000002C4,false,Rx,0,8,09,20,00,00,EC,02,00,00,
521000,000002C5,false,Rx,0,8,00,00,00,00,00,00,00,00,
521000,000002C6,false,Rx,0,8,32,00,7C,01,00,00,00,00,
546000,0000060D,false,Rx,0,8,0D,10,83,B6,09,20,70,00,
556000,00000054,false,Rx,0,8,01,05,EF,00,EC,02,00,00,
556000,00000055,false,Rx,0,8,10,27,00,00,00,00,00,00,
557000,00000056,false,Rx,0,8,10,27,00,00,00,00,00,00,
557000,00000057,false,Rx,0,8,00,00,FE,FF,FE,FF,00,00,
589000,00000625,false,Rx,0,8,25,00,59,86,01,54,5C,06,
647000,0000060D,false,Rx,0,8,0D,10,83,B6,09,20,70,00,
689000,00000625,false,Rx,0,8,25,00,59,86,01,54,5C,06,
740000,000002C4,false,Rx,0,8,09,20,00,00,EC,02,00,00,
741000,000002C5,false,Rx,0,8,00,00,00,00,00,00,00,00,
741000,000002C6,false,Rx,0,8,32,00,7C,01,00,00,00,00,
746000,0000060D,false,Rx,0,8,0D,10,83,B6,09,20,70,00,
756000,00000054,false,Rx,0,8,01,05,EF,00,EC,02,00,00,
757000,00000055,false,Rx,0,8,10,27,00,00,00,00,00,00,
757000,00000056,false,Rx,0,8,10,27,00,00,00,00,00,00,
758000,00000057,false,Rx,0,8,00,00,FE,FF,FE,FF,00,00,
789000,00000625,false,Rx,0,8,25,00,59,86,01,54,5C,06,
847000,0000060D,false,Rx,0,8,0D,10,83,B6,09,20,70,00,
889000,00000625,false,Rx,0,8,25,00,59,86,01,54,5C,06,
947000,0000060D,false,Rx,0,8,0D,10,83,B6,09,20,70,00,
956000,00000054,false,Rx,0,8,01,05,EF,00,EC,02,00,00,
956000,00000055,false,Rx,0,8,10,27,00,00,00,00,00,00,
957000,00000056,false,Rx,0,8,10,27,00,00,00,00,00,00,
957000,00000057,false,Rx,0,8,00,00,FE,FF,FE,FF,00,00,
960000,000002C4,false,Rx,0,8,09,20,00,00,EC,02,00,00,
960000,000002C5,false,Rx,0,8,00,00,00,00,00,00,00,00,
961000,000002C6,false,Rx,0,8,32,00,7C,01,00,00,00,00,
990000,00000625,false,Rx,0,8,25,00,59,86,01,54,5C,06,
47000,0000060D,false,Rx,0,8,0D,10,83,B6,09,20,70,00,
90000,00000625,false,Rx,0,8,25,00,59,86,01,54,5C,06,
147000,0000060D,false,Rx,0,8,0D,10,83,B6,09,20,70,00,
0,00000054,false,Rx,0,8,01,05,EF,00,EC,02,00,00,
0,00000055,false,Rx,0,8,10,27,00,00,00,00,00,00,
0,00000056,false,Rx,0,8,10,27,00,00,00,00,00,00,
157000,00000057,false,Rx,0,8,00,00,FE,FF,FE,FF,00,00,
181000,000002C4,false,Rx,0,8,09,20,00,00,EC,02,00,00,
181000,000002C5,false,Rx,0,8,00,00,00,00,00,00,00,00,
181000,000002C6,false,Rx,0,8,32,00,7C,01,00,00,00,00,
189000,00000625,false,Rx,0,8,25,00,59,86,01,54,5C,06,
247000,0000060D,false,Rx,0,8,0D,10,83,B6,09,20,70,00,
289000,00000625,false,Rx,0,8,25,00,59,86,01,54,5C,06,
346000,0000060D,false,Rx,0,8,0D,10,83,B6,09,20,70,00,
356000,00000054,false,Rx,0,8,01,05,EF,00,EC,02,00,00,
356000,00000055,false,Rx,0,8,10,27,00,00,00,00,00,00,
356000,00000056,false,Rx,0,8,10,27,00,00,00,00,00,00,
356000,00000057,false,Rx,0,8,00,00,FE,FF,FE,FF,00,00,
389000,00000625,false,Rx,0,8,25,00,59,86,01,54,5C,06,
0,000002C4,false,Rx,0,8,09,20,00,00,EC,02,00,00,
0,000002C5,false,Rx,0,8,00,00,00,00,00,00,00,00,
400000,000002C6,false,Rx,0,8,32,00,7C,01,00,00,00,00,
447000,0000060D,false,Rx,0,8,0D,10,83,B6,09,20,70,00,
489000,00000625,false,Rx,0,8,25,00,59,86,01,54,5C,06,
547000,0000060D,false,Rx,0,8,0D,10,83,B6,09,20,70,00,
556000,00000054,false,Rx,0,8,01,05,EF,00,EC,02,00,00,
556000,00000055,false,Rx,0,8,10,27,00,00,00,00,00,00,
557000,00000056,false,Rx,0,8,10,27,00,00,00,00,00,00,
557000,00000057,false,Rx,0,8,00,00,FE,FF,FE,FF,00,00,
589000,00000625,false,Rx,0,8,25,00,59,86,01,54,5C,06,
620000,000002C4,false,Rx,0,8,09,20,00,00,EC,02,00,00,
620000,000002C5,false,Rx,0,8,00,00,00,00,00,00,00,00,
620000,000002C6,false,Rx,0,8,32,00,7C,01,00,00,00,00,
646000,0000060D,false,Rx,0,8,0D,10,83,B6,09,20,70,00,
689000,00000625,false,Rx,0,8,25,00,59,86,01,54,5C,06,
746000,0000060D,false,Rx,0,8,0D,10,83,B6,09,20,70,00,
0,00000054,false,Rx,0,8,01,05,EF,00,EC,02,00,00,
0,00000055,false,Rx,0,8,10,27,00,00,00,00,00,00,
757000,00000056,false,Rx,0,8,10,27,00,00,00,00,00,00,
757000,00000057,false,Rx,0,8,00,00,FE,FF,FE,FF,00,00,
789000,00000625,false,Rx,0,8,25,00,59,86,01,54,5C,06,
841000,000002C4,false,Rx,0,8,09,20,00,00,EC,02,00,00,
841000,000002C5,false,Rx,0,8,00,00,00,00,00,00,00,00,
841000,000002C6,false,Rx,0,8,32,00,7C,01,00,00,00,00,
846000,0000060D,false,Rx,0,8,0D,10,83,B6,09,20,70,00,
890000,00000625,false,Rx,0,8,25,00,59,86,01,54,5C,06,
946000,0000060D,false,Rx,0,8,0D,10,83,B6,09,20,70,00,
956000,00000054,false,Rx,0,8,01,05,EF,00,EC,02,00,00,
956000,00000055,false,Rx,0,8,10,27,00,00,00,00,00,00,
957000,00000056,false,Rx,0,8,10,27,00,00,00,00,00,00,
957000,00000057,false,Rx,0,8,00,00,FE,FF,FE,FF,00,00,
990000,00000625,false,Rx,0,8,25,00,59,86,01,54,5C,06,
47000,0000060D,false,Rx,0,8,0D,10,83,B6,09,20,70,00,
61000,000002C4,false,Rx,0,8,09,20,00,00,EC,02,00,00,
61000,000002C5,false,Rx,0,8,00,00,00,00,00,00,00,00,
61000,000002C6,false,Rx,0,8,32,00,7C,01,00,00,00,00,
90000,00000625,false,Rx,0,8,25,00,59,86,01,54,5C,06,
146000,0000060D,false,Rx,0,8,0D,10,83,B6,09,20,70,00,
0,00000054,false,Rx,0,8,01,05,EF,00,EC,02,00,00,
0,00000055,false,Rx,0,8,10,27,00,00,00,00,00,00,
0,00000056,false,Rx,0,8,10,27,00,00,00,00,00,00,
157000,00000057,false,Rx,0,8,00,00,FE,FF,FE,FF,00,00,
190000,00000625,false,Rx,0,8,25,00,59,86,01,54,5C,06,
246000,0000060D,false,Rx,0,8,0D,10,83,B6,09,20,70,00,
0,000002C4,false,Rx,0,8,09,20,00,00,EC,02,00,00,
0,000002C5,false,Rx,0,8,00,00,00,00,00,00,00,00,
282000,000002C6,false,Rx,0,8,32,00,7C,01,00,00,00,00,
289000,00000625,false,Rx,0,8,25,00,59,86,01,54,5C,06,
347000,0000060D,false,Rx,0,8,0D,10,83,B6,09,20,70,00,
356000,00000054,false,Rx,0,8,01,05,EF,00,EC,02,00,00,
356000,00000055,false,Rx,0,8,10,27,00,00,00,00,00,00,
356000,00000056,false,Rx,0,8,10,27,00,00,00,00,00,00,
356000,00000057,false,Rx,0,8,00,00,FE,FF,FE,FF,00,00,
389000,00000625,false,Rx,0,8,25,00,59,86,01,54,5C,06,
447000,0000060D,false,Rx,0,8,0D,10,83,B6,09,20,70,00,
489000,00000625,false,Rx,0,8,25,00,59,86,01,54,5C,06,
0,000002C4,false,Rx,0,8,09,20,00,00,EC,02,00,00,
0,000002C5,false,Rx,0,8,00,00,00,00,00,00,00,00,
0,000002C6,false,Rx,0,8,32,00,7C,01,00,00,00,00,
546000,0000060D,false,Rx,0,8,0D,10,83,B6,09,20,70,00,
555000,00000054,false,Rx,0,8,01,05,EF,00,EC,02,00,00,
0,00000055,false,Rx,0,8,10,27,00,00,00,00,00,00,
0,00000056,false,Rx,0,8,10,27,00,00,00,00,00,00,
558000,00000057,false,Rx,0,8,00,00,FE,FF,FE,FF,00,00,
589000,00000625,false,Rx,0,8,25,00,59,86,01,54,5C,06,
647000,0000060D,false,Rx,0,8,0D,10,83,B6,09,20,70,00,
689000,00000625,false,Rx,0,8,25,00,59,86,01,54,5C,06,
721000,000002C4,false,Rx,0,8,09,20,00,00,EC,02,00,00,
721000,000002C5,false,Rx,0,8,00,00,00,00,00,00,00,00,
721000,000002C6,false,Rx,0,8,32,00,7C,01,00,00,00,00,
747000,0000060D,false,Rx,0,8,0D,10,83,B6,09,20,70,00,
0,00000054,false,Rx,0,8,01,05,EF,00,EC,02,00,00,
0,00000055,false,Rx,0,8,10,27,00,00,00,00,00,00,
757000,00000056,false,Rx,0,8,10,27,00,00,00,00,00,00,
757000,00000057,false,Rx,0,8,00,00,FE,FF,FE,FF,00,00,
789000,00000625,false,Rx,0,8,25,00,59,86,01,54,5C,06,
846000,0000060D,false,Rx,0,8,0D,10,83,B6,09,20,70,00,
889000,00000625,false,Rx,0,8,25,00,59,86,01,54,5C,06,
940000,000002C4,false,Rx,0,8,09,20,00,00,EC,02,00,00,
941000,000002C5,false,Rx,0,8,00,00,00,00,00,00,00,00,
941000,000002C6,false,Rx,0,8,32,00,7C,01,00,00,00,00,
947000,0000060D,false,Rx,0,8,0D,10,83,B6,09,20,70,00,
0,00000054,false,Rx,0,8,01,05,EF,00,EC,02,00,00,
0,00000055,false,Rx,0,8,10,27,00,00,00,00,00,00,
957000,00000056,false,Rx,0,8,10,27,00,00,00,00,00,00,
957000,00000057,false,Rx,0,8,00,00,FE,FF,FE,FF,00,00,
990000,00000625,false,Rx,0,8,25,00,59,86,01,54,5C,06,
47000,0000060D,false,Rx,0,8,0D,10,83,B6,09,20,70,00,
89000,00000625,false,Rx,0,8,25,00,59,86,01,54,5C,06,
147000,0000060D,false,Rx,0,8,0D,10,83,B6,09,20,70,00,
0,00000054,false,Rx,0,8,01,05,EF,00,EC,02,00,00,
0,00000055,false,Rx,0,8,10,27,00,00,00,00,00,00,
0,00000056,false,Rx,0,8,10,27,00,00,00,00,00,00,
157000,00000057,false,Rx,0,8,00,00,FE,FF,FE,FF,00,00,
160000,000002C4,false,Rx,0,8,09,20,00,00,EC,02,00,00,
161000,000002C5,false,Rx,0,8,00,00,00,00,00,00,00,00,
161000,000002C6,false,Rx,0,8,32,00,7C,01,00,00,00,00,
189000,00000625,false,Rx,0,8,25,00,59,86,01,54,5C,06,
247000,0000060D,false,Rx,0,8,0D,10,83,B6,09,20,70,00,
290000,00000625,false,Rx,0,8,25,00,59,86,01,54,5C,06,
346000,0000060D,false,Rx,0,8,0D,10,83,B6,09,20,70,00,
356000,00000054,false,Rx,0,8,01,05,EF,00,EC,02,00,00,
356000,00000055,false,Rx,0,8,10,27,00,00,00,00,00,00,
357000,00000056,false,Rx,0,8,10,27,00,00,00,00,00,00,
357000,00000057,false,Rx,0,8,00,00,FE,FF,FE,FF,00,00,
380000,000002C4,false,Rx,0,8,09,20,00,00,EC,02,00,00,
381000,000002C5,false,Rx,0,8,00,00,00,00,00,00,00,00,
381000,000002C6,false,Rx,0,8,32,00,7C,01,00,00,00,00,
389000,00000625,false,Rx,0,8,25,00,59,86,01,54,5C,06,
446000,0000060D,false,Rx,0,8,0D,10,83,B6,09,20,70,00,
489000,00000625,false,Rx,0,8,25,00,59,86,01,54,5C,06,
547000,0000060D,false,Rx,0,8,0D,10,83,B6,09,20,70,00,
556000,00000054,false,Rx,0,8,01,05,EF,00,EC,02,00,00,
556000,00000055,false,Rx,0,8,10,27,00,00,00,00,00,00,
556000,00000056,false,Rx,0,8,10,27,00,00,00,00,00,00,
556000,00000057,false,Rx,0,8,00,00,FE,FF,FE,FF,00,00,
589000,00000625,false,Rx,0,8,25,00,59,86,01,54,5C,06,
600000,000002C4,false,Rx,0,8,09,20,00,00,EC,02,00,00,
601000,000002C5,false,Rx,0,8,00,00,00,00,00,00,00,00,
601000,000002C6,false,Rx,0,8,32,00,7C,01,00,00,00,00,
647000,0000060D,false,Rx,0,8,0D,10,83,B6,09,20,70,00,
689000,00000625,false,Rx,0,8,25,00,59,86,01,54,5C,06,
747000,0000060D,false,Rx,0,8,0D,10,83,B6,09,20,70,00,
756000,00000054,false,Rx,0,8,01,05,EF,00,EC,02,00,00,
756000,00000055,false,Rx,0,8,10,27,00,00,00,00,00,00,
0,00000056,false,Rx,0,8,10,27,00,00,00,00,00,00,
0,00000057,false,Rx,0,8,00,00,FE,FF,FE,FF,00,00,
789000,00000625,false,Rx,0,8,25,00,59,86,01,54,5C,06,
821000,000002C4,false,Rx,0,8,09,20,00,00,EC,02,00,00,
821000,000002C5,false,Rx,0,8,00,00,00,00,00,00,00,00,
821000,000002C6,false,Rx,0,8,32,00,7C,01,00,00,00,00,
846000,0000060D,false,Rx,0,8,0D,10,83,B6,09,20,70,00,
889000,00000625,false,Rx,0,8,25,00,59,86,01,54,5C,06,
947000,0000060D,false,Rx,0,8,0D,10,83,B6,09,20,70,00,
956000,00000054,false,Rx,0,8,01,05,EF,00,EC,02,00,00,
0,00000055,false,Rx,0,8,10,27,00,00,00,00,00,00,
0,00000056,false,Rx,0,8,10,27,00,00,00,00,00,00,
956000,00000057,false,Rx,0,8,00,00,FE,FF,FE,FF,00,00,
989000,00000625,false,Rx,0,8,25,00,59,86,01,54,5C,06,
41000,000002C4,false,Rx,0,8,09,20,00,00,EC,02,00,00,
41000,000002C5,false,Rx,0,8,00,00,00,00,00,00,00,00,
41000,000002C6,false,Rx,0,8,32,00,7C,01,00,00,00,00,
46000,0000060D,false,Rx,0,8,0D,10,83,B6,09,20,70,00,
89000,00000625,false,Rx,0,8,25,00,59,86,01,54,5C,06,
146000,0000060D,false,Rx,0,8,0D,10,83,B6,09,20,70,00,
0,00000054,false,Rx,0,8,01,05,EF,00,EC,02,00,00,
0,00000055,false,Rx,0,8,10,27,00,00,00,00,00,00,
0,00000056,false,Rx,0,8,10,27,00,00,00,00,00,00,
157000,00000057,false,Rx,0,8,00,00,FE,FF,FE,FF,00,00,
190000,00000625,false,Rx,0,8,25,00,59,86,01,54,5C,06,
247000,0000060D,false,Rx,0,8,0D,10,83,B6,09,20,70,00,
261000,000002C4,false,Rx,0,8,09,20,00,00,EC,02,00,00,
261000,000002C5,false,Rx,0,8,00,00,00,00,00,00,00,00,
261000,000002C6,false,Rx,0,8,32,00,7C,01,00,00,00,00,
289000,00000625,false,Rx,0,8,25,00,59,86,01,54,5C,06,
347000,0000060D,false,Rx,0,8,0D,10,83,B6,09,20,70,00,
356000,00000054,false,Rx,0,8,01,05,EF,00,EC,02,00,00,
357000,00000055,false,Rx,0,8,10,27,00,00,00,00,00,00,
357000,00000056,false,Rx,0,8,10,27,00,00,00,00,00,00,
357000,00000057,false,Rx,0,8,00,00,FE,FF,FE,FF,00,00,
390000,00000625,false,Rx,0,8,25,00,59,86,01,54,5C,06,
446000,0000060D,false,Rx,0,8,0D,10,83,B6,09,20,70,00,
480000,000002C4,false,Rx,0,8,09,20,00,00,EC,02,00,00,
480000,000002C5,false,Rx,0,8,00,00,00,00,00,00,00,00,
481000,000002C6,false,Rx,0,8,32,00,7C,01,00,00,00,00,
490000,00000625,false,Rx,0,8,25,00,59,86,01,54,5C,06,
546000,0000060D,false,Rx,0,8,0D,10,83,B6,09,20,70,00,
556000,00000054,false,Rx,0,8,01,05,EF,00,EC,02,00,00,
557000,00000055,false,Rx,0,8,10,27,00,00,00,00,00,00,
557000,00000056,false,Rx,0,8,10,27,00,00,00,00,00,00,
557000,00000057,false,Rx,0,8,00,00,FE,FF,FE,FF,00,00,
590000,00000625,false,Rx,0,8,25,00,59,86,01,54,5C,06,
647000,0000060D,false,Rx,0,8,0D,10,83,B6,09,20,70,00,
689000,00000625,false,Rx,0,8,25,00,59,86,01,54,5C,06,
701000,000002C4,false,Rx,0,8,09,20,00,00,EC,02,00,00,
701000,000002C5,false,Rx,0,8,00,00,00,00,00,00,00,00,
701000,000002C6,false,Rx,0,8,32,00,7C,01,00,00,00,00,
747000,0000060D,false,Rx,0,8,0D,10,83,B6,09,20,70,00,
756000,00000054,false,Rx,0,8,01,05,EF,00,EC,02,00,00,
756000,00000055,false,Rx,0,8,10,27,00,00,00,00,00,00,
0,00000056,false,Rx,0,8,10,27,00,00,00,00,00,00,
0,00000057,false,Rx,0,8,00,00,FE,FF,FE,FF,00,00,
789000,00000625,false,Rx,0,8,25,00,59,86,01,54,5C,06,
846000,0000060D,false,Rx,0,8,0D,10,83,B6,09,20,70,00,
889000,00000625,false,Rx,0,8,25,00,59,86,01,54,5C,06,
921000,000002C4,false,Rx,0,8,09,20,00,00,EC,02,00,00,
921000,000002C5,false,Rx,0,8,00,00,00,00,00,00,00,00,
921000,000002C6,false,Rx,0,8,32,00,7C,01,00,00,00,00,
947000,0000060D,false,Rx,0,8,0D,10,83,B6,09,20,70,00,
957000,00000054,false,Rx,0,8,01,05,EF,00,EC,02,00,00,
957000,00000055,false,Rx,0,8,10,27,00,00,00,00,00,00,
957000,00000056,false,Rx,0,8,10,27,00,00,00,00,00,00,
957000,00000057,false,Rx,0,8,00,00,FE,FF,FE,FF,00,00,
990000,00000625,false,Rx,0,8,25,00,59,86,01,54,5C,06,
47000,0000060D,false,Rx,0,8,0D,10,83,B6,09,20,70,00,
90000,00000625,false,Rx,0,8,25,00,59,86,01,54,5C,06,
0,000002C4,false,Rx,0,8,09,20,00,00,EC,02,00,00,
0,000002C5,false,Rx,0,8,00,00,00,00,00,00,00,00,
141000,000002C6,false,Rx,0,8,32,00,7C,01,00,00,00,00,
146000,0000060D,false,Rx,0,8,0D,10,83,B6,09,20,70,00,
0,00000054,false,Rx,0,8,01,05,EF,00,EC,02,00,00,
0,00000055,false,Rx,0,8,10,27,00,00,00,00,00,00,
0,00000056,false,Rx,0,8,10,27,00,00,00,00,00,00,
157000,00000057,false,Rx,0,8,00,00,FE,FF,FE,FF,00,00,
189000,00000625,false,Rx,0,8,25,00,59,86,01,54,5C,06,
246000,0000060D,false,Rx,0,8,0D,10,83,B6,09,20,70,00,
289000,00000625,false,Rx,0,8,25,00,59,86,01,54,5C,06,
347000,0000060D,false,Rx,0,8,0D,10,83,B6,09,20,70,00,
356000,00000054,false,Rx,0,8,01,05,EF,00,EC,02,00,00,
356000,00000055,false,Rx,0,8,10,27,00,00,00,00,00,00,
357000,00000056,false,Rx,0,8,10,27,00,00,00,00,00,00,
357000,00000057,false,Rx,0,8,00,00,FE,FF,FE,FF,00,00,
360000,000002C4,false,Rx,0,8,09,20,00,00,EC,02,00,00,
361000,000002C5,false,Rx,0,8,00,00,00,00,00,00,00,00,
361000,000002C6,false,Rx,0,8,32,00,7C,01,00,00,00,00,
389000,00000625,false,Rx,0,8,25,00,59,86,01,54,5C,06,
446000,0000060D,false,Rx,0,8,0D,10,83,B6,09,20,70,00,
489000,00000625,false,Rx,0,8,25,00,59,86,01,54,5C,06,
546000,0000060D,false,Rx,0,8,0D,10,83,B6,09,20,70,00,
557000,00000054,false,Rx,0,8,01,05,EF,00,EC,02,00,00,
557000,00000055,false,Rx,0,8,10,27,00,00,00,00,00,00,
557000,00000056,false,Rx,0,8,10,27,00,00,00,00,00,00,
557000,00000057,false,Rx,0,8,00,00,FE,FF,FE,FF,00,00,
580000,000002C4,false,Rx,0,8,09,20,00,00,EC,02,00,00,
580000,000002C5,false,Rx,0,8,00,00,00,00,00,00,00,00,
581000,000002C6,false,Rx,0,8,32,00,7C,01,00,00,00,00,
589000,00000625,false,Rx,0,8,25,00,59,86,01,54,5C,06,
646000,0000060D,false,Rx,0,8,0D,10,83,B6,09,20,70,00,
690000,00000625,false,Rx,0,8,25,00,59,86,01,54,5C,06,
747000,0000060D,false,Rx,0,8,0D,10,83,B6,09,20,70,00,
756000,00000054,false,Rx,0,8,01,05,EF,00,EC,02,00,00,
756000,00000055,false,Rx,0,8,10,27,00,00,00,00,00,00,
757000,00000056,false,Rx,0,8,10,27,00,00,00,00,00,00,
757000,00000057,false,Rx,0,8,00,00,FE,FF,FE,FF,00,00,
789000,00000625,false,Rx,0,8,25,00,59,86,01,54,5C,06,
800000,000002C4,false,Rx,0,8,09,20,00,00,EC,02,00,00,
801000,000002C5,false,Rx,0,8,00,00,00,00,00,00,00,00,
801000,000002C6,false,Rx,0,8,32,00,7C,01,00,00,00,00,
846000,0000060D,false,Rx,0,8,0D,10,83,B6,09,20,70,00,
889000,00000625,false,Rx,0,8,25,00,59,86,01,54,5C,06,
947000,0000060D,false,Rx,0,8,0D,10,83,B6,09,20,70,00,
956000,00000054,false,Rx,0,8,01,05,EF,00,EC,02,00,00,
956000,00000055,false,Rx,0,8,10,27,00,00,00,00,00,00,
956000,00000056,false,Rx,0,8,10,27,00,00,00,00,00,00,
957000,00000057,false,Rx,0,8,00,00,FE,FF,FE,FF,00,00,
989000,00000625,false,Rx,0,8,25,00,59,86,01,54,5C,06,
21000,000002C4,false,Rx,0,8,09,20,00,00,EC,02,00,00,
0,000002C5,false,Rx,0,8,00,00,00,00,00,00,00,00,
0,000002C6,false,Rx,0,8,32,00,7C,01,00,00,00,00,
47000,0000060D,false,Rx,0,8,0D,10,83,B6,09,20,70,00,
89000,00000625,false,Rx,0,8,25,00,59,86,01,54,5C,06,
146000,0000060D,false,Rx,0,8,0D,10,83,B6,09,20,70,00,
0,00000054,false,Rx,0,8,01,05,EF,00,EC,02,00,00,
0,00000055,false,Rx,0,8,10,27,00,00,00,00,00,00,
0,00000056,false,Rx,0,8,10,27,00,00,00,00,00,00,
0,00000057,false,Rx,0,8,00,00,FE,FF,FE,FF,00,00,
189000,00000625,false,Rx,0,8,25,00,59,86,01,54,5C,06,
241000,000002C4,false,Rx,0,8,09,20,00,00,EC,02,00,00,
241000,000002C5,false,Rx,0,8,00,00,00,00,00,00,00,00,
241000,000002C6,false,Rx,0,8,32,00,7C,01,00,00,00,00,
246000,0000060D,false,Rx,0,8,0D,10,83,B6,09,20,70,00,
290000,00000625,false,Rx,0,8,25,00,59,86,01,54,5C,06,
346000,0000060D,false,Rx,0,8,0D,10,83,B6,09,20,70,00,
356000,00000054,false,Rx,0,8,01,05,EF,00,EC,02,00,00,
356000,00000055,false,Rx,0,8,10,27,00,00,00,00,00,00,
356000,00000056,false,Rx,0,8,10,27,00,00,00,00,00,00,
356000,00000057,false,Rx,0,8,00,00,FE,FF,FE,FF,00,00,
390000,00000625,false,Rx,0,8,25,00,59,86,01,54,5C,06,
446000,0000060D,false,Rx,0,8,0D,10,83,B6,09,20,70,00,
460000,000002C4,false,Rx,0,8,09,20,00,00,EC,02,00,00,
461000,000002C5,false,Rx,0,8,00,00,00,00,00,00,00,00,
461000,000002C6,false,Rx,0,8,32,00,7C,01,00,00,00,00,
490000,00000625,false,Rx,0,8,25,00,59,86,01,54,5C,06,
547000,0000060D,false,Rx,0,8,0D,10,83,B6,09,20,70,00,
556000,00000054,false,Rx,0,8,01,05,EF,00,EC,02,00,00,
556000,00000055,false,Rx,0,8,10,27,00,00,00,00,00,00,
556000,00000056,false,Rx,0,8,10,27,00,00,00,00,00,00,
556000,00000057,false,Rx,0,8,00,00,FE,FF,FE,FF,00,00,
590000,00000625,false,Rx,0,8,25,00,59,86,01,54,5C,06,
647000,0000060D,false,Rx,0,8,0D,10,83,B6,09,20,70,00,
681000,000002C4,false,Rx,0,8,09,20,00,00,EC,02,00,00,
681000,000002C5,false,Rx,0,8,00,00,00,00,00,00,00,00,
681000,000002C6,false,Rx,0,8,32,00,7C,01,00,00,00,00,
689000,00000625,false,Rx,0,8,25,00,59,86,01,54,5C,06,
747000,0000060D,false,Rx,0,8,0D,10,83,B6,09,20,70,00,
757000,00000054,false,Rx,0,8,01,05,EF,00,EC,02,00,00,
757000,00000055,false,Rx,0,8,10,27,00,00,00,00,00,00,
757000,00000056,false,Rx,0,8,10,27,00,00,00,00,00,00,
757000,00000057,false,Rx,0,8,00,00,FE,FF,FE,FF,00,00,
790000,00000625,false,Rx,0,8,25,00,59,86,01,54,5C,06,
847000,0000060D,false,Rx,0,8,0D,10,83,B6,09,20,70,00,
890000,00000625,false,Rx,0,8,25,00,59,86,01,54,5C,06,
901000,000002C4,false,Rx,0,8,09,20,00,00,EC,02,00,00,
901000,000002C5,false,Rx,0,8,00,00,00,00,00,00,00,00,
901000,000002C6,false,Rx,0,8,32,00,7C,01,00,00,00,00,
946000,0000060D,false,Rx,0,8,0D,10,83,B6,09,20,70,00,
957000,00000054,false,Rx,0,8,01,05,EF,00,EC,02,00,00,
957000,00000055,false,Rx,0,8,10,27,00,00,00,00,00,00,
957000,00000056,false,Rx,0,8,10,27,00,00,00,00,00,00,
957000,00000057,false,Rx,0,8,00,00,FE,FF,FE,FF,00,00,
989000,00000625,false,Rx,0,8,25,00,59,86,01,54,5C,06,
47000,0000060D,false,Rx,0,8,0D,10,83,B6,09,20,70,00,
90000,00000625,false,Rx,0,8,25,00,59,86,01,54,5C,06,
121000,000002C4,false,Rx,0,8,09,20,00,00,EC,02,00,00,
121000,000002C5,false,Rx,0,8,00,00,00,00,00,00,00,00,
121000,000002C6,false,Rx,0,8,32,00,7C,01,00,00,00,00,
146000,0000060D,false,Rx,0,8,0D,10,83,B6,09,20,70,00,
0,00000054,false,Rx,0,8,01,05,EF,00,EC,02,00,00,
0,00000055,false,Rx,0,8,10,27,00,00,00,00,00,00,
0,00000056,false,Rx,0,8,10,27,00,00,00,00,00,00,
157000,00000057,false,Rx,0,8,00,00,FE,FF,FE,FF,00,00,
189000,00000625,false,Rx,0,8,25,00,59,86,01,54,5C,06,
246000,0000060D,false,Rx,0,8,0D,10,83,B6,09,20,70,00,
267000,00000065,false,Rx,0,8,EF,02,02,00,00,00,00,00,
289000,00000625,false,Rx,0,8,25,00,59,86,01,54,5C,06,
341000,000002C4,false,Rx,0,8,09,20,00,00,EC,02,00,00,
341000,000002C5,false,Rx,0,8,00,00,00,00,00,00,00,00,
341000,000002C6,false,Rx,0,8,32,00,7C,01,00,00,00,00,
346000,0000060D,false,Rx,0,8,0D,10,83,B6,09,20,70,00,
356000,00000054,false,Rx,0,8,01,05,EF,00,EF,02,00,00,
356000,00000055,false,Rx,0,8,10,27,00,00,00,00,00,00,
356000,00000056,false,Rx,0,8,10,27,00,00,00,00,00,00,
356000,00000057,false,Rx,0,8,00,00,FE,FF,FE,FF,00,00,
389000,00000625,false,Rx,0,8,25,00,59,86,01,54,5C,06,
417000,00000065,false,Rx,0,8,EF,02,02,00,00,00,00,00,
447000,0000060D,false,Rx,0,8,0D,10,83,B6,09,20,70,00,
490000,00000625,false,Rx,0,8,25,00,59,86,01,54,5C,06,
547000,0000060D,false,Rx,0,8,0D,10,83,B6,09,20,70,00,
556000,00000054,false,Rx,0,8,01,05,EF,00,EF,02,00,00,
556000,00000055,false,Rx,0,8,10,27,00,00,00,00,00,00,
556000,00000056,false,Rx,0,8,10,27,00,00,00,00,00,00,
557000,00000057,false,Rx,0,8,00,00,FE,FF,FE,FF,00,00,
560000,000002C4,false,Rx,0,8,09,20,00,00,EF,02,00,00,
560000,000002C5,false,Rx,0,8,00,00,00,00,00,00,00,00,
561000,000002C6,false,Rx,0,8,32,00,7C,01,00,00,00,00,
566000,00000065,false,Rx,0,8,EF,02,02,00,00,00,00,00,
589000,00000625,false,Rx,0,8,25,00,59,86,01,54,5C,06,
647000,0000060D,false,Rx,0,8,0D,10,83,B6,09,20,70,00,
689000,00000625,false,Rx,0,8,25,00,59,86,01,54,5C,06,
717000,00000065,false,Rx,0,8,EF,02,02,00,00,00,00,00,
747000,0000060D,false,Rx,0,8,0D,10,83,B6,09,20,70,00,
756000,00000054,false,Rx,0,8,01,05,EF,00,EF,02,00,00,
756000,00000055,false,Rx,0,8,10,27,00,00,00,00,00,00,
756000,00000056,false,Rx,0,8,10,27,00,00,00,00,00,00,
756000,00000057,false,Rx,0,8,00,00,FE,FF,FE,FF,00,00,
780000,000002C4,false,Rx,0,8,09,20,00,00,EF,02,00,00,
780000,000002C5,false,Rx,0,8,00,00,00,00,00,00,00,00,
781000,000002C6,false,Rx,0,8,32,00,7C,01,00,00,00,00,
789000,00000625,false,Rx,0,8,25,00,59,86,01,54,5C,06,
847000,0000060D,false,Rx,0,8,0D,10,83,B6,09,20,70,00,
889000,00000625,false,Rx,0,8,25,00,59,86,01,54,5C,06,
947000,0000060D,false,Rx,0,8,0D,10,83,B6,09,20,70,00,
0,00000054,false,Rx,0,8,01,05,EF,00,EF,02,00,00,
0,00000055,false,Rx,0,8,10,27,00,00,00,00,00,00,
0,00000056,false,Rx,0,8,10,27,00,00,00,00,00,00,
956000,00000057,false,Rx,0,8,00,00,FE,FF,FE,FF,00,00,
990000,00000625,false,Rx,0,8,25,00,59,86,01,54,5C,06,
0,000002C4,false,Rx,0,8,09,20,00,00,EF,02,00,00,
0,000002C5,false,Rx,0,8,00,00,00,00,00,00,00,00,
1000,000002C6,false,Rx,0,8,32,00,7C,01,00,00,00,00,
46000,0000060D,false,Rx,0,8,0D,10,83,B6,09,20,70,00,
90000,00000625,false,Rx,0,8,25,00,59,86,01,54,5C,06,
147000,0000060D,false,Rx,0,8,0D,10,83,B6,09,20,70,00,
0,00000054,false,Rx,0,8,01,05,EF,00,EF,02,00,00,
0,00000055,false,Rx,0,8,10,27,00,00,00,00,00,00,
0,00000056,false,Rx,0,8,10,27,00,00,00,00,00,00,
0,00000057,false,Rx,0,8,00,00,FE,FF,FE,FF,00,00,
190000,00000625,false,Rx,0,8,25,00,59,86,01,54,5C,06,
221000,000002C4,false,Rx,0,8,09,20,00,00,EF,02,00,00,
221000,000002C5,false,Rx,0,8,00,00,00,00,00,00,00,00,
221000,000002C6,false,Rx,0,8,32,00,7C,01,00,00,00,00,
247000,0000060D,false,Rx,0,8,0D,10,83,B6,09,20,70,00,
289000,00000625,false,Rx,0,8,25,00,59,86,01,54,5C,06,
346000,0000060D,false,Rx,0,8,0D,10,83,B6,09,20,70,00,
0,00000054,false,Rx,0,8,01,05,EF,00,EF,02,00,00,
0,00000055,false,Rx,0,8,10,27,00,00,00,00,00,00,
356000,00000056,false,Rx,0,8,10,27,00,00,00,00,00,00,
357000,00000057,false,Rx,0,8,00,00,FE,FF,FE,FF,00,00,
390000,00000625,false,Rx,0,8,25,00,59,86,01,54,5C,06,
441000,000002C4,false,Rx,0,8,09,20,00,00,EF,02,00,00,
441000,000002C5,false,Rx,0,8,00,00,00,00,00,00,00,00,
441000,000002C6,false,Rx,0,8,32,00,7C,01,00,00,00,00,
447000,0000060D,false,Rx,0,8,0D,10,83,B6,09,20,70,00,
489000,00000625,false,Rx,0,8,25,00,59,86,01,54,5C,06,
547000,0000060D,false,Rx,0,8,0D,10,83,B6,09,20,70,00,
556000,00000054,false,Rx,0,8,01,05,EF,00,EF,02,00,00,
556000,00000055,false,Rx,0,8,10,27,00,00,00,00,00,00,
556000,00000056,false,Rx,0,8,10,27,00,00,00,00,00,00,
556000,00000057,false,Rx,0,8,00,00,FE,FF,FE,FF,00,00,
589000,00000625,false,Rx,0,8,25,00,59,86,01,54,5C,06,
646000,0000060D,false,Rx,0,8,0D,10,83,B6,09,20,70,00,
660000,000002C4,false,Rx,0,8,09,20,00,00,EF,02,00,00,
661000,000002C5,false,Rx,0,8,00,00,00,00,00,00,00,00,
661000,000002C6,false,Rx,0,8,32,00,7C,01,00,00,00,00,
689000,00000625,false,Rx,0,8,25,00,59,86,01,54,5C,06,
746000,0000060D,false,Rx,0,8,0D,10,83,B6,09,20,70,00,
756000,00000054,false,Rx,0,8,01,05,EF,00,EF,02,00,00,
756000,00000055,false,Rx,0,8,10,27,00,00,00,00,00,00,
756000,00000056,false,Rx,0,8,10,27,00,00,00,00,00,00,
757000,00000057,false,Rx,0,8,00,00,FE,FF,FE,FF,00,00,
790000,00000625,false,Rx,0,8,25,00,59,86,01,54,5C,06,
846000,0000060D,false,Rx,0,8,0D,10,83,B6,09,20,70,00,
881000,000002C4,false,Rx,0,8,09,20,00,00,EF,02,00,00,
881000,000002C5,false,Rx,0,8,00,00,00,00,00,00,00,00,
881000,000002C6,false,Rx,0,8,32,00,7C,01,00,00,00,00,
889000,00000625,false,Rx,0,8,25,00,59,86,01,54,5C,06,
947000,0000060D,false,Rx,0,8,0D,10,83,B6,09,20,70,00,
957000,00000054,false,Rx,0,8,01,05,EF,00,EF,02,00,00,
957000,00000055,false,Rx,0,8,10,27,00,00,00,00,00,00,
957000,00000056,false,Rx,0,8,10,27,00,00,00,00,00,00,
957000,00000057,false,Rx,0,8,00,00,FE,FF,FE,FF,00,00,
990000,00000625,false,Rx,0,8,25,00,59,86,01,54,5C,06,
47000,0000060D,false,Rx,0,8,0D,10,83,B6,09,20,70,00,
89000,00000625,false,Rx,0,8,25,00,59,86,01,54,5C,06,
101000,000002C4,false,Rx,0,8,09,20,00,00,EF,02,00,00,
101000,000002C5,false,Rx,0,8,00,00,00,00,00,00,00,00,
101000,000002C6,false,Rx,0,8,32,00,7C,01,00,00,00,00,
146000,0000060D,false,Rx,0,8,0D,10,83,B6,09,20,70,00,
0,00000054,false,Rx,0,8,01,05,EF,00,EF,02,00,00,
0,00000055,false,Rx,0,8,10,27,00,00,00,00,00,00,
0,00000056,false,Rx,0,8,10,27,00,00,00,00,00,00,
0,00000057,false,Rx,0,8,00,00,FE,FF,FE,FF,00,00,
190000,00000625,false,Rx,0,8,25,00,59,86,01,54,5C,06,
247000,0000060D,false,Rx,0,8,0D,10,83,B6,09,20,70,00,
289000,00000625,false,Rx,0,8,25,00,59,86,01,54,5C,06,
321000,000002C4,false,Rx,0,8,09,20,00,00,EF,02,00,00,
321000,000002C5,false,Rx,0,8,00,00,00,00,00,00,00,00,
321000,000002C6,false,Rx,0,8,32,00,7C,01,00,00,00,00,
346000,0000060D,false,Rx,0,8,0D,10,83,B6,09,20,70,00,
357000,00000054,false,Rx,0,8,01,05,EF,00,EF,02,00,00,
0,00000055,false,Rx,0,8,10,27,00,00,00,00,00,00,
0,00000056,false,Rx,0,8,10,27,00,00,00,00,00,00,
0,00000057,false,Rx,0,8,00,00,FE,FF,FE,FF,00,00,
390000,00000625,false,Rx,0,8,25,00,59,86,01,54,5C,06,
446000,0000060D,false,Rx,0,8,0D,10,83,B6,09,20,70,00,
489000,00000625,false,Rx,0,8,25,00,59,86,01,54,5C,06,
541000,000002C4,false,Rx,0,8,09,20,00,00,EF,02,00,00,
541000,000002C5,false,Rx,0,8,00,00,00,00,00,00,00,00,
541000,000002C6,false,Rx,0,8,32,00,7C,01,00,00,00,00,
546000,0000060D,false,Rx,0,8,0D,10,83,B6,09,20,70,00,
557000,00000054,false,Rx,0,8,01,05,EF,00,EF,02,00,00,
557000,00000055,false,Rx,0,8,10,27,00,00,00,00,00,00,
557000,00000056,false,Rx,0,8,10,27,00,00,00,00,00,00,
557000,00000057,false,Rx,0,8,00,00,FE,FF,FE,FF,00,00,
589000,00000625,false,Rx,0,8,25,00,59,86,01,54,5C,06,
647000,0000060D,false,Rx,0,8,0D,10,83,B6,09,20,70,00,
690000,00000625,false,Rx,0,8,25,00,59,86,01,54,5C,06,
746000,0000060D,false,Rx,0,8,0D,10,83,B6,09,20,70,00,
757000,00000054,false,Rx,0,8,01,05,EF,00,EF,02,00,00,
757000,00000055,false,Rx,0,8,10,27,00,00,00,00,00,00,
757000,00000056,false,Rx,0,8,10,27,00,00,00,00,00,00,
757000,00000057,false,Rx,0,8,00,00,FE,FF,FE,FF,00,00,
761000,000002C4,false,Rx,0,8,09,20,00,00,EF,02,00,00,
761000,000002C5,false,Rx,0,8,00,00,00,00,00,00,00,00,
761000,000002C6,false,Rx,0,8,32,00,7C,01,00,00,00,00,
789000,00000625,false,Rx,0,8,25,00,59,86,01,54,5C,06,
846000,0000060D,false,Rx,0,8,0D,10,83,B6,09,20,70,00,
890000,00000625,false,Rx,0,8,25,00,59,86,01,54,5C,06,
946000,0000060D,false,Rx,0,8,0D,10,83,B6,09,20,70,00,
956000,00000054,false,Rx,0,8,01,05,EF,00,EF,02,00,00,
957000,00000055,false,Rx,0,8,10,27,00,00,00,00,00,00,
957000,00000056,false,Rx,0,8,10,27,00,00,00,00,00,00,
957000,00000057,false,Rx,0,8,00,00,FE,FF,FE,FF,00,00,
0,000002C4,false,Rx,0,8,09,20,00,00,EF,02,00,00,
0,000002C5,false,Rx,0,8,00,00,00,00,00,00,00,00,
982000,000002C6,false,Rx,0,8,32,00,7C,01,00,00,00,00,
990000,00000625,false,Rx,0,8,25,00,59,86,01,54,5C,06,
46000,0000060D,false,Rx,0,8,0D,10,83,B6,09,20,70,00,
89000,00000625,false,Rx,0,8,25,00,59,86,01,54,5C,06,
147000,0000060D,false,Rx,0,8,0D,10,83,B6,09,20,70,00,
0,00000054,false,Rx,0,8,01,05,EF,00,EF,02,00,00,
0,00000055,false,Rx,0,8,10,27,00,00,00,00,00,00,
157000,00000056,false,Rx,0,8,10,27,00,00,00,00,00,00,
157000,00000057,false,Rx,0,8,00,00,FE,FF,FE,FF,00,00,
190000,00000625,false,Rx,0,8,25,00,59,86,01,54,5C,06,
201000,000002C4,false,Rx,0,8,09,20,00,00,EF,02,00,00,
201000,000002C5,false,Rx,0,8,00,00,00,00,00,00,00,00,
201000,000002C6,false,Rx,0,8,32,00,7C,01,00,00,00,00,
247000,0000060D,false,Rx,0,8,0D,10,83,B6,09,20,70,00,
289000,00000625,false,Rx,0,8,25,00,59,86,01,54,5C,06,
346000,0000060D,false,Rx,0,8,0D,10,83,B6,09,20,70,00,
0,00000054,false,Rx,0,8,01,05,EF,00,EF,02,00,00,
0,00000055,false,Rx,0,8,10,27,00,00,00,00,00,00,
0,00000056,false,Rx,0,8,10,27,00,00,00,00,00,00,
0,00000057,false,Rx,0,8,00,00,FE,FF,FE,FF,00,00,
389000,00000625,false,Rx,0,8,25,00,59,86,01,54,5C,06,
421000,000002C4,false,Rx,0,8,09,20,00,00,EF,02,00,00,
421000,000002C5,false,Rx,0,8,00,00,00,00,00,00,00,00,
422000,000002C6,false,Rx,0,8,32,00,7C,01,00,00,00,00,
447000,0000060D,false,Rx,0,8,0D,10,83,B6,09,20,70,00,
489000,00000625,false,Rx,0,8,25,00,59,86,01,54,5C,06,
547000,0000060D,false,Rx,0,8,0D,10,83,B6,09,20,70,00,
556000,00000054,false,Rx,0,8,01,05,EF,00,EF,02,00,00,
0,00000055,false,Rx,0,8,10,27,00,00,00,00,00,00,
0,00000056,false,Rx,0,8,10,27,00,00,00,00,00,00,
0,00000057,false,Rx,0,8,00,00,FE,FF,FE,FF,00,00,
589000,00000625,false,Rx,0,8,25,00,59,86,01,54,5C,06,
0,000002C4,false,Rx,0,8,09,20,00,00,EF,02,00,00,
0,000002C5,false,Rx,0,8,00,00,00,00,00,00,00,00,
641000,000002C6,false,Rx,0,8,32,00,7C,01,00,00,00,00,
647000,0000060D,false,Rx,0,8,0D,10,83,B6,09,20,70,00,
690000,00000625,false,Rx,0,8,25,00,59,86,01,54,5C,06,
747000,0000060D,false,Rx,0,8,0D,10,83,B6,09,20,70,00,
756000,00000054,false,Rx,0,8,01,05,EF,00,EF,02,00,00,
756000,00000055,false,Rx,0,8,10,27,00,00,00,00,00,00,
0,00000056,false,Rx,0,8,10,27,00,00,00,00,00,00,
0,00000057,false,Rx,0,8,00,00,FE,FF,FE,FF,00,00,
789000,00000625,false,Rx,0,8,25,00,59,86,01,54,5C,06,
847000,0000060D,false,Rx,0,8,0D,10,83,B6,09,20,70,00,
0,000002C4,false,Rx,0,8,09,20,00,00,EF,02,00,00,
0,000002C5,false,Rx,0,8,00,00,00,00,00,00,00,00,
862000,000002C6,false,Rx,0,8,32,00,7C,01,00,00,00,00,
890000,00000625,false,Rx,0,8,25,00,59,86,01,54,5C,06,
947000,0000060D,false,Rx,0,8,0D,10,83,B6,09,20,70,00,
0,00000054,false,Rx,0,8,01,05,EF,00,EF,02,00,00,
0,00000055,false,Rx,0,8,10,27,00,00,00,00,00,00,
957000,00000056,false,Rx,0,8,10,27,00,00,00,00,00,00,
957000,00000057,false,Rx,0,8,00,00,FE,FF,FE,FF,00,00,
989000,00000625,false,Rx,0,8,25,00,59,86,01,54,5C,06,
47000,0000060D,false,Rx,0,8,0D,10,83,B6,09,20,70,00,
80000,000002C4,false,Rx,0,8,09,20,00,00,EF,02,00,00,
80000,000002C5,false,Rx,0,8,00,00,00,00,00,00,00,00,
81000,000002C6,false,Rx,0,8,32,00,7C,01,00,00,00,00,
89000,00000625,false,Rx,0,8,25,00,59,86,01,54,5C,06,
146000,0000060D,false,Rx,0,8,0D,10,83,B6,09,20,70,00,
0,00000054,false,Rx,0,8,01,05,EF,00,EF,02,00,00,
0,00000055,false,Rx,0,8,10,27,00,00,00,00,00,00,
0,00000056,false,Rx,0,8,10,27,00,00,00,00,00,00,
0,00000057,false,Rx,0,8,00,00,FE,FF,FE,FF,00,00,
190000,00000625,false,Rx,0,8,25,00,59,86,01,54,5C,06,
246000,0000060D,false,Rx,0,8,0D,10,83,B6,09,20,70,00,
290000,00000625,false,Rx,0,8,25,00,59,86,01,54,5C,06,
301000,000002C4,false,Rx,0,8,09,20,00,00,EF,02,00,00,
301000,000002C5,false,Rx,0,8,00,00,00,00,00,00,00,00,
301000,000002C6,false,Rx,0,8,32,00,7C,01,00,00,00,00,
347000,0000060D,false,Rx,0,8,0D,10,83,B6,09,20,70,00,
357000,00000054,false,Rx,0,8,01,05,EF,00,EF,02,00,00,
357000,00000055,false,Rx,0,8,10,27,00,00,00,00,00,00,
0,00000056,false,Rx,0,8,10,27,00,00,00,00,00,00,
0,00000057,false,Rx,0,8,00,00,FE,FF,FE,FF,00,00,
390000,00000625,false,Rx,0,8,25,00,59,86,01,54,5C,06,
447000,0000060D,false,Rx,0,8,0D,10,83,B6,09,20,70,00,
489000,00000625,false,Rx,0,8,25,00,59,86,01,54,5C,06,
521000,000002C4,false,Rx,0,8,09,20,00,00,EF,02,00,00,
521000,000002C5,false,Rx,0,8,00,00,00,00,00,00,00,00,
521000,000002C6,false,Rx,0,8,32,00,7C,01,00,00,00,00,
547000,0000060D,false,Rx,0,8,0D,10,83,B6,09,20,70,00,
556000,00000054,false,Rx,0,8,01,05,EF,00,EF,02,00,00,
557000,00000055,false,Rx,0,8,10,27,00,00,00,00,00,00,
557000,00000056,false,Rx,0,8,10,27,00,00,00,00,00,00,
557000,00000057,false,Rx,0,8,00,00,FE,FF,FE,FF,00,00,
589000,00000625,false,Rx,0,8,25,00,59,86,01,54,5C,06,
646000,0000060D,false,Rx,0,8,0D,10,83,B6,09,20,70,00,
689000,00000625,false,Rx,0,8,25,00,59,86,01,54,5C,06,
0,000002C4,false,Rx,0,8,09,20,00,00,EF,02,00,00,
0,000002C5,false,Rx,0,8,00,00,00,00,00,00,00,00,
741000,000002C6,false,Rx,0,8,32,00,7C,01,00,00,00,00,
746000,0000060D,false,Rx,0,8,0D,10,83,B6,09,20,70,00,
756000,00000054,false,Rx,0,8,01,05,EF,00,EF,02,00,00,
757000,00000055,false,Rx,0,8,10,27,00,00,00,00,00,00,
757000,00000056,false,Rx,0,8,10,27,00,00,00,00,00,00,
757000,00000057,false,Rx,0,8,00,00,FE,FF,FE,FF,00,00,
789000,00000625,false,Rx,0,8,25,00,59,86,01,54,5C,06,
847000,0000060D,false,Rx,0,8,0D,10,83,B6,09,20,70,00,
890000,00000625,false,Rx,0,8,25,00,59,86,01,54,5C,06,
946000,0000060D,false,Rx,0,8,0D,10,83,B6,09,20,70,00,
957000,00000054,false,Rx,0,8,01,05,EF,00,EF,02,00,00,
957000,00000055,false,Rx,0,8,10,27,00,00,00,00,00,00,
957000,00000056,false,Rx,0,8,10,27,00,00,00,00,00,00,
958000,00000057,false,Rx,0,8,00,00,FE,FF,FE,FF,00,00,
961000,000002C4,false,Rx,0,8,09,20,00,00,EF,02,00,00,
961000,000002C5,false,Rx,0,8,00,00,00,00,00,00,00,00,
961000,000002C6,false,Rx,0,8,32,00,7C,01,00,00,00,00,
989000,00000625,false,Rx,0,8,25,00,59,86,01,54,5C,06,
47000,0000060D,false,Rx,0,8,0D,10,83,B6,09,20,70,00,
90000,00000625,false,Rx,0,8,25,00,59,86,01,54,5C,06,
147000,0000060D,false,Rx,0,8,0D,10,83,B6,09,20,70,00,
0,00000054,false,Rx,0,8,01,05,EF,00,EF,02,00,00,
0,00000055,false,Rx,0,8,10,27,00,00,00,00,00,00,
0,00000056,false,Rx,0,8,10,27,00,00,00,00,00,00,
0,00000057,false,Rx,0,8,00,00,FE,FF,FE,FF,00,00,
181000,000002C4,false,Rx,0,8,09,20,00,00,EF,02,00,00,
181000,000002C5,false,Rx,0,8,00,00,00,00,00,00,00,00,
181000,000002C6,false,Rx,0,8,32,00,7C,01,00,00,00,00,
189000,00000625,false,Rx,0,8,25,00,59,86,01,54,5C,06,
247000,0000060D,false,Rx,0,8,0D,10,83,B6,09,20,70,00,
290000,00000625,false,Rx,0,8,25,00,59,86,01,54,5C,06,
347000,0000060D,false,Rx,0,8,0D,10,83,B6,09,20,70,00,
0,00000054,false,Rx,0,8,01,05,EF,00,EF,02,00,00,
0,00000055,false,Rx,0,8,10,27,00,00,00,00,00,00,
0,00000056,false,Rx,0,8,10,27,00,00,00,00,00,00,
357000,00000057,false,Rx,0,8,00,00,FE,FF,FE,FF,00,00,
389000,00000625,false,Rx,0,8,25,00,59,86,01,54,5C,06,
401000,000002C4,false,Rx,0,8,09,20,00,00,EF,02,00,00,
401000,000002C5,false,Rx,0,8,00,00,00,00,00,00,00,00,
401000,000002C6,false,Rx,0,8,32,00,7C,01,00,00,00,00,
447000,0000060D,false,Rx,0,8,0D,10,83,B6,09,20,70,00,
489000,00000625,false,Rx,0,8,25,00,59,86,01,54,5C,06,
546000,0000060D,false,Rx,0,8,0D,10,83,B6,09,20,70,00,
556000,00000054,false,Rx,0,8,01,05,EF,00,EF,02,00,00,
556000,00000055,false,Rx,0,8,10,27,00,00,00,00,00,00,
556000,00000056,false,Rx,0,8,10,27,00,00,00,00,00,00,
557000,00000057,false,Rx,0,8,00,00,FE,FF,FE,FF,00,00,
590000,00000625,false,Rx,0,8,25,00,59,86,01,54,5C,06,
621000,000002C4,false,Rx,0,8,09,20,00,00,EF,02,00,00,
621000,000002C5,false,Rx,0,8,00,00,00,00,00,00,00,00,
621000,000002C6,false,Rx,0,8,32,00,7C,01,00,00,00,00,
646000,0000060D,false,Rx,0,8,0D,10,83,B6,09,20,70,00,
690000,00000625,false,Rx,0,8,25,00,59,86,01,54,5C,06,
747000,0000060D,false,Rx,0,8,0D,10,83,B6,09,20,70,00,
756000,00000054,false,Rx,0,8,01,05,EF,00,EF,02,00,00,
756000,00000055,false,Rx,0,8,10,27,00,00,00,00,00,00,
757000,00000056,false,Rx,0,8,10,27,00,00,00,00,00,00,
757000,00000057,false,Rx,0,8,00,00,FE,FF,FE,FF,00,00,
789000,00000625,false,Rx,0,8,25,00,59,86,01,54,5C,06,
841000,000002C4,false,Rx,0,8,09,20,00,00,EF,02,00,00,
841000,000002C5,false,Rx,0,8,00,00,00,00,00,00,00,00,
841000,000002C6,false,Rx,0,8,32,00,7C,01,00,00,00,00,
846000,0000060D,false,Rx,0,8,0D,10,83,B6,09,20,70,00,
889000,00000625,false,Rx,0,8,25,00,59,86,01,54,5C,06,
947000,0000060D,false,Rx,0,8,0D,10,83,B6,09,20,70,00,
956000,00000054,false,Rx,0,8,01,05,EF,00,EF,02,00,00,
956000,00000055,false,Rx,0,8,10,27,00,00,00,00,00,00,
956000,00000056,false,Rx,0,8,10,27,00,00,00,00,00,00,
957000,00000057,false,Rx,0,8,00,00,FE,FF,FE,FF,00,00,
989000,00000625,false,Rx,0,8,25,00,59,86,01,54,5C,06,
45000,0000060D,false,Rx,0,8,0D,10,83,B6,09,20,70,00,
60000,000002C4,false,Rx,0,8,09,20,00,00,EF,02,00,00,
60000,000002C5,false,Rx,0,8,00,00,00,00,00,00,00,00,
61000,000002C6,false,Rx,0,8,32,00,7C,01,00,00,00,00,
89000,00000625,false,Rx,0,8,25,00,59,86,01,54,5C,06,
147000,0000060D,false,Rx,0,8,0D,10,83,B6,09,20,70,00,
0,00000054,false,Rx,0,8,01,05,EF,00,EF,02,00,00,
0,00000055,false,Rx,0,8,10,27,00,00,00,00,00,00,
0,00000056,false,Rx,0,8,10,27,00,00,00,00,00,00,
157000,00000057,false,Rx,0,8,00,00,FE,FF,FE,FF,00,00,
189000,00000625,false,Rx,0,8,25,00,59,86,01,54,5C,06,
247000,0000060D,false,Rx,0,8,0D,10,83,B6,09,20,70,00,
280000,000002C4,false,Rx,0,8,09,20,00,00,EF,02,00,00,
280000,000002C5,false,Rx,0,8,00,00,00,00,00,00,00,00,
281000,000002C6,false,Rx,0,8,32,00,7C,01,00,00,00,00,
290000,00000625,false,Rx,0,8,25,00,59,86,01,54,5C,06,
347000,0000060D,false,Rx,0,8,0D,10,83,B6,09,20,70,00,
356000,00000054,false,Rx,0,8,01,05,EF,00,EF,02,00,00,
357000,00000055,false,Rx,0,8,10,27,00,00,00,00,00,00,
357000,00000056,false,Rx,0,8,10,27,00,00,00,00,00,00,
357000,00000057,false,Rx,0,8,00,00,FE,FF,FE,FF,00,00,
390000,00000625,false,Rx,0,8,25,00,59,86,01,54,5C,06,
448000,0000060D,false,Rx,0,8,0D,10,83,B6,09,20,70,00,
489000,00000625,false,Rx,0,8,25,00,59,86,01,54,5C,06,
0,000002C4,false,Rx,0,8,09,20,00,00,EF,02,00,00,
0,000002C5,false,Rx,0,8,00,00,00,00,00,00,00,00,
502000,000002C6,false,Rx,0,8,32,00,7C,01,00,00,00,00,
547000,0000060D,false,Rx,0,8,0D,10,83,B6,09,20,70,00,
557000,00000054,false,Rx,0,8,01,05,EF,00,EF,02,00,00,
0,00000055,false,Rx,0,8,10,27,00,00,00,00,00,00,
0,00000056,false,Rx,0,8,10,27,00,00,00,00,00,00,
557000,00000057,false,Rx,0,8,00,00,FE,FF,FE,FF,00,00,
589000,00000625,false,Rx,0,8,25,00,59,86,01,54,5C,06,
646000,0000060D,false,Rx,0,8,0D,10,83,B6,09,20,70,00,
689000,00000625,false,Rx,0,8,25,00,59,86,01,54,5C,06,
0,000002C4,false,Rx,0,8,09,20,00,00,EF,02,00,00,
0,000002C5,false,Rx,0,8,00,00,00,00,00,00,00,00,
721000,000002C6,false,Rx,0,8,32,00,7C,01,00,00,00,00,
747000,0000060D,false,Rx,0,8,0D,10,83,B6,09,20,70,00,
756000,00000054,false,Rx,0,8,01,05,EF,00,EF,02,00,00,
756000,00000055,false,Rx,0,8,10,27,00,00,00,00,00,00,
757000,00000056,false,Rx,0,8,10,27,00,00,00,00,00,00,
757000,00000057,false,Rx,0,8,00,00,FE,FF,FE,FF,00,00,
788000,00000625,false,Rx,0,8,25,00,59,86,01,54,5C,06,
847000,0000060D,false,Rx,0,8,0D,10,83,B6,09,20,70,00,
889000,00000625,false,Rx,0,8,25,00,59,86,01,54,5C,06,
940000,000002C4,false,Rx,0,8,09,20,00,00,EF,02,00,00,
941000,000002C5,false,Rx,0,8,00,00,00,00,00,00,00,00,
941000,000002C6,false,Rx,0,8,32,00,7C,01,00,00,00,00,
947000,0000060D,false,Rx,0,8,0D,10,83,B6,09,20,70,00,
956000,00000054,false,Rx,0,8,01,05,EF,00,EF,02,00,00,
956000,00000055,false,Rx,0,8,10,27,00,00,00,00,00,00,
956000,00000056,false,Rx,0,8,10,27,00,00,00,00,00,00,
957000,00000057,false,Rx,0,8,00,00,FE,FF,FE,FF,00,00,
989000,00000625,false,Rx,0,8,25,00,59,86,01,54,5C,06,
46000,0000060D,false,Rx,0,8,0D,10,83,B6,09,20,70,00,
90000,00000625,false,Rx,0,8,25,00,59,86,01,54,5C,06,
147000,0000060D,false,Rx,0,8,0D,10,83,B6,09,20,70,00,
0,00000054,false,Rx,0,8,01,05,EF,00,EF,02,00,00,
0,00000055,false,Rx,0,8,10,27,00,00,00,00,00,00,
0,00000056,false,Rx,0,8,10,27,00,00,00,00,00,00,
157000,00000057,false,Rx,0,8,00,00,FE,FF,FE,FF,00,00,
161000,000002C4,false,Rx,0,8,09,20,00,00,EF,02,00,00,
161000,000002C5,false,Rx,0,8,00,00,00,00,00,00,00,00,
161000,000002C6,false,Rx,0,8,32,00,7C,01,00,00,00,00,
190000,00000625,false,Rx,0,8,25,00,59,86,01,54,5C,06,
246000,0000060D,false,Rx,0,8,0D,10,83,B6,09,20,70,00,
289000,00000625,false,Rx,0,8,25,00,59,86,01,54,5C,06,
347000,0000060D,false,Rx,0,8,0D,10,83,B6,09,20,70,00,
356000,00000054,false,Rx,0,8,01,05,EF,00,EF,02,00,00,
356000,00000055,false,Rx,0,8,10,27,00,00,00,00,00,00,
356000,00000056,false,Rx,0,8,10,27,00,00,00,00,00,00,
357000,00000057,false,Rx,0,8,00,00,FE,FF,FE,FF,00,00,
381000,000002C4,false,Rx,0,8,09,20,00,00,EF,02,00,00,
381000,000002C5,false,Rx,0,8,00,00,00,00,00,00,00,00,
381000,000002C6,false,Rx,0,8,32,00,7C,01,00,00,00,00,
389000,00000625,false,Rx,0,8,25,00,59,86,01,54,5C,06,
447000,0000060D,false,Rx,0,8,0D,10,83,B6,09,20,70,00,
489000,00000625,false,Rx,0,8,25,00,59,86,01,54,5C,06,
546000,0000060D,false,Rx,0,8,0D,10,83,B6,09,20,70,00,
0,00000054,false,Rx,0,8,01,05,EF,00,EF,02,00,00,
0,00000055,false,Rx,0,8,10,27,00,00,00,00,00,00,
557000,00000056,false,Rx,0,8,10,27,00,00,00,00,00,00,
557000,00000057,false,Rx,0,8,00,00,FE,FF,FE,FF,00,00,
590000,00000625,false,Rx,0,8,25,00,59,86,01,54,5C,06,
601000,000002C4,false,Rx,0,8,09,20,00,00,EF,02,00,00,
601000,000002C5,false,Rx,0,8,00,00,00,00,00,00,00,00,
601000,000002C6,false,Rx,0,8,32,00,7C,01,00,00,00,00,
646000,0000060D,false,Rx,0,8,0D,10,83,B6,09,20,70,00,
690000,00000625,false,Rx,0,8,25,00,59,86,01,54,5C,06,
747000,0000060D,false,Rx,0,8,0D,10,83,B6,09,20,70,00,
756000,00000054,false,Rx,0,8,01,05,EF,00,EF,02,00,00,
756000,00000055,false,Rx,0,8,10,27,00,00,00,00,00,00,
756000,00000056,false,Rx,0,8,10,27,00,00,00,00,00,00,
757000,00000057,false,Rx,0,8,00,00,FE,FF,FE,FF,00,00,
789000,00000625,false,Rx,0,8,25,00,59,86,01,54,5C,06,
821000,000002C4,false,Rx,0,8,09,20,00,00,EF,02,00,00,
821000,000002C5,false,Rx,0,8,00,00,00,00,00,00,00,00,
821000,000002C6,false,Rx,0,8,32,00,7C,01,00,00,00,00,
847000,0000060D,false,Rx,0,8,0D,10,83,B6,09,20,70,00,
890000,00000625,false,Rx,0,8,25,00,59,86,01,54,5C,06,
946000,0000060D,false,Rx,0,8,0D,10,83,B6,09,20,70,00,
956000,00000054,false,Rx,0,8,01,05,EF,00,EF,02,00,00,
957000,00000055,false,Rx,0,8,10,27,00,00,00,00,00,00,
957000,00000056,false,Rx,0,8,10,27,00,00,00,00,00,00,
957000,00000057,false,Rx,0,8,00,00,FE,FF,FE,FF,00,00,
990000,00000625,false,Rx,0,8,25,00,59,86,01,54,5C,06,
0,000002C4,false,Rx,0,8,09,20,00,00,EF,02,00,00,
0,000002C5,false,Rx,0,8,00,00,00,00,00,00,00,00,
41000,000002C6,false,Rx,0,8,32,00,7C,01,00,00,00,00,
47000,0000060D,false,Rx,0,8,0D,10,83,B6,09,20,70,00,
90000,00000625,false,Rx,0,8,25,00,59,86,01,54,5C,06,
146000,0000060D,false,Rx,0,8,0D,10,83,B6,09,20,70,00,
0,00000054,false,Rx,0,8,01,05,EF,00,EF,02,00,00,
0,00000055,false,Rx,0,8,10,27,00,00,00,00,00,00,
0,00000056,false,Rx,0,8,10,27,00,00,00,00,00,00,
157000,00000057,false,Rx,0,8,00,00,FE,FF,FE,FF,00,00,
189000,00000625,false,Rx,0,8,25,00,59,86,01,54,5C,06,
246000,0000060D,false,Rx,0,8,0D,10,83,B6,09,20,70,00,
261000,000002C4,false,Rx,0,8,09,20,00,00,EF,02,00,00,
261000,000002C5,false,Rx,0,8,00,00,00,00,00,00,00,00,
262000,000002C6,false,Rx,0,8,32,00,7C,01,00,00,00,00,
289000,00000625,false,Rx,0,8,25,00,59,86,01,54,5C,06,
346000,0000060D,false,Rx,0,8,0D,10,83,B6,09,20,70,00,
357000,00000054,false,Rx,0,8,01,05,EF,00,EF,02,00,00,
357000,00000055,false,Rx,0,8,10,27,00,00,00,00,00,00,
357000,00000056,false,Rx,0,8,10,27,00,00,00,00,00,00,
358000,00000057,false,Rx,0,8,00,00,FE,FF,FE,FF,00,00,
390000,00000625,false,Rx,0,8,25,00,59,86,01,54,5C,06,
446000,0000060D,false,Rx,0,8,0D,10,83,B6,09,20,70,00,
480000,000002C4,false,Rx,0,8,09,20,00,00,EF,02,00,00,
481000,000002C5,false,Rx,0,8,00,00,00,00,00,00,00,00,
481000,000002C6,false,Rx,0,8,32,00,7C,01,00,00,00,00,
489000,00000625,false,Rx,0,8,25,00,59,86,01,54,5C,06,
546000,0000060D,false,Rx,0,8,0D,10,83,B6,09,20,70,00,
557000,00000054,false,Rx,0,8,01,05,EF,00,EF,02,00,00,
557000,00000055,false,Rx,0,8,10,27,00,00,00,00,00,00,
557000,00000056,false,Rx,0,8,10,27,00,00,00,00,00,00,
557000,00000057,false,Rx,0,8,00,00,FE,FF,FE,FF,00,00,
589000,00000625,false,Rx,0,8,25,00,59,86,01,54,5C,06,
647000,0000060D,false,Rx,0,8,0D,10,83,B6,09,20,70,00,
690000,00000625,false,Rx,0,8,25,00,59,86,01,54,5C,06,
700000,000002C4,false,Rx,0,8,09,20,00,00,EF,02,00,00,
701000,000002C5,false,Rx,0,8,00,00,00,00,00,00,00,00,
701000,000002C6,false,Rx,0,8,32,00,7C,01,00,00,00,00,
746000,0000060D,false,Rx,0,8,0D,10,83,B6,09,20,70,00,
757000,00000054,false,Rx,0,8,01,05,EF,00,EF,02,00,00,
757000,00000055,false,Rx,0,8,10,27,00,00,00,00,00,00,
0,00000056,false,Rx,0,8,10,27,00,00,00,00,00,00,
0,00000057,false,Rx,0,8,00,00,FE,FF,FE,FF,00,00,
789000,00000625,false,Rx,0,8,25,00,59,86,01,54,5C,06,
846000,0000060D,false,Rx,0,8,0D,10,83,B6,09,20,70,00,
890000,00000625,false,Rx,0,8,25,00,59,86,01,54,5C,06,
0,000002C4,false,Rx,0,8,09,20,00,00,EF,02,00,00,
0,000002C5,false,Rx,0,8,00,00,00,00,00,00,00,00,
922000,000002C6,false,Rx,0,8,32,00,7C,01,00,00,00,00,
947000,0000060D,false,Rx,0,8,0D,10,83,B6,09,20,70,00,
957000,00000054,false,Rx,0,8,01,05,EF,00,EF,02,00,00,
957000,00000055,false,Rx,0,8,10,27,00,00,00,00,00,00,
957000,00000056,false,Rx,0,8,10,27,00,00,00,00,00,00,
957000,00000057,false,Rx,0,8,00,00,FE,FF,FE,FF,00,00,
989000,00000625,false,Rx,0,8,25,00,59,86,01,54,5C,06,
46000,0000060D,false,Rx,0,8,0D,10,83,B6,09,20,70,00,
90000,00000625,false,Rx,0,8,25,00,59,86,01,54,5C,06,
0,000002C4,false,Rx,0,8,09,20,00,00,EF,02,00,00,
0,000002C5,false,Rx,0,8,00,00,00,00,00,00,00,00,
0,000002C6,false,Rx,0,8,32,00,7C,01,00,00,00,00,
147000,0000060D,false,Rx,0,8,0D,10,83,B6,09,20,70,00,
0,00000054,false,Rx,0,8,01,05,EF,00,EF,02,00,00,
0,00000055,false,Rx,0,8,10,27,00,00,00,00,00,00,
0,00000056,false,Rx,0,8,10,27,00,00,00,00,00,00,
157000,00000057,false,Rx,0,8,00,00,FE,FF,FE,FF,00,00,
190000,00000625,false,Rx,0,8,25,00,59,86,01,54,5C,06,
246000,0000060D,false,Rx,0,8,0D,10,83,B6,09,20,70,00,
289000,00000625,false,Rx,0,8,25,00,59,86,01,54,5C,06,
346000,0000060D,false,Rx,0,8,0D,10,83,B6,09,20,70,00,
356000,00000054,false,Rx,0,8,01,05,EF,00,EF,02,00,00,
357000,00000055,false,Rx,0,8,10,27,00,00,00,00,00,00,
357000,00000056,false,Rx,0,8,10,27,00,00,00,00,00,00,
357000,00000057,false,Rx,0,8,00,00,FE,FF,FE,FF,00,00,
361000,000002C4,false,Rx,0,8,09,20,00,00,EF,02,00,00,
361000,000002C5,false,Rx,0,8,00,00,00,00,00,00,00,00,
361000,000002C6,false,Rx,0,8,32,00,7C,01,00,00,00,00,
389000,00000625,false,Rx,0,8,25,00,59,86,01,54,5C,06,
446000,0000060D,false,Rx,0,8,0D,10,83,B6,09,20,70,00,
489000,00000625,false,Rx,0,8,25,00,59,86,01,54,5C,06,
547000,0000060D,false,Rx,0,8,0D,10,83,B6,09,20,70,00,
556000,00000054,false,Rx,0,8,01,05,EF,00,EF,02,00,00,
557000,00000055,false,Rx,0,8,10,27,00,00,00,00,00,00,
0,00000056,false,Rx,0,8,10,27,00,00,00,00,00,00,
0,00000057,false,Rx,0,8,00,00,FE,FF,FE,FF,00,00,
0,000002C4,false,Rx,0,8,09,20,00,00,EF,02,00,00,
0,000002C5,false,Rx,0,8,00,00,00,00,00,00,00,00,
581000,000002C6,false,Rx,0,8,32,00,7C,01,00,00,00,00,
590000,00000625,false,Rx,0,8,25,00,59,86,01,54,5C,06,
647000,0000060D,false,Rx,0,8,0D,10,83,B6,09,20,70,00,
690000,00000625,false,Rx,0,8,25,00,59,86,01,54,5C,06,
747000,0000060D,false,Rx,0,8,0D,10,83,B6,09,20,70,00,
757000,00000054,false,Rx,0,8,01,05,EF,00,EF,02,00,00,
757000,00000055,false,Rx,0,8,10,27,00,00,00,00,00,00,
758000,00000056,false,Rx,0,8,10,27,00,00,00,00,00,00,
759000,00000057,false,Rx,0,8,00,00,FE,FF,FE,FF,00,00,
790000,00000625,false,Rx,0,8,25,00,59,86,01,54,5C,06,
800000,000002C4,false,Rx,0,8,09,20,00,00,EF,02,00,00,
801000,000002C5,false,Rx,0,8,00,00,00,00,00,00,00,00,
801000,000002C6,false,Rx,0,8,32,00,7C,01,00,00,00,00,
847000,0000060D,false,Rx,0,8,0D,10,83,B6,09,20,70,00,
889000,00000625,false,Rx,0,8,25,00,59,86,01,54,5C,06,
946000,0000060D,false,Rx,0,8,0D,10,83,B6,09,20,70,00,
957000,00000054,false,Rx,0,8,01,05,EF,00,EF,02,00,00,
957000,00000055,false,Rx,0,8,10,27,00,00,00,00,00,00,
957000,00000056,false,Rx,0,8,10,27,00,00,00,00,00,00,
957000,00000057,false,Rx,0,8,00,00,FE,FF,FE,FF,00,00,
990000,00000625,false,Rx,0,8,25,00,59,86,01,54,5C,06,
20000,000002C4,false,Rx,0,8,09,20,00,00,EF,02,00,00,
20000,000002C5,false,Rx,0,8,00,00,00,00,00,00,00,00,
21000,000002C6,false,Rx,0,8,32,00,7C,01,00,00,00,00,
47000,0000060D,false,Rx,0,8,0D,10,83,B6,09,20,70,00,
90000,00000625,false,Rx,0,8,25,00,59,86,01,54,5C,06,
146000,0000060D,false,Rx,0,8,0D,10,83,B6,09,20,70,00,
0,00000054,false,Rx,0,8,01,05,EF,00,EF,02,00,00,
0,00000055,false,Rx,0,8,10,27,00,00,00,00,00,00,
0,00000056,false,Rx,0,8,10,27,00,00,00,00,00,00,
157000,00000057,false,Rx,0,8,00,00,FE,FF,FE,FF,00,00,
189000,00000625,false,Rx,0,8,25,00,59,86,01,54,5C,06,
0,000002C4,false,Rx,0,8,09,20,00,00,EF,02,00,00,
0,000002C5,false,Rx,0,8,00,00,00,00,00,00,00,00,
242000,000002C6,false,Rx,0,8,32,00,7C,01,00,00,00,00,
246000,0000060D,false,Rx,0,8,0D,10,83,B6,09,20,70,00,
289000,00000625,false,Rx,0,8,25,00,59,86,01,54,5C,06,
346000,0000060D,false,Rx,0,8,0D,10,83,B6,09,20,70,00,
356000,00000054,false,Rx,0,8,01,05,EF,00,EF,02,00,00,
356000,00000055,false,Rx,0,8,10,27,00,00,00,00,00,00,
357000,00000056,false,Rx,0,8,10,27,00,00,00,00,00,00,
357000,00000057,false,Rx,0,8,00,00,FE,FF,FE,FF,00,00,
389000,00000625,false,Rx,0,8,25,00,59,86,01,54,5C,06,
447000,0000060D,false,Rx,0,8,0D,10,83,B6,09,20,70,00,
461000,000002C4,false,Rx,0,8,09,20,00,00,EF,02,00,00,
461000,000002C5,false,Rx,0,8,00,00,00,00,00,00,00,00,
461000,000002C6,false,Rx,0,8,32,00,7C,01,00,00,00,00,
490000,00000625,false,Rx,0,8,25,00,59,86,01,54,5C,06,
546000,0000060D,false,Rx,0,8,0D,10,83,B6,09,20,70,00,
557000,00000054,false,Rx,0,8,01,05,EF,00,EF,02,00,00,
557000,00000055,false,Rx,0,8,10,27,00,00,00,00,00,00,
557000,00000056,false,Rx,0,8,10,27,00,00,00,00,00,00,
557000,00000057,false,Rx,0,8,00,00,FE,FF,FE,FF,00,00,
590000,00000625,false,Rx,0,8,25,00,59,86,01,54,5C,06,
646000,0000060D,false,Rx,0,8,0D,10,83,B6,09,20,70,00,
681000,000002C4,false,Rx,0,8,09,20,00,00,EF,02,00,00,
681000,000002C5,false,Rx,0,8,00,00,00,00,00,00,00,00,
681000,000002C6,false,Rx,0,8,32,00,7C,01,00,00,00,00,
689000,00000625,false,Rx,0,8,25,00,59,86,01,54,5C,06,
747000,0000060D,false,Rx,0,8,0D,10,83,B6,09,20,70,00,
0,00000054,false,Rx,0,8,01,05,EF,00,EF,02,00,00,
0,00000055,false,Rx,0,8,10,27,00,00,00,00,00,00,
756000,00000056,false,Rx,0,8,10,27,00,00,00,00,00,00,
756000,00000057,false,Rx,0,8,00,00,FE,FF,FE,FF,00,00,
790000,00000625,false,Rx,0,8,25,00,59,86,01,54,5C,06,
846000,0000060D,false,Rx,0,8,0D,10,83,B6,09,20,70,00,
890000,00000625,false,Rx,0,8,25,00,59,86,01,54,5C,06,
901000,000002C4,false,Rx,0,8,09,20,00,00,EF,02,00,00,
901000,000002C5,false,Rx,0,8,00,00,00,00,00,00,00,00,
901000,000002C6,false,Rx,0,8,32,00,7C,01,00,00,00,00,
946000,0000060D,false,Rx,0,8,0D,10,83,B6,09,20,70,00,
956000,00000054,false,Rx,0,8,01,05,EF,00,EF,02,00,00,
957000,00000055,false,Rx,0,8,10,27,00,00,00,00,00,00,
957000,00000056,false,Rx,0,8,10,27,00,00,00,00,00,00,
957000,00000057,false,Rx,0,8,00,00,FE,FF,FE,FF,00,00,
989000,00000625,false,Rx,0,8,25,00,59,86,01,54,5C,06,
46000,0000060D,false,Rx,0,8,0D,10,83,B6,09,20,70,00,
90000,00000625,false,Rx,0,8,25,00,59,86,01,54,5C,06,
120000,000002C4,false,Rx,0,8,09,20,00,00,EF,02,00,00,
121000,000002C5,false,Rx,0,8,00,00,00,00,00,00,00,00,
121000,000002C6,false,Rx,0,8,32,00,7C,01,00,00,00,00,
147000,0000060D,false,Rx,0,8,0D,10,83,B6,09,20,70,00,
0,00000054,false,Rx,0,8,01,05,EF,00,EF,02,00,00,
0,00000055,false,Rx,0,8,10,27,00,00,00,00,00,00,
0,00000056,false,Rx,0,8,10,27,00,00,00,00,00,00,
157000,00000057,false,Rx,0,8,00,00,FE,FF,FE,FF,00,00,
190000,00000625,false,Rx,0,8,25,00,59,86,01,54,5C,06,
246000,0000060D,false,Rx,0,8,0D,10,83,B6,09,20,70,00,
289000,00000625,false,Rx,0,8,25,00,59,86,01,54,5C,06,
341000,000002C4,false,Rx,0,8,09,20,00,00,EF,02,00,00,
341000,000002C5,false,Rx,0,8,00,00,00,00,00,00,00,00,
341000,000002C6,false,Rx,0,8,32,00,7C,01,00,00,00,00,
346000,0000060D,false,Rx,0,8,0D,10,83,B6,09,20,70,00,
356000,00000054,false,Rx,0,8,01,05,EF,00,EF,02,00,00,
356000,00000055,false,Rx,0,8,10,27,00,00,00,00,00,00,
356000,00000056,false,Rx,0,8,10,27,00,00,00,00,00,00,
357000,00000057,false,Rx,0,8,00,00,FE,FF,FE,FF,00,00,
390000,00000625,false,Rx,0,8,25,00,59,86,01,54,5C,06,
446000,0000060D,false,Rx,0,8,0D,10,83,B6,09,20,70,00,
490000,00000625,false,Rx,0,8,25,00,59,86,01,54,5C,06,
547000,0000060D,false,Rx,0,8,0D,10,83,B6,09,20,70,00,
556000,00000054,false,Rx,0,8,01,05,EF,00,EF,02,00,00,
556000,00000055,false,Rx,0,8,10,27,00,00,00,00,00,00,
556000,00000056,false,Rx,0,8,10,27,00,00,00,00,00,00,
557000,00000057,false,Rx,0,8,00,00,FE,FF,FE,FF,00,00,
560000,000002C4,false,Rx,0,8,09,20,00,00,EF,02,00,00,
561000,000002C5,false,Rx,0,8,00,00,00,00,00,00,00,00,
561000,000002C6,false,Rx,0,8,32,00,7C,01,00,00,00,00,
590000,00000625,false,Rx,0,8,25,00,59,86,01,54,5C,06,
647000,0000060D,false,Rx,0,8,0D,10,83,B6,09,20,70,00,
690000,00000625,false,Rx,0,8,25,00,59,86,01,54,5C,06,
746000,0000060D,false,Rx,0,8,0D,10,83,B6,09,20,70,00,
757000,00000054,false,Rx,0,8,01,05,EF,00,EF,02,00,00,
757000,00000055,false,Rx,0,8,10,27,00,00,00,00,00,00,
757000,00000056,false,Rx,0,8,10,27,00,00,00,00,00,00,
757000,00000057,false,Rx,0,8,00,00,FE,FF,FE,FF,00,00,
781000,000002C4,false,Rx,0,8,09,20,00,00,EF,02,00,00,
0,000002C5,false,Rx,0,8,00,00,00,00,00,00,00,00,
0,000002C6,false,Rx,0,8,32,00,7C,01,00,00,00,00,
789000,00000625,false,Rx,0,8,25,00,59,86,01,54,5C,06,
847000,0000060D,false,Rx,0,8,0D,10,83,B6,09,20,70,00,
890000,00000625,false,Rx,0,8,25,00,59,86,01,54,5C,06,
946000,0000060D,false,Rx,0,8,0D,10,83,B6,09,20,70,00,
957000,00000054,false,Rx,0,8,01,05,EF,00,EF,02,00,00,
957000,00000055,false,Rx,0,8,10,27,00,00,00,00,00,00,
957000,00000056,false,Rx,0,8,10,27,00,00,00,00,00,00,
957000,00000057,false,Rx,0,8,00,00,FE,FF,FE,FF,00,00,
990000,00000625,false,Rx,0,8,25,00,59,86,01,54,5C,06,
1000,000002C4,false,Rx,0,8,09,20,00,00,EF,02,00,00,
1000,000002C5,false,Rx,0,8,00,00,00,00,00,00,00,00,
1000,000002C6,false,Rx,0,8,32,00,7C,01,00,00,00,00,
46000,0000060D,false,Rx,0,8,0D,10,83,B6,09,20,70,00,
90000,00000625,false,Rx,0,8,25,00,59,86,01,54,5C,06,
147000,0000060D,false,Rx,0,8,0D,10,83,B6,09,20,70,00,
0,00000054,false,Rx,0,8,01,05,EF,00,EF,02,00,00,
0,00000055,false,Rx,0,8,10,27,00,00,00,00,00,00,
156000,00000056,false,Rx,0,8,10,27,00,00,00,00,00,00,
157000,00000057,false,Rx,0,8,00,00,FE,FF,FE,FF,00,00,
190000,00000625,false,Rx,0,8,25,00,59,86,01,54,5C,06,
221000,000002C4,false,Rx,0,8,09,20,00,00,EF,02,00,00,
221000,000002C5,false,Rx,0,8,00,00,00,00,00,00,00,00,
221000,000002C6,false,Rx,0,8,32,00,7C,01,00,00,00,00,
246000,0000060D,false,Rx,0,8,0D,10,83,B6,09,20,70,00,
290000,00000625,false,Rx,0,8,25,00,59,86,01,54,5C,06,
347000,0000060D,false,Rx,0,8,0D,10,83,B6,09,20,70,00,
357000,00000054,false,Rx,0,8,01,05,EF,00,EF,02,00,00,
357000,00000055,false,Rx,0,8,10,27,00,00,00,00,00,00,
357000,00000056,false,Rx,0,8,10,27,00,00,00,00,00,00,
357000,00000057,false,Rx,0,8,00,00,FE,FF,FE,FF,00,00,
389000,00000625,false,Rx,0,8,25,00,59,86,01,54,5C,06,
441000,000002C4,false,Rx,0,8,09,20,00,00,EF,02,00,00,
441000,000002C5,false,Rx,0,8,00,00,00,00,00,00,00,00,
441000,000002C6,false,Rx,0,8,32,00,7C,01,00,00,00,00,
447000,0000060D,false,Rx,0,8,0D,10,83,B6,09,20,70,00,
490000,00000625,false,Rx,0,8,25,00,59,86,01,54,5C,06,
547000,0000060D,false,Rx,0,8,0D,10,83,B6,09,20,70,00,
556000,00000054,false,Rx,0,8,01,05,EF,00,EF,02,00,00,
0,00000055,false,Rx,0,8,10,27,00,00,00,00,00,00,
0,00000056,false,Rx,0,8,10,27,00,00,00,00,00,00,
557000,00000057,false,Rx,0,8,00,00,FE,FF,FE,FF,00,00,
590000,00000625,false,Rx,0,8,25,00,59,86,01,54,5C,06,
646000,0000060D,false,Rx,0,8,0D,10,83,B6,09,20,70,00,
661000,000002C4,false,Rx,0,8,09,20,00,00,EF,02,00,00,
661000,000002C5,false,Rx,0,8,00,00,00,00,00,00,00,00,
661000,000002C6,false,Rx,0,8,32,00,7C,01,00,00,00,00,
690000,00000625,false,Rx,0,8,25,00,59,86,01,54,5C,06,
746000,0000060D,false,Rx,0,8,0D,10,83,B6,09,20,70,00,
756000,00000054,false,Rx,0,8,01,05,EF,00,EF,02,00,00,
757000,00000055,false,Rx,0,8,10,27,00,00,00,00,00,00,
757000,00000056,false,Rx,0,8,10,27,00,00,00,00,00,00,
757000,00000057,false,Rx,0,8,00,00,FE,FF,FE,FF,00,00,
789000,00000625,false,Rx,0,8,25,00,59,86,01,54,5C,06,
847000,0000060D,false,Rx,0,8,0D,10,83,B6,09,20,70,00,
881000,000002C4,false,Rx,0,8,09,20,00,00,EF,02,00,00,
881000,000002C5,false,Rx,0,8,00,00,00,00,00,00,00,00,
882000,000002C6,false,Rx,0,8,32,00,7C,01,00,00,00,00,
890000,00000625,false,Rx,0,8,25,00,59,86,01,54,5C,06,
947000,0000060D,false,Rx,0,8,0D,10,83,B6,09,20,70,00,
0,00000054,false,Rx,0,8,01,05,EF,00,EF,02,00,00,
0,00000055,false,Rx,0,8,10,27,00,00,00,00,00,00,
0,00000056,false,Rx,0,8,10,27,00,00,00,00,00,00,
0,00000057,false,Rx,0,8,00,00,FE,FF,FE,FF,00,00,
990000,00000625,false,Rx,0,8,25,00,59,86,01,54,5C,06,
47000,0000060D,false,Rx,0,8,0D,10,83,B6,09,20,70,00,
90000,00000625,false,Rx,0,8,25,00,59,86,01,54,5C,06,
101000,000002C4,false,Rx,0,8,09,20,00,00,EF,02,00,00,
101000,000002C5,false,Rx,0,8,00,00,00,00,00,00,00,00,
101000,000002C6,false,Rx,0,8,32,00,7C,01,00,00,00,00,
147000,0000060D,false,Rx,0,8,0D,10,83,B6,09,20,70,00,
156000,00000054,false,Rx,0,8,01,05,EF,00,EF,02,00,00,
156000,00000055,false,Rx,0,8,10,27,00,00,00,00,00,00,
157000,00000056,false,Rx,0,8,10,27,00,00,00,00,00,00,
158000,00000057,false,Rx,0,8,00,00,FE,FF,FE,FF,00,00,
190000,00000625,false,Rx,0,8,25,00,59,86,01,54,5C,06,
247000,0000060D,false,Rx,0,8,0D,10,83,B6,09,20,70,00,
290000,00000625,false,Rx,0,8,25,00,59,86,01,54,5C,06,
321000,000002C4,false,Rx,0,8,09,20,00,00,EF,02,00,00,
321000,000002C5,false,Rx,0,8,00,00,00,00,00,00,00,00,
321000,000002C6,false,Rx,0,8,32,00,7C,01,00,00,00,00,
347000,0000060D,false,Rx,0,8,0D,10,83,B6,09,20,70,00,
356000,00000054,false,Rx,0,8,01,05,EF,00,EF,02,00,00,
356000,00000055,false,Rx,0,8,10,27,00,00,00,00,00,00,
356000,00000056,false,Rx,0,8,10,27,00,00,00,00,00,00,
357000,00000057,false,Rx,0,8,00,00,FE,FF,FE,FF,00,00,
390000,00000625,false,Rx,0,8,25,00,59,86,01,54,5C,06,
447000,0000060D,false,Rx,0,8,0D,10,83,B6,09,20,70,00,
490000,00000625,false,Rx,0,8,25,00,59,86,01,54,5C,06,
541000,000002C4,false,Rx,0,8,09,20,00,00,EF,02,00,00,
541000,000002C5,false,Rx,0,8,00,00,00,00,00,00,00,00,
541000,000002C6,false,Rx,0,8,32,00,7C,01,00,00,00,00,
547000,0000060D,false,Rx,0,8,0D,10,83,B6,09,20,70,00,
556000,00000054,false,Rx,0,8,01,05,EF,00,EF,02,00,00,
556000,00000055,false,Rx,0,8,10,27,00,00,00,00,00,00,
556000,00000056,false,Rx,0,8,10,27,00,00,00,00,00,00,
557000,00000057,false,Rx,0,8,00,00,FE,FF,FE,FF,00,00,
589000,00000625,false,Rx,0,8,25,00,59,86,01,54,5C,06,
646000,0000060D,false,Rx,0,8,0D,10,83,B6,09,20,70,00,
690000,00000625,false,Rx,0,8,25,00,59,86,01,54,5C,06,
747000,0000060D,false,Rx,0,8,0D,10,83,B6,09,20,70,00,
756000,00000054,false,Rx,0,8,01,05,EF,00,EF,02,00,00,
756000,00000055,false,Rx,0,8,10,27,00,00,00,00,00,00,
756000,00000056,false,Rx,0,8,10,27,00,00,00,00,00,00,
757000,00000057,false,Rx,0,8,00,00,FE,FF,FE,FF,00,00,
760000,000002C4,false,Rx,0,8,09,20,00,00,EF,02,00,00,
761000,000002C5,false,Rx,0,8,00,00,00,00,00,00,00,00,
761000,000002C6,false,Rx,0,8,32,00,7C,01,00,00,00,00,
790000,00000625,false,Rx,0,8,25,00,59,86,01,54,5C,06,
846000,0000060D,false,Rx,0,8,0D,10,83,B6,09,20,70,00,
890000,00000625,false,Rx,0,8,25,00,59,86,01,54,5C,06,
947000,0000060D,false,Rx,0,8,0D,10,83,B6,09,20,70,00,
956000,00000054,false,Rx,0,8,01,05,EF,00,EF,02,00,00,
956000,00000055,false,Rx,0,8,10,27,00,00,00,00,00,00,
957000,00000056,false,Rx,0,8,10,27,00,00,00,00,00,00,
957000,00000057,false,Rx,0,8,00,00,FE,FF,FE,FF,00,00,
981000,000002C4,false,Rx,0,8,09,20,00,00,EF,02,00,00,
981000,000002C5,false,Rx,0,8,00,00,00,00,00,00,00,00,
982000,000002C6,false,Rx,0,8,32,00,7C,01,00,00,00,00,
989000,00000625,false,Rx,0,8,25,00,59,86,01,54,5C,06,
47000,0000060D,false,Rx,0,8,0D,10,83,B6,09,20,70,00,
90000,00000625,false,Rx,0,8,25,00,59,86,01,54,5C,06,
146000,0000060D,false,Rx,0,8,0D,10,83,B6,09,20,70,00,
0,00000054,false,Rx,0,8,01,05,EF,00,EF,02,00,00,
0,00000055,false,Rx,0,8,10,27,00,00,00,00,00,00,
0,00000056,false,Rx,0,8,10,27,00,00,00,00,00,00,
0,00000057,false,Rx,0,8,00,00,FE,FF,FE,FF,00,00,
190000,00000625,false,Rx,0,8,25,00,59,86,01,54,5C,06,
201000,000002C4,false,Rx,0,8,09,20,00,00,EF,02,00,00,
0,000002C5,false,Rx,0,8,00,00,00,00,00,00,00,00,
0,000002C6,false,Rx,0,8,32,00,7C,01,00,00,00,00,
247000,0000060D,false,Rx,0,8,0D,10,83,B6,09,20,70,00,
289000,00000625,false,Rx,0,8,25,00,59,86,01,54,5C,06,
347000,0000060D,false,Rx,0,8,0D,10,83,B6,09,20,70,00,
357000,00000054,false,Rx,0,8,01,05,EF,00,EF,02,00,00,
357000,00000055,false,Rx,0,8,10,27,00,00,00,00,00,00,
0,00000056,false,Rx,0,8,10,27,00,00,00,00,00,00,
0,00000057,false,Rx,0,8,00,00,FE,FF,FE,FF,00,00,
390000,00000625,false,Rx,0,8,25,00,59,86,01,54,5C,06,
420000,000002C4,false,Rx,0,8,09,20,00,00,EF,02,00,00,
421000,000002C5,false,Rx,0,8,00,00,00,00,00,00,00,00,
421000,000002C6,false,Rx,0,8,32,00,7C,01,00,00,00,00,
447000,0000060D,false,Rx,0,8,0D,10,83,B6,09,20,70,00,
490000,00000625,false,Rx,0,8,25,00,59,86,01,54,5C,06,
547000,0000060D,false,Rx,0,8,0D,10,83,B6,09,20,70,00,
557000,00000054,false,Rx,0,8,01,05,EF,00,EF,02,00,00,
557000,00000055,false,Rx,0,8,10,27,00,00,00,00,00,00,
557000,00000056,false,Rx,0,8,10,27,00,00,00,00,00,00,
557000,00000057,false,Rx,0,8,00,00,FE,FF,FE,FF,00,00,
590000,00000625,false,Rx,0,8,25,00,59,86,01,54,5C,06,
640000,000002C4,false,Rx,0,8,09,20,00,00,EF,02,00,00,
640000,000002C5,false,Rx,0,8,00,00,00,00,00,00,00,00,
642000,000002C6,false,Rx,0,8,32,00,7C,01,00,00,00,00,
646000,0000060D,false,Rx,0,8,0D,10,83,B6,09,20,70,00,
690000,00000625,false,Rx,0,8,25,00,59,86,01,54,5C,06,
747000,0000060D,false,Rx,0,8,0D,10,83,B6,09,20,70,00,
757000,00000054,false,Rx,0,8,01,05,EF,00,EF,02,00,00,
757000,00000055,false,Rx,0,8,10,27,00,00,00,00,00,00,
0,00000056,false,Rx,0,8,10,27,00,00,00,00,00,00,
0,00000057,false,Rx,0,8,00,00,FE,FF,FE,FF,00,00,
790000,00000625,false,Rx,0,8,25,00,59,86,01,54,5C,06,
847000,0000060D,false,Rx,0,8,0D,10,83,B6,09,20,70,00,
0,000002C4,false,Rx,0,8,09,20,00,00,EF,02,00,00,
0,000002C5,false,Rx,0,8,00,00,00,00,00,00,00,00,
0,000002C6,false,Rx,0,8,32,00,7C,01,00,00,00,00,
890000,00000625,false,Rx,0,8,25,00,59,86,01,54,5C,06,
947000,0000060D,false,Rx,0,8,0D,10,83,B6,09,20,70,00,
957000,00000054,false,Rx,0,8,01,05,EF,00,EF,02,00,00,
957000,00000055,false,Rx,0,8,10,27,00,00,00,00,00,00,
957000,00000056,false,Rx,0,8,10,27,00,00,00,00,00,00,
957000,00000057,false,Rx,0,8,00,00,FE,FF,FE,FF,00,00,
989000,00000625,false,Rx,0,8,25,00,59,86,01,54,5C,06,
47000,0000060D,false,Rx,0,8,0D,10,83,B6,09,20,70,00,
81000,000002C4,false,Rx,0,8,09,20,00,00,EF,02,00,00,
81000,000002C5,false,Rx,0,8,00,00,00,00,00,00,00,00,
82000,000002C6,false,Rx,0,8,32,00,7C,01,00,00,00,00,
89000,00000625,false,Rx,0,8,25,00,59,86,01,54,5C,06,
147000,0000060D,false,Rx,0,8,0D,10,83,B6,09,20,70,00,
0,00000054,false,Rx,0,8,01,05,EF,00,EF,02,00,00,
0,00000055,false,Rx,0,8,10,27,00,00,00,00,00,00,
0,00000056,false,Rx,0,8,10,27,00,00,00,00,00,00,
0,00000057,false,Rx,0,8,00,00,FE,FF,FE,FF,00,00,
190000,00000625,false,Rx,0,8,25,00,59,86,01,54,5C,06,
247000,0000060D,false,Rx,0,8,0D,10,83,B6,09,20,70,00,
289000,00000625,false,Rx,0,8,25,00,59,86,01,54,5C,06,
301000,000002C4,false,Rx,0,8,09,20,00,00,EF,02,00,00,
301000,000002C5,false,Rx,0,8,00,00,00,00,00,00,00,00,
302000,000002C6,false,Rx,0,8,32,00,7C,01,00,00,00,00,
346000,0000060D,false,Rx,0,8,0D,10,83,B6,09,20,70,00,
356000,00000054,false,Rx,0,8,01,05,EF,00,EF,02,00,00,
357000,00000055,false,Rx,0,8,10,27,00,00,00,00,00,00,
357000,00000056,false,Rx,0,8,10,27,00,00,00,00,00,00,
357000,00000057,false,Rx,0,8,00,00,FE,FF,FE,FF,00,00,
390000,00000625,false,Rx,0,8,25,00,59,86,01,54,5C,06,
446000,0000060D,false,Rx,0,8,0D,10,83,B6,09,20,70,00,
490000,00000625,false,Rx,0,8,25,00,59,86,01,54,5C,06,
520000,000002C4,false,Rx,0,8,09,20,00,00,EF,02,00,00,
521000,000002C5,false,Rx,0,8,00,00,00,00,00,00,00,00,
521000,000002C6,false,Rx,0,8,32,00,7C,01,00,00,00,00,
546000,0000060D,false,Rx,0,8,0D,10,83,B6,09,20,70,00,
0,00000054,false,Rx,0,8,01,05,EF,00,EF,02,00,00,
0,00000055,false,Rx,0,8,10,27,00,00,00,00,00,00,
556000,00000056,false,Rx,0,8,10,27,00,00,00,00,00,00,
557000,00000057,false,Rx,0,8,00,00,FE,FF,FE,FF,00,00,
589000,00000625,false,Rx,0,8,25,00,59,86,01,54,5C,06,
646000,0000060D,false,Rx,0,8,0D,10,83,B6,09,20,70,00,
690000,00000625,false,Rx,0,8,25,00,59,86,01,54,5C,06,
740000,000002C4,false,Rx,0,8,09,20,00,00,EF,02,00,00,
741000,000002C5,false,Rx,0,8,00,00,00,00,00,00,00,00,
741000,000002C6,false,Rx,0,8,32,00,7C,01,00,00,00,00,
746000,0000060D,false,Rx,0,8,0D,10,83,B6,09,20,70,00,
756000,00000054,false,Rx,0,8,01,05,EF,00,EF,02,00,00,
756000,00000055,false,Rx,0,8,10,27,00,00,00,00,00,00,
757000,00000056,false,Rx,0,8,10,27,00,00,00,00,00,00,
757000,00000057,false,Rx,0,8,00,00,FE,FF,FE,FF,00,00,
791000,00000625,false,Rx,0,8,25,00,59,86,01,54,5C,06,
847000,0000060D,false,Rx,0,8,0D,10,83,B6,09,20,70,00,
890000,00000625,false,Rx,0,8,25,00,59,86,01,54,5C,06,
947000,0000060D,false,Rx,0,8,0D,10,83,B6,09,20,70,00,
957000,00000054,false,Rx,0,8,01,05,EF,00,EF,02,00,00,
957000,00000055,false,Rx,0,8,10,27,00,00,00,00,00,00,
957000,00000056,false,Rx,0,8,10,27,00,00,00,00,00,00,
957000,00000057,false,Rx,0,8,00,00,FE,FF,FE,FF,00,00,
961000,000002C4,false,Rx,0,8,09,20,00,00,EF,02,00,00,
961000,000002C5,false,Rx,0,8,00,00,00,00,00,00,00,00,
962000,000002C6,false,Rx,0,8,32,00,7C,01,00,00,00,00,
989000,00000625,false,Rx,0,8,25,00,59,86,01,54,5C,06,
47000,0000060D,false,Rx,0,8,0D,10,83,B6,09,20,70,00,
89000,00000625,false,Rx,0,8,25,00,59,86,01,54,5C,06,
146000,0000060D,false,Rx,0,8,0D,10,83,B6,09,20,70,00,
157000,00000054,false,Rx,0,8,01,05,EF,00,EF,02,00,00,
157000,00000055,false,Rx,0,8,10,27,00,00,00,00,00,00,
157000,00000056,false,Rx,0,8,10,27,00,00,00,00,00,00,
157000,00000057,false,Rx,0,8,00,00,FE,FF,FE,FF,00,00,
181000,000002C4,false,Rx,0,8,09,20,00,00,EF,02,00,00,
181000,000002C5,false,Rx,0,8,00,00,00,00,00,00,00,00,
182000,000002C6,false,Rx,0,8,32,00,7C,01,00,00,00,00,
190000,00000625,false,Rx,0,8,25,00,59,86,01,54,5C,06,
246000,0000060D,false,Rx,0,8,0D,10,83,B6,09,20,70,00,
290000,00000625,false,Rx,0,8,25,00,59,86,01,54,5C,06,
346000,0000060D,false,Rx,0,8,0D,10,83,B6,09,20,70,00,
357000,00000054,false,Rx,0,8,01,05,EF,00,EF,02,00,00,
357000,00000055,false,Rx,0,8,10,27,00,00,00,00,00,00,
357000,00000056,false,Rx,0,8,10,27,00,00,00,00,00,00,
357000,00000057,false,Rx,0,8,00,00,FE,FF,FE,FF,00,00,
389000,00000625,false,Rx,0,8,25,00,59,86,01,54,5C,06,
401000,000002C4,false,Rx,0,8,09,20,00,00,EF,02,00,00,
401000,000002C5,false,Rx,0,8,00,00,00,00,00,00,00,00,
402000,000002C6,false,Rx,0,8,32,00,7C,01,00,00,00,00,
447000,0000060D,false,Rx,0,8,0D,10,83,B6,09,20,70,00,
490000,00000625,false,Rx,0,8,25,00,59,86,01,54,5C,06,
546000,0000060D,false,Rx,0,8,0D,10,83,B6,09,20,70,00,
0,00000054,false,Rx,0,8,01,05,EF,00,EF,02,00,00,
0,00000055,false,Rx,0,8,10,27,00,00,00,00,00,00,
0,00000056,false,Rx,0,8,10,27,00,00,00,00,00,00,
0,00000057,false,Rx,0,8,00,00,FE,FF,FE,FF,00,00,
589000,00000625,false,Rx,0,8,25,00,59,86,01,54,5C,06,
621000,000002C4,false,Rx,0,8,09,20,00,00,EF,02,00,00,
621000,000002C5,false,Rx,0,8,00,00,00,00,00,00,00,00,
621000,000002C6,false,Rx,0,8,32,00,7C,01,00,00,00,00,
647000,0000060D,false,Rx,0,8,0D,10,83,B6,09,20,70,00,
689000,00000625,false,Rx,0,8,25,00,59,86,01,54,5C,06,
746000,0000060D,false,Rx,0,8,0D,10,83,B6,09,20,70,00,
0,00000054,false,Rx,0,8,01,05,EF,00,EF,02,00,00,
0,00000055,false,Rx,0,8,10,27,00,00,00,00,00,00,
757000,00000056,false,Rx,0,8,10,27,00,00,00,00,00,00,
757000,00000057,false,Rx,0,8,00,00,FE,FF,FE,FF,00,00,
790000,00000625,false,Rx,0,8,25,00,59,86,01,54,5C,06,
841000,000002C4,false,Rx,0,8,09,20,00,00,EF,02,00,00,
841000,000002C5,false,Rx,0,8,00,00,00,00,00,00,00,00,
842000,000002C6,false,Rx,0,8,32,00,7C,01,00,00,00,00,
847000,0000060D,false,Rx,0,8,0D,10,83,B6,09,20,70,00,
890000,00000625,false,Rx,0,8,25,00,59,86,01,54,5C,06,
947000,0000060D,false,Rx,0,8,0D,10,83,B6,09,20,70,00,
957000,00000054,false,Rx,0,8,01,05,EF,00,EF,02,00,00,
957000,00000055,false,Rx,0,8,10,27,00,00,00,00,00,00,
957000,00000056,false,Rx,0,8,10,27,00,00,00,00,00,00,
957000,00000057,false,Rx,0,8,00,00,FE,FF,FE,FF,00,00,
989000,00000625,false,Rx,0,8,25,00,59,86,01,54,5C,06,
46000,0000060D,false,Rx,0,8,0D,10,83,B6,09,20,70,00,
60000,000002C4,false,Rx,0,8,09,20,00,00,EF,02,00,00,
60000,000002C5,false,Rx,0,8,00,00,00,00,00,00,00,00,
62000,000002C6,false,Rx,0,8,32,00,7C,01,00,00,00,00,
90000,00000625,false,Rx,0,8,25,00,59,86,01,54,5C,06,
146000,0000060D,false,Rx,0,8,0D,10,83,B6,09,20,70,00,
0,00000054,false,Rx,0,8,01,05,EF,00,EF,02,00,00,
0,00000055,false,Rx,0,8,10,27,00,00,00,00,00,00,
157000,00000056,false,Rx,0,8,10,27,00,00,00,00,00,00,
157000,00000057,false,Rx,0,8,00,00,FE,FF,FE,FF,00,00,
190000,00000625,false,Rx,0,8,25,00,59,86,01,54,5C,06,
246000,0000060D,false,Rx,0,8,0D,10,83,B6,09,20,70,00,
0,000002C4,false,Rx,0,8,09,20,00,00,EF,02,00,00,
0,000002C5,false,Rx,0,8,00,00,00,00,00,00,00,00,
281000,000002C6,false,Rx,0,8,32,00,7C,01,00,00,00,00,
290000,00000625,false,Rx,0,8,25,00,59,86,01,54,5C,06,
347000,0000060D,false,Rx,0,8,0D,10,83,B6,09,20,70,00,
357000,00000054,false,Rx,0,8,01,05,EF,00,EF,02,00,00,
357000,00000055,false,Rx,0,8,10,27,00,00,00,00,00,00,
357000,00000056,false,Rx,0,8,10,27,00,00,00,00,00,00,
357000,00000057,false,Rx,0,8,00,00,FE,FF,FE,FF,00,00,
389000,00000625,false,Rx,0,8,25,00,59,86,01,54,5C,06,
447000,0000060D,false,Rx,0,8,0D,10,83,B6,09,20,70,00,
490000,00000625,false,Rx,0,8,25,00,59,86,01,54,5C,06,
0,000002C4,false,Rx,0,8,09,20,00,00,EF,02,00,00,
0,000002C5,false,Rx,0,8,00,00,00,00,00,00,00,00,
501000,000002C6,false,Rx,0,8,32,00,7C,01,00,00,00,00,
547000,0000060D,false,Rx,0,8,0D,10,83,B6,09,20,70,00,
556000,00000054,false,Rx,0,8,01,05,EF,00,EF,02,00,00,
557000,00000055,false,Rx,0,8,10,27,00,00,00,00,00,00,
557000,00000056,false,Rx,0,8,10,27,00,00,00,00,00,00,
557000,00000057,false,Rx,0,8,00,00,FE,FF,FE,FF,00,00,
590000,00000625,false,Rx,0,8,25,00,59,86,01,54,5C,06,
647000,0000060D,false,Rx,0,8,0D,10,83,B6,09,20,70,00,
690000,00000625,false,Rx,0,8,25,00,59,86,01,54,5C,06,
720000,000002C4,false,Rx,0,8,09,20,00,00,EF,02,00,00,
721000,000002C5,false,Rx,0,8,00,00,00,00,00,00,00,00,
721000,000002C6,false,Rx,0,8,32,00,7C,01,00,00,00,00,
747000,0000060D,false,Rx,0,8,0D,10,83,B6,09,20,70,00,
756000,00000054,false,Rx,0,8,01,05,EF,00,EF,02,00,00,
756000,00000055,false,Rx,0,8,10,27,00,00,00,00,00,00,
757000,00000056,false,Rx,0,8,10,27,00,00,00,00,00,00,
757000,00000057,false,Rx,0,8,00,00,FE,FF,FE,FF,00,00,
789000,00000625,false,Rx,0,8,25,00,59,86,01,54,5C,06,
847000,0000060D,false,Rx,0,8,0D,10,83,B6,09,20,70,00,
890000,00000625,false,Rx,0,8,25,00,59,86,01,54,5C,06,
941000,000002C4,false,Rx,0,8,09,20,00,00,EF,02,00,00,
941000,000002C5,false,Rx,0,8,00,00,00,00,00,00,00,00,
942000,000002C6,false,Rx,0,8,32,00,7C,01,00,00,00,00,
946000,0000060D,false,Rx,0,8,0D,10,83,B6,09,20,70,00,
957000,00000054,false,Rx,0,8,01,05,EF,00,EF,02,00,00,
957000,00000055,false,Rx,0,8,10,27,00,00,00,00,00,00,
957000,00000056,false,Rx,0,8,10,27,00,00,00,00,00,00,
957000,00000057,false,Rx,0,8,00,00,FE,FF,FE,FF,00,00,
990000,00000625,false,Rx,0,8,25,00,59,86,01,54,5C,06,
46000,0000060D,false,Rx,0,8,0D,10,83,B6,09,20,70,00,
89000,00000625,false,Rx,0,8,25,00,59,86,01,54,5C,06,
146000,0000060D,false,Rx,0,8,0D,10,83,B6,09,20,70,00,
0,00000054,false,Rx,0,8,01,05,EF,00,EF,02,00,00,
0,00000055,false,Rx,0,8,10,27,00,00,00,00,00,00,
0,00000056,false,Rx,0,8,10,27,00,00,00,00,00,00,
157000,00000057,false,Rx,0,8,00,00,FE,FF,FE,FF,00,00,
161000,000002C4,false,Rx,0,8,09,20,00,00,EF,02,00,00,
161000,000002C5,false,Rx,0,8,00,00,00,00,00,00,00,00,
162000,000002C6,false,Rx,0,8,32,00,7C,01,00,00,00,00,
190000,00000625,false,Rx,0,8,25,00,59,86,01,54,5C,06,
247000,0000060D,false,Rx,0,8,0D,10,83,B6,09,20,70,00,
290000,00000625,false,Rx,0,8,25,00,59,86,01,54,5C,06,
346000,0000060D,false,Rx,0,8,0D,10,83,B6,09,20,70,00,
356000,00000054,false,Rx,0,8,01,05,EF,00,EF,02,00,00,
357000,00000055,false,Rx,0,8,10,27,00,00,00,00,00,00,
357000,00000056,false,Rx,0,8,10,27,00,00,00,00,00,00,
357000,00000057,false,Rx,0,8,00,00,FE,FF,FE,FF,00,00,
381000,000002C4,false,Rx,0,8,09,20,00,00,EF,02,00,00,
381000,000002C5,false,Rx,0,8,00,00,00,00,00,00,00,00,
381000,000002C6,false,Rx,0,8,32,00,7C,01,00,00,00,00,
390000,00000625,false,Rx,0,8,25,00,59,86,01,54,5C,06,
446000,0000060D,false,Rx,0,8,0D,10,83,B6,09,20,70,00,
489000,00000625,false,Rx,0,8,25,00,59,86,01,54,5C,06,
547000,0000060D,false,Rx,0,8,0D,10,83,B6,09,20,70,00,
556000,00000054,false,Rx,0,8,01,05,EF,00,EF,02,00,00,
556000,00000055,false,Rx,0,8,10,27,00,00,00,00,00,00,
556000,00000056,false,Rx,0,8,10,27,00,00,00,00,00,00,
557000,00000057,false,Rx,0,8,00,00,FE,FF,FE,FF,00,00,
590000,00000625,false,Rx,0,8,25,00,59,86,01,54,5C,06,
600000,000002C4,false,Rx,0,8,09,20,00,00,EF,02,00,00,
600000,000002C5,false,Rx,0,8,00,00,00,00,00,00,00,00,
600000,000002C6,false,Rx,0,8,32,00,7C,01,00,00,00,00,
646000,0000060D,false,Rx,0,8,0D,10,83,B6,09,20,70,00,
690000,00000625,false,Rx,0,8,25,00,59,86,01,54,5C,06,
747000,0000060D,false,Rx,0,8,0D,10,83,B6,09,20,70,00,
0,00000054,false,Rx,0,8,01,05,EF,00,EF,02,00,00,
0,00000055,false,Rx,0,8,10,27,00,00,00,00,00,00,
756000,00000056,false,Rx,0,8,10,27,00,00,00,00,00,00,
756000,00000057,false,Rx,0,8,00,00,FE,FF,FE,FF,00,00,
789000,00000625,false,Rx,0,8,25,00,59,86,01,54,5C,06,
821000,000002C4,false,Rx,0,8,09,20,00,00,EF,02,00,00,
821000,000002C5,false,Rx,0,8,00,00,00,00,00,00,00,00,
822000,000002C6,false,Rx,0,8,32,00,7C,01,00,00,00,00,
847000,0000060D,false,Rx,0,8,0D,10,83,B6,09,20,70,00,
890000,00000625,false,Rx,0,8,25,00,59,86,01,54,5C,06,
946000,0000060D,false,Rx,0,8,0D,10,83,B6,09,20,70,00,
0,00000054,false,Rx,0,8,01,05,EF,00,EF,02,00,00,
0,00000055,false,Rx,0,8,10,27,00,00,00,00,00,00,
957000,00000056,false,Rx,0,8,10,27,00,00,00,00,00,00,
957000,00000057,false,Rx,0,8,00,00,FE,FF,FE,FF,00,00,
990000,00000625,false,Rx,0,8,25,00,59,86,01,54,5C,06,
41000,000002C4,false,Rx,0,8,09,20,00,00,EF,02,00,00,
41000,000002C5,false,Rx,0,8,00,00,00,00,00,00,00,00,
41000,000002C6,false,Rx,0,8,32,00,7C,01,00,00,00,00,
46000,0000060D,false,Rx,0,8,0D,10,83,B6,09,20,70,00,
90000,00000625,false,Rx,0,8,25,00,59,86,01,54,5C,06,
146000,0000060D,false,Rx,0,8,0D,10,83,B6,09,20,70,00,
0,00000054,false,Rx,0,8,01,05,EF,00,EF,02,00,00,
0,00000055,false,Rx,0,8,10,27,00,00,00,00,00,00,
0,00000056,false,Rx,0,8,10,27,00,00,00,00,00,00,
157000,00000057,false,Rx,0,8,00,00,FE,FF,FE,FF,00,00,
190000,00000625,false,Rx,0,8,25,00,59,86,01,54,5C,06,
247000,0000060D,false,Rx,0,8,0D,10,83,B6,09,20,70,00,
261000,000002C4,false,Rx,0,8,09,20,00,00,EF,02,00,00,
261000,000002C5,false,Rx,0,8,00,00,00,00,00,00,00,00,
261000,000002C6,false,Rx,0,8,32,00,7C,01,00,00,00,00,
289000,00000625,false,Rx,0,8,25,00,59,86,01,54,5C,06,
347000,0000060D,false,Rx,0,8,0D,10,83,B6,09,20,70,00,
0,00000054,false,Rx,0,8,01,05,EF,00,EF,02,00,00,
0,00000055,false,Rx,0,8,10,27,00,00,00,00,00,00,
356000,00000056,false,Rx,0,8,10,27,00,00,00,00,00,00,
356000,00000057,false,Rx,0,8,00,00,FE,FF,FE,FF,00,00,
390000,00000625,false,Rx,0,8,25,00,59,86,01,54,5C,06,
446000,0000060D,false,Rx,0,8,0D,10,83,B6,09,20,70,00,
480000,000002C4,false,Rx,0,8,09,20,00,00,EF,02,00,00,
481000,000002C5,false,Rx,0,8,00,00,00,00,00,00,00,00,
481000,000002C6,false,Rx,0,8,32,00,7C,01,00,00,00,00,
489000,00000625,false,Rx,0,8,25,00,59,86,01,54,5C,06,
547000,0000060D,false,Rx,0,8,0D,10,83,B6,09,20,70,00,
557000,00000054,false,Rx,0,8,01,05,EF,00,EF,02,00,00,
557000,00000055,false,Rx,0,8,10,27,00,00,00,00,00,00,
557000,00000056,false,Rx,0,8,10,27,00,00,00,00,00,00,
557000,00000057,false,Rx,0,8,00,00,FE,FF,FE,FF,00,00,
590000,00000625,false,Rx,0,8,25,00,59,86,01,54,5C,06,
647000,0000060D,false,Rx,0,8,0D,10,83,B6,09,20,70,00,
690000,00000625,false,Rx,0,8,25,00,59,86,01,54,5C,06,
701000,000002C4,false,Rx,0,8,09,20,00,00,EF,02,00,00,
701000,000002C5,false,Rx,0,8,00,00,00,00,00,00,00,00,
701000,000002C6,false,Rx,0,8,32,00,7C,01,00,00,00,00,
746000,0000060D,false,Rx,0,8,0D,10,83,B6,09,20,70,00,
756000,00000054,false,Rx,0,8,01,05,EF,00,EF,02,00,00,
757000,00000055,false,Rx,0,8,10,27,00,00,00,00,00,00,
757000,00000056,false,Rx,0,8,10,27,00,00,00,00,00,00,
757000,00000057,false,Rx,0,8,00,00,FE,FF,FE,FF,00,00,
790000,00000625,false,Rx,0,8,25,00,59,86,01,54,5C,06,
846000,0000060D,false,Rx,0,8,0D,10,83,B6,09,20,70,00,
890000,00000625,false,Rx,0,8,25,00,59,86,01,54,5C,06,
920000,000002C4,false,Rx,0,8,09,20,00,00,EF,02,00,00,
921000,000002C5,false,Rx,0,8,00,00,00,00,00,00,00,00,
921000,000002C6,false,Rx,0,8,32,00,7C,01,00,00,00,00,
947000,0000060D,false,Rx,0,8,0D,10,83,B6,09,20,70,00,
957000,00000054,false,Rx,0,8,01,05,EF,00,EF,02,00,00,
0,00000055,false,Rx,0,8,10,27,00,00,00,00,00,00,
0,00000056,false,Rx,0,8,10,27,00,00,00,00,00,00,
958000,00000057,false,Rx,0,8,00,00,FE,FF,FE,FF,00,00,
989000,00000625,false,Rx,0,8,25,00,59,86,01,54,5C,06,
46000,0000060D,false,Rx,0,8,0D,10,83,B6,09,20,70,00,
90000,00000625,false,Rx,0,8,25,00,59,86,01,54,5C,06,
0,000002C4,false,Rx,0,8,09,20,00,00,EF,02,00,00,
0,000002C5,false,Rx,0,8,00,00,00,00,00,00,00,00,
141000,000002C6,false,Rx,0,8,32,00,7C,01,00,00,00,00,
147000,0000060D,false,Rx,0,8,0D,10,83,B6,09,20,70,00,
0,00000054,false,Rx,0,8,01,05,EF,00,EF,02,00,00,
0,00000055,false,Rx,0,8,10,27,00,00,00,00,00,00,
0,00000056,false,Rx,0,8,10,27,00,00,00,00,00,00,
157000,00000057,false,Rx,0,8,00,00,FE,FF,FE,FF,00,00,
189000,00000625,false,Rx,0,8,25,00,59,86,01,54,5C,06,
247000,0000060D,false,Rx,0,8,0D,10,83,B6,09,20,70,00,
289000,00000625,false,Rx,0,8,25,00,59,86,01,54,5C,06,
347000,0000060D,false,Rx,0,8,0D,10,83,B6,09,20,70,00,
356000,00000054,false,Rx,0,8,01,05,EF,00,EF,02,00,00,
357000,00000055,false,Rx,0,8,10,27,00,00,00,00,00,00,
0,00000056,false,Rx,0,8,10,27,00,00,00,00,00,00,
0,00000057,false,Rx,0,8,00,00,FE,FF,FE,FF,00,00,
361000,000002C4,false,Rx,0,8,09,20,00,00,EF,02,00,00,
361000,000002C5,false,Rx,0,8,00,00,00,00,00,00,00,00,
361000,000002C6,false,Rx,0,8,32,00,7C,01,00,00,00,00,
390000,00000625,false,Rx,0,8,25,00,59,86,01,54,5C,06,
447000,0000060D,false,Rx,0,8,0D,10,83,B6,09,20,70,00,
489000,00000625,false,Rx,0,8,25,00,59,86,01,54,5C,06,
547000,0000060D,false,Rx,0,8,0D,10,83,B6,09,20,70,00,
556000,00000054,false,Rx,0,8,01,05,EF,00,EF,02,00,00,
556000,00000055,false,Rx,0,8,10,27,00,00,00,00,00,00,
557000,00000056,false,Rx,0,8,10,27,00,00,00,00,00,00,
557000,00000057,false,Rx,0,8,00,00,FE,FF,FE,FF,00,00,
0,000002C4,false,Rx,0,8,09,20,00,00,EF,02,00,00,
0,000002C5,false,Rx,0,8,00,00,00,00,00,00,00,00,
581000,000002C6,false,Rx,0,8,32,00,7C,01,00,00,00,00,
590000,00000625,false,Rx,0,8,25,00,59,86,01,54,5C,06,
647000,0000060D,false,Rx,0,8,0D,10,83,B6,09,20,70,00,
689000,00000625,false,Rx,0,8,25,00,59,86,01,54,5C,06,
747000,0000060D,false,Rx,0,8,0D,10,83,B6,09,20,70,00,
756000,00000054,false,Rx,0,8,01,05,EF,00,EF,02,00,00,
756000,00000055,false,Rx,0,8,10,27,00,00,00,00,00,00,
756000,00000056,false,Rx,0,8,10,27,00,00,00,00,00,00,
757000,00000057,false,Rx,0,8,00,00,FE,FF,FE,FF,00,00,
790000,00000625,false,Rx,0,8,25,00,59,86,01,54,5C,06,
0,000002C4,false,Rx,0,8,09,20,00,00,EF,02,00,00,
0,000002C5,false,Rx,0,8,00,00,00,00,00,00,00,00,
0,000002C6,false,Rx,0,8,32,00,7C,01,00,00,00,00,
846000,0000060D,false,Rx,0,8,0D,10,83,B6,09,20,70,00,
890000,00000625,false,Rx,0,8,25,00,59,86,01,54,5C,06,
947000,0000060D,false,Rx,0,8,0D,10,83,B6,09,20,70,00,
0,00000054,false,Rx,0,8,01,05,EF,00,EF,02,00,00,
0,00000055,false,Rx,0,8,10,27,00,00,00,00,00,00,
956000,00000056,false,Rx,0,8,10,27,00,00,00,00,00,00,
957000,00000057,false,Rx,0,8,00,00,FE,FF,FE,FF,00,00,
990000,00000625,false,Rx,0,8,25,00,59,86,01,54,5C,06,
21000,000002C4,false,Rx,0,8,09,20,00,00,EF,02,00,00,
21000,000002C5,false,Rx,0,8,00,00,00,00,00,00,00,00,
21000,000002C6,false,Rx,0,8,32,00,7C,01,00,00,00,00,
47000,0000060D,false,Rx,0,8,0D,10,83,B6,09,20,70,00,
90000,00000625,false,Rx,0,8,25,00,59,86,01,54,5C,06,
146000,0000060D,false,Rx,0,8,0D,10,83,B6,09,20,70,00,
0,00000054,false,Rx,0,8,01,05,EF,00,EF,02,00,00,
0,00000055,false,Rx,0,8,10,27,00,00,00,00,00,00,
0,00000056,false,Rx,0,8,10,27,00,00,00,00,00,00,
158000,00000057,false,Rx,0,8,00,00,FE,FF,FE,FF,00,00,
189000,00000625,false,Rx,0,8,25,00,59,86,01,54,5C,06,
240000,000002C4,false,Rx,0,8,09,20,00,00,EF,02,00,00,
241000,000002C5,false,Rx,0,8,00,00,00,00,00,00,00,00,
241000,000002C6,false,Rx,0,8,32,00,7C,01,00,00,00,00,
246000,0000060D,false,Rx,0,8,0D,10,83,B6,09,20,70,00,
289000,00000625,false,Rx,0,8,25,00,59,86,01,54,5C,06,
346000,0000060D,false,Rx,0,8,0D,10,83,B6,09,20,70,00,
357000,00000054,false,Rx,0,8,01,05,EF,00,EF,02,00,00,
357000,00000055,false,Rx,0,8,10,27,00,00,00,00,00,00,
0,00000056,false,Rx,0,8,10,27,00,00,00,00,00,00,
0,00000057,false,Rx,0,8,00,00,FE,FF,FE,FF,00,00,
390000,00000625,false,Rx,0,8,25,00,59,86,01,54,5C,06,
447000,0000060D,false,Rx,0,8,0D,10,83,B6,09,20,70,00,
461000,000002C4,false,Rx,0,8,09,20,00,00,EF,02,00,00,
461000,000002C5,false,Rx,0,8,00,00,00,00,00,00,00,00,
461000,000002C6,false,Rx,0,8,32,00,7C,01,00,00,00,00,
490000,00000625,false,Rx,0,8,25,00,59,86,01,54,5C,06,
547000,0000060D,false,Rx,0,8,0D,10,83,B6,09,20,70,00,
556000,00000054,false,Rx,0,8,01,05,EF,00,EF,02,00,00,
556000,00000055,false,Rx,0,8,10,27,00,00,00,00,00,00,
556000,00000056,false,Rx,0,8,10,27,00,00,00,00,00,00,
557000,00000057,false,Rx,0,8,00,00,FE,FF,FE,FF,00,00,
589000,00000625,false,Rx,0,8,25,00,59,86,01,54,5C,06,
647000,0000060D,false,Rx,0,8,0D,10,83,B6,09,20,70,00,
681000,000002C4,false,Rx,0,8,09,20,00,00,EF,02,00,00,
681000,000002C5,false,Rx,0,8,00,00,00,00,00,00,00,00,
682000,000002C6,false,Rx,0,8,32,00,7C,01,00,00,00,00,
690000,00000625,false,Rx,0,8,25,00,59,86,01,54,5C,06,
747000,0000060D,false,Rx,0,8,0D,10,83,B6,09,20,70,00,
756000,00000054,false,Rx,0,8,01,05,EF,00,EF,02,00,00,
756000,00000055,false,Rx,0,8,10,27,00,00,00,00,00,00,
756000,00000056,false,Rx,0,8,10,27,00,00,00,00,00,00,
757000,00000057,false,Rx,0,8,00,00,FE,FF,FE,FF,00,00,
790000,00000625,false,Rx,0,8,25,00,59,86,01,54,5C,06,
847000,0000060D,false,Rx,0,8,0D,10,83,B6,09,20,70,00,
891000,00000625,false,Rx,0,8,25,00,59,86,01,54,5C,06,
901000,000002C4,false,Rx,0,8,09,20,00,00,EF,02,00,00,
901000,000002C5,false,Rx,0,8,00,00,00,00,00,00,00,00,
902000,000002C6,false,Rx,0,8,32,00,7C,01,00,00,00,00,
947000,0000060D,false,Rx,0,8,0D,10,83,B6,09,20,70,00,
956000,00000054,false,Rx,0,8,01,05,EF,00,EF,02,00,00,
956000,00000055,false,Rx,0,8,10,27,00,00,00,00,00,00,
956000,00000056,false,Rx,0,8,10,27,00,00,00,00,00,00,
957000,00000057,false,Rx,0,8,00,00,FE,FF,FE,FF,00,00,
989000,00000625,false,Rx,0,8,25,00,59,86,01,54,5C,06,
46000,0000060D,false,Rx,0,8,0D,10,83,B6,09,20,70,00,
89000,00000625,false,Rx,0,8,25,00,59,86,01,54,5C,06,
120000,000002C4,false,Rx,0,8,09,20,00,00,EF,02,00,00,
121000,000002C5,false,Rx,0,8,00,00,00,00,00,00,00,00,
121000,000002C6,false,Rx,0,8,32,00,7C,01,00,00,00,00,
147000,0000060D,false,Rx,0,8,0D,10,83,B6,09,20,70,00,
0,00000054,false,Rx,0,8,01,05,EF,00,EF,02,00,00,
0,00000055,false,Rx,0,8,10,27,00,00,00,00,00,00,
157000,00000056,false,Rx,0,8,10,27,00,00,00,00,00,00,
158000,00000057,false,Rx,0,8,00,00,FE,FF,FE,FF,00,00,
190000,00000625,false,Rx,0,8,25,00,59,86,01,54,5C,06,
246000,0000060D,false,Rx,0,8,0D,10,83,B6,09,20,70,00,
289000,00000625,false,Rx,0,8,25,00,59,86,01,54,5C,06,
341000,000002C4,false,Rx,0,8,09,20,00,00,EF,02,00,00,
341000,000002C5,false,Rx,0,8,00,00,00,00,00,00,00,00,
341000,000002C6,false,Rx,0,8,32,00,7C,01,00,00,00,00,
347000,0000060D,false,Rx,0,8,0D,10,83,B6,09,20,70,00,
357000,00000054,false,Rx,0,8,01,05,EF,00,EF,02,00,00,
357000,00000055,false,Rx,0,8,10,27,00,00,00,00,00,00,
357000,00000056,false,Rx,0,8,10,27,00,00,00,00,00,00,
357000,00000057,false,Rx,0,8,00,00,FE,FF,FE,FF,00,00,
390000,00000625,false,Rx,0,8,25,00,59,86,01,54,5C,06,
447000,0000060D,false,Rx,0,8,0D,10,83,B6,09,20,70,00,
490000,00000625,false,Rx,0,8,25,00,59,86,01,54,5C,06,
546000,0000060D,false,Rx,0,8,0D,10,83,B6,09,20,70,00,
556000,00000054,false,Rx,0,8,01,05,EF,00,EF,02,00,00,
557000,00000055,false,Rx,0,8,10,27,00,00,00,00,00,00,
557000,00000056,false,Rx,0,8,10,27,00,00,00,00,00,00,
557000,00000057,false,Rx,0,8,00,00,FE,FF,FE,FF,00,00,
561000,000002C4,false,Rx,0,8,09,20,00,00,EF,02,00,00,
561000,000002C5,false,Rx,0,8,00,00,00,00,00,00,00,00,
561000,000002C6,false,Rx,0,8,32,00,7C,01,00,00,00,00,
589000,00000625,false,Rx,0,8,25,00,59,86,01,54,5C,06,
646000,0000060D,false,Rx,0,8,0D,10,83,B6,09,20,70,00,
689000,00000625,false,Rx,0,8,25,00,59,86,01,54,5C,06,
747000,0000060D,false,Rx,0,8,0D,10,83,B6,09,20,70,00,
756000,00000054,false,Rx,0,8,01,05,EF,00,EF,02,00,00,
757000,00000055,false,Rx,0,8,10,27,00,00,00,00,00,00,
757000,00000056,false,Rx,0,8,10,27,00,00,00,00,00,00,
757000,00000057,false,Rx,0,8,00,00,FE,FF,FE,FF,00,00,
781000,000002C4,false,Rx,0,8,09,20,00,00,EF,02,00,00,
0,000002C5,false,Rx,0,8,00,00,00,00,00,00,00,00,
0,000002C6,false,Rx,0,8,32,00,7C,01,00,00,00,00,
790000,00000625,false,Rx,0,8,25,00,59,86,01,54,5C,06,
847000,0000060D,false,Rx,0,8,0D,10,83,B6,09,20,70,00,
890000,00000625,false,Rx,0,8,25,00,59,86,01,54,5C,06,
947000,0000060D,false,Rx,0,8,0D,10,83,B6,09,20,70,00,
956000,00000054,false,Rx,0,8,01,05,EF,00,EF,02,00,00,
957000,00000055,false,Rx,0,8,10,27,00,00,00,00,00,00,
957000,00000056,false,Rx,0,8,10,27,00,00,00,00,00,00,
957000,00000057,false,Rx,0,8,00,00,FE,FF,FE,FF,00,00,
989000,00000625,false,Rx,0,8,25,00,59,86,01,54,5C,06,
1000,000002C4,false,Rx,0,8,09,20,00,00,EF,02,00,00,
1000,000002C5,false,Rx,0,8,00,00,00,00,00,00,00,00,
1000,000002C6,false,Rx,0,8,32,00,7C,01,00,00,00,00,
46000,0000060D,false,Rx,0,8,0D,10,83,B6,09,20,70,00,
90000,00000625,false,Rx,0,8,25,00,59,86,01,54,5C,06,
147000,0000060D,false,Rx,0,8,0D,10,83,B6,09,20,70,00,
0,00000054,false,Rx,0,8,01,05,EF,00,EF,02,00,00,
0,00000055,false,Rx,0,8,10,27,00,00,00,00,00,00,
0,00000056,false,Rx,0,8,10,27,00,00,00,00,00,00,
157000,00000057,false,Rx,0,8,00,00,FE,FF,FE,FF,00,00,
189000,00000625,false,Rx,0,8,25,00,59,86,01,54,5C,06,
221000,000002C4,false,Rx,0,8,09,20,00,00,EF,02,00,00,
221000,000002C5,false,Rx,0,8,00,00,00,00,00,00,00,00,
222000,000002C6,false,Rx,0,8,32,00,7C,01,00,00,00,00,
246000,0000060D,false,Rx,0,8,0D,10,83,B6,09,20,70,00,
290000,00000625,false,Rx,0,8,25,00,59,86,01,54,5C,06,
346000,0000060D,false,Rx,0,8,0D,10,83,B6,09,20,70,00,
356000,00000054,false,Rx,0,8,01,05,EF,00,EF,02,00,00,
356000,00000055,false,Rx,0,8,10,27,00,00,00,00,00,00,
356000,00000056,false,Rx,0,8,10,27,00,00,00,00,00,00,
357000,00000057,false,Rx,0,8,00,00,FE,FF,FE,FF,00,00,
390000,00000625,false,Rx,0,8,25,00,59,86,01,54,5C,06,
441000,000002C4,false,Rx,0,8,09,20,00,00,EF,02,00,00,
441000,000002C5,false,Rx,0,8,00,00,00,00,00,00,00,00,
442000,000002C6,false,Rx,0,8,32,00,7C,01,00,00,00,00,
446000,0000060D,false,Rx,0,8,0D,10,83,B6,09,20,70,00,
489000,00000625,false,Rx,0,8,25,00,59,86,01,54,5C,06,
547000,0000060D,false,Rx,0,8,0D,10,83,B6,09,20,70,00,
0,00000054,false,Rx,0,8,01,05,EF,00,EF,02,00,00,
0,00000055,false,Rx,0,8,10,27,00,00,00,00,00,00,
556000,00000056,false,Rx,0,8,10,27,00,00,00,00,00,00,
557000,00000057,false,Rx,0,8,00,00,FE,FF,FE,FF,00,00,
590000,00000625,false,Rx,0,8,25,00,59,86,01,54,5C,06,
646000,0000060D,false,Rx,0,8,0D,10,83,B6,09,20,70,00,
660000,000002C4,false,Rx,0,8,09,20,00,00,EF,02,00,00,
661000,000002C5,false,Rx,0,8,00,00,00,00,00,00,00,00,
661000,000002C6,false,Rx,0,8,32,00,7C,01,00,00,00,00,
690000,00000625,false,Rx,0,8,25,00,59,86,01,54,5C,06,
747000,0000060D,false,Rx,0,8,0D,10,83,B6,09,20,70,00,
756000,00000054,false,Rx,0,8,01,05,EF,00,EF,02,00,00,
756000,00000055,false,Rx,0,8,10,27,00,00,00,00,00,00,
757000,00000056,false,Rx,0,8,10,27,00,00,00,00,00,00,
757000,00000057,false,Rx,0,8,00,00,FE,FF,FE,FF,00,00,
790000,00000625,false,Rx,0,8,25,00,59,86,01,54,5C,06,
846000,0000060D,false,Rx,0,8,0D,10,83,B6,09,20,70,00,
880000,000002C4,false,Rx,0,8,09,20,00,00,EF,02,00,00,
881000,000002C5,false,Rx,0,8,00,00,00,00,00,00,00,00,
881000,000002C6,false,Rx,0,8,32,00,7C,01,00,00,00,00,
890000,00000625,false,Rx,0,8,25,00,59,86,01,54,5C,06,
947000,0000060D,false,Rx,0,8,0D,10,83,B6,09,20,70,00,
956000,00000054,false,Rx,0,8,01,05,EF,00,EF,02,00,00,
957000,00000055,false,Rx,0,8,10,27,00,00,00,00,00,00,
957000,00000056,false,Rx,0,8,10,27,00,00,00,00,00,00,
957000,00000057,false,Rx,0,8,00,00,FE,FF,FE,FF,00,00,
990000,00000625,false,Rx,0,8,25,00,59,86,01,54,5C,06,
48000,0000060D,false,Rx,0,8,0D,10,83,B6,09,20,70,00,
90000,00000625,false,Rx,0,8,25,00,59,86,01,54,5C,06,
101000,000002C4,false,Rx,0,8,09,20,00,00,EF,02,00,00,
101000,000002C5,false,Rx,0,8,00,00,00,00,00,00,00,00,
102000,000002C6,false,Rx,0,8,32,00,7C,01,00,00,00,00,
146000,0000060D,false,Rx,0,8,0D,10,83,B6,09,20,70,00,
0,00000054,false,Rx,0,8,01,05,EF,00,EF,02,00,00,
0,00000055,false,Rx,0,8,10,27,00,00,00,00,00,00,
0,00000056,false,Rx,0,8,10,27,00,00,00,00,00,00,
157000,00000057,false,Rx,0,8,00,00,FE,FF,FE,FF,00,00,
190000,00000625,false,Rx,0,8,25,00,59,86,01,54,5C,06,
247000,0000060D,false,Rx,0,8,0D,10,83,B6,09,20,70,00,
289000,00000625,false,Rx,0,8,25,00,59,86,01,54,5C,06,
321000,000002C4,false,Rx,0,8,09,20,00,00,EF,02,00,00,
321000,000002C5,false,Rx,0,8,00,00,00,00,00,00,00,00,
321000,000002C6,false,Rx,0,8,32,00,7C,01,00,00,00,00,
347000,0000060D,false,Rx,0,8,0D,10,83,B6,09,20,70,00,
356000,00000054,false,Rx,0,8,01,05,EF,00,EF,02,00,00,
356000,00000055,false,Rx,0,8,10,27,00,00,00,00,00,00,
357000,00000056,false,Rx,0,8,10,27,00,00,00,00,00,00,
357000,00000057,false,Rx,0,8,00,00,FE,FF,FE,FF,00,00,
391000,00000625,false,Rx,0,8,25,00,59,86,01,54,5C,06,
447000,0000060D,false,Rx,0,8,0D,10,83,B6,09,20,70,00,
490000,00000625,false,Rx,0,8,25,00,59,86,01,54,5C,06,
541000,000002C4,false,Rx,0,8,09,20,00,00,EF,02,00,00,
541000,000002C5,false,Rx,0,8,00,00,00,00,00,00,00,00,
542000,000002C6,false,Rx,0,8,32,00,7C,01,00,00,00,00,
547000,0000060D,false,Rx,0,8,0D,10,83,B6,09,20,70,00,
556000,00000054,false,Rx,0,8,01,05,EF,00,EF,02,00,00,
556000,00000055,false,Rx,0,8,10,27,00,00,00,00,00,00,
557000,00000056,false,Rx,0,8,10,27,00,00,00,00,00,00,
557000,00000057,false,Rx,0,8,00,00,FE,FF,FE,FF,00,00,
590000,00000625,false,Rx,0,8,25,00,59,86,01,54,5C,06,
647000,0000060D,false,Rx,0,8,0D,10,83,B6,09,20,70,00,
690000,00000625,false,Rx,0,8,25,00,59,86,01,54,5C,06,
747000,0000060D,false,Rx,0,8,0D,10,83,B6,09,20,70,00,
757000,00000054,false,Rx,0,8,01,05,EF,00,EF,02,00,00,
757000,00000055,false,Rx,0,8,10,27,00,00,00,00,00,00,
0,00000056,false,Rx,0,8,10,27,00,00,00,00,00,00,
0,00000057,false,Rx,0,8,00,00,FE,FF,FE,FF,00,00,
761000,000002C4,false,Rx,0,8,09,20,00,00,EF,02,00,00,
761000,000002C5,false,Rx,0,8,00,00,00,00,00,00,00,00,
762000,000002C6,false,Rx,0,8,32,00,7C,01,00,00,00,00,
789000,00000625,false,Rx,0,8,25,00,59,86,01,54,5C,06,
847000,0000060D,false,Rx,0,8,0D,10,83,B6,09,20,70,00,
890000,00000625,false,Rx,0,8,25,00,59,86,01,54,5C,06,
947000,0000060D,false,Rx,0,8,0D,10,83,B6,09,20,70,00,
956000,00000054,false,Rx,0,8,01,05,EF,00,EF,02,00,00,
956000,00000055,false,Rx,0,8,10,27,00,00,00,00,00,00,
956000,00000056,false,Rx,0,8,10,27,00,00,00,00,00,00,
957000,00000057,false,Rx,0,8,00,00,FE,FF,FE,FF,00,00,
981000,000002C4,false,Rx,0,8,09,20,00,00,EF,02,00,00,
981000,000002C5,false,Rx,0,8,00,00,00,00,00,00,00,00,
981000,000002C6,false,Rx,0,8,32,00,7C,01,00,00,00,00,
989000,00000625,false,Rx,0,8,25,00,59,86,01,54,5C,06,
46000,0000060D,false,Rx,0,8,0D,10,83,B6,09,20,70,00,
90000,00000625,false,Rx,0,8,25,00,59,86,01,54,5C,06,
146000,0000060D,false,Rx,0,8,0D,10,83,B6,09,20,70,00,
0,00000054,false,Rx,0,8,01,05,EF,00,EF,02,00,00,
0,00000055,false,Rx,0,8,10,27,00,00,00,00,00,00,
0,00000056,false,Rx,0,8,10,27,00,00,00,00,00,00,
157000,00000057,false,Rx,0,8,00,00,FE,FF,FE,FF,00,00,
190000,00000625,false,Rx,0,8,25,00,59,86,01,54,5C,06,
201000,000002C4,false,Rx,0,8,09,20,00,00,EF,02,00,00,
201000,000002C5,false,Rx,0,8,00,00,00,00,00,00,00,00,
201000,000002C6,false,Rx,0,8,32,00,7C,01,00,00,00,00,
247000,0000060D,false,Rx,0,8,0D,10,83,B6,09,20,70,00,
290000,00000625,false,Rx,0,8,25,00,59,86,01,54,5C,06,
347000,0000060D,false,Rx,0,8,0D,10,83,B6,09,20,70,00,
356000,00000054,false,Rx,0,8,01,05,EF,00,EF,02,00,00,
356000,00000055,false,Rx,0,8,10,27,00,00,00,00,00,00,
356000,00000056,false,Rx,0,8,10,27,00,00,00,00,00,00,
357000,00000057,false,Rx,0,8,00,00,FE,FF,FE,FF,00,00,
390000,00000625,false,Rx,0,8,25,00,59,86,01,54,5C,06,
421000,000002C4,false,Rx,0,8,09,20,00,00,EF,02,00,00,
421000,000002C5,false,Rx,0,8,00,00,00,00,00,00,00,00,
421000,000002C6,false,Rx,0,8,32,00,7C,01,00,00,00,00,
447000,0000060D,false,Rx,0,8,0D,10,83,B6,09,20,70,00,
490000,00000625,false,Rx,0,8,25,00,59,86,01,54,5C,06,
547000,0000060D,false,Rx,0,8,0D,10,83,B6,09,20,70,00,
557000,00000054,false,Rx,0,8,01,05,EF,00,EF,02,00,00,
557000,00000055,false,Rx,0,8,10,27,00,00,00,00,00,00,
557000,00000056,false,Rx,0,8,10,27,00,00,00,00,00,00,
557000,00000057,false,Rx,0,8,00,00,FE,FF,FE,FF,00,00,
590000,00000625,false,Rx,0,8,25,00,59,86,01,54,5C,06,
0,000002C4,false,Rx,0,8,09,20,00,00,EF,02,00,00,
0,000002C5,false,Rx,0,8,00,00,00,00,00,00,00,00,
642000,000002C6,false,Rx,0,8,32,00,7C,01,00,00,00,00,
647000,0000060D,false,Rx,0,8,0D,10,83,B6,09,20,70,00,
690000,00000625,false,Rx,0,8,25,00,59,86,01,54,5C,06,
746000,0000060D,false,Rx,0,8,0D,10,83,B6,09,20,70,00,
756000,00000054,false,Rx,0,8,01,05,EF,00,EF,02,00,00,
756000,00000055,false,Rx,0,8,10,27,00,00,00,00,00,00,
757000,00000056,false,Rx,0,8,10,27,00,00,00,00,00,00,
757000,00000057,false,Rx,0,8,00,00,FE,FF,FE,FF,00,00,
789000,00000625,false,Rx,0,8,25,00,59,86,01,54,5C,06,
846000,0000060D,false,Rx,0,8,0D,10,83,B6,09,20,70,00,
861000,000002C4,false,Rx,0,8,09,20,00,00,EF,02,00,00,
861000,000002C5,false,Rx,0,8,00,00,00,00,00,00,00,00,
861000,000002C6,false,Rx,0,8,32,00,7C,01,00,00,00,00,
890000,00000625,false,Rx,0,8,25,00,59,86,01,54,5C,06,
946000,0000060D,false,Rx,0,8,0D,10,83,B6,09,20,70,00,
0,00000054,false,Rx,0,8,01,05,EF,00,EF,02,00,00,
0,00000055,false,Rx,0,8,10,27,00,00,00,00,00,00,
0,00000056,false,Rx,0,8,10,27,00,00,00,00,00,00,
0,00000057,false,Rx,0,8,00,00,FE,FF,FE,FF,00,00,
989000,00000625,false,Rx,0,8,25,00,59,86,01,54,5C,06,
47000,0000060D,false,Rx,0,8,0D,10,83,B6,09,20,70,00,
81000,000002C4,false,Rx,0,8,09,20,00,00,EF,02,00,00,
81000,000002C5,false,Rx,0,8,00,00,00,00,00,00,00,00,
82000,000002C6,false,Rx,0,8,32,00,7C,01,00,00,00,00,
89000,00000625,false,Rx,0,8,25,00,59,86,01,54,5C,06,
147000,0000060D,false,Rx,0,8,0D,10,83,B6,09,20,70,00,
0,00000054,false,Rx,0,8,01,05,EF,00,EF,02,00,00,
0,00000055,false,Rx,0,8,10,27,00,00,00,00,00,00,
157000,00000056,false,Rx,0,8,10,27,00,00,00,00,00,00,
158000,00000057,false,Rx,0,8,00,00,FE,FF,FE,FF,00,00,
189000,00000625,false,Rx,0,8,25,00,59,86,01,54,5C,06,
246000,0000060D,false,Rx,0,8,0D,10,83,B6,09,20,70,00,
290000,00000625,false,Rx,0,8,25,00,59,86,01,54,5C,06,
301000,000002C4,false,Rx,0,8,09,20,00,00,EF,02,00,00,
301000,000002C5,false,Rx,0,8,00,00,00,00,00,00,00,00,
301000,000002C6,false,Rx,0,8,32,00,7C,01,00,00,00,00,
347000,0000060D,false,Rx,0,8,0D,10,83,B6,09,20,70,00,
356000,00000054,false,Rx,0,8,01,05,EF,00,EF,02,00,00,
357000,00000055,false,Rx,0,8,10,27,00,00,00,00,00,00,
357000,00000056,false,Rx,0,8,10,27,00,00,00,00,00,00,
357000,00000057,false,Rx,0,8,00,00,FE,FF,FE,FF,00,00,
389000,00000625,false,Rx,0,8,25,00,59,86,01,54,5C,06,
447000,0000060D,false,Rx,0,8,0D,10,83,B6,09,20,70,00,
489000,00000625,false,Rx,0,8,25,00,59,86,01,54,5C,06,
0,000002C4,false,Rx,0,8,09,20,00,00,EF,02,00,00,
0,000002C5,false,Rx,0,8,00,00,00,00,00,00,00,00,
521000,000002C6,false,Rx,0,8,32,00,7C,01,00,00,00,00,
547000,0000060D,false,Rx,0,8,0D,10,83,B6,09,20,70,00,
556000,00000054,false,Rx,0,8,01,05,EF,00,EF,02,00,00,
557000,00000055,false,Rx,0,8,10,27,00,00,00,00,00,00,
557000,00000056,false,Rx,0,8,10,27,00,00,00,00,00,00,
557000,00000057,false,Rx,0,8,00,00,FE,FF,FE,FF,00,00,
590000,00000625,false,Rx,0,8,25,00,59,86,01,54,5C,06,
646000,0000060D,false,Rx,0,8,0D,10,83,B6,09,20,70,00,
690000,00000625,false,Rx,0,8,25,00,59,86,01,54,5C,06,
741000,000002C4,false,Rx,0,8,09,20,00,00,EF,02,00,00,
741000,000002C5,false,Rx,0,8,00,00,00,00,00,00,00,00,
741000,000002C6,false,Rx,0,8,32,00,7C,01,00,00,00,00,
747000,0000060D,false,Rx,0,8,0D,10,83,B6,09,20,70,00,
756000,00000054,false,Rx,0,8,01,05,EF,00,EF,02,00,00,
756000,00000055,false,Rx,0,8,10,27,00,00,00,00,00,00,
757000,00000056,false,Rx,0,8,10,27,00,00,00,00,00,00,
758000,00000057,false,Rx,0,8,00,00,FE,FF,FE,FF,00,00,
790000,00000625,false,Rx,0,8,25,00,59,86,01,54,5C,06,
847000,0000060D,false,Rx,0,8,0D,10,83,B6,09,20,70,00,
890000,00000625,false,Rx,0,8,25,00,59,86,01,54,5C,06,
946000,0000060D,false,Rx,0,8,0D,10,83,B6,09,20,70,00,
956000,00000054,false,Rx,0,8,01,05,EF,00,EF,02,00,00,
957000,00000055,false,Rx,0,8,10,27,00,00,00,00,00,00,
957000,00000056,false,Rx,0,8,10,27,00,00,00,00,00,00,
957000,00000057,false,Rx,0,8,00,00,FE,FF,FE,FF,00,00,
961000,000002C4,false,Rx,0,8,09,20,00,00,EF,02,00,00,
962000,000002C5,false,Rx,0,8,00,00,00,00,00,00,00,00,
962000,000002C6,false,Rx,0,8,32,00,7C,01,00,00,00,00,
990000,00000625,false,Rx,0,8,25,00,59,86,01,54,5C,06,
47000,0000060D,false,Rx,0,8,0D,10,83,B6,09,20,70,00,
90000,00000625,false,Rx,0,8,25,00,59,86,01,54,5C,06,
147000,0000060D,false,Rx,0,8,0D,10,83,B6,09,20,70,00,
0,00000054,false,Rx,0,8,01,05,EF,00,EF,02,00,00,
0,00000055,false,Rx,0,8,10,27,00,00,00,00,00,00,
0,00000056,false,Rx,0,8,10,27,00,00,00,00,00,00,
157000,00000057,false,Rx,0,8,00,00,FE,FF,FE,FF,00,00,
181000,000002C4,false,Rx,0,8,09,20,00,00,EF,02,00,00,
181000,000002C5,false,Rx,0,8,00,00,00,00,00,00,00,00,
182000,000002C6,false,Rx,0,8,32,00,7C,01,00,00,00,00,
190000,00000625,false,Rx,0,8,25,00,59,86,01,54,5C,06,
247000,0000060D,false,Rx,0,8,0D,10,83,B6,09,20,70,00,
290000,00000625,false,Rx,0,8,25,00,59,86,01,54,5C,06,
347000,0000060D,false,Rx,0,8,0D,10,83,B6,09,20,70,00,
357000,00000054,false,Rx,0,8,01,05,EF,00,EF,02,00,00,
357000,00000055,false,Rx,0,8,10,27,00,00,00,00,00,00,
357000,00000056,false,Rx,0,8,10,27,00,00,00,00,00,00,
357000,00000057,false,Rx,0,8,00,00,FE,FF,FE,FF,00,00,
391000,00000625,false,Rx,0,8,25,00,59,86,01,54,5C,06,
401000,000002C4,false,Rx,0,8,09,20,00,00,EF,02,00,00,
401000,000002C5,false,Rx,0,8,00,00,00,00,00,00,00,00,
402000,000002C6,false,Rx,0,8,32,00,7C,01,00,00,00,00,
446000,0000060D,false,Rx,0,8,0D,10,83,B6,09,20,70,00,
489000,00000625,false,Rx,0,8,25,00,59,86,01,54,5C,06,
546000,0000060D,false,Rx,0,8,0D,10,83,B6,09,20,70,00,
556000,00000054,false,Rx,0,8,01,05,EF,00,EF,02,00,00,
557000,00000055,false,Rx,0,8,10,27,00,00,00,00,00,00,
557000,00000056,false,Rx,0,8,10,27,00,00,00,00,00,00,
557000,00000057,false,Rx,0,8,00,00,FE,FF,FE,FF,00,00,
589000,00000625,false,Rx,0,8,25,00,59,86,01,54,5C,06,
621000,000002C4,false,Rx,0,8,09,20,00,00,EF,02,00,00,
621000,000002C5,false,Rx,0,8,00,00,00,00,00,00,00,00,
621000,000002C6,false,Rx,0,8,32,00,7C,01,00,00,00,00,
646000,0000060D,false,Rx,0,8,0D,10,83,B6,09,20,70,00,
690000,00000625,false,Rx,0,8,25,00,59,86,01,54,5C,06,
746000,0000060D,false,Rx,0,8,0D,10,83,B6,09,20,70,00,
756000,00000054,false,Rx,0,8,01,05,EF,00,EF,02,00,00,
757000,00000055,false,Rx,0,8,10,27,00,00,00,00,00,00,
757000,00000056,false,Rx,0,8,10,27,00,00,00,00,00,00,
757000,00000057,false,Rx,0,8,00,00,FE,FF,FE,FF,00,00,
789000,00000625,false,Rx,0,8,25,00,59,86,01,54,5C,06,
840000,000002C4,false,Rx,0,8,09,20,00,00,EF,02,00,00,
841000,000002C5,false,Rx,0,8,00,00,00,00,00,00,00,00,
841000,000002C6,false,Rx,0,8,32,00,7C,01,00,00,00,00,
847000,0000060D,false,Rx,0,8,0D,10,83,B6,09,20,70,00,
890000,00000625,false,Rx,0,8,25,00,59,86,01,54,5C,06,
947000,0000060D,false,Rx,0,8,0D,10,83,B6,09,20,70,00,
956000,00000054,false,Rx,0,8,01,05,EF,00,EF,02,00,00,
956000,00000055,false,Rx,0,8,10,27,00,00,00,00,00,00,
957000,00000056,false,Rx,0,8,10,27,00,00,00,00,00,00,
957000,00000057,false,Rx,0,8,00,00,FE,FF,FE,FF,00,00,
990000,00000625,false,Rx,0,8,25,00,59,86,01,54,5C,06,
47000,0000060D,false,Rx,0,8,0D,10,83,B6,09,20,70,00,
61000,000002C4,false,Rx,0,8,09,20,00,00,EF,02,00,00,
61000,000002C5,false,Rx,0,8,00,00,00,00,00,00,00,00,
61000,000002C6,false,Rx,0,8,32,00,7C,01,00,00,00,00,
89000,00000625,false,Rx,0,8,25,00,59,86,01,54,5C,06,
147000,0000060D,false,Rx,0,8,0D,10,83,B6,09,20,70,00,
157000,00000054,false,Rx,0,8,01,05,EF,00,EF,02,00,00,
0,00000055,false,Rx,0,8,10,27,00,00,00,00,00,00,
0,00000056,false,Rx,0,8,10,27,00,00,00,00,00,00,
0,00000057,false,Rx,0,8,00,00,FE,FF,FE,FF,00,00,
190000,00000625,false,Rx,0,8,25,00,59,86,01,54,5C,06,
248000,0000060D,false,Rx,0,8,0D,10,83,B6,09,20,70,00,
281000,000002C4,false,Rx,0,8,09,20,00,00,EF,02,00,00,
281000,000002C5,false,Rx,0,8,00,00,00,00,00,00,00,00,
281000,000002C6,false,Rx,0,8,32,00,7C,01,00,00,00,00,
290000,00000625,false,Rx,0,8,25,00,59,86,01,54,5C,06,
347000,0000060D,false,Rx,0,8,0D,10,83,B6,09,20,70,00,
0,00000054,false,Rx,0,8,01,05,EF,00,EF,02,00,00,
0,00000055,false,Rx,0,8,10,27,00,00,00,00,00,00,
356000,00000056,false,Rx,0,8,10,27,00,00,00,00,00,00,
357000,00000057,false,Rx,0,8,00,00,FE,FF,FE,FF,00,00,
390000,00000625,false,Rx,0,8,25,00,59,86,01,54,5C,06,
447000,0000060D,false,Rx,0,8,0D,10,83,B6,09,20,70,00,
490000,00000625,false,Rx,0,8,25,00,59,86,01,54,5C,06,
501000,000002C4,false,Rx,0,8,09,20,00,00,EF,02,00,00,
501000,000002C5,false,Rx,0,8,00,00,00,00,00,00,00,00,
501000,000002C6,false,Rx,0,8,32,00,7C,01,00,00,00,00,
547000,0000060D,false,Rx,0,8,0D,10,83,B6,09,20,70,00,
556000,00000054,false,Rx,0,8,01,05,EF,00,EF,02,00,00,
557000,00000055,false,Rx,0,8,10,27,00,00,00,00,00,00,
557000,00000056,false,Rx,0,8,10,27,00,00,00,00,00,00,
557000,00000057,false,Rx,0,8,00,00,FE,FF,FE,FF,00,00,
590000,00000625,false,Rx,0,8,25,00,59,86,01,54,5C,06,
646000,0000060D,false,Rx,0,8,0D,10,83,B6,09,20,70,00,
690000,00000625,false,Rx,0,8,25,00,59,86,01,54,5C,06,
0,000002C4,false,Rx,0,8,09,20,00,00,EF,02,00,00,
0,000002C5,false,Rx,0,8,00,00,00,00,00,00,00,00,
722000,000002C6,false,Rx,0,8,32,00,7C,01,00,00,00,00,
747000,0000060D,false,Rx,0,8,0D,10,83,B6,09,20,70,00,
756000,00000054,false,Rx,0,8,01,05,EF,00,EF,02,00,00,
756000,00000055,false,Rx,0,8,10,27,00,00,00,00,00,00,
756000,00000056,false,Rx,0,8,10,27,00,00,00,00,00,00,
757000,00000057,false,Rx,0,8,00,00,FE,FF,FE,FF,00,00,
790000,00000625,false,Rx,0,8,25,00,59,86,01,54,5C,06,
846000,0000060D,false,Rx,0,8,0D,10,83,B6,09,20,70,00,
890000,00000625,false,Rx,0,8,25,00,59,86,01,54,5C,06,
941000,000002C4,false,Rx,0,8,09,20,00,00,EF,02,00,00,
942000,000002C5,false,Rx,0,8,00,00,00,00,00,00,00,00,
942000,000002C6,false,Rx,0,8,32,00,7C,01,00,00,00,00,
947000,0000060D,false,Rx,0,8,0D,10,83,B6,09,20,70,00,
956000,00000054,false,Rx,0,8,01,05,EF,00,EF,02,00,00,
957000,00000055,false,Rx,0,8,10,27,00,00,00,00,00,00,
957000,00000056,false,Rx,0,8,10,27,00,00,00,00,00,00,
957000,00000057,false,Rx,0,8,00,00,FE,FF,FE,FF,00,00,
989000,00000625,false,Rx,0,8,25,00,59,86,01,54,5C,06,
47000,0000060D,false,Rx,0,8,0D,10,83,B6,09,20,70,00,
90000,00000625,false,Rx,0,8,25,00,59,86,01,54,5C,06,
146000,0000060D,false,Rx,0,8,0D,10,83,B6,09,20,70,00,
0,00000054,false,Rx,0,8,01,05,EF,00,EF,02,00,00,
0,00000055,false,Rx,0,8,10,27,00,00,00,00,00,00,
0,00000056,false,Rx,0,8,10,27,00,00,00,00,00,00,
0,00000057,false,Rx,0,8,00,00,FE,FF,FE,FF,00,00,
161000,000002C4,false,Rx,0,8,09,20,00,00,EF,02,00,00,
161000,000002C5,false,Rx,0,8,00,00,00,00,00,00,00,00,
161000,000002C6,false,Rx,0,8,32,00,7C,01,00,00,00,00,
190000,00000625,false,Rx,0,8,25,00,59,86,01,54,5C,06,
246000,0000060D,false,Rx,0,8,0D,10,83,B6,09,20,70,00,
290000,00000625,false,Rx,0,8,25,00,59,86,01,54,5C,06,
347000,0000060D,false,Rx,0,8,0D,10,83,B6,09,20,70,00,
356000,00000054,false,Rx,0,8,01,05,EF,00,EF,02,00,00,
356000,00000055,false,Rx,0,8,10,27,00,00,00,00,00,00,
356000,00000056,false,Rx,0,8,10,27,00,00,00,00,00,00,
357000,00000057,false,Rx,0,8,00,00,FE,FF,FE,FF,00,00,
381000,000002C4,false,Rx,0,8,09,20,00,00,EF,02,00,00,
381000,000002C5,false,Rx,0,8,00,00,00,00,00,00,00,00,
382000,000002C6,false,Rx,0,8,32,00,7C,01,00,00,00,00,
390000,00000625,false,Rx,0,8,25,00,59,86,01,54,5C,06,
446000,0000060D,false,Rx,0,8,0D,10,83,B6,09,20,70,00,
490000,00000625,false,Rx,0,8,25,00,59,86,01,54,5C,06,
545000,0000060D,false,Rx,0,8,0D,10,83,B6,09,20,70,00,
556000,00000054,false,Rx,0,8,01,05,EF,00,EF,02,00,00,
556000,00000055,false,Rx,0,8,10,27,00,00,00,00,00,00,
556000,00000056,false,Rx,0,8,10,27,00,00,00,00,00,00,
557000,00000057,false,Rx,0,8,00,00,FE,FF,FE,FF,00,00,
590000,00000625,false,Rx,0,8,25,00,59,86,01,54,5C,06,
601000,000002C4,false,Rx,0,8,09,20,00,00,EF,02,00,00,
601000,000002C5,false,Rx,0,8,00,00,00,00,00,00,00,00,
602000,000002C6,false,Rx,0,8,32,00,7C,01,00,00,00,00,
646000,0000060D,false,Rx,0,8,0D,10,83,B6,09,20,70,00,
689000,00000625,false,Rx,0,8,25,00,59,86,01,54,5C,06,
746000,0000060D,false,Rx,0,8,0D,10,83,B6,09,20,70,00,
0,00000054,false,Rx,0,8,01,05,EF,00,EF,02,00,00,
0,00000055,false,Rx,0,8,10,27,00,00,00,00,00,00,
757000,00000056,false,Rx,0,8,10,27,00,00,00,00,00,00,
757000,00000057,false,Rx,0,8,00,00,FE,FF,FE,FF,00,00,
791000,00000625,false,Rx,0,8,25,00,59,86,01,54,5C,06,
821000,000002C4,false,Rx,0,8,09,20,00,00,EF,02,00,00,
821000,000002C5,false,Rx,0,8,00,00,00,00,00,00,00,00,
821000,000002C6,false,Rx,0,8,32,00,7C,01,00,00,00,00,
846000,0000060D,false,Rx,0,8,0D,10,83,B6,09,20,70,00,
890000,00000625,false,Rx,0,8,25,00,59,86,01,54,5C,06,
947000,0000060D,false,Rx,0,8,0D,10,83,B6,09,20,70,00,
957000,00000054,false,Rx,0,8,01,05,EF,00,EF,02,00,00,
957000,00000055,false,Rx,0,8,10,27,00,00,00,00,00,00,
957000,00000056,false,Rx,0,8,10,27,00,00,00,00,00,00,
957000,00000057,false,Rx,0,8,00,00,FE,FF,FE,FF,00,00,
990000,00000625,false,Rx,0,8,25,00,59,86,01,54,5C,06,
41000,000002C4,false,Rx,0,8,09,20,00,00,EF,02,00,00,
41000,000002C5,false,Rx,0,8,00,00,00,00,00,00,00,00,
41000,000002C6,false,Rx,0,8,32,00,7C,01,00,00,00,00,
46000,0000060D,false,Rx,0,8,0D,10,83,B6,09,20,70,00,
90000,00000625,false,Rx,0,8,25,00,59,86,01,54,5C,06,
146000,0000060D,false,Rx,0,8,0D,10,83,B6,09,20,70,00,
0,00000054,false,Rx,0,8,01,05,EF,00,EF,02,00,00,
0,00000055,false,Rx,0,8,10,27,00,00,00,00,00,00,
0,00000056,false,Rx,0,8,10,27,00,00,00,00,00,00,
0,00000057,false,Rx,0,8,00,00,FE,FF,FE,FF,00,00,
190000,00000625,false,Rx,0,8,25,00,59,86,01,54,5C,06,
247000,0000060D,false,Rx,0,8,0D,10,83,B6,09,20,70,00,
261000,000002C4,false,Rx,0,8,09,20,00,00,EF,02,00,00,
262000,000002C5,false,Rx,0,8,00,00,00,00,00,00,00,00,
262000,000002C6,false,Rx,0,8,32,00,7C,01,00,00,00,00,
290000,00000625,false,Rx,0,8,25,00,59,86,01,54,5C,06,
347000,0000060D,false,Rx,0,8,0D,10,83,B6,09,20,70,00,
356000,00000054,false,Rx,0,8,01,05,EF,00,EF,02,00,00,
0,00000055,false,Rx,0,8,10,27,00,00,00,00,00,00,
0,00000056,false,Rx,0,8,10,27,00,00,00,00,00,00,
357000,00000057,false,Rx,0,8,00,00,FE,FF,FE,FF,00,00,
390000,00000625,false,Rx,0,8,25,00,59,86,01,54,5C,06,
446000,0000060D,false,Rx,0,8,0D,10,83,B6,09,20,70,00,
481000,000002C4,false,Rx,0,8,09,20,00,00,EF,02,00,00,
481000,000002C5,false,Rx,0,8,00,00,00,00,00,00,00,00,
482000,000002C6,false,Rx,0,8,32,00,7C,01,00,00,00,00,
489000,00000625,false,Rx,0,8,25,00,59,86,01,54,5C,06,
547000,0000060D,false,Rx,0,8,0D,10,83,B6,09,20,70,00,
556000,00000054,false,Rx,0,8,01,05,EF,00,EF,02,00,00,
556000,00000055,false,Rx,0,8,10,27,00,00,00,00,00,00,
557000,00000056,false,Rx,0,8,10,27,00,00,00,00,00,00,
557000,00000057,false,Rx,0,8,00,00,FE,FF,FE,FF,00,00,
590000,00000625,false,Rx,0,8,25,00,59,86,01,54,5C,06,
646000,0000060D,false,Rx,0,8,0D,10,83,B6,09,20,70,00,
690000,00000625,false,Rx,0,8,25,00,59,86,01,54,5C,06,
701000,000002C4,false,Rx,0,8,09,20,00,00,EF,02,00,00,
702000,000002C5,false,Rx,0,8,00,00,00,00,00,00,00,00,
702000,000002C6,false,Rx,0,8,32,00,7C,01,00,00,00,00,
747000,0000060D,false,Rx,0,8,0D,10,83,B6,09,20,70,00,
757000,00000054,false,Rx,0,8,01,05,EF,00,EF,02,00,00,
0,00000055,false,Rx,0,8,10,27,00,00,00,00,00,00,
0,00000056,false,Rx,0,8,10,27,00,00,00,00,00,00,
758000,00000057,false,Rx,0,8,00,00,FE,FF,FE,FF,00,00,
790000,00000625,false,Rx,0,8,25,00,59,86,01,54,5C,06,
847000,0000060D,false,Rx,0,8,0D,10,83,B6,09,20,70,00,
890000,00000625,false,Rx,0,8,25,00,59,86,01,54,5C,06,
0,000002C4,false,Rx,0,8,09,20,00,00,EF,02,00,00,
0,000002C5,false,Rx,0,8,00,00,00,00,00,00,00,00,
922000,000002C6,false,Rx,0,8,32,00,7C,01,00,00,00,00,
947000,0000060D,false,Rx,0,8,0D,10,83,B6,09,20,70,00,
957000,00000054,false,Rx,0,8,01,05,EF,00,EF,02,00,00,
957000,00000055,false,Rx,0,8,10,27,00,00,00,00,00,00,
0,00000056,false,Rx,0,8,10,27,00,00,00,00,00,00,
0,00000057,false,Rx,0,8,00,00,FE,FF,FE,FF,00,00,
990000,00000625,false,Rx,0,8,25,00,59,86,01,54,5C,06,
47000,0000060D,false,Rx,0,8,0D,10,83,B6,09,20,70,00,
90000,00000625,false,Rx,0,8,25,00,59,86,01,54,5C,06,
0,000002C4,false,Rx,0,8,09,20,00,00,EF,02,00,00,
0,000002C5,false,Rx,0,8,00,00,00,00,00,00,00,00,
0,000002C6,false,Rx,0,8,32,00,7C,01,00,00,00,00,
147000,0000060D,false,Rx,0,8,0D,10,83,B6,09,20,70,00,
0,00000054,false,Rx,0,8,01,05,EF,00,EF,02,00,00,
0,00000055,false,Rx,0,8,10,27,00,00,00,00,00,00,
0,00000056,false,Rx,0,8,10,27,00,00,00,00,00,00,
157000,00000057,false,Rx,0,8,00,00,FE,FF,FE,FF,00,00,
190000,00000625,false,Rx,0,8,25,00,59,86,01,54,5C,06,
247000,0000060D,false,Rx,0,8,0D,10,83,B6,09,20,70,00,
290000,00000625,false,Rx,0,8,25,00,59,86,01,54,5C,06,
347000,0000060D,false,Rx,0,8,0D,10,83,B6,09,20,70,00,
357000,00000054,false,Rx,0,8,01,05,EF,00,EF,02,00,00,
357000,00000055,false,Rx,0,8,10,27,00,00,00,00,00,00,
357000,00000056,false,Rx,0,8,10,27,00,00,00,00,00,00,
358000,00000057,false,Rx,0,8,00,00,FE,FF,FE,FF,00,00,
361000,000002C4,false,Rx,0,8,09,20,00,00,EF,02,00,00,
362000,000002C5,false,Rx,0,8,00,00,00,00,00,00,00,00,
362000,000002C6,false,Rx,0,8,32,00,7C,01,00,00,00,00,
390000,00000625,false,Rx,0,8,25,00,59,86,01,54,5C,06,
446000,0000060D,false,Rx,0,8,0D,10,83,B6,09,20,70,00,
490000,00000625,false,Rx,0,8,25,00,59,86,01,54,5C,06,
547000,0000060D,false,Rx,0,8,0D,10,83,B6,09,20,70,00,
556000,00000054,false,Rx,0,8,01,05,EF,00,EF,02,00,00,
556000,00000055,false,Rx,0,8,10,27,00,00,00,00,00,00,
557000,00000056,false,Rx,0,8,10,27,00,00,00,00,00,00,
557000,00000057,false,Rx,0,8,00,00,FE,FF,FE,FF,00,00,
581000,000002C4,false,Rx,0,8,09,20,00,00,EF,02,00,00,
581000,000002C5,false,Rx,0,8,00,00,00,00,00,00,00,00,
582000,000002C6,false,Rx,0,8,32,00,7C,01,00,00,00,00,
589000,00000625,false,Rx,0,8,25,00,59,86,01,54,5C,06,
646000,0000060D,false,Rx,0,8,0D,10,83,B6,09,20,70,00,
690000,00000625,false,Rx,0,8,25,00,59,86,01,54,5C,06,
746000,0000060D,false,Rx,0,8,0D,10,83,B6,09,20,70,00,
756000,00000054,false,Rx,0,8,01,05,EF,00,EF,02,00,00,
757000,00000055,false,Rx,0,8,10,27,00,00,00,00,00,00,
757000,00000056,false,Rx,0,8,10,27,00,00,00,00,00,00,
757000,00000057,false,Rx,0,8,00,00,FE,FF,FE,FF,00,00,
790000,00000625,false,Rx,0,8,25,00,59,86,01,54,5C,06,
800000,000002C4,false,Rx,0,8,09,20,00,00,EF,02,00,00,
801000,000002C5,false,Rx,0,8,00,00,00,00,00,00,00,00,
801000,000002C6,false,Rx,0,8,32,00,7C,01,00,00,00,00,
846000,0000060D,false,Rx,0,8,0D,10,83,B6,09,20,70,00,
891000,00000625,false,Rx,0,8,25,00,59,86,01,54,5C,06,
947000,0000060D,false,Rx,0,8,0D,10,83,B6,09,20,70,00,
0,00000054,false,Rx,0,8,01,05,EF,00,EF,02,00,00,
0,00000055,false,Rx,0,8,10,27,00,00,00,00,00,00,
957000,00000056,false,Rx,0,8,10,27,00,00,00,00,00,00,
957000,00000057,false,Rx,0,8,00,00,FE,FF,FE,FF,00,00,
989000,00000625,false,Rx,0,8,25,00,59,86,01,54,5C,06,
21000,000002C4,false,Rx,0,8,09,20,00,00,EF,02,00,00,
21000,000002C5,false,Rx,0,8,00,00,00,00,00,00,00,00,
22000,000002C6,false,Rx,0,8,32,00,7C,01,00,00,00,00,
47000,0000060D,false,Rx,0,8,0D,10,83,B6,09,20,70,00,
90000,00000625,false,Rx,0,8,25,00,59,86,01,54,5C,06,
147000,0000060D,false,Rx,0,8,0D,10,83,B6,09,20,70,00,
157000,00000054,false,Rx,0,8,01,05,EF,00,EF,02,00,00,
157000,00000055,false,Rx,0,8,10,27,00,00,00,00,00,00,
0,00000056,false,Rx,0,8,10,27,00,00,00,00,00,00,
0,00000057,false,Rx,0,8,00,00,FE,FF,FE,FF,00,00,
190000,00000625,false,Rx,0,8,25,00,59,86,01,54,5C,06,
241000,000002C4,false,Rx,0,8,09,20,00,00,EF,02,00,00,
241000,000002C5,false,Rx,0,8,00,00,00,00,00,00,00,00,
241000,000002C6,false,Rx,0,8,32,00,7C,01,00,00,00,00,
247000,0000060D,false,Rx,0,8,0D,10,83,B6,09,20,70,00,
290000,00000625,false,Rx,0,8,25,00,59,86,01,54,5C,06,
347000,0000060D,false,Rx,0,8,0D,10,83,B6,09,20,70,00,
357000,00000054,false,Rx,0,8,01,05,EF,00,EF,02,00,00,
0,00000055,false,Rx,0,8,10,27,00,00,00,00,00,00,
0,00000056,false,Rx,0,8,10,27,00,00,00,00,00,00,
0,00000057,false,Rx,0,8,00,00,FE,FF,FE,FF,00,00,
390000,00000625,false,Rx,0,8,25,00,59,86,01,54,5C,06,
446000,0000060D,false,Rx,0,8,0D,10,83,B6,09,20,70,00,
461000,000002C4,false,Rx,0,8,09,20,00,00,EF,02,00,00,
461000,000002C5,false,Rx,0,8,00,00,00,00,00,00,00,00,
462000,000002C6,false,Rx,0,8,32,00,7C,01,00,00,00,00,
489000,00000625,false,Rx,0,8,25,00,59,86,01,54,5C,06,
547000,0000060D,false,Rx,0,8,0D,10,83,B6,09,20,70,00,
556000,00000054,false,Rx,0,8,01,05,EF,00,EF,02,00,00,
556000,00000055,false,Rx,0,8,10,27,00,00,00,00,00,00,
557000,00000056,false,Rx,0,8,10,27,00,00,00,00,00,00,
557000,00000057,false,Rx,0,8,00,00,FE,FF,FE,FF,00,00,
590000,00000625,false,Rx,0,8,25,00,59,86,01,54,5C,06,
647000,0000060D,false,Rx,0,8,0D,10,83,B6,09,20,70,00,
681000,000002C4,false,Rx,0,8,09,20,00,00,EF,02,00,00,
681000,000002C5,false,Rx,0,8,00,00,00,00,00,00,00,00,
681000,000002C6,false,Rx,0,8,32,00,7C,01,00,00,00,00,
690000,00000625,false,Rx,0,8,25,00,59,86,01,54,5C,06,
746000,0000060D,false,Rx,0,8,0D,10,83,B6,09,20,70,00,
757000,00000054,false,Rx,0,8,01,05,EF,00,EF,02,00,00,
757000,00000055,false,Rx,0,8,10,27,00,00,00,00,00,00,
757000,00000056,false,Rx,0,8,10,27,00,00,00,00,00,00,
757000,00000057,false,Rx,0,8,00,00,FE,FF,FE,FF,00,00,
790000,00000625,false,Rx,0,8,25,00,59,86,01,54,5C,06,
847000,0000060D,false,Rx,0,8,0D,10,83,B6,09,20,70,00,
891000,00000625,false,Rx,0,8,25,00,59,86,01,54,5C,06,
901000,000002C4,false,Rx,0,8,09,20,00,00,EF,02,00,00,
901000,000002C5,false,Rx,0,8,00,00,00,00,00,00,00,00,
901000,000002C6,false,Rx,0,8,32,00,7C,01,00,00,00,00,
946000,0000060D,false,Rx,0,8,0D,10,83,B6,09,20,70,00,
957000,00000054,false,Rx,0,8,01,05,EF,00,EF,02,00,00,
957000,00000055,false,Rx,0,8,10,27,00,00,00,00,00,00,
957000,00000056,false,Rx,0,8,10,27,00,00,00,00,00,00,
957000,00000057,false,Rx,0,8,00,00,FE,FF,FE,FF,00,00,
990000,00000625,false,Rx,0,8,25,00,59,86,01,54,5C,06,
47000,0000060D,false,Rx,0,8,0D,10,83,B6,09,20,70,00,
90000,00000625,false,Rx,0,8,25,00,59,86,01,54,5C,06,
121000,000002C4,false,Rx,0,8,09,20,00,00,EF,02,00,00,
122000,000002C5,false,Rx,0,8,00,00,00,00,00,00,00,00,
122000,000002C6,false,Rx,0,8,32,00,7C,01,00,00,00,00,
147000,0000060D,false,Rx,0,8,0D,10,83,B6,09,20,70,00,
0,00000054,false,Rx,0,8,01,05,EF,00,EF,02,00,00,
0,00000055,false,Rx,0,8,10,27,00,00,00,00,00,00,
0,00000056,false,Rx,0,8,10,27,00,00,00,00,00,00,
157000,00000057,false,Rx,0,8,00,00,FE,FF,FE,FF,00,00,
189000,00000625,false,Rx,0,8,25,00,59,86,01,54,5C,06,
247000,0000060D,false,Rx,0,8,0D,10,83,B6,09,20,70,00,
290000,00000625,false,Rx,0,8,25,00,59,86,01,54,5C,06,
341000,000002C4,false,Rx,0,8,09,20,00,00,EF,02,00,00,
341000,000002C5,false,Rx,0,8,00,00,00,00,00,00,00,00,
342000,000002C6,false,Rx,0,8,32,00,7C,01,00,00,00,00,
347000,0000060D,false,Rx,0,8,0D,10,83,B6,09,20,70,00,
0,00000054,false,Rx,0,8,01,05,EF,00,EF,02,00,00,
0,00000055,false,Rx,0,8,10,27,00,00,00,00,00,00,
357000,00000056,false,Rx,0,8,10,27,00,00,00,00,00,00,
357000,00000057,false,Rx,0,8,00,00,FE,FF,FE,FF,00,00,
390000,00000625,false,Rx,0,8,25,00,59,86,01,54,5C,06,
447000,0000060D,false,Rx,0,8,0D,10,83,B6,09,20,70,00,
490000,00000625,false,Rx,0,8,25,00,59,86,01,54,5C,06,
546000,0000060D,false,Rx,0,8,0D,10,83,B6,09,20,70,00,
557000,00000054,false,Rx,0,8,01,05,EF,00,EF,02,00,00,
557000,00000055,false,Rx,0,8,10,27,00,00,00,00,00,00,
557000,00000056,false,Rx,0,8,10,27,00,00,00,00,00,00,
558000,00000057,false,Rx,0,8,00,00,FE,FF,FE,FF,00,00,
561000,000002C4,false,Rx,0,8,09,20,00,00,EF,02,00,00,
562000,000002C5,false,Rx,0,8,00,00,00,00,00,00,00,00,
562000,000002C6,false,Rx,0,8,32,00,7C,01,00,00,00,00,
590000,00000625,false,Rx,0,8,25,00,59,86,01,54,5C,06,
647000,0000060D,false,Rx,0,8,0D,10,83,B6,09,20,70,00,
689000,00000625,false,Rx,0,8,25,00,59,86,01,54,5C,06,
746000,0000060D,false,Rx,0,8,0D,10,83,B6,09,20,70,00,
757000,00000054,false,Rx,0,8,01,05,EF,00,EF,02,00,00,
757000,00000055,false,Rx,0,8,10,27,00,00,00,00,00,00,
757000,00000056,false,Rx,0,8,10,27,00,00,00,00,00,00,
757000,00000057,false,Rx,0,8,00,00,FE,FF,FE,FF,00,00,
781000,000002C4,false,Rx,0,8,09,20,00,00,EF,02,00,00,
781000,000002C5,false,Rx,0,8,00,00,00,00,00,00,00,00,
781000,000002C6,false,Rx,0,8,32,00,7C,01,00,00,00,00,
790000,00000625,false,Rx,0,8,25,00,59,86,01,54,5C,06,
846000,0000060D,false,Rx,0,8,0D,10,83,B6,09,20,70,00,
890000,00000625,false,Rx,0,8,25,00,59,86,01,54,5C,06,
947000,0000060D,false,Rx,0,8,0D,10,83,B6,09,20,70,00,
957000,00000054,false,Rx,0,8,01,05,EF,00,EF,02,00,00,
957000,00000055,false,Rx,0,8,10,27,00,00,00,00,00,00,
957000,00000056,false,Rx,0,8,10,27,00,00,00,00,00,00,
958000,00000057,false,Rx,0,8,00,00,FE,FF,FE,FF,00,00,
990000,00000625,false,Rx,0,8,25,00,59,86,01,54,5C,06,
0,000002C4,false,Rx,0,8,09,20,00,00,EF,02,00,00,
0,000002C5,false,Rx,0,8,00,00,00,00,00,00,00,00,
1000,000002C6,false,Rx,0,8,32,00,7C,01,00,00,00,00,
47000,0000060D,false,Rx,0,8,0D,10,83,B6,09,20,70,00,
90000,00000625,false,Rx,0,8,25,00,59,86,01,54,5C,06,
147000,0000060D,false,Rx,0,8,0D,10,83,B6,09,20,70,00,
0,00000054,false,Rx,0,8,01,05,EF,00,EF,02,00,00,
0,00000055,false,Rx,0,8,10,27,00,00,00,00,00,00,
0,00000056,false,Rx,0,8,10,27,00,00,00,00,00,00,
0,00000057,false,Rx,0,8,00,00,FE,FF,FE,FF,00,00,
190000,00000625,false,Rx,0,8,25,00,59,86,01,54,5C,06,
221000,000002C4,false,Rx,0,8,09,20,00,00,EF,02,00,00,
221000,000002C5,false,Rx,0,8,00,00,00,00,00,00,00,00,
221000,000002C6,false,Rx,0,8,32,00,7C,01,00,00,00,00,
247000,0000060D,false,Rx,0,8,0D,10,83,B6,09,20,70,00,
290000,00000625,false,Rx,0,8,25,00,59,86,01,54,5C,06,
347000,0000060D,false,Rx,0,8,0D,10,83,B6,09,20,70,00,
356000,00000054,false,Rx,0,8,01,05,EF,00,EF,02,00,00,
356000,00000055,false,Rx,0,8,10,27,00,00,00,00,00,00,
356000,00000056,false,Rx,0,8,10,27,00,00,00,00,00,00,
357000,00000057,false,Rx,0,8,00,00,FE,FF,FE,FF,00,00,
390000,00000625,false,Rx,0,8,25,00,59,86,01,54,5C,06,
442000,000002C4,false,Rx,0,8,09,20,00,00,EF,02,00,00,
442000,000002C5,false,Rx,0,8,00,00,00,00,00,00,00,00,
442000,000002C6,false,Rx,0,8,32,00,7C,01,00,00,00,00,
447000,0000060D,false,Rx,0,8,0D,10,83,B6,09,20,70,00,
490000,00000625,false,Rx,0,8,25,00,59,86,01,54,5C,06,
547000,0000060D,false,Rx,0,8,0D,10,83,B6,09,20,70,00,
557000,00000054,false,Rx,0,8,01,05,EF,00,EF,02,00,00,
557000,00000055,false,Rx,0,8,10,27,00,00,00,00,00,00,
0,00000056,false,Rx,0,8,10,27,00,00,00,00,00,00,
0,00000057,false,Rx,0,8,00,00,FE,FF,FE,FF,00,00,
590000,00000625,false,Rx,0,8,25,00,59,86,01,54,5C,06,
647000,0000060D,false,Rx,0,8,0D,10,83,B6,09,20,70,00,
661000,000002C4,false,Rx,0,8,09,20,00,00,EF,02,00,00,
661000,000002C5,false,Rx,0,8,00,00,00,00,00,00,00,00,
661000,000002C6,false,Rx,0,8,32,00,7C,01,00,00,00,00,
690000,00000625,false,Rx,0,8,25,00,59,86,01,54,5C,06,
746000,0000060D,false,Rx,0,8,0D,10,83,B6,09,20,70,00,
0,00000054,false,Rx,0,8,01,05,EF,00,EF,02,00,00,
0,00000055,false,Rx,0,8,10,27,00,00,00,00,00,00,
757000,00000056,false,Rx,0,8,10,27,00,00,00,00,00,00,
757000,00000057,false,Rx,0,8,00,00,FE,FF,FE,FF,00,00,
790000,00000625,false,Rx,0,8,25,00,59,86,01,54,5C,06,
846000,0000060D,false,Rx,0,8,0D,10,83,B6,09,20,70,00,
0,000002C4,false,Rx,0,8,09,20,00,00,EF,02,00,00,
0,000002C5,false,Rx,0,8,00,00,00,00,00,00,00,00,
882000,000002C6,false,Rx,0,8,32,00,7C,01,00,00,00,00,
890000,00000625,false,Rx,0,8,25,00,59,86,01,54,5C,06,
946000,0000060D,false,Rx,0,8,0D,10,83,B6,09,20,70,00,
957000,00000054,false,Rx,0,8,01,05,EF,00,EF,02,00,00,
957000,00000055,false,Rx,0,8,10,27,00,00,00,00,00,00,
957000,00000056,false,Rx,0,8,10,27,00,00,00,00,00,00,
957000,00000057,false,Rx,0,8,00,00,FE,FF,FE,FF,00,00,
991000,00000625,false,Rx,0,8,25,00,59,86,01,54,5C,06,
47000,0000060D,false,Rx,0,8,0D,10,83,B6,09,20,70,00,
90000,00000625,false,Rx,0,8,25,00,59,86,01,54,5C,06,
101000,000002C4,false,Rx,0,8,09,20,00,00,EF,02,00,00,
101000,000002C5,false,Rx,0,8,00,00,00,00,00,00,00,00,
101000,000002C6,false,Rx,0,8,32,00,7C,01,00,00,00,00,
147000,0000060D,false,Rx,0,8,0D,10,83,B6,09,20,70,00,
0,00000054,false,Rx,0,8,01,05,EF,00,EF,02,00,00,
0,00000055,false,Rx,0,8,10,27,00,00,00,00,00,00,
0,00000056,false,Rx,0,8,10,27,00,00,00,00,00,00,
0,00000057,false,Rx,0,8,00,00,FE,FF,FE,FF,00,00,
189000,00000625,false,Rx,0,8,25,00,59,86,01,54,5C,06,
247000,0000060D,false,Rx,0,8,0D,10,83,B6,09,20,70,00,
289000,00000625,false,Rx,0,8,25,00,59,86,01,54,5C,06,
321000,000002C4,false,Rx,0,8,09,20,00,00,EF,02,00,00,
321000,000002C5,false,Rx,0,8,00,00,00,00,00,00,00,00,
321000,000002C6,false,Rx,0,8,32,00,7C,01,00,00,00,00,
346000,0000060D,false,Rx,0,8,0D,10,83,B6,09,20,70,00,
356000,00000054,false,Rx,0,8,01,05,EF,00,EF,02,00,00,
356000,00000055,false,Rx,0,8,10,27,00,00,00,00,00,00,
356000,00000056,false,Rx,0,8,10,27,00,00,00,00,00,00,
357000,00000057,false,Rx,0,8,00,00,FE,FF,FE,FF,00,00,
390000,00000625,false,Rx,0,8,25,00,59,86,01,54,5C,06,
447000,0000060D,false,Rx,0,8,0D,10,83,B6,09,20,70,00,
490000,00000625,false,Rx,0,8,25,00,59,86,01,54,5C,06,
541000,000002C4,false,Rx,0,8,09,20,00,00,EF,02,00,00,
541000,000002C5,false,Rx,0,8,00,00,00,00,00,00,00,00,
542000,000002C6,false,Rx,0,8,32,00,7C,01,00,00,00,00,
547000,0000060D,false,Rx,0,8,0D,10,83,B6,09,20,70,00,
556000,00000054,false,Rx,0,8,01,05,EF,00,EF,02,00,00,
556000,00000055,false,Rx,0,8,10,27,00,00,00,00,00,00,
557000,00000056,false,Rx,0,8,10,27,00,00,00,00,00,00,
557000,00000057,false,Rx,0,8,00,00,FE,FF,FE,FF,00,00,
590000,00000625,false,Rx,0,8,25,00,59,86,01,54,5C,06,
647000,0000060D,false,Rx,0,8,0D,10,83,B6,09,20,70,00,
689000,00000625,false,Rx,0,8,25,00,59,86,01,54,5C,06,
747000,0000060D,false,Rx,0,8,0D,10,83,B6,09,20,70,00,
756000,00000054,false,Rx,0,8,01,05,EF,00,EF,02,00,00,
756000,00000055,false,Rx,0,8,10,27,00,00,00,00,00,00,
757000,00000056,false,Rx,0,8,10,27,00,00,00,00,00,00,
757000,00000057,false,Rx,0,8,00,00,FE,FF,FE,FF,00,00,
761000,000002C4,false,Rx,0,8,09,20,00,00,EF,02,00,00,
761000,000002C5,false,Rx,0,8,00,00,00,00,00,00,00,00,
761000,000002C6,false,Rx,0,8,32,00,7C,01,00,00,00,00,
790000,00000625,false,Rx,0,8,25,00,59,86,01,54,5C,06,
847000,0000060D,false,Rx,0,8,0D,10,83,B6,09,20,70,00,
890000,00000625,false,Rx,0,8,25,00,59,86,01,54,5C,06,
947000,0000060D,false,Rx,0,8,0D,10,83,B6,09,20,70,00,
957000,00000054,false,Rx,0,8,01,05,EF,00,EF,02,00,00,
957000,00000055,false,Rx,0,8,10,27,00,00,00,00,00,00,
957000,00000056,false,Rx,0,8,10,27,00,00,00,00,00,00,
957000,00000057,false,Rx,0,8,00,00,FE,FF,FE,FF,00,00,
981000,000002C4,false,Rx,0,8,09,20,00,00,EF,02,00,00,
981000,000002C5,false,Rx,0,8,00,00,00,00,00,00,00,00,
981000,000002C6,false,Rx,0,8,32,00,7C,01,00,00,00,00,
990000,00000625,false,Rx,0,8,25,00,59,86,01,54,5C,06,
47000,0000060D,false,Rx,0,8,0D,10,83,B6,09,20,70,00,
90000,00000625,false,Rx,0,8,25,00,59,86,01,54,5C,06,
147000,0000060D,false,Rx,0,8,0D,10,83,B6,09,20,70,00,
0,00000054,false,Rx,0,8,01,05,EF,00,EF,02,00,00,
0,00000055,false,Rx,0,8,10,27,00,00,00,00,00,00,
0,00000056,false,Rx,0,8,10,27,00,00,00,00,00,00,
0,00000057,false,Rx,0,8,00,00,FE,FF,FE,FF,00,00,
190000,00000625,false,Rx,0,8,25,00,59,86,01,54,5C,06,
201000,000002C4,false,Rx,0,8,09,20,00,00,EF,02,00,00,
201000,000002C5,false,Rx,0,8,00,00,00,00,00,00,00,00,
201000,000002C6,false,Rx,0,8,32,00,7C,01,00,00,00,00,
247000,0000060D,false,Rx,0,8,0D,10,83,B6,09,20,70,00,
289000,00000625,false,Rx,0,8,25,00,59,86,01,54,5C,06,
347000,0000060D,false,Rx,0,8,0D,10,83,B6,09,20,70,00,
356000,00000054,false,Rx,0,8,01,05,EF,00,EF,02,00,00,
356000,00000055,false,Rx,0,8,10,27,00,00,00,00,00,00,
356000,00000056,false,Rx,0,8,10,27,00,00,00,00,00,00,
357000,00000057,false,Rx,0,8,00,00,FE,FF,FE,FF,00,00,
390000,00000625,false,Rx,0,8,25,00,59,86,01,54,5C,06,
0,000002C4,false,Rx,0,8,09,20,00,00,EF,02,00,00,
0,000002C5,false,Rx,0,8,00,00,00,00,00,00,00,00,
422000,000002C6,false,Rx,0,8,32,00,7C,01,00,00,00,00,
447000,0000060D,false,Rx,0,8,0D,10,83,B6,09,20,70,00,
490000,00000625,false,Rx,0,8,25,00,59,86,01,54,5C,06,
547000,0000060D,false,Rx,0,8,0D,10,83,B6,09,20,70,00,
556000,00000054,false,Rx,0,8,01,05,EF,00,EF,02,00,00,
557000,00000055,false,Rx,0,8,10,27,00,00,00,00,00,00,
557000,00000056,false,Rx,0,8,10,27,00,00,00,00,00,00,
557000,00000057,false,Rx,0,8,00,00,FE,FF,FE,FF,00,00,
590000,00000625,false,Rx,0,8,25,00,59,86,01,54,5C,06,
641000,000002C4,false,Rx,0,8,09,20,00,00,EF,02,00,00,
642000,000002C5,false,Rx,0,8,00,00,00,00,00,00,00,00,
642000,000002C6,false,Rx,0,8,32,00,7C,01,00,00,00,00,
646000,0000060D,false,Rx,0,8,0D,10,83,B6,09,20,70,00,
690000,00000625,false,Rx,0,8,25,00,59,86,01,54,5C,06,
746000,0000060D,false,Rx,0,8,0D,10,83,B6,09,20,70,00,
756000,00000054,false,Rx,0,8,01,05,EF,00,EF,02,00,00,
756000,00000055,false,Rx,0,8,10,27,00,00,00,00,00,00,
757000,00000056,false,Rx,0,8,10,27,00,00,00,00,00,00,
757000,00000057,false,Rx,0,8,00,00,FE,FF,FE,FF,00,00,
790000,00000625,false,Rx,0,8,25,00,59,86,01,54,5C,06,
846000,0000060D,false,Rx,0,8,0D,10,83,B6,09,20,70,00,
0,000002C4,false,Rx,0,8,09,20,00,00,EF,02,00,00,
0,000002C5,false,Rx,0,8,00,00,00,00,00,00,00,00,
862000,000002C6,false,Rx,0,8,32,00,7C,01,00,00,00,00,
890000,00000625,false,Rx,0,8,25,00,59,86,01,54,5C,06,
946000,0000060D,false,Rx,0,8,0D,10,83,B6,09,20,70,00,
956000,00000054,false,Rx,0,8,01,05,EF,00,EF,02,00,00,
956000,00000055,false,Rx,0,8,10,27,00,00,00,00,00,00,
957000,00000056,false,Rx,0,8,10,27,00,00,00,00,00,00,
957000,00000057,false,Rx,0,8,00,00,FE,FF,FE,FF,00,00,
989000,00000625,false,Rx,0,8,25,00,59,86,01,54,5C,06,
46000,0000060D,false,Rx,0,8,0D,10,83,B6,09,20,70,00,
81000,000002C4,false,Rx,0,8,09,20,00,00,EF,02,00,00,
82000,000002C5,false,Rx,0,8,00,00,00,00,00,00,00,00,
82000,000002C6,false,Rx,0,8,32,00,7C,01,00,00,00,00,
90000,00000625,false,Rx,0,8,25,00,59,86,01,54,5C,06,
146000,0000060D,false,Rx,0,8,0D,10,83,B6,09,20,70,00,
157000,00000054,false,Rx,0,8,01,05,EF,00,EF,02,00,00,
157000,00000055,false,Rx,0,8,10,27,00,00,00,00,00,00,
157000,00000056,false,Rx,0,8,10,27,00,00,00,00,00,00,
157000,00000057,false,Rx,0,8,00,00,FE,FF,FE,FF,00,00,
190000,00000625,false,Rx,0,8,25,00,59,86,01,54,5C,06,
247000,0000060D,false,Rx,0,8,0D,10,83,B6,09,20,70,00,
290000,00000625,false,Rx,0,8,25,00,59,86,01,54,5C,06,
301000,000002C4,false,Rx,0,8,09,20,00,00,EF,02,00,00,
302000,000002C5,false,Rx,0,8,00,00,00,00,00,00,00,00,
302000,000002C6,false,Rx,0,8,32,00,7C,01,00,00,00,00,
346000,0000060D,false,Rx,0,8,0D,10,83,B6,09,20,70,00,
357000,00000054,false,Rx,0,8,01,05,EF,00,EF,02,00,00,
357000,00000055,false,Rx,0,8,10,27,00,00,00,00,00,00,
357000,00000056,false,Rx,0,8,10,27,00,00,00,00,00,00,
357000,00000057,false,Rx,0,8,00,00,FE,FF,FE,FF,00,00,
390000,00000625,false,Rx,0,8,25,00,59,86,01,54,5C,06,
447000,0000060D,false,Rx,0,8,0D,10,83,B6,09,20,70,00,
489000,00000625,false,Rx,0,8,25,00,59,86,01,54,5C,06,
521000,000002C4,false,Rx,0,8,09,20,00,00,EF,02,00,00,
521000,000002C5,false,Rx,0,8,00,00,00,00,00,00,00,00,
521000,000002C6,false,Rx,0,8,32,00,7C,01,00,00,00,00,
546000,0000060D,false,Rx,0,8,0D,10,83,B6,09,20,70,00,
556000,00000054,false,Rx,0,8,01,05,EF,00,EF,02,00,00,
557000,00000055,false,Rx,0,8,10,27,00,00,00,00,00,00,
557000,00000056,false,Rx,0,8,10,27,00,00,00,00,00,00,
557000,00000057,false,Rx,0,8,00,00,FE,FF,FE,FF,00,00,
590000,00000625,false,Rx,0,8,25,00,59,86,01,54,5C,06,
647000,0000060D,false,Rx,0,8,0D,10,83,B6,09,20,70,00,
690000,00000625,false,Rx,0,8,25,00,59,86,01,54,5C,06,
0,000002C4,false,Rx,0,8,09,20,00,00,EF,02,00,00,
0,000002C5,false,Rx,0,8,00,00,00,00,00,00,00,00,
741000,000002C6,false,Rx,0,8,32,00,7C,01,00,00,00,00,
747000,0000060D,false,Rx,0,8,0D,10,83,B6,09,20,70,00,
757000,00000054,false,Rx,0,8,01,05,EF,00,EF,02,00,00,
757000,00000055,false,Rx,0,8,10,27,00,00,00,00,00,00,
757000,00000056,false,Rx,0,8,10,27,00,00,00,00,00,00,
757000,00000057,false,Rx,0,8,00,00,FE,FF,FE,FF,00,00,
789000,00000625,false,Rx,0,8,25,00,59,86,01,54,5C,06,
846000,0000060D,false,Rx,0,8,0D,10,83,B6,09,20,70,00,
891000,00000625,false,Rx,0,8,25,00,59,86,01,54,5C,06,
947000,0000060D,false,Rx,0,8,0D,10,83,B6,09,20,70,00,
956000,00000054,false,Rx,0,8,01,05,EF,00,EF,02,00,00,
956000,00000055,false,Rx,0,8,10,27,00,00,00,00,00,00,
956000,00000056,false,Rx,0,8,10,27,00,00,00,00,00,00,
957000,00000057,false,Rx,0,8,00,00,FE,FF,FE,FF,00,00,
961000,000002C4,false,Rx,0,8,09,20,00,00,EF,02,00,00,
961000,000002C5,false,Rx,0,8,00,00,00,00,00,00,00,00,
961000,000002C6,false,Rx,0,8,32,00,7C,01,00,00,00,00,
990000,00000625,false,Rx,0,8,25,00,59,86,01,54,5C,06,
47000,0000060D,false,Rx,0,8,0D,10,83,B6,09,20,70,00,
90000,00000625,false,Rx,0,8,25,00,59,86,01,54,5C,06,
147000,0000060D,false,Rx,0,8,0D,10,83,B6,09,20,70,00,
0,00000054,false,Rx,0,8,01,05,EF,00,EF,02,00,00,
0,00000055,false,Rx,0,8,10,27,00,00,00,00,00,00,
0,00000056,false,Rx,0,8,10,27,00,00,00,00,00,00,
157000,00000057,false,Rx,0,8,00,00,FE,FF,FE,FF,00,00,
181000,000002C4,false,Rx,0,8,09,20,00,00,EF,02,00,00,
181000,000002C5,false,Rx,0,8,00,00,00,00,00,00,00,00,
182000,000002C6,false,Rx,0,8,32,00,7C,01,00,00,00,00,
189000,00000625,false,Rx,0,8,25,00,59,86,01,54,5C,06,
247000,0000060D,false,Rx,0,8,0D,10,83,B6,09,20,70,00,
289000,00000625,false,Rx,0,8,25,00,59,86,01,54,5C,06,
346000,0000060D,false,Rx,0,8,0D,10,83,B6,09,20,70,00,
356000,00000054,false,Rx,0,8,01,05,EF,00,EF,02,00,00,
356000,00000055,false,Rx,0,8,10,27,00,00,00,00,00,00,
356000,00000056,false,Rx,0,8,10,27,00,00,00,00,00,00,
357000,00000057,false,Rx,0,8,00,00,FE,FF,FE,FF,00,00,
390000,00000625,false,Rx,0,8,25,00,59,86,01,54,5C,06,
401000,000002C4,false,Rx,0,8,09,20,00,00,EF,02,00,00,
401000,000002C5,false,Rx,0,8,00,00,00,00,00,00,00,00,
402000,000002C6,false,Rx,0,8,32,00,7C,01,00,00,00,00,
447000,0000060D,false,Rx,0,8,0D,10,83,B6,09,20,70,00,
490000,00000625,false,Rx,0,8,25,00,59,86,01,54,5C,06,
547000,0000060D,false,Rx,0,8,0D,10,83,B6,09,20,70,00,
557000,00000054,false,Rx,0,8,01,05,EF,00,EF,02,00,00,
557000,00000055,false,Rx,0,8,10,27,00,00,00,00,00,00,
557000,00000056,false,Rx,0,8,10,27,00,00,00,00,00,00,
557000,00000057,false,Rx,0,8,00,00,FE,FF,FE,FF,00,00,
590000,00000625,false,Rx,0,8,25,00,59,86,01,54,5C,06,
621000,000002C4,false,Rx,0,8,09,20,00,00,EF,02,00,00,
621000,000002C5,false,Rx,0,8,00,00,00,00,00,00,00,00,
622000,000002C6,false,Rx,0,8,32,00,7C,01,00,00,00,00,
646000,0000060D,false,Rx,0,8,0D,10,83,B6,09,20,70,00,
691000,00000625,false,Rx,0,8,25,00,59,86,01,54,5C,06,
747000,0000060D,false,Rx,0,8,0D,10,83,B6,09,20,70,00,
756000,00000054,false,Rx,0,8,01,05,EF,00,EF,02,00,00,
756000,00000055,false,Rx,0,8,10,27,00,00,00,00,00,00,
757000,00000056,false,Rx,0,8,10,27,00,00,00,00,00,00,
757000,00000057,false,Rx,0,8,00,00,FE,FF,FE,FF,00,00,
790000,00000625,false,Rx,0,8,25,00,59,86,01,54,5C,06,
841000,000002C4,false,Rx,0,8,09,20,00,00,EF,02,00,00,
841000,000002C5,false,Rx,0,8,00,00,00,00,00,00,00,00,
842000,000002C6,false,Rx,0,8,32,00,7C,01,00,00,00,00,
846000,0000060D,false,Rx,0,8,0D,10,83,B6,09,20,70,00,
890000,00000625,false,Rx,0,8,25,00,59,86,01,54,5C,06,
947000,0000060D,false,Rx,0,8,0D,10,83,B6,09,20,70,00,
957000,00000054,false,Rx,0,8,01,05,EF,00,EF,02,00,00,
957000,00000055,false,Rx,0,8,10,27,00,00,00,00,00,00,
957000,00000056,false,Rx,0,8,10,27,00,00,00,00,00,00,
957000,00000057,false,Rx,0,8,00,00,FE,FF,FE,FF,00,00,
967000,00000065,false,Rx,0,8,F4,02,03,00,00,00,00,00,
990000,00000625,false,Rx,0,8,25,00,59,86,01,54,5C,06,
47000,0000060D,false,Rx,0,8,0D,10,83,B6,09,20,70,00,
61000,000002C4,false,Rx,0,8,09,20,00,00,EF,02,00,00,
61000,000002C5,false,Rx,0,8,00,00,00,00,00,00,00,00,
62000,000002C6,false,Rx,0,8,32,00,7C,01,00,00,00,00,
90000,00000625,false,Rx,0,8,25,00,59,86,01,54,5C,06,
117000,00000065,false,Rx,0,8,F4,02,03,00,00,00,00,00,
146000,0000060D,false,Rx,0,8,0D,10,83,B6,09,20,70,00,
0,00000054,false,Rx,0,8,01,05,EF,00,F4,02,00,00,
0,00000055,false,Rx,0,8,10,27,00,00,00,00,00,00,
0,00000056,false,Rx,0,8,10,27,00,00,00,00,00,00,
158000,00000057,false,Rx,0,8,00,00,FE,FF,FE,FF,00,00,
190000,00000625,false,Rx,0,8,25,00,59,86,01,54,5C,06,
247000,0000060D,false,Rx,0,8,0D,10,83,B6,09,20,70,00,
267000,00000065,false,Rx,0,8,F4,02,03,00,00,00,00,00,
281000,000002C4,false,Rx,0,8,09,20,00,00,F4,02,00,00,
0,000002C5,false,Rx,0,8,00,00,00,00,00,00,00,00,
0,000002C6,false,Rx,0,8,32,00,7C,01,00,00,00,00,
290000,00000625,false,Rx,0,8,25,00,59,86,01,54,5C,06,
347000,0000060D,false,Rx,0,8,0D,10,83,B6,09,20,70,00,
356000,00000054,false,Rx,0,8,01,05,EF,00,F4,02,00,00,
357000,00000055,false,Rx,0,8,10,27,00,00,00,00,00,00,
357000,00000056,false,Rx,0,8,10,27,00,00,00,00,00,00,
357000,00000057,false,Rx,0,8,00,00,FE,FF,FE,FF,00,00,
390000,00000625,false,Rx,0,8,25,00,59,86,01,54,5C,06,
416000,00000065,false,Rx,0,8,F4,02,03,00,00,00,00,00,
446000,0000060D,false,Rx,0,8,0D,10,83,B6,09,20,70,00,
490000,00000625,false,Rx,0,8,25,00,59,86,01,54,5C,06,
0,000002C4,false,Rx,0,8,09,20,00,00,F4,02,00,00,
0,000002C5,false,Rx,0,8,00,00,00,00,00,00,00,00,
502000,000002C6,false,Rx,0,8,32,00,7C,01,00,00,00,00,
546000,0000060D,false,Rx,0,8,0D,10,83,B6,09,20,70,00,
557000,00000054,false,Rx,0,8,01,05,EF,00,F4,02,00,00,
557000,00000055,false,Rx,0,8,10,27,00,00,00,00,00,00,
557000,00000056,false,Rx,0,8,10,27,00,00,00,00,00,00,
557000,00000057,false,Rx,0,8,00,00,FE,FF,FE,FF,00,00,
590000,00000625,false,Rx,0,8,25,00,59,86,01,54,5C,06,
646000,0000060D,false,Rx,0,8,0D,10,83,B6,09,20,70,00,
690000,00000625,false,Rx,0,8,25,00,59,86,01,54,5C,06,
721000,000002C4,false,Rx,0,8,09,20,00,00,F4,02,00,00,
721000,000002C5,false,Rx,0,8,00,00,00,00,00,00,00,00,
721000,000002C6,false,Rx,0,8,32,00,7C,01,00,00,00,00,
747000,0000060D,false,Rx,0,8,0D,10,83,B6,09,20,70,00,
756000,00000054,false,Rx,0,8,01,05,EF,00,F4,02,00,00,
756000,00000055,false,Rx,0,8,10,27,00,00,00,00,00,00,
756000,00000056,false,Rx,0,8,10,27,00,00,00,00,00,00,
757000,00000057,false,Rx,0,8,00,00,FE,FF,FE,FF,00,00,
790000,00000625,false,Rx,0,8,25,00,59,86,01,54,5C,06,
847000,0000060D,false,Rx,0,8,0D,10,83,B6,09,20,70,00,
890000,00000625,false,Rx,0,8,25,00,59,86,01,54,5C,06,
942000,000002C4,false,Rx,0,8,09,20,00,00,F4,02,00,00,
942000,000002C5,false,Rx,0,8,00,00,00,00,00,00,00,00,
942000,000002C6,false,Rx,0,8,32,00,7C,01,00,00,00,00,
946000,0000060D,false,Rx,0,8,0D,10,83,B6,09,20,70,00,
957000,00000054,false,Rx,0,8,01,05,EF,00,F4,02,00,00,
957000,00000055,false,Rx,0,8,10,27,00,00,00,00,00,00,
957000,00000056,false,Rx,0,8,10,27,00,00,00,00,00,00,
957000,00000057,false,Rx,0,8,00,00,FE,FF,FE,FF,00,00,
990000,00000625,false,Rx,0,8,25,00,59,86,01,54,5C,06,
47000,0000060D,false,Rx,0,8,0D,10,83,B6,09,20,70,00,
90000,00000625,false,Rx,0,8,25,00,59,86,01,54,5C,06,
147000,0000060D,false,Rx,0,8,0D,10,83,B6,09,20,70,00,
0,00000054,false,Rx,0,8,01,05,EF,00,F4,02,00,00,
0,00000055,false,Rx,0,8,10,27,00,00,00,00,00,00,
0,00000056,false,Rx,0,8,10,27,00,00,00,00,00,00,
158000,00000057,false,Rx,0,8,00,00,FE,FF,FE,FF,00,00,
161000,000002C4,false,Rx,0,8,09,20,00,00,F4,02,00,00,
162000,000002C5,false,Rx,0,8,00,00,00,00,00,00,00,00,
162000,000002C6,false,Rx,0,8,32,00,7C,01,00,00,00,00,
190000,00000625,false,Rx,0,8,25,00,59,86,01,54,5C,06,
247000,0000060D,false,Rx,0,8,0D,10,83,B6,09,20,70,00,
289000,00000625,false,Rx,0,8,25,00,59,86,01,54,5C,06,
346000,0000060D,false,Rx,0,8,0D,10,83,B6,09,20,70,00,
0,00000054,false,Rx,0,8,01,05,EF,00,F4,02,00,00,
0,00000055,false,Rx,0,8,10,27,00,00,00,00,00,00,
357000,00000056,false,Rx,0,8,10,27,00,00,00,00,00,00,
357000,00000057,false,Rx,0,8,00,00,FE,FF,FE,FF,00,00,
381000,000002C4,false,Rx,0,8,09,20,00,00,F4,02,00,00,
381000,000002C5,false,Rx,0,8,00,00,00,00,00,00,00,00,
381000,000002C6,false,Rx,0,8,32,00,7C,01,00,00,00,00,
390000,00000625,false,Rx,0,8,25,00,59,86,01,54,5C,06,
446000,0000060D,false,Rx,0,8,0D,10,83,B6,09,20,70,00,
490000,00000625,false,Rx,0,8,25,00,59,86,01,54,5C,06,
546000,0000060D,false,Rx,0,8,0D,10,83,B6,09,20,70,00,
556000,00000054,false,Rx,0,8,01,05,EF,00,F4,02,00,00,
556000,00000055,false,Rx,0,8,10,27,00,00,00,00,00,00,
556000,00000056,false,Rx,0,8,10,27,00,00,00,00,00,00,
557000,00000057,false,Rx,0,8,00,00,FE,FF,FE,FF,00,00,
590000,00000625,false,Rx,0,8,25,00,59,86,01,54,5C,06,
601000,000002C4,false,Rx,0,8,09,20,00,00,F4,02,00,00,
601000,000002C5,false,Rx,0,8,00,00,00,00,00,00,00,00,
602000,000002C6,false,Rx,0,8,32,00,7C,01,00,00,00,00,
646000,0000060D,false,Rx,0,8,0D,10,83,B6,09,20,70,00,
690000,00000625,false,Rx,0,8,25,00,59,86,01,54,5C,06,
747000,0000060D,false,Rx,0,8,0D,10,83,B6,09,20,70,00,
756000,00000054,false,Rx,0,8,01,05,EF,00,F4,02,00,00,
757000,00000055,false,Rx,0,8,10,27,00,00,00,00,00,00,
0,00000056,false,Rx,0,8,10,27,00,00,00,00,00,00,
0,00000057,false,Rx,0,8,00,00,FE,FF,FE,FF,00,00,
789000,00000625,false,Rx,0,8,25,00,59,86,01,54,5C,06,
821000,000002C4,false,Rx,0,8,09,20,00,00,F4,02,00,00,
822000,000002C5,false,Rx,0,8,00,00,00,00,00,00,00,00,
822000,000002C6,false,Rx,0,8,32,00,7C,01,00,00,00,00,
846000,0000060D,false,Rx,0,8,0D,10,83,B6,09,20,70,00,
890000,00000625,false,Rx,0,8,25,00,59,86,01,54,5C,06,
946000,0000060D,false,Rx,0,8,0D,10,83,B6,09,20,70,00,
0,00000054,false,Rx,0,8,01,05,EF,00,F4,02,00,00,
0,00000055,false,Rx,0,8,10,27,00,00,00,00,00,00,
957000,00000056,false,Rx,0,8,10,27,00,00,00,00,00,00,
957000,00000057,false,Rx,0,8,00,00,FE,FF,FE,FF,00,00,
990000,00000625,false,Rx,0,8,25,00,59,86,01,54,5C,06,
41000,000002C4,false,Rx,0,8,09,20,00,00,F4,02,00,00,
0,000002C5,false,Rx,0,8,00,00,00,00,00,00,00,00,
0,000002C6,false,Rx,0,8,32,00,7C,01,00,00,00,00,
47000,0000060D,false,Rx,0,8,0D,10,83,B6,09,20,70,00,
90000,00000625,false,Rx,0,8,25,00,59,86,01,54,5C,06,
146000,0000060D,false,Rx,0,8,0D,10,83,B6,09,20,70,00,
0,00000054,false,Rx,0,8,01,05,EF,00,F4,02,00,00,
0,00000055,false,Rx,0,8,10,27,00,00,00,00,00,00,
157000,00000056,false,Rx,0,8,10,27,00,00,00,00,00,00,
158000,00000057,false,Rx,0,8,00,00,FE,FF,FE,FF,00,00,
189000,00000625,false,Rx,0,8,25,00,59,86,01,54,5C,06,
246000,0000060D,false,Rx,0,8,0D,10,83,B6,09,20,70,00,
261000,000002C4,false,Rx,0,8,09,20,00,00,F4,02,00,00,
262000,000002C5,false,Rx,0,8,00,00,00,00,00,00,00,00,
262000,000002C6,false,Rx,0,8,32,00,7C,01,00,00,00,00,
290000,00000625,false,Rx,0,8,25,00,59,86,01,54,5C,06,
346000,0000060D,false,Rx,0,8,0D,10,83,B6,09,20,70,00,
357000,00000054,false,Rx,0,8,01,05,EF,00,F4,02,00,00,
357000,00000055,false,Rx,0,8,10,27,00,00,00,00,00,00,
357000,00000056,false,Rx,0,8,10,27,00,00,00,00,00,00,
358000,00000057,false,Rx,0,8,00,00,FE,FF,FE,FF,00,00,
390000,00000625,false,Rx,0,8,25,00,59,86,01,54,5C,06,
446000,0000060D,false,Rx,0,8,0D,10,83,B6,09,20,70,00,
0,000002C4,false,Rx,0,8,09,20,00,00,F4,02,00,00,
0,000002C5,false,Rx,0,8,00,00,00,00,00,00,00,00,
482000,000002C6,false,Rx,0,8,32,00,7C,01,00,00,00,00,
489000,00000625,false,Rx,0,8,25,00,59,86,01,54,5C,06,
547000,0000060D,false,Rx,0,8,0D,10,83,B6,09,20,70,00,
556000,00000054,false,Rx,0,8,01,05,EF,00,F4,02,00,00,
556000,00000055,false,Rx,0,8,10,27,00,00,00,00,00,00,
0,00000056,false,Rx,0,8,10,27,00,00,00,00,00,00,
0,00000057,false,Rx,0,8,00,00,FE,FF,FE,FF,00,00,
590000,00000625,false,Rx,0,8,25,00,59,86,01,54,5C,06,
647000,0000060D,false,Rx,0,8,0D,10,83,B6,09,20,70,00,
690000,00000625,false,Rx,0,8,25,00,59,86,01,54,5C,06,
701000,000002C4,false,Rx,0,8,09,20,00,00,F4,02,00,00,
702000,000002C5,false,Rx,0,8,00,00,00,00,00,00,00,00,
702000,000002C6,false,Rx,0,8,32,00,7C,01,00,00,00,00,
747000,0000060D,false,Rx,0,8,0D,10,83,B6,09,20,70,00,
756000,00000054,false,Rx,0,8,01,05,EF,00,F4,02,00,00,
757000,00000055,false,Rx,0,8,10,27,00,00,00,00,00,00,
757000,00000056,false,Rx,0,8,10,27,00,00,00,00,00,00,
757000,00000057,false,Rx,0,8,00,00,FE,FF,FE,FF,00,00,
790000,00000625,false,Rx,0,8,25,00,59,86,01,54,5C,06,
847000,0000060D,false,Rx,0,8,0D,10,83,B6,09,20,70,00,
890000,00000625,false,Rx,0,8,25,00,59,86,01,54,5C,06,
0,000002C4,false,Rx,0,8,09,20,00,00,F4,02,00,00,
0,000002C5,false,Rx,0,8,00,00,00,00,00,00,00,00,
922000,000002C6,false,Rx,0,8,32,00,7C,01,00,00,00,00,
947000,0000060D,false,Rx,0,8,0D,10,83,B6,09,20,70,00,
957000,00000054,false,Rx,0,8,01,05,EF,00,F4,02,00,00,
957000,00000055,false,Rx,0,8,10,27,00,00,00,00,00,00,
957000,00000056,false,Rx,0,8,10,27,00,00,00,00,00,00,
957000,00000057,false,Rx,0,8,00,00,FE,FF,FE,FF,00,00,
990000,00000625,false,Rx,0,8,25,00,59,86,01,54,5C,06,
48000,0000060D,false,Rx,0,8,0D,10,83,B6,09,20,70,00,
90000,00000625,false,Rx,0,8,25,00,59,86,01,54,5C,06,
141000,000002C4,false,Rx,0,8,09,20,00,00,F4,02,00,00,
142000,000002C5,false,Rx,0,8,00,00,00,00,00,00,00,00,
142000,000002C6,false,Rx,0,8,32,00,7C,01,00,00,00,00,
146000,0000060D,false,Rx,0,8,0D,10,83,B6,09,20,70,00,
156000,00000054,false,Rx,0,8,01,05,EF,00,F4,02,00,00,
157000,00000055,false,Rx,0,8,10,27,00,00,00,00,00,00,
0,00000056,false,Rx,0,8,10,27,00,00,00,00,00,00,
0,00000057,false,Rx,0,8,00,00,FE,FF,FE,FF,00,00,
190000,00000625,false,Rx,0,8,25,00,59,86,01,54,5C,06,
248000,0000060D,false,Rx,0,8,0D,10,83,B6,09,20,70,00,
290000,00000625,false,Rx,0,8,25,00,59,86,01,54,5C,06,
347000,0000060D,false,Rx,0,8,0D,10,83,B6,09,20,70,00,
0,00000054,false,Rx,0,8,01,05,EF,00,F4,02,00,00,
0,00000055,false,Rx,0,8,10,27,00,00,00,00,00,00,
0,00000056,false,Rx,0,8,10,27,00,00,00,00,00,00,
0,00000057,false,Rx,0,8,00,00,FE,FF,FE,FF,00,00,
0,000002C4,false,Rx,0,8,09,20,00,00,F4,02,00,00,
0,000002C5,false,Rx,0,8,00,00,00,00,00,00,00,00,
361000,000002C6,false,Rx,0,8,32,00,7C,01,00,00,00,00,
391000,00000625,false,Rx,0,8,25,00,59,86,01,54,5C,06,
446000,0000060D,false,Rx,0,8,0D,10,83,B6,09,20,70,00,
490000,00000625,false,Rx,0,8,25,00,59,86,01,54,5C,06,
547000,0000060D,false,Rx,0,8,0D,10,83,B6,09,20,70,00,
556000,00000054,false,Rx,0,8,01,05,EF,00,F4,02,00,00,
557000,00000055,false,Rx,0,8,10,27,00,00,00,00,00,00,
557000,00000056,false,Rx,0,8,10,27,00,00,00,00,00,00,
557000,00000057,false,Rx,0,8,00,00,FE,FF,FE,FF,00,00,
0,000002C4,false,Rx,0,8,09,20,00,00,F4,02,00,00,
0,000002C5,false,Rx,0,8,00,00,00,00,00,00,00,00,
581000,000002C6,false,Rx,0,8,32,00,7C,01,00,00,00,00,
590000,00000625,false,Rx,0,8,25,00,59,86,01,54,5C,06,
647000,0000060D,false,Rx,0,8,0D,10,83,B6,09,20,70,00,
690000,00000625,false,Rx,0,8,25,00,59,86,01,54,5C,06,
747000,0000060D,false,Rx,0,8,0D,10,83,B6,09,20,70,00,
756000,00000054,false,Rx,0,8,01,05,EF,00,F4,02,00,00,
757000,00000055,false,Rx,0,8,10,27,00,00,00,00,00,00,
757000,00000056,false,Rx,0,8,10,27,00,00,00,00,00,00,
757000,00000057,false,Rx,0,8,00,00,FE,FF,FE,FF,00,00,
789000,00000625,false,Rx,0,8,25,00,59,86,01,54,5C,06,
801000,000002C4,false,Rx,0,8,09,20,00,00,F4,02,00,00,
801000,000002C5,false,Rx,0,8,00,00,00,00,00,00,00,00,
801000,000002C6,false,Rx,0,8,32,00,7C,01,00,00,00,00,
847000,0000060D,false,Rx,0,8,0D,10,83,B6,09,20,70,00,
890000,00000625,false,Rx,0,8,25,00,59,86,01,54,5C,06,
946000,0000060D,false,Rx,0,8,0D,10,83,B6,09,20,70,00,
957000,00000054,false,Rx,0,8,01,05,EF,00,F4,02,00,00,
957000,00000055,false,Rx,0,8,10,27,00,00,00,00,00,00,
957000,00000056,false,Rx,0,8,10,27,00,00,00,00,00,00,
958000,00000057,false,Rx,0,8,00,00,FE,FF,FE,FF,00,00,
990000,00000625,false,Rx,0,8,25,00,59,86,01,54,5C,06,
21000,000002C4,false,Rx,0,8,09,20,00,00,F4,02,00,00,
21000,000002C5,false,Rx,0,8,00,00,00,00,00,00,00,00,
21000,000002C6,false,Rx,0,8,32,00,7C,01,00,00,00,00,
47000,0000060D,false,Rx,0,8,0D,10,83,B6,09,20,70,00,
90000,00000625,false,Rx,0,8,25,00,59,86,01,54,5C,06,
146000,0000060D,false,Rx,0,8,0D,10,83,B6,09,20,70,00,
0,00000054,false,Rx,0,8,01,05,EF,00,F4,02,00,00,
0,00000055,false,Rx,0,8,10,27,00,00,00,00,00,00,
0,00000056,false,Rx,0,8,10,27,00,00,00,00,00,00,
0,00000057,false,Rx,0,8,00,00,FE,FF,FE,FF,00,00,
190000,00000625,false,Rx,0,8,25,00,59,86,01,54,5C,06,
241000,000002C4,false,Rx,0,8,09,20,00,00,F4,02,00,00,
242000,000002C5,false,Rx,0,8,00,00,00,00,00,00,00,00,
242000,000002C6,false,Rx,0,8,32,00,7C,01,00,00,00,00,
246000,0000060D,false,Rx,0,8,0D,10,83,B6,09,20,70,00,
289000,00000625,false,Rx,0,8,25,00,59,86,01,54,5C,06,
347000,0000060D,false,Rx,0,8,0D,10,83,B6,09,20,70,00,
356000,00000054,false,Rx,0,8,01,05,EF,00,F4,02,00,00,
356000,00000055,false,Rx,0,8,10,27,00,00,00,00,00,00,
0,00000056,false,Rx,0,8,10,27,00,00,00,00,00,00,
0,00000057,false,Rx,0,8,00,00,FE,FF,FE,FF,00,00,
391000,00000625,false,Rx,0,8,25,00,59,86,01,54,5C,06,
447000,0000060D,false,Rx,0,8,0D,10,83,B6,09,20,70,00,
461000,000002C4,false,Rx,0,8,09,20,00,00,F4,02,00,00,
461000,000002C5,false,Rx,0,8,00,00,00,00,00,00,00,00,
462000,000002C6,false,Rx,0,8,32,00,7C,01,00,00,00,00,
490000,00000625,false,Rx,0,8,25,00,59,86,01,54,5C,06,
546000,0000060D,false,Rx,0,8,0D,10,83,B6,09,20,70,00,
556000,00000054,false,Rx,0,8,01,05,EF,00,F4,02,00,00,
557000,00000055,false,Rx,0,8,10,27,00,00,00,00,00,00,
557000,00000056,false,Rx,0,8,10,27,00,00,00,00,00,00,
557000,00000057,false,Rx,0,8,00,00,FE,FF,FE,FF,00,00,
590000,00000625,false,Rx,0,8,25,00,59,86,01,54,5C,06,
647000,0000060D,false,Rx,0,8,0D,10,83,B6,09,20,70,00,
681000,000002C4,false,Rx,0,8,09,20,00,00,F4,02,00,00,
682000,000002C5,false,Rx,0,8,00,00,00,00,00,00,00,00,
682000,000002C6,false,Rx,0,8,32,00,7C,01,00,00,00,00,
690000,00000625,false,Rx,0,8,25,00,59,86,01,54,5C,06,
747000,0000060D,false,Rx,0,8,0D,10,83,B6,09,20,70,00,
756000,00000054,false,Rx,0,8,01,05,EF,00,F4,02,00,00,
756000,00000055,false,Rx,0,8,10,27,00,00,00,00,00,00,
756000,00000056,false,Rx,0,8,10,27,00,00,00,00,00,00,
757000,00000057,false,Rx,0,8,00,00,FE,FF,FE,FF,00,00,
790000,00000625,false,Rx,0,8,25,00,59,86,01,54,5C,06,
847000,0000060D,false,Rx,0,8,0D,10,83,B6,09,20,70,00,
890000,00000625,false,Rx,0,8,25,00,59,86,01,54,5C,06,
0,000002C4,false,Rx,0,8,09,20,00,00,F4,02,00,00,
0,000002C5,false,Rx,0,8,00,00,00,00,00,00,00,00,
902000,000002C6,false,Rx,0,8,32,00,7C,01,00,00,00,00,
947000,0000060D,false,Rx,0,8,0D,10,83,B6,09,20,70,00,
957000,00000054,false,Rx,0,8,01,05,EF,00,F4,02,00,00,
957000,00000055,false,Rx,0,8,10,27,00,00,00,00,00,00,
957000,00000056,false,Rx,0,8,10,27,00,00,00,00,00,00,
958000,00000057,false,Rx,0,8,00,00,FE,FF,FE,FF,00,00,
990000,00000625,false,Rx,0,8,25,00,59,86,01,54,5C,06,
47000,0000060D,false,Rx,0,8,0D,10,83,B6,09,20,70,00,
90000,00000625,false,Rx,0,8,25,00,59,86,01,54,5C,06,
122000,000002C4,false,Rx,0,8,09,20,00,00,F4,02,00,00,
122000,000002C5,false,Rx,0,8,00,00,00,00,00,00,00,00,
123000,000002C6,false,Rx,0,8,32,00,7C,01,00,00,00,00,
146000,0000060D,false,Rx,0,8,0D,10,83,B6,09,20,70,00,
0,00000054,false,Rx,0,8,01,05,EF,00,F4,02,00,00,
0,00000055,false,Rx,0,8,10,27,00,00,00,00,00,00,
0,00000056,false,Rx,0,8,10,27,00,00,00,00,00,00,
0,00000057,false,Rx,0,8,00,00,FE,FF,FE,FF,00,00,
190000,00000625,false,Rx,0,8,25,00,59,86,01,54,5C,06,
246000,0000060D,false,Rx,0,8,0D,10,83,B6,09,20,70,00,
290000,00000625,false,Rx,0,8,25,00,59,86,01,54,5C,06,
342000,000002C4,false,Rx,0,8,09,20,00,00,F4,02,00,00,
342000,000002C5,false,Rx,0,8,00,00,00,00,00,00,00,00,
342000,000002C6,false,Rx,0,8,32,00,7C,01,00,00,00,00,
346000,0000060D,false,Rx,0,8,0D,10,83,B6,09,20,70,00,
355000,00000054,false,Rx,0,8,01,05,EF,00,F4,02,00,00,
0,00000055,false,Rx,0,8,10,27,00,00,00,00,00,00,
0,00000056,false,Rx,0,8,10,27,00,00,00,00,00,00,
358000,00000057,false,Rx,0,8,00,00,FE,FF,FE,FF,00,00,
390000,00000625,false,Rx,0,8,25,00,59,86,01,54,5C,06,
447000,0000060D,false,Rx,0,8,0D,10,83,B6,09,20,70,00,
490000,00000625,false,Rx,0,8,25,00,59,86,01,54,5C,06,
547000,0000060D,false,Rx,0,8,0D,10,83,B6,09,20,70,00,
557000,00000054,false,Rx,0,8,01,05,EF,00,F4,02,00,00,
557000,00000055,false,Rx,0,8,10,27,00,00,00,00,00,00,
0,00000056,false,Rx,0,8,10,27,00,00,00,00,00,00,
0,00000057,false,Rx,0,8,00,00,FE,FF,FE,FF,00,00,
561000,000002C4,false,Rx,0,8,09,20,00,00,F4,02,00,00,
562000,000002C5,false,Rx,0,8,00,00,00,00,00,00,00,00,
562000,000002C6,false,Rx,0,8,32,00,7C,01,00,00,00,00,
590000,00000625,false,Rx,0,8,25,00,59,86,01,54,5C,06,
646000,0000060D,false,Rx,0,8,0D,10,83,B6,09,20,70,00,
690000,00000625,false,Rx,0,8,25,00,59,86,01,54,5C,06,
747000,0000060D,false,Rx,0,8,0D,10,83,B6,09,20,70,00,
756000,00000054,false,Rx,0,8,01,05,EF,00,F4,02,00,00,
756000,00000055,false,Rx,0,8,10,27,00,00,00,00,00,00,
756000,00000056,false,Rx,0,8,10,27,00,00,00,00,00,00,
757000,00000057,false,Rx,0,8,00,00,FE,FF,FE,FF,00,00,
0,000002C4,false,Rx,0,8,09,20,00,00,F4,02,00,00,
0,000002C5,false,Rx,0,8,00,00,00,00,00,00,00,00,
782000,000002C6,false,Rx,0,8,32,00,7C,01,00,00,00,00,
790000,00000625,false,Rx,0,8,25,00,59,86,01,54,5C,06,
846000,0000060D,false,Rx,0,8,0D,10,83,B6,09,20,70,00,
891000,00000625,false,Rx,0,8,25,00,59,86,01,54,5C,06,
947000,0000060D,false,Rx,0,8,0D,10,83,B6,09,20,70,00,
956000,00000054,false,Rx,0,8,01,05,EF,00,F4,02,00,00,
956000,00000055,false,Rx,0,8,10,27,00,00,00,00,00,00,
957000,00000056,false,Rx,0,8,10,27,00,00,00,00,00,00,
957000,00000057,false,Rx,0,8,00,00,FE,FF,FE,FF,00,00,
990000,00000625,false,Rx,0,8,25,00,59,86,01,54,5C,06,
1000,000002C4,false,Rx,0,8,09,20,00,00,F4,02,00,00,
1000,000002C5,false,Rx,0,8,00,00,00,00,00,00,00,00,
2000,000002C6,false,Rx,0,8,32,00,7C,01,00,00,00,00,
47000,0000060D,false,Rx,0,8,0D,10,83,B6,09,20,70,00,
90000,00000625,false,Rx,0,8,25,00,59,86,01,54,5C,06,
146000,0000060D,false,Rx,0,8,0D,10,83,B6,09,20,70,00,
0,00000054,false,Rx,0,8,01,05,EF,00,F4,02,00,00,
0,00000055,false,Rx,0,8,10,27,00,00,00,00,00,00,
0,00000056,false,Rx,0,8,10,27,00,00,00,00,00,00,
158000,00000057,false,Rx,0,8,00,00,FE,FF,FE,FF,00,00,
190000,00000625,false,Rx,0,8,25,00,59,86,01,54,5C,06,
221000,000002C4,false,Rx,0,8,09,20,00,00,F4,02,00,00,
221000,000002C5,false,Rx,0,8,00,00,00,00,00,00,00,00,
222000,000002C6,false,Rx,0,8,32,00,7C,01,00,00,00,00,
247000,0000060D,false,Rx,0,8,0D,10,83,B6,09,20,70,00,
290000,00000625,false,Rx,0,8,25,00,59,86,01,54,5C,06,
346000,0000060D,false,Rx,0,8,0D,10,83,B6,09,20,70,00,
356000,00000054,false,Rx,0,8,01,05,EF,00,F4,02,00,00,
356000,00000055,false,Rx,0,8,10,27,00,00,00,00,00,00,
356000,00000056,false,Rx,0,8,10,27,00,00,00,00,00,00,
357000,00000057,false,Rx,0,8,00,00,FE,FF,FE,FF,00,00,
390000,00000625,false,Rx,0,8,25,00,59,86,01,54,5C,06,
441000,000002C4,false,Rx,0,8,09,20,00,00,F4,02,00,00,
442000,000002C5,false,Rx,0,8,00,00,00,00,00,00,00,00,
442000,000002C6,false,Rx,0,8,32,00,7C,01,00,00,00,00,
447000,0000060D,false,Rx,0,8,0D,10,83,B6,09,20,70,00,
490000,00000625,false,Rx,0,8,25,00,59,86,01,54,5C,06,
547000,0000060D,false,Rx,0,8,0D,10,83,B6,09,20,70,00,
556000,00000054,false,Rx,0,8,01,05,EF,00,F4,02,00,00,
556000,00000055,false,Rx,0,8,10,27,00,00,00,00,00,00,
556000,00000056,false,Rx,0,8,10,27,00,00,00,00,00,00,
557000,00000057,false,Rx,0,8,00,00,FE,FF,FE,FF,00,00,
590000,00000625,false,Rx,0,8,25,00,59,86,01,54,5C,06,
646000,0000060D,false,Rx,0,8,0D,10,83,B6,09,20,70,00,
661000,000002C4,false,Rx,0,8,09,20,00,00,F4,02,00,00,
661000,000002C5,false,Rx,0,8,00,00,00,00,00,00,00,00,
662000,000002C6,false,Rx,0,8,32,00,7C,01,00,00,00,00,
689000,00000625,false,Rx,0,8,25,00,59,86,01,54,5C,06,
747000,0000060D,false,Rx,0,8,0D,10,83,B6,09,20,70,00,
756000,00000054,false,Rx,0,8,01,05,EF,00,F4,02,00,00,
756000,00000055,false,Rx,0,8,10,27,00,00,00,00,00,00,
756000,00000056,false,Rx,0,8,10,27,00,00,00,00,00,00,
757000,00000057,false,Rx,0,8,00,00,FE,FF,FE,FF,00,00,
790000,00000625,false,Rx,0,8,25,00,59,86,01,54,5C,06,
846000,0000060D,false,Rx,0,8,0D,10,83,B6,09,20,70,00,
881000,000002C4,false,Rx,0,8,09,20,00,00,F4,02,00,00,
881000,000002C5,false,Rx,0,8,00,00,00,00,00,00,00,00,
882000,000002C6,false,Rx,0,8,32,00,7C,01,00,00,00,00,
891000,00000625,false,Rx,0,8,25,00,59,86,01,54,5C,06,
947000,0000060D,false,Rx,0,8,0D,10,83,B6,09,20,70,00,
0,00000054,false,Rx,0,8,01,05,EF,00,F4,02,00,00,
0,00000055,false,Rx,0,8,10,27,00,00,00,00,00,00,
956000,00000056,false,Rx,0,8,10,27,00,00,00,00,00,00,
957000,00000057,false,Rx,0,8,00,00,FE,FF,FE,FF,00,00,
990000,00000625,false,Rx,0,8,25,00,59,86,01,54,5C,06,
47000,0000060D,false,Rx,0,8,0D,10,83,B6,09,20,70,00,
90000,00000625,false,Rx,0,8,25,00,59,86,01,54,5C,06,
101000,000002C4,false,Rx,0,8,09,20,00,00,F4,02,00,00,
101000,000002C5,false,Rx,0,8,00,00,00,00,00,00,00,00,
102000,000002C6,false,Rx,0,8,32,00,7C,01,00,00,00,00,
147000,0000060D,false,Rx,0,8,0D,10,83,B6,09,20,70,00,
0,00000054,false,Rx,0,8,01,05,EF,00,F4,02,00,00,
0,00000055,false,Rx,0,8,10,27,00,00,00,00,00,00,
0,00000056,false,Rx,0,8,10,27,00,00,00,00,00,00,
157000,00000057,false,Rx,0,8,00,00,FE,FF,FE,FF,00,00,
190000,00000625,false,Rx,0,8,25,00,59,86,01,54,5C,06,
246000,0000060D,false,Rx,0,8,0D,10,83,B6,09,20,70,00,
290000,00000625,false,Rx,0,8,25,00,59,86,01,54,5C,06,
321000,000002C4,false,Rx,0,8,09,20,00,00,F4,02,00,00,
322000,000002C5,false,Rx,0,8,00,00,00,00,00,00,00,00,
322000,000002C6,false,Rx,0,8,32,00,7C,01,00,00,00,00,
347000,0000060D,false,Rx,0,8,0D,10,83,B6,09,20,70,00,
356000,00000054,false,Rx,0,8,01,05,EF,00,F4,02,00,00,
0,00000055,false,Rx,0,8,10,27,00,00,00,00,00,00,
0,00000056,false,Rx,0,8,10,27,00,00,00,00,00,00,
357000,00000057,false,Rx,0,8,00,00,FE,FF,FE,FF,00,00,
391000,00000625,false,Rx,0,8,25,00,59,86,01,54,5C,06,
446000,0000060D,false,Rx,0,8,0D,10,83,B6,09,20,70,00,
490000,00000625,false,Rx,0,8,25,00,59,86,01,54,5C,06,
542000,000002C4,false,Rx,0,8,09,20,00,00,F4,02,00,00,
542000,000002C5,false,Rx,0,8,00,00,00,00,00,00,00,00,
542000,000002C6,false,Rx,0,8,32,00,7C,01,00,00,00,00,
547000,0000060D,false,Rx,0,8,0D,10,83,B6,09,20,70,00,
557000,00000054,false,Rx,0,8,01,05,EF,00,F4,02,00,00,
557000,00000055,false,Rx,0,8,10,27,00,00,00,00,00,00,
557000,00000056,false,Rx,0,8,10,27,00,00,00,00,00,00,
557000,00000057,false,Rx,0,8,00,00,FE,FF,FE,FF,00,00,
590000,00000625,false,Rx,0,8,25,00,59,86,01,54,5C,06,
646000,0000060D,false,Rx,0,8,0D,10,83,B6,09,20,70,00,
690000,00000625,false,Rx,0,8,25,00,59,86,01,54,5C,06,
746000,0000060D,false,Rx,0,8,0D,10,83,B6,09,20,70,00,
0,00000054,false,Rx,0,8,01,05,EF,00,F4,02,00,00,
0,00000055,false,Rx,0,8,10,27,00,00,00,00,00,00,
0,00000056,false,Rx,0,8,10,27,00,00,00,00,00,00,
757000,00000057,false,Rx,0,8,00,00,FE,FF,FE,FF,00,00,
762000,000002C4,false,Rx,0,8,09,20,00,00,F4,02,00,00,
762000,000002C5,false,Rx,0,8,00,00,00,00,00,00,00,00,
762000,000002C6,false,Rx,0,8,32,00,7C,01,00,00,00,00,
790000,00000625,false,Rx,0,8,25,00,59,86,01,54,5C,06,
846000,0000060D,false,Rx,0,8,0D,10,83,B6,09,20,70,00,
891000,00000625,false,Rx,0,8,25,00,59,86,01,54,5C,06,
946000,0000060D,false,Rx,0,8,0D,10,83,B6,09,20,70,00,
957000,00000054,false,Rx,0,8,01,05,EF,00,F4,02,00,00,
957000,00000055,false,Rx,0,8,10,27,00,00,00,00,00,00,
958000,00000056,false,Rx,0,8,10,27,00,00,00,00,00,00,
958000,00000057,false,Rx,0,8,00,00,FE,FF,FE,FF,00,00,
981000,000002C4,false,Rx,0,8,09,20,00,00,F4,02,00,00,
982000,000002C5,false,Rx,0,8,00,00,00,00,00,00,00,00,
982000,000002C6,false,Rx,0,8,32,00,7C,01,00,00,00,00,
990000,00000625,false,Rx,0,8,25,00,59,86,01,54,5C,06,
47000,0000060D,false,Rx,0,8,0D,10,83,B6,09,20,70,00,
91000,00000625,false,Rx,0,8,25,00,59,86,01,54,5C,06,
147000,0000060D,false,Rx,0,8,0D,10,83,B6,09,20,70,00,
0,00000054,false,Rx,0,8,01,05,EF,00,F4,02,00,00,
0,00000055,false,Rx,0,8,10,27,00,00,00,00,00,00,
157000,00000056,false,Rx,0,8,10,27,00,00,00,00,00,00,
158000,00000057,false,Rx,0,8,00,00,FE,FF,FE,FF,00,00,
190000,00000625,false,Rx,0,8,25,00,59,86,01,54,5C,06,
202000,000002C4,false,Rx,0,8,09,20,00,00,F4,02,00,00,
202000,000002C5,false,Rx,0,8,00,00,00,00,00,00,00,00,
202000,000002C6,false,Rx,0,8,32,00,7C,01,00,00,00,00,
247000,0000060D,false,Rx,0,8,0D,10,83,B6,09,20,70,00,
290000,00000625,false,Rx,0,8,25,00,59,86,01,54,5C,06,
347000,0000060D,false,Rx,0,8,0D,10,83,B6,09,20,70,00,
356000,00000054,false,Rx,0,8,01,05,EF,00,F4,02,00,00,
356000,00000055,false,Rx,0,8,10,27,00,00,00,00,00,00,
357000,00000056,false,Rx,0,8,10,27,00,00,00,00,00,00,
357000,00000057,false,Rx,0,8,00,00,FE,FF,FE,FF,00,00,
391000,00000625,false,Rx,0,8,25,00,59,86,01,54,5C,06,
0,000002C4,false,Rx,0,8,09,20,00,00,F4,02,00,00,
0,000002C5,false,Rx,0,8,00,00,00,00,00,00,00,00,
421000,000002C6,false,Rx,0,8,32,00,7C,01,00,00,00,00,
447000,0000060D,false,Rx,0,8,0D,10,83,B6,09,20,70,00,
490000,00000625,false,Rx,0,8,25,00,59,86,01,54,5C,06,
547000,0000060D,false,Rx,0,8,0D,10,83,B6,09,20,70,00,
556000,00000054,false,Rx,0,8,01,05,EF,00,F4,02,00,00,
556000,00000055,false,Rx,0,8,10,27,00,00,00,00,00,00,
557000,00000056,false,Rx,0,8,10,27,00,00,00,00,00,00,
557000,00000057,false,Rx,0,8,00,00,FE,FF,FE,FF,00,00,
590000,00000625,false,Rx,0,8,25,00,59,86,01,54,5C,06,
642000,000002C4,false,Rx,0,8,09,20,00,00,F4,02,00,00,
642000,000002C5,false,Rx,0,8,00,00,00,00,00,00,00,00,
642000,000002C6,false,Rx,0,8,32,00,7C,01,00,00,00,00,
647000,0000060D,false,Rx,0,8,0D,10,83,B6,09,20,70,00,
690000,00000625,false,Rx,0,8,25,00,59,86,01,54,5C,06,
747000,0000060D,false,Rx,0,8,0D,10,83,B6,09,20,70,00,
756000,00000054,false,Rx,0,8,01,05,EF,00,F4,02,00,00,
756000,00000055,false,Rx,0,8,10,27,00,00,00,00,00,00,
757000,00000056,false,Rx,0,8,10,27,00,00,00,00,00,00,
757000,00000057,false,Rx,0,8,00,00,FE,FF,FE,FF,00,00,
790000,00000625,false,Rx,0,8,25,00,59,86,01,54,5C,06,
847000,0000060D,false,Rx,0,8,0D,10,83,B6,09,20,70,00,
861000,000002C4,false,Rx,0,8,09,20,00,00,F4,02,00,00,
861000,000002C5,false,Rx,0,8,00,00,00,00,00,00,00,00,
862000,000002C6,false,Rx,0,8,32,00,7C,01,00,00,00,00,
890000,00000625,false,Rx,0,8,25,00,59,86,01,54,5C,06,
947000,0000060D,false,Rx,0,8,0D,10,83,B6,09,20,70,00,
957000,00000054,false,Rx,0,8,01,05,EF,00,F4,02,00,00,
957000,00000055,false,Rx,0,8,10,27,00,00,00,00,00,00,
957000,00000056,false,Rx,0,8,10,27,00,00,00,00,00,00,
957000,00000057,false,Rx,0,8,00,00,FE,FF,FE,FF,00,00,
990000,00000625,false,Rx,0,8,25,00,59,86,01,54,5C,06,
47000,0000060D,false,Rx,0,8,0D,10,83,B6,09,20,70,00,
82000,000002C4,false,Rx,0,8,09,20,00,00,F4,02,00,00,
0,000002C5,false,Rx,0,8,00,00,00,00,00,00,00,00,
0,000002C6,false,Rx,0,8,32,00,7C,01,00,00,00,00,
90000,00000625,false,Rx,0,8,25,00,59,86,01,54,5C,06,
146000,0000060D,false,Rx,0,8,0D,10,83,B6,09,20,70,00,
0,00000054,false,Rx,0,8,01,05,EF,00,F4,02,00,00,
0,00000055,false,Rx,0,8,10,27,00,00,00,00,00,00,
0,00000056,false,Rx,0,8,10,27,00,00,00,00,00,00,
157000,00000057,false,Rx,0,8,00,00,FE,FF,FE,FF,00,00,
190000,00000625,false,Rx,0,8,25,00,59,86,01,54,5C,06,
247000,0000060D,false,Rx,0,8,0D,10,83,B6,09,20,70,00,
290000,00000625,false,Rx,0,8,25,00,59,86,01,54,5C,06,
301000,000002C4,false,Rx,0,8,09,20,00,00,F4,02,00,00,
302000,000002C5,false,Rx,0,8,00,00,00,00,00,00,00,00,
302000,000002C6,false,Rx,0,8,32,00,7C,01,00,00,00,00,
346000,0000060D,false,Rx,0,8,0D,10,83,B6,09,20,70,00,
356000,00000054,false,Rx,0,8,01,05,EF,00,F4,02,00,00,
356000,00000055,false,Rx,0,8,10,27,00,00,00,00,00,00,
357000,00000056,false,Rx,0,8,10,27,00,00,00,00,00,00,
357000,00000057,false,Rx,0,8,00,00,FE,FF,FE,FF,00,00,
391000,00000625,false,Rx,0,8,25,00,59,86,01,54,5C,06,
447000,0000060D,false,Rx,0,8,0D,10,83,B6,09,20,70,00,
490000,00000625,false,Rx,0,8,25,00,59,86,01,54,5C,06,
521000,000002C4,false,Rx,0,8,09,20,00,00,F4,02,00,00,
521000,000002C5,false,Rx,0,8,00,00,00,00,00,00,00,00,
521000,000002C6,false,Rx,0,8,32,00,7C,01,00,00,00,00,
547000,0000060D,false,Rx,0,8,0D,10,83,B6,09,20,70,00,
557000,00000054,false,Rx,0,8,01,05,EF,00,F4,02,00,00,
557000,00000055,false,Rx,0,8,10,27,00,00,00,00,00,00,
0,00000056,false,Rx,0,8,10,27,00,00,00,00,00,00,
0,00000057,false,Rx,0,8,00,00,FE,FF,FE,FF,00,00,
590000,00000625,false,Rx,0,8,25,00,59,86,01,54,5C,06,
646000,0000060D,false,Rx,0,8,0D,10,83,B6,09,20,70,00,
690000,00000625,false,Rx,0,8,25,00,59,86,01,54,5C,06,
741000,000002C4,false,Rx,0,8,09,20,00,00,F4,02,00,00,
741000,000002C5,false,Rx,0,8,00,00,00,00,00,00,00,00,
741000,000002C6,false,Rx,0,8,32,00,7C,01,00,00,00,00,
747000,0000060D,false,Rx,0,8,0D,10,83,B6,09,20,70,00,
756000,00000054,false,Rx,0,8,01,05,EF,00,F4,02,00,00,
756000,00000055,false,Rx,0,8,10,27,00,00,00,00,00,00,
756000,00000056,false,Rx,0,8,10,27,00,00,00,00,00,00,
757000,00000057,false,Rx,0,8,00,00,FE,FF,FE,FF,00,00,
790000,00000625,false,Rx,0,8,25,00,59,86,01,54,5C,06,
846000,0000060D,false,Rx,0,8,0D,10,83,B6,09,20,70,00,
891000,00000625,false,Rx,0,8,25,00,59,86,01,54,5C,06,
947000,0000060D,false,Rx,0,8,0D,10,83,B6,09,20,70,00,
957000,00000054,false,Rx,0,8,01,05,EF,00,F4,02,00,00,
957000,00000055,false,Rx,0,8,10,27,00,00,00,00,00,00,
957000,00000056,false,Rx,0,8,10,27,00,00,00,00,00,00,
958000,00000057,false,Rx,0,8,00,00,FE,FF,FE,FF,00,00,
962000,000002C4,false,Rx,0,8,09,20,00,00,F4,02,00,00,
962000,000002C5,false,Rx,0,8,00,00,00,00,00,00,00,00,
962000,000002C6,false,Rx,0,8,32,00,7C,01,00,00,00,00,
990000,00000625,false,Rx,0,8,25,00,59,86,01,54,5C,06,
46000,0000060D,false,Rx,0,8,0D,10,83,B6,09,20,70,00,
90000,00000625,false,Rx,0,8,25,00,59,86,01,54,5C,06,
147000,0000060D,false,Rx,0,8,0D,10,83,B6,09,20,70,00,
0,00000054,false,Rx,0,8,01,05,EF,00,F4,02,00,00,
0,00000055,false,Rx,0,8,10,27,00,00,00,00,00,00,
157000,00000056,false,Rx,0,8,10,27,00,00,00,00,00,00,
158000,00000057,false,Rx,0,8,00,00,FE,FF,FE,FF,00,00,
182000,000002C4,false,Rx,0,8,09,20,00,00,F4,02,00,00,
182000,000002C5,false,Rx,0,8,00,00,00,00,00,00,00,00,
182000,000002C6,false,Rx,0,8,32,00,7C,01,00,00,00,00,
190000,00000625,false,Rx,0,8,25,00,59,86,01,54,5C,06,
247000,0000060D,false,Rx,0,8,0D,10,83,B6,09,20,70,00,
290000,00000625,false,Rx,0,8,25,00,59,86,01,54,5C,06,
347000,0000060D,false,Rx,0,8,0D,10,83,B6,09,20,70,00,
356000,00000054,false,Rx,0,8,01,05,EF,00,F4,02,00,00,
356000,00000055,false,Rx,0,8,10,27,00,00,00,00,00,00,
356000,00000056,false,Rx,0,8,10,27,00,00,00,00,00,00,
357000,00000057,false,Rx,0,8,00,00,FE,FF,FE,FF,00,00,
391000,00000625,false,Rx,0,8,25,00,59,86,01,54,5C,06,
402000,000002C4,false,Rx,0,8,09,20,00,00,F4,02,00,00,
0,000002C5,false,Rx,0,8,00,00,00,00,00,00,00,00,
0,000002C6,false,Rx,0,8,32,00,7C,01,00,00,00,00,
447000,0000060D,false,Rx,0,8,0D,10,83,B6,09,20,70,00,
490000,00000625,false,Rx,0,8,25,00,59,86,01,54,5C,06,
547000,0000060D,false,Rx,0,8,0D,10,83,B6,09,20,70,00,
556000,00000054,false,Rx,0,8,01,05,EF,00,F4,02,00,00,
557000,00000055,false,Rx,0,8,10,27,00,00,00,00,00,00,
557000,00000056,false,Rx,0,8,10,27,00,00,00,00,00,00,
557000,00000057,false,Rx,0,8,00,00,FE,FF,FE,FF,00,00,
590000,00000625,false,Rx,0,8,25,00,59,86,01,54,5C,06,
621000,000002C4,false,Rx,0,8,09,20,00,00,F4,02,00,00,
622000,000002C5,false,Rx,0,8,00,00,00,00,00,00,00,00,
622000,000002C6,false,Rx,0,8,32,00,7C,01,00,00,00,00,
647000,0000060D,false,Rx,0,8,0D,10,83,B6,09,20,70,00,
690000,00000625,false,Rx,0,8,25,00,59,86,01,54,5C,06,
747000,0000060D,false,Rx,0,8,0D,10,83,B6,09,20,70,00,
756000,00000054,false,Rx,0,8,01,05,EF,00,F4,02,00,00,
756000,00000055,false,Rx,0,8,10,27,00,00,00,00,00,00,
757000,00000056,false,Rx,0,8,10,27,00,00,00,00,00,00,
757000,00000057,false,Rx,0,8,00,00,FE,FF,FE,FF,00,00,
790000,00000625,false,Rx,0,8,25,00,59,86,01,54,5C,06,
841000,000002C4,false,Rx,0,8,09,20,00,00,F4,02,00,00,
841000,000002C5,false,Rx,0,8,00,00,00,00,00,00,00,00,
841000,000002C6,false,Rx,0,8,32,00,7C,01,00,00,00,00,
847000,0000060D,false,Rx,0,8,0D,10,83,B6,09,20,70,00,
890000,00000625,false,Rx,0,8,25,00,59,86,01,54,5C,06,
946000,0000060D,false,Rx,0,8,0D,10,83,B6,09,20,70,00,
956000,00000054,false,Rx,0,8,01,05,EF,00,F4,02,00,00,
956000,00000055,false,Rx,0,8,10,27,00,00,00,00,00,00,
957000,00000056,false,Rx,0,8,10,27,00,00,00,00,00,00,
957000,00000057,false,Rx,0,8,00,00,FE,FF,FE,FF,00,00,
990000,00000625,false,Rx,0,8,25,00,59,86,01,54,5C,06,
47000,0000060D,false,Rx,0,8,0D,10,83,B6,09,20,70,00,
61000,000002C4,false,Rx,0,8,09,20,00,00,F4,02,00,00,
61000,000002C5,false,Rx,0,8,00,00,00,00,00,00,00,00,
62000,000002C6,false,Rx,0,8,32,00,7C,01,00,00,00,00,
90000,00000625,false,Rx,0,8,25,00,59,86,01,54,5C,06,
147000,0000060D,false,Rx,0,8,0D,10,83,B6,09,20,70,00,
156000,00000054,false,Rx,0,8,01,05,EF,00,F4,02,00,00,
0,00000055,false,Rx,0,8,10,27,00,00,00,00,00,00,
0,00000056,false,Rx,0,8,10,27,00,00,00,00,00,00,
157000,00000057,false,Rx,0,8,00,00,FE,FF,FE,FF,00,00,
190000,00000625,false,Rx,0,8,25,00,59,86,01,54,5C,06,
247000,0000060D,false,Rx,0,8,0D,10,83,B6,09,20,70,00,
281000,000002C4,false,Rx,0,8,09,20,00,00,F4,02,00,00,
0,000002C5,false,Rx,0,8,00,00,00,00,00,00,00,00,
0,000002C6,false,Rx,0,8,32,00,7C,01,00,00,00,00,
290000,00000625,false,Rx,0,8,25,00,59,86,01,54,5C,06,
347000,0000060D,false,Rx,0,8,0D,10,83,B6,09,20,70,00,
356000,00000054,false,Rx,0,8,01,05,EF,00,F4,02,00,00,
356000,00000055,false,Rx,0,8,10,27,00,00,00,00,00,00,
357000,00000056,false,Rx,0,8,10,27,00,00,00,00,00,00,
357000,00000057,false,Rx,0,8,00,00,FE,FF,FE,FF,00,00,
391000,00000625,false,Rx,0,8,25,00,59,86,01,54,5C,06,
446000,0000060D,false,Rx,0,8,0D,10,83,B6,09,20,70,00,
490000,00000625,false,Rx,0,8,25,00,59,86,01,54,5C,06,
0,000002C4,false,Rx,0,8,09,20,00,00,F4,02,00,00,
0,000002C5,false,Rx,0,8,00,00,00,00,00,00,00,00,
502000,000002C6,false,Rx,0,8,32,00,7C,01,00,00,00,00,
547000,0000060D,false,Rx,0,8,0D,10,83,B6,09,20,70,00,
557000,00000054,false,Rx,0,8,01,05,EF,00,F4,02,00,00,
557000,00000055,false,Rx,0,8,10,27,00,00,00,00,00,00,
557000,00000056,false,Rx,0,8,10,27,00,00,00,00,00,00,
557000,00000057,false,Rx,0,8,00,00,FE,FF,FE,FF,00,00,
590000,00000625,false,Rx,0,8,25,00,59,86,01,54,5C,06,
646000,0000060D,false,Rx,0,8,0D,10,83,B6,09,20,70,00,
690000,00000625,false,Rx,0,8,25,00,59,86,01,54,5C,06,
0,000002C4,false,Rx,0,8,09,20,00,00,F4,02,00,00,
0,000002C5,false,Rx,0,8,00,00,00,00,00,00,00,00,
722000,000002C6,false,Rx,0,8,32,00,7C,01,00,00,00,00,
747000,0000060D,false,Rx,0,8,0D,10,83,B6,09,20,70,00,
756000,00000054,false,Rx,0,8,01,05,EF,00,F4,02,00,00,
757000,00000055,false,Rx,0,8,10,27,00,00,00,00,00,00,
757000,00000056,false,Rx,0,8,10,27,00,00,00,00,00,00,
757000,00000057,false,Rx,0,8,00,00,FE,FF,FE,FF,00,00,
790000,00000625,false,Rx,0,8,25,00,59,86,01,54,5C,06,
847000,0000060D,false,Rx,0,8,0D,10,83,B6,09,20,70,00,
890000,00000625,false,Rx,0,8,25,00,59,86,01,54,5C,06,
941000,000002C4,false,Rx,0,8,09,20,00,00,F4,02,00,00,
941000,000002C5,false,Rx,0,8,00,00,00,00,00,00,00,00,
941000,000002C6,false,Rx,0,8,32,00,7C,01,00,00,00,00,
947000,0000060D,false,Rx,0,8,0D,10,83,B6,09,20,70,00,
0,00000054,false,Rx,0,8,01,05,EF,00,F4,02,00,00,
0,00000055,false,Rx,0,8,10,27,00,00,00,00,00,00,
0,00000056,false,Rx,0,8,10,27,00,00,00,00,00,00,
957000,00000057,false,Rx,0,8,00,00,FE,FF,FE,FF,00,00,
990000,00000625,false,Rx,0,8,25,00,59,86,01,54,5C,06,
47000,0000060D,false,Rx,0,8,0D,10,83,B6,09,20,70,00,
90000,00000625,false,Rx,0,8,25,00,59,86,01,54,5C,06,
147000,0000060D,false,Rx,0,8,0D,10,83,B6,09,20,70,00,
0,00000054,false,Rx,0,8,01,05,EF,00,F4,02,00,00,
0,00000055,false,Rx,0,8,10,27,00,00,00,00,00,00,
157000,00000056,false,Rx,0,8,10,27,00,00,00,00,00,00,
157000,00000057,false,Rx,0,8,00,00,FE,FF,FE,FF,00,00,
161000,000002C4,false,Rx,0,8,09,20,00,00,F4,02,00,00,
161000,000002C5,false,Rx,0,8,00,00,00,00,00,00,00,00,
162000,000002C6,false,Rx,0,8,32,00,7C,01,00,00,00,00,
190000,00000625,false,Rx,0,8,25,00,59,86,01,54,5C,06,
247000,0000060D,false,Rx,0,8,0D,10,83,B6,09,20,70,00,
290000,00000625,false,Rx,0,8,25,00,59,86,01,54,5C,06,
347000,0000060D,false,Rx,0,8,0D,10,83,B6,09,20,70,00,
357000,00000054,false,Rx,0,8,01,05,EF,00,F4,02,00,00,
357000,00000055,false,Rx,0,8,10,27,00,00,00,00,00,00,
357000,00000056,false,Rx,0,8,10,27,00,00,00,00,00,00,
358000,00000057,false,Rx,0,8,00,00,FE,FF,FE,FF,00,00,
381000,000002C4,false,Rx,0,8,09,20,00,00,F4,02,00,00,
381000,000002C5,false,Rx,0,8,00,00,00,00,00,00,00,00,
381000,000002C6,false,Rx,0,8,32,00,7C,01,00,00,00,00,
390000,00000625,false,Rx,0,8,25,00,59,86,01,54,5C,06,
447000,0000060D,false,Rx,0,8,0D,10,83,B6,09,20,70,00,
490000,00000625,false,Rx,0,8,25,00,59,86,01,54,5C,06,
546000,0000060D,false,Rx,0,8,0D,10,83,B6,09,20,70,00,
556000,00000054,false,Rx,0,8,01,05,EF,00,F4,02,00,00,
556000,00000055,false,Rx,0,8,10,27,00,00,00,00,00,00,
557000,00000056,false,Rx,0,8,10,27,00,00,00,00,00,00,
557000,00000057,false,Rx,0,8,00,00,FE,FF,FE,FF,00,00,
590000,00000625,false,Rx,0,8,25,00,59,86,01,54,5C,06,
601000,000002C4,false,Rx,0,8,09,20,00,00,F4,02,00,00,
602000,000002C5,false,Rx,0,8,00,00,00,00,00,00,00,00,
602000,000002C6,false,Rx,0,8,32,00,7C,01,00,00,00,00,
647000,0000060D,false,Rx,0,8,0D,10,83,B6,09,20,70,00,
690000,00000625,false,Rx,0,8,25,00,59,86,01,54,5C,06,
747000,0000060D,false,Rx,0,8,0D,10,83,B6,09,20,70,00,
756000,00000054,false,Rx,0,8,01,05,EF,00,F4,02,00,00,
756000,00000055,false,Rx,0,8,10,27,00,00,00,00,00,00,
757000,00000056,false,Rx,0,8,10,27,00,00,00,00,00,00,
757000,00000057,false,Rx,0,8,00,00,FE,FF,FE,FF,00,00,
790000,00000625,false,Rx,0,8,25,00,59,86,01,54,5C,06,
821000,000002C4,false,Rx,0,8,09,20,00,00,F4,02,00,00,
821000,000002C5,false,Rx,0,8,00,00,00,00,00,00,00,00,
821000,000002C6,false,Rx,0,8,32,00,7C,01,00,00,00,00,
847000,0000060D,false,Rx,0,8,0D,10,83,B6,09,20,70,00,
891000,00000625,false,Rx,0,8,25,00,59,86,01,54,5C,06,
947000,0000060D,false,Rx,0,8,0D,10,83,B6,09,20,70,00,
956000,00000054,false,Rx,0,8,01,05,EF,00,F4,02,00,00,
956000,00000055,false,Rx,0,8,10,27,00,00,00,00,00,00,
957000,00000056,false,Rx,0,8,10,27,00,00,00,00,00,00,
957000,00000057,false,Rx,0,8,00,00,FE,FF,FE,FF,00,00,
991000,00000625,false,Rx,0,8,25,00,59,86,01,54,5C,06,
41000,000002C4,false,Rx,0,8,09,20,00,00,F4,02,00,00,
41000,000002C5,false,Rx,0,8,00,00,00,00,00,00,00,00,
41000,000002C6,false,Rx,0,8,32,00,7C,01,00,00,00,00,
47000,0000060D,false,Rx,0,8,0D,10,83,B6,09,20,70,00,
90000,00000625,false,Rx,0,8,25,00,59,86,01,54,5C,06,
147000,0000060D,false,Rx,0,8,0D,10,83,B6,09,20,70,00,
0,00000054,false,Rx,0,8,01,05,EF,00,F4,02,00,00,
0,00000055,false,Rx,0,8,10,27,00,00,00,00,00,00,
0,00000056,false,Rx,0,8,10,27,00,00,00,00,00,00,
158000,00000057,false,Rx,0,8,00,00,FE,FF,FE,FF,00,00,
190000,00000625,false,Rx,0,8,25,00,59,86,01,54,5C,06,
247000,0000060D,false,Rx,0,8,0D,10,83,B6,09,20,70,00,
262000,000002C4,false,Rx,0,8,09,20,00,00,F4,02,00,00,
0,000002C5,false,Rx,0,8,00,00,00,00,00,00,00,00,
0,000002C6,false,Rx,0,8,32,00,7C,01,00,00,00,00,
290000,00000625,false,Rx,0,8,25,00,59,86,01,54,5C,06,
347000,0000060D,false,Rx,0,8,0D,10,83,B6,09,20,70,00,
356000,00000054,false,Rx,0,8,01,05,EF,00,F4,02,00,00,
356000,00000055,false,Rx,0,8,10,27,00,00,00,00,00,00,
357000,00000056,false,Rx,0,8,10,27,00,00,00,00,00,00,
357000,00000057,false,Rx,0,8,00,00,FE,FF,FE,FF,00,00,
390000,00000625,false,Rx,0,8,25,00,59,86,01,54,5C,06,
447000,0000060D,false,Rx,0,8,0D,10,83,B6,09,20,70,00,
481000,000002C4,false,Rx,0,8,09,20,00,00,F4,02,00,00,
481000,000002C5,false,Rx,0,8,00,00,00,00,00,00,00,00,
481000,000002C6,false,Rx,0,8,32,00,7C,01,00,00,00,00,
491000,00000625,false,Rx,0,8,25,00,59,86,01,54,5C,06,
547000,0000060D,false,Rx,0,8,0D,10,83,B6,09,20,70,00,
556000,00000054,false,Rx,0,8,01,05,EF,00,F4,02,00,00,
556000,00000055,false,Rx,0,8,10,27,00,00,00,00,00,00,
557000,00000056,false,Rx,0,8,10,27,00,00,00,00,00,00,
557000,00000057,false,Rx,0,8,00,00,FE,FF,FE,FF,00,00,
590000,00000625,false,Rx,0,8,25,00,59,86,01,54,5C,06,
647000,0000060D,false,Rx,0,8,0D,10,83,B6,09,20,70,00,
690000,00000625,false,Rx,0,8,25,00,59,86,01,54,5C,06,
701000,000002C4,false,Rx,0,8,09,20,00,00,F4,02,00,00,
701000,000002C5,false,Rx,0,8,00,00,00,00,00,00,00,00,
702000,000002C6,false,Rx,0,8,32,00,7C,01,00,00,00,00,
747000,0000060D,false,Rx,0,8,0D,10,83,B6,09,20,70,00,
756000,00000054,false,Rx,0,8,01,05,EF,00,F4,02,00,00,
756000,00000055,false,Rx,0,8,10,27,00,00,00,00,00,00,
757000,00000056,false,Rx,0,8,10,27,00,00,00,00,00,00,
757000,00000057,false,Rx,0,8,00,00,FE,FF,FE,FF,00,00,
790000,00000625,false,Rx,0,8,25,00,59,86,01,54,5C,06,
847000,0000060D,false,Rx,0,8,0D,10,83,B6,09,20,70,00,
890000,00000625,false,Rx,0,8,25,00,59,86,01,54,5C,06,
0,000002C4,false,Rx,0,8,09,20,00,00,F4,02,00,00,
0,000002C5,false,Rx,0,8,00,00,00,00,00,00,00,00,
0,000002C6,false,Rx,0,8,32,00,7C,01,00,00,00,00,
947000,0000060D,false,Rx,0,8,0D,10,83,B6,09,20,70,00,
957000,00000054,false,Rx,0,8,01,05,EF,00,F4,02,00,00,
957000,00000055,false,Rx,0,8,10,27,00,00,00,00,00,00,
0,00000056,false,Rx,0,8,10,27,00,00,00,00,00,00,
0,00000057,false,Rx,0,8,00,00,FE,FF,FE,FF,00,00,
990000,00000625,false,Rx,0,8,25,00,59,86,01,54,5C,06,
47000,0000060D,false,Rx,0,8,0D,10,83,B6,09,20,70,00,
90000,00000625,false,Rx,0,8,25,00,59,86,01,54,5C,06,
0,000002C4,false,Rx,0,8,09,20,00,00,F4,02,00,00,
0,000002C5,false,Rx,0,8,00,00,00,00,00,00,00,00,
143000,000002C6,false,Rx,0,8,32,00,7C,01,00,00,00,00,
146000,0000060D,false,Rx,0,8,0D,10,83,B6,09,20,70,00,
0,00000054,false,Rx,0,8,01,05,EF,00,F4,02,00,00,
0,00000055,false,Rx,0,8,10,27,00,00,00,00,00,00,
0,00000056,false,Rx,0,8,10,27,00,00,00,00,00,00,
158000,00000057,false,Rx,0,8,00,00,FE,FF,FE,FF,00,00,
190000,00000625,false,Rx,0,8,25,00,59,86,01,54,5C,06,
246000,0000060D,false,Rx,0,8,0D,10,83,B6,09,20,70,00,
290000,00000625,false,Rx,0,8,25,00,59,86,01,54,5C,06,
347000,0000060D,false,Rx,0,8,0D,10,83,B6,09,20,70,00,
0,00000054,false,Rx,0,8,01,05,EF,00,F4,02,00,00,
0,00000055,false,Rx,0,8,10,27,00,00,00,00,00,00,
0,00000056,false,Rx,0,8,10,27,00,00,00,00,00,00,
0,00000057,false,Rx,0,8,00,00,FE,FF,FE,FF,00,00,
361000,000002C4,false,Rx,0,8,09,20,00,00,F4,02,00,00,
361000,000002C5,false,Rx,0,8,00,00,00,00,00,00,00,00,
361000,000002C6,false,Rx,0,8,32,00,7C,01,00,00,00,00,
391000,00000625,false,Rx,0,8,25,00,59,86,01,54,5C,06,
446000,0000060D,false,Rx,0,8,0D,10,83,B6,09,20,70,00,
490000,00000625,false,Rx,0,8,25,00,59,86,01,54,5C,06,
546000,0000060D,false,Rx,0,8,0D,10,83,B6,09,20,70,00,
556000,00000054,false,Rx,0,8,01,05,EF,00,F4,02,00,00,
556000,00000055,false,Rx,0,8,10,27,00,00,00,00,00,00,
557000,00000056,false,Rx,0,8,10,27,00,00,00,00,00,00,
557000,00000057,false,Rx,0,8,00,00,FE,FF,FE,FF,00,00,
581000,000002C4,false,Rx,0,8,09,20,00,00,F4,02,00,00,
581000,000002C5,false,Rx,0,8,00,00,00,00,00,00,00,00,
582000,000002C6,false,Rx,0,8,32,00,7C,01,00,00,00,00,
591000,00000625,false,Rx,0,8,25,00,59,86,01,54,5C,06,
647000,0000060D,false,Rx,0,8,0D,10,83,B6,09,20,70,00,
690000,00000625,false,Rx,0,8,25,00,59,86,01,54,5C,06,
747000,0000060D,false,Rx,0,8,0D,10,83,B6,09,20,70,00,
757000,00000054,false,Rx,0,8,01,05,EF,00,F4,02,00,00,
757000,00000055,false,Rx,0,8,10,27,00,00,00,00,00,00,
0,00000056,false,Rx,0,8,10,27,00,00,00,00,00,00,
0,00000057,false,Rx,0,8,00,00,FE,FF,FE,FF,00,00,
791000,00000625,false,Rx,0,8,25,00,59,86,01,54,5C,06,
802000,000002C4,false,Rx,0,8,09,20,00,00,F4,02,00,00,
802000,000002C5,false,Rx,0,8,00,00,00,00,00,00,00,00,
802000,000002C6,false,Rx,0,8,32,00,7C,01,00,00,00,00,
846000,0000060D,false,Rx,0,8,0D,10,83,B6,09,20,70,00,
890000,00000625,false,Rx,0,8,25,00,59,86,01,54,5C,06,
947000,0000060D,false,Rx,0,8,0D,10,83,B6,09,20,70,00,
957000,00000054,false,Rx,0,8,01,05,EF,00,F4,02,00,00,
957000,00000055,false,Rx,0,8,10,27,00,00,00,00,00,00,
957000,00000056,false,Rx,0,8,10,27,00,00,00,00,00,00,
958000,00000057,false,Rx,0,8,00,00,FE,FF,FE,FF,00,00,
991000,00000625,false,Rx,0,8,25,00,59,86,01,54,5C,06,
22000,000002C4,false,Rx,0,8,09,20,00,00,F4,02,00,00,
22000,000002C5,false,Rx,0,8,00,00,00,00,00,00,00,00,
22000,000002C6,false,Rx,0,8,32,00,7C,01,00,00,00,00,
47000,0000060D,false,Rx,0,8,0D,10,83,B6,09,20,70,00,
90000,00000625,false,Rx,0,8,25,00,59,86,01,54,5C,06,
146000,0000060D,false,Rx,0,8,0D,10,83,B6,09,20,70,00,
0,00000054,false,Rx,0,8,01,05,EF,00,F4,02,00,00,
0,00000055,false,Rx,0,8,10,27,00,00,00,00,00,00,
0,00000056,false,Rx,0,8,10,27,00,00,00,00,00,00,
0,00000057,false,Rx,0,8,00,00,FE,FF,FE,FF,00,00,
190000,00000625,false,Rx,0,8,25,00,59,86,01,54,5C,06,
242000,000002C4,false,Rx,0,8,09,20,00,00,F4,02,00,00,
242000,000002C5,false,Rx,0,8,00,00,00,00,00,00,00,00,
242000,000002C6,false,Rx,0,8,32,00,7C,01,00,00,00,00,
246000,0000060D,false,Rx,0,8,0D,10,83,B6,09,20,70,00,
291000,00000625,false,Rx,0,8,25,00,59,86,01,54,5C,06,
346000,0000060D,false,Rx,0,8,0D,10,83,B6,09,20,70,00,
357000,00000054,false,Rx,0,8,01,05,EF,00,F4,02,00,00,
357000,00000055,false,Rx,0,8,10,27,00,00,00,00,00,00,
357000,00000056,false,Rx,0,8,10,27,00,00,00,00,00,00,
357000,00000057,false,Rx,0,8,00,00,FE,FF,FE,FF,00,00,
390000,00000625,false,Rx,0,8,25,00,59,86,01,54,5C,06,
446000,0000060D,false,Rx,0,8,0D,10,83,B6,09,20,70,00,
0,000002C4,false,Rx,0,8,09,20,00,00,F4,02,00,00,
0,000002C5,false,Rx,0,8,00,00,00,00,00,00,00,00,
0,000002C6,false,Rx,0,8,32,00,7C,01,00,00,00,00,
491000,00000625,false,Rx,0,8,25,00,59,86,01,54,5C,06,
547000,0000060D,false,Rx,0,8,0D,10,83,B6,09,20,70,00,
0,00000054,false,Rx,0,8,01,05,EF,00,F4,02,00,00,
0,00000055,false,Rx,0,8,10,27,00,00,00,00,00,00,
557000,00000056,false,Rx,0,8,10,27,00,00,00,00,00,00,
557000,00000057,false,Rx,0,8,00,00,FE,FF,FE,FF,00,00,
590000,00000625,false,Rx,0,8,25,00,59,86,01,54,5C,06,
646000,0000060D,false,Rx,0,8,0D,10,83,B6,09,20,70,00,
681000,000002C4,false,Rx,0,8,09,20,00,00,F4,02,00,00,
681000,000002C5,false,Rx,0,8,00,00,00,00,00,00,00,00,
682000,000002C6,false,Rx,0,8,32,00,7C,01,00,00,00,00,
690000,00000625,false,Rx,0,8,25,00,59,86,01,54,5C,06,
747000,0000060D,false,Rx,0,8,0D,10,83,B6,09,20,70,00,
756000,00000054,false,Rx,0,8,01,05,EF,00,F4,02,00,00,
756000,00000055,false,Rx,0,8,10,27,00,00,00,00,00,00,
757000,00000056,false,Rx,0,8,10,27,00,00,00,00,00,00,
757000,00000057,false,Rx,0,8,00,00,FE,FF,FE,FF,00,00,
790000,00000625,false,Rx,0,8,25,00,59,86,01,54,5C,06,
847000,0000060D,false,Rx,0,8,0D,10,83,B6,09,20,70,00,
891000,00000625,false,Rx,0,8,25,00,59,86,01,54,5C,06,
901000,000002C4,false,Rx,0,8,09,20,00,00,F4,02,00,00,
901000,000002C5,false,Rx,0,8,00,00,00,00,00,00,00,00,
901000,000002C6,false,Rx,0,8,32,00,7C,01,00,00,00,00,
947000,0000060D,false,Rx,0,8,0D,10,83,B6,09,20,70,00,
0,00000054,false,Rx,0,8,01,05,EF,00,F4,02,00,00,
0,00000055,false,Rx,0,8,10,27,00,00,00,00,00,00,
957000,00000056,false,Rx,0,8,10,27,00,00,00,00,00,00,
958000,00000057,false,Rx,0,8,00,00,FE,FF,FE,FF,00,00,
990000,00000625,false,Rx,0,8,25,00,59,86,01,54,5C,06,
46000,0000060D,false,Rx,0,8,0D,10,83,B6,09,20,70,00,
91000,00000625,false,Rx,0,8,25,00,59,86,01,54,5C,06,
121000,000002C4,false,Rx,0,8,09,20,00,00,F4,02,00,00,
121000,000002C5,false,Rx,0,8,00,00,00,00,00,00,00,00,
122000,000002C6,false,Rx,0,8,32,00,7C,01,00,00,00,00,
147000,0000060D,false,Rx,0,8,0D,10,83,B6,09,20,70,00,
0,00000054,false,Rx,0,8,01,05,EF,00,F4,02,00,00,
0,00000055,false,Rx,0,8,10,27,00,00,00,00,00,00,
157000,00000056,false,Rx,0,8,10,27,00,00,00,00,00,00,
157000,00000057,false,Rx,0,8,00,00,FE,FF,FE,FF,00,00,
190000,00000625,false,Rx,0,8,25,00,59,86,01,54,5C,06,
247000,0000060D,false,Rx,0,8,0D,10,83,B6,09,20,70,00,
291000,00000625,false,Rx,0,8,25,00,59,86,01,54,5C,06,
342000,000002C4,false,Rx,0,8,09,20,00,00,F4,02,00,00,
342000,000002C5,false,Rx,0,8,00,00,00,00,00,00,00,00,
342000,000002C6,false,Rx,0,8,32,00,7C,01,00,00,00,00,
347000,0000060D,false,Rx,0,8,0D,10,83,B6,09,20,70,00,
357000,00000054,false,Rx,0,8,01,05,EF,00,F4,02,00,00,
357000,00000055,false,Rx,0,8,10,27,00,00,00,00,00,00,
357000,00000056,false,Rx,0,8,10,27,00,00,00,00,00,00,
357000,00000057,false,Rx,0,8,00,00,FE,FF,FE,FF,00,00,
391000,00000625,false,Rx,0,8,25,00,59,86,01,54,5C,06,
447000,0000060D,false,Rx,0,8,0D,10,83,B6,09,20,70,00,
490000,00000625,false,Rx,0,8,25,00,59,86,01,54,5C,06,
546000,0000060D,false,Rx,0,8,0D,10,83,B6,09,20,70,00,
557000,00000054,false,Rx,0,8,01,05,EF,00,F4,02,00,00,
557000,00000055,false,Rx,0,8,10,27,00,00,00,00,00,00,
557000,00000056,false,Rx,0,8,10,27,00,00,00,00,00,00,
557000,00000057,false,Rx,0,8,00,00,FE,FF,FE,FF,00,00,
561000,000002C4,false,Rx,0,8,09,20,00,00,F4,02,00,00,
562000,000002C5,false,Rx,0,8,00,00,00,00,00,00,00,00,
562000,000002C6,false,Rx,0,8,32,00,7C,01,00,00,00,00,
590000,00000625,false,Rx,0,8,25,00,59,86,01,54,5C,06,
647000,0000060D,false,Rx,0,8,0D,10,83,B6,09,20,70,00,
691000,00000625,false,Rx,0,8,25,00,59,86,01,54,5C,06,
747000,0000060D,false,Rx,0,8,0D,10,83,B6,09,20,70,00,
757000,00000054,false,Rx,0,8,01,05,EF,00,F4,02,00,00,
757000,00000055,false,Rx,0,8,10,27,00,00,00,00,00,00,
0,00000056,false,Rx,0,8,10,27,00,00,00,00,00,00,
0,00000057,false,Rx,0,8,00,00,FE,FF,FE,FF,00,00,
781000,000002C4,false,Rx,0,8,09,20,00,00,F4,02,00,00,
0,000002C5,false,Rx,0,8,00,00,00,00,00,00,00,00,
0,000002C6,false,Rx,0,8,32,00,7C,01,00,00,00,00,
791000,00000625,false,Rx,0,8,25,00,59,86,01,54,5C,06,
846000,0000060D,false,Rx,0,8,0D,10,83,B6,09,20,70,00,
891000,00000625,false,Rx,0,8,25,00,59,86,01,54,5C,06,
947000,0000060D,false,Rx,0,8,0D,10,83,B6,09,20,70,00,
957000,00000054,false,Rx,0,8,01,05,EF,00,F4,02,00,00,
957000,00000055,false,Rx,0,8,10,27,00,00,00,00,00,00,
957000,00000056,false,Rx,0,8,10,27,00,00,00,00,00,00,
957000,00000057,false,Rx,0,8,00,00,FE,FF,FE,FF,00,00,
990000,00000625,false,Rx,0,8,25,00,59,86,01,54,5C,06,
2000,000002C4,false,Rx,0,8,09,20,00,00,F4,02,00,00,
2000,000002C5,false,Rx,0,8,00,00,00,00,00,00,00,00,
2000,000002C6,false,Rx,0,8,32,00,7C,01,00,00,00,00,
47000,0000060D,false,Rx,0,8,0D,10,83,B6,09,20,70,00,
91000,00000625,false,Rx,0,8,25,00,59,86,01,54,5C,06,
147000,0000060D,false,Rx,0,8,0D,10,83,B6,09,20,70,00,
0,00000054,false,Rx,0,8,01,05,EF,00,F4,02,00,00,
0,00000055,false,Rx,0,8,10,27,00,00,00,00,00,00,
157000,00000056,false,Rx,0,8,10,27,00,00,00,00,00,00,
157000,00000057,false,Rx,0,8,00,00,FE,FF,FE,FF,00,00,
190000,00000625,false,Rx,0,8,25,00,59,86,01,54,5C,06,
221000,000002C4,false,Rx,0,8,09,20,00,00,F4,02,00,00,
221000,000002C5,false,Rx,0,8,00,00,00,00,00,00,00,00,
222000,000002C6,false,Rx,0,8,32,00,7C,01,00,00,00,00,
246000,0000060D,false,Rx,0,8,0D,10,83,B6,09,20,70,00,
290000,00000625,false,Rx,0,8,25,00,59,86,01,54,5C,06,
346000,0000060D,false,Rx,0,8,0D,10,83,B6,09,20,70,00,
357000,00000054,false,Rx,0,8,01,05,EF,00,F4,02,00,00,
357000,00000055,false,Rx,0,8,10,27,00,00,00,00,00,00,
357000,00000056,false,Rx,0,8,10,27,00,00,00,00,00,00,
357000,00000057,false,Rx,0,8,00,00,FE,FF,FE,FF,00,00,
391000,00000625,false,Rx,0,8,25,00,59,86,01,54,5C,06,
442000,000002C4,false,Rx,0,8,09,20,00,00,F4,02,00,00,
442000,000002C5,false,Rx,0,8,00,00,00,00,00,00,00,00,
442000,000002C6,false,Rx,0,8,32,00,7C,01,00,00,00,00,
446000,0000060D,false,Rx,0,8,0D,10,83,B6,09,20,70,00,
491000,00000625,false,Rx,0,8,25,00,59,86,01,54,5C,06,
547000,0000060D,false,Rx,0,8,0D,10,83,B6,09,20,70,00,
556000,00000054,false,Rx,0,8,01,05,EF,00,F4,02,00,00,
556000,00000055,false,Rx,0,8,10,27,00,00,00,00,00,00,
557000,00000056,false,Rx,0,8,10,27,00,00,00,00,00,00,
557000,00000057,false,Rx,0,8,00,00,FE,FF,FE,FF,00,00,
590000,00000625,false,Rx,0,8,25,00,59,86,01,54,5C,06,
646000,0000060D,false,Rx,0,8,0D,10,83,B6,09,20,70,00,
662000,000002C4,false,Rx,0,8,09,20,00,00,F4,02,00,00,
662000,000002C5,false,Rx,0,8,00,00,00,00,00,00,00,00,
662000,000002C6,false,Rx,0,8,32,00,7C,01,00,00,00,00,
690000,00000625,false,Rx,0,8,25,00,59,86,01,54,5C,06,
746000,0000060D,false,Rx,0,8,0D,10,83,B6,09,20,70,00,
0,00000054,false,Rx,0,8,01,05,EF,00,F4,02,00,00,
0,00000055,false,Rx,0,8,10,27,00,00,00,00,00,00,
757000,00000056,false,Rx,0,8,10,27,00,00,00,00,00,00,
758000,00000057,false,Rx,0,8,00,00,FE,FF,FE,FF,00,00,
790000,00000625,false,Rx,0,8,25,00,59,86,01,54,5C,06,
847000,0000060D,false,Rx,0,8,0D,10,83,B6,09,20,70,00,
882000,000002C4,false,Rx,0,8,09,20,00,00,F4,02,00,00,
882000,000002C5,false,Rx,0,8,00,00,00,00,00,00,00,00,
882000,000002C6,false,Rx,0,8,32,00,7C,01,00,00,00,00,
890000,00000625,false,Rx,0,8,25,00,59,86,01,54,5C,06,
946000,0000060D,false,Rx,0,8,0D,10,83,B6,09,20,70,00,
956000,00000054,false,Rx,0,8,01,05,EF,00,F4,02,00,00,
956000,00000055,false,Rx,0,8,10,27,00,00,00,00,00,00,
957000,00000056,false,Rx,0,8,10,27,00,00,00,00,00,00,
957000,00000057,false,Rx,0,8,00,00,FE,FF,FE,FF,00,00,
990000,00000625,false,Rx,0,8,25,00,59,86,01,54,5C,06,
47000,0000060D,false,Rx,0,8,0D,10,83,B6,09,20,70,00,
90000,00000625,false,Rx,0,8,25,00,59,86,01,54,5C,06,
101000,000002C4,false,Rx,0,8,09,20,00,00,F4,02,00,00,
102000,000002C5,false,Rx,0,8,00,00,00,00,00,00,00,00,
102000,000002C6,false,Rx,0,8,32,00,7C,01,00,00,00,00,
147000,0000060D,false,Rx,0,8,0D,10,83,B6,09,20,70,00,
0,00000054,false,Rx,0,8,01,05,EF,00,F4,02,00,00,
0,00000055,false,Rx,0,8,10,27,00,00,00,00,00,00,
0,00000056,false,Rx,0,8,10,27,00,00,00,00,00,00,
0,00000057,false,Rx,0,8,00,00,FE,FF,FE,FF,00,00,
191000,00000625,false,Rx,0,8,25,00,59,86,01,54,5C,06,
247000,0000060D,false,Rx,0,8,0D,10,83,B6,09,20,70,00,
291000,00000625,false,Rx,0,8,25,00,59,86,01,54,5C,06,
322000,000002C4,false,Rx,0,8,09,20,00,00,F4,02,00,00,
322000,000002C5,false,Rx,0,8,00,00,00,00,00,00,00,00,
322000,000002C6,false,Rx,0,8,32,00,7C,01,00,00,00,00,
347000,0000060D,false,Rx,0,8,0D,10,83,B6,09,20,70,00,
357000,00000054,false,Rx,0,8,01,05,EF,00,F4,02,00,00,
357000,00000055,false,Rx,0,8,10,27,00,00,00,00,00,00,
357000,00000056,false,Rx,0,8,10,27,00,00,00,00,00,00,
358000,00000057,false,Rx,0,8,00,00,FE,FF,FE,FF,00,00,
391000,00000625,false,Rx,0,8,25,00,59,86,01,54,5C,06,
447000,0000060D,false,Rx,0,8,0D,10,83,B6,09,20,70,00,
490000,00000625,false,Rx,0,8,25,00,59,86,01,54,5C,06,
541000,000002C4,false,Rx,0,8,09,20,00,00,F4,02,00,00,
542000,000002C5,false,Rx,0,8,00,00,00,00,00,00,00,00,
542000,000002C6,false,Rx,0,8,32,00,7C,01,00,00,00,00,
546000,0000060D,false,Rx,0,8,0D,10,83,B6,09,20,70,00,
0,00000054,false,Rx,0,8,01,05,EF,00,F4,02,00,00,
0,00000055,false,Rx,0,8,10,27,00,00,00,00,00,00,
556000,00000056,false,Rx,0,8,10,27,00,00,00,00,00,00,
558000,00000057,false,Rx,0,8,00,00,FE,FF,FE,FF,00,00,
590000,00000625,false,Rx,0,8,25,00,59,86,01,54,5C,06,
646000,0000060D,false,Rx,0,8,0D,10,83,B6,09,20,70,00,
690000,00000625,false,Rx,0,8,25,00,59,86,01,54,5C,06,
747000,0000060D,false,Rx,0,8,0D,10,83,B6,09,20,70,00,
756000,00000054,false,Rx,0,8,01,05,EF,00,F4,02,00,00,
756000,00000055,false,Rx,0,8,10,27,00,00,00,00,00,00,
757000,00000056,false,Rx,0,8,10,27,00,00,00,00,00,00,
757000,00000057,false,Rx,0,8,00,00,FE,FF,FE,FF,00,00,
762000,000002C4,false,Rx,0,8,09,20,00,00,F4,02,00,00,
762000,000002C5,false,Rx,0,8,00,00,00,00,00,00,00,00,
762000,000002C6,false,Rx,0,8,32,00,7C,01,00,00,00,00,
791000,00000625,false,Rx,0,8,25,00,59,86,01,54,5C,06,
846000,0000060D,false,Rx,0,8,0D,10,83,B6,09,20,70,00,
891000,00000625,false,Rx,0,8,25,00,59,86,01,54,5C,06,
946000,0000060D,false,Rx,0,8,0D,10,83,B6,09,20,70,00,
956000,00000054,false,Rx,0,8,01,05,EF,00,F4,02,00,00,
956000,00000055,false,Rx,0,8,10,27,00,00,00,00,00,00,
957000,00000056,false,Rx,0,8,10,27,00,00,00,00,00,00,
957000,00000057,false,Rx,0,8,00,00,FE,FF,FE,FF,00,00,
982000,000002C4,false,Rx,0,8,09,20,00,00,F4,02,00,00,
982000,000002C5,false,Rx,0,8,00,00,00,00,00,00,00,00,
982000,000002C6,false,Rx,0,8,32,00,7C,01,00,00,00,00,
991000,00000625,false,Rx,0,8,25,00,59,86,01,54,5C,06,
47000,0000060D,false,Rx,0,8,0D,10,83,B6,09,20,70,00,
91000,00000625,false,Rx,0,8,25,00,59,86,01,54,5C,06,
147000,0000060D,false,Rx,0,8,0D,10,83,B6,09,20,70,00,
0,00000054,false,Rx,0,8,01,05,EF,00,F4,02,00,00,
0,00000055,false,Rx,0,8,10,27,00,00,00,00,00,00,
0,00000056,false,Rx,0,8,10,27,00,00,00,00,00,00,
0,00000057,false,Rx,0,8,00,00,FE,FF,FE,FF,00,00,
190000,00000625,false,Rx,0,8,25,00,59,86,01,54,5C,06,
201000,000002C4,false,Rx,0,8,09,20,00,00,F4,02,00,00,
201000,000002C5,false,Rx,0,8,00,00,00,00,00,00,00,00,
202000,000002C6,false,Rx,0,8,32,00,7C,01,00,00,00,00,
246000,0000060D,false,Rx,0,8,0D,10,83,B6,09,20,70,00,
291000,00000625,false,Rx,0,8,25,00,59,86,01,54,5C,06,
346000,0000060D,false,Rx,0,8,0D,10,83,B6,09,20,70,00,
357000,00000054,false,Rx,0,8,01,05,EF,00,F4,02,00,00,
357000,00000055,false,Rx,0,8,10,27,00,00,00,00,00,00,
357000,00000056,false,Rx,0,8,10,27,00,00,00,00,00,00,
357000,00000057,false,Rx,0,8,00,00,FE,FF,FE,FF,00,00,
391000,00000625,false,Rx,0,8,25,00,59,86,01,54,5C,06,
0,000002C4,false,Rx,0,8,09,20,00,00,F4,02,00,00,
0,000002C5,false,Rx,0,8,00,00,00,00,00,00,00,00,
422000,000002C6,false,Rx,0,8,32,00,7C,01,00,00,00,00,
447000,0000060D,false,Rx,0,8,0D,10,83,B6,09,20,70,00,
490000,00000625,false,Rx,0,8,25,00,59,86,01,54,5C,06,
547000,0000060D,false,Rx,0,8,0D,10,83,B6,09,20,70,00,
557000,00000054,false,Rx,0,8,01,05,EF,00,F4,02,00,00,
557000,00000055,false,Rx,0,8,10,27,00,00,00,00,00,00,
0,00000056,false,Rx,0,8,10,27,00,00,00,00,00,00,
0,00000057,false,Rx,0,8,00,00,FE,FF,FE,FF,00,00,
591000,00000625,false,Rx,0,8,25,00,59,86,01,54,5C,06,
0,000002C4,false,Rx,0,8,09,20,00,00,F4,02,00,00,
0,000002C5,false,Rx,0,8,00,00,00,00,00,00,00,00,
642000,000002C6,false,Rx,0,8,32,00,7C,01,00,00,00,00,
646000,0000060D,false,Rx,0,8,0D,10,83,B6,09,20,70,00,
691000,00000625,false,Rx,0,8,25,00,59,86,01,54,5C,06,
746000,0000060D,false,Rx,0,8,0D,10,83,B6,09,20,70,00,
756000,00000054,false,Rx,0,8,01,05,EF,00,F4,02,00,00,
756000,00000055,false,Rx,0,8,10,27,00,00,00,00,00,00,
757000,00000056,false,Rx,0,8,10,27,00,00,00,00,00,00,
757000,00000057,false,Rx,0,8,00,00,FE,FF,FE,FF,00,00,
790000,00000625,false,Rx,0,8,25,00,59,86,01,54,5C,06,
846000,0000060D,false,Rx,0,8,0D,10,83,B6,09,20,70,00,
0,000002C4,false,Rx,0,8,09,20,00,00,F4,02,00,00,
0,000002C5,false,Rx,0,8,00,00,00,00,00,00,00,00,
0,000002C6,false,Rx,0,8,32,00,7C,01,00,00,00,00,
890000,00000625,false,Rx,0,8,25,00,59,86,01,54,5C,06,
947000,0000060D,false,Rx,0,8,0D,10,83,B6,09,20,70,00,
956000,00000054,false,Rx,0,8,01,05,EF,00,F4,02,00,00,
956000,00000055,false,Rx,0,8,10,27,00,00,00,00,00,00,
957000,00000056,false,Rx,0,8,10,27,00,00,00,00,00,00,
957000,00000057,false,Rx,0,8,00,00,FE,FF,FE,FF,00,00,
990000,00000625,false,Rx,0,8,25,00,59,86,01,54,5C,06,
46000,0000060D,false,Rx,0,8,0D,10,83,B6,09,20,70,00,
82000,000002C4,false,Rx,0,8,09,20,00,00,F4,02,00,00,
82000,000002C5,false,Rx,0,8,00,00,00,00,00,00,00,00,
82000,000002C6,false,Rx,0,8,32,00,7C,01,00,00,00,00,
90000,00000625,false,Rx,0,8,25,00,59,86,01,54,5C,06,
147000,0000060D,false,Rx,0,8,0D,10,83,B6,09,20,70,00,
0,00000054,false,Rx,0,8,01,05,EF,00,F4,02,00,00,
0,00000055,false,Rx,0,8,10,27,00,00,00,00,00,00,
156000,00000056,false,Rx,0,8,10,27,00,00,00,00,00,00,
157000,00000057,false,Rx,0,8,00,00,FE,FF,FE,FF,00,00,
191000,00000625,false,Rx,0,8,25,00,59,86,01,54,5C,06,
246000,0000060D,false,Rx,0,8,0D,10,83,B6,09,20,70,00,
290000,00000625,false,Rx,0,8,25,00,59,86,01,54,5C,06,
301000,000002C4,false,Rx,0,8,09,20,00,00,F4,02,00,00,
301000,000002C5,false,Rx,0,8,00,00,00,00,00,00,00,00,
302000,000002C6,false,Rx,0,8,32,00,7C,01,00,00,00,00,
347000,0000060D,false,Rx,0,8,0D,10,83,B6,09,20,70,00,
356000,00000054,false,Rx,0,8,01,05,EF,00,F4,02,00,00,
356000,00000055,false,Rx,0,8,10,27,00,00,00,00,00,00,
357000,00000056,false,Rx,0,8,10,27,00,00,00,00,00,00,
357000,00000057,false,Rx,0,8,00,00,FE,FF,FE,FF,00,00,
391000,00000625,false,Rx,0,8,25,00,59,86,01,54,5C,06,
446000,0000060D,false,Rx,0,8,0D,10,83,B6,09,20,70,00,
491000,00000625,false,Rx,0,8,25,00,59,86,01,54,5C,06,
522000,000002C4,false,Rx,0,8,09,20,00,00,F4,02,00,00,
522000,000002C5,false,Rx,0,8,00,00,00,00,00,00,00,00,
522000,000002C6,false,Rx,0,8,32,00,7C,01,00,00,00,00,
547000,0000060D,false,Rx,0,8,0D,10,83,B6,09,20,70,00,
556000,00000054,false,Rx,0,8,01,05,EF,00,F4,02,00,00,
557000,00000055,false,Rx,0,8,10,27,00,00,00,00,00,00,
557000,00000056,false,Rx,0,8,10,27,00,00,00,00,00,00,
557000,00000057,false,Rx,0,8,00,00,FE,FF,FE,FF,00,00,
590000,00000625,false,Rx,0,8,25,00,59,86,01,54,5C,06,
646000,0000060D,false,Rx,0,8,0D,10,83,B6,09,20,70,00,
690000,00000625,false,Rx,0,8,25,00,59,86,01,54,5C,06,
741000,000002C4,false,Rx,0,8,09,20,00,00,F4,02,00,00,
741000,000002C5,false,Rx,0,8,00,00,00,00,00,00,00,00,
742000,000002C6,false,Rx,0,8,32,00,7C,01,00,00,00,00,
746000,0000060D,false,Rx,0,8,0D,10,83,B6,09,20,70,00,
757000,00000054,false,Rx,0,8,01,05,EF,00,F4,02,00,00,
757000,00000055,false,Rx,0,8,10,27,00,00,00,00,00,00,
757000,00000056,false,Rx,0,8,10,27,00,00,00,00,00,00,
758000,00000057,false,Rx,0,8,00,00,FE,FF,FE,FF,00,00,
791000,00000625,false,Rx,0,8,25,00,59,86,01,54,5C,06,
846000,0000060D,false,Rx,0,8,0D,10,83,B6,09,20,70,00,
891000,00000625,false,Rx,0,8,25,00,59,86,01,54,5C,06,
947000,0000060D,false,Rx,0,8,0D,10,83,B6,09,20,70,00,
0,00000054,false,Rx,0,8,01,05,EF,00,F4,02,00,00,
0,00000055,false,Rx,0,8,10,27,00,00,00,00,00,00,
957000,00000056,false,Rx,0,8,10,27,00,00,00,00,00,00,
958000,00000057,false,Rx,0,8,00,00,FE,FF,FE,FF,00,00,
962000,000002C4,false,Rx,0,8,09,20,00,00,F4,02,00,00,
962000,000002C5,false,Rx,0,8,00,00,00,00,00,00,00,00,
962000,000002C6,false,Rx,0,8,32,00,7C,01,00,00,00,00,
990000,00000625,false,Rx,0,8,25,00,59,86,01,54,5C,06,
47000,0000060D,false,Rx,0,8,0D,10,83,B6,09,20,70,00,
91000,00000625,false,Rx,0,8,25,00,59,86,01,54,5C,06,
146000,0000060D,false,Rx,0,8,0D,10,83,B6,09,20,70,00,
0,00000054,false,Rx,0,8,01,05,EF,00,F4,02,00,00,
0,00000055,false,Rx,0,8,10,27,00,00,00,00,00,00,
0,00000056,false,Rx,0,8,10,27,00,00,00,00,00,00,
0,00000057,false,Rx,0,8,00,00,FE,FF,FE,FF,00,00,
182000,000002C4,false,Rx,0,8,09,20,00,00,F4,02,00,00,
182000,000002C5,false,Rx,0,8,00,00,00,00,00,00,00,00,
182000,000002C6,false,Rx,0,8,32,00,7C,01,00,00,00,00,
191000,00000625,false,Rx,0,8,25,00,59,86,01,54,5C,06,
246000,0000060D,false,Rx,0,8,0D,10,83,B6,09,20,70,00,
290000,00000625,false,Rx,0,8,25,00,59,86,01,54,5C,06,
347000,0000060D,false,Rx,0,8,0D,10,83,B6,09,20,70,00,
357000,00000054,false,Rx,0,8,01,05,EF,00,F4,02,00,00,
357000,00000055,false,Rx,0,8,10,27,00,00,00,00,00,00,
357000,00000056,false,Rx,0,8,10,27,00,00,00,00,00,00,
358000,00000057,false,Rx,0,8,00,00,FE,FF,FE,FF,00,00,
390000,00000625,false,Rx,0,8,25,00,59,86,01,54,5C,06,
401000,000002C4,false,Rx,0,8,09,20,00,00,F4,02,00,00,
402000,000002C5,false,Rx,0,8,00,00,00,00,00,00,00,00,
402000,000002C6,false,Rx,0,8,32,00,7C,01,00,00,00,00,
446000,0000060D,false,Rx,0,8,0D,10,83,B6,09,20,70,00,
489000,00000625,false,Rx,0,8,25,00,59,86,01,54,5C,06,
547000,0000060D,false,Rx,0,8,0D,10,83,B6,09,20,70,00,
556000,00000054,false,Rx,0,8,01,05,EF,00,F4,02,00,00,
557000,00000055,false,Rx,0,8,10,27,00,00,00,00,00,00,
557000,00000056,false,Rx,0,8,10,27,00,00,00,00,00,00,
557000,00000057,false,Rx,0,8,00,00,FE,FF,FE,FF,00,00,
590000,00000625,false,Rx,0,8,25,00,59,86,01,54,5C,06,
622000,000002C4,false,Rx,0,8,09,20,00,00,F4,02,00,00,
622000,000002C5,false,Rx,0,8,00,00,00,00,00,00,00,00,
622000,000002C6,false,Rx,0,8,32,00,7C,01,00,00,00,00,
646000,0000060D,false,Rx,0,8,0D,10,83,B6,09,20,70,00,
691000,00000625,false,Rx,0,8,25,00,59,86,01,54,5C,06,
746000,0000060D,false,Rx,0,8,0D,10,83,B6,09,20,70,00,
757000,00000054,false,Rx,0,8,01,05,EF,00,F4,02,00,00,
757000,00000055,false,Rx,0,8,10,27,00,00,00,00,00,00,
757000,00000056,false,Rx,0,8,10,27,00,00,00,00,00,00,
758000,00000057,false,Rx,0,8,00,00,FE,FF,FE,FF,00,00,
790000,00000625,false,Rx,0,8,25,00,59,86,01,54,5C,06,
842000,000002C4,false,Rx,0,8,09,20,00,00,F4,02,00,00,
842000,000002C5,false,Rx,0,8,00,00,00,00,00,00,00,00,
842000,000002C6,false,Rx,0,8,32,00,7C,01,00,00,00,00,
846000,0000060D,false,Rx,0,8,0D,10,83,B6,09,20,70,00,
891000,00000625,false,Rx,0,8,25,00,59,86,01,54,5C,06,
947000,0000060D,false,Rx,0,8,0D,10,83,B6,09,20,70,00,
957000,00000054,false,Rx,0,8,01,05,EF,00,F4,02,00,00,
957000,00000055,false,Rx,0,8,10,27,00,00,00,00,00,00,
957000,00000056,false,Rx,0,8,10,27,00,00,00,00,00,00,
957000,00000057,false,Rx,0,8,00,00,FE,FF,FE,FF,00,00,
991000,00000625,false,Rx,0,8,25,00,59,86,01,54,5C,06,
47000,0000060D,false,Rx,0,8,0D,10,83,B6,09,20,70,00,
61000,000002C4,false,Rx,0,8,09,20,00,00,F4,02,00,00,
61000,000002C5,false,Rx,0,8,00,00,00,00,00,00,00,00,
61000,000002C6,false,Rx,0,8,32,00,7C,01,00,00,00,00,
90000,00000625,false,Rx,0,8,25,00,59,86,01,54,5C,06,
146000,0000060D,false,Rx,0,8,0D,10,83,B6,09,20,70,00,
0,00000054,false,Rx,0,8,01,05,EF,00,F4,02,00,00,
0,00000055,false,Rx,0,8,10,27,00,00,00,00,00,00,
0,00000056,false,Rx,0,8,10,27,00,00,00,00,00,00,
0,00000057,false,Rx,0,8,00,00,FE,FF,FE,FF,00,00,
190000,00000625,false,Rx,0,8,25,00,59,86,01,54,5C,06,
246000,0000060D,false,Rx,0,8,0D,10,83,B6,09,20,70,00,
0,000002C4,false,Rx,0,8,09,20,00,00,F4,02,00,00,
0,000002C5,false,Rx,0,8,00,00,00,00,00,00,00,00,
0,000002C6,false,Rx,0,8,32,00,7C,01,00,00,00,00,
291000,00000625,false,Rx,0,8,25,00,59,86,01,54,5C,06,
346000,0000060D,false,Rx,0,8,0D,10,83,B6,09,20,70,00,
357000,00000054,false,Rx,0,8,01,05,EF,00,F4,02,00,00,
357000,00000055,false,Rx,0,8,10,27,00,00,00,00,00,00,
357000,00000056,false,Rx,0,8,10,27,00,00,00,00,00,00,
357000,00000057,false,Rx,0,8,00,00,FE,FF,FE,FF,00,00,
391000,00000625,false,Rx,0,8,25,00,59,86,01,54,5C,06,
447000,0000060D,false,Rx,0,8,0D,10,83,B6,09,20,70,00,
490000,00000625,false,Rx,0,8,25,00,59,86,01,54,5C,06,
0,000002C4,false,Rx,0,8,09,20,00,00,F4,02,00,00,
0,000002C5,false,Rx,0,8,00,00,00,00,00,00,00,00,
0,000002C6,false,Rx,0,8,32,00,7C,01,00,00,00,00,
547000,0000060D,false,Rx,0,8,0D,10,83,B6,09,20,70,00,
557000,00000054,false,Rx,0,8,01,05,EF,00,F4,02,00,00,
557000,00000055,false,Rx,0,8,10,27,00,00,00,00,00,00,
557000,00000056,false,Rx,0,8,10,27,00,00,00,00,00,00,
558000,00000057,false,Rx,0,8,00,00,FE,FF,FE,FF,00,00,
591000,00000625,false,Rx,0,8,25,00,59,86,01,54,5C,06,
646000,0000060D,false,Rx,0,8,0D,10,83,B6,09,20,70,00,
691000,00000625,false,Rx,0,8,25,00,59,86,01,54,5C,06,
722000,000002C4,false,Rx,0,8,09,20,00,00,F4,02,00,00,
0,000002C5,false,Rx,0,8,00,00,00,00,00,00,00,00,
0,000002C6,false,Rx,0,8,32,00,7C,01,00,00,00,00,
746000,0000060D,false,Rx,0,8,0D,10,83,B6,09,20,70,00,
757000,00000054,false,Rx,0,8,01,05,EF,00,F4,02,00,00,
757000,00000055,false,Rx,0,8,10,27,00,00,00,00,00,00,
757000,00000056,false,Rx,0,8,10,27,00,00,00,00,00,00,
758000,00000057,false,Rx,0,8,00,00,FE,FF,FE,FF,00,00,
790000,00000625,false,Rx,0,8,25,00,59,86,01,54,5C,06,
846000,0000060D,false,Rx,0,8,0D,10,83,B6,09,20,70,00,
891000,00000625,false,Rx,0,8,25,00,59,86,01,54,5C,06,
942000,000002C4,false,Rx,0,8,09,20,00,00,F4,02,00,00,
942000,000002C5,false,Rx,0,8,00,00,00,00,00,00,00,00,
942000,000002C6,false,Rx,0,8,32,00,7C,01,00,00,00,00,
947000,0000060D,false,Rx,0,8,0D,10,83,B6,09,20,70,00,
957000,00000054,false,Rx,0,8,01,05,EF,00,F4,02,00,00,
957000,00000055,false,Rx,0,8,10,27,00,00,00,00,00,00,
958000,00000056,false,Rx,0,8,10,27,00,00,00,00,00,00,
958000,00000057,false,Rx,0,8,00,00,FE,FF,FE,FF,00,00,
991000,00000625,false,Rx,0,8,25,00,59,86,01,54,5C,06,
46000,0000060D,false,Rx,0,8,0D,10,83,B6,09,20,70,00,
90000,00000625,false,Rx,0,8,25,00,59,86,01,54,5C,06,
147000,0000060D,false,Rx,0,8,0D,10,83,B6,09,20,70,00,
0,00000054,false,Rx,0,8,01,05,EF,00,F4,02,00,00,
0,00000055,false,Rx,0,8,10,27,00,00,00,00,00,00,
157000,00000056,false,Rx,0,8,10,27,00,00,00,00,00,00,
157000,00000057,false,Rx,0,8,00,00,FE,FF,FE,FF,00,00,
161000,000002C4,false,Rx,0,8,09,20,00,00,F4,02,00,00,
161000,000002C5,false,Rx,0,8,00,00,00,00,00,00,00,00,
162000,000002C6,false,Rx,0,8,32,00,7C,01,00,00,00,00,
191000,00000625,false,Rx,0,8,25,00,59,86,01,54,5C,06,
246000,0000060D,false,Rx,0,8,0D,10,83,B6,09,20,70,00,
290000,00000625,false,Rx,0,8,25,00,59,86,01,54,5C,06,
346000,0000060D,false,Rx,0,8,0D,10,83,B6,09,20,70,00,
356000,00000054,false,Rx,0,8,01,05,EF,00,F4,02,00,00,
356000,00000055,false,Rx,0,8,10,27,00,00,00,00,00,00,
356000,00000056,false,Rx,0,8,10,27,00,00,00,00,00,00,
357000,00000057,false,Rx,0,8,00,00,FE,FF,FE,FF,00,00,
0,000002C4,false,Rx,0,8,09,20,00,00,F4,02,00,00,
0,000002C5,false,Rx,0,8,00,00,00,00,00,00,00,00,
383000,000002C6,false,Rx,0,8,32,00,7C,01,00,00,00,00,
390000,00000625,false,Rx,0,8,25,00,59,86,01,54,5C,06,
446000,0000060D,false,Rx,0,8,0D,10,83,B6,09,20,70,00,
491000,00000625,false,Rx,0,8,25,00,59,86,01,54,5C,06,
547000,0000060D,false,Rx,0,8,0D,10,83,B6,09,20,70,00,
556000,00000054,false,Rx,0,8,01,05,EF,00,F4,02,00,00,
556000,00000055,false,Rx,0,8,10,27,00,00,00,00,00,00,
556000,00000056,false,Rx,0,8,10,27,00,00,00,00,00,00,
557000,00000057,false,Rx,0,8,00,00,FE,FF,FE,FF,00,00,
590000,00000625,false,Rx,0,8,25,00,59,86,01,54,5C,06,
602000,000002C4,false,Rx,0,8,09,20,00,00,F4,02,00,00,
602000,000002C5,false,Rx,0,8,00,00,00,00,00,00,00,00,
602000,000002C6,false,Rx,0,8,32,00,7C,01,00,00,00,00,
646000,0000060D,false,Rx,0,8,0D,10,83,B6,09,20,70,00,
690000,00000625,false,Rx,0,8,25,00,59,86,01,54,5C,06,
747000,0000060D,false,Rx,0,8,0D,10,83,B6,09,20,70,00,
757000,00000054,false,Rx,0,8,01,05,EF,00,F4,02,00,00,
0,00000055,false,Rx,0,8,10,27,00,00,00,00,00,00,
0,00000056,false,Rx,0,8,10,27,00,00,00,00,00,00,
0,00000057,false,Rx,0,8,00,00,FE,FF,FE,FF,00,00,
790000,00000625,false,Rx,0,8,25,00,59,86,01,54,5C,06,
822000,000002C4,false,Rx,0,8,09,20,00,00,F4,02,00,00,
822000,000002C5,false,Rx,0,8,00,00,00,00,00,00,00,00,
822000,000002C6,false,Rx,0,8,32,00,7C,01,00,00,00,00,
847000,0000060D,false,Rx,0,8,0D,10,83,B6,09,20,70,00,
890000,00000625,false,Rx,0,8,25,00,59,86,01,54,5C,06,
947000,0000060D,false,Rx,0,8,0D,10,83,B6,09,20,70,00,
956000,00000054,false,Rx,0,8,01,05,EF,00,F4,02,00,00,
956000,00000055,false,Rx,0,8,10,27,00,00,00,00,00,00,
0,00000056,false,Rx,0,8,10,27,00,00,00,00,00,00,
0,00000057,false,Rx,0,8,00,00,FE,FF,FE,FF,00,00,
990000,00000625,false,Rx,0,8,25,00,59,86,01,54,5C,06,
42000,000002C4,false,Rx,0,8,09,20,00,00,F4,02,00,00,
42000,000002C5,false,Rx,0,8,00,00,00,00,00,00,00,00,
42000,000002C6,false,Rx,0,8,32,00,7C,01,00,00,00,00,
46000,0000060D,false,Rx,0,8,0D,10,83,B6,09,20,70,00,
90000,00000625,false,Rx,0,8,25,00,59,86,01,54,5C,06,
147000,0000060D,false,Rx,0,8,0D,10,83,B6,09,20,70,00,
0,00000054,false,Rx,0,8,01,05,EF,00,F4,02,00,00,
0,00000055,false,Rx,0,8,10,27,00,00,00,00,00,00,
0,00000056,false,Rx,0,8,10,27,00,00,00,00,00,00,
158000,00000057,false,Rx,0,8,00,00,FE,FF,FE,FF,00,00,
191000,00000625,false,Rx,0,8,25,00,59,86,01,54,5C,06,
247000,0000060D,false,Rx,0,8,0D,10,83,B6,09,20,70,00,
261000,000002C4,false,Rx,0,8,09,20,00,00,F4,02,00,00,
261000,000002C5,false,Rx,0,8,00,00,00,00,00,00,00,00,
262000,000002C6,false,Rx,0,8,32,00,7C,01,00,00,00,00,
291000,00000625,false,Rx,0,8,25,00,59,86,01,54,5C,06,
346000,0000060D,false,Rx,0,8,0D,10,83,B6,09,20,70,00,
356000,00000054,false,Rx,0,8,01,05,EF,00,F4,02,00,00,
357000,00000055,false,Rx,0,8,10,27,00,00,00,00,00,00,
357000,00000056,false,Rx,0,8,10,27,00,00,00,00,00,00,
358000,00000057,false,Rx,0,8,00,00,FE,FF,FE,FF,00,00,
391000,00000625,false,Rx,0,8,25,00,59,86,01,54,5C,06,
446000,0000060D,false,Rx,0,8,0D,10,83,B6,09,20,70,00,
481000,000002C4,false,Rx,0,8,09,20,00,00,F4,02,00,00,
481000,000002C5,false,Rx,0,8,00,00,00,00,00,00,00,00,
482000,000002C6,false,Rx,0,8,32,00,7C,01,00,00,00,00,
491000,00000625,false,Rx,0,8,25,00,59,86,01,54,5C,06,
547000,0000060D,false,Rx,0,8,0D,10,83,B6,09,20,70,00,
557000,00000054,false,Rx,0,8,01,05,EF,00,F4,02,00,00,
557000,00000055,false,Rx,0,8,10,27,00,00,00,00,00,00,
0,00000056,false,Rx,0,8,10,27,00,00,00,00,00,00,
0,00000057,false,Rx,0,8,00,00,FE,FF,FE,FF,00,00,
590000,00000625,false,Rx,0,8,25,00,59,86,01,54,5C,06,
646000,0000060D,false,Rx,0,8,0D,10,83,B6,09,20,70,00,
690000,00000625,false,Rx,0,8,25,00,59,86,01,54,5C,06,
702000,000002C4,false,Rx,0,8,09,20,00,00,F4,02,00,00,
0,000002C5,false,Rx,0,8,00,00,00,00,00,00,00,00,
0,000002C6,false,Rx,0,8,32,00,7C,01,00,00,00,00,
746000,0000060D,false,Rx,0,8,0D,10,83,B6,09,20,70,00,
757000,00000054,false,Rx,0,8,01,05,EF,00,F4,02,00,00,
757000,00000055,false,Rx,0,8,10,27,00,00,00,00,00,00,
757000,00000056,false,Rx,0,8,10,27,00,00,00,00,00,00,
758000,00000057,false,Rx,0,8,00,00,FE,FF,FE,FF,00,00,
790000,00000625,false,Rx,0,8,25,00,59,86,01,54,5C,06,
847000,0000060D,false,Rx,0,8,0D,10,83,B6,09,20,70,00,
890000,00000625,false,Rx,0,8,25,00,59,86,01,54,5C,06,
0,000002C4,false,Rx,0,8,09,20,00,00,F4,02,00,00,
0,000002C5,false,Rx,0,8,00,00,00,00,00,00,00,00,
922000,000002C6,false,Rx,0,8,32,00,7C,01,00,00,00,00,
947000,0000060D,false,Rx,0,8,0D,10,83,B6,09,20,70,00,
956000,00000054,false,Rx,0,8,01,05,EF,00,F4,02,00,00,
956000,00000055,false,Rx,0,8,10,27,00,00,00,00,00,00,
957000,00000056,false,Rx,0,8,10,27,00,00,00,00,00,00,
957000,00000057,false,Rx,0,8,00,00,FE,FF,FE,FF,00,00,
991000,00000625,false,Rx,0,8,25,00,59,86,01,54,5C,06,
46000,0000060D,false,Rx,0,8,0D,10,83,B6,09,20,70,00,
90000,00000625,false,Rx,0,8,25,00,59,86,01,54,5C,06,
0,000002C4,false,Rx,0,8,09,20,00,00,F4,02,00,00,
0,000002C5,false,Rx,0,8,00,00,00,00,00,00,00,00,
142000,000002C6,false,Rx,0,8,32,00,7C,01,00,00,00,00,
147000,0000060D,false,Rx,0,8,0D,10,83,B6,09,20,70,00,
0,00000054,false,Rx,0,8,01,05,EF,00,F4,02,00,00,
0,00000055,false,Rx,0,8,10,27,00,00,00,00,00,00,
0,00000056,false,Rx,0,8,10,27,00,00,00,00,00,00,
0,00000057,false,Rx,0,8,00,00,FE,FF,FE,FF,00,00,
190000,00000625,false,Rx,0,8,25,00,59,86,01,54,5C,06,
246000,0000060D,false,Rx,0,8,0D,10,83,B6,09,20,70,00,
291000,00000625,false,Rx,0,8,25,00,59,86,01,54,5C,06,
347000,0000060D,false,Rx,0,8,0D,10,83,B6,09,20,70,00,
357000,00000054,false,Rx,0,8,01,05,EF,00,F4,02,00,00,
357000,00000055,false,Rx,0,8,10,27,00,00,00,00,00,00,
357000,00000056,false,Rx,0,8,10,27,00,00,00,00,00,00,
358000,00000057,false,Rx,0,8,00,00,FE,FF,FE,FF,00,00,
361000,000002C4,false,Rx,0,8,09,20,00,00,F4,02,00,00,
362000,000002C5,false,Rx,0,8,00,00,00,00,00,00,00,00,
362000,000002C6,false,Rx,0,8,32,00,7C,01,00,00,00,00,
392000,00000625,false,Rx,0,8,25,00,59,86,01,54,5C,06,
447000,0000060D,false,Rx,0,8,0D,10,83,B6,09,20,70,00,
490000,00000625,false,Rx,0,8,25,00,59,86,01,54,5C,06,
546000,0000060D,false,Rx,0,8,0D,10,83,B6,09,20,70,00,
557000,00000054,false,Rx,0,8,01,05,EF,00,F4,02,00,00,
557000,00000055,false,Rx,0,8,10,27,00,00,00,00,00,00,
557000,00000056,false,Rx,0,8,10,27,00,00,00,00,00,00,
557000,00000057,false,Rx,0,8,00,00,FE,FF,FE,FF,00,00,
581000,000002C4,false,Rx,0,8,09,20,00,00,F4,02,00,00,
581000,000002C5,false,Rx,0,8,00,00,00,00,00,00,00,00,
582000,000002C6,false,Rx,0,8,32,00,7C,01,00,00,00,00,
590000,00000625,false,Rx,0,8,25,00,59,86,01,54,5C,06,
647000,0000060D,false,Rx,0,8,0D,10,83,B6,09,20,70,00,
690000,00000625,false,Rx,0,8,25,00,59,86,01,54,5C,06,
747000,0000060D,false,Rx,0,8,0D,10,83,B6,09,20,70,00,
757000,00000054,false,Rx,0,8,01,05,EF,00,F4,02,00,00,
757000,00000055,false,Rx,0,8,10,27,00,00,00,00,00,00,
757000,00000056,false,Rx,0,8,10,27,00,00,00,00,00,00,
757000,00000057,false,Rx,0,8,00,00,FE,FF,FE,FF,00,00,
790000,00000625,false,Rx,0,8,25,00,59,86,01,54,5C,06,
801000,000002C4,false,Rx,0,8,09,20,00,00,F4,02,00,00,
801000,000002C5,false,Rx,0,8,00,00,00,00,00,00,00,00,
801000,000002C6,false,Rx,0,8,32,00,7C,01,00,00,00,00,
847000,0000060D,false,Rx,0,8,0D,10,83,B6,09,20,70,00,
891000,00000625,false,Rx,0,8,25,00,59,86,01,54,5C,06,
947000,0000060D,false,Rx,0,8,0D,10,83,B6,09,20,70,00,
956000,00000054,false,Rx,0,8,01,05,EF,00,F4,02,00,00,
956000,00000055,false,Rx,0,8,10,27,00,00,00,00,00,00,
957000,00000056,false,Rx,0,8,10,27,00,00,00,00,00,00,
957000,00000057,false,Rx,0,8,00,00,FE,FF,FE,FF,00,00,
990000,00000625,false,Rx,0,8,25,00,59,86,01,54,5C,06,
21000,000002C4,false,Rx,0,8,09,20,00,00,F4,02,00,00,
21000,000002C5,false,Rx,0,8,00,00,00,00,00,00,00,00,
22000,000002C6,false,Rx,0,8,32,00,7C,01,00,00,00,00,
47000,0000060D,false,Rx,0,8,0D,10,83,B6,09,20,70,00,
90000,00000625,false,Rx,0,8,25,00,59,86,01,54,5C,06,
147000,0000060D,false,Rx,0,8,0D,10,83,B6,09,20,70,00,
0,00000054,false,Rx,0,8,01,05,EF,00,F4,02,00,00,
0,00000055,false,Rx,0,8,10,27,00,00,00,00,00,00,
0,00000056,false,Rx,0,8,10,27,00,00,00,00,00,00,
0,00000057,false,Rx,0,8,00,00,FE,FF,FE,FF,00,00,
190000,00000625,false,Rx,0,8,25,00,59,86,01,54,5C,06,
241000,000002C4,false,Rx,0,8,09,20,00,00,F4,02,00,00,
241000,000002C5,false,Rx,0,8,00,00,00,00,00,00,00,00,
242000,000002C6,false,Rx,0,8,32,00,7C,01,00,00,00,00,
247000,0000060D,false,Rx,0,8,0D,10,83,B6,09,20,70,00,
290000,00000625,false,Rx,0,8,25,00,59,86,01,54,5C,06,
347000,0000060D,false,Rx,0,8,0D,10,83,B6,09,20,70,00,
356000,00000054,false,Rx,0,8,01,05,EF,00,F4,02,00,00,
356000,00000055,false,Rx,0,8,10,27,00,00,00,00,00,00,
357000,00000056,false,Rx,0,8,10,27,00,00,00,00,00,00,
357000,00000057,false,Rx,0,8,00,00,FE,FF,FE,FF,00,00,
391000,00000625,false,Rx,0,8,25,00,59,86,01,54,5C,06,
446000,0000060D,false,Rx,0,8,0D,10,83,B6,09,20,70,00,
462000,000002C4,false,Rx,0,8,09,20,00,00,F4,02,00,00,
462000,000002C5,false,Rx,0,8,00,00,00,00,00,00,00,00,
462000,000002C6,false,Rx,0,8,32,00,7C,01,00,00,00,00,
490000,00000625,false,Rx,0,8,25,00,59,86,01,54,5C,06,
548000,0000060D,false,Rx,0,8,0D,10,83,B6,09,20,70,00,
556000,00000054,false,Rx,0,8,01,05,EF,00,F4,02,00,00,
556000,00000055,false,Rx,0,8,10,27,00,00,00,00,00,00,
557000,00000056,false,Rx,0,8,10,27,00,00,00,00,00,00,
557000,00000057,false,Rx,0,8,00,00,FE,FF,FE,FF,00,00,
590000,00000625,false,Rx,0,8,25,00,59,86,01,54,5C,06,
647000,0000060D,false,Rx,0,8,0D,10,83,B6,09,20,70,00,
681000,000002C4,false,Rx,0,8,09,20,00,00,F4,02,00,00,
682000,000002C5,false,Rx,0,8,00,00,00,00,00,00,00,00,
682000,000002C6,false,Rx,0,8,32,00,7C,01,00,00,00,00,
691000,00000625,false,Rx,0,8,25,00,59,86,01,54,5C,06,
747000,0000060D,false,Rx,0,8,0D,10,83,B6,09,20,70,00,
756000,00000054,false,Rx,0,8,01,05,EF,00,F4,02,00,00,
756000,00000055,false,Rx,0,8,10,27,00,00,00,00,00,00,
757000,00000056,false,Rx,0,8,10,27,00,00,00,00,00,00,
757000,00000057,false,Rx,0,8,00,00,FE,FF,FE,FF,00,00,
790000,00000625,false,Rx,0,8,25,00,59,86,01,54,5C,06,
847000,0000060D,false,Rx,0,8,0D,10,83,B6,09,20,70,00,
891000,00000625,false,Rx,0,8,25,00,59,86,01,54,5C,06,
902000,000002C4,false,Rx,0,8,09,20,00,00,F4,02,00,00,
902000,000002C5,false,Rx,0,8,00,00,00,00,00,00,00,00,
902000,000002C6,false,Rx,0,8,32,00,7C,01,00,00,00,00,
946000,0000060D,false,Rx,0,8,0D,10,83,B6,09,20,70,00,
957000,00000054,false,Rx,0,8,01,05,EF,00,F4,02,00,00,
957000,00000055,false,Rx,0,8,10,27,00,00,00,00,00,00,
957000,00000056,false,Rx,0,8,10,27,00,00,00,00,00,00,
957000,00000057,false,Rx,0,8,00,00,FE,FF,FE,FF,00,00,
990000,00000625,false,Rx,0,8,25,00,59,86,01,54,5C,06,
47000,0000060D,false,Rx,0,8,0D,10,83,B6,09,20,70,00,
91000,00000625,false,Rx,0,8,25,00,59,86,01,54,5C,06,
121000,000002C4,false,Rx,0,8,09,20,00,00,F4,02,00,00,
122000,000002C5,false,Rx,0,8,00,00,00,00,00,00,00,00,
122000,000002C6,false,Rx,0,8,32,00,7C,01,00,00,00,00,
146000,0000060D,false,Rx,0,8,0D,10,83,B6,09,20,70,00,
0,00000054,false,Rx,0,8,01,05,EF,00,F4,02,00,00,
0,00000055,false,Rx,0,8,10,27,00,00,00,00,00,00,
0,00000056,false,Rx,0,8,10,27,00,00,00,00,00,00,
0,00000057,false,Rx,0,8,00,00,FE,FF,FE,FF,00,00,
190000,00000625,false,Rx,0,8,25,00,59,86,01,54,5C,06,
247000,0000060D,false,Rx,0,8,0D,10,83,B6,09,20,70,00,
291000,00000625,false,Rx,0,8,25,00,59,86,01,54,5C,06,
342000,000002C4,false,Rx,0,8,09,20,00,00,F4,02,00,00,
342000,000002C5,false,Rx,0,8,00,00,00,00,00,00,00,00,
342000,000002C6,false,Rx,0,8,32,00,7C,01,00,00,00,00,
346000,0000060D,false,Rx,0,8,0D,10,83,B6,09,20,70,00,
357000,00000054,false,Rx,0,8,01,05,EF,00,F4,02,00,00,
357000,00000055,false,Rx,0,8,10,27,00,00,00,00,00,00,
357000,00000056,false,Rx,0,8,10,27,00,00,00,00,00,00,
358000,00000057,false,Rx,0,8,00,00,FE,FF,FE,FF,00,00,
390000,00000625,false,Rx,0,8,25,00,59,86,01,54,5C,06,
447000,0000060D,false,Rx,0,8,0D,10,83,B6,09,20,70,00,
491000,00000625,false,Rx,0,8,25,00,59,86,01,54,5C,06,
547000,0000060D,false,Rx,0,8,0D,10,83,B6,09,20,70,00,
556000,00000054,false,Rx,0,8,01,05,EF,00,F4,02,00,00,
557000,00000055,false,Rx,0,8,10,27,00,00,00,00,00,00,
557000,00000056,false,Rx,0,8,10,27,00,00,00,00,00,00,
557000,00000057,false,Rx,0,8,00,00,FE,FF,FE,FF,00,00,
561000,000002C4,false,Rx,0,8,09,20,00,00,F4,02,00,00,
561000,000002C5,false,Rx,0,8,00,00,00,00,00,00,00,00,
563000,000002C6,false,Rx,0,8,32,00,7C,01,00,00,00,00,
591000,00000625,false,Rx,0,8,25,00,59,86,01,54,5C,06,
646000,0000060D,false,Rx,0,8,0D,10,83,B6,09,20,70,00,
691000,00000625,false,Rx,0,8,25,00,59,86,01,54,5C,06,
747000,0000060D,false,Rx,0,8,0D,10,83,B6,09,20,70,00,
0,00000054,false,Rx,0,8,01,05,EF,00,F4,02,00,00,
0,00000055,false,Rx,0,8,10,27,00,00,00,00,00,00,
0,00000056,false,Rx,0,8,10,27,00,00,00,00,00,00,
0,00000057,false,Rx,0,8,00,00,FE,FF,FE,FF,00,00,
782000,000002C4,false,Rx,0,8,09,20,00,00,F4,02,00,00,
782000,000002C5,false,Rx,0,8,00,00,00,00,00,00,00,00,
782000,000002C6,false,Rx,0,8,32,00,7C,01,00,00,00,00,
790000,00000625,false,Rx,0,8,25,00,59,86,01,54,5C,06,
846000,0000060D,false,Rx,0,8,0D,10,83,B6,09,20,70,00,
891000,00000625,false,Rx,0,8,25,00,59,86,01,54,5C,06,
947000,0000060D,false,Rx,0,8,0D,10,83,B6,09,20,70,00,
0,00000054,false,Rx,0,8,01,05,EF,00,F4,02,00,00,
0,00000055,false,Rx,0,8,10,27,00,00,00,00,00,00,
957000,00000056,false,Rx,0,8,10,27,00,00,00,00,00,00,
958000,00000057,false,Rx,0,8,00,00,FE,FF,FE,FF,00,00,
990000,00000625,false,Rx,0,8,25,00,59,86,01,54,5C,06,
2000,000002C4,false,Rx,0,8,09,20,00,00,F4,02,00,00,
2000,000002C5,false,Rx,0,8,00,00,00,00,00,00,00,00,
2000,000002C6,false,Rx,0,8,32,00,7C,01,00,00,00,00,
47000,0000060D,false,Rx,0,8,0D,10,83,B6,09,20,70,00,
90000,00000625,false,Rx,0,8,25,00,59,86,01,54,5C,06,
146000,0000060D,false,Rx,0,8,0D,10,83,B6,09,20,70,00,
0,00000054,false,Rx,0,8,01,05,EF,00,F4,02,00,00,
0,00000055,false,Rx,0,8,10,27,00,00,00,00,00,00,
0,00000056,false,Rx,0,8,10,27,00,00,00,00,00,00,
157000,00000057,false,Rx,0,8,00,00,FE,FF,FE,FF,00,00,
191000,00000625,false,Rx,0,8,25,00,59,86,01,54,5C,06,
222000,000002C4,false,Rx,0,8,09,20,00,00,F4,02,00,00,
222000,000002C5,false,Rx,0,8,00,00,00,00,00,00,00,00,
223000,000002C6,false,Rx,0,8,32,00,7C,01,00,00,00,00,
247000,0000060D,false,Rx,0,8,0D,10,83,B6,09,20,70,00,
290000,00000625,false,Rx,0,8,25,00,59,86,01,54,5C,06,
347000,0000060D,false,Rx,0,8,0D,10,83,B6,09,20,70,00,
357000,00000054,false,Rx,0,8,01,05,EF,00,F4,02,00,00,
357000,00000055,false,Rx,0,8,10,27,00,00,00,00,00,00,
357000,00000056,false,Rx,0,8,10,27,00,00,00,00,00,00,
358000,00000057,false,Rx,0,8,00,00,FE,FF,FE,FF,00,00,
391000,00000625,false,Rx,0,8,25,00,59,86,01,54,5C,06,
442000,000002C4,false,Rx,0,8,09,20,00,00,F4,02,00,00,
442000,000002C5,false,Rx,0,8,00,00,00,00,00,00,00,00,
442000,000002C6,false,Rx,0,8,32,00,7C,01,00,00,00,00,
446000,0000060D,false,Rx,0,8,0D,10,83,B6,09,20,70,00,
491000,00000625,false,Rx,0,8,25,00,59,86,01,54,5C,06,
547000,0000060D,false,Rx,0,8,0D,10,83,B6,09,20,70,00,
557000,00000054,false,Rx,0,8,01,05,EF,00,F4,02,00,00,
557000,00000055,false,Rx,0,8,10,27,00,00,00,00,00,00,
557000,00000056,false,Rx,0,8,10,27,00,00,00,00,00,00,
558000,00000057,false,Rx,0,8,00,00,FE,FF,FE,FF,00,00,
590000,00000625,false,Rx,0,8,25,00,59,86,01,54,5C,06,
647000,0000060D,false,Rx,0,8,0D,10,83,B6,09,20,70,00,
661000,000002C4,false,Rx,0,8,09,20,00,00,F4,02,00,00,
662000,000002C5,false,Rx,0,8,00,00,00,00,00,00,00,00,
662000,000002C6,false,Rx,0,8,32,00,7C,01,00,00,00,00,
690000,00000625,false,Rx,0,8,25,00,59,86,01,54,5C,06,
747000,0000060D,false,Rx,0,8,0D,10,83,B6,09,20,70,00,
756000,00000054,false,Rx,0,8,01,05,EF,00,F4,02,00,00,
756000,00000055,false,Rx,0,8,10,27,00,00,00,00,00,00,
757000,00000056,false,Rx,0,8,10,27,00,00,00,00,00,00,
757000,00000057,false,Rx,0,8,00,00,FE,FF,FE,FF,00,00,
791000,00000625,false,Rx,0,8,25,00,59,86,01,54,5C,06,
847000,0000060D,false,Rx,0,8,0D,10,83,B6,09,20,70,00,
881000,000002C4,false,Rx,0,8,09,20,00,00,F4,02,00,00,
881000,000002C5,false,Rx,0,8,00,00,00,00,00,00,00,00,
882000,000002C6,false,Rx,0,8,32,00,7C,01,00,00,00,00,
891000,00000625,false,Rx,0,8,25,00,59,86,01,54,5C,06,
947000,0000060D,false,Rx,0,8,0D,10,83,B6,09,20,70,00,
957000,00000054,false,Rx,0,8,01,05,EF,00,F4,02,00,00,
957000,00000055,false,Rx,0,8,10,27,00,00,00,00,00,00,
957000,00000056,false,Rx,0,8,10,27,00,00,00,00,00,00,
958000,00000057,false,Rx,0,8,00,00,FE,FF,FE,FF,00,00,
991000,00000625,false,Rx,0,8,25,00,59,86,01,54,5C,06,
47000,0000060D,false,Rx,0,8,0D,10,83,B6,09,20,70,00,
90000,00000625,false,Rx,0,8,25,00,59,86,01,54,5C,06,
102000,000002C4,false,Rx,0,8,09,20,00,00,F4,02,00,00,
102000,000002C5,false,Rx,0,8,00,00,00,00,00,00,00,00,
102000,000002C6,false,Rx,0,8,32,00,7C,01,00,00,00,00,
147000,0000060D,false,Rx,0,8,0D,10,83,B6,09,20,70,00,
0,00000054,false,Rx,0,8,01,05,EF,00,F4,02,00,00,
0,00000055,false,Rx,0,8,10,27,00,00,00,00,00,00,
0,00000056,false,Rx,0,8,10,27,00,00,00,00,00,00,
0,00000057,false,Rx,0,8,00,00,FE,FF,FE,FF,00,00,
191000,00000625,false,Rx,0,8,25,00,59,86,01,54,5C,06,
247000,0000060D,false,Rx,0,8,0D,10,83,B6,09,20,70,00,
291000,00000625,false,Rx,0,8,25,00,59,86,01,54,5C,06,
321000,000002C4,false,Rx,0,8,09,20,00,00,F4,02,00,00,
321000,000002C5,false,Rx,0,8,00,00,00,00,00,00,00,00,
322000,000002C6,false,Rx,0,8,32,00,7C,01,00,00,00,00,
347000,0000060D,false,Rx,0,8,0D,10,83,B6,09,20,70,00,
357000,00000054,false,Rx,0,8,01,05,EF,00,F4,02,00,00,
357000,00000055,false,Rx,0,8,10,27,00,00,00,00,00,00,
357000,00000056,false,Rx,0,8,10,27,00,00,00,00,00,00,
358000,00000057,false,Rx,0,8,00,00,FE,FF,FE,FF,00,00,
391000,00000625,false,Rx,0,8,25,00,59,86,01,54,5C,06,
447000,0000060D,false,Rx,0,8,0D,10,83,B6,09,20,70,00,
490000,00000625,false,Rx,0,8,25,00,59,86,01,54,5C,06,
542000,000002C4,false,Rx,0,8,09,20,00,00,F4,02,00,00,
542000,000002C5,false,Rx,0,8,00,00,00,00,00,00,00,00,
542000,000002C6,false,Rx,0,8,32,00,7C,01,00,00,00,00,
548000,0000060D,false,Rx,0,8,0D,10,83,B6,09,20,70,00,
557000,00000054,false,Rx,0,8,01,05,EF,00,F4,02,00,00,
557000,00000055,false,Rx,0,8,10,27,00,00,00,00,00,00,
557000,00000056,false,Rx,0,8,10,27,00,00,00,00,00,00,
558000,00000057,false,Rx,0,8,00,00,FE,FF,FE,FF,00,00,
591000,00000625,false,Rx,0,8,25,00,59,86,01,54,5C,06,
647000,0000060D,false,Rx,0,8,0D,10,83,B6,09,20,70,00,
691000,00000625,false,Rx,0,8,25,00,59,86,01,54,5C,06,
747000,0000060D,false,Rx,0,8,0D,10,83,B6,09,20,70,00,
756000,00000054,false,Rx,0,8,01,05,EF,00,F4,02,00,00,
757000,00000055,false,Rx,0,8,10,27,00,00,00,00,00,00,
757000,00000056,false,Rx,0,8,10,27,00,00,00,00,00,00,
757000,00000057,false,Rx,0,8,00,00,FE,FF,FE,FF,00,00,
761000,000002C4,false,Rx,0,8,09,20,00,00,F4,02,00,00,
761000,000002C5,false,Rx,0,8,00,00,00,00,00,00,00,00,
763000,000002C6,false,Rx,0,8,32,00,7C,01,00,00,00,00,
791000,00000625,false,Rx,0,8,25,00,59,86,01,54,5C,06,
847000,0000060D,false,Rx,0,8,0D,10,83,B6,09,20,70,00,
891000,00000625,false,Rx,0,8,25,00,59,86,01,54,5C,06,
947000,0000060D,false,Rx,0,8,0D,10,83,B6,09,20,70,00,
956000,00000054,false,Rx,0,8,01,05,EF,00,F4,02,00,00,
956000,00000055,false,Rx,0,8,10,27,00,00,00,00,00,00,
957000,00000056,false,Rx,0,8,10,27,00,00,00,00,00,00,
957000,00000057,false,Rx,0,8,00,00,FE,FF,FE,FF,00,00,
982000,000002C4,false,Rx,0,8,09,20,00,00,F4,02,00,00,
982000,000002C5,false,Rx,0,8,00,00,00,00,00,00,00,00,
982000,000002C6,false,Rx,0,8,32,00,7C,01,00,00,00,00,
991000,00000625,false,Rx,0,8,25,00,59,86,01,54,5C,06,
48000,0000060D,false,Rx,0,8,0D,10,83,B6,09,20,70,00,
91000,00000625,false,Rx,0,8,25,00,59,86,01,54,5C,06,
146000,0000060D,false,Rx,0,8,0D,10,83,B6,09,20,70,00,
0,00000054,false,Rx,0,8,01,05,EF,00,F4,02,00,00,
0,00000055,false,Rx,0,8,10,27,00,00,00,00,00,00,
157000,00000056,false,Rx,0,8,10,27,00,00,00,00,00,00,
158000,00000057,false,Rx,0,8,00,00,FE,FF,FE,FF,00,00,
190000,00000625,false,Rx,0,8,25,00,59,86,01,54,5C,06,
202000,000002C4,false,Rx,0,8,09,20,00,00,F4,02,00,00,
0,000002C5,false,Rx,0,8,00,00,00,00,00,00,00,00,
0,000002C6,false,Rx,0,8,32,00,7C,01,00,00,00,00,
246000,0000060D,false,Rx,0,8,0D,10,83,B6,09,20,70,00,
290000,00000625,false,Rx,0,8,25,00,59,86,01,54,5C,06,
347000,0000060D,false,Rx,0,8,0D,10,83,B6,09,20,70,00,
356000,00000054,false,Rx,0,8,01,05,EF,00,F4,02,00,00,
357000,00000055,false,Rx,0,8,10,27,00,00,00,00,00,00,
357000,00000056,false,Rx,0,8,10,27,00,00,00,00,00,00,
357000,00000057,false,Rx,0,8,00,00,FE,FF,FE,FF,00,00,
392000,00000625,false,Rx,0,8,25,00,59,86,01,54,5C,06,
0,000002C4,false,Rx,0,8,09,20,00,00,F4,02,00,00,
0,000002C5,false,Rx,0,8,00,00,00,00,00,00,00,00,
423000,000002C6,false,Rx,0,8,32,00,7C,01,00,00,00,00,
447000,0000060D,false,Rx,0,8,0D,10,83,B6,09,20,70,00,
491000,00000625,false,Rx,0,8,25,00,59,86,01,54,5C,06,
547000,0000060D,false,Rx,0,8,0D,10,83,B6,09,20,70,00,
0,00000054,false,Rx,0,8,01,05,EF,00,F4,02,00,00,
0,00000055,false,Rx,0,8,10,27,00,00,00,00,00,00,
0,00000056,false,Rx,0,8,10,27,00,00,00,00,00,00,
558000,00000057,false,Rx,0,8,00,00,FE,FF,FE,FF,00,00,
590000,00000625,false,Rx,0,8,25,00,59,86,01,54,5C,06,
0,000002C4,false,Rx,0,8,09,20,00,00,F4,02,00,00,
0,000002C5,false,Rx,0,8,00,00,00,00,00,00,00,00,
0,000002C6,false,Rx,0,8,32,00,7C,01,00,00,00,00,
647000,0000060D,false,Rx,0,8,0D,10,83,B6,09,20,70,00,
690000,00000625,false,Rx,0,8,25,00,59,86,01,54,5C,06,
747000,0000060D,false,Rx,0,8,0D,10,83,B6,09,20,70,00,
757000,00000054,false,Rx,0,8,01,05,EF,00,F4,02,00,00,
757000,00000055,false,Rx,0,8,10,27,00,00,00,00,00,00,
757000,00000056,false,Rx,0,8,10,27,00,00,00,00,00,00,
757000,00000057,false,Rx,0,8,00,00,FE,FF,FE,FF,00,00,
790000,00000625,false,Rx,0,8,25,00,59,86,01,54,5C,06,
847000,0000060D,false,Rx,0,8,0D,10,83,B6,09,20,70,00,
0,000002C4,false,Rx,0,8,09,20,00,00,F4,02,00,00,
0,000002C5,false,Rx,0,8,00,00,00,00,00,00,00,00,
862000,000002C6,false,Rx,0,8,32,00,7C,01,00,00,00,00,
890000,00000625,false,Rx,0,8,25,00,59,86,01,54,5C,06,
946000,0000060D,false,Rx,0,8,0D,10,83,B6,09,20,70,00,
957000,00000054,false,Rx,0,8,01,05,EF,00,F4,02,00,00,
957000,00000055,false,Rx,0,8,10,27,00,00,00,00,00,00,
957000,00000056,false,Rx,0,8,10,27,00,00,00,00,00,00,
957000,00000057,false,Rx,0,8,00,00,FE,FF,FE,FF,00,00,
991000,00000625,false,Rx,0,8,25,00,59,86,01,54,5C,06,
47000,0000060D,false,Rx,0,8,0D,10,83,B6,09,20,70,00,
82000,000002C4,false,Rx,0,8,09,20,00,00,F4,02,00,00,
82000,000002C5,false,Rx,0,8,00,00,00,00,00,00,00,00,
82000,000002C6,false,Rx,0,8,32,00,7C,01,00,00,00,00,
91000,00000625,false,Rx,0,8,25,00,59,86,01,54,5C,06,
147000,0000060D,false,Rx,0,8,0D,10,83,B6,09,20,70,00,
157000,00000054,false,Rx,0,8,01,05,EF,00,F4,02,00,00,
157000,00000055,false,Rx,0,8,10,27,00,00,00,00,00,00,
157000,00000056,false,Rx,0,8,10,27,00,00,00,00,00,00,
158000,00000057,false,Rx,0,8,00,00,FE,FF,FE,FF,00,00,
190000,00000625,false,Rx,0,8,25,00,59,86,01,54,5C,06,
247000,0000060D,false,Rx,0,8,0D,10,83,B6,09,20,70,00,
290000,00000625,false,Rx,0,8,25,00,59,86,01,54,5C,06,
302000,000002C4,false,Rx,0,8,09,20,00,00,F4,02,00,00,
302000,000002C5,false,Rx,0,8,00,00,00,00,00,00,00,00,
302000,000002C6,false,Rx,0,8,32,00,7C,01,00,00,00,00,
346000,0000060D,false,Rx,0,8,0D,10,83,B6,09,20,70,00,
356000,00000054,false,Rx,0,8,01,05,EF,00,F4,02,00,00,
356000,00000055,false,Rx,0,8,10,27,00,00,00,00,00,00,
357000,00000056,false,Rx,0,8,10,27,00,00,00,00,00,00,
357000,00000057,false,Rx,0,8,00,00,FE,FF,FE,FF,00,00,
391000,00000625,false,Rx,0,8,25,00,59,86,01,54,5C,06,
446000,0000060D,false,Rx,0,8,0D,10,83,B6,09,20,70,00,
490000,00000625,false,Rx,0,8,25,00,59,86,01,54,5C,06,
521000,000002C4,false,Rx,0,8,09,20,00,00,F4,02,00,00,
521000,000002C5,false,Rx,0,8,00,00,00,00,00,00,00,00,
522000,000002C6,false,Rx,0,8,32,00,7C,01,00,00,00,00,
547000,0000060D,false,Rx,0,8,0D,10,83,B6,09,20,70,00,
556000,00000054,false,Rx,0,8,01,05,EF,00,F4,02,00,00,
557000,00000055,false,Rx,0,8,10,27,00,00,00,00,00,00,
557000,00000056,false,Rx,0,8,10,27,00,00,00,00,00,00,
557000,00000057,false,Rx,0,8,00,00,FE,FF,FE,FF,00,00,
590000,00000625,false,Rx,0,8,25,00,59,86,01,54,5C,06,
646000,0000060D,false,Rx,0,8,0D,10,83,B6,09,20,70,00,
691000,00000625,false,Rx,0,8,25,00,59,86,01,54,5C,06,
742000,000002C4,false,Rx,0,8,09,20,00,00,F4,02,00,00,
742000,000002C5,false,Rx,0,8,00,00,00,00,00,00,00,00,
742000,000002C6,false,Rx,0,8,32,00,7C,01,00,00,00,00,
746000,0000060D,false,Rx,0,8,0D,10,83,B6,09,20,70,00,
757000,00000054,false,Rx,0,8,01,05,EF,00,F4,02,00,00,
757000,00000055,false,Rx,0,8,10,27,00,00,00,00,00,00,
758000,00000056,false,Rx,0,8,10,27,00,00,00,00,00,00,
758000,00000057,false,Rx,0,8,00,00,FE,FF,FE,FF,00,00,
790000,00000625,false,Rx,0,8,25,00,59,86,01,54,5C,06,
846000,0000060D,false,Rx,0,8,0D,10,83,B6,09,20,70,00,
891000,00000625,false,Rx,0,8,25,00,59,86,01,54,5C,06,
946000,0000060D,false,Rx,0,8,0D,10,83,B6,09,20,70,00,
957000,00000054,false,Rx,0,8,01,05,EF,00,F4,02,00,00,
957000,00000055,false,Rx,0,8,10,27,00,00,00,00,00,00,
957000,00000056,false,Rx,0,8,10,27,00,00,00,00,00,00,
958000,00000057,false,Rx,0,8,00,00,FE,FF,FE,FF,00,00,
962000,000002C4,false,Rx,0,8,09,20,00,00,F4,02,00,00,
962000,000002C5,false,Rx,0,8,00,00,00,00,00,00,00,00,
962000,000002C6,false,Rx,0,8,32,00,7C,01,00,00,00,00,
991000,00000625,false,Rx,0,8,25,00,59,86,01,54,5C,06,
47000,0000060D,false,Rx,0,8,0D,10,83,B6,09,20,70,00,
91000,00000625,false,Rx,0,8,25,00,59,86,01,54,5C,06,
146000,0000060D,false,Rx,0,8,0D,10,83,B6,09,20,70,00,
157000,00000054,false,Rx,0,8,01,05,EF,00,F4,02,00,00,
157000,00000055,false,Rx,0,8,10,27,00,00,00,00,00,00,
157000,00000056,false,Rx,0,8,10,27,00,00,00,00,00,00,
157000,00000057,false,Rx,0,8,00,00,FE,FF,FE,FF,00,00,
182000,000002C4,false,Rx,0,8,09,20,00,00,F4,02,00,00,
182000,000002C5,false,Rx,0,8,00,00,00,00,00,00,00,00,
182000,000002C6,false,Rx,0,8,32,00,7C,01,00,00,00,00,
191000,00000625,false,Rx,0,8,25,00,59,86,01,54,5C,06,
247000,0000060D,false,Rx,0,8,0D,10,83,B6,09,20,70,00,
291000,00000625,false,Rx,0,8,25,00,59,86,01,54,5C,06,
347000,0000060D,false,Rx,0,8,0D,10,83,B6,09,20,70,00,
356000,00000054,false,Rx,0,8,01,05,EF,00,F4,02,00,00,
356000,00000055,false,Rx,0,8,10,27,00,00,00,00,00,00,
356000,00000056,false,Rx,0,8,10,27,00,00,00,00,00,00,
357000,00000057,false,Rx,0,8,00,00,FE,FF,FE,FF,00,00,
390000,00000625,false,Rx,0,8,25,00,59,86,01,54,5C,06,
402000,000002C4,false,Rx,0,8,09,20,00,00,F4,02,00,00,
402000,000002C5,false,Rx,0,8,00,00,00,00,00,00,00,00,
402000,000002C6,false,Rx,0,8,32,00,7C,01,00,00,00,00,
447000,0000060D,false,Rx,0,8,0D,10,83,B6,09,20,70,00,
490000,00000625,false,Rx,0,8,25,00,59,86,01,54,5C,06,
547000,0000060D,false,Rx,0,8,0D,10,83,B6,09,20,70,00,
557000,00000054,false,Rx,0,8,01,05,EF,00,F4,02,00,00,
557000,00000055,false,Rx,0,8,10,27,00,00,00,00,00,00,
557000,00000056,false,Rx,0,8,10,27,00,00,00,00,00,00,
558000,00000057,false,Rx,0,8,00,00,FE,FF,FE,FF,00,00,
590000,00000625,false,Rx,0,8,25,00,59,86,01,54,5C,06,
621000,000002C4,false,Rx,0,8,09,20,00,00,F4,02,00,00,
622000,000002C5,false,Rx,0,8,00,00,00,00,00,00,00,00,
622000,000002C6,false,Rx,0,8,32,00,7C,01,00,00,00,00,
646000,0000060D,false,Rx,0,8,0D,10,83,B6,09,20,70,00,
691000,00000625,false,Rx,0,8,25,00,59,86,01,54,5C,06,
747000,0000060D,false,Rx,0,8,0D,10,83,B6,09,20,70,00,
757000,00000054,false,Rx,0,8,01,05,EF,00,F4,02,00,00,
757000,00000055,false,Rx,0,8,10,27,00,00,00,00,00,00,
757000,00000056,false,Rx,0,8,10,27,00,00,00,00,00,00,
758000,00000057,false,Rx,0,8,00,00,FE,FF,FE,FF,00,00,
791000,00000625,false,Rx,0,8,25,00,59,86,01,54,5C,06,
841000,000002C4,false,Rx,0,8,09,20,00,00,F4,02,00,00,
841000,000002C5,false,Rx,0,8,00,00,00,00,00,00,00,00,
842000,000002C6,false,Rx,0,8,32,00,7C,01,00,00,00,00,
847000,0000060D,false,Rx,0,8,0D,10,83,B6,09,20,70,00,
890000,00000625,false,Rx,0,8,25,00,59,86,01,54,5C,06,
947000,0000060D,false,Rx,0,8,0D,10,83,B6,09,20,70,00,
956000,00000054,false,Rx,0,8,01,05,EF,00,F4,02,00,00,
956000,00000055,false,Rx,0,8,10,27,00,00,00,00,00,00,
957000,00000056,false,Rx,0,8,10,27,00,00,00,00,00,00,
957000,00000057,false,Rx,0,8,00,00,FE,FF,FE,FF,00,00,
991000,00000625,false,Rx,0,8,25,00,59,86,01,54,5C,06,
47000,0000060D,false,Rx,0,8,0D,10,83,B6,09,20,70,00,
0,000002C4,false,Rx,0,8,09,20,00,00,F4,02,00,00,
0,000002C5,false,Rx,0,8,00,00,00,00,00,00,00,00,
62000,000002C6,false,Rx,0,8,32,00,7C,01,00,00,00,00,
90000,00000625,false,Rx,0,8,25,00,59,86,01,54,5C,06,
147000,0000060D,false,Rx,0,8,0D,10,83,B6,09,20,70,00,
156000,00000054,false,Rx,0,8,01,05,EF,00,F4,02,00,00,
156000,00000055,false,Rx,0,8,10,27,00,00,00,00,00,00,
0,00000056,false,Rx,0,8,10,27,00,00,00,00,00,00,
0,00000057,false,Rx,0,8,00,00,FE,FF,FE,FF,00,00,
191000,00000625,false,Rx,0,8,25,00,59,86,01,54,5C,06,
246000,0000060D,false,Rx,0,8,0D,10,83,B6,09,20,70,00,
281000,000002C4,false,Rx,0,8,09,20,00,00,F4,02,00,00,
281000,000002C5,false,Rx,0,8,00,00,00,00,00,00,00,00,
282000,000002C6,false,Rx,0,8,32,00,7C,01,00,00,00,00,
291000,00000625,false,Rx,0,8,25,00,59,86,01,54,5C,06,
347000,0000060D,false,Rx,0,8,0D,10,83,B6,09,20,70,00,
357000,00000054,false,Rx,0,8,01,05,EF,00,F4,02,00,00,
357000,00000055,false,Rx,0,8,10,27,00,00,00,00,00,00,
357000,00000056,false,Rx,0,8,10,27,00,00,00,00,00,00,
358000,00000057,false,Rx,0,8,00,00,FE,FF,FE,FF,00,00,
391000,00000625,false,Rx,0,8,25,00,59,86,01,54,5C,06,
446000,0000060D,false,Rx,0,8,0D,10,83,B6,09,20,70,00,
490000,00000625,false,Rx,0,8,25,00,59,86,01,54,5C,06,
502000,000002C4,false,Rx,0,8,09,20,00,00,F4,02,00,00,
502000,000002C5,false,Rx,0,8,00,00,00,00,00,00,00,00,
502000,000002C6,false,Rx,0,8,32,00,7C,01,00,00,00,00,
547000,0000060D,false,Rx,0,8,0D,10,83,B6,09,20,70,00,
557000,00000054,false,Rx,0,8,01,05,EF,00,F4,02,00,00,
557000,00000055,false,Rx,0,8,10,27,00,00,00,00,00,00,
557000,00000056,false,Rx,0,8,10,27,00,00,00,00,00,00,
557000,00000057,false,Rx,0,8,00,00,FE,FF,FE,FF,00,00,
590000,00000625,false,Rx,0,8,25,00,59,86,01,54,5C,06,
646000,0000060D,false,Rx,0,8,0D,10,83,B6,09,20,70,00,
690000,00000625,false,Rx,0,8,25,00,59,86,01,54,5C,06,
722000,000002C4,false,Rx,0,8,09,20,00,00,F4,02,00,00,
722000,000002C5,false,Rx,0,8,00,00,00,00,00,00,00,00,
723000,000002C6,false,Rx,0,8,32,00,7C,01,00,00,00,00,
746000,0000060D,false,Rx,0,8,0D,10,83,B6,09,20,70,00,
757000,00000054,false,Rx,0,8,01,05,EF,00,F4,02,00,00,
757000,00000055,false,Rx,0,8,10,27,00,00,00,00,00,00,
757000,00000056,false,Rx,0,8,10,27,00,00,00,00,00,00,
758000,00000057,false,Rx,0,8,00,00,FE,FF,FE,FF,00,00,
791000,00000625,false,Rx,0,8,25,00,59,86,01,54,5C,06,
846000,0000060D,false,Rx,0,8,0D,10,83,B6,09,20,70,00,
890000,00000625,false,Rx,0,8,25,00,59,86,01,54,5C,06,
942000,000002C4,false,Rx,0,8,09,20,00,00,F4,02,00,00,
942000,000002C5,false,Rx,0,8,00,00,00,00,00,00,00,00,
942000,000002C6,false,Rx,0,8,32,00,7C,01,00,00,00,00,
947000,0000060D,false,Rx,0,8,0D,10,83,B6,09,20,70,00,
956000,00000054,false,Rx,0,8,01,05,EF,00,F4,02,00,00,
956000,00000055,false,Rx,0,8,10,27,00,00,00,00,00,00,
957000,00000056,false,Rx,0,8,10,27,00,00,00,00,00,00,
957000,00000057,false,Rx,0,8,00,00,FE,FF,FE,FF,00,00,
990000,00000625,false,Rx,0,8,25,00,59,86,01,54,5C,06,
47000,0000060D,false,Rx,0,8,0D,10,83,B6,09,20,70,00,
90000,00000625,false,Rx,0,8,25,00,59,86,01,54,5C,06,
147000,0000060D,false,Rx,0,8,0D,10,83,B6,09,20,70,00,
156000,00000054,false,Rx,0,8,01,05,EF,00,F4,02,00,00,
156000,00000055,false,Rx,0,8,10,27,00,00,00,00,00,00,
156000,00000056,false,Rx,0,8,10,27,00,00,00,00,00,00,
157000,00000057,false,Rx,0,8,00,00,FE,FF,FE,FF,00,00,
161000,000002C4,false,Rx,0,8,09,20,00,00,F4,02,00,00,
161000,000002C5,false,Rx,0,8,00,00,00,00,00,00,00,00,
162000,000002C6,false,Rx,0,8,32,00,7C,01,00,00,00,00,
190000,00000625,false,Rx,0,8,25,00,59,86,01,54,5C,06,
246000,0000060D,false,Rx,0,8,0D,10,83,B6,09,20,70,00,
290000,00000625,false,Rx,0,8,25,00,59,86,01,54,5C,06,
346000,0000060D,false,Rx,0,8,0D,10,83,B6,09,20,70,00,
357000,00000054,false,Rx,0,8,01,05,EF,00,F4,02,00,00,
357000,00000055,false,Rx,0,8,10,27,00,00,00,00,00,00,
357000,00000056,false,Rx,0,8,10,27,00,00,00,00,00,00,
358000,00000057,false,Rx,0,8,00,00,FE,FF,FE,FF,00,00,
382000,000002C4,false,Rx,0,8,09,20,00,00,F4,02,00,00,
382000,000002C5,false,Rx,0,8,00,00,00,00,00,00,00,00,
382000,000002C6,false,Rx,0,8,32,00,7C,01,00,00,00,00,
391000,00000625,false,Rx,0,8,25,00,59,86,01,54,5C,06,
447000,0000060D,false,Rx,0,8,0D,10,83,B6,09,20,70,00,
491000,00000625,false,Rx,0,8,25,00,59,86,01,54,5C,06,
547000,0000060D,false,Rx,0,8,0D,10,83,B6,09,20,70,00,
556000,00000054,false,Rx,0,8,01,05,EF,00,F4,02,00,00,
556000,00000055,false,Rx,0,8,10,27,00,00,00,00,00,00,
557000,00000056,false,Rx,0,8,10,27,00,00,00,00,00,00,
557000,00000057,false,Rx,0,8,00,00,FE,FF,FE,FF,00,00,
591000,00000625,false,Rx,0,8,25,00,59,86,01,54,5C,06,
601000,000002C4,false,Rx,0,8,09,20,00,00,F4,02,00,00,
601000,000002C5,false,Rx,0,8,00,00,00,00,00,00,00,00,
602000,000002C6,false,Rx,0,8,32,00,7C,01,00,00,00,00,
647000,0000060D,false,Rx,0,8,0D,10,83,B6,09,20,70,00,
691000,00000625,false,Rx,0,8,25,00,59,86,01,54,5C,06,
746000,0000060D,false,Rx,0,8,0D,10,83,B6,09,20,70,00,
757000,00000054,false,Rx,0,8,01,05,EF,00,F4,02,00,00,
757000,00000055,false,Rx,0,8,10,27,00,00,00,00,00,00,
757000,00000056,false,Rx,0,8,10,27,00,00,00,00,00,00,
758000,00000057,false,Rx,0,8,00,00,FE,FF,FE,FF,00,00,
791000,00000625,false,Rx,0,8,25,00,59,86,01,54,5C,06,
822000,000002C4,false,Rx,0,8,09,20,00,00,F4,02,00,00,
822000,000002C5,false,Rx,0,8,00,00,00,00,00,00,00,00,
822000,000002C6,false,Rx,0,8,32,00,7C,01,00,00,00,00,
846000,0000060D,false,Rx,0,8,0D,10,83,B6,09,20,70,00,
891000,00000625,false,Rx,0,8,25,00,59,86,01,54,5C,06,
947000,0000060D,false,Rx,0,8,0D,10,83,B6,09,20,70,00,
957000,00000054,false,Rx,0,8,01,05,EF,00,F4,02,00,00,
957000,00000055,false,Rx,0,8,10,27,00,00,00,00,00,00,
958000,00000056,false,Rx,0,8,10,27,00,00,00,00,00,00,
958000,00000057,false,Rx,0,8,00,00,FE,FF,FE,FF,00,00,
990000,00000625,false,Rx,0,8,25,00,59,86,01,54,5C,06,
41000,000002C4,false,Rx,0,8,09,20,00,00,F4,02,00,00,
41000,000002C5,false,Rx,0,8,00,00,00,00,00,00,00,00,
42000,000002C6,false,Rx,0,8,32,00,7C,01,00,00,00,00,
47000,0000060D,false,Rx,0,8,0D,10,83,B6,09,20,70,00,
91000,00000625,false,Rx,0,8,25,00,59,86,01,54,5C,06,
147000,0000060D,false,Rx,0,8,0D,10,83,B6,09,20,70,00,
0,00000054,false,Rx,0,8,01,05,EF,00,F4,02,00,00,
0,00000055,false,Rx,0,8,10,27,00,00,00,00,00,00,
0,00000056,false,Rx,0,8,10,27,00,00,00,00,00,00,
0,00000057,false,Rx,0,8,00,00,FE,FF,FE,FF,00,00,
191000,00000625,false,Rx,0,8,25,00,59,86,01,54,5C,06,
246000,0000060D,false,Rx,0,8,0D,10,83,B6,09,20,70,00,
261000,000002C4,false,Rx,0,8,09,20,00,00,F4,02,00,00,
262000,000002C5,false,Rx,0,8,00,00,00,00,00,00,00,00,
262000,000002C6,false,Rx,0,8,32,00,7C,01,00,00,00,00,
290000,00000625,false,Rx,0,8,25,00,59,86,01,54,5C,06,
347000,0000060D,false,Rx,0,8,0D,10,83,B6,09,20,70,00,
356000,00000054,false,Rx,0,8,01,05,EF,00,F4,02,00,00,
356000,00000055,false,Rx,0,8,10,27,00,00,00,00,00,00,
357000,00000056,false,Rx,0,8,10,27,00,00,00,00,00,00,
357000,00000057,false,Rx,0,8,00,00,FE,FF,FE,FF,00,00,
390000,00000625,false,Rx,0,8,25,00,59,86,01,54,5C,06,
446000,0000060D,false,Rx,0,8,0D,10,83,B6,09,20,70,00,
482000,000002C4,false,Rx,0,8,09,20,00,00,F4,02,00,00,
482000,000002C5,false,Rx,0,8,00,00,00,00,00,00,00,00,
482000,000002C6,false,Rx,0,8,32,00,7C,01,00,00,00,00,
490000,00000625,false,Rx,0,8,25,00,59,86,01,54,5C,06,
547000,0000060D,false,Rx,0,8,0D,10,83,B6,09,20,70,00,
556000,00000054,false,Rx,0,8,01,05,EF,00,F4,02,00,00,
556000,00000055,false,Rx,0,8,10,27,00,00,00,00,00,00,
557000,00000056,false,Rx,0,8,10,27,00,00,00,00,00,00,
557000,00000057,false,Rx,0,8,00,00,FE,FF,FE,FF,00,00,
590000,00000625,false,Rx,0,8,25,00,59,86,01,54,5C,06,
647000,0000060D,false,Rx,0,8,0D,10,83,B6,09,20,70,00,
691000,00000625,false,Rx,0,8,25,00,59,86,01,54,5C,06,
702000,000002C4,false,Rx,0,8,09,20,00,00,F4,02,00,00,
702000,000002C5,false,Rx,0,8,00,00,00,00,00,00,00,00,
702000,000002C6,false,Rx,0,8,32,00,7C,01,00,00,00,00,
747000,0000060D,false,Rx,0,8,0D,10,83,B6,09,20,70,00,
756000,00000054,false,Rx,0,8,01,05,EF,00,F4,02,00,00,
757000,00000055,false,Rx,0,8,10,27,00,00,00,00,00,00,
757000,00000056,false,Rx,0,8,10,27,00,00,00,00,00,00,
757000,00000057,false,Rx,0,8,00,00,FE,FF,FE,FF,00,00,
790000,00000625,false,Rx,0,8,25,00,59,86,01,54,5C,06,
847000,0000060D,false,Rx,0,8,0D,10,83,B6,09,20,70,00,
890000,00000625,false,Rx,0,8,25,00,59,86,01,54,5C,06,
0,000002C4,false,Rx,0,8,09,20,00,00,F4,02,00,00,
0,000002C5,false,Rx,0,8,00,00,00,00,00,00,00,00,
922000,000002C6,false,Rx,0,8,32,00,7C,01,00,00,00,00,
946000,0000060D,false,Rx,0,8,0D,10,83,B6,09,20,70,00,
956000,00000054,false,Rx,0,8,01,05,EF,00,F4,02,00,00,
956000,00000055,false,Rx,0,8,10,27,00,00,00,00,00,00,
957000,00000056,false,Rx,0,8,10,27,00,00,00,00,00,00,
957000,00000057,false,Rx,0,8,00,00,FE,FF,FE,FF,00,00,
990000,00000625,false,Rx,0,8,25,00,59,86,01,54,5C,06,
47000,0000060D,false,Rx,0,8,0D,10,83,B6,09,20,70,00,
90000,00000625,false,Rx,0,8,25,00,59,86,01,54,5C,06,
0,000002C4,false,Rx,0,8,09,20,00,00,F4,02,00,00,
0,000002C5,false,Rx,0,8,00,00,00,00,00,00,00,00,
0,000002C6,false,Rx,0,8,32,00,7C,01,00,00,00,00,
146000,0000060D,false,Rx,0,8,0D,10,83,B6,09,20,70,00,
157000,00000054,false,Rx,0,8,01,05,EF,00,F4,02,00,00,
157000,00000055,false,Rx,0,8,10,27,00,00,00,00,00,00,
157000,00000056,false,Rx,0,8,10,27,00,00,00,00,00,00,
158000,00000057,false,Rx,0,8,00,00,FE,FF,FE,FF,00,00,
190000,00000625,false,Rx,0,8,25,00,59,86,01,54,5C,06,
247000,0000060D,false,Rx,0,8,0D,10,83,B6,09,20,70,00,
291000,00000625,false,Rx,0,8,25,00,59,86,01,54,5C,06,
347000,0000060D,false,Rx,0,8,0D,10,83,B6,09,20,70,00,
356000,00000054,false,Rx,0,8,01,05,EF,00,F4,02,00,00,
356000,00000055,false,Rx,0,8,10,27,00,00,00,00,00,00,
357000,00000056,false,Rx,0,8,10,27,00,00,00,00,00,00,
357000,00000057,false,Rx,0,8,00,00,FE,FF,FE,FF,00,00,
361000,000002C4,false,Rx,0,8,09,20,00,00,F4,02,00,00,
361000,000002C5,false,Rx,0,8,00,00,00,00,00,00,00,00,
362000,000002C6,false,Rx,0,8,32,00,7C,01,00,00,00,00,
391000,00000625,false,Rx,0,8,25,00,59,86,01,54,5C,06,
447000,0000060D,false,Rx,0,8,0D,10,83,B6,09,20,70,00,
491000,00000625,false,Rx,0,8,25,00,59,86,01,54,5C,06,
547000,0000060D,false,Rx,0,8,0D,10,83,B6,09,20,70,00,
556000,00000054,false,Rx,0,8,01,05,EF,00,F4,02,00,00,
556000,00000055,false,Rx,0,8,10,27,00,00,00,00,00,00,
557000,00000056,false,Rx,0,8,10,27,00,00,00,00,00,00,
557000,00000057,false,Rx,0,8,00,00,FE,FF,FE,FF,00,00,
581000,000002C4,false,Rx,0,8,09,20,00,00,F4,02,00,00,
581000,000002C5,false,Rx,0,8,00,00,00,00,00,00,00,00,
582000,000002C6,false,Rx,0,8,32,00,7C,01,00,00,00,00,
591000,00000625,false,Rx,0,8,25,00,59,86,01,54,5C,06,
647000,0000060D,false,Rx,0,8,0D,10,83,B6,09,20,70,00,
691000,00000625,false,Rx,0,8,25,00,59,86,01,54,5C,06,
747000,0000060D,false,Rx,0,8,0D,10,83,B6,09,20,70,00,
757000,00000054,false,Rx,0,8,01,05,EF,00,F4,02,00,00,
757000,00000055,false,Rx,0,8,10,27,00,00,00,00,00,00,
757000,00000056,false,Rx,0,8,10,27,00,00,00,00,00,00,
758000,00000057,false,Rx,0,8,00,00,FE,FF,FE,FF,00,00,
790000,00000625,false,Rx,0,8,25,00,59,86,01,54,5C,06,
802000,000002C4,false,Rx,0,8,09,20,00,00,F4,02,00,00,
802000,000002C5,false,Rx,0,8,00,00,00,00,00,00,00,00,
802000,000002C6,false,Rx,0,8,32,00,7C,01,00,00,00,00,
847000,0000060D,false,Rx,0,8,0D,10,83,B6,09,20,70,00,
891000,00000625,false,Rx,0,8,25,00,59,86,01,54,5C,06,
947000,0000060D,false,Rx,0,8,0D,10,83,B6,09,20,70,00,
956000,00000054,false,Rx,0,8,01,05,EF,00,F4,02,00,00,
956000,00000055,false,Rx,0,8,10,27,00,00,00,00,00,00,
957000,00000056,false,Rx,0,8,10,27,00,00,00,00,00,00,
957000,00000057,false,Rx,0,8,00,00,FE,FF,FE,FF,00,00,
990000,00000625,false,Rx,0,8,25,00,59,86,01,54,5C,06,
22000,000002C4,false,Rx,0,8,09,20,00,00,F4,02,00,00,
22000,000002C5,false,Rx,0,8,00,00,00,00,00,00,00,00,
22000,000002C6,false,Rx,0,8,32,00,7C,01,00,00,00,00,
47000,0000060D,false,Rx,0,8,0D,10,83,B6,09,20,70,00,
90000,00000625,false,Rx,0,8,25,00,59,86,01,54,5C,06,
147000,0000060D,false,Rx,0,8,0D,10,83,B6,09,20,70,00,
0,00000054,false,Rx,0,8,01,05,EF,00,F4,02,00,00,
0,00000055,false,Rx,0,8,10,27,00,00,00,00,00,00,
157000,00000056,false,Rx,0,8,10,27,00,00,00,00,00,00,
158000,00000057,false,Rx,0,8,00,00,FE,FF,FE,FF,00,00,
191000,00000625,false,Rx,0,8,25,00,59,86,01,54,5C,06,
242000,000002C4,false,Rx,0,8,09,20,00,00,F4,02,00,00,
242000,000002C5,false,Rx,0,8,00,00,00,00,00,00,00,00,
242000,000002C6,false,Rx,0,8,32,00,7C,01,00,00,00,00,
246000,0000060D,false,Rx,0,8,0D,10,83,B6,09,20,70,00,
290000,00000625,false,Rx,0,8,25,00,59,86,01,54,5C,06,
346000,0000060D,false,Rx,0,8,0D,10,83,B6,09,20,70,00,
357000,00000054,false,Rx,0,8,01,05,EF,00,F4,02,00,00,
357000,00000055,false,Rx,0,8,10,27,00,00,00,00,00,00,
357000,00000056,false,Rx,0,8,10,27,00,00,00,00,00,00,
357000,00000057,false,Rx,0,8,00,00,FE,FF,FE,FF,00,00,
390000,00000625,false,Rx,0,8,25,00,59,86,01,54,5C,06,
447000,0000060D,false,Rx,0,8,0D,10,83,B6,09,20,70,00,
461000,000002C4,false,Rx,0,8,09,20,00,00,F4,02,00,00,
461000,000002C5,false,Rx,0,8,00,00,00,00,00,00,00,00,
462000,000002C6,false,Rx,0,8,32,00,7C,01,00,00,00,00,
492000,00000625,false,Rx,0,8,25,00,59,86,01,54,5C,06,
547000,0000060D,false,Rx,0,8,0D,10,83,B6,09,20,70,00,
557000,00000054,false,Rx,0,8,01,05,EF,00,F4,02,00,00,
557000,00000055,false,Rx,0,8,10,27,00,00,00,00,00,00,
557000,00000056,false,Rx,0,8,10,27,00,00,00,00,00,00,
558000,00000057,false,Rx,0,8,00,00,FE,FF,FE,FF,00,00,
591000,00000625,false,Rx,0,8,25,00,59,86,01,54,5C,06,
647000,0000060D,false,Rx,0,8,0D,10,83,B6,09,20,70,00,
681000,000002C4,false,Rx,0,8,09,20,00,00,F4,02,00,00,
681000,000002C5,false,Rx,0,8,00,00,00,00,00,00,00,00,
682000,000002C6,false,Rx,0,8,32,00,7C,01,00,00,00,00,
690000,00000625,false,Rx,0,8,25,00,59,86,01,54,5C,06,
747000,0000060D,false,Rx,0,8,0D,10,83,B6,09,20,70,00,
756000,00000054,false,Rx,0,8,01,05,EF,00,F4,02,00,00,
756000,00000055,false,Rx,0,8,10,27,00,00,00,00,00,00,
757000,00000056,false,Rx,0,8,10,27,00,00,00,00,00,00,
757000,00000057,false,Rx,0,8,00,00,FE,FF,FE,FF,00,00,
790000,00000625,false,Rx,0,8,25,00,59,86,01,54,5C,06,
847000,0000060D,false,Rx,0,8,0D,10,83,B6,09,20,70,00,
892000,00000625,false,Rx,0,8,25,00,59,86,01,54,5C,06,
902000,000002C4,false,Rx,0,8,09,20,00,00,F4,02,00,00,
902000,000002C5,false,Rx,0,8,00,00,00,00,00,00,00,00,
902000,000002C6,false,Rx,0,8,32,00,7C,01,00,00,00,00,
947000,0000060D,false,Rx,0,8,0D,10,83,B6,09,20,70,00,
956000,00000054,false,Rx,0,8,01,05,EF,00,F4,02,00,00,
957000,00000055,false,Rx,0,8,10,27,00,00,00,00,00,00,
957000,00000056,false,Rx,0,8,10,27,00,00,00,00,00,00,
957000,00000057,false,Rx,0,8,00,00,FE,FF,FE,FF,00,00,
991000,00000625,false,Rx,0,8,25,00,59,86,01,54,5C,06,
47000,0000060D,false,Rx,0,8,0D,10,83,B6,09,20,70,00,
90000,00000625,false,Rx,0,8,25,00,59,86,01,54,5C,06,
122000,000002C4,false,Rx,0,8,09,20,00,00,F4,02,00,00,
122000,000002C5,false,Rx,0,8,00,00,00,00,00,00,00,00,
122000,000002C6,false,Rx,0,8,32,00,7C,01,00,00,00,00,
146000,00000065,false,Rx,0,8,F5,02,01,00,00,00,00,00,
146000,0000060D,false,Rx,0,8,0D,10,83,B6,09,20,70,00,
0,00000054,false,Rx,0,8,01,05,EF,00,F5,02,00,00,
0,00000055,false,Rx,0,8,10,27,00,00,00,00,00,00,
0,00000056,false,Rx,0,8,10,27,00,00,00,00,00,00,
157000,00000057,false,Rx,0,8,00,00,FE,FF,FE,FF,00,00,
190000,00000625,false,Rx,0,8,25,00,59,86,01,54,5C,06,
247000,0000060D,false,Rx,0,8,0D,10,83,B6,09,20,70,00,
290000,00000625,false,Rx,0,8,25,00,59,86,01,54,5C,06,
297000,00000065,false,Rx,0,8,F5,02,01,00,00,00,00,00,
0,000002C4,false,Rx,0,8,09,20,00,00,F5,02,00,00,
0,000002C5,false,Rx,0,8,00,00,00,00,00,00,00,00,
343000,000002C6,false,Rx,0,8,32,00,7C,01,00,00,00,00,
346000,0000060D,false,Rx,0,8,0D,10,83,B6,09,20,70,00,
356000,00000054,false,Rx,0,8,01,05,EF,00,F5,02,00,00,
356000,00000055,false,Rx,0,8,10,27,00,00,00,00,00,00,
0,00000056,false,Rx,0,8,10,27,00,00,00,00,00,00,
0,00000057,false,Rx,0,8,00,00,FE,FF,FE,FF,00,00,
391000,00000625,false,Rx,0,8,25,00,59,86,01,54,5C,06,
446000,00000065,false,Rx,0,8,F5,02,01,00,00,00,00,00,
446000,0000060D,false,Rx,0,8,0D,10,83,B6,09,20,70,00,
491000,00000625,false,Rx,0,8,25,00,59,86,01,54,5C,06,
547000,0000060D,false,Rx,0,8,0D,10,83,B6,09,20,70,00,
556000,00000054,false,Rx,0,8,01,05,EF,00,F5,02,00,00,
556000,00000055,false,Rx,0,8,10,27,00,00,00,00,00,00,
557000,00000056,false,Rx,0,8,10,27,00,00,00,00,00,00,
557000,00000057,false,Rx,0,8,00,00,FE,FF,FE,FF,00,00,
0,000002C4,false,Rx,0,8,09,20,00,00,F5,02,00,00,
0,000002C5,false,Rx,0,8,00,00,00,00,00,00,00,00,
562000,000002C6,false,Rx,0,8,32,00,7C,01,00,00,00,00,
590000,00000625,false,Rx,0,8,25,00,59,86,01,54,5C,06,
596000,00000065,false,Rx,0,8,F5,02,01,00,00,00,00,00,
646000,0000060D,false,Rx,0,8,0D,10,83,B6,09,20,70,00,
690000,00000625,false,Rx,0,8,25,00,59,86,01,54,5C,06,
747000,0000060D,false,Rx,0,8,0D,10,83,B6,09,20,70,00,
756000,00000054,false,Rx,0,8,01,05,EF,00,F5,02,00,00,
756000,00000055,false,Rx,0,8,10,27,00,00,00,00,00,00,
757000,00000056,false,Rx,0,8,10,27,00,00,00,00,00,00,
757000,00000057,false,Rx,0,8,00,00,FE,FF,FE,FF,00,00,
0,000002C4,false,Rx,0,8,09,20,00,00,F5,02,00,00,
0,000002C5,false,Rx,0,8,00,00,00,00,00,00,00,00,
783000,000002C6,false,Rx,0,8,32,00,7C,01,00,00,00,00,
790000,00000625,false,Rx,0,8,25,00,59,86,01,54,5C,06,
846000,0000060D,false,Rx,0,8,0D,10,83,B6,09,20,70,00,
891000,00000625,false,Rx,0,8,25,00,59,86,01,54,5C,06,
946000,0000060D,false,Rx,0,8,0D,10,83,B6,09,20,70,00,
0,00000054,false,Rx,0,8,01,05,EF,00,F5,02,00,00,
0,00000055,false,Rx,0,8,10,27,00,00,00,00,00,00,
957000,00000056,false,Rx,0,8,10,27,00,00,00,00,00,00,
957000,00000057,false,Rx,0,8,00,00,FE,FF,FE,FF,00,00,
990000,00000625,false,Rx,0,8,25,00,59,86,01,54,5C,06,
1000,000002C4,false,Rx,0,8,09,20,00,00,F5,02,00,00,
1000,000002C5,false,Rx,0,8,00,00,00,00,00,00,00,00,
2000,000002C6,false,Rx,0,8,32,00,7C,01,00,00,00,00,
46000,0000060D,false,Rx,0,8,0D,10,83,B6,09,20,70,00,
90000,00000625,false,Rx,0,8,25,00,59,86,01,54,5C,06,
147000,0000060D,false,Rx,0,8,0D,10,83,B6,09,20,70,00,
0,00000054,false,Rx,0,8,01,05,EF,00,F5,02,00,00,
0,00000055,false,Rx,0,8,10,27,00,00,00,00,00,00,
0,00000056,false,Rx,0,8,10,27,00,00,00,00,00,00,
157000,00000057,false,Rx,0,8,00,00,FE,FF,FE,FF,00,00,
190000,00000625,false,Rx,0,8,25,00,59,86,01,54,5C,06,
222000,000002C4,false,Rx,0,8,09,20,00,00,F5,02,00,00,
222000,000002C5,false,Rx,0,8,00,00,00,00,00,00,00,00,
222000,000002C6,false,Rx,0,8,32,00,7C,01,00,00,00,00,
247000,0000060D,false,Rx,0,8,0D,10,83,B6,09,20,70,00,
291000,00000625,false,Rx,0,8,25,00,59,86,01,54,5C,06,
347000,0000060D,false,Rx,0,8,0D,10,83,B6,09,20,70,00,
357000,00000054,false,Rx,0,8,01,05,EF,00,F5,02,00,00,
357000,00000055,false,Rx,0,8,10,27,00,00,00,00,00,00,
0,00000056,false,Rx,0,8,10,27,00,00,00,00,00,00,
0,00000057,false,Rx,0,8,00,00,FE,FF,FE,FF,00,00,
392000,00000625,false,Rx,0,8,25,00,59,86,01,54,5C,06,
442000,000002C4,false,Rx,0,8,09,20,00,00,F5,02,00,00,
442000,000002C5,false,Rx,0,8,00,00,00,00,00,00,00,00,
442000,000002C6,false,Rx,0,8,32,00,7C,01,00,00,00,00,
447000,0000060D,false,Rx,0,8,0D,10,83,B6,09,20,70,00,
491000,00000625,false,Rx,0,8,25,00,59,86,01,54,5C,06,
546000,0000060D,false,Rx,0,8,0D,10,83,B6,09,20,70,00,
556000,00000054,false,Rx,0,8,01,05,EF,00,F5,02,00,00,
557000,00000055,false,Rx,0,8,10,27,00,00,00,00,00,00,
557000,00000056,false,Rx,0,8,10,27,00,00,00,00,00,00,
557000,00000057,false,Rx,0,8,00,00,FE,FF,FE,FF,00,00,
591000,00000625,false,Rx,0,8,25,00,59,86,01,54,5C,06,
647000,0000060D,false,Rx,0,8,0D,10,83,B6,09,20,70,00,
662000,000002C4,false,Rx,0,8,09,20,00,00,F5,02,00,00,
662000,000002C5,false,Rx,0,8,00,00,00,00,00,00,00,00,
663000,000002C6,false,Rx,0,8,32,00,7C,01,00,00,00,00,
690000,00000625,false,Rx,0,8,25,00,59,86,01,54,5C,06,
747000,0000060D,false,Rx,0,8,0D,10,83,B6,09,20,70,00,
757000,00000054,false,Rx,0,8,01,05,EF,00,F5,02,00,00,
757000,00000055,false,Rx,0,8,10,27,00,00,00,00,00,00,
757000,00000056,false,Rx,0,8,10,27,00,00,00,00,00,00,
757000,00000057,false,Rx,0,8,00,00,FE,FF,FE,FF,00,00,
790000,00000625,false,Rx,0,8,25,00,59,86,01,54,5C,06,
847000,0000060D,false,Rx,0,8,0D,10,83,B6,09,20,70,00,
881000,000002C4,false,Rx,0,8,09,20,00,00,F5,02,00,00,
882000,000002C5,false,Rx,0,8,00,00,00,00,00,00,00,00,
882000,000002C6,false,Rx,0,8,32,00,7C,01,00,00,00,00,
891000,00000625,false,Rx,0,8,25,00,59,86,01,54,5C,06,
947000,0000060D,false,Rx,0,8,0D,10,83,B6,09,20,70,00,
957000,00000054,false,Rx,0,8,01,05,EF,00,F5,02,00,00,
957000,00000055,false,Rx,0,8,10,27,00,00,00,00,00,00,
0,00000056,false,Rx,0,8,10,27,00,00,00,00,00,00,
0,00000057,false,Rx,0,8,00,00,FE,FF,FE,FF,00,00,
990000,00000625,false,Rx,0,8,25,00,59,86,01,54,5C,06,
47000,0000060D,false,Rx,0,8,0D,10,83,B6,09,20,70,00,
91000,00000625,false,Rx,0,8,25,00,59,86,01,54,5C,06,
102000,000002C4,false,Rx,0,8,09,20,00,00,F5,02,00,00,
102000,000002C5,false,Rx,0,8,00,00,00,00,00,00,00,00,
103000,000002C6,false,Rx,0,8,32,00,7C,01,00,00,00,00,
147000,0000060D,false,Rx,0,8,0D,10,83,B6,09,20,70,00,
0,00000054,false,Rx,0,8,01,05,EF,00,F5,02,00,00,
0,00000055,false,Rx,0,8,10,27,00,00,00,00,00,00,
0,00000056,false,Rx,0,8,10,27,00,00,00,00,00,00,
157000,00000057,false,Rx,0,8,00,00,FE,FF,FE,FF,00,00,
190000,00000625,false,Rx,0,8,25,00,59,86,01,54,5C,06,
248000,0000060D,false,Rx,0,8,0D,10,83,B6,09,20,70,00,
290000,00000625,false,Rx,0,8,25,00,59,86,01,54,5C,06,
322000,000002C4,false,Rx,0,8,09,20,00,00,F5,02,00,00,
322000,000002C5,false,Rx,0,8,00,00,00,00,00,00,00,00,
323000,000002C6,false,Rx,0,8,32,00,7C,01,00,00,00,00,
347000,0000060D,false,Rx,0,8,0D,10,83,B6,09,20,70,00,
356000,00000054,false,Rx,0,8,01,05,EF,00,F5,02,00,00,
357000,00000055,false,Rx,0,8,10,27,00,00,00,00,00,00,
