Time Stamp,ID,Extended,Dir,Bus,LEN,D1,D2,D3,D4,D5,D6,D7,D8
54000,000002C4,false,Rx,0,8,09,20,00,00,D6,02,00,00,
54000,000002C5,false,Rx,0,8,00,00,00,00,00,00,00,00,
55000,000002C6,false,Rx,0,8,32,00,7C,01,00,00,00,00,
83000,00000625,false,Rx,0,8,25,00,59,86,01,54,5C,06,
144000,0000060D,false,Rx,0,8,0D,10,83,B6,09,20,70,00,
154000,00000054,false,Rx,0,8,01,05,EF,00,D6,02,00,00,
154000,00000055,false,Rx,0,8,10,27,00,00,00,00,00,00,
155000,00000056,false,Rx,0,8,10,27,00,00,00,00,00,00,
155000,00000057,false,Rx,0,8,00,00,FE,FF,FE,FF,00,00,
183000,00000625,false,Rx,0,8,25,00,59,86,01,54,5C,06,
244000,0000060D,false,Rx,0,8,0D,10,83,B6,09,20,70,00,
274000,000002C4,false,Rx,0,8,09,20,00,00,D6,02,00,00,
274000,000002C5,false,Rx,0,8,00,00,00,00,00,00,00,00,
275000,000002C6,false,Rx,0,8,32,00,7C,01,00,00,00,00,
282000,00000625,false,Rx,0,8,25,00,59,86,01,54,5C,06,
344000,0000060D,false,Rx,0,8,0D,10,83,B6,09,20,70,00,
0,00000054,false,Rx,0,8,01,05,EF,00,D6,02,00,00,
0,00000055,false,Rx,0,8,10,27,00,00,00,00,00,00,
355000,00000056,false,Rx,0,8,10,27,00,00,00,00,00,00,
355000,00000057,false,Rx,0,8,00,00,FE,FF,FE,FF,00,00,
382000,00000625,false,Rx,0,8,25,00,59,86,01,54,5C,06,
444000,0000060D,false,Rx,0,8,0D,10,83,B6,09,20,70,00,
483000,00000625,false,Rx,0,8,25,00,59,86,01,54,5C,06,
494000,000002C4,false,Rx,0,8,09,20,00,00,D6,02,00,00,
494000,000002C5,false,Rx,0,8,00,00,00,00,00,00,00,00,
494000,000002C6,false,Rx,0,8,32,00,7C,01,00,00,00,00,
544000,0000060D,false,Rx,0,8,0D,10,83,B6,09,20,70,00,
554000,00000054,false,Rx,0,8,01,05,EF,00,D6,02,00,00,
555000,00000055,false,Rx,0,8,10,27,00,00,00,00,00,00,
0,00000056,false,Rx,0,8,10,27,00,00,00,00,00,00,
0,00000057,false,Rx,0,8,00,00,FE,FF,FE,FF,00,00,
582000,00000625,false,Rx,0,8,25,00,59,86,01,54,5C,06,
644000,0000060D,false,Rx,0,8,0D,10,83,B6,09,20,70,00,
682000,00000625,false,Rx,0,8,25,00,59,86,01,54,5C,06,
0,000002C4,false,Rx,0,8,09,20,00,00,D6,02,00,00,
0,000002C5,false,Rx,0,8,00,00,00,00,00,00,00,00,
0,000002C6,false,Rx,0,8,32,00,7C,01,00,00,00,00,
744000,0000060D,false,Rx,0,8,0D,10,83,B6,09,20,70,00,
754000,00000054,false,Rx,0,8,01,05,EF,00,D6,02,00,00,
755000,00000055,false,Rx,0,8,10,27,00,00,00,00,00,00,
755000,00000056,false,Rx,0,8,10,27,00,00,00,00,00,00,
755000,00000057,false,Rx,0,8,00,00,FE,FF,FE,FF,00,00,
783000,00000625,false,Rx,0,8,25,00,59,86,01,54,5C,06,
845000,0000060D,false,Rx,0,8,0D,10,83,B6,09,20,70,00,
882000,00000625,false,Rx,0,8,25,00,59,86,01,54,5C,06,
934000,000002C4,false,Rx,0,8,09,20,00,00,D6,02,00,00,
934000,000002C5,false,Rx,0,8,00,00,00,00,00,00,00,00,
935000,000002C6,false,Rx,0,8,32,00,7C,01,00,00,00,00,
944000,0000060D,false,Rx,0,8,0D,10,83,B6,09,20,70,00,
954000,00000054,false,Rx,0,8,01,05,EF,00,D6,02,00,00,
954000,00000055,false,Rx,0,8,10,27,00,00,00,00,00,00,
954000,00000056,false,Rx,0,8,10,27,00,00,00,00,00,00,
954000,00000057,false,Rx,0,8,00,00,FE,FF,FE,FF,00,00,
983000,00000625,false,Rx,0,8,25,00,59,86,01,54,5C,06,
44000,0000060D,false,Rx,0,8,0D,10,83,B6,09,20,70,00,
83000,00000625,false,Rx,0,8,25,00,59,86,01,54,5C,06,
144000,0000060D,false,Rx,0,8,0D,10,83,B6,09,20,70,00,
154000,00000054,false,Rx,0,8,01,05,EF,00,D6,02,00,00,
154000,000002C4,false,Rx,0,8,09,20,00,00,D6,02,00,00,
155000,00000055,false,Rx,0,8,10,27,00,00,00,00,00,00,
155000,000002C5,false,Rx,0,8,00,00,00,00,00,00,00,00,
155000,00000056,false,Rx,0,8,10,27,00,00,00,00,00,00,
155000,000002C6,false,Rx,0,8,32,00,7C,01,00,00,00,00,
155000,00000057,false,Rx,0,8,00,00,FE,FF,FE,FF,00,00,
184000,00000625,false,Rx,0,8,25,00,59,86,01,54,5C,06,
244000,0000060D,false,Rx,0,8,0D,10,83,B6,09,20,70,00,
283000,00000625,false,Rx,0,8,25,00,59,86,01,54,5C,06,
344000,0000060D,false,Rx,0,8,0D,10,83,B6,09,20,70,00,
354000,00000054,false,Rx,0,8,01,05,EF,00,D6,02,00,00,
354000,00000055,false,Rx,0,8,10,27,00,00,00,00,00,00,
0,00000056,false,Rx,0,8,10,27,00,00,00,00,00,00,
0,00000057,false,Rx,0,8,00,00,FE,FF,FE,FF,00,00,
374000,000002C4,false,Rx,0,8,09,20,00,00,D6,02,00,00,
374000,000002C5,false,Rx,0,8,00,00,00,00,00,00,00,00,
374000,000002C6,false,Rx,0,8,32,00,7C,01,00,00,00,00,
383000,00000625,false,Rx,0,8,25,00,59,86,01,54,5C,06,
444000,0000060D,false,Rx,0,8,0D,10,83,B6,09,20,70,00,
482000,00000625,false,Rx,0,8,25,00,59,86,01,54,5C,06,
544000,0000060D,false,Rx,0,8,0D,10,83,B6,09,20,70,00,
554000,00000054,false,Rx,0,8,01,05,EF,00,D6,02,00,00,
554000,00000055,false,Rx,0,8,10,27,00,00,00,00,00,00,
555000,00000056,false,Rx,0,8,10,27,00,00,00,00,00,00,
555000,00000057,false,Rx,0,8,00,00,FE,FF,FE,FF,00,00,
583000,00000625,false,Rx,0,8,25,00,59,86,01,54,5C,06,
0,000002C4,false,Rx,0,8,09,20,00,00,D6,02,00,00,
0,000002C5,false,Rx,0,8,00,00,00,00,00,00,00,00,
595000,000002C6,false,Rx,0,8,32,00,7C,01,00,00,00,00,
644000,0000060D,false,Rx,0,8,0D,10,83,B6,09,20,70,00,
683000,00000625,false,Rx,0,8,25,00,59,86,01,54,5C,06,
745000,0000060D,false,Rx,0,8,0D,10,83,B6,09,20,70,00,
754000,00000054,false,Rx,0,8,01,05,EF,00,D6,02,00,00,
754000,00000055,false,Rx,0,8,10,27,00,00,00,00,00,00,
754000,00000056,false,Rx,0,8,10,27,00,00,00,00,00,00,
755000,00000057,false,Rx,0,8,00,00,FE,FF,FE,FF,00,00,
783000,00000625,false,Rx,0,8,25,00,59,86,01,54,5C,06,
0,000002C4,false,Rx,0,8,09,20,00,00,D6,02,00,00,
0,000002C5,false,Rx,0,8,00,00,00,00,00,00,00,00,
814000,000002C6,false,Rx,0,8,32,00,7C,01,00,00,00,00,
845000,0000060D,false,Rx,0,8,0D,10,83,B6,09,20,70,00,
884000,00000625,false,Rx,0,8,25,00,59,86,01,54,5C,06,
945000,0000060D,false,Rx,0,8,0D,10,83,B6,09,20,70,00,
955000,00000054,false,Rx,0,8,01,05,EF,00,D6,02,00,00,
955000,00000055,false,Rx,0,8,10,27,00,00,00,00,00,00,
955000,00000056,false,Rx,0,8,10,27,00,00,00,00,00,00,
955000,00000057,false,Rx,0,8,00,00,FE,FF,FE,FF,00,00,
983000,00000625,false,Rx,0,8,25,00,59,86,01,54,5C,06,
34000,000002C4,false,Rx,0,8,09,20,00,00,D6,02,00,00,
34000,000002C5,false,Rx,0,8,00,00,00,00,00,00,00,00,
35000,000002C6,false,Rx,0,8,32,00,7C,01,00,00,00,00,
44000,0000060D,false,Rx,0,8,0D,10,83,B6,09,20,70,00,
83000,00000625,false,Rx,0,8,25,00,59,86,01,54,5C,06,
144000,0000060D,false,Rx,0,8,0D,10,83,B6,09,20,70,00,
154000,00000054,false,Rx,0,8,01,05,EF,00,D6,02,00,00,
154000,00000055,false,Rx,0,8,10,27,00,00,00,00,00,00,
154000,00000056,false,Rx,0,8,10,27,00,00,00,00,00,00,
154000,00000057,false,Rx,0,8,00,00,FE,FF,FE,FF,00,00,
183000,00000625,false,Rx,0,8,25,00,59,86,01,54,5C,06,
244000,0000060D,false,Rx,0,8,0D,10,83,B6,09,20,70,00,
254000,000002C4,false,Rx,0,8,09,20,00,00,D6,02,00,00,
254000,000002C5,false,Rx,0,8,00,00,00,00,00,00,00,00,
255000,000002C6,false,Rx,0,8,32,00,7C,01,00,00,00,00,
283000,00000625,false,Rx,0,8,25,00,59,86,01,54,5C,06,
344000,0000060D,false,Rx,0,8,0D,10,83,B6,09,20,70,00,
353000,00000054,false,Rx,0,8,01,05,EF,00,D6,02,00,00,
354000,00000055,false,Rx,0,8,10,27,00,00,00,00,00,00,
354000,00000056,false,Rx,0,8,10,27,00,00,00,00,00,00,
354000,00000057,false,Rx,0,8,00,00,FE,FF,FE,FF,00,00,
383000,00000625,false,Rx,0,8,25,00,59,86,01,54,5C,06,
444000,0000060D,false,Rx,0,8,0D,10,83,B6,09,20,70,00,
0,000002C4,false,Rx,0,8,09,20,00,00,D6,02,00,00,
0,000002C5,false,Rx,0,8,00,00,00,00,00,00,00,00,
475000,000002C6,false,Rx,0,8,32,00,7C,01,00,00,00,00,
483000,00000625,false,Rx,0,8,25,00,59,86,01,54,5C,06,
544000,0000060D,false,Rx,0,8,0D,10,83,B6,09,20,70,00,
0,00000054,false,Rx,0,8,01,05,EF,00,D6,02,00,00,
0,00000055,false,Rx,0,8,10,27,00,00,00,00,00,00,
555000,00000056,false,Rx,0,8,10,27,00,00,00,00,00,00,
555000,00000057,false,Rx,0,8,00,00,FE,FF,FE,FF,00,00,
583000,00000625,false,Rx,0,8,25,00,59,86,01,54,5C,06,
644000,0000060D,false,Rx,0,8,0D,10,83,B6,09,20,70,00,
683000,00000625,false,Rx,0,8,25,00,59,86,01,54,5C,06,
694000,000002C4,false,Rx,0,8,09,20,00,00,D6,02,00,00,
694000,000002C5,false,Rx,0,8,00,00,00,00,00,00,00,00,
695000,000002C6,false,Rx,0,8,32,00,7C,01,00,00,00,00,
744000,0000060D,false,Rx,0,8,0D,10,83,B6,09,20,70,00,
0,00000054,false,Rx,0,8,01,05,EF,00,D6,02,00,00,
0,00000055,false,Rx,0,8,10,27,00,00,00,00,00,00,
0,00000056,false,Rx,0,8,10,27,00,00,00,00,00,00,
755000,00000057,false,Rx,0,8,00,00,FE,FF,FE,FF,00,00,
783000,00000625,false,Rx,0,8,25,00,59,86,01,54,5C,06,
844000,0000060D,false,Rx,0,8,0D,10,83,B6,09,20,70,00,
883000,00000625,false,Rx,0,8,25,00,59,86,01,54,5C,06,
0,000002C4,false,Rx,0,8,09,20,00,00,D6,02,00,00,
0,000002C5,false,Rx,0,8,00,00,00,00,00,00,00,00,
915000,000002C6,false,Rx,0,8,32,00,7C,01,00,00,00,00,
944000,0000060D,false,Rx,0,8,0D,10,83,B6,09,20,70,00,
955000,00000054,false,Rx,0,8,01,05,EF,00,D6,02,00,00,
955000,00000055,false,Rx,0,8,10,27,00,00,00,00,00,00,
0,00000056,false,Rx,0,8,10,27,00,00,00,00,00,00,
0,00000057,false,Rx,0,8,00,00,FE,FF,FE,FF,00,00,
983000,00000625,false,Rx,0,8,25,00,59,86,01,54,5C,06,
44000,0000060D,false,Rx,0,8,0D,10,83,B6,09,20,70,00,
83000,00000625,false,Rx,0,8,25,00,59,86,01,54,5C,06,
134000,000002C4,false,Rx,0,8,09,20,00,00,D6,02,00,00,
134000,000002C5,false,Rx,0,8,00,00,00,00,00,00,00,00,
134000,000002C6,false,Rx,0,8,32,00,7C,01,00,00,00,00,
144000,0000060D,false,Rx,0,8,0D,10,83,B6,09,20,70,00,
154000,00000054,false,Rx,0,8,01,05,EF,00,D6,02,00,00,
154000,00000055,false,Rx,0,8,10,27,00,00,00,00,00,00,
155000,00000056,false,Rx,0,8,10,27,00,00,00,00,00,00,
155000,00000057,false,Rx,0,8,00,00,FE,FF,FE,FF,00,00,
183000,00000625,false,Rx,0,8,25,00,59,86,01,54,5C,06,
244000,0000060D,false,Rx,0,8,0D,10,83,B6,09,20,70,00,
283000,00000625,false,Rx,0,8,25,00,59,86,01,54,5C,06,
344000,0000060D,false,Rx,0,8,0D,10,83,B6,09,20,70,00,
353000,00000054,false,Rx,0,8,01,05,EF,00,D6,02,00,00,
0,000002C4,false,Rx,0,8,09,20,00,00,D6,02,00,00,
0,00000055,false,Rx,0,8,10,27,00,00,00,00,00,00,
354000,000002C5,false,Rx,0,8,00,00,00,00,00,00,00,00,
354000,00000056,false,Rx,0,8,10,27,00,00,00,00,00,00,
354000,000002C6,false,Rx,0,8,32,00,7C,01,00,00,00,00,
354000,00000057,false,Rx,0,8,00,00,FE,FF,FE,FF,00,00,
383000,00000625,false,Rx,0,8,25,00,59,86,01,54,5C,06,
444000,0000060D,false,Rx,0,8,0D,10,83,B6,09,20,70,00,
483000,00000625,false,Rx,0,8,25,00,59,86,01,54,5C,06,
544000,0000060D,false,Rx,0,8,0D,10,83,B6,09,20,70,00,
0,00000054,false,Rx,0,8,01,05,EF,00,D6,02,00,00,
0,00000055,false,Rx,0,8,10,27,00,00,00,00,00,00,
0,00000056,false,Rx,0,8,10,27,00,00,00,00,00,00,
0,00000057,false,Rx,0,8,00,00,FE,FF,FE,FF,00,00,
574000,000002C4,false,Rx,0,8,09,20,00,00,D6,02,00,00,
574000,000002C5,false,Rx,0,8,00,00,00,00,00,00,00,00,
575000,000002C6,false,Rx,0,8,32,00,7C,01,00,00,00,00,
583000,00000625,false,Rx,0,8,25,00,59,86,01,54,5C,06,
645000,0000060D,false,Rx,0,8,0D,10,83,B6,09,20,70,00,
683000,00000625,false,Rx,0,8,25,00,59,86,01,54,5C,06,
745000,0000060D,false,Rx,0,8,0D,10,83,B6,09,20,70,00,
0,00000054,false,Rx,0,8,01,05,EF,00,D6,02,00,00,
0,00000055,false,Rx,0,8,10,27,00,00,00,00,00,00,
755000,00000056,false,Rx,0,8,10,27,00,00,00,00,00,00,
756000,00000057,false,Rx,0,8,00,00,FE,FF,FE,FF,00,00,
784000,00000625,false,Rx,0,8,25,00,59,86,01,54,5C,06,
794000,000002C4,false,Rx,0,8,09,20,00,00,D6,02,00,00,
794000,000002C5,false,Rx,0,8,00,00,00,00,00,00,00,00,
794000,000002C6,false,Rx,0,8,32,00,7C,01,00,00,00,00,
844000,0000060D,false,Rx,0,8,0D,10,83,B6,09,20,70,00,
882000,00000625,false,Rx,0,8,25,00,59,86,01,54,5C,06,
944000,0000060D,false,Rx,0,8,0D,10,83,B6,09,20,70,00,
954000,00000054,false,Rx,0,8,01,05,EF,00,D6,02,00,00,
954000,00000055,false,Rx,0,8,10,27,00,00,00,00,00,00,
955000,00000056,false,Rx,0,8,10,27,00,00,00,00,00,00,
955000,00000057,false,Rx,0,8,00,00,FE,FF,FE,FF,00,00,
983000,00000625,false,Rx,0,8,25,00,59,86,01,54,5C,06,
0,000002C4,false,Rx,0,8,09,20,00,00,D6,02,00,00,
0,000002C5,false,Rx,0,8,00,00,00,00,00,00,00,00,
0,000002C6,false,Rx,0,8,32,00,7C,01,00,00,00,00,
44000,0000060D,false,Rx,0,8,0D,10,83,B6,09,20,70,00,
83000,00000625,false,Rx,0,8,25,00,59,86,01,54,5C,06,
144000,0000060D,false,Rx,0,8,0D,10,83,B6,09,20,70,00,
154000,00000054,false,Rx,0,8,01,05,EF,00,D6,02,00,00,
154000,00000055,false,Rx,0,8,10,27,00,00,00,00,00,00,
155000,00000056,false,Rx,0,8,10,27,00,00,00,00,00,00,
155000,00000057,false,Rx,0,8,00,00,FE,FF,FE,FF,00,00,
183000,00000625,false,Rx,0,8,25,00,59,86,01,54,5C,06,
0,000002C4,false,Rx,0,8,09,20,00,00,D6,02,00,00,
0,000002C5,false,Rx,0,8,00,00,00,00,00,00,00,00,
235000,000002C6,false,Rx,0,8,32,00,7C,01,00,00,00,00,
245000,0000060D,false,Rx,0,8,0D,10,83,B6,09,20,70,00,
284000,00000625,false,Rx,0,8,25,00,59,86,01,54,5C,06,
344000,0000060D,false,Rx,0,8,0D,10,83,B6,09,20,70,00,
354000,00000054,false,Rx,0,8,01,05,EF,00,D6,02,00,00,
354000,00000055,false,Rx,0,8,10,27,00,00,00,00,00,00,
354000,00000056,false,Rx,0,8,10,27,00,00,00,00,00,00,
354000,00000057,false,Rx,0,8,00,00,FE,FF,FE,FF,00,00,
382000,00000625,false,Rx,0,8,25,00,59,86,01,54,5C,06,
445000,0000060D,false,Rx,0,8,0D,10,83,B6,09,20,70,00,
0,000002C4,false,Rx,0,8,09,20,00,00,D6,02,00,00,
0,000002C5,false,Rx,0,8,00,00,00,00,00,00,00,00,
455000,000002C6,false,Rx,0,8,32,00,7C,01,00,00,00,00,
483000,00000625,false,Rx,0,8,25,00,59,86,01,54,5C,06,
544000,0000060D,false,Rx,0,8,0D,10,83,B6,09,20,70,00,
554000,00000054,false,Rx,0,8,01,05,EF,00,D6,02,00,00,
554000,00000055,false,Rx,0,8,10,27,00,00,00,00,00,00,
554000,00000056,false,Rx,0,8,10,27,00,00,00,00,00,00,
555000,00000057,false,Rx,0,8,00,00,FE,FF,FE,FF,00,00,
583000,00000625,false,Rx,0,8,25,00,59,86,01,54,5C,06,
644000,0000060D,false,Rx,0,8,0D,10,83,B6,09,20,70,00,
674000,000002C4,false,Rx,0,8,09,20,00,00,D6,02,00,00,
674000,000002C5,false,Rx,0,8,00,00,00,00,00,00,00,00,
674000,000002C6,false,Rx,0,8,32,00,7C,01,00,00,00,00,
683000,00000625,false,Rx,0,8,25,00,59,86,01,54,5C,06,
744000,0000060D,false,Rx,0,8,0D,10,83,B6,09,20,70,00,
0,00000054,false,Rx,0,8,01,05,EF,00,D6,02,00,00,
0,00000055,false,Rx,0,8,10,27,00,00,00,00,00,00,
0,00000056,false,Rx,0,8,10,27,00,00,00,00,00,00,
0,00000057,false,Rx,0,8,00,00,FE,FF,FE,FF,00,00,
783000,00000625,false,Rx,0,8,25,00,59,86,01,54,5C,06,
845000,0000060D,false,Rx,0,8,0D,10,83,B6,09,20,70,00,
883000,00000625,false,Rx,0,8,25,00,59,86,01,54,5C,06,
894000,000002C4,false,Rx,0,8,09,20,00,00,D6,02,00,00,
895000,000002C5,false,Rx,0,8,00,00,00,00,00,00,00,00,
895000,000002C6,false,Rx,0,8,32,00,7C,01,00,00,00,00,
945000,0000060D,false,Rx,0,8,0D,10,83,B6,09,20,70,00,
0,00000054,false,Rx,0,8,01,05,EF,00,D6,02,00,00,
0,00000055,false,Rx,0,8,10,27,00,00,00,00,00,00,
0,00000056,false,Rx,0,8,10,27,00,00,00,00,00,00,
955000,00000057,false,Rx,0,8,00,00,FE,FF,FE,FF,00,00,
983000,00000625,false,Rx,0,8,25,00,59,86,01,54,5C,06,
44000,0000060D,false,Rx,0,8,0D,10,83,B6,09,20,70,00,
83000,00000625,false,Rx,0,8,25,00,59,86,01,54,5C,06,
114000,000002C4,false,Rx,0,8,09,20,00,00,D6,02,00,00,
114000,000002C5,false,Rx,0,8,00,00,00,00,00,00,00,00,
115000,000002C6,false,Rx,0,8,32,00,7C,01,00,00,00,00,
145000,0000060D,false,Rx,0,8,0D,10,83,B6,09,20,70,00,
154000,00000054,false,Rx,0,8,01,05,EF,00,D6,02,00,00,
154000,00000055,false,Rx,0,8,10,27,00,00,00,00,00,00,
154000,00000056,false,Rx,0,8,10,27,00,00,00,00,00,00,
154000,00000057,false,Rx,0,8,00,00,FE,FF,FE,FF,00,00,
183000,00000625,false,Rx,0,8,25,00,59,86,01,54,5C,06,
244000,0000060D,false,Rx,0,8,0D,10,83,B6,09,20,70,00,
284000,00000625,false,Rx,0,8,25,00,59,86,01,54,5C,06,
334000,000002C4,false,Rx,0,8,09,20,00,00,D6,02,00,00,
334000,000002C5,false,Rx,0,8,00,00,00,00,00,00,00,00,
335000,000002C6,false,Rx,0,8,32,00,7C,01,00,00,00,00,
345000,0000060D,false,Rx,0,8,0D,10,83,B6,09,20,70,00,
354000,00000054,false,Rx,0,8,01,05,EF,00,D6,02,00,00,
354000,00000055,false,Rx,0,8,10,27,00,00,00,00,00,00,
354000,00000056,false,Rx,0,8,10,27,00,00,00,00,00,00,
354000,00000057,false,Rx,0,8,00,00,FE,FF,FE,FF,00,00,
383000,00000625,false,Rx,0,8,25,00,59,86,01,54,5C,06,
444000,0000060D,false,Rx,0,8,0D,10,83,B6,09,20,70,00,
483000,00000625,false,Rx,0,8,25,00,59,86,01,54,5C,06,
485000,00000065,false,Rx,0,8,D3,02,03,00,00,00,00,00,
544000,0000060D,false,Rx,0,8,0D,10,83,B6,09,20,70,00,
554000,00000054,false,Rx,0,8,01,05,EF,00,D3,02,00,00,
554000,000002C4,false,Rx,0,8,09,20,00,00,D6,02,00,00,
555000,00000055,false,Rx,0,8,10,27,00,00,00,00,00,00,
555000,000002C5,false,Rx,0,8,00,00,00,00,00,00,00,00,
555000,00000056,false,Rx,0,8,10,27,00,00,00,00,00,00,
555000,000002C6,false,Rx,0,8,32,00,7C,01,00,00,00,00,
556000,00000057,false,Rx,0,8,00,00,FE,FF,FE,FF,00,00,
583000,00000625,false,Rx,0,8,25,00,59,86,01,54,5C,06,
634000,00000065,false,Rx,0,8,D3,02,03,00,00,00,00,00,
645000,0000060D,false,Rx,0,8,0D,10,83,B6,09,20,70,00,
683000,00000625,false,Rx,0,8,25,00,59,86,01,54,5C,06,
744000,0000060D,false,Rx,0,8,0D,10,83,B6,09,20,70,00,
754000,00000054,false,Rx,0,8,01,05,EF,00,D3,02,00,00,
754000,00000055,false,Rx,0,8,10,27,00,00,00,00,00,00,
755000,00000056,false,Rx,0,8,10,27,00,00,00,00,00,00,
755000,00000057,false,Rx,0,8,00,00,FE,FF,FE,FF,00,00,
774000,000002C4,false,Rx,0,8,09,20,00,00,D3,02,00,00,
774000,000002C5,false,Rx,0,8,00,00,00,00,00,00,00,00,
775000,000002C6,false,Rx,0,8,32,00,7C,01,00,00,00,00,
784000,00000625,false,Rx,0,8,25,00,59,86,01,54,5C,06,
785000,00000065,false,Rx,0,8,D3,02,03,00,00,00,00,00,
844000,0000060D,false,Rx,0,8,0D,10,83,B6,09,20,70,00,
883000,00000625,false,Rx,0,8,25,00,59,86,01,54,5C,06,
934000,00000065,false,Rx,0,8,D3,02,03,00,00,00,00,00,
944000,0000060D,false,Rx,0,8,0D,10,83,B6,09,20,70,00,
0,00000054,false,Rx,0,8,01,05,EF,00,D3,02,00,00,
0,00000055,false,Rx,0,8,10,27,00,00,00,00,00,00,
955000,00000056,false,Rx,0,8,10,27,00,00,00,00,00,00,
955000,00000057,false,Rx,0,8,00,00,FE,FF,FE,FF,00,00,
983000,00000625,false,Rx,0,8,25,00,59,86,01,54,5C,06,
995000,000002C4,false,Rx,0,8,09,20,00,00,D3,02,00,00,
995000,000002C5,false,Rx,0,8,00,00,00,00,00,00,00,00,
995000,000002C6,false,Rx,0,8,32,00,7C,01,00,00,00,00,
44000,0000060D,false,Rx,0,8,0D,10,83,B6,09,20,70,00,
84000,00000625,false,Rx,0,8,25,00,59,86,01,54,5C,06,
144000,0000060D,false,Rx,0,8,0D,10,83,B6,09,20,70,00,
0,00000054,false,Rx,0,8,01,05,EF,00,D3,02,00,00,
0,00000055,false,Rx,0,8,10,27,00,00,00,00,00,00,
154000,00000056,false,Rx,0,8,10,27,00,00,00,00,00,00,
154000,00000057,false,Rx,0,8,00,00,FE,FF,FE,FF,00,00,
183000,00000625,false,Rx,0,8,25,00,59,86,01,54,5C,06,
214000,000002C4,false,Rx,0,8,09,20,00,00,D3,02,00,00,
214000,000002C5,false,Rx,0,8,00,00,00,00,00,00,00,00,
214000,000002C6,false,Rx,0,8,32,00,7C,01,00,00,00,00,
244000,0000060D,false,Rx,0,8,0D,10,83,B6,09,20,70,00,
283000,00000625,false,Rx,0,8,25,00,59,86,01,54,5C,06,
344000,0000060D,false,Rx,0,8,0D,10,83,B6,09,20,70,00,
354000,00000054,false,Rx,0,8,01,05,EF,00,D3,02,00,00,
354000,00000055,false,Rx,0,8,10,27,00,00,00,00,00,00,
354000,00000056,false,Rx,0,8,10,27,00,00,00,00,00,00,
355000,00000057,false,Rx,0,8,00,00,FE,FF,FE,FF,00,00,
383000,00000625,false,Rx,0,8,25,00,59,86,01,54,5C,06,
0,000002C4,false,Rx,0,8,09,20,00,00,D3,02,00,00,
0,000002C5,false,Rx,0,8,00,00,00,00,00,00,00,00,
435000,000002C6,false,Rx,0,8,32,00,7C,01,00,00,00,00,
444000,0000060D,false,Rx,0,8,0D,10,83,B6,09,20,70,00,
483000,00000625,false,Rx,0,8,25,00,59,86,01,54,5C,06,
545000,0000060D,false,Rx,0,8,0D,10,83,B6,09,20,70,00,
554000,00000054,false,Rx,0,8,01,05,EF,00,D3,02,00,00,
554000,00000055,false,Rx,0,8,10,27,00,00,00,00,00,00,
554000,00000056,false,Rx,0,8,10,27,00,00,00,00,00,00,
555000,00000057,false,Rx,0,8,00,00,FE,FF,FE,FF,00,00,
583000,00000625,false,Rx,0,8,25,00,59,86,01,54,5C,06,
644000,0000060D,false,Rx,0,8,0D,10,83,B6,09,20,70,00,
0,000002C4,false,Rx,0,8,09,20,00,00,D3,02,00,00,
0,000002C5,false,Rx,0,8,00,00,00,00,00,00,00,00,
655000,000002C6,false,Rx,0,8,32,00,7C,01,00,00,00,00,
683000,00000625,false,Rx,0,8,25,00,59,86,01,54,5C,06,
744000,0000060D,false,Rx,0,8,0D,10,83,B6,09,20,70,00,
754000,00000054,false,Rx,0,8,01,05,EF,00,D3,02,00,00,
754000,00000055,false,Rx,0,8,10,27,00,00,00,00,00,00,
0,00000056,false,Rx,0,8,10,27,00,00,00,00,00,00,
0,00000057,false,Rx,0,8,00,00,FE,FF,FE,FF,00,00,
784000,00000625,false,Rx,0,8,25,00,59,86,01,54,5C,06,
844000,0000060D,false,Rx,0,8,0D,10,83,B6,09,20,70,00,
0,000002C4,false,Rx,0,8,09,20,00,00,D3,02,00,00,
0,000002C5,false,Rx,0,8,00,00,00,00,00,00,00,00,
875000,000002C6,false,Rx,0,8,32,00,7C,01,00,00,00,00,
883000,00000625,false,Rx,0,8,25,00,59,86,01,54,5C,06,
944000,0000060D,false,Rx,0,8,0D,10,83,B6,09,20,70,00,
954000,00000054,false,Rx,0,8,01,05,EF,00,D3,02,00,00,
955000,00000055,false,Rx,0,8,10,27,00,00,00,00,00,00,
0,00000056,false,Rx,0,8,10,27,00,00,00,00,00,00,
0,00000057,false,Rx,0,8,00,00,FE,FF,FE,FF,00,00,
983000,00000625,false,Rx,0,8,25,00,59,86,01,54,5C,06,
44000,0000060D,false,Rx,0,8,0D,10,83,B6,09,20,70,00,
83000,00000625,false,Rx,0,8,25,00,59,86,01,54,5C,06,
0,000002C4,false,Rx,0,8,09,20,00,00,D3,02,00,00,
0,000002C5,false,Rx,0,8,00,00,00,00,00,00,00,00,
95000,000002C6,false,Rx,0,8,32,00,7C,01,00,00,00,00,
144000,0000060D,false,Rx,0,8,0D,10,83,B6,09,20,70,00,
154000,00000054,false,Rx,0,8,01,05,EF,00,D3,02,00,00,
154000,00000055,false,Rx,0,8,10,27,00,00,00,00,00,00,
154000,00000056,false,Rx,0,8,10,27,00,00,00,00,00,00,
155000,00000057,false,Rx,0,8,00,00,FE,FF,FE,FF,00,00,
183000,00000625,false,Rx,0,8,25,00,59,86,01,54,5C,06,
244000,0000060D,false,Rx,0,8,0D,10,83,B6,09,20,70,00,
283000,00000625,false,Rx,0,8,25,00,59,86,01,54,5C,06,
314000,000002C4,false,Rx,0,8,09,20,00,00,D3,02,00,00,
314000,000002C5,false,Rx,0,8,00,00,00,00,00,00,00,00,
314000,000002C6,false,Rx,0,8,32,00,7C,01,00,00,00,00,
344000,0000060D,false,Rx,0,8,0D,10,83,B6,09,20,70,00,
354000,00000054,false,Rx,0,8,01,05,EF,00,D3,02,00,00,
354000,00000055,false,Rx,0,8,10,27,00,00,00,00,00,00,
355000,00000056,false,Rx,0,8,10,27,00,00,00,00,00,00,
355000,00000057,false,Rx,0,8,00,00,FE,FF,FE,FF,00,00,
383000,00000625,false,Rx,0,8,25,00,59,86,01,54,5C,06,
444000,0000060D,false,Rx,0,8,0D,10,83,B6,09,20,70,00,
483000,00000625,false,Rx,0,8,25,00,59,86,01,54,5C,06,
0,000002C4,false,Rx,0,8,09,20,00,00,D3,02,00,00,
0,000002C5,false,Rx,0,8,00,00,00,00,00,00,00,00,
534000,000002C6,false,Rx,0,8,32,00,7C,01,00,00,00,00,
544000,0000060D,false,Rx,0,8,0D,10,83,B6,09,20,70,00,
0,00000054,false,Rx,0,8,01,05,EF,00,D3,02,00,00,
0,00000055,false,Rx,0,8,10,27,00,00,00,00,00,00,
0,00000056,false,Rx,0,8,10,27,00,00,00,00,00,00,
555000,00000057,false,Rx,0,8,00,00,FE,FF,FE,FF,00,00,
583000,00000625,false,Rx,0,8,25,00,59,86,01,54,5C,06,
644000,0000060D,false,Rx,0,8,0D,10,83,B6,09,20,70,00,
683000,00000625,false,Rx,0,8,25,00,59,86,01,54,5C,06,
744000,0000060D,false,Rx,0,8,0D,10,83,B6,09,20,70,00,
754000,00000054,false,Rx,0,8,01,05,EF,00,D3,02,00,00,
754000,000002C4,false,Rx,0,8,09,20,00,00,D3,02,00,00,
755000,00000055,false,Rx,0,8,10,27,00,00,00,00,00,00,
755000,000002C5,false,Rx,0,8,00,00,00,00,00,00,00,00,
755000,00000056,false,Rx,0,8,10,27,00,00,00,00,00,00,
755000,000002C6,false,Rx,0,8,32,00,7C,01,00,00,00,00,
756000,00000057,false,Rx,0,8,00,00,FE,FF,FE,FF,00,00,
783000,00000625,false,Rx,0,8,25,00,59,86,01,54,5C,06,
845000,0000060D,false,Rx,0,8,0D,10,83,B6,09,20,70,00,
883000,00000625,false,Rx,0,8,25,00,59,86,01,54,5C,06,
945000,0000060D,false,Rx,0,8,0D,10,83,B6,09,20,70,00,
954000,00000054,false,Rx,0,8,01,05,EF,00,D3,02,00,00,
954000,00000055,false,Rx,0,8,10,27,00,00,00,00,00,00,
954000,00000056,false,Rx,0,8,10,27,00,00,00,00,00,00,
956000,00000057,false,Rx,0,8,00,00,FE,FF,FE,FF,00,00,
974000,000002C4,false,Rx,0,8,09,20,00,00,D3,02,00,00,
974000,000002C5,false,Rx,0,8,00,00,00,00,00,00,00,00,
974000,000002C6,false,Rx,0,8,32,00,7C,01,00,00,00,00,
983000,00000625,false,Rx,0,8,25,00,59,86,01,54,5C,06,
44000,0000060D,false,Rx,0,8,0D,10,83,B6,09,20,70,00,
83000,00000625,false,Rx,0,8,25,00,59,86,01,54,5C,06,
144000,0000060D,false,Rx,0,8,0D,10,83,B6,09,20,70,00,
154000,00000054,false,Rx,0,8,01,05,EF,00,D3,02,00,00,
154000,00000055,false,Rx,0,8,10,27,00,00,00,00,00,00,
154000,00000056,false,Rx,0,8,10,27,00,00,00,00,00,00,
155000,00000057,false,Rx,0,8,00,00,FE,FF,FE,FF,00,00,
183000,00000625,false,Rx,0,8,25,00,59,86,01,54,5C,06,
194000,000002C4,false,Rx,0,8,09,20,00,00,D3,02,00,00,
195000,000002C5,false,Rx,0,8,00,00,00,00,00,00,00,00,
195000,000002C6,false,Rx,0,8,32,00,7C,01,00,00,00,00,
244000,0000060D,false,Rx,0,8,0D,10,83,B6,09,20,70,00,
282000,00000625,false,Rx,0,8,25,00,59,86,01,54,5C,06,
345000,0000060D,false,Rx,0,8,0D,10,83,B6,09,20,70,00,
354000,00000054,false,Rx,0,8,01,05,EF,00,D3,02,00,00,
354000,00000055,false,Rx,0,8,10,27,00,00,00,00,00,00,
354000,00000056,false,Rx,0,8,10,27,00,00,00,00,00,00,
355000,00000057,false,Rx,0,8,00,00,FE,FF,FE,FF,00,00,
383000,00000625,false,Rx,0,8,25,00,59,86,01,54,5C,06,
414000,000002C4,false,Rx,0,8,09,20,00,00,D3,02,00,00,
415000,000002C5,false,Rx,0,8,00,00,00,00,00,00,00,00,
415000,000002C6,false,Rx,0,8,32,00,7C,01,00,00,00,00,
444000,0000060D,false,Rx,0,8,0D,10,83,B6,09,20,70,00,
483000,00000625,false,Rx,0,8,25,00,59,86,01,54,5C,06,
544000,0000060D,false,Rx,0,8,0D,10,83,B6,09,20,70,00,
554000,00000054,false,Rx,0,8,01,05,EF,00,D3,02,00,00,
554000,00000055,false,Rx,0,8,10,27,00,00,00,00,00,00,
554000,00000056,false,Rx,0,8,10,27,00,00,00,00,00,00,
555000,00000057,false,Rx,0,8,00,00,FE,FF,FE,FF,00,00,
583000,00000625,false,Rx,0,8,25,00,59,86,01,54,5C,06,
634000,000002C4,false,Rx,0,8,09,20,00,00,D3,02,00,00,
634000,000002C5,false,Rx,0,8,00,00,00,00,00,00,00,00,
634000,000002C6,false,Rx,0,8,32,00,7C,01,00,00,00,00,
645000,0000060D,false,Rx,0,8,0D,10,83,B6,09,20,70,00,
683000,00000625,false,Rx,0,8,25,00,59,86,01,54,5C,06,
745000,0000060D,false,Rx,0,8,0D,10,83,B6,09,20,70,00,
0,00000054,false,Rx,0,8,01,05,EF,00,D3,02,00,00,
0,00000055,false,Rx,0,8,10,27,00,00,00,00,00,00,
0,00000056,false,Rx,0,8,10,27,00,00,00,00,00,00,
754000,00000057,false,Rx,0,8,00,00,FE,FF,FE,FF,00,00,
784000,00000625,false,Rx,0,8,25,00,59,86,01,54,5C,06,
845000,0000060D,false,Rx,0,8,0D,10,83,B6,09,20,70,00,
854000,000002C4,false,Rx,0,8,09,20,00,00,D3,02,00,00,
854000,000002C5,false,Rx,0,8,00,00,00,00,00,00,00,00,
855000,000002C6,false,Rx,0,8,32,00,7C,01,00,00,00,00,
883000,00000625,false,Rx,0,8,25,00,59,86,01,54,5C,06,
944000,0000060D,false,Rx,0,8,0D,10,83,B6,09,20,70,00,
954000,00000054,false,Rx,0,8,01,05,EF,00,D3,02,00,00,
954000,00000055,false,Rx,0,8,10,27,00,00,00,00,00,00,
954000,00000056,false,Rx,0,8,10,27,00,00,00,00,00,00,
955000,00000057,false,Rx,0,8,00,00,FE,FF,FE,FF,00,00,
983000,00000625,false,Rx,0,8,25,00,59,86,01,54,5C,06,
45000,0000060D,false,Rx,0,8,0D,10,83,B6,09,20,70,00,
74000,000002C4,false,Rx,0,8,09,20,00,00,D3,02,00,00,
75000,000002C5,false,Rx,0,8,00,00,00,00,00,00,00,00,
75000,000002C6,false,Rx,0,8,32,00,7C,01,00,00,00,00,
83000,00000625,false,Rx,0,8,25,00,59,86,01,54,5C,06,
145000,0000060D,false,Rx,0,8,0D,10,83,B6,09,20,70,00,
154000,00000054,false,Rx,0,8,01,05,EF,00,D3,02,00,00,
154000,00000055,false,Rx,0,8,10,27,00,00,00,00,00,00,
154000,00000056,false,Rx,0,8,10,27,00,00,00,00,00,00,
155000,00000057,false,Rx,0,8,00,00,FE,FF,FE,FF,00,00,
183000,00000625,false,Rx,0,8,25,00,59,86,01,54,5C,06,
244000,0000060D,false,Rx,0,8,0D,10,83,B6,09,20,70,00,
283000,00000625,false,Rx,0,8,25,00,59,86,01,54,5C,06,
294000,000002C4,false,Rx,0,8,09,20,00,00,D3,02,00,00,
295000,000002C5,false,Rx,0,8,00,00,00,00,00,00,00,00,
295000,000002C6,false,Rx,0,8,32,00,7C,01,00,00,00,00,
344000,0000060D,false,Rx,0,8,0D,10,83,B6,09,20,70,00,
0,00000054,false,Rx,0,8,01,05,EF,00,D3,02,00,00,
0,00000055,false,Rx,0,8,10,27,00,00,00,00,00,00,
355000,00000056,false,Rx,0,8,10,27,00,00,00,00,00,00,
355000,00000057,false,Rx,0,8,00,00,FE,FF,FE,FF,00,00,
383000,00000625,false,Rx,0,8,25,00,59,86,01,54,5C,06,
444000,0000060D,false,Rx,0,8,0D,10,83,B6,09,20,70,00,
483000,00000625,false,Rx,0,8,25,00,59,86,01,54,5C,06,
514000,000002C4,false,Rx,0,8,09,20,00,00,D3,02,00,00,
515000,000002C5,false,Rx,0,8,00,00,00,00,00,00,00,00,
515000,000002C6,false,Rx,0,8,32,00,7C,01,00,00,00,00,
545000,0000060D,false,Rx,0,8,0D,10,83,B6,09,20,70,00,
554000,00000054,false,Rx,0,8,01,05,EF,00,D3,02,00,00,
554000,00000055,false,Rx,0,8,10,27,00,00,00,00,00,00,
555000,00000056,false,Rx,0,8,10,27,00,00,00,00,00,00,
555000,00000057,false,Rx,0,8,00,00,FE,FF,FE,FF,00,00,
583000,00000625,false,Rx,0,8,25,00,59,86,01,54,5C,06,
645000,0000060D,false,Rx,0,8,0D,10,83,B6,09,20,70,00,
683000,00000625,false,Rx,0,8,25,00,59,86,01,54,5C,06,
0,000002C4,false,Rx,0,8,09,20,00,00,D3,02,00,00,
0,000002C5,false,Rx,0,8,00,00,00,00,00,00,00,00,
0,000002C6,false,Rx,0,8,32,00,7C,01,00,00,00,00,
745000,0000060D,false,Rx,0,8,0D,10,83,B6,09,20,70,00,
0,00000054,false,Rx,0,8,01,05,EF,00,D3,02,00,00,
0,00000055,false,Rx,0,8,10,27,00,00,00,00,00,00,
755000,00000056,false,Rx,0,8,10,27,00,00,00,00,00,00,
755000,00000057,false,Rx,0,8,00,00,FE,FF,FE,FF,00,00,
783000,00000625,false,Rx,0,8,25,00,59,86,01,54,5C,06,
845000,0000060D,false,Rx,0,8,0D,10,83,B6,09,20,70,00,
883000,00000625,false,Rx,0,8,25,00,59,86,01,54,5C,06,
944000,0000060D,false,Rx,0,8,0D,10,83,B6,09,20,70,00,
0,00000054,false,Rx,0,8,01,05,EF,00,D3,02,00,00,
0,000002C4,false,Rx,0,8,09,20,00,00,D3,02,00,00,
0,00000055,false,Rx,0,8,10,27,00,00,00,00,00,00,
955000,000002C5,false,Rx,0,8,00,00,00,00,00,00,00,00,
0,00000056,false,Rx,0,8,10,27,00,00,00,00,00,00,
0,000002C6,false,Rx,0,8,32,00,7C,01,00,00,00,00,
0,00000057,false,Rx,0,8,00,00,FE,FF,FE,FF,00,00,
983000,00000625,false,Rx,0,8,25,00,59,86,01,54,5C,06,
44000,0000060D,false,Rx,0,8,0D,10,83,B6,09,20,70,00,
83000,00000625,false,Rx,0,8,25,00,59,86,01,54,5C,06,
144000,0000060D,false,Rx,0,8,0D,10,83,B6,09,20,70,00,
0,00000054,false,Rx,0,8,01,05,EF,00,D3,02,00,00,
0,00000055,false,Rx,0,8,10,27,00,00,00,00,00,00,
155000,00000056,false,Rx,0,8,10,27,00,00,00,00,00,00,
155000,00000057,false,Rx,0,8,00,00,FE,FF,FE,FF,00,00,
174000,000002C4,false,Rx,0,8,09,20,00,00,D3,02,00,00,
175000,000002C5,false,Rx,0,8,00,00,00,00,00,00,00,00,
175000,000002C6,false,Rx,0,8,32,00,7C,01,00,00,00,00,
183000,00000625,false,Rx,0,8,25,00,59,86,01,54,5C,06,
245000,0000060D,false,Rx,0,8,0D,10,83,B6,09,20,70,00,
282000,00000625,false,Rx,0,8,25,00,59,86,01,54,5C,06,
345000,0000060D,false,Rx,0,8,0D,10,83,B6,09,20,70,00,
354000,00000054,false,Rx,0,8,01,05,EF,00,D3,02,00,00,
354000,00000055,false,Rx,0,8,10,27,00,00,00,00,00,00,
354000,00000056,false,Rx,0,8,10,27,00,00,00,00,00,00,
355000,00000057,false,Rx,0,8,00,00,FE,FF,FE,FF,00,00,
382000,00000625,false,Rx,0,8,25,00,59,86,01,54,5C,06,
0,000002C4,false,Rx,0,8,09,20,00,00,D3,02,00,00,
0,000002C5,false,Rx,0,8,00,00,00,00,00,00,00,00,
395000,000002C6,false,Rx,0,8,32,00,7C,01,00,00,00,00,
445000,0000060D,false,Rx,0,8,0D,10,83,B6,09,20,70,00,
483000,00000625,false,Rx,0,8,25,00,59,86,01,54,5C,06,
543000,0000060D,false,Rx,0,8,0D,10,83,B6,09,20,70,00,
0,00000054,false,Rx,0,8,01,05,EF,00,D3,02,00,00,
0,00000055,false,Rx,0,8,10,27,00,00,00,00,00,00,
554000,00000056,false,Rx,0,8,10,27,00,00,00,00,00,00,
555000,00000057,false,Rx,0,8,00,00,FE,FF,FE,FF,00,00,
583000,00000625,false,Rx,0,8,25,00,59,86,01,54,5C,06,
614000,000002C4,false,Rx,0,8,09,20,00,00,D3,02,00,00,
614000,000002C5,false,Rx,0,8,00,00,00,00,00,00,00,00,
614000,000002C6,false,Rx,0,8,32,00,7C,01,00,00,00,00,
644000,0000060D,false,Rx,0,8,0D,10,83,B6,09,20,70,00,
683000,00000625,false,Rx,0,8,25,00,59,86,01,54,5C,06,
744000,0000060D,false,Rx,0,8,0D,10,83,B6,09,20,70,00,
754000,00000054,false,Rx,0,8,01,05,EF,00,D3,02,00,00,
754000,00000055,false,Rx,0,8,10,27,00,00,00,00,00,00,
0,00000056,false,Rx,0,8,10,27,00,00,00,00,00,00,
0,00000057,false,Rx,0,8,00,00,FE,FF,FE,FF,00,00,
783000,00000625,false,Rx,0,8,25,00,59,86,01,54,5C,06,
834000,000002C4,false,Rx,0,8,09,20,00,00,D3,02,00,00,
834000,000002C5,false,Rx,0,8,00,00,00,00,00,00,00,00,
834000,000002C6,false,Rx,0,8,32,00,7C,01,00,00,00,00,
845000,0000060D,false,Rx,0,8,0D,10,83,B6,09,20,70,00,
883000,00000625,false,Rx,0,8,25,00,59,86,01,54,5C,06,
943000,0000060D,false,Rx,0,8,0D,10,83,B6,09,20,70,00,
0,00000054,false,Rx,0,8,01,05,EF,00,D3,02,00,00,
0,00000055,false,Rx,0,8,10,27,00,00,00,00,00,00,
0,00000056,false,Rx,0,8,10,27,00,00,00,00,00,00,
0,00000057,false,Rx,0,8,00,00,FE,FF,FE,FF,00,00,
983000,00000625,false,Rx,0,8,25,00,59,86,01,54,5C,06,
44000,0000060D,false,Rx,0,8,0D,10,83,B6,09,20,70,00,
0,000002C4,false,Rx,0,8,09,20,00,00,D3,02,00,00,
0,000002C5,false,Rx,0,8,00,00,00,00,00,00,00,00,
55000,000002C6,false,Rx,0,8,32,00,7C,01,00,00,00,00,
83000,00000625,false,Rx,0,8,25,00,59,86,01,54,5C,06,
144000,0000060D,false,Rx,0,8,0D,10,83,B6,09,20,70,00,
154000,00000054,false,Rx,0,8,01,05,EF,00,D3,02,00,00,
0,00000055,false,Rx,0,8,10,27,00,00,00,00,00,00,
0,00000056,false,Rx,0,8,10,27,00,00,00,00,00,00,
155000,00000057,false,Rx,0,8,00,00,FE,FF,FE,FF,00,00,
183000,00000625,false,Rx,0,8,25,00,59,86,01,54,5C,06,
244000,0000060D,false,Rx,0,8,0D,10,83,B6,09,20,70,00,
274000,000002C4,false,Rx,0,8,09,20,00,00,D3,02,00,00,
275000,000002C5,false,Rx,0,8,00,00,00,00,00,00,00,00,
275000,000002C6,false,Rx,0,8,32,00,7C,01,00,00,00,00,
283000,00000625,false,Rx,0,8,25,00,59,86,01,54,5C,06,
344000,0000060D,false,Rx,0,8,0D,10,83,B6,09,20,70,00,
354000,00000054,false,Rx,0,8,01,05,EF,00,D3,02,00,00,
354000,00000055,false,Rx,0,8,10,27,00,00,00,00,00,00,
355000,00000056,false,Rx,0,8,10,27,00,00,00,00,00,00,
355000,00000057,false,Rx,0,8,00,00,FE,FF,FE,FF,00,00,
383000,00000625,false,Rx,0,8,25,00,59,86,01,54,5C,06,
444000,0000060D,false,Rx,0,8,0D,10,83,B6,09,20,70,00,
483000,00000625,false,Rx,0,8,25,00,59,86,01,54,5C,06,
495000,000002C4,false,Rx,0,8,09,20,00,00,D3,02,00,00,
495000,000002C5,false,Rx,0,8,00,00,00,00,00,00,00,00,
495000,000002C6,false,Rx,0,8,32,00,7C,01,00,00,00,00,
544000,0000060D,false,Rx,0,8,0D,10,83,B6,09,20,70,00,
0,00000054,false,Rx,0,8,01,05,EF,00,D3,02,00,00,
0,00000055,false,Rx,0,8,10,27,00,00,00,00,00,00,
555000,00000056,false,Rx,0,8,10,27,00,00,00,00,00,00,
555000,00000057,false,Rx,0,8,00,00,FE,FF,FE,FF,00,00,
583000,00000625,false,Rx,0,8,25,00,59,86,01,54,5C,06,
645000,0000060D,false,Rx,0,8,0D,10,83,B6,09,20,70,00,
683000,00000625,false,Rx,0,8,25,00,59,86,01,54,5C,06,
714000,000002C4,false,Rx,0,8,09,20,00,00,D3,02,00,00,
0,000002C5,false,Rx,0,8,00,00,00,00,00,00,00,00,
0,000002C6,false,Rx,0,8,32,00,7C,01,00,00,00,00,
745000,0000060D,false,Rx,0,8,0D,10,83,B6,09,20,70,00,
754000,00000054,false,Rx,0,8,01,05,EF,00,D3,02,00,00,
754000,00000055,false,Rx,0,8,10,27,00,00,00,00,00,00,
754000,00000056,false,Rx,0,8,10,27,00,00,00,00,00,00,
755000,00000057,false,Rx,0,8,00,00,FE,FF,FE,FF,00,00,
783000,00000625,false,Rx,0,8,25,00,59,86,01,54,5C,06,
844000,0000060D,false,Rx,0,8,0D,10,83,B6,09,20,70,00,
883000,00000625,false,Rx,0,8,25,00,59,86,01,54,5C,06,
0,000002C4,false,Rx,0,8,09,20,00,00,D3,02,00,00,
0,000002C5,false,Rx,0,8,00,00,00,00,00,00,00,00,
935000,000002C6,false,Rx,0,8,32,00,7C,01,00,00,00,00,
945000,0000060D,false,Rx,0,8,0D,10,83,B6,09,20,70,00,
955000,00000054,false,Rx,0,8,01,05,EF,00,D3,02,00,00,
955000,00000055,false,Rx,0,8,10,27,00,00,00,00,00,00,
955000,00000056,false,Rx,0,8,10,27,00,00,00,00,00,00,
955000,00000057,false,Rx,0,8,00,00,FE,FF,FE,FF,00,00,
983000,00000625,false,Rx,0,8,25,00,59,86,01,54,5C,06,
45000,0000060D,false,Rx,0,8,0D,10,83,B6,09,20,70,00,
82000,00000625,false,Rx,0,8,25,00,59,86,01,54,5C,06,
145000,0000060D,false,Rx,0,8,0D,10,83,B6,09,20,70,00,
0,00000054,false,Rx,0,8,01,05,EF,00,D3,02,00,00,
0,000002C4,false,Rx,0,8,09,20,00,00,D3,02,00,00,
154000,00000055,false,Rx,0,8,10,27,00,00,00,00,00,00,
155000,000002C5,false,Rx,0,8,00,00,00,00,00,00,00,00,
155000,00000056,false,Rx,0,8,10,27,00,00,00,00,00,00,
155000,000002C6,false,Rx,0,8,32,00,7C,01,00,00,00,00,
155000,00000057,false,Rx,0,8,00,00,FE,FF,FE,FF,00,00,
182000,00000625,false,Rx,0,8,25,00,59,86,01,54,5C,06,
245000,0000060D,false,Rx,0,8,0D,10,83,B6,09,20,70,00,
283000,00000625,false,Rx,0,8,25,00,59,86,01,54,5C,06,
345000,0000060D,false,Rx,0,8,0D,10,83,B6,09,20,70,00,
354000,00000054,false,Rx,0,8,01,05,EF,00,D3,02,00,00,
0,00000055,false,Rx,0,8,10,27,00,00,00,00,00,00,
0,00000056,false,Rx,0,8,10,27,00,00,00,00,00,00,
0,00000057,false,Rx,0,8,00,00,FE,FF,FE,FF,00,00,
0,000002C4,false,Rx,0,8,09,20,00,00,D3,02,00,00,
0,000002C5,false,Rx,0,8,00,00,00,00,00,00,00,00,
374000,000002C6,false,Rx,0,8,32,00,7C,01,00,00,00,00,
383000,00000625,false,Rx,0,8,25,00,59,86,01,54,5C,06,
444000,0000060D,false,Rx,0,8,0D,10,83,B6,09,20,70,00,
484000,00000625,false,Rx,0,8,25,00,59,86,01,54,5C,06,
544000,0000060D,false,Rx,0,8,0D,10,83,B6,09,20,70,00,
554000,00000054,false,Rx,0,8,01,05,EF,00,D3,02,00,00,
554000,00000055,false,Rx,0,8,10,27,00,00,00,00,00,00,
0,00000056,false,Rx,0,8,10,27,00,00,00,00,00,00,
0,00000057,false,Rx,0,8,00,00,FE,FF,FE,FF,00,00,
583000,00000625,false,Rx,0,8,25,00,59,86,01,54,5C,06,
0,000002C4,false,Rx,0,8,09,20,00,00,D3,02,00,00,
0,000002C5,false,Rx,0,8,00,00,00,00,00,00,00,00,
595000,000002C6,false,Rx,0,8,32,00,7C,01,00,00,00,00,
645000,0000060D,false,Rx,0,8,0D,10,83,B6,09,20,70,00,
683000,00000625,false,Rx,0,8,25,00,59,86,01,54,5C,06,
745000,0000060D,false,Rx,0,8,0D,10,83,B6,09,20,70,00,
754000,00000054,false,Rx,0,8,01,05,EF,00,D3,02,00,00,
754000,00000055,false,Rx,0,8,10,27,00,00,00,00,00,00,
755000,00000056,false,Rx,0,8,10,27,00,00,00,00,00,00,
755000,00000057,false,Rx,0,8,00,00,FE,FF,FE,FF,00,00,
783000,00000625,false,Rx,0,8,25,00,59,86,01,54,5C,06,
815000,000002C4,false,Rx,0,8,09,20,00,00,D3,02,00,00,
815000,000002C5,false,Rx,0,8,00,00,00,00,00,00,00,00,
815000,000002C6,false,Rx,0,8,32,00,7C,01,00,00,00,00,
844000,0000060D,false,Rx,0,8,0D,10,83,B6,09,20,70,00,
883000,00000625,false,Rx,0,8,25,00,59,86,01,54,5C,06,
944000,0000060D,false,Rx,0,8,0D,10,83,B6,09,20,70,00,
0,00000054,false,Rx,0,8,01,05,EF,00,D3,02,00,00,
0,00000055,false,Rx,0,8,10,27,00,00,00,00,00,00,
0,00000056,false,Rx,0,8,10,27,00,00,00,00,00,00,
955000,00000057,false,Rx,0,8,00,00,FE,FF,FE,FF,00,00,
983000,00000625,false,Rx,0,8,25,00,59,86,01,54,5C,06,
34000,000002C4,false,Rx,0,8,09,20,00,00,D3,02,00,00,
35000,000002C5,false,Rx,0,8,00,00,00,00,00,00,00,00,
35000,000002C6,false,Rx,0,8,32,00,7C,01,00,00,00,00,
44000,0000060D,false,Rx,0,8,0D,10,83,B6,09,20,70,00,
83000,00000625,false,Rx,0,8,25,00,59,86,01,54,5C,06,
144000,0000060D,false,Rx,0,8,0D,10,83,B6,09,20,70,00,
0,00000054,false,Rx,0,8,01,05,EF,00,D3,02,00,00,
0,00000055,false,Rx,0,8,10,27,00,00,00,00,00,00,
154000,00000056,false,Rx,0,8,10,27,00,00,00,00,00,00,
155000,00000057,false,Rx,0,8,00,00,FE,FF,FE,FF,00,00,
183000,00000625,false,Rx,0,8,25,00,59,86,01,54,5C,06,
244000,0000060D,false,Rx,0,8,0D,10,83,B6,09,20,70,00,
254000,000002C4,false,Rx,0,8,09,20,00,00,D3,02,00,00,
254000,000002C5,false,Rx,0,8,00,00,00,00,00,00,00,00,
255000,000002C6,false,Rx,0,8,32,00,7C,01,00,00,00,00,
283000,00000625,false,Rx,0,8,25,00,59,86,01,54,5C,06,
344000,0000060D,false,Rx,0,8,0D,10,83,B6,09,20,70,00,
354000,00000054,false,Rx,0,8,01,05,EF,00,D3,02,00,00,
354000,00000055,false,Rx,0,8,10,27,00,00,00,00,00,00,
355000,00000056,false,Rx,0,8,10,27,00,00,00,00,00,00,
355000,00000057,false,Rx,0,8,00,00,FE,FF,FE,FF,00,00,
384000,00000625,false,Rx,0,8,25,00,59,86,01,54,5C,06,
444000,0000060D,false,Rx,0,8,0D,10,83,B6,09,20,70,00,
474000,000002C4,false,Rx,0,8,09,20,00,00,D3,02,00,00,
475000,000002C5,false,Rx,0,8,00,00,00,00,00,00,00,00,
475000,000002C6,false,Rx,0,8,32,00,7C,01,00,00,00,00,
483000,00000625,false,Rx,0,8,25,00,59,86,01,54,5C,06,
544000,0000060D,false,Rx,0,8,0D,10,83,B6,09,20,70,00,
554000,00000054,false,Rx,0,8,01,05,EF,00,D3,02,00,00,
554000,00000055,false,Rx,0,8,10,27,00,00,00,00,00,00,
554000,00000056,false,Rx,0,8,10,27,00,00,00,00,00,00,
555000,00000057,false,Rx,0,8,00,00,FE,FF,FE,FF,00,00,
582000,00000625,false,Rx,0,8,25,00,59,86,01,54,5C,06,
644000,0000060D,false,Rx,0,8,0D,10,83,B6,09,20,70,00,
683000,00000625,false,Rx,0,8,25,00,59,86,01,54,5C,06,
695000,000002C4,false,Rx,0,8,09,20,00,00,D3,02,00,00,
695000,000002C5,false,Rx,0,8,00,00,00,00,00,00,00,00,
695000,000002C6,false,Rx,0,8,32,00,7C,01,00,00,00,00,
744000,0000060D,false,Rx,0,8,0D,10,83,B6,09,20,70,00,
754000,00000054,false,Rx,0,8,01,05,EF,00,D3,02,00,00,
755000,00000055,false,Rx,0,8,10,27,00,00,00,00,00,00,
755000,00000056,false,Rx,0,8,10,27,00,00,00,00,00,00,
755000,00000057,false,Rx,0,8,00,00,FE,FF,FE,FF,00,00,
784000,00000625,false,Rx,0,8,25,00,59,86,01,54,5C,06,
844000,0000060D,false,Rx,0,8,0D,10,83,B6,09,20,70,00,
883000,00000625,false,Rx,0,8,25,00,59,86,01,54,5C,06,
914000,000002C4,false,Rx,0,8,09,20,00,00,D3,02,00,00,
914000,000002C5,false,Rx,0,8,00,00,00,00,00,00,00,00,
915000,000002C6,false,Rx,0,8,32,00,7C,01,00,00,00,00,
945000,0000060D,false,Rx,0,8,0D,10,83,B6,09,20,70,00,
0,00000054,false,Rx,0,8,01,05,EF,00,D3,02,00,00,
0,00000055,false,Rx,0,8,10,27,00,00,00,00,00,00,
955000,00000056,false,Rx,0,8,10,27,00,00,00,00,00,00,
956000,00000057,false,Rx,0,8,00,00,FE,FF,FE,FF,00,00,
983000,00000625,false,Rx,0,8,25,00,59,86,01,54,5C,06,
44000,0000060D,false,Rx,0,8,0D,10,83,B6,09,20,70,00,
83000,00000625,false,Rx,0,8,25,00,59,86,01,54,5C,06,
0,000002C4,false,Rx,0,8,09,20,00,00,D3,02,00,00,
0,000002C5,false,Rx,0,8,00,00,00,00,00,00,00,00,
135000,000002C6,false,Rx,0,8,32,00,7C,01,00,00,00,00,
145000,0000060D,false,Rx,0,8,0D,10,83,B6,09,20,70,00,
154000,00000054,false,Rx,0,8,01,05,EF,00,D3,02,00,00,
154000,00000055,false,Rx,0,8,10,27,00,00,00,00,00,00,
155000,00000056,false,Rx,0,8,10,27,00,00,00,00,00,00,
155000,00000057,false,Rx,0,8,00,00,FE,FF,FE,FF,00,00,
182000,00000625,false,Rx,0,8,25,00,59,86,01,54,5C,06,
244000,0000060D,false,Rx,0,8,0D,10,83,B6,09,20,70,00,
283000,00000625,false,Rx,0,8,25,00,59,86,01,54,5C,06,
345000,0000060D,false,Rx,0,8,0D,10,83,B6,09,20,70,00,
354000,00000054,false,Rx,0,8,01,05,EF,00,D3,02,00,00,
354000,000002C4,false,Rx,0,8,09,20,00,00,D3,02,00,00,
355000,00000055,false,Rx,0,8,10,27,00,00,00,00,00,00,
0,000002C5,false,Rx,0,8,00,00,00,00,00,00,00,00,
0,00000056,false,Rx,0,8,10,27,00,00,00,00,00,00,
356000,000002C6,false,Rx,0,8,32,00,7C,01,00,00,00,00,
356000,00000057,false,Rx,0,8,00,00,FE,FF,FE,FF,00,00,
383000,00000625,false,Rx,0,8,25,00,59,86,01,54,5C,06,
445000,0000060D,false,Rx,0,8,0D,10,83,B6,09,20,70,00,
483000,00000625,false,Rx,0,8,25,00,59,86,01,54,5C,06,
544000,0000060D,false,Rx,0,8,0D,10,83,B6,09,20,70,00,
554000,00000054,false,Rx,0,8,01,05,EF,00,D3,02,00,00,
555000,00000055,false,Rx,0,8,10,27,00,00,00,00,00,00,
555000,00000056,false,Rx,0,8,10,27,00,00,00,00,00,00,
555000,00000057,false,Rx,0,8,00,00,FE,FF,FE,FF,00,00,
575000,000002C4,false,Rx,0,8,09,20,00,00,D3,02,00,00,
575000,000002C5,false,Rx,0,8,00,00,00,00,00,00,00,00,
575000,000002C6,false,Rx,0,8,32,00,7C,01,00,00,00,00,
583000,00000625,false,Rx,0,8,25,00,59,86,01,54,5C,06,
645000,0000060D,false,Rx,0,8,0D,10,83,B6,09,20,70,00,
683000,00000625,false,Rx,0,8,25,00,59,86,01,54,5C,06,
744000,0000060D,false,Rx,0,8,0D,10,83,B6,09,20,70,00,
0,00000054,false,Rx,0,8,01,05,EF,00,D3,02,00,00,
0,00000055,false,Rx,0,8,10,27,00,00,00,00,00,00,
754000,00000056,false,Rx,0,8,10,27,00,00,00,00,00,00,
755000,00000057,false,Rx,0,8,00,00,FE,FF,FE,FF,00,00,
783000,00000625,false,Rx,0,8,25,00,59,86,01,54,5C,06,
794000,000002C4,false,Rx,0,8,09,20,00,00,D3,02,00,00,
794000,000002C5,false,Rx,0,8,00,00,00,00,00,00,00,00,
794000,000002C6,false,Rx,0,8,32,00,7C,01,00,00,00,00,
844000,0000060D,false,Rx,0,8,0D,10,83,B6,09,20,70,00,
883000,00000625,false,Rx,0,8,25,00,59,86,01,54,5C,06,
944000,0000060D,false,Rx,0,8,0D,10,83,B6,09,20,70,00,
0,00000054,false,Rx,0,8,01,05,EF,00,D3,02,00,00,
0,00000055,false,Rx,0,8,10,27,00,00,00,00,00,00,
955000,00000056,false,Rx,0,8,10,27,00,00,00,00,00,00,
956000,00000057,false,Rx,0,8,00,00,FE,FF,FE,FF,00,00,
983000,00000625,false,Rx,0,8,25,00,59,86,01,54,5C,06,
0,000002C4,false,Rx,0,8,09,20,00,00,D3,02,00,00,
0,000002C5,false,Rx,0,8,00,00,00,00,00,00,00,00,
15000,000002C6,false,Rx,0,8,32,00,7C,01,00,00,00,00,
44000,0000060D,false,Rx,0,8,0D,10,83,B6,09,20,70,00,
83000,00000625,false,Rx,0,8,25,00,59,86,01,54,5C,06,
144000,0000060D,false,Rx,0,8,0D,10,83,B6,09,20,70,00,
154000,00000054,false,Rx,0,8,01,05,EF,00,D3,02,00,00,
154000,00000055,false,Rx,0,8,10,27,00,00,00,00,00,00,
155000,00000056,false,Rx,0,8,10,27,00,00,00,00,00,00,
155000,00000057,false,Rx,0,8,00,00,FE,FF,FE,FF,00,00,
183000,00000625,false,Rx,0,8,25,00,59,86,01,54,5C,06,
234000,000002C4,false,Rx,0,8,09,20,00,00,D3,02,00,00,
235000,000002C5,false,Rx,0,8,00,00,00,00,00,00,00,00,
235000,000002C6,false,Rx,0,8,32,00,7C,01,00,00,00,00,
244000,0000060D,false,Rx,0,8,0D,10,83,B6,09,20,70,00,
283000,00000625,false,Rx,0,8,25,00,59,86,01,54,5C,06,
344000,0000060D,false,Rx,0,8,0D,10,83,B6,09,20,70,00,
354000,00000054,false,Rx,0,8,01,05,EF,00,D3,02,00,00,
354000,00000055,false,Rx,0,8,10,27,00,00,00,00,00,00,
354000,00000056,false,Rx,0,8,10,27,00,00,00,00,00,00,
355000,00000057,false,Rx,0,8,00,00,FE,FF,FE,FF,00,00,
383000,00000625,false,Rx,0,8,25,00,59,86,01,54,5C,06,
445000,0000060D,false,Rx,0,8,0D,10,83,B6,09,20,70,00,
0,000002C4,false,Rx,0,8,09,20,00,00,D3,02,00,00,
0,000002C5,false,Rx,0,8,00,00,00,00,00,00,00,00,
0,000002C6,false,Rx,0,8,32,00,7C,01,00,00,00,00,
483000,00000625,false,Rx,0,8,25,00,59,86,01,54,5C,06,
544000,0000060D,false,Rx,0,8,0D,10,83,B6,09,20,70,00,
554000,00000054,false,Rx,0,8,01,05,EF,00,D3,02,00,00,
555000,00000055,false,Rx,0,8,10,27,00,00,00,00,00,00,
555000,00000056,false,Rx,0,8,10,27,00,00,00,00,00,00,
555000,00000057,false,Rx,0,8,00,00,FE,FF,FE,FF,00,00,
583000,00000625,false,Rx,0,8,25,00,59,86,01,54,5C,06,
644000,0000060D,false,Rx,0,8,0D,10,83,B6,09,20,70,00,
0,000002C4,false,Rx,0,8,09,20,00,00,D3,02,00,00,
0,000002C5,false,Rx,0,8,00,00,00,00,00,00,00,00,
0,000002C6,false,Rx,0,8,32,00,7C,01,00,00,00,00,
684000,00000625,false,Rx,0,8,25,00,59,86,01,54,5C,06,
744000,0000060D,false,Rx,0,8,0D,10,83,B6,09,20,70,00,
754000,00000054,false,Rx,0,8,01,05,EF,00,D3,02,00,00,
754000,00000055,false,Rx,0,8,10,27,00,00,00,00,00,00,
755000,00000056,false,Rx,0,8,10,27,00,00,00,00,00,00,
755000,00000057,false,Rx,0,8,00,00,FE,FF,FE,FF,00,00,
783000,00000625,false,Rx,0,8,25,00,59,86,01,54,5C,06,
844000,0000060D,false,Rx,0,8,0D,10,83,B6,09,20,70,00,
884000,00000625,false,Rx,0,8,25,00,59,86,01,54,5C,06,
895000,000002C4,false,Rx,0,8,09,20,00,00,D3,02,00,00,
895000,000002C5,false,Rx,0,8,00,00,00,00,00,00,00,00,
895000,000002C6,false,Rx,0,8,32,00,7C,01,00,00,00,00,
945000,0000060D,false,Rx,0,8,0D,10,83,B6,09,20,70,00,
0,00000054,false,Rx,0,8,01,05,EF,00,D3,02,00,00,
0,00000055,false,Rx,0,8,10,27,00,00,00,00,00,00,
0,00000056,false,Rx,0,8,10,27,00,00,00,00,00,00,
0,00000057,false,Rx,0,8,00,00,FE,FF,FE,FF,00,00,
983000,00000625,false,Rx,0,8,25,00,59,86,01,54,5C,06,
45000,0000060D,false,Rx,0,8,0D,10,83,B6,09,20,70,00,
83000,00000625,false,Rx,0,8,25,00,59,86,01,54,5C,06,
0,000002C4,false,Rx,0,8,09,20,00,00,D3,02,00,00,
0,000002C5,false,Rx,0,8,00,00,00,00,00,00,00,00,
115000,000002C6,false,Rx,0,8,32,00,7C,01,00,00,00,00,
144000,0000060D,false,Rx,0,8,0D,10,83,B6,09,20,70,00,
154000,00000054,false,Rx,0,8,01,05,EF,00,D3,02,00,00,
155000,00000055,false,Rx,0,8,10,27,00,00,00,00,00,00,
0,00000056,false,Rx,0,8,10,27,00,00,00,00,00,00,
0,00000057,false,Rx,0,8,00,00,FE,FF,FE,FF,00,00,
183000,00000625,false,Rx,0,8,25,00,59,86,01,54,5C,06,
244000,0000060D,false,Rx,0,8,0D,10,83,B6,09,20,70,00,
283000,00000625,false,Rx,0,8,25,00,59,86,01,54,5C,06,
334000,000002C4,false,Rx,0,8,09,20,00,00,D3,02,00,00,
334000,000002C5,false,Rx,0,8,00,00,00,00,00,00,00,00,
334000,000002C6,false,Rx,0,8,32,00,7C,01,00,00,00,00,
345000,0000060D,false,Rx,0,8,0D,10,83,B6,09,20,70,00,
354000,00000054,false,Rx,0,8,01,05,EF,00,D3,02,00,00,
354000,00000055,false,Rx,0,8,10,27,00,00,00,00,00,00,
354000,00000056,false,Rx,0,8,10,27,00,00,00,00,00,00,
354000,00000057,false,Rx,0,8,00,00,FE,FF,FE,FF,00,00,
383000,00000625,false,Rx,0,8,25,00,59,86,01,54,5C,06,
444000,0000060D,false,Rx,0,8,0D,10,83,B6,09,20,70,00,
483000,00000625,false,Rx,0,8,25,00,59,86,01,54,5C,06,
545000,0000060D,false,Rx,0,8,0D,10,83,B6,09,20,70,00,
554000,00000054,false,Rx,0,8,01,05,EF,00,D3,02,00,00,
554000,00000055,false,Rx,0,8,10,27,00,00,00,00,00,00,
554000,000002C4,false,Rx,0,8,09,20,00,00,D3,02,00,00,
555000,00000056,false,Rx,0,8,10,27,00,00,00,00,00,00,
555000,000002C5,false,Rx,0,8,00,00,00,00,00,00,00,00,
555000,00000057,false,Rx,0,8,00,00,FE,FF,FE,FF,00,00,
555000,000002C6,false,Rx,0,8,32,00,7C,01,00,00,00,00,
583000,00000625,false,Rx,0,8,25,00,59,86,01,54,5C,06,
645000,0000060D,false,Rx,0,8,0D,10,83,B6,09,20,70,00,
683000,00000625,false,Rx,0,8,25,00,59,86,01,54,5C,06,
744000,0000060D,false,Rx,0,8,0D,10,83,B6,09,20,70,00,
754000,00000054,false,Rx,0,8,01,05,EF,00,D3,02,00,00,
0,00000055,false,Rx,0,8,10,27,00,00,00,00,00,00,
0,00000056,false,Rx,0,8,10,27,00,00,00,00,00,00,
754000,00000057,false,Rx,0,8,00,00,FE,FF,FE,FF,00,00,
0,000002C4,false,Rx,0,8,09,20,00,00,D3,02,00,00,
0,000002C5,false,Rx,0,8,00,00,00,00,00,00,00,00,
775000,000002C6,false,Rx,0,8,32,00,7C,01,00,00,00,00,
783000,00000625,false,Rx,0,8,25,00,59,86,01,54,5C,06,
844000,0000060D,false,Rx,0,8,0D,10,83,B6,09,20,70,00,
883000,00000625,false,Rx,0,8,25,00,59,86,01,54,5C,06,
944000,0000060D,false,Rx,0,8,0D,10,83,B6,09,20,70,00,
0,00000054,false,Rx,0,8,01,05,EF,00,D3,02,00,00,
0,00000055,false,Rx,0,8,10,27,00,00,00,00,00,00,
955000,00000056,false,Rx,0,8,10,27,00,00,00,00,00,00,
956000,00000057,false,Rx,0,8,00,00,FE,FF,FE,FF,00,00,
983000,00000625,false,Rx,0,8,25,00,59,86,01,54,5C,06,
0,000002C4,false,Rx,0,8,09,20,00,00,D3,02,00,00,
0,000002C5,false,Rx,0,8,00,00,00,00,00,00,00,00,
995000,000002C6,false,Rx,0,8,32,00,7C,01,00,00,00,00,
44000,0000060D,false,Rx,0,8,0D,10,83,B6,09,20,70,00,
83000,00000625,false,Rx,0,8,25,00,59,86,01,54,5C,06,
144000,0000060D,false,Rx,0,8,0D,10,83,B6,09,20,70,00,
154000,00000054,false,Rx,0,8,01,05,EF,00,D3,02,00,00,
154000,00000055,false,Rx,0,8,10,27,00,00,00,00,00,00,
155000,00000056,false,Rx,0,8,10,27,00,00,00,00,00,00,
155000,00000057,false,Rx,0,8,00,00,FE,FF,FE,FF,00,00,
183000,00000625,false,Rx,0,8,25,00,59,86,01,54,5C,06,
0,000002C4,false,Rx,0,8,09,20,00,00,D3,02,00,00,
0,000002C5,false,Rx,0,8,00,00,00,00,00,00,00,00,
215000,000002C6,false,Rx,0,8,32,00,7C,01,00,00,00,00,
245000,0000060D,false,Rx,0,8,0D,10,83,B6,09,20,70,00,
282000,00000625,false,Rx,0,8,25,00,59,86,01,54,5C,06,
344000,0000060D,false,Rx,0,8,0D,10,83,B6,09,20,70,00,
354000,00000054,false,Rx,0,8,01,05,EF,00,D3,02,00,00,
354000,00000055,false,Rx,0,8,10,27,00,00,00,00,00,00,
0,00000056,false,Rx,0,8,10,27,00,00,00,00,00,00,
0,00000057,false,Rx,0,8,00,00,FE,FF,FE,FF,00,00,
383000,00000625,false,Rx,0,8,25,00,59,86,01,54,5C,06,
434000,000002C4,false,Rx,0,8,09,20,00,00,D3,02,00,00,
434000,000002C5,false,Rx,0,8,00,00,00,00,00,00,00,00,
435000,000002C6,false,Rx,0,8,32,00,7C,01,00,00,00,00,
444000,0000060D,false,Rx,0,8,0D,10,83,B6,09,20,70,00,
484000,00000625,false,Rx,0,8,25,00,59,86,01,54,5C,06,
544000,0000060D,false,Rx,0,8,0D,10,83,B6,09,20,70,00,
554000,00000054,false,Rx,0,8,01,05,EF,00,D3,02,00,00,
554000,00000055,false,Rx,0,8,10,27,00,00,00,00,00,00,
555000,00000056,false,Rx,0,8,10,27,00,00,00,00,00,00,
555000,00000057,false,Rx,0,8,00,00,FE,FF,FE,FF,00,00,
583000,00000625,false,Rx,0,8,25,00,59,86,01,54,5C,06,
644000,0000060D,false,Rx,0,8,0D,10,83,B6,09,20,70,00,
654000,000002C4,false,Rx,0,8,09,20,00,00,D3,02,00,00,
654000,000002C5,false,Rx,0,8,00,00,00,00,00,00,00,00,
655000,000002C6,false,Rx,0,8,32,00,7C,01,00,00,00,00,
683000,00000625,false,Rx,0,8,25,00,59,86,01,54,5C,06,
744000,0000060D,false,Rx,0,8,0D,10,83,B6,09,20,70,00,
754000,00000054,false,Rx,0,8,01,05,EF,00,D3,02,00,00,
754000,00000055,false,Rx,0,8,10,27,00,00,00,00,00,00,
754000,00000056,false,Rx,0,8,10,27,00,00,00,00,00,00,
754000,00000057,false,Rx,0,8,00,00,FE,FF,FE,FF,00,00,
783000,00000625,false,Rx,0,8,25,00,59,86,01,54,5C,06,
845000,0000060D,false,Rx,0,8,0D,10,83,B6,09,20,70,00,
874000,000002C4,false,Rx,0,8,09,20,00,00,D3,02,00,00,
874000,000002C5,false,Rx,0,8,00,00,00,00,00,00,00,00,
875000,000002C6,false,Rx,0,8,32,00,7C,01,00,00,00,00,
884000,00000625,false,Rx,0,8,25,00,59,86,01,54,5C,06,
944000,0000060D,false,Rx,0,8,0D,10,83,B6,09,20,70,00,
954000,00000054,false,Rx,0,8,01,05,EF,00,D3,02,00,00,
954000,00000055,false,Rx,0,8,10,27,00,00,00,00,00,00,
954000,00000056,false,Rx,0,8,10,27,00,00,00,00,00,00,
955000,00000057,false,Rx,0,8,00,00,FE,FF,FE,FF,00,00,
983000,00000625,false,Rx,0,8,25,00,59,86,01,54,5C,06,
44000,0000060D,false,Rx,0,8,0D,10,83,B6,09,20,70,00,
83000,00000625,false,Rx,0,8,25,00,59,86,01,54,5C,06,
0,000002C4,false,Rx,0,8,09,20,00,00,D3,02,00,00,
0,000002C5,false,Rx,0,8,00,00,00,00,00,00,00,00,
95000,000002C6,false,Rx,0,8,32,00,7C,01,00,00,00,00,
144000,0000060D,false,Rx,0,8,0D,10,83,B6,09,20,70,00,
154000,00000054,false,Rx,0,8,01,05,EF,00,D3,02,00,00,
154000,00000055,false,Rx,0,8,10,27,00,00,00,00,00,00,
155000,00000056,false,Rx,0,8,10,27,00,00,00,00,00,00,
155000,00000057,false,Rx,0,8,00,00,FE,FF,FE,FF,00,00,
183000,00000625,false,Rx,0,8,25,00,59,86,01,54,5C,06,
245000,0000060D,false,Rx,0,8,0D,10,83,B6,09,20,70,00,
283000,00000625,false,Rx,0,8,25,00,59,86,01,54,5C,06,
314000,000002C4,false,Rx,0,8,09,20,00,00,D3,02,00,00,
314000,000002C5,false,Rx,0,8,00,00,00,00,00,00,00,00,
315000,000002C6,false,Rx,0,8,32,00,7C,01,00,00,00,00,
345000,0000060D,false,Rx,0,8,0D,10,83,B6,09,20,70,00,
354000,00000054,false,Rx,0,8,01,05,EF,00,D3,02,00,00,
354000,00000055,false,Rx,0,8,10,27,00,00,00,00,00,00,
354000,00000056,false,Rx,0,8,10,27,00,00,00,00,00,00,
354000,00000057,false,Rx,0,8,00,00,FE,FF,FE,FF,00,00,
383000,00000625,false,Rx,0,8,25,00,59,86,01,54,5C,06,
445000,0000060D,false,Rx,0,8,0D,10,83,B6,09,20,70,00,
483000,00000625,false,Rx,0,8,25,00,59,86,01,54,5C,06,
535000,000002C4,false,Rx,0,8,09,20,00,00,D3,02,00,00,
535000,000002C5,false,Rx,0,8,00,00,00,00,00,00,00,00,
535000,000002C6,false,Rx,0,8,32,00,7C,01,00,00,00,00,
544000,0000060D,false,Rx,0,8,0D,10,83,B6,09,20,70,00,
554000,00000054,false,Rx,0,8,01,05,EF,00,D3,02,00,00,
554000,00000055,false,Rx,0,8,10,27,00,00,00,00,00,00,
554000,00000056,false,Rx,0,8,10,27,00,00,00,00,00,00,
555000,00000057,false,Rx,0,8,00,00,FE,FF,FE,FF,00,00,
583000,00000625,false,Rx,0,8,25,00,59,86,01,54,5C,06,
644000,0000060D,false,Rx,0,8,0D,10,83,B6,09,20,70,00,
683000,00000625,false,Rx,0,8,25,00,59,86,01,54,5C,06,
744000,0000060D,false,Rx,0,8,0D,10,83,B6,09,20,70,00,
754000,00000054,false,Rx,0,8,01,05,EF,00,D3,02,00,00,
754000,000002C4,false,Rx,0,8,09,20,00,00,D3,02,00,00,
755000,00000055,false,Rx,0,8,10,27,00,00,00,00,00,00,
755000,000002C5,false,Rx,0,8,00,00,00,00,00,00,00,00,
755000,00000056,false,Rx,0,8,10,27,00,00,00,00,00,00,
755000,000002C6,false,Rx,0,8,32,00,7C,01,00,00,00,00,
756000,00000057,false,Rx,0,8,00,00,FE,FF,FE,FF,00,00,
784000,00000625,false,Rx,0,8,25,00,59,86,01,54,5C,06,
844000,0000060D,false,Rx,0,8,0D,10,83,B6,09,20,70,00,
883000,00000625,false,Rx,0,8,25,00,59,86,01,54,5C,06,
944000,0000060D,false,Rx,0,8,0D,10,83,B6,09,20,70,00,
954000,00000054,false,Rx,0,8,01,05,EF,00,D3,02,00,00,
954000,00000055,false,Rx,0,8,10,27,00,00,00,00,00,00,
955000,00000056,false,Rx,0,8,10,27,00,00,00,00,00,00,
955000,00000057,false,Rx,0,8,00,00,FE,FF,FE,FF,00,00,
974000,000002C4,false,Rx,0,8,09,20,00,00,D3,02,00,00,
975000,000002C5,false,Rx,0,8,00,00,00,00,00,00,00,00,
975000,000002C6,false,Rx,0,8,32,00,7C,01,00,00,00,00,
983000,00000625,false,Rx,0,8,25,00,59,86,01,54,5C,06,
44000,0000060D,false,Rx,0,8,0D,10,83,B6,09,20,70,00,
83000,00000625,false,Rx,0,8,25,00,59,86,01,54,5C,06,
144000,0000060D,false,Rx,0,8,0D,10,83,B6,09,20,70,00,
154000,00000054,false,Rx,0,8,01,05,EF,00,D3,02,00,00,
154000,00000055,false,Rx,0,8,10,27,00,00,00,00,00,00,
154000,00000056,false,Rx,0,8,10,27,00,00,00,00,00,00,
155000,00000057,false,Rx,0,8,00,00,FE,FF,FE,FF,00,00,
183000,00000625,false,Rx,0,8,25,00,59,86,01,54,5C,06,
194000,000002C4,false,Rx,0,8,09,20,00,00,D3,02,00,00,
195000,000002C5,false,Rx,0,8,00,00,00,00,00,00,00,00,
195000,000002C6,false,Rx,0,8,32,00,7C,01,00,00,00,00,
244000,0000060D,false,Rx,0,8,0D,10,83,B6,09,20,70,00,
283000,00000625,false,Rx,0,8,25,00,59,86,01,54,5C,06,
345000,0000060D,false,Rx,0,8,0D,10,83,B6,09,20,70,00,
354000,00000054,false,Rx,0,8,01,05,EF,00,D3,02,00,00,
354000,00000055,false,Rx,0,8,10,27,00,00,00,00,00,00,
354000,00000056,false,Rx,0,8,10,27,00,00,00,00,00,00,
354000,00000057,false,Rx,0,8,00,00,FE,FF,FE,FF,00,00,
383000,00000625,false,Rx,0,8,25,00,59,86,01,54,5C,06,
414000,000002C4,false,Rx,0,8,09,20,00,00,D3,02,00,00,
415000,000002C5,false,Rx,0,8,00,00,00,00,00,00,00,00,
415000,000002C6,false,Rx,0,8,32,00,7C,01,00,00,00,00,
444000,0000060D,false,Rx,0,8,0D,10,83,B6,09,20,70,00,
483000,00000625,false,Rx,0,8,25,00,59,86,01,54,5C,06,
544000,0000060D,false,Rx,0,8,0D,10,83,B6,09,20,70,00,
554000,00000054,false,Rx,0,8,01,05,EF,00,D3,02,00,00,
554000,00000055,false,Rx,0,8,10,27,00,00,00,00,00,00,
555000,00000056,false,Rx,0,8,10,27,00,00,00,00,00,00,
555000,00000057,false,Rx,0,8,00,00,FE,FF,FE,FF,00,00,
583000,00000625,false,Rx,0,8,25,00,59,86,01,54,5C,06,
634000,000002C4,false,Rx,0,8,09,20,00,00,D3,02,00,00,
634000,000002C5,false,Rx,0,8,00,00,00,00,00,00,00,00,
635000,000002C6,false,Rx,0,8,32,00,7C,01,00,00,00,00,
644000,0000060D,false,Rx,0,8,0D,10,83,B6,09,20,70,00,
683000,00000625,false,Rx,0,8,25,00,59,86,01,54,5C,06,
745000,0000060D,false,Rx,0,8,0D,10,83,B6,09,20,70,00,
0,00000054,false,Rx,0,8,01,05,EF,00,D3,02,00,00,
0,00000055,false,Rx,0,8,10,27,00,00,00,00,00,00,
754000,00000056,false,Rx,0,8,10,27,00,00,00,00,00,00,
754000,00000057,false,Rx,0,8,00,00,FE,FF,FE,FF,00,00,
783000,00000625,false,Rx,0,8,25,00,59,86,01,54,5C,06,
845000,0000060D,false,Rx,0,8,0D,10,83,B6,09,20,70,00,
854000,000002C4,false,Rx,0,8,09,20,00,00,D3,02,00,00,
855000,000002C5,false,Rx,0,8,00,00,00,00,00,00,00,00,
855000,000002C6,false,Rx,0,8,32,00,7C,01,00,00,00,00,
883000,00000625,false,Rx,0,8,25,00,59,86,01,54,5C,06,
945000,0000060D,false,Rx,0,8,0D,10,83,B6,09,20,70,00,
0,00000054,false,Rx,0,8,01,05,EF,00,D3,02,00,00,
0,00000055,false,Rx,0,8,10,27,00,00,00,00,00,00,
0,00000056,false,Rx,0,8,10,27,00,00,00,00,00,00,
955000,00000057,false,Rx,0,8,00,00,FE,FF,FE,FF,00,00,
983000,00000625,false,Rx,0,8,25,00,59,86,01,54,5C,06,
44000,0000060D,false,Rx,0,8,0D,10,83,B6,09,20,70,00,
74000,000002C4,false,Rx,0,8,09,20,00,00,D3,02,00,00,
74000,000002C5,false,Rx,0,8,00,00,00,00,00,00,00,00,
75000,000002C6,false,Rx,0,8,32,00,7C,01,00,00,00,00,
83000,00000625,false,Rx,0,8,25,00,59,86,01,54,5C,06,
144000,0000060D,false,Rx,0,8,0D,10,83,B6,09,20,70,00,
154000,00000054,false,Rx,0,8,01,05,EF,00,D3,02,00,00,
154000,00000055,false,Rx,0,8,10,27,00,00,00,00,00,00,
154000,00000056,false,Rx,0,8,10,27,00,00,00,00,00,00,
155000,00000057,false,Rx,0,8,00,00,FE,FF,FE,FF,00,00,
183000,00000625,false,Rx,0,8,25,00,59,86,01,54,5C,06,
244000,0000060D,false,Rx,0,8,0D,10,83,B6,09,20,70,00,
283000,00000625,false,Rx,0,8,25,00,59,86,01,54,5C,06,
295000,000002C4,false,Rx,0,8,09,20,00,00,D3,02,00,00,
295000,000002C5,false,Rx,0,8,00,00,00,00,00,00,00,00,
295000,000002C6,false,Rx,0,8,32,00,7C,01,00,00,00,00,
345000,0000060D,false,Rx,0,8,0D,10,83,B6,09,20,70,00,
354000,00000054,false,Rx,0,8,01,05,EF,00,D3,02,00,00,
354000,00000055,false,Rx,0,8,10,27,00,00,00,00,00,00,
355000,00000056,false,Rx,0,8,10,27,00,00,00,00,00,00,
355000,00000057,false,Rx,0,8,00,00,FE,FF,FE,FF,00,00,
383000,00000625,false,Rx,0,8,25,00,59,86,01,54,5C,06,
444000,0000060D,false,Rx,0,8,0D,10,83,B6,09,20,70,00,
483000,00000625,false,Rx,0,8,25,00,59,86,01,54,5C,06,
515000,000002C4,false,Rx,0,8,09,20,00,00,D3,02,00,00,
0,000002C5,false,Rx,0,8,00,00,00,00,00,00,00,00,
0,000002C6,false,Rx,0,8,32,00,7C,01,00,00,00,00,
544000,0000060D,false,Rx,0,8,0D,10,83,B6,09,20,70,00,
554000,00000054,false,Rx,0,8,01,05,EF,00,D3,02,00,00,
554000,00000055,false,Rx,0,8,10,27,00,00,00,00,00,00,
554000,00000056,false,Rx,0,8,10,27,00,00,00,00,00,00,
555000,00000057,false,Rx,0,8,00,00,FE,FF,FE,FF,00,00,
583000,00000625,false,Rx,0,8,25,00,59,86,01,54,5C,06,
644000,0000060D,false,Rx,0,8,0D,10,83,B6,09,20,70,00,
683000,00000625,false,Rx,0,8,25,00,59,86,01,54,5C,06,
0,000002C4,false,Rx,0,8,09,20,00,00,D3,02,00,00,
0,000002C5,false,Rx,0,8,00,00,00,00,00,00,00,00,
0,000002C6,false,Rx,0,8,32,00,7C,01,00,00,00,00,
744000,0000060D,false,Rx,0,8,0D,10,83,B6,09,20,70,00,
754000,00000054,false,Rx,0,8,01,05,EF,00,D3,02,00,00,
754000,00000055,false,Rx,0,8,10,27,00,00,00,00,00,00,
754000,00000056,false,Rx,0,8,10,27,00,00,00,00,00,00,
754000,00000057,false,Rx,0,8,00,00,FE,FF,FE,FF,00,00,
783000,00000625,false,Rx,0,8,25,00,59,86,01,54,5C,06,
845000,0000060D,false,Rx,0,8,0D,10,83,B6,09,20,70,00,
883000,00000625,false,Rx,0,8,25,00,59,86,01,54,5C,06,
944000,0000060D,false,Rx,0,8,0D,10,83,B6,09,20,70,00,
0,00000054,false,Rx,0,8,01,05,EF,00,D3,02,00,00,
0,00000055,false,Rx,0,8,10,27,00,00,00,00,00,00,
955000,000002C4,false,Rx,0,8,09,20,00,00,D3,02,00,00,
0,00000056,false,Rx,0,8,10,27,00,00,00,00,00,00,
0,000002C5,false,Rx,0,8,00,00,00,00,00,00,00,00,
0,00000057,false,Rx,0,8,00,00,FE,FF,FE,FF,00,00,
955000,000002C6,false,Rx,0,8,32,00,7C,01,00,00,00,00,
983000,00000625,false,Rx,0,8,25,00,59,86,01,54,5C,06,
45000,0000060D,false,Rx,0,8,0D,10,83,B6,09,20,70,00,
83000,00000625,false,Rx,0,8,25,00,59,86,01,54,5C,06,
145000,0000060D,false,Rx,0,8,0D,10,83,B6,09,20,70,00,
155000,00000054,false,Rx,0,8,01,05,EF,00,D3,02,00,00,
155000,00000055,false,Rx,0,8,10,27,00,00,00,00,00,00,
155000,00000056,false,Rx,0,8,10,27,00,00,00,00,00,00,
155000,00000057,false,Rx,0,8,00,00,FE,FF,FE,FF,00,00,
175000,000002C4,false,Rx,0,8,09,20,00,00,D3,02,00,00,
175000,000002C5,false,Rx,0,8,00,00,00,00,00,00,00,00,
175000,000002C6,false,Rx,0,8,32,00,7C,01,00,00,00,00,
183000,00000625,false,Rx,0,8,25,00,59,86,01,54,5C,06,
244000,0000060D,false,Rx,0,8,0D,10,83,B6,09,20,70,00,
283000,00000625,false,Rx,0,8,25,00,59,86,01,54,5C,06,
345000,0000060D,false,Rx,0,8,0D,10,83,B6,09,20,70,00,
353000,00000054,false,Rx,0,8,01,05,EF,00,D3,02,00,00,
353000,00000055,false,Rx,0,8,10,27,00,00,00,00,00,00,
355000,00000056,false,Rx,0,8,10,27,00,00,00,00,00,00,
355000,00000057,false,Rx,0,8,00,00,FE,FF,FE,FF,00,00,
385000,00000625,false,Rx,0,8,25,00,59,86,01,54,5C,06,
395000,000002C4,false,Rx,0,8,09,20,00,00,D3,02,00,00,
0,000002C5,false,Rx,0,8,00,00,00,00,00,00,00,00,
0,000002C6,false,Rx,0,8,32,00,7C,01,00,00,00,00,
445000,0000060D,false,Rx,0,8,0D,10,83,B6,09,20,70,00,
484000,00000625,false,Rx,0,8,25,00,59,86,01,54,5C,06,
544000,0000060D,false,Rx,0,8,0D,10,83,B6,09,20,70,00,
554000,00000054,false,Rx,0,8,01,05,EF,00,D3,02,00,00,
554000,00000055,false,Rx,0,8,10,27,00,00,00,00,00,00,
555000,00000056,false,Rx,0,8,10,27,00,00,00,00,00,00,
555000,00000057,false,Rx,0,8,00,00,FE,FF,FE,FF,00,00,
583000,00000625,false,Rx,0,8,25,00,59,86,01,54,5C,06,
614000,000002C4,false,Rx,0,8,09,20,00,00,D3,02,00,00,
614000,000002C5,false,Rx,0,8,00,00,00,00,00,00,00,00,
615000,000002C6,false,Rx,0,8,32,00,7C,01,00,00,00,00,
645000,0000060D,false,Rx,0,8,0D,10,83,B6,09,20,70,00,
683000,00000625,false,Rx,0,8,25,00,59,86,01,54,5C,06,
745000,0000060D,false,Rx,0,8,0D,10,83,B6,09,20,70,00,
754000,00000054,false,Rx,0,8,01,05,EF,00,D3,02,00,00,
754000,00000055,false,Rx,0,8,10,27,00,00,00,00,00,00,
0,00000056,false,Rx,0,8,10,27,00,00,00,00,00,00,
0,00000057,false,Rx,0,8,00,00,FE,FF,FE,FF,00,00,
783000,00000625,false,Rx,0,8,25,00,59,86,01,54,5C,06,
834000,000002C4,false,Rx,0,8,09,20,00,00,D3,02,00,00,
834000,000002C5,false,Rx,0,8,00,00,00,00,00,00,00,00,
834000,000002C6,false,Rx,0,8,32,00,7C,01,00,00,00,00,
845000,0000060D,false,Rx,0,8,0D,10,83,B6,09,20,70,00,
883000,00000625,false,Rx,0,8,25,00,59,86,01,54,5C,06,
945000,0000060D,false,Rx,0,8,0D,10,83,B6,09,20,70,00,
954000,00000054,false,Rx,0,8,01,05,EF,00,D3,02,00,00,
954000,00000055,false,Rx,0,8,10,27,00,00,00,00,00,00,
955000,00000056,false,Rx,0,8,10,27,00,00,00,00,00,00,
955000,00000057,false,Rx,0,8,00,00,FE,FF,FE,FF,00,00,
983000,00000625,false,Rx,0,8,25,00,59,86,01,54,5C,06,
44000,0000060D,false,Rx,0,8,0D,10,83,B6,09,20,70,00,
54000,000002C4,false,Rx,0,8,09,20,00,00,D3,02,00,00,
54000,000002C5,false,Rx,0,8,00,00,00,00,00,00,00,00,
55000,000002C6,false,Rx,0,8,32,00,7C,01,00,00,00,00,
83000,00000625,false,Rx,0,8,25,00,59,86,01,54,5C,06,
145000,0000060D,false,Rx,0,8,0D,10,83,B6,09,20,70,00,
0,00000054,false,Rx,0,8,01,05,EF,00,D3,02,00,00,
0,00000055,false,Rx,0,8,10,27,00,00,00,00,00,00,
0,00000056,false,Rx,0,8,10,27,00,00,00,00,00,00,
0,00000057,false,Rx,0,8,00,00,FE,FF,FE,FF,00,00,
183000,00000625,false,Rx,0,8,25,00,59,86,01,54,5C,06,
244000,0000060D,false,Rx,0,8,0D,10,83,B6,09,20,70,00,
275000,000002C4,false,Rx,0,8,09,20,00,00,D3,02,00,00,
275000,000002C5,false,Rx,0,8,00,00,00,00,00,00,00,00,
275000,000002C6,false,Rx,0,8,32,00,7C,01,00,00,00,00,
283000,00000625,false,Rx,0,8,25,00,59,86,01,54,5C,06,
345000,0000060D,false,Rx,0,8,0D,10,83,B6,09,20,70,00,
354000,00000054,false,Rx,0,8,01,05,EF,00,D3,02,00,00,
354000,00000055,false,Rx,0,8,10,27,00,00,00,00,00,00,
354000,00000056,false,Rx,0,8,10,27,00,00,00,00,00,00,
354000,00000057,false,Rx,0,8,00,00,FE,FF,FE,FF,00,00,
383000,00000625,false,Rx,0,8,25,00,59,86,01,54,5C,06,
445000,0000060D,false,Rx,0,8,0D,10,83,B6,09,20,70,00,
483000,00000625,false,Rx,0,8,25,00,59,86,01,54,5C,06,
494000,000002C4,false,Rx,0,8,09,20,00,00,D3,02,00,00,
495000,000002C5,false,Rx,0,8,00,00,00,00,00,00,00,00,
495000,000002C6,false,Rx,0,8,32,00,7C,01,00,00,00,00,
545000,0000060D,false,Rx,0,8,0D,10,83,B6,09,20,70,00,
554000,00000054,false,Rx,0,8,01,05,EF,00,D3,02,00,00,
554000,00000055,false,Rx,0,8,10,27,00,00,00,00,00,00,
555000,00000056,false,Rx,0,8,10,27,00,00,00,00,00,00,
555000,00000057,false,Rx,0,8,00,00,FE,FF,FE,FF,00,00,
583000,00000625,false,Rx,0,8,25,00,59,86,01,54,5C,06,
645000,0000060D,false,Rx,0,8,0D,10,83,B6,09,20,70,00,
683000,00000625,false,Rx,0,8,25,00,59,86,01,54,5C,06,
714000,000002C4,false,Rx,0,8,09,20,00,00,D3,02,00,00,
715000,000002C5,false,Rx,0,8,00,00,00,00,00,00,00,00,
716000,000002C6,false,Rx,0,8,32,00,7C,01,00,00,00,00,
745000,0000060D,false,Rx,0,8,0D,10,83,B6,09,20,70,00,
754000,00000054,false,Rx,0,8,01,05,EF,00,D3,02,00,00,
754000,00000055,false,Rx,0,8,10,27,00,00,00,00,00,00,
755000,00000056,false,Rx,0,8,10,27,00,00,00,00,00,00,
755000,00000057,false,Rx,0,8,00,00,FE,FF,FE,FF,00,00,
783000,00000625,false,Rx,0,8,25,00,59,86,01,54,5C,06,
845000,0000060D,false,Rx,0,8,0D,10,83,B6,09,20,70,00,
883000,00000625,false,Rx,0,8,25,00,59,86,01,54,5C,06,
935000,000002C4,false,Rx,0,8,09,20,00,00,D3,02,00,00,
935000,000002C5,false,Rx,0,8,00,00,00,00,00,00,00,00,
935000,000002C6,false,Rx,0,8,32,00,7C,01,00,00,00,00,
944000,0000060D,false,Rx,0,8,0D,10,83,B6,09,20,70,00,
954000,00000054,false,Rx,0,8,01,05,EF,00,D3,02,00,00,
954000,00000055,false,Rx,0,8,10,27,00,00,00,00,00,00,
955000,00000056,false,Rx,0,8,10,27,00,00,00,00,00,00,
955000,00000057,false,Rx,0,8,00,00,FE,FF,FE,FF,00,00,
983000,00000625,false,Rx,0,8,25,00,59,86,01,54,5C,06,
45000,0000060D,false,Rx,0,8,0D,10,83,B6,09,20,70,00,
83000,00000625,false,Rx,0,8,25,00,59,86,01,54,5C,06,
144000,0000060D,false,Rx,0,8,0D,10,83,B6,09,20,70,00,
154000,00000054,false,Rx,0,8,01,05,EF,00,D3,02,00,00,
154000,00000055,false,Rx,0,8,10,27,00,00,00,00,00,00,
155000,000002C4,false,Rx,0,8,09,20,00,00,D3,02,00,00,
155000,00000056,false,Rx,0,8,10,27,00,00,00,00,00,00,
155000,000002C5,false,Rx,0,8,00,00,00,00,00,00,00,00,
155000,00000057,false,Rx,0,8,00,00,FE,FF,FE,FF,00,00,
155000,000002C6,false,Rx,0,8,32,00,7C,01,00,00,00,00,
183000,00000625,false,Rx,0,8,25,00,59,86,01,54,5C,06,
244000,0000060D,false,Rx,0,8,0D,10,83,B6,09,20,70,00,
283000,00000625,false,Rx,0,8,25,00,59,86,01,54,5C,06,
345000,0000060D,false,Rx,0,8,0D,10,83,B6,09,20,70,00,
0,00000054,false,Rx,0,8,01,05,EF,00,D3,02,00,00,
0,00000055,false,Rx,0,8,10,27,00,00,00,00,00,00,
354000,00000056,false,Rx,0,8,10,27,00,00,00,00,00,00,
355000,00000057,false,Rx,0,8,00,00,FE,FF,FE,FF,00,00,
374000,000002C4,false,Rx,0,8,09,20,00,00,D3,02,00,00,
375000,000002C5,false,Rx,0,8,00,00,00,00,00,00,00,00,
375000,000002C6,false,Rx,0,8,32,00,7C,01,00,00,00,00,
383000,00000625,false,Rx,0,8,25,00,59,86,01,54,5C,06,
445000,0000060D,false,Rx,0,8,0D,10,83,B6,09,20,70,00,
483000,00000625,false,Rx,0,8,25,00,59,86,01,54,5C,06,
545000,0000060D,false,Rx,0,8,0D,10,83,B6,09,20,70,00,
554000,00000054,false,Rx,0,8,01,05,EF,00,D3,02,00,00,
554000,00000055,false,Rx,0,8,10,27,00,00,00,00,00,00,
554000,00000056,false,Rx,0,8,10,27,00,00,00,00,00,00,
555000,00000057,false,Rx,0,8,00,00,FE,FF,FE,FF,00,00,
583000,00000625,false,Rx,0,8,25,00,59,86,01,54,5C,06,
595000,000002C4,false,Rx,0,8,09,20,00,00,D3,02,00,00,
595000,000002C5,false,Rx,0,8,00,00,00,00,00,00,00,00,
595000,000002C6,false,Rx,0,8,32,00,7C,01,00,00,00,00,
644000,0000060D,false,Rx,0,8,0D,10,83,B6,09,20,70,00,
683000,00000625,false,Rx,0,8,25,00,59,86,01,54,5C,06,
744000,0000060D,false,Rx,0,8,0D,10,83,B6,09,20,70,00,
754000,00000054,false,Rx,0,8,01,05,EF,00,D3,02,00,00,
755000,00000055,false,Rx,0,8,10,27,00,00,00,00,00,00,
755000,00000056,false,Rx,0,8,10,27,00,00,00,00,00,00,
755000,00000057,false,Rx,0,8,00,00,FE,FF,FE,FF,00,00,
783000,00000625,false,Rx,0,8,25,00,59,86,01,54,5C,06,
0,000002C4,false,Rx,0,8,09,20,00,00,D3,02,00,00,
0,000002C5,false,Rx,0,8,00,00,00,00,00,00,00,00,
815000,000002C6,false,Rx,0,8,32,00,7C,01,00,00,00,00,
845000,0000060D,false,Rx,0,8,0D,10,83,B6,09,20,70,00,
883000,00000625,false,Rx,0,8,25,00,59,86,01,54,5C,06,
945000,0000060D,false,Rx,0,8,0D,10,83,B6,09,20,70,00,
954000,00000054,false,Rx,0,8,01,05,EF,00,D3,02,00,00,
954000,00000055,false,Rx,0,8,10,27,00,00,00,00,00,00,
0,00000056,false,Rx,0,8,10,27,00,00,00,00,00,00,
0,00000057,false,Rx,0,8,00,00,FE,FF,FE,FF,00,00,
984000,00000625,false,Rx,0,8,25,00,59,86,01,54,5C,06,
34000,000002C4,false,Rx,0,8,09,20,00,00,D3,02,00,00,
35000,000002C5,false,Rx,0,8,00,00,00,00,00,00,00,00,
35000,000002C6,false,Rx,0,8,32,00,7C,01,00,00,00,00,
44000,0000060D,false,Rx,0,8,0D,10,83,B6,09,20,70,00,
83000,00000625,false,Rx,0,8,25,00,59,86,01,54,5C,06,
144000,0000060D,false,Rx,0,8,0D,10,83,B6,09,20,70,00,
154000,00000054,false,Rx,0,8,01,05,EF,00,D3,02,00,00,
154000,00000055,false,Rx,0,8,10,27,00,00,00,00,00,00,
155000,00000056,false,Rx,0,8,10,27,00,00,00,00,00,00,
155000,00000057,false,Rx,0,8,00,00,FE,FF,FE,FF,00,00,
184000,00000625,false,Rx,0,8,25,00,59,86,01,54,5C,06,
244000,0000060D,false,Rx,0,8,0D,10,83,B6,09,20,70,00,
255000,000002C4,false,Rx,0,8,09,20,00,00,D3,02,00,00,
255000,000002C5,false,Rx,0,8,00,00,00,00,00,00,00,00,
255000,000002C6,false,Rx,0,8,32,00,7C,01,00,00,00,00,
283000,00000625,false,Rx,0,8,25,00,59,86,01,54,5C,06,
345000,0000060D,false,Rx,0,8,0D,10,83,B6,09,20,70,00,
0,00000054,false,Rx,0,8,01,05,EF,00,D3,02,00,00,
0,00000055,false,Rx,0,8,10,27,00,00,00,00,00,00,
355000,00000056,false,Rx,0,8,10,27,00,00,00,00,00,00,
355000,00000057,false,Rx,0,8,00,00,FE,FF,FE,FF,00,00,
383000,00000625,false,Rx,0,8,25,00,59,86,01,54,5C,06,
444000,0000060D,false,Rx,0,8,0D,10,83,B6,09,20,70,00,
475000,000002C4,false,Rx,0,8,09,20,00,00,D3,02,00,00,
475000,000002C5,false,Rx,0,8,00,00,00,00,00,00,00,00,
475000,000002C6,false,Rx,0,8,32,00,7C,01,00,00,00,00,
483000,00000625,false,Rx,0,8,25,00,59,86,01,54,5C,06,
545000,0000060D,false,Rx,0,8,0D,10,83,B6,09,20,70,00,
554000,00000054,false,Rx,0,8,01,05,EF,00,D3,02,00,00,
554000,00000055,false,Rx,0,8,10,27,00,00,00,00,00,00,
555000,00000056,false,Rx,0,8,10,27,00,00,00,00,00,00,
555000,00000057,false,Rx,0,8,00,00,FE,FF,FE,FF,00,00,
583000,00000625,false,Rx,0,8,25,00,59,86,01,54,5C,06,
644000,0000060D,false,Rx,0,8,0D,10,83,B6,09,20,70,00,
683000,00000625,false,Rx,0,8,25,00,59,86,01,54,5C,06,
0,000002C4,false,Rx,0,8,09,20,00,00,D3,02,00,00,
0,000002C5,false,Rx,0,8,00,00,00,00,00,00,00,00,
695000,000002C6,false,Rx,0,8,32,00,7C,01,00,00,00,00,
744000,0000060D,false,Rx,0,8,0D,10,83,B6,09,20,70,00,
754000,00000054,false,Rx,0,8,01,05,EF,00,D3,02,00,00,
754000,00000055,false,Rx,0,8,10,27,00,00,00,00,00,00,
755000,00000056,false,Rx,0,8,10,27,00,00,00,00,00,00,
755000,00000057,false,Rx,0,8,00,00,FE,FF,FE,FF,00,00,
783000,00000625,false,Rx,0,8,25,00,59,86,01,54,5C,06,
845000,0000060D,false,Rx,0,8,0D,10,83,B6,09,20,70,00,
883000,00000625,false,Rx,0,8,25,00,59,86,01,54,5C,06,
0,000002C4,false,Rx,0,8,09,20,00,00,D3,02,00,00,
0,000002C5,false,Rx,0,8,00,00,00,00,00,00,00,00,
915000,000002C6,false,Rx,0,8,32,00,7C,01,00,00,00,00,
944000,0000060D,false,Rx,0,8,0D,10,83,B6,09,20,70,00,
0,00000054,false,Rx,0,8,01,05,EF,00,D3,02,00,00,
0,00000055,false,Rx,0,8,10,27,00,00,00,00,00,00,
955000,00000056,false,Rx,0,8,10,27,00,00,00,00,00,00,
955000,00000057,false,Rx,0,8,00,00,FE,FF,FE,FF,00,00,
983000,00000625,false,Rx,0,8,25,00,59,86,01,54,5C,06,
45000,0000060D,false,Rx,0,8,0D,10,83,B6,09,20,70,00,
83000,00000625,false,Rx,0,8,25,00,59,86,01,54,5C,06,
0,000002C4,false,Rx,0,8,09,20,00,00,D3,02,00,00,
0,000002C5,false,Rx,0,8,00,00,00,00,00,00,00,00,
135000,000002C6,false,Rx,0,8,32,00,7C,01,00,00,00,00,
145000,0000060D,false,Rx,0,8,0D,10,83,B6,09,20,70,00,
155000,00000054,false,Rx,0,8,01,05,EF,00,D3,02,00,00,
155000,00000055,false,Rx,0,8,10,27,00,00,00,00,00,00,
155000,00000056,false,Rx,0,8,10,27,00,00,00,00,00,00,
155000,00000057,false,Rx,0,8,00,00,FE,FF,FE,FF,00,00,
184000,00000625,false,Rx,0,8,25,00,59,86,01,54,5C,06,
245000,0000060D,false,Rx,0,8,0D,10,83,B6,09,20,70,00,
283000,00000625,false,Rx,0,8,25,00,59,86,01,54,5C,06,
345000,0000060D,false,Rx,0,8,0D,10,83,B6,09,20,70,00,
354000,00000054,false,Rx,0,8,01,05,EF,00,D3,02,00,00,
355000,00000055,false,Rx,0,8,10,27,00,00,00,00,00,00,
355000,000002C4,false,Rx,0,8,09,20,00,00,D3,02,00,00,
355000,00000056,false,Rx,0,8,10,27,00,00,00,00,00,00,
355000,000002C5,false,Rx,0,8,00,00,00,00,00,00,00,00,
355000,00000057,false,Rx,0,8,00,00,FE,FF,FE,FF,00,00,
356000,000002C6,false,Rx,0,8,32,00,7C,01,00,00,00,00,
383000,00000625,false,Rx,0,8,25,00,59,86,01,54,5C,06,
445000,0000060D,false,Rx,0,8,0D,10,83,B6,09,20,70,00,
484000,00000625,false,Rx,0,8,25,00,59,86,01,54,5C,06,
544000,0000060D,false,Rx,0,8,0D,10,83,B6,09,20,70,00,
554000,00000054,false,Rx,0,8,01,05,EF,00,D3,02,00,00,
555000,00000055,false,Rx,0,8,10,27,00,00,00,00,00,00,
555000,00000056,false,Rx,0,8,10,27,00,00,00,00,00,00,
556000,00000057,false,Rx,0,8,00,00,FE,FF,FE,FF,00,00,
574000,000002C4,false,Rx,0,8,09,20,00,00,D3,02,00,00,
574000,000002C5,false,Rx,0,8,00,00,00,00,00,00,00,00,
575000,000002C6,false,Rx,0,8,32,00,7C,01,00,00,00,00,
583000,00000625,false,Rx,0,8,25,00,59,86,01,54,5C,06,
644000,0000060D,false,Rx,0,8,0D,10,83,B6,09,20,70,00,
683000,00000625,false,Rx,0,8,25,00,59,86,01,54,5C,06,
745000,0000060D,false,Rx,0,8,0D,10,83,B6,09,20,70,00,
754000,00000054,false,Rx,0,8,01,05,EF,00,D3,02,00,00,
754000,00000055,false,Rx,0,8,10,27,00,00,00,00,00,00,
754000,00000056,false,Rx,0,8,10,27,00,00,00,00,00,00,
755000,00000057,false,Rx,0,8,00,00,FE,FF,FE,FF,00,00,
783000,00000625,false,Rx,0,8,25,00,59,86,01,54,5C,06,
794000,000002C4,false,Rx,0,8,09,20,00,00,D3,02,00,00,
795000,000002C5,false,Rx,0,8,00,00,00,00,00,00,00,00,
795000,000002C6,false,Rx,0,8,32,00,7C,01,00,00,00,00,
845000,0000060D,false,Rx,0,8,0D,10,83,B6,09,20,70,00,
883000,00000625,false,Rx,0,8,25,00,59,86,01,54,5C,06,
945000,0000060D,false,Rx,0,8,0D,10,83,B6,09,20,70,00,
954000,00000054,false,Rx,0,8,01,05,EF,00,D3,02,00,00,
954000,00000055,false,Rx,0,8,10,27,00,00,00,00,00,00,
954000,00000056,false,Rx,0,8,10,27,00,00,00,00,00,00,
954000,00000057,false,Rx,0,8,00,00,FE,FF,FE,FF,00,00,
983000,00000625,false,Rx,0,8,25,00,59,86,01,54,5C,06,
0,000002C4,false,Rx,0,8,09,20,00,00,D3,02,00,00,
0,000002C5,false,Rx,0,8,00,00,00,00,00,00,00,00,
15000,000002C6,false,Rx,0,8,32,00,7C,01,00,00,00,00,
45000,0000060D,false,Rx,0,8,0D,10,83,B6,09,20,70,00,
83000,00000625,false,Rx,0,8,25,00,59,86,01,54,5C,06,
145000,0000060D,false,Rx,0,8,0D,10,83,B6,09,20,70,00,
155000,00000054,false,Rx,0,8,01,05,EF,00,D3,02,00,00,
155000,00000055,false,Rx,0,8,10,27,00,00,00,00,00,00,
155000,00000056,false,Rx,0,8,10,27,00,00,00,00,00,00,
155000,00000057,false,Rx,0,8,00,00,FE,FF,FE,FF,00,00,
183000,00000625,false,Rx,0,8,25,00,59,86,01,54,5C,06,
0,000002C4,false,Rx,0,8,09,20,00,00,D3,02,00,00,
0,000002C5,false,Rx,0,8,00,00,00,00,00,00,00,00,
0,000002C6,false,Rx,0,8,32,00,7C,01,00,00,00,00,
244000,0000060D,false,Rx,0,8,0D,10,83,B6,09,20,70,00,
284000,00000625,false,Rx,0,8,25,00,59,86,01,54,5C,06,
344000,0000060D,false,Rx,0,8,0D,10,83,B6,09,20,70,00,
354000,00000054,false,Rx,0,8,01,05,EF,00,D3,02,00,00,
354000,00000055,false,Rx,0,8,10,27,00,00,00,00,00,00,
354000,00000056,false,Rx,0,8,10,27,00,00,00,00,00,00,
354000,00000057,false,Rx,0,8,00,00,FE,FF,FE,FF,00,00,
383000,00000625,false,Rx,0,8,25,00,59,86,01,54,5C,06,
444000,0000060D,false,Rx,0,8,0D,10,83,B6,09,20,70,00,
454000,000002C4,false,Rx,0,8,09,20,00,00,D3,02,00,00,
455000,000002C5,false,Rx,0,8,00,00,00,00,00,00,00,00,
455000,000002C6,false,Rx,0,8,32,00,7C,01,00,00,00,00,
483000,00000625,false,Rx,0,8,25,00,59,86,01,54,5C,06,
544000,0000060D,false,Rx,0,8,0D,10,83,B6,09,20,70,00,
554000,00000054,false,Rx,0,8,01,05,EF,00,D3,02,00,00,
554000,00000055,false,Rx,0,8,10,27,00,00,00,00,00,00,
554000,00000056,false,Rx,0,8,10,27,00,00,00,00,00,00,
555000,00000057,false,Rx,0,8,00,00,FE,FF,FE,FF,00,00,
584000,00000625,false,Rx,0,8,25,00,59,86,01,54,5C,06,
645000,0000060D,false,Rx,0,8,0D,10,83,B6,09,20,70,00,
675000,000002C4,false,Rx,0,8,09,20,00,00,D3,02,00,00,
675000,000002C5,false,Rx,0,8,00,00,00,00,00,00,00,00,
675000,000002C6,false,Rx,0,8,32,00,7C,01,00,00,00,00,
683000,00000625,false,Rx,0,8,25,00,59,86,01,54,5C,06,
744000,0000060D,false,Rx,0,8,0D,10,83,B6,09,20,70,00,
0,00000054,false,Rx,0,8,01,05,EF,00,D3,02,00,00,
0,00000055,false,Rx,0,8,10,27,00,00,00,00,00,00,
0,00000056,false,Rx,0,8,10,27,00,00,00,00,00,00,
0,00000057,false,Rx,0,8,00,00,FE,FF,FE,FF,00,00,
783000,00000625,false,Rx,0,8,25,00,59,86,01,54,5C,06,
844000,0000060D,false,Rx,0,8,0D,10,83,B6,09,20,70,00,
883000,00000625,false,Rx,0,8,25,00,59,86,01,54,5C,06,
894000,000002C4,false,Rx,0,8,09,20,00,00,D3,02,00,00,
895000,000002C5,false,Rx,0,8,00,00,00,00,00,00,00,00,
895000,000002C6,false,Rx,0,8,32,00,7C,01,00,00,00,00,
945000,0000060D,false,Rx,0,8,0D,10,83,B6,09,20,70,00,
0,00000054,false,Rx,0,8,01,05,EF,00,D3,02,00,00,
0,00000055,false,Rx,0,8,10,27,00,00,00,00,00,00,
955000,00000056,false,Rx,0,8,10,27,00,00,00,00,00,00,
955000,00000057,false,Rx,0,8,00,00,FE,FF,FE,FF,00,00,
984000,00000625,false,Rx,0,8,25,00,59,86,01,54,5C,06,
44000,0000060D,false,Rx,0,8,0D,10,83,B6,09,20,70,00,
83000,00000625,false,Rx,0,8,25,00,59,86,01,54,5C,06,
115000,000002C4,false,Rx,0,8,09,20,00,00,D3,02,00,00,
115000,000002C5,false,Rx,0,8,00,00,00,00,00,00,00,00,
115000,000002C6,false,Rx,0,8,32,00,7C,01,00,00,00,00,
145000,0000060D,false,Rx,0,8,0D,10,83,B6,09,20,70,00,
154000,00000054,false,Rx,0,8,01,05,EF,00,D3,02,00,00,
154000,00000055,false,Rx,0,8,10,27,00,00,00,00,00,00,
154000,00000056,false,Rx,0,8,10,27,00,00,00,00,00,00,
155000,00000057,false,Rx,0,8,00,00,FE,FF,FE,FF,00,00,
184000,00000625,false,Rx,0,8,25,00,59,86,01,54,5C,06,
244000,0000060D,false,Rx,0,8,0D,10,83,B6,09,20,70,00,
284000,00000625,false,Rx,0,8,25,00,59,86,01,54,5C,06,
335000,000002C4,false,Rx,0,8,09,20,00,00,D3,02,00,00,
335000,000002C5,false,Rx,0,8,00,00,00,00,00,00,00,00,
335000,000002C6,false,Rx,0,8,32,00,7C,01,00,00,00,00,
344000,0000060D,false,Rx,0,8,0D,10,83,B6,09,20,70,00,
354000,00000054,false,Rx,0,8,01,05,EF,00,D3,02,00,00,
355000,00000055,false,Rx,0,8,10,27,00,00,00,00,00,00,
355000,00000056,false,Rx,0,8,10,27,00,00,00,00,00,00,
355000,00000057,false,Rx,0,8,00,00,FE,FF,FE,FF,00,00,
383000,00000625,false,Rx,0,8,25,00,59,86,01,54,5C,06,
445000,0000060D,false,Rx,0,8,0D,10,83,B6,09,20,70,00,
484000,00000625,false,Rx,0,8,25,00,59,86,01,54,5C,06,
545000,0000060D,false,Rx,0,8,0D,10,83,B6,09,20,70,00,
553000,00000054,false,Rx,0,8,01,05,EF,00,D3,02,00,00,
0,00000055,false,Rx,0,8,10,27,00,00,00,00,00,00,
0,000002C4,false,Rx,0,8,09,20,00,00,D3,02,00,00,
554000,00000056,false,Rx,0,8,10,27,00,00,00,00,00,00,
555000,000002C5,false,Rx,0,8,00,00,00,00,00,00,00,00,
555000,00000057,false,Rx,0,8,00,00,FE,FF,FE,FF,00,00,
555000,000002C6,false,Rx,0,8,32,00,7C,01,00,00,00,00,
583000,00000625,false,Rx,0,8,25,00,59,86,01,54,5C,06,
644000,0000060D,false,Rx,0,8,0D,10,83,B6,09,20,70,00,
683000,00000625,false,Rx,0,8,25,00,59,86,01,54,5C,06,
744000,0000060D,false,Rx,0,8,0D,10,83,B6,09,20,70,00,
754000,00000054,false,Rx,0,8,01,05,EF,00,D3,02,00,00,
754000,00000055,false,Rx,0,8,10,27,00,00,00,00,00,00,
755000,00000056,false,Rx,0,8,10,27,00,00,00,00,00,00,
755000,00000057,false,Rx,0,8,00,00,FE,FF,FE,FF,00,00,
775000,000002C4,false,Rx,0,8,09,20,00,00,D3,02,00,00,
775000,000002C5,false,Rx,0,8,00,00,00,00,00,00,00,00,
775000,000002C6,false,Rx,0,8,32,00,7C,01,00,00,00,00,
784000,00000625,false,Rx,0,8,25,00,59,86,01,54,5C,06,
845000,0000060D,false,Rx,0,8,0D,10,83,B6,09,20,70,00,
883000,00000625,false,Rx,0,8,25,00,59,86,01,54,5C,06,
945000,0000060D,false,Rx,0,8,0D,10,83,B6,09,20,70,00,
954000,00000054,false,Rx,0,8,01,05,EF,00,D3,02,00,00,
954000,00000055,false,Rx,0,8,10,27,00,00,00,00,00,00,
954000,00000056,false,Rx,0,8,10,27,00,00,00,00,00,00,
955000,00000057,false,Rx,0,8,00,00,FE,FF,FE,FF,00,00,
984000,00000625,false,Rx,0,8,25,00,59,86,01,54,5C,06,
994000,000002C4,false,Rx,0,8,09,20,00,00,D3,02,00,00,
995000,000002C5,false,Rx,0,8,00,00,00,00,00,00,00,00,
995000,000002C6,false,Rx,0,8,32,00,7C,01,00,00,00,00,
44000,0000060D,false,Rx,0,8,0D,10,83,B6,09,20,70,00,
84000,00000625,false,Rx,0,8,25,00,59,86,01,54,5C,06,
144000,0000060D,false,Rx,0,8,0D,10,83,B6,09,20,70,00,
0,00000054,false,Rx,0,8,01,05,EF,00,D3,02,00,00,
0,00000055,false,Rx,0,8,10,27,00,00,00,00,00,00,
154000,00000056,false,Rx,0,8,10,27,00,00,00,00,00,00,
154000,00000057,false,Rx,0,8,00,00,FE,FF,FE,FF,00,00,
184000,00000625,false,Rx,0,8,25,00,59,86,01,54,5C,06,
0,000002C4,false,Rx,0,8,09,20,00,00,D3,02,00,00,
0,000002C5,false,Rx,0,8,00,00,00,00,00,00,00,00,
215000,000002C6,false,Rx,0,8,32,00,7C,01,00,00,00,00,
244000,0000060D,false,Rx,0,8,0D,10,83,B6,09,20,70,00,
284000,00000625,false,Rx,0,8,25,00,59,86,01,54,5C,06,
345000,0000060D,false,Rx,0,8,0D,10,83,B6,09,20,70,00,
355000,00000054,false,Rx,0,8,01,05,EF,00,D3,02,00,00,
355000,00000055,false,Rx,0,8,10,27,00,00,00,00,00,00,
355000,00000056,false,Rx,0,8,10,27,00,00,00,00,00,00,
355000,00000057,false,Rx,0,8,00,00,FE,FF,FE,FF,00,00,
383000,00000625,false,Rx,0,8,25,00,59,86,01,54,5C,06,
435000,000002C4,false,Rx,0,8,09,20,00,00,D3,02,00,00,
435000,000002C5,false,Rx,0,8,00,00,00,00,00,00,00,00,
435000,000002C6,false,Rx,0,8,32,00,7C,01,00,00,00,00,
444000,0000060D,false,Rx,0,8,0D,10,83,B6,09,20,70,00,
484000,00000625,false,Rx,0,8,25,00,59,86,01,54,5C,06,
544000,0000060D,false,Rx,0,8,0D,10,83,B6,09,20,70,00,
554000,00000054,false,Rx,0,8,01,05,EF,00,D3,02,00,00,
555000,00000055,false,Rx,0,8,10,27,00,00,00,00,00,00,
555000,00000056,false,Rx,0,8,10,27,00,00,00,00,00,00,
555000,00000057,false,Rx,0,8,00,00,FE,FF,FE,FF,00,00,
584000,00000625,false,Rx,0,8,25,00,59,86,01,54,5C,06,
644000,0000060D,false,Rx,0,8,0D,10,83,B6,09,20,70,00,
654000,000002C4,false,Rx,0,8,09,20,00,00,D3,02,00,00,
654000,000002C5,false,Rx,0,8,00,00,00,00,00,00,00,00,
654000,000002C6,false,Rx,0,8,32,00,7C,01,00,00,00,00,
683000,00000625,false,Rx,0,8,25,00,59,86,01,54,5C,06,
745000,0000060D,false,Rx,0,8,0D,10,83,B6,09,20,70,00,
754000,00000054,false,Rx,0,8,01,05,EF,00,D3,02,00,00,
754000,00000055,false,Rx,0,8,10,27,00,00,00,00,00,00,
754000,00000056,false,Rx,0,8,10,27,00,00,00,00,00,00,
755000,00000057,false,Rx,0,8,00,00,FE,FF,FE,FF,00,00,
783000,00000625,false,Rx,0,8,25,00,59,86,01,54,5C,06,
844000,0000060D,false,Rx,0,8,0D,10,83,B6,09,20,70,00,
875000,000002C4,false,Rx,0,8,09,20,00,00,D3,02,00,00,
875000,000002C5,false,Rx,0,8,00,00,00,00,00,00,00,00,
875000,000002C6,false,Rx,0,8,32,00,7C,01,00,00,00,00,
883000,00000625,false,Rx,0,8,25,00,59,86,01,54,5C,06,
945000,0000060D,false,Rx,0,8,0D,10,83,B6,09,20,70,00,
0,00000054,false,Rx,0,8,01,05,EF,00,D3,02,00,00,
0,00000055,false,Rx,0,8,10,27,00,00,00,00,00,00,
955000,00000056,false,Rx,0,8,10,27,00,00,00,00,00,00,
955000,00000057,false,Rx,0,8,00,00,FE,FF,FE,FF,00,00,
983000,00000625,false,Rx,0,8,25,00,59,86,01,54,5C,06,
45000,0000060D,false,Rx,0,8,0D,10,83,B6,09,20,70,00,
84000,00000625,false,Rx,0,8,25,00,59,86,01,54,5C,06,
94000,000002C4,false,Rx,0,8,09,20,00,00,D3,02,00,00,
94000,000002C5,false,Rx,0,8,00,00,00,00,00,00,00,00,
95000,000002C6,false,Rx,0,8,32,00,7C,01,00,00,00,00,
144000,0000060D,false,Rx,0,8,0D,10,83,B6,09,20,70,00,
154000,00000054,false,Rx,0,8,01,05,EF,00,D3,02,00,00,
155000,00000055,false,Rx,0,8,10,27,00,00,00,00,00,00,
155000,00000056,false,Rx,0,8,10,27,00,00,00,00,00,00,
155000,00000057,false,Rx,0,8,00,00,FE,FF,FE,FF,00,00,
183000,00000625,false,Rx,0,8,25,00,59,86,01,54,5C,06,
244000,0000060D,false,Rx,0,8,0D,10,83,B6,09,20,70,00,
284000,00000625,false,Rx,0,8,25,00,59,86,01,54,5C,06,
314000,000002C4,false,Rx,0,8,09,20,00,00,D3,02,00,00,
314000,000002C5,false,Rx,0,8,00,00,00,00,00,00,00,00,
315000,000002C6,false,Rx,0,8,32,00,7C,01,00,00,00,00,
345000,0000060D,false,Rx,0,8,0D,10,83,B6,09,20,70,00,
0,00000054,false,Rx,0,8,01,05,EF,00,D3,02,00,00,
0,00000055,false,Rx,0,8,10,27,00,00,00,00,00,00,
0,00000056,false,Rx,0,8,10,27,00,00,00,00,00,00,
0,00000057,false,Rx,0,8,00,00,FE,FF,FE,FF,00,00,
383000,00000625,false,Rx,0,8,25,00,59,86,01,54,5C,06,
444000,0000060D,false,Rx,0,8,0D,10,83,B6,09,20,70,00,
483000,00000625,false,Rx,0,8,25,00,59,86,01,54,5C,06,
534000,000002C4,false,Rx,0,8,09,20,00,00,D3,02,00,00,
534000,000002C5,false,Rx,0,8,00,00,00,00,00,00,00,00,
534000,000002C6,false,Rx,0,8,32,00,7C,01,00,00,00,00,
544000,0000060D,false,Rx,0,8,0D,10,83,B6,09,20,70,00,
554000,00000054,false,Rx,0,8,01,05,EF,00,D3,02,00,00,
554000,00000055,false,Rx,0,8,10,27,00,00,00,00,00,00,
554000,00000056,false,Rx,0,8,10,27,00,00,00,00,00,00,
554000,00000057,false,Rx,0,8,00,00,FE,FF,FE,FF,00,00,
584000,00000625,false,Rx,0,8,25,00,59,86,01,54,5C,06,
644000,0000060D,false,Rx,0,8,0D,10,83,B6,09,20,70,00,
683000,00000625,false,Rx,0,8,25,00,59,86,01,54,5C,06,
744000,0000060D,false,Rx,0,8,0D,10,83,B6,09,20,70,00,
0,00000054,false,Rx,0,8,01,05,EF,00,D3,02,00,00,
0,00000055,false,Rx,0,8,10,27,00,00,00,00,00,00,
755000,000002C4,false,Rx,0,8,09,20,00,00,D3,02,00,00,
0,00000056,false,Rx,0,8,10,27,00,00,00,00,00,00,
0,000002C5,false,Rx,0,8,00,00,00,00,00,00,00,00,
755000,00000057,false,Rx,0,8,00,00,FE,FF,FE,FF,00,00,
755000,000002C6,false,Rx,0,8,32,00,7C,01,00,00,00,00,
783000,00000625,false,Rx,0,8,25,00,59,86,01,54,5C,06,
845000,0000060D,false,Rx,0,8,0D,10,83,B6,09,20,70,00,
884000,00000625,false,Rx,0,8,25,00,59,86,01,54,5C,06,
945000,0000060D,false,Rx,0,8,0D,10,83,B6,09,20,70,00,
0,00000054,false,Rx,0,8,01,05,EF,00,D3,02,00,00,
0,00000055,false,Rx,0,8,10,27,00,00,00,00,00,00,
0,00000056,false,Rx,0,8,10,27,00,00,00,00,00,00,
955000,00000057,false,Rx,0,8,00,00,FE,FF,FE,FF,00,00,
0,000002C4,false,Rx,0,8,09,20,00,00,D3,02,00,00,
0,000002C5,false,Rx,0,8,00,00,00,00,00,00,00,00,
975000,000002C6,false,Rx,0,8,32,00,7C,01,00,00,00,00,
983000,00000625,false,Rx,0,8,25,00,59,86,01,54,5C,06,
44000,0000060D,false,Rx,0,8,0D,10,83,B6,09,20,70,00,
83000,00000625,false,Rx,0,8,25,00,59,86,01,54,5C,06,
144000,0000060D,false,Rx,0,8,0D,10,83,B6,09,20,70,00,
154000,00000054,false,Rx,0,8,01,05,EF,00,D3,02,00,00,
155000,00000055,false,Rx,0,8,10,27,00,00,00,00,00,00,
155000,00000056,false,Rx,0,8,10,27,00,00,00,00,00,00,
155000,00000057,false,Rx,0,8,00,00,FE,FF,FE,FF,00,00,
183000,00000625,false,Rx,0,8,25,00,59,86,01,54,5C,06,
195000,000002C4,false,Rx,0,8,09,20,00,00,D3,02,00,00,
195000,000002C5,false,Rx,0,8,00,00,00,00,00,00,00,00,
195000,000002C6,false,Rx,0,8,32,00,7C,01,00,00,00,00,
245000,0000060D,false,Rx,0,8,0D,10,83,B6,09,20,70,00,
283000,00000625,false,Rx,0,8,25,00,59,86,01,54,5C,06,
345000,0000060D,false,Rx,0,8,0D,10,83,B6,09,20,70,00,
354000,00000054,false,Rx,0,8,01,05,EF,00,D3,02,00,00,
354000,00000055,false,Rx,0,8,10,27,00,00,00,00,00,00,
355000,00000056,false,Rx,0,8,10,27,00,00,00,00,00,00,
355000,00000057,false,Rx,0,8,00,00,FE,FF,FE,FF,00,00,
383000,00000625,false,Rx,0,8,25,00,59,86,01,54,5C,06,
415000,000002C4,false,Rx,0,8,09,20,00,00,D3,02,00,00,
415000,000002C5,false,Rx,0,8,00,00,00,00,00,00,00,00,
415000,000002C6,false,Rx,0,8,32,00,7C,01,00,00,00,00,
445000,0000060D,false,Rx,0,8,0D,10,83,B6,09,20,70,00,
483000,00000625,false,Rx,0,8,25,00,59,86,01,54,5C,06,
544000,0000060D,false,Rx,0,8,0D,10,83,B6,09,20,70,00,
554000,00000054,false,Rx,0,8,01,05,EF,00,D3,02,00,00,
554000,00000055,false,Rx,0,8,10,27,00,00,00,00,00,00,
0,00000056,false,Rx,0,8,10,27,00,00,00,00,00,00,
0,00000057,false,Rx,0,8,00,00,FE,FF,FE,FF,00,00,
583000,00000625,false,Rx,0,8,25,00,59,86,01,54,5C,06,
634000,000002C4,false,Rx,0,8,09,20,00,00,D3,02,00,00,
634000,000002C5,false,Rx,0,8,00,00,00,00,00,00,00,00,
635000,000002C6,false,Rx,0,8,32,00,7C,01,00,00,00,00,
644000,0000060D,false,Rx,0,8,0D,10,83,B6,09,20,70,00,
684000,00000625,false,Rx,0,8,25,00,59,86,01,54,5C,06,
744000,0000060D,false,Rx,0,8,0D,10,83,B6,09,20,70,00,
754000,00000054,false,Rx,0,8,01,05,EF,00,D3,02,00,00,
754000,00000055,false,Rx,0,8,10,27,00,00,00,00,00,00,
755000,00000056,false,Rx,0,8,10,27,00,00,00,00,00,00,
755000,00000057,false,Rx,0,8,00,00,FE,FF,FE,FF,00,00,
784000,00000625,false,Rx,0,8,25,00,59,86,01,54,5C,06,
845000,0000060D,false,Rx,0,8,0D,10,83,B6,09,20,70,00,
854000,000002C4,false,Rx,0,8,09,20,00,00,D3,02,00,00,
854000,000002C5,false,Rx,0,8,00,00,00,00,00,00,00,00,
854000,000002C6,false,Rx,0,8,32,00,7C,01,00,00,00,00,
883000,00000625,false,Rx,0,8,25,00,59,86,01,54,5C,06,
945000,0000060D,false,Rx,0,8,0D,10,83,B6,09,20,70,00,
954000,00000054,false,Rx,0,8,01,05,EF,00,D3,02,00,00,
954000,00000055,false,Rx,0,8,10,27,00,00,00,00,00,00,
955000,00000056,false,Rx,0,8,10,27,00,00,00,00,00,00,
955000,00000057,false,Rx,0,8,00,00,FE,FF,FE,FF,00,00,
983000,00000625,false,Rx,0,8,25,00,59,86,01,54,5C,06,
45000,0000060D,false,Rx,0,8,0D,10,83,B6,09,20,70,00,
74000,000002C4,false,Rx,0,8,09,20,00,00,D3,02,00,00,
74000,000002C5,false,Rx,0,8,00,00,00,00,00,00,00,00,
75000,000002C6,false,Rx,0,8,32,00,7C,01,00,00,00,00,
83000,00000625,false,Rx,0,8,25,00,59,86,01,54,5C,06,
144000,0000060D,false,Rx,0,8,0D,10,83,B6,09,20,70,00,
155000,00000054,false,Rx,0,8,01,05,EF,00,D3,02,00,00,
155000,00000055,false,Rx,0,8,10,27,00,00,00,00,00,00,
155000,00000056,false,Rx,0,8,10,27,00,00,00,00,00,00,
155000,00000057,false,Rx,0,8,00,00,FE,FF,FE,FF,00,00,
184000,00000625,false,Rx,0,8,25,00,59,86,01,54,5C,06,
244000,0000060D,false,Rx,0,8,0D,10,83,B6,09,20,70,00,
284000,00000625,false,Rx,0,8,25,00,59,86,01,54,5C,06,
294000,000002C4,false,Rx,0,8,09,20,00,00,D3,02,00,00,
0,000002C5,false,Rx,0,8,00,00,00,00,00,00,00,00,
0,000002C6,false,Rx,0,8,32,00,7C,01,00,00,00,00,
345000,0000060D,false,Rx,0,8,0D,10,83,B6,09,20,70,00,
354000,00000054,false,Rx,0,8,01,05,EF,00,D3,02,00,00,
354000,00000055,false,Rx,0,8,10,27,00,00,00,00,00,00,
354000,00000056,false,Rx,0,8,10,27,00,00,00,00,00,00,
354000,00000057,false,Rx,0,8,00,00,FE,FF,FE,FF,00,00,
383000,00000625,false,Rx,0,8,25,00,59,86,01,54,5C,06,
444000,0000060D,false,Rx,0,8,0D,10,83,B6,09,20,70,00,
484000,00000625,false,Rx,0,8,25,00,59,86,01,54,5C,06,
0,000002C4,false,Rx,0,8,09,20,00,00,D3,02,00,00,
0,000002C5,false,Rx,0,8,00,00,00,00,00,00,00,00,
515000,000002C6,false,Rx,0,8,32,00,7C,01,00,00,00,00,
544000,0000060D,false,Rx,0,8,0D,10,83,B6,09,20,70,00,
554000,00000054,false,Rx,0,8,01,05,EF,00,D3,02,00,00,
554000,00000055,false,Rx,0,8,10,27,00,00,00,00,00,00,
0,00000056,false,Rx,0,8,10,27,00,00,00,00,00,00,
0,00000057,false,Rx,0,8,00,00,FE,FF,FE,FF,00,00,
583000,00000625,false,Rx,0,8,25,00,59,86,01,54,5C,06,
644000,0000060D,false,Rx,0,8,0D,10,83,B6,09,20,70,00,
683000,00000625,false,Rx,0,8,25,00,59,86,01,54,5C,06,
735000,000002C4,false,Rx,0,8,09,20,00,00,D3,02,00,00,
735000,000002C5,false,Rx,0,8,00,00,00,00,00,00,00,00,
735000,000002C6,false,Rx,0,8,32,00,7C,01,00,00,00,00,
744000,0000060D,false,Rx,0,8,0D,10,83,B6,09,20,70,00,
754000,00000054,false,Rx,0,8,01,05,EF,00,D3,02,00,00,
0,00000055,false,Rx,0,8,10,27,00,00,00,00,00,00,
0,00000056,false,Rx,0,8,10,27,00,00,00,00,00,00,
755000,00000057,false,Rx,0,8,00,00,FE,FF,FE,FF,00,00,
784000,00000625,false,Rx,0,8,25,00,59,86,01,54,5C,06,
844000,0000060D,false,Rx,0,8,0D,10,83,B6,09,20,70,00,
883000,00000625,false,Rx,0,8,25,00,59,86,01,54,5C,06,
945000,0000060D,false,Rx,0,8,0D,10,83,B6,09,20,70,00,
0,00000054,false,Rx,0,8,01,05,EF,00,D3,02,00,00,
0,000002C4,false,Rx,0,8,09,20,00,00,D3,02,00,00,
0,00000055,false,Rx,0,8,10,27,00,00,00,00,00,00,
0,000002C5,false,Rx,0,8,00,00,00,00,00,00,00,00,
0,00000056,false,Rx,0,8,10,27,00,00,00,00,00,00,
956000,000002C6,false,Rx,0,8,32,00,7C,01,00,00,00,00,
956000,00000057,false,Rx,0,8,00,00,FE,FF,FE,FF,00,00,
983000,00000625,false,Rx,0,8,25,00,59,86,01,54,5C,06,
45000,0000060D,false,Rx,0,8,0D,10,83,B6,09,20,70,00,
83000,00000625,false,Rx,0,8,25,00,59,86,01,54,5C,06,
145000,0000060D,false,Rx,0,8,0D,10,83,B6,09,20,70,00,
0,00000054,false,Rx,0,8,01,05,EF,00,D3,02,00,00,
0,00000055,false,Rx,0,8,10,27,00,00,00,00,00,00,
154000,00000056,false,Rx,0,8,10,27,00,00,00,00,00,00,
155000,00000057,false,Rx,0,8,00,00,FE,FF,FE,FF,00,00,
174000,000002C4,false,Rx,0,8,09,20,00,00,D3,02,00,00,
175000,000002C5,false,Rx,0,8,00,00,00,00,00,00,00,00,
175000,000002C6,false,Rx,0,8,32,00,7C,01,00,00,00,00,
184000,00000625,false,Rx,0,8,25,00,59,86,01,54,5C,06,
244000,0000060D,false,Rx,0,8,0D,10,83,B6,09,20,70,00,
283000,00000625,false,Rx,0,8,25,00,59,86,01,54,5C,06,
344000,0000060D,false,Rx,0,8,0D,10,83,B6,09,20,70,00,
354000,00000054,false,Rx,0,8,01,05,EF,00,D3,02,00,00,
354000,00000055,false,Rx,0,8,10,27,00,00,00,00,00,00,
355000,00000056,false,Rx,0,8,10,27,00,00,00,00,00,00,
355000,00000057,false,Rx,0,8,00,00,FE,FF,FE,FF,00,00,
383000,00000625,false,Rx,0,8,25,00,59,86,01,54,5C,06,
395000,000002C4,false,Rx,0,8,09,20,00,00,D3,02,00,00,
395000,000002C5,false,Rx,0,8,00,00,00,00,00,00,00,00,
395000,000002C6,false,Rx,0,8,32,00,7C,01,00,00,00,00,
445000,0000060D,false,Rx,0,8,0D,10,83,B6,09,20,70,00,
484000,00000625,false,Rx,0,8,25,00,59,86,01,54,5C,06,
545000,0000060D,false,Rx,0,8,0D,10,83,B6,09,20,70,00,
0,00000054,false,Rx,0,8,01,05,EF,00,D3,02,00,00,
0,00000055,false,Rx,0,8,10,27,00,00,00,00,00,00,
554000,00000056,false,Rx,0,8,10,27,00,00,00,00,00,00,
555000,00000057,false,Rx,0,8,00,00,FE,FF,FE,FF,00,00,
583000,00000625,false,Rx,0,8,25,00,59,86,01,54,5C,06,
0,000002C4,false,Rx,0,8,09,20,00,00,D3,02,00,00,
0,000002C5,false,Rx,0,8,00,00,00,00,00,00,00,00,
615000,000002C6,false,Rx,0,8,32,00,7C,01,00,00,00,00,
644000,0000060D,false,Rx,0,8,0D,10,83,B6,09,20,70,00,
684000,00000625,false,Rx,0,8,25,00,59,86,01,54,5C,06,
745000,0000060D,false,Rx,0,8,0D,10,83,B6,09,20,70,00,
0,00000054,false,Rx,0,8,01,05,EF,00,D3,02,00,00,
0,00000055,false,Rx,0,8,10,27,00,00,00,00,00,00,
755000,00000056,false,Rx,0,8,10,27,00,00,00,00,00,00,
755000,00000057,false,Rx,0,8,00,00,FE,FF,FE,FF,00,00,
783000,00000625,false,Rx,0,8,25,00,59,86,01,54,5C,06,
834000,000002C4,false,Rx,0,8,09,20,00,00,D3,02,00,00,
835000,000002C5,false,Rx,0,8,00,00,00,00,00,00,00,00,
835000,000002C6,false,Rx,0,8,32,00,7C,01,00,00,00,00,
844000,0000060D,false,Rx,0,8,0D,10,83,B6,09,20,70,00,
883000,00000625,false,Rx,0,8,25,00,59,86,01,54,5C,06,
944000,0000060D,false,Rx,0,8,0D,10,83,B6,09,20,70,00,
955000,00000054,false,Rx,0,8,01,05,EF,00,D3,02,00,00,
955000,00000055,false,Rx,0,8,10,27,00,00,00,00,00,00,
0,00000056,false,Rx,0,8,10,27,00,00,00,00,00,00,
0,00000057,false,Rx,0,8,00,00,FE,FF,FE,FF,00,00,
984000,00000625,false,Rx,0,8,25,00,59,86,01,54,5C,06,
45000,0000060D,false,Rx,0,8,0D,10,83,B6,09,20,70,00,
0,000002C4,false,Rx,0,8,09,20,00,00,D3,02,00,00,
0,000002C5,false,Rx,0,8,00,00,00,00,00,00,00,00,
55000,000002C6,false,Rx,0,8,32,00,7C,01,00,00,00,00,
84000,00000625,false,Rx,0,8,25,00,59,86,01,54,5C,06,
144000,0000060D,false,Rx,0,8,0D,10,83,B6,09,20,70,00,
0,00000054,false,Rx,0,8,01,05,EF,00,D3,02,00,00,
0,00000055,false,Rx,0,8,10,27,00,00,00,00,00,00,
154000,00000056,false,Rx,0,8,10,27,00,00,00,00,00,00,
155000,00000057,false,Rx,0,8,00,00,FE,FF,FE,FF,00,00,
183000,00000625,false,Rx,0,8,25,00,59,86,01,54,5C,06,
244000,0000060D,false,Rx,0,8,0D,10,83,B6,09,20,70,00,
274000,000002C4,false,Rx,0,8,09,20,00,00,D3,02,00,00,
275000,000002C5,false,Rx,0,8,00,00,00,00,00,00,00,00,
275000,000002C6,false,Rx,0,8,32,00,7C,01,00,00,00,00,
284000,00000625,false,Rx,0,8,25,00,59,86,01,54,5C,06,
344000,0000060D,false,Rx,0,8,0D,10,83,B6,09,20,70,00,
354000,00000054,false,Rx,0,8,01,05,EF,00,D3,02,00,00,
355000,00000055,false,Rx,0,8,10,27,00,00,00,00,00,00,
355000,00000056,false,Rx,0,8,10,27,00,00,00,00,00,00,
355000,00000057,false,Rx,0,8,00,00,FE,FF,FE,FF,00,00,
383000,00000625,false,Rx,0,8,25,00,59,86,01,54,5C,06,
445000,0000060D,false,Rx,0,8,0D,10,83,B6,09,20,70,00,
484000,00000625,false,Rx,0,8,25,00,59,86,01,54,5C,06,
0,000002C4,false,Rx,0,8,09,20,00,00,D3,02,00,00,
0,000002C5,false,Rx,0,8,00,00,00,00,00,00,00,00,
495000,000002C6,false,Rx,0,8,32,00,7C,01,00,00,00,00,
544000,0000060D,false,Rx,0,8,0D,10,83,B6,09,20,70,00,
554000,00000054,false,Rx,0,8,01,05,EF,00,D3,02,00,00,
555000,00000055,false,Rx,0,8,10,27,00,00,00,00,00,00,
555000,00000056,false,Rx,0,8,10,27,00,00,00,00,00,00,
555000,00000057,false,Rx,0,8,00,00,FE,FF,FE,FF,00,00,
583000,00000625,false,Rx,0,8,25,00,59,86,01,54,5C,06,
644000,0000060D,false,Rx,0,8,0D,10,83,B6,09,20,70,00,
684000,00000625,false,Rx,0,8,25,00,59,86,01,54,5C,06,
715000,000002C4,false,Rx,0,8,09,20,00,00,D3,02,00,00,
715000,000002C5,false,Rx,0,8,00,00,00,00,00,00,00,00,
715000,000002C6,false,Rx,0,8,32,00,7C,01,00,00,00,00,
744000,0000060D,false,Rx,0,8,0D,10,83,B6,09,20,70,00,
754000,00000054,false,Rx,0,8,01,05,EF,00,D3,02,00,00,
754000,00000055,false,Rx,0,8,10,27,00,00,00,00,00,00,
754000,00000056,false,Rx,0,8,10,27,00,00,00,00,00,00,
755000,00000057,false,Rx,0,8,00,00,FE,FF,FE,FF,00,00,
784000,00000625,false,Rx,0,8,25,00,59,86,01,54,5C,06,
844000,0000060D,false,Rx,0,8,0D,10,83,B6,09,20,70,00,
884000,00000625,false,Rx,0,8,25,00,59,86,01,54,5C,06,
934000,000002C4,false,Rx,0,8,09,20,00,00,D3,02,00,00,
935000,000002C5,false,Rx,0,8,00,00,00,00,00,00,00,00,
935000,000002C6,false,Rx,0,8,32,00,7C,01,00,00,00,00,
945000,0000060D,false,Rx,0,8,0D,10,83,B6,09,20,70,00,
955000,00000054,false,Rx,0,8,01,05,EF,00,D3,02,00,00,
955000,00000055,false,Rx,0,8,10,27,00,00,00,00,00,00,
955000,00000056,false,Rx,0,8,10,27,00,00,00,00,00,00,
955000,00000057,false,Rx,0,8,00,00,FE,FF,FE,FF,00,00,
984000,00000625,false,Rx,0,8,25,00,59,86,01,54,5C,06,
44000,0000060D,false,Rx,0,8,0D,10,83,B6,09,20,70,00,
84000,00000625,false,Rx,0,8,25,00,59,86,01,54,5C,06,
144000,0000060D,false,Rx,0,8,0D,10,83,B6,09,20,70,00,
155000,00000054,false,Rx,0,8,01,05,EF,00,D3,02,00,00,
155000,00000055,false,Rx,0,8,10,27,00,00,00,00,00,00,
155000,000002C4,false,Rx,0,8,09,20,00,00,D3,02,00,00,
155000,00000056,false,Rx,0,8,10,27,00,00,00,00,00,00,
155000,000002C5,false,Rx,0,8,00,00,00,00,00,00,00,00,
156000,00000057,false,Rx,0,8,00,00,FE,FF,FE,FF,00,00,
156000,000002C6,false,Rx,0,8,32,00,7C,01,00,00,00,00,
184000,00000625,false,Rx,0,8,25,00,59,86,01,54,5C,06,
244000,0000060D,false,Rx,0,8,0D,10,83,B6,09,20,70,00,
283000,00000625,false,Rx,0,8,25,00,59,86,01,54,5C,06,
344000,0000060D,false,Rx,0,8,0D,10,83,B6,09,20,70,00,
354000,00000054,false,Rx,0,8,01,05,EF,00,D3,02,00,00,
354000,00000055,false,Rx,0,8,10,27,00,00,00,00,00,00,
354000,00000056,false,Rx,0,8,10,27,00,00,00,00,00,00,
355000,00000057,false,Rx,0,8,00,00,FE,FF,FE,FF,00,00,
375000,000002C4,false,Rx,0,8,09,20,00,00,D3,02,00,00,
375000,000002C5,false,Rx,0,8,00,00,00,00,00,00,00,00,
375000,000002C6,false,Rx,0,8,32,00,7C,01,00,00,00,00,
384000,00000625,false,Rx,0,8,25,00,59,86,01,54,5C,06,
444000,0000060D,false,Rx,0,8,0D,10,83,B6,09,20,70,00,
484000,00000625,false,Rx,0,8,25,00,59,86,01,54,5C,06,
544000,0000060D,false,Rx,0,8,0D,10,83,B6,09,20,70,00,
555000,00000054,false,Rx,0,8,01,05,EF,00,D3,02,00,00,
555000,00000055,false,Rx,0,8,10,27,00,00,00,00,00,00,
555000,00000056,false,Rx,0,8,10,27,00,00,00,00,00,00,
555000,00000057,false,Rx,0,8,00,00,FE,FF,FE,FF,00,00,
585000,00000625,false,Rx,0,8,25,00,59,86,01,54,5C,06,
594000,000002C4,false,Rx,0,8,09,20,00,00,D3,02,00,00,
595000,000002C5,false,Rx,0,8,00,00,00,00,00,00,00,00,
595000,000002C6,false,Rx,0,8,32,00,7C,01,00,00,00,00,
644000,0000060D,false,Rx,0,8,0D,10,83,B6,09,20,70,00,
683000,00000625,false,Rx,0,8,25,00,59,86,01,54,5C,06,
744000,0000060D,false,Rx,0,8,0D,10,83,B6,09,20,70,00,
755000,00000054,false,Rx,0,8,01,05,EF,00,D3,02,00,00,
755000,00000055,false,Rx,0,8,10,27,00,00,00,00,00,00,
755000,00000056,false,Rx,0,8,10,27,00,00,00,00,00,00,
756000,00000057,false,Rx,0,8,00,00,FE,FF,FE,FF,00,00,
784000,00000625,false,Rx,0,8,25,00,59,86,01,54,5C,06,
815000,000002C4,false,Rx,0,8,09,20,00,00,D3,02,00,00,
815000,000002C5,false,Rx,0,8,00,00,00,00,00,00,00,00,
815000,000002C6,false,Rx,0,8,32,00,7C,01,00,00,00,00,
845000,0000060D,false,Rx,0,8,0D,10,83,B6,09,20,70,00,
883000,00000625,false,Rx,0,8,25,00,59,86,01,54,5C,06,
945000,0000060D,false,Rx,0,8,0D,10,83,B6,09,20,70,00,
0,00000054,false,Rx,0,8,01,05,EF,00,D3,02,00,00,
0,00000055,false,Rx,0,8,10,27,00,00,00,00,00,00,
0,00000056,false,Rx,0,8,10,27,00,00,00,00,00,00,
956000,00000057,false,Rx,0,8,00,00,FE,FF,FE,FF,00,00,
984000,00000625,false,Rx,0,8,25,00,59,86,01,54,5C,06,
0,000002C4,false,Rx,0,8,09,20,00,00,D3,02,00,00,
0,000002C5,false,Rx,0,8,00,00,00,00,00,00,00,00,
35000,000002C6,false,Rx,0,8,32,00,7C,01,00,00,00,00,
44000,0000060D,false,Rx,0,8,0D,10,83,B6,09,20,70,00,
84000,00000625,false,Rx,0,8,25,00,59,86,01,54,5C,06,
144000,0000060D,false,Rx,0,8,0D,10,83,B6,09,20,70,00,
154000,00000054,false,Rx,0,8,01,05,EF,00,D3,02,00,00,
155000,00000055,false,Rx,0,8,10,27,00,00,00,00,00,00,
155000,00000056,false,Rx,0,8,10,27,00,00,00,00,00,00,
155000,00000057,false,Rx,0,8,00,00,FE,FF,FE,FF,00,00,
184000,00000625,false,Rx,0,8,25,00,59,86,01,54,5C,06,
245000,0000060D,false,Rx,0,8,0D,10,83,B6,09,20,70,00,
255000,000002C4,false,Rx,0,8,09,20,00,00,D3,02,00,00,
255000,000002C5,false,Rx,0,8,00,00,00,00,00,00,00,00,
255000,000002C6,false,Rx,0,8,32,00,7C,01,00,00,00,00,
284000,00000625,false,Rx,0,8,25,00,59,86,01,54,5C,06,
345000,0000060D,false,Rx,0,8,0D,10,83,B6,09,20,70,00,
355000,00000054,false,Rx,0,8,01,05,EF,00,D3,02,00,00,
355000,00000055,false,Rx,0,8,10,27,00,00,00,00,00,00,
355000,00000056,false,Rx,0,8,10,27,00,00,00,00,00,00,
355000,00000057,false,Rx,0,8,00,00,FE,FF,FE,FF,00,00,
383000,00000625,false,Rx,0,8,25,00,59,86,01,54,5C,06,
445000,0000060D,false,Rx,0,8,0D,10,83,B6,09,20,70,00,
474000,000002C4,false,Rx,0,8,09,20,00,00,D3,02,00,00,
474000,000002C5,false,Rx,0,8,00,00,00,00,00,00,00,00,
475000,000002C6,false,Rx,0,8,32,00,7C,01,00,00,00,00,
483000,00000625,false,Rx,0,8,25,00,59,86,01,54,5C,06,
545000,0000060D,false,Rx,0,8,0D,10,83,B6,09,20,70,00,
554000,00000054,false,Rx,0,8,01,05,EF,00,D3,02,00,00,
555000,00000055,false,Rx,0,8,10,27,00,00,00,00,00,00,
0,00000056,false,Rx,0,8,10,27,00,00,00,00,00,00,
0,00000057,false,Rx,0,8,00,00,FE,FF,FE,FF,00,00,
584000,00000625,false,Rx,0,8,25,00,59,86,01,54,5C,06,
644000,0000060D,false,Rx,0,8,0D,10,83,B6,09,20,70,00,
684000,00000625,false,Rx,0,8,25,00,59,86,01,54,5C,06,
695000,000002C4,false,Rx,0,8,09,20,00,00,D3,02,00,00,
695000,000002C5,false,Rx,0,8,00,00,00,00,00,00,00,00,
695000,000002C6,false,Rx,0,8,32,00,7C,01,00,00,00,00,
744000,0000060D,false,Rx,0,8,0D,10,83,B6,09,20,70,00,
754000,00000054,false,Rx,0,8,01,05,EF,00,D3,02,00,00,
0,00000055,false,Rx,0,8,10,27,00,00,00,00,00,00,
0,00000056,false,Rx,0,8,10,27,00,00,00,00,00,00,
755000,00000057,false,Rx,0,8,00,00,FE,FF,FE,FF,00,00,
784000,00000625,false,Rx,0,8,25,00,59,86,01,54,5C,06,
845000,0000060D,false,Rx,0,8,0D,10,83,B6,09,20,70,00,
883000,00000625,false,Rx,0,8,25,00,59,86,01,54,5C,06,
915000,000002C4,false,Rx,0,8,09,20,00,00,D3,02,00,00,
915000,000002C5,false,Rx,0,8,00,00,00,00,00,00,00,00,
915000,000002C6,false,Rx,0,8,32,00,7C,01,00,00,00,00,
944000,0000060D,false,Rx,0,8,0D,10,83,B6,09,20,70,00,
955000,00000054,false,Rx,0,8,01,05,EF,00,D3,02,00,00,
955000,00000055,false,Rx,0,8,10,27,00,00,00,00,00,00,
955000,00000056,false,Rx,0,8,10,27,00,00,00,00,00,00,
955000,00000057,false,Rx,0,8,00,00,FE,FF,FE,FF,00,00,
984000,00000625,false,Rx,0,8,25,00,59,86,01,54,5C,06,
45000,0000060D,false,Rx,0,8,0D,10,83,B6,09,20,70,00,
83000,00000625,false,Rx,0,8,25,00,59,86,01,54,5C,06,
134000,000002C4,false,Rx,0,8,09,20,00,00,D3,02,00,00,
134000,000002C5,false,Rx,0,8,00,00,00,00,00,00,00,00,
135000,000002C6,false,Rx,0,8,32,00,7C,01,00,00,00,00,
145000,0000060D,false,Rx,0,8,0D,10,83,B6,09,20,70,00,
154000,00000054,false,Rx,0,8,01,05,EF,00,D3,02,00,00,
154000,00000055,false,Rx,0,8,10,27,00,00,00,00,00,00,
154000,00000056,false,Rx,0,8,10,27,00,00,00,00,00,00,
155000,00000057,false,Rx,0,8,00,00,FE,FF,FE,FF,00,00,
184000,00000625,false,Rx,0,8,25,00,59,86,01,54,5C,06,
245000,0000060D,false,Rx,0,8,0D,10,83,B6,09,20,70,00,
284000,00000625,false,Rx,0,8,25,00,59,86,01,54,5C,06,
345000,0000060D,false,Rx,0,8,0D,10,83,B6,09,20,70,00,
354000,00000054,false,Rx,0,8,01,05,EF,00,D3,02,00,00,
355000,00000055,false,Rx,0,8,10,27,00,00,00,00,00,00,
355000,000002C4,false,Rx,0,8,09,20,00,00,D3,02,00,00,
355000,00000056,false,Rx,0,8,10,27,00,00,00,00,00,00,
355000,000002C5,false,Rx,0,8,00,00,00,00,00,00,00,00,
356000,00000057,false,Rx,0,8,00,00,FE,FF,FE,FF,00,00,
356000,000002C6,false,Rx,0,8,32,00,7C,01,00,00,00,00,
384000,00000625,false,Rx,0,8,25,00,59,86,01,54,5C,06,
445000,0000060D,false,Rx,0,8,0D,10,83,B6,09,20,70,00,
484000,00000625,false,Rx,0,8,25,00,59,86,01,54,5C,06,
544000,0000060D,false,Rx,0,8,0D,10,83,B6,09,20,70,00,
554000,00000054,false,Rx,0,8,01,05,EF,00,D3,02,00,00,
555000,00000055,false,Rx,0,8,10,27,00,00,00,00,00,00,
555000,00000056,false,Rx,0,8,10,27,00,00,00,00,00,00,
555000,00000057,false,Rx,0,8,00,00,FE,FF,FE,FF,00,00,
575000,000002C4,false,Rx,0,8,09,20,00,00,D3,02,00,00,
575000,000002C5,false,Rx,0,8,00,00,00,00,00,00,00,00,
575000,000002C6,false,Rx,0,8,32,00,7C,01,00,00,00,00,
583000,00000625,false,Rx,0,8,25,00,59,86,01,54,5C,06,
644000,0000060D,false,Rx,0,8,0D,10,83,B6,09,20,70,00,
683000,00000625,false,Rx,0,8,25,00,59,86,01,54,5C,06,
744000,0000060D,false,Rx,0,8,0D,10,83,B6,09,20,70,00,
0,00000054,false,Rx,0,8,01,05,EF,00,D3,02,00,00,
0,00000055,false,Rx,0,8,10,27,00,00,00,00,00,00,
755000,00000056,false,Rx,0,8,10,27,00,00,00,00,00,00,
756000,00000057,false,Rx,0,8,00,00,FE,FF,FE,FF,00,00,
783000,00000625,false,Rx,0,8,25,00,59,86,01,54,5C,06,
795000,000002C4,false,Rx,0,8,09,20,00,00,D3,02,00,00,
795000,000002C5,false,Rx,0,8,00,00,00,00,00,00,00,00,
795000,000002C6,false,Rx,0,8,32,00,7C,01,00,00,00,00,
844000,0000060D,false,Rx,0,8,0D,10,83,B6,09,20,70,00,
884000,00000625,false,Rx,0,8,25,00,59,86,01,54,5C,06,
945000,0000060D,false,Rx,0,8,0D,10,83,B6,09,20,70,00,
0,00000054,false,Rx,0,8,01,05,EF,00,D3,02,00,00,
0,00000055,false,Rx,0,8,10,27,00,00,00,00,00,00,
955000,00000056,false,Rx,0,8,10,27,00,00,00,00,00,00,
955000,00000057,false,Rx,0,8,00,00,FE,FF,FE,FF,00,00,
984000,00000625,false,Rx,0,8,25,00,59,86,01,54,5C,06,
0,000002C4,false,Rx,0,8,09,20,00,00,D3,02,00,00,
0,000002C5,false,Rx,0,8,00,00,00,00,00,00,00,00,
0,000002C6,false,Rx,0,8,32,00,7C,01,00,00,00,00,
44000,0000060D,false,Rx,0,8,0D,10,83,B6,09,20,70,00,
84000,00000625,false,Rx,0,8,25,00,59,86,01,54,5C,06,
144000,0000060D,false,Rx,0,8,0D,10,83,B6,09,20,70,00,
154000,00000054,false,Rx,0,8,01,05,EF,00,D3,02,00,00,
154000,00000055,false,Rx,0,8,10,27,00,00,00,00,00,00,
155000,00000056,false,Rx,0,8,10,27,00,00,00,00,00,00,
155000,00000057,false,Rx,0,8,00,00,FE,FF,FE,FF,00,00,
184000,00000625,false,Rx,0,8,25,00,59,86,01,54,5C,06,
0,000002C4,false,Rx,0,8,09,20,00,00,D3,02,00,00,
0,000002C5,false,Rx,0,8,00,00,00,00,00,00,00,00,
236000,000002C6,false,Rx,0,8,32,00,7C,01,00,00,00,00,
244000,0000060D,false,Rx,0,8,0D,10,83,B6,09,20,70,00,
284000,00000625,false,Rx,0,8,25,00,59,86,01,54,5C,06,
345000,0000060D,false,Rx,0,8,0D,10,83,B6,09,20,70,00,
354000,00000054,false,Rx,0,8,01,05,EF,00,D3,02,00,00,
354000,00000055,false,Rx,0,8,10,27,00,00,00,00,00,00,
355000,00000056,false,Rx,0,8,10,27,00,00,00,00,00,00,
355000,00000057,false,Rx,0,8,00,00,FE,FF,FE,FF,00,00,
383000,00000625,false,Rx,0,8,25,00,59,86,01,54,5C,06,
445000,0000060D,false,Rx,0,8,0D,10,83,B6,09,20,70,00,
0,000002C4,false,Rx,0,8,09,20,00,00,D3,02,00,00,
0,000002C5,false,Rx,0,8,00,00,00,00,00,00,00,00,
0,000002C6,false,Rx,0,8,32,00,7C,01,00,00,00,00,
484000,00000625,false,Rx,0,8,25,00,59,86,01,54,5C,06,
544000,0000060D,false,Rx,0,8,0D,10,83,B6,09,20,70,00,
554000,00000054,false,Rx,0,8,01,05,EF,00,D3,02,00,00,
554000,00000055,false,Rx,0,8,10,27,00,00,00,00,00,00,
555000,00000056,false,Rx,0,8,10,27,00,00,00,00,00,00,
555000,00000057,false,Rx,0,8,00,00,FE,FF,FE,FF,00,00,
583000,00000625,false,Rx,0,8,25,00,59,86,01,54,5C,06,
644000,0000060D,false,Rx,0,8,0D,10,83,B6,09,20,70,00,
675000,000002C4,false,Rx,0,8,09,20,00,00,D3,02,00,00,
675000,000002C5,false,Rx,0,8,00,00,00,00,00,00,00,00,
675000,000002C6,false,Rx,0,8,32,00,7C,01,00,00,00,00,
683000,00000625,false,Rx,0,8,25,00,59,86,01,54,5C,06,
745000,0000060D,false,Rx,0,8,0D,10,83,B6,09,20,70,00,
754000,00000054,false,Rx,0,8,01,05,EF,00,D3,02,00,00,
754000,00000055,false,Rx,0,8,10,27,00,00,00,00,00,00,
754000,00000056,false,Rx,0,8,10,27,00,00,00,00,00,00,
755000,00000057,false,Rx,0,8,00,00,FE,FF,FE,FF,00,00,
784000,00000625,false,Rx,0,8,25,00,59,86,01,54,5C,06,
845000,0000060D,false,Rx,0,8,0D,10,83,B6,09,20,70,00,
884000,00000625,false,Rx,0,8,25,00,59,86,01,54,5C,06,
895000,000002C4,false,Rx,0,8,09,20,00,00,D3,02,00,00,
895000,000002C5,false,Rx,0,8,00,00,00,00,00,00,00,00,
895000,000002C6,false,Rx,0,8,32,00,7C,01,00,00,00,00,
945000,0000060D,false,Rx,0,8,0D,10,83,B6,09,20,70,00,
954000,00000054,false,Rx,0,8,01,05,EF,00,D3,02,00,00,
955000,00000055,false,Rx,0,8,10,27,00,00,00,00,00,00,
0,00000056,false,Rx,0,8,10,27,00,00,00,00,00,00,
0,00000057,false,Rx,0,8,00,00,FE,FF,FE,FF,00,00,
984000,00000625,false,Rx,0,8,25,00,59,86,01,54,5C,06,
44000,0000060D,false,Rx,0,8,0D,10,83,B6,09,20,70,00,
84000,00000625,false,Rx,0,8,25,00,59,86,01,54,5C,06,
115000,000002C4,false,Rx,0,8,09,20,00,00,D3,02,00,00,
115000,000002C5,false,Rx,0,8,00,00,00,00,00,00,00,00,
115000,000002C6,false,Rx,0,8,32,00,7C,01,00,00,00,00,
144000,0000060D,false,Rx,0,8,0D,10,83,B6,09,20,70,00,
154000,00000054,false,Rx,0,8,01,05,EF,00,D3,02,00,00,
155000,00000055,false,Rx,0,8,10,27,00,00,00,00,00,00,
155000,00000056,false,Rx,0,8,10,27,00,00,00,00,00,00,
155000,00000057,false,Rx,0,8,00,00,FE,FF,FE,FF,00,00,
184000,00000625,false,Rx,0,8,25,00,59,86,01,54,5C,06,
244000,0000060D,false,Rx,0,8,0D,10,83,B6,09,20,70,00,
283000,00000625,false,Rx,0,8,25,00,59,86,01,54,5C,06,
335000,000002C4,false,Rx,0,8,09,20,00,00,D3,02,00,00,
335000,000002C5,false,Rx,0,8,00,00,00,00,00,00,00,00,
335000,000002C6,false,Rx,0,8,32,00,7C,01,00,00,00,00,
344000,0000060D,false,Rx,0,8,0D,10,83,B6,09,20,70,00,
354000,00000054,false,Rx,0,8,01,05,EF,00,D3,02,00,00,
354000,00000055,false,Rx,0,8,10,27,00,00,00,00,00,00,
355000,00000056,false,Rx,0,8,10,27,00,00,00,00,00,00,
355000,00000057,false,Rx,0,8,00,00,FE,FF,FE,FF,00,00,
384000,00000625,false,Rx,0,8,25,00,59,86,01,54,5C,06,
444000,0000060D,false,Rx,0,8,0D,10,83,B6,09,20,70,00,
484000,00000625,false,Rx,0,8,25,00,59,86,01,54,5C,06,
545000,0000060D,false,Rx,0,8,0D,10,83,B6,09,20,70,00,
0,00000054,false,Rx,0,8,01,05,EF,00,D3,02,00,00,
0,00000055,false,Rx,0,8,10,27,00,00,00,00,00,00,
555000,00000056,false,Rx,0,8,10,27,00,00,00,00,00,00,
555000,000002C4,false,Rx,0,8,09,20,00,00,D3,02,00,00,
555000,00000057,false,Rx,0,8,00,00,FE,FF,FE,FF,00,00,
555000,000002C5,false,Rx,0,8,00,00,00,00,00,00,00,00,
555000,000002C6,false,Rx,0,8,32,00,7C,01,00,00,00,00,
584000,00000625,false,Rx,0,8,25,00,59,86,01,54,5C,06,
645000,0000060D,false,Rx,0,8,0D,10,83,B6,09,20,70,00,
684000,00000625,false,Rx,0,8,25,00,59,86,01,54,5C,06,
745000,0000060D,false,Rx,0,8,0D,10,83,B6,09,20,70,00,
0,00000054,false,Rx,0,8,01,05,EF,00,D3,02,00,00,
0,00000055,false,Rx,0,8,10,27,00,00,00,00,00,00,
0,00000056,false,Rx,0,8,10,27,00,00,00,00,00,00,
756000,00000057,false,Rx,0,8,00,00,FE,FF,FE,FF,00,00,
775000,000002C4,false,Rx,0,8,09,20,00,00,D3,02,00,00,
775000,000002C5,false,Rx,0,8,00,00,00,00,00,00,00,00,
775000,000002C6,false,Rx,0,8,32,00,7C,01,00,00,00,00,
784000,00000625,false,Rx,0,8,25,00,59,86,01,54,5C,06,
845000,0000060D,false,Rx,0,8,0D,10,83,B6,09,20,70,00,
883000,00000625,false,Rx,0,8,25,00,59,86,01,54,5C,06,
944000,0000060D,false,Rx,0,8,0D,10,83,B6,09,20,70,00,
955000,00000054,false,Rx,0,8,01,05,EF,00,D3,02,00,00,
955000,00000055,false,Rx,0,8,10,27,00,00,00,00,00,00,
0,00000056,false,Rx,0,8,10,27,00,00,00,00,00,00,
0,00000057,false,Rx,0,8,00,00,FE,FF,FE,FF,00,00,
984000,00000625,false,Rx,0,8,25,00,59,86,01,54,5C,06,
995000,000002C4,false,Rx,0,8,09,20,00,00,D3,02,00,00,
995000,000002C5,false,Rx,0,8,00,00,00,00,00,00,00,00,
995000,000002C6,false,Rx,0,8,32,00,7C,01,00,00,00,00,
44000,0000060D,false,Rx,0,8,0D,10,83,B6,09,20,70,00,
83000,00000625,false,Rx,0,8,25,00,59,86,01,54,5C,06,
144000,0000060D,false,Rx,0,8,0D,10,83,B6,09,20,70,00,
155000,00000054,false,Rx,0,8,01,05,EF,00,D3,02,00,00,
155000,00000055,false,Rx,0,8,10,27,00,00,00,00,00,00,
155000,00000056,false,Rx,0,8,10,27,00,00,00,00,00,00,
156000,00000057,false,Rx,0,8,00,00,FE,FF,FE,FF,00,00,
184000,00000625,false,Rx,0,8,25,00,59,86,01,54,5C,06,
0,000002C4,false,Rx,0,8,09,20,00,00,D3,02,00,00,
0,000002C5,false,Rx,0,8,00,00,00,00,00,00,00,00,
216000,000002C6,false,Rx,0,8,32,00,7C,01,00,00,00,00,
244000,0000060D,false,Rx,0,8,0D,10,83,B6,09,20,70,00,
284000,00000625,false,Rx,0,8,25,00,59,86,01,54,5C,06,
344000,0000060D,false,Rx,0,8,0D,10,83,B6,09,20,70,00,
354000,00000054,false,Rx,0,8,01,05,EF,00,D3,02,00,00,
354000,00000055,false,Rx,0,8,10,27,00,00,00,00,00,00,
354000,00000056,false,Rx,0,8,10,27,00,00,00,00,00,00,
355000,00000057,false,Rx,0,8,00,00,FE,FF,FE,FF,00,00,
383000,00000625,false,Rx,0,8,25,00,59,86,01,54,5C,06,
435000,000002C4,false,Rx,0,8,09,20,00,00,D3,02,00,00,
435000,000002C5,false,Rx,0,8,00,00,00,00,00,00,00,00,
435000,000002C6,false,Rx,0,8,32,00,7C,01,00,00,00,00,
445000,0000060D,false,Rx,0,8,0D,10,83,B6,09,20,70,00,
484000,00000625,false,Rx,0,8,25,00,59,86,01,54,5C,06,
544000,0000060D,false,Rx,0,8,0D,10,83,B6,09,20,70,00,
554000,00000054,false,Rx,0,8,01,05,EF,00,D3,02,00,00,
554000,00000055,false,Rx,0,8,10,27,00,00,00,00,00,00,
555000,00000056,false,Rx,0,8,10,27,00,00,00,00,00,00,
555000,00000057,false,Rx,0,8,00,00,FE,FF,FE,FF,00,00,
583000,00000625,false,Rx,0,8,25,00,59,86,01,54,5C,06,
644000,0000060D,false,Rx,0,8,0D,10,83,B6,09,20,70,00,
655000,000002C4,false,Rx,0,8,09,20,00,00,D3,02,00,00,
655000,000002C5,false,Rx,0,8,00,00,00,00,00,00,00,00,
655000,000002C6,false,Rx,0,8,32,00,7C,01,00,00,00,00,
684000,00000625,false,Rx,0,8,25,00,59,86,01,54,5C,06,
745000,0000060D,false,Rx,0,8,0D,10,83,B6,09,20,70,00,
754000,00000054,false,Rx,0,8,01,05,EF,00,D3,02,00,00,
754000,00000055,false,Rx,0,8,10,27,00,00,00,00,00,00,
755000,00000056,false,Rx,0,8,10,27,00,00,00,00,00,00,
755000,00000057,false,Rx,0,8,00,00,FE,FF,FE,FF,00,00,
783000,00000625,false,Rx,0,8,25,00,59,86,01,54,5C,06,
844000,0000060D,false,Rx,0,8,0D,10,83,B6,09,20,70,00,
0,000002C4,false,Rx,0,8,09,20,00,00,D3,02,00,00,
0,000002C5,false,Rx,0,8,00,00,00,00,00,00,00,00,
0,000002C6,false,Rx,0,8,32,00,7C,01,00,00,00,00,
884000,00000625,false,Rx,0,8,25,00,59,86,01,54,5C,06,
945000,0000060D,false,Rx,0,8,0D,10,83,B6,09,20,70,00,
0,00000054,false,Rx,0,8,01,05,EF,00,D3,02,00,00,
0,00000055,false,Rx,0,8,10,27,00,00,00,00,00,00,
955000,00000056,false,Rx,0,8,10,27,00,00,00,00,00,00,
956000,00000057,false,Rx,0,8,00,00,FE,FF,FE,FF,00,00,
984000,00000625,false,Rx,0,8,25,00,59,86,01,54,5C,06,
44000,0000060D,false,Rx,0,8,0D,10,83,B6,09,20,70,00,
83000,00000625,false,Rx,0,8,25,00,59,86,01,54,5C,06,
94000,000002C4,false,Rx,0,8,09,20,00,00,D3,02,00,00,
0,000002C5,false,Rx,0,8,00,00,00,00,00,00,00,00,
0,000002C6,false,Rx,0,8,32,00,7C,01,00,00,00,00,
144000,0000060D,false,Rx,0,8,0D,10,83,B6,09,20,70,00,
0,00000054,false,Rx,0,8,01,05,EF,00,D3,02,00,00,
0,00000055,false,Rx,0,8,10,27,00,00,00,00,00,00,
0,00000056,false,Rx,0,8,10,27,00,00,00,00,00,00,
155000,00000057,false,Rx,0,8,00,00,FE,FF,FE,FF,00,00,
184000,00000625,false,Rx,0,8,25,00,59,86,01,54,5C,06,
244000,0000060D,false,Rx,0,8,0D,10,83,B6,09,20,70,00,
283000,00000625,false,Rx,0,8,25,00,59,86,01,54,5C,06,
315000,000002C4,false,Rx,0,8,09,20,00,00,D3,02,00,00,
315000,000002C5,false,Rx,0,8,00,00,00,00,00,00,00,00,
315000,000002C6,false,Rx,0,8,32,00,7C,01,00,00,00,00,
345000,0000060D,false,Rx,0,8,0D,10,83,B6,09,20,70,00,
354000,00000054,false,Rx,0,8,01,05,EF,00,D3,02,00,00,
354000,00000055,false,Rx,0,8,10,27,00,00,00,00,00,00,
355000,00000056,false,Rx,0,8,10,27,00,00,00,00,00,00,
355000,00000057,false,Rx,0,8,00,00,FE,FF,FE,FF,00,00,
383000,00000625,false,Rx,0,8,25,00,59,86,01,54,5C,06,
445000,0000060D,false,Rx,0,8,0D,10,83,B6,09,20,70,00,
483000,00000625,false,Rx,0,8,25,00,59,86,01,54,5C,06,
0,000002C4,false,Rx,0,8,09,20,00,00,D3,02,00,00,
0,000002C5,false,Rx,0,8,00,00,00,00,00,00,00,00,
535000,000002C6,false,Rx,0,8,32,00,7C,01,00,00,00,00,
545000,0000060D,false,Rx,0,8,0D,10,83,B6,09,20,70,00,
0,00000054,false,Rx,0,8,01,05,EF,00,D3,02,00,00,
0,00000055,false,Rx,0,8,10,27,00,00,00,00,00,00,
554000,00000056,false,Rx,0,8,10,27,00,00,00,00,00,00,
555000,00000057,false,Rx,0,8,00,00,FE,FF,FE,FF,00,00,
583000,00000625,false,Rx,0,8,25,00,59,86,01,54,5C,06,
645000,0000060D,false,Rx,0,8,0D,10,83,B6,09,20,70,00,
683000,00000625,false,Rx,0,8,25,00,59,86,01,54,5C,06,
745000,0000060D,false,Rx,0,8,0D,10,83,B6,09,20,70,00,
0,00000054,false,Rx,0,8,01,05,EF,00,D3,02,00,00,
0,00000055,false,Rx,0,8,10,27,00,00,00,00,00,00,
755000,00000056,false,Rx,0,8,10,27,00,00,00,00,00,00,
0,000002C4,false,Rx,0,8,09,20,00,00,D3,02,00,00,
0,00000057,false,Rx,0,8,00,00,FE,FF,FE,FF,00,00,
0,000002C5,false,Rx,0,8,00,00,00,00,00,00,00,00,
755000,000002C6,false,Rx,0,8,32,00,7C,01,00,00,00,00,
784000,00000625,false,Rx,0,8,25,00,59,86,01,54,5C,06,
845000,0000060D,false,Rx,0,8,0D,10,83,B6,09,20,70,00,
883000,00000625,false,Rx,0,8,25,00,59,86,01,54,5C,06,
945000,0000060D,false,Rx,0,8,0D,10,83,B6,09,20,70,00,
0,00000054,false,Rx,0,8,01,05,EF,00,D3,02,00,00,
0,00000055,false,Rx,0,8,10,27,00,00,00,00,00,00,
954000,00000056,false,Rx,0,8,10,27,00,00,00,00,00,00,
955000,00000057,false,Rx,0,8,00,00,FE,FF,FE,FF,00,00,
974000,000002C4,false,Rx,0,8,09,20,00,00,D3,02,00,00,
975000,000002C5,false,Rx,0,8,00,00,00,00,00,00,00,00,
975000,000002C6,false,Rx,0,8,32,00,7C,01,00,00,00,00,
984000,00000625,false,Rx,0,8,25,00,59,86,01,54,5C,06,
44000,0000060D,false,Rx,0,8,0D,10,83,B6,09,20,70,00,
83000,00000625,false,Rx,0,8,25,00,59,86,01,54,5C,06,
145000,0000060D,false,Rx,0,8,0D,10,83,B6,09,20,70,00,
154000,00000054,false,Rx,0,8,01,05,EF,00,D3,02,00,00,
154000,00000055,false,Rx,0,8,10,27,00,00,00,00,00,00,
155000,00000056,false,Rx,0,8,10,27,00,00,00,00,00,00,
155000,00000057,false,Rx,0,8,00,00,FE,FF,FE,FF,00,00,
183000,00000625,false,Rx,0,8,25,00,59,86,01,54,5C,06,
195000,000002C4,false,Rx,0,8,09,20,00,00,D3,02,00,00,
195000,000002C5,false,Rx,0,8,00,00,00,00,00,00,00,00,
195000,000002C6,false,Rx,0,8,32,00,7C,01,00,00,00,00,
245000,0000060D,false,Rx,0,8,0D,10,83,B6,09,20,70,00,
284000,00000625,false,Rx,0,8,25,00,59,86,01,54,5C,06,
345000,0000060D,false,Rx,0,8,0D,10,83,B6,09,20,70,00,
354000,00000054,false,Rx,0,8,01,05,EF,00,D3,02,00,00,
354000,00000055,false,Rx,0,8,10,27,00,00,00,00,00,00,
0,00000056,false,Rx,0,8,10,27,00,00,00,00,00,00,
0,00000057,false,Rx,0,8,00,00,FE,FF,FE,FF,00,00,
383000,00000625,false,Rx,0,8,25,00,59,86,01,54,5C,06,
415000,000002C4,false,Rx,0,8,09,20,00,00,D3,02,00,00,
415000,000002C5,false,Rx,0,8,00,00,00,00,00,00,00,00,
416000,000002C6,false,Rx,0,8,32,00,7C,01,00,00,00,00,
445000,0000060D,false,Rx,0,8,0D,10,83,B6,09,20,70,00,
484000,00000625,false,Rx,0,8,25,00,59,86,01,54,5C,06,
545000,0000060D,false,Rx,0,8,0D,10,83,B6,09,20,70,00,
554000,00000054,false,Rx,0,8,01,05,EF,00,D3,02,00,00,
0,00000055,false,Rx,0,8,10,27,00,00,00,00,00,00,
0,00000056,false,Rx,0,8,10,27,00,00,00,00,00,00,
555000,00000057,false,Rx,0,8,00,00,FE,FF,FE,FF,00,00,
583000,00000625,false,Rx,0,8,25,00,59,86,01,54,5C,06,
634000,000002C4,false,Rx,0,8,09,20,00,00,D3,02,00,00,
635000,000002C5,false,Rx,0,8,00,00,00,00,00,00,00,00,
635000,000002C6,false,Rx,0,8,32,00,7C,01,00,00,00,00,
645000,0000060D,false,Rx,0,8,0D,10,83,B6,09,20,70,00,
683000,00000625,false,Rx,0,8,25,00,59,86,01,54,5C,06,
745000,0000060D,false,Rx,0,8,0D,10,83,B6,09,20,70,00,
754000,00000054,false,Rx,0,8,01,05,EF,00,D3,02,00,00,
754000,00000055,false,Rx,0,8,10,27,00,00,00,00,00,00,
755000,00000056,false,Rx,0,8,10,27,00,00,00,00,00,00,
755000,00000057,false,Rx,0,8,00,00,FE,FF,FE,FF,00,00,
784000,00000625,false,Rx,0,8,25,00,59,86,01,54,5C,06,
845000,0000060D,false,Rx,0,8,0D,10,83,B6,09,20,70,00,
854000,000002C4,false,Rx,0,8,09,20,00,00,D3,02,00,00,
854000,000002C5,false,Rx,0,8,00,00,00,00,00,00,00,00,
855000,000002C6,false,Rx,0,8,32,00,7C,01,00,00,00,00,
883000,00000625,false,Rx,0,8,25,00,59,86,01,54,5C,06,
945000,0000060D,false,Rx,0,8,0D,10,83,B6,09,20,70,00,
0,00000054,false,Rx,0,8,01,05,EF,00,D3,02,00,00,
0,00000055,false,Rx,0,8,10,27,00,00,00,00,00,00,
955000,00000056,false,Rx,0,8,10,27,00,00,00,00,00,00,
956000,00000057,false,Rx,0,8,00,00,FE,FF,FE,FF,00,00,
984000,00000625,false,Rx,0,8,25,00,59,86,01,54,5C,06,
45000,0000060D,false,Rx,0,8,0D,10,83,B6,09,20,70,00,
75000,000002C4,false,Rx,0,8,09,20,00,00,D3,02,00,00,
75000,000002C5,false,Rx,0,8,00,00,00,00,00,00,00,00,
75000,000002C6,false,Rx,0,8,32,00,7C,01,00,00,00,00,
84000,00000625,false,Rx,0,8,25,00,59,86,01,54,5C,06,
145000,0000060D,false,Rx,0,8,0D,10,83,B6,09,20,70,00,
155000,00000054,false,Rx,0,8,01,05,EF,00,D3,02,00,00,
155000,00000055,false,Rx,0,8,10,27,00,00,00,00,00,00,
155000,00000056,false,Rx,0,8,10,27,00,00,00,00,00,00,
155000,00000057,false,Rx,0,8,00,00,FE,FF,FE,FF,00,00,
184000,00000625,false,Rx,0,8,25,00,59,86,01,54,5C,06,
244000,0000060D,false,Rx,0,8,0D,10,83,B6,09,20,70,00,
284000,00000625,false,Rx,0,8,25,00,59,86,01,54,5C,06,
0,000002C4,false,Rx,0,8,09,20,00,00,D3,02,00,00,
0,000002C5,false,Rx,0,8,00,00,00,00,00,00,00,00,
296000,000002C6,false,Rx,0,8,32,00,7C,01,00,00,00,00,
344000,0000060D,false,Rx,0,8,0D,10,83,B6,09,20,70,00,
354000,00000054,false,Rx,0,8,01,05,EF,00,D3,02,00,00,
355000,00000055,false,Rx,0,8,10,27,00,00,00,00,00,00,
355000,00000056,false,Rx,0,8,10,27,00,00,00,00,00,00,
355000,00000057,false,Rx,0,8,00,00,FE,FF,FE,FF,00,00,
384000,00000625,false,Rx,0,8,25,00,59,86,01,54,5C,06,
445000,0000060D,false,Rx,0,8,0D,10,83,B6,09,20,70,00,
483000,00000625,false,Rx,0,8,25,00,59,86,01,54,5C,06,
0,000002C4,false,Rx,0,8,09,20,00,00,D3,02,00,00,
0,000002C5,false,Rx,0,8,00,00,00,00,00,00,00,00,
516000,000002C6,false,Rx,0,8,32,00,7C,01,00,00,00,00,
544000,0000060D,false,Rx,0,8,0D,10,83,B6,09,20,70,00,
555000,00000054,false,Rx,0,8,01,05,EF,00,D3,02,00,00,
555000,00000055,false,Rx,0,8,10,27,00,00,00,00,00,00,
555000,00000056,false,Rx,0,8,10,27,00,00,00,00,00,00,
556000,00000057,false,Rx,0,8,00,00,FE,FF,FE,FF,00,00,
583000,00000625,false,Rx,0,8,25,00,59,86,01,54,5C,06,
645000,0000060D,false,Rx,0,8,0D,10,83,B6,09,20,70,00,
684000,00000625,false,Rx,0,8,25,00,59,86,01,54,5C,06,
0,000002C4,false,Rx,0,8,09,20,00,00,D3,02,00,00,
0,000002C5,false,Rx,0,8,00,00,00,00,00,00,00,00,
735000,000002C6,false,Rx,0,8,32,00,7C,01,00,00,00,00,
745000,0000060D,false,Rx,0,8,0D,10,83,B6,09,20,70,00,
754000,00000054,false,Rx,0,8,01,05,EF,00,D3,02,00,00,
755000,00000055,false,Rx,0,8,10,27,00,00,00,00,00,00,
755000,00000056,false,Rx,0,8,10,27,00,00,00,00,00,00,
755000,00000057,false,Rx,0,8,00,00,FE,FF,FE,FF,00,00,
784000,00000625,false,Rx,0,8,25,00,59,86,01,54,5C,06,
845000,0000060D,false,Rx,0,8,0D,10,83,B6,09,20,70,00,
884000,00000625,false,Rx,0,8,25,00,59,86,01,54,5C,06,
944000,0000060D,false,Rx,0,8,0D,10,83,B6,09,20,70,00,
0,00000054,false,Rx,0,8,01,05,EF,00,D3,02,00,00,
0,00000055,false,Rx,0,8,10,27,00,00,00,00,00,00,
955000,00000056,false,Rx,0,8,10,27,00,00,00,00,00,00,
955000,000002C4,false,Rx,0,8,09,20,00,00,D3,02,00,00,
955000,00000057,false,Rx,0,8,00,00,FE,FF,FE,FF,00,00,
956000,000002C5,false,Rx,0,8,00,00,00,00,00,00,00,00,
956000,000002C6,false,Rx,0,8,32,00,7C,01,00,00,00,00,
984000,00000625,false,Rx,0,8,25,00,59,86,01,54,5C,06,
44000,0000060D,false,Rx,0,8,0D,10,83,B6,09,20,70,00,
83000,00000625,false,Rx,0,8,25,00,59,86,01,54,5C,06,
145000,0000060D,false,Rx,0,8,0D,10,83,B6,09,20,70,00,
154000,00000054,false,Rx,0,8,01,05,EF,00,D3,02,00,00,
154000,00000055,false,Rx,0,8,10,27,00,00,00,00,00,00,
155000,00000056,false,Rx,0,8,10,27,00,00,00,00,00,00,
155000,00000057,false,Rx,0,8,00,00,FE,FF,FE,FF,00,00,
175000,000002C4,false,Rx,0,8,09,20,00,00,D3,02,00,00,
175000,000002C5,false,Rx,0,8,00,00,00,00,00,00,00,00,
175000,000002C6,false,Rx,0,8,32,00,7C,01,00,00,00,00,
183000,00000625,false,Rx,0,8,25,00,59,86,01,54,5C,06,
244000,0000060D,false,Rx,0,8,0D,10,83,B6,09,20,70,00,
284000,00000625,false,Rx,0,8,25,00,59,86,01,54,5C,06,
314000,00000065,false,Rx,0,8,D5,02,01,00,00,00,00,00,
345000,0000060D,false,Rx,0,8,0D,10,83,B6,09,20,70,00,
354000,00000054,false,Rx,0,8,01,05,EF,00,D5,02,00,00,
354000,00000055,false,Rx,0,8,10,27,00,00,00,00,00,00,
354000,00000056,false,Rx,0,8,10,27,00,00,00,00,00,00,
355000,00000057,false,Rx,0,8,00,00,FE,FF,FE,FF,00,00,
383000,00000625,false,Rx,0,8,25,00,59,86,01,54,5C,06,
395000,000002C4,false,Rx,0,8,09,20,00,00,D3,02,00,00,
395000,000002C5,false,Rx,0,8,00,00,00,00,00,00,00,00,
396000,000002C6,false,Rx,0,8,32,00,7C,01,00,00,00,00,
445000,0000060D,false,Rx,0,8,0D,10,83,B6,09,20,70,00,
465000,00000065,false,Rx,0,8,D5,02,01,00,00,00,00,00,
483000,00000625,false,Rx,0,8,25,00,59,86,01,54,5C,06,
545000,0000060D,false,Rx,0,8,0D,10,83,B6,09,20,70,00,
554000,00000054,false,Rx,0,8,01,05,EF,00,D5,02,00,00,
555000,00000055,false,Rx,0,8,10,27,00,00,00,00,00,00,
555000,00000056,false,Rx,0,8,10,27,00,00,00,00,00,00,
555000,00000057,false,Rx,0,8,00,00,FE,FF,FE,FF,00,00,
583000,00000625,false,Rx,0,8,25,00,59,86,01,54,5C,06,
615000,00000065,false,Rx,0,8,D5,02,01,00,00,00,00,00,
615000,000002C4,false,Rx,0,8,09,20,00,00,D5,02,00,00,
615000,000002C5,false,Rx,0,8,00,00,00,00,00,00,00,00,
615000,000002C6,false,Rx,0,8,32,00,7C,01,00,00,00,00,
645000,0000060D,false,Rx,0,8,0D,10,83,B6,09,20,70,00,
683000,00000625,false,Rx,0,8,25,00,59,86,01,54,5C,06,
745000,0000060D,false,Rx,0,8,0D,10,83,B6,09,20,70,00,
754000,00000054,false,Rx,0,8,01,05,EF,00,D5,02,00,00,
755000,00000055,false,Rx,0,8,10,27,00,00,00,00,00,00,
755000,00000056,false,Rx,0,8,10,27,00,00,00,00,00,00,
755000,00000057,false,Rx,0,8,00,00,FE,FF,FE,FF,00,00,
765000,00000065,false,Rx,0,8,D5,02,01,00,00,00,00,00,
783000,00000625,false,Rx,0,8,25,00,59,86,01,54,5C,06,
834000,000002C4,false,Rx,0,8,09,20,00,00,D5,02,00,00,
834000,000002C5,false,Rx,0,8,00,00,00,00,00,00,00,00,
835000,000002C6,false,Rx,0,8,32,00,7C,01,00,00,00,00,
845000,0000060D,false,Rx,0,8,0D,10,83,B6,09,20,70,00,
884000,00000625,false,Rx,0,8,25,00,59,86,01,54,5C,06,
944000,0000060D,false,Rx,0,8,0D,10,83,B6,09,20,70,00,
0,00000054,false,Rx,0,8,01,05,EF,00,D5,02,00,00,
0,00000055,false,Rx,0,8,10,27,00,00,00,00,00,00,
955000,00000056,false,Rx,0,8,10,27,00,00,00,00,00,00,
955000,00000057,false,Rx,0,8,00,00,FE,FF,FE,FF,00,00,
984000,00000625,false,Rx,0,8,25,00,59,86,01,54,5C,06,
44000,0000060D,false,Rx,0,8,0D,10,83,B6,09,20,70,00,
55000,000002C4,false,Rx,0,8,09,20,00,00,D5,02,00,00,
0,000002C5,false,Rx,0,8,00,00,00,00,00,00,00,00,
0,000002C6,false,Rx,0,8,32,00,7C,01,00,00,00,00,
84000,00000625,false,Rx,0,8,25,00,59,86,01,54,5C,06,
144000,0000060D,false,Rx,0,8,0D,10,83,B6,09,20,70,00,
154000,00000054,false,Rx,0,8,01,05,EF,00,D5,02,00,00,
0,00000055,false,Rx,0,8,10,27,00,00,00,00,00,00,
0,00000056,false,Rx,0,8,10,27,00,00,00,00,00,00,
155000,00000057,false,Rx,0,8,00,00,FE,FF,FE,FF,00,00,
184000,00000625,false,Rx,0,8,25,00,59,86,01,54,5C,06,
244000,0000060D,false,Rx,0,8,0D,10,83,B6,09,20,70,00,
275000,000002C4,false,Rx,0,8,09,20,00,00,D5,02,00,00,
275000,000002C5,false,Rx,0,8,00,00,00,00,00,00,00,00,
275000,000002C6,false,Rx,0,8,32,00,7C,01,00,00,00,00,
283000,00000625,false,Rx,0,8,25,00,59,86,01,54,5C,06,
345000,0000060D,false,Rx,0,8,0D,10,83,B6,09,20,70,00,
354000,00000054,false,Rx,0,8,01,05,EF,00,D5,02,00,00,
354000,00000055,false,Rx,0,8,10,27,00,00,00,00,00,00,
354000,00000056,false,Rx,0,8,10,27,00,00,00,00,00,00,
355000,00000057,false,Rx,0,8,00,00,FE,FF,FE,FF,00,00,
384000,00000625,false,Rx,0,8,25,00,59,86,01,54,5C,06,
445000,0000060D,false,Rx,0,8,0D,10,83,B6,09,20,70,00,
483000,00000625,false,Rx,0,8,25,00,59,86,01,54,5C,06,
495000,000002C4,false,Rx,0,8,09,20,00,00,D5,02,00,00,
495000,000002C5,false,Rx,0,8,00,00,00,00,00,00,00,00,
495000,000002C6,false,Rx,0,8,32,00,7C,01,00,00,00,00,
544000,0000060D,false,Rx,0,8,0D,10,83,B6,09,20,70,00,
0,00000054,false,Rx,0,8,01,05,EF,00,D5,02,00,00,
0,00000055,false,Rx,0,8,10,27,00,00,00,00,00,00,
0,00000056,false,Rx,0,8,10,27,00,00,00,00,00,00,
0,00000057,false,Rx,0,8,00,00,FE,FF,FE,FF,00,00,
583000,00000625,false,Rx,0,8,25,00,59,86,01,54,5C,06,
644000,0000060D,false,Rx,0,8,0D,10,83,B6,09,20,70,00,
683000,00000625,false,Rx,0,8,25,00,59,86,01,54,5C,06,
715000,000002C4,false,Rx,0,8,09,20,00,00,D5,02,00,00,
715000,000002C5,false,Rx,0,8,00,00,00,00,00,00,00,00,
715000,000002C6,false,Rx,0,8,32,00,7C,01,00,00,00,00,
745000,0000060D,false,Rx,0,8,0D,10,83,B6,09,20,70,00,
754000,00000054,false,Rx,0,8,01,05,EF,00,D5,02,00,00,
754000,00000055,false,Rx,0,8,10,27,00,00,00,00,00,00,
755000,00000056,false,Rx,0,8,10,27,00,00,00,00,00,00,
755000,00000057,false,Rx,0,8,00,00,FE,FF,FE,FF,00,00,
783000,00000625,false,Rx,0,8,25,00,59,86,01,54,5C,06,
844000,0000060D,false,Rx,0,8,0D,10,83,B6,09,20,70,00,
883000,00000625,false,Rx,0,8,25,00,59,86,01,54,5C,06,
935000,000002C4,false,Rx,0,8,09,20,00,00,D5,02,00,00,
935000,000002C5,false,Rx,0,8,00,00,00,00,00,00,00,00,
935000,000002C6,false,Rx,0,8,32,00,7C,01,00,00,00,00,
944000,0000060D,false,Rx,0,8,0D,10,83,B6,09,20,70,00,
0,00000054,false,Rx,0,8,01,05,EF,00,D5,02,00,00,
0,00000055,false,Rx,0,8,10,27,00,00,00,00,00,00,
955000,00000056,false,Rx,0,8,10,27,00,00,00,00,00,00,
955000,00000057,false,Rx,0,8,00,00,FE,FF,FE,FF,00,00,
984000,00000625,false,Rx,0,8,25,00,59,86,01,54,5C,06,
45000,0000060D,false,Rx,0,8,0D,10,83,B6,09,20,70,00,
83000,00000625,false,Rx,0,8,25,00,59,86,01,54,5C,06,
144000,0000060D,false,Rx,0,8,0D,10,83,B6,09,20,70,00,
155000,00000054,false,Rx,0,8,01,05,EF,00,D5,02,00,00,
155000,00000055,false,Rx,0,8,10,27,00,00,00,00,00,00,
155000,00000056,false,Rx,0,8,10,27,00,00,00,00,00,00,
155000,000002C4,false,Rx,0,8,09,20,00,00,D5,02,00,00,
155000,00000057,false,Rx,0,8,00,00,FE,FF,FE,FF,00,00,
156000,000002C5,false,Rx,0,8,00,00,00,00,00,00,00,00,
158000,000002C6,false,Rx,0,8,32,00,7C,01,00,00,00,00,
183000,00000625,false,Rx,0,8,25,00,59,86,01,54,5C,06,
245000,0000060D,false,Rx,0,8,0D,10,83,B6,09,20,70,00,
284000,00000625,false,Rx,0,8,25,00,59,86,01,54,5C,06,
345000,0000060D,false,Rx,0,8,0D,10,83,B6,09,20,70,00,
354000,00000054,false,Rx,0,8,01,05,EF,00,D5,02,00,00,
354000,00000055,false,Rx,0,8,10,27,00,00,00,00,00,00,
354000,00000056,false,Rx,0,8,10,27,00,00,00,00,00,00,
355000,00000057,false,Rx,0,8,00,00,FE,FF,FE,FF,00,00,
375000,000002C4,false,Rx,0,8,09,20,00,00,D5,02,00,00,
375000,000002C5,false,Rx,0,8,00,00,00,00,00,00,00,00,
375000,000002C6,false,Rx,0,8,32,00,7C,01,00,00,00,00,
383000,00000625,false,Rx,0,8,25,00,59,86,01,54,5C,06,
444000,0000060D,false,Rx,0,8,0D,10,83,B6,09,20,70,00,
484000,00000625,false,Rx,0,8,25,00,59,86,01,54,5C,06,
545000,0000060D,false,Rx,0,8,0D,10,83,B6,09,20,70,00,
554000,00000054,false,Rx,0,8,01,05,EF,00,D5,02,00,00,
554000,00000055,false,Rx,0,8,10,27,00,00,00,00,00,00,
0,00000056,false,Rx,0,8,10,27,00,00,00,00,00,00,
0,00000057,false,Rx,0,8,00,00,FE,FF,FE,FF,00,00,
584000,00000625,false,Rx,0,8,25,00,59,86,01,54,5C,06,
595000,000002C4,false,Rx,0,8,09,20,00,00,D5,02,00,00,
595000,000002C5,false,Rx,0,8,00,00,00,00,00,00,00,00,
595000,000002C6,false,Rx,0,8,32,00,7C,01,00,00,00,00,
644000,0000060D,false,Rx,0,8,0D,10,83,B6,09,20,70,00,
683000,00000625,false,Rx,0,8,25,00,59,86,01,54,5C,06,
745000,0000060D,false,Rx,0,8,0D,10,83,B6,09,20,70,00,
754000,00000054,false,Rx,0,8,01,05,EF,00,D5,02,00,00,
0,00000055,false,Rx,0,8,10,27,00,00,00,00,00,00,
0,00000056,false,Rx,0,8,10,27,00,00,00,00,00,00,
754000,00000057,false,Rx,0,8,00,00,FE,FF,FE,FF,00,00,
783000,00000625,false,Rx,0,8,25,00,59,86,01,54,5C,06,
815000,000002C4,false,Rx,0,8,09,20,00,00,D5,02,00,00,
815000,000002C5,false,Rx,0,8,00,00,00,00,00,00,00,00,
816000,000002C6,false,Rx,0,8,32,00,7C,01,00,00,00,00,
845000,0000060D,false,Rx,0,8,0D,10,83,B6,09,20,70,00,
883000,00000625,false,Rx,0,8,25,00,59,86,01,54,5C,06,
945000,0000060D,false,Rx,0,8,0D,10,83,B6,09,20,70,00,
954000,00000054,false,Rx,0,8,01,05,EF,00,D5,02,00,00,
954000,00000055,false,Rx,0,8,10,27,00,00,00,00,00,00,
0,00000056,false,Rx,0,8,10,27,00,00,00,00,00,00,
0,00000057,false,Rx,0,8,00,00,FE,FF,FE,FF,00,00,
983000,00000625,false,Rx,0,8,25,00,59,86,01,54,5C,06,
35000,000002C4,false,Rx,0,8,09,20,00,00,D5,02,00,00,
0,000002C5,false,Rx,0,8,00,00,00,00,00,00,00,00,
0,000002C6,false,Rx,0,8,32,00,7C,01,00,00,00,00,
44000,0000060D,false,Rx,0,8,0D,10,83,B6,09,20,70,00,
84000,00000625,false,Rx,0,8,25,00,59,86,01,54,5C,06,
145000,0000060D,false,Rx,0,8,0D,10,83,B6,09,20,70,00,
154000,00000054,false,Rx,0,8,01,05,EF,00,D5,02,00,00,
154000,00000055,false,Rx,0,8,10,27,00,00,00,00,00,00,
155000,00000056,false,Rx,0,8,10,27,00,00,00,00,00,00,
155000,00000057,false,Rx,0,8,00,00,FE,FF,FE,FF,00,00,
184000,00000625,false,Rx,0,8,25,00,59,86,01,54,5C,06,
244000,0000060D,false,Rx,0,8,0D,10,83,B6,09,20,70,00,
255000,000002C4,false,Rx,0,8,09,20,00,00,D5,02,00,00,
255000,000002C5,false,Rx,0,8,00,00,00,00,00,00,00,00,
256000,000002C6,false,Rx,0,8,32,00,7C,01,00,00,00,00,
283000,00000625,false,Rx,0,8,25,00,59,86,01,54,5C,06,
344000,0000060D,false,Rx,0,8,0D,10,83,B6,09,20,70,00,
355000,00000054,false,Rx,0,8,01,05,EF,00,D5,02,00,00,
355000,00000055,false,Rx,0,8,10,27,00,00,00,00,00,00,
355000,00000056,false,Rx,0,8,10,27,00,00,00,00,00,00,
355000,00000057,false,Rx,0,8,00,00,FE,FF,FE,FF,00,00,
384000,00000625,false,Rx,0,8,25,00,59,86,01,54,5C,06,
444000,0000060D,false,Rx,0,8,0D,10,83,B6,09,20,70,00,
0,000002C4,false,Rx,0,8,09,20,00,00,D5,02,00,00,
0,000002C5,false,Rx,0,8,00,00,00,00,00,00,00,00,
475000,000002C6,false,Rx,0,8,32,00,7C,01,00,00,00,00,
484000,00000625,false,Rx,0,8,25,00,59,86,01,54,5C,06,
545000,0000060D,false,Rx,0,8,0D,10,83,B6,09,20,70,00,
554000,00000054,false,Rx,0,8,01,05,EF,00,D5,02,00,00,
554000,00000055,false,Rx,0,8,10,27,00,00,00,00,00,00,
554000,00000056,false,Rx,0,8,10,27,00,00,00,00,00,00,
554000,00000057,false,Rx,0,8,00,00,FE,FF,FE,FF,00,00,
583000,00000625,false,Rx,0,8,25,00,59,86,01,54,5C,06,
644000,0000060D,false,Rx,0,8,0D,10,83,B6,09,20,70,00,
684000,00000625,false,Rx,0,8,25,00,59,86,01,54,5C,06,
0,000002C4,false,Rx,0,8,09,20,00,00,D5,02,00,00,
0,000002C5,false,Rx,0,8,00,00,00,00,00,00,00,00,
695000,000002C6,false,Rx,0,8,32,00,7C,01,00,00,00,00,
745000,0000060D,false,Rx,0,8,0D,10,83,B6,09,20,70,00,
0,00000054,false,Rx,0,8,01,05,EF,00,D5,02,00,00,
0,00000055,false,Rx,0,8,10,27,00,00,00,00,00,00,
0,00000056,false,Rx,0,8,10,27,00,00,00,00,00,00,
0,00000057,false,Rx,0,8,00,00,FE,FF,FE,FF,00,00,
783000,00000625,false,Rx,0,8,25,00,59,86,01,54,5C,06,
845000,0000060D,false,Rx,0,8,0D,10,83,B6,09,20,70,00,
883000,00000625,false,Rx,0,8,25,00,59,86,01,54,5C,06,
915000,000002C4,false,Rx,0,8,09,20,00,00,D5,02,00,00,
915000,000002C5,false,Rx,0,8,00,00,00,00,00,00,00,00,
915000,000002C6,false,Rx,0,8,32,00,7C,01,00,00,00,00,
945000,0000060D,false,Rx,0,8,0D,10,83,B6,09,20,70,00,
955000,00000054,false,Rx,0,8,01,05,EF,00,D5,02,00,00,
955000,00000055,false,Rx,0,8,10,27,00,00,00,00,00,00,
955000,00000056,false,Rx,0,8,10,27,00,00,00,00,00,00,
955000,00000057,false,Rx,0,8,00,00,FE,FF,FE,FF,00,00,
984000,00000625,false,Rx,0,8,25,00,59,86,01,54,5C,06,
45000,0000060D,false,Rx,0,8,0D,10,83,B6,09,20,70,00,
83000,00000625,false,Rx,0,8,25,00,59,86,01,54,5C,06,
135000,000002C4,false,Rx,0,8,09,20,00,00,D5,02,00,00,
135000,000002C5,false,Rx,0,8,00,00,00,00,00,00,00,00,
135000,000002C6,false,Rx,0,8,32,00,7C,01,00,00,00,00,
145000,0000060D,false,Rx,0,8,0D,10,83,B6,09,20,70,00,
154000,00000054,false,Rx,0,8,01,05,EF,00,D5,02,00,00,
155000,00000055,false,Rx,0,8,10,27,00,00,00,00,00,00,
0,00000056,false,Rx,0,8,10,27,00,00,00,00,00,00,
0,00000057,false,Rx,0,8,00,00,FE,FF,FE,FF,00,00,
183000,00000625,false,Rx,0,8,25,00,59,86,01,54,5C,06,
245000,0000060D,false,Rx,0,8,0D,10,83,B6,09,20,70,00,
283000,00000625,false,Rx,0,8,25,00,59,86,01,54,5C,06,
344000,0000060D,false,Rx,0,8,0D,10,83,B6,09,20,70,00,
354000,00000054,false,Rx,0,8,01,05,EF,00,D5,02,00,00,
354000,00000055,false,Rx,0,8,10,27,00,00,00,00,00,00,
354000,00000056,false,Rx,0,8,10,27,00,00,00,00,00,00,
354000,000002C4,false,Rx,0,8,09,20,00,00,D5,02,00,00,
355000,00000057,false,Rx,0,8,00,00,FE,FF,FE,FF,00,00,
355000,000002C5,false,Rx,0,8,00,00,00,00,00,00,00,00,
355000,000002C6,false,Rx,0,8,32,00,7C,01,00,00,00,00,
384000,00000625,false,Rx,0,8,25,00,59,86,01,54,5C,06,
444000,0000060D,false,Rx,0,8,0D,10,83,B6,09,20,70,00,
484000,00000625,false,Rx,0,8,25,00,59,86,01,54,5C,06,
545000,0000060D,false,Rx,0,8,0D,10,83,B6,09,20,70,00,
554000,00000054,false,Rx,0,8,01,05,EF,00,D5,02,00,00,
555000,00000055,false,Rx,0,8,10,27,00,00,00,00,00,00,
555000,00000056,false,Rx,0,8,10,27,00,00,00,00,00,00,
555000,00000057,false,Rx,0,8,00,00,FE,FF,FE,FF,00,00,
575000,000002C4,false,Rx,0,8,09,20,00,00,D5,02,00,00,
575000,000002C5,false,Rx,0,8,00,00,00,00,00,00,00,00,
575000,000002C6,false,Rx,0,8,32,00,7C,01,00,00,00,00,
584000,00000625,false,Rx,0,8,25,00,59,86,01,54,5C,06,
645000,0000060D,false,Rx,0,8,0D,10,83,B6,09,20,70,00,
683000,00000625,false,Rx,0,8,25,00,59,86,01,54,5C,06,
745000,0000060D,false,Rx,0,8,0D,10,83,B6,09,20,70,00,
754000,00000054,false,Rx,0,8,01,05,EF,00,D5,02,00,00,
754000,00000055,false,Rx,0,8,10,27,00,00,00,00,00,00,
755000,00000056,false,Rx,0,8,10,27,00,00,00,00,00,00,
755000,00000057,false,Rx,0,8,00,00,FE,FF,FE,FF,00,00,
784000,00000625,false,Rx,0,8,25,00,59,86,01,54,5C,06,
0,000002C4,false,Rx,0,8,09,20,00,00,D5,02,00,00,
0,000002C5,false,Rx,0,8,00,00,00,00,00,00,00,00,
796000,000002C6,false,Rx,0,8,32,00,7C,01,00,00,00,00,
845000,0000060D,false,Rx,0,8,0D,10,83,B6,09,20,70,00,
884000,00000625,false,Rx,0,8,25,00,59,86,01,54,5C,06,
944000,0000060D,false,Rx,0,8,0D,10,83,B6,09,20,70,00,
954000,00000054,false,Rx,0,8,01,05,EF,00,D5,02,00,00,
954000,00000055,false,Rx,0,8,10,27,00,00,00,00,00,00,
955000,00000056,false,Rx,0,8,10,27,00,00,00,00,00,00,
955000,00000057,false,Rx,0,8,00,00,FE,FF,FE,FF,00,00,
984000,00000625,false,Rx,0,8,25,00,59,86,01,54,5C,06,
15000,000002C4,false,Rx,0,8,09,20,00,00,D5,02,00,00,
15000,000002C5,false,Rx,0,8,00,00,00,00,00,00,00,00,
15000,000002C6,false,Rx,0,8,32,00,7C,01,00,00,00,00,
44000,0000060D,false,Rx,0,8,0D,10,83,B6,09,20,70,00,
84000,00000625,false,Rx,0,8,25,00,59,86,01,54,5C,06,
144000,0000060D,false,Rx,0,8,0D,10,83,B6,09,20,70,00,
154000,00000054,false,Rx,0,8,01,05,EF,00,D5,02,00,00,
154000,00000055,false,Rx,0,8,10,27,00,00,00,00,00,00,
154000,00000056,false,Rx,0,8,10,27,00,00,00,00,00,00,
154000,00000057,false,Rx,0,8,00,00,FE,FF,FE,FF,00,00,
183000,00000625,false,Rx,0,8,25,00,59,86,01,54,5C,06,
0,000002C4,false,Rx,0,8,09,20,00,00,D5,02,00,00,
0,000002C5,false,Rx,0,8,00,00,00,00,00,00,00,00,
237000,000002C6,false,Rx,0,8,32,00,7C,01,00,00,00,00,
244000,0000060D,false,Rx,0,8,0D,10,83,B6,09,20,70,00,
284000,00000625,false,Rx,0,8,25,00,59,86,01,54,5C,06,
345000,0000060D,false,Rx,0,8,0D,10,83,B6,09,20,70,00,
354000,00000054,false,Rx,0,8,01,05,EF,00,D5,02,00,00,
354000,00000055,false,Rx,0,8,10,27,00,00,00,00,00,00,
355000,00000056,false,Rx,0,8,10,27,00,00,00,00,00,00,
355000,00000057,false,Rx,0,8,00,00,FE,FF,FE,FF,00,00,
384000,00000625,false,Rx,0,8,25,00,59,86,01,54,5C,06,
445000,0000060D,false,Rx,0,8,0D,10,83,B6,09,20,70,00,
455000,000002C4,false,Rx,0,8,09,20,00,00,D5,02,00,00,
455000,000002C5,false,Rx,0,8,00,00,00,00,00,00,00,00,
455000,000002C6,false,Rx,0,8,32,00,7C,01,00,00,00,00,
484000,00000625,false,Rx,0,8,25,00,59,86,01,54,5C,06,
545000,0000060D,false,Rx,0,8,0D,10,83,B6,09,20,70,00,
0,00000054,false,Rx,0,8,01,05,EF,00,D5,02,00,00,
0,00000055,false,Rx,0,8,10,27,00,00,00,00,00,00,
554000,00000056,false,Rx,0,8,10,27,00,00,00,00,00,00,
555000,00000057,false,Rx,0,8,00,00,FE,FF,FE,FF,00,00,
584000,00000625,false,Rx,0,8,25,00,59,86,01,54,5C,06,
644000,0000060D,false,Rx,0,8,0D,10,83,B6,09,20,70,00,
0,000002C4,false,Rx,0,8,09,20,00,00,D5,02,00,00,
0,000002C5,false,Rx,0,8,00,00,00,00,00,00,00,00,
676000,000002C6,false,Rx,0,8,32,00,7C,01,00,00,00,00,
684000,00000625,false,Rx,0,8,25,00,59,86,01,54,5C,06,
744000,0000060D,false,Rx,0,8,0D,10,83,B6,09,20,70,00,
754000,00000054,false,Rx,0,8,01,05,EF,00,D5,02,00,00,
755000,00000055,false,Rx,0,8,10,27,00,00,00,00,00,00,
755000,00000056,false,Rx,0,8,10,27,00,00,00,00,00,00,
755000,00000057,false,Rx,0,8,00,00,FE,FF,FE,FF,00,00,
784000,00000625,false,Rx,0,8,25,00,59,86,01,54,5C,06,
845000,0000060D,false,Rx,0,8,0D,10,83,B6,09,20,70,00,
884000,00000625,false,Rx,0,8,25,00,59,86,01,54,5C,06,
0,000002C4,false,Rx,0,8,09,20,00,00,D5,02,00,00,
0,000002C5,false,Rx,0,8,00,00,00,00,00,00,00,00,
896000,000002C6,false,Rx,0,8,32,00,7C,01,00,00,00,00,
944000,0000060D,false,Rx,0,8,0D,10,83,B6,09,20,70,00,
955000,00000054,false,Rx,0,8,01,05,EF,00,D5,02,00,00,
955000,00000055,false,Rx,0,8,10,27,00,00,00,00,00,00,
956000,00000056,false,Rx,0,8,10,27,00,00,00,00,00,00,
956000,00000057,false,Rx,0,8,00,00,FE,FF,FE,FF,00,00,
984000,00000625,false,Rx,0,8,25,00,59,86,01,54,5C,06,
45000,0000060D,false,Rx,0,8,0D,10,83,B6,09,20,70,00,
84000,00000625,false,Rx,0,8,25,00,59,86,01,54,5C,06,
114000,000002C4,false,Rx,0,8,09,20,00,00,D5,02,00,00,
114000,000002C5,false,Rx,0,8,00,00,00,00,00,00,00,00,
115000,000002C6,false,Rx,0,8,32,00,7C,01,00,00,00,00,
144000,0000060D,false,Rx,0,8,0D,10,83,B6,09,20,70,00,
154000,00000054,false,Rx,0,8,01,05,EF,00,D5,02,00,00,
155000,00000055,false,Rx,0,8,10,27,00,00,00,00,00,00,
155000,00000056,false,Rx,0,8,10,27,00,00,00,00,00,00,
155000,00000057,false,Rx,0,8,00,00,FE,FF,FE,FF,00,00,
183000,00000625,false,Rx,0,8,25,00,59,86,01,54,5C,06,
245000,0000060D,false,Rx,0,8,0D,10,83,B6,09,20,70,00,
284000,00000625,false,Rx,0,8,25,00,59,86,01,54,5C,06,
335000,000002C4,false,Rx,0,8,09,20,00,00,D5,02,00,00,
335000,000002C5,false,Rx,0,8,00,00,00,00,00,00,00,00,
335000,000002C6,false,Rx,0,8,32,00,7C,01,00,00,00,00,
344000,0000060D,false,Rx,0,8,0D,10,83,B6,09,20,70,00,
0,00000054,false,Rx,0,8,01,05,EF,00,D5,02,00,00,
0,00000055,false,Rx,0,8,10,27,00,00,00,00,00,00,
0,00000056,false,Rx,0,8,10,27,00,00,00,00,00,00,
0,00000057,false,Rx,0,8,00,00,FE,FF,FE,FF,00,00,
384000,00000625,false,Rx,0,8,25,00,59,86,01,54,5C,06,
444000,0000060D,false,Rx,0,8,0D,10,83,B6,09,20,70,00,
484000,00000625,false,Rx,0,8,25,00,59,86,01,54,5C,06,
544000,0000060D,false,Rx,0,8,0D,10,83,B6,09,20,70,00,
554000,00000054,false,Rx,0,8,01,05,EF,00,D5,02,00,00,
554000,00000055,false,Rx,0,8,10,27,00,00,00,00,00,00,
555000,00000056,false,Rx,0,8,10,27,00,00,00,00,00,00,
555000,000002C4,false,Rx,0,8,09,20,00,00,D5,02,00,00,
0,00000057,false,Rx,0,8,00,00,FE,FF,FE,FF,00,00,
0,000002C5,false,Rx,0,8,00,00,00,00,00,00,00,00,
555000,000002C6,false,Rx,0,8,32,00,7C,01,00,00,00,00,
584000,00000625,false,Rx,0,8,25,00,59,86,01,54,5C,06,
644000,0000060D,false,Rx,0,8,0D,10,83,B6,09,20,70,00,
684000,00000625,false,Rx,0,8,25,00,59,86,01,54,5C,06,
744000,0000060D,false,Rx,0,8,0D,10,83,B6,09,20,70,00,
754000,00000054,false,Rx,0,8,01,05,EF,00,D5,02,00,00,
754000,00000055,false,Rx,0,8,10,27,00,00,00,00,00,00,
0,00000056,false,Rx,0,8,10,27,00,00,00,00,00,00,
0,00000057,false,Rx,0,8,00,00,FE,FF,FE,FF,00,00,
775000,000002C4,false,Rx,0,8,09,20,00,00,D5,02,00,00,
775000,000002C5,false,Rx,0,8,00,00,00,00,00,00,00,00,
775000,000002C6,false,Rx,0,8,32,00,7C,01,00,00,00,00,
784000,00000625,false,Rx,0,8,25,00,59,86,01,54,5C,06,
845000,0000060D,false,Rx,0,8,0D,10,83,B6,09,20,70,00,
884000,00000625,false,Rx,0,8,25,00,59,86,01,54,5C,06,
944000,0000060D,false,Rx,0,8,0D,10,83,B6,09,20,70,00,
954000,00000054,false,Rx,0,8,01,05,EF,00,D5,02,00,00,
0,00000055,false,Rx,0,8,10,27,00,00,00,00,00,00,
0,00000056,false,Rx,0,8,10,27,00,00,00,00,00,00,
955000,00000057,false,Rx,0,8,00,00,FE,FF,FE,FF,00,00,
984000,00000625,false,Rx,0,8,25,00,59,86,01,54,5C,06,
994000,000002C4,false,Rx,0,8,09,20,00,00,D5,02,00,00,
994000,000002C5,false,Rx,0,8,00,00,00,00,00,00,00,00,
995000,000002C6,false,Rx,0,8,32,00,7C,01,00,00,00,00,
44000,0000060D,false,Rx,0,8,0D,10,83,B6,09,20,70,00,
84000,00000625,false,Rx,0,8,25,00,59,86,01,54,5C,06,
144000,0000060D,false,Rx,0,8,0D,10,83,B6,09,20,70,00,
154000,00000054,false,Rx,0,8,01,05,EF,00,D5,02,00,00,
155000,00000055,false,Rx,0,8,10,27,00,00,00,00,00,00,
155000,00000056,false,Rx,0,8,10,27,00,00,00,00,00,00,
155000,00000057,false,Rx,0,8,00,00,FE,FF,FE,FF,00,00,
184000,00000625,false,Rx,0,8,25,00,59,86,01,54,5C,06,
215000,000002C4,false,Rx,0,8,09,20,00,00,D5,02,00,00,
215000,000002C5,false,Rx,0,8,00,00,00,00,00,00,00,00,
215000,000002C6,false,Rx,0,8,32,00,7C,01,00,00,00,00,
245000,0000060D,false,Rx,0,8,0D,10,83,B6,09,20,70,00,
282000,00000625,false,Rx,0,8,25,00,59,86,01,54,5C,06,
345000,0000060D,false,Rx,0,8,0D,10,83,B6,09,20,70,00,
354000,00000054,false,Rx,0,8,01,05,EF,00,D5,02,00,00,
354000,00000055,false,Rx,0,8,10,27,00,00,00,00,00,00,
354000,00000056,false,Rx,0,8,10,27,00,00,00,00,00,00,
355000,00000057,false,Rx,0,8,00,00,FE,FF,FE,FF,00,00,
384000,00000625,false,Rx,0,8,25,00,59,86,01,54,5C,06,
435000,000002C4,false,Rx,0,8,09,20,00,00,D5,02,00,00,
435000,000002C5,false,Rx,0,8,00,00,00,00,00,00,00,00,
435000,000002C6,false,Rx,0,8,32,00,7C,01,00,00,00,00,
445000,0000060D,false,Rx,0,8,0D,10,83,B6,09,20,70,00,
483000,00000625,false,Rx,0,8,25,00,59,86,01,54,5C,06,
545000,0000060D,false,Rx,0,8,0D,10,83,B6,09,20,70,00,
554000,00000054,false,Rx,0,8,01,05,EF,00,D5,02,00,00,
554000,00000055,false,Rx,0,8,10,27,00,00,00,00,00,00,
555000,00000056,false,Rx,0,8,10,27,00,00,00,00,00,00,
555000,00000057,false,Rx,0,8,00,00,FE,FF,FE,FF,00,00,
584000,00000625,false,Rx,0,8,25,00,59,86,01,54,5C,06,
645000,0000060D,false,Rx,0,8,0D,10,83,B6,09,20,70,00,
0,000002C4,false,Rx,0,8,09,20,00,00,D5,02,00,00,
0,000002C5,false,Rx,0,8,00,00,00,00,00,00,00,00,
656000,000002C6,false,Rx,0,8,32,00,7C,01,00,00,00,00,
683000,00000625,false,Rx,0,8,25,00,59,86,01,54,5C,06,
744000,0000060D,false,Rx,0,8,0D,10,83,B6,09,20,70,00,
0,00000054,false,Rx,0,8,01,05,EF,00,D5,02,00,00,
0,00000055,false,Rx,0,8,10,27,00,00,00,00,00,00,
754000,00000056,false,Rx,0,8,10,27,00,00,00,00,00,00,
755000,00000057,false,Rx,0,8,00,00,FE,FF,FE,FF,00,00,
783000,00000625,false,Rx,0,8,25,00,59,86,01,54,5C,06,
845000,0000060D,false,Rx,0,8,0D,10,83,B6,09,20,70,00,
875000,000002C4,false,Rx,0,8,09,20,00,00,D5,02,00,00,
875000,000002C5,false,Rx,0,8,00,00,00,00,00,00,00,00,
876000,000002C6,false,Rx,0,8,32,00,7C,01,00,00,00,00,
883000,00000625,false,Rx,0,8,25,00,59,86,01,54,5C,06,
945000,0000060D,false,Rx,0,8,0D,10,83,B6,09,20,70,00,
954000,00000054,false,Rx,0,8,01,05,EF,00,D5,02,00,00,
954000,00000055,false,Rx,0,8,10,27,00,00,00,00,00,00,
954000,00000056,false,Rx,0,8,10,27,00,00,00,00,00,00,
955000,00000057,false,Rx,0,8,00,00,FE,FF,FE,FF,00,00,
983000,00000625,false,Rx,0,8,25,00,59,86,01,54,5C,06,
45000,0000060D,false,Rx,0,8,0D,10,83,B6,09,20,70,00,
83000,00000625,false,Rx,0,8,25,00,59,86,01,54,5C,06,
95000,000002C4,false,Rx,0,8,09,20,00,00,D5,02,00,00,
95000,000002C5,false,Rx,0,8,00,00,00,00,00,00,00,00,
95000,000002C6,false,Rx,0,8,32,00,7C,01,00,00,00,00,
144000,0000060D,false,Rx,0,8,0D,10,83,B6,09,20,70,00,
154000,00000054,false,Rx,0,8,01,05,EF,00,D5,02,00,00,
154000,00000055,false,Rx,0,8,10,27,00,00,00,00,00,00,
155000,00000056,false,Rx,0,8,10,27,00,00,00,00,00,00,
155000,00000057,false,Rx,0,8,00,00,FE,FF,FE,FF,00,00,
184000,00000625,false,Rx,0,8,25,00,59,86,01,54,5C,06,
245000,0000060D,false,Rx,0,8,0D,10,83,B6,09,20,70,00,
284000,00000625,false,Rx,0,8,25,00,59,86,01,54,5C,06,
315000,000002C4,false,Rx,0,8,09,20,00,00,D5,02,00,00,
315000,000002C5,false,Rx,0,8,00,00,00,00,00,00,00,00,
315000,000002C6,false,Rx,0,8,32,00,7C,01,00,00,00,00,
345000,0000060D,false,Rx,0,8,0D,10,83,B6,09,20,70,00,
354000,00000054,false,Rx,0,8,01,05,EF,00,D5,02,00,00,
354000,00000055,false,Rx,0,8,10,27,00,00,00,00,00,00,
355000,00000056,false,Rx,0,8,10,27,00,00,00,00,00,00,
355000,00000057,false,Rx,0,8,00,00,FE,FF,FE,FF,00,00,
384000,00000625,false,Rx,0,8,25,00,59,86,01,54,5C,06,
445000,0000060D,false,Rx,0,8,0D,10,83,B6,09,20,70,00,
485000,00000625,false,Rx,0,8,25,00,59,86,01,54,5C,06,
535000,000002C4,false,Rx,0,8,09,20,00,00,D5,02,00,00,
535000,000002C5,false,Rx,0,8,00,00,00,00,00,00,00,00,
536000,000002C6,false,Rx,0,8,32,00,7C,01,00,00,00,00,
545000,0000060D,false,Rx,0,8,0D,10,83,B6,09,20,70,00,
555000,00000054,false,Rx,0,8,01,05,EF,00,D5,02,00,00,
555000,00000055,false,Rx,0,8,10,27,00,00,00,00,00,00,
555000,00000056,false,Rx,0,8,10,27,00,00,00,00,00,00,
555000,00000057,false,Rx,0,8,00,00,FE,FF,FE,FF,00,00,
584000,00000625,false,Rx,0,8,25,00,59,86,01,54,5C,06,
644000,0000060D,false,Rx,0,8,0D,10,83,B6,09,20,70,00,
684000,00000625,false,Rx,0,8,25,00,59,86,01,54,5C,06,
745000,0000060D,false,Rx,0,8,0D,10,83,B6,09,20,70,00,
754000,00000054,false,Rx,0,8,01,05,EF,00,D5,02,00,00,
755000,00000055,false,Rx,0,8,10,27,00,00,00,00,00,00,
755000,00000056,false,Rx,0,8,10,27,00,00,00,00,00,00,
755000,000002C4,false,Rx,0,8,09,20,00,00,D5,02,00,00,
755000,00000057,false,Rx,0,8,00,00,FE,FF,FE,FF,00,00,
755000,000002C5,false,Rx,0,8,00,00,00,00,00,00,00,00,
755000,000002C6,false,Rx,0,8,32,00,7C,01,00,00,00,00,
783000,00000625,false,Rx,0,8,25,00,59,86,01,54,5C,06,
845000,0000060D,false,Rx,0,8,0D,10,83,B6,09,20,70,00,
883000,00000625,false,Rx,0,8,25,00,59,86,01,54,5C,06,
945000,0000060D,false,Rx,0,8,0D,10,83,B6,09,20,70,00,
955000,00000054,false,Rx,0,8,01,05,EF,00,D5,02,00,00,
955000,00000055,false,Rx,0,8,10,27,00,00,00,00,00,00,
955000,00000056,false,Rx,0,8,10,27,00,00,00,00,00,00,
956000,00000057,false,Rx,0,8,00,00,FE,FF,FE,FF,00,00,
975000,000002C4,false,Rx,0,8,09,20,00,00,D5,02,00,00,
975000,000002C5,false,Rx,0,8,00,00,00,00,00,00,00,00,
975000,000002C6,false,Rx,0,8,32,00,7C,01,00,00,00,00,
985000,00000625,false,Rx,0,8,25,00,59,86,01,54,5C,06,
44000,0000060D,false,Rx,0,8,0D,10,83,B6,09,20,70,00,
83000,00000625,false,Rx,0,8,25,00,59,86,01,54,5C,06,
145000,0000060D,false,Rx,0,8,0D,10,83,B6,09,20,70,00,
155000,00000054,false,Rx,0,8,01,05,EF,00,D5,02,00,00,
155000,00000055,false,Rx,0,8,10,27,00,00,00,00,00,00,
155000,00000056,false,Rx,0,8,10,27,00,00,00,00,00,00,
155000,00000057,false,Rx,0,8,00,00,FE,FF,FE,FF,00,00,
184000,00000625,false,Rx,0,8,25,00,59,86,01,54,5C,06,
195000,000002C4,false,Rx,0,8,09,20,00,00,D5,02,00,00,
196000,000002C5,false,Rx,0,8,00,00,00,00,00,00,00,00,
196000,000002C6,false,Rx,0,8,32,00,7C,01,00,00,00,00,
245000,0000060D,false,Rx,0,8,0D,10,83,B6,09,20,70,00,
284000,00000625,false,Rx,0,8,25,00,59,86,01,54,5C,06,
344000,0000060D,false,Rx,0,8,0D,10,83,B6,09,20,70,00,
355000,00000054,false,Rx,0,8,01,05,EF,00,D5,02,00,00,
355000,00000055,false,Rx,0,8,10,27,00,00,00,00,00,00,
0,00000056,false,Rx,0,8,10,27,00,00,00,00,00,00,
0,00000057,false,Rx,0,8,00,00,FE,FF,FE,FF,00,00,
384000,00000625,false,Rx,0,8,25,00,59,86,01,54,5C,06,
0,000002C4,false,Rx,0,8,09,20,00,00,D5,02,00,00,
0,000002C5,false,Rx,0,8,00,00,00,00,00,00,00,00,
415000,000002C6,false,Rx,0,8,32,00,7C,01,00,00,00,00,
444000,0000060D,false,Rx,0,8,0D,10,83,B6,09,20,70,00,
483000,00000625,false,Rx,0,8,25,00,59,86,01,54,5C,06,
545000,0000060D,false,Rx,0,8,0D,10,83,B6,09,20,70,00,
554000,00000054,false,Rx,0,8,01,05,EF,00,D5,02,00,00,
555000,00000055,false,Rx,0,8,10,27,00,00,00,00,00,00,
555000,00000056,false,Rx,0,8,10,27,00,00,00,00,00,00,
555000,00000057,false,Rx,0,8,00,00,FE,FF,FE,FF,00,00,
584000,00000625,false,Rx,0,8,25,00,59,86,01,54,5C,06,
635000,000002C4,false,Rx,0,8,09,20,00,00,D5,02,00,00,
635000,000002C5,false,Rx,0,8,00,00,00,00,00,00,00,00,
635000,000002C6,false,Rx,0,8,32,00,7C,01,00,00,00,00,
645000,0000060D,false,Rx,0,8,0D,10,83,B6,09,20,70,00,
683000,00000625,false,Rx,0,8,25,00,59,86,01,54,5C,06,
744000,0000060D,false,Rx,0,8,0D,10,83,B6,09,20,70,00,
754000,00000054,false,Rx,0,8,01,05,EF,00,D5,02,00,00,
754000,00000055,false,Rx,0,8,10,27,00,00,00,00,00,00,
755000,00000056,false,Rx,0,8,10,27,00,00,00,00,00,00,
755000,00000057,false,Rx,0,8,00,00,FE,FF,FE,FF,00,00,
783000,00000625,false,Rx,0,8,25,00,59,86,01,54,5C,06,
845000,0000060D,false,Rx,0,8,0D,10,83,B6,09,20,70,00,
855000,000002C4,false,Rx,0,8,09,20,00,00,D5,02,00,00,
855000,000002C5,false,Rx,0,8,00,00,00,00,00,00,00,00,
855000,000002C6,false,Rx,0,8,32,00,7C,01,00,00,00,00,
883000,00000625,false,Rx,0,8,25,00,59,86,01,54,5C,06,
944000,0000060D,false,Rx,0,8,0D,10,83,B6,09,20,70,00,
954000,00000054,false,Rx,0,8,01,05,EF,00,D5,02,00,00,
954000,00000055,false,Rx,0,8,10,27,00,00,00,00,00,00,
0,00000056,false,Rx,0,8,10,27,00,00,00,00,00,00,
0,00000057,false,Rx,0,8,00,00,FE,FF,FE,FF,00,00,
984000,00000625,false,Rx,0,8,25,00,59,86,01,54,5C,06,
45000,0000060D,false,Rx,0,8,0D,10,83,B6,09,20,70,00,
0,000002C4,false,Rx,0,8,09,20,00,00,D5,02,00,00,
0,000002C5,false,Rx,0,8,00,00,00,00,00,00,00,00,
75000,000002C6,false,Rx,0,8,32,00,7C,01,00,00,00,00,
84000,00000625,false,Rx,0,8,25,00,59,86,01,54,5C,06,
144000,0000060D,false,Rx,0,8,0D,10,83,B6,09,20,70,00,
155000,00000054,false,Rx,0,8,01,05,EF,00,D5,02,00,00,
155000,00000055,false,Rx,0,8,10,27,00,00,00,00,00,00,
155000,00000056,false,Rx,0,8,10,27,00,00,00,00,00,00,
156000,00000057,false,Rx,0,8,00,00,FE,FF,FE,FF,00,00,
183000,00000625,false,Rx,0,8,25,00,59,86,01,54,5C,06,
244000,0000060D,false,Rx,0,8,0D,10,83,B6,09,20,70,00,
283000,00000625,false,Rx,0,8,25,00,59,86,01,54,5C,06,
295000,000002C4,false,Rx,0,8,09,20,00,00,D5,02,00,00,
295000,000002C5,false,Rx,0,8,00,00,00,00,00,00,00,00,
295000,000002C6,false,Rx,0,8,32,00,7C,01,00,00,00,00,
344000,0000060D,false,Rx,0,8,0D,10,83,B6,09,20,70,00,
354000,00000054,false,Rx,0,8,01,05,EF,00,D5,02,00,00,
0,00000055,false,Rx,0,8,10,27,00,00,00,00,00,00,
0,00000056,false,Rx,0,8,10,27,00,00,00,00,00,00,
356000,00000057,false,Rx,0,8,00,00,FE,FF,FE,FF,00,00,
383000,00000625,false,Rx,0,8,25,00,59,86,01,54,5C,06,
445000,0000060D,false,Rx,0,8,0D,10,83,B6,09,20,70,00,
484000,00000625,false,Rx,0,8,25,00,59,86,01,54,5C,06,
0,000002C4,false,Rx,0,8,09,20,00,00,D5,02,00,00,
0,000002C5,false,Rx,0,8,00,00,00,00,00,00,00,00,
515000,000002C6,false,Rx,0,8,32,00,7C,01,00,00,00,00,
545000,0000060D,false,Rx,0,8,0D,10,83,B6,09,20,70,00,
554000,00000054,false,Rx,0,8,01,05,EF,00,D5,02,00,00,
0,00000055,false,Rx,0,8,10,27,00,00,00,00,00,00,
0,00000056,false,Rx,0,8,10,27,00,00,00,00,00,00,
555000,00000057,false,Rx,0,8,00,00,FE,FF,FE,FF,00,00,
584000,00000625,false,Rx,0,8,25,00,59,86,01,54,5C,06,
645000,0000060D,false,Rx,0,8,0D,10,83,B6,09,20,70,00,
684000,00000625,false,Rx,0,8,25,00,59,86,01,54,5C,06,
735000,000002C4,false,Rx,0,8,09,20,00,00,D5,02,00,00,
735000,000002C5,false,Rx,0,8,00,00,00,00,00,00,00,00,
736000,000002C6,false,Rx,0,8,32,00,7C,01,00,00,00,00,
744000,0000060D,false,Rx,0,8,0D,10,83,B6,09,20,70,00,
755000,00000054,false,Rx,0,8,01,05,EF,00,D5,02,00,00,
755000,00000055,false,Rx,0,8,10,27,00,00,00,00,00,00,
755000,00000056,false,Rx,0,8,10,27,00,00,00,00,00,00,
755000,00000057,false,Rx,0,8,00,00,FE,FF,FE,FF,00,00,
784000,00000625,false,Rx,0,8,25,00,59,86,01,54,5C,06,
845000,0000060D,false,Rx,0,8,0D,10,83,B6,09,20,70,00,
884000,00000625,false,Rx,0,8,25,00,59,86,01,54,5C,06,
945000,0000060D,false,Rx,0,8,0D,10,83,B6,09,20,70,00,
0,00000054,false,Rx,0,8,01,05,EF,00,D5,02,00,00,
0,00000055,false,Rx,0,8,10,27,00,00,00,00,00,00,
954000,00000056,false,Rx,0,8,10,27,00,00,00,00,00,00,
0,000002C4,false,Rx,0,8,09,20,00,00,D5,02,00,00,
0,00000057,false,Rx,0,8,00,00,FE,FF,FE,FF,00,00,
955000,000002C5,false,Rx,0,8,00,00,00,00,00,00,00,00,
956000,000002C6,false,Rx,0,8,32,00,7C,01,00,00,00,00,
983000,00000625,false,Rx,0,8,25,00,59,86,01,54,5C,06,
45000,0000060D,false,Rx,0,8,0D,10,83,B6,09,20,70,00,
84000,00000625,false,Rx,0,8,25,00,59,86,01,54,5C,06,
145000,0000060D,false,Rx,0,8,0D,10,83,B6,09,20,70,00,
0,00000054,false,Rx,0,8,01,05,EF,00,D5,02,00,00,
0,00000055,false,Rx,0,8,10,27,00,00,00,00,00,00,
0,00000056,false,Rx,0,8,10,27,00,00,00,00,00,00,
156000,00000057,false,Rx,0,8,00,00,FE,FF,FE,FF,00,00,
175000,000002C4,false,Rx,0,8,09,20,00,00,D5,02,00,00,
175000,000002C5,false,Rx,0,8,00,00,00,00,00,00,00,00,
175000,000002C6,false,Rx,0,8,32,00,7C,01,00,00,00,00,
184000,00000625,false,Rx,0,8,25,00,59,86,01,54,5C,06,
245000,0000060D,false,Rx,0,8,0D,10,83,B6,09,20,70,00,
284000,00000625,false,Rx,0,8,25,00,59,86,01,54,5C,06,
344000,0000060D,false,Rx,0,8,0D,10,83,B6,09,20,70,00,
354000,00000054,false,Rx,0,8,01,05,EF,00,D5,02,00,00,
354000,00000055,false,Rx,0,8,10,27,00,00,00,00,00,00,
355000,00000056,false,Rx,0,8,10,27,00,00,00,00,00,00,
355000,00000057,false,Rx,0,8,00,00,FE,FF,FE,FF,00,00,
384000,00000625,false,Rx,0,8,25,00,59,86,01,54,5C,06,
395000,000002C4,false,Rx,0,8,09,20,00,00,D5,02,00,00,
395000,000002C5,false,Rx,0,8,00,00,00,00,00,00,00,00,
395000,000002C6,false,Rx,0,8,32,00,7C,01,00,00,00,00,
444000,0000060D,false,Rx,0,8,0D,10,83,B6,09,20,70,00,
484000,00000625,false,Rx,0,8,25,00,59,86,01,54,5C,06,
545000,0000060D,false,Rx,0,8,0D,10,83,B6,09,20,70,00,
0,00000054,false,Rx,0,8,01,05,EF,00,D5,02,00,00,
0,00000055,false,Rx,0,8,10,27,00,00,00,00,00,00,
554000,00000056,false,Rx,0,8,10,27,00,00,00,00,00,00,
556000,00000057,false,Rx,0,8,00,00,FE,FF,FE,FF,00,00,
584000,00000625,false,Rx,0,8,25,00,59,86,01,54,5C,06,
615000,000002C4,false,Rx,0,8,09,20,00,00,D5,02,00,00,
615000,000002C5,false,Rx,0,8,00,00,00,00,00,00,00,00,
615000,000002C6,false,Rx,0,8,32,00,7C,01,00,00,00,00,
644000,0000060D,false,Rx,0,8,0D,10,83,B6,09,20,70,00,
683000,00000625,false,Rx,0,8,25,00,59,86,01,54,5C,06,
745000,0000060D,false,Rx,0,8,0D,10,83,B6,09,20,70,00,
755000,00000054,false,Rx,0,8,01,05,EF,00,D5,02,00,00,
755000,00000055,false,Rx,0,8,10,27,00,00,00,00,00,00,
755000,00000056,false,Rx,0,8,10,27,00,00,00,00,00,00,
755000,00000057,false,Rx,0,8,00,00,FE,FF,FE,FF,00,00,
784000,00000625,false,Rx,0,8,25,00,59,86,01,54,5C,06,
0,000002C4,false,Rx,0,8,09,20,00,00,D5,02,00,00,
0,000002C5,false,Rx,0,8,00,00,00,00,00,00,00,00,
835000,000002C6,false,Rx,0,8,32,00,7C,01,00,00,00,00,
845000,0000060D,false,Rx,0,8,0D,10,83,B6,09,20,70,00,
883000,00000625,false,Rx,0,8,25,00,59,86,01,54,5C,06,
945000,0000060D,false,Rx,0,8,0D,10,83,B6,09,20,70,00,
0,00000054,false,Rx,0,8,01,05,EF,00,D5,02,00,00,
0,00000055,false,Rx,0,8,10,27,00,00,00,00,00,00,
0,00000056,false,Rx,0,8,10,27,00,00,00,00,00,00,
0,00000057,false,Rx,0,8,00,00,FE,FF,FE,FF,00,00,
984000,00000625,false,Rx,0,8,25,00,59,86,01,54,5C,06,
44000,0000060D,false,Rx,0,8,0D,10,83,B6,09,20,70,00,
55000,000002C4,false,Rx,0,8,09,20,00,00,D5,02,00,00,
55000,000002C5,false,Rx,0,8,00,00,00,00,00,00,00,00,
56000,000002C6,false,Rx,0,8,32,00,7C,01,00,00,00,00,
84000,00000625,false,Rx,0,8,25,00,59,86,01,54,5C,06,
144000,0000060D,false,Rx,0,8,0D,10,83,B6,09,20,70,00,
155000,00000054,false,Rx,0,8,01,05,EF,00,D5,02,00,00,
155000,00000055,false,Rx,0,8,10,27,00,00,00,00,00,00,
155000,00000056,false,Rx,0,8,10,27,00,00,00,00,00,00,
155000,00000057,false,Rx,0,8,00,00,FE,FF,FE,FF,00,00,
184000,00000625,false,Rx,0,8,25,00,59,86,01,54,5C,06,
244000,0000060D,false,Rx,0,8,0D,10,83,B6,09,20,70,00,
275000,000002C4,false,Rx,0,8,09,20,00,00,D5,02,00,00,
275000,000002C5,false,Rx,0,8,00,00,00,00,00,00,00,00,
276000,000002C6,false,Rx,0,8,32,00,7C,01,00,00,00,00,
284000,00000625,false,Rx,0,8,25,00,59,86,01,54,5C,06,
345000,0000060D,false,Rx,0,8,0D,10,83,B6,09,20,70,00,
0,00000054,false,Rx,0,8,01,05,EF,00,D5,02,00,00,
0,00000055,false,Rx,0,8,10,27,00,00,00,00,00,00,
354000,00000056,false,Rx,0,8,10,27,00,00,00,00,00,00,
355000,00000057,false,Rx,0,8,00,00,FE,FF,FE,FF,00,00,
384000,00000625,false,Rx,0,8,25,00,59,86,01,54,5C,06,
445000,0000060D,false,Rx,0,8,0D,10,83,B6,09,20,70,00,
484000,00000625,false,Rx,0,8,25,00,59,86,01,54,5C,06,
495000,000002C4,false,Rx,0,8,09,20,00,00,D5,02,00,00,
495000,000002C5,false,Rx,0,8,00,00,00,00,00,00,00,00,
495000,000002C6,false,Rx,0,8,32,00,7C,01,00,00,00,00,
545000,0000060D,false,Rx,0,8,0D,10,83,B6,09,20,70,00,
554000,00000054,false,Rx,0,8,01,05,EF,00,D5,02,00,00,
554000,00000055,false,Rx,0,8,10,27,00,00,00,00,00,00,
0,00000056,false,Rx,0,8,10,27,00,00,00,00,00,00,
0,00000057,false,Rx,0,8,00,00,FE,FF,FE,FF,00,00,
584000,00000625,false,Rx,0,8,25,00,59,86,01,54,5C,06,
645000,0000060D,false,Rx,0,8,0D,10,83,B6,09,20,70,00,
684000,00000625,false,Rx,0,8,25,00,59,86,01,54,5C,06,
0,000002C4,false,Rx,0,8,09,20,00,00,D5,02,00,00,
0,000002C5,false,Rx,0,8,00,00,00,00,00,00,00,00,
715000,000002C6,false,Rx,0,8,32,00,7C,01,00,00,00,00,
745000,0000060D,false,Rx,0,8,0D,10,83,B6,09,20,70,00,
0,00000054,false,Rx,0,8,01,05,EF,00,D5,02,00,00,
0,00000055,false,Rx,0,8,10,27,00,00,00,00,00,00,
0,00000056,false,Rx,0,8,10,27,00,00,00,00,00,00,
0,00000057,false,Rx,0,8,00,00,FE,FF,FE,FF,00,00,
784000,00000625,false,Rx,0,8,25,00,59,86,01,54,5C,06,
845000,0000060D,false,Rx,0,8,0D,10,83,B6,09,20,70,00,
884000,00000625,false,Rx,0,8,25,00,59,86,01,54,5C,06,
935000,000002C4,false,Rx,0,8,09,20,00,00,D5,02,00,00,
935000,000002C5,false,Rx,0,8,00,00,00,00,00,00,00,00,
935000,000002C6,false,Rx,0,8,32,00,7C,01,00,00,00,00,
945000,0000060D,false,Rx,0,8,0D,10,83,B6,09,20,70,00,
954000,00000054,false,Rx,0,8,01,05,EF,00,D5,02,00,00,
954000,00000055,false,Rx,0,8,10,27,00,00,00,00,00,00,
954000,00000056,false,Rx,0,8,10,27,00,00,00,00,00,00,
955000,00000057,false,Rx,0,8,00,00,FE,FF,FE,FF,00,00,
984000,00000625,false,Rx,0,8,25,00,59,86,01,54,5C,06,
45000,0000060D,false,Rx,0,8,0D,10,83,B6,09,20,70,00,
84000,00000625,false,Rx,0,8,25,00,59,86,01,54,5C,06,
145000,0000060D,false,Rx,0,8,0D,10,83,B6,09,20,70,00,
154000,00000054,false,Rx,0,8,01,05,EF,00,D5,02,00,00,
154000,00000055,false,Rx,0,8,10,27,00,00,00,00,00,00,
154000,00000056,false,Rx,0,8,10,27,00,00,00,00,00,00,
155000,000002C4,false,Rx,0,8,09,20,00,00,D5,02,00,00,
155000,00000057,false,Rx,0,8,00,00,FE,FF,FE,FF,00,00,
0,000002C5,false,Rx,0,8,00,00,00,00,00,00,00,00,
0,000002C6,false,Rx,0,8,32,00,7C,01,00,00,00,00,
184000,00000625,false,Rx,0,8,25,00,59,86,01,54,5C,06,
244000,0000060D,false,Rx,0,8,0D,10,83,B6,09,20,70,00,
283000,00000625,false,Rx,0,8,25,00,59,86,01,54,5C,06,
344000,0000060D,false,Rx,0,8,0D,10,83,B6,09,20,70,00,
355000,00000054,false,Rx,0,8,01,05,EF,00,D5,02,00,00,
355000,00000055,false,Rx,0,8,10,27,00,00,00,00,00,00,
355000,00000056,false,Rx,0,8,10,27,00,00,00,00,00,00,
355000,00000057,false,Rx,0,8,00,00,FE,FF,FE,FF,00,00,
375000,000002C4,false,Rx,0,8,09,20,00,00,D5,02,00,00,
376000,000002C5,false,Rx,0,8,00,00,00,00,00,00,00,00,
376000,000002C6,false,Rx,0,8,32,00,7C,01,00,00,00,00,
384000,00000625,false,Rx,0,8,25,00,59,86,01,54,5C,06,
444000,0000060D,false,Rx,0,8,0D,10,83,B6,09,20,70,00,
484000,00000625,false,Rx,0,8,25,00,59,86,01,54,5C,06,
545000,0000060D,false,Rx,0,8,0D,10,83,B6,09,20,70,00,
0,00000054,false,Rx,0,8,01,05,EF,00,D5,02,00,00,
0,00000055,false,Rx,0,8,10,27,00,00,00,00,00,00,
555000,00000056,false,Rx,0,8,10,27,00,00,00,00,00,00,
555000,00000057,false,Rx,0,8,00,00,FE,FF,FE,FF,00,00,
584000,00000625,false,Rx,0,8,25,00,59,86,01,54,5C,06,
0,000002C4,false,Rx,0,8,09,20,00,00,D5,02,00,00,
0,000002C5,false,Rx,0,8,00,00,00,00,00,00,00,00,
595000,000002C6,false,Rx,0,8,32,00,7C,01,00,00,00,00,
645000,0000060D,false,Rx,0,8,0D,10,83,B6,09,20,70,00,
684000,00000625,false,Rx,0,8,25,00,59,86,01,54,5C,06,
745000,0000060D,false,Rx,0,8,0D,10,83,B6,09,20,70,00,
754000,00000054,false,Rx,0,8,01,05,EF,00,D5,02,00,00,
755000,00000055,false,Rx,0,8,10,27,00,00,00,00,00,00,
755000,00000056,false,Rx,0,8,10,27,00,00,00,00,00,00,
755000,00000057,false,Rx,0,8,00,00,FE,FF,FE,FF,00,00,
784000,00000625,false,Rx,0,8,25,00,59,86,01,54,5C,06,
814000,000002C4,false,Rx,0,8,09,20,00,00,D5,02,00,00,
815000,000002C5,false,Rx,0,8,00,00,00,00,00,00,00,00,
816000,000002C6,false,Rx,0,8,32,00,7C,01,00,00,00,00,
845000,0000060D,false,Rx,0,8,0D,10,83,B6,09,20,70,00,
883000,00000625,false,Rx,0,8,25,00,59,86,01,54,5C,06,
945000,0000060D,false,Rx,0,8,0D,10,83,B6,09,20,70,00,
954000,00000054,false,Rx,0,8,01,05,EF,00,D5,02,00,00,
955000,00000055,false,Rx,0,8,10,27,00,00,00,00,00,00,
955000,00000056,false,Rx,0,8,10,27,00,00,00,00,00,00,
955000,00000057,false,Rx,0,8,00,00,FE,FF,FE,FF,00,00,
984000,00000625,false,Rx,0,8,25,00,59,86,01,54,5C,06,
35000,000002C4,false,Rx,0,8,09,20,00,00,D5,02,00,00,
0,000002C5,false,Rx,0,8,00,00,00,00,00,00,00,00,
0,000002C6,false,Rx,0,8,32,00,7C,01,00,00,00,00,
45000,0000060D,false,Rx,0,8,0D,10,83,B6,09,20,70,00,
84000,00000625,false,Rx,0,8,25,00,59,86,01,54,5C,06,
145000,0000060D,false,Rx,0,8,0D,10,83,B6,09,20,70,00,
154000,00000054,false,Rx,0,8,01,05,EF,00,D5,02,00,00,
155000,00000055,false,Rx,0,8,10,27,00,00,00,00,00,00,
155000,00000056,false,Rx,0,8,10,27,00,00,00,00,00,00,
155000,00000057,false,Rx,0,8,00,00,FE,FF,FE,FF,00,00,
184000,00000625,false,Rx,0,8,25,00,59,86,01,54,5C,06,
245000,0000060D,false,Rx,0,8,0D,10,83,B6,09,20,70,00,
0,000002C4,false,Rx,0,8,09,20,00,00,D5,02,00,00,
0,000002C5,false,Rx,0,8,00,00,00,00,00,00,00,00,
256000,000002C6,false,Rx,0,8,32,00,7C,01,00,00,00,00,
284000,00000625,false,Rx,0,8,25,00,59,86,01,54,5C,06,
344000,0000060D,false,Rx,0,8,0D,10,83,B6,09,20,70,00,
354000,00000054,false,Rx,0,8,01,05,EF,00,D5,02,00,00,
355000,00000055,false,Rx,0,8,10,27,00,00,00,00,00,00,
355000,00000056,false,Rx,0,8,10,27,00,00,00,00,00,00,
355000,00000057,false,Rx,0,8,00,00,FE,FF,FE,FF,00,00,
383000,00000625,false,Rx,0,8,25,00,59,86,01,54,5C,06,
445000,0000060D,false,Rx,0,8,0D,10,83,B6,09,20,70,00,
474000,000002C4,false,Rx,0,8,09,20,00,00,D5,02,00,00,
475000,000002C5,false,Rx,0,8,00,00,00,00,00,00,00,00,
475000,000002C6,false,Rx,0,8,32,00,7C,01,00,00,00,00,
484000,00000625,false,Rx,0,8,25,00,59,86,01,54,5C,06,
545000,0000060D,false,Rx,0,8,0D,10,83,B6,09,20,70,00,
554000,00000054,false,Rx,0,8,01,05,EF,00,D5,02,00,00,
554000,00000055,false,Rx,0,8,10,27,00,00,00,00,00,00,
554000,00000056,false,Rx,0,8,10,27,00,00,00,00,00,00,
555000,00000057,false,Rx,0,8,00,00,FE,FF,FE,FF,00,00,
584000,00000625,false,Rx,0,8,25,00,59,86,01,54,5C,06,
645000,0000060D,false,Rx,0,8,0D,10,83,B6,09,20,70,00,
684000,00000625,false,Rx,0,8,25,00,59,86,01,54,5C,06,
695000,000002C4,false,Rx,0,8,09,20,00,00,D5,02,00,00,
695000,000002C5,false,Rx,0,8,00,00,00,00,00,00,00,00,
695000,000002C6,false,Rx,0,8,32,00,7C,01,00,00,00,00,
745000,0000060D,false,Rx,0,8,0D,10,83,B6,09,20,70,00,
0,00000054,false,Rx,0,8,01,05,EF,00,D5,02,00,00,
0,00000055,false,Rx,0,8,10,27,00,00,00,00,00,00,
755000,00000056,false,Rx,0,8,10,27,00,00,00,00,00,00,
755000,00000057,false,Rx,0,8,00,00,FE,FF,FE,FF,00,00,
783000,00000625,false,Rx,0,8,25,00,59,86,01,54,5C,06,
845000,0000060D,false,Rx,0,8,0D,10,83,B6,09,20,70,00,
884000,00000625,false,Rx,0,8,25,00,59,86,01,54,5C,06,
0,000002C4,false,Rx,0,8,09,20,00,00,D5,02,00,00,
0,000002C5,false,Rx,0,8,00,00,00,00,00,00,00,00,
916000,000002C6,false,Rx,0,8,32,00,7C,01,00,00,00,00,
945000,0000060D,false,Rx,0,8,0D,10,83,B6,09,20,70,00,
0,00000054,false,Rx,0,8,01,05,EF,00,D5,02,00,00,
0,00000055,false,Rx,0,8,10,27,00,00,00,00,00,00,
954000,00000056,false,Rx,0,8,10,27,00,00,00,00,00,00,
955000,00000057,false,Rx,0,8,00,00,FE,FF,FE,FF,00,00,
984000,00000625,false,Rx,0,8,25,00,59,86,01,54,5C,06,
44000,0000060D,false,Rx,0,8,0D,10,83,B6,09,20,70,00,
84000,00000625,false,Rx,0,8,25,00,59,86,01,54,5C,06,
134000,000002C4,false,Rx,0,8,09,20,00,00,D5,02,00,00,
135000,000002C5,false,Rx,0,8,00,00,00,00,00,00,00,00,
135000,000002C6,false,Rx,0,8,32,00,7C,01,00,00,00,00,
145000,0000060D,false,Rx,0,8,0D,10,83,B6,09,20,70,00,
154000,00000054,false,Rx,0,8,01,05,EF,00,D5,02,00,00,
155000,00000055,false,Rx,0,8,10,27,00,00,00,00,00,00,
0,00000056,false,Rx,0,8,10,27,00,00,00,00,00,00,
0,00000057,false,Rx,0,8,00,00,FE,FF,FE,FF,00,00,
184000,00000625,false,Rx,0,8,25,00,59,86,01,54,5C,06,
245000,0000060D,false,Rx,0,8,0D,10,83,B6,09,20,70,00,
283000,00000625,false,Rx,0,8,25,00,59,86,01,54,5C,06,
345000,0000060D,false,Rx,0,8,0D,10,83,B6,09,20,70,00,
354000,00000054,false,Rx,0,8,01,05,EF,00,D5,02,00,00,
355000,00000055,false,Rx,0,8,10,27,00,00,00,00,00,00,
355000,00000056,false,Rx,0,8,10,27,00,00,00,00,00,00,
355000,000002C4,false,Rx,0,8,09,20,00,00,D5,02,00,00,
355000,00000057,false,Rx,0,8,00,00,FE,FF,FE,FF,00,00,
356000,000002C5,false,Rx,0,8,00,00,00,00,00,00,00,00,
356000,000002C6,false,Rx,0,8,32,00,7C,01,00,00,00,00,
383000,00000625,false,Rx,0,8,25,00,59,86,01,54,5C,06,
445000,0000060D,false,Rx,0,8,0D,10,83,B6,09,20,70,00,
485000,00000625,false,Rx,0,8,25,00,59,86,01,54,5C,06,
545000,0000060D,false,Rx,0,8,0D,10,83,B6,09,20,70,00,
554000,00000054,false,Rx,0,8,01,05,EF,00,D5,02,00,00,
554000,00000055,false,Rx,0,8,10,27,00,00,00,00,00,00,
554000,00000056,false,Rx,0,8,10,27,00,00,00,00,00,00,
555000,00000057,false,Rx,0,8,00,00,FE,FF,FE,FF,00,00,
574000,000002C4,false,Rx,0,8,09,20,00,00,D5,02,00,00,
575000,000002C5,false,Rx,0,8,00,00,00,00,00,00,00,00,
575000,000002C6,false,Rx,0,8,32,00,7C,01,00,00,00,00,
584000,00000625,false,Rx,0,8,25,00,59,86,01,54,5C,06,
645000,0000060D,false,Rx,0,8,0D,10,83,B6,09,20,70,00,
684000,00000625,false,Rx,0,8,25,00,59,86,01,54,5C,06,
744000,0000060D,false,Rx,0,8,0D,10,83,B6,09,20,70,00,
754000,00000054,false,Rx,0,8,01,05,EF,00,D5,02,00,00,
755000,00000055,false,Rx,0,8,10,27,00,00,00,00,00,00,
755000,00000056,false,Rx,0,8,10,27,00,00,00,00,00,00,
755000,00000057,false,Rx,0,8,00,00,FE,FF,FE,FF,00,00,
784000,00000625,false,Rx,0,8,25,00,59,86,01,54,5C,06,
794000,000002C4,false,Rx,0,8,09,20,00,00,D5,02,00,00,
795000,000002C5,false,Rx,0,8,00,00,00,00,00,00,00,00,
795000,000002C6,false,Rx,0,8,32,00,7C,01,00,00,00,00,
845000,0000060D,false,Rx,0,8,0D,10,83,B6,09,20,70,00,
884000,00000625,false,Rx,0,8,25,00,59,86,01,54,5C,06,
945000,0000060D,false,Rx,0,8,0D,10,83,B6,09,20,70,00,
0,00000054,false,Rx,0,8,01,05,EF,00,D5,02,00,00,
0,00000055,false,Rx,0,8,10,27,00,00,00,00,00,00,
0,00000056,false,Rx,0,8,10,27,00,00,00,00,00,00,
956000,00000057,false,Rx,0,8,00,00,FE,FF,FE,FF,00,00,
985000,00000625,false,Rx,0,8,25,00,59,86,01,54,5C,06,
0,000002C4,false,Rx,0,8,09,20,00,00,D5,02,00,00,
0,000002C5,false,Rx,0,8,00,00,00,00,00,00,00,00,
15000,000002C6,false,Rx,0,8,32,00,7C,01,00,00,00,00,
44000,0000060D,false,Rx,0,8,0D,10,83,B6,09,20,70,00,
84000,00000625,false,Rx,0,8,25,00,59,86,01,54,5C,06,
145000,0000060D,false,Rx,0,8,0D,10,83,B6,09,20,70,00,
0,00000054,false,Rx,0,8,01,05,EF,00,D5,02,00,00,
0,00000055,false,Rx,0,8,10,27,00,00,00,00,00,00,
155000,00000056,false,Rx,0,8,10,27,00,00,00,00,00,00,
155000,00000057,false,Rx,0,8,00,00,FE,FF,FE,FF,00,00,
184000,00000625,false,Rx,0,8,25,00,59,86,01,54,5C,06,
0,000002C4,false,Rx,0,8,09,20,00,00,D5,02,00,00,
0,000002C5,false,Rx,0,8,00,00,00,00,00,00,00,00,
235000,000002C6,false,Rx,0,8,32,00,7C,01,00,00,00,00,
245000,0000060D,false,Rx,0,8,0D,10,83,B6,09,20,70,00,
284000,00000625,false,Rx,0,8,25,00,59,86,01,54,5C,06,
345000,0000060D,false,Rx,0,8,0D,10,83,B6,09,20,70,00,
354000,00000054,false,Rx,0,8,01,05,EF,00,D5,02,00,00,
354000,00000055,false,Rx,0,8,10,27,00,00,00,00,00,00,
354000,00000056,false,Rx,0,8,10,27,00,00,00,00,00,00,
354000,00000057,false,Rx,0,8,00,00,FE,FF,FE,FF,00,00,
384000,00000625,false,Rx,0,8,25,00,59,86,01,54,5C,06,
445000,0000060D,false,Rx,0,8,0D,10,83,B6,09,20,70,00,
454000,000002C4,false,Rx,0,8,09,20,00,00,D5,02,00,00,
455000,000002C5,false,Rx,0,8,00,00,00,00,00,00,00,00,
455000,000002C6,false,Rx,0,8,32,00,7C,01,00,00,00,00,
484000,00000625,false,Rx,0,8,25,00,59,86,01,54,5C,06,
545000,0000060D,false,Rx,0,8,0D,10,83,B6,09,20,70,00,
554000,00000054,false,Rx,0,8,01,05,EF,00,D5,02,00,00,
554000,00000055,false,Rx,0,8,10,27,00,00,00,00,00,00,
555000,00000056,false,Rx,0,8,10,27,00,00,00,00,00,00,
555000,00000057,false,Rx,0,8,00,00,FE,FF,FE,FF,00,00,
584000,00000625,false,Rx,0,8,25,00,59,86,01,54,5C,06,
644000,0000060D,false,Rx,0,8,0D,10,83,B6,09,20,70,00,
675000,000002C4,false,Rx,0,8,09,20,00,00,D5,02,00,00,
675000,000002C5,false,Rx,0,8,00,00,00,00,00,00,00,00,
675000,000002C6,false,Rx,0,8,32,00,7C,01,00,00,00,00,
684000,00000625,false,Rx,0,8,25,00,59,86,01,54,5C,06,
745000,0000060D,false,Rx,0,8,0D,10,83,B6,09,20,70,00,
754000,00000054,false,Rx,0,8,01,05,EF,00,D5,02,00,00,
754000,00000055,false,Rx,0,8,10,27,00,00,00,00,00,00,
754000,00000056,false,Rx,0,8,10,27,00,00,00,00,00,00,
755000,00000057,false,Rx,0,8,00,00,FE,FF,FE,FF,00,00,
784000,00000625,false,Rx,0,8,25,00,59,86,01,54,5C,06,
845000,0000060D,false,Rx,0,8,0D,10,83,B6,09,20,70,00,
884000,00000625,false,Rx,0,8,25,00,59,86,01,54,5C,06,
895000,000002C4,false,Rx,0,8,09,20,00,00,D5,02,00,00,
895000,000002C5,false,Rx,0,8,00,00,00,00,00,00,00,00,
896000,000002C6,false,Rx,0,8,32,00,7C,01,00,00,00,00,
944000,0000060D,false,Rx,0,8,0D,10,83,B6,09,20,70,00,
954000,00000054,false,Rx,0,8,01,05,EF,00,D5,02,00,00,
954000,00000055,false,Rx,0,8,10,27,00,00,00,00,00,00,
955000,00000056,false,Rx,0,8,10,27,00,00,00,00,00,00,
955000,00000057,false,Rx,0,8,00,00,FE,FF,FE,FF,00,00,
985000,00000625,false,Rx,0,8,25,00,59,86,01,54,5C,06,
45000,0000060D,false,Rx,0,8,0D,10,83,B6,09,20,70,00,
84000,00000625,false,Rx,0,8,25,00,59,86,01,54,5C,06,
115000,000002C4,false,Rx,0,8,09,20,00,00,D5,02,00,00,
115000,000002C5,false,Rx,0,8,00,00,00,00,00,00,00,00,
116000,000002C6,false,Rx,0,8,32,00,7C,01,00,00,00,00,
144000,0000060D,false,Rx,0,8,0D,10,83,B6,09,20,70,00,
155000,00000054,false,Rx,0,8,01,05,EF,00,D5,02,00,00,
155000,00000055,false,Rx,0,8,10,27,00,00,00,00,00,00,
155000,00000056,false,Rx,0,8,10,27,00,00,00,00,00,00,
155000,00000057,false,Rx,0,8,00,00,FE,FF,FE,FF,00,00,
184000,00000625,false,Rx,0,8,25,00,59,86,01,54,5C,06,
244000,0000060D,false,Rx,0,8,0D,10,83,B6,09,20,70,00,
284000,00000625,false,Rx,0,8,25,00,59,86,01,54,5C,06,
335000,000002C4,false,Rx,0,8,09,20,00,00,D5,02,00,00,
335000,000002C5,false,Rx,0,8,00,00,00,00,00,00,00,00,
336000,000002C6,false,Rx,0,8,32,00,7C,01,00,00,00,00,
344000,0000060D,false,Rx,0,8,0D,10,83,B6,09,20,70,00,
0,00000054,false,Rx,0,8,01,05,EF,00,D5,02,00,00,
0,00000055,false,Rx,0,8,10,27,00,00,00,00,00,00,
0,00000056,false,Rx,0,8,10,27,00,00,00,00,00,00,
355000,00000057,false,Rx,0,8,00,00,FE,FF,FE,FF,00,00,
385000,00000625,false,Rx,0,8,25,00,59,86,01,54,5C,06,
445000,0000060D,false,Rx,0,8,0D,10,83,B6,09,20,70,00,
484000,00000625,false,Rx,0,8,25,00,59,86,01,54,5C,06,
545000,0000060D,false,Rx,0,8,0D,10,83,B6,09,20,70,00,
0,00000054,false,Rx,0,8,01,05,EF,00,D5,02,00,00,
0,00000055,false,Rx,0,8,10,27,00,00,00,00,00,00,
554000,00000056,false,Rx,0,8,10,27,00,00,00,00,00,00,
554000,000002C4,false,Rx,0,8,09,20,00,00,D5,02,00,00,
555000,00000057,false,Rx,0,8,00,00,FE,FF,FE,FF,00,00,
555000,000002C5,false,Rx,0,8,00,00,00,00,00,00,00,00,
556000,000002C6,false,Rx,0,8,32,00,7C,01,00,00,00,00,
584000,00000625,false,Rx,0,8,25,00,59,86,01,54,5C,06,
645000,0000060D,false,Rx,0,8,0D,10,83,B6,09,20,70,00,
684000,00000625,false,Rx,0,8,25,00,59,86,01,54,5C,06,
746000,0000060D,false,Rx,0,8,0D,10,83,B6,09,20,70,00,
754000,00000054,false,Rx,0,8,01,05,EF,00,D5,02,00,00,
0,00000055,false,Rx,0,8,10,27,00,00,00,00,00,00,
0,00000056,false,Rx,0,8,10,27,00,00,00,00,00,00,
755000,00000057,false,Rx,0,8,00,00,FE,FF,FE,FF,00,00,
0,000002C4,false,Rx,0,8,09,20,00,00,D5,02,00,00,
0,000002C5,false,Rx,0,8,00,00,00,00,00,00,00,00,
775000,000002C6,false,Rx,0,8,32,00,7C,01,00,00,00,00,
784000,00000625,false,Rx,0,8,25,00,59,86,01,54,5C,06,
845000,0000060D,false,Rx,0,8,0D,10,83,B6,09,20,70,00,
885000,00000625,false,Rx,0,8,25,00,59,86,01,54,5C,06,
944000,0000060D,false,Rx,0,8,0D,10,83,B6,09,20,70,00,
0,00000054,false,Rx,0,8,01,05,EF,00,D5,02,00,00,
0,00000055,false,Rx,0,8,10,27,00,00,00,00,00,00,
0,00000056,false,Rx,0,8,10,27,00,00,00,00,00,00,
955000,00000057,false,Rx,0,8,00,00,FE,FF,FE,FF,00,00,
984000,00000625,false,Rx,0,8,25,00,59,86,01,54,5C,06,
995000,000002C4,false,Rx,0,8,09,20,00,00,D5,02,00,00,
995000,000002C5,false,Rx,0,8,00,00,00,00,00,00,00,00,
995000,000002C6,false,Rx,0,8,32,00,7C,01,00,00,00,00,
44000,0000060D,false,Rx,0,8,0D,10,83,B6,09,20,70,00,
84000,00000625,false,Rx,0,8,25,00,59,86,01,54,5C,06,
144000,0000060D,false,Rx,0,8,0D,10,83,B6,09,20,70,00,
155000,00000054,false,Rx,0,8,01,05,EF,00,D5,02,00,00,
155000,00000055,false,Rx,0,8,10,27,00,00,00,00,00,00,
155000,00000056,false,Rx,0,8,10,27,00,00,00,00,00,00,
155000,00000057,false,Rx,0,8,00,00,FE,FF,FE,FF,00,00,
184000,00000625,false,Rx,0,8,25,00,59,86,01,54,5C,06,
215000,000002C4,false,Rx,0,8,09,20,00,00,D5,02,00,00,
216000,000002C5,false,Rx,0,8,00,00,00,00,00,00,00,00,
216000,000002C6,false,Rx,0,8,32,00,7C,01,00,00,00,00,
244000,0000060D,false,Rx,0,8,0D,10,83,B6,09,20,70,00,
284000,00000625,false,Rx,0,8,25,00,59,86,01,54,5C,06,
345000,0000060D,false,Rx,0,8,0D,10,83,B6,09,20,70,00,
0,00000054,false,Rx,0,8,01,05,EF,00,D5,02,00,00,
0,00000055,false,Rx,0,8,10,27,00,00,00,00,00,00,
355000,00000056,false,Rx,0,8,10,27,00,00,00,00,00,00,
355000,00000057,false,Rx,0,8,00,00,FE,FF,FE,FF,00,00,
384000,00000625,false,Rx,0,8,25,00,59,86,01,54,5C,06,
435000,000002C4,false,Rx,0,8,09,20,00,00,D5,02,00,00,
435000,000002C5,false,Rx,0,8,00,00,00,00,00,00,00,00,
435000,000002C6,false,Rx,0,8,32,00,7C,01,00,00,00,00,
445000,0000060D,false,Rx,0,8,0D,10,83,B6,09,20,70,00,
484000,00000625,false,Rx,0,8,25,00,59,86,01,54,5C,06,
545000,0000060D,false,Rx,0,8,0D,10,83,B6,09,20,70,00,
0,00000054,false,Rx,0,8,01,05,EF,00,D5,02,00,00,
0,00000055,false,Rx,0,8,10,27,00,00,00,00,00,00,
554000,00000056,false,Rx,0,8,10,27,00,00,00,00,00,00,
555000,00000057,false,Rx,0,8,00,00,FE,FF,FE,FF,00,00,
584000,00000625,false,Rx,0,8,25,00,59,86,01,54,5C,06,
645000,0000060D,false,Rx,0,8,0D,10,83,B6,09,20,70,00,
655000,000002C4,false,Rx,0,8,09,20,00,00,D5,02,00,00,
656000,000002C5,false,Rx,0,8,00,00,00,00,00,00,00,00,
656000,000002C6,false,Rx,0,8,32,00,7C,01,00,00,00,00,
684000,00000625,false,Rx,0,8,25,00,59,86,01,54,5C,06,
744000,0000060D,false,Rx,0,8,0D,10,83,B6,09,20,70,00,
754000,00000054,false,Rx,0,8,01,05,EF,00,D5,02,00,00,
755000,00000055,false,Rx,0,8,10,27,00,00,00,00,00,00,
755000,00000056,false,Rx,0,8,10,27,00,00,00,00,00,00,
755000,00000057,false,Rx,0,8,00,00,FE,FF,FE,FF,00,00,
784000,00000625,false,Rx,0,8,25,00,59,86,01,54,5C,06,
844000,0000060D,false,Rx,0,8,0D,10,83,B6,09,20,70,00,
875000,000002C4,false,Rx,0,8,09,20,00,00,D5,02,00,00,
875000,000002C5,false,Rx,0,8,00,00,00,00,00,00,00,00,
876000,000002C6,false,Rx,0,8,32,00,7C,01,00,00,00,00,
884000,00000625,false,Rx,0,8,25,00,59,86,01,54,5C,06,
945000,0000060D,false,Rx,0,8,0D,10,83,B6,09,20,70,00,
0,00000054,false,Rx,0,8,01,05,EF,00,D5,02,00,00,
0,00000055,false,Rx,0,8,10,27,00,00,00,00,00,00,
0,00000056,false,Rx,0,8,10,27,00,00,00,00,00,00,
0,00000057,false,Rx,0,8,00,00,FE,FF,FE,FF,00,00,
984000,00000625,false,Rx,0,8,25,00,59,86,01,54,5C,06,
44000,0000060D,false,Rx,0,8,0D,10,83,B6,09,20,70,00,
85000,00000625,false,Rx,0,8,25,00,59,86,01,54,5C,06,
95000,000002C4,false,Rx,0,8,09,20,00,00,D5,02,00,00,
95000,000002C5,false,Rx,0,8,00,00,00,00,00,00,00,00,
95000,000002C6,false,Rx,0,8,32,00,7C,01,00,00,00,00,
144000,0000060D,false,Rx,0,8,0D,10,83,B6,09,20,70,00,
154000,00000054,false,Rx,0,8,01,05,EF,00,D5,02,00,00,
155000,00000055,false,Rx,0,8,10,27,00,00,00,00,00,00,
155000,00000056,false,Rx,0,8,10,27,00,00,00,00,00,00,
155000,00000057,false,Rx,0,8,00,00,FE,FF,FE,FF,00,00,
184000,00000625,false,Rx,0,8,25,00,59,86,01,54,5C,06,
244000,0000060D,false,Rx,0,8,0D,10,83,B6,09,20,70,00,
284000,00000625,false,Rx,0,8,25,00,59,86,01,54,5C,06,
315000,000002C4,false,Rx,0,8,09,20,00,00,D5,02,00,00,
315000,000002C5,false,Rx,0,8,00,00,00,00,00,00,00,00,
315000,000002C6,false,Rx,0,8,32,00,7C,01,00,00,00,00,
345000,0000060D,false,Rx,0,8,0D,10,83,B6,09,20,70,00,
0,00000054,false,Rx,0,8,01,05,EF,00,D5,02,00,00,
0,00000055,false,Rx,0,8,10,27,00,00,00,00,00,00,
355000,00000056,false,Rx,0,8,10,27,00,00,00,00,00,00,
355000,00000057,false,Rx,0,8,00,00,FE,FF,FE,FF,00,00,
384000,00000625,false,Rx,0,8,25,00,59,86,01,54,5C,06,
445000,0000060D,false,Rx,0,8,0D,10,83,B6,09,20,70,00,
484000,00000625,false,Rx,0,8,25,00,59,86,01,54,5C,06,
535000,000002C4,false,Rx,0,8,09,20,00,00,D5,02,00,00,
535000,000002C5,false,Rx,0,8,00,00,00,00,00,00,00,00,
535000,000002C6,false,Rx,0,8,32,00,7C,01,00,00,00,00,
544000,0000060D,false,Rx,0,8,0D,10,83,B6,09,20,70,00,
554000,00000054,false,Rx,0,8,01,05,EF,00,D5,02,00,00,
554000,00000055,false,Rx,0,8,10,27,00,00,00,00,00,00,
554000,00000056,false,Rx,0,8,10,27,00,00,00,00,00,00,
554000,00000057,false,Rx,0,8,00,00,FE,FF,FE,FF,00,00,
584000,00000625,false,Rx,0,8,25,00,59,86,01,54,5C,06,
645000,0000060D,false,Rx,0,8,0D,10,83,B6,09,20,70,00,
684000,00000625,false,Rx,0,8,25,00,59,86,01,54,5C,06,
745000,0000060D,false,Rx,0,8,0D,10,83,B6,09,20,70,00,
755000,00000054,false,Rx,0,8,01,05,EF,00,D5,02,00,00,
755000,00000055,false,Rx,0,8,10,27,00,00,00,00,00,00,
755000,00000056,false,Rx,0,8,10,27,00,00,00,00,00,00,
755000,00000057,false,Rx,0,8,00,00,FE,FF,FE,FF,00,00,
756000,000002C4,false,Rx,0,8,09,20,00,00,D5,02,00,00,
756000,000002C5,false,Rx,0,8,00,00,00,00,00,00,00,00,
756000,000002C6,false,Rx,0,8,32,00,7C,01,00,00,00,00,
784000,00000625,false,Rx,0,8,25,00,59,86,01,54,5C,06,
844000,0000060D,false,Rx,0,8,0D,10,83,B6,09,20,70,00,
884000,00000625,false,Rx,0,8,25,00,59,86,01,54,5C,06,
944000,0000060D,false,Rx,0,8,0D,10,83,B6,09,20,70,00,
0,00000054,false,Rx,0,8,01,05,EF,00,D5,02,00,00,
0,00000055,false,Rx,0,8,10,27,00,00,00,00,00,00,
955000,00000056,false,Rx,0,8,10,27,00,00,00,00,00,00,
955000,00000057,false,Rx,0,8,00,00,FE,FF,FE,FF,00,00,
0,000002C4,false,Rx,0,8,09,20,00,00,D5,02,00,00,
0,000002C5,false,Rx,0,8,00,00,00,00,00,00,00,00,
0,000002C6,false,Rx,0,8,32,00,7C,01,00,00,00,00,
984000,00000625,false,Rx,0,8,25,00,59,86,01,54,5C,06,
45000,0000060D,false,Rx,0,8,0D,10,83,B6,09,20,70,00,
84000,00000625,false,Rx,0,8,25,00,59,86,01,54,5C,06,
145000,0000060D,false,Rx,0,8,0D,10,83,B6,09,20,70,00,
155000,00000054,false,Rx,0,8,01,05,EF,00,D5,02,00,00,
155000,00000055,false,Rx,0,8,10,27,00,00,00,00,00,00,
155000,00000056,false,Rx,0,8,10,27,00,00,00,00,00,00,
155000,00000057,false,Rx,0,8,00,00,FE,FF,FE,FF,00,00,
184000,00000625,false,Rx,0,8,25,00,59,86,01,54,5C,06,
0,000002C4,false,Rx,0,8,09,20,00,00,D5,02,00,00,
0,000002C5,false,Rx,0,8,00,00,00,00,00,00,00,00,
197000,000002C6,false,Rx,0,8,32,00,7C,01,00,00,00,00,
245000,0000060D,false,Rx,0,8,0D,10,83,B6,09,20,70,00,
284000,00000625,false,Rx,0,8,25,00,59,86,01,54,5C,06,
345000,0000060D,false,Rx,0,8,0D,10,83,B6,09,20,70,00,
0,00000054,false,Rx,0,8,01,05,EF,00,D5,02,00,00,
0,00000055,false,Rx,0,8,10,27,00,00,00,00,00,00,
355000,00000056,false,Rx,0,8,10,27,00,00,00,00,00,00,
355000,00000057,false,Rx,0,8,00,00,FE,FF,FE,FF,00,00,
384000,00000625,false,Rx,0,8,25,00,59,86,01,54,5C,06,
415000,000002C4,false,Rx,0,8,09,20,00,00,D5,02,00,00,
415000,000002C5,false,Rx,0,8,00,00,00,00,00,00,00,00,
416000,000002C6,false,Rx,0,8,32,00,7C,01,00,00,00,00,
445000,0000060D,false,Rx,0,8,0D,10,83,B6,09,20,70,00,
484000,00000625,false,Rx,0,8,25,00,59,86,01,54,5C,06,
545000,0000060D,false,Rx,0,8,0D,10,83,B6,09,20,70,00,
0,00000054,false,Rx,0,8,01,05,EF,00,D5,02,00,00,
0,00000055,false,Rx,0,8,10,27,00,00,00,00,00,00,
0,00000056,false,Rx,0,8,10,27,00,00,00,00,00,00,
0,00000057,false,Rx,0,8,00,00,FE,FF,FE,FF,00,00,
583000,00000625,false,Rx,0,8,25,00,59,86,01,54,5C,06,
635000,000002C4,false,Rx,0,8,09,20,00,00,D5,02,00,00,
635000,000002C5,false,Rx,0,8,00,00,00,00,00,00,00,00,
636000,000002C6,false,Rx,0,8,32,00,7C,01,00,00,00,00,
644000,0000060D,false,Rx,0,8,0D,10,83,B6,09,20,70,00,
684000,00000625,false,Rx,0,8,25,00,59,86,01,54,5C,06,
745000,0000060D,false,Rx,0,8,0D,10,83,B6,09,20,70,00,
0,00000054,false,Rx,0,8,01,05,EF,00,D5,02,00,00,
0,00000055,false,Rx,0,8,10,27,00,00,00,00,00,00,
0,00000056,false,Rx,0,8,10,27,00,00,00,00,00,00,
755000,00000057,false,Rx,0,8,00,00,FE,FF,FE,FF,00,00,
784000,00000625,false,Rx,0,8,25,00,59,86,01,54,5C,06,
845000,0000060D,false,Rx,0,8,0D,10,83,B6,09,20,70,00,
855000,000002C4,false,Rx,0,8,09,20,00,00,D5,02,00,00,
855000,000002C5,false,Rx,0,8,00,00,00,00,00,00,00,00,
855000,000002C6,false,Rx,0,8,32,00,7C,01,00,00,00,00,
884000,00000625,false,Rx,0,8,25,00,59,86,01,54,5C,06,
944000,0000060D,false,Rx,0,8,0D,10,83,B6,09,20,70,00,
0,00000054,false,Rx,0,8,01,05,EF,00,D5,02,00,00,
0,00000055,false,Rx,0,8,10,27,00,00,00,00,00,00,
0,00000056,false,Rx,0,8,10,27,00,00,00,00,00,00,
955000,00000057,false,Rx,0,8,00,00,FE,FF,FE,FF,00,00,
984000,00000625,false,Rx,0,8,25,00,59,86,01,54,5C,06,
45000,0000060D,false,Rx,0,8,0D,10,83,B6,09,20,70,00,
75000,000002C4,false,Rx,0,8,09,20,00,00,D5,02,00,00,
75000,000002C5,false,Rx,0,8,00,00,00,00,00,00,00,00,
76000,000002C6,false,Rx,0,8,32,00,7C,01,00,00,00,00,
84000,00000625,false,Rx,0,8,25,00,59,86,01,54,5C,06,
144000,0000060D,false,Rx,0,8,0D,10,83,B6,09,20,70,00,
154000,00000054,false,Rx,0,8,01,05,EF,00,D5,02,00,00,
155000,00000055,false,Rx,0,8,10,27,00,00,00,00,00,00,
155000,00000056,false,Rx,0,8,10,27,00,00,00,00,00,00,
155000,00000057,false,Rx,0,8,00,00,FE,FF,FE,FF,00,00,
184000,00000625,false,Rx,0,8,25,00,59,86,01,54,5C,06,
244000,0000060D,false,Rx,0,8,0D,10,83,B6,09,20,70,00,
284000,00000625,false,Rx,0,8,25,00,59,86,01,54,5C,06,
295000,000002C4,false,Rx,0,8,09,20,00,00,D5,02,00,00,
296000,000002C5,false,Rx,0,8,00,00,00,00,00,00,00,00,
296000,000002C6,false,Rx,0,8,32,00,7C,01,00,00,00,00,
345000,0000060D,false,Rx,0,8,0D,10,83,B6,09,20,70,00,
355000,00000054,false,Rx,0,8,01,05,EF,00,D5,02,00,00,
355000,00000055,false,Rx,0,8,10,27,00,00,00,00,00,00,
355000,00000056,false,Rx,0,8,10,27,00,00,00,00,00,00,
355000,00000057,false,Rx,0,8,00,00,FE,FF,FE,FF,00,00,
384000,00000625,false,Rx,0,8,25,00,59,86,01,54,5C,06,
444000,0000060D,false,Rx,0,8,0D,10,83,B6,09,20,70,00,
484000,00000625,false,Rx,0,8,25,00,59,86,01,54,5C,06,
515000,000002C4,false,Rx,0,8,09,20,00,00,D5,02,00,00,
515000,000002C5,false,Rx,0,8,00,00,00,00,00,00,00,00,
515000,000002C6,false,Rx,0,8,32,00,7C,01,00,00,00,00,
545000,0000060D,false,Rx,0,8,0D,10,83,B6,09,20,70,00,
555000,00000054,false,Rx,0,8,01,05,EF,00,D5,02,00,00,
555000,00000055,false,Rx,0,8,10,27,00,00,00,00,00,00,
555000,00000056,false,Rx,0,8,10,27,00,00,00,00,00,00,
555000,00000057,false,Rx,0,8,00,00,FE,FF,FE,FF,00,00,
584000,00000625,false,Rx,0,8,25,00,59,86,01,54,5C,06,
645000,0000060D,false,Rx,0,8,0D,10,83,B6,09,20,70,00,
684000,00000625,false,Rx,0,8,25,00,59,86,01,54,5C,06,
0,000002C4,false,Rx,0,8,09,20,00,00,D5,02,00,00,
0,000002C5,false,Rx,0,8,00,00,00,00,00,00,00,00,
0,000002C6,false,Rx,0,8,32,00,7C,01,00,00,00,00,
744000,0000060D,false,Rx,0,8,0D,10,83,B6,09,20,70,00,
0,00000054,false,Rx,0,8,01,05,EF,00,D5,02,00,00,
0,00000055,false,Rx,0,8,10,27,00,00,00,00,00,00,
0,00000056,false,Rx,0,8,10,27,00,00,00,00,00,00,
0,00000057,false,Rx,0,8,00,00,FE,FF,FE,FF,00,00,
784000,00000625,false,Rx,0,8,25,00,59,86,01,54,5C,06,
845000,0000060D,false,Rx,0,8,0D,10,83,B6,09,20,70,00,
884000,00000625,false,Rx,0,8,25,00,59,86,01,54,5C,06,
945000,0000060D,false,Rx,0,8,0D,10,83,B6,09,20,70,00,
0,00000054,false,Rx,0,8,01,05,EF,00,D5,02,00,00,
0,00000055,false,Rx,0,8,10,27,00,00,00,00,00,00,
955000,00000056,false,Rx,0,8,10,27,00,00,00,00,00,00,
0,00000057,false,Rx,0,8,00,00,FE,FF,FE,FF,00,00,
0,000002C4,false,Rx,0,8,09,20,00,00,D5,02,00,00,
955000,000002C5,false,Rx,0,8,00,00,00,00,00,00,00,00,
955000,000002C6,false,Rx,0,8,32,00,7C,01,00,00,00,00,
984000,00000625,false,Rx,0,8,25,00,59,86,01,54,5C,06,
45000,0000060D,false,Rx,0,8,0D,10,83,B6,09,20,70,00,
84000,00000625,false,Rx,0,8,25,00,59,86,01,54,5C,06,
145000,0000060D,false,Rx,0,8,0D,10,83,B6,09,20,70,00,
154000,00000054,false,Rx,0,8,01,05,EF,00,D5,02,00,00,
154000,00000055,false,Rx,0,8,10,27,00,00,00,00,00,00,
0,00000056,false,Rx,0,8,10,27,00,00,00,00,00,00,
0,00000057,false,Rx,0,8,00,00,FE,FF,FE,FF,00,00,
175000,000002C4,false,Rx,0,8,09,20,00,00,D5,02,00,00,
175000,000002C5,false,Rx,0,8,00,00,00,00,00,00,00,00,
175000,000002C6,false,Rx,0,8,32,00,7C,01,00,00,00,00,
184000,00000625,false,Rx,0,8,25,00,59,86,01,54,5C,06,
245000,0000060D,false,Rx,0,8,0D,10,83,B6,09,20,70,00,
284000,00000625,false,Rx,0,8,25,00,59,86,01,54,5C,06,
345000,0000060D,false,Rx,0,8,0D,10,83,B6,09,20,70,00,
0,00000054,false,Rx,0,8,01,05,EF,00,D5,02,00,00,
0,00000055,false,Rx,0,8,10,27,00,00,00,00,00,00,
355000,00000056,false,Rx,0,8,10,27,00,00,00,00,00,00,
355000,00000057,false,Rx,0,8,00,00,FE,FF,FE,FF,00,00,
383000,00000625,false,Rx,0,8,25,00,59,86,01,54,5C,06,
395000,000002C4,false,Rx,0,8,09,20,00,00,D5,02,00,00,
395000,000002C5,false,Rx,0,8,00,00,00,00,00,00,00,00,
395000,000002C6,false,Rx,0,8,32,00,7C,01,00,00,00,00,
444000,0000060D,false,Rx,0,8,0D,10,83,B6,09,20,70,00,
484000,00000625,false,Rx,0,8,25,00,59,86,01,54,5C,06,
545000,0000060D,false,Rx,0,8,0D,10,83,B6,09,20,70,00,
554000,00000054,false,Rx,0,8,01,05,EF,00,D5,02,00,00,
554000,00000055,false,Rx,0,8,10,27,00,00,00,00,00,00,
555000,00000056,false,Rx,0,8,10,27,00,00,00,00,00,00,
555000,00000057,false,Rx,0,8,00,00,FE,FF,FE,FF,00,00,
584000,00000625,false,Rx,0,8,25,00,59,86,01,54,5C,06,
615000,000002C4,false,Rx,0,8,09,20,00,00,D5,02,00,00,
615000,000002C5,false,Rx,0,8,00,00,00,00,00,00,00,00,
615000,000002C6,false,Rx,0,8,32,00,7C,01,00,00,00,00,
645000,0000060D,false,Rx,0,8,0D,10,83,B6,09,20,70,00,
684000,00000625,false,Rx,0,8,25,00,59,86,01,54,5C,06,
745000,0000060D,false,Rx,0,8,0D,10,83,B6,09,20,70,00,
754000,00000054,false,Rx,0,8,01,05,EF,00,D5,02,00,00,
755000,00000055,false,Rx,0,8,10,27,00,00,00,00,00,00,
755000,00000056,false,Rx,0,8,10,27,00,00,00,00,00,00,
755000,00000057,false,Rx,0,8,00,00,FE,FF,FE,FF,00,00,
784000,00000625,false,Rx,0,8,25,00,59,86,01,54,5C,06,
835000,000002C4,false,Rx,0,8,09,20,00,00,D5,02,00,00,
835000,000002C5,false,Rx,0,8,00,00,00,00,00,00,00,00,
835000,000002C6,false,Rx,0,8,32,00,7C,01,00,00,00,00,
845000,0000060D,false,Rx,0,8,0D,10,83,B6,09,20,70,00,
883000,00000625,false,Rx,0,8,25,00,59,86,01,54,5C,06,
944000,0000060D,false,Rx,0,8,0D,10,83,B6,09,20,70,00,
0,00000054,false,Rx,0,8,01,05,EF,00,D5,02,00,00,
0,00000055,false,Rx,0,8,10,27,00,00,00,00,00,00,
0,00000056,false,Rx,0,8,10,27,00,00,00,00,00,00,
955000,00000057,false,Rx,0,8,00,00,FE,FF,FE,FF,00,00,
984000,00000625,false,Rx,0,8,25,00,59,86,01,54,5C,06,
45000,0000060D,false,Rx,0,8,0D,10,83,B6,09,20,70,00,
55000,000002C4,false,Rx,0,8,09,20,00,00,D5,02,00,00,
55000,000002C5,false,Rx,0,8,00,00,00,00,00,00,00,00,
55000,000002C6,false,Rx,0,8,32,00,7C,01,00,00,00,00,
84000,00000625,false,Rx,0,8,25,00,59,86,01,54,5C,06,
145000,0000060D,false,Rx,0,8,0D,10,83,B6,09,20,70,00,
154000,00000054,false,Rx,0,8,01,05,EF,00,D5,02,00,00,
155000,00000055,false,Rx,0,8,10,27,00,00,00,00,00,00,
155000,00000056,false,Rx,0,8,10,27,00,00,00,00,00,00,
155000,00000057,false,Rx,0,8,00,00,FE,FF,FE,FF,00,00,
184000,00000625,false,Rx,0,8,25,00,59,86,01,54,5C,06,
245000,0000060D,false,Rx,0,8,0D,10,83,B6,09,20,70,00,
275000,000002C4,false,Rx,0,8,09,20,00,00,D5,02,00,00,
276000,000002C5,false,Rx,0,8,00,00,00,00,00,00,00,00,
277000,000002C6,false,Rx,0,8,32,00,7C,01,00,00,00,00,
284000,00000625,false,Rx,0,8,25,00,59,86,01,54,5C,06,
345000,0000060D,false,Rx,0,8,0D,10,83,B6,09,20,70,00,
354000,00000054,false,Rx,0,8,01,05,EF,00,D5,02,00,00,
354000,00000055,false,Rx,0,8,10,27,00,00,00,00,00,00,
354000,00000056,false,Rx,0,8,10,27,00,00,00,00,00,00,
355000,00000057,false,Rx,0,8,00,00,FE,FF,FE,FF,00,00,
383000,00000625,false,Rx,0,8,25,00,59,86,01,54,5C,06,
444000,0000060D,false,Rx,0,8,0D,10,83,B6,09,20,70,00,
484000,00000625,false,Rx,0,8,25,00,59,86,01,54,5C,06,
0,000002C4,false,Rx,0,8,09,20,00,00,D5,02,00,00,
0,000002C5,false,Rx,0,8,00,00,00,00,00,00,00,00,
496000,000002C6,false,Rx,0,8,32,00,7C,01,00,00,00,00,
545000,0000060D,false,Rx,0,8,0D,10,83,B6,09,20,70,00,
555000,00000054,false,Rx,0,8,01,05,EF,00,D5,02,00,00,
555000,00000055,false,Rx,0,8,10,27,00,00,00,00,00,00,
555000,00000056,false,Rx,0,8,10,27,00,00,00,00,00,00,
555000,00000057,false,Rx,0,8,00,00,FE,FF,FE,FF,00,00,
584000,00000625,false,Rx,0,8,25,00,59,86,01,54,5C,06,
645000,0000060D,false,Rx,0,8,0D,10,83,B6,09,20,70,00,
684000,00000625,false,Rx,0,8,25,00,59,86,01,54,5C,06,
0,000002C4,false,Rx,0,8,09,20,00,00,D5,02,00,00,
0,000002C5,false,Rx,0,8,00,00,00,00,00,00,00,00,
716000,000002C6,false,Rx,0,8,32,00,7C,01,00,00,00,00,
745000,0000060D,false,Rx,0,8,0D,10,83,B6,09,20,70,00,
755000,00000054,false,Rx,0,8,01,05,EF,00,D5,02,00,00,
755000,00000055,false,Rx,0,8,10,27,00,00,00,00,00,00,
755000,00000056,false,Rx,0,8,10,27,00,00,00,00,00,00,
755000,00000057,false,Rx,0,8,00,00,FE,FF,FE,FF,00,00,
783000,00000625,false,Rx,0,8,25,00,59,86,01,54,5C,06,
844000,0000060D,false,Rx,0,8,0D,10,83,B6,09,20,70,00,
885000,00000625,false,Rx,0,8,25,00,59,86,01,54,5C,06,
935000,000002C4,false,Rx,0,8,09,20,00,00,D5,02,00,00,
936000,000002C5,false,Rx,0,8,00,00,00,00,00,00,00,00,
936000,000002C6,false,Rx,0,8,32,00,7C,01,00,00,00,00,
944000,0000060D,false,Rx,0,8,0D,10,83,B6,09,20,70,00,
0,00000054,false,Rx,0,8,01,05,EF,00,D5,02,00,00,
0,00000055,false,Rx,0,8,10,27,00,00,00,00,00,00,
955000,00000056,false,Rx,0,8,10,27,00,00,00,00,00,00,
956000,00000057,false,Rx,0,8,00,00,FE,FF,FE,FF,00,00,
985000,00000625,false,Rx,0,8,25,00,59,86,01,54,5C,06,
45000,0000060D,false,Rx,0,8,0D,10,83,B6,09,20,70,00,
84000,00000625,false,Rx,0,8,25,00,59,86,01,54,5C,06,
145000,0000060D,false,Rx,0,8,0D,10,83,B6,09,20,70,00,
155000,00000054,false,Rx,0,8,01,05,EF,00,D5,02,00,00,
155000,00000055,false,Rx,0,8,10,27,00,00,00,00,00,00,
0,00000056,false,Rx,0,8,10,27,00,00,00,00,00,00,
0,000002C4,false,Rx,0,8,09,20,00,00,D5,02,00,00,
156000,00000057,false,Rx,0,8,00,00,FE,FF,FE,FF,00,00,
156000,000002C5,false,Rx,0,8,00,00,00,00,00,00,00,00,
156000,000002C6,false,Rx,0,8,32,00,7C,01,00,00,00,00,
184000,00000625,false,Rx,0,8,25,00,59,86,01,54,5C,06,
245000,0000060D,false,Rx,0,8,0D,10,83,B6,09,20,70,00,
283000,00000625,false,Rx,0,8,25,00,59,86,01,54,5C,06,
345000,0000060D,false,Rx,0,8,0D,10,83,B6,09,20,70,00,
355000,00000054,false,Rx,0,8,01,05,EF,00,D5,02,00,00,
355000,00000055,false,Rx,0,8,10,27,00,00,00,00,00,00,
356000,00000056,false,Rx,0,8,10,27,00,00,00,00,00,00,
356000,00000057,false,Rx,0,8,00,00,FE,FF,FE,FF,00,00,
375000,000002C4,false,Rx,0,8,09,20,00,00,D5,02,00,00,
375000,000002C5,false,Rx,0,8,00,00,00,00,00,00,00,00,
375000,000002C6,false,Rx,0,8,32,00,7C,01,00,00,00,00,
384000,00000625,false,Rx,0,8,25,00,59,86,01,54,5C,06,
444000,0000060D,false,Rx,0,8,0D,10,83,B6,09,20,70,00,
484000,00000625,false,Rx,0,8,25,00,59,86,01,54,5C,06,
545000,0000060D,false,Rx,0,8,0D,10,83,B6,09,20,70,00,
554000,00000054,false,Rx,0,8,01,05,EF,00,D5,02,00,00,
554000,00000055,false,Rx,0,8,10,27,00,00,00,00,00,00,
555000,00000056,false,Rx,0,8,10,27,00,00,00,00,00,00,
555000,00000057,false,Rx,0,8,00,00,FE,FF,FE,FF,00,00,
584000,00000625,false,Rx,0,8,25,00,59,86,01,54,5C,06,
595000,000002C4,false,Rx,0,8,09,20,00,00,D5,02,00,00,
595000,000002C5,false,Rx,0,8,00,00,00,00,00,00,00,00,
595000,000002C6,false,Rx,0,8,32,00,7C,01,00,00,00,00,
645000,0000060D,false,Rx,0,8,0D,10,83,B6,09,20,70,00,
684000,00000625,false,Rx,0,8,25,00,59,86,01,54,5C,06,
745000,0000060D,false,Rx,0,8,0D,10,83,B6,09,20,70,00,
754000,00000054,false,Rx,0,8,01,05,EF,00,D5,02,00,00,
755000,00000055,false,Rx,0,8,10,27,00,00,00,00,00,00,
0,00000056,false,Rx,0,8,10,27,00,00,00,00,00,00,
0,00000057,false,Rx,0,8,00,00,FE,FF,FE,FF,00,00,
784000,00000625,false,Rx,0,8,25,00,59,86,01,54,5C,06,
815000,000002C4,false,Rx,0,8,09,20,00,00,D5,02,00,00,
816000,000002C5,false,Rx,0,8,00,00,00,00,00,00,00,00,
816000,000002C6,false,Rx,0,8,32,00,7C,01,00,00,00,00,
844000,0000060D,false,Rx,0,8,0D,10,83,B6,09,20,70,00,
884000,00000625,false,Rx,0,8,25,00,59,86,01,54,5C,06,
944000,0000060D,false,Rx,0,8,0D,10,83,B6,09,20,70,00,
954000,00000054,false,Rx,0,8,01,05,EF,00,D5,02,00,00,
954000,00000055,false,Rx,0,8,10,27,00,00,00,00,00,00,
955000,00000056,false,Rx,0,8,10,27,00,00,00,00,00,00,
955000,00000057,false,Rx,0,8,00,00,FE,FF,FE,FF,00,00,
984000,00000625,false,Rx,0,8,25,00,59,86,01,54,5C,06,
35000,000002C4,false,Rx,0,8,09,20,00,00,D5,02,00,00,
35000,000002C5,false,Rx,0,8,00,00,00,00,00,00,00,00,
35000,000002C6,false,Rx,0,8,32,00,7C,01,00,00,00,00,
44000,0000060D,false,Rx,0,8,0D,10,83,B6,09,20,70,00,
83000,00000625,false,Rx,0,8,25,00,59,86,01,54,5C,06,
145000,0000060D,false,Rx,0,8,0D,10,83,B6,09,20,70,00,
0,00000054,false,Rx,0,8,01,05,EF,00,D5,02,00,00,
0,00000055,false,Rx,0,8,10,27,00,00,00,00,00,00,
155000,00000056,false,Rx,0,8,10,27,00,00,00,00,00,00,
155000,00000057,false,Rx,0,8,00,00,FE,FF,FE,FF,00,00,
184000,00000625,false,Rx,0,8,25,00,59,86,01,54,5C,06,
244000,0000060D,false,Rx,0,8,0D,10,83,B6,09,20,70,00,
256000,000002C4,false,Rx,0,8,09,20,00,00,D5,02,00,00,
256000,000002C5,false,Rx,0,8,00,00,00,00,00,00,00,00,
256000,000002C6,false,Rx,0,8,32,00,7C,01,00,00,00,00,
284000,00000625,false,Rx,0,8,25,00,59,86,01,54,5C,06,
345000,0000060D,false,Rx,0,8,0D,10,83,B6,09,20,70,00,
0,00000054,false,Rx,0,8,01,05,EF,00,D5,02,00,00,
0,00000055,false,Rx,0,8,10,27,00,00,00,00,00,00,
0,00000056,false,Rx,0,8,10,27,00,00,00,00,00,00,
0,00000057,false,Rx,0,8,00,00,FE,FF,FE,FF,00,00,
384000,00000625,false,Rx,0,8,25,00,59,86,01,54,5C,06,
445000,0000060D,false,Rx,0,8,0D,10,83,B6,09,20,70,00,
0,000002C4,false,Rx,0,8,09,20,00,00,D5,02,00,00,
0,000002C5,false,Rx,0,8,00,00,00,00,00,00,00,00,
476000,000002C6,false,Rx,0,8,32,00,7C,01,00,00,00,00,
484000,00000625,false,Rx,0,8,25,00,59,86,01,54,5C,06,
544000,0000060D,false,Rx,0,8,0D,10,83,B6,09,20,70,00,
554000,00000054,false,Rx,0,8,01,05,EF,00,D5,02,00,00,
0,00000055,false,Rx,0,8,10,27,00,00,00,00,00,00,
0,00000056,false,Rx,0,8,10,27,00,00,00,00,00,00,
555000,00000057,false,Rx,0,8,00,00,FE,FF,FE,FF,00,00,
584000,00000625,false,Rx,0,8,25,00,59,86,01,54,5C,06,
645000,0000060D,false,Rx,0,8,0D,10,83,B6,09,20,70,00,
684000,00000625,false,Rx,0,8,25,00,59,86,01,54,5C,06,
695000,000002C4,false,Rx,0,8,09,20,00,00,D5,02,00,00,
695000,000002C5,false,Rx,0,8,00,00,00,00,00,00,00,00,
695000,000002C6,false,Rx,0,8,32,00,7C,01,00,00,00,00,
745000,0000060D,false,Rx,0,8,0D,10,83,B6,09,20,70,00,
755000,00000054,false,Rx,0,8,01,05,EF,00,D5,02,00,00,
755000,00000055,false,Rx,0,8,10,27,00,00,00,00,00,00,
755000,00000056,false,Rx,0,8,10,27,00,00,00,00,00,00,
755000,00000057,false,Rx,0,8,00,00,FE,FF,FE,FF,00,00,
784000,00000625,false,Rx,0,8,25,00,59,86,01,54,5C,06,
845000,0000060D,false,Rx,0,8,0D,10,83,B6,09,20,70,00,
884000,00000625,false,Rx,0,8,25,00,59,86,01,54,5C,06,
0,000002C4,false,Rx,0,8,09,20,00,00,D5,02,00,00,
0,000002C5,false,Rx,0,8,00,00,00,00,00,00,00,00,
915000,000002C6,false,Rx,0,8,32,00,7C,01,00,00,00,00,
944000,0000060D,false,Rx,0,8,0D,10,83,B6,09,20,70,00,
0,00000054,false,Rx,0,8,01,05,EF,00,D5,02,00,00,
0,00000055,false,Rx,0,8,10,27,00,00,00,00,00,00,
955000,00000056,false,Rx,0,8,10,27,00,00,00,00,00,00,
955000,00000057,false,Rx,0,8,00,00,FE,FF,FE,FF,00,00,
984000,00000625,false,Rx,0,8,25,00,59,86,01,54,5C,06,
45000,0000060D,false,Rx,0,8,0D,10,83,B6,09,20,70,00,
84000,00000625,false,Rx,0,8,25,00,59,86,01,54,5C,06,
136000,000002C4,false,Rx,0,8,09,20,00,00,D5,02,00,00,
136000,000002C5,false,Rx,0,8,00,00,00,00,00,00,00,00,
136000,000002C6,false,Rx,0,8,32,00,7C,01,00,00,00,00,
144000,0000060D,false,Rx,0,8,0D,10,83,B6,09,20,70,00,
154000,00000054,false,Rx,0,8,01,05,EF,00,D5,02,00,00,
155000,00000055,false,Rx,0,8,10,27,00,00,00,00,00,00,
0,00000056,false,Rx,0,8,10,27,00,00,00,00,00,00,
0,00000057,false,Rx,0,8,00,00,FE,FF,FE,FF,00,00,
183000,00000625,false,Rx,0,8,25,00,59,86,01,54,5C,06,
245000,0000060D,false,Rx,0,8,0D,10,83,B6,09,20,70,00,
284000,00000625,false,Rx,0,8,25,00,59,86,01,54,5C,06,
345000,0000060D,false,Rx,0,8,0D,10,83,B6,09,20,70,00,
355000,00000054,false,Rx,0,8,01,05,EF,00,D5,02,00,00,
355000,00000055,false,Rx,0,8,10,27,00,00,00,00,00,00,
355000,00000056,false,Rx,0,8,10,27,00,00,00,00,00,00,
355000,00000057,false,Rx,0,8,00,00,FE,FF,FE,FF,00,00,
356000,000002C4,false,Rx,0,8,09,20,00,00,D5,02,00,00,
356000,000002C5,false,Rx,0,8,00,00,00,00,00,00,00,00,
356000,000002C6,false,Rx,0,8,32,00,7C,01,00,00,00,00,
384000,00000625,false,Rx,0,8,25,00,59,86,01,54,5C,06,
445000,0000060D,false,Rx,0,8,0D,10,83,B6,09,20,70,00,
484000,00000625,false,Rx,0,8,25,00,59,86,01,54,5C,06,
545000,0000060D,false,Rx,0,8,0D,10,83,B6,09,20,70,00,
555000,00000054,false,Rx,0,8,01,05,EF,00,D5,02,00,00,
555000,00000055,false,Rx,0,8,10,27,00,00,00,00,00,00,
0,00000056,false,Rx,0,8,10,27,00,00,00,00,00,00,
0,00000057,false,Rx,0,8,00,00,FE,FF,FE,FF,00,00,
575000,000002C4,false,Rx,0,8,09,20,00,00,D5,02,00,00,
575000,000002C5,false,Rx,0,8,00,00,00,00,00,00,00,00,
576000,000002C6,false,Rx,0,8,32,00,7C,01,00,00,00,00,
583000,00000625,false,Rx,0,8,25,00,59,86,01,54,5C,06,
645000,0000060D,false,Rx,0,8,0D,10,83,B6,09,20,70,00,
684000,00000625,false,Rx,0,8,25,00,59,86,01,54,5C,06,
745000,0000060D,false,Rx,0,8,0D,10,83,B6,09,20,70,00,
755000,00000054,false,Rx,0,8,01,05,EF,00,D5,02,00,00,
755000,00000055,false,Rx,0,8,10,27,00,00,00,00,00,00,
755000,00000056,false,Rx,0,8,10,27,00,00,00,00,00,00,
756000,00000057,false,Rx,0,8,00,00,FE,FF,FE,FF,00,00,
784000,00000625,false,Rx,0,8,25,00,59,86,01,54,5C,06,
795000,000002C4,false,Rx,0,8,09,20,00,00,D5,02,00,00,
795000,000002C5,false,Rx,0,8,00,00,00,00,00,00,00,00,
795000,000002C6,false,Rx,0,8,32,00,7C,01,00,00,00,00,
844000,0000060D,false,Rx,0,8,0D,10,83,B6,09,20,70,00,
884000,00000625,false,Rx,0,8,25,00,59,86,01,54,5C,06,
944000,0000060D,false,Rx,0,8,0D,10,83,B6,09,20,70,00,
0,00000054,false,Rx,0,8,01,05,EF,00,D5,02,00,00,
0,00000055,false,Rx,0,8,10,27,00,00,00,00,00,00,
0,00000056,false,Rx,0,8,10,27,00,00,00,00,00,00,
0,00000057,false,Rx,0,8,00,00,FE,FF,FE,FF,00,00,
984000,00000625,false,Rx,0,8,25,00,59,86,01,54,5C,06,
15000,000002C4,false,Rx,0,8,09,20,00,00,D5,02,00,00,
15000,000002C5,false,Rx,0,8,00,00,00,00,00,00,00,00,
15000,000002C6,false,Rx,0,8,32,00,7C,01,00,00,00,00,
45000,0000060D,false,Rx,0,8,0D,10,83,B6,09,20,70,00,
84000,00000625,false,Rx,0,8,25,00,59,86,01,54,5C,06,
144000,0000060D,false,Rx,0,8,0D,10,83,B6,09,20,70,00,
154000,00000054,false,Rx,0,8,01,05,EF,00,D5,02,00,00,
155000,00000055,false,Rx,0,8,10,27,00,00,00,00,00,00,
155000,00000056,false,Rx,0,8,10,27,00,00,00,00,00,00,
155000,00000057,false,Rx,0,8,00,00,FE,FF,FE,FF,00,00,
184000,00000625,false,Rx,0,8,25,00,59,86,01,54,5C,06,
0,000002C4,false,Rx,0,8,09,20,00,00,D5,02,00,00,
0,000002C5,false,Rx,0,8,00,00,00,00,00,00,00,00,
236000,000002C6,false,Rx,0,8,32,00,7C,01,00,00,00,00,
244000,0000060D,false,Rx,0,8,0D,10,83,B6,09,20,70,00,
283000,00000625,false,Rx,0,8,25,00,59,86,01,54,5C,06,
344000,0000060D,false,Rx,0,8,0D,10,83,B6,09,20,70,00,
354000,00000054,false,Rx,0,8,01,05,EF,00,D5,02,00,00,
355000,00000055,false,Rx,0,8,10,27,00,00,00,00,00,00,
355000,00000056,false,Rx,0,8,10,27,00,00,00,00,00,00,
355000,00000057,false,Rx,0,8,00,00,FE,FF,FE,FF,00,00,
384000,00000625,false,Rx,0,8,25,00,59,86,01,54,5C,06,
445000,0000060D,false,Rx,0,8,0D,10,83,B6,09,20,70,00,
455000,000002C4,false,Rx,0,8,09,20,00,00,D5,02,00,00,
455000,000002C5,false,Rx,0,8,00,00,00,00,00,00,00,00,
455000,000002C6,false,Rx,0,8,32,00,7C,01,00,00,00,00,
484000,00000625,false,Rx,0,8,25,00,59,86,01,54,5C,06,
545000,0000060D,false,Rx,0,8,0D,10,83,B6,09,20,70,00,
554000,00000054,false,Rx,0,8,01,05,EF,00,D5,02,00,00,
555000,00000055,false,Rx,0,8,10,27,00,00,00,00,00,00,
555000,00000056,false,Rx,0,8,10,27,00,00,00,00,00,00,
555000,00000057,false,Rx,0,8,00,00,FE,FF,FE,FF,00,00,
584000,00000625,false,Rx,0,8,25,00,59,86,01,54,5C,06,
644000,0000060D,false,Rx,0,8,0D,10,83,B6,09,20,70,00,
675000,000002C4,false,Rx,0,8,09,20,00,00,D5,02,00,00,
676000,000002C5,false,Rx,0,8,00,00,00,00,00,00,00,00,
676000,000002C6,false,Rx,0,8,32,00,7C,01,00,00,00,00,
684000,00000625,false,Rx,0,8,25,00,59,86,01,54,5C,06,
744000,0000060D,false,Rx,0,8,0D,10,83,B6,09,20,70,00,
755000,00000054,false,Rx,0,8,01,05,EF,00,D5,02,00,00,
755000,00000055,false,Rx,0,8,10,27,00,00,00,00,00,00,
755000,00000056,false,Rx,0,8,10,27,00,00,00,00,00,00,
756000,00000057,false,Rx,0,8,00,00,FE,FF,FE,FF,00,00,
784000,00000625,false,Rx,0,8,25,00,59,86,01,54,5C,06,
845000,0000060D,false,Rx,0,8,0D,10,83,B6,09,20,70,00,
884000,00000625,false,Rx,0,8,25,00,59,86,01,54,5C,06,
895000,000002C4,false,Rx,0,8,09,20,00,00,D5,02,00,00,
895000,000002C5,false,Rx,0,8,00,00,00,00,00,00,00,00,
895000,000002C6,false,Rx,0,8,32,00,7C,01,00,00,00,00,
945000,0000060D,false,Rx,0,8,0D,10,83,B6,09,20,70,00,
0,00000054,false,Rx,0,8,01,05,EF,00,D5,02,00,00,
0,00000055,false,Rx,0,8,10,27,00,00,00,00,00,00,
0,00000056,false,Rx,0,8,10,27,00,00,00,00,00,00,
0,00000057,false,Rx,0,8,00,00,FE,FF,FE,FF,00,00,
984000,00000625,false,Rx,0,8,25,00,59,86,01,54,5C,06,
45000,0000060D,false,Rx,0,8,0D,10,83,B6,09,20,70,00,
84000,00000625,false,Rx,0,8,25,00,59,86,01,54,5C,06,
115000,000002C4,false,Rx,0,8,09,20,00,00,D5,02,00,00,
115000,000002C5,false,Rx,0,8,00,00,00,00,00,00,00,00,
115000,000002C6,false,Rx,0,8,32,00,7C,01,00,00,00,00,
144000,0000060D,false,Rx,0,8,0D,10,83,B6,09,20,70,00,
154000,00000054,false,Rx,0,8,01,05,EF,00,D5,02,00,00,
155000,00000055,false,Rx,0,8,10,27,00,00,00,00,00,00,
155000,00000056,false,Rx,0,8,10,27,00,00,00,00,00,00,
155000,00000057,false,Rx,0,8,00,00,FE,FF,FE,FF,00,00,
184000,00000625,false,Rx,0,8,25,00,59,86,01,54,5C,06,
245000,0000060D,false,Rx,0,8,0D,10,83,B6,09,20,70,00,
284000,00000625,false,Rx,0,8,25,00,59,86,01,54,5C,06,
335000,000002C4,false,Rx,0,8,09,20,00,00,D5,02,00,00,
335000,000002C5,false,Rx,0,8,00,00,00,00,00,00,00,00,
335000,000002C6,false,Rx,0,8,32,00,7C,01,00,00,00,00,
345000,0000060D,false,Rx,0,8,0D,10,83,B6,09,20,70,00,
354000,00000054,false,Rx,0,8,01,05,EF,00,D5,02,00,00,
355000,00000055,false,Rx,0,8,10,27,00,00,00,00,00,00,
355000,00000056,false,Rx,0,8,10,27,00,00,00,00,00,00,
355000,00000057,false,Rx,0,8,00,00,FE,FF,FE,FF,00,00,
384000,00000625,false,Rx,0,8,25,00,59,86,01,54,5C,06,
445000,0000060D,false,Rx,0,8,0D,10,83,B6,09,20,70,00,
484000,00000625,false,Rx,0,8,25,00,59,86,01,54,5C,06,
545000,0000060D,false,Rx,0,8,0D,10,83,B6,09,20,70,00,
554000,00000054,false,Rx,0,8,01,05,EF,00,D5,02,00,00,
554000,00000055,false,Rx,0,8,10,27,00,00,00,00,00,00,
554000,00000056,false,Rx,0,8,10,27,00,00,00,00,00,00,
555000,000002C4,false,Rx,0,8,09,20,00,00,D5,02,00,00,
0,00000057,false,Rx,0,8,00,00,FE,FF,FE,FF,00,00,
0,000002C5,false,Rx,0,8,00,00,00,00,00,00,00,00,
556000,000002C6,false,Rx,0,8,32,00,7C,01,00,00,00,00,
583000,00000625,false,Rx,0,8,25,00,59,86,01,54,5C,06,
645000,0000060D,false,Rx,0,8,0D,10,83,B6,09,20,70,00,
684000,00000625,false,Rx,0,8,25,00,59,86,01,54,5C,06,
744000,0000060D,false,Rx,0,8,0D,10,83,B6,09,20,70,00,
755000,00000054,false,Rx,0,8,01,05,EF,00,D5,02,00,00,
755000,00000055,false,Rx,0,8,10,27,00,00,00,00,00,00,
755000,00000056,false,Rx,0,8,10,27,00,00,00,00,00,00,
755000,00000057,false,Rx,0,8,00,00,FE,FF,FE,FF,00,00,
775000,000002C4,false,Rx,0,8,09,20,00,00,D5,02,00,00,
775000,000002C5,false,Rx,0,8,00,00,00,00,00,00,00,00,
776000,000002C6,false,Rx,0,8,32,00,7C,01,00,00,00,00,
784000,00000625,false,Rx,0,8,25,00,59,86,01,54,5C,06,
845000,0000060D,false,Rx,0,8,0D,10,83,B6,09,20,70,00,
884000,00000625,false,Rx,0,8,25,00,59,86,01,54,5C,06,
946000,0000060D,false,Rx,0,8,0D,10,83,B6,09,20,70,00,
955000,00000054,false,Rx,0,8,01,05,EF,00,D5,02,00,00,
955000,00000055,false,Rx,0,8,10,27,00,00,00,00,00,00,
955000,00000056,false,Rx,0,8,10,27,00,00,00,00,00,00,
955000,00000057,false,Rx,0,8,00,00,FE,FF,FE,FF,00,00,
985000,00000625,false,Rx,0,8,25,00,59,86,01,54,5C,06,
995000,000002C4,false,Rx,0,8,09,20,00,00,D5,02,00,00,
995000,000002C5,false,Rx,0,8,00,00,00,00,00,00,00,00,
995000,000002C6,false,Rx,0,8,32,00,7C,01,00,00,00,00,
45000,0000060D,false,Rx,0,8,0D,10,83,B6,09,20,70,00,
84000,00000625,false,Rx,0,8,25,00,59,86,01,54,5C,06,
145000,0000060D,false,Rx,0,8,0D,10,83,B6,09,20,70,00,
154000,00000054,false,Rx,0,8,01,05,EF,00,D5,02,00,00,
154000,00000055,false,Rx,0,8,10,27,00,00,00,00,00,00,
154000,00000056,false,Rx,0,8,10,27,00,00,00,00,00,00,
155000,00000057,false,Rx,0,8,00,00,FE,FF,FE,FF,00,00,
184000,00000625,false,Rx,0,8,25,00,59,86,01,54,5C,06,
215000,000002C4,false,Rx,0,8,09,20,00,00,D5,02,00,00,
215000,000002C5,false,Rx,0,8,00,00,00,00,00,00,00,00,
215000,000002C6,false,Rx,0,8,32,00,7C,01,00,00,00,00,
245000,0000060D,false,Rx,0,8,0D,10,83,B6,09,20,70,00,
284000,00000625,false,Rx,0,8,25,00,59,86,01,54,5C,06,
344000,0000060D,false,Rx,0,8,0D,10,83,B6,09,20,70,00,
354000,00000054,false,Rx,0,8,01,05,EF,00,D5,02,00,00,
355000,00000055,false,Rx,0,8,10,27,00,00,00,00,00,00,
355000,00000056,false,Rx,0,8,10,27,00,00,00,00,00,00,
355000,00000057,false,Rx,0,8,00,00,FE,FF,FE,FF,00,00,
383000,00000625,false,Rx,0,8,25,00,59,86,01,54,5C,06,
435000,000002C4,false,Rx,0,8,09,20,00,00,D5,02,00,00,
435000,000002C5,false,Rx,0,8,00,00,00,00,00,00,00,00,
435000,000002C6,false,Rx,0,8,32,00,7C,01,00,00,00,00,
444000,0000060D,false,Rx,0,8,0D,10,83,B6,09,20,70,00,
485000,00000625,false,Rx,0,8,25,00,59,86,01,54,5C,06,
545000,0000060D,false,Rx,0,8,0D,10,83,B6,09,20,70,00,
555000,00000054,false,Rx,0,8,01,05,EF,00,D5,02,00,00,
555000,00000055,false,Rx,0,8,10,27,00,00,00,00,00,00,
555000,00000056,false,Rx,0,8,10,27,00,00,00,00,00,00,
555000,00000057,false,Rx,0,8,00,00,FE,FF,FE,FF,00,00,
584000,00000625,false,Rx,0,8,25,00,59,86,01,54,5C,06,
644000,0000060D,false,Rx,0,8,0D,10,83,B6,09,20,70,00,
656000,000002C4,false,Rx,0,8,09,20,00,00,D5,02,00,00,
656000,000002C5,false,Rx,0,8,00,00,00,00,00,00,00,00,
656000,000002C6,false,Rx,0,8,32,00,7C,01,00,00,00,00,
684000,00000625,false,Rx,0,8,25,00,59,86,01,54,5C,06,
744000,0000060D,false,Rx,0,8,0D,10,83,B6,09,20,70,00,
0,00000054,false,Rx,0,8,01,05,EF,00,D5,02,00,00,
0,00000055,false,Rx,0,8,10,27,00,00,00,00,00,00,
755000,00000056,false,Rx,0,8,10,27,00,00,00,00,00,00,
756000,00000057,false,Rx,0,8,00,00,FE,FF,FE,FF,00,00,
784000,00000625,false,Rx,0,8,25,00,59,86,01,54,5C,06,
845000,0000060D,false,Rx,0,8,0D,10,83,B6,09,20,70,00,
0,000002C4,false,Rx,0,8,09,20,00,00,D5,02,00,00,
0,000002C5,false,Rx,0,8,00,00,00,00,00,00,00,00,
876000,000002C6,false,Rx,0,8,32,00,7C,01,00,00,00,00,
884000,00000625,false,Rx,0,8,25,00,59,86,01,54,5C,06,
944000,0000060D,false,Rx,0,8,0D,10,83,B6,09,20,70,00,
954000,00000054,false,Rx,0,8,01,05,EF,00,D5,02,00,00,
955000,00000055,false,Rx,0,8,10,27,00,00,00,00,00,00,
955000,00000056,false,Rx,0,8,10,27,00,00,00,00,00,00,
955000,00000057,false,Rx,0,8,00,00,FE,FF,FE,FF,00,00,
984000,00000625,false,Rx,0,8,25,00,59,86,01,54,5C,06,
44000,0000060D,false,Rx,0,8,0D,10,83,B6,09,20,70,00,
83000,00000625,false,Rx,0,8,25,00,59,86,01,54,5C,06,
95000,000002C4,false,Rx,0,8,09,20,00,00,D5,02,00,00,
95000,000002C5,false,Rx,0,8,00,00,00,00,00,00,00,00,
95000,000002C6,false,Rx,0,8,32,00,7C,01,00,00,00,00,
145000,0000060D,false,Rx,0,8,0D,10,83,B6,09,20,70,00,
155000,00000054,false,Rx,0,8,01,05,EF,00,D5,02,00,00,
155000,00000055,false,Rx,0,8,10,27,00,00,00,00,00,00,
155000,00000056,false,Rx,0,8,10,27,00,00,00,00,00,00,
155000,00000057,false,Rx,0,8,00,00,FE,FF,FE,FF,00,00,
184000,00000625,false,Rx,0,8,25,00,59,86,01,54,5C,06,
244000,0000060D,false,Rx,0,8,0D,10,83,B6,09,20,70,00,
284000,00000625,false,Rx,0,8,25,00,59,86,01,54,5C,06,
315000,000002C4,false,Rx,0,8,09,20,00,00,D5,02,00,00,
315000,000002C5,false,Rx,0,8,00,00,00,00,00,00,00,00,
315000,000002C6,false,Rx,0,8,32,00,7C,01,00,00,00,00,
345000,0000060D,false,Rx,0,8,0D,10,83,B6,09,20,70,00,
354000,00000054,false,Rx,0,8,01,05,EF,00,D5,02,00,00,
355000,00000055,false,Rx,0,8,10,27,00,00,00,00,00,00,
355000,00000056,false,Rx,0,8,10,27,00,00,00,00,00,00,
355000,00000057,false,Rx,0,8,00,00,FE,FF,FE,FF,00,00,
384000,00000625,false,Rx,0,8,25,00,59,86,01,54,5C,06,
444000,0000060D,false,Rx,0,8,0D,10,83,B6,09,20,70,00,
485000,00000625,false,Rx,0,8,25,00,59,86,01,54,5C,06,
535000,000002C4,false,Rx,0,8,09,20,00,00,D5,02,00,00,
535000,000002C5,false,Rx,0,8,00,00,00,00,00,00,00,00,
535000,000002C6,false,Rx,0,8,32,00,7C,01,00,00,00,00,
545000,0000060D,false,Rx,0,8,0D,10,83,B6,09,20,70,00,
554000,00000054,false,Rx,0,8,01,05,EF,00,D5,02,00,00,
554000,00000055,false,Rx,0,8,10,27,00,00,00,00,00,00,
555000,00000056,false,Rx,0,8,10,27,00,00,00,00,00,00,
555000,00000057,false,Rx,0,8,00,00,FE,FF,FE,FF,00,00,
583000,00000625,false,Rx,0,8,25,00,59,86,01,54,5C,06,
645000,0000060D,false,Rx,0,8,0D,10,83,B6,09,20,70,00,
684000,00000625,false,Rx,0,8,25,00,59,86,01,54,5C,06,
745000,0000060D,false,Rx,0,8,0D,10,83,B6,09,20,70,00,
754000,00000054,false,Rx,0,8,01,05,EF,00,D5,02,00,00,
754000,00000055,false,Rx,0,8,10,27,00,00,00,00,00,00,
0,00000056,false,Rx,0,8,10,27,00,00,00,00,00,00,
0,00000057,false,Rx,0,8,00,00,FE,FF,FE,FF,00,00,
0,000002C4,false,Rx,0,8,09,20,00,00,D5,02,00,00,
755000,000002C5,false,Rx,0,8,00,00,00,00,00,00,00,00,
755000,000002C6,false,Rx,0,8,32,00,7C,01,00,00,00,00,
784000,00000625,false,Rx,0,8,25,00,59,86,01,54,5C,06,
844000,0000060D,false,Rx,0,8,0D,10,83,B6,09,20,70,00,
884000,00000625,false,Rx,0,8,25,00,59,86,01,54,5C,06,
945000,0000060D,false,Rx,0,8,0D,10,83,B6,09,20,70,00,
0,00000054,false,Rx,0,8,01,05,EF,00,D5,02,00,00,
0,00000055,false,Rx,0,8,10,27,00,00,00,00,00,00,
0,00000056,false,Rx,0,8,10,27,00,00,00,00,00,00,
0,00000057,false,Rx,0,8,00,00,FE,FF,FE,FF,00,00,
0,000002C4,false,Rx,0,8,09,20,00,00,D5,02,00,00,
0,000002C5,false,Rx,0,8,00,00,00,00,00,00,00,00,
975000,000002C6,false,Rx,0,8,32,00,7C,01,00,00,00,00,
985000,00000625,false,Rx,0,8,25,00,59,86,01,54,5C,06,
45000,0000060D,false,Rx,0,8,0D,10,83,B6,09,20,70,00,
84000,00000625,false,Rx,0,8,25,00,59,86,01,54,5C,06,
145000,0000060D,false,Rx,0,8,0D,10,83,B6,09,20,70,00,
154000,00000054,false,Rx,0,8,01,05,EF,00,D5,02,00,00,
155000,00000055,false,Rx,0,8,10,27,00,00,00,00,00,00,
155000,00000056,false,Rx,0,8,10,27,00,00,00,00,00,00,
155000,00000057,false,Rx,0,8,00,00,FE,FF,FE,FF,00,00,
184000,00000625,false,Rx,0,8,25,00,59,86,01,54,5C,06,
195000,000002C4,false,Rx,0,8,09,20,00,00,D5,02,00,00,
195000,000002C5,false,Rx,0,8,00,00,00,00,00,00,00,00,
195000,000002C6,false,Rx,0,8,32,00,7C,01,00,00,00,00,
245000,0000060D,false,Rx,0,8,0D,10,83,B6,09,20,70,00,
284000,00000625,false,Rx,0,8,25,00,59,86,01,54,5C,06,
345000,0000060D,false,Rx,0,8,0D,10,83,B6,09,20,70,00,
354000,00000054,false,Rx,0,8,01,05,EF,00,D5,02,00,00,
355000,00000055,false,Rx,0,8,10,27,00,00,00,00,00,00,
355000,00000056,false,Rx,0,8,10,27,00,00,00,00,00,00,
355000,00000057,false,Rx,0,8,00,00,FE,FF,FE,FF,00,00,
384000,00000625,false,Rx,0,8,25,00,59,86,01,54,5C,06,
415000,000002C4,false,Rx,0,8,09,20,00,00,D5,02,00,00,
415000,000002C5,false,Rx,0,8,00,00,00,00,00,00,00,00,
415000,000002C6,false,Rx,0,8,32,00,7C,01,00,00,00,00,
445000,0000060D,false,Rx,0,8,0D,10,83,B6,09,20,70,00,
485000,00000625,false,Rx,0,8,25,00,59,86,01,54,5C,06,
545000,0000060D,false,Rx,0,8,0D,10,83,B6,09,20,70,00,
555000,00000054,false,Rx,0,8,01,05,EF,00,D5,02,00,00,
555000,00000055,false,Rx,0,8,10,27,00,00,00,00,00,00,
555000,00000056,false,Rx,0,8,10,27,00,00,00,00,00,00,
555000,00000057,false,Rx,0,8,00,00,FE,FF,FE,FF,00,00,
584000,00000625,false,Rx,0,8,25,00,59,86,01,54,5C,06,
635000,000002C4,false,Rx,0,8,09,20,00,00,D5,02,00,00,
635000,000002C5,false,Rx,0,8,00,00,00,00,00,00,00,00,
635000,000002C6,false,Rx,0,8,32,00,7C,01,00,00,00,00,
645000,0000060D,false,Rx,0,8,0D,10,83,B6,09,20,70,00,
685000,00000625,false,Rx,0,8,25,00,59,86,01,54,5C,06,
745000,0000060D,false,Rx,0,8,0D,10,83,B6,09,20,70,00,
754000,00000054,false,Rx,0,8,01,05,EF,00,D5,02,00,00,
754000,00000055,false,Rx,0,8,10,27,00,00,00,00,00,00,
755000,00000056,false,Rx,0,8,10,27,00,00,00,00,00,00,
755000,00000057,false,Rx,0,8,00,00,FE,FF,FE,FF,00,00,
783000,00000625,false,Rx,0,8,25,00,59,86,01,54,5C,06,
844000,0000060D,false,Rx,0,8,0D,10,83,B6,09,20,70,00,
855000,000002C4,false,Rx,0,8,09,20,00,00,D5,02,00,00,
855000,000002C5,false,Rx,0,8,00,00,00,00,00,00,00,00,
855000,000002C6,false,Rx,0,8,32,00,7C,01,00,00,00,00,
884000,00000625,false,Rx,0,8,25,00,59,86,01,54,5C,06,
945000,0000060D,false,Rx,0,8,0D,10,83,B6,09,20,70,00,
0,00000054,false,Rx,0,8,01,05,EF,00,D5,02,00,00,
0,00000055,false,Rx,0,8,10,27,00,00,00,00,00,00,
0,00000056,false,Rx,0,8,10,27,00,00,00,00,00,00,
0,00000057,false,Rx,0,8,00,00,FE,FF,FE,FF,00,00,
984000,00000625,false,Rx,0,8,25,00,59,86,01,54,5C,06,
44000,0000060D,false,Rx,0,8,0D,10,83,B6,09,20,70,00,
75000,000002C4,false,Rx,0,8,09,20,00,00,D5,02,00,00,
75000,000002C5,false,Rx,0,8,00,00,00,00,00,00,00,00,
75000,000002C6,false,Rx,0,8,32,00,7C,01,00,00,00,00,
84000,00000625,false,Rx,0,8,25,00,59,86,01,54,5C,06,
145000,0000060D,false,Rx,0,8,0D,10,83,B6,09,20,70,00,
155000,00000054,false,Rx,0,8,01,05,EF,00,D5,02,00,00,
155000,00000055,false,Rx,0,8,10,27,00,00,00,00,00,00,
155000,00000056,false,Rx,0,8,10,27,00,00,00,00,00,00,
155000,00000057,false,Rx,0,8,00,00,FE,FF,FE,FF,00,00,
184000,00000625,false,Rx,0,8,25,00,59,86,01,54,5C,06,
244000,0000060D,false,Rx,0,8,0D,10,83,B6,09,20,70,00,
284000,00000625,false,Rx,0,8,25,00,59,86,01,54,5C,06,
295000,000002C4,false,Rx,0,8,09,20,00,00,D5,02,00,00,
295000,000002C5,false,Rx,0,8,00,00,00,00,00,00,00,00,
295000,000002C6,false,Rx,0,8,32,00,7C,01,00,00,00,00,
344000,0000060D,false,Rx,0,8,0D,10,83,B6,09,20,70,00,
354000,00000054,false,Rx,0,8,01,05,EF,00,D5,02,00,00,
355000,00000055,false,Rx,0,8,10,27,00,00,00,00,00,00,
355000,00000056,false,Rx,0,8,10,27,00,00,00,00,00,00,
355000,00000057,false,Rx,0,8,00,00,FE,FF,FE,FF,00,00,
384000,00000625,false,Rx,0,8,25,00,59,86,01,54,5C,06,
445000,0000060D,false,Rx,0,8,0D,10,83,B6,09,20,70,00,
484000,00000625,false,Rx,0,8,25,00,59,86,01,54,5C,06,
515000,000002C4,false,Rx,0,8,09,20,00,00,D5,02,00,00,
515000,000002C5,false,Rx,0,8,00,00,00,00,00,00,00,00,
517000,000002C6,false,Rx,0,8,32,00,7C,01,00,00,00,00,
544000,0000060D,false,Rx,0,8,0D,10,83,B6,09,20,70,00,
555000,00000054,false,Rx,0,8,01,05,EF,00,D5,02,00,00,
555000,00000055,false,Rx,0,8,10,27,00,00,00,00,00,00,
555000,00000056,false,Rx,0,8,10,27,00,00,00,00,00,00,
555000,00000057,false,Rx,0,8,00,00,FE,FF,FE,FF,00,00,
583000,00000625,false,Rx,0,8,25,00,59,86,01,54,5C,06,
645000,0000060D,false,Rx,0,8,0D,10,83,B6,09,20,70,00,
684000,00000625,false,Rx,0,8,25,00,59,86,01,54,5C,06,
0,000002C4,false,Rx,0,8,09,20,00,00,D5,02,00,00,
0,000002C5,false,Rx,0,8,00,00,00,00,00,00,00,00,
735000,000002C6,false,Rx,0,8,32,00,7C,01,00,00,00,00,
745000,0000060D,false,Rx,0,8,0D,10,83,B6,09,20,70,00,
754000,00000054,false,Rx,0,8,01,05,EF,00,D5,02,00,00,
754000,00000055,false,Rx,0,8,10,27,00,00,00,00,00,00,
754000,00000056,false,Rx,0,8,10,27,00,00,00,00,00,00,
755000,00000057,false,Rx,0,8,00,00,FE,FF,FE,FF,00,00,
785000,00000625,false,Rx,0,8,25,00,59,86,01,54,5C,06,
845000,0000060D,false,Rx,0,8,0D,10,83,B6,09,20,70,00,
884000,00000625,false,Rx,0,8,25,00,59,86,01,54,5C,06,
944000,0000060D,false,Rx,0,8,0D,10,83,B6,09,20,70,00,
954000,00000054,false,Rx,0,8,01,05,EF,00,D5,02,00,00,
954000,00000055,false,Rx,0,8,10,27,00,00,00,00,00,00,
955000,00000056,false,Rx,0,8,10,27,00,00,00,00,00,00,
955000,00000057,false,Rx,0,8,00,00,FE,FF,FE,FF,00,00,
955000,000002C4,false,Rx,0,8,09,20,00,00,D5,02,00,00,
955000,000002C5,false,Rx,0,8,00,00,00,00,00,00,00,00,
955000,000002C6,false,Rx,0,8,32,00,7C,01,00,00,00,00,
984000,00000625,false,Rx,0,8,25,00,59,86,01,54,5C,06,
45000,0000060D,false,Rx,0,8,0D,10,83,B6,09,20,70,00,
84000,00000625,false,Rx,0,8,25,00,59,86,01,54,5C,06,
145000,0000060D,false,Rx,0,8,0D,10,83,B6,09,20,70,00,
154000,00000054,false,Rx,0,8,01,05,EF,00,D5,02,00,00,
154000,00000055,false,Rx,0,8,10,27,00,00,00,00,00,00,
155000,00000056,false,Rx,0,8,10,27,00,00,00,00,00,00,
155000,00000057,false,Rx,0,8,00,00,FE,FF,FE,FF,00,00,
175000,000002C4,false,Rx,0,8,09,20,00,00,D5,02,00,00,
176000,000002C5,false,Rx,0,8,00,00,00,00,00,00,00,00,
176000,000002C6,false,Rx,0,8,32,00,7C,01,00,00,00,00,
184000,00000625,false,Rx,0,8,25,00,59,86,01,54,5C,06,
244000,0000060D,false,Rx,0,8,0D,10,83,B6,09,20,70,00,
284000,00000625,false,Rx,0,8,25,00,59,86,01,54,5C,06,
345000,0000060D,false,Rx,0,8,0D,10,83,B6,09,20,70,00,
354000,00000054,false,Rx,0,8,01,05,EF,00,D5,02,00,00,
355000,00000055,false,Rx,0,8,10,27,00,00,00,00,00,00,
355000,00000056,false,Rx,0,8,10,27,00,00,00,00,00,00,
355000,00000057,false,Rx,0,8,00,00,FE,FF,FE,FF,00,00,
383000,00000625,false,Rx,0,8,25,00,59,86,01,54,5C,06,
0,000002C4,false,Rx,0,8,09,20,00,00,D5,02,00,00,
0,000002C5,false,Rx,0,8,00,00,00,00,00,00,00,00,
395000,000002C6,false,Rx,0,8,32,00,7C,01,00,00,00,00,
445000,0000060D,false,Rx,0,8,0D,10,83,B6,09,20,70,00,
484000,00000625,false,Rx,0,8,25,00,59,86,01,54,5C,06,
544000,0000060D,false,Rx,0,8,0D,10,83,B6,09,20,70,00,
554000,00000054,false,Rx,0,8,01,05,EF,00,D5,02,00,00,
554000,00000055,false,Rx,0,8,10,27,00,00,00,00,00,00,
554000,00000056,false,Rx,0,8,10,27,00,00,00,00,00,00,
555000,00000057,false,Rx,0,8,00,00,FE,FF,FE,FF,00,00,
584000,00000625,false,Rx,0,8,25,00,59,86,01,54,5C,06,
615000,000002C4,false,Rx,0,8,09,20,00,00,D5,02,00,00,
615000,000002C5,false,Rx,0,8,00,00,00,00,00,00,00,00,
615000,000002C6,false,Rx,0,8,32,00,7C,01,00,00,00,00,
645000,0000060D,false,Rx,0,8,0D,10,83,B6,09,20,70,00,
684000,00000625,false,Rx,0,8,25,00,59,86,01,54,5C,06,
744000,0000060D,false,Rx,0,8,0D,10,83,B6,09,20,70,00,
0,00000054,false,Rx,0,8,01,05,EF,00,D5,02,00,00,
0,00000055,false,Rx,0,8,10,27,00,00,00,00,00,00,
755000,00000056,false,Rx,0,8,10,27,00,00,00,00,00,00,
755000,00000057,false,Rx,0,8,00,00,FE,FF,FE,FF,00,00,
784000,00000625,false,Rx,0,8,25,00,59,86,01,54,5C,06,
836000,000002C4,false,Rx,0,8,09,20,00,00,D5,02,00,00,
836000,000002C5,false,Rx,0,8,00,00,00,00,00,00,00,00,
836000,000002C6,false,Rx,0,8,32,00,7C,01,00,00,00,00,
844000,0000060D,false,Rx,0,8,0D,10,83,B6,09,20,70,00,
884000,00000625,false,Rx,0,8,25,00,59,86,01,54,5C,06,
945000,0000060D,false,Rx,0,8,0D,10,83,B6,09,20,70,00,
955000,00000054,false,Rx,0,8,01,05,EF,00,D5,02,00,00,
955000,00000055,false,Rx,0,8,10,27,00,00,00,00,00,00,
955000,00000056,false,Rx,0,8,10,27,00,00,00,00,00,00,
956000,00000057,false,Rx,0,8,00,00,FE,FF,FE,FF,00,00,
985000,00000625,false,Rx,0,8,25,00,59,86,01,54,5C,06,
44000,0000060D,false,Rx,0,8,0D,10,83,B6,09,20,70,00,
55000,000002C4,false,Rx,0,8,09,20,00,00,D5,02,00,00,
55000,000002C5,false,Rx,0,8,00,00,00,00,00,00,00,00,
55000,000002C6,false,Rx,0,8,32,00,7C,01,00,00,00,00,
84000,00000625,false,Rx,0,8,25,00,59,86,01,54,5C,06,
145000,0000060D,false,Rx,0,8,0D,10,83,B6,09,20,70,00,
154000,00000054,false,Rx,0,8,01,05,EF,00,D5,02,00,00,
154000,00000055,false,Rx,0,8,10,27,00,00,00,00,00,00,
0,00000056,false,Rx,0,8,10,27,00,00,00,00,00,00,
0,00000057,false,Rx,0,8,00,00,FE,FF,FE,FF,00,00,
184000,00000625,false,Rx,0,8,25,00,59,86,01,54,5C,06,
245000,0000060D,false,Rx,0,8,0D,10,83,B6,09,20,70,00,
275000,000002C4,false,Rx,0,8,09,20,00,00,D5,02,00,00,
275000,000002C5,false,Rx,0,8,00,00,00,00,00,00,00,00,
275000,000002C6,false,Rx,0,8,32,00,7C,01,00,00,00,00,
284000,00000625,false,Rx,0,8,25,00,59,86,01,54,5C,06,
344000,0000060D,false,Rx,0,8,0D,10,83,B6,09,20,70,00,
354000,00000054,false,Rx,0,8,01,05,EF,00,D5,02,00,00,
355000,00000055,false,Rx,0,8,10,27,00,00,00,00,00,00,
355000,00000056,false,Rx,0,8,10,27,00,00,00,00,00,00,
355000,00000057,false,Rx,0,8,00,00,FE,FF,FE,FF,00,00,
384000,00000625,false,Rx,0,8,25,00,59,86,01,54,5C,06,
445000,0000060D,false,Rx,0,8,0D,10,83,B6,09,20,70,00,
484000,00000625,false,Rx,0,8,25,00,59,86,01,54,5C,06,
495000,000002C4,false,Rx,0,8,09,20,00,00,D5,02,00,00,
495000,000002C5,false,Rx,0,8,00,00,00,00,00,00,00,00,
495000,000002C6,false,Rx,0,8,32,00,7C,01,00,00,00,00,
545000,0000060D,false,Rx,0,8,0D,10,83,B6,09,20,70,00,
555000,00000054,false,Rx,0,8,01,05,EF,00,D5,02,00,00,
555000,00000055,false,Rx,0,8,10,27,00,00,00,00,00,00,
555000,00000056,false,Rx,0,8,10,27,00,00,00,00,00,00,
555000,00000057,false,Rx,0,8,00,00,FE,FF,FE,FF,00,00,
584000,00000625,false,Rx,0,8,25,00,59,86,01,54,5C,06,
645000,0000060D,false,Rx,0,8,0D,10,83,B6,09,20,70,00,
684000,00000625,false,Rx,0,8,25,00,59,86,01,54,5C,06,
715000,000002C4,false,Rx,0,8,09,20,00,00,D5,02,00,00,
715000,000002C5,false,Rx,0,8,00,00,00,00,00,00,00,00,
715000,000002C6,false,Rx,0,8,32,00,7C,01,00,00,00,00,
745000,0000060D,false,Rx,0,8,0D,10,83,B6,09,20,70,00,
754000,00000054,false,Rx,0,8,01,05,EF,00,D5,02,00,00,
754000,00000055,false,Rx,0,8,10,27,00,00,00,00,00,00,
754000,00000056,false,Rx,0,8,10,27,00,00,00,00,00,00,
755000,00000057,false,Rx,0,8,00,00,FE,FF,FE,FF,00,00,
785000,00000625,false,Rx,0,8,25,00,59,86,01,54,5C,06,
845000,0000060D,false,Rx,0,8,0D,10,83,B6,09,20,70,00,
884000,00000625,false,Rx,0,8,25,00,59,86,01,54,5C,06,
936000,000002C4,false,Rx,0,8,09,20,00,00,D5,02,00,00,
936000,000002C5,false,Rx,0,8,00,00,00,00,00,00,00,00,
936000,000002C6,false,Rx,0,8,32,00,7C,01,00,00,00,00,
944000,0000060D,false,Rx,0,8,0D,10,83,B6,09,20,70,00,
0,00000054,false,Rx,0,8,01,05,EF,00,D5,02,00,00,
0,00000055,false,Rx,0,8,10,27,00,00,00,00,00,00,
955000,00000056,false,Rx,0,8,10,27,00,00,00,00,00,00,
955000,00000057,false,Rx,0,8,00,00,FE,FF,FE,FF,00,00,
984000,00000625,false,Rx,0,8,25,00,59,86,01,54,5C,06,
46000,0000060D,false,Rx,0,8,0D,10,83,B6,09,20,70,00,
84000,00000625,false,Rx,0,8,25,00,59,86,01,54,5C,06,
144000,0000060D,false,Rx,0,8,0D,10,83,B6,09,20,70,00,
155000,00000054,false,Rx,0,8,01,05,EF,00,D5,02,00,00,
155000,00000055,false,Rx,0,8,10,27,00,00,00,00,00,00,
155000,00000056,false,Rx,0,8,10,27,00,00,00,00,00,00,
0,00000057,false,Rx,0,8,00,00,FE,FF,FE,FF,00,00,
0,000002C4,false,Rx,0,8,09,20,00,00,D5,02,00,00,
0,000002C5,false,Rx,0,8,00,00,00,00,00,00,00,00,
0,000002C6,false,Rx,0,8,32,00,7C,01,00,00,00,00,
184000,00000625,false,Rx,0,8,25,00,59,86,01,54,5C,06,
244000,0000060D,false,Rx,0,8,0D,10,83,B6,09,20,70,00,
284000,00000625,false,Rx,0,8,25,00,59,86,01,54,5C,06,
345000,0000060D,false,Rx,0,8,0D,10,83,B6,09,20,70,00,
355000,00000054,false,Rx,0,8,01,05,EF,00,D5,02,00,00,
355000,00000055,false,Rx,0,8,10,27,00,00,00,00,00,00,
355000,00000056,false,Rx,0,8,10,27,00,00,00,00,00,00,
355000,00000057,false,Rx,0,8,00,00,FE,FF,FE,FF,00,00,
375000,000002C4,false,Rx,0,8,09,20,00,00,D5,02,00,00,
376000,000002C5,false,Rx,0,8,00,00,00,00,00,00,00,00,
376000,000002C6,false,Rx,0,8,32,00,7C,01,00,00,00,00,
384000,00000625,false,Rx,0,8,25,00,59,86,01,54,5C,06,
445000,0000060D,false,Rx,0,8,0D,10,83,B6,09,20,70,00,
485000,00000625,false,Rx,0,8,25,00,59,86,01,54,5C,06,
545000,0000060D,false,Rx,0,8,0D,10,83,B6,09,20,70,00,
554000,00000054,false,Rx,0,8,01,05,EF,00,D5,02,00,00,
554000,00000055,false,Rx,0,8,10,27,00,00,00,00,00,00,
554000,00000056,false,Rx,0,8,10,27,00,00,00,00,00,00,
555000,00000057,false,Rx,0,8,00,00,FE,FF,FE,FF,00,00,
583000,00000625,false,Rx,0,8,25,00,59,86,01,54,5C,06,
0,000002C4,false,Rx,0,8,09,20,00,00,D5,02,00,00,
0,000002C5,false,Rx,0,8,00,00,00,00,00,00,00,00,
596000,000002C6,false,Rx,0,8,32,00,7C,01,00,00,00,00,
644000,0000060D,false,Rx,0,8,0D,10,83,B6,09,20,70,00,
684000,00000625,false,Rx,0,8,25,00,59,86,01,54,5C,06,
745000,0000060D,false,Rx,0,8,0D,10,83,B6,09,20,70,00,
755000,00000054,false,Rx,0,8,01,05,EF,00,D5,02,00,00,
755000,00000055,false,Rx,0,8,10,27,00,00,00,00,00,00,
755000,00000056,false,Rx,0,8,10,27,00,00,00,00,00,00,
756000,00000057,false,Rx,0,8,00,00,FE,FF,FE,FF,00,00,
784000,00000625,false,Rx,0,8,25,00,59,86,01,54,5C,06,
815000,000002C4,false,Rx,0,8,09,20,00,00,D5,02,00,00,
815000,000002C5,false,Rx,0,8,00,00,00,00,00,00,00,00,
815000,000002C6,false,Rx,0,8,32,00,7C,01,00,00,00,00,
845000,0000060D,false,Rx,0,8,0D,10,83,B6,09,20,70,00,
884000,00000625,false,Rx,0,8,25,00,59,86,01,54,5C,06,
945000,0000060D,false,Rx,0,8,0D,10,83,B6,09,20,70,00,
0,00000054,false,Rx,0,8,01,05,EF,00,D5,02,00,00,
0,00000055,false,Rx,0,8,10,27,00,00,00,00,00,00,
0,00000056,false,Rx,0,8,10,27,00,00,00,00,00,00,
955000,00000057,false,Rx,0,8,00,00,FE,FF,FE,FF,00,00,
984000,00000625,false,Rx,0,8,25,00,59,86,01,54,5C,06,
35000,000002C4,false,Rx,0,8,09,20,00,00,D5,02,00,00,
35000,000002C5,false,Rx,0,8,00,00,00,00,00,00,00,00,
35000,000002C6,false,Rx,0,8,32,00,7C,01,00,00,00,00,
44000,0000060D,false,Rx,0,8,0D,10,83,B6,09,20,70,00,
84000,00000625,false,Rx,0,8,25,00,59,86,01,54,5C,06,
144000,0000060D,false,Rx,0,8,0D,10,83,B6,09,20,70,00,
155000,00000054,false,Rx,0,8,01,05,EF,00,D5,02,00,00,
155000,00000055,false,Rx,0,8,10,27,00,00,00,00,00,00,
155000,00000056,false,Rx,0,8,10,27,00,00,00,00,00,00,
155000,00000057,false,Rx,0,8,00,00,FE,FF,FE,FF,00,00,
184000,00000625,false,Rx,0,8,25,00,59,86,01,54,5C,06,
244000,0000060D,false,Rx,0,8,0D,10,83,B6,09,20,70,00,
255000,000002C4,false,Rx,0,8,09,20,00,00,D5,02,00,00,
255000,000002C5,false,Rx,0,8,00,00,00,00,00,00,00,00,
255000,000002C6,false,Rx,0,8,32,00,7C,01,00,00,00,00,
284000,00000625,false,Rx,0,8,25,00,59,86,01,54,5C,06,
345000,0000060D,false,Rx,0,8,0D,10,83,B6,09,20,70,00,
354000,00000054,false,Rx,0,8,01,05,EF,00,D5,02,00,00,
354000,00000055,false,Rx,0,8,10,27,00,00,00,00,00,00,
355000,00000056,false,Rx,0,8,10,27,00,00,00,00,00,00,
355000,00000057,false,Rx,0,8,00,00,FE,FF,FE,FF,00,00,
384000,00000625,false,Rx,0,8,25,00,59,86,01,54,5C,06,
445000,0000060D,false,Rx,0,8,0D,10,83,B6,09,20,70,00,
475000,000002C4,false,Rx,0,8,09,20,00,00,D5,02,00,00,
475000,000002C5,false,Rx,0,8,00,00,00,00,00,00,00,00,
475000,000002C6,false,Rx,0,8,32,00,7C,01,00,00,00,00,
484000,00000625,false,Rx,0,8,25,00,59,86,01,54,5C,06,
545000,0000060D,false,Rx,0,8,0D,10,83,B6,09,20,70,00,
554000,00000054,false,Rx,0,8,01,05,EF,00,D5,02,00,00,
554000,00000055,false,Rx,0,8,10,27,00,00,00,00,00,00,
554000,00000056,false,Rx,0,8,10,27,00,00,00,00,00,00,
555000,00000057,false,Rx,0,8,00,00,FE,FF,FE,FF,00,00,
585000,00000625,false,Rx,0,8,25,00,59,86,01,54,5C,06,
645000,0000060D,false,Rx,0,8,0D,10,83,B6,09,20,70,00,
684000,00000625,false,Rx,0,8,25,00,59,86,01,54,5C,06,
0,000002C4,false,Rx,0,8,09,20,00,00,D5,02,00,00,
0,000002C5,false,Rx,0,8,00,00,00,00,00,00,00,00,
695000,000002C6,false,Rx,0,8,32,00,7C,01,00,00,00,00,
745000,0000060D,false,Rx,0,8,0D,10,83,B6,09,20,70,00,
0,00000054,false,Rx,0,8,01,05,EF,00,D5,02,00,00,
0,00000055,false,Rx,0,8,10,27,00,00,00,00,00,00,
0,00000056,false,Rx,0,8,10,27,00,00,00,00,00,00,
0,00000057,false,Rx,0,8,00,00,FE,FF,FE,FF,00,00,
784000,00000625,false,Rx,0,8,25,00,59,86,01,54,5C,06,
844000,0000060D,false,Rx,0,8,0D,10,83,B6,09,20,70,00,
884000,00000625,false,Rx,0,8,25,00,59,86,01,54,5C,06,
915000,000002C4,false,Rx,0,8,09,20,00,00,D5,02,00,00,
915000,000002C5,false,Rx,0,8,00,00,00,00,00,00,00,00,
915000,000002C6,false,Rx,0,8,32,00,7C,01,00,00,00,00,
945000,0000060D,false,Rx,0,8,0D,10,83,B6,09,20,70,00,
0,00000054,false,Rx,0,8,01,05,EF,00,D5,02,00,00,
0,00000055,false,Rx,0,8,10,27,00,00,00,00,00,00,
955000,00000056,false,Rx,0,8,10,27,00,00,00,00,00,00,
955000,00000057,false,Rx,0,8,00,00,FE,FF,FE,FF,00,00,
984000,00000625,false,Rx,0,8,25,00,59,86,01,54,5C,06,
45000,0000060D,false,Rx,0,8,0D,10,83,B6,09,20,70,00,
84000,00000625,false,Rx,0,8,25,00,59,86,01,54,5C,06,
135000,000002C4,false,Rx,0,8,09,20,00,00,D5,02,00,00,
135000,000002C5,false,Rx,0,8,00,00,00,00,00,00,00,00,
135000,000002C6,false,Rx,0,8,32,00,7C,01,00,00,00,00,
145000,0000060D,false,Rx,0,8,0D,10,83,B6,09,20,70,00,
154000,00000054,false,Rx,0,8,01,05,EF,00,D5,02,00,00,
154000,00000055,false,Rx,0,8,10,27,00,00,00,00,00,00,
155000,00000056,false,Rx,0,8,10,27,00,00,00,00,00,00,
155000,00000057,false,Rx,0,8,00,00,FE,FF,FE,FF,00,00,
184000,00000625,false,Rx,0,8,25,00,59,86,01,54,5C,06,
244000,0000060D,false,Rx,0,8,0D,10,83,B6,09,20,70,00,
284000,00000625,false,Rx,0,8,25,00,59,86,01,54,5C,06,
345000,0000060D,false,Rx,0,8,0D,10,83,B6,09,20,70,00,
354000,00000054,false,Rx,0,8,01,05,EF,00,D5,02,00,00,
354000,00000055,false,Rx,0,8,10,27,00,00,00,00,00,00,
354000,00000056,false,Rx,0,8,10,27,00,00,00,00,00,00,
355000,00000057,false,Rx,0,8,00,00,FE,FF,FE,FF,00,00,
355000,000002C4,false,Rx,0,8,09,20,00,00,D5,02,00,00,
355000,000002C5,false,Rx,0,8,00,00,00,00,00,00,00,00,
356000,000002C6,false,Rx,0,8,32,00,7C,01,00,00,00,00,
384000,00000625,false,Rx,0,8,25,00,59,86,01,54,5C,06,
445000,0000060D,false,Rx,0,8,0D,10,83,B6,09,20,70,00,
485000,00000625,false,Rx,0,8,25,00,59,86,01,54,5C,06,
545000,0000060D,false,Rx,0,8,0D,10,83,B6,09,20,70,00,
554000,00000054,false,Rx,0,8,01,05,EF,00,D5,02,00,00,
0,00000055,false,Rx,0,8,10,27,00,00,00,00,00,00,
0,00000056,false,Rx,0,8,10,27,00,00,00,00,00,00,
555000,00000057,false,Rx,0,8,00,00,FE,FF,FE,FF,00,00,
575000,000002C4,false,Rx,0,8,09,20,00,00,D5,02,00,00,
575000,000002C5,false,Rx,0,8,00,00,00,00,00,00,00,00,
575000,000002C6,false,Rx,0,8,32,00,7C,01,00,00,00,00,
584000,00000625,false,Rx,0,8,25,00,59,86,01,54,5C,06,
645000,0000060D,false,Rx,0,8,0D,10,83,B6,09,20,70,00,
684000,00000625,false,Rx,0,8,25,00,59,86,01,54,5C,06,
745000,0000060D,false,Rx,0,8,0D,10,83,B6,09,20,70,00,
755000,00000054,false,Rx,0,8,01,05,EF,00,D5,02,00,00,
755000,00000055,false,Rx,0,8,10,27,00,00,00,00,00,00,
755000,00000056,false,Rx,0,8,10,27,00,00,00,00,00,00,
755000,00000057,false,Rx,0,8,00,00,FE,FF,FE,FF,00,00,
784000,00000625,false,Rx,0,8,25,00,59,86,01,54,5C,06,
795000,000002C4,false,Rx,0,8,09,20,00,00,D5,02,00,00,
795000,000002C5,false,Rx,0,8,00,00,00,00,00,00,00,00,
796000,000002C6,false,Rx,0,8,32,00,7C,01,00,00,00,00,
845000,0000060D,false,Rx,0,8,0D,10,83,B6,09,20,70,00,
884000,00000625,false,Rx,0,8,25,00,59,86,01,54,5C,06,
944000,0000060D,false,Rx,0,8,0D,10,83,B6,09,20,70,00,
954000,00000054,false,Rx,0,8,01,05,EF,00,D5,02,00,00,
954000,00000055,false,Rx,0,8,10,27,00,00,00,00,00,00,
955000,00000056,false,Rx,0,8,10,27,00,00,00,00,00,00,
955000,00000057,false,Rx,0,8,00,00,FE,FF,FE,FF,00,00,
985000,00000625,false,Rx,0,8,25,00,59,86,01,54,5C,06,
0,000002C4,false,Rx,0,8,09,20,00,00,D5,02,00,00,
0,000002C5,false,Rx,0,8,00,00,00,00,00,00,00,00,
16000,000002C6,false,Rx,0,8,32,00,7C,01,00,00,00,00,
45000,0000060D,false,Rx,0,8,0D,10,83,B6,09,20,70,00,
84000,00000625,false,Rx,0,8,25,00,59,86,01,54,5C,06,
145000,0000060D,false,Rx,0,8,0D,10,83,B6,09,20,70,00,
154000,00000054,false,Rx,0,8,01,05,EF,00,D5,02,00,00,
155000,00000055,false,Rx,0,8,10,27,00,00,00,00,00,00,
155000,00000056,false,Rx,0,8,10,27,00,00,00,00,00,00,
155000,00000057,false,Rx,0,8,00,00,FE,FF,FE,FF,00,00,
184000,00000625,false,Rx,0,8,25,00,59,86,01,54,5C,06,
195000,00000065,false,Rx,0,8,D4,02,02,00,00,00,00,00,
0,000002C4,false,Rx,0,8,09,20,00,00,D5,02,00,00,
0,000002C5,false,Rx,0,8,00,00,00,00,00,00,00,00,
0,000002C6,false,Rx,0,8,32,00,7C,01,00,00,00,00,
245000,0000060D,false,Rx,0,8,0D,10,83,B6,09,20,70,00,
284000,00000625,false,Rx,0,8,25,00,59,86,01,54,5C,06,
0,00000065,false,Rx,0,8,D4,02,02,00,00,00,00,00,
0,0000060D,false,Rx,0,8,0D,10,83,B6,09,20,70,00,
354000,00000054,false,Rx,0,8,01,05,EF,00,D4,02,00,00,
355000,00000055,false,Rx,0,8,10,27,00,00,00,00,00,00,
355000,00000056,false,Rx,0,8,10,27,00,00,00,00,00,00,
355000,00000057,false,Rx,0,8,00,00,FE,FF,FE,FF,00,00,
384000,00000625,false,Rx,0,8,25,00,59,86,01,54,5C,06,
444000,0000060D,false,Rx,0,8,0D,10,83,B6,09,20,70,00,
0,000002C4,false,Rx,0,8,09,20,00,00,D4,02,00,00,
0,000002C5,false,Rx,0,8,00,00,00,00,00,00,00,00,
457000,000002C6,false,Rx,0,8,32,00,7C,01,00,00,00,00,
484000,00000625,false,Rx,0,8,25,00,59,86,01,54,5C,06,
495000,00000065,false,Rx,0,8,D4,02,02,00,00,00,00,00,
544000,0000060D,false,Rx,0,8,0D,10,83,B6,09,20,70,00,
554000,00000054,false,Rx,0,8,01,05,EF,00,D4,02,00,00,
554000,00000055,false,Rx,0,8,10,27,00,00,00,00,00,00,
0,00000056,false,Rx,0,8,10,27,00,00,00,00,00,00,
0,00000057,false,Rx,0,8,00,00,FE,FF,FE,FF,00,00,
584000,00000625,false,Rx,0,8,25,00,59,86,01,54,5C,06,
644000,00000065,false,Rx,0,8,D4,02,02,00,00,00,00,00,
644000,0000060D,false,Rx,0,8,0D,10,83,B6,09,20,70,00,
675000,000002C4,false,Rx,0,8,09,20,00,00,D4,02,00,00,
676000,000002C5,false,Rx,0,8,00,00,00,00,00,00,00,00,
676000,000002C6,false,Rx,0,8,32,00,7C,01,00,00,00,00,
684000,00000625,false,Rx,0,8,25,00,59,86,01,54,5C,06,
744000,0000060D,false,Rx,0,8,0D,10,83,B6,09,20,70,00,
755000,00000054,false,Rx,0,8,01,05,EF,00,D4,02,00,00,
755000,00000055,false,Rx,0,8,10,27,00,00,00,00,00,00,
755000,00000056,false,Rx,0,8,10,27,00,00,00,00,00,00,
755000,00000057,false,Rx,0,8,00,00,FE,FF,FE,FF,00,00,
784000,00000625,false,Rx,0,8,25,00,59,86,01,54,5C,06,
846000,0000060D,false,Rx,0,8,0D,10,83,B6,09,20,70,00,
884000,00000625,false,Rx,0,8,25,00,59,86,01,54,5C,06,
895000,000002C4,false,Rx,0,8,09,20,00,00,D4,02,00,00,
895000,000002C5,false,Rx,0,8,00,00,00,00,00,00,00,00,
895000,000002C6,false,Rx,0,8,32,00,7C,01,00,00,00,00,
945000,0000060D,false,Rx,0,8,0D,10,83,B6,09,20,70,00,
0,00000054,false,Rx,0,8,01,05,EF,00,D4,02,00,00,
0,00000055,false,Rx,0,8,10,27,00,00,00,00,00,00,
955000,00000056,false,Rx,0,8,10,27,00,00,00,00,00,00,
955000,00000057,false,Rx,0,8,00,00,FE,FF,FE,FF,00,00,
985000,00000625,false,Rx,0,8,25,00,59,86,01,54,5C,06,
45000,0000060D,false,Rx,0,8,0D,10,83,B6,09,20,70,00,
84000,00000625,false,Rx,0,8,25,00,59,86,01,54,5C,06,
116000,000002C4,false,Rx,0,8,09,20,00,00,D4,02,00,00,
116000,000002C5,false,Rx,0,8,00,00,00,00,00,00,00,00,
116000,000002C6,false,Rx,0,8,32,00,7C,01,00,00,00,00,
145000,0000060D,false,Rx,0,8,0D,10,83,B6,09,20,70,00,
154000,00000054,false,Rx,0,8,01,05,EF,00,D4,02,00,00,
154000,00000055,false,Rx,0,8,10,27,00,00,00,00,00,00,
154000,00000056,false,Rx,0,8,10,27,00,00,00,00,00,00,
155000,00000057,false,Rx,0,8,00,00,FE,FF,FE,FF,00,00,
184000,00000625,false,Rx,0,8,25,00,59,86,01,54,5C,06,
244000,0000060D,false,Rx,0,8,0D,10,83,B6,09,20,70,00,
285000,00000625,false,Rx,0,8,25,00,59,86,01,54,5C,06,
336000,000002C4,false,Rx,0,8,09,20,00,00,D4,02,00,00,
336000,000002C5,false,Rx,0,8,00,00,00,00,00,00,00,00,
336000,000002C6,false,Rx,0,8,32,00,7C,01,00,00,00,00,
345000,0000060D,false,Rx,0,8,0D,10,83,B6,09,20,70,00,
355000,00000054,false,Rx,0,8,01,05,EF,00,D4,02,00,00,
355000,00000055,false,Rx,0,8,10,27,00,00,00,00,00,00,
355000,00000056,false,Rx,0,8,10,27,00,00,00,00,00,00,
355000,00000057,false,Rx,0,8,00,00,FE,FF,FE,FF,00,00,
384000,00000625,false,Rx,0,8,25,00,59,86,01,54,5C,06,
445000,0000060D,false,Rx,0,8,0D,10,83,B6,09,20,70,00,
484000,00000625,false,Rx,0,8,25,00,59,86,01,54,5C,06,
544000,0000060D,false,Rx,0,8,0D,10,83,B6,09,20,70,00,
555000,00000054,false,Rx,0,8,01,05,EF,00,D4,02,00,00,
555000,00000055,false,Rx,0,8,10,27,00,00,00,00,00,00,
555000,00000056,false,Rx,0,8,10,27,00,00,00,00,00,00,
555000,00000057,false,Rx,0,8,00,00,FE,FF,FE,FF,00,00,
556000,000002C4,false,Rx,0,8,09,20,00,00,D4,02,00,00,
556000,000002C5,false,Rx,0,8,00,00,00,00,00,00,00,00,
556000,000002C6,false,Rx,0,8,32,00,7C,01,00,00,00,00,
584000,00000625,false,Rx,0,8,25,00,59,86,01,54,5C,06,
645000,0000060D,false,Rx,0,8,0D,10,83,B6,09,20,70,00,
684000,00000625,false,Rx,0,8,25,00,59,86,01,54,5C,06,
745000,0000060D,false,Rx,0,8,0D,10,83,B6,09,20,70,00,
754000,00000054,false,Rx,0,8,01,05,EF,00,D4,02,00,00,
754000,00000055,false,Rx,0,8,10,27,00,00,00,00,00,00,
0,00000056,false,Rx,0,8,10,27,00,00,00,00,00,00,
0,00000057,false,Rx,0,8,00,00,FE,FF,FE,FF,00,00,
775000,000002C4,false,Rx,0,8,09,20,00,00,D4,02,00,00,
775000,000002C5,false,Rx,0,8,00,00,00,00,00,00,00,00,
775000,000002C6,false,Rx,0,8,32,00,7C,01,00,00,00,00,
785000,00000625,false,Rx,0,8,25,00,59,86,01,54,5C,06,
845000,0000060D,false,Rx,0,8,0D,10,83,B6,09,20,70,00,
884000,00000625,false,Rx,0,8,25,00,59,86,01,54,5C,06,
945000,0000060D,false,Rx,0,8,0D,10,83,B6,09,20,70,00,
0,00000054,false,Rx,0,8,01,05,EF,00,D4,02,00,00,
0,00000055,false,Rx,0,8,10,27,00,00,00,00,00,00,
954000,00000056,false,Rx,0,8,10,27,00,00,00,00,00,00,
956000,00000057,false,Rx,0,8,00,00,FE,FF,FE,FF,00,00,
985000,00000625,false,Rx,0,8,25,00,59,86,01,54,5C,06,
995000,000002C4,false,Rx,0,8,09,20,00,00,D4,02,00,00,
995000,000002C5,false,Rx,0,8,00,00,00,00,00,00,00,00,
995000,000002C6,false,Rx,0,8,32,00,7C,01,00,00,00,00,
45000,0000060D,false,Rx,0,8,0D,10,83,B6,09,20,70,00,
85000,00000625,false,Rx,0,8,25,00,59,86,01,54,5C,06,
144000,0000060D,false,Rx,0,8,0D,10,83,B6,09,20,70,00,
154000,00000054,false,Rx,0,8,01,05,EF,00,D4,02,00,00,
154000,00000055,false,Rx,0,8,10,27,00,00,00,00,00,00,
0,00000056,false,Rx,0,8,10,27,00,00,00,00,00,00,
0,00000057,false,Rx,0,8,00,00,FE,FF,FE,FF,00,00,
184000,00000625,false,Rx,0,8,25,00,59,86,01,54,5C,06,
215000,000002C4,false,Rx,0,8,09,20,00,00,D4,02,00,00,
216000,000002C5,false,Rx,0,8,00,00,00,00,00,00,00,00,
216000,000002C6,false,Rx,0,8,32,00,7C,01,00,00,00,00,
245000,0000060D,false,Rx,0,8,0D,10,83,B6,09,20,70,00,
284000,00000625,false,Rx,0,8,25,00,59,86,01,54,5C,06,
344000,0000060D,false,Rx,0,8,0D,10,83,B6,09,20,70,00,
355000,00000054,false,Rx,0,8,01,05,EF,00,D4,02,00,00,
355000,00000055,false,Rx,0,8,10,27,00,00,00,00,00,00,
355000,00000056,false,Rx,0,8,10,27,00,00,00,00,00,00,
355000,00000057,false,Rx,0,8,00,00,FE,FF,FE,FF,00,00,
384000,00000625,false,Rx,0,8,25,00,59,86,01,54,5C,06,
0,000002C4,false,Rx,0,8,09,20,00,00,D4,02,00,00,
0,000002C5,false,Rx,0,8,00,00,00,00,00,00,00,00,
436000,000002C6,false,Rx,0,8,32,00,7C,01,00,00,00,00,
445000,0000060D,false,Rx,0,8,0D,10,83,B6,09,20,70,00,
484000,00000625,false,Rx,0,8,25,00,59,86,01,54,5C,06,
545000,0000060D,false,Rx,0,8,0D,10,83,B6,09,20,70,00,
555000,00000054,false,Rx,0,8,01,05,EF,00,D4,02,00,00,
555000,00000055,false,Rx,0,8,10,27,00,00,00,00,00,00,
555000,00000056,false,Rx,0,8,10,27,00,00,00,00,00,00,
555000,00000057,false,Rx,0,8,00,00,FE,FF,FE,FF,00,00,
584000,00000625,false,Rx,0,8,25,00,59,86,01,54,5C,06,
645000,0000060D,false,Rx,0,8,0D,10,83,B6,09,20,70,00,
656000,000002C4,false,Rx,0,8,09,20,00,00,D4,02,00,00,
0,000002C5,false,Rx,0,8,00,00,00,00,00,00,00,00,
0,000002C6,false,Rx,0,8,32,00,7C,01,00,00,00,00,
684000,00000625,false,Rx,0,8,25,00,59,86,01,54,5C,06,
744000,0000060D,false,Rx,0,8,0D,10,83,B6,09,20,70,00,
755000,00000054,false,Rx,0,8,01,05,EF,00,D4,02,00,00,
755000,00000055,false,Rx,0,8,10,27,00,00,00,00,00,00,
755000,00000056,false,Rx,0,8,10,27,00,00,00,00,00,00,
756000,00000057,false,Rx,0,8,00,00,FE,FF,FE,FF,00,00,
784000,00000625,false,Rx,0,8,25,00,59,86,01,54,5C,06,
845000,0000060D,false,Rx,0,8,0D,10,83,B6,09,20,70,00,
875000,000002C4,false,Rx,0,8,09,20,00,00,D4,02,00,00,
875000,000002C5,false,Rx,0,8,00,00,00,00,00,00,00,00,
875000,000002C6,false,Rx,0,8,32,00,7C,01,00,00,00,00,
884000,00000625,false,Rx,0,8,25,00,59,86,01,54,5C,06,
944000,0000060D,false,Rx,0,8,0D,10,83,B6,09,20,70,00,
0,00000054,false,Rx,0,8,01,05,EF,00,D4,02,00,00,
0,00000055,false,Rx,0,8,10,27,00,00,00,00,00,00,
955000,00000056,false,Rx,0,8,10,27,00,00,00,00,00,00,
955000,00000057,false,Rx,0,8,00,00,FE,FF,FE,FF,00,00,
984000,00000625,false,Rx,0,8,25,00,59,86,01,54,5C,06,
44000,0000060D,false,Rx,0,8,0D,10,83,B6,09,20,70,00,
84000,00000625,false,Rx,0,8,25,00,59,86,01,54,5C,06,
96000,000002C4,false,Rx,0,8,09,20,00,00,D4,02,00,00,
96000,000002C5,false,Rx,0,8,00,00,00,00,00,00,00,00,
96000,000002C6,false,Rx,0,8,32,00,7C,01,00,00,00,00,
145000,0000060D,false,Rx,0,8,0D,10,83,B6,09,20,70,00,
155000,00000054,false,Rx,0,8,01,05,EF,00,D4,02,00,00,
155000,00000055,false,Rx,0,8,10,27,00,00,00,00,00,00,
155000,00000056,false,Rx,0,8,10,27,00,00,00,00,00,00,
155000,00000057,false,Rx,0,8,00,00,FE,FF,FE,FF,00,00,
184000,00000625,false,Rx,0,8,25,00,59,86,01,54,5C,06,
245000,0000060D,false,Rx,0,8,0D,10,83,B6,09,20,70,00,
284000,00000625,false,Rx,0,8,25,00,59,86,01,54,5C,06,
315000,000002C4,false,Rx,0,8,09,20,00,00,D4,02,00,00,
315000,000002C5,false,Rx,0,8,00,00,00,00,00,00,00,00,
315000,000002C6,false,Rx,0,8,32,00,7C,01,00,00,00,00,
345000,0000060D,false,Rx,0,8,0D,10,83,B6,09,20,70,00,
354000,00000054,false,Rx,0,8,01,05,EF,00,D4,02,00,00,
355000,00000055,false,Rx,0,8,10,27,00,00,00,00,00,00,
355000,00000056,false,Rx,0,8,10,27,00,00,00,00,00,00,
355000,00000057,false,Rx,0,8,00,00,FE,FF,FE,FF,00,00,
384000,00000625,false,Rx,0,8,25,00,59,86,01,54,5C,06,
445000,0000060D,false,Rx,0,8,0D,10,83,B6,09,20,70,00,
485000,00000625,false,Rx,0,8,25,00,59,86,01,54,5C,06,
535000,000002C4,false,Rx,0,8,09,20,00,00,D4,02,00,00,
535000,000002C5,false,Rx,0,8,00,00,00,00,00,00,00,00,
535000,000002C6,false,Rx,0,8,32,00,7C,01,00,00,00,00,
545000,0000060D,false,Rx,0,8,0D,10,83,B6,09,20,70,00,
555000,00000054,false,Rx,0,8,01,05,EF,00,D4,02,00,00,
556000,00000055,false,Rx,0,8,10,27,00,00,00,00,00,00,
0,00000056,false,Rx,0,8,10,27,00,00,00,00,00,00,
0,00000057,false,Rx,0,8,00,00,FE,FF,FE,FF,00,00,
584000,00000625,false,Rx,0,8,25,00,59,86,01,54,5C,06,
645000,0000060D,false,Rx,0,8,0D,10,83,B6,09,20,70,00,
684000,00000625,false,Rx,0,8,25,00,59,86,01,54,5C,06,
744000,0000060D,false,Rx,0,8,0D,10,83,B6,09,20,70,00,
755000,00000054,false,Rx,0,8,01,05,EF,00,D4,02,00,00,
755000,00000055,false,Rx,0,8,10,27,00,00,00,00,00,00,
755000,00000056,false,Rx,0,8,10,27,00,00,00,00,00,00,
756000,00000057,false,Rx,0,8,00,00,FE,FF,FE,FF,00,00,
756000,000002C4,false,Rx,0,8,09,20,00,00,D4,02,00,00,
0,000002C5,false,Rx,0,8,00,00,00,00,00,00,00,00,
0,000002C6,false,Rx,0,8,32,00,7C,01,00,00,00,00,
784000,00000625,false,Rx,0,8,25,00,59,86,01,54,5C,06,
845000,0000060D,false,Rx,0,8,0D,10,83,B6,09,20,70,00,
884000,00000625,false,Rx,0,8,25,00,59,86,01,54,5C,06,
945000,0000060D,false,Rx,0,8,0D,10,83,B6,09,20,70,00,
0,00000054,false,Rx,0,8,01,05,EF,00,D4,02,00,00,
0,00000055,false,Rx,0,8,10,27,00,00,00,00,00,00,
954000,00000056,false,Rx,0,8,10,27,00,00,00,00,00,00,
955000,00000057,false,Rx,0,8,00,00,FE,FF,FE,FF,00,00,
975000,000002C4,false,Rx,0,8,09,20,00,00,D4,02,00,00,
975000,000002C5,false,Rx,0,8,00,00,00,00,00,00,00,00,
975000,000002C6,false,Rx,0,8,32,00,7C,01,00,00,00,00,
984000,00000625,false,Rx,0,8,25,00,59,86,01,54,5C,06,
45000,0000060D,false,Rx,0,8,0D,10,83,B6,09,20,70,00,
84000,00000625,false,Rx,0,8,25,00,59,86,01,54,5C,06,
145000,0000060D,false,Rx,0,8,0D,10,83,B6,09,20,70,00,
154000,00000054,false,Rx,0,8,01,05,EF,00,D4,02,00,00,
154000,00000055,false,Rx,0,8,10,27,00,00,00,00,00,00,
155000,00000056,false,Rx,0,8,10,27,00,00,00,00,00,00,
155000,00000057,false,Rx,0,8,00,00,FE,FF,FE,FF,00,00,
184000,00000625,false,Rx,0,8,25,00,59,86,01,54,5C,06,
195000,000002C4,false,Rx,0,8,09,20,00,00,D4,02,00,00,
195000,000002C5,false,Rx,0,8,00,00,00,00,00,00,00,00,
195000,000002C6,false,Rx,0,8,32,00,7C,01,00,00,00,00,
245000,0000060D,false,Rx,0,8,0D,10,83,B6,09,20,70,00,
284000,00000625,false,Rx,0,8,25,00,59,86,01,54,5C,06,
344000,0000060D,false,Rx,0,8,0D,10,83,B6,09,20,70,00,
354000,00000054,false,Rx,0,8,01,05,EF,00,D4,02,00,00,
354000,00000055,false,Rx,0,8,10,27,00,00,00,00,00,00,
355000,00000056,false,Rx,0,8,10,27,00,00,00,00,00,00,
355000,00000057,false,Rx,0,8,00,00,FE,FF,FE,FF,00,00,
384000,00000625,false,Rx,0,8,25,00,59,86,01,54,5C,06,
416000,000002C4,false,Rx,0,8,09,20,00,00,D4,02,00,00,
416000,000002C5,false,Rx,0,8,00,00,00,00,00,00,00,00,
416000,000002C6,false,Rx,0,8,32,00,7C,01,00,00,00,00,
445000,0000060D,false,Rx,0,8,0D,10,83,B6,09,20,70,00,
485000,00000625,false,Rx,0,8,25,00,59,86,01,54,5C,06,
544000,0000060D,false,Rx,0,8,0D,10,83,B6,09,20,70,00,
555000,00000054,false,Rx,0,8,01,05,EF,00,D4,02,00,00,
555000,00000055,false,Rx,0,8,10,27,00,00,00,00,00,00,
555000,00000056,false,Rx,0,8,10,27,00,00,00,00,00,00,
556000,00000057,false,Rx,0,8,00,00,FE,FF,FE,FF,00,00,
584000,00000625,false,Rx,0,8,25,00,59,86,01,54,5C,06,
635000,000002C4,false,Rx,0,8,09,20,00,00,D4,02,00,00,
635000,000002C5,false,Rx,0,8,00,00,00,00,00,00,00,00,
635000,000002C6,false,Rx,0,8,32,00,7C,01,00,00,00,00,
645000,0000060D,false,Rx,0,8,0D,10,83,B6,09,20,70,00,
684000,00000625,false,Rx,0,8,25,00,59,86,01,54,5C,06,
745000,0000060D,false,Rx,0,8,0D,10,83,B6,09,20,70,00,
755000,00000054,false,Rx,0,8,01,05,EF,00,D4,02,00,00,
755000,00000055,false,Rx,0,8,10,27,00,00,00,00,00,00,
755000,00000056,false,Rx,0,8,10,27,00,00,00,00,00,00,
755000,00000057,false,Rx,0,8,00,00,FE,FF,FE,FF,00,00,
784000,00000625,false,Rx,0,8,25,00,59,86,01,54,5C,06,
845000,0000060D,false,Rx,0,8,0D,10,83,B6,09,20,70,00,
855000,000002C4,false,Rx,0,8,09,20,00,00,D4,02,00,00,
855000,000002C5,false,Rx,0,8,00,00,00,00,00,00,00,00,
855000,000002C6,false,Rx,0,8,32,00,7C,01,00,00,00,00,
885000,00000625,false,Rx,0,8,25,00,59,86,01,54,5C,06,
945000,0000060D,false,Rx,0,8,0D,10,83,B6,09,20,70,00,
954000,00000054,false,Rx,0,8,01,05,EF,00,D4,02,00,00,
954000,00000055,false,Rx,0,8,10,27,00,00,00,00,00,00,
954000,00000056,false,Rx,0,8,10,27,00,00,00,00,00,00,
955000,00000057,false,Rx,0,8,00,00,FE,FF,FE,FF,00,00,
985000,00000625,false,Rx,0,8,25,00,59,86,01,54,5C,06,
45000,0000060D,false,Rx,0,8,0D,10,83,B6,09,20,70,00,
75000,000002C4,false,Rx,0,8,09,20,00,00,D4,02,00,00,
75000,000002C5,false,Rx,0,8,00,00,00,00,00,00,00,00,
75000,000002C6,false,Rx,0,8,32,00,7C,01,00,00,00,00,
85000,00000625,false,Rx,0,8,25,00,59,86,01,54,5C,06,
145000,0000060D,false,Rx,0,8,0D,10,83,B6,09,20,70,00,
154000,00000054,false,Rx,0,8,01,05,EF,00,D4,02,00,00,
155000,00000055,false,Rx,0,8,10,27,00,00,00,00,00,00,
155000,00000056,false,Rx,0,8,10,27,00,00,00,00,00,00,
155000,00000057,false,Rx,0,8,00,00,FE,FF,FE,FF,00,00,
184000,00000625,false,Rx,0,8,25,00,59,86,01,54,5C,06,
244000,0000060D,false,Rx,0,8,0D,10,83,B6,09,20,70,00,
285000,00000625,false,Rx,0,8,25,00,59,86,01,54,5C,06,
295000,000002C4,false,Rx,0,8,09,20,00,00,D4,02,00,00,
295000,000002C5,false,Rx,0,8,00,00,00,00,00,00,00,00,
295000,000002C6,false,Rx,0,8,32,00,7C,01,00,00,00,00,
345000,0000060D,false,Rx,0,8,0D,10,83,B6,09,20,70,00,
354000,00000054,false,Rx,0,8,01,05,EF,00,D4,02,00,00,
354000,00000055,false,Rx,0,8,10,27,00,00,00,00,00,00,
354000,00000056,false,Rx,0,8,10,27,00,00,00,00,00,00,
355000,00000057,false,Rx,0,8,00,00,FE,FF,FE,FF,00,00,
385000,00000625,false,Rx,0,8,25,00,59,86,01,54,5C,06,
445000,0000060D,false,Rx,0,8,0D,10,83,B6,09,20,70,00,
484000,00000625,false,Rx,0,8,25,00,59,86,01,54,5C,06,
0,000002C4,false,Rx,0,8,09,20,00,00,D4,02,00,00,
0,000002C5,false,Rx,0,8,00,00,00,00,00,00,00,00,
516000,000002C6,false,Rx,0,8,32,00,7C,01,00,00,00,00,
545000,0000060D,false,Rx,0,8,0D,10,83,B6,09,20,70,00,
554000,00000054,false,Rx,0,8,01,05,EF,00,D4,02,00,00,
554000,00000055,false,Rx,0,8,10,27,00,00,00,00,00,00,
555000,00000056,false,Rx,0,8,10,27,00,00,00,00,00,00,
555000,00000057,false,Rx,0,8,00,00,FE,FF,FE,FF,00,00,
584000,00000625,false,Rx,0,8,25,00,59,86,01,54,5C,06,
645000,0000060D,false,Rx,0,8,0D,10,83,B6,09,20,70,00,
684000,00000625,false,Rx,0,8,25,00,59,86,01,54,5C,06,
735000,000002C4,false,Rx,0,8,09,20,00,00,D4,02,00,00,
735000,000002C5,false,Rx,0,8,00,00,00,00,00,00,00,00,
736000,000002C6,false,Rx,0,8,32,00,7C,01,00,00,00,00,
744000,0000060D,false,Rx,0,8,0D,10,83,B6,09,20,70,00,
755000,00000054,false,Rx,0,8,01,05,EF,00,D4,02,00,00,
755000,00000055,false,Rx,0,8,10,27,00,00,00,00,00,00,
755000,00000056,false,Rx,0,8,10,27,00,00,00,00,00,00,
756000,00000057,false,Rx,0,8,00,00,FE,FF,FE,FF,00,00,
785000,00000625,false,Rx,0,8,25,00,59,86,01,54,5C,06,
845000,0000060D,false,Rx,0,8,0D,10,83,B6,09,20,70,00,
885000,00000625,false,Rx,0,8,25,00,59,86,01,54,5C,06,
945000,0000060D,false,Rx,0,8,0D,10,83,B6,09,20,70,00,
0,00000054,false,Rx,0,8,01,05,EF,00,D4,02,00,00,
0,00000055,false,Rx,0,8,10,27,00,00,00,00,00,00,
955000,00000056,false,Rx,0,8,10,27,00,00,00,00,00,00,
955000,00000057,false,Rx,0,8,00,00,FE,FF,FE,FF,00,00,
955000,000002C4,false,Rx,0,8,09,20,00,00,D4,02,00,00,
956000,000002C5,false,Rx,0,8,00,00,00,00,00,00,00,00,
956000,000002C6,false,Rx,0,8,32,00,7C,01,00,00,00,00,
985000,00000625,false,Rx,0,8,25,00,59,86,01,54,5C,06,
44000,0000060D,false,Rx,0,8,0D,10,83,B6,09,20,70,00,
84000,00000625,false,Rx,0,8,25,00,59,86,01,54,5C,06,
145000,0000060D,false,Rx,0,8,0D,10,83,B6,09,20,70,00,
155000,00000054,false,Rx,0,8,01,05,EF,00,D4,02,00,00,
155000,00000055,false,Rx,0,8,10,27,00,00,00,00,00,00,
155000,00000056,false,Rx,0,8,10,27,00,00,00,00,00,00,
156000,00000057,false,Rx,0,8,00,00,FE,FF,FE,FF,00,00,
0,000002C4,false,Rx,0,8,09,20,00,00,D4,02,00,00,
0,000002C5,false,Rx,0,8,00,00,00,00,00,00,00,00,
176000,000002C6,false,Rx,0,8,32,00,7C,01,00,00,00,00,
184000,00000625,false,Rx,0,8,25,00,59,86,01,54,5C,06,
245000,0000060D,false,Rx,0,8,0D,10,83,B6,09,20,70,00,
285000,00000625,false,Rx,0,8,25,00,59,86,01,54,5C,06,
344000,0000060D,false,Rx,0,8,0D,10,83,B6,09,20,70,00,
355000,00000054,false,Rx,0,8,01,05,EF,00,D4,02,00,00,
355000,00000055,false,Rx,0,8,10,27,00,00,00,00,00,00,
355000,00000056,false,Rx,0,8,10,27,00,00,00,00,00,00,
355000,00000057,false,Rx,0,8,00,00,FE,FF,FE,FF,00,00,
384000,00000625,false,Rx,0,8,25,00,59,86,01,54,5C,06,
395000,000002C4,false,Rx,0,8,09,20,00,00,D4,02,00,00,
395000,000002C5,false,Rx,0,8,00,00,00,00,00,00,00,00,
395000,000002C6,false,Rx,0,8,32,00,7C,01,00,00,00,00,
445000,0000060D,false,Rx,0,8,0D,10,83,B6,09,20,70,00,
484000,00000625,false,Rx,0,8,25,00,59,86,01,54,5C,06,
545000,0000060D,false,Rx,0,8,0D,10,83,B6,09,20,70,00,
554000,00000054,false,Rx,0,8,01,05,EF,00,D4,02,00,00,
555000,00000055,false,Rx,0,8,10,27,00,00,00,00,00,00,
555000,00000056,false,Rx,0,8,10,27,00,00,00,00,00,00,
555000,00000057,false,Rx,0,8,00,00,FE,FF,FE,FF,00,00,
584000,00000625,false,Rx,0,8,25,00,59,86,01,54,5C,06,
615000,000002C4,false,Rx,0,8,09,20,00,00,D4,02,00,00,
615000,000002C5,false,Rx,0,8,00,00,00,00,00,00,00,00,
616000,000002C6,false,Rx,0,8,32,00,7C,01,00,00,00,00,
645000,0000060D,false,Rx,0,8,0D,10,83,B6,09,20,70,00,
684000,00000625,false,Rx,0,8,25,00,59,86,01,54,5C,06,
744000,0000060D,false,Rx,0,8,0D,10,83,B6,09,20,70,00,
0,00000054,false,Rx,0,8,01,05,EF,00,D4,02,00,00,
0,00000055,false,Rx,0,8,10,27,00,00,00,00,00,00,
0,00000056,false,Rx,0,8,10,27,00,00,00,00,00,00,
0,00000057,false,Rx,0,8,00,00,FE,FF,FE,FF,00,00,
785000,00000625,false,Rx,0,8,25,00,59,86,01,54,5C,06,
835000,000002C4,false,Rx,0,8,09,20,00,00,D4,02,00,00,
835000,000002C5,false,Rx,0,8,00,00,00,00,00,00,00,00,
835000,000002C6,false,Rx,0,8,32,00,7C,01,00,00,00,00,
845000,0000060D,false,Rx,0,8,0D,10,83,B6,09,20,70,00,
884000,00000625,false,Rx,0,8,25,00,59,86,01,54,5C,06,
945000,0000060D,false,Rx,0,8,0D,10,83,B6,09,20,70,00,
0,00000054,false,Rx,0,8,01,05,EF,00,D4,02,00,00,
0,00000055,false,Rx,0,8,10,27,00,00,00,00,00,00,
0,00000056,false,Rx,0,8,10,27,00,00,00,00,00,00,
956000,00000057,false,Rx,0,8,00,00,FE,FF,FE,FF,00,00,
985000,00000625,false,Rx,0,8,25,00,59,86,01,54,5C,06,
45000,0000060D,false,Rx,0,8,0D,10,83,B6,09,20,70,00,
55000,000002C4,false,Rx,0,8,09,20,00,00,D4,02,00,00,
55000,000002C5,false,Rx,0,8,00,00,00,00,00,00,00,00,
55000,000002C6,false,Rx,0,8,32,00,7C,01,00,00,00,00,
84000,00000625,false,Rx,0,8,25,00,59,86,01,54,5C,06,
145000,0000060D,false,Rx,0,8,0D,10,83,B6,09,20,70,00,
154000,00000054,false,Rx,0,8,01,05,EF,00,D4,02,00,00,
155000,00000055,false,Rx,0,8,10,27,00,00,00,00,00,00,
155000,00000056,false,Rx,0,8,10,27,00,00,00,00,00,00,
155000,00000057,false,Rx,0,8,00,00,FE,FF,FE,FF,00,00,
184000,00000625,false,Rx,0,8,25,00,59,86,01,54,5C,06,
244000,0000060D,false,Rx,0,8,0D,10,83,B6,09,20,70,00,
276000,000002C4,false,Rx,0,8,09,20,00,00,D4,02,00,00,
276000,000002C5,false,Rx,0,8,00,00,00,00,00,00,00,00,
276000,000002C6,false,Rx,0,8,32,00,7C,01,00,00,00,00,
284000,00000625,false,Rx,0,8,25,00,59,86,01,54,5C,06,
344000,0000060D,false,Rx,0,8,0D,10,83,B6,09,20,70,00,
355000,00000054,false,Rx,0,8,01,05,EF,00,D4,02,00,00,
355000,00000055,false,Rx,0,8,10,27,00,00,00,00,00,00,
355000,00000056,false,Rx,0,8,10,27,00,00,00,00,00,00,
355000,00000057,false,Rx,0,8,00,00,FE,FF,FE,FF,00,00,
384000,00000625,false,Rx,0,8,25,00,59,86,01,54,5C,06,
445000,0000060D,false,Rx,0,8,0D,10,83,B6,09,20,70,00,
485000,00000625,false,Rx,0,8,25,00,59,86,01,54,5C,06,
495000,000002C4,false,Rx,0,8,09,20,00,00,D4,02,00,00,
495000,000002C5,false,Rx,0,8,00,00,00,00,00,00,00,00,
495000,000002C6,false,Rx,0,8,32,00,7C,01,00,00,00,00,
545000,0000060D,false,Rx,0,8,0D,10,83,B6,09,20,70,00,
0,00000054,false,Rx,0,8,01,05,EF,00,D4,02,00,00,
0,00000055,false,Rx,0,8,10,27,00,00,00,00,00,00,
0,00000056,false,Rx,0,8,10,27,00,00,00,00,00,00,
0,00000057,false,Rx,0,8,00,00,FE,FF,FE,FF,00,00,
584000,00000625,false,Rx,0,8,25,00,59,86,01,54,5C,06,
645000,0000060D,false,Rx,0,8,0D,10,83,B6,09,20,70,00,
684000,00000625,false,Rx,0,8,25,00,59,86,01,54,5C,06,
715000,000002C4,false,Rx,0,8,09,20,00,00,D4,02,00,00,
715000,000002C5,false,Rx,0,8,00,00,00,00,00,00,00,00,
715000,000002C6,false,Rx,0,8,32,00,7C,01,00,00,00,00,
745000,0000060D,false,Rx,0,8,0D,10,83,B6,09,20,70,00,
755000,00000054,false,Rx,0,8,01,05,EF,00,D4,02,00,00,
755000,00000055,false,Rx,0,8,10,27,00,00,00,00,00,00,
755000,00000056,false,Rx,0,8,10,27,00,00,00,00,00,00,
755000,00000057,false,Rx,0,8,00,00,FE,FF,FE,FF,00,00,
784000,00000625,false,Rx,0,8,25,00,59,86,01,54,5C,06,
845000,0000060D,false,Rx,0,8,0D,10,83,B6,09,20,70,00,
885000,00000625,false,Rx,0,8,25,00,59,86,01,54,5C,06,
935000,000002C4,false,Rx,0,8,09,20,00,00,D4,02,00,00,
935000,000002C5,false,Rx,0,8,00,00,00,00,00,00,00,00,
935000,000002C6,false,Rx,0,8,32,00,7C,01,00,00,00,00,
945000,0000060D,false,Rx,0,8,0D,10,83,B6,09,20,70,00,
0,00000054,false,Rx,0,8,01,05,EF,00,D4,02,00,00,
0,00000055,false,Rx,0,8,10,27,00,00,00,00,00,00,
955000,00000056,false,Rx,0,8,10,27,00,00,00,00,00,00,
955000,00000057,false,Rx,0,8,00,00,FE,FF,FE,FF,00,00,
985000,00000625,false,Rx,0,8,25,00,59,86,01,54,5C,06,
44000,0000060D,false,Rx,0,8,0D,10,83,B6,09,20,70,00,
85000,00000625,false,Rx,0,8,25,00,59,86,01,54,5C,06,
145000,0000060D,false,Rx,0,8,0D,10,83,B6,09,20,70,00,
154000,00000054,false,Rx,0,8,01,05,EF,00,D4,02,00,00,
155000,00000055,false,Rx,0,8,10,27,00,00,00,00,00,00,
0,00000056,false,Rx,0,8,10,27,00,00,00,00,00,00,
0,00000057,false,Rx,0,8,00,00,FE,FF,FE,FF,00,00,
155000,000002C4,false,Rx,0,8,09,20,00,00,D4,02,00,00,
155000,000002C5,false,Rx,0,8,00,00,00,00,00,00,00,00,
155000,000002C6,false,Rx,0,8,32,00,7C,01,00,00,00,00,
184000,00000625,false,Rx,0,8,25,00,59,86,01,54,5C,06,
244000,0000060D,false,Rx,0,8,0D,10,83,B6,09,20,70,00,
285000,00000625,false,Rx,0,8,25,00,59,86,01,54,5C,06,
345000,0000060D,false,Rx,0,8,0D,10,83,B6,09,20,70,00,
355000,00000054,false,Rx,0,8,01,05,EF,00,D4,02,00,00,
355000,00000055,false,Rx,0,8,10,27,00,00,00,00,00,00,
355000,00000056,false,Rx,0,8,10,27,00,00,00,00,00,00,
355000,00000057,false,Rx,0,8,00,00,FE,FF,FE,FF,00,00,
375000,000002C4,false,Rx,0,8,09,20,00,00,D4,02,00,00,
375000,000002C5,false,Rx,0,8,00,00,00,00,00,00,00,00,
375000,000002C6,false,Rx,0,8,32,00,7C,01,00,00,00,00,
384000,00000625,false,Rx,0,8,25,00,59,86,01,54,5C,06,
445000,0000060D,false,Rx,0,8,0D,10,83,B6,09,20,70,00,
484000,00000625,false,Rx,0,8,25,00,59,86,01,54,5C,06,
545000,0000060D,false,Rx,0,8,0D,10,83,B6,09,20,70,00,
554000,00000054,false,Rx,0,8,01,05,EF,00,D4,02,00,00,
554000,00000055,false,Rx,0,8,10,27,00,00,00,00,00,00,
555000,00000056,false,Rx,0,8,10,27,00,00,00,00,00,00,
555000,00000057,false,Rx,0,8,00,00,FE,FF,FE,FF,00,00,
584000,00000625,false,Rx,0,8,25,00,59,86,01,54,5C,06,
595000,000002C4,false,Rx,0,8,09,20,00,00,D4,02,00,00,
595000,000002C5,false,Rx,0,8,00,00,00,00,00,00,00,00,
595000,000002C6,false,Rx,0,8,32,00,7C,01,00,00,00,00,
645000,0000060D,false,Rx,0,8,0D,10,83,B6,09,20,70,00,
685000,00000625,false,Rx,0,8,25,00,59,86,01,54,5C,06,
745000,0000060D,false,Rx,0,8,0D,10,83,B6,09,20,70,00,
0,00000054,false,Rx,0,8,01,05,EF,00,D4,02,00,00,
0,00000055,false,Rx,0,8,10,27,00,00,00,00,00,00,
755000,00000056,false,Rx,0,8,10,27,00,00,00,00,00,00,
755000,00000057,false,Rx,0,8,00,00,FE,FF,FE,FF,00,00,
784000,00000625,false,Rx,0,8,25,00,59,86,01,54,5C,06,
815000,000002C4,false,Rx,0,8,09,20,00,00,D4,02,00,00,
815000,000002C5,false,Rx,0,8,00,00,00,00,00,00,00,00,
816000,000002C6,false,Rx,0,8,32,00,7C,01,00,00,00,00,
845000,0000060D,false,Rx,0,8,0D,10,83,B6,09,20,70,00,
884000,00000625,false,Rx,0,8,25,00,59,86,01,54,5C,06,
945000,0000060D,false,Rx,0,8,0D,10,83,B6,09,20,70,00,
0,00000054,false,Rx,0,8,01,05,EF,00,D4,02,00,00,
0,00000055,false,Rx,0,8,10,27,00,00,00,00,00,00,
0,00000056,false,Rx,0,8,10,27,00,00,00,00,00,00,
0,00000057,false,Rx,0,8,00,00,FE,FF,FE,FF,00,00,
984000,00000625,false,Rx,0,8,25,00,59,86,01,54,5C,06,
0,000002C4,false,Rx,0,8,09,20,00,00,D4,02,00,00,
0,000002C5,false,Rx,0,8,00,00,00,00,00,00,00,00,
36000,000002C6,false,Rx,0,8,32,00,7C,01,00,00,00,00,
45000,0000060D,false,Rx,0,8,0D,10,83,B6,09,20,70,00,
84000,00000625,false,Rx,0,8,25,00,59,86,01,54,5C,06,
145000,0000060D,false,Rx,0,8,0D,10,83,B6,09,20,70,00,
154000,00000054,false,Rx,0,8,01,05,EF,00,D4,02,00,00,
155000,00000055,false,Rx,0,8,10,27,00,00,00,00,00,00,
0,00000056,false,Rx,0,8,10,27,00,00,00,00,00,00,
0,00000057,false,Rx,0,8,00,00,FE,FF,FE,FF,00,00,
184000,00000625,false,Rx,0,8,25,00,59,86,01,54,5C,06,
245000,0000060D,false,Rx,0,8,0D,10,83,B6,09,20,70,00,
256000,000002C4,false,Rx,0,8,09,20,00,00,D4,02,00,00,
256000,000002C5,false,Rx,0,8,00,00,00,00,00,00,00,00,
256000,000002C6,false,Rx,0,8,32,00,7C,01,00,00,00,00,
284000,00000625,false,Rx,0,8,25,00,59,86,01,54,5C,06,
345000,0000060D,false,Rx,0,8,0D,10,83,B6,09,20,70,00,
355000,00000054,false,Rx,0,8,01,05,EF,00,D4,02,00,00,
355000,00000055,false,Rx,0,8,10,27,00,00,00,00,00,00,
355000,00000056,false,Rx,0,8,10,27,00,00,00,00,00,00,
355000,00000057,false,Rx,0,8,00,00,FE,FF,FE,FF,00,00,
385000,00000625,false,Rx,0,8,25,00,59,86,01,54,5C,06,
445000,0000060D,false,Rx,0,8,0D,10,83,B6,09,20,70,00,
475000,000002C4,false,Rx,0,8,09,20,00,00,D4,02,00,00,
475000,000002C5,false,Rx,0,8,00,00,00,00,00,00,00,00,
475000,000002C6,false,Rx,0,8,32,00,7C,01,00,00,00,00,
485000,00000625,false,Rx,0,8,25,00,59,86,01,54,5C,06,
545000,0000060D,false,Rx,0,8,0D,10,83,B6,09,20,70,00,
0,00000054,false,Rx,0,8,01,05,EF,00,D4,02,00,00,
0,00000055,false,Rx,0,8,10,27,00,00,00,00,00,00,
555000,00000056,false,Rx,0,8,10,27,00,00,00,00,00,00,
555000,00000057,false,Rx,0,8,00,00,FE,FF,FE,FF,00,00,
585000,00000625,false,Rx,0,8,25,00,59,86,01,54,5C,06,
645000,0000060D,false,Rx,0,8,0D,10,83,B6,09,20,70,00,
685000,00000625,false,Rx,0,8,25,00,59,86,01,54,5C,06,
695000,000002C4,false,Rx,0,8,09,20,00,00,D4,02,00,00,
695000,000002C5,false,Rx,0,8,00,00,00,00,00,00,00,00,
695000,000002C6,false,Rx,0,8,32,00,7C,01,00,00,00,00,
745000,0000060D,false,Rx,0,8,0D,10,83,B6,09,20,70,00,
755000,00000054,false,Rx,0,8,01,05,EF,00,D4,02,00,00,
755000,00000055,false,Rx,0,8,10,27,00,00,00,00,00,00,
0,00000056,false,Rx,0,8,10,27,00,00,00,00,00,00,
0,00000057,false,Rx,0,8,00,00,FE,FF,FE,FF,00,00,
785000,00000625,false,Rx,0,8,25,00,59,86,01,54,5C,06,
845000,0000060D,false,Rx,0,8,0D,10,83,B6,09,20,70,00,
885000,00000625,false,Rx,0,8,25,00,59,86,01,54,5C,06,
915000,000002C4,false,Rx,0,8,09,20,00,00,D4,02,00,00,
915000,000002C5,false,Rx,0,8,00,00,00,00,00,00,00,00,
915000,000002C6,false,Rx,0,8,32,00,7C,01,00,00,00,00,
945000,0000060D,false,Rx,0,8,0D,10,83,B6,09,20,70,00,
0,00000054,false,Rx,0,8,01,05,EF,00,D4,02,00,00,
0,00000055,false,Rx,0,8,10,27,00,00,00,00,00,00,
0,00000056,false,Rx,0,8,10,27,00,00,00,00,00,00,
0,00000057,false,Rx,0,8,00,00,FE,FF,FE,FF,00,00,
985000,00000625,false,Rx,0,8,25,00,59,86,01,54,5C,06,
44000,0000060D,false,Rx,0,8,0D,10,83,B6,09,20,70,00,
84000,00000625,false,Rx,0,8,25,00,59,86,01,54,5C,06,
136000,000002C4,false,Rx,0,8,09,20,00,00,D4,02,00,00,
136000,000002C5,false,Rx,0,8,00,00,00,00,00,00,00,00,
136000,000002C6,false,Rx,0,8,32,00,7C,01,00,00,00,00,
145000,0000060D,false,Rx,0,8,0D,10,83,B6,09,20,70,00,
155000,00000054,false,Rx,0,8,01,05,EF,00,D4,02,00,00,
155000,00000055,false,Rx,0,8,10,27,00,00,00,00,00,00,
155000,00000056,false,Rx,0,8,10,27,00,00,00,00,00,00,
155000,00000057,false,Rx,0,8,00,00,FE,FF,FE,FF,00,00,
184000,00000625,false,Rx,0,8,25,00,59,86,01,54,5C,06,
245000,0000060D,false,Rx,0,8,0D,10,83,B6,09,20,70,00,
284000,00000625,false,Rx,0,8,25,00,59,86,01,54,5C,06,
344000,0000060D,false,Rx,0,8,0D,10,83,B6,09,20,70,00,
354000,00000054,false,Rx,0,8,01,05,EF,00,D4,02,00,00,
355000,00000055,false,Rx,0,8,10,27,00,00,00,00,00,00,
355000,00000056,false,Rx,0,8,10,27,00,00,00,00,00,00,
355000,00000057,false,Rx,0,8,00,00,FE,FF,FE,FF,00,00,
355000,000002C4,false,Rx,0,8,09,20,00,00,D4,02,00,00,
355000,000002C5,false,Rx,0,8,00,00,00,00,00,00,00,00,
356000,000002C6,false,Rx,0,8,32,00,7C,01,00,00,00,00,
385000,00000625,false,Rx,0,8,25,00,59,86,01,54,5C,06,
445000,0000060D,false,Rx,0,8,0D,10,83,B6,09,20,70,00,
485000,00000625,false,Rx,0,8,25,00,59,86,01,54,5C,06,
545000,0000060D,false,Rx,0,8,0D,10,83,B6,09,20,70,00,
554000,00000054,false,Rx,0,8,01,05,EF,00,D4,02,00,00,
554000,00000055,false,Rx,0,8,10,27,00,00,00,00,00,00,
554000,00000056,false,Rx,0,8,10,27,00,00,00,00,00,00,
555000,00000057,false,Rx,0,8,00,00,FE,FF,FE,FF,00,00,
575000,000002C4,false,Rx,0,8,09,20,00,00,D4,02,00,00,
575000,000002C5,false,Rx,0,8,00,00,00,00,00,00,00,00,
575000,000002C6,false,Rx,0,8,32,00,7C,01,00,00,00,00,
584000,00000625,false,Rx,0,8,25,00,59,86,01,54,5C,06,
645000,0000060D,false,Rx,0,8,0D,10,83,B6,09,20,70,00,
684000,00000625,false,Rx,0,8,25,00,59,86,01,54,5C,06,
745000,0000060D,false,Rx,0,8,0D,10,83,B6,09,20,70,00,
755000,00000054,false,Rx,0,8,01,05,EF,00,D4,02,00,00,
755000,00000055,false,Rx,0,8,10,27,00,00,00,00,00,00,
755000,00000056,false,Rx,0,8,10,27,00,00,00,00,00,00,
756000,00000057,false,Rx,0,8,00,00,FE,FF,FE,FF,00,00,
784000,00000625,false,Rx,0,8,25,00,59,86,01,54,5C,06,
795000,000002C4,false,Rx,0,8,09,20,00,00,D4,02,00,00,
0,000002C5,false,Rx,0,8,00,00,00,00,00,00,00,00,
0,000002C6,false,Rx,0,8,32,00,7C,01,00,00,00,00,
845000,0000060D,false,Rx,0,8,0D,10,83,B6,09,20,70,00,
885000,00000625,false,Rx,0,8,25,00,59,86,01,54,5C,06,
945000,0000060D,false,Rx,0,8,0D,10,83,B6,09,20,70,00,
0,00000054,false,Rx,0,8,01,05,EF,00,D4,02,00,00,
0,00000055,false,Rx,0,8,10,27,00,00,00,00,00,00,
0,00000056,false,Rx,0,8,10,27,00,00,00,00,00,00,
0,00000057,false,Rx,0,8,00,00,FE,FF,FE,FF,00,00,
984000,00000625,false,Rx,0,8,25,00,59,86,01,54,5C,06,
0,000002C4,false,Rx,0,8,09,20,00,00,D4,02,00,00,
0,000002C5,false,Rx,0,8,00,00,00,00,00,00,00,00,
15000,000002C6,false,Rx,0,8,32,00,7C,01,00,00,00,00,
45000,0000060D,false,Rx,0,8,0D,10,83,B6,09,20,70,00,
84000,00000625,false,Rx,0,8,25,00,59,86,01,54,5C,06,
145000,0000060D,false,Rx,0,8,0D,10,83,B6,09,20,70,00,
155000,00000054,false,Rx,0,8,01,05,EF,00,D4,02,00,00,
155000,00000055,false,Rx,0,8,10,27,00,00,00,00,00,00,
155000,00000056,false,Rx,0,8,10,27,00,00,00,00,00,00,
156000,00000057,false,Rx,0,8,00,00,FE,FF,FE,FF,00,00,
184000,00000625,false,Rx,0,8,25,00,59,86,01,54,5C,06,
0,000002C4,false,Rx,0,8,09,20,00,00,D4,02,00,00,
0,000002C5,false,Rx,0,8,00,00,00,00,00,00,00,00,
0,000002C6,false,Rx,0,8,32,00,7C,01,00,00,00,00,
245000,0000060D,false,Rx,0,8,0D,10,83,B6,09,20,70,00,
284000,00000625,false,Rx,0,8,25,00,59,86,01,54,5C,06,
345000,0000060D,false,Rx,0,8,0D,10,83,B6,09,20,70,00,
354000,00000054,false,Rx,0,8,01,05,EF,00,D4,02,00,00,
355000,00000055,false,Rx,0,8,10,27,00,00,00,00,00,00,
355000,00000056,false,Rx,0,8,10,27,00,00,00,00,00,00,
355000,00000057,false,Rx,0,8,00,00,FE,FF,FE,FF,00,00,
384000,00000625,false,Rx,0,8,25,00,59,86,01,54,5C,06,
445000,0000060D,false,Rx,0,8,0D,10,83,B6,09,20,70,00,
0,000002C4,false,Rx,0,8,09,20,00,00,D4,02,00,00,
0,000002C5,false,Rx,0,8,00,00,00,00,00,00,00,00,
455000,000002C6,false,Rx,0,8,32,00,7C,01,00,00,00,00,
484000,00000625,false,Rx,0,8,25,00,59,86,01,54,5C,06,
545000,0000060D,false,Rx,0,8,0D,10,83,B6,09,20,70,00,
554000,00000054,false,Rx,0,8,01,05,EF,00,D4,02,00,00,
554000,00000055,false,Rx,0,8,10,27,00,00,00,00,00,00,
555000,00000056,false,Rx,0,8,10,27,00,00,00,00,00,00,
555000,00000057,false,Rx,0,8,00,00,FE,FF,FE,FF,00,00,
584000,00000625,false,Rx,0,8,25,00,59,86,01,54,5C,06,
644000,0000060D,false,Rx,0,8,0D,10,83,B6,09,20,70,00,
676000,000002C4,false,Rx,0,8,09,20,00,00,D4,02,00,00,
676000,000002C5,false,Rx,0,8,00,00,00,00,00,00,00,00,
676000,000002C6,false,Rx,0,8,32,00,7C,01,00,00,00,00,
685000,00000625,false,Rx,0,8,25,00,59,86,01,54,5C,06,
744000,0000060D,false,Rx,0,8,0D,10,83,B6,09,20,70,00,
0,00000054,false,Rx,0,8,01,05,EF,00,D4,02,00,00,
0,00000055,false,Rx,0,8,10,27,00,00,00,00,00,00,
756000,00000056,false,Rx,0,8,10,27,00,00,00,00,00,00,
756000,00000057,false,Rx,0,8,00,00,FE,FF,FE,FF,00,00,
784000,00000625,false,Rx,0,8,25,00,59,86,01,54,5C,06,
845000,0000060D,false,Rx,0,8,0D,10,83,B6,09,20,70,00,
884000,00000625,false,Rx,0,8,25,00,59,86,01,54,5C,06,
895000,000002C4,false,Rx,0,8,09,20,00,00,D4,02,00,00,
895000,000002C5,false,Rx,0,8,00,00,00,00,00,00,00,00,
895000,000002C6,false,Rx,0,8,32,00,7C,01,00,00,00,00,
945000,0000060D,false,Rx,0,8,0D,10,83,B6,09,20,70,00,
0,00000054,false,Rx,0,8,01,05,EF,00,D4,02,00,00,
0,00000055,false,Rx,0,8,10,27,00,00,00,00,00,00,
0,00000056,false,Rx,0,8,10,27,00,00,00,00,00,00,
955000,00000057,false,Rx,0,8,00,00,FE,FF,FE,FF,00,00,
984000,00000625,false,Rx,0,8,25,00,59,86,01,54,5C,06,
44000,0000060D,false,Rx,0,8,0D,10,83,B6,09,20,70,00,
84000,00000625,false,Rx,0,8,25,00,59,86,01,54,5C,06,
115000,000002C4,false,Rx,0,8,09,20,00,00,D4,02,00,00,
115000,000002C5,false,Rx,0,8,00,00,00,00,00,00,00,00,
115000,000002C6,false,Rx,0,8,32,00,7C,01,00,00,00,00,
145000,0000060D,false,Rx,0,8,0D,10,83,B6,09,20,70,00,
154000,00000054,false,Rx,0,8,01,05,EF,00,D4,02,00,00,
155000,00000055,false,Rx,0,8,10,27,00,00,00,00,00,00,
0,00000056,false,Rx,0,8,10,27,00,00,00,00,00,00,
0,00000057,false,Rx,0,8,00,00,FE,FF,FE,FF,00,00,
184000,00000625,false,Rx,0,8,25,00,59,86,01,54,5C,06,
245000,0000060D,false,Rx,0,8,0D,10,83,B6,09,20,70,00,
285000,00000625,false,Rx,0,8,25,00,59,86,01,54,5C,06,
336000,000002C4,false,Rx,0,8,09,20,00,00,D4,02,00,00,
336000,000002C5,false,Rx,0,8,00,00,00,00,00,00,00,00,
336000,000002C6,false,Rx,0,8,32,00,7C,01,00,00,00,00,
345000,0000060D,false,Rx,0,8,0D,10,83,B6,09,20,70,00,
355000,00000054,false,Rx,0,8,01,05,EF,00,D4,02,00,00,
355000,00000055,false,Rx,0,8,10,27,00,00,00,00,00,00,
355000,00000056,false,Rx,0,8,10,27,00,00,00,00,00,00,
356000,00000057,false,Rx,0,8,00,00,FE,FF,FE,FF,00,00,
384000,00000625,false,Rx,0,8,25,00,59,86,01,54,5C,06,
445000,0000060D,false,Rx,0,8,0D,10,83,B6,09,20,70,00,
484000,00000625,false,Rx,0,8,25,00,59,86,01,54,5C,06,
545000,0000060D,false,Rx,0,8,0D,10,83,B6,09,20,70,00,
554000,00000054,false,Rx,0,8,01,05,EF,00,D4,02,00,00,
554000,00000055,false,Rx,0,8,10,27,00,00,00,00,00,00,
555000,00000056,false,Rx,0,8,10,27,00,00,00,00,00,00,
555000,00000057,false,Rx,0,8,00,00,FE,FF,FE,FF,00,00,
555000,000002C4,false,Rx,0,8,09,20,00,00,D4,02,00,00,
555000,000002C5,false,Rx,0,8,00,00,00,00,00,00,00,00,
556000,000002C6,false,Rx,0,8,32,00,7C,01,00,00,00,00,
584000,00000625,false,Rx,0,8,25,00,59,86,01,54,5C,06,
645000,0000060D,false,Rx,0,8,0D,10,83,B6,09,20,70,00,
685000,00000625,false,Rx,0,8,25,00,59,86,01,54,5C,06,
745000,0000060D,false,Rx,0,8,0D,10,83,B6,09,20,70,00,
754000,00000054,false,Rx,0,8,01,05,EF,00,D4,02,00,00,
0,00000055,false,Rx,0,8,10,27,00,00,00,00,00,00,
0,00000056,false,Rx,0,8,10,27,00,00,00,00,00,00,
755000,00000057,false,Rx,0,8,00,00,FE,FF,FE,FF,00,00,
775000,000002C4,false,Rx,0,8,09,20,00,00,D4,02,00,00,
775000,000002C5,false,Rx,0,8,00,00,00,00,00,00,00,00,
775000,000002C6,false,Rx,0,8,32,00,7C,01,00,00,00,00,
784000,00000625,false,Rx,0,8,25,00,59,86,01,54,5C,06,
845000,0000060D,false,Rx,0,8,0D,10,83,B6,09,20,70,00,
884000,00000625,false,Rx,0,8,25,00,59,86,01,54,5C,06,
945000,0000060D,false,Rx,0,8,0D,10,83,B6,09,20,70,00,
0,00000054,false,Rx,0,8,01,05,EF,00,D4,02,00,00,
0,00000055,false,Rx,0,8,10,27,00,00,00,00,00,00,
0,00000056,false,Rx,0,8,10,27,00,00,00,00,00,00,
955000,00000057,false,Rx,0,8,00,00,FE,FF,FE,FF,00,00,
984000,00000625,false,Rx,0,8,25,00,59,86,01,54,5C,06,
996000,000002C4,false,Rx,0,8,09,20,00,00,D4,02,00,00,
996000,000002C5,false,Rx,0,8,00,00,00,00,00,00,00,00,
996000,000002C6,false,Rx,0,8,32,00,7C,01,00,00,00,00,
44000,0000060D,false,Rx,0,8,0D,10,83,B6,09,20,70,00,
84000,00000625,false,Rx,0,8,25,00,59,86,01,54,5C,06,
145000,0000060D,false,Rx,0,8,0D,10,83,B6,09,20,70,00,
154000,00000054,false,Rx,0,8,01,05,EF,00,D4,02,00,00,
155000,00000055,false,Rx,0,8,10,27,00,00,00,00,00,00,
155000,00000056,false,Rx,0,8,10,27,00,00,00,00,00,00,
155000,00000057,false,Rx,0,8,00,00,FE,FF,FE,FF,00,00,
185000,00000625,false,Rx,0,8,25,00,59,86,01,54,5C,06,
215000,000002C4,false,Rx,0,8,09,20,00,00,D4,02,00,00,
215000,000002C5,false,Rx,0,8,00,00,00,00,00,00,00,00,
215000,000002C6,false,Rx,0,8,32,00,7C,01,00,00,00,00,
244000,0000060D,false,Rx,0,8,0D,10,83,B6,09,20,70,00,
284000,00000625,false,Rx,0,8,25,00,59,86,01,54,5C,06,
345000,0000060D,false,Rx,0,8,0D,10,83,B6,09,20,70,00,
354000,00000054,false,Rx,0,8,01,05,EF,00,D4,02,00,00,
354000,00000055,false,Rx,0,8,10,27,00,00,00,00,00,00,
354000,00000056,false,Rx,0,8,10,27,00,00,00,00,00,00,
355000,00000057,false,Rx,0,8,00,00,FE,FF,FE,FF,00,00,
385000,00000625,false,Rx,0,8,25,00,59,86,01,54,5C,06,
435000,000002C4,false,Rx,0,8,09,20,00,00,D4,02,00,00,
435000,000002C5,false,Rx,0,8,00,00,00,00,00,00,00,00,
435000,000002C6,false,Rx,0,8,32,00,7C,01,00,00,00,00,
445000,0000060D,false,Rx,0,8,0D,10,83,B6,09,20,70,00,
485000,00000625,false,Rx,0,8,25,00,59,86,01,54,5C,06,
544000,0000060D,false,Rx,0,8,0D,10,83,B6,09,20,70,00,
0,00000054,false,Rx,0,8,01,05,EF,00,D4,02,00,00,
0,00000055,false,Rx,0,8,10,27,00,00,00,00,00,00,
555000,00000056,false,Rx,0,8,10,27,00,00,00,00,00,00,
555000,00000057,false,Rx,0,8,00,00,FE,FF,FE,FF,00,00,
584000,00000625,false,Rx,0,8,25,00,59,86,01,54,5C,06,
645000,0000060D,false,Rx,0,8,0D,10,83,B6,09,20,70,00,
0,000002C4,false,Rx,0,8,09,20,00,00,D4,02,00,00,
0,000002C5,false,Rx,0,8,00,00,00,00,00,00,00,00,
0,000002C6,false,Rx,0,8,32,00,7C,01,00,00,00,00,
684000,00000625,false,Rx,0,8,25,00,59,86,01,54,5C,06,
745000,0000060D,false,Rx,0,8,0D,10,83,B6,09,20,70,00,
755000,00000054,false,Rx,0,8,01,05,EF,00,D4,02,00,00,
755000,00000055,false,Rx,0,8,10,27,00,00,00,00,00,00,
755000,00000056,false,Rx,0,8,10,27,00,00,00,00,00,00,
755000,00000057,false,Rx,0,8,00,00,FE,FF,FE,FF,00,00,
784000,00000625,false,Rx,0,8,25,00,59,86,01,54,5C,06,
845000,0000060D,false,Rx,0,8,0D,10,83,B6,09,20,70,00,
0,000002C4,false,Rx,0,8,09,20,00,00,D4,02,00,00,
0,000002C5,false,Rx,0,8,00,00,00,00,00,00,00,00,
875000,000002C6,false,Rx,0,8,32,00,7C,01,00,00,00,00,
885000,00000625,false,Rx,0,8,25,00,59,86,01,54,5C,06,
945000,0000060D,false,Rx,0,8,0D,10,83,B6,09,20,70,00,
0,00000054,false,Rx,0,8,01,05,EF,00,D4,02,00,00,
0,00000055,false,Rx,0,8,10,27,00,00,00,00,00,00,
955000,00000056,false,Rx,0,8,10,27,00,00,00,00,00,00,
956000,00000057,false,Rx,0,8,00,00,FE,FF,FE,FF,00,00,
985000,00000625,false,Rx,0,8,25,00,59,86,01,54,5C,06,
45000,0000060D,false,Rx,0,8,0D,10,83,B6,09,20,70,00,
85000,00000625,false,Rx,0,8,25,00,59,86,01,54,5C,06,
95000,000002C4,false,Rx,0,8,09,20,00,00,D4,02,00,00,
95000,000002C5,false,Rx,0,8,00,00,00,00,00,00,00,00,
95000,000002C6,false,Rx,0,8,32,00,7C,01,00,00,00,00,
145000,0000060D,false,Rx,0,8,0D,10,83,B6,09,20,70,00,
155000,00000054,false,Rx,0,8,01,05,EF,00,D4,02,00,00,
155000,00000055,false,Rx,0,8,10,27,00,00,00,00,00,00,
0,00000056,false,Rx,0,8,10,27,00,00,00,00,00,00,
0,00000057,false,Rx,0,8,00,00,FE,FF,FE,FF,00,00,
184000,00000625,false,Rx,0,8,25,00,59,86,01,54,5C,06,
245000,0000060D,false,Rx,0,8,0D,10,83,B6,09,20,70,00,
284000,00000625,false,Rx,0,8,25,00,59,86,01,54,5C,06,
0,000002C4,false,Rx,0,8,09,20,00,00,D4,02,00,00,
0,000002C5,false,Rx,0,8,00,00,00,00,00,00,00,00,
317000,000002C6,false,Rx,0,8,32,00,7C,01,00,00,00,00,
345000,0000060D,false,Rx,0,8,0D,10,83,B6,09,20,70,00,
354000,00000054,false,Rx,0,8,01,05,EF,00,D4,02,00,00,
355000,00000055,false,Rx,0,8,10,27,00,00,00,00,00,00,
355000,00000056,false,Rx,0,8,10,27,00,00,00,00,00,00,
356000,00000057,false,Rx,0,8,00,00,FE,FF,FE,FF,00,00,
384000,00000625,false,Rx,0,8,25,00,59,86,01,54,5C,06,
445000,0000060D,false,Rx,0,8,0D,10,83,B6,09,20,70,00,
484000,00000625,false,Rx,0,8,25,00,59,86,01,54,5C,06,
534000,000002C4,false,Rx,0,8,09,20,00,00,D4,02,00,00,
536000,000002C5,false,Rx,0,8,00,00,00,00,00,00,00,00,
536000,000002C6,false,Rx,0,8,32,00,7C,01,00,00,00,00,
545000,0000060D,false,Rx,0,8,0D,10,83,B6,09,20,70,00,
0,00000054,false,Rx,0,8,01,05,EF,00,D4,02,00,00,
0,00000055,false,Rx,0,8,10,27,00,00,00,00,00,00,
555000,00000056,false,Rx,0,8,10,27,00,00,00,00,00,00,
555000,00000057,false,Rx,0,8,00,00,FE,FF,FE,FF,00,00,
584000,00000625,false,Rx,0,8,25,00,59,86,01,54,5C,06,
645000,0000060D,false,Rx,0,8,0D,10,83,B6,09,20,70,00,
684000,00000625,false,Rx,0,8,25,00,59,86,01,54,5C,06,
745000,0000060D,false,Rx,0,8,0D,10,83,B6,09,20,70,00,
754000,00000054,false,Rx,0,8,01,05,EF,00,D4,02,00,00,
754000,00000055,false,Rx,0,8,10,27,00,00,00,00,00,00,
755000,00000056,false,Rx,0,8,10,27,00,00,00,00,00,00,
755000,00000057,false,Rx,0,8,00,00,FE,FF,FE,FF,00,00,
755000,000002C4,false,Rx,0,8,09,20,00,00,D4,02,00,00,
755000,000002C5,false,Rx,0,8,00,00,00,00,00,00,00,00,
756000,000002C6,false,Rx,0,8,32,00,7C,01,00,00,00,00,
784000,00000625,false,Rx,0,8,25,00,59,86,01,54,5C,06,
845000,0000060D,false,Rx,0,8,0D,10,83,B6,09,20,70,00,
884000,00000625,false,Rx,0,8,25,00,59,86,01,54,5C,06,
945000,0000060D,false,Rx,0,8,0D,10,83,B6,09,20,70,00,
0,00000054,false,Rx,0,8,01,05,EF,00,D4,02,00,00,
0,00000055,false,Rx,0,8,10,27,00,00,00,00,00,00,
955000,00000056,false,Rx,0,8,10,27,00,00,00,00,00,00,
955000,00000057,false,Rx,0,8,00,00,FE,FF,FE,FF,00,00,
975000,000002C4,false,Rx,0,8,09,20,00,00,D4,02,00,00,
975000,000002C5,false,Rx,0,8,00,00,00,00,00,00,00,00,
976000,000002C6,false,Rx,0,8,32,00,7C,01,00,00,00,00,
985000,00000625,false,Rx,0,8,25,00,59,86,01,54,5C,06,
45000,0000060D,false,Rx,0,8,0D,10,83,B6,09,20,70,00,
85000,00000625,false,Rx,0,8,25,00,59,86,01,54,5C,06,
145000,0000060D,false,Rx,0,8,0D,10,83,B6,09,20,70,00,
155000,00000054,false,Rx,0,8,01,05,EF,00,D4,02,00,00,
155000,00000055,false,Rx,0,8,10,27,00,00,00,00,00,00,
155000,00000056,false,Rx,0,8,10,27,00,00,00,00,00,00,
156000,00000057,false,Rx,0,8,00,00,FE,FF,FE,FF,00,00,
185000,00000625,false,Rx,0,8,25,00,59,86,01,54,5C,06,
195000,000002C4,false,Rx,0,8,09,20,00,00,D4,02,00,00,
195000,000002C5,false,Rx,0,8,00,00,00,00,00,00,00,00,
195000,000002C6,false,Rx,0,8,32,00,7C,01,00,00,00,00,
244000,0000060D,false,Rx,0,8,0D,10,83,B6,09,20,70,00,
284000,00000625,false,Rx,0,8,25,00,59,86,01,54,5C,06,
345000,0000060D,false,Rx,0,8,0D,10,83,B6,09,20,70,00,
354000,00000054,false,Rx,0,8,01,05,EF,00,D4,02,00,00,
354000,00000055,false,Rx,0,8,10,27,00,00,00,00,00,00,
354000,00000056,false,Rx,0,8,10,27,00,00,00,00,00,00,
356000,00000057,false,Rx,0,8,00,00,FE,FF,FE,FF,00,00,
384000,00000625,false,Rx,0,8,25,00,59,86,01,54,5C,06,
416000,000002C4,false,Rx,0,8,09,20,00,00,D4,02,00,00,
416000,000002C5,false,Rx,0,8,00,00,00,00,00,00,00,00,
416000,000002C6,false,Rx,0,8,32,00,7C,01,00,00,00,00,
445000,0000060D,false,Rx,0,8,0D,10,83,B6,09,20,70,00,
485000,00000625,false,Rx,0,8,25,00,59,86,01,54,5C,06,
545000,0000060D,false,Rx,0,8,0D,10,83,B6,09,20,70,00,
555000,00000054,false,Rx,0,8,01,05,EF,00,D4,02,00,00,
555000,00000055,false,Rx,0,8,10,27,00,00,00,00,00,00,
0,00000056,false,Rx,0,8,10,27,00,00,00,00,00,00,
0,00000057,false,Rx,0,8,00,00,FE,FF,FE,FF,00,00,
584000,00000625,false,Rx,0,8,25,00,59,86,01,54,5C,06,
635000,000002C4,false,Rx,0,8,09,20,00,00,D4,02,00,00,
635000,000002C5,false,Rx,0,8,00,00,00,00,00,00,00,00,
636000,000002C6,false,Rx,0,8,32,00,7C,01,00,00,00,00,
644000,0000060D,false,Rx,0,8,0D,10,83,B6,09,20,70,00,
684000,00000625,false,Rx,0,8,25,00,59,86,01,54,5C,06,
744000,0000060D,false,Rx,0,8,0D,10,83,B6,09,20,70,00,
755000,00000054,false,Rx,0,8,01,05,EF,00,D4,02,00,00,
755000,00000055,false,Rx,0,8,10,27,00,00,00,00,00,00,
755000,00000056,false,Rx,0,8,10,27,00,00,00,00,00,00,
756000,00000057,false,Rx,0,8,00,00,FE,FF,FE,FF,00,00,
785000,00000625,false,Rx,0,8,25,00,59,86,01,54,5C,06,
845000,0000060D,false,Rx,0,8,0D,10,83,B6,09,20,70,00,
855000,000002C4,false,Rx,0,8,09,20,00,00,D4,02,00,00,
855000,000002C5,false,Rx,0,8,00,00,00,00,00,00,00,00,
856000,000002C6,false,Rx,0,8,32,00,7C,01,00,00,00,00,
884000,00000625,false,Rx,0,8,25,00,59,86,01,54,5C,06,
945000,0000060D,false,Rx,0,8,0D,10,83,B6,09,20,70,00,
0,00000054,false,Rx,0,8,01,05,EF,00,D4,02,00,00,
0,00000055,false,Rx,0,8,10,27,00,00,00,00,00,00,
0,00000056,false,Rx,0,8,10,27,00,00,00,00,00,00,
955000,00000057,false,Rx,0,8,00,00,FE,FF,FE,FF,00,00,
984000,00000625,false,Rx,0,8,25,00,59,86,01,54,5C,06,
45000,0000060D,false,Rx,0,8,0D,10,83,B6,09,20,70,00,
75000,000002C4,false,Rx,0,8,09,20,00,00,D4,02,00,00,
75000,000002C5,false,Rx,0,8,00,00,00,00,00,00,00,00,
75000,000002C6,false,Rx,0,8,32,00,7C,01,00,00,00,00,
85000,00000625,false,Rx,0,8,25,00,59,86,01,54,5C,06,
144000,0000060D,false,Rx,0,8,0D,10,83,B6,09,20,70,00,
155000,00000054,false,Rx,0,8,01,05,EF,00,D4,02,00,00,
155000,00000055,false,Rx,0,8,10,27,00,00,00,00,00,00,
0,00000056,false,Rx,0,8,10,27,00,00,00,00,00,00,
0,00000057,false,Rx,0,8,00,00,FE,FF,FE,FF,00,00,
184000,00000625,false,Rx,0,8,25,00,59,86,01,54,5C,06,
245000,0000060D,false,Rx,0,8,0D,10,83,B6,09,20,70,00,
285000,00000625,false,Rx,0,8,25,00,59,86,01,54,5C,06,
295000,000002C4,false,Rx,0,8,09,20,00,00,D4,02,00,00,
295000,000002C5,false,Rx,0,8,00,00,00,00,00,00,00,00,
295000,000002C6,false,Rx,0,8,32,00,7C,01,00,00,00,00,
345000,0000060D,false,Rx,0,8,0D,10,83,B6,09,20,70,00,
355000,00000054,false,Rx,0,8,01,05,EF,00,D4,02,00,00,
0,00000055,false,Rx,0,8,10,27,00,00,00,00,00,00,
0,00000056,false,Rx,0,8,10,27,00,00,00,00,00,00,
355000,00000057,false,Rx,0,8,00,00,FE,FF,FE,FF,00,00,
385000,00000625,false,Rx,0,8,25,00,59,86,01,54,5C,06,
445000,0000060D,false,Rx,0,8,0D,10,83,B6,09,20,70,00,
485000,00000625,false,Rx,0,8,25,00,59,86,01,54,5C,06,
0,000002C4,false,Rx,0,8,09,20,00,00,D4,02,00,00,
0,000002C5,false,Rx,0,8,00,00,00,00,00,00,00,00,
516000,000002C6,false,Rx,0,8,32,00,7C,01,00,00,00,00,
545000,0000060D,false,Rx,0,8,0D,10,83,B6,09,20,70,00,
555000,00000054,false,Rx,0,8,01,05,EF,00,D4,02,00,00,
0,00000055,false,Rx,0,8,10,27,00,00,00,00,00,00,
0,00000056,false,Rx,0,8,10,27,00,00,00,00,00,00,
555000,00000057,false,Rx,0,8,00,00,FE,FF,FE,FF,00,00,
584000,00000625,false,Rx,0,8,25,00,59,86,01,54,5C,06,
645000,0000060D,false,Rx,0,8,0D,10,83,B6,09,20,70,00,
685000,00000625,false,Rx,0,8,25,00,59,86,01,54,5C,06,
735000,000002C4,false,Rx,0,8,09,20,00,00,D4,02,00,00,
735000,000002C5,false,Rx,0,8,00,00,00,00,00,00,00,00,
735000,000002C6,false,Rx,0,8,32,00,7C,01,00,00,00,00,
745000,0000060D,false,Rx,0,8,0D,10,83,B6,09,20,70,00,
754000,00000054,false,Rx,0,8,01,05,EF,00,D4,02,00,00,
754000,00000055,false,Rx,0,8,10,27,00,00,00,00,00,00,
755000,00000056,false,Rx,0,8,10,27,00,00,00,00,00,00,
755000,00000057,false,Rx,0,8,00,00,FE,FF,FE,FF,00,00,
784000,00000625,false,Rx,0,8,25,00,59,86,01,54,5C,06,
845000,0000060D,false,Rx,0,8,0D,10,83,B6,09,20,70,00,
884000,00000625,false,Rx,0,8,25,00,59,86,01,54,5C,06,
945000,0000060D,false,Rx,0,8,0D,10,83,B6,09,20,70,00,
0,00000054,false,Rx,0,8,01,05,EF,00,D4,02,00,00,
0,00000055,false,Rx,0,8,10,27,00,00,00,00,00,00,
0,00000056,false,Rx,0,8,10,27,00,00,00,00,00,00,
0,00000057,false,Rx,0,8,00,00,FE,FF,FE,FF,00,00,
955000,000002C4,false,Rx,0,8,09,20,00,00,D4,02,00,00,
955000,000002C5,false,Rx,0,8,00,00,00,00,00,00,00,00,
956000,000002C6,false,Rx,0,8,32,00,7C,01,00,00,00,00,
985000,00000625,false,Rx,0,8,25,00,59,86,01,54,5C,06,
45000,0000060D,false,Rx,0,8,0D,10,83,B6,09,20,70,00,
84000,00000625,false,Rx,0,8,25,00,59,86,01,54,5C,06,
144000,0000060D,false,Rx,0,8,0D,10,83,B6,09,20,70,00,
0,00000054,false,Rx,0,8,01,05,EF,00,D4,02,00,00,
0,00000055,false,Rx,0,8,10,27,00,00,00,00,00,00,
0,00000056,false,Rx,0,8,10,27,00,00,00,00,00,00,
0,00000057,false,Rx,0,8,00,00,FE,FF,FE,FF,00,00,
175000,000002C4,false,Rx,0,8,09,20,00,00,D4,02,00,00,
175000,000002C5,false,Rx,0,8,00,00,00,00,00,00,00,00,
175000,000002C6,false,Rx,0,8,32,00,7C,01,00,00,00,00,
185000,00000625,false,Rx,0,8,25,00,59,86,01,54,5C,06,
245000,0000060D,false,Rx,0,8,0D,10,83,B6,09,20,70,00,
284000,00000625,false,Rx,0,8,25,00,59,86,01,54,5C,06,
344000,0000060D,false,Rx,0,8,0D,10,83,B6,09,20,70,00,
355000,00000054,false,Rx,0,8,01,05,EF,00,D4,02,00,00,
355000,00000055,false,Rx,0,8,10,27,00,00,00,00,00,00,
355000,00000056,false,Rx,0,8,10,27,00,00,00,00,00,00,
356000,00000057,false,Rx,0,8,00,00,FE,FF,FE,FF,00,00,
385000,00000625,false,Rx,0,8,25,00,59,86,01,54,5C,06,
395000,000002C4,false,Rx,0,8,09,20,00,00,D4,02,00,00,
395000,000002C5,false,Rx,0,8,00,00,00,00,00,00,00,00,
396000,000002C6,false,Rx,0,8,32,00,7C,01,00,00,00,00,
445000,0000060D,false,Rx,0,8,0D,10,83,B6,09,20,70,00,
484000,00000625,false,Rx,0,8,25,00,59,86,01,54,5C,06,
544000,0000060D,false,Rx,0,8,0D,10,83,B6,09,20,70,00,
554000,00000054,false,Rx,0,8,01,05,EF,00,D4,02,00,00,
554000,00000055,false,Rx,0,8,10,27,00,00,00,00,00,00,
555000,00000056,false,Rx,0,8,10,27,00,00,00,00,00,00,
555000,00000057,false,Rx,0,8,00,00,FE,FF,FE,FF,00,00,
584000,00000625,false,Rx,0,8,25,00,59,86,01,54,5C,06,
615000,000002C4,false,Rx,0,8,09,20,00,00,D4,02,00,00,
615000,000002C5,false,Rx,0,8,00,00,00,00,00,00,00,00,
616000,000002C6,false,Rx,0,8,32,00,7C,01,00,00,00,00,
645000,0000060D,false,Rx,0,8,0D,10,83,B6,09,20,70,00,
684000,00000625,false,Rx,0,8,25,00,59,86,01,54,5C,06,
744000,0000060D,false,Rx,0,8,0D,10,83,B6,09,20,70,00,
755000,00000054,false,Rx,0,8,01,05,EF,00,D4,02,00,00,
755000,00000055,false,Rx,0,8,10,27,00,00,00,00,00,00,
755000,00000056,false,Rx,0,8,10,27,00,00,00,00,00,00,
755000,00000057,false,Rx,0,8,00,00,FE,FF,FE,FF,00,00,
785000,00000625,false,Rx,0,8,25,00,59,86,01,54,5C,06,
835000,000002C4,false,Rx,0,8,09,20,00,00,D4,02,00,00,
835000,000002C5,false,Rx,0,8,00,00,00,00,00,00,00,00,
836000,000002C6,false,Rx,0,8,32,00,7C,01,00,00,00,00,
845000,0000060D,false,Rx,0,8,0D,10,83,B6,09,20,70,00,
884000,00000625,false,Rx,0,8,25,00,59,86,01,54,5C,06,
945000,0000060D,false,Rx,0,8,0D,10,83,B6,09,20,70,00,
0,00000054,false,Rx,0,8,01,05,EF,00,D4,02,00,00,
0,00000055,false,Rx,0,8,10,27,00,00,00,00,00,00,
0,00000056,false,Rx,0,8,10,27,00,00,00,00,00,00,
955000,00000057,false,Rx,0,8,00,00,FE,FF,FE,FF,00,00,
985000,00000625,false,Rx,0,8,25,00,59,86,01,54,5C,06,
45000,0000060D,false,Rx,0,8,0D,10,83,B6,09,20,70,00,
55000,000002C4,false,Rx,0,8,09,20,00,00,D4,02,00,00,
55000,000002C5,false,Rx,0,8,00,00,00,00,00,00,00,00,
55000,000002C6,false,Rx,0,8,32,00,7C,01,00,00,00,00,
84000,00000625,false,Rx,0,8,25,00,59,86,01,54,5C,06,
144000,0000060D,false,Rx,0,8,0D,10,83,B6,09,20,70,00,
155000,00000054,false,Rx,0,8,01,05,EF,00,D4,02,00,00,
155000,00000055,false,Rx,0,8,10,27,00,00,00,00,00,00,
155000,00000056,false,Rx,0,8,10,27,00,00,00,00,00,00,
155000,00000057,false,Rx,0,8,00,00,FE,FF,FE,FF,00,00,
185000,00000625,false,Rx,0,8,25,00,59,86,01,54,5C,06,
245000,0000060D,false,Rx,0,8,0D,10,83,B6,09,20,70,00,
276000,000002C4,false,Rx,0,8,09,20,00,00,D4,02,00,00,
276000,000002C5,false,Rx,0,8,00,00,00,00,00,00,00,00,
276000,000002C6,false,Rx,0,8,32,00,7C,01,00,00,00,00,
285000,00000625,false,Rx,0,8,25,00,59,86,01,54,5C,06,
345000,0000060D,false,Rx,0,8,0D,10,83,B6,09,20,70,00,
355000,00000054,false,Rx,0,8,01,05,EF,00,D4,02,00,00,
355000,00000055,false,Rx,0,8,10,27,00,00,00,00,00,00,
355000,00000056,false,Rx,0,8,10,27,00,00,00,00,00,00,
355000,00000057,false,Rx,0,8,00,00,FE,FF,FE,FF,00,00,
385000,00000625,false,Rx,0,8,25,00,59,86,01,54,5C,06,
445000,0000060D,false,Rx,0,8,0D,10,83,B6,09,20,70,00,
485000,00000625,false,Rx,0,8,25,00,59,86,01,54,5C,06,
495000,000002C4,false,Rx,0,8,09,20,00,00,D4,02,00,00,
496000,000002C5,false,Rx,0,8,00,00,00,00,00,00,00,00,
496000,000002C6,false,Rx,0,8,32,00,7C,01,00,00,00,00,
545000,0000060D,false,Rx,0,8,0D,10,83,B6,09,20,70,00,
555000,00000054,false,Rx,0,8,01,05,EF,00,D4,02,00,00,
555000,00000055,false,Rx,0,8,10,27,00,00,00,00,00,00,
555000,00000056,false,Rx,0,8,10,27,00,00,00,00,00,00,
555000,00000057,false,Rx,0,8,00,00,FE,FF,FE,FF,00,00,
585000,00000625,false,Rx,0,8,25,00,59,86,01,54,5C,06,
645000,0000060D,false,Rx,0,8,0D,10,83,B6,09,20,70,00,
684000,00000625,false,Rx,0,8,25,00,59,86,01,54,5C,06,
715000,000002C4,false,Rx,0,8,09,20,00,00,D4,02,00,00,
715000,000002C5,false,Rx,0,8,00,00,00,00,00,00,00,00,
716000,000002C6,false,Rx,0,8,32,00,7C,01,00,00,00,00,
744000,0000060D,false,Rx,0,8,0D,10,83,B6,09,20,70,00,
0,00000054,false,Rx,0,8,01,05,EF,00,D4,02,00,00,
0,00000055,false,Rx,0,8,10,27,00,00,00,00,00,00,
755000,00000056,false,Rx,0,8,10,27,00,00,00,00,00,00,
755000,00000057,false,Rx,0,8,00,00,FE,FF,FE,FF,00,00,
785000,00000625,false,Rx,0,8,25,00,59,86,01,54,5C,06,
845000,0000060D,false,Rx,0,8,0D,10,83,B6,09,20,70,00,
884000,00000625,false,Rx,0,8,25,00,59,86,01,54,5C,06,
935000,000002C4,false,Rx,0,8,09,20,00,00,D4,02,00,00,
935000,000002C5,false,Rx,0,8,00,00,00,00,00,00,00,00,
936000,000002C6,false,Rx,0,8,32,00,7C,01,00,00,00,00,
945000,0000060D,false,Rx,0,8,0D,10,83,B6,09,20,70,00,
954000,00000054,false,Rx,0,8,01,05,EF,00,D4,02,00,00,
954000,00000055,false,Rx,0,8,10,27,00,00,00,00,00,00,
955000,00000056,false,Rx,0,8,10,27,00,00,00,00,00,00,
955000,00000057,false,Rx,0,8,00,00,FE,FF,FE,FF,00,00,
984000,00000625,false,Rx,0,8,25,00,59,86,01,54,5C,06,
44000,0000060D,false,Rx,0,8,0D,10,83,B6,09,20,70,00,
85000,00000625,false,Rx,0,8,25,00,59,86,01,54,5C,06,
145000,0000060D,false,Rx,0,8,0D,10,83,B6,09,20,70,00,
0,00000054,false,Rx,0,8,01,05,EF,00,D4,02,00,00,
0,00000055,false,Rx,0,8,10,27,00,00,00,00,00,00,
155000,00000056,false,Rx,0,8,10,27,00,00,00,00,00,00,
0,00000057,false,Rx,0,8,00,00,FE,FF,FE,FF,00,00,
0,000002C4,false,Rx,0,8,09,20,00,00,D4,02,00,00,
0,000002C5,false,Rx,0,8,00,00,00,00,00,00,00,00,
0,000002C6,false,Rx,0,8,32,00,7C,01,00,00,00,00,
185000,00000625,false,Rx,0,8,25,00,59,86,01,54,5C,06,
245000,0000060D,false,Rx,0,8,0D,10,83,B6,09,20,70,00,
284000,00000625,false,Rx,0,8,25,00,59,86,01,54,5C,06,
345000,0000060D,false,Rx,0,8,0D,10,83,B6,09,20,70,00,
354000,00000054,false,Rx,0,8,01,05,EF,00,D4,02,00,00,
354000,00000055,false,Rx,0,8,10,27,00,00,00,00,00,00,
355000,00000056,false,Rx,0,8,10,27,00,00,00,00,00,00,
355000,00000057,false,Rx,0,8,00,00,FE,FF,FE,FF,00,00,
0,000002C4,false,Rx,0,8,09,20,00,00,D4,02,00,00,
0,000002C5,false,Rx,0,8,00,00,00,00,00,00,00,00,
0,000002C6,false,Rx,0,8,32,00,7C,01,00,00,00,00,
385000,00000625,false,Rx,0,8,25,00,59,86,01,54,5C,06,
444000,0000060D,false,Rx,0,8,0D,10,83,B6,09,20,70,00,
485000,00000625,false,Rx,0,8,25,00,59,86,01,54,5C,06,
544000,0000060D,false,Rx,0,8,0D,10,83,B6,09,20,70,00,
555000,00000054,false,Rx,0,8,01,05,EF,00,D4,02,00,00,
555000,00000055,false,Rx,0,8,10,27,00,00,00,00,00,00,
555000,00000056,false,Rx,0,8,10,27,00,00,00,00,00,00,
555000,00000057,false,Rx,0,8,00,00,FE,FF,FE,FF,00,00,
584000,00000625,false,Rx,0,8,25,00,59,86,01,54,5C,06,
0,000002C4,false,Rx,0,8,09,20,00,00,D4,02,00,00,
0,000002C5,false,Rx,0,8,00,00,00,00,00,00,00,00,
595000,000002C6,false,Rx,0,8,32,00,7C,01,00,00,00,00,
644000,0000060D,false,Rx,0,8,0D,10,83,B6,09,20,70,00,
684000,00000625,false,Rx,0,8,25,00,59,86,01,54,5C,06,
745000,0000060D,false,Rx,0,8,0D,10,83,B6,09,20,70,00,
0,00000054,false,Rx,0,8,01,05,EF,00,D4,02,00,00,
0,00000055,false,Rx,0,8,10,27,00,00,00,00,00,00,
755000,00000056,false,Rx,0,8,10,27,00,00,00,00,00,00,
755000,00000057,false,Rx,0,8,00,00,FE,FF,FE,FF,00,00,
784000,00000625,false,Rx,0,8,25,00,59,86,01,54,5C,06,
816000,000002C4,false,Rx,0,8,09,20,00,00,D4,02,00,00,
816000,000002C5,false,Rx,0,8,00,00,00,00,00,00,00,00,
816000,000002C6,false,Rx,0,8,32,00,7C,01,00,00,00,00,
845000,0000060D,false,Rx,0,8,0D,10,83,B6,09,20,70,00,
884000,00000625,false,Rx,0,8,25,00,59,86,01,54,5C,06,
945000,0000060D,false,Rx,0,8,0D,10,83,B6,09,20,70,00,
954000,00000054,false,Rx,0,8,01,05,EF,00,D4,02,00,00,
954000,00000055,false,Rx,0,8,10,27,00,00,00,00,00,00,
954000,00000056,false,Rx,0,8,10,27,00,00,00,00,00,00,
955000,00000057,false,Rx,0,8,00,00,FE,FF,FE,FF,00,00,
985000,00000625,false,Rx,0,8,25,00,59,86,01,54,5C,06,
35000,000002C4,false,Rx,0,8,09,20,00,00,D4,02,00,00,
35000,000002C5,false,Rx,0,8,00,00,00,00,00,00,00,00,
36000,000002C6,false,Rx,0,8,32,00,7C,01,00,00,00,00,
44000,0000060D,false,Rx,0,8,0D,10,83,B6,09,20,70,00,
84000,00000625,false,Rx,0,8,25,00,59,86,01,54,5C,06,
145000,0000060D,false,Rx,0,8,0D,10,83,B6,09,20,70,00,
155000,00000054,false,Rx,0,8,01,05,EF,00,D4,02,00,00,
155000,00000055,false,Rx,0,8,10,27,00,00,00,00,00,00,
155000,00000056,false,Rx,0,8,10,27,00,00,00,00,00,00,
155000,00000057,false,Rx,0,8,00,00,FE,FF,FE,FF,00,00,
184000,00000625,false,Rx,0,8,25,00,59,86,01,54,5C,06,
245000,0000060D,false,Rx,0,8,0D,10,83,B6,09,20,70,00,
256000,000002C4,false,Rx,0,8,09,20,00,00,D4,02,00,00,
256000,000002C5,false,Rx,0,8,00,00,00,00,00,00,00,00,
256000,000002C6,false,Rx,0,8,32,00,7C,01,00,00,00,00,
284000,00000625,false,Rx,0,8,25,00,59,86,01,54,5C,06,
345000,0000060D,false,Rx,0,8,0D,10,83,B6,09,20,70,00,
0,00000054,false,Rx,0,8,01,05,EF,00,D4,02,00,00,
0,00000055,false,Rx,0,8,10,27,00,00,00,00,00,00,
354000,00000056,false,Rx,0,8,10,27,00,00,00,00,00,00,
355000,00000057,false,Rx,0,8,00,00,FE,FF,FE,FF,00,00,
384000,00000625,false,Rx,0,8,25,00,59,86,01,54,5C,06,
445000,0000060D,false,Rx,0,8,0D,10,83,B6,09,20,70,00,
476000,000002C4,false,Rx,0,8,09,20,00,00,D4,02,00,00,
476000,000002C5,false,Rx,0,8,00,00,00,00,00,00,00,00,
476000,000002C6,false,Rx,0,8,32,00,7C,01,00,00,00,00,
485000,00000625,false,Rx,0,8,25,00,59,86,01,54,5C,06,
545000,0000060D,false,Rx,0,8,0D,10,83,B6,09,20,70,00,
555000,00000054,false,Rx,0,8,01,05,EF,00,D4,02,00,00,
555000,00000055,false,Rx,0,8,10,27,00,00,00,00,00,00,
555000,00000056,false,Rx,0,8,10,27,00,00,00,00,00,00,
556000,00000057,false,Rx,0,8,00,00,FE,FF,FE,FF,00,00,
585000,00000625,false,Rx,0,8,25,00,59,86,01,54,5C,06,
644000,0000060D,false,Rx,0,8,0D,10,83,B6,09,20,70,00,
684000,00000625,false,Rx,0,8,25,00,59,86,01,54,5C,06,
695000,000002C4,false,Rx,0,8,09,20,00,00,D4,02,00,00,
695000,000002C5,false,Rx,0,8,00,00,00,00,00,00,00,00,
696000,000002C6,false,Rx,0,8,32,00,7C,01,00,00,00,00,
745000,0000060D,false,Rx,0,8,0D,10,83,B6,09,20,70,00,
755000,00000054,false,Rx,0,8,01,05,EF,00,D4,02,00,00,
755000,00000055,false,Rx,0,8,10,27,00,00,00,00,00,00,
756000,00000056,false,Rx,0,8,10,27,00,00,00,00,00,00,
756000,00000057,false,Rx,0,8,00,00,FE,FF,FE,FF,00,00,
784000,00000625,false,Rx,0,8,25,00,59,86,01,54,5C,06,
844000,0000060D,false,Rx,0,8,0D,10,83,B6,09,20,70,00,
885000,00000625,false,Rx,0,8,25,00,59,86,01,54,5C,06,
915000,000002C4,false,Rx,0,8,09,20,00,00,D4,02,00,00,
915000,000002C5,false,Rx,0,8,00,00,00,00,00,00,00,00,
916000,000002C6,false,Rx,0,8,32,00,7C,01,00,00,00,00,
945000,0000060D,false,Rx,0,8,0D,10,83,B6,09,20,70,00,
955000,00000054,false,Rx,0,8,01,05,EF,00,D4,02,00,00,
955000,00000055,false,Rx,0,8,10,27,00,00,00,00,00,00,
956000,00000056,false,Rx,0,8,10,27,00,00,00,00,00,00,
956000,00000057,false,Rx,0,8,00,00,FE,FF,FE,FF,00,00,
985000,00000625,false,Rx,0,8,25,00,59,86,01,54,5C,06,
45000,0000060D,false,Rx,0,8,0D,10,83,B6,09,20,70,00,
84000,00000625,false,Rx,0,8,25,00,59,86,01,54,5C,06,
135000,000002C4,false,Rx,0,8,09,20,00,00,D4,02,00,00,
135000,000002C5,false,Rx,0,8,00,00,00,00,00,00,00,00,
136000,000002C6,false,Rx,0,8,32,00,7C,01,00,00,00,00,
145000,0000060D,false,Rx,0,8,0D,10,83,B6,09,20,70,00,
154000,00000054,false,Rx,0,8,01,05,EF,00,D4,02,00,00,
155000,00000055,false,Rx,0,8,10,27,00,00,00,00,00,00,
155000,00000056,false,Rx,0,8,10,27,00,00,00,00,00,00,
156000,00000057,false,Rx,0,8,00,00,FE,FF,FE,FF,00,00,
184000,00000625,false,Rx,0,8,25,00,59,86,01,54,5C,06,
244000,0000060D,false,Rx,0,8,0D,10,83,B6,09,20,70,00,
284000,00000625,false,Rx,0,8,25,00,59,86,01,54,5C,06,
345000,0000060D,false,Rx,0,8,0D,10,83,B6,09,20,70,00,
354000,00000054,false,Rx,0,8,01,05,EF,00,D4,02,00,00,
355000,00000055,false,Rx,0,8,10,27,00,00,00,00,00,00,
355000,00000056,false,Rx,0,8,10,27,00,00,00,00,00,00,
355000,00000057,false,Rx,0,8,00,00,FE,FF,FE,FF,00,00,
355000,000002C4,false,Rx,0,8,09,20,00,00,D4,02,00,00,
355000,000002C5,false,Rx,0,8,00,00,00,00,00,00,00,00,
355000,000002C6,false,Rx,0,8,32,00,7C,01,00,00,00,00,
385000,00000625,false,Rx,0,8,25,00,59,86,01,54,5C,06,
445000,0000060D,false,Rx,0,8,0D,10,83,B6,09,20,70,00,
484000,00000625,false,Rx,0,8,25,00,59,86,01,54,5C,06,
545000,0000060D,false,Rx,0,8,0D,10,83,B6,09,20,70,00,
0,00000054,false,Rx,0,8,01,05,EF,00,D4,02,00,00,
0,00000055,false,Rx,0,8,10,27,00,00,00,00,00,00,
555000,00000056,false,Rx,0,8,10,27,00,00,00,00,00,00,
555000,00000057,false,Rx,0,8,00,00,FE,FF,FE,FF,00,00,
575000,000002C4,false,Rx,0,8,09,20,00,00,D4,02,00,00,
575000,000002C5,false,Rx,0,8,00,00,00,00,00,00,00,00,
575000,000002C6,false,Rx,0,8,32,00,7C,01,00,00,00,00,
585000,00000625,false,Rx,0,8,25,00,59,86,01,54,5C,06,
645000,0000060D,false,Rx,0,8,0D,10,83,B6,09,20,70,00,
685000,00000625,false,Rx,0,8,25,00,59,86,01,54,5C,06,
745000,0000060D,false,Rx,0,8,0D,10,83,B6,09,20,70,00,
754000,00000054,false,Rx,0,8,01,05,EF,00,D4,02,00,00,
754000,00000055,false,Rx,0,8,10,27,00,00,00,00,00,00,
755000,00000056,false,Rx,0,8,10,27,00,00,00,00,00,00,
755000,00000057,false,Rx,0,8,00,00,FE,FF,FE,FF,00,00,
784000,00000625,false,Rx,0,8,25,00,59,86,01,54,5C,06,
795000,000002C4,false,Rx,0,8,09,20,00,00,D4,02,00,00,
795000,000002C5,false,Rx,0,8,00,00,00,00,00,00,00,00,
795000,000002C6,false,Rx,0,8,32,00,7C,01,00,00,00,00,
845000,0000060D,false,Rx,0,8,0D,10,83,B6,09,20,70,00,
885000,00000625,false,Rx,0,8,25,00,59,86,01,54,5C,06,
945000,0000060D,false,Rx,0,8,0D,10,83,B6,09,20,70,00,
0,00000054,false,Rx,0,8,01,05,EF,00,D4,02,00,00,
0,00000055,false,Rx,0,8,10,27,00,00,00,00,00,00,
955000,00000056,false,Rx,0,8,10,27,00,00,00,00,00,00,
957000,00000057,false,Rx,0,8,00,00,FE,FF,FE,FF,00,00,
985000,00000625,false,Rx,0,8,25,00,59,86,01,54,5C,06,
0,000002C4,false,Rx,0,8,09,20,00,00,D4,02,00,00,
0,000002C5,false,Rx,0,8,00,00,00,00,00,00,00,00,
17000,000002C6,false,Rx,0,8,32,00,7C,01,00,00,00,00,
44000,0000060D,false,Rx,0,8,0D,10,83,B6,09,20,70,00,
85000,00000625,false,Rx,0,8,25,00,59,86,01,54,5C,06,
145000,0000060D,false,Rx,0,8,0D,10,83,B6,09,20,70,00,
155000,00000054,false,Rx,0,8,01,05,EF,00,D4,02,00,00,
155000,00000055,false,Rx,0,8,10,27,00,00,00,00,00,00,
155000,00000056,false,Rx,0,8,10,27,00,00,00,00,00,00,
155000,00000057,false,Rx,0,8,00,00,FE,FF,FE,FF,00,00,
184000,00000625,false,Rx,0,8,25,00,59,86,01,54,5C,06,
235000,000002C4,false,Rx,0,8,09,20,00,00,D4,02,00,00,
235000,000002C5,false,Rx,0,8,00,00,00,00,00,00,00,00,
236000,000002C6,false,Rx,0,8,32,00,7C,01,00,00,00,00,
245000,0000060D,false,Rx,0,8,0D,10,83,B6,09,20,70,00,
285000,00000625,false,Rx,0,8,25,00,59,86,01,54,5C,06,
345000,0000060D,false,Rx,0,8,0D,10,83,B6,09,20,70,00,
355000,00000054,false,Rx,0,8,01,05,EF,00,D4,02,00,00,
355000,00000055,false,Rx,0,8,10,27,00,00,00,00,00,00,
355000,00000056,false,Rx,0,8,10,27,00,00,00,00,00,00,
356000,00000057,false,Rx,0,8,00,00,FE,FF,FE,FF,00,00,
384000,00000625,false,Rx,0,8,25,00,59,86,01,54,5C,06,
445000,0000060D,false,Rx,0,8,0D,10,83,B6,09,20,70,00,
456000,000002C4,false,Rx,0,8,09,20,00,00,D4,02,00,00,
456000,000002C5,false,Rx,0,8,00,00,00,00,00,00,00,00,
456000,000002C6,false,Rx,0,8,32,00,7C,01,00,00,00,00,
485000,00000625,false,Rx,0,8,25,00,59,86,01,54,5C,06,
545000,0000060D,false,Rx,0,8,0D,10,83,B6,09,20,70,00,
555000,00000054,false,Rx,0,8,01,05,EF,00,D4,02,00,00,
555000,00000055,false,Rx,0,8,10,27,00,00,00,00,00,00,
555000,00000056,false,Rx,0,8,10,27,00,00,00,00,00,00,
556000,00000057,false,Rx,0,8,00,00,FE,FF,FE,FF,00,00,
584000,00000625,false,Rx,0,8,25,00,59,86,01,54,5C,06,
645000,0000060D,false,Rx,0,8,0D,10,83,B6,09,20,70,00,
675000,000002C4,false,Rx,0,8,09,20,00,00,D4,02,00,00,
676000,000002C5,false,Rx,0,8,00,00,00,00,00,00,00,00,
676000,000002C6,false,Rx,0,8,32,00,7C,01,00,00,00,00,
684000,00000625,false,Rx,0,8,25,00,59,86,01,54,5C,06,
745000,0000060D,false,Rx,0,8,0D,10,83,B6,09,20,70,00,
754000,00000054,false,Rx,0,8,01,05,EF,00,D4,02,00,00,
754000,00000055,false,Rx,0,8,10,27,00,00,00,00,00,00,
755000,00000056,false,Rx,0,8,10,27,00,00,00,00,00,00,
755000,00000057,false,Rx,0,8,00,00,FE,FF,FE,FF,00,00,
784000,00000625,false,Rx,0,8,25,00,59,86,01,54,5C,06,
845000,0000060D,false,Rx,0,8,0D,10,83,B6,09,20,70,00,
884000,00000625,false,Rx,0,8,25,00,59,86,01,54,5C,06,
895000,000002C4,false,Rx,0,8,09,20,00,00,D4,02,00,00,
896000,000002C5,false,Rx,0,8,00,00,00,00,00,00,00,00,
896000,000002C6,false,Rx,0,8,32,00,7C,01,00,00,00,00,
945000,0000060D,false,Rx,0,8,0D,10,83,B6,09,20,70,00,
955000,00000054,false,Rx,0,8,01,05,EF,00,D4,02,00,00,
955000,00000055,false,Rx,0,8,10,27,00,00,00,00,00,00,
955000,00000056,false,Rx,0,8,10,27,00,00,00,00,00,00,
955000,00000057,false,Rx,0,8,00,00,FE,FF,FE,FF,00,00,
984000,00000625,false,Rx,0,8,25,00,59,86,01,54,5C,06,
45000,0000060D,false,Rx,0,8,0D,10,83,B6,09,20,70,00,
85000,00000625,false,Rx,0,8,25,00,59,86,01,54,5C,06,
116000,000002C4,false,Rx,0,8,09,20,00,00,D4,02,00,00,
116000,000002C5,false,Rx,0,8,00,00,00,00,00,00,00,00,
116000,000002C6,false,Rx,0,8,32,00,7C,01,00,00,00,00,
145000,0000060D,false,Rx,0,8,0D,10,83,B6,09,20,70,00,
155000,00000054,false,Rx,0,8,01,05,EF,00,D4,02,00,00,
155000,00000055,false,Rx,0,8,10,27,00,00,00,00,00,00,
155000,00000056,false,Rx,0,8,10,27,00,00,00,00,00,00,
155000,00000057,false,Rx,0,8,00,00,FE,FF,FE,FF,00,00,
185000,00000625,false,Rx,0,8,25,00,59,86,01,54,5C,06,
245000,0000060D,false,Rx,0,8,0D,10,83,B6,09,20,70,00,
284000,00000625,false,Rx,0,8,25,00,59,86,01,54,5C,06,
336000,000002C4,false,Rx,0,8,09,20,00,00,D4,02,00,00,
336000,000002C5,false,Rx,0,8,00,00,00,00,00,00,00,00,
336000,000002C6,false,Rx,0,8,32,00,7C,01,00,00,00,00,
345000,0000060D,false,Rx,0,8,0D,10,83,B6,09,20,70,00,
355000,00000054,false,Rx,0,8,01,05,EF,00,D4,02,00,00,
355000,00000055,false,Rx,0,8,10,27,00,00,00,00,00,00,
355000,00000056,false,Rx,0,8,10,27,00,00,00,00,00,00,
355000,00000057,false,Rx,0,8,00,00,FE,FF,FE,FF,00,00,
384000,00000625,false,Rx,0,8,25,00,59,86,01,54,5C,06,
445000,0000060D,false,Rx,0,8,0D,10,83,B6,09,20,70,00,
485000,00000625,false,Rx,0,8,25,00,59,86,01,54,5C,06,
545000,0000060D,false,Rx,0,8,0D,10,83,B6,09,20,70,00,
554000,00000054,false,Rx,0,8,01,05,EF,00,D4,02,00,00,
555000,00000055,false,Rx,0,8,10,27,00,00,00,00,00,00,
555000,00000056,false,Rx,0,8,10,27,00,00,00,00,00,00,
555000,00000057,false,Rx,0,8,00,00,FE,FF,FE,FF,00,00,
556000,000002C4,false,Rx,0,8,09,20,00,00,D4,02,00,00,
556000,000002C5,false,Rx,0,8,00,00,00,00,00,00,00,00,
556000,000002C6,false,Rx,0,8,32,00,7C,01,00,00,00,00,
585000,00000625,false,Rx,0,8,25,00,59,86,01,54,5C,06,
644000,0000060D,false,Rx,0,8,0D,10,83,B6,09,20,70,00,
684000,00000625,false,Rx,0,8,25,00,59,86,01,54,5C,06,
744000,0000060D,false,Rx,0,8,0D,10,83,B6,09,20,70,00,
754000,00000054,false,Rx,0,8,01,05,EF,00,D4,02,00,00,
755000,00000055,false,Rx,0,8,10,27,00,00,00,00,00,00,
755000,00000056,false,Rx,0,8,10,27,00,00,00,00,00,00,
755000,00000057,false,Rx,0,8,00,00,FE,FF,FE,FF,00,00,
775000,000002C4,false,Rx,0,8,09,20,00,00,D4,02,00,00,
775000,000002C5,false,Rx,0,8,00,00,00,00,00,00,00,00,
776000,000002C6,false,Rx,0,8,32,00,7C,01,00,00,00,00,
784000,00000625,false,Rx,0,8,25,00,59,86,01,54,5C,06,
845000,0000060D,false,Rx,0,8,0D,10,83,B6,09,20,70,00,
884000,00000625,false,Rx,0,8,25,00,59,86,01,54,5C,06,
944000,0000060D,false,Rx,0,8,0D,10,83,B6,09,20,70,00,
0,00000054,false,Rx,0,8,01,05,EF,00,D4,02,00,00,
0,00000055,false,Rx,0,8,10,27,00,00,00,00,00,00,
956000,00000056,false,Rx,0,8,10,27,00,00,00,00,00,00,
956000,00000057,false,Rx,0,8,00,00,FE,FF,FE,FF,00,00,
984000,00000625,false,Rx,0,8,25,00,59,86,01,54,5C,06,
995000,000002C4,false,Rx,0,8,09,20,00,00,D4,02,00,00,
995000,000002C5,false,Rx,0,8,00,00,00,00,00,00,00,00,
995000,000002C6,false,Rx,0,8,32,00,7C,01,00,00,00,00,
44000,0000060D,false,Rx,0,8,0D,10,83,B6,09,20,70,00,
85000,00000625,false,Rx,0,8,25,00,59,86,01,54,5C,06,
145000,0000060D,false,Rx,0,8,0D,10,83,B6,09,20,70,00,
155000,00000054,false,Rx,0,8,01,05,EF,00,D4,02,00,00,
155000,00000055,false,Rx,0,8,10,27,00,00,00,00,00,00,
0,00000056,false,Rx,0,8,10,27,00,00,00,00,00,00,
0,00000057,false,Rx,0,8,00,00,FE,FF,FE,FF,00,00,
184000,00000625,false,Rx,0,8,25,00,59,86,01,54,5C,06,
216000,000002C4,false,Rx,0,8,09,20,00,00,D4,02,00,00,
216000,000002C5,false,Rx,0,8,00,00,00,00,00,00,00,00,
216000,000002C6,false,Rx,0,8,32,00,7C,01,00,00,00,00,
244000,0000060D,false,Rx,0,8,0D,10,83,B6,09,20,70,00,
284000,00000625,false,Rx,0,8,25,00,59,86,01,54,5C,06,
345000,0000060D,false,Rx,0,8,0D,10,83,B6,09,20,70,00,
355000,00000054,false,Rx,0,8,01,05,EF,00,D4,02,00,00,
355000,00000055,false,Rx,0,8,10,27,00,00,00,00,00,00,
355000,00000056,false,Rx,0,8,10,27,00,00,00,00,00,00,
355000,00000057,false,Rx,0,8,00,00,FE,FF,FE,FF,00,00,
385000,00000625,false,Rx,0,8,25,00,59,86,01,54,5C,06,
435000,000002C4,false,Rx,0,8,09,20,00,00,D4,02,00,00,
435000,000002C5,false,Rx,0,8,00,00,00,00,00,00,00,00,
436000,000002C6,false,Rx,0,8,32,00,7C,01,00,00,00,00,
445000,0000060D,false,Rx,0,8,0D,10,83,B6,09,20,70,00,
485000,00000625,false,Rx,0,8,25,00,59,86,01,54,5C,06,
545000,0000060D,false,Rx,0,8,0D,10,83,B6,09,20,70,00,
555000,00000054,false,Rx,0,8,01,05,EF,00,D4,02,00,00,
555000,00000055,false,Rx,0,8,10,27,00,00,00,00,00,00,
555000,00000056,false,Rx,0,8,10,27,00,00,00,00,00,00,
555000,00000057,false,Rx,0,8,00,00,FE,FF,FE,FF,00,00,
585000,00000625,false,Rx,0,8,25,00,59,86,01,54,5C,06,
644000,0000060D,false,Rx,0,8,0D,10,83,B6,09,20,70,00,
655000,000002C4,false,Rx,0,8,09,20,00,00,D4,02,00,00,
655000,000002C5,false,Rx,0,8,00,00,00,00,00,00,00,00,
656000,000002C6,false,Rx,0,8,32,00,7C,01,00,00,00,00,
685000,00000625,false,Rx,0,8,25,00,59,86,01,54,5C,06,
744000,0000060D,false,Rx,0,8,0D,10,83,B6,09,20,70,00,
754000,00000054,false,Rx,0,8,01,05,EF,00,D4,02,00,00,
754000,00000055,false,Rx,0,8,10,27,00,00,00,00,00,00,
754000,00000056,false,Rx,0,8,10,27,00,00,00,00,00,00,
755000,00000057,false,Rx,0,8,00,00,FE,FF,FE,FF,00,00,
784000,00000625,false,Rx,0,8,25,00,59,86,01,54,5C,06,
845000,0000060D,false,Rx,0,8,0D,10,83,B6,09,20,70,00,
876000,000002C4,false,Rx,0,8,09,20,00,00,D4,02,00,00,
876000,000002C5,false,Rx,0,8,00,00,00,00,00,00,00,00,
876000,000002C6,false,Rx,0,8,32,00,7C,01,00,00,00,00,
885000,00000625,false,Rx,0,8,25,00,59,86,01,54,5C,06,
945000,0000060D,false,Rx,0,8,0D,10,83,B6,09,20,70,00,
0,00000054,false,Rx,0,8,01,05,EF,00,D4,02,00,00,
0,00000055,false,Rx,0,8,10,27,00,00,00,00,00,00,
0,00000056,false,Rx,0,8,10,27,00,00,00,00,00,00,
955000,00000057,false,Rx,0,8,00,00,FE,FF,FE,FF,00,00,
985000,00000625,false,Rx,0,8,25,00,59,86,01,54,5C,06,
45000,0000060D,false,Rx,0,8,0D,10,83,B6,09,20,70,00,
85000,00000625,false,Rx,0,8,25,00,59,86,01,54,5C,06,
0,000002C4,false,Rx,0,8,09,20,00,00,D4,02,00,00,
0,000002C5,false,Rx,0,8,00,00,00,00,00,00,00,00,
96000,000002C6,false,Rx,0,8,32,00,7C,01,00,00,00,00,
144000,0000060D,false,Rx,0,8,0D,10,83,B6,09,20,70,00,
155000,00000054,false,Rx,0,8,01,05,EF,00,D4,02,00,00,
155000,00000055,false,Rx,0,8,10,27,00,00,00,00,00,00,
155000,00000056,false,Rx,0,8,10,27,00,00,00,00,00,00,
155000,00000057,false,Rx,0,8,00,00,FE,FF,FE,FF,00,00,
184000,00000625,false,Rx,0,8,25,00,59,86,01,54,5C,06,
245000,0000060D,false,Rx,0,8,0D,10,83,B6,09,20,70,00,
284000,00000625,false,Rx,0,8,25,00,59,86,01,54,5C,06,
315000,000002C4,false,Rx,0,8,09,20,00,00,D4,02,00,00,
315000,000002C5,false,Rx,0,8,00,00,00,00,00,00,00,00,
316000,000002C6,false,Rx,0,8,32,00,7C,01,00,00,00,00,
345000,0000060D,false,Rx,0,8,0D,10,83,B6,09,20,70,00,
355000,00000054,false,Rx,0,8,01,05,EF,00,D4,02,00,00,
355000,00000055,false,Rx,0,8,10,27,00,00,00,00,00,00,
355000,00000056,false,Rx,0,8,10,27,00,00,00,00,00,00,
355000,00000057,false,Rx,0,8,00,00,FE,FF,FE,FF,00,00,
384000,00000625,false,Rx,0,8,25,00,59,86,01,54,5C,06,
445000,0000060D,false,Rx,0,8,0D,10,83,B6,09,20,70,00,
485000,00000625,false,Rx,0,8,25,00,59,86,01,54,5C,06,
535000,000002C4,false,Rx,0,8,09,20,00,00,D4,02,00,00,
536000,000002C5,false,Rx,0,8,00,00,00,00,00,00,00,00,
536000,000002C6,false,Rx,0,8,32,00,7C,01,00,00,00,00,
545000,0000060D,false,Rx,0,8,0D,10,83,B6,09,20,70,00,
554000,00000054,false,Rx,0,8,01,05,EF,00,D4,02,00,00,
554000,00000055,false,Rx,0,8,10,27,00,00,00,00,00,00,
555000,00000056,false,Rx,0,8,10,27,00,00,00,00,00,00,
555000,00000057,false,Rx,0,8,00,00,FE,FF,FE,FF,00,00,
584000,00000625,false,Rx,0,8,25,00,59,86,01,54,5C,06,
645000,0000060D,false,Rx,0,8,0D,10,83,B6,09,20,70,00,
685000,00000625,false,Rx,0,8,25,00,59,86,01,54,5C,06,
745000,0000060D,false,Rx,0,8,0D,10,83,B6,09,20,70,00,
754000,00000054,false,Rx,0,8,01,05,EF,00,D4,02,00,00,
754000,00000055,false,Rx,0,8,10,27,00,00,00,00,00,00,
755000,00000056,false,Rx,0,8,10,27,00,00,00,00,00,00,
755000,00000057,false,Rx,0,8,00,00,FE,FF,FE,FF,00,00,
755000,000002C4,false,Rx,0,8,09,20,00,00,D4,02,00,00,
756000,000002C5,false,Rx,0,8,00,00,00,00,00,00,00,00,
756000,000002C6,false,Rx,0,8,32,00,7C,01,00,00,00,00,
785000,00000625,false,Rx,0,8,25,00,59,86,01,54,5C,06,
845000,0000060D,false,Rx,0,8,0D,10,83,B6,09,20,70,00,
885000,00000625,false,Rx,0,8,25,00,59,86,01,54,5C,06,
945000,0000060D,false,Rx,0,8,0D,10,83,B6,09,20,70,00,
954000,00000054,false,Rx,0,8,01,05,EF,00,D4,02,00,00,
954000,00000055,false,Rx,0,8,10,27,00,00,00,00,00,00,
0,00000056,false,Rx,0,8,10,27,00,00,00,00,00,00,
0,00000057,false,Rx,0,8,00,00,FE,FF,FE,FF,00,00,
976000,000002C4,false,Rx,0,8,09,20,00,00,D4,02,00,00,
976000,000002C5,false,Rx,0,8,00,00,00,00,00,00,00,00,
976000,000002C6,false,Rx,0,8,32,00,7C,01,00,00,00,00,
985000,00000625,false,Rx,0,8,25,00,59,86,01,54,5C,06,
46000,0000060D,false,Rx,0,8,0D,10,83,B6,09,20,70,00,
85000,00000625,false,Rx,0,8,25,00,59,86,01,54,5C,06,
145000,0000060D,false,Rx,0,8,0D,10,83,B6,09,20,70,00,
155000,00000054,false,Rx,0,8,01,05,EF,00,D4,02,00,00,
0,00000055,false,Rx,0,8,10,27,00,00,00,00,00,00,
0,00000056,false,Rx,0,8,10,27,00,00,00,00,00,00,
155000,00000057,false,Rx,0,8,00,00,FE,FF,FE,FF,00,00,
184000,00000625,false,Rx,0,8,25,00,59,86,01,54,5C,06,
196000,000002C4,false,Rx,0,8,09,20,00,00,D4,02,00,00,
196000,000002C5,false,Rx,0,8,00,00,00,00,00,00,00,00,
196000,000002C6,false,Rx,0,8,32,00,7C,01,00,00,00,00,
245000,0000060D,false,Rx,0,8,0D,10,83,B6,09,20,70,00,
284000,00000625,false,Rx,0,8,25,00,59,86,01,54,5C,06,
345000,0000060D,false,Rx,0,8,0D,10,83,B6,09,20,70,00,
355000,00000054,false,Rx,0,8,01,05,EF,00,D4,02,00,00,
355000,00000055,false,Rx,0,8,10,27,00,00,00,00,00,00,
355000,00000056,false,Rx,0,8,10,27,00,00,00,00,00,00,
356000,00000057,false,Rx,0,8,00,00,FE,FF,FE,FF,00,00,
384000,00000625,false,Rx,0,8,25,00,59,86,01,54,5C,06,
416000,000002C4,false,Rx,0,8,09,20,00,00,D4,02,00,00,
416000,000002C5,false,Rx,0,8,00,00,00,00,00,00,00,00,
416000,000002C6,false,Rx,0,8,32,00,7C,01,00,00,00,00,
445000,0000060D,false,Rx,0,8,0D,10,83,B6,09,20,70,00,
484000,00000625,false,Rx,0,8,25,00,59,86,01,54,5C,06,
545000,0000060D,false,Rx,0,8,0D,10,83,B6,09,20,70,00,
555000,00000054,false,Rx,0,8,01,05,EF,00,D4,02,00,00,
555000,00000055,false,Rx,0,8,10,27,00,00,00,00,00,00,
555000,00000056,false,Rx,0,8,10,27,00,00,00,00,00,00,
556000,00000057,false,Rx,0,8,00,00,FE,FF,FE,FF,00,00,
585000,00000625,false,Rx,0,8,25,00,59,86,01,54,5C,06,
635000,000002C4,false,Rx,0,8,09,20,00,00,D4,02,00,00,
635000,000002C5,false,Rx,0,8,00,00,00,00,00,00,00,00,
636000,000002C6,false,Rx,0,8,32,00,7C,01,00,00,00,00,
645000,0000060D,false,Rx,0,8,0D,10,83,B6,09,20,70,00,
684000,00000625,false,Rx,0,8,25,00,59,86,01,54,5C,06,
745000,0000060D,false,Rx,0,8,0D,10,83,B6,09,20,70,00,
755000,00000054,false,Rx,0,8,01,05,EF,00,D4,02,00,00,
755000,00000055,false,Rx,0,8,10,27,00,00,00,00,00,00,
755000,00000056,false,Rx,0,8,10,27,00,00,00,00,00,00,
756000,00000057,false,Rx,0,8,00,00,FE,FF,FE,FF,00,00,
784000,00000625,false,Rx,0,8,25,00,59,86,01,54,5C,06,
845000,0000060D,false,Rx,0,8,0D,10,83,B6,09,20,70,00,
856000,000002C4,false,Rx,0,8,09,20,00,00,D4,02,00,00,
856000,000002C5,false,Rx,0,8,00,00,00,00,00,00,00,00,
857000,000002C6,false,Rx,0,8,32,00,7C,01,00,00,00,00,
885000,00000625,false,Rx,0,8,25,00,59,86,01,54,5C,06,
945000,0000060D,false,Rx,0,8,0D,10,83,B6,09,20,70,00,
0,00000054,false,Rx,0,8,01,05,EF,00,D4,02,00,00,
0,00000055,false,Rx,0,8,10,27,00,00,00,00,00,00,
955000,00000056,false,Rx,0,8,10,27,00,00,00,00,00,00,
955000,00000057,false,Rx,0,8,00,00,FE,FF,FE,FF,00,00,
985000,00000625,false,Rx,0,8,25,00,59,86,01,54,5C,06,
45000,0000060D,false,Rx,0,8,0D,10,83,B6,09,20,70,00,
75000,000002C4,false,Rx,0,8,09,20,00,00,D4,02,00,00,
75000,000002C5,false,Rx,0,8,00,00,00,00,00,00,00,00,
76000,000002C6,false,Rx,0,8,32,00,7C,01,00,00,00,00,
84000,00000625,false,Rx,0,8,25,00,59,86,01,54,5C,06,
145000,0000060D,false,Rx,0,8,0D,10,83,B6,09,20,70,00,
0,00000054,false,Rx,0,8,01,05,EF,00,D4,02,00,00,
0,00000055,false,Rx,0,8,10,27,00,00,00,00,00,00,
0,00000056,false,Rx,0,8,10,27,00,00,00,00,00,00,
0,00000057,false,Rx,0,8,00,00,FE,FF,FE,FF,00,00,
185000,00000625,false,Rx,0,8,25,00,59,86,01,54,5C,06,
245000,0000060D,false,Rx,0,8,0D,10,83,B6,09,20,70,00,
284000,00000625,false,Rx,0,8,25,00,59,86,01,54,5C,06,
0,000002C4,false,Rx,0,8,09,20,00,00,D4,02,00,00,
0,000002C5,false,Rx,0,8,00,00,00,00,00,00,00,00,
296000,000002C6,false,Rx,0,8,32,00,7C,01,00,00,00,00,
345000,0000060D,false,Rx,0,8,0D,10,83,B6,09,20,70,00,
355000,00000054,false,Rx,0,8,01,05,EF,00,D4,02,00,00,
355000,00000055,false,Rx,0,8,10,27,00,00,00,00,00,00,
355000,00000056,false,Rx,0,8,10,27,00,00,00,00,00,00,
356000,00000057,false,Rx,0,8,00,00,FE,FF,FE,FF,00,00,
385000,00000625,false,Rx,0,8,25,00,59,86,01,54,5C,06,
445000,0000060D,false,Rx,0,8,0D,10,83,B6,09,20,70,00,
485000,00000625,false,Rx,0,8,25,00,59,86,01,54,5C,06,
0,000002C4,false,Rx,0,8,09,20,00,00,D4,02,00,00,
0,000002C5,false,Rx,0,8,00,00,00,00,00,00,00,00,
516000,000002C6,false,Rx,0,8,32,00,7C,01,00,00,00,00,
545000,0000060D,false,Rx,0,8,0D,10,83,B6,09,20,70,00,
554000,00000054,false,Rx,0,8,01,05,EF,00,D4,02,00,00,
555000,00000055,false,Rx,0,8,10,27,00,00,00,00,00,00,
555000,00000056,false,Rx,0,8,10,27,00,00,00,00,00,00,
555000,00000057,false,Rx,0,8,00,00,FE,FF,FE,FF,00,00,
585000,00000625,false,Rx,0,8,25,00,59,86,01,54,5C,06,
645000,0000060D,false,Rx,0,8,0D,10,83,B6,09,20,70,00,
685000,00000625,false,Rx,0,8,25,00,59,86,01,54,5C,06,
735000,000002C4,false,Rx,0,8,09,20,00,00,D4,02,00,00,
735000,000002C5,false,Rx,0,8,00,00,00,00,00,00,00,00,
737000,000002C6,false,Rx,0,8,32,00,7C,01,00,00,00,00,
744000,0000060D,false,Rx,0,8,0D,10,83,B6,09,20,70,00,
755000,00000054,false,Rx,0,8,01,05,EF,00,D4,02,00,00,
755000,00000055,false,Rx,0,8,10,27,00,00,00,00,00,00,
755000,00000056,false,Rx,0,8,10,27,00,00,00,00,00,00,
755000,00000057,false,Rx,0,8,00,00,FE,FF,FE,FF,00,00,
784000,00000625,false,Rx,0,8,25,00,59,86,01,54,5C,06,
845000,0000060D,false,Rx,0,8,0D,10,83,B6,09,20,70,00,
885000,00000625,false,Rx,0,8,25,00,59,86,01,54,5C,06,
945000,0000060D,false,Rx,0,8,0D,10,83,B6,09,20,70,00,
0,00000054,false,Rx,0,8,01,05,EF,00,D4,02,00,00,
0,00000055,false,Rx,0,8,10,27,00,00,00,00,00,00,
0,00000056,false,Rx,0,8,10,27,00,00,00,00,00,00,
956000,00000057,false,Rx,0,8,00,00,FE,FF,FE,FF,00,00,
0,000002C4,false,Rx,0,8,09,20,00,00,D4,02,00,00,
0,000002C5,false,Rx,0,8,00,00,00,00,00,00,00,00,
957000,000002C6,false,Rx,0,8,32,00,7C,01,00,00,00,00,
984000,00000625,false,Rx,0,8,25,00,59,86,01,54,5C,06,
45000,0000060D,false,Rx,0,8,0D,10,83,B6,09,20,70,00,
85000,00000625,false,Rx,0,8,25,00,59,86,01,54,5C,06,
145000,0000060D,false,Rx,0,8,0D,10,83,B6,09,20,70,00,
155000,00000054,false,Rx,0,8,01,05,EF,00,D4,02,00,00,
155000,00000055,false,Rx,0,8,10,27,00,00,00,00,00,00,
155000,00000056,false,Rx,0,8,10,27,00,00,00,00,00,00,
155000,00000057,false,Rx,0,8,00,00,FE,FF,FE,FF,00,00,
175000,000002C4,false,Rx,0,8,09,20,00,00,D4,02,00,00,
175000,000002C5,false,Rx,0,8,00,00,00,00,00,00,00,00,
176000,000002C6,false,Rx,0,8,32,00,7C,01,00,00,00,00,
184000,00000625,false,Rx,0,8,25,00,59,86,01,54,5C,06,
244000,0000060D,false,Rx,0,8,0D,10,83,B6,09,20,70,00,
285000,00000625,false,Rx,0,8,25,00,59,86,01,54,5C,06,
345000,0000060D,false,Rx,0,8,0D,10,83,B6,09,20,70,00,
355000,00000054,false,Rx,0,8,01,05,EF,00,D4,02,00,00,
355000,00000055,false,Rx,0,8,10,27,00,00,00,00,00,00,
355000,00000056,false,Rx,0,8,10,27,00,00,00,00,00,00,
356000,00000057,false,Rx,0,8,00,00,FE,FF,FE,FF,00,00,
385000,00000625,false,Rx,0,8,25,00,59,86,01,54,5C,06,
395000,000002C4,false,Rx,0,8,09,20,00,00,D4,02,00,00,
395000,000002C5,false,Rx,0,8,00,00,00,00,00,00,00,00,
396000,000002C6,false,Rx,0,8,32,00,7C,01,00,00,00,00,
445000,0000060D,false,Rx,0,8,0D,10,83,B6,09,20,70,00,
485000,00000625,false,Rx,0,8,25,00,59,86,01,54,5C,06,
545000,0000060D,false,Rx,0,8,0D,10,83,B6,09,20,70,00,
554000,00000054,false,Rx,0,8,01,05,EF,00,D4,02,00,00,
554000,00000055,false,Rx,0,8,10,27,00,00,00,00,00,00,
555000,00000056,false,Rx,0,8,10,27,00,00,00,00,00,00,
555000,00000057,false,Rx,0,8,00,00,FE,FF,FE,FF,00,00,
585000,00000625,false,Rx,0,8,25,00,59,86,01,54,5C,06,
616000,000002C4,false,Rx,0,8,09,20,00,00,D4,02,00,00,
616000,000002C5,false,Rx,0,8,00,00,00,00,00,00,00,00,
617000,000002C6,false,Rx,0,8,32,00,7C,01,00,00,00,00,
644000,0000060D,false,Rx,0,8,0D,10,83,B6,09,20,70,00,
685000,00000625,false,Rx,0,8,25,00,59,86,01,54,5C,06,
745000,0000060D,false,Rx,0,8,0D,10,83,B6,09,20,70,00,
755000,00000054,false,Rx,0,8,01,05,EF,00,D4,02,00,00,
755000,00000055,false,Rx,0,8,10,27,00,00,00,00,00,00,
755000,00000056,false,Rx,0,8,10,27,00,00,00,00,00,00,
755000,00000057,false,Rx,0,8,00,00,FE,FF,FE,FF,00,00,
784000,00000625,false,Rx,0,8,25,00,59,86,01,54,5C,06,
835000,000002C4,false,Rx,0,8,09,20,00,00,D4,02,00,00,
835000,000002C5,false,Rx,0,8,00,00,00,00,00,00,00,00,
836000,000002C6,false,Rx,0,8,32,00,7C,01,00,00,00,00,
845000,0000060D,false,Rx,0,8,0D,10,83,B6,09,20,70,00,
885000,00000625,false,Rx,0,8,25,00,59,86,01,54,5C,06,
945000,0000060D,false,Rx,0,8,0D,10,83,B6,09,20,70,00,
0,00000054,false,Rx,0,8,01,05,EF,00,D4,02,00,00,
0,00000055,false,Rx,0,8,10,27,00,00,00,00,00,00,
0,00000056,false,Rx,0,8,10,27,00,00,00,00,00,00,
0,00000057,false,Rx,0,8,00,00,FE,FF,FE,FF,00,00,
985000,00000625,false,Rx,0,8,25,00,59,86,01,54,5C,06,
45000,0000060D,false,Rx,0,8,0D,10,83,B6,09,20,70,00,
55000,000002C4,false,Rx,0,8,09,20,00,00,D4,02,00,00,
55000,000002C5,false,Rx,0,8,00,00,00,00,00,00,00,00,
56000,000002C6,false,Rx,0,8,32,00,7C,01,00,00,00,00,
85000,00000625,false,Rx,0,8,25,00,59,86,01,54,5C,06,
144000,0000060D,false,Rx,0,8,0D,10,83,B6,09,20,70,00,
0,00000054,false,Rx,0,8,01,05,EF,00,D4,02,00,00,
0,00000055,false,Rx,0,8,10,27,00,00,00,00,00,00,
0,00000056,false,Rx,0,8,10,27,00,00,00,00,00,00,
0,00000057,false,Rx,0,8,00,00,FE,FF,FE,FF,00,00,
184000,00000625,false,Rx,0,8,25,00,59,86,01,54,5C,06,
245000,0000060D,false,Rx,0,8,0D,10,83,B6,09,20,70,00,
0,000002C4,false,Rx,0,8,09,20,00,00,D4,02,00,00,
0,000002C5,false,Rx,0,8,00,00,00,00,00,00,00,00,
277000,000002C6,false,Rx,0,8,32,00,7C,01,00,00,00,00,
284000,00000625,false,Rx,0,8,25,00,59,86,01,54,5C,06,
345000,0000060D,false,Rx,0,8,0D,10,83,B6,09,20,70,00,
354000,00000054,false,Rx,0,8,01,05,EF,00,D4,02,00,00,
354000,00000055,false,Rx,0,8,10,27,00,00,00,00,00,00,
354000,00000056,false,Rx,0,8,10,27,00,00,00,00,00,00,
355000,00000057,false,Rx,0,8,00,00,FE,FF,FE,FF,00,00,
385000,00000625,false,Rx,0,8,25,00,59,86,01,54,5C,06,
444000,0000060D,false,Rx,0,8,0D,10,83,B6,09,20,70,00,
485000,00000625,false,Rx,0,8,25,00,59,86,01,54,5C,06,
495000,000002C4,false,Rx,0,8,09,20,00,00,D4,02,00,00,
495000,000002C5,false,Rx,0,8,00,00,00,00,00,00,00,00,
497000,000002C6,false,Rx,0,8,32,00,7C,01,00,00,00,00,
545000,0000060D,false,Rx,0,8,0D,10,83,B6,09,20,70,00,
554000,00000054,false,Rx,0,8,01,05,EF,00,D4,02,00,00,
554000,00000055,false,Rx,0,8,10,27,00,00,00,00,00,00,
555000,00000056,false,Rx,0,8,10,27,00,00,00,00,00,00,
555000,00000057,false,Rx,0,8,00,00,FE,FF,FE,FF,00,00,
585000,00000625,false,Rx,0,8,25,00,59,86,01,54,5C,06,
644000,0000060D,false,Rx,0,8,0D,10,83,B6,09,20,70,00,
685000,00000625,false,Rx,0,8,25,00,59,86,01,54,5C,06,
715000,000002C4,false,Rx,0,8,09,20,00,00,D4,02,00,00,
715000,000002C5,false,Rx,0,8,00,00,00,00,00,00,00,00,
716000,000002C6,false,Rx,0,8,32,00,7C,01,00,00,00,00,
744000,0000060D,false,Rx,0,8,0D,10,83,B6,09,20,70,00,
755000,00000054,false,Rx,0,8,01,05,EF,00,D4,02,00,00,
755000,00000055,false,Rx,0,8,10,27,00,00,00,00,00,00,
755000,00000056,false,Rx,0,8,10,27,00,00,00,00,00,00,
755000,00000057,false,Rx,0,8,00,00,FE,FF,FE,FF,00,00,
784000,00000625,false,Rx,0,8,25,00,59,86,01,54,5C,06,
845000,0000060D,false,Rx,0,8,0D,10,83,B6,09,20,70,00,
884000,00000625,false,Rx,0,8,25,00,59,86,01,54,5C,06,
936000,000002C4,false,Rx,0,8,09,20,00,00,D4,02,00,00,
936000,000002C5,false,Rx,0,8,00,00,00,00,00,00,00,00,
936000,000002C6,false,Rx,0,8,32,00,7C,01,00,00,00,00,
945000,0000060D,false,Rx,0,8,0D,10,83,B6,09,20,70,00,
0,00000054,false,Rx,0,8,01,05,EF,00,D4,02,00,00,
0,00000055,false,Rx,0,8,10,27,00,00,00,00,00,00,
955000,00000056,false,Rx,0,8,10,27,00,00,00,00,00,00,
955000,00000057,false,Rx,0,8,00,00,FE,FF,FE,FF,00,00,
985000,00000625,false,Rx,0,8,25,00,59,86,01,54,5C,06,
44000,0000060D,false,Rx,0,8,0D,10,83,B6,09,20,70,00,
85000,00000625,false,Rx,0,8,25,00,59,86,01,54,5C,06,
145000,0000060D,false,Rx,0,8,0D,10,83,B6,09,20,70,00,
155000,00000054,false,Rx,0,8,01,05,EF,00,D4,02,00,00,
155000,00000055,false,Rx,0,8,10,27,00,00,00,00,00,00,
155000,00000056,false,Rx,0,8,10,27,00,00,00,00,00,00,
0,00000057,false,Rx,0,8,00,00,FE,FF,FE,FF,00,00,
0,000002C4,false,Rx,0,8,09,20,00,00,D4,02,00,00,
0,000002C5,false,Rx,0,8,00,00,00,00,00,00,00,00,
0,000002C6,false,Rx,0,8,32,00,7C,01,00,00,00,00,
185000,00000625,false,Rx,0,8,25,00,59,86,01,54,5C,06,
245000,0000060D,false,Rx,0,8,0D,10,83,B6,09,20,70,00,
285000,00000625,false,Rx,0,8,25,00,59,86,01,54,5C,06,
345000,0000060D,false,Rx,0,8,0D,10,83,B6,09,20,70,00,
354000,00000054,false,Rx,0,8,01,05,EF,00,D4,02,00,00,
354000,00000055,false,Rx,0,8,10,27,00,00,00,00,00,00,
355000,00000056,false,Rx,0,8,10,27,00,00,00,00,00,00,
355000,00000057,false,Rx,0,8,00,00,FE,FF,FE,FF,00,00,
375000,000002C4,false,Rx,0,8,09,20,00,00,D4,02,00,00,
375000,000002C5,false,Rx,0,8,00,00,00,00,00,00,00,00,
376000,000002C6,false,Rx,0,8,32,00,7C,01,00,00,00,00,
384000,00000625,false,Rx,0,8,25,00,59,86,01,54,5C,06,
445000,0000060D,false,Rx,0,8,0D,10,83,B6,09,20,70,00,
485000,00000625,false,Rx,0,8,25,00,59,86,01,54,5C,06,
544000,0000060D,false,Rx,0,8,0D,10,83,B6,09,20,70,00,
0,00000054,false,Rx,0,8,01,05,EF,00,D4,02,00,00,
0,00000055,false,Rx,0,8,10,27,00,00,00,00,00,00,
555000,00000056,false,Rx,0,8,10,27,00,00,00,00,00,00,
555000,00000057,false,Rx,0,8,00,00,FE,FF,FE,FF,00,00,
584000,00000625,false,Rx,0,8,25,00,59,86,01,54,5C,06,
595000,000002C4,false,Rx,0,8,09,20,00,00,D4,02,00,00,
595000,000002C5,false,Rx,0,8,00,00,00,00,00,00,00,00,
596000,000002C6,false,Rx,0,8,32,00,7C,01,00,00,00,00,
645000,0000060D,false,Rx,0,8,0D,10,83,B6,09,20,70,00,
684000,00000625,false,Rx,0,8,25,00,59,86,01,54,5C,06,
745000,0000060D,false,Rx,0,8,0D,10,83,B6,09,20,70,00,
754000,00000054,false,Rx,0,8,01,05,EF,00,D4,02,00,00,
755000,00000055,false,Rx,0,8,10,27,00,00,00,00,00,00,
755000,00000056,false,Rx,0,8,10,27,00,00,00,00,00,00,
755000,00000057,false,Rx,0,8,00,00,FE,FF,FE,FF,00,00,
784000,00000625,false,Rx,0,8,25,00,59,86,01,54,5C,06,
815000,000002C4,false,Rx,0,8,09,20,00,00,D4,02,00,00,
815000,000002C5,false,Rx,0,8,00,00,00,00,00,00,00,00,
816000,000002C6,false,Rx,0,8,32,00,7C,01,00,00,00,00,
845000,0000060D,false,Rx,0,8,0D,10,83,B6,09,20,70,00,
885000,00000625,false,Rx,0,8,25,00,59,86,01,54,5C,06,
944000,0000060D,false,Rx,0,8,0D,10,83,B6,09,20,70,00,
954000,00000054,false,Rx,0,8,01,05,EF,00,D4,02,00,00,
955000,00000055,false,Rx,0,8,10,27,00,00,00,00,00,00,
0,00000056,false,Rx,0,8,10,27,00,00,00,00,00,00,
0,00000057,false,Rx,0,8,00,00,FE,FF,FE,FF,00,00,
985000,00000625,false,Rx,0,8,25,00,59,86,01,54,5C,06,
35000,000002C4,false,Rx,0,8,09,20,00,00,D4,02,00,00,
35000,000002C5,false,Rx,0,8,00,00,00,00,00,00,00,00,
36000,000002C6,false,Rx,0,8,32,00,7C,01,00,00,00,00,
44000,0000060D,false,Rx,0,8,0D,10,83,B6,09,20,70,00,
85000,00000625,false,Rx,0,8,25,00,59,86,01,54,5C,06,
145000,0000060D,false,Rx,0,8,0D,10,83,B6,09,20,70,00,
155000,00000054,false,Rx,0,8,01,05,EF,00,D4,02,00,00,
155000,00000055,false,Rx,0,8,10,27,00,00,00,00,00,00,
0,00000056,false,Rx,0,8,10,27,00,00,00,00,00,00,
0,00000057,false,Rx,0,8,00,00,FE,FF,FE,FF,00,00,
185000,00000625,false,Rx,0,8,25,00,59,86,01,54,5C,06,
244000,0000060D,false,Rx,0,8,0D,10,83,B6,09,20,70,00,
0,000002C4,false,Rx,0,8,09,20,00,00,D4,02,00,00,
0,000002C5,false,Rx,0,8,00,00,00,00,00,00,00,00,
257000,000002C6,false,Rx,0,8,32,00,7C,01,00,00,00,00,
285000,00000625,false,Rx,0,8,25,00,59,86,01,54,5C,06,
345000,0000060D,false,Rx,0,8,0D,10,83,B6,09,20,70,00,
354000,00000054,false,Rx,0,8,01,05,EF,00,D4,02,00,00,
354000,00000055,false,Rx,0,8,10,27,00,00,00,00,00,00,
355000,00000056,false,Rx,0,8,10,27,00,00,00,00,00,00,
355000,00000057,false,Rx,0,8,00,00,FE,FF,FE,FF,00,00,
385000,00000625,false,Rx,0,8,25,00,59,86,01,54,5C,06,
445000,0000060D,false,Rx,0,8,0D,10,83,B6,09,20,70,00,
475000,000002C4,false,Rx,0,8,09,20,00,00,D4,02,00,00,
475000,000002C5,false,Rx,0,8,00,00,00,00,00,00,00,00,
476000,000002C6,false,Rx,0,8,32,00,7C,01,00,00,00,00,
485000,00000625,false,Rx,0,8,25,00,59,86,01,54,5C,06,
544000,0000060D,false,Rx,0,8,0D,10,83,B6,09,20,70,00,
554000,00000054,false,Rx,0,8,01,05,EF,00,D4,02,00,00,
554000,00000055,false,Rx,0,8,10,27,00,00,00,00,00,00,
554000,00000056,false,Rx,0,8,10,27,00,00,00,00,00,00,
555000,00000057,false,Rx,0,8,00,00,FE,FF,FE,FF,00,00,
584000,00000625,false,Rx,0,8,25,00,59,86,01,54,5C,06,
644000,0000060D,false,Rx,0,8,0D,10,83,B6,09,20,70,00,
684000,00000625,false,Rx,0,8,25,00,59,86,01,54,5C,06,
696000,000002C4,false,Rx,0,8,09,20,00,00,D4,02,00,00,
696000,000002C5,false,Rx,0,8,00,00,00,00,00,00,00,00,
696000,000002C6,false,Rx,0,8,32,00,7C,01,00,00,00,00,
745000,0000060D,false,Rx,0,8,0D,10,83,B6,09,20,70,00,
0,00000054,false,Rx,0,8,01,05,EF,00,D4,02,00,00,
0,00000055,false,Rx,0,8,10,27,00,00,00,00,00,00,
755000,00000056,false,Rx,0,8,10,27,00,00,00,00,00,00,
755000,00000057,false,Rx,0,8,00,00,FE,FF,FE,FF,00,00,
785000,00000625,false,Rx,0,8,25,00,59,86,01,54,5C,06,
845000,0000060D,false,Rx,0,8,0D,10,83,B6,09,20,70,00,
884000,00000625,false,Rx,0,8,25,00,59,86,01,54,5C,06,
916000,000002C4,false,Rx,0,8,09,20,00,00,D4,02,00,00,
916000,000002C5,false,Rx,0,8,00,00,00,00,00,00,00,00,
917000,000002C6,false,Rx,0,8,32,00,7C,01,00,00,00,00,
944000,0000060D,false,Rx,0,8,0D,10,83,B6,09,20,70,00,
0,00000054,false,Rx,0,8,01,05,EF,00,D4,02,00,00,
0,00000055,false,Rx,0,8,10,27,00,00,00,00,00,00,
0,00000056,false,Rx,0,8,10,27,00,00,00,00,00,00,
955000,00000057,false,Rx,0,8,00,00,FE,FF,FE,FF,00,00,
985000,00000625,false,Rx,0,8,25,00,59,86,01,54,5C,06,
45000,0000060D,false,Rx,0,8,0D,10,83,B6,09,20,70,00,
85000,00000625,false,Rx,0,8,25,00,59,86,01,54,5C,06,
135000,000002C4,false,Rx,0,8,09,20,00,00,D4,02,00,00,
136000,000002C5,false,Rx,0,8,00,00,00,00,00,00,00,00,
136000,000002C6,false,Rx,0,8,32,00,7C,01,00,00,00,00,
145000,0000060D,false,Rx,0,8,0D,10,83,B6,09,20,70,00,
154000,00000054,false,Rx,0,8,01,05,EF,00,D4,02,00,00,
155000,00000055,false,Rx,0,8,10,27,00,00,00,00,00,00,
155000,00000056,false,Rx,0,8,10,27,00,00,00,00,00,00,
157000,00000057,false,Rx,0,8,00,00,FE,FF,FE,FF,00,00,
184000,00000625,false,Rx,0,8,25,00,59,86,01,54,5C,06,
245000,0000060D,false,Rx,0,8,0D,10,83,B6,09,20,70,00,
284000,00000625,false,Rx,0,8,25,00,59,86,01,54,5C,06,
345000,0000060D,false,Rx,0,8,0D,10,83,B6,09,20,70,00,
354000,00000054,false,Rx,0,8,01,05,EF,00,D4,02,00,00,
355000,00000055,false,Rx,0,8,10,27,00,00,00,00,00,00,
355000,00000056,false,Rx,0,8,10,27,00,00,00,00,00,00,
355000,00000057,false,Rx,0,8,00,00,FE,FF,FE,FF,00,00,
355000,000002C4,false,Rx,0,8,09,20,00,00,D4,02,00,00,
355000,000002C5,false,Rx,0,8,00,00,00,00,00,00,00,00,
357000,000002C6,false,Rx,0,8,32,00,7C,01,00,00,00,00,
384000,00000625,false,Rx,0,8,25,00,59,86,01,54,5C,06,
445000,0000060D,false,Rx,0,8,0D,10,83,B6,09,20,70,00,
485000,00000625,false,Rx,0,8,25,00,59,86,01,54,5C,06,
545000,0000060D,false,Rx,0,8,0D,10,83,B6,09,20,70,00,
554000,00000054,false,Rx,0,8,01,05,EF,00,D4,02,00,00,
554000,00000055,false,Rx,0,8,10,27,00,00,00,00,00,00,
555000,00000056,false,Rx,0,8,10,27,00,00,00,00,00,00,
555000,00000057,false,Rx,0,8,00,00,FE,FF,FE,FF,00,00,
575000,000002C4,false,Rx,0,8,09,20,00,00,D4,02,00,00,
576000,000002C5,false,Rx,0,8,00,00,00,00,00,00,00,00,
576000,000002C6,false,Rx,0,8,32,00,7C,01,00,00,00,00,
584000,00000625,false,Rx,0,8,25,00,59,86,01,54,5C,06,
645000,0000060D,false,Rx,0,8,0D,10,83,B6,09,20,70,00,
685000,00000625,false,Rx,0,8,25,00,59,86,01,54,5C,06,
745000,0000060D,false,Rx,0,8,0D,10,83,B6,09,20,70,00,
0,00000054,false,Rx,0,8,01,05,EF,00,D4,02,00,00,
0,00000055,false,Rx,0,8,10,27,00,00,00,00,00,00,
0,00000056,false,Rx,0,8,10,27,00,00,00,00,00,00,
755000,00000057,false,Rx,0,8,00,00,FE,FF,FE,FF,00,00,
784000,00000625,false,Rx,0,8,25,00,59,86,01,54,5C,06,
0,000002C4,false,Rx,0,8,09,20,00,00,D4,02,00,00,
0,000002C5,false,Rx,0,8,00,00,00,00,00,00,00,00,
797000,000002C6,false,Rx,0,8,32,00,7C,01,00,00,00,00,
845000,0000060D,false,Rx,0,8,0D,10,83,B6,09,20,70,00,
886000,00000625,false,Rx,0,8,25,00,59,86,01,54,5C,06,
944000,0000060D,false,Rx,0,8,0D,10,83,B6,09,20,70,00,
0,00000054,false,Rx,0,8,01,05,EF,00,D4,02,00,00,
0,00000055,false,Rx,0,8,10,27,00,00,00,00,00,00,
0,00000056,false,Rx,0,8,10,27,00,00,00,00,00,00,
955000,00000057,false,Rx,0,8,00,00,FE,FF,FE,FF,00,00,
985000,00000625,false,Rx,0,8,25,00,59,86,01,54,5C,06,
0,000002C4,false,Rx,0,8,09,20,00,00,D4,02,00,00,
0,000002C5,false,Rx,0,8,00,00,00,00,00,00,00,00,
0,000002C6,false,Rx,0,8,32,00,7C,01,00,00,00,00,
45000,0000060D,false,Rx,0,8,0D,10,83,B6,09,20,70,00,
85000,00000625,false,Rx,0,8,25,00,59,86,01,54,5C,06,
144000,0000060D,false,Rx,0,8,0D,10,83,B6,09,20,70,00,
154000,00000054,false,Rx,0,8,01,05,EF,00,D4,02,00,00,
154000,00000055,false,Rx,0,8,10,27,00,00,00,00,00,00,
155000,00000056,false,Rx,0,8,10,27,00,00,00,00,00,00,
156000,00000057,false,Rx,0,8,00,00,FE,FF,FE,FF,00,00,
184000,00000625,false,Rx,0,8,25,00,59,86,01,54,5C,06,
236000,000002C4,false,Rx,0,8,09,20,00,00,D4,02,00,00,
236000,000002C5,false,Rx,0,8,00,00,00,00,00,00,00,00,
237000,000002C6,false,Rx,0,8,32,00,7C,01,00,00,00,00,
244000,0000060D,false,Rx,0,8,0D,10,83,B6,09,20,70,00,
284000,00000625,false,Rx,0,8,25,00,59,86,01,54,5C,06,
346000,0000060D,false,Rx,0,8,0D,10,83,B6,09,20,70,00,
354000,00000054,false,Rx,0,8,01,05,EF,00,D4,02,00,00,
354000,00000055,false,Rx,0,8,10,27,00,00,00,00,00,00,
355000,00000056,false,Rx,0,8,10,27,00,00,00,00,00,00,
355000,00000057,false,Rx,0,8,00,00,FE,FF,FE,FF,00,00,
385000,00000625,false,Rx,0,8,25,00,59,86,01,54,5C,06,
445000,0000060D,false,Rx,0,8,0D,10,83,B6,09,20,70,00,
455000,000002C4,false,Rx,0,8,09,20,00,00,D4,02,00,00,
456000,000002C5,false,Rx,0,8,00,00,00,00,00,00,00,00,
457000,000002C6,false,Rx,0,8,32,00,7C,01,00,00,00,00,
485000,00000625,false,Rx,0,8,25,00,59,86,01,54,5C,06,
545000,0000060D,false,Rx,0,8,0D,10,83,B6,09,20,70,00,
555000,00000054,false,Rx,0,8,01,05,EF,00,D4,02,00,00,
555000,00000055,false,Rx,0,8,10,27,00,00,00,00,00,00,
555000,00000056,false,Rx,0,8,10,27,00,00,00,00,00,00,
555000,00000057,false,Rx,0,8,00,00,FE,FF,FE,FF,00,00,
584000,00000625,false,Rx,0,8,25,00,59,86,01,54,5C,06,
645000,0000060D,false,Rx,0,8,0D,10,83,B6,09,20,70,00,
676000,000002C4,false,Rx,0,8,09,20,00,00,D4,02,00,00,
676000,000002C5,false,Rx,0,8,00,00,00,00,00,00,00,00,
676000,000002C6,false,Rx,0,8,32,00,7C,01,00,00,00,00,
684000,00000625,false,Rx,0,8,25,00,59,86,01,54,5C,06,
744000,0000060D,false,Rx,0,8,0D,10,83,B6,09,20,70,00,
754000,00000054,false,Rx,0,8,01,05,EF,00,D4,02,00,00,
755000,00000055,false,Rx,0,8,10,27,00,00,00,00,00,00,
755000,00000056,false,Rx,0,8,10,27,00,00,00,00,00,00,
755000,00000057,false,Rx,0,8,00,00,FE,FF,FE,FF,00,00,
785000,00000625,false,Rx,0,8,25,00,59,86,01,54,5C,06,
845000,0000060D,false,Rx,0,8,0D,10,83,B6,09,20,70,00,
885000,00000625,false,Rx,0,8,25,00,59,86,01,54,5C,06,
895000,000002C4,false,Rx,0,8,09,20,00,00,D4,02,00,00,
895000,000002C5,false,Rx,0,8,00,00,00,00,00,00,00,00,
896000,000002C6,false,Rx,0,8,32,00,7C,01,00,00,00,00,
945000,0000060D,false,Rx,0,8,0D,10,83,B6,09,20,70,00,
955000,00000054,false,Rx,0,8,01,05,EF,00,D4,02,00,00,
955000,00000055,false,Rx,0,8,10,27,00,00,00,00,00,00,
955000,00000056,false,Rx,0,8,10,27,00,00,00,00,00,00,
955000,00000057,false,Rx,0,8,00,00,FE,FF,FE,FF,00,00,
985000,00000625,false,Rx,0,8,25,00,59,86,01,54,5C,06,
45000,0000060D,false,Rx,0,8,0D,10,83,B6,09,20,70,00,
84000,00000625,false,Rx,0,8,25,00,59,86,01,54,5C,06,
115000,000002C4,false,Rx,0,8,09,20,00,00,D4,02,00,00,
116000,000002C5,false,Rx,0,8,00,00,00,00,00,00,00,00,
116000,000002C6,false,Rx,0,8,32,00,7C,01,00,00,00,00,
145000,0000060D,false,Rx,0,8,0D,10,83,B6,09,20,70,00,
155000,00000054,false,Rx,0,8,01,05,EF,00,D4,02,00,00,
155000,00000055,false,Rx,0,8,10,27,00,00,00,00,00,00,
155000,00000056,false,Rx,0,8,10,27,00,00,00,00,00,00,
155000,00000057,false,Rx,0,8,00,00,FE,FF,FE,FF,00,00,
184000,00000625,false,Rx,0,8,25,00,59,86,01,54,5C,06,
244000,0000060D,false,Rx,0,8,0D,10,83,B6,09,20,70,00,
285000,00000625,false,Rx,0,8,25,00,59,86,01,54,5C,06,
335000,000002C4,false,Rx,0,8,09,20,00,00,D4,02,00,00,
335000,000002C5,false,Rx,0,8,00,00,00,00,00,00,00,00,
336000,000002C6,false,Rx,0,8,32,00,7C,01,00,00,00,00,
345000,0000060D,false,Rx,0,8,0D,10,83,B6,09,20,70,00,
354000,00000054,false,Rx,0,8,01,05,EF,00,D4,02,00,00,
355000,00000055,false,Rx,0,8,10,27,00,00,00,00,00,00,
355000,00000056,false,Rx,0,8,10,27,00,00,00,00,00,00,
355000,00000057,false,Rx,0,8,00,00,FE,FF,FE,FF,00,00,
385000,00000625,false,Rx,0,8,25,00,59,86,01,54,5C,06,
445000,0000060D,false,Rx,0,8,0D,10,83,B6,09,20,70,00,
486000,00000625,false,Rx,0,8,25,00,59,86,01,54,5C,06,
545000,0000060D,false,Rx,0,8,0D,10,83,B6,09,20,70,00,
554000,00000054,false,Rx,0,8,01,05,EF,00,D4,02,00,00,
554000,00000055,false,Rx,0,8,10,27,00,00,00,00,00,00,
555000,00000056,false,Rx,0,8,10,27,00,00,00,00,00,00,
555000,00000057,false,Rx,0,8,00,00,FE,FF,FE,FF,00,00,
555000,000002C4,false,Rx,0,8,09,20,00,00,D4,02,00,00,
556000,000002C5,false,Rx,0,8,00,00,00,00,00,00,00,00,
556000,000002C6,false,Rx,0,8,32,00,7C,01,00,00,00,00,
584000,00000625,false,Rx,0,8,25,00,59,86,01,54,5C,06,
644000,0000060D,false,Rx,0,8,0D,10,83,B6,09,20,70,00,
685000,00000625,false,Rx,0,8,25,00,59,86,01,54,5C,06,
745000,0000060D,false,Rx,0,8,0D,10,83,B6,09,20,70,00,
0,00000054,false,Rx,0,8,01,05,EF,00,D4,02,00,00,
0,00000055,false,Rx,0,8,10,27,00,00,00,00,00,00,
0,00000056,false,Rx,0,8,10,27,00,00,00,00,00,00,
755000,00000057,false,Rx,0,8,00,00,FE,FF,FE,FF,00,00,
775000,000002C4,false,Rx,0,8,09,20,00,00,D4,02,00,00,
775000,000002C5,false,Rx,0,8,00,00,00,00,00,00,00,00,
776000,000002C6,false,Rx,0,8,32,00,7C,01,00,00,00,00,
785000,00000625,false,Rx,0,8,25,00,59,86,01,54,5C,06,
845000,0000060D,false,Rx,0,8,0D,10,83,B6,09,20,70,00,
885000,00000625,false,Rx,0,8,25,00,59,86,01,54,5C,06,
945000,0000060D,false,Rx,0,8,0D,10,83,B6,09,20,70,00,
955000,00000054,false,Rx,0,8,01,05,EF,00,D4,02,00,00,
0,00000055,false,Rx,0,8,10,27,00,00,00,00,00,00,
0,00000056,false,Rx,0,8,10,27,00,00,00,00,00,00,
955000,00000057,false,Rx,0,8,00,00,FE,FF,FE,FF,00,00,
985000,00000625,false,Rx,0,8,25,00,59,86,01,54,5C,06,
996000,000002C4,false,Rx,0,8,09,20,00,00,D4,02,00,00,
996000,000002C5,false,Rx,0,8,00,00,00,00,00,00,00,00,
996000,000002C6,false,Rx,0,8,32,00,7C,01,00,00,00,00,
44000,0000060D,false,Rx,0,8,0D,10,83,B6,09,20,70,00,
85000,00000625,false,Rx,0,8,25,00,59,86,01,54,5C,06,
145000,0000060D,false,Rx,0,8,0D,10,83,B6,09,20,70,00,
155000,00000054,false,Rx,0,8,01,05,EF,00,D4,02,00,00,
155000,00000055,false,Rx,0,8,10,27,00,00,00,00,00,00,
155000,00000056,false,Rx,0,8,10,27,00,00,00,00,00,00,
156000,00000057,false,Rx,0,8,00,00,FE,FF,FE,FF,00,00,
184000,00000625,false,Rx,0,8,25,00,59,86,01,54,5C,06,
216000,000002C4,false,Rx,0,8,09,20,00,00,D4,02,00,00,
216000,000002C5,false,Rx,0,8,00,00,00,00,00,00,00,00,
216000,000002C6,false,Rx,0,8,32,00,7C,01,00,00,00,00,
245000,0000060D,false,Rx,0,8,0D,10,83,B6,09,20,70,00,
285000,00000625,false,Rx,0,8,25,00,59,86,01,54,5C,06,
345000,0000060D,false,Rx,0,8,0D,10,83,B6,09,20,70,00,
354000,00000054,false,Rx,0,8,01,05,EF,00,D4,02,00,00,
354000,00000055,false,Rx,0,8,10,27,00,00,00,00,00,00,
355000,00000056,false,Rx,0,8,10,27,00,00,00,00,00,00,
355000,00000057,false,Rx,0,8,00,00,FE,FF,FE,FF,00,00,
385000,00000625,false,Rx,0,8,25,00,59,86,01,54,5C,06,
435000,000002C4,false,Rx,0,8,09,20,00,00,D4,02,00,00,
436000,000002C5,false,Rx,0,8,00,00,00,00,00,00,00,00,
436000,000002C6,false,Rx,0,8,32,00,7C,01,00,00,00,00,
444000,0000060D,false,Rx,0,8,0D,10,83,B6,09,20,70,00,
485000,00000625,false,Rx,0,8,25,00,59,86,01,54,5C,06,
544000,0000060D,false,Rx,0,8,0D,10,83,B6,09,20,70,00,
554000,00000054,false,Rx,0,8,01,05,EF,00,D4,02,00,00,
554000,00000055,false,Rx,0,8,10,27,00,00,00,00,00,00,
554000,00000056,false,Rx,0,8,10,27,00,00,00,00,00,00,
555000,00000057,false,Rx,0,8,00,00,FE,FF,FE,FF,00,00,
585000,00000625,false,Rx,0,8,25,00,59,86,01,54,5C,06,
644000,0000060D,false,Rx,0,8,0D,10,83,B6,09,20,70,00,
0,000002C4,false,Rx,0,8,09,20,00,00,D4,02,00,00,
0,000002C5,false,Rx,0,8,00,00,00,00,00,00,00,00,
656000,000002C6,false,Rx,0,8,32,00,7C,01,00,00,00,00,
685000,00000625,false,Rx,0,8,25,00,59,86,01,54,5C,06,
745000,0000060D,false,Rx,0,8,0D,10,83,B6,09,20,70,00,
754000,00000054,false,Rx,0,8,01,05,EF,00,D4,02,00,00,
755000,00000055,false,Rx,0,8,10,27,00,00,00,00,00,00,
755000,00000056,false,Rx,0,8,10,27,00,00,00,00,00,00,
755000,00000057,false,Rx,0,8,00,00,FE,FF,FE,FF,00,00,
785000,00000625,false,Rx,0,8,25,00,59,86,01,54,5C,06,
845000,0000060D,false,Rx,0,8,0D,10,83,B6,09,20,70,00,
875000,000002C4,false,Rx,0,8,09,20,00,00,D4,02,00,00,
876000,000002C5,false,Rx,0,8,00,00,00,00,00,00,00,00,
876000,000002C6,false,Rx,0,8,32,00,7C,01,00,00,00,00,
884000,00000625,false,Rx,0,8,25,00,59,86,01,54,5C,06,
945000,0000060D,false,Rx,0,8,0D,10,83,B6,09,20,70,00,
0,00000054,false,Rx,0,8,01,05,EF,00,D4,02,00,00,
0,00000055,false,Rx,0,8,10,27,00,00,00,00,00,00,
955000,00000056,false,Rx,0,8,10,27,00,00,00,00,00,00,
957000,00000057,false,Rx,0,8,00,00,FE,FF,FE,FF,00,00,
985000,00000625,false,Rx,0,8,25,00,59,86,01,54,5C,06,
45000,0000060D,false,Rx,0,8,0D,10,83,B6,09,20,70,00,
85000,00000625,false,Rx,0,8,25,00,59,86,01,54,5C,06,
96000,000002C4,false,Rx,0,8,09,20,00,00,D4,02,00,00,
96000,000002C5,false,Rx,0,8,00,00,00,00,00,00,00,00,
96000,000002C6,false,Rx,0,8,32,00,7C,01,00,00,00,00,
145000,0000060D,false,Rx,0,8,0D,10,83,B6,09,20,70,00,
154000,00000054,false,Rx,0,8,01,05,EF,00,D4,02,00,00,
154000,00000055,false,Rx,0,8,10,27,00,00,00,00,00,00,
155000,00000056,false,Rx,0,8,10,27,00,00,00,00,00,00,
155000,00000057,false,Rx,0,8,00,00,FE,FF,FE,FF,00,00,
185000,00000625,false,Rx,0,8,25,00,59,86,01,54,5C,06,
245000,0000060D,false,Rx,0,8,0D,10,83,B6,09,20,70,00,
285000,00000625,false,Rx,0,8,25,00,59,86,01,54,5C,06,
315000,000002C4,false,Rx,0,8,09,20,00,00,D4,02,00,00,
315000,000002C5,false,Rx,0,8,00,00,00,00,00,00,00,00,
316000,000002C6,false,Rx,0,8,32,00,7C,01,00,00,00,00,
345000,0000060D,false,Rx,0,8,0D,10,83,B6,09,20,70,00,
354000,00000054,false,Rx,0,8,01,05,EF,00,D4,02,00,00,
354000,00000055,false,Rx,0,8,10,27,00,00,00,00,00,00,
355000,00000056,false,Rx,0,8,10,27,00,00,00,00,00,00,
355000,00000057,false,Rx,0,8,00,00,FE,FF,FE,FF,00,00,
385000,00000625,false,Rx,0,8,25,00,59,86,01,54,5C,06,
445000,0000060D,false,Rx,0,8,0D,10,83,B6,09,20,70,00,
485000,00000625,false,Rx,0,8,25,00,59,86,01,54,5C,06,
0,000002C4,false,Rx,0,8,09,20,00,00,D4,02,00,00,
0,000002C5,false,Rx,0,8,00,00,00,00,00,00,00,00,
536000,000002C6,false,Rx,0,8,32,00,7C,01,00,00,00,00,
544000,0000060D,false,Rx,0,8,0D,10,83,B6,09,20,70,00,
554000,00000054,false,Rx,0,8,01,05,EF,00,D4,02,00,00,
555000,00000055,false,Rx,0,8,10,27,00,00,00,00,00,00,
555000,00000056,false,Rx,0,8,10,27,00,00,00,00,00,00,
555000,00000057,false,Rx,0,8,00,00,FE,FF,FE,FF,00,00,
585000,00000625,false,Rx,0,8,25,00,59,86,01,54,5C,06,
645000,0000060D,false,Rx,0,8,0D,10,83,B6,09,20,70,00,
684000,00000625,false,Rx,0,8,25,00,59,86,01,54,5C,06,
745000,0000060D,false,Rx,0,8,0D,10,83,B6,09,20,70,00,
755000,00000054,false,Rx,0,8,01,05,EF,00,D4,02,00,00,
755000,00000055,false,Rx,0,8,10,27,00,00,00,00,00,00,
755000,00000056,false,Rx,0,8,10,27,00,00,00,00,00,00,
755000,00000057,false,Rx,0,8,00,00,FE,FF,FE,FF,00,00,
755000,000002C4,false,Rx,0,8,09,20,00,00,D4,02,00,00,
756000,000002C5,false,Rx,0,8,00,00,00,00,00,00,00,00,
756000,000002C6,false,Rx,0,8,32,00,7C,01,00,00,00,00,
784000,00000625,false,Rx,0,8,25,00,59,86,01,54,5C,06,
845000,0000060D,false,Rx,0,8,0D,10,83,B6,09,20,70,00,
884000,00000625,false,Rx,0,8,25,00,59,86,01,54,5C,06,
945000,0000060D,false,Rx,0,8,0D,10,83,B6,09,20,70,00,
0,00000054,false,Rx,0,8,01,05,EF,00,D4,02,00,00,
0,00000055,false,Rx,0,8,10,27,00,00,00,00,00,00,
0,00000056,false,Rx,0,8,10,27,00,00,00,00,00,00,
956000,00000057,false,Rx,0,8,00,00,FE,FF,FE,FF,00,00,
975000,000002C4,false,Rx,0,8,09,20,00,00,D4,02,00,00,
976000,000002C5,false,Rx,0,8,00,00,00,00,00,00,00,00,
977000,000002C6,false,Rx,0,8,32,00,7C,01,00,00,00,00,
985000,00000625,false,Rx,0,8,25,00,59,86,01,54,5C,06,
45000,0000060D,false,Rx,0,8,0D,10,83,B6,09,20,70,00,
85000,00000625,false,Rx,0,8,25,00,59,86,01,54,5C,06,
145000,0000060D,false,Rx,0,8,0D,10,83,B6,09,20,70,00,
154000,00000054,false,Rx,0,8,01,05,EF,00,D4,02,00,00,
155000,00000055,false,Rx,0,8,10,27,00,00,00,00,00,00,
155000,00000056,false,Rx,0,8,10,27,00,00,00,00,00,00,
155000,00000057,false,Rx,0,8,00,00,FE,FF,FE,FF,00,00,
185000,00000625,false,Rx,0,8,25,00,59,86,01,54,5C,06,
196000,000002C4,false,Rx,0,8,09,20,00,00,D4,02,00,00,
196000,000002C5,false,Rx,0,8,00,00,00,00,00,00,00,00,
197000,000002C6,false,Rx,0,8,32,00,7C,01,00,00,00,00,
244000,0000060D,false,Rx,0,8,0D,10,83,B6,09,20,70,00,
285000,00000625,false,Rx,0,8,25,00,59,86,01,54,5C,06,
345000,0000060D,false,Rx,0,8,0D,10,83,B6,09,20,70,00,
354000,00000054,false,Rx,0,8,01,05,EF,00,D4,02,00,00,
355000,00000055,false,Rx,0,8,10,27,00,00,00,00,00,00,
355000,00000056,false,Rx,0,8,10,27,00,00,00,00,00,00,
355000,00000057,false,Rx,0,8,00,00,FE,FF,FE,FF,00,00,
385000,00000625,false,Rx,0,8,25,00,59,86,01,54,5C,06,
415000,000002C4,false,Rx,0,8,09,20,00,00,D4,02,00,00,
416000,000002C5,false,Rx,0,8,00,00,00,00,00,00,00,00,
416000,000002C6,false,Rx,0,8,32,00,7C,01,00,00,00,00,
445000,0000060D,false,Rx,0,8,0D,10,83,B6,09,20,70,00,
485000,00000625,false,Rx,0,8,25,00,59,86,01,54,5C,06,
545000,0000060D,false,Rx,0,8,0D,10,83,B6,09,20,70,00,
554000,00000054,false,Rx,0,8,01,05,EF,00,D4,02,00,00,
554000,00000055,false,Rx,0,8,10,27,00,00,00,00,00,00,
555000,00000056,false,Rx,0,8,10,27,00,00,00,00,00,00,
555000,00000057,false,Rx,0,8,00,00,FE,FF,FE,FF,00,00,
585000,00000625,false,Rx,0,8,25,00,59,86,01,54,5C,06,
635000,000002C4,false,Rx,0,8,09,20,00,00,D4,02,00,00,
635000,000002C5,false,Rx,0,8,00,00,00,00,00,00,00,00,
637000,000002C6,false,Rx,0,8,32,00,7C,01,00,00,00,00,
645000,0000060D,false,Rx,0,8,0D,10,83,B6,09,20,70,00,
685000,00000625,false,Rx,0,8,25,00,59,86,01,54,5C,06,
744000,0000060D,false,Rx,0,8,0D,10,83,B6,09,20,70,00,
755000,00000054,false,Rx,0,8,01,05,EF,00,D4,02,00,00,
755000,00000055,false,Rx,0,8,10,27,00,00,00,00,00,00,
0,00000056,false,Rx,0,8,10,27,00,00,00,00,00,00,
0,00000057,false,Rx,0,8,00,00,FE,FF,FE,FF,00,00,
785000,00000625,false,Rx,0,8,25,00,59,86,01,54,5C,06,
845000,0000060D,false,Rx,0,8,0D,10,83,B6,09,20,70,00,
855000,000002C4,false,Rx,0,8,09,20,00,00,D4,02,00,00,
855000,000002C5,false,Rx,0,8,00,00,00,00,00,00,00,00,
856000,000002C6,false,Rx,0,8,32,00,7C,01,00,00,00,00,
885000,00000625,false,Rx,0,8,25,00,59,86,01,54,5C,06,
945000,0000060D,false,Rx,0,8,0D,10,83,B6,09,20,70,00,
0,00000054,false,Rx,0,8,01,05,EF,00,D4,02,00,00,
0,00000055,false,Rx,0,8,10,27,00,00,00,00,00,00,
955000,00000056,false,Rx,0,8,10,27,00,00,00,00,00,00,
956000,00000057,false,Rx,0,8,00,00,FE,FF,FE,FF,00,00,
975000,00000065,false,Rx,0,8,D6,02,03,00,00,00,00,00,
985000,00000625,false,Rx,0,8,25,00,59,86,01,54,5C,06,
44000,0000060D,false,Rx,0,8,0D,10,83,B6,09,20,70,00,
75000,000002C4,false,Rx,0,8,09,20,00,00,D4,02,00,00,
76000,000002C5,false,Rx,0,8,00,00,00,00,00,00,00,00,
76000,000002C6,false,Rx,0,8,32,00,7C,01,00,00,00,00,
84000,00000625,false,Rx,0,8,25,00,59,86,01,54,5C,06,
124000,00000065,false,Rx,0,8,D6,02,03,00,00,00,00,00,
145000,0000060D,false,Rx,0,8,0D,10,83,B6,09,20,70,00,
155000,00000054,false,Rx,0,8,01,05,EF,00,D6,02,00,00,
0,00000055,false,Rx,0,8,10,27,00,00,00,00,00,00,
0,00000056,false,Rx,0,8,10,27,00,00,00,00,00,00,
0,00000057,false,Rx,0,8,00,00,FE,FF,FE,FF,00,00,
184000,00000625,false,Rx,0,8,25,00,59,86,01,54,5C,06,
245000,0000060D,false,Rx,0,8,0D,10,83,B6,09,20,70,00,
274000,00000065,false,Rx,0,8,D6,02,03,00,00,00,00,00,
285000,00000625,false,Rx,0,8,25,00,59,86,01,54,5C,06,
295000,000002C4,false,Rx,0,8,09,20,00,00,D6,02,00,00,
296000,000002C5,false,Rx,0,8,00,00,00,00,00,00,00,00,
296000,000002C6,false,Rx,0,8,32,00,7C,01,00,00,00,00,
345000,0000060D,false,Rx,0,8,0D,10,83,B6,09,20,70,00,
354000,00000054,false,Rx,0,8,01,05,EF,00,D6,02,00,00,
354000,00000055,false,Rx,0,8,10,27,00,00,00,00,00,00,
355000,00000056,false,Rx,0,8,10,27,00,00,00,00,00,00,
355000,00000057,false,Rx,0,8,00,00,FE,FF,FE,FF,00,00,
385000,00000625,false,Rx,0,8,25,00,59,86,01,54,5C,06,
426000,00000065,false,Rx,0,8,D6,02,03,00,00,00,00,00,
445000,0000060D,false,Rx,0,8,0D,10,83,B6,09,20,70,00,
486000,00000625,false,Rx,0,8,25,00,59,86,01,54,5C,06,
0,000002C4,false,Rx,0,8,09,20,00,00,D6,02,00,00,
0,000002C5,false,Rx,0,8,00,00,00,00,00,00,00,00,
517000,000002C6,false,Rx,0,8,32,00,7C,01,00,00,00,00,
544000,0000060D,false,Rx,0,8,0D,10,83,B6,09,20,70,00,
555000,00000054,false,Rx,0,8,01,05,EF,00,D6,02,00,00,
555000,00000055,false,Rx,0,8,10,27,00,00,00,00,00,00,
555000,00000056,false,Rx,0,8,10,27,00,00,00,00,00,00,
556000,00000057,false,Rx,0,8,00,00,FE,FF,FE,FF,00,00,
585000,00000625,false,Rx,0,8,25,00,59,86,01,54,5C,06,
645000,0000060D,false,Rx,0,8,0D,10,83,B6,09,20,70,00,
685000,00000625,false,Rx,0,8,25,00,59,86,01,54,5C,06,
0,000002C4,false,Rx,0,8,09,20,00,00,D6,02,00,00,
0,000002C5,false,Rx,0,8,00,00,00,00,00,00,00,00,
0,000002C6,false,Rx,0,8,32,00,7C,01,00,00,00,00,
745000,0000060D,false,Rx,0,8,0D,10,83,B6,09,20,70,00,
754000,00000054,false,Rx,0,8,01,05,EF,00,D6,02,00,00,
754000,00000055,false,Rx,0,8,10,27,00,00,00,00,00,00,
754000,00000056,false,Rx,0,8,10,27,00,00,00,00,00,00,
754000,00000057,false,Rx,0,8,00,00,FE,FF,FE,FF,00,00,
784000,00000625,false,Rx,0,8,25,00,59,86,01,54,5C,06,
845000,0000060D,false,Rx,0,8,0D,10,83,B6,09,20,70,00,
885000,00000625,false,Rx,0,8,25,00,59,86,01,54,5C,06,
945000,0000060D,false,Rx,0,8,0D,10,83,B6,09,20,70,00,
0,00000054,false,Rx,0,8,01,05,EF,00,D6,02,00,00,
0,00000055,false,Rx,0,8,10,27,00,00,00,00,00,00,
955000,00000056,false,Rx,0,8,10,27,00,00,00,00,00,00,
955000,00000057,false,Rx,0,8,00,00,FE,FF,FE,FF,00,00,
0,000002C4,false,Rx,0,8,09,20,00,00,D6,02,00,00,
0,000002C5,false,Rx,0,8,00,00,00,00,00,00,00,00,
0,000002C6,false,Rx,0,8,32,00,7C,01,00,00,00,00,
985000,00000625,false,Rx,0,8,25,00,59,86,01,54,5C,06,
45000,0000060D,false,Rx,0,8,0D,10,83,B6,09,20,70,00,
84000,00000625,false,Rx,0,8,25,00,59,86,01,54,5C,06,
144000,0000060D,false,Rx,0,8,0D,10,83,B6,09,20,70,00,
155000,00000054,false,Rx,0,8,01,05,EF,00,D6,02,00,00,
155000,00000055,false,Rx,0,8,10,27,00,00,00,00,00,00,
155000,00000056,false,Rx,0,8,10,27,00,00,00,00,00,00,
156000,00000057,false,Rx,0,8,00,00,FE,FF,FE,FF,00,00,
176000,000002C4,false,Rx,0,8,09,20,00,00,D6,02,00,00,
176000,000002C5,false,Rx,0,8,00,00,00,00,00,00,00,00,
177000,000002C6,false,Rx,0,8,32,00,7C,01,00,00,00,00,
185000,00000625,false,Rx,0,8,25,00,59,86,01,54,5C,06,
244000,0000060D,false,Rx,0,8,0D,10,83,B6,09,20,70,00,
285000,00000625,false,Rx,0,8,25,00,59,86,01,54,5C,06,
345000,0000060D,false,Rx,0,8,0D,10,83,B6,09,20,70,00,
355000,00000054,false,Rx,0,8,01,05,EF,00,D6,02,00,00,
355000,00000055,false,Rx,0,8,10,27,00,00,00,00,00,00,
355000,00000056,false,Rx,0,8,10,27,00,00,00,00,00,00,
355000,00000057,false,Rx,0,8,00,00,FE,FF,FE,FF,00,00,
385000,00000625,false,Rx,0,8,25,00,59,86,01,54,5C,06,
395000,000002C4,false,Rx,0,8,09,20,00,00,D6,02,00,00,
396000,000002C5,false,Rx,0,8,00,00,00,00,00,00,00,00,
396000,000002C6,false,Rx,0,8,32,00,7C,01,00,00,00,00,
445000,0000060D,false,Rx,0,8,0D,10,83,B6,09,20,70,00,
484000,00000625,false,Rx,0,8,25,00,59,86,01,54,5C,06,
545000,0000060D,false,Rx,0,8,0D,10,83,B6,09,20,70,00,
0,00000054,false,Rx,0,8,01,05,EF,00,D6,02,00,00,
0,00000055,false,Rx,0,8,10,27,00,00,00,00,00,00,
555000,00000056,false,Rx,0,8,10,27,00,00,00,00,00,00,
555000,00000057,false,Rx,0,8,00,00,FE,FF,FE,FF,00,00,
584000,00000625,false,Rx,0,8,25,00,59,86,01,54,5C,06,
615000,000002C4,false,Rx,0,8,09,20,00,00,D6,02,00,00,
616000,000002C5,false,Rx,0,8,00,00,00,00,00,00,00,00,
616000,000002C6,false,Rx,0,8,32,00,7C,01,00,00,00,00,
645000,0000060D,false,Rx,0,8,0D,10,83,B6,09,20,70,00,
685000,00000625,false,Rx,0,8,25,00,59,86,01,54,5C,06,
745000,0000060D,false,Rx,0,8,0D,10,83,B6,09,20,70,00,
0,00000054,false,Rx,0,8,01,05,EF,00,D6,02,00,00,
0,00000055,false,Rx,0,8,10,27,00,00,00,00,00,00,
755000,00000056,false,Rx,0,8,10,27,00,00,00,00,00,00,
755000,00000057,false,Rx,0,8,00,00,FE,FF,FE,FF,00,00,
784000,00000625,false,Rx,0,8,25,00,59,86,01,54,5C,06,
835000,000002C4,false,Rx,0,8,09,20,00,00,D6,02,00,00,
837000,000002C5,false,Rx,0,8,00,00,00,00,00,00,00,00,
837000,000002C6,false,Rx,0,8,32,00,7C,01,00,00,00,00,
845000,0000060D,false,Rx,0,8,0D,10,83,B6,09,20,70,00,
885000,00000625,false,Rx,0,8,25,00,59,86,01,54,5C,06,
945000,0000060D,false,Rx,0,8,0D,10,83,B6,09,20,70,00,
0,00000054,false,Rx,0,8,01,05,EF,00,D6,02,00,00,
0,00000055,false,Rx,0,8,10,27,00,00,00,00,00,00,
955000,00000056,false,Rx,0,8,10,27,00,00,00,00,00,00,
956000,00000057,false,Rx,0,8,00,00,FE,FF,FE,FF,00,00,
985000,00000625,false,Rx,0,8,25,00,59,86,01,54,5C,06,
45000,0000060D,false,Rx,0,8,0D,10,83,B6,09,20,70,00,
56000,000002C4,false,Rx,0,8,09,20,00,00,D6,02,00,00,
56000,000002C5,false,Rx,0,8,00,00,00,00,00,00,00,00,
56000,000002C6,false,Rx,0,8,32,00,7C,01,00,00,00,00,
85000,00000625,false,Rx,0,8,25,00,59,86,01,54,5C,06,
144000,0000060D,false,Rx,0,8,0D,10,83,B6,09,20,70,00,
0,00000054,false,Rx,0,8,01,05,EF,00,D6,02,00,00,
0,00000055,false,Rx,0,8,10,27,00,00,00,00,00,00,
155000,00000056,false,Rx,0,8,10,27,00,00,00,00,00,00,
156000,00000057,false,Rx,0,8,00,00,FE,FF,FE,FF,00,00,
185000,00000625,false,Rx,0,8,25,00,59,86,01,54,5C,06,
245000,0000060D,false,Rx,0,8,0D,10,83,B6,09,20,70,00,
275000,000002C4,false,Rx,0,8,09,20,00,00,D6,02,00,00,
276000,000002C5,false,Rx,0,8,00,00,00,00,00,00,00,00,
276000,000002C6,false,Rx,0,8,32,00,7C,01,00,00,00,00,
284000,00000625,false,Rx,0,8,25,00,59,86,01,54,5C,06,
345000,0000060D,false,Rx,0,8,0D,10,83,B6,09,20,70,00,
0,00000054,false,Rx,0,8,01,05,EF,00,D6,02,00,00,
0,00000055,false,Rx,0,8,10,27,00,00,00,00,00,00,
355000,00000056,false,Rx,0,8,10,27,00,00,00,00,00,00,
355000,00000057,false,Rx,0,8,00,00,FE,FF,FE,FF,00,00,
385000,00000625,false,Rx,0,8,25,00,59,86,01,54,5C,06,
445000,0000060D,false,Rx,0,8,0D,10,83,B6,09,20,70,00,
485000,00000625,false,Rx,0,8,25,00,59,86,01,54,5C,06,
495000,000002C4,false,Rx,0,8,09,20,00,00,D6,02,00,00,
496000,000002C5,false,Rx,0,8,00,00,00,00,00,00,00,00,
496000,000002C6,false,Rx,0,8,32,00,7C,01,00,00,00,00,
545000,0000060D,false,Rx,0,8,0D,10,83,B6,09,20,70,00,
555000,00000054,false,Rx,0,8,01,05,EF,00,D6,02,00,00,
555000,00000055,false,Rx,0,8,10,27,00,00,00,00,00,00,
0,00000056,false,Rx,0,8,10,27,00,00,00,00,00,00,
0,00000057,false,Rx,0,8,00,00,FE,FF,FE,FF,00,00,
585000,00000625,false,Rx,0,8,25,00,59,86,01,54,5C,06,
644000,0000060D,false,Rx,0,8,0D,10,83,B6,09,20,70,00,
685000,00000625,false,Rx,0,8,25,00,59,86,01,54,5C,06,
715000,000002C4,false,Rx,0,8,09,20,00,00,D6,02,00,00,
715000,000002C5,false,Rx,0,8,00,00,00,00,00,00,00,00,
717000,000002C6,false,Rx,0,8,32,00,7C,01,00,00,00,00,
745000,0000060D,false,Rx,0,8,0D,10,83,B6,09,20,70,00,
754000,00000054,false,Rx,0,8,01,05,EF,00,D6,02,00,00,
754000,00000055,false,Rx,0,8,10,27,00,00,00,00,00,00,
755000,00000056,false,Rx,0,8,10,27,00,00,00,00,00,00,
755000,00000057,false,Rx,0,8,00,00,FE,FF,FE,FF,00,00,
784000,00000625,false,Rx,0,8,25,00,59,86,01,54,5C,06,
845000,0000060D,false,Rx,0,8,0D,10,83,B6,09,20,70,00,
885000,00000625,false,Rx,0,8,25,00,59,86,01,54,5C,06,
936000,000002C4,false,Rx,0,8,09,20,00,00,D6,02,00,00,
936000,000002C5,false,Rx,0,8,00,00,00,00,00,00,00,00,
936000,000002C6,false,Rx,0,8,32,00,7C,01,00,00,00,00,
945000,0000060D,false,Rx,0,8,0D,10,83,B6,09,20,70,00,
0,00000054,false,Rx,0,8,01,05,EF,00,D6,02,00,00,
0,00000055,false,Rx,0,8,10,27,00,00,00,00,00,00,
956000,00000056,false,Rx,0,8,10,27,00,00,00,00,00,00,
957000,00000057,false,Rx,0,8,00,00,FE,FF,FE,FF,00,00,
985000,00000625,false,Rx,0,8,25,00,59,86,01,54,5C,06,
44000,0000060D,false,Rx,0,8,0D,10,83,B6,09,20,70,00,
85000,00000625,false,Rx,0,8,25,00,59,86,01,54,5C,06,
145000,0000060D,false,Rx,0,8,0D,10,83,B6,09,20,70,00,
154000,00000054,false,Rx,0,8,01,05,EF,00,D6,02,00,00,
0,00000055,false,Rx,0,8,10,27,00,00,00,00,00,00,
0,00000056,false,Rx,0,8,10,27,00,00,00,00,00,00,
0,00000057,false,Rx,0,8,00,00,FE,FF,FE,FF,00,00,
0,000002C4,false,Rx,0,8,09,20,00,00,D6,02,00,00,
0,000002C5,false,Rx,0,8,00,00,00,00,00,00,00,00,
0,000002C6,false,Rx,0,8,32,00,7C,01,00,00,00,00,
184000,00000625,false,Rx,0,8,25,00,59,86,01,54,5C,06,
245000,0000060D,false,Rx,0,8,0D,10,83,B6,09,20,70,00,
284000,00000625,false,Rx,0,8,25,00,59,86,01,54,5C,06,
345000,0000060D,false,Rx,0,8,0D,10,83,B6,09,20,70,00,
355000,00000054,false,Rx,0,8,01,05,EF,00,D6,02,00,00,
355000,00000055,false,Rx,0,8,10,27,00,00,00,00,00,00,
356000,00000056,false,Rx,0,8,10,27,00,00,00,00,00,00,
356000,00000057,false,Rx,0,8,00,00,FE,FF,FE,FF,00,00,
375000,000002C4,false,Rx,0,8,09,20,00,00,D6,02,00,00,
376000,000002C5,false,Rx,0,8,00,00,00,00,00,00,00,00,
376000,000002C6,false,Rx,0,8,32,00,7C,01,00,00,00,00,
384000,00000625,false,Rx,0,8,25,00,59,86,01,54,5C,06,
445000,0000060D,false,Rx,0,8,0D,10,83,B6,09,20,70,00,
485000,00000625,false,Rx,0,8,25,00,59,86,01,54,5C,06,
545000,0000060D,false,Rx,0,8,0D,10,83,B6,09,20,70,00,
555000,00000054,false,Rx,0,8,01,05,EF,00,D6,02,00,00,
555000,00000055,false,Rx,0,8,10,27,00,00,00,00,00,00,
0,00000056,false,Rx,0,8,10,27,00,00,00,00,00,00,
0,00000057,false,Rx,0,8,00,00,FE,FF,FE,FF,00,00,
585000,00000625,false,Rx,0,8,25,00,59,86,01,54,5C,06,
595000,000002C4,false,Rx,0,8,09,20,00,00,D6,02,00,00,
596000,000002C5,false,Rx,0,8,00,00,00,00,00,00,00,00,
596000,000002C6,false,Rx,0,8,32,00,7C,01,00,00,00,00,
645000,0000060D,false,Rx,0,8,0D,10,83,B6,09,20,70,00,
685000,00000625,false,Rx,0,8,25,00,59,86,01,54,5C,06,
744000,0000060D,false,Rx,0,8,0D,10,83,B6,09,20,70,00,
755000,00000054,false,Rx,0,8,01,05,EF,00,D6,02,00,00,
755000,00000055,false,Rx,0,8,10,27,00,00,00,00,00,00,
0,00000056,false,Rx,0,8,10,27,00,00,00,00,00,00,
0,00000057,false,Rx,0,8,00,00,FE,FF,FE,FF,00,00,
785000,00000625,false,Rx,0,8,25,00,59,86,01,54,5C,06,
816000,000002C4,false,Rx,0,8,09,20,00,00,D6,02,00,00,
816000,000002C5,false,Rx,0,8,00,00,00,00,00,00,00,00,
817000,000002C6,false,Rx,0,8,32,00,7C,01,00,00,00,00,
845000,0000060D,false,Rx,0,8,0D,10,83,B6,09,20,70,00,
885000,00000625,false,Rx,0,8,25,00,59,86,01,54,5C,06,
945000,0000060D,false,Rx,0,8,0D,10,83,B6,09,20,70,00,
0,00000054,false,Rx,0,8,01,05,EF,00,D6,02,00,00,
0,00000055,false,Rx,0,8,10,27,00,00,00,00,00,00,
955000,00000056,false,Rx,0,8,10,27,00,00,00,00,00,00,
955000,00000057,false,Rx,0,8,00,00,FE,FF,FE,FF,00,00,
985000,00000625,false,Rx,0,8,25,00,59,86,01,54,5C,06,
35000,000002C4,false,Rx,0,8,09,20,00,00,D6,02,00,00,
35000,000002C5,false,Rx,0,8,00,00,00,00,00,00,00,00,
37000,000002C6,false,Rx,0,8,32,00,7C,01,00,00,00,00,
45000,0000060D,false,Rx,0,8,0D,10,83,B6,09,20,70,00,
84000,00000625,false,Rx,0,8,25,00,59,86,01,54,5C,06,
145000,0000060D,false,Rx,0,8,0D,10,83,B6,09,20,70,00,
154000,00000054,false,Rx,0,8,01,05,EF,00,D6,02,00,00,
154000,00000055,false,Rx,0,8,10,27,00,00,00,00,00,00,
155000,00000056,false,Rx,0,8,10,27,00,00,00,00,00,00,
156000,00000057,false,Rx,0,8,00,00,FE,FF,FE,FF,00,00,
185000,00000625,false,Rx,0,8,25,00,59,86,01,54,5C,06,
244000,0000060D,false,Rx,0,8,0D,10,83,B6,09,20,70,00,
0,000002C4,false,Rx,0,8,09,20,00,00,D6,02,00,00,
0,000002C5,false,Rx,0,8,00,00,00,00,00,00,00,00,
0,000002C6,false,Rx,0,8,32,00,7C,01,00,00,00,00,
285000,00000625,false,Rx,0,8,25,00,59,86,01,54,5C,06,
344000,0000060D,false,Rx,0,8,0D,10,83,B6,09,20,70,00,
354000,00000054,false,Rx,0,8,01,05,EF,00,D6,02,00,00,
355000,00000055,false,Rx,0,8,10,27,00,00,00,00,00,00,
355000,00000056,false,Rx,0,8,10,27,00,00,00,00,00,00,
355000,00000057,false,Rx,0,8,00,00,FE,FF,FE,FF,00,00,
385000,00000625,false,Rx,0,8,25,00,59,86,01,54,5C,06,
445000,0000060D,false,Rx,0,8,0D,10,83,B6,09,20,70,00,
475000,000002C4,false,Rx,0,8,09,20,00,00,D6,02,00,00,
477000,000002C5,false,Rx,0,8,00,00,00,00,00,00,00,00,
477000,000002C6,false,Rx,0,8,32,00,7C,01,00,00,00,00,
485000,00000625,false,Rx,0,8,25,00,59,86,01,54,5C,06,
545000,0000060D,false,Rx,0,8,0D,10,83,B6,09,20,70,00,
555000,00000054,false,Rx,0,8,01,05,EF,00,D6,02,00,00,
0,00000055,false,Rx,0,8,10,27,00,00,00,00,00,00,
0,00000056,false,Rx,0,8,10,27,00,00,00,00,00,00,
555000,00000057,false,Rx,0,8,00,00,FE,FF,FE,FF,00,00,
584000,00000625,false,Rx,0,8,25,00,59,86,01,54,5C,06,
644000,0000060D,false,Rx,0,8,0D,10,83,B6,09,20,70,00,
685000,00000625,false,Rx,0,8,25,00,59,86,01,54,5C,06,
695000,000002C4,false,Rx,0,8,09,20,00,00,D6,02,00,00,
695000,000002C5,false,Rx,0,8,00,00,00,00,00,00,00,00,
696000,000002C6,false,Rx,0,8,32,00,7C,01,00,00,00,00,
745000,0000060D,false,Rx,0,8,0D,10,83,B6,09,20,70,00,
754000,00000054,false,Rx,0,8,01,05,EF,00,D6,02,00,00,
755000,00000055,false,Rx,0,8,10,27,00,00,00,00,00,00,
0,00000056,false,Rx,0,8,10,27,00,00,00,00,00,00,
0,00000057,false,Rx,0,8,00,00,FE,FF,FE,FF,00,00,
785000,00000625,false,Rx,0,8,25,00,59,86,01,54,5C,06,
845000,0000060D,false,Rx,0,8,0D,10,83,B6,09,20,70,00,
885000,00000625,false,Rx,0,8,25,00,59,86,01,54,5C,06,
0,000002C4,false,Rx,0,8,09,20,00,00,D6,02,00,00,
0,000002C5,false,Rx,0,8,00,00,00,00,00,00,00,00,
0,000002C6,false,Rx,0,8,32,00,7C,01,00,00,00,00,
944000,0000060D,false,Rx,0,8,0D,10,83,B6,09,20,70,00,
0,00000054,false,Rx,0,8,01,05,EF,00,D6,02,00,00,
0,00000055,false,Rx,0,8,10,27,00,00,00,00,00,00,
955000,00000056,false,Rx,0,8,10,27,00,00,00,00,00,00,
955000,00000057,false,Rx,0,8,00,00,FE,FF,FE,FF,00,00,
985000,00000625,false,Rx,0,8,25,00,59,86,01,54,5C,06,
45000,0000060D,false,Rx,0,8,0D,10,83,B6,09,20,70,00,
85000,00000625,false,Rx,0,8,25,00,59,86,01,54,5C,06,
135000,000002C4,false,Rx,0,8,09,20,00,00,D6,02,00,00,
136000,000002C5,false,Rx,0,8,00,00,00,00,00,00,00,00,
136000,000002C6,false,Rx,0,8,32,00,7C,01,00,00,00,00,
144000,0000060D,false,Rx,0,8,0D,10,83,B6,09,20,70,00,
155000,00000054,false,Rx,0,8,01,05,EF,00,D6,02,00,00,
0,00000055,false,Rx,0,8,10,27,00,00,00,00,00,00,
0,00000056,false,Rx,0,8,10,27,00,00,00,00,00,00,
0,00000057,false,Rx,0,8,00,00,FE,FF,FE,FF,00,00,
185000,00000625,false,Rx,0,8,25,00,59,86,01,54,5C,06,
245000,0000060D,false,Rx,0,8,0D,10,83,B6,09,20,70,00,
285000,00000625,false,Rx,0,8,25,00,59,86,01,54,5C,06,
345000,0000060D,false,Rx,0,8,0D,10,83,B6,09,20,70,00,
354000,00000054,false,Rx,0,8,01,05,EF,00,D6,02,00,00,
355000,00000055,false,Rx,0,8,10,27,00,00,00,00,00,00,
355000,00000056,false,Rx,0,8,10,27,00,00,00,00,00,00,
355000,00000057,false,Rx,0,8,00,00,FE,FF,FE,FF,00,00,
356000,000002C4,false,Rx,0,8,09,20,00,00,D6,02,00,00,
0,000002C5,false,Rx,0,8,00,00,00,00,00,00,00,00,
0,000002C6,false,Rx,0,8,32,00,7C,01,00,00,00,00,
385000,00000625,false,Rx,0,8,25,00,59,86,01,54,5C,06,
445000,0000060D,false,Rx,0,8,0D,10,83,B6,09,20,70,00,
485000,00000625,false,Rx,0,8,25,00,59,86,01,54,5C,06,
544000,0000060D,false,Rx,0,8,0D,10,83,B6,09,20,70,00,
0,00000054,false,Rx,0,8,01,05,EF,00,D6,02,00,00,
0,00000055,false,Rx,0,8,10,27,00,00,00,00,00,00,
555000,00000056,false,Rx,0,8,10,27,00,00,00,00,00,00,
555000,00000057,false,Rx,0,8,00,00,FE,FF,FE,FF,00,00,
576000,000002C4,false,Rx,0,8,09,20,00,00,D6,02,00,00,
576000,000002C5,false,Rx,0,8,00,00,00,00,00,00,00,00,
576000,000002C6,false,Rx,0,8,32,00,7C,01,00,00,00,00,
585000,00000625,false,Rx,0,8,25,00,59,86,01,54,5C,06,
644000,0000060D,false,Rx,0,8,0D,10,83,B6,09,20,70,00,
684000,00000625,false,Rx,0,8,25,00,59,86,01,54,5C,06,
745000,0000060D,false,Rx,0,8,0D,10,83,B6,09,20,70,00,
0,00000054,false,Rx,0,8,01,05,EF,00,D6,02,00,00,
0,00000055,false,Rx,0,8,10,27,00,00,00,00,00,00,
755000,00000056,false,Rx,0,8,10,27,00,00,00,00,00,00,
755000,00000057,false,Rx,0,8,00,00,FE,FF,FE,FF,00,00,
785000,00000625,false,Rx,0,8,25,00,59,86,01,54,5C,06,
796000,000002C4,false,Rx,0,8,09,20,00,00,D6,02,00,00,
796000,000002C5,false,Rx,0,8,00,00,00,00,00,00,00,00,
796000,000002C6,false,Rx,0,8,32,00,7C,01,00,00,00,00,
844000,0000060D,false,Rx,0,8,0D,10,83,B6,09,20,70,00,
885000,00000625,false,Rx,0,8,25,00,59,86,01,54,5C,06,
945000,0000060D,false,Rx,0,8,0D,10,83,B6,09,20,70,00,
955000,00000054,false,Rx,0,8,01,05,EF,00,D6,02,00,00,
955000,00000055,false,Rx,0,8,10,27,00,00,00,00,00,00,
955000,00000056,false,Rx,0,8,10,27,00,00,00,00,00,00,
955000,00000057,false,Rx,0,8,00,00,FE,FF,FE,FF,00,00,
985000,00000625,false,Rx,0,8,25,00,59,86,01,54,5C,06,
0,000002C4,false,Rx,0,8,09,20,00,00,D6,02,00,00,
0,000002C5,false,Rx,0,8,00,00,00,00,00,00,00,00,
17000,000002C6,false,Rx,0,8,32,00,7C,01,00,00,00,00,
45000,0000060D,false,Rx,0,8,0D,10,83,B6,09,20,70,00,
85000,00000625,false,Rx,0,8,25,00,59,86,01,54,5C,06,
145000,0000060D,false,Rx,0,8,0D,10,83,B6,09,20,70,00,
155000,00000054,false,Rx,0,8,01,05,EF,00,D6,02,00,00,
155000,00000055,false,Rx,0,8,10,27,00,00,00,00,00,00,
155000,00000056,false,Rx,0,8,10,27,00,00,00,00,00,00,
155000,00000057,false,Rx,0,8,00,00,FE,FF,FE,FF,00,00,
184000,00000625,false,Rx,0,8,25,00,59,86,01,54,5C,06,
0,000002C4,false,Rx,0,8,09,20,00,00,D6,02,00,00,
0,000002C5,false,Rx,0,8,00,00,00,00,00,00,00,00,
236000,000002C6,false,Rx,0,8,32,00,7C,01,00,00,00,00,
244000,0000060D,false,Rx,0,8,0D,10,83,B6,09,20,70,00,
285000,00000625,false,Rx,0,8,25,00,59,86,01,54,5C,06,
345000,0000060D,false,Rx,0,8,0D,10,83,B6,09,20,70,00,
354000,00000054,false,Rx,0,8,01,05,EF,00,D6,02,00,00,
354000,00000055,false,Rx,0,8,10,27,00,00,00,00,00,00,
355000,00000056,false,Rx,0,8,10,27,00,00,00,00,00,00,
355000,00000057,false,Rx,0,8,00,00,FE,FF,FE,FF,00,00,
385000,00000625,false,Rx,0,8,25,00,59,86,01,54,5C,06,
445000,0000060D,false,Rx,0,8,0D,10,83,B6,09,20,70,00,
455000,000002C4,false,Rx,0,8,09,20,00,00,D6,02,00,00,
456000,000002C5,false,Rx,0,8,00,00,00,00,00,00,00,00,
456000,000002C6,false,Rx,0,8,32,00,7C,01,00,00,00,00,
484000,00000625,false,Rx,0,8,25,00,59,86,01,54,5C,06,
544000,0000060D,false,Rx,0,8,0D,10,83,B6,09,20,70,00,
555000,00000054,false,Rx,0,8,01,05,EF,00,D6,02,00,00,
555000,00000055,false,Rx,0,8,10,27,00,00,00,00,00,00,
556000,00000056,false,Rx,0,8,10,27,00,00,00,00,00,00,
556000,00000057,false,Rx,0,8,00,00,FE,FF,FE,FF,00,00,
584000,00000625,false,Rx,0,8,25,00,59,86,01,54,5C,06,
645000,0000060D,false,Rx,0,8,0D,10,83,B6,09,20,70,00,
0,000002C4,false,Rx,0,8,09,20,00,00,D6,02,00,00,
0,000002C5,false,Rx,0,8,00,00,00,00,00,00,00,00,
677000,000002C6,false,Rx,0,8,32,00,7C,01,00,00,00,00,
684000,00000625,false,Rx,0,8,25,00,59,86,01,54,5C,06,
745000,0000060D,false,Rx,0,8,0D,10,83,B6,09,20,70,00,
755000,00000054,false,Rx,0,8,01,05,EF,00,D6,02,00,00,
0,00000055,false,Rx,0,8,10,27,00,00,00,00,00,00,
0,00000056,false,Rx,0,8,10,27,00,00,00,00,00,00,
756000,00000057,false,Rx,0,8,00,00,FE,FF,FE,FF,00,00,
784000,00000625,false,Rx,0,8,25,00,59,86,01,54,5C,06,
845000,0000060D,false,Rx,0,8,0D,10,83,B6,09,20,70,00,
885000,00000625,false,Rx,0,8,25,00,59,86,01,54,5C,06,
896000,000002C4,false,Rx,0,8,09,20,00,00,D6,02,00,00,
896000,000002C5,false,Rx,0,8,00,00,00,00,00,00,00,00,
896000,000002C6,false,Rx,0,8,32,00,7C,01,00,00,00,00,
944000,0000060D,false,Rx,0,8,0D,10,83,B6,09,20,70,00,
955000,00000054,false,Rx,0,8,01,05,EF,00,D6,02,00,00,
955000,00000055,false,Rx,0,8,10,27,00,00,00,00,00,00,
955000,00000056,false,Rx,0,8,10,27,00,00,00,00,00,00,
955000,00000057,false,Rx,0,8,00,00,FE,FF,FE,FF,00,00,
985000,00000625,false,Rx,0,8,25,00,59,86,01,54,5C,06,
45000,0000060D,false,Rx,0,8,0D,10,83,B6,09,20,70,00,
85000,00000625,false,Rx,0,8,25,00,59,86,01,54,5C,06,
116000,000002C4,false,Rx,0,8,09,20,00,00,D6,02,00,00,
116000,000002C5,false,Rx,0,8,00,00,00,00,00,00,00,00,
116000,000002C6,false,Rx,0,8,32,00,7C,01,00,00,00,00,
145000,0000060D,false,Rx,0,8,0D,10,83,B6,09,20,70,00,
154000,00000054,false,Rx,0,8,01,05,EF,00,D6,02,00,00,
155000,00000055,false,Rx,0,8,10,27,00,00,00,00,00,00,
0,00000056,false,Rx,0,8,10,27,00,00,00,00,00,00,
0,00000057,false,Rx,0,8,00,00,FE,FF,FE,FF,00,00,
184000,00000625,false,Rx,0,8,25,00,59,86,01,54,5C,06,
245000,0000060D,false,Rx,0,8,0D,10,83,B6,09,20,70,00,
284000,00000625,false,Rx,0,8,25,00,59,86,01,54,5C,06,
336000,000002C4,false,Rx,0,8,09,20,00,00,D6,02,00,00,
336000,000002C5,false,Rx,0,8,00,00,00,00,00,00,00,00,
336000,000002C6,false,Rx,0,8,32,00,7C,01,00,00,00,00,
345000,0000060D,false,Rx,0,8,0D,10,83,B6,09,20,70,00,
354000,00000054,false,Rx,0,8,01,05,EF,00,D6,02,00,00,
354000,00000055,false,Rx,0,8,10,27,00,00,00,00,00,00,
355000,00000056,false,Rx,0,8,10,27,00,00,00,00,00,00,
355000,00000057,false,Rx,0,8,00,00,FE,FF,FE,FF,00,00,
385000,00000625,false,Rx,0,8,25,00,59,86,01,54,5C,06,
445000,0000060D,false,Rx,0,8,0D,10,83,B6,09,20,70,00,
485000,00000625,false,Rx,0,8,25,00,59,86,01,54,5C,06,
545000,0000060D,false,Rx,0,8,0D,10,83,B6,09,20,70,00,
555000,00000054,false,Rx,0,8,01,05,EF,00,D6,02,00,00,
555000,00000055,false,Rx,0,8,10,27,00,00,00,00,00,00,
555000,00000056,false,Rx,0,8,10,27,00,00,00,00,00,00,
555000,00000057,false,Rx,0,8,00,00,FE,FF,FE,FF,00,00,
556000,000002C4,false,Rx,0,8,09,20,00,00,D6,02,00,00,
0,000002C5,false,Rx,0,8,00,00,00,00,00,00,00,00,
0,000002C6,false,Rx,0,8,32,00,7C,01,00,00,00,00,
584000,00000625,false,Rx,0,8,25,00,59,86,01,54,5C,06,
645000,0000060D,false,Rx,0,8,0D,10,83,B6,09,20,70,00,
685000,00000625,false,Rx,0,8,25,00,59,86,01,54,5C,06,
745000,0000060D,false,Rx,0,8,0D,10,83,B6,09,20,70,00,
755000,00000054,false,Rx,0,8,01,05,EF,00,D6,02,00,00,
755000,00000055,false,Rx,0,8,10,27,00,00,00,00,00,00,
755000,00000056,false,Rx,0,8,10,27,00,00,00,00,00,00,
755000,00000057,false,Rx,0,8,00,00,FE,FF,FE,FF,00,00,
775000,000002C4,false,Rx,0,8,09,20,00,00,D6,02,00,00,
776000,000002C5,false,Rx,0,8,00,00,00,00,00,00,00,00,
776000,000002C6,false,Rx,0,8,32,00,7C,01,00,00,00,00,
785000,00000625,false,Rx,0,8,25,00,59,86,01,54,5C,06,
846000,0000060D,false,Rx,0,8,0D,10,83,B6,09,20,70,00,
885000,00000625,false,Rx,0,8,25,00,59,86,01,54,5C,06,
945000,0000060D,false,Rx,0,8,0D,10,83,B6,09,20,70,00,
954000,00000054,false,Rx,0,8,01,05,EF,00,D6,02,00,00,
0,00000055,false,Rx,0,8,10,27,00,00,00,00,00,00,
0,00000056,false,Rx,0,8,10,27,00,00,00,00,00,00,
955000,00000057,false,Rx,0,8,00,00,FE,FF,FE,FF,00,00,
985000,00000625,false,Rx,0,8,25,00,59,86,01,54,5C,06,
996000,000002C4,false,Rx,0,8,09,20,00,00,D6,02,00,00,
997000,000002C5,false,Rx,0,8,00,00,00,00,00,00,00,00,
997000,000002C6,false,Rx,0,8,32,00,7C,01,00,00,00,00,
45000,0000060D,false,Rx,0,8,0D,10,83,B6,09,20,70,00,
85000,00000625,false,Rx,0,8,25,00,59,86,01,54,5C,06,
144000,0000060D,false,Rx,0,8,0D,10,83,B6,09,20,70,00,
156000,00000054,false,Rx,0,8,01,05,EF,00,D6,02,00,00,
0,00000055,false,Rx,0,8,10,27,00,00,00,00,00,00,
0,00000056,false,Rx,0,8,10,27,00,00,00,00,00,00,
0,00000057,false,Rx,0,8,00,00,FE,FF,FE,FF,00,00,
185000,00000625,false,Rx,0,8,25,00,59,86,01,54,5C,06,
216000,000002C4,false,Rx,0,8,09,20,00,00,D6,02,00,00,
216000,000002C5,false,Rx,0,8,00,00,00,00,00,00,00,00,
216000,000002C6,false,Rx,0,8,32,00,7C,01,00,00,00,00,
245000,0000060D,false,Rx,0,8,0D,10,83,B6,09,20,70,00,
285000,00000625,false,Rx,0,8,25,00,59,86,01,54,5C,06,
345000,0000060D,false,Rx,0,8,0D,10,83,B6,09,20,70,00,
354000,00000054,false,Rx,0,8,01,05,EF,00,D6,02,00,00,
354000,00000055,false,Rx,0,8,10,27,00,00,00,00,00,00,
355000,00000056,false,Rx,0,8,10,27,00,00,00,00,00,00,
355000,00000057,false,Rx,0,8,00,00,FE,FF,FE,FF,00,00,
385000,00000625,false,Rx,0,8,25,00,59,86,01,54,5C,06,
436000,000002C4,false,Rx,0,8,09,20,00,00,D6,02,00,00,
437000,000002C5,false,Rx,0,8,00,00,00,00,00,00,00,00,
437000,000002C6,false,Rx,0,8,32,00,7C,01,00,00,00,00,
445000,0000060D,false,Rx,0,8,0D,10,83,B6,09,20,70,00,
486000,00000625,false,Rx,0,8,25,00,59,86,01,54,5C,06,
545000,0000060D,false,Rx,0,8,0D,10,83,B6,09,20,70,00,
555000,00000054,false,Rx,0,8,01,05,EF,00,D6,02,00,00,
555000,00000055,false,Rx,0,8,10,27,00,00,00,00,00,00,
555000,00000056,false,Rx,0,8,10,27,00,00,00,00,00,00,
556000,00000057,false,Rx,0,8,00,00,FE,FF,FE,FF,00,00,
585000,00000625,false,Rx,0,8,25,00,59,86,01,54,5C,06,
645000,0000060D,false,Rx,0,8,0D,10,83,B6,09,20,70,00,
0,000002C4,false,Rx,0,8,09,20,00,00,D6,02,00,00,
0,000002C5,false,Rx,0,8,00,00,00,00,00,00,00,00,
656000,000002C6,false,Rx,0,8,32,00,7C,01,00,00,00,00,
685000,00000625,false,Rx,0,8,25,00,59,86,01,54,5C,06,
745000,0000060D,false,Rx,0,8,0D,10,83,B6,09,20,70,00,
755000,00000054,false,Rx,0,8,01,05,EF,00,D6,02,00,00,
755000,00000055,false,Rx,0,8,10,27,00,00,00,00,00,00,
756000,00000056,false,Rx,0,8,10,27,00,00,00,00,00,00,
756000,00000057,false,Rx,0,8,00,00,FE,FF,FE,FF,00,00,
785000,00000625,false,Rx,0,8,25,00,59,86,01,54,5C,06,
845000,0000060D,false,Rx,0,8,0D,10,83,B6,09,20,70,00,
875000,000002C4,false,Rx,0,8,09,20,00,00,D6,02,00,00,
876000,000002C5,false,Rx,0,8,00,00,00,00,00,00,00,00,
876000,000002C6,false,Rx,0,8,32,00,7C,01,00,00,00,00,
885000,00000625,false,Rx,0,8,25,00,59,86,01,54,5C,06,
945000,0000060D,false,Rx,0,8,0D,10,83,B6,09,20,70,00,
0,00000054,false,Rx,0,8,01,05,EF,00,D6,02,00,00,
0,00000055,false,Rx,0,8,10,27,00,00,00,00,00,00,
955000,00000056,false,Rx,0,8,10,27,00,00,00,00,00,00,
955000,00000057,false,Rx,0,8,00,00,FE,FF,FE,FF,00,00,
985000,00000625,false,Rx,0,8,25,00,59,86,01,54,5C,06,
45000,0000060D,false,Rx,0,8,0D,10,83,B6,09,20,70,00,
85000,00000625,false,Rx,0,8,25,00,59,86,01,54,5C,06,
96000,000002C4,false,Rx,0,8,09,20,00,00,D6,02,00,00,
96000,000002C5,false,Rx,0,8,00,00,00,00,00,00,00,00,
97000,000002C6,false,Rx,0,8,32,00,7C,01,00,00,00,00,
144000,0000060D,false,Rx,0,8,0D,10,83,B6,09,20,70,00,
0,00000054,false,Rx,0,8,01,05,EF,00,D6,02,00,00,
0,00000055,false,Rx,0,8,10,27,00,00,00,00,00,00,
0,00000056,false,Rx,0,8,10,27,00,00,00,00,00,00,
155000,00000057,false,Rx,0,8,00,00,FE,FF,FE,FF,00,00,
184000,00000625,false,Rx,0,8,25,00,59,86,01,54,5C,06,
245000,0000060D,false,Rx,0,8,0D,10,83,B6,09,20,70,00,
284000,00000625,false,Rx,0,8,25,00,59,86,01,54,5C,06,
315000,000002C4,false,Rx,0,8,09,20,00,00,D6,02,00,00,
317000,000002C5,false,Rx,0,8,00,00,00,00,00,00,00,00,
317000,000002C6,false,Rx,0,8,32,00,7C,01,00,00,00,00,
345000,0000060D,false,Rx,0,8,0D,10,83,B6,09,20,70,00,
354000,00000054,false,Rx,0,8,01,05,EF,00,D6,02,00,00,
355000,00000055,false,Rx,0,8,10,27,00,00,00,00,00,00,
355000,00000056,false,Rx,0,8,10,27,00,00,00,00,00,00,
355000,00000057,false,Rx,0,8,00,00,FE,FF,FE,FF,00,00,
385000,00000625,false,Rx,0,8,25,00,59,86,01,54,5C,06,
445000,0000060D,false,Rx,0,8,0D,10,83,B6,09,20,70,00,
485000,00000625,false,Rx,0,8,25,00,59,86,01,54,5C,06,
535000,000002C4,false,Rx,0,8,09,20,00,00,D6,02,00,00,
537000,000002C5,false,Rx,0,8,00,00,00,00,00,00,00,00,
537000,000002C6,false,Rx,0,8,32,00,7C,01,00,00,00,00,
545000,0000060D,false,Rx,0,8,0D,10,83,B6,09,20,70,00,
555000,00000054,false,Rx,0,8,01,05,EF,00,D6,02,00,00,
0,00000055,false,Rx,0,8,10,27,00,00,00,00,00,00,
0,00000056,false,Rx,0,8,10,27,00,00,00,00,00,00,
555000,00000057,false,Rx,0,8,00,00,FE,FF,FE,FF,00,00,
584000,00000625,false,Rx,0,8,25,00,59,86,01,54,5C,06,
645000,0000060D,false,Rx,0,8,0D,10,83,B6,09,20,70,00,
685000,00000625,false,Rx,0,8,25,00,59,86,01,54,5C,06,
745000,0000060D,false,Rx,0,8,0D,10,83,B6,09,20,70,00,
754000,00000054,false,Rx,0,8,01,05,EF,00,D6,02,00,00,
754000,00000055,false,Rx,0,8,10,27,00,00,00,00,00,00,
755000,00000056,false,Rx,0,8,10,27,00,00,00,00,00,00,
755000,00000057,false,Rx,0,8,00,00,FE,FF,FE,FF,00,00,
756000,000002C4,false,Rx,0,8,09,20,00,00,D6,02,00,00,
756000,000002C5,false,Rx,0,8,00,00,00,00,00,00,00,00,
757000,000002C6,false,Rx,0,8,32,00,7C,01,00,00,00,00,
785000,00000625,false,Rx,0,8,25,00,59,86,01,54,5C,06,
845000,0000060D,false,Rx,0,8,0D,10,83,B6,09,20,70,00,
885000,00000625,false,Rx,0,8,25,00,59,86,01,54,5C,06,
945000,0000060D,false,Rx,0,8,0D,10,83,B6,09,20,70,00,
0,00000054,false,Rx,0,8,01,05,EF,00,D6,02,00,00,
0,00000055,false,Rx,0,8,10,27,00,00,00,00,00,00,
955000,00000056,false,Rx,0,8,10,27,00,00,00,00,00,00,
956000,00000057,false,Rx,0,8,00,00,FE,FF,FE,FF,00,00,
976000,000002C4,false,Rx,0,8,09,20,00,00,D6,02,00,00,
976000,000002C5,false,Rx,0,8,00,00,00,00,00,00,00,00,
976000,000002C6,false,Rx,0,8,32,00,7C,01,00,00,00,00,
985000,00000625,false,Rx,0,8,25,00,59,86,01,54,5C,06,
45000,0000060D,false,Rx,0,8,0D,10,83,B6,09,20,70,00,
85000,00000625,false,Rx,0,8,25,00,59,86,01,54,5C,06,
144000,0000060D,false,Rx,0,8,0D,10,83,B6,09,20,70,00,
155000,00000054,false,Rx,0,8,01,05,EF,00,D6,02,00,00,
155000,00000055,false,Rx,0,8,10,27,00,00,00,00,00,00,
155000,00000056,false,Rx,0,8,10,27,00,00,00,00,00,00,
155000,00000057,false,Rx,0,8,00,00,FE,FF,FE,FF,00,00,
185000,00000625,false,Rx,0,8,25,00,59,86,01,54,5C,06,
196000,000002C4,false,Rx,0,8,09,20,00,00,D6,02,00,00,
196000,000002C5,false,Rx,0,8,00,00,00,00,00,00,00,00,
197000,000002C6,false,Rx,0,8,32,00,7C,01,00,00,00,00,
245000,0000060D,false,Rx,0,8,0D,10,83,B6,09,20,70,00,
284000,00000625,false,Rx,0,8,25,00,59,86,01,54,5C,06,
345000,0000060D,false,Rx,0,8,0D,10,83,B6,09,20,70,00,
354000,00000054,false,Rx,0,8,01,05,EF,00,D6,02,00,00,
355000,00000055,false,Rx,0,8,10,27,00,00,00,00,00,00,
355000,00000056,false,Rx,0,8,10,27,00,00,00,00,00,00,
355000,00000057,false,Rx,0,8,00,00,FE,FF,FE,FF,00,00,
385000,00000625,false,Rx,0,8,25,00,59,86,01,54,5C,06,
0,000002C4,false,Rx,0,8,09,20,00,00,D6,02,00,00,
0,000002C5,false,Rx,0,8,00,00,00,00,00,00,00,00,
416000,000002C6,false,Rx,0,8,32,00,7C,01,00,00,00,00,
445000,0000060D,false,Rx,0,8,0D,10,83,B6,09,20,70,00,
485000,00000625,false,Rx,0,8,25,00,59,86,01,54,5C,06,
545000,0000060D,false,Rx,0,8,0D,10,83,B6,09,20,70,00,
555000,00000054,false,Rx,0,8,01,05,EF,00,D6,02,00,00,
555000,00000055,false,Rx,0,8,10,27,00,00,00,00,00,00,
556000,00000056,false,Rx,0,8,10,27,00,00,00,00,00,00,
556000,00000057,false,Rx,0,8,00,00,FE,FF,FE,FF,00,00,
584000,00000625,false,Rx,0,8,25,00,59,86,01,54,5C,06,
0,000002C4,false,Rx,0,8,09,20,00,00,D6,02,00,00,
0,000002C5,false,Rx,0,8,00,00,00,00,00,00,00,00,
636000,000002C6,false,Rx,0,8,32,00,7C,01,00,00,00,00,
645000,0000060D,false,Rx,0,8,0D,10,83,B6,09,20,70,00,
685000,00000625,false,Rx,0,8,25,00,59,86,01,54,5C,06,
745000,0000060D,false,Rx,0,8,0D,10,83,B6,09,20,70,00,
755000,00000054,false,Rx,0,8,01,05,EF,00,D6,02,00,00,
0,00000055,false,Rx,0,8,10,27,00,00,00,00,00,00,
0,00000056,false,Rx,0,8,10,27,00,00,00,00,00,00,
755000,00000057,false,Rx,0,8,00,00,FE,FF,FE,FF,00,00,
784000,00000625,false,Rx,0,8,25,00,59,86,01,54,5C,06,
844000,0000060D,false,Rx,0,8,0D,10,83,B6,09,20,70,00,
856000,000002C4,false,Rx,0,8,09,20,00,00,D6,02,00,00,
856000,000002C5,false,Rx,0,8,00,00,00,00,00,00,00,00,
856000,000002C6,false,Rx,0,8,32,00,7C,01,00,00,00,00,
885000,00000625,false,Rx,0,8,25,00,59,86,01,54,5C,06,
945000,0000060D,false,Rx,0,8,0D,10,83,B6,09,20,70,00,
954000,00000054,false,Rx,0,8,01,05,EF,00,D6,02,00,00,
954000,00000055,false,Rx,0,8,10,27,00,00,00,00,00,00,
955000,00000056,false,Rx,0,8,10,27,00,00,00,00,00,00,
955000,00000057,false,Rx,0,8,00,00,FE,FF,FE,FF,00,00,
985000,00000625,false,Rx,0,8,25,00,59,86,01,54,5C,06,
45000,0000060D,false,Rx,0,8,0D,10,83,B6,09,20,70,00,
77000,000002C4,false,Rx,0,8,09,20,00,00,D6,02,00,00,
77000,000002C5,false,Rx,0,8,00,00,00,00,00,00,00,00,
77000,000002C6,false,Rx,0,8,32,00,7C,01,00,00,00,00,
85000,00000625,false,Rx,0,8,25,00,59,86,01,54,5C,06,
145000,0000060D,false,Rx,0,8,0D,10,83,B6,09,20,70,00,
155000,00000054,false,Rx,0,8,01,05,EF,00,D6,02,00,00,
155000,00000055,false,Rx,0,8,10,27,00,00,00,00,00,00,
156000,00000056,false,Rx,0,8,10,27,00,00,00,00,00,00,
156000,00000057,false,Rx,0,8,00,00,FE,FF,FE,FF,00,00,
185000,00000625,false,Rx,0,8,25,00,59,86,01,54,5C,06,
245000,0000060D,false,Rx,0,8,0D,10,83,B6,09,20,70,00,
285000,00000625,false,Rx,0,8,25,00,59,86,01,54,5C,06,
295000,000002C4,false,Rx,0,8,09,20,00,00,D6,02,00,00,
296000,000002C5,false,Rx,0,8,00,00,00,00,00,00,00,00,
296000,000002C6,false,Rx,0,8,32,00,7C,01,00,00,00,00,
345000,0000060D,false,Rx,0,8,0D,10,83,B6,09,20,70,00,
355000,00000054,false,Rx,0,8,01,05,EF,00,D6,02,00,00,
355000,00000055,false,Rx,0,8,10,27,00,00,00,00,00,00,
355000,00000056,false,Rx,0,8,10,27,00,00,00,00,00,00,
355000,00000057,false,Rx,0,8,00,00,FE,FF,FE,FF,00,00,
385000,00000625,false,Rx,0,8,25,00,59,86,01,54,5C,06,
445000,0000060D,false,Rx,0,8,0D,10,83,B6,09,20,70,00,
485000,00000625,false,Rx,0,8,25,00,59,86,01,54,5C,06,
0,000002C4,false,Rx,0,8,09,20,00,00,D6,02,00,00,
0,000002C5,false,Rx,0,8,00,00,00,00,00,00,00,00,
0,000002C6,false,Rx,0,8,32,00,7C,01,00,00,00,00,
544000,0000060D,false,Rx,0,8,0D,10,83,B6,09,20,70,00,
555000,00000054,false,Rx,0,8,01,05,EF,00,D6,02,00,00,
555000,00000055,false,Rx,0,8,10,27,00,00,00,00,00,00,
555000,00000056,false,Rx,0,8,10,27,00,00,00,00,00,00,
555000,00000057,false,Rx,0,8,00,00,FE,FF,FE,FF,00,00,
585000,00000625,false,Rx,0,8,25,00,59,86,01,54,5C,06,
645000,0000060D,false,Rx,0,8,0D,10,83,B6,09,20,70,00,
685000,00000625,false,Rx,0,8,25,00,59,86,01,54,5C,06,
0,000002C4,false,Rx,0,8,09,20,00,00,D6,02,00,00,
0,000002C5,false,Rx,0,8,00,00,00,00,00,00,00,00,
737000,000002C6,false,Rx,0,8,32,00,7C,01,00,00,00,00,
745000,0000060D,false,Rx,0,8,0D,10,83,B6,09,20,70,00,
754000,00000054,false,Rx,0,8,01,05,EF,00,D6,02,00,00,
755000,00000055,false,Rx,0,8,10,27,00,00,00,00,00,00,
755000,00000056,false,Rx,0,8,10,27,00,00,00,00,00,00,
755000,00000057,false,Rx,0,8,00,00,FE,FF,FE,FF,00,00,
784000,00000625,false,Rx,0,8,25,00,59,86,01,54,5C,06,
844000,0000060D,false,Rx,0,8,0D,10,83,B6,09,20,70,00,
884000,00000625,false,Rx,0,8,25,00,59,86,01,54,5C,06,
945000,0000060D,false,Rx,0,8,0D,10,83,B6,09,20,70,00,
0,00000054,false,Rx,0,8,01,05,EF,00,D6,02,00,00,
0,00000055,false,Rx,0,8,10,27,00,00,00,00,00,00,
955000,00000056,false,Rx,0,8,10,27,00,00,00,00,00,00,
956000,00000057,false,Rx,0,8,00,00,FE,FF,FE,FF,00,00,
956000,000002C4,false,Rx,0,8,09,20,00,00,D6,02,00,00,
956000,000002C5,false,Rx,0,8,00,00,00,00,00,00,00,00,
956000,000002C6,false,Rx,0,8,32,00,7C,01,00,00,00,00,
985000,00000625,false,Rx,0,8,25,00,59,86,01,54,5C,06,
44000,0000060D,false,Rx,0,8,0D,10,83,B6,09,20,70,00,
84000,00000625,false,Rx,0,8,25,00,59,86,01,54,5C,06,
145000,0000060D,false,Rx,0,8,0D,10,83,B6,09,20,70,00,
155000,00000054,false,Rx,0,8,01,05,EF,00,D6,02,00,00,
155000,00000055,false,Rx,0,8,10,27,00,00,00,00,00,00,
155000,00000056,false,Rx,0,8,10,27,00,00,00,00,00,00,
156000,00000057,false,Rx,0,8,00,00,FE,FF,FE,FF,00,00,
176000,000002C4,false,Rx,0,8,09,20,00,00,D6,02,00,00,
176000,000002C5,false,Rx,0,8,00,00,00,00,00,00,00,00,
176000,000002C6,false,Rx,0,8,32,00,7C,01,00,00,00,00,
184000,00000625,false,Rx,0,8,25,00,59,86,01,54,5C,06,
245000,0000060D,false,Rx,0,8,0D,10,83,B6,09,20,70,00,
285000,00000625,false,Rx,0,8,25,00,59,86,01,54,5C,06,
345000,0000060D,false,Rx,0,8,0D,10,83,B6,09,20,70,00,
354000,00000054,false,Rx,0,8,01,05,EF,00,D6,02,00,00,
354000,00000055,false,Rx,0,8,10,27,00,00,00,00,00,00,
355000,00000056,false,Rx,0,8,10,27,00,00,00,00,00,00,
355000,00000057,false,Rx,0,8,00,00,FE,FF,FE,FF,00,00,
385000,00000625,false,Rx,0,8,25,00,59,86,01,54,5C,06,
396000,000002C4,false,Rx,0,8,09,20,00,00,D6,02,00,00,
396000,000002C5,false,Rx,0,8,00,00,00,00,00,00,00,00,
396000,000002C6,false,Rx,0,8,32,00,7C,01,00,00,00,00,
445000,0000060D,false,Rx,0,8,0D,10,83,B6,09,20,70,00,
485000,00000625,false,Rx,0,8,25,00,59,86,01,54,5C,06,
545000,0000060D,false,Rx,0,8,0D,10,83,B6,09,20,70,00,
554000,00000054,false,Rx,0,8,01,05,EF,00,D6,02,00,00,
554000,00000055,false,Rx,0,8,10,27,00,00,00,00,00,00,
555000,00000056,false,Rx,0,8,10,27,00,00,00,00,00,00,
555000,00000057,false,Rx,0,8,00,00,FE,FF,FE,FF,00,00,
585000,00000625,false,Rx,0,8,25,00,59,86,01,54,5C,06,
616000,000002C4,false,Rx,0,8,09,20,00,00,D6,02,00,00,
616000,000002C5,false,Rx,0,8,00,00,00,00,00,00,00,00,
616000,000002C6,false,Rx,0,8,32,00,7C,01,00,00,00,00,
645000,0000060D,false,Rx,0,8,0D,10,83,B6,09,20,70,00,
685000,00000625,false,Rx,0,8,25,00,59,86,01,54,5C,06,
744000,0000060D,false,Rx,0,8,0D,10,83,B6,09,20,70,00,
755000,00000054,false,Rx,0,8,01,05,EF,00,D6,02,00,00,
755000,00000055,false,Rx,0,8,10,27,00,00,00,00,00,00,
0,00000056,false,Rx,0,8,10,27,00,00,00,00,00,00,
0,00000057,false,Rx,0,8,00,00,FE,FF,FE,FF,00,00,
785000,00000625,false,Rx,0,8,25,00,59,86,01,54,5C,06,
836000,000002C4,false,Rx,0,8,09,20,00,00,D6,02,00,00,
836000,000002C5,false,Rx,0,8,00,00,00,00,00,00,00,00,
836000,000002C6,false,Rx,0,8,32,00,7C,01,00,00,00,00,
845000,0000060D,false,Rx,0,8,0D,10,83,B6,09,20,70,00,
885000,00000625,false,Rx,0,8,25,00,59,86,01,54,5C,06,
945000,0000060D,false,Rx,0,8,0D,10,83,B6,09,20,70,00,
0,00000054,false,Rx,0,8,01,05,EF,00,D6,02,00,00,
0,00000055,false,Rx,0,8,10,27,00,00,00,00,00,00,
955000,00000056,false,Rx,0,8,10,27,00,00,00,00,00,00,
955000,00000057,false,Rx,0,8,00,00,FE,FF,FE,FF,00,00,
985000,00000625,false,Rx,0,8,25,00,59,86,01,54,5C,06,
45000,0000060D,false,Rx,0,8,0D,10,83,B6,09,20,70,00,
56000,000002C4,false,Rx,0,8,09,20,00,00,D6,02,00,00,
56000,000002C5,false,Rx,0,8,00,00,00,00,00,00,00,00,
56000,000002C6,false,Rx,0,8,32,00,7C,01,00,00,00,00,
84000,00000625,false,Rx,0,8,25,00,59,86,01,54,5C,06,
145000,0000060D,false,Rx,0,8,0D,10,83,B6,09,20,70,00,
154000,00000054,false,Rx,0,8,01,05,EF,00,D6,02,00,00,
154000,00000055,false,Rx,0,8,10,27,00,00,00,00,00,00,
155000,00000056,false,Rx,0,8,10,27,00,00,00,00,00,00,
155000,00000057,false,Rx,0,8,00,00,FE,FF,FE,FF,00,00,
185000,00000625,false,Rx,0,8,25,00,59,86,01,54,5C,06,
245000,0000060D,false,Rx,0,8,0D,10,83,B6,09,20,70,00,
276000,000002C4,false,Rx,0,8,09,20,00,00,D6,02,00,00,
276000,000002C5,false,Rx,0,8,00,00,00,00,00,00,00,00,
276000,000002C6,false,Rx,0,8,32,00,7C,01,00,00,00,00,
285000,00000625,false,Rx,0,8,25,00,59,86,01,54,5C,06,
345000,0000060D,false,Rx,0,8,0D,10,83,B6,09,20,70,00,
354000,00000054,false,Rx,0,8,01,05,EF,00,D6,02,00,00,
355000,00000055,false,Rx,0,8,10,27,00,00,00,00,00,00,
355000,00000056,false,Rx,0,8,10,27,00,00,00,00,00,00,
355000,00000057,false,Rx,0,8,00,00,FE,FF,FE,FF,00,00,
384000,00000625,false,Rx,0,8,25,00,59,86,01,54,5C,06,
444000,0000060D,false,Rx,0,8,0D,10,83,B6,09,20,70,00,
485000,00000625,false,Rx,0,8,25,00,59,86,01,54,5C,06,
496000,000002C4,false,Rx,0,8,09,20,00,00,D6,02,00,00,
496000,000002C5,false,Rx,0,8,00,00,00,00,00,00,00,00,
496000,000002C6,false,Rx,0,8,32,00,7C,01,00,00,00,00,
545000,0000060D,false,Rx,0,8,0D,10,83,B6,09,20,70,00,
554000,00000054,false,Rx,0,8,01,05,EF,00,D6,02,00,00,
554000,00000055,false,Rx,0,8,10,27,00,00,00,00,00,00,
555000,00000056,false,Rx,0,8,10,27,00,00,00,00,00,00,
555000,00000057,false,Rx,0,8,00,00,FE,FF,FE,FF,00,00,
584000,00000625,false,Rx,0,8,25,00,59,86,01,54,5C,06,
645000,0000060D,false,Rx,0,8,0D,10,83,B6,09,20,70,00,
685000,00000625,false,Rx,0,8,25,00,59,86,01,54,5C,06,
716000,000002C4,false,Rx,0,8,09,20,00,00,D6,02,00,00,
717000,000002C5,false,Rx,0,8,00,00,00,00,00,00,00,00,
717000,000002C6,false,Rx,0,8,32,00,7C,01,00,00,00,00,
745000,0000060D,false,Rx,0,8,0D,10,83,B6,09,20,70,00,
754000,00000054,false,Rx,0,8,01,05,EF,00,D6,02,00,00,
754000,00000055,false,Rx,0,8,10,27,00,00,00,00,00,00,
755000,00000056,false,Rx,0,8,10,27,00,00,00,00,00,00,
755000,00000057,false,Rx,0,8,00,00,FE,FF,FE,FF,00,00,
785000,00000625,false,Rx,0,8,25,00,59,86,01,54,5C,06,
845000,0000060D,false,Rx,0,8,0D,10,83,B6,09,20,70,00,
885000,00000625,false,Rx,0,8,25,00,59,86,01,54,5C,06,
936000,000002C4,false,Rx,0,8,09,20,00,00,D6,02,00,00,
936000,000002C5,false,Rx,0,8,00,00,00,00,00,00,00,00,
937000,000002C6,false,Rx,0,8,32,00,7C,01,00,00,00,00,
945000,0000060D,false,Rx,0,8,0D,10,83,B6,09,20,70,00,
954000,00000054,false,Rx,0,8,01,05,EF,00,D6,02,00,00,
954000,00000055,false,Rx,0,8,10,27,00,00,00,00,00,00,
955000,00000056,false,Rx,0,8,10,27,00,00,00,00,00,00,
955000,00000057,false,Rx,0,8,00,00,FE,FF,FE,FF,00,00,
985000,00000625,false,Rx,0,8,25,00,59,86,01,54,5C,06,
45000,0000060D,false,Rx,0,8,0D,10,83,B6,09,20,70,00,
85000,00000625,false,Rx,0,8,25,00,59,86,01,54,5C,06,
145000,0000060D,false,Rx,0,8,0D,10,83,B6,09,20,70,00,
0,00000054,false,Rx,0,8,01,05,EF,00,D6,02,00,00,
0,00000055,false,Rx,0,8,10,27,00,00,00,00,00,00,
155000,00000056,false,Rx,0,8,10,27,00,00,00,00,00,00,
156000,00000057,false,Rx,0,8,00,00,FE,FF,FE,FF,00,00,
156000,000002C4,false,Rx,0,8,09,20,00,00,D6,02,00,00,
156000,000002C5,false,Rx,0,8,00,00,00,00,00,00,00,00,
156000,000002C6,false,Rx,0,8,32,00,7C,01,00,00,00,00,
185000,00000625,false,Rx,0,8,25,00,59,86,01,54,5C,06,
244000,0000060D,false,Rx,0,8,0D,10,83,B6,09,20,70,00,
285000,00000625,false,Rx,0,8,25,00,59,86,01,54,5C,06,
345000,0000060D,false,Rx,0,8,0D,10,83,B6,09,20,70,00,
0,00000054,false,Rx,0,8,01,05,EF,00,D6,02,00,00,
0,00000055,false,Rx,0,8,10,27,00,00,00,00,00,00,
355000,00000056,false,Rx,0,8,10,27,00,00,00,00,00,00,
355000,00000057,false,Rx,0,8,00,00,FE,FF,FE,FF,00,00,
375000,000002C4,false,Rx,0,8,09,20,00,00,D6,02,00,00,
377000,000002C5,false,Rx,0,8,00,00,00,00,00,00,00,00,
377000,000002C6,false,Rx,0,8,32,00,7C,01,00,00,00,00,
385000,00000625,false,Rx,0,8,25,00,59,86,01,54,5C,06,
445000,0000060D,false,Rx,0,8,0D,10,83,B6,09,20,70,00,
485000,00000625,false,Rx,0,8,25,00,59,86,01,54,5C,06,
545000,0000060D,false,Rx,0,8,0D,10,83,B6,09,20,70,00,
555000,00000054,false,Rx,0,8,01,05,EF,00,D6,02,00,00,
555000,00000055,false,Rx,0,8,10,27,00,00,00,00,00,00,
555000,00000056,false,Rx,0,8,10,27,00,00,00,00,00,00,
555000,00000057,false,Rx,0,8,00,00,FE,FF,FE,FF,00,00,
585000,00000625,false,Rx,0,8,25,00,59,86,01,54,5C,06,
595000,000002C4,false,Rx,0,8,09,20,00,00,D6,02,00,00,
597000,000002C5,false,Rx,0,8,00,00,00,00,00,00,00,00,
597000,000002C6,false,Rx,0,8,32,00,7C,01,00,00,00,00,
645000,0000060D,false,Rx,0,8,0D,10,83,B6,09,20,70,00,
685000,00000625,false,Rx,0,8,25,00,59,86,01,54,5C,06,
745000,0000060D,false,Rx,0,8,0D,10,83,B6,09,20,70,00,
755000,00000054,false,Rx,0,8,01,05,EF,00,D6,02,00,00,
755000,00000055,false,Rx,0,8,10,27,00,00,00,00,00,00,
755000,00000056,false,Rx,0,8,10,27,00,00,00,00,00,00,
756000,00000057,false,Rx,0,8,00,00,FE,FF,FE,FF,00,00,
785000,00000625,false,Rx,0,8,25,00,59,86,01,54,5C,06,
816000,000002C4,false,Rx,0,8,09,20,00,00,D6,02,00,00,
816000,000002C5,false,Rx,0,8,00,00,00,00,00,00,00,00,
816000,000002C6,false,Rx,0,8,32,00,7C,01,00,00,00,00,
845000,0000060D,false,Rx,0,8,0D,10,83,B6,09,20,70,00,
885000,00000625,false,Rx,0,8,25,00,59,86,01,54,5C,06,
945000,0000060D,false,Rx,0,8,0D,10,83,B6,09,20,70,00,
0,00000054,false,Rx,0,8,01,05,EF,00,D6,02,00,00,
0,00000055,false,Rx,0,8,10,27,00,00,00,00,00,00,
0,00000056,false,Rx,0,8,10,27,00,00,00,00,00,00,
0,00000057,false,Rx,0,8,00,00,FE,FF,FE,FF,00,00,
985000,00000625,false,Rx,0,8,25,00,59,86,01,54,5C,06,
36000,000002C4,false,Rx,0,8,09,20,00,00,D6,02,00,00,
36000,000002C5,false,Rx,0,8,00,00,00,00,00,00,00,00,
36000,000002C6,false,Rx,0,8,32,00,7C,01,00,00,00,00,
45000,0000060D,false,Rx,0,8,0D,10,83,B6,09,20,70,00,
85000,00000625,false,Rx,0,8,25,00,59,86,01,54,5C,06,
144000,0000060D,false,Rx,0,8,0D,10,83,B6,09,20,70,00,
155000,00000054,false,Rx,0,8,01,05,EF,00,D6,02,00,00,
0,00000055,false,Rx,0,8,10,27,00,00,00,00,00,00,
0,00000056,false,Rx,0,8,10,27,00,00,00,00,00,00,
0,00000057,false,Rx,0,8,00,00,FE,FF,FE,FF,00,00,
185000,00000625,false,Rx,0,8,25,00,59,86,01,54,5C,06,
245000,0000060D,false,Rx,0,8,0D,10,83,B6,09,20,70,00,
256000,000002C4,false,Rx,0,8,09,20,00,00,D6,02,00,00,
256000,000002C5,false,Rx,0,8,00,00,00,00,00,00,00,00,
256000,000002C6,false,Rx,0,8,32,00,7C,01,00,00,00,00,
285000,00000625,false,Rx,0,8,25,00,59,86,01,54,5C,06,
345000,0000060D,false,Rx,0,8,0D,10,83,B6,09,20,70,00,
0,00000054,false,Rx,0,8,01,05,EF,00,D6,02,00,00,
0,00000055,false,Rx,0,8,10,27,00,00,00,00,00,00,
355000,00000056,false,Rx,0,8,10,27,00,00,00,00,00,00,
355000,00000057,false,Rx,0,8,00,00,FE,FF,FE,FF,00,00,
386000,00000625,false,Rx,0,8,25,00,59,86,01,54,5C,06,
445000,0000060D,false,Rx,0,8,0D,10,83,B6,09,20,70,00,
476000,000002C4,false,Rx,0,8,09,20,00,00,D6,02,00,00,
476000,000002C5,false,Rx,0,8,00,00,00,00,00,00,00,00,
476000,000002C6,false,Rx,0,8,32,00,7C,01,00,00,00,00,
485000,00000625,false,Rx,0,8,25,00,59,86,01,54,5C,06,
544000,0000060D,false,Rx,0,8,0D,10,83,B6,09,20,70,00,
0,00000054,false,Rx,0,8,01,05,EF,00,D6,02,00,00,
0,00000055,false,Rx,0,8,10,27,00,00,00,00,00,00,
555000,00000056,false,Rx,0,8,10,27,00,00,00,00,00,00,
555000,00000057,false,Rx,0,8,00,00,FE,FF,FE,FF,00,00,
585000,00000625,false,Rx,0,8,25,00,59,86,01,54,5C,06,
645000,0000060D,false,Rx,0,8,0D,10,83,B6,09,20,70,00,
685000,00000625,false,Rx,0,8,25,00,59,86,01,54,5C,06,
696000,000002C4,false,Rx,0,8,09,20,00,00,D6,02,00,00,
696000,000002C5,false,Rx,0,8,00,00,00,00,00,00,00,00,
696000,000002C6,false,Rx,0,8,32,00,7C,01,00,00,00,00,
745000,0000060D,false,Rx,0,8,0D,10,83,B6,09,20,70,00,
755000,00000054,false,Rx,0,8,01,05,EF,00,D6,02,00,00,
755000,00000055,false,Rx,0,8,10,27,00,00,00,00,00,00,
755000,00000056,false,Rx,0,8,10,27,00,00,00,00,00,00,
755000,00000057,false,Rx,0,8,00,00,FE,FF,FE,FF,00,00,
785000,00000625,false,Rx,0,8,25,00,59,86,01,54,5C,06,
845000,0000060D,false,Rx,0,8,0D,10,83,B6,09,20,70,00,
885000,00000625,false,Rx,0,8,25,00,59,86,01,54,5C,06,
916000,000002C4,false,Rx,0,8,09,20,00,00,D6,02,00,00,
916000,000002C5,false,Rx,0,8,00,00,00,00,00,00,00,00,
916000,000002C6,false,Rx,0,8,32,00,7C,01,00,00,00,00,
945000,0000060D,false,Rx,0,8,0D,10,83,B6,09,20,70,00,
954000,00000054,false,Rx,0,8,01,05,EF,00,D6,02,00,00,
954000,00000055,false,Rx,0,8,10,27,00,00,00,00,00,00,
955000,00000056,false,Rx,0,8,10,27,00,00,00,00,00,00,
955000,00000057,false,Rx,0,8,00,00,FE,FF,FE,FF,00,00,
984000,00000625,false,Rx,0,8,25,00,59,86,01,54,5C,06,
45000,0000060D,false,Rx,0,8,0D,10,83,B6,09,20,70,00,
85000,00000625,false,Rx,0,8,25,00,59,86,01,54,5C,06,
136000,000002C4,false,Rx,0,8,09,20,00,00,D6,02,00,00,
136000,000002C5,false,Rx,0,8,00,00,00,00,00,00,00,00,
136000,000002C6,false,Rx,0,8,32,00,7C,01,00,00,00,00,
145000,0000060D,false,Rx,0,8,0D,10,83,B6,09,20,70,00,
155000,00000054,false,Rx,0,8,01,05,EF,00,D6,02,00,00,
0,00000055,false,Rx,0,8,10,27,00,00,00,00,00,00,
0,00000056,false,Rx,0,8,10,27,00,00,00,00,00,00,
0,00000057,false,Rx,0,8,00,00,FE,FF,FE,FF,00,00,
185000,00000625,false,Rx,0,8,25,00,59,86,01,54,5C,06,
245000,0000060D,false,Rx,0,8,0D,10,83,B6,09,20,70,00,
285000,00000625,false,Rx,0,8,25,00,59,86,01,54,5C,06,
345000,0000060D,false,Rx,0,8,0D,10,83,B6,09,20,70,00,
354000,00000054,false,Rx,0,8,01,05,EF,00,D6,02,00,00,
355000,00000055,false,Rx,0,8,10,27,00,00,00,00,00,00,
355000,00000056,false,Rx,0,8,10,27,00,00,00,00,00,00,
355000,00000057,false,Rx,0,8,00,00,FE,FF,FE,FF,00,00,
356000,000002C4,false,Rx,0,8,09,20,00,00,D6,02,00,00,
356000,000002C5,false,Rx,0,8,00,00,00,00,00,00,00,00,
356000,000002C6,false,Rx,0,8,32,00,7C,01,00,00,00,00,
384000,00000625,false,Rx,0,8,25,00,59,86,01,54,5C,06,
445000,0000060D,false,Rx,0,8,0D,10,83,B6,09,20,70,00,
485000,00000625,false,Rx,0,8,25,00,59,86,01,54,5C,06,
545000,0000060D,false,Rx,0,8,0D,10,83,B6,09,20,70,00,
555000,00000054,false,Rx,0,8,01,05,EF,00,D6,02,00,00,
555000,00000055,false,Rx,0,8,10,27,00,00,00,00,00,00,
556000,00000056,false,Rx,0,8,10,27,00,00,00,00,00,00,
556000,00000057,false,Rx,0,8,00,00,FE,FF,FE,FF,00,00,
577000,000002C4,false,Rx,0,8,09,20,00,00,D6,02,00,00,
577000,000002C5,false,Rx,0,8,00,00,00,00,00,00,00,00,
577000,000002C6,false,Rx,0,8,32,00,7C,01,00,00,00,00,
585000,00000625,false,Rx,0,8,25,00,59,86,01,54,5C,06,
645000,0000060D,false,Rx,0,8,0D,10,83,B6,09,20,70,00,
685000,00000625,false,Rx,0,8,25,00,59,86,01,54,5C,06,
745000,0000060D,false,Rx,0,8,0D,10,83,B6,09,20,70,00,
755000,00000054,false,Rx,0,8,01,05,EF,00,D6,02,00,00,
755000,00000055,false,Rx,0,8,10,27,00,00,00,00,00,00,
755000,00000056,false,Rx,0,8,10,27,00,00,00,00,00,00,
755000,00000057,false,Rx,0,8,00,00,FE,FF,FE,FF,00,00,
785000,00000625,false,Rx,0,8,25,00,59,86,01,54,5C,06,
796000,000002C4,false,Rx,0,8,09,20,00,00,D6,02,00,00,
796000,000002C5,false,Rx,0,8,00,00,00,00,00,00,00,00,
797000,000002C6,false,Rx,0,8,32,00,7C,01,00,00,00,00,
845000,0000060D,false,Rx,0,8,0D,10,83,B6,09,20,70,00,
885000,00000625,false,Rx,0,8,25,00,59,86,01,54,5C,06,
945000,0000060D,false,Rx,0,8,0D,10,83,B6,09,20,70,00,
954000,00000054,false,Rx,0,8,01,05,EF,00,D6,02,00,00,
954000,00000055,false,Rx,0,8,10,27,00,00,00,00,00,00,
955000,00000056,false,Rx,0,8,10,27,00,00,00,00,00,00,
955000,00000057,false,Rx,0,8,00,00,FE,FF,FE,FF,00,00,
985000,00000625,false,Rx,0,8,25,00,59,86,01,54,5C,06,
0,000002C4,false,Rx,0,8,09,20,00,00,D6,02,00,00,
0,000002C5,false,Rx,0,8,00,00,00,00,00,00,00,00,
16000,000002C6,false,Rx,0,8,32,00,7C,01,00,00,00,00,
45000,0000060D,false,Rx,0,8,0D,10,83,B6,09,20,70,00,
84000,00000625,false,Rx,0,8,25,00,59,86,01,54,5C,06,
145000,0000060D,false,Rx,0,8,0D,10,83,B6,09,20,70,00,
155000,00000054,false,Rx,0,8,01,05,EF,00,D6,02,00,00,
155000,00000055,false,Rx,0,8,10,27,00,00,00,00,00,00,
155000,00000056,false,Rx,0,8,10,27,00,00,00,00,00,00,
155000,00000057,false,Rx,0,8,00,00,FE,FF,FE,FF,00,00,
184000,00000625,false,Rx,0,8,25,00,59,86,01,54,5C,06,
236000,000002C4,false,Rx,0,8,09,20,00,00,D6,02,00,00,
236000,000002C5,false,Rx,0,8,00,00,00,00,00,00,00,00,
236000,000002C6,false,Rx,0,8,32,00,7C,01,00,00,00,00,
245000,0000060D,false,Rx,0,8,0D,10,83,B6,09,20,70,00,
285000,00000625,false,Rx,0,8,25,00,59,86,01,54,5C,06,
344000,0000060D,false,Rx,0,8,0D,10,83,B6,09,20,70,00,
355000,00000054,false,Rx,0,8,01,05,EF,00,D6,02,00,00,
355000,00000055,false,Rx,0,8,10,27,00,00,00,00,00,00,
355000,00000056,false,Rx,0,8,10,27,00,00,00,00,00,00,
355000,00000057,false,Rx,0,8,00,00,FE,FF,FE,FF,00,00,
384000,00000625,false,Rx,0,8,25,00,59,86,01,54,5C,06,
445000,0000060D,false,Rx,0,8,0D,10,83,B6,09,20,70,00,
456000,000002C4,false,Rx,0,8,09,20,00,00,D6,02,00,00,
456000,000002C5,false,Rx,0,8,00,00,00,00,00,00,00,00,
456000,000002C6,false,Rx,0,8,32,00,7C,01,00,00,00,00,
485000,00000625,false,Rx,0,8,25,00,59,86,01,54,5C,06,
544000,0000060D,false,Rx,0,8,0D,10,83,B6,09,20,70,00,
555000,00000054,false,Rx,0,8,01,05,EF,00,D6,02,00,00,
555000,00000055,false,Rx,0,8,10,27,00,00,00,00,00,00,
555000,00000056,false,Rx,0,8,10,27,00,00,00,00,00,00,
555000,00000057,false,Rx,0,8,00,00,FE,FF,FE,FF,00,00,
585000,00000625,false,Rx,0,8,25,00,59,86,01,54,5C,06,
644000,0000060D,false,Rx,0,8,0D,10,83,B6,09,20,70,00,
676000,000002C4,false,Rx,0,8,09,20,00,00,D6,02,00,00,
676000,000002C5,false,Rx,0,8,00,00,00,00,00,00,00,00,
676000,000002C6,false,Rx,0,8,32,00,7C,01,00,00,00,00,
685000,00000625,false,Rx,0,8,25,00,59,86,01,54,5C,06,
745000,0000060D,false,Rx,0,8,0D,10,83,B6,09,20,70,00,
755000,00000054,false,Rx,0,8,01,05,EF,00,D6,02,00,00,
755000,00000055,false,Rx,0,8,10,27,00,00,00,00,00,00,
755000,00000056,false,Rx,0,8,10,27,00,00,00,00,00,00,
755000,00000057,false,Rx,0,8,00,00,FE,FF,FE,FF,00,00,
785000,00000625,false,Rx,0,8,25,00,59,86,01,54,5C,06,
845000,0000060D,false,Rx,0,8,0D,10,83,B6,09,20,70,00,
885000,00000625,false,Rx,0,8,25,00,59,86,01,54,5C,06,
896000,000002C4,false,Rx,0,8,09,20,00,00,D6,02,00,00,
0,000002C5,false,Rx,0,8,00,00,00,00,00,00,00,00,
0,000002C6,false,Rx,0,8,32,00,7C,01,00,00,00,00,
945000,0000060D,false,Rx,0,8,0D,10,83,B6,09,20,70,00,
955000,00000054,false,Rx,0,8,01,05,EF,00,D6,02,00,00,
955000,00000055,false,Rx,0,8,10,27,00,00,00,00,00,00,
955000,00000056,false,Rx,0,8,10,27,00,00,00,00,00,00,
955000,00000057,false,Rx,0,8,00,00,FE,FF,FE,FF,00,00,
985000,00000625,false,Rx,0,8,25,00,59,86,01,54,5C,06,
45000,0000060D,false,Rx,0,8,0D,10,83,B6,09,20,70,00,
85000,00000625,false,Rx,0,8,25,00,59,86,01,54,5C,06,
116000,000002C4,false,Rx,0,8,09,20,00,00,D6,02,00,00,
116000,000002C5,false,Rx,0,8,00,00,00,00,00,00,00,00,
116000,000002C6,false,Rx,0,8,32,00,7C,01,00,00,00,00,
145000,0000060D,false,Rx,0,8,0D,10,83,B6,09,20,70,00,
154000,00000054,false,Rx,0,8,01,05,EF,00,D6,02,00,00,
154000,00000055,false,Rx,0,8,10,27,00,00,00,00,00,00,
155000,00000056,false,Rx,0,8,10,27,00,00,00,00,00,00,
156000,00000057,false,Rx,0,8,00,00,FE,FF,FE,FF,00,00,
185000,00000625,false,Rx,0,8,25,00,59,86,01,54,5C,06,
245000,0000060D,false,Rx,0,8,0D,10,83,B6,09,20,70,00,
284000,00000625,false,Rx,0,8,25,00,59,86,01,54,5C,06,
336000,000002C4,false,Rx,0,8,09,20,00,00,D6,02,00,00,
337000,000002C5,false,Rx,0,8,00,00,00,00,00,00,00,00,
337000,000002C6,false,Rx,0,8,32,00,7C,01,00,00,00,00,
345000,0000060D,false,Rx,0,8,0D,10,83,B6,09,20,70,00,
355000,00000054,false,Rx,0,8,01,05,EF,00,D6,02,00,00,
355000,00000055,false,Rx,0,8,10,27,00,00,00,00,00,00,
355000,00000056,false,Rx,0,8,10,27,00,00,00,00,00,00,
355000,00000057,false,Rx,0,8,00,00,FE,FF,FE,FF,00,00,
385000,00000625,false,Rx,0,8,25,00,59,86,01,54,5C,06,
444000,0000060D,false,Rx,0,8,0D,10,83,B6,09,20,70,00,
485000,00000625,false,Rx,0,8,25,00,59,86,01,54,5C,06,
544000,0000060D,false,Rx,0,8,0D,10,83,B6,09,20,70,00,
555000,00000054,false,Rx,0,8,01,05,EF,00,D6,02,00,00,
555000,00000055,false,Rx,0,8,10,27,00,00,00,00,00,00,
555000,00000056,false,Rx,0,8,10,27,00,00,00,00,00,00,
555000,00000057,false,Rx,0,8,00,00,FE,FF,FE,FF,00,00,
556000,000002C4,false,Rx,0,8,09,20,00,00,D6,02,00,00,
556000,000002C5,false,Rx,0,8,00,00,00,00,00,00,00,00,
556000,000002C6,false,Rx,0,8,32,00,7C,01,00,00,00,00,
585000,00000625,false,Rx,0,8,25,00,59,86,01,54,5C,06,
645000,0000060D,false,Rx,0,8,0D,10,83,B6,09,20,70,00,
685000,00000625,false,Rx,0,8,25,00,59,86,01,54,5C,06,
745000,0000060D,false,Rx,0,8,0D,10,83,B6,09,20,70,00,
0,00000054,false,Rx,0,8,01,05,EF,00,D6,02,00,00,
0,00000055,false,Rx,0,8,10,27,00,00,00,00,00,00,
755000,00000056,false,Rx,0,8,10,27,00,00,00,00,00,00,
756000,00000057,false,Rx,0,8,00,00,FE,FF,FE,FF,00,00,
0,000002C4,false,Rx,0,8,09,20,00,00,D6,02,00,00,
0,000002C5,false,Rx,0,8,00,00,00,00,00,00,00,00,
777000,000002C6,false,Rx,0,8,32,00,7C,01,00,00,00,00,
785000,00000625,false,Rx,0,8,25,00,59,86,01,54,5C,06,
845000,0000060D,false,Rx,0,8,0D,10,83,B6,09,20,70,00,
885000,00000625,false,Rx,0,8,25,00,59,86,01,54,5C,06,
945000,0000060D,false,Rx,0,8,0D,10,83,B6,09,20,70,00,
955000,00000054,false,Rx,0,8,01,05,EF,00,D6,02,00,00,
955000,00000055,false,Rx,0,8,10,27,00,00,00,00,00,00,
955000,00000056,false,Rx,0,8,10,27,00,00,00,00,00,00,
955000,00000057,false,Rx,0,8,00,00,FE,FF,FE,FF,00,00,
985000,00000625,false,Rx,0,8,25,00,59,86,01,54,5C,06,
996000,000002C4,false,Rx,0,8,09,20,00,00,D6,02,00,00,
996000,000002C5,false,Rx,0,8,00,00,00,00,00,00,00,00,
996000,000002C6,false,Rx,0,8,32,00,7C,01,00,00,00,00,
45000,0000060D,false,Rx,0,8,0D,10,83,B6,09,20,70,00,
85000,00000625,false,Rx,0,8,25,00,59,86,01,54,5C,06,
145000,0000060D,false,Rx,0,8,0D,10,83,B6,09,20,70,00,
154000,00000054,false,Rx,0,8,01,05,EF,00,D6,02,00,00,
154000,00000055,false,Rx,0,8,10,27,00,00,00,00,00,00,
0,00000056,false,Rx,0,8,10,27,00,00,00,00,00,00,
0,00000057,false,Rx,0,8,00,00,FE,FF,FE,FF,00,00,
185000,00000625,false,Rx,0,8,25,00,59,86,01,54,5C,06,
216000,000002C4,false,Rx,0,8,09,20,00,00,D6,02,00,00,
216000,000002C5,false,Rx,0,8,00,00,00,00,00,00,00,00,
216000,000002C6,false,Rx,0,8,32,00,7C,01,00,00,00,00,
244000,0000060D,false,Rx,0,8,0D,10,83,B6,09,20,70,00,
285000,00000625,false,Rx,0,8,25,00,59,86,01,54,5C,06,
345000,0000060D,false,Rx,0,8,0D,10,83,B6,09,20,70,00,
355000,00000054,false,Rx,0,8,01,05,EF,00,D6,02,00,00,
355000,00000055,false,Rx,0,8,10,27,00,00,00,00,00,00,
355000,00000056,false,Rx,0,8,10,27,00,00,00,00,00,00,
355000,00000057,false,Rx,0,8,00,00,FE,FF,FE,FF,00,00,
385000,00000625,false,Rx,0,8,25,00,59,86,01,54,5C,06,
436000,000002C4,false,Rx,0,8,09,20,00,00,D6,02,00,00,
436000,000002C5,false,Rx,0,8,00,00,00,00,00,00,00,00,
436000,000002C6,false,Rx,0,8,32,00,7C,01,00,00,00,00,
445000,0000060D,false,Rx,0,8,0D,10,83,B6,09,20,70,00,
485000,00000625,false,Rx,0,8,25,00,59,86,01,54,5C,06,
545000,0000060D,false,Rx,0,8,0D,10,83,B6,09,20,70,00,
555000,00000054,false,Rx,0,8,01,05,EF,00,D6,02,00,00,
555000,00000055,false,Rx,0,8,10,27,00,00,00,00,00,00,
556000,00000056,false,Rx,0,8,10,27,00,00,00,00,00,00,
556000,00000057,false,Rx,0,8,00,00,FE,FF,FE,FF,00,00,
585000,00000625,false,Rx,0,8,25,00,59,86,01,54,5C,06,
645000,0000060D,false,Rx,0,8,0D,10,83,B6,09,20,70,00,
0,000002C4,false,Rx,0,8,09,20,00,00,D6,02,00,00,
0,000002C5,false,Rx,0,8,00,00,00,00,00,00,00,00,
657000,000002C6,false,Rx,0,8,32,00,7C,01,00,00,00,00,
685000,00000625,false,Rx,0,8,25,00,59,86,01,54,5C,06,
745000,0000060D,false,Rx,0,8,0D,10,83,B6,09,20,70,00,
754000,00000054,false,Rx,0,8,01,05,EF,00,D6,02,00,00,
754000,00000055,false,Rx,0,8,10,27,00,00,00,00,00,00,
755000,00000056,false,Rx,0,8,10,27,00,00,00,00,00,00,
755000,00000057,false,Rx,0,8,00,00,FE,FF,FE,FF,00,00,
785000,00000625,false,Rx,0,8,25,00,59,86,01,54,5C,06,
845000,0000060D,false,Rx,0,8,0D,10,83,B6,09,20,70,00,
876000,000002C4,false,Rx,0,8,09,20,00,00,D6,02,00,00,
876000,000002C5,false,Rx,0,8,00,00,00,00,00,00,00,00,
877000,000002C6,false,Rx,0,8,32,00,7C,01,00,00,00,00,
885000,00000625,false,Rx,0,8,25,00,59,86,01,54,5C,06,
945000,0000060D,false,Rx,0,8,0D,10,83,B6,09,20,70,00,
0,00000054,false,Rx,0,8,01,05,EF,00,D6,02,00,00,
0,00000055,false,Rx,0,8,10,27,00,00,00,00,00,00,
0,00000056,false,Rx,0,8,10,27,00,00,00,00,00,00,
956000,00000057,false,Rx,0,8,00,00,FE,FF,FE,FF,00,00,
985000,00000625,false,Rx,0,8,25,00,59,86,01,54,5C,06,
45000,0000060D,false,Rx,0,8,0D,10,83,B6,09,20,70,00,
85000,00000625,false,Rx,0,8,25,00,59,86,01,54,5C,06,
96000,000002C4,false,Rx,0,8,09,20,00,00,D6,02,00,00,
96000,000002C5,false,Rx,0,8,00,00,00,00,00,00,00,00,
96000,000002C6,false,Rx,0,8,32,00,7C,01,00,00,00,00,
145000,0000060D,false,Rx,0,8,0D,10,83,B6,09,20,70,00,
154000,00000054,false,Rx,0,8,01,05,EF,00,D6,02,00,00,
155000,00000055,false,Rx,0,8,10,27,00,00,00,00,00,00,
0,00000056,false,Rx,0,8,10,27,00,00,00,00,00,00,
0,00000057,false,Rx,0,8,00,00,FE,FF,FE,FF,00,00,
184000,00000625,false,Rx,0,8,25,00,59,86,01,54,5C,06,
245000,0000060D,false,Rx,0,8,0D,10,83,B6,09,20,70,00,
284000,00000625,false,Rx,0,8,25,00,59,86,01,54,5C,06,
316000,000002C4,false,Rx,0,8,09,20,00,00,D6,02,00,00,
316000,000002C5,false,Rx,0,8,00,00,00,00,00,00,00,00,
316000,000002C6,false,Rx,0,8,32,00,7C,01,00,00,00,00,
345000,0000060D,false,Rx,0,8,0D,10,83,B6,09,20,70,00,
354000,00000054,false,Rx,0,8,01,05,EF,00,D6,02,00,00,
355000,00000055,false,Rx,0,8,10,27,00,00,00,00,00,00,
355000,00000056,false,Rx,0,8,10,27,00,00,00,00,00,00,
355000,00000057,false,Rx,0,8,00,00,FE,FF,FE,FF,00,00,
385000,00000625,false,Rx,0,8,25,00,59,86,01,54,5C,06,
445000,0000060D,false,Rx,0,8,0D,10,83,B6,09,20,70,00,
485000,00000625,false,Rx,0,8,25,00,59,86,01,54,5C,06,
537000,000002C4,false,Rx,0,8,09,20,00,00,D6,02,00,00,
537000,000002C5,false,Rx,0,8,00,00,00,00,00,00,00,00,
537000,000002C6,false,Rx,0,8,32,00,7C,01,00,00,00,00,
545000,0000060D,false,Rx,0,8,0D,10,83,B6,09,20,70,00,
555000,00000054,false,Rx,0,8,01,05,EF,00,D6,02,00,00,
555000,00000055,false,Rx,0,8,10,27,00,00,00,00,00,00,
555000,00000056,false,Rx,0,8,10,27,00,00,00,00,00,00,
555000,00000057,false,Rx,0,8,00,00,FE,FF,FE,FF,00,00,
585000,00000625,false,Rx,0,8,25,00,59,86,01,54,5C,06,
645000,0000060D,false,Rx,0,8,0D,10,83,B6,09,20,70,00,
685000,00000625,false,Rx,0,8,25,00,59,86,01,54,5C,06,
745000,0000060D,false,Rx,0,8,0D,10,83,B6,09,20,70,00,
754000,00000054,false,Rx,0,8,01,05,EF,00,D6,02,00,00,
755000,00000055,false,Rx,0,8,10,27,00,00,00,00,00,00,
755000,00000056,false,Rx,0,8,10,27,00,00,00,00,00,00,
755000,00000057,false,Rx,0,8,00,00,FE,FF,FE,FF,00,00,
756000,000002C4,false,Rx,0,8,09,20,00,00,D6,02,00,00,
757000,000002C5,false,Rx,0,8,00,00,00,00,00,00,00,00,
757000,000002C6,false,Rx,0,8,32,00,7C,01,00,00,00,00,
784000,00000625,false,Rx,0,8,25,00,59,86,01,54,5C,06,
845000,0000060D,false,Rx,0,8,0D,10,83,B6,09,20,70,00,
885000,00000625,false,Rx,0,8,25,00,59,86,01,54,5C,06,
944000,0000060D,false,Rx,0,8,0D,10,83,B6,09,20,70,00,
0,00000054,false,Rx,0,8,01,05,EF,00,D6,02,00,00,
0,00000055,false,Rx,0,8,10,27,00,00,00,00,00,00,
955000,00000056,false,Rx,0,8,10,27,00,00,00,00,00,00,
955000,00000057,false,Rx,0,8,00,00,FE,FF,FE,FF,00,00,
976000,000002C4,false,Rx,0,8,09,20,00,00,D6,02,00,00,
976000,000002C5,false,Rx,0,8,00,00,00,00,00,00,00,00,
976000,000002C6,false,Rx,0,8,32,00,7C,01,00,00,00,00,
985000,00000625,false,Rx,0,8,25,00,59,86,01,54,5C,06,
46000,0000060D,false,Rx,0,8,0D,10,83,B6,09,20,70,00,
85000,00000625,false,Rx,0,8,25,00,59,86,01,54,5C,06,
146000,0000060D,false,Rx,0,8,0D,10,83,B6,09,20,70,00,
154000,00000054,false,Rx,0,8,01,05,EF,00,D6,02,00,00,
155000,00000055,false,Rx,0,8,10,27,00,00,00,00,00,00,
0,00000056,false,Rx,0,8,10,27,00,00,00,00,00,00,
0,00000057,false,Rx,0,8,00,00,FE,FF,FE,FF,00,00,
184000,00000625,false,Rx,0,8,25,00,59,86,01,54,5C,06,
196000,000002C4,false,Rx,0,8,09,20,00,00,D6,02,00,00,
196000,000002C5,false,Rx,0,8,00,00,00,00,00,00,00,00,
196000,000002C6,false,Rx,0,8,32,00,7C,01,00,00,00,00,
244000,0000060D,false,Rx,0,8,0D,10,83,B6,09,20,70,00,
284000,00000625,false,Rx,0,8,25,00,59,86,01,54,5C,06,
345000,0000060D,false,Rx,0,8,0D,10,83,B6,09,20,70,00,
354000,00000054,false,Rx,0,8,01,05,EF,00,D6,02,00,00,
355000,00000055,false,Rx,0,8,10,27,00,00,00,00,00,00,
355000,00000056,false,Rx,0,8,10,27,00,00,00,00,00,00,
355000,00000057,false,Rx,0,8,00,00,FE,FF,FE,FF,00,00,
385000,00000625,false,Rx,0,8,25,00,59,86,01,54,5C,06,
417000,000002C4,false,Rx,0,8,09,20,00,00,D6,02,00,00,
417000,000002C5,false,Rx,0,8,00,00,00,00,00,00,00,00,
417000,000002C6,false,Rx,0,8,32,00,7C,01,00,00,00,00,
444000,0000060D,false,Rx,0,8,0D,10,83,B6,09,20,70,00,
485000,00000625,false,Rx,0,8,25,00,59,86,01,54,5C,06,
545000,0000060D,false,Rx,0,8,0D,10,83,B6,09,20,70,00,
555000,00000054,false,Rx,0,8,01,05,EF,00,D6,02,00,00,
555000,00000055,false,Rx,0,8,10,27,00,00,00,00,00,00,
556000,00000056,false,Rx,0,8,10,27,00,00,00,00,00,00,
556000,00000057,false,Rx,0,8,00,00,FE,FF,FE,FF,00,00,
585000,00000625,false,Rx,0,8,25,00,59,86,01,54,5C,06,
636000,000002C4,false,Rx,0,8,09,20,00,00,D6,02,00,00,
636000,000002C5,false,Rx,0,8,00,00,00,00,00,00,00,00,
636000,000002C6,false,Rx,0,8,32,00,7C,01,00,00,00,00,
645000,0000060D,false,Rx,0,8,0D,10,83,B6,09,20,70,00,
684000,00000625,false,Rx,0,8,25,00,59,86,01,54,5C,06,
745000,0000060D,false,Rx,0,8,0D,10,83,B6,09,20,70,00,
754000,00000054,false,Rx,0,8,01,05,EF,00,D6,02,00,00,
755000,00000055,false,Rx,0,8,10,27,00,00,00,00,00,00,
755000,00000056,false,Rx,0,8,10,27,00,00,00,00,00,00,
755000,00000057,false,Rx,0,8,00,00,FE,FF,FE,FF,00,00,
785000,00000625,false,Rx,0,8,25,00,59,86,01,54,5C,06,
845000,0000060D,false,Rx,0,8,0D,10,83,B6,09,20,70,00,
0,000002C4,false,Rx,0,8,09,20,00,00,D6,02,00,00,
0,000002C5,false,Rx,0,8,00,00,00,00,00,00,00,00,
856000,000002C6,false,Rx,0,8,32,00,7C,01,00,00,00,00,
885000,00000625,false,Rx,0,8,25,00,59,86,01,54,5C,06,
944000,0000060D,false,Rx,0,8,0D,10,83,B6,09,20,70,00,
955000,00000054,false,Rx,0,8,01,05,EF,00,D6,02,00,00,
955000,00000055,false,Rx,0,8,10,27,00,00,00,00,00,00,
955000,00000056,false,Rx,0,8,10,27,00,00,00,00,00,00,
955000,00000057,false,Rx,0,8,00,00,FE,FF,FE,FF,00,00,
985000,00000625,false,Rx,0,8,25,00,59,86,01,54,5C,06,
45000,0000060D,false,Rx,0,8,0D,10,83,B6,09,20,70,00,
76000,000002C4,false,Rx,0,8,09,20,00,00,D6,02,00,00,
76000,000002C5,false,Rx,0,8,00,00,00,00,00,00,00,00,
76000,000002C6,false,Rx,0,8,32,00,7C,01,00,00,00,00,
85000,00000625,false,Rx,0,8,25,00,59,86,01,54,5C,06,
145000,0000060D,false,Rx,0,8,0D,10,83,B6,09,20,70,00,
155000,00000054,false,Rx,0,8,01,05,EF,00,D6,02,00,00,
155000,00000055,false,Rx,0,8,10,27,00,00,00,00,00,00,
156000,00000056,false,Rx,0,8,10,27,00,00,00,00,00,00,
156000,00000057,false,Rx,0,8,00,00,FE,FF,FE,FF,00,00,
185000,00000625,false,Rx,0,8,25,00,59,86,01,54,5C,06,
245000,0000060D,false,Rx,0,8,0D,10,83,B6,09,20,70,00,
285000,00000625,false,Rx,0,8,25,00,59,86,01,54,5C,06,
296000,000002C4,false,Rx,0,8,09,20,00,00,D6,02,00,00,
296000,000002C5,false,Rx,0,8,00,00,00,00,00,00,00,00,
297000,000002C6,false,Rx,0,8,32,00,7C,01,00,00,00,00,
345000,0000060D,false,Rx,0,8,0D,10,83,B6,09,20,70,00,
354000,00000054,false,Rx,0,8,01,05,EF,00,D6,02,00,00,
355000,00000055,false,Rx,0,8,10,27,00,00,00,00,00,00,
355000,00000056,false,Rx,0,8,10,27,00,00,00,00,00,00,
355000,00000057,false,Rx,0,8,00,00,FE,FF,FE,FF,00,00,
385000,00000625,false,Rx,0,8,25,00,59,86,01,54,5C,06,
445000,0000060D,false,Rx,0,8,0D,10,83,B6,09,20,70,00,
485000,00000625,false,Rx,0,8,25,00,59,86,01,54,5C,06,
0,000002C4,false,Rx,0,8,09,20,00,00,D6,02,00,00,
0,000002C5,false,Rx,0,8,00,00,00,00,00,00,00,00,
0,000002C6,false,Rx,0,8,32,00,7C,01,00,00,00,00,
545000,0000060D,false,Rx,0,8,0D,10,83,B6,09,20,70,00,
554000,00000054,false,Rx,0,8,01,05,EF,00,D6,02,00,00,
554000,00000055,false,Rx,0,8,10,27,00,00,00,00,00,00,
555000,00000056,false,Rx,0,8,10,27,00,00,00,00,00,00,
555000,00000057,false,Rx,0,8,00,00,FE,FF,FE,FF,00,00,
585000,00000625,false,Rx,0,8,25,00,59,86,01,54,5C,06,
645000,0000060D,false,Rx,0,8,0D,10,83,B6,09,20,70,00,
685000,00000625,false,Rx,0,8,25,00,59,86,01,54,5C,06,
736000,000002C4,false,Rx,0,8,09,20,00,00,D6,02,00,00,
736000,000002C5,false,Rx,0,8,00,00,00,00,00,00,00,00,
736000,000002C6,false,Rx,0,8,32,00,7C,01,00,00,00,00,
745000,0000060D,false,Rx,0,8,0D,10,83,B6,09,20,70,00,
754000,00000054,false,Rx,0,8,01,05,EF,00,D6,02,00,00,
755000,00000055,false,Rx,0,8,10,27,00,00,00,00,00,00,
755000,00000056,false,Rx,0,8,10,27,00,00,00,00,00,00,
755000,00000057,false,Rx,0,8,00,00,FE,FF,FE,FF,00,00,
785000,00000625,false,Rx,0,8,25,00,59,86,01,54,5C,06,
845000,0000060D,false,Rx,0,8,0D,10,83,B6,09,20,70,00,
885000,00000625,false,Rx,0,8,25,00,59,86,01,54,5C,06,
945000,0000060D,false,Rx,0,8,0D,10,83,B6,09,20,70,00,
955000,00000054,false,Rx,0,8,01,05,EF,00,D6,02,00,00,
955000,00000055,false,Rx,0,8,10,27,00,00,00,00,00,00,
955000,00000056,false,Rx,0,8,10,27,00,00,00,00,00,00,
955000,00000057,false,Rx,0,8,00,00,FE,FF,FE,FF,00,00,
956000,000002C4,false,Rx,0,8,09,20,00,00,D6,02,00,00,
956000,000002C5,false,Rx,0,8,00,00,00,00,00,00,00,00,
956000,000002C6,false,Rx,0,8,32,00,7C,01,00,00,00,00,
985000,00000625,false,Rx,0,8,25,00,59,86,01,54,5C,06,
45000,0000060D,false,Rx,0,8,0D,10,83,B6,09,20,70,00,
85000,00000625,false,Rx,0,8,25,00,59,86,01,54,5C,06,
145000,0000060D,false,Rx,0,8,0D,10,83,B6,09,20,70,00,
154000,00000054,false,Rx,0,8,01,05,EF,00,D6,02,00,00,
155000,00000055,false,Rx,0,8,10,27,00,00,00,00,00,00,
0,00000056,false,Rx,0,8,10,27,00,00,00,00,00,00,
0,00000057,false,Rx,0,8,00,00,FE,FF,FE,FF,00,00,
176000,000002C4,false,Rx,0,8,09,20,00,00,D6,02,00,00,
177000,000002C5,false,Rx,0,8,00,00,00,00,00,00,00,00,
177000,000002C6,false,Rx,0,8,32,00,7C,01,00,00,00,00,
185000,00000625,false,Rx,0,8,25,00,59,86,01,54,5C,06,
245000,0000060D,false,Rx,0,8,0D,10,83,B6,09,20,70,00,
285000,00000625,false,Rx,0,8,25,00,59,86,01,54,5C,06,
345000,0000060D,false,Rx,0,8,0D,10,83,B6,09,20,70,00,
354000,00000054,false,Rx,0,8,01,05,EF,00,D6,02,00,00,
355000,00000055,false,Rx,0,8,10,27,00,00,00,00,00,00,
355000,00000056,false,Rx,0,8,10,27,00,00,00,00,00,00,
355000,00000057,false,Rx,0,8,00,00,FE,FF,FE,FF,00,00,
384000,00000625,false,Rx,0,8,25,00,59,86,01,54,5C,06,
396000,000002C4,false,Rx,0,8,09,20,00,00,D6,02,00,00,
396000,000002C5,false,Rx,0,8,00,00,00,00,00,00,00,00,
396000,000002C6,false,Rx,0,8,32,00,7C,01,00,00,00,00,
445000,0000060D,false,Rx,0,8,0D,10,83,B6,09,20,70,00,
485000,00000625,false,Rx,0,8,25,00,59,86,01,54,5C,06,
544000,0000060D,false,Rx,0,8,0D,10,83,B6,09,20,70,00,
555000,00000054,false,Rx,0,8,01,05,EF,00,D6,02,00,00,
555000,00000055,false,Rx,0,8,10,27,00,00,00,00,00,00,
555000,00000056,false,Rx,0,8,10,27,00,00,00,00,00,00,
555000,00000057,false,Rx,0,8,00,00,FE,FF,FE,FF,00,00,
585000,00000625,false,Rx,0,8,25,00,59,86,01,54,5C,06,
616000,000002C4,false,Rx,0,8,09,20,00,00,D6,02,00,00,
616000,000002C5,false,Rx,0,8,00,00,00,00,00,00,00,00,
616000,000002C6,false,Rx,0,8,32,00,7C,01,00,00,00,00,
645000,0000060D,false,Rx,0,8,0D,10,83,B6,09,20,70,00,
685000,00000625,false,Rx,0,8,25,00,59,86,01,54,5C,06,
745000,0000060D,false,Rx,0,8,0D,10,83,B6,09,20,70,00,
754000,00000054,false,Rx,0,8,01,05,EF,00,D6,02,00,00,
754000,00000055,false,Rx,0,8,10,27,00,00,00,00,00,00,
755000,00000056,false,Rx,0,8,10,27,00,00,00,00,00,00,
755000,00000057,false,Rx,0,8,00,00,FE,FF,FE,FF,00,00,
785000,00000625,false,Rx,0,8,25,00,59,86,01,54,5C,06,
836000,000002C4,false,Rx,0,8,09,20,00,00,D6,02,00,00,
836000,000002C5,false,Rx,0,8,00,00,00,00,00,00,00,00,
836000,000002C6,false,Rx,0,8,32,00,7C,01,00,00,00,00,
844000,0000060D,false,Rx,0,8,0D,10,83,B6,09,20,70,00,
885000,00000625,false,Rx,0,8,25,00,59,86,01,54,5C,06,
945000,0000060D,false,Rx,0,8,0D,10,83,B6,09,20,70,00,
0,00000054,false,Rx,0,8,01,05,EF,00,D6,02,00,00,
0,00000055,false,Rx,0,8,10,27,00,00,00,00,00,00,
955000,00000056,false,Rx,0,8,10,27,00,00,00,00,00,00,
955000,00000057,false,Rx,0,8,00,00,FE,FF,FE,FF,00,00,
985000,00000625,false,Rx,0,8,25,00,59,86,01,54,5C,06,
45000,0000060D,false,Rx,0,8,0D,10,83,B6,09,20,70,00,
56000,000002C4,false,Rx,0,8,09,20,00,00,D6,02,00,00,
57000,000002C5,false,Rx,0,8,00,00,00,00,00,00,00,00,
57000,000002C6,false,Rx,0,8,32,00,7C,01,00,00,00,00,
85000,00000625,false,Rx,0,8,25,00,59,86,01,54,5C,06,
145000,0000060D,false,Rx,0,8,0D,10,83,B6,09,20,70,00,
154000,00000054,false,Rx,0,8,01,05,EF,00,D6,02,00,00,
155000,00000055,false,Rx,0,8,10,27,00,00,00,00,00,00,
155000,00000056,false,Rx,0,8,10,27,00,00,00,00,00,00,
156000,00000057,false,Rx,0,8,00,00,FE,FF,FE,FF,00,00,
185000,00000625,false,Rx,0,8,25,00,59,86,01,54,5C,06,
245000,0000060D,false,Rx,0,8,0D,10,83,B6,09,20,70,00,
276000,000002C4,false,Rx,0,8,09,20,00,00,D6,02,00,00,
276000,000002C5,false,Rx,0,8,00,00,00,00,00,00,00,00,
277000,000002C6,false,Rx,0,8,32,00,7C,01,00,00,00,00,
285000,00000625,false,Rx,0,8,25,00,59,86,01,54,5C,06,
345000,0000060D,false,Rx,0,8,0D,10,83,B6,09,20,70,00,
355000,00000054,false,Rx,0,8,01,05,EF,00,D6,02,00,00,
355000,00000055,false,Rx,0,8,10,27,00,00,00,00,00,00,
355000,00000056,false,Rx,0,8,10,27,00,00,00,00,00,00,
355000,00000057,false,Rx,0,8,00,00,FE,FF,FE,FF,00,00,
385000,00000625,false,Rx,0,8,25,00,59,86,01,54,5C,06,
445000,0000060D,false,Rx,0,8,0D,10,83,B6,09,20,70,00,
486000,00000625,false,Rx,0,8,25,00,59,86,01,54,5C,06,
496000,000002C4,false,Rx,0,8,09,20,00,00,D6,02,00,00,
496000,000002C5,false,Rx,0,8,00,00,00,00,00,00,00,00,
496000,000002C6,false,Rx,0,8,32,00,7C,01,00,00,00,00,
545000,0000060D,false,Rx,0,8,0D,10,83,B6,09,20,70,00,
554000,00000054,false,Rx,0,8,01,05,EF,00,D6,02,00,00,
554000,00000055,false,Rx,0,8,10,27,00,00,00,00,00,00,
555000,00000056,false,Rx,0,8,10,27,00,00,00,00,00,00,
555000,00000057,false,Rx,0,8,00,00,FE,FF,FE,FF,00,00,
585000,00000625,false,Rx,0,8,25,00,59,86,01,54,5C,06,
645000,0000060D,false,Rx,0,8,0D,10,83,B6,09,20,70,00,
685000,00000625,false,Rx,0,8,25,00,59,86,01,54,5C,06,
716000,000002C4,false,Rx,0,8,09,20,00,00,D6,02,00,00,
716000,000002C5,false,Rx,0,8,00,00,00,00,00,00,00,00,
716000,000002C6,false,Rx,0,8,32,00,7C,01,00,00,00,00,
745000,0000060D,false,Rx,0,8,0D,10,83,B6,09,20,70,00,
0,00000054,false,Rx,0,8,01,05,EF,00,D6,02,00,00,
0,00000055,false,Rx,0,8,10,27,00,00,00,00,00,00,
0,00000056,false,Rx,0,8,10,27,00,00,00,00,00,00,
0,00000057,false,Rx,0,8,00,00,FE,FF,FE,FF,00,00,
785000,00000625,false,Rx,0,8,25,00,59,86,01,54,5C,06,
845000,0000060D,false,Rx,0,8,0D,10,83,B6,09,20,70,00,
885000,00000625,false,Rx,0,8,25,00,59,86,01,54,5C,06,
936000,000002C4,false,Rx,0,8,09,20,00,00,D6,02,00,00,
936000,000002C5,false,Rx,0,8,00,00,00,00,00,00,00,00,
936000,000002C6,false,Rx,0,8,32,00,7C,01,00,00,00,00,
944000,0000060D,false,Rx,0,8,0D,10,83,B6,09,20,70,00,
955000,00000054,false,Rx,0,8,01,05,EF,00,D6,02,00,00,
955000,00000055,false,Rx,0,8,10,27,00,00,00,00,00,00,
0,00000056,false,Rx,0,8,10,27,00,00,00,00,00,00,
0,00000057,false,Rx,0,8,00,00,FE,FF,FE,FF,00,00,
985000,00000625,false,Rx,0,8,25,00,59,86,01,54,5C,06,
45000,0000060D,false,Rx,0,8,0D,10,83,B6,09,20,70,00,
85000,00000625,false,Rx,0,8,25,00,59,86,01,54,5C,06,
144000,0000060D,false,Rx,0,8,0D,10,83,B6,09,20,70,00,
155000,00000054,false,Rx,0,8,01,05,EF,00,D6,02,00,00,
155000,00000055,false,Rx,0,8,10,27,00,00,00,00,00,00,
0,00000056,false,Rx,0,8,10,27,00,00,00,00,00,00,
0,00000057,false,Rx,0,8,00,00,FE,FF,FE,FF,00,00,
0,000002C4,false,Rx,0,8,09,20,00,00,D6,02,00,00,
0,000002C5,false,Rx,0,8,00,00,00,00,00,00,00,00,
157000,000002C6,false,Rx,0,8,32,00,7C,01,00,00,00,00,
185000,00000625,false,Rx,0,8,25,00,59,86,01,54,5C,06,
245000,0000060D,false,Rx,0,8,0D,10,83,B6,09,20,70,00,
285000,00000625,false,Rx,0,8,25,00,59,86,01,54,5C,06,
345000,0000060D,false,Rx,0,8,0D,10,83,B6,09,20,70,00,
355000,00000054,false,Rx,0,8,01,05,EF,00,D6,02,00,00,
355000,00000055,false,Rx,0,8,10,27,00,00,00,00,00,00,
355000,00000056,false,Rx,0,8,10,27,00,00,00,00,00,00,
355000,00000057,false,Rx,0,8,00,00,FE,FF,FE,FF,00,00,
377000,000002C4,false,Rx,0,8,09,20,00,00,D6,02,00,00,
377000,000002C5,false,Rx,0,8,00,00,00,00,00,00,00,00,
377000,000002C6,false,Rx,0,8,32,00,7C,01,00,00,00,00,
385000,00000625,false,Rx,0,8,25,00,59,86,01,54,5C,06,
445000,0000060D,false,Rx,0,8,0D,10,83,B6,09,20,70,00,
485000,00000625,false,Rx,0,8,25,00,59,86,01,54,5C,06,
544000,0000060D,false,Rx,0,8,0D,10,83,B6,09,20,70,00,
555000,00000054,false,Rx,0,8,01,05,EF,00,D6,02,00,00,
555000,00000055,false,Rx,0,8,10,27,00,00,00,00,00,00,
555000,00000056,false,Rx,0,8,10,27,00,00,00,00,00,00,
555000,00000057,false,Rx,0,8,00,00,FE,FF,FE,FF,00,00,
585000,00000625,false,Rx,0,8,25,00,59,86,01,54,5C,06,
597000,000002C4,false,Rx,0,8,09,20,00,00,D6,02,00,00,
597000,000002C5,false,Rx,0,8,00,00,00,00,00,00,00,00,
597000,000002C6,false,Rx,0,8,32,00,7C,01,00,00,00,00,
645000,0000060D,false,Rx,0,8,0D,10,83,B6,09,20,70,00,
685000,00000625,false,Rx,0,8,25,00,59,86,01,54,5C,06,
745000,0000060D,false,Rx,0,8,0D,10,83,B6,09,20,70,00,
754000,00000054,false,Rx,0,8,01,05,EF,00,D6,02,00,00,
754000,00000055,false,Rx,0,8,10,27,00,00,00,00,00,00,
755000,00000056,false,Rx,0,8,10,27,00,00,00,00,00,00,
755000,00000057,false,Rx,0,8,00,00,FE,FF,FE,FF,00,00,
785000,00000625,false,Rx,0,8,25,00,59,86,01,54,5C,06,
0,000002C4,false,Rx,0,8,09,20,00,00,D6,02,00,00,
0,000002C5,false,Rx,0,8,00,00,00,00,00,00,00,00,
816000,000002C6,false,Rx,0,8,32,00,7C,01,00,00,00,00,
844000,0000060D,false,Rx,0,8,0D,10,83,B6,09,20,70,00,
885000,00000625,false,Rx,0,8,25,00,59,86,01,54,5C,06,
945000,0000060D,false,Rx,0,8,0D,10,83,B6,09,20,70,00,
0,00000054,false,Rx,0,8,01,05,EF,00,D6,02,00,00,
0,00000055,false,Rx,0,8,10,27,00,00,00,00,00,00,
955000,00000056,false,Rx,0,8,10,27,00,00,00,00,00,00,
956000,00000057,false,Rx,0,8,00,00,FE,FF,FE,FF,00,00,
985000,00000625,false,Rx,0,8,25,00,59,86,01,54,5C,06,
36000,000002C4,false,Rx,0,8,09,20,00,00,D6,02,00,00,
36000,000002C5,false,Rx,0,8,00,00,00,00,00,00,00,00,
37000,000002C6,false,Rx,0,8,32,00,7C,01,00,00,00,00,
45000,0000060D,false,Rx,0,8,0D,10,83,B6,09,20,70,00,
85000,00000625,false,Rx,0,8,25,00,59,86,01,54,5C,06,
145000,0000060D,false,Rx,0,8,0D,10,83,B6,09,20,70,00,
154000,00000054,false,Rx,0,8,01,05,EF,00,D6,02,00,00,
154000,00000055,false,Rx,0,8,10,27,00,00,00,00,00,00,
0,00000056,false,Rx,0,8,10,27,00,00,00,00,00,00,
0,00000057,false,Rx,0,8,00,00,FE,FF,FE,FF,00,00,
185000,00000625,false,Rx,0,8,25,00,59,86,01,54,5C,06,
245000,0000060D,false,Rx,0,8,0D,10,83,B6,09,20,70,00,
257000,000002C4,false,Rx,0,8,09,20,00,00,D6,02,00,00,
0,000002C5,false,Rx,0,8,00,00,00,00,00,00,00,00,
0,000002C6,false,Rx,0,8,32,00,7C,01,00,00,00,00,
285000,00000625,false,Rx,0,8,25,00,59,86,01,54,5C,06,
345000,0000060D,false,Rx,0,8,0D,10,83,B6,09,20,70,00,
354000,00000054,false,Rx,0,8,01,05,EF,00,D6,02,00,00,
354000,00000055,false,Rx,0,8,10,27,00,00,00,00,00,00,
355000,00000056,false,Rx,0,8,10,27,00,00,00,00,00,00,
355000,00000057,false,Rx,0,8,00,00,FE,FF,FE,FF,00,00,
385000,00000625,false,Rx,0,8,25,00,59,86,01,54,5C,06,
444000,0000060D,false,Rx,0,8,0D,10,83,B6,09,20,70,00,
476000,000002C4,false,Rx,0,8,09,20,00,00,D6,02,00,00,
476000,000002C5,false,Rx,0,8,00,00,00,00,00,00,00,00,
476000,000002C6,false,Rx,0,8,32,00,7C,01,00,00,00,00,
485000,00000625,false,Rx,0,8,25,00,59,86,01,54,5C,06,
545000,0000060D,false,Rx,0,8,0D,10,83,B6,09,20,70,00,
554000,00000054,false,Rx,0,8,01,05,EF,00,D6,02,00,00,
555000,00000055,false,Rx,0,8,10,27,00,00,00,00,00,00,
555000,00000056,false,Rx,0,8,10,27,00,00,00,00,00,00,
555000,00000057,false,Rx,0,8,00,00,FE,FF,FE,FF,00,00,
585000,00000625,false,Rx,0,8,25,00,59,86,01,54,5C,06,
645000,0000060D,false,Rx,0,8,0D,10,83,B6,09,20,70,00,
685000,00000625,false,Rx,0,8,25,00,59,86,01,54,5C,06,
696000,000002C4,false,Rx,0,8,09,20,00,00,D6,02,00,00,
696000,000002C5,false,Rx,0,8,00,00,00,00,00,00,00,00,
696000,000002C6,false,Rx,0,8,32,00,7C,01,00,00,00,00,
745000,0000060D,false,Rx,0,8,0D,10,83,B6,09,20,70,00,
0,00000054,false,Rx,0,8,01,05,EF,00,D6,02,00,00,
0,00000055,false,Rx,0,8,10,27,00,00,00,00,00,00,
0,00000056,false,Rx,0,8,10,27,00,00,00,00,00,00,
0,00000057,false,Rx,0,8,00,00,FE,FF,FE,FF,00,00,
785000,00000625,false,Rx,0,8,25,00,59,86,01,54,5C,06,
845000,0000060D,false,Rx,0,8,0D,10,83,B6,09,20,70,00,
885000,00000625,false,Rx,0,8,25,00,59,86,01,54,5C,06,
917000,000002C4,false,Rx,0,8,09,20,00,00,D6,02,00,00,
917000,000002C5,false,Rx,0,8,00,00,00,00,00,00,00,00,
917000,000002C6,false,Rx,0,8,32,00,7C,01,00,00,00,00,
944000,0000060D,false,Rx,0,8,0D,10,83,B6,09,20,70,00,
0,00000054,false,Rx,0,8,01,05,EF,00,D6,02,00,00,
0,00000055,false,Rx,0,8,10,27,00,00,00,00,00,00,
0,00000056,false,Rx,0,8,10,27,00,00,00,00,00,00,
956000,00000057,false,Rx,0,8,00,00,FE,FF,FE,FF,00,00,
986000,00000625,false,Rx,0,8,25,00,59,86,01,54,5C,06,
45000,0000060D,false,Rx,0,8,0D,10,83,B6,09,20,70,00,
86000,00000625,false,Rx,0,8,25,00,59,86,01,54,5C,06,
136000,000002C4,false,Rx,0,8,09,20,00,00,D6,02,00,00,
136000,000002C5,false,Rx,0,8,00,00,00,00,00,00,00,00,
136000,000002C6,false,Rx,0,8,32,00,7C,01,00,00,00,00,
145000,0000060D,false,Rx,0,8,0D,10,83,B6,09,20,70,00,
0,00000054,false,Rx,0,8,01,05,EF,00,D6,02,00,00,
0,00000055,false,Rx,0,8,10,27,00,00,00,00,00,00,
155000,00000056,false,Rx,0,8,10,27,00,00,00,00,00,00,
155000,00000057,false,Rx,0,8,00,00,FE,FF,FE,FF,00,00,
184000,00000625,false,Rx,0,8,25,00,59,86,01,54,5C,06,
245000,0000060D,false,Rx,0,8,0D,10,83,B6,09,20,70,00,
285000,00000625,false,Rx,0,8,25,00,59,86,01,54,5C,06,
345000,0000060D,false,Rx,0,8,0D,10,83,B6,09,20,70,00,
355000,00000054,false,Rx,0,8,01,05,EF,00,D6,02,00,00,
355000,00000055,false,Rx,0,8,10,27,00,00,00,00,00,00,
355000,00000056,false,Rx,0,8,10,27,00,00,00,00,00,00,
355000,00000057,false,Rx,0,8,00,00,FE,FF,FE,FF,00,00,
356000,000002C4,false,Rx,0,8,09,20,00,00,D6,02,00,00,
356000,000002C5,false,Rx,0,8,00,00,00,00,00,00,00,00,
357000,000002C6,false,Rx,0,8,32,00,7C,01,00,00,00,00,
385000,00000625,false,Rx,0,8,25,00,59,86,01,54,5C,06,
445000,0000060D,false,Rx,0,8,0D,10,83,B6,09,20,70,00,
485000,00000625,false,Rx,0,8,25,00,59,86,01,54,5C,06,
546000,0000060D,false,Rx,0,8,0D,10,83,B6,09,20,70,00,
555000,00000054,false,Rx,0,8,01,05,EF,00,D6,02,00,00,
555000,00000055,false,Rx,0,8,10,27,00,00,00,00,00,00,
555000,00000056,false,Rx,0,8,10,27,00,00,00,00,00,00,
555000,00000057,false,Rx,0,8,00,00,FE,FF,FE,FF,00,00,
577000,000002C4,false,Rx,0,8,09,20,00,00,D6,02,00,00,
577000,000002C5,false,Rx,0,8,00,00,00,00,00,00,00,00,
577000,000002C6,false,Rx,0,8,32,00,7C,01,00,00,00,00,
585000,00000625,false,Rx,0,8,25,00,59,86,01,54,5C,06,
644000,0000060D,false,Rx,0,8,0D,10,83,B6,09,20,70,00,
685000,00000625,false,Rx,0,8,25,00,59,86,01,54,5C,06,
745000,0000060D,false,Rx,0,8,0D,10,83,B6,09,20,70,00,
755000,00000054,false,Rx,0,8,01,05,EF,00,D6,02,00,00,
755000,00000055,false,Rx,0,8,10,27,00,00,00,00,00,00,
755000,00000056,false,Rx,0,8,10,27,00,00,00,00,00,00,
755000,00000057,false,Rx,0,8,00,00,FE,FF,FE,FF,00,00,
784000,00000625,false,Rx,0,8,25,00,59,86,01,54,5C,06,
0,000002C4,false,Rx,0,8,09,20,00,00,D6,02,00,00,
0,000002C5,false,Rx,0,8,00,00,00,00,00,00,00,00,
796000,000002C6,false,Rx,0,8,32,00,7C,01,00,00,00,00,
845000,0000060D,false,Rx,0,8,0D,10,83,B6,09,20,70,00,
886000,00000625,false,Rx,0,8,25,00,59,86,01,54,5C,06,
945000,0000060D,false,Rx,0,8,0D,10,83,B6,09,20,70,00,
0,00000054,false,Rx,0,8,01,05,EF,00,D6,02,00,00,
0,00000055,false,Rx,0,8,10,27,00,00,00,00,00,00,
955000,00000056,false,Rx,0,8,10,27,00,00,00,00,00,00,
955000,00000057,false,Rx,0,8,00,00,FE,FF,FE,FF,00,00,
985000,00000625,false,Rx,0,8,25,00,59,86,01,54,5C,06,
0,000002C4,false,Rx,0,8,09,20,00,00,D6,02,00,00,
0,000002C5,false,Rx,0,8,00,00,00,00,00,00,00,00,
18000,000002C6,false,Rx,0,8,32,00,7C,01,00,00,00,00,
45000,0000060D,false,Rx,0,8,0D,10,83,B6,09,20,70,00,
85000,00000625,false,Rx,0,8,25,00,59,86,01,54,5C,06,
145000,0000060D,false,Rx,0,8,0D,10,83,B6,09,20,70,00,
155000,00000054,false,Rx,0,8,01,05,EF,00,D6,02,00,00,
155000,00000055,false,Rx,0,8,10,27,00,00,00,00,00,00,
155000,00000056,false,Rx,0,8,10,27,00,00,00,00,00,00,
155000,00000057,false,Rx,0,8,00,00,FE,FF,FE,FF,00,00,
185000,00000625,false,Rx,0,8,25,00,59,86,01,54,5C,06,
0,000002C4,false,Rx,0,8,09,20,00,00,D6,02,00,00,
0,000002C5,false,Rx,0,8,00,00,00,00,00,00,00,00,
236000,000002C6,false,Rx,0,8,32,00,7C,01,00,00,00,00,
244000,0000060D,false,Rx,0,8,0D,10,83,B6,09,20,70,00,
285000,00000625,false,Rx,0,8,25,00,59,86,01,54,5C,06,
345000,0000060D,false,Rx,0,8,0D,10,83,B6,09,20,70,00,
355000,00000054,false,Rx,0,8,01,05,EF,00,D6,02,00,00,
355000,00000055,false,Rx,0,8,10,27,00,00,00,00,00,00,
355000,00000056,false,Rx,0,8,10,27,00,00,00,00,00,00,
355000,00000057,false,Rx,0,8,00,00,FE,FF,FE,FF,00,00,
385000,00000625,false,Rx,0,8,25,00,59,86,01,54,5C,06,
445000,0000060D,false,Rx,0,8,0D,10,83,B6,09,20,70,00,
456000,000002C4,false,Rx,0,8,09,20,00,00,D6,02,00,00,
456000,000002C5,false,Rx,0,8,00,00,00,00,00,00,00,00,
456000,000002C6,false,Rx,0,8,32,00,7C,01,00,00,00,00,
485000,00000625,false,Rx,0,8,25,00,59,86,01,54,5C,06,
545000,0000060D,false,Rx,0,8,0D,10,83,B6,09,20,70,00,
554000,00000054,false,Rx,0,8,01,05,EF,00,D6,02,00,00,
555000,00000055,false,Rx,0,8,10,27,00,00,00,00,00,00,
0,00000056,false,Rx,0,8,10,27,00,00,00,00,00,00,
0,00000057,false,Rx,0,8,00,00,FE,FF,FE,FF,00,00,
585000,00000625,false,Rx,0,8,25,00,59,86,01,54,5C,06,
644000,0000060D,false,Rx,0,8,0D,10,83,B6,09,20,70,00,
676000,000002C4,false,Rx,0,8,09,20,00,00,D6,02,00,00,
676000,000002C5,false,Rx,0,8,00,00,00,00,00,00,00,00,
676000,000002C6,false,Rx,0,8,32,00,7C,01,00,00,00,00,
685000,00000625,false,Rx,0,8,25,00,59,86,01,54,5C,06,
745000,0000060D,false,Rx,0,8,0D,10,83,B6,09,20,70,00,
754000,00000054,false,Rx,0,8,01,05,EF,00,D6,02,00,00,
755000,00000055,false,Rx,0,8,10,27,00,00,00,00,00,00,
755000,00000056,false,Rx,0,8,10,27,00,00,00,00,00,00,
755000,00000057,false,Rx,0,8,00,00,FE,FF,FE,FF,00,00,
785000,00000625,false,Rx,0,8,25,00,59,86,01,54,5C,06,
844000,0000060D,false,Rx,0,8,0D,10,83,B6,09,20,70,00,
884000,00000625,false,Rx,0,8,25,00,59,86,01,54,5C,06,
896000,000002C4,false,Rx,0,8,09,20,00,00,D6,02,00,00,
896000,000002C5,false,Rx,0,8,00,00,00,00,00,00,00,00,
896000,000002C6,false,Rx,0,8,32,00,7C,01,00,00,00,00,
945000,0000060D,false,Rx,0,8,0D,10,83,B6,09,20,70,00,
955000,00000054,false,Rx,0,8,01,05,EF,00,D6,02,00,00,
955000,00000055,false,Rx,0,8,10,27,00,00,00,00,00,00,
955000,00000056,false,Rx,0,8,10,27,00,00,00,00,00,00,
955000,00000057,false,Rx,0,8,00,00,FE,FF,FE,FF,00,00,
986000,00000625,false,Rx,0,8,25,00,59,86,01,54,5C,06,
45000,0000060D,false,Rx,0,8,0D,10,83,B6,09,20,70,00,
84000,00000625,false,Rx,0,8,25,00,59,86,01,54,5C,06,
116000,000002C4,false,Rx,0,8,09,20,00,00,D6,02,00,00,
116000,000002C5,false,Rx,0,8,00,00,00,00,00,00,00,00,
116000,000002C6,false,Rx,0,8,32,00,7C,01,00,00,00,00,
144000,0000060D,false,Rx,0,8,0D,10,83,B6,09,20,70,00,
155000,00000054,false,Rx,0,8,01,05,EF,00,D6,02,00,00,
155000,00000055,false,Rx,0,8,10,27,00,00,00,00,00,00,
155000,00000056,false,Rx,0,8,10,27,00,00,00,00,00,00,
155000,00000057,false,Rx,0,8,00,00,FE,FF,FE,FF,00,00,
184000,00000625,false,Rx,0,8,25,00,59,86,01,54,5C,06,
245000,0000060D,false,Rx,0,8,0D,10,83,B6,09,20,70,00,
285000,00000625,false,Rx,0,8,25,00,59,86,01,54,5C,06,
0,000002C4,false,Rx,0,8,09,20,00,00,D6,02,00,00,
0,000002C5,false,Rx,0,8,00,00,00,00,00,00,00,00,
336000,000002C6,false,Rx,0,8,32,00,7C,01,00,00,00,00,
345000,0000060D,false,Rx,0,8,0D,10,83,B6,09,20,70,00,
355000,00000054,false,Rx,0,8,01,05,EF,00,D6,02,00,00,
355000,00000055,false,Rx,0,8,10,27,00,00,00,00,00,00,
355000,00000056,false,Rx,0,8,10,27,00,00,00,00,00,00,
355000,00000057,false,Rx,0,8,00,00,FE,FF,FE,FF,00,00,
385000,00000625,false,Rx,0,8,25,00,59,86,01,54,5C,06,
444000,0000060D,false,Rx,0,8,0D,10,83,B6,09,20,70,00,
485000,00000625,false,Rx,0,8,25,00,59,86,01,54,5C,06,
545000,0000060D,false,Rx,0,8,0D,10,83,B6,09,20,70,00,
0,00000054,false,Rx,0,8,01,05,EF,00,D6,02,00,00,
0,00000055,false,Rx,0,8,10,27,00,00,00,00,00,00,
555000,00000056,false,Rx,0,8,10,27,00,00,00,00,00,00,
556000,00000057,false,Rx,0,8,00,00,FE,FF,FE,FF,00,00,
556000,000002C4,false,Rx,0,8,09,20,00,00,D6,02,00,00,
556000,000002C5,false,Rx,0,8,00,00,00,00,00,00,00,00,
557000,000002C6,false,Rx,0,8,32,00,7C,01,00,00,00,00,
585000,00000625,false,Rx,0,8,25,00,59,86,01,54,5C,06,
645000,0000060D,false,Rx,0,8,0D,10,83,B6,09,20,70,00,
685000,00000625,false,Rx,0,8,25,00,59,86,01,54,5C,06,
745000,0000060D,false,Rx,0,8,0D,10,83,B6,09,20,70,00,
0,00000054,false,Rx,0,8,01,05,EF,00,D6,02,00,00,
0,00000055,false,Rx,0,8,10,27,00,00,00,00,00,00,
755000,00000056,false,Rx,0,8,10,27,00,00,00,00,00,00,
756000,00000057,false,Rx,0,8,00,00,FE,FF,FE,FF,00,00,
776000,000002C4,false,Rx,0,8,09,20,00,00,D6,02,00,00,
777000,000002C5,false,Rx,0,8,00,00,00,00,00,00,00,00,
777000,000002C6,false,Rx,0,8,32,00,7C,01,00,00,00,00,
785000,00000625,false,Rx,0,8,25,00,59,86,01,54,5C,06,
845000,0000060D,false,Rx,0,8,0D,10,83,B6,09,20,70,00,
885000,00000625,false,Rx,0,8,25,00,59,86,01,54,5C,06,
944000,0000060D,false,Rx,0,8,0D,10,83,B6,09,20,70,00,
0,00000054,false,Rx,0,8,01,05,EF,00,D6,02,00,00,
0,00000055,false,Rx,0,8,10,27,00,00,00,00,00,00,
0,00000056,false,Rx,0,8,10,27,00,00,00,00,00,00,
956000,00000057,false,Rx,0,8,00,00,FE,FF,FE,FF,00,00,
985000,00000625,false,Rx,0,8,25,00,59,86,01,54,5C,06,
996000,000002C4,false,Rx,0,8,09,20,00,00,D6,02,00,00,
996000,000002C5,false,Rx,0,8,00,00,00,00,00,00,00,00,
996000,000002C6,false,Rx,0,8,32,00,7C,01,00,00,00,00,
45000,0000060D,false,Rx,0,8,0D,10,83,B6,09,20,70,00,
85000,00000625,false,Rx,0,8,25,00,59,86,01,54,5C,06,
144000,0000060D,false,Rx,0,8,0D,10,83,B6,09,20,70,00,
155000,00000054,false,Rx,0,8,01,05,EF,00,D6,02,00,00,
155000,00000055,false,Rx,0,8,10,27,00,00,00,00,00,00,
155000,00000056,false,Rx,0,8,10,27,00,00,00,00,00,00,
155000,00000057,false,Rx,0,8,00,00,FE,FF,FE,FF,00,00,
185000,00000625,false,Rx,0,8,25,00,59,86,01,54,5C,06,
216000,000002C4,false,Rx,0,8,09,20,00,00,D6,02,00,00,
216000,000002C5,false,Rx,0,8,00,00,00,00,00,00,00,00,
216000,000002C6,false,Rx,0,8,32,00,7C,01,00,00,00,00,
245000,0000060D,false,Rx,0,8,0D,10,83,B6,09,20,70,00,
285000,00000625,false,Rx,0,8,25,00,59,86,01,54,5C,06,
345000,0000060D,false,Rx,0,8,0D,10,83,B6,09,20,70,00,
355000,00000054,false,Rx,0,8,01,05,EF,00,D6,02,00,00,
355000,00000055,false,Rx,0,8,10,27,00,00,00,00,00,00,
355000,00000056,false,Rx,0,8,10,27,00,00,00,00,00,00,
356000,00000057,false,Rx,0,8,00,00,FE,FF,FE,FF,00,00,
385000,00000625,false,Rx,0,8,25,00,59,86,01,54,5C,06,
436000,000002C4,false,Rx,0,8,09,20,00,00,D6,02,00,00,
436000,000002C5,false,Rx,0,8,00,00,00,00,00,00,00,00,
436000,000002C6,false,Rx,0,8,32,00,7C,01,00,00,00,00,
446000,0000060D,false,Rx,0,8,0D,10,83,B6,09,20,70,00,
485000,00000625,false,Rx,0,8,25,00,59,86,01,54,5C,06,
545000,0000060D,false,Rx,0,8,0D,10,83,B6,09,20,70,00,
0,00000054,false,Rx,0,8,01,05,EF,00,D6,02,00,00,
0,00000055,false,Rx,0,8,10,27,00,00,00,00,00,00,
0,00000056,false,Rx,0,8,10,27,00,00,00,00,00,00,
0,00000057,false,Rx,0,8,00,00,FE,FF,FE,FF,00,00,
585000,00000625,false,Rx,0,8,25,00,59,86,01,54,5C,06,
644000,0000060D,false,Rx,0,8,0D,10,83,B6,09,20,70,00,
656000,000002C4,false,Rx,0,8,09,20,00,00,D6,02,00,00,
656000,000002C5,false,Rx,0,8,00,00,00,00,00,00,00,00,
657000,000002C6,false,Rx,0,8,32,00,7C,01,00,00,00,00,
685000,00000625,false,Rx,0,8,25,00,59,86,01,54,5C,06,
745000,0000060D,false,Rx,0,8,0D,10,83,B6,09,20,70,00,
0,00000054,false,Rx,0,8,01,05,EF,00,D6,02,00,00,
0,00000055,false,Rx,0,8,10,27,00,00,00,00,00,00,
755000,00000056,false,Rx,0,8,10,27,00,00,00,00,00,00,
755000,00000057,false,Rx,0,8,00,00,FE,FF,FE,FF,00,00,
785000,00000625,false,Rx,0,8,25,00,59,86,01,54,5C,06,
845000,0000060D,false,Rx,0,8,0D,10,83,B6,09,20,70,00,
876000,000002C4,false,Rx,0,8,09,20,00,00,D6,02,00,00,
876000,000002C5,false,Rx,0,8,00,00,00,00,00,00,00,00,
876000,000002C6,false,Rx,0,8,32,00,7C,01,00,00,00,00,
885000,00000625,false,Rx,0,8,25,00,59,86,01,54,5C,06,
945000,0000060D,false,Rx,0,8,0D,10,83,B6,09,20,70,00,
0,00000054,false,Rx,0,8,01,05,EF,00,D6,02,00,00,
0,00000055,false,Rx,0,8,10,27,00,00,00,00,00,00,
955000,00000056,false,Rx,0,8,10,27,00,00,00,00,00,00,
955000,00000057,false,Rx,0,8,00,00,FE,FF,FE,FF,00,00,
985000,00000625,false,Rx,0,8,25,00,59,86,01,54,5C,06,
45000,0000060D,false,Rx,0,8,0D,10,83,B6,09,20,70,00,
85000,00000625,false,Rx,0,8,25,00,59,86,01,54,5C,06,
0,000002C4,false,Rx,0,8,09,20,00,00,D6,02,00,00,
0,000002C5,false,Rx,0,8,00,00,00,00,00,00,00,00,
97000,000002C6,false,Rx,0,8,32,00,7C,01,00,00,00,00,
145000,0000060D,false,Rx,0,8,0D,10,83,B6,09,20,70,00,
0,00000054,false,Rx,0,8,01,05,EF,00,D6,02,00,00,
0,00000055,false,Rx,0,8,10,27,00,00,00,00,00,00,
156000,00000056,false,Rx,0,8,10,27,00,00,00,00,00,00,
156000,00000057,false,Rx,0,8,00,00,FE,FF,FE,FF,00,00,
185000,00000625,false,Rx,0,8,25,00,59,86,01,54,5C,06,
245000,0000060D,false,Rx,0,8,0D,10,83,B6,09,20,70,00,
285000,00000625,false,Rx,0,8,25,00,59,86,01,54,5C,06,
317000,000002C4,false,Rx,0,8,09,20,00,00,D6,02,00,00,
317000,000002C5,false,Rx,0,8,00,00,00,00,00,00,00,00,
317000,000002C6,false,Rx,0,8,32,00,7C,01,00,00,00,00,
345000,0000060D,false,Rx,0,8,0D,10,83,B6,09,20,70,00,
355000,00000054,false,Rx,0,8,01,05,EF,00,D6,02,00,00,
355000,00000055,false,Rx,0,8,10,27,00,00,00,00,00,00,
355000,00000056,false,Rx,0,8,10,27,00,00,00,00,00,00,
355000,00000057,false,Rx,0,8,00,00,FE,FF,FE,FF,00,00,
385000,00000625,false,Rx,0,8,25,00,59,86,01,54,5C,06,
445000,0000060D,false,Rx,0,8,0D,10,83,B6,09,20,70,00,
485000,00000625,false,Rx,0,8,25,00,59,86,01,54,5C,06,
536000,000002C4,false,Rx,0,8,09,20,00,00,D6,02,00,00,
536000,000002C5,false,Rx,0,8,00,00,00,00,00,00,00,00,
537000,000002C6,false,Rx,0,8,32,00,7C,01,00,00,00,00,
545000,0000060D,false,Rx,0,8,0D,10,83,B6,09,20,70,00,
555000,00000054,false,Rx,0,8,01,05,EF,00,D6,02,00,00,
555000,00000055,false,Rx,0,8,10,27,00,00,00,00,00,00,
555000,00000056,false,Rx,0,8,10,27,00,00,00,00,00,00,
555000,00000057,false,Rx,0,8,00,00,FE,FF,FE,FF,00,00,
585000,00000625,false,Rx,0,8,25,00,59,86,01,54,5C,06,
645000,0000060D,false,Rx,0,8,0D,10,83,B6,09,20,70,00,
685000,00000625,false,Rx,0,8,25,00,59,86,01,54,5C,06,
745000,0000060D,false,Rx,0,8,0D,10,83,B6,09,20,70,00,
755000,00000054,false,Rx,0,8,01,05,EF,00,D6,02,00,00,
755000,00000055,false,Rx,0,8,10,27,00,00,00,00,00,00,
755000,00000056,false,Rx,0,8,10,27,00,00,00,00,00,00,
755000,00000057,false,Rx,0,8,00,00,FE,FF,FE,FF,00,00,
756000,000002C4,false,Rx,0,8,09,20,00,00,D6,02,00,00,
756000,000002C5,false,Rx,0,8,00,00,00,00,00,00,00,00,
757000,000002C6,false,Rx,0,8,32,00,7C,01,00,00,00,00,
785000,00000625,false,Rx,0,8,25,00,59,86,01,54,5C,06,
845000,0000060D,false,Rx,0,8,0D,10,83,B6,09,20,70,00,
885000,00000625,false,Rx,0,8,25,00,59,86,01,54,5C,06,
945000,0000060D,false,Rx,0,8,0D,10,83,B6,09,20,70,00,
0,00000054,false,Rx,0,8,01,05,EF,00,D6,02,00,00,
0,00000055,false,Rx,0,8,10,27,00,00,00,00,00,00,
955000,00000056,false,Rx,0,8,10,27,00,00,00,00,00,00,
956000,00000057,false,Rx,0,8,00,00,FE,FF,FE,FF,00,00,
976000,000002C4,false,Rx,0,8,09,20,00,00,D6,02,00,00,
976000,000002C5,false,Rx,0,8,00,00,00,00,00,00,00,00,
977000,000002C6,false,Rx,0,8,32,00,7C,01,00,00,00,00,
985000,00000625,false,Rx,0,8,25,00,59,86,01,54,5C,06,
44000,0000060D,false,Rx,0,8,0D,10,83,B6,09,20,70,00,
85000,00000625,false,Rx,0,8,25,00,59,86,01,54,5C,06,
145000,0000060D,false,Rx,0,8,0D,10,83,B6,09,20,70,00,
155000,00000054,false,Rx,0,8,01,05,EF,00,D6,02,00,00,
155000,00000055,false,Rx,0,8,10,27,00,00,00,00,00,00,
0,00000056,false,Rx,0,8,10,27,00,00,00,00,00,00,
0,00000057,false,Rx,0,8,00,00,FE,FF,FE,FF,00,00,
186000,00000625,false,Rx,0,8,25,00,59,86,01,54,5C,06,
0,000002C4,false,Rx,0,8,09,20,00,00,D6,02,00,00,
0,000002C5,false,Rx,0,8,00,00,00,00,00,00,00,00,
197000,000002C6,false,Rx,0,8,32,00,7C,01,00,00,00,00,
245000,0000060D,false,Rx,0,8,0D,10,83,B6,09,20,70,00,
285000,00000625,false,Rx,0,8,25,00,59,86,01,54,5C,06,
345000,0000060D,false,Rx,0,8,0D,10,83,B6,09,20,70,00,
354000,00000054,false,Rx,0,8,01,05,EF,00,D6,02,00,00,
0,00000055,false,Rx,0,8,10,27,00,00,00,00,00,00,
0,00000056,false,Rx,0,8,10,27,00,00,00,00,00,00,
355000,00000057,false,Rx,0,8,00,00,FE,FF,FE,FF,00,00,
385000,00000625,false,Rx,0,8,25,00,59,86,01,54,5C,06,
416000,000002C4,false,Rx,0,8,09,20,00,00,D6,02,00,00,
416000,000002C5,false,Rx,0,8,00,00,00,00,00,00,00,00,
416000,000002C6,false,Rx,0,8,32,00,7C,01,00,00,00,00,
445000,0000060D,false,Rx,0,8,0D,10,83,B6,09,20,70,00,
485000,00000625,false,Rx,0,8,25,00,59,86,01,54,5C,06,
545000,0000060D,false,Rx,0,8,0D,10,83,B6,09,20,70,00,
555000,00000054,false,Rx,0,8,01,05,EF,00,D6,02,00,00,
555000,00000055,false,Rx,0,8,10,27,00,00,00,00,00,00,
555000,00000056,false,Rx,0,8,10,27,00,00,00,00,00,00,
556000,00000057,false,Rx,0,8,00,00,FE,FF,FE,FF,00,00,
585000,00000625,false,Rx,0,8,25,00,59,86,01,54,5C,06,
636000,000002C4,false,Rx,0,8,09,20,00,00,D6,02,00,00,
636000,000002C5,false,Rx,0,8,00,00,00,00,00,00,00,00,
637000,000002C6,false,Rx,0,8,32,00,7C,01,00,00,00,00,
645000,0000060D,false,Rx,0,8,0D,10,83,B6,09,20,70,00,
685000,00000625,false,Rx,0,8,25,00,59,86,01,54,5C,06,
745000,0000060D,false,Rx,0,8,0D,10,83,B6,09,20,70,00,
754000,00000054,false,Rx,0,8,01,05,EF,00,D6,02,00,00,
755000,00000055,false,Rx,0,8,10,27,00,00,00,00,00,00,
755000,00000056,false,Rx,0,8,10,27,00,00,00,00,00,00,
756000,00000057,false,Rx,0,8,00,00,FE,FF,FE,FF,00,00,
785000,00000625,false,Rx,0,8,25,00,59,86,01,54,5C,06,
846000,0000060D,false,Rx,0,8,0D,10,83,B6,09,20,70,00,
856000,000002C4,false,Rx,0,8,09,20,00,00,D6,02,00,00,
856000,000002C5,false,Rx,0,8,00,00,00,00,00,00,00,00,
857000,000002C6,false,Rx,0,8,32,00,7C,01,00,00,00,00,
885000,00000625,false,Rx,0,8,25,00,59,86,01,54,5C,06,
945000,0000060D,false,Rx,0,8,0D,10,83,B6,09,20,70,00,
0,00000054,false,Rx,0,8,01,05,EF,00,D6,02,00,00,
0,00000055,false,Rx,0,8,10,27,00,00,00,00,00,00,
955000,00000056,false,Rx,0,8,10,27,00,00,00,00,00,00,
956000,00000057,false,Rx,0,8,00,00,FE,FF,FE,FF,00,00,
985000,00000625,false,Rx,0,8,25,00,59,86,01,54,5C,06,
45000,0000060D,false,Rx,0,8,0D,10,83,B6,09,20,70,00,
77000,000002C4,false,Rx,0,8,09,20,00,00,D6,02,00,00,
77000,000002C5,false,Rx,0,8,00,00,00,00,00,00,00,00,
77000,000002C6,false,Rx,0,8,32,00,7C,01,00,00,00,00,
85000,00000625,false,Rx,0,8,25,00,59,86,01,54,5C,06,
145000,0000060D,false,Rx,0,8,0D,10,83,B6,09,20,70,00,
0,00000054,false,Rx,0,8,01,05,EF,00,D6,02,00,00,
0,00000055,false,Rx,0,8,10,27,00,00,00,00,00,00,
0,00000056,false,Rx,0,8,10,27,00,00,00,00,00,00,
0,00000057,false,Rx,0,8,00,00,FE,FF,FE,FF,00,00,
185000,00000625,false,Rx,0,8,25,00,59,86,01,54,5C,06,
245000,0000060D,false,Rx,0,8,0D,10,83,B6,09,20,70,00,
285000,00000625,false,Rx,0,8,25,00,59,86,01,54,5C,06,
297000,000002C4,false,Rx,0,8,09,20,00,00,D6,02,00,00,
0,000002C5,false,Rx,0,8,00,00,00,00,00,00,00,00,
0,000002C6,false,Rx,0,8,32,00,7C,01,00,00,00,00,
345000,0000060D,false,Rx,0,8,0D,10,83,B6,09,20,70,00,
355000,00000054,false,Rx,0,8,01,05,EF,00,D6,02,00,00,
355000,00000055,false,Rx,0,8,10,27,00,00,00,00,00,00,
355000,00000056,false,Rx,0,8,10,27,00,00,00,00,00,00,
355000,00000057,false,Rx,0,8,00,00,FE,FF,FE,FF,00,00,
385000,00000625,false,Rx,0,8,25,00,59,86,01,54,5C,06,
445000,0000060D,false,Rx,0,8,0D,10,83,B6,09,20,70,00,
485000,00000625,false,Rx,0,8,25,00,59,86,01,54,5C,06,
0,000002C4,false,Rx,0,8,09,20,00,00,D6,02,00,00,
0,000002C5,false,Rx,0,8,00,00,00,00,00,00,00,00,
517000,000002C6,false,Rx,0,8,32,00,7C,01,00,00,00,00,
545000,0000060D,false,Rx,0,8,0D,10,83,B6,09,20,70,00,
555000,00000054,false,Rx,0,8,01,05,EF,00,D6,02,00,00,
555000,00000055,false,Rx,0,8,10,27,00,00,00,00,00,00,
555000,00000056,false,Rx,0,8,10,27,00,00,00,00,00,00,
555000,00000057,false,Rx,0,8,00,00,FE,FF,FE,FF,00,00,
585000,00000625,false,Rx,0,8,25,00,59,86,01,54,5C,06,
645000,0000060D,false,Rx,0,8,0D,10,83,B6,09,20,70,00,
685000,00000625,false,Rx,0,8,25,00,59,86,01,54,5C,06,
736000,000002C4,false,Rx,0,8,09,20,00,00,D6,02,00,00,
736000,000002C5,false,Rx,0,8,00,00,00,00,00,00,00,00,
737000,000002C6,false,Rx,0,8,32,00,7C,01,00,00,00,00,
745000,0000060D,false,Rx,0,8,0D,10,83,B6,09,20,70,00,
755000,00000054,false,Rx,0,8,01,05,EF,00,D6,02,00,00,
755000,00000055,false,Rx,0,8,10,27,00,00,00,00,00,00,
755000,00000056,false,Rx,0,8,10,27,00,00,00,00,00,00,
755000,00000057,false,Rx,0,8,00,00,FE,FF,FE,FF,00,00,
785000,00000625,false,Rx,0,8,25,00,59,86,01,54,5C,06,
845000,0000060D,false,Rx,0,8,0D,10,83,B6,09,20,70,00,
885000,00000625,false,Rx,0,8,25,00,59,86,01,54,5C,06,
945000,0000060D,false,Rx,0,8,0D,10,83,B6,09,20,70,00,
955000,00000054,false,Rx,0,8,01,05,EF,00,D6,02,00,00,
955000,00000055,false,Rx,0,8,10,27,00,00,00,00,00,00,
955000,00000056,false,Rx,0,8,10,27,00,00,00,00,00,00,
955000,00000057,false,Rx,0,8,00,00,FE,FF,FE,FF,00,00,
956000,000002C4,false,Rx,0,8,09,20,00,00,D6,02,00,00,
956000,000002C5,false,Rx,0,8,00,00,00,00,00,00,00,00,
957000,000002C6,false,Rx,0,8,32,00,7C,01,00,00,00,00,
986000,00000625,false,Rx,0,8,25,00,59,86,01,54,5C,06,
45000,0000060D,false,Rx,0,8,0D,10,83,B6,09,20,70,00,
85000,00000625,false,Rx,0,8,25,00,59,86,01,54,5C,06,
145000,0000060D,false,Rx,0,8,0D,10,83,B6,09,20,70,00,
154000,00000054,false,Rx,0,8,01,05,EF,00,D6,02,00,00,
154000,00000055,false,Rx,0,8,10,27,00,00,00,00,00,00,
0,00000056,false,Rx,0,8,10,27,00,00,00,00,00,00,
0,00000057,false,Rx,0,8,00,00,FE,FF,FE,FF,00,00,
177000,000002C4,false,Rx,0,8,09,20,00,00,D6,02,00,00,
177000,000002C5,false,Rx,0,8,00,00,00,00,00,00,00,00,
177000,000002C6,false,Rx,0,8,32,00,7C,01,00,00,00,00,
185000,00000625,false,Rx,0,8,25,00,59,86,01,54,5C,06,
245000,0000060D,false,Rx,0,8,0D,10,83,B6,09,20,70,00,
285000,00000625,false,Rx,0,8,25,00,59,86,01,54,5C,06,
345000,0000060D,false,Rx,0,8,0D,10,83,B6,09,20,70,00,
355000,00000054,false,Rx,0,8,01,05,EF,00,D6,02,00,00,
355000,00000055,false,Rx,0,8,10,27,00,00,00,00,00,00,
355000,00000056,false,Rx,0,8,10,27,00,00,00,00,00,00,
355000,00000057,false,Rx,0,8,00,00,FE,FF,FE,FF,00,00,
385000,00000625,false,Rx,0,8,25,00,59,86,01,54,5C,06,
396000,000002C4,false,Rx,0,8,09,20,00,00,D6,02,00,00,
396000,000002C5,false,Rx,0,8,00,00,00,00,00,00,00,00,
396000,000002C6,false,Rx,0,8,32,00,7C,01,00,00,00,00,
446000,0000060D,false,Rx,0,8,0D,10,83,B6,09,20,70,00,
486000,00000625,false,Rx,0,8,25,00,59,86,01,54,5C,06,
545000,0000060D,false,Rx,0,8,0D,10,83,B6,09,20,70,00,
554000,00000054,false,Rx,0,8,01,05,EF,00,D6,02,00,00,
554000,00000055,false,Rx,0,8,10,27,00,00,00,00,00,00,
555000,00000056,false,Rx,0,8,10,27,00,00,00,00,00,00,
555000,00000057,false,Rx,0,8,00,00,FE,FF,FE,FF,00,00,
585000,00000625,false,Rx,0,8,25,00,59,86,01,54,5C,06,
0,000002C4,false,Rx,0,8,09,20,00,00,D6,02,00,00,
0,000002C5,false,Rx,0,8,00,00,00,00,00,00,00,00,
617000,000002C6,false,Rx,0,8,32,00,7C,01,00,00,00,00,
645000,0000060D,false,Rx,0,8,0D,10,83,B6,09,20,70,00,
685000,00000625,false,Rx,0,8,25,00,59,86,01,54,5C,06,
745000,0000060D,false,Rx,0,8,0D,10,83,B6,09,20,70,00,
0,00000054,false,Rx,0,8,01,05,EF,00,D6,02,00,00,
0,00000055,false,Rx,0,8,10,27,00,00,00,00,00,00,
756000,00000056,false,Rx,0,8,10,27,00,00,00,00,00,00,
756000,00000057,false,Rx,0,8,00,00,FE,FF,FE,FF,00,00,
786000,00000625,false,Rx,0,8,25,00,59,86,01,54,5C,06,
837000,000002C4,false,Rx,0,8,09,20,00,00,D6,02,00,00,
837000,000002C5,false,Rx,0,8,00,00,00,00,00,00,00,00,
837000,000002C6,false,Rx,0,8,32,00,7C,01,00,00,00,00,
845000,0000060D,false,Rx,0,8,0D,10,83,B6,09,20,70,00,
885000,00000625,false,Rx,0,8,25,00,59,86,01,54,5C,06,
945000,0000060D,false,Rx,0,8,0D,10,83,B6,09,20,70,00,
0,00000054,false,Rx,0,8,01,05,EF,00,D6,02,00,00,
0,00000055,false,Rx,0,8,10,27,00,00,00,00,00,00,
955000,00000056,false,Rx,0,8,10,27,00,00,00,00,00,00,
956000,00000057,false,Rx,0,8,00,00,FE,FF,FE,FF,00,00,
985000,00000625,false,Rx,0,8,25,00,59,86,01,54,5C,06,
45000,0000060D,false,Rx,0,8,0D,10,83,B6,09,20,70,00,
56000,000002C4,false,Rx,0,8,09,20,00,00,D6,02,00,00,
56000,000002C5,false,Rx,0,8,00,00,00,00,00,00,00,00,
56000,000002C6,false,Rx,0,8,32,00,7C,01,00,00,00,00,
85000,00000625,false,Rx,0,8,25,00,59,86,01,54,5C,06,
145000,0000060D,false,Rx,0,8,0D,10,83,B6,09,20,70,00,
155000,00000054,false,Rx,0,8,01,05,EF,00,D6,02,00,00,
155000,00000055,false,Rx,0,8,10,27,00,00,00,00,00,00,
155000,00000056,false,Rx,0,8,10,27,00,00,00,00,00,00,
155000,00000057,false,Rx,0,8,00,00,FE,FF,FE,FF,00,00,
185000,00000625,false,Rx,0,8,25,00,59,86,01,54,5C,06,
245000,0000060D,false,Rx,0,8,0D,10,83,B6,09,20,70,00,
276000,000002C4,false,Rx,0,8,09,20,00,00,D6,02,00,00,
277000,000002C5,false,Rx,0,8,00,00,00,00,00,00,00,00,
277000,000002C6,false,Rx,0,8,32,00,7C,01,00,00,00,00,
285000,00000625,false,Rx,0,8,25,00,59,86,01,54,5C,06,
345000,0000060D,false,Rx,0,8,0D,10,83,B6,09,20,70,00,
355000,00000054,false,Rx,0,8,01,05,EF,00,D6,02,00,00,
355000,00000055,false,Rx,0,8,10,27,00,00,00,00,00,00,
355000,00000056,false,Rx,0,8,10,27,00,00,00,00,00,00,
355000,00000057,false,Rx,0,8,00,00,FE,FF,FE,FF,00,00,
385000,00000625,false,Rx,0,8,25,00,59,86,01,54,5C,06,
445000,0000060D,false,Rx,0,8,0D,10,83,B6,09,20,70,00,
486000,00000625,false,Rx,0,8,25,00,59,86,01,54,5C,06,
496000,000002C4,false,Rx,0,8,09,20,00,00,D6,02,00,00,
496000,000002C5,false,Rx,0,8,00,00,00,00,00,00,00,00,
496000,000002C6,false,Rx,0,8,32,00,7C,01,00,00,00,00,
545000,0000060D,false,Rx,0,8,0D,10,83,B6,09,20,70,00,
555000,00000054,false,Rx,0,8,01,05,EF,00,D6,02,00,00,
555000,00000055,false,Rx,0,8,10,27,00,00,00,00,00,00,
555000,00000056,false,Rx,0,8,10,27,00,00,00,00,00,00,
555000,00000057,false,Rx,0,8,00,00,FE,FF,FE,FF,00,00,
585000,00000625,false,Rx,0,8,25,00,59,86,01,54,5C,06,
645000,0000060D,false,Rx,0,8,0D,10,83,B6,09,20,70,00,
686000,00000625,false,Rx,0,8,25,00,59,86,01,54,5C,06,
716000,000002C4,false,Rx,0,8,09,20,00,00,D6,02,00,00,
716000,000002C5,false,Rx,0,8,00,00,00,00,00,00,00,00,
717000,000002C6,false,Rx,0,8,32,00,7C,01,00,00,00,00,
745000,0000060D,false,Rx,0,8,0D,10,83,B6,09,20,70,00,
0,00000054,false,Rx,0,8,01,05,EF,00,D6,02,00,00,
0,00000055,false,Rx,0,8,10,27,00,00,00,00,00,00,
0,00000056,false,Rx,0,8,10,27,00,00,00,00,00,00,
0,00000057,false,Rx,0,8,00,00,FE,FF,FE,FF,00,00,
785000,00000625,false,Rx,0,8,25,00,59,86,01,54,5C,06,
845000,0000060D,false,Rx,0,8,0D,10,83,B6,09,20,70,00,
885000,00000625,false,Rx,0,8,25,00,59,86,01,54,5C,06,
936000,000002C4,false,Rx,0,8,09,20,00,00,D6,02,00,00,
936000,000002C5,false,Rx,0,8,00,00,00,00,00,00,00,00,
936000,000002C6,false,Rx,0,8,32,00,7C,01,00,00,00,00,
945000,0000060D,false,Rx,0,8,0D,10,83,B6,09,20,70,00,
955000,00000054,false,Rx,0,8,01,05,EF,00,D6,02,00,00,
955000,00000055,false,Rx,0,8,10,27,00,00,00,00,00,00,
955000,00000056,false,Rx,0,8,10,27,00,00,00,00,00,00,
955000,00000057,false,Rx,0,8,00,00,FE,FF,FE,FF,00,00,
985000,00000625,false,Rx,0,8,25,00,59,86,01,54,5C,06,
45000,0000060D,false,Rx,0,8,0D,10,83,B6,09,20,70,00,
85000,00000625,false,Rx,0,8,25,00,59,86,01,54,5C,06,
145000,0000060D,false,Rx,0,8,0D,10,83,B6,09,20,70,00,
155000,00000054,false,Rx,0,8,01,05,EF,00,D6,02,00,00,
155000,00000055,false,Rx,0,8,10,27,00,00,00,00,00,00,
155000,00000056,false,Rx,0,8,10,27,00,00,00,00,00,00,
155000,00000057,false,Rx,0,8,00,00,FE,FF,FE,FF,00,00,
0,000002C4,false,Rx,0,8,09,20,00,00,D6,02,00,00,
0,000002C5,false,Rx,0,8,00,00,00,00,00,00,00,00,
0,000002C6,false,Rx,0,8,32,00,7C,01,00,00,00,00,
185000,00000625,false,Rx,0,8,25,00,59,86,01,54,5C,06,
245000,0000060D,false,Rx,0,8,0D,10,83,B6,09,20,70,00,
285000,00000625,false,Rx,0,8,25,00,59,86,01,54,5C,06,
345000,0000060D,false,Rx,0,8,0D,10,83,B6,09,20,70,00,
354000,00000054,false,Rx,0,8,01,05,EF,00,D6,02,00,00,
355000,00000055,false,Rx,0,8,10,27,00,00,00,00,00,00,
355000,00000056,false,Rx,0,8,10,27,00,00,00,00,00,00,
355000,00000057,false,Rx,0,8,00,00,FE,FF,FE,FF,00,00,
376000,000002C4,false,Rx,0,8,09,20,00,00,D6,02,00,00,
377000,000002C5,false,Rx,0,8,00,00,00,00,00,00,00,00,
377000,000002C6,false,Rx,0,8,32,00,7C,01,00,00,00,00,
385000,00000625,false,Rx,0,8,25,00,59,86,01,54,5C,06,
445000,0000060D,false,Rx,0,8,0D,10,83,B6,09,20,70,00,
485000,00000625,false,Rx,0,8,25,00,59,86,01,54,5C,06,
544000,0000060D,false,Rx,0,8,0D,10,83,B6,09,20,70,00,
555000,00000054,false,Rx,0,8,01,05,EF,00,D6,02,00,00,
555000,00000055,false,Rx,0,8,10,27,00,00,00,00,00,00,
555000,00000056,false,Rx,0,8,10,27,00,00,00,00,00,00,
555000,00000057,false,Rx,0,8,00,00,FE,FF,FE,FF,00,00,
585000,00000625,false,Rx,0,8,25,00,59,86,01,54,5C,06,
596000,000002C4,false,Rx,0,8,09,20,00,00,D6,02,00,00,
596000,000002C5,false,Rx,0,8,00,00,00,00,00,00,00,00,
596000,000002C6,false,Rx,0,8,32,00,7C,01,00,00,00,00,
645000,0000060D,false,Rx,0,8,0D,10,83,B6,09,20,70,00,
685000,00000625,false,Rx,0,8,25,00,59,86,01,54,5C,06,
745000,0000060D,false,Rx,0,8,0D,10,83,B6,09,20,70,00,
755000,00000054,false,Rx,0,8,01,05,EF,00,D6,02,00,00,
755000,00000055,false,Rx,0,8,10,27,00,00,00,00,00,00,
755000,00000056,false,Rx,0,8,10,27,00,00,00,00,00,00,
755000,00000057,false,Rx,0,8,00,00,FE,FF,FE,FF,00,00,
785000,00000625,false,Rx,0,8,25,00,59,86,01,54,5C,06,
816000,000002C4,false,Rx,0,8,09,20,00,00,D6,02,00,00,
816000,000002C5,false,Rx,0,8,00,00,00,00,00,00,00,00,
817000,000002C6,false,Rx,0,8,32,00,7C,01,00,00,00,00,
845000,0000060D,false,Rx,0,8,0D,10,83,B6,09,20,70,00,
885000,00000625,false,Rx,0,8,25,00,59,86,01,54,5C,06,
945000,0000060D,false,Rx,0,8,0D,10,83,B6,09,20,70,00,
954000,00000054,false,Rx,0,8,01,05,EF,00,D6,02,00,00,
954000,00000055,false,Rx,0,8,10,27,00,00,00,00,00,00,
955000,00000056,false,Rx,0,8,10,27,00,00,00,00,00,00,
955000,00000057,false,Rx,0,8,00,00,FE,FF,FE,FF,00,00,
985000,00000625,false,Rx,0,8,25,00,59,86,01,54,5C,06,
36000,000002C4,false,Rx,0,8,09,20,00,00,D6,02,00,00,
36000,000002C5,false,Rx,0,8,00,00,00,00,00,00,00,00,
37000,000002C6,false,Rx,0,8,32,00,7C,01,00,00,00,00,
44000,0000060D,false,Rx,0,8,0D,10,83,B6,09,20,70,00,
85000,00000625,false,Rx,0,8,25,00,59,86,01,54,5C,06,
145000,0000060D,false,Rx,0,8,0D,10,83,B6,09,20,70,00,
155000,00000054,false,Rx,0,8,01,05,EF,00,D6,02,00,00,
155000,00000055,false,Rx,0,8,10,27,00,00,00,00,00,00,
156000,00000056,false,Rx,0,8,10,27,00,00,00,00,00,00,
156000,00000057,false,Rx,0,8,00,00,FE,FF,FE,FF,00,00,
185000,00000625,false,Rx,0,8,25,00,59,86,01,54,5C,06,
245000,0000060D,false,Rx,0,8,0D,10,83,B6,09,20,70,00,
256000,000002C4,false,Rx,0,8,09,20,00,00,D6,02,00,00,
257000,000002C5,false,Rx,0,8,00,00,00,00,00,00,00,00,
257000,000002C6,false,Rx,0,8,32,00,7C,01,00,00,00,00,
285000,00000625,false,Rx,0,8,25,00,59,86,01,54,5C,06,
345000,0000060D,false,Rx,0,8,0D,10,83,B6,09,20,70,00,
355000,00000054,false,Rx,0,8,01,05,EF,00,D6,02,00,00,
355000,00000055,false,Rx,0,8,10,27,00,00,00,00,00,00,
355000,00000056,false,Rx,0,8,10,27,00,00,00,00,00,00,
355000,00000057,false,Rx,0,8,00,00,FE,FF,FE,FF,00,00,
385000,00000625,false,Rx,0,8,25,00,59,86,01,54,5C,06,
445000,0000060D,false,Rx,0,8,0D,10,83,B6,09,20,70,00,
476000,000002C4,false,Rx,0,8,09,20,00,00,D6,02,00,00,
476000,000002C5,false,Rx,0,8,00,00,00,00,00,00,00,00,
477000,000002C6,false,Rx,0,8,32,00,7C,01,00,00,00,00,
485000,00000625,false,Rx,0,8,25,00,59,86,01,54,5C,06,
545000,0000060D,false,Rx,0,8,0D,10,83,B6,09,20,70,00,
555000,00000054,false,Rx,0,8,01,05,EF,00,D6,02,00,00,
0,00000055,false,Rx,0,8,10,27,00,00,00,00,00,00,
0,00000056,false,Rx,0,8,10,27,00,00,00,00,00,00,
555000,00000057,false,Rx,0,8,00,00,FE,FF,FE,FF,00,00,
575000,00000065,false,Rx,0,8,DA,02,01,00,00,00,00,00,
585000,00000625,false,Rx,0,8,25,00,59,86,01,54,5C,06,
644000,0000060D,false,Rx,0,8,0D,10,83,B6,09,20,70,00,
685000,00000625,false,Rx,0,8,25,00,59,86,01,54,5C,06,
697000,000002C4,false,Rx,0,8,09,20,00,00,D6,02,00,00,
697000,000002C5,false,Rx,0,8,00,00,00,00,00,00,00,00,
697000,000002C6,false,Rx,0,8,32,00,7C,01,00,00,00,00,
725000,00000065,false,Rx,0,8,DA,02,01,00,00,00,00,00,
745000,0000060D,false,Rx,0,8,0D,10,83,B6,09,20,70,00,
754000,00000054,false,Rx,0,8,01,05,EF,00,DA,02,00,00,
0,00000055,false,Rx,0,8,10,27,00,00,00,00,00,00,
0,00000056,false,Rx,0,8,10,27,00,00,00,00,00,00,
756000,00000057,false,Rx,0,8,00,00,FE,FF,FE,FF,00,00,
785000,00000625,false,Rx,0,8,25,00,59,86,01,54,5C,06,
845000,0000060D,false,Rx,0,8,0D,10,83,B6,09,20,70,00,
875000,00000065,false,Rx,0,8,DA,02,01,00,00,00,00,00,
885000,00000625,false,Rx,0,8,25,00,59,86,01,54,5C,06,
916000,000002C4,false,Rx,0,8,09,20,00,00,DA,02,00,00,
917000,000002C5,false,Rx,0,8,00,00,00,00,00,00,00,00,
917000,000002C6,false,Rx,0,8,32,00,7C,01,00,00,00,00,
946000,0000060D,false,Rx,0,8,0D,10,83,B6,09,20,70,00,
955000,00000054,false,Rx,0,8,01,05,EF,00,DA,02,00,00,
955000,00000055,false,Rx,0,8,10,27,00,00,00,00,00,00,
955000,00000056,false,Rx,0,8,10,27,00,00,00,00,00,00,
955000,00000057,false,Rx,0,8,00,00,FE,FF,FE,FF,00,00,
985000,00000625,false,Rx,0,8,25,00,59,86,01,54,5C,06,
26000,00000065,false,Rx,0,8,DA,02,01,00,00,00,00,00,
45000,0000060D,false,Rx,0,8,0D,10,83,B6,09,20,70,00,
85000,00000625,false,Rx,0,8,25,00,59,86,01,54,5C,06,
136000,000002C4,false,Rx,0,8,09,20,00,00,DA,02,00,00,
136000,000002C5,false,Rx,0,8,00,00,00,00,00,00,00,00,
136000,000002C6,false,Rx,0,8,32,00,7C,01,00,00,00,00,
144000,0000060D,false,Rx,0,8,0D,10,83,B6,09,20,70,00,
155000,00000054,false,Rx,0,8,01,05,EF,00,DA,02,00,00,
155000,00000055,false,Rx,0,8,10,27,00,00,00,00,00,00,
155000,00000056,false,Rx,0,8,10,27,00,00,00,00,00,00,
155000,00000057,false,Rx,0,8,00,00,FE,FF,FE,FF,00,00,
185000,00000625,false,Rx,0,8,25,00,59,86,01,54,5C,06,
245000,0000060D,false,Rx,0,8,0D,10,83,B6,09,20,70,00,
285000,00000625,false,Rx,0,8,25,00,59,86,01,54,5C,06,
345000,0000060D,false,Rx,0,8,0D,10,83,B6,09,20,70,00,
354000,00000054,false,Rx,0,8,01,05,EF,00,DA,02,00,00,
355000,00000055,false,Rx,0,8,10,27,00,00,00,00,00,00,
355000,00000056,false,Rx,0,8,10,27,00,00,00,00,00,00,
355000,00000057,false,Rx,0,8,00,00,FE,FF,FE,FF,00,00,
357000,000002C4,false,Rx,0,8,09,20,00,00,DA,02,00,00,
357000,000002C5,false,Rx,0,8,00,00,00,00,00,00,00,00,
357000,000002C6,false,Rx,0,8,32,00,7C,01,00,00,00,00,
385000,00000625,false,Rx,0,8,25,00,59,86,01,54,5C,06,
445000,0000060D,false,Rx,0,8,0D,10,83,B6,09,20,70,00,
485000,00000625,false,Rx,0,8,25,00,59,86,01,54,5C,06,
545000,0000060D,false,Rx,0,8,0D,10,83,B6,09,20,70,00,
0,00000054,false,Rx,0,8,01,05,EF,00,DA,02,00,00,
0,00000055,false,Rx,0,8,10,27,00,00,00,00,00,00,
555000,00000056,false,Rx,0,8,10,27,00,00,00,00,00,00,
556000,00000057,false,Rx,0,8,00,00,FE,FF,FE,FF,00,00,
576000,000002C4,false,Rx,0,8,09,20,00,00,DA,02,00,00,
576000,000002C5,false,Rx,0,8,00,00,00,00,00,00,00,00,
576000,000002C6,false,Rx,0,8,32,00,7C,01,00,00,00,00,
585000,00000625,false,Rx,0,8,25,00,59,86,01,54,5C,06,
645000,0000060D,false,Rx,0,8,0D,10,83,B6,09,20,70,00,
685000,00000625,false,Rx,0,8,25,00,59,86,01,54,5C,06,
745000,0000060D,false,Rx,0,8,0D,10,83,B6,09,20,70,00,
754000,00000054,false,Rx,0,8,01,05,EF,00,DA,02,00,00,
755000,00000055,false,Rx,0,8,10,27,00,00,00,00,00,00,
755000,00000056,false,Rx,0,8,10,27,00,00,00,00,00,00,
755000,00000057,false,Rx,0,8,00,00,FE,FF,FE,FF,00,00,
785000,00000625,false,Rx,0,8,25,00,59,86,01,54,5C,06,
796000,000002C4,false,Rx,0,8,09,20,00,00,DA,02,00,00,
796000,000002C5,false,Rx,0,8,00,00,00,00,00,00,00,00,
797000,000002C6,false,Rx,0,8,32,00,7C,01,00,00,00,00,
845000,0000060D,false,Rx,0,8,0D,10,83,B6,09,20,70,00,
886000,00000625,false,Rx,0,8,25,00,59,86,01,54,5C,06,
945000,0000060D,false,Rx,0,8,0D,10,83,B6,09,20,70,00,
955000,00000054,false,Rx,0,8,01,05,EF,00,DA,02,00,00,
955000,00000055,false,Rx,0,8,10,27,00,00,00,00,00,00,
955000,00000056,false,Rx,0,8,10,27,00,00,00,00,00,00,
955000,00000057,false,Rx,0,8,00,00,FE,FF,FE,FF,00,00,
985000,00000625,false,Rx,0,8,25,00,59,86,01,54,5C,06,
0,000002C4,false,Rx,0,8,09,20,00,00,DA,02,00,00,
0,000002C5,false,Rx,0,8,00,00,00,00,00,00,00,00,
17000,000002C6,false,Rx,0,8,32,00,7C,01,00,00,00,00,
45000,0000060D,false,Rx,0,8,0D,10,83,B6,09,20,70,00,
85000,00000625,false,Rx,0,8,25,00,59,86,01,54,5C,06,
144000,0000060D,false,Rx,0,8,0D,10,83,B6,09,20,70,00,
155000,00000054,false,Rx,0,8,01,05,EF,00,DA,02,00,00,
155000,00000055,false,Rx,0,8,10,27,00,00,00,00,00,00,
155000,00000056,false,Rx,0,8,10,27,00,00,00,00,00,00,
155000,00000057,false,Rx,0,8,00,00,FE,FF,FE,FF,00,00,
185000,00000625,false,Rx,0,8,25,00,59,86,01,54,5C,06,
236000,000002C4,false,Rx,0,8,09,20,00,00,DA,02,00,00,
236000,000002C5,false,Rx,0,8,00,00,00,00,00,00,00,00,
237000,000002C6,false,Rx,0,8,32,00,7C,01,00,00,00,00,
245000,0000060D,false,Rx,0,8,0D,10,83,B6,09,20,70,00,
285000,00000625,false,Rx,0,8,25,00,59,86,01,54,5C,06,
345000,0000060D,false,Rx,0,8,0D,10,83,B6,09,20,70,00,
355000,00000054,false,Rx,0,8,01,05,EF,00,DA,02,00,00,
355000,00000055,false,Rx,0,8,10,27,00,00,00,00,00,00,
355000,00000056,false,Rx,0,8,10,27,00,00,00,00,00,00,
355000,00000057,false,Rx,0,8,00,00,FE,FF,FE,FF,00,00,
385000,00000625,false,Rx,0,8,25,00,59,86,01,54,5C,06,
445000,0000060D,false,Rx,0,8,0D,10,83,B6,09,20,70,00,
456000,000002C4,false,Rx,0,8,09,20,00,00,DA,02,00,00,
456000,000002C5,false,Rx,0,8,00,00,00,00,00,00,00,00,
457000,000002C6,false,Rx,0,8,32,00,7C,01,00,00,00,00,
485000,00000625,false,Rx,0,8,25,00,59,86,01,54,5C,06,
544000,0000060D,false,Rx,0,8,0D,10,83,B6,09,20,70,00,
555000,00000054,false,Rx,0,8,01,05,EF,00,DA,02,00,00,
555000,00000055,false,Rx,0,8,10,27,00,00,00,00,00,00,
555000,00000056,false,Rx,0,8,10,27,00,00,00,00,00,00,
555000,00000057,false,Rx,0,8,00,00,FE,FF,FE,FF,00,00,
585000,00000625,false,Rx,0,8,25,00,59,86,01,54,5C,06,
645000,0000060D,false,Rx,0,8,0D,10,83,B6,09,20,70,00,
0,000002C4,false,Rx,0,8,09,20,00,00,DA,02,00,00,
0,000002C5,false,Rx,0,8,00,00,00,00,00,00,00,00,
677000,000002C6,false,Rx,0,8,32,00,7C,01,00,00,00,00,
685000,00000625,false,Rx,0,8,25,00,59,86,01,54,5C,06,
745000,0000060D,false,Rx,0,8,0D,10,83,B6,09,20,70,00,
755000,00000054,false,Rx,0,8,01,05,EF,00,DA,02,00,00,
755000,00000055,false,Rx,0,8,10,27,00,00,00,00,00,00,
0,00000056,false,Rx,0,8,10,27,00,00,00,00,00,00,
0,00000057,false,Rx,0,8,00,00,FE,FF,FE,FF,00,00,
785000,00000625,false,Rx,0,8,25,00,59,86,01,54,5C,06,
845000,0000060D,false,Rx,0,8,0D,10,83,B6,09,20,70,00,
885000,00000625,false,Rx,0,8,25,00,59,86,01,54,5C,06,
896000,000002C4,false,Rx,0,8,09,20,00,00,DA,02,00,00,
896000,000002C5,false,Rx,0,8,00,00,00,00,00,00,00,00,
897000,000002C6,false,Rx,0,8,32,00,7C,01,00,00,00,00,
945000,0000060D,false,Rx,0,8,0D,10,83,B6,09,20,70,00,
955000,00000054,false,Rx,0,8,01,05,EF,00,DA,02,00,00,
955000,00000055,false,Rx,0,8,10,27,00,00,00,00,00,00,
955000,00000056,false,Rx,0,8,10,27,00,00,00,00,00,00,
955000,00000057,false,Rx,0,8,00,00,FE,FF,FE,FF,00,00,
985000,00000625,false,Rx,0,8,25,00,59,86,01,54,5C,06,
45000,0000060D,false,Rx,0,8,0D,10,83,B6,09,20,70,00,
85000,00000625,false,Rx,0,8,25,00,59,86,01,54,5C,06,
116000,000002C4,false,Rx,0,8,09,20,00,00,DA,02,00,00,
116000,000002C5,false,Rx,0,8,00,00,00,00,00,00,00,00,
117000,000002C6,false,Rx,0,8,32,00,7C,01,00,00,00,00,
145000,0000060D,false,Rx,0,8,0D,10,83,B6,09,20,70,00,
154000,00000054,false,Rx,0,8,01,05,EF,00,DA,02,00,00,
155000,00000055,false,Rx,0,8,10,27,00,00,00,00,00,00,
0,00000056,false,Rx,0,8,10,27,00,00,00,00,00,00,
0,00000057,false,Rx,0,8,00,00,FE,FF,FE,FF,00,00,
185000,00000625,false,Rx,0,8,25,00,59,86,01,54,5C,06,
245000,0000060D,false,Rx,0,8,0D,10,83,B6,09,20,70,00,
285000,00000625,false,Rx,0,8,25,00,59,86,01,54,5C,06,
337000,000002C4,false,Rx,0,8,09,20,00,00,DA,02,00,00,
337000,000002C5,false,Rx,0,8,00,00,00,00,00,00,00,00,
337000,000002C6,false,Rx,0,8,32,00,7C,01,00,00,00,00,
345000,0000060D,false,Rx,0,8,0D,10,83,B6,09,20,70,00,
354000,00000054,false,Rx,0,8,01,05,EF,00,DA,02,00,00,
355000,00000055,false,Rx,0,8,10,27,00,00,00,00,00,00,
355000,00000056,false,Rx,0,8,10,27,00,00,00,00,00,00,
355000,00000057,false,Rx,0,8,00,00,FE,FF,FE,FF,00,00,
386000,00000625,false,Rx,0,8,25,00,59,86,01,54,5C,06,
445000,0000060D,false,Rx,0,8,0D,10,83,B6,09,20,70,00,
485000,00000625,false,Rx,0,8,25,00,59,86,01,54,5C,06,
545000,0000060D,false,Rx,0,8,0D,10,83,B6,09,20,70,00,
0,00000054,false,Rx,0,8,01,05,EF,00,DA,02,00,00,
0,00000055,false,Rx,0,8,10,27,00,00,00,00,00,00,
555000,00000056,false,Rx,0,8,10,27,00,00,00,00,00,00,
555000,00000057,false,Rx,0,8,00,00,FE,FF,FE,FF,00,00,
556000,000002C4,false,Rx,0,8,09,20,00,00,DA,02,00,00,
556000,000002C5,false,Rx,0,8,00,00,00,00,00,00,00,00,
557000,000002C6,false,Rx,0,8,32,00,7C,01,00,00,00,00,
585000,00000625,false,Rx,0,8,25,00,59,86,01,54,5C,06,
645000,0000060D,false,Rx,0,8,0D,10,83,B6,09,20,70,00,
685000,00000625,false,Rx,0,8,25,00,59,86,01,54,5C,06,
745000,0000060D,false,Rx,0,8,0D,10,83,B6,09,20,70,00,
754000,00000054,false,Rx,0,8,01,05,EF,00,DA,02,00,00,
0,00000055,false,Rx,0,8,10,27,00,00,00,00,00,00,
0,00000056,false,Rx,0,8,10,27,00,00,00,00,00,00,
756000,00000057,false,Rx,0,8,00,00,FE,FF,FE,FF,00,00,
776000,000002C4,false,Rx,0,8,09,20,00,00,DA,02,00,00,
776000,000002C5,false,Rx,0,8,00,00,00,00,00,00,00,00,
778000,000002C6,false,Rx,0,8,32,00,7C,01,00,00,00,00,
785000,00000625,false,Rx,0,8,25,00,59,86,01,54,5C,06,
845000,0000060D,false,Rx,0,8,0D,10,83,B6,09,20,70,00,
885000,00000625,false,Rx,0,8,25,00,59,86,01,54,5C,06,
945000,0000060D,false,Rx,0,8,0D,10,83,B6,09,20,70,00,
0,00000054,false,Rx,0,8,01,05,EF,00,DA,02,00,00,
0,00000055,false,Rx,0,8,10,27,00,00,00,00,00,00,
0,00000056,false,Rx,0,8,10,27,00,00,00,00,00,00,
957000,00000057,false,Rx,0,8,00,00,FE,FF,FE,FF,00,00,
985000,00000625,false,Rx,0,8,25,00,59,86,01,54,5C,06,
997000,000002C4,false,Rx,0,8,09,20,00,00,DA,02,00,00,
997000,000002C5,false,Rx,0,8,00,00,00,00,00,00,00,00,
997000,000002C6,false,Rx,0,8,32,00,7C,01,00,00,00,00,
45000,0000060D,false,Rx,0,8,0D,10,83,B6,09,20,70,00,
85000,00000625,false,Rx,0,8,25,00,59,86,01,54,5C,06,
144000,0000060D,false,Rx,0,8,0D,10,83,B6,09,20,70,00,
155000,00000054,false,Rx,0,8,01,05,EF,00,DA,02,00,00,
155000,00000055,false,Rx,0,8,10,27,00,00,00,00,00,00,
0,00000056,false,Rx,0,8,10,27,00,00,00,00,00,00,
0,00000057,false,Rx,0,8,00,00,FE,FF,FE,FF,00,00,
185000,00000625,false,Rx,0,8,25,00,59,86,01,54,5C,06,
216000,000002C4,false,Rx,0,8,09,20,00,00,DA,02,00,00,
216000,000002C5,false,Rx,0,8,00,00,00,00,00,00,00,00,
217000,000002C6,false,Rx,0,8,32,00,7C,01,00,00,00,00,
245000,0000060D,false,Rx,0,8,0D,10,83,B6,09,20,70,00,
285000,00000625,false,Rx,0,8,25,00,59,86,01,54,5C,06,
345000,0000060D,false,Rx,0,8,0D,10,83,B6,09,20,70,00,
355000,00000054,false,Rx,0,8,01,05,EF,00,DA,02,00,00,
355000,00000055,false,Rx,0,8,10,27,00,00,00,00,00,00,
355000,00000056,false,Rx,0,8,10,27,00,00,00,00,00,00,
356000,00000057,false,Rx,0,8,00,00,FE,FF,FE,FF,00,00,
385000,00000625,false,Rx,0,8,25,00,59,86,01,54,5C,06,
436000,000002C4,false,Rx,0,8,09,20,00,00,DA,02,00,00,
437000,000002C5,false,Rx,0,8,00,00,00,00,00,00,00,00,
437000,000002C6,false,Rx,0,8,32,00,7C,01,00,00,00,00,
445000,0000060D,false,Rx,0,8,0D,10,83,B6,09,20,70,00,
485000,00000625,false,Rx,0,8,25,00,59,86,01,54,5C,06,
545000,0000060D,false,Rx,0,8,0D,10,83,B6,09,20,70,00,
555000,00000054,false,Rx,0,8,01,05,EF,00,DA,02,00,00,
555000,00000055,false,Rx,0,8,10,27,00,00,00,00,00,00,
555000,00000056,false,Rx,0,8,10,27,00,00,00,00,00,00,
555000,00000057,false,Rx,0,8,00,00,FE,FF,FE,FF,00,00,
585000,00000625,false,Rx,0,8,25,00,59,86,01,54,5C,06,
645000,0000060D,false,Rx,0,8,0D,10,83,B6,09,20,70,00,
0,000002C4,false,Rx,0,8,09,20,00,00,DA,02,00,00,
0,000002C5,false,Rx,0,8,00,00,00,00,00,00,00,00,
0,000002C6,false,Rx,0,8,32,00,7C,01,00,00,00,00,
685000,00000625,false,Rx,0,8,25,00,59,86,01,54,5C,06,
745000,0000060D,false,Rx,0,8,0D,10,83,B6,09,20,70,00,
755000,00000054,false,Rx,0,8,01,05,EF,00,DA,02,00,00,
755000,00000055,false,Rx,0,8,10,27,00,00,00,00,00,00,
755000,00000056,false,Rx,0,8,10,27,00,00,00,00,00,00,
755000,00000057,false,Rx,0,8,00,00,FE,FF,FE,FF,00,00,
785000,00000625,false,Rx,0,8,25,00,59,86,01,54,5C,06,
845000,0000060D,false,Rx,0,8,0D,10,83,B6,09,20,70,00,
876000,000002C4,false,Rx,0,8,09,20,00,00,DA,02,00,00,
876000,000002C5,false,Rx,0,8,00,00,00,00,00,00,00,00,
876000,000002C6,false,Rx,0,8,32,00,7C,01,00,00,00,00,
885000,00000625,false,Rx,0,8,25,00,59,86,01,54,5C,06,
945000,0000060D,false,Rx,0,8,0D,10,83,B6,09,20,70,00,
955000,00000054,false,Rx,0,8,01,05,EF,00,DA,02,00,00,
955000,00000055,false,Rx,0,8,10,27,00,00,00,00,00,00,
955000,00000056,false,Rx,0,8,10,27,00,00,00,00,00,00,
955000,00000057,false,Rx,0,8,00,00,FE,FF,FE,FF,00,00,
986000,00000625,false,Rx,0,8,25,00,59,86,01,54,5C,06,
45000,0000060D,false,Rx,0,8,0D,10,83,B6,09,20,70,00,
85000,00000625,false,Rx,0,8,25,00,59,86,01,54,5C,06,
96000,000002C4,false,Rx,0,8,09,20,00,00,DA,02,00,00,
96000,000002C5,false,Rx,0,8,00,00,00,00,00,00,00,00,
96000,000002C6,false,Rx,0,8,32,00,7C,01,00,00,00,00,
145000,0000060D,false,Rx,0,8,0D,10,83,B6,09,20,70,00,
155000,00000054,false,Rx,0,8,01,05,EF,00,DA,02,00,00,
155000,00000055,false,Rx,0,8,10,27,00,00,00,00,00,00,
155000,00000056,false,Rx,0,8,10,27,00,00,00,00,00,00,
155000,00000057,false,Rx,0,8,00,00,FE,FF,FE,FF,00,00,
185000,00000625,false,Rx,0,8,25,00,59,86,01,54,5C,06,
245000,0000060D,false,Rx,0,8,0D,10,83,B6,09,20,70,00,
285000,00000625,false,Rx,0,8,25,00,59,86,01,54,5C,06,
316000,000002C4,false,Rx,0,8,09,20,00,00,DA,02,00,00,
316000,000002C5,false,Rx,0,8,00,00,00,00,00,00,00,00,
317000,000002C6,false,Rx,0,8,32,00,7C,01,00,00,00,00,
345000,0000060D,false,Rx,0,8,0D,10,83,B6,09,20,70,00,
355000,00000054,false,Rx,0,8,01,05,EF,00,DA,02,00,00,
355000,00000055,false,Rx,0,8,10,27,00,00,00,00,00,00,
355000,00000056,false,Rx,0,8,10,27,00,00,00,00,00,00,
355000,00000057,false,Rx,0,8,00,00,FE,FF,FE,FF,00,00,
385000,00000625,false,Rx,0,8,25,00,59,86,01,54,5C,06,
445000,0000060D,false,Rx,0,8,0D,10,83,B6,09,20,70,00,
485000,00000625,false,Rx,0,8,25,00,59,86,01,54,5C,06,
536000,000002C4,false,Rx,0,8,09,20,00,00,DA,02,00,00,
536000,000002C5,false,Rx,0,8,00,00,00,00,00,00,00,00,
537000,000002C6,false,Rx,0,8,32,00,7C,01,00,00,00,00,
545000,0000060D,false,Rx,0,8,0D,10,83,B6,09,20,70,00,
555000,00000054,false,Rx,0,8,01,05,EF,00,DA,02,00,00,
555000,00000055,false,Rx,0,8,10,27,00,00,00,00,00,00,
555000,00000056,false,Rx,0,8,10,27,00,00,00,00,00,00,
555000,00000057,false,Rx,0,8,00,00,FE,FF,FE,FF,00,00,
585000,00000625,false,Rx,0,8,25,00,59,86,01,54,5C,06,
645000,0000060D,false,Rx,0,8,0D,10,83,B6,09,20,70,00,
685000,00000625,false,Rx,0,8,25,00,59,86,01,54,5C,06,
745000,0000060D,false,Rx,0,8,0D,10,83,B6,09,20,70,00,
755000,00000054,false,Rx,0,8,01,05,EF,00,DA,02,00,00,
755000,00000055,false,Rx,0,8,10,27,00,00,00,00,00,00,
755000,00000056,false,Rx,0,8,10,27,00,00,00,00,00,00,
755000,00000057,false,Rx,0,8,00,00,FE,FF,FE,FF,00,00,
756000,000002C4,false,Rx,0,8,09,20,00,00,DA,02,00,00,
757000,000002C5,false,Rx,0,8,00,00,00,00,00,00,00,00,
757000,000002C6,false,Rx,0,8,32,00,7C,01,00,00,00,00,
785000,00000625,false,Rx,0,8,25,00,59,86,01,54,5C,06,
846000,0000060D,false,Rx,0,8,0D,10,83,B6,09,20,70,00,
885000,00000625,false,Rx,0,8,25,00,59,86,01,54,5C,06,
945000,0000060D,false,Rx,0,8,0D,10,83,B6,09,20,70,00,
954000,00000054,false,Rx,0,8,01,05,EF,00,DA,02,00,00,
955000,00000055,false,Rx,0,8,10,27,00,00,00,00,00,00,
955000,00000056,false,Rx,0,8,10,27,00,00,00,00,00,00,
955000,00000057,false,Rx,0,8,00,00,FE,FF,FE,FF,00,00,
976000,000002C4,false,Rx,0,8,09,20,00,00,DA,02,00,00,
976000,000002C5,false,Rx,0,8,00,00,00,00,00,00,00,00,
976000,000002C6,false,Rx,0,8,32,00,7C,01,00,00,00,00,
985000,00000625,false,Rx,0,8,25,00,59,86,01,54,5C,06,
45000,0000060D,false,Rx,0,8,0D,10,83,B6,09,20,70,00,
86000,00000625,false,Rx,0,8,25,00,59,86,01,54,5C,06,
145000,0000060D,false,Rx,0,8,0D,10,83,B6,09,20,70,00,
155000,00000054,false,Rx,0,8,01,05,EF,00,DA,02,00,00,
155000,00000055,false,Rx,0,8,10,27,00,00,00,00,00,00,
155000,00000056,false,Rx,0,8,10,27,00,00,00,00,00,00,
155000,00000057,false,Rx,0,8,00,00,FE,FF,FE,FF,00,00,
185000,00000625,false,Rx,0,8,25,00,59,86,01,54,5C,06,
196000,000002C4,false,Rx,0,8,09,20,00,00,DA,02,00,00,
196000,000002C5,false,Rx,0,8,00,00,00,00,00,00,00,00,
197000,000002C6,false,Rx,0,8,32,00,7C,01,00,00,00,00,
245000,0000060D,false,Rx,0,8,0D,10,83,B6,09,20,70,00,
285000,00000625,false,Rx,0,8,25,00,59,86,01,54,5C,06,
345000,0000060D,false,Rx,0,8,0D,10,83,B6,09,20,70,00,
355000,00000054,false,Rx,0,8,01,05,EF,00,DA,02,00,00,
355000,00000055,false,Rx,0,8,10,27,00,00,00,00,00,00,
355000,00000056,false,Rx,0,8,10,27,00,00,00,00,00,00,
355000,00000057,false,Rx,0,8,00,00,FE,FF,FE,FF,00,00,
385000,00000625,false,Rx,0,8,25,00,59,86,01,54,5C,06,
416000,000002C4,false,Rx,0,8,09,20,00,00,DA,02,00,00,
416000,000002C5,false,Rx,0,8,00,00,00,00,00,00,00,00,
417000,000002C6,false,Rx,0,8,32,00,7C,01,00,00,00,00,
445000,0000060D,false,Rx,0,8,0D,10,83,B6,09,20,70,00,
485000,00000625,false,Rx,0,8,25,00,59,86,01,54,5C,06,
545000,0000060D,false,Rx,0,8,0D,10,83,B6,09,20,70,00,
555000,00000054,false,Rx,0,8,01,05,EF,00,DA,02,00,00,
555000,00000055,false,Rx,0,8,10,27,00,00,00,00,00,00,
555000,00000056,false,Rx,0,8,10,27,00,00,00,00,00,00,
555000,00000057,false,Rx,0,8,00,00,FE,FF,FE,FF,00,00,
585000,00000625,false,Rx,0,8,25,00,59,86,01,54,5C,06,
637000,000002C4,false,Rx,0,8,09,20,00,00,DA,02,00,00,
637000,000002C5,false,Rx,0,8,00,00,00,00,00,00,00,00,
638000,000002C6,false,Rx,0,8,32,00,7C,01,00,00,00,00,
645000,0000060D,false,Rx,0,8,0D,10,83,B6,09,20,70,00,
685000,00000625,false,Rx,0,8,25,00,59,86,01,54,5C,06,
745000,0000060D,false,Rx,0,8,0D,10,83,B6,09,20,70,00,
754000,00000054,false,Rx,0,8,01,05,EF,00,DA,02,00,00,
755000,00000055,false,Rx,0,8,10,27,00,00,00,00,00,00,
755000,00000056,false,Rx,0,8,10,27,00,00,00,00,00,00,
755000,00000057,false,Rx,0,8,00,00,FE,FF,FE,FF,00,00,
785000,00000625,false,Rx,0,8,25,00,59,86,01,54,5C,06,
845000,0000060D,false,Rx,0,8,0D,10,83,B6,09,20,70,00,
857000,000002C4,false,Rx,0,8,09,20,00,00,DA,02,00,00,
857000,000002C5,false,Rx,0,8,00,00,00,00,00,00,00,00,
857000,000002C6,false,Rx,0,8,32,00,7C,01,00,00,00,00,
885000,00000625,false,Rx,0,8,25,00,59,86,01,54,5C,06,
945000,0000060D,false,Rx,0,8,0D,10,83,B6,09,20,70,00,
955000,00000054,false,Rx,0,8,01,05,EF,00,DA,02,00,00,
955000,00000055,false,Rx,0,8,10,27,00,00,00,00,00,00,
955000,00000056,false,Rx,0,8,10,27,00,00,00,00,00,00,
955000,00000057,false,Rx,0,8,00,00,FE,FF,FE,FF,00,00,
985000,00000625,false,Rx,0,8,25,00,59,86,01,54,5C,06,
45000,0000060D,false,Rx,0,8,0D,10,83,B6,09,20,70,00,
76000,000002C4,false,Rx,0,8,09,20,00,00,DA,02,00,00,
76000,000002C5,false,Rx,0,8,00,00,00,00,00,00,00,00,
77000,000002C6,false,Rx,0,8,32,00,7C,01,00,00,00,00,
85000,00000625,false,Rx,0,8,25,00,59,86,01,54,5C,06,
145000,0000060D,false,Rx,0,8,0D,10,83,B6,09,20,70,00,
154000,00000054,false,Rx,0,8,01,05,EF,00,DA,02,00,00,
154000,00000055,false,Rx,0,8,10,27,00,00,00,00,00,00,
0,00000056,false,Rx,0,8,10,27,00,00,00,00,00,00,
0,00000057,false,Rx,0,8,00,00,FE,FF,FE,FF,00,00,
185000,00000625,false,Rx,0,8,25,00,59,86,01,54,5C,06,
245000,0000060D,false,Rx,0,8,0D,10,83,B6,09,20,70,00,
285000,00000625,false,Rx,0,8,25,00,59,86,01,54,5C,06,
296000,000002C4,false,Rx,0,8,09,20,00,00,DA,02,00,00,
297000,000002C5,false,Rx,0,8,00,00,00,00,00,00,00,00,
297000,000002C6,false,Rx,0,8,32,00,7C,01,00,00,00,00,
345000,0000060D,false,Rx,0,8,0D,10,83,B6,09,20,70,00,
354000,00000054,false,Rx,0,8,01,05,EF,00,DA,02,00,00,
354000,00000055,false,Rx,0,8,10,27,00,00,00,00,00,00,
356000,00000056,false,Rx,0,8,10,27,00,00,00,00,00,00,
356000,00000057,false,Rx,0,8,00,00,FE,FF,FE,FF,00,00,
385000,00000625,false,Rx,0,8,25,00,59,86,01,54,5C,06,
445000,0000060D,false,Rx,0,8,0D,10,83,B6,09,20,70,00,
486000,00000625,false,Rx,0,8,25,00,59,86,01,54,5C,06,
516000,000002C4,false,Rx,0,8,09,20,00,00,DA,02,00,00,
516000,000002C5,false,Rx,0,8,00,00,00,00,00,00,00,00,
517000,000002C6,false,Rx,0,8,32,00,7C,01,00,00,00,00,
545000,0000060D,false,Rx,0,8,0D,10,83,B6,09,20,70,00,
554000,00000054,false,Rx,0,8,01,05,EF,00,DA,02,00,00,
555000,00000055,false,Rx,0,8,10,27,00,00,00,00,00,00,
555000,00000056,false,Rx,0,8,10,27,00,00,00,00,00,00,
555000,00000057,false,Rx,0,8,00,00,FE,FF,FE,FF,00,00,
585000,00000625,false,Rx,0,8,25,00,59,86,01,54,5C,06,
645000,0000060D,false,Rx,0,8,0D,10,83,B6,09,20,70,00,
686000,00000625,false,Rx,0,8,25,00,59,86,01,54,5C,06,
736000,000002C4,false,Rx,0,8,09,20,00,00,DA,02,00,00,
736000,000002C5,false,Rx,0,8,00,00,00,00,00,00,00,00,
737000,000002C6,false,Rx,0,8,32,00,7C,01,00,00,00,00,
745000,0000060D,false,Rx,0,8,0D,10,83,B6,09,20,70,00,
755000,00000054,false,Rx,0,8,01,05,EF,00,DA,02,00,00,
755000,00000055,false,Rx,0,8,10,27,00,00,00,00,00,00,
755000,00000056,false,Rx,0,8,10,27,00,00,00,00,00,00,
755000,00000057,false,Rx,0,8,00,00,FE,FF,FE,FF,00,00,
785000,00000625,false,Rx,0,8,25,00,59,86,01,54,5C,06,
845000,0000060D,false,Rx,0,8,0D,10,83,B6,09,20,70,00,
885000,00000625,false,Rx,0,8,25,00,59,86,01,54,5C,06,
945000,0000060D,false,Rx,0,8,0D,10,83,B6,09,20,70,00,
0,00000054,false,Rx,0,8,01,05,EF,00,DA,02,00,00,
0,00000055,false,Rx,0,8,10,27,00,00,00,00,00,00,
0,00000056,false,Rx,0,8,10,27,00,00,00,00,00,00,
0,00000057,false,Rx,0,8,00,00,FE,FF,FE,FF,00,00,
956000,000002C4,false,Rx,0,8,09,20,00,00,DA,02,00,00,
956000,000002C5,false,Rx,0,8,00,00,00,00,00,00,00,00,
957000,000002C6,false,Rx,0,8,32,00,7C,01,00,00,00,00,
985000,00000625,false,Rx,0,8,25,00,59,86,01,54,5C,06,
44000,0000060D,false,Rx,0,8,0D,10,83,B6,09,20,70,00,
85000,00000625,false,Rx,0,8,25,00,59,86,01,54,5C,06,
145000,0000060D,false,Rx,0,8,0D,10,83,B6,09,20,70,00,
0,00000054,false,Rx,0,8,01,05,EF,00,DA,02,00,00,
0,00000055,false,Rx,0,8,10,27,00,00,00,00,00,00,
0,00000056,false,Rx,0,8,10,27,00,00,00,00,00,00,
156000,00000057,false,Rx,0,8,00,00,FE,FF,FE,FF,00,00,
176000,000002C4,false,Rx,0,8,09,20,00,00,DA,02,00,00,
176000,000002C5,false,Rx,0,8,00,00,00,00,00,00,00,00,
177000,000002C6,false,Rx,0,8,32,00,7C,01,00,00,00,00,
186000,00000625,false,Rx,0,8,25,00,59,86,01,54,5C,06,
245000,0000060D,false,Rx,0,8,0D,10,83,B6,09,20,70,00,
285000,00000625,false,Rx,0,8,25,00,59,86,01,54,5C,06,
344000,0000060D,false,Rx,0,8,0D,10,83,B6,09,20,70,00,
355000,00000054,false,Rx,0,8,01,05,EF,00,DA,02,00,00,
355000,00000055,false,Rx,0,8,10,27,00,00,00,00,00,00,
355000,00000056,false,Rx,0,8,10,27,00,00,00,00,00,00,
355000,00000057,false,Rx,0,8,00,00,FE,FF,FE,FF,00,00,
385000,00000625,false,Rx,0,8,25,00,59,86,01,54,5C,06,
396000,000002C4,false,Rx,0,8,09,20,00,00,DA,02,00,00,
397000,000002C5,false,Rx,0,8,00,00,00,00,00,00,00,00,
397000,000002C6,false,Rx,0,8,32,00,7C,01,00,00,00,00,
445000,0000060D,false,Rx,0,8,0D,10,83,B6,09,20,70,00,
485000,00000625,false,Rx,0,8,25,00,59,86,01,54,5C,06,
545000,0000060D,false,Rx,0,8,0D,10,83,B6,09,20,70,00,
555000,00000054,false,Rx,0,8,01,05,EF,00,DA,02,00,00,
0,00000055,false,Rx,0,8,10,27,00,00,00,00,00,00,
0,00000056,false,Rx,0,8,10,27,00,00,00,00,00,00,
555000,00000057,false,Rx,0,8,00,00,FE,FF,FE,FF,00,00,
585000,00000625,false,Rx,0,8,25,00,59,86,01,54,5C,06,
616000,000002C4,false,Rx,0,8,09,20,00,00,DA,02,00,00,
617000,000002C5,false,Rx,0,8,00,00,00,00,00,00,00,00,
617000,000002C6,false,Rx,0,8,32,00,7C,01,00,00,00,00,
645000,0000060D,false,Rx,0,8,0D,10,83,B6,09,20,70,00,
685000,00000625,false,Rx,0,8,25,00,59,86,01,54,5C,06,
745000,0000060D,false,Rx,0,8,0D,10,83,B6,09,20,70,00,
0,00000054,false,Rx,0,8,01,05,EF,00,DA,02,00,00,
0,00000055,false,Rx,0,8,10,27,00,00,00,00,00,00,
755000,00000056,false,Rx,0,8,10,27,00,00,00,00,00,00,
755000,00000057,false,Rx,0,8,00,00,FE,FF,FE,FF,00,00,
785000,00000625,false,Rx,0,8,25,00,59,86,01,54,5C,06,
836000,000002C4,false,Rx,0,8,09,20,00,00,DA,02,00,00,
836000,000002C5,false,Rx,0,8,00,00,00,00,00,00,00,00,
837000,000002C6,false,Rx,0,8,32,00,7C,01,00,00,00,00,
845000,0000060D,false,Rx,0,8,0D,10,83,B6,09,20,70,00,
885000,00000625,false,Rx,0,8,25,00,59,86,01,54,5C,06,
945000,0000060D,false,Rx,0,8,0D,10,83,B6,09,20,70,00,
955000,00000054,false,Rx,0,8,01,05,EF,00,DA,02,00,00,
955000,00000055,false,Rx,0,8,10,27,00,00,00,00,00,00,
955000,00000056,false,Rx,0,8,10,27,00,00,00,00,00,00,
955000,00000057,false,Rx,0,8,00,00,FE,FF,FE,FF,00,00,
985000,00000625,false,Rx,0,8,25,00,59,86,01,54,5C,06,
45000,0000060D,false,Rx,0,8,0D,10,83,B6,09,20,70,00,
56000,000002C4,false,Rx,0,8,09,20,00,00,DA,02,00,00,
57000,000002C5,false,Rx,0,8,00,00,00,00,00,00,00,00,
57000,000002C6,false,Rx,0,8,32,00,7C,01,00,00,00,00,
85000,00000625,false,Rx,0,8,25,00,59,86,01,54,5C,06,
145000,0000060D,false,Rx,0,8,0D,10,83,B6,09,20,70,00,
155000,00000054,false,Rx,0,8,01,05,EF,00,DA,02,00,00,
155000,00000055,false,Rx,0,8,10,27,00,00,00,00,00,00,
155000,00000056,false,Rx,0,8,10,27,00,00,00,00,00,00,
155000,00000057,false,Rx,0,8,00,00,FE,FF,FE,FF,00,00,
185000,00000625,false,Rx,0,8,25,00,59,86,01,54,5C,06,
245000,0000060D,false,Rx,0,8,0D,10,83,B6,09,20,70,00,
276000,000002C4,false,Rx,0,8,09,20,00,00,DA,02,00,00,
277000,000002C5,false,Rx,0,8,00,00,00,00,00,00,00,00,
277000,000002C6,false,Rx,0,8,32,00,7C,01,00,00,00,00,
285000,00000625,false,Rx,0,8,25,00,59,86,01,54,5C,06,
345000,0000060D,false,Rx,0,8,0D,10,83,B6,09,20,70,00,
354000,00000054,false,Rx,0,8,01,05,EF,00,DA,02,00,00,
354000,00000055,false,Rx,0,8,10,27,00,00,00,00,00,00,
355000,00000056,false,Rx,0,8,10,27,00,00,00,00,00,00,
355000,00000057,false,Rx,0,8,00,00,FE,FF,FE,FF,00,00,
385000,00000625,false,Rx,0,8,25,00,59,86,01,54,5C,06,
445000,0000060D,false,Rx,0,8,0D,10,83,B6,09,20,70,00,
485000,00000625,false,Rx,0,8,25,00,59,86,01,54,5C,06,
496000,000002C4,false,Rx,0,8,09,20,00,00,DA,02,00,00,
496000,000002C5,false,Rx,0,8,00,00,00,00,00,00,00,00,
497000,000002C6,false,Rx,0,8,32,00,7C,01,00,00,00,00,
545000,0000060D,false,Rx,0,8,0D,10,83,B6,09,20,70,00,
0,00000054,false,Rx,0,8,01,05,EF,00,DA,02,00,00,
0,00000055,false,Rx,0,8,10,27,00,00,00,00,00,00,
0,00000056,false,Rx,0,8,10,27,00,00,00,00,00,00,
0,00000057,false,Rx,0,8,00,00,FE,FF,FE,FF,00,00,
585000,00000625,false,Rx,0,8,25,00,59,86,01,54,5C,06,
645000,0000060D,false,Rx,0,8,0D,10,83,B6,09,20,70,00,
685000,00000625,false,Rx,0,8,25,00,59,86,01,54,5C,06,
716000,000002C4,false,Rx,0,8,09,20,00,00,DA,02,00,00,
716000,000002C5,false,Rx,0,8,00,00,00,00,00,00,00,00,
716000,000002C6,false,Rx,0,8,32,00,7C,01,00,00,00,00,
745000,0000060D,false,Rx,0,8,0D,10,83,B6,09,20,70,00,
0,00000054,false,Rx,0,8,01,05,EF,00,DA,02,00,00,
0,00000055,false,Rx,0,8,10,27,00,00,00,00,00,00,
0,00000056,false,Rx,0,8,10,27,00,00,00,00,00,00,
0,00000057,false,Rx,0,8,00,00,FE,FF,FE,FF,00,00,
785000,00000625,false,Rx,0,8,25,00,59,86,01,54,5C,06,
844000,0000060D,false,Rx,0,8,0D,10,83,B6,09,20,70,00,
885000,00000625,false,Rx,0,8,25,00,59,86,01,54,5C,06,
936000,000002C4,false,Rx,0,8,09,20,00,00,DA,02,00,00,
937000,000002C5,false,Rx,0,8,00,00,00,00,00,00,00,00,
937000,000002C6,false,Rx,0,8,32,00,7C,01,00,00,00,00,
945000,0000060D,false,Rx,0,8,0D,10,83,B6,09,20,70,00,
0,00000054,false,Rx,0,8,01,05,EF,00,DA,02,00,00,
0,00000055,false,Rx,0,8,10,27,00,00,00,00,00,00,
955000,00000056,false,Rx,0,8,10,27,00,00,00,00,00,00,
955000,00000057,false,Rx,0,8,00,00,FE,FF,FE,FF,00,00,
985000,00000625,false,Rx,0,8,25,00,59,86,01,54,5C,06,
44000,0000060D,false,Rx,0,8,0D,10,83,B6,09,20,70,00,
85000,00000625,false,Rx,0,8,25,00,59,86,01,54,5C,06,
145000,0000060D,false,Rx,0,8,0D,10,83,B6,09,20,70,00,
154000,00000054,false,Rx,0,8,01,05,EF,00,DA,02,00,00,
0,00000055,false,Rx,0,8,10,27,00,00,00,00,00,00,
0,00000056,false,Rx,0,8,10,27,00,00,00,00,00,00,
0,00000057,false,Rx,0,8,00,00,FE,FF,FE,FF,00,00,
0,000002C4,false,Rx,0,8,09,20,00,00,DA,02,00,00,
0,000002C5,false,Rx,0,8,00,00,00,00,00,00,00,00,
0,000002C6,false,Rx,0,8,32,00,7C,01,00,00,00,00,
185000,00000625,false,Rx,0,8,25,00,59,86,01,54,5C,06,
245000,0000060D,false,Rx,0,8,0D,10,83,B6,09,20,70,00,
285000,00000625,false,Rx,0,8,25,00,59,86,01,54,5C,06,
345000,0000060D,false,Rx,0,8,0D,10,83,B6,09,20,70,00,
355000,00000054,false,Rx,0,8,01,05,EF,00,DA,02,00,00,
355000,00000055,false,Rx,0,8,10,27,00,00,00,00,00,00,
355000,00000056,false,Rx,0,8,10,27,00,00,00,00,00,00,
355000,00000057,false,Rx,0,8,00,00,FE,FF,FE,FF,00,00,
376000,000002C4,false,Rx,0,8,09,20,00,00,DA,02,00,00,
377000,000002C5,false,Rx,0,8,00,00,00,00,00,00,00,00,
377000,000002C6,false,Rx,0,8,32,00,7C,01,00,00,00,00,
385000,00000625,false,Rx,0,8,25,00,59,86,01,54,5C,06,
445000,0000060D,false,Rx,0,8,0D,10,83,B6,09,20,70,00,
485000,00000625,false,Rx,0,8,25,00,59,86,01,54,5C,06,
545000,0000060D,false,Rx,0,8,0D,10,83,B6,09,20,70,00,
555000,00000054,false,Rx,0,8,01,05,EF,00,DA,02,00,00,
555000,00000055,false,Rx,0,8,10,27,00,00,00,00,00,00,
555000,00000056,false,Rx,0,8,10,27,00,00,00,00,00,00,
555000,00000057,false,Rx,0,8,00,00,FE,FF,FE,FF,00,00,
585000,00000625,false,Rx,0,8,25,00,59,86,01,54,5C,06,
596000,000002C4,false,Rx,0,8,09,20,00,00,DA,02,00,00,
597000,000002C5,false,Rx,0,8,00,00,00,00,00,00,00,00,
597000,000002C6,false,Rx,0,8,32,00,7C,01,00,00,00,00,
644000,0000060D,false,Rx,0,8,0D,10,83,B6,09,20,70,00,
685000,00000625,false,Rx,0,8,25,00,59,86,01,54,5C,06,
745000,0000060D,false,Rx,0,8,0D,10,83,B6,09,20,70,00,
755000,00000054,false,Rx,0,8,01,05,EF,00,DA,02,00,00,
755000,00000055,false,Rx,0,8,10,27,00,00,00,00,00,00,
755000,00000056,false,Rx,0,8,10,27,00,00,00,00,00,00,
755000,00000057,false,Rx,0,8,00,00,FE,FF,FE,FF,00,00,
785000,00000625,false,Rx,0,8,25,00,59,86,01,54,5C,06,
816000,000002C4,false,Rx,0,8,09,20,00,00,DA,02,00,00,
816000,000002C5,false,Rx,0,8,00,00,00,00,00,00,00,00,
817000,000002C6,false,Rx,0,8,32,00,7C,01,00,00,00,00,
845000,0000060D,false,Rx,0,8,0D,10,83,B6,09,20,70,00,
885000,00000625,false,Rx,0,8,25,00,59,86,01,54,5C,06,
945000,0000060D,false,Rx,0,8,0D,10,83,B6,09,20,70,00,
955000,00000054,false,Rx,0,8,01,05,EF,00,DA,02,00,00,
955000,00000055,false,Rx,0,8,10,27,00,00,00,00,00,00,
955000,00000056,false,Rx,0,8,10,27,00,00,00,00,00,00,
956000,00000057,false,Rx,0,8,00,00,FE,FF,FE,FF,00,00,
986000,00000625,false,Rx,0,8,25,00,59,86,01,54,5C,06,
36000,000002C4,false,Rx,0,8,09,20,00,00,DA,02,00,00,
37000,000002C5,false,Rx,0,8,00,00,00,00,00,00,00,00,
37000,000002C6,false,Rx,0,8,32,00,7C,01,00,00,00,00,
45000,0000060D,false,Rx,0,8,0D,10,83,B6,09,20,70,00,
85000,00000625,false,Rx,0,8,25,00,59,86,01,54,5C,06,
145000,0000060D,false,Rx,0,8,0D,10,83,B6,09,20,70,00,
155000,00000054,false,Rx,0,8,01,05,EF,00,DA,02,00,00,
0,00000055,false,Rx,0,8,10,27,00,00,00,00,00,00,
0,00000056,false,Rx,0,8,10,27,00,00,00,00,00,00,
0,00000057,false,Rx,0,8,00,00,FE,FF,FE,FF,00,00,
184000,00000625,false,Rx,0,8,25,00,59,86,01,54,5C,06,
245000,0000060D,false,Rx,0,8,0D,10,83,B6,09,20,70,00,
256000,000002C4,false,Rx,0,8,09,20,00,00,DA,02,00,00,
257000,000002C5,false,Rx,0,8,00,00,00,00,00,00,00,00,
257000,000002C6,false,Rx,0,8,32,00,7C,01,00,00,00,00,
285000,00000625,false,Rx,0,8,25,00,59,86,01,54,5C,06,
345000,0000060D,false,Rx,0,8,0D,10,83,B6,09,20,70,00,
355000,00000054,false,Rx,0,8,01,05,EF,00,DA,02,00,00,
355000,00000055,false,Rx,0,8,10,27,00,00,00,00,00,00,
355000,00000056,false,Rx,0,8,10,27,00,00,00,00,00,00,
355000,00000057,false,Rx,0,8,00,00,FE,FF,FE,FF,00,00,
385000,00000625,false,Rx,0,8,25,00,59,86,01,54,5C,06,
445000,0000060D,false,Rx,0,8,0D,10,83,B6,09,20,70,00,
476000,000002C4,false,Rx,0,8,09,20,00,00,DA,02,00,00,
